timestamp,open,high,low,close,volume
1474848000,106.91,107.57,106.53,107.26,2342601.0
1474934400,106.99,109.7621,106.74,109.7,3530954.0
1475020800,109.48,109.685,108.82,109.49,2740322.0
1475107200,109.5,109.57,107.55,107.8,2436870.0
1475193600,108.15,108.84,107.44,108.54,3487231.0
1475452800,108.41,108.96,108.16,108.45,1553774.0
1475539200,108.52,108.94,107.85,108.39,1394021.0
1475625600,108.57,109.33,108.32,108.8,1854957.0
1475712000,108.72,109.2719,108.14,108.56,1590770.0
1475798400,109.07,109.07,107.6,108.64,1411480.0
1476057600,109.15,110.1289,109.15,109.24,1581661.0
1476144000,109.0,109.2,107.04,107.37,1970947.0
1476230400,108.42,108.42,106.82,108.05,1463767.0
1476316800,107.13,108.1269,106.53,108.01,1556222.0
1476403200,108.19,109.1,107.82,107.84,1968343.0
1476662400,108.0,108.28,107.39,107.49,1136503.0
1476748800,108.44,108.82,108.01,108.42,1312435.0
1476835200,108.81,108.89,108.15,108.39,1282176.0
1476921600,108.41,109.38,107.55,109.03,1819693.0
1477008000,108.51,109.17,107.63,109.03,1838271.0
1477267200,109.63,111.09,109.35,110.81,2008943.0
1477353600,110.76,110.7716,108.95,109.03,1713140.0
1477440000,108.74,108.82,107.59,107.97,1623670.0
1477526400,108.47,108.66,106.69,107.07,2393110.0
1477612800,107.08,108.32,107.05,107.6,1931116.0
1477872000,108.02,108.29,107.04,107.51,1678350.0
1477958400,107.79,107.97,106.0406,106.87,1951510.0
1478044800,106.85,106.95,105.57,105.89,2126865.0
1478131200,106.54,108.16,106.48,107.17,3666932.0
1478217600,105.85,107.09,105.6,106.2,2587437.0
1478476800,107.66,108.97,107.37,108.66,2729871.0
1478563200,108.68,109.16,107.93,108.39,2453769.0
1478649600,105.55,108.05,104.52,107.86,3650448.0
1478736000,108.08,108.26,101.66,104.08,7300853.0
1478822400,103.62,104.4699,102.62,103.68,3833659.0
1479081600,104.12,104.49,101.77,102.42,3040481.0
1479168000,103.14,104.76,102.55,103.66,2561039.0
1479254400,103.61,104.4,102.96,104.08,2459250.0
1479340800,103.77,105.93,103.4801,105.81,2602088.0
1479427200,106.19,106.8,104.72,105.02,2357748.0
1479686400,105.56,106.141,105.14,105.65,1805856.0
1479772800,105.85,106.3594,105.04,105.21,1693963.0
1479859200,105.41,105.56,103.98,104.21,2144618.0
1480032000,104.17,105.03,103.9,105.02,938191.0
1480291200,104.81,105.15,104.09,104.5,1541150.0
1480377600,104.27,105.98,104.26,104.95,2353051.0
1480464000,104.99,105.46,102.8,102.81,3397206.0
1480550400,102.82,102.92,98.87,99.51,5118991.0
1480636800,99.52,100.145,98.0,99.73,3514357.0
1480896000,100.46,102.52,100.16,101.95,2319324.0
1480982400,101.99,101.99,100.71,101.55,2679863.0
1481068800,100.89,103.51,100.89,103.36,2728892.0
1481155200,103.36,104.07,102.54,103.5,1852118.0
1481241600,104.0,104.5,103.42,104.31,2616827.0
1481500800,104.62,105.24,103.52,105.16,2711562.0
1481587200,105.74,107.6,105.62,106.15,3360550.0
1481673600,106.3,106.79,105.44,105.81,3212877.0
1481760000,106.33,106.48,104.6,105.1,5597362.0
1481846400,107.8,107.8,101.91,103.55,8948871.0
1482105600,103.57,106.08,103.41,105.29,3565550.0
1482192000,105.5,105.88,104.76,105.77,2194354.0
1482278400,105.74,106.06,104.48,105.51,2507677.0
1482364800,105.12,105.1455,103.95,104.72,1717345.0
1482451200,104.61,105.42,104.61,105.02,1047549.0
1482796800,105.0,105.9,104.86,104.98,1047440.0
1482883200,104.83,105.16,103.5,103.77,1723480.0
1482969600,103.63,104.3911,103.41,103.68,1094980.0
1483056000,104.07,104.22,102.47,102.95,2095842.0
1483401600,103.43,104.03,102.81,103.48,2278299.0
1483488000,103.74,104.37,103.495,104.14,1711707.0
1483574400,104.13,106.02,103.77,105.91,2504075.0
1483660800,105.98,108.43,105.25,108.3,2625626.0
1483920000,107.96,108.79,107.56,108.57,2925318.0
1484006400,108.57,108.79,107.61,108.26,3080169.0
1484092800,108.23,109.05,108.0,108.99,1783253.0
1484179200,107.99,108.74,107.16,108.59,1617876.0
1484265600,108.84,108.9,107.98,108.53,1594154.0
1484611200,107.79,108.05,107.06,108.0,1697769.0
1484697600,108.5,109.17,107.53,108.79,2536922.0
1484784000,108.63,109.98,108.04,109.79,3090499.0
1484870400,110.02,110.81,109.57,110.71,3179186.0
1485129600,110.71,111.92,110.3,110.97,2574052.0
1485216000,111.46,114.17,111.34,113.72,3654574.0
1485302400,113.77,114.57,113.29,114.25,3919369.0
1485388800,113.79,114.44,112.73,112.88,2745698.0
1485475200,113.07,114.01,112.75,113.99,1696855.0
1485734400,113.22,113.87,112.26,113.82,2173059.0
1485820800,113.22,113.75,112.695,113.38,1713163.0
1485907200,113.31,113.64,112.6807,113.36,1859067.0
1485993600,112.82,113.58,112.27,113.16,1695724.0
1486080000,113.55,115.45,113.42,115.17,2507784.0
1486339200,114.68,114.825,113.2901,114.46,3067371.0
1486425600,114.83,115.19,114.54,114.96,1643354.0
1486512000,115.0,116.38,114.451,116.13,2591686.0
1486598400,116.26,116.9,116.02,116.44,1688862.0
1486684800,116.51,116.94,115.03,116.85,2524826.0
1486944000,117.03,117.94,116.2,117.65,1910324.0
1487030400,117.65,117.79,116.67,117.58,1556662.0
1487116800,117.33,119.09,117.07,118.73,1695276.0
1487203200,118.84,119.47,118.47,118.93,1649390.0
1487289600,118.79,119.72,118.24,119.67,2140804.0
1487635200,119.73,120.169,119.31,119.63,2032259.0
1487721600,119.67,119.89,118.85,119.47,1982017.0
1487808000,120.1,120.15,118.03,118.83,2381773.0
1487894400,118.3,119.32,117.83,119.31,1942492.0
1488153600,119.02,119.199,118.07,118.78,1550438.0
1488240000,118.83,118.84,118.02,118.34,2008016.0
1488326400,119.24,120.57,118.38,120.35,2356276.0
1488412800,120.09,120.12,119.28,119.9,1817031.0
1488499200,119.83,120.13,119.48,120.04,1361060.0
1488758400,119.73,120.48,119.37,120.15,1979700.0
1488844800,120.06,120.69,119.69,119.98,1872495.0
1488931200,120.21,120.66,119.35,119.6,2963007.0
1489017600,119.82,120.26,119.11,119.91,1984205.0
1489104000,120.57,121.37,120.241,121.09,2210973.0
1489363200,121.11,121.96,120.89,121.8,1787703.0
1489449600,121.65,121.99,120.62,121.44,1507510.0
1489536000,122.0,122.42,120.9,122.11,2394612.0
1489622400,123.25,123.6,121.525,122.35,3998727.0
1489708800,128.45,130.3,126.94,127.01,8745226.0
1489968000,126.99,128.09,125.79,126.31,3301554.0
1490054400,126.64,127.36,124.96,125.07,3105501.0
1490140800,124.6,126.94,124.51,126.21,3476427.0
1490227200,126.2,127.25,126.01,126.87,2197260.0
1490313600,127.86,129.0,127.05,127.7,3044006.0
1490572800,127.48,128.837,126.36,128.25,2424231.0
1490659200,127.81,129.28,127.81,128.69,2213163.0
1490745600,128.4,129.63,128.2,129.58,2272373.0
1490832000,129.55,130.28,129.3,129.61,2205184.0
1490918400,129.57,130.69,129.4,130.13,2086371.0
1491177600,129.585,130.7499,128.88,129.59,2336774.0
1491264000,129.47,130.372,129.02,130.04,2026519.0
1491350400,130.58,131.33,129.375,129.89,2808646.0
1491436800,129.86,130.22,129.16,130.15,1890783.0
1491523200,130.15,130.67,129.52,130.22,2287623.0
1491782400,130.32,130.38,129.47,130.16,2234701.0
1491868800,129.91,130.165,128.21,129.95,2328909.0
1491955200,129.96,129.96,128.72,129.38,2106257.0
1492041600,129.63,130.42,129.05,129.05,1814922.0
1492387200,129.69,130.36,129.11,129.99,1395412.0
1492473600,129.74,130.23,129.48,129.81,1499914.0
1492560000,129.9,130.98,129.82,130.22,2007422.0
1492646400,130.7,131.99,130.28,131.42,2004107.0
1492732800,131.84,131.97,131.03,131.52,1905834.0
1492992000,132.94,133.1799,132.17,132.89,1845335.0
1493078400,133.44,133.72,132.88,133.49,2501722.0
1493164800,133.5,133.8,132.42,132.79,1635574.0
1493251200,133.13,134.25,132.76,133.38,1657997.0
1493337600,133.4,133.92,132.67,133.74,1749243.0
1493596800,134.3,135.34,133.71,135.11,1809679.0
1493683200,135.54,135.7,134.75,135.0,2692285.0
1493769600,134.99,135.21,134.38,134.85,1974167.0
1493856000,135.13,135.35,134.405,134.61,1808799.0
1493942400,135.19,135.19,134.19,134.84,1845506.0
1494201600,135.36,135.385,134.22,135.12,1580561.0
1494288000,135.33,135.62,134.9,135.6,1689295.0
1494374400,135.86,136.745,135.51,136.15,1755377.0
1494460800,135.98,136.31,135.395,136.29,1343927.0
1494547200,136.45,137.38,135.885,136.84,1626604.0
1494806400,137.13,137.71,136.83,137.6,3203808.0
1494892800,138.06,138.39,137.6,138.03,2269616.0
1494979200,137.2,137.32,134.2401,134.33,3553572.0
1495065600,132.77,134.85,130.82,134.54,4158538.0
1495152000,135.18,136.61,134.34,136.43,3721655.0
1495411200,137.38,139.19,136.58,138.86,2513289.0
1495497600,139.16,139.95,138.7,139.52,2123587.0
1495584000,140.18,141.25,139.81,141.12,1695122.0
1495670400,142.16,143.48,141.8,142.85,1721678.0
1495756800,142.93,143.1,141.6744,141.89,1602762.0
1496102400,141.8,142.56,141.501,142.41,1541203.0
1496188800,143.04,143.19,141.41,141.86,2931729.0
1496275200,141.64,142.49,140.93,141.38,2396726.0
1496361600,142.12,143.57,141.86,143.48,2883408.0
1496620800,144.14,144.34,143.51,143.59,1847634.0
1496707200,143.35,144.17,142.73,143.03,2162493.0
1496793600,143.33,143.77,142.4501,143.62,1626662.0
1496880000,143.96,143.97,141.74,142.63,2782164.0
1496966400,143.14,143.585,135.76,138.05,4144951.0
1497225600,133.72,138.64,131.2001,137.25,6772295.0
1497312000,138.79,139.86,138.09,139.09,2870540.0
1497398400,139.29,140.848,136.41,138.25,2830555.0
1497484800,136.63,137.9,134.45,137.52,2800652.0
1497571200,137.35,138.35,136.29,137.84,4204194.0
1497830400,138.79,141.47,138.635,140.35,4336106.0
1497916800,141.21,142.3,140.19,140.91,5403996.0
1498003200,145.08,147.45,142.75,144.24,8243227.0
1498089600,145.15,145.772,143.66,143.69,3688023.0
1498176000,143.75,145.59,143.06,145.41,3418148.0
1498435200,146.06,146.89,144.36,144.96,2774448.0
1498521600,144.33,144.81,142.537,142.54,3015273.0
1498608000,143.01,144.08,141.15,143.81,2503328.0
1498694400,143.06,143.2,139.65,141.24,2652965.0
1498780800,141.87,142.81,140.74,141.44,2330954.0
1499040000,141.73,142.15,138.31,138.41,1785994.0
1499212800,138.65,141.97,138.55,141.21,2229424.0
1499299200,139.73,141.18,138.88,140.75,1802183.0
1499385600,141.07,143.36,140.97,142.22,1471962.0
1499644800,142.21,143.88,141.57,143.34,1569060.0
1499731200,142.99,143.98,142.1201,142.93,1623692.0
1499817600,144.0,146.19,143.795,145.91,1811856.0
1499904000,145.91,146.48,144.935,145.05,1308275.0
1499990400,145.59,146.48,145.22,146.16,2283740.0
1500249600,146.16,146.73,145.39,146.4,1310388.0
1500336000,146.47,147.96,145.37,147.89,1820795.0
1500422400,147.89,149.32,147.4998,148.92,1798166.0
1500508800,149.07,150.1,148.35,149.94,1562656.0
1500595200,149.16,150.4,148.9102,149.52,1819520.0
1500854400,149.16,149.95,149.035,149.53,1503264.0
1500940800,149.82,149.9041,148.14,148.21,1591503.0
1501027200,148.62,149.83,148.42,149.78,1309672.0
1501113600,149.87,150.37,144.28,146.2,3058057.0
1501200000,145.77,147.24,144.5,146.73,1399323.0
1501459200,146.36,146.91,145.06,146.49,2187991.0
1501545600,147.48,147.65,146.52,147.36,1568434.0
1501632000,147.56,147.6,144.52,147.13,2110729.0
1501718400,147.47,147.98,145.68,147.79,1461659.0
1501804800,148.25,148.62,147.27,147.71,1503479.0
1502064000,147.74,148.9,147.54,148.44,1455624.0
1502150400,148.14,148.86,146.36,147.81,1507057.0
1502236800,146.68,148.4986,146.5,148.35,1174669.0
1502323200,147.23,147.74,144.72,144.92,1899120.0
1502409600,145.25,147.1,144.18,146.47,1382877.0
1502668800,147.81,149.5,147.56,149.16,1171641.0
1502755200,149.56,150.65,148.41,150.36,1144008.0
1502841600,150.7,151.99,149.76,151.8,1454988.0
1502928000,151.66,151.72,148.19,148.23,2085227.0
1503014400,147.74,148.6862,147.12,147.97,1699238.0
1503273600,148.05,149.33,147.57,149.26,1243422.0
1503360000,150.14,152.59,150.14,152.25,1981080.0
1503446400,152.18,152.18,150.75,151.1,1352927.0
1503532800,151.22,151.83,149.17,150.81,1449167.0
1503619200,152.0,153.0,150.91,151.45,1182282.0
1503878400,151.87,152.5,151.19,151.79,952268.0
1503964800,150.55,152.76,150.01,152.14,1189020.0
1504051200,152.05,154.26,151.89,153.67,1465862.0
1504137600,154.36,155.36,154.35,155.16,1888726.0
1504224000,155.76,156.06,154.38,155.06,1321340.0
1504569600,154.83,155.41,153.31,154.28,1355532.0
1504656000,155.11,155.555,153.61,153.76,1218488.0
1504742400,154.49,155.885,153.64,155.47,1445241.0
1504828800,155.24,155.88,154.29,155.34,1444623.0
1505088000,156.59,157.89,156.38,156.87,1711359.0
1505174400,156.76,157.2152,154.92,156.31,1763410.0
1505260800,155.88,156.7,155.39,156.24,1361485.0
1505347200,155.37,156.2,154.68,154.95,1675449.0
1505433600,154.9,155.19,153.56,154.49,2976063.0
1505692800,155.01,156.3,154.37,155.77,2481302.0
1505779200,156.3,157.05,155.81,156.6,3939462.0
1505865600,151.99,152.4,149.0,149.96,9181598.0
1505952000,150.38,151.25,148.3,149.3,4874864.0
1506038400,148.69,149.5,147.85,148.5,2927818.0
1506297600,148.39,148.71,143.95,144.57,4868860.0
1506384000,145.5,146.35,143.96,145.4,3253100.0
1506470400,146.31,147.09,145.7535,146.43,2947299.0
1506556800,146.14,147.32,145.3914,146.83,1657138.0
1506643200,146.69,149.28,146.6,149.18,2155695.0
1506902400,149.79,150.48,147.52,147.94,2332318.0
1506988800,148.48,148.8,147.985,148.6,1808050.0
1507075200,148.21,148.46,146.6,147.95,2862574.0
1507161600,148.49,150.45,147.71,150.25,2413602.0
1507248000,149.96,151.36,149.5301,151.12,2282780.0
1507507200,150.76,151.57,150.25,151.5,1461004.0
1507593600,152.0,152.86,151.32,152.15,2817578.0
1507680000,152.09,154.0,151.35,153.65,2784147.0
1507766400,153.72,154.85,153.39,153.61,2455990.0
1507852800,153.96,154.59,153.06,153.93,2514995.0
1508112000,151.15,153.07,149.2811,150.46,3831317.0
1508198400,150.52,150.93,148.15,150.38,3547316.0
1508284800,150.33,153.43,149.03,153.0,4158413.0
1508371200,165.5,172.15,164.42,171.73,13390000.0
1508457600,171.5,175.87,171.355,175.64,6018657.0
1508716800,175.68,175.85,171.83,172.16,3220493.0
1508803200,171.47,172.49,170.491,171.58,2649026.0
1508889600,170.37,173.41,170.035,171.83,2785455.0
1508976000,172.06,175.02,172.02,173.75,2579525.0
1509062400,174.02,177.58,174.02,177.33,2807062.0
1509321600,177.0,177.48,174.45,176.03,2124215.0
1509408000,176.16,176.73,174.52,175.16,2593961.0
1509494400,176.59,176.94,174.7,176.25,1999853.0
1509580800,178.02,181.48,175.8,180.94,3257184.0
1509667200,181.76,182.74,179.64,182.3,2244692.0
1509926400,182.01,182.29,180.54,180.8,2022364.0
1510012800,181.23,181.78,180.11,180.88,2538924.0
1510099200,181.19,184.44,181.06,184.06,1791285.0
1510185600,182.88,183.079,179.03,181.92,2703644.0
1510272000,181.0,182.06,179.83,181.72,2082624.0
1510531200,180.5,182.32,179.75,181.85,1496079.0
1510617600,181.98,182.17,180.31,181.32,1545949.0
1510704000,180.92,181.7275,179.6043,180.08,1979992.0
1510790400,181.18,182.44,180.58,182.3,1908136.0
1510876800,182.08,182.9105,181.135,182.24,1481853.0
1511136000,182.8,183.43,181.34,182.34,1116970.0
1511222400,183.75,185.55,182.835,184.15,2015654.0
1511308800,184.32,184.5,182.62,182.9,1546477.0
1511481600,182.96,184.71,182.96,184.46,662988.0
1511740800,184.83,185.84,184.09,185.0,1280934.0
1511827200,185.62,186.27,184.37,185.4,1645147.0
1511913600,183.87,184.73,175.31,176.85,4307985.0
1512000000,178.14,181.67,176.5501,181.47,3973079.0
1512086400,179.51,182.0,177.13,179.52,3016519.0
1512345600,180.34,180.62,168.43,168.44,5929968.0
1512432000,167.69,171.78,165.68,167.54,4697171.0
1512518400,166.79,173.96,165.75,173.52,3755992.0
1512604800,173.46,175.9,172.13,174.61,2440632.0
1512691200,177.08,177.2,173.17,173.57,2061722.0
1512950400,173.77,174.98,173.2,174.31,2774769.0
1513036800,172.69,174.13,170.43,172.54,3864653.0
1513123200,173.5,177.42,173.29,176.83,4529120.0
1513209600,178.26,178.72,174.98,175.0,4679185.0
1513296000,179.36,179.98,174.3004,177.51,9150989.0
1513555200,178.42,179.15,175.31,176.74,3410048.0
1513641600,176.01,176.76,174.23,174.97,2458638.0
1513728000,176.0,176.0,172.92,174.25,2677169.0
1513814400,174.05,175.32,174.0,174.56,2164300.0
1513900800,173.99,175.1,173.75,175.0,1702626.0
1514246400,174.36,175.0,173.03,174.44,917255.0
1514332800,174.65,175.44,173.97,175.36,1527416.0
1514419200,175.92,176.0,174.85,175.55,1005477.0
1514505600,175.19,176.97,175.1,175.24,1810148.0
1514851200,175.85,177.8,175.26,177.7,2389633.0
1514937600,178.0,181.89,177.7,181.04,2560840.0
1515024000,181.93,184.0599,181.64,183.22,2211111.0
1515110400,185.0,185.9,183.54,185.34,2372772.0
1515369600,184.95,185.599,183.83,185.04,2087795.0
1515456000,185.57,186.97,183.9314,186.7,1804413.0
1515542400,185.21,187.27,185.073,187.11,1664285.0
1515628800,187.29,188.94,186.185,188.92,1585296.0
1515715200,189.09,195.5,188.99,195.05,4245427.0
1516060800,195.92,198.21,191.71,192.46,4593152.0
1516147200,194.015,197.12,192.77,196.49,2969251.0
1516233600,196.21,196.586,194.06,196.2,2536370.0
1516320000,196.24,196.63,194.65,195.73,2339163.0
1516579200,195.7,198.0,194.424,197.84,1695170.0
1516665600,202.29,204.45,199.44,200.09,3943667.0
1516752000,201.82,202.3,196.52,197.78,3242755.0
1516838400,198.08,199.244,196.07,197.51,2566196.0
1516924800,198.5,201.55,198.25,201.3,2326550.0
1517184000,200.11,200.86,197.87,198.23,1926615.0
1517270400,197.25,197.73,194.89,196.9,3330072.0
1517356800,197.13,200.96,196.75,199.76,2638250.0
1517443200,199.12,201.75,198.0845,199.38,2363747.0
1517529600,197.33,199.4,195.44,195.64,2560556.0
1517788800,194.06,198.46,188.0,190.27,3757759.0
1517875200,186.59,194.82,182.1,194.47,4471168.0
1517961600,193.87,196.24,192.02,192.34,2941604.0
1518048000,192.84,192.97,185.02,185.16,3851697.0
1518134400,187.33,189.71,179.34,187.99,3816253.0
1518393600,189.0,192.99,188.56,192.15,2824292.0
1518480000,190.85,194.31,190.39,193.48,1956810.0
1518566400,192.48,197.5,191.95,197.13,2531146.0
1518652800,198.97,203.28,197.13,202.97,2218265.0
1518739200,202.52,203.9,200.74,201.56,2172415.0
1519084800,200.46,205.115,199.18,202.98,2669910.0
1519171200,204.45,206.83,202.02,202.09,2037977.0
1519257600,203.07,204.22,201.68,202.61,1541219.0
1519344000,204.22,209.78,203.31,209.74,2340341.0
1519603200,211.29,212.35,209.261,212.15,2418628.0
1519689600,211.99,212.76,208.25,208.82,2329499.0
1519776000,210.69,213.44,209.1,209.13,2324764.0
1519862400,210.32,210.6834,204.45,206.03,2624135.0
1519948800,203.96,210.21,201.76,209.79,2607880.0
1520208000,208.75,212.0,206.92,211.16,2058898.0
1520294400,212.44,212.74,209.88,212.01,2122396.0
1520380800,211.33,217.44,211.0033,216.86,2769064.0
1520467200,218.03,219.71,214.86,216.4,2357005.0
1520553600,218.0,221.27,217.19,221.11,2639215.0
1520812800,222.97,223.11,220.34,220.94,3172266.0
1520899200,223.0,224.9,218.43,219.76,4726086.0
1520985600,220.75,221.46,217.6,218.44,3352369.0
1521072000,220.0,221.47,218.061,218.87,4420188.0
1521158400,227.18,228.88,224.0,225.55,8706957.0
1521417600,224.48,226.59,218.68,222.18,4013464.0
1521504000,223.19,231.34,223.0,229.75,5015159.0
1521590400,228.76,229.25,225.61,226.85,3962597.0
1521676800,223.86,225.87,220.255,220.52,2967916.0
1521763200,219.52,222.455,214.78,215.02,4272821.0
1522022400,218.83,229.15,218.5,228.91,4465200.0
1522108800,229.9,230.98,212.25,213.8,5316595.0
1522195200,213.72,217.15,209.04,212.54,4501108.0
1522281600,213.35,219.59,210.2737,216.08,3755655.0
1522627200,214.81,216.5,207.22,212.28,3473220.0
1522713600,214.78,217.8549,212.28,215.93,3016875.0
1522800000,210.71,226.28,210.5,225.05,4469790.0
1522886400,227.94,228.8,221.605,223.54,3988603.0
1522972800,221.89,224.46,216.7471,218.61,2962319.0
1523232000,220.08,224.437,218.82,219.17,2527259.0
1523318400,222.61,225.16,221.181,224.53,2823259.0
1523404800,222.93,226.62,222.54,223.63,1850727.0
1523491200,225.72,228.39,225.115,226.96,2080216.0
1523577600,228.85,228.95,222.55,224.06,1987053.0
1523836800,226.08,227.23,222.9535,226.52,2130328.0
1523923200,228.56,232.21,228.07,231.16,2873075.0
1524009600,231.7,233.1713,228.62,231.1,2246814.0
1524096000,230.11,230.43,226.28,227.62,2601308.0
1524182400,227.0,227.6,223.05,225.24,2388260.0
1524441600,226.39,229.15,224.75,225.3,2137329.0
1524528000,227.0,228.3,215.778,217.89,3446325.0
1524614400,218.16,219.4,213.25,217.32,2793805.0
1524700800,219.77,223.19,218.851,221.91,2228510.0
1524787200,223.08,224.18,219.68,221.9,1502529.0
1525046400,223.27,224.14,219.538,221.6,1763320.0
1525132800,220.77,224.49,219.38,224.08,1792486.0
1525219200,224.3,224.5,220.55,221.1,2088409.0
1525305600,220.01,227.37,218.7396,226.05,2494576.0
1525392000,223.89,229.39,223.39,228.51,1663242.0
1525651200,229.54,232.36,229.02,230.99,1808153.0
1525737600,229.74,234.9971,228.75,234.56,2189857.0
1525824000,235.0,240.15,233.525,239.74,3088153.0
1525910400,240.46,241.76,238.24,241.15,1936007.0
1525996800,241.03,241.93,238.7901,241.88,2261516.0
1526256000,242.0,243.34,237.24,238.37,2670539.0
1526342400,235.64,237.345,233.0,236.6,2130329.0
1526428800,236.59,238.12,235.8396,237.39,1842721.0
1526515200,237.32,239.665,234.8288,236.85,1675143.0
1526601600,236.24,239.28,235.2581,238.09,1886247.0
1526860800,239.85,240.78,237.11,238.1,1755747.0
1526947200,241.15,243.49,237.76,238.79,2950062.0
1527033600,236.32,244.09,236.0,243.91,2749122.0
1527120000,243.79,245.9,240.7218,245.15,2770252.0
1527206400,245.0,245.79,242.87,243.56,2099571.0
1527552000,242.99,243.385,240.38,242.19,2073011.0
1527638400,244.4,248.56,244.39,247.4,2302203.0
1527724800,247.11,251.52,246.58,249.28,3828753.0
1527811200,250.55,251.83,248.8486,251.31,2771032.0
1528070400,252.85,254.72,251.1,253.34,3055555.0
1528156800,254.0,254.06,251.11,252.7,2676407.0
1528243200,253.75,254.07,251.5,253.95,3963113.0
1528329600,253.24,254.05,244.03,247.51,4166561.0
1528416000,246.86,251.66,245.83,251.21,2842153.0
1528675200,251.76,253.48,250.125,251.0,2868125.0
1528761600,252.65,254.8,251.13,252.59,3479122.0
1528848000,253.7,257.9,253.65,256.13,3504798.0
1528934400,257.15,258.9102,256.58,258.1,5386334.0
1529020800,251.28,253.87,247.52,251.82,8976315.0
1529280000,250.52,256.77,249.8,255.69,3761738.0
1529366400,251.83,253.65,247.9,251.74,3528097.0
1529452800,253.5,254.8,250.98,251.24,2576136.0
1529539200,252.0,252.719,247.57,248.83,2558651.0
1529625600,248.11,248.7999,243.26,243.63,4121953.0
1529884800,240.15,241.96,235.87,239.68,4566376.0
1529971200,240.67,244.23,239.66,242.25,2940024.0
1530057600,243.46,244.9797,237.51,237.68,3338013.0
1530144000,236.59,241.8186,236.4385,239.81,2217207.0
1530230400,241.88,245.49,241.5,243.81,3699761.0
1530489600,241.05,243.33,239.6,243.26,4084997.0
1530576000,244.72,245.94,241.67,242.01,1307705.0
1530748800,243.04,244.62,242.14,244.18,1826290.0
1530835200,244.48,248.72,243.22,248.19,1860835.0
1531094400,249.9,250.66,246.37,249.77,2157605.0
1531180800,250.47,250.8464,248.21,248.63,2005443.0
1531267200,246.65,249.74,245.85,248.12,1722097.0
1531353600,249.94,255.05,249.38,254.87,2759465.0
1531440000,254.64,259.51,253.4901,258.59,3934056.0
1531699200,258.63,259.04,253.83,254.68,2160110.0
1531785600,252.68,258.68,250.71,258.31,2550732.0
1531872000,257.86,260.94,256.54,259.78,2600360.0
1531958400,258.0,259.6,256.36,257.68,1916004.0
1532044800,258.17,259.45,256.74,257.54,2221305.0
1532304000,257.66,260.14,256.38,259.47,1807571.0
1532390400,261.04,262.7275,255.932,257.49,2410072.0
1532476800,258.35,263.5,257.83,263.17,2263658.0
1532563200,261.92,263.83,258.4916,261.93,2265294.0
1532649600,262.05,262.8646,253.05,254.81,3012945.0
1532908800,254.42,254.76,240.1,242.32,5483705.0
1532995200,244.93,246.7999,241.16,244.68,2935185.0
1533081600,245.0,248.76,244.24,248.01,3184951.0
1533168000,245.697,252.57,245.0,252.22,2381393.0
1533254400,252.575,254.39,249.48,253.28,2094007.0
1533513600,252.74,254.8799,251.54,254.11,1534762.0
1533600000,254.5,255.16,252.45,253.39,1858227.0
1533686400,252.95,254.57,251.63,253.83,1585135.0
1533772800,254.55,255.75,253.39,253.8,2089747.0
1533859200,252.0,254.97,251.5,253.7,1777373.0
1534118400,254.16,256.6,253.3,253.54,1532696.0
1534204800,254.38,256.25,252.09,256.05,2096200.0
1534291200,253.8,255.83,248.02,250.52,2728123.0
1534377600,252.79,253.3,248.1,248.89,2385256.0
1534464000,248.39,249.22,243.71,245.7,2721937.0
1534723200,246.08,250.37,246.0,249.76,2898181.0
1534809600,250.45,253.33,250.36,251.5,2147874.0
1534896000,250.59,256.16,250.36,255.54,1889436.0
1534982400,254.62,258.329,254.47,257.0,2956002.0
1535068800,258.33,263.39,258.33,261.51,3847880.0
1535328000,263.0,263.7,259.39,262.4,2428816.0
1535414400,263.7,263.7,261.03,263.04,1843121.0
1535500800,263.0,269.96,262.56,268.36,3139887.0
1535587200,266.72,269.05,265.5,266.43,2403516.0
1535673600,265.55,266.8331,263.2,263.51,2932835.0
1536019200,263.67,266.93,262.3,266.68,2115329.0
1536105600,265.61,266.1597,254.54,256.14,4201266.0
1536192000,256.95,260.27,255.14,259.75,2808856.0
1536278400,258.0,263.67,257.12,260.87,2729499.0
1536537600,264.27,265.93,260.79,265.37,2536100.0
1536624000,265.3,268.6,263.31,267.0,2865916.0
1536710400,267.83,270.94,266.448,267.79,3360269.0
1536796800,267.13,270.0,265.01,268.52,4654434.0
1536883200,269.0,277.61,268.0,274.69,6161126.0
1537142400,275.0,275.78,267.68,268.25,3058137.0
1537228800,267.61,273.78,266.6033,270.79,2683481.0
1537315200,271.14,271.95,263.6139,264.88,2800658.0
1537401600,266.47,269.54,264.1892,266.34,2550923.0
1537488000,266.15,267.5,260.24,260.88,6140275.0
1537747200,260.0,264.46,257.07,264.09,2600296.0
1537833600,264.6,268.43,264.2009,267.84,2257659.0
1537920000,268.56,270.68,266.66,268.47,1929158.0
1538006400,270.0,272.42,269.25,269.91,1710551.0
1538092800,269.75,272.26,268.44,269.95,2753333.0
1538352000,271.76,276.63,271.46,275.49,3552962.0
1538438400,274.71,277.03,271.85,272.0,3130071.0
1538524800,273.25,274.17,269.76,270.51,2594769.0
1538611200,269.5,271.07,260.5364,263.71,3779433.0
1538697600,263.96,266.1,258.31,263.22,3097969.0
1538956800,261.84,263.4564,248.6852,254.69,5073357.0
1539043200,254.16,258.72,251.71,254.16,2597111.0
1539129600,252.52,253.38,237.86,237.91,5288967.0
1539216000,236.41,245.72,234.72,238.59,7018210.0
1539302400,247.74,249.91,242.7827,248.87,4772822.0
1539561600,248.34,248.37,238.0,238.01,5054922.0
1539648000,252.5,261.73,251.77,260.67,8490084.0
1539734400,261.21,261.89,255.26,258.91,4242832.0
1539820800,256.19,257.21,246.01,250.35,5315098.0
1539907200,252.73,252.89,243.64,245.03,4064390.0
1540166400,246.0,251.635,242.8029,251.06,3397893.0
1540252800,246.19,254.91,242.56,251.76,4983077.0
1540339200,250.61,254.5991,238.23,238.44,4850012.0
1540425600,242.17,253.59,241.66,252.92,5277080.0
1540512000,243.85,252.18,241.405,245.8,4503521.0
1540771200,250.67,254.53,233.395,239.75,4650555.0
1540857600,238.99,242.5,231.7,238.41,5621923.0
1540944000,245.41,249.6,243.6662,245.76,4422315.0
1541030400,245.69,247.55,241.49,245.28,3178528.0
1541116800,246.57,247.47,237.8,239.64,4294936.0
1541376000,240.0,241.0,233.62,239.89,3194004.0
1541462400,240.48,244.64,237.76,240.56,2413984.0
1541548800,244.8,253.961,243.81,253.43,3789181.0
1541635200,253.31,254.13,247.74,249.96,2377200.0
1541721600,247.56,248.29,241.16,244.84,2763403.0
1541980800,244.14,244.8,235.36,236.67,3474744.0
1542067200,238.38,243.0,235.8501,238.74,3997175.0
1542153600,242.16,242.91,231.9101,235.22,3245850.0
1542240000,233.98,241.43,231.33,239.95,3374695.0
1542326400,239.52,240.14,235.37,238.89,2888654.0
1542585600,237.5,238.65,218.72,219.69,7563739.0
1542672000,209.41,222.84,207.02,219.73,6177056.0
1542758400,225.33,228.99,222.24,225.98,4846354.0
1542931200,222.71,227.74,222.51,225.56,1691015.0
1543190400,229.19,233.3,227.91,231.96,3568366.0
1543276800,230.77,232.78,228.68,232.25,2875774.0
1543363200,237.9,250.41,237.74,249.21,6345165.0
1543449600,246.36,252.25,244.31,249.09,3649540.0
1543536000,250.23,251.57,247.09,250.89,5152441.0
1543795200,260.71,260.72,251.8172,255.26,4279352.0
1543881600,253.22,254.71,244.98,245.82,4024037.0
1544054400,240.0,250.68,237.96,250.63,3922516.0
1544140800,248.39,249.26,237.65,238.0,3906283.0
1544400000,237.46,245.395,237.0101,244.09,3174744.0
1544486400,251.43,251.75,242.7845,245.34,3168230.0
1544572800,249.99,251.56,245.04,245.55,4064416.0
1544659200,248.15,251.6,245.2,248.08,5300276.0
1544745600,240.76,240.92,229.91,230.0,12183820.0
1545004800,226.93,230.63,220.48,221.38,6953743.0
1545091200,222.53,228.13,221.55,226.18,5254382.0
1545177600,225.92,231.02,221.11,224.65,6106460.0
1545264000,223.0,224.85,212.83,218.65,6077922.0
1545350400,219.55,222.26,207.37,208.8,8595366.0
1545609600,206.9,212.58,204.95,205.16,2940454.0
1545782400,206.53,222.96,206.25,222.95,5890305.0
1545868800,219.99,225.17,214.16,225.14,3737396.0
1545955200,227.58,228.11,220.87,223.13,3159377.0
1546214400,225.56,227.33,223.235,226.24,2864787.0
1546387200,219.91,226.17,219.0,224.57,2776710.0
1546473600,220.88,223.63,215.15,215.7,3561264.0
1546560000,219.84,227.65,217.48,226.19,4040882.0
1546819200,229.95,232.6,227.29,229.26,3635797.0
1546905600,232.65,233.77,228.3298,232.68,3666281.0
1546992000,234.01,238.59,232.0,235.43,3593515.0
1547078400,233.77,238.04,231.71,237.77,2704041.0
1547164800,235.71,239.32,235.23,237.55,3178297.0
1547424000,235.33,236.255,231.9587,234.56,2553333.0
1547510400,237.9,243.93,237.2552,242.36,3526260.0
1547596800,243.6,244.0,239.68,241.95,2878101.0
1547683200,240.13,245.04,238.7801,244.4,2827165.0
1547769600,247.45,250.68,244.45,247.51,3705712.0
1548115200,245.13,245.6083,241.19,243.85,4077431.0
1548201600,244.91,248.16,240.5963,245.14,2005299.0
1548288000,245.62,245.98,241.18,242.56,3388177.0
1548374400,244.99,247.1,243.43,244.95,3821205.0
1548633600,241.0,243.22,239.35,241.85,2097035.0
1548720000,241.81,242.8653,237.27,238.27,1934368.0
1548806400,240.16,243.0,238.87,242.67,2462499.0
1548892800,243.0,249.0,243.0,247.82,4920084.0
1548979200,247.82,251.035,246.1,247.38,2911604.0
1549238400,248.56,256.99,248.06,254.74,3699143.0
1549324800,256.74,258.56,254.01,254.82,3022245.0
1549411200,255.06,255.93,250.71,254.35,2462790.0
1549497600,251.33,254.31,250.28,253.74,2098217.0
1549584000,251.39,257.05,250.64,257.0,2688869.0
1549843200,258.89,259.9,256.19,258.39,3504480.0
1549929600,260.15,262.2509,258.67,261.37,2516342.0
1550016000,263.13,263.3645,259.37,260.23,1897161.0
1550102400,259.4,261.71,258.01,260.14,1735869.0
1550188800,260.34,260.97,258.0725,259.45,2998923.0
1550534400,258.98,260.06,256.45,257.81,3459859.0
1550620800,258.13,260.99,255.9164,258.1,2452118.0
1550707200,257.3,259.3491,255.12,257.76,2593685.0
1550793600,257.61,260.24,257.61,258.9,2005988.0
1551052800,261.5,262.98,258.18,258.62,1808267.0
1551139200,258.0,262.58,256.3734,261.22,2536367.0
1551225600,259.77,263.08,256.52,262.9,2244333.0
1551312000,262.4,266.24,261.76,262.5,3799242.0
1551398400,265.75,266.24,261.5,264.01,2582446.0
1551657600,266.7,267.0,254.08,258.16,2986284.0
1551744000,259.0,259.865,256.365,257.38,2089254.0
1551830400,257.4,259.49,253.84,256.4,1949650.0
1551916800,255.77,257.49,253.2855,255.46,3144788.0
1552003200,251.49,255.02,249.0954,254.74,2194190.0
1552262400,255.98,261.46,255.77,260.96,2555710.0
1552348800,261.86,264.75,259.01,263.51,2583315.0
1552435200,265.5,269.8,264.13,264.38,3989333.0
1552521600,265.26,268.0,263.52,267.69,5072598.0
1552608000,258.03,260.0,252.03,257.09,12108480.0
1552867200,257.11,259.96,253.8901,257.76,4011725.0
1552953600,259.43,260.64,256.34,260.42,4238002.0
1553040000,260.54,262.3,256.17,259.74,3389345.0
1553126400,259.0,264.34,258.4,264.18,2357183.0
1553212800,263.47,264.64,259.52,259.69,3447443.0
1553472000,259.21,263.12,257.1,262.27,2639060.0
1553558400,265.05,267.74,263.84,265.59,3149922.0
1553644800,265.53,265.9731,259.04,262.34,2521421.0
1553731200,263.5,265.1699,260.88,263.53,2017656.0
1553817600,265.47,266.75,264.2,266.49,2096442.0
1554076800,269.85,272.385,268.19,272.17,2919523.0
1554163200,272.89,273.0,267.63,271.35,1877762.0
1554249600,273.71,274.18,270.975,271.5,2283554.0
1554336000,270.98,271.47,263.72,267.89,2929433.0
1554422400,269.44,269.94,266.59,267.45,1970205.0
1554681600,266.96,269.09,264.7,268.81,1796681.0
1554768000,267.12,269.99,266.8,268.99,1546905.0
1554854400,269.47,272.16,269.01,271.58,1469592.0
1554940800,271.95,272.92,270.77,271.9,2085592.0
1555027200,273.01,273.51,270.82,271.86,1680946.0
1555286400,271.86,273.71,270.62,272.22,1462231.0
1555372800,273.07,273.39,269.64,271.43,1638319.0
1555459200,272.17,272.665,268.44,269.45,2390438.0
1555545600,270.09,270.82,266.64,270.57,2027217.0
1555891200,269.82,272.32,269.2033,272.21,1364700.0
1555977600,272.54,278.89,271.59,278.49,2691428.0
1556064000,279.22,280.17,275.25,275.45,1853595.0
1556150400,278.4,279.52,274.3785,277.66,1747079.0
1556236800,278.18,282.0,275.79,281.96,2114018.0
1556496000,286.46,291.705,285.38,286.14,5533815.0
1556582400,286.1,289.77,285.25,289.25,3066916.0
1556668800,291.0,291.0,283.19,283.35,2056176.0
1556755200,283.14,284.59,278.15,279.64,2482283.0
1556841600,282.56,286.35,282.39,285.58,1979920.0
1557100800,277.6,284.2165,275.81,283.66,1994477.0
1557187200,278.82,280.65,273.67,277.07,2567977.0
1557273600,275.83,278.37,274.16,276.77,2611043.0
1557360000,274.16,277.12,270.7975,275.79,1867193.0
1557446400,273.58,279.5,270.32,278.48,2097736.0
1557705600,270.565,274.19,267.22,267.7,2698322.0
1557792000,269.43,274.23,269.29,271.86,2046551.0
1557878400,269.82,276.95,269.5,276.82,2708559.0
1557964800,278.63,285.87,278.4,283.55,3413063.0
1558051200,281.68,284.412,279.069,279.85,2223523.0
1558310400,276.1,277.89,273.4,275.45,2391950.0
1558396800,278.21,280.0,277.045,278.07,1793665.0
1558483200,277.42,282.74,277.255,281.82,1570628.0
1558569600,278.29,278.43,271.69,274.25,2706419.0
1558656000,273.54,277.475,273.54,274.77,1878339.0
1559001600,276.49,281.45,275.37,278.25,2475891.0
1559088000,275.29,276.8025,272.28,273.38,1805982.0
1559174400,274.43,275.09,272.43,274.51,1601106.0
1559260800,271.28,272.91,268.75,270.9,2526653.0
1559520000,270.51,272.81,257.53,259.03,3903421.0
1559606400,263.27,268.93,257.46,268.71,3750815.0
1559692800,272.78,273.21,268.39,272.86,2650396.0
1559779200,273.72,275.76,271.045,274.8,2211787.0
1559865600,275.87,282.37,275.51,278.16,2759013.0
1560124800,280.98,284.98,280.2,280.34,2487726.0
1560211200,283.91,284.89,272.0301,275.99,2969720.0
1560297600,276.13,277.555,274.575,276.84,1313852.0
1560384000,278.59,278.96,275.915,276.3,1696743.0
1560470400,275.91,277.1,274.0,274.28,2262838.0
1560729600,274.63,277.47,274.63,275.6,2254229.0
1560816000,280.37,280.4908,276.62,276.78,4529340.0
1560902400,287.0,292.0,284.34,291.21,9738584.0
1560988800,293.25,302.66,293.25,302.11,5632525.0
1561075200,301.46,304.0,299.09,299.33,4015546.0
1561334400,300.0,302.58,298.685,299.87,2869223.0
1561420800,299.21,300.645,287.0,287.97,4638470.0
1561507200,291.26,292.76,288.7,288.72,2896763.0
1561593600,290.04,294.67,290.04,293.23,2596919.0
1561680000,294.5,295.1,291.95,294.65,2648300.0
1561939200,299.55,301.9,297.66,300.97,2624198.0
1562025600,301.19,301.58,299.3598,301.39,1816885.0
1562112000,302.0,305.86,301.29,305.7,1585273.0
1562284800,304.01,305.24,298.93,303.98,2872770.0
1562544000,302.76,303.11,300.13,302.92,1909180.0
1562630400,300.56,305.13,300.2201,304.2,1644254.0
1562716800,305.1,309.32,305.1,306.98,1954088.0
1562803200,307.39,310.1709,305.9,307.6,1951519.0
1562889600,308.01,309.7,304.965,309.42,1624840.0
1563148800,310.0,310.455,307.72,308.76,1161681.0
1563235200,308.0,308.46,305.0711,305.7,1838747.0
1563321600,307.13,310.9566,306.75,309.39,2298481.0
1563408000,307.21,310.92,306.85,310.08,1597673.0
1563494400,311.56,313.11,305.265,306.87,2100253.0
1563753600,308.39,309.92,307.14,308.55,1336736.0
1563840000,309.91,309.98,305.22,307.88,1826893.0
1563926400,305.81,310.7317,305.81,310.27,1459247.0
1564012800,308.66,309.66,306.1,308.73,1378470.0
1564099200,309.97,312.5,309.26,311.27,1507922.0
1564358400,311.94,311.94,301.48,307.22,2778446.0
1564444800,305.07,307.09,302.55,303.64,2157952.0
1564531200,303.61,304.95,295.11,298.86,3066861.0
1564617600,299.15,304.99,296.77,298.44,3210196.0
1564704000,295.57,297.35,289.42,293.71,3400897.0
1564963200,285.04,286.87,276.78,280.36,4292566.0
1565049600,283.63,286.99,282.5,286.21,2552138.0
1565136000,282.24,290.26,282.0,289.02,2196689.0
1565222400,292.75,297.87,290.2,297.78,2506035.0
1565308800,296.14,298.27,292.15,294.83,1451132.0
1565568000,293.14,294.42,287.4127,288.65,1580529.0
1565654400,288.23,295.5,286.39,293.17,2346691.0
1565740800,287.6,289.65,281.425,283.66,2585987.0
1565827200,285.64,286.49,280.86,282.71,2338678.0
1565913600,285.58,290.15,283.32,287.45,1981029.0
1566172800,291.32,291.77,287.17,287.97,1956105.0
1566259200,287.97,288.66,285.4,285.71,1491067.0
1566345600,288.54,292.92,286.51,291.53,1520360.0
1566432000,292.57,292.9,285.1215,287.69,1745838.0
1566518400,289.23,293.5725,280.97,282.44,2852522.0
1566777600,284.86,288.89,283.51,288.74,1792971.0
1566864000,290.66,291.85,286.5301,289.45,1793394.0
1566950400,286.55,287.99,280.42,282.13,2776778.0
1567036800,285.71,287.7,283.615,286.63,2172535.0
1567123200,287.41,288.5,280.115,284.51,2373297.0
1567468800,284.25,287.46,281.4,282.45,1838081.0
1567555200,286.04,286.245,282.46,284.6,1516136.0
1567641600,287.83,288.0101,281.52,287.75,2836385.0
1567728000,288.2,289.59,283.96,284.94,2273061.0
1567987200,286.52,286.93,276.6,279.3,3134613.0
1568073600,277.58,277.58,272.34,276.14,4098222.0
1568160000,277.66,280.3099,274.0,277.78,2593970.0
1568246400,281.0,282.28,277.94,278.02,2955024.0
1568332800,278.22,280.28,276.32,278.35,2948590.0
1568592000,276.62,283.05,275.3,282.93,2774732.0
1568678400,284.04,285.3,280.355,284.69,4541202.0
1568764800,275.35,280.29,270.02,279.72,7479171.0
1568851200,280.17,284.365,279.83,281.26,3171211.0
1568937600,281.6,283.2,274.95,277.91,4160719.0
1569196800,275.93,279.58,275.41,277.44,2068852.0
1569283200,279.58,280.7,271.08,272.47,3351591.0
1569369600,271.9,277.71,267.7269,277.43,3452563.0
1569456000,278.46,285.9,277.01,283.81,4325923.0
1569542400,284.63,284.98,274.1201,277.54,3168377.0
1569801600,277.54,279.0,275.14,276.25,4077253.0
1569888000,278.99,279.6499,271.87,272.71,3311550.0
1569974400,271.18,271.18,265.1903,266.66,3400605.0
1570060800,266.92,272.8,263.85,272.4,3652220.0
1570147200,273.11,278.08,273.11,276.96,2583298.0
1570406400,276.32,278.49,275.59,276.9,1856382.0
1570492800,274.46,275.41,270.8,270.83,2162370.0
1570579200,273.52,275.55,272.86,274.27,1376725.0
1570665600,274.06,276.71,272.79,274.98,1634808.0
1570752000,278.37,281.27,277.63,278.29,2098200.0
1571011200,278.11,279.415,277.15,277.78,1377116.0
1571097600,278.17,281.51,278.02,279.39,1969235.0
1571184000,270.23,272.81,267.51,272.7,4333191.0
1571270400,272.61,274.12,267.15,269.24,3414775.0
1571356800,269.36,269.68,262.1034,265.52,4391844.0
1571616000,265.63,267.43,262.57,266.84,2930534.0
1571702400,268.49,269.28,260.6401,261.09,3412660.0
1571788800,261.0,265.52,259.57,261.32,3079754.0
1571875200,264.04,271.46,263.25,269.7,3597687.0
1571961600,267.8,271.61,267.02,270.98,1822271.0
1572220800,271.58,272.29,268.3751,271.35,2281861.0
1572307200,271.68,273.72,271.06,271.45,1723508.0
1572393600,273.25,278.65,272.61,278.41,2320773.0
1572480000,278.27,279.32,275.31,277.93,2845383.0
1572566400,279.14,281.83,277.2675,277.82,2827222.0
1572825600,280.56,281.21,276.05,277.5,2790240.0
1572912000,292.11,292.88,283.6,289.29,6170607.0
1572998400,289.11,289.26,285.61,287.4,2762414.0
1573084800,288.3,293.48,286.995,290.77,3201667.0
1573171200,290.02,292.46,288.48,292.46,1628523.0
1573430400,291.95,292.339,289.7,290.27,1778006.0
1573516800,290.79,294.16,290.27,291.72,2085313.0
1573603200,291.86,293.7,290.26,293.54,1806939.0
1573689600,293.54,295.08,292.15,294.53,1461895.0
1573776000,296.54,297.5,293.56,297.5,2011741.0
1574035200,297.55,298.56,296.0,297.16,1632801.0
1574121600,298.75,300.74,296.39,300.6,2143343.0
1574208000,299.39,302.05,297.05,300.1,1841524.0
1574294400,298.99,300.35,296.62,298.8,1609828.0
1574380800,299.59,299.92,295.8,299.3,1508874.0
1574640000,300.48,305.45,300.48,305.28,2205626.0
1574726400,305.0,309.06,304.89,307.9,2619497.0
1574812800,308.5,309.17,305.74,309.06,1470036.0
1574985600,308.52,310.0,308.0,309.53,1175056.0
1575244800,309.22,309.9,299.51,302.75,2894691.0
1575331200,298.24,304.46,297.32,303.91,1661171.0
1575417600,305.0,305.325,301.28,302.51,1522832.0
1575504000,303.13,304.24,301.0,303.03,1698102.0
1575590400,306.2,306.745,303.16,306.23,1733188.0
1575849600,308.91,310.91,306.7,307.05,2895186.0
1575936000,306.62,309.03,304.1,304.17,2156696.0
1576022400,305.15,305.38,301.48,303.74,2929453.0
1576108800,303.0,306.5838,300.72,305.96,3127412.0
1576195200,314.11,321.7299,313.74,317.94,6608031.0
1576454400,319.27,325.25,319.27,323.8,3438739.0
1576540800,325.04,325.08,321.75,322.85,2332492.0
1576627200,322.1,326.82,322.0066,324.38,2332734.0
1576713600,324.38,327.96,324.26,327.63,2561397.0
1576800000,328.37,330.0,325.62,327.61,4233263.0
1577059200,328.83,329.88,327.26,328.95,2210706.0
1577145600,329.0,331.54,328.68,329.64,1066406.0
1577318400,329.63,331.28,329.63,331.2,1056199.0
1577404800,332.88,332.88,329.7701,330.79,1229983.0
1577664000,330.35,330.465,325.165,328.34,1896731.0
1577750400,326.25,329.94,326.25,329.81,1592512.0
1577923200,330.0,334.48,329.17,334.43,1990496.0
1578009600,329.17,332.98,328.69,331.81,1579368.0
1578268800,328.29,333.91,328.19,333.71,1875122.0
1578355200,334.15,334.79,332.305,333.39,2507261.0
1578441600,333.81,339.23,333.4,337.87,2248531.0
1578528000,340.14,341.8099,338.19,340.45,1626380.0
1578614400,342.05,343.36,339.62,339.81,1481141.0
1578873600,341.54,345.73,341.22,345.63,2069555.0
1578960000,347.01,347.27,343.15,344.63,2274687.0
1579046400,346.42,347.5,342.46,342.94,2213374.0
1579132800,345.98,345.99,342.76,345.38,2439600.0
1579219200,349.0,349.95,346.3825,349.74,2536157.0
1579564800,346.37,352.37,345.62,350.0,2121335.0
1579651200,352.6,354.28,349.96,350.06,1600485.0
1579737600,351.02,352.16,347.85,351.76,2084658.0
1579824000,354.1,355.69,349.2,351.37,1640163.0
1580083200,341.04,349.9,340.4,346.9,2652030.0
1580169600,349.0,355.66,347.12,354.63,2270756.0
1580256000,356.6965,356.6965,351.36,351.66,1523203.0
1580342400,349.6935,356.82,349.6935,356.74,1834931.0
1580428800,355.84,355.84,348.296,351.14,3692938.0
1580688000,353.41,358.67,352.29,358.0,2693989.0
1580774400,363.43,367.444,360.45,366.74,3052967.0
1580860800,373.99,374.475,362.31,365.55,2463385.0
1580947200,366.16,368.25,363.01,367.46,2224882.0
1581033600,366.0,369.34,364.38,366.09,2092872.0
1581292800,365.44,370.81,365.22,370.0,2427076.0
1581379200,373.03,373.7,367.25,369.28,2005005.0
1581465600,370.64,374.425,367.1538,374.29,2355797.0
1581552000,372.56,377.71,372.39,374.84,1917119.0
1581638400,376.28,379.83,375.85,379.67,1690561.0
1581984000,380.2,382.59,378.59,378.85,2074715.0
1582070400,383.83,385.0,381.48,383.28,2580455.0
1582156800,384.0,386.745,373.48,378.96,3789340.0
1582243200,378.02,378.34,368.75,372.95,2743135.0
1582502400,355.39,363.46,349.0,357.41,3924013.0
1582588800,361.0,363.97,346.28,347.8,4188112.0
1582675200,349.4,360.07,348.6,351.34,3494105.0
1582761600,340.0,352.2396,337.27,337.52,4737676.0
1582848000,324.42,345.46,324.0,345.12,6469131.0
1583107200,349.81,360.75,342.61,360.28,5398135.0
1583193600,361.76,364.95,344.04,348.34,4204501.0
1583280000,354.38,364.27,350.08,363.85,4146282.0
1583366400,355.06,360.45,347.19,351.03,3199006.0
1583452800,340.45,344.1599,326.6,336.77,5622911.0
1583712000,311.68,322.44,305.33,305.79,5291910.0
1583798400,318.98,332.94,309.31,332.38,5973672.0
1583884800,324.32,326.357,309.0,315.23,4874326.0
1583971200,290.41,310.13,283.0001,285.0,7230152.0
1584057600,312.88,336.0,298.0001,335.5,8935220.0
1584316800,288.356,307.11,283.25,286.03,7140139.0
1584403200,291.2,312.95,278.35,311.81,6189140.0
1584489600,290.0,296.87,255.1314,294.61,7293306.0
1584576000,291.77,318.705,281.1,307.51,6023835.0
1584662400,312.92,324.8,293.77,295.34,7461753.0
1584921600,296.67,312.49,287.78,307.27,6016822.0
1585008000,322.96,326.99,301.59,310.0,6592213.0
1585094400,308.0,317.65,298.13,305.91,4830363.0
1585180800,305.99,324.43,305.69,322.67,4534399.0
1585267200,311.7,314.2872,300.63,305.83,4862124.0
1585526400,308.89,322.97,308.01,318.39,4340463.0
1585612800,316.41,326.3344,312.68,318.24,6414549.0
1585699200,307.0,309.6105,298.32,301.21,3902957.0
1585785600,297.76,306.5,293.18,303.96,3590071.0
1585872000,302.06,303.47,289.71,293.61,3934718.0
1586131200,306.56,320.51,299.955,319.13,5145092.0
1586217600,327.41,328.32,306.3,308.93,5422270.0
1586304000,313.88,317.72,308.2,317.18,4002545.0
1586390400,318.65,320.78,310.79,318.7,3300177.0
1586736000,315.94,320.9,313.75,320.65,1838954.0
1586822400,328.77,342.095,328.47,340.765,3858854.0
1586908800,335.34,339.2242,329.645,332.55,2818631.0
1586995200,339.71,345.515,336.035,342.7,3918632.0
1587081600,350.091,350.38,340.5,344.11,3342418.0
1587340800,340.79,348.5,338.75,344.88,2771970.0
1587427200,340.9,342.763,325.21,328.99,3548202.0
1587513600,337.41,339.38,332.8006,336.77,2231819.0
1587600000,338.9,341.75,334.8,335.37,2120251.0
1587686400,338.0,344.7,333.5011,344.1,2146162.0
1587945600,348.8,349.96,345.12,348.5,2375636.0
1588032000,353.09,353.45,332.57,333.45,3895571.0
1588118400,339.53,351.25,335.44,349.17,5006415.0
1588204800,348.01,356.23,346.55,353.64,3902173.0
1588291200,347.24,350.3099,340.26,343.84,2578615.0
1588550400,340.74,350.596,340.0,349.11,2372392.0
1588636800,353.38,359.7,352.39,356.13,2377555.0
1588723200,357.92,366.79,357.1301,362.52,2319702.0
1588809600,368.82,369.5,365.501,366.78,2466063.0
1588896000,370.0,371.0999,365.41,367.51,2548366.0
1589155200,365.84,373.63,364.5,371.42,2266282.0
1589241600,371.46,372.72,364.55,365.1,2071782.0
1589328000,366.45,367.43,352.71,358.56,3365501.0
1589414400,354.0,357.0,348.01,355.39,2752031.0
1589500800,351.57,365.48,351.53,365.3,2626904.0
1589760000,371.59,375.49,367.21,367.97,2352319.0
1589846400,369.88,376.0,368.89,372.2,2753685.0
1589932800,377.21,384.4,377.06,383.63,2824862.0
1590019200,382.0,385.12,380.6,382.17,2261384.0
1590105600,381.39,386.52,380.95,385.26,1688159.0
1590451200,391.0,391.27,374.8103,376.63,3525983.0
1590537600,373.24,375.7,361.44,375.17,3553278.0
1590624000,372.5,386.9,372.5,379.83,2904450.0
1590710400,382.62,389.05,377.075,386.6,5937467.0
1590969600,387.08,389.99,382.895,389.68,2035186.0
1591056000,389.92,390.91,382.03,390.44,2509555.0
1591142400,390.82,391.14,387.46,389.92,2537092.0
1591228800,389.5,395.7201,382.28,385.8,2422986.0
1591315200,384.64,396.17,382.0,392.9,2793982.0
1591574400,391.0,398.1,385.84,397.78,2592963.0
1591660800,397.03,402.31,394.15,397.16,2279327.0
1591747200,399.59,409.98,399.49,406.82,3611582.0
1591833600,400.0,404.2,387.37,387.67,4123651.0
1591920000,409.3,411.72,395.41,406.54,8332571.0
1592179200,398.8,406.11,397.0,401.34,3783968.0
1592265600,407.83,414.68,405.475,411.67,3766685.0
1592352000,414.0,417.46,411.36,413.49,2112320.0
1592438400,413.5,420.84,413.0,420.46,2578409.0
1592524800,423.76,429.27,419.65,428.01,3931569.0
1592784000,428.96,438.95,428.54,438.64,3156280.0
1592870400,440.07,446.15,436.01,440.55,3065927.0
1592956800,440.0,442.67,427.47,431.68,3329423.0
1593043200,430.01,437.99,427.5801,436.95,2275241.0
1593129600,436.0,438.18,424.7129,426.92,3829731.0
1593388800,427.11,428.48,416.032,424.2,2623877.0
1593475200,426.68,436.91,423.86,435.31,2945149.0
1593561600,434.8,442.045,433.621,439.81,2581983.0
1593648000,445.0,448.16,441.36,442.95,2502970.0
1593993600,448.0,455.53,444.69,452.59,2761224.0
1594080000,452.59,459.44,448.72,449.36,2684565.0
1594166400,453.76,458.2424,452.0,457.68,1999227.0
1594252800,460.44,463.8,451.88,460.84,2269815.0
1594339200,460.83,467.21,455.48,466.2,3676513.0
1594598400,469.77,470.61,440.64,442.47,3480659.0
1594684800,435.74,437.21,416.29,433.78,5666716.0
1594771200,434.91,439.63,428.7341,433.01,2566648.0
1594857600,428.43,430.59,418.505,426.29,2678060.0
1594944000,428.12,433.5,423.7,432.42,2568205.0
1595203200,434.06,456.89,433.0,455.27,3512508.0
1595289600,456.07,456.9899,441.75,444.28,2027852.0
1595376000,447.55,449.3712,441.76,445.05,1400685.0
1595462400,445.04,448.81,430.3001,431.74,2313874.0
1595548800,425.0,435.0,423.4406,430.31,1901029.0
1595808000,431.77,438.36,431.01,437.1,1621956.0
1595894400,436.83,438.26,431.33,432.26,1463467.0
1595980800,435.16,440.48,435.04,436.3,1489294.0
1596067200,429.98,440.5,426.81,438.88,1448955.0
1596153600,441.98,444.4385,434.8,444.32,2035254.0
1596412800,449.84,450.74,442.28,447.97,2076479.0
1596499200,448.26,449.0799,440.7,446.92,2622566.0
1596585600,449.09,454.035,446.345,449.51,2353535.0
1596672000,451.35,464.37,449.13,464.11,2362002.0
1596758400,460.87,461.79,445.09,449.57,3289685.0
1597017600,450.37,451.125,436.5,443.29,1837078.0
1597104000,440.26,444.48,431.59,435.23,1900223.0
1597190400,437.37,447.9299,437.37,445.36,2224424.0
1597276800,446.07,455.9,446.07,450.02,2028199.0
1597363200,451.39,452.814,444.4262,447.6,1111145.0
1597622400,450.0,456.1,449.2,451.58,1555942.0
1597708800,454.79,464.5,452.84,463.51,2097690.0
1597795200,464.29,468.11,457.5871,462.01,2439150.0
1597881600,460.99,479.8,458.8868,478.48,2484983.0
1597968000,477.09,477.28,470.34,473.22,2645579.0
1598227200,478.14,480.02,469.52,476.3,1840607.0
1598313600,476.67,484.65,474.425,484.43,3967365.0
1598400000,496.95,533.6979,492.23,528.49,7780346.0
1598486400,519.01,523.3238,504.46,510.32,3631779.0
1598572800,512.33,518.797,510.94,516.44,1926261.0
1598832000,513.86,516.73,507.77,513.39,2346705.0
1598918400,515.0,528.536,514.48,527.95,2422061.0
1599004800,536.25,536.88,521.41,533.8,2783438.0
1599091200,526.035,527.63,493.42,507.8,5837638.0
1599177600,504.65,511.35,471.71,491.94,3900326.0
1599523200,471.895,481.48,461.18,462.13,4533544.0
1599609600,473.905,483.49,462.48,479.46,3312148.0
1599696000,491.15,501.85,473.5001,476.26,4248135.0
1599782400,487.08,489.41,464.48,471.35,4414226.0
1600041600,484.99,490.44,476.87,485.91,4463826.0
1600128000,493.74,499.6899,491.49,497.67,5682447.0
1600214400,505.5,505.5,475.5,476.0,8472420.0
1600300800,464.442,475.17,460.5,474.3,4560776.0
1600387200,477.395,478.34,452.52,467.55,7182302.0
1600646400,460.31,475.86,456.725,475.64,3913745.0
1600732800,479.31,487.2,469.56,486.78,2629133.0
1600819200,486.88,488.0,468.2301,470.39,2671337.0
1600905600,466.93,471.425,460.27,467.67,2838781.0
1600992000,469.23,481.58,466.01,479.78,2541114.0
1601251200,487.97,489.39,481.18,488.51,2844778.0
1601337600,489.94,493.45,484.17,489.33,2043887.0
1601424000,488.13,497.24,486.22,490.43,3508159.0
1601510400,497.425,501.5,495.76,499.51,2264603.0
1601596800,487.99,496.78,478.64,478.99,2780946.0
1601856000,483.25,486.69,478.99,486.47,1984130.0
1601942400,485.0,491.51,477.5,478.98,2041545.0
1602028800,484.35,493.98,481.43,493.15,2025769.0
1602115200,499.05,499.489,487.56,490.84,1590732.0
1602201600,491.77,502.17,491.176,502.16,1853780.0
1602460800,508.26,516.0,499.54,510.89,3149650.0
1602547200,512.19,519.6,511.9001,514.31,2438132.0
1602633600,514.34,516.95,501.6,506.31,2033159.0
1602720000,499.26,502.5,491.85,501.15,2043107.0
1602806400,504.0,510.34,500.7,502.82,2441382.0
1603065600,507.75,507.75,493.195,495.2,1931403.0
1603152000,495.25,500.165,491.91,494.58,1454449.0
1603238400,492.05,499.81,490.57,495.96,1369735.0
1603324800,496.72,496.86,479.4,483.6,2615048.0
1603411200,486.41,488.51,479.51,488.5,1899599.0
1603670400,480.884,488.78,470.13,475.2,2337431.0
1603756800,479.78,481.89,473.47,478.56,1896459.0
1603843200,469.165,470.97,455.88,456.97,2677304.0
1603929600,459.32,464.73,457.28,461.11,2125281.0
1604016000,458.32,459.5,442.51,447.1,3128709.0
1604275200,451.0,456.185,438.94,444.94,2479005.0
1604361600,448.99,457.844,445.67,454.02,1758640.0
1604448000,477.93,494.94,474.47,487.23,4524341.0
1604534400,499.27,502.53,489.8,496.47,2400994.0
1604620800,494.95,498.72,483.0,494.63,1956305.0
1604880000,494.696,499.41,470.76,471.14,3625298.0
1604966400,466.72,468.01,446.0,452.0,4920340.0
1605052800,458.49,470.12,457.5,467.75,2634159.0
1605139200,473.49,474.933,461.15,462.58,2115319.0
1605225600,467.45,470.6,459.0,469.34,2966003.0
1605484800,460.43,469.53,458.2501,460.95,2522187.0
1605571200,461.66,469.9099,460.0,467.95,2407597.0
1605657600,466.71,467.9,459.26,459.47,2063159.0
1605744000,460.0,471.04,459.26,466.41,3132704.0
1605830400,465.16,470.0,462.36,462.92,1851107.0
1606089600,464.633,467.0,456.17,460.61,2371433.0
1606176000,461.41,464.49,456.6778,462.7,2588241.0
1606262400,466.29,472.525,464.845,470.08,2634472.0
1606435200,476.9,482.405,474.86,477.03,1815490.0
1606694400,480.0,480.86,469.2,478.47,2786955.0
1606780800,482.01,482.01,471.6328,479.15,2533070.0
1606867200,475.67,481.32,470.12,481.26,2107080.0
1606953600,482.21,492.81,481.5,484.28,3062675.0
1607040000,485.67,491.3899,484.3601,486.0,2749793.0
1607299200,487.0,499.29,487.0,492.25,3441683.0
1607385600,492.29,496.04,486.2001,495.28,2175673.0
1607472000,496.03,497.0,479.26,483.74,3449121.0
1607558400,483.74,488.29,470.95,476.87,3922009.0
1607644800,475.975,478.89,468.82,475.91,3561554.0
1607904000,475.61,488.41,475.5,486.42,3945198.0
1607990400,489.05,489.5,480.53,482.64,2559319.0
1608076800,485.0,491.5,484.11,489.9,2555596.0
1608163200,493.0,496.99,490.63,495.36,2178354.0
1608249600,497.61,504.07,493.57,502.95,4667387.0
1608508800,498.05,502.0,491.5,498.39,2412884.0
1608595200,498.36,506.92,495.83,504.17,1701985.0
1608681600,505.13,505.46,496.59,496.91,1428583.0
1608768000,499.16,503.01,497.28,499.86,589182.0
1609113600,505.61,506.04,496.815,498.95,1515441.0
1609200000,501.165,505.35,499.74,502.11,1434200.0
1609286400,503.05,504.37,496.3275,497.45,1529878.0
1609372800,497.99,500.66,494.89,500.12,1462236.0
1609718400,500.3,500.79,476.28,485.34,3612949.0
1609804800,485.88,486.08,479.195,485.69,2010099.0
1609891200,474.0984,475.8666,466.0,466.31,4156589.0
1609977600,471.0,479.64,468.25,477.74,2901232.0
1610064000,480.0,485.54,477.21,485.1,2266132.0
1610323200,481.99,482.59,471.3,474.24,2383254.0
1610409600,474.41,475.0,464.0,471.65,2964880.0
1610496000,472.0,477.85,469.3,472.05,2105915.0
1610582400,472.41,473.55,462.2,463.27,3508273.0
1610668800,462.5,467.88,457.49,458.08,3200352.0
1611014400,461.17,461.5899,453.34,456.5,4419205.0
1611100800,462.73,472.385,458.77,469.73,3858988.0
1611187200,470.26,474.69,466.1,472.02,2771772.0
1611273600,472.5,476.35,470.61,472.44,2534274.0
1611532800,474.51,477.7,463.98,473.44,2697405.0
1611619200,473.73,477.22,467.76,476.28,2363124.0
1611705600,470.99,473.67,455.07,460.0,3586353.0
1611792000,459.07,475.02,459.07,465.67,3000726.0
1611878400,462.17,465.0,455.11,458.77,3061106.0
1612137600,462.28,474.8,459.82,470.0,2554774.0
1612224000,473.65,487.37,472.55,484.93,3022025.0
1612310400,487.09,488.85,479.17,481.92,2146948.0
1612396800,484.22,489.88,481.92,489.38,2005114.0
1612483200,490.92,495.1,488.0,492.12,1675141.0
1612742400,494.26,497.86,489.21,493.76,1727272.0
1612828800,495.0,497.95,492.01,496.05,1571477.0
1612915200,499.17,499.9874,490.27,492.67,1764466.0
1613001600,494.53,497.0,491.08,496.62,1609829.0
1613088000,495.16,499.36,491.76,498.84,1450621.0
1613433600,500.03,506.51,497.595,501.64,1846163.0
1613520000,495.41,495.55,485.51,491.23,2114019.0
1613606400,486.32,489.8,480.0,488.37,1803375.0
1613692800,487.16,488.65,476.1,479.12,2720714.0
1613952000,470.48,472.1,466.66,467.33,2510485.0
1614038400,461.02,471.44,450.12,467.8,4164345.0
1614124800,463.49,477.35,460.29,476.62,3390646.0
1614211200,471.24,476.31,456.01,459.16,3252503.0
1614297600,462.805,467.32,456.01,459.67,3154846.0
1614556800,465.68,470.5,462.65,469.57,2358980.0
1614643200,473.03,473.8016,463.46,466.59,2211002.0
1614729600,463.22,464.68,448.09,448.45,2808148.0
1614816000,446.45,457.53,437.63,439.06,4486442.0
1614902400,444.88,444.95,423.7101,440.83,4614971.0
1615161600,439.76,440.99,420.78,421.2,3885123.0
1615248000,437.84,442.75,436.0,439.18,3926385.0
1615334400,445.728,448.46,436.82,437.01,2747267.0
1615420800,448.136,454.07,447.305,451.06,2762233.0
1615507200,443.45,445.89,438.6,444.3,2183051.0
1615766400,444.4,447.79,437.77,447.59,2508699.0
1615852800,452.01,457.41,449.6701,450.54,2618819.0
1615939200,445.44,453.94,441.02,451.01,2502732.0
1616025600,443.16,446.86,438.5,439.18,2932687.0
1616112000,439.18,444.5,438.14,441.5,3923830.0
1616371200,444.86,457.82,444.86,452.41,2944311.0
1616457600,457.35,466.88,456.41,460.2,5316974.0
1616544000,464.764,465.61,448.34,451.51,5214125.0
1616630400,448.33,456.87,445.41,450.99,3201472.0
1616716800,450.25,469.77,449.05,469.09,3615888.0
1616976000,469.03,472.0,462.5,469.32,3142203.0
1617062400,462.58,469.0925,461.5,465.46,2436593.0
1617148800,469.7,482.41,468.7,475.37,3155889.0
1617235200,483.12,487.04,480.71,483.34,2664694.0
1617580800,483.69,495.51,480.5,491.62,2982522.0
1617667200,492.32,495.59,487.57,491.34,1878330.0
1617753600,492.98,494.85,487.89,493.41,1576981.0
1617840000,500.16,504.6,498.1401,499.84,2026282.0
1617926400,498.37,504.44,492.6,504.04,1887016.0
1618185600,499.29,506.94,498.44,506.03,1584592.0
1618272000,506.85,517.2645,506.78,514.86,2195707.0
1618358400,514.0,517.78,509.13,510.63,1956447.0
1618444800,515.67,524.59,515.1,523.25,2122337.0
1618531200,524.21,525.44,518.55,525.08,2031733.0
1618790400,523.13,524.0,514.4401,516.17,1917732.0
1618876800,515.29,517.29,510.6,514.21,1677468.0
1618963200,515.02,515.48,509.55,512.34,1678305.0
1619049600,508.08,512.77,504.06,507.29,2084841.0
1619136000,508.79,517.4973,508.395,515.84,2257590.0
1619395200,513.57,516.31,510.25,515.7,1387542.0
1619481600,518.0,519.155,511.3455,517.32,1944013.0
1619568000,515.24,519.1299,510.015,515.48,1472191.0
1619654400,518.11,520.45,510.62,516.09,1592562.0
1619740800,514.13,515.05,507.15,508.34,1950559.0
1620000000,510.97,511.74,501.121,503.46,1458698.0
1620086400,499.47,499.47,484.83,490.7,2528948.0
1620172800,495.69,498.625,484.44,486.69,1875287.0
1620259200,485.67,485.67,475.92,483.61,2537227.0
1620345600,496.0,499.15,485.78,488.73,1632407.0
1620604800,487.54,489.04,478.625,479.38,1970931.0
1620691200,471.03,486.91,468.5,485.19,2293963.0
1620777600,477.189,480.99,469.57,472.09,2399059.0
1620864000,478.01,480.46,471.76,474.16,1996532.0
1620950400,481.63,488.33,478.69,486.56,1857198.0
1621209600,487.03,487.87,478.11,482.74,1580588.0
1621296000,484.63,488.32,480.46,480.62,1395237.0
1621382400,473.02,480.87,472.0,480.47,2047511.0
1621468800,483.68,495.36,482.61,491.67,1991223.0
1621555200,494.19,496.23,487.13,488.07,1568115.0
1621814400,494.64,499.99,492.01,497.83,1831564.0
1621900800,499.02,505.6021,498.87,505.08,2322468.0
1621987200,506.27,509.5,504.63,506.98,1695747.0
1622073600,505.0,505.0,497.45,498.28,2957310.0
1622160000,506.08,511.37,504.19,504.58,1924999.0
1622505600,504.54,506.0,492.31,495.91,2189020.0
1622592000,495.18,501.8237,493.09,495.77,1761478.0
1622678400,492.4,496.755,487.34,493.14,1539128.0
1622764800,498.73,506.5,497.72,504.5,1644301.0
1623024000,504.99,509.78,502.0,509.47,1768754.0
1623110400,511.15,516.29,508.0701,509.2,1747779.0
1623196800,513.99,518.318,512.48,514.68,1702714.0
1623283200,513.99,536.41,513.01,535.52,3152379.0
1623369600,529.75,541.85,529.75,541.26,2871289.0
1623628800,545.04,561.36,543.25,556.95,3522621.0
1623715200,554.99,555.0,547.2304,548.46,2424774.0
1623801600,548.46,553.99,535.72,543.33,2842016.0
1623888000,539.99,552.72,538.75,551.36,3566351.0
1623974400,569.961,570.0,556.39,565.59,6762031.0
1624233600,565.99,570.19,560.3501,567.35,2625919.0
1624320000,568.505,576.31,567.0,575.74,2370737.0
1624406400,577.99,579.8,570.705,574.23,1616933.0
1624492800,575.9,580.966,574.96,578.26,1835008.0
1624579200,578.64,582.0,577.0552,579.66,2133465.0
1624838400,582.71,589.41,581.0,588.8,1713970.0
1624924800,586.78,591.34,583.9,590.75,1204806.0
1625011200,590.75,592.2402,585.0,585.64,1704224.0
1625097600,583.33,587.7799,581.35,584.73,1646412.0
1625184000,588.67,594.08,587.96,593.07,1744955.0
1625529600,595.87,600.66,592.48,596.9,1657567.0
1625616000,600.0,607.665,597.4,605.77,2022482.0
1625702400,595.64,607.2989,593.33,605.95,1846617.0
1625788800,601.43,605.95,597.44,604.5,2145199.0
1626048000,606.0,607.4229,596.48,600.2,1696279.0
1626134400,600.56,609.33,598.42,605.01,1435602.0
1626220800,608.14,611.305,604.01,608.83,1377018.0
1626307200,608.4,609.95,602.6501,606.17,1618283.0
1626393600,608.71,611.62,603.66,606.1,1249738.0
1626652800,602.75,610.69,598.14,602.05,2046575.0
1626739200,605.39,612.75,598.48,608.72,1675926.0
1626825600,605.72,612.58,603.32,612.26,1381019.0
1626912000,614.58,623.95,614.58,623.68,1477891.0
1626998400,625.76,631.64,622.0001,625.87,2030395.0
1627257600,624.18,625.87,619.725,620.8,1389898.0
1627344000,620.996,623.92,610.64,618.28,1540250.0
1627430400,620.99,626.0,617.57,620.92,1468103.0
1627516800,617.04,625.67,617.04,621.7,1068902.0
1627603200,619.03,622.8,617.29,621.63,1403651.0
1627862400,625.87,627.6,612.93,618.75,1467043.0
1627948800,620.23,624.7,614.0,621.28,1067408.0
1628035200,622.47,627.08,617.6202,625.68,1306893.0
1628121600,626.99,632.47,623.0,632.08,1158339.0
1628208000,629.27,631.84,625.17,631.38,1127956.0
1628467200,634.98,634.98,626.925,629.22,1119124.0
1628553600,630.48,633.2999,620.6,621.74,1540139.0
1628640000,623.76,627.42,621.65,626.03,1328509.0
1628726400,626.0,636.64,624.04,634.35,1163881.0
1628812800,634.49,638.426,632.35,637.31,932829.0
1629072000,637.03,638.02,628.188,636.94,1105563.0
1629158400,636.55,637.0,630.22,635.01,1346430.0
1629244800,632.8,637.14,626.05,626.77,1386502.0
1629331200,624.88,642.55,623.6334,637.66,1693879.0
1629417600,639.84,652.0,634.53,647.34,1434000.0
1629676800,645.87,658.5,645.52,656.86,1652444.0
1629763200,659.14,660.0,653.4,657.24,866488.0
1629849600,658.61,661.06,651.64,656.8,1048207.0
1629936000,653.59,657.91,649.35,652.39,1619386.0
1630022400,652.52,662.61,651.86,658.52,1142619.0
1630281600,659.7774,667.67,659.7774,665.99,1341472.0
1630368000,667.9,667.9,660.46,663.7,1877807.0
1630454400,664.51,668.96,662.0,665.89,1261172.0
1630540800,669.82,669.85,661.67,664.64,1403452.0
1630627200,664.43,673.88,664.295,666.59,1641621.0
1630972800,667.35,668.87,656.55,661.39,1382387.0
1631059200,660.15,664.08,657.1,663.22,1368043.0
1631145600,664.84,667.46,659.93,661.68,1110228.0
1631232000,666.18,668.87,658.2,658.94,1204255.0
1631491200,663.04,663.6,640.24,645.15,2242491.0
1631577600,646.0,649.58,642.46,645.01,2150162.0
1631664000,652.315,663.309,650.975,661.08,2009337.0
1631750400,657.53,666.47,654.705,665.11,2046113.0
1631836800,663.21,665.0,652.04,654.48,3553211.0
1632096000,646.035,653.93,633.05,641.29,2637412.0
1632182400,646.876,650.945,640.3,645.89,2449253.0
1632268800,624.79,628.94,615.06,626.08,5689624.0
1632355200,632.288,633.815,627.02,630.84,2985547.0
1632441600,628.0,629.03,618.22,622.71,2809022.0
1632700800,615.8,616.6562,602.73,603.65,4152187.0
1632787200,596.3142,596.3142,578.33,578.77,5108900.0
1632873600,585.45,586.55,576.07,577.7,2726816.0
1632960000,580.64,586.1946,573.2358,575.72,2747916.0
1633046400,577.52,581.47,568.61,577.47,2915254.0
1633305600,574.59,576.8,552.14,558.49,3976963.0
1633392000,563.91,570.29,559.21,566.7,2337838.0
1633478400,561.24,572.155,560.21,570.31,2043151.0
1633564800,578.46,586.145,576.19,578.96,2648546.0
1633651200,581.3,583.61,575.52,576.86,2051019.0
1633910400,574.5,582.28,571.495,573.07,1410612.0
1633996800,579.157,584.22,574.42,580.69,1740279.0
1634083200,585.26,593.54,582.655,591.12,2144405.0
1634169600,600.0,609.44,596.97,607.51,2501675.0
1634256000,611.694,612.25,607.55,610.09,1960103.0
1634515200,610.65,623.47,607.57,622.83,1905125.0
1634601600,625.26,639.39,625.26,636.07,2470024.0
1634688000,639.28,641.29,630.1713,632.37,1497205.0
1634774400,632.0,639.17,629.0,638.66,1586592.0
1634860800,640.43,644.43,634.45,643.58,1786582.0
1635120000,644.47,649.62,639.0652,646.97,1629369.0
1635206400,650.91,659.19,642.1,642.5,2153959.0
1635292800,644.48,648.8053,639.81,640.08,1630177.0
1635379200,638.0,642.49,633.27,639.28,2085002.0
1635465600,637.77,651.31,637.0,650.36,1927887.0
1635724800,651.05,654.0,634.78,640.2,2215757.0
1635811200,641.12,647.7436,639.23,640.4,1769966.0
1635897600,645.52,656.5,640.0,655.18,1970703.0
1635984000,659.44,676.08,657.75,674.08,2480616.0
1636070400,676.74,677.76,661.11,662.72,2517646.0
1636329600,666.56,668.25,661.4,666.02,1497363.0
1636416000,667.69,669.66,663.0,667.92,1128004.0
1636502400,663.2,665.8099,645.86,647.5,2038209.0
1636588800,649.61,652.57,642.1,643.17,1271194.0
1636675200,649.01,658.4725,647.16,657.6,1286806.0
1636934400,658.37,663.665,655.19,659.73,1077608.0
1637020800,659.14,673.7449,658.99,671.03,1421950.0
1637107200,671.76,672.7367,662.84,670.67,1221871.0
1637193600,670.62,676.55,665.08,670.96,1494358.0
1637280000,681.26,699.5,678.91,688.37,3093812.0
1637539200,696.275,699.54,672.66,673.57,2285511.0
1637625600,662.7035,667.5699,648.61,665.16,2504127.0
1637712000,655.83,668.87,647.14,668.32,2426821.0
1637884800,670.2529,683.9999,659.68,662.1,2203960.0
1638144000,668.0,691.36,665.77,687.49,2728844.0
1638230400,687.22,694.89,667.83,669.85,4703616.0
1638316800,676.0,678.78,656.28,657.41,2832765.0
1638403200,655.95,674.845,653.62,671.88,2675408.0
1638489600,658.1,662.09,604.3,616.53,6741841.0
1638748800,617.47,625.9,605.725,622.04,3170342.0
1638835200,644.193,655.22,640.05,649.96,3943536.0
1638921600,647.3,654.65,641.61,653.1,2416232.0
1639008000,650.92,655.72,630.88,632.57,2550690.0
1639094400,638.13,654.97,635.1,654.45,2872975.0
1639353600,652.77,675.21,650.9784,658.3,3829357.0
1639440000,635.36,636.0,599.1,614.86,5934156.0
1639526400,615.96,631.25,604.6199,630.33,4288818.0
1639612800,578.4,591.5773,556.1501,566.09,10961250.0
1639699200,566.09,566.99,545.135,556.64,8014024.0
1639958400,545.61,557.27,543.5,549.77,3441126.0
1640044800,550.91,559.89,538.05,557.52,4104714.0
1640131200,560.3,564.92,552.24,563.98,4526208.0
1640217600,568.96,572.57,566.1601,569.62,2147722.0
1640563200,575.04,580.88,572.09,577.68,1980504.0
1640649600,582.84,582.88,568.35,569.36,2108375.0
1640736000,573.329,576.96,562.78,569.29,2484190.0
1640822400,570.57,578.99,566.04,570.53,1564633.0
1640908800,570.0,570.17,565.07,567.06,1581578.0
1641168000,566.65,575.0,553.2673,564.37,2863488.0
1641254400,563.9,564.3,541.31,554.0,4344805.0
1641340800,535.0,538.745,514.0,514.43,7394814.0
1641427200,510.0,526.31,508.2,514.12,3913592.0
1641513600,513.66,520.42,504.0,510.7,3605411.0
1641772800,500.0,526.58,497.01,525.83,5429694.0
1641859200,525.5533,535.18,520.9821,529.89,3422161.0
1641945600,533.09,541.59,529.28,532.37,2901791.0
1642032000,532.22,535.265,516.32,516.9,3406500.0
1642118400,514.49,522.5715,511.27,520.6,2659825.0
1642464000,510.39,519.39,504.98,513.34,3461507.0
1642550400,516.48,528.9179,515.3,516.58,2985891.0
1642636800,522.38,532.025,509.64,510.85,3208136.0
1642723200,508.5,513.8624,499.2701,499.91,4276067.0
1642982400,491.07,520.43,483.31,519.66,7555213.0
1643068800,505.51,514.26,500.01,502.72,4051522.0
1643155200,514.0,520.49,494.22,500.81,4449496.0
1643241600,508.94,513.23,485.62,493.05,5870522.0
1643328000,494.09,519.0,480.62,518.16,4339027.0
1643587200,518.98,534.94,514.39,534.3,3995098.0
1643673600,536.0,538.77,527.72,535.98,2307434.0
1643760000,536.25,540.46,529.3201,533.09,2494142.0
1643846400,522.87,525.18,508.75,510.83,3058710.0
1643932800,503.77,519.97,503.77,513.54,2583714.0
1644192000,516.0,516.0,500.95,507.1,3120737.0
1644278400,501.63,513.51,501.07,511.31,3205743.0
1644364800,520.35,522.48,515.06,521.75,2542201.0
1644451200,508.08,514.4799,492.28,495.02,4735802.0
1644537600,497.92,499.93,472.8952,473.97,5026970.0
1644796800,473.2,478.57,469.2101,474.01,3372122.0
1644883200,482.5337,482.5337,472.39,479.5,3745338.0
1644969600,476.485,480.21,467.27,477.7,3750472.0
1645056000,473.14,476.45,456.05,457.71,4021128.0
1645142400,458.69,459.3,441.77,442.56,5194162.0
1645488000,440.35,451.09,435.05,438.4,4287637.0
1645574400,447.78,449.59,428.06,429.45,4263021.0
1645660800,418.59,465.93,416.8124,463.82,6448772.0
1645747200,465.39,468.5199,456.015,465.54,2869739.0
1646006400,462.4,468.48,458.86,467.68,3302341.0
1646092800,468.0,479.21,462.92,466.68,3352760.0
1646179200,471.94,477.49,466.04,471.18,2948450.0
1646265600,475.83,476.05,455.445,459.08,2906318.0
1646352000,455.49,463.52,447.0,452.13,2752177.0
1646611200,456.22,457.68,437.18,437.97,3676072.0
1646697600,432.51,443.8,421.36,431.53,3734842.0
1646784000,443.8,453.11,438.93,450.87,2905656.0
1646870400,444.68,447.65,433.01,438.95,2722310.0
1646956800,439.66,440.61,415.43,416.38,4434498.0
1647216000,413.36,422.375,407.94,411.5,3731582.0
1647302400,415.97,422.96,413.1663,421.66,3201730.0
1647388800,431.74,442.52,424.35,442.36,4141181.0
1647475200,441.26,446.82,436.51,444.36,3556732.0
1647561600,439.2,453.74,435.79,453.33,5898143.0
1647820800,451.42,459.58,445.95,453.59,3704194.0
1647907200,453.5,471.98,450.69,466.45,5377001.0
1647993600,437.51,437.98,416.47,422.9,13979760.0
1648080000,426.08,432.21,421.49,432.14,5544251.0
1648166400,435.44,438.6205,425.995,431.62,3285206.0
1648425600,433.415,450.32,433.15,450.01,4472560.0
1648512000,459.16,467.8,452.44,466.33,4323766.0
1648598400,461.52,466.765,456.84,460.06,3889225.0
1648684800,461.59,465.43,455.43,455.62,4141278.0
1648771200,455.0,461.55,450.96,458.19,2718422.0
1649030400,461.04,473.49,460.61,468.81,2975096.0
1649116800,469.32,471.76,455.07,458.58,2481933.0
1649203200,448.235,450.01,439.57,444.33,3824913.0
1649289600,444.09,455.9199,440.76,452.72,2757799.0
1649376000,449.95,454.41,443.37,445.34,2260687.0
1649635200,438.81,440.0,429.74,434.44,2932055.0
1649721600,442.685,444.44,425.16,426.77,2199003.0
1649808000,427.3,433.52,425.67,431.67,3078941.0
1649894400,435.86,435.95,420.03,420.44,2597004.0
1650240000,419.4,429.69,418.73,425.47,2594660.0
1650326400,422.02,437.49,420.64,436.4,1962652.0
1650412800,440.59,442.44,427.2,428.11,2094449.0
1650499200,432.69,438.94,416.3625,417.48,2390149.0
1650585600,420.71,424.33,408.02,408.67,3198841.0
1650844800,405.7,414.08,401.67,413.95,3368825.0
1650931200,410.17,411.61,397.465,399.12,2820097.0
1651017600,401.44,412.46,396.81,397.9,3080696.0
1651104000,406.13,414.2749,398.49,410.53,2593890.0
1651190400,407.47,413.0,394.64,395.95,3033248.0
1651449600,397.13,407.98,394.04,407.29,3009981.0
1651536000,406.59,413.93,403.5,407.58,2196257.0
1651622400,407.29,424.23,395.05,423.35,3330434.0
1651708800,415.55,417.99,395.71,400.51,3507716.0
1651795200,395.0,401.26,382.82,391.01,3522430.0
1652054400,381.95,389.6271,374.86,376.91,4324888.0
1652140800,385.72,400.83,374.78,393.03,5334377.0
1652227200,389.99,409.9899,377.81,379.33,3821953.0
1652313600,373.4,390.13,370.27,388.49,4048173.0
1652400000,396.47,408.97,393.94,405.45,3379472.0
1652659200,399.74,407.17,396.6,402.86,2645162.0
1652745600,413.08,416.72,403.54,409.65,2614675.0
1652832000,404.38,411.6599,396.11,397.88,2915922.0
1652918400,399.01,403.035,391.565,394.38,2797416.0
1653004800,401.39,406.24,385.621,399.09,3432395.0
1653264000,404.01,407.88,398.89,406.76,2337511.0
1653350400,401.61,404.33,391.0375,398.41,2630761.0
1653436800,395.32,406.095,394.71,402.5,2726718.0
1653523200,405.09,411.55,402.46,408.6,2419479.0
1653609600,414.8,428.55,414.63,428.22,3560381.0
1653955200,427.22,427.29,412.79,416.48,7944164.0
1654041600,428.0,437.549,413.785,418.16,3409856.0
1654128000,418.11,441.9,415.84,441.28,3415664.0
1654214400,430.71,438.01,427.255,429.76,2355536.0
1654473600,437.59,440.0,427.0361,429.46,1563987.0
1654560000,423.98,435.2,423.12,433.42,1611182.0
1654646400,430.54,433.75,426.42,428.84,1790134.0
1654732800,424.17,436.04,423.48,426.42,2572418.0
1654819200,412.9,413.96,390.185,393.84,4407524.0
1655078400,377.36,385.65,371.085,371.65,4724765.0
1655164800,371.44,376.89,367.31,370.82,3197215.0
1655251200,376.03,382.75,368.5,376.92,3664477.0
1655337600,369.37,376.12,360.9,365.08,5775295.0
1655424000,349.24,367.32,338.0,360.79,9475054.0
1655769600,355.02,372.795,353.51,362.99,5343494.0
1655856000,360.79,372.55,358.2228,365.33,3168159.0
1655942400,371.71,378.18,367.47,376.64,2534343.0
1656028800,380.64,388.06,378.22,387.72,3305337.0
1656288000,388.8,389.385,379.38,381.07,2244631.0
1656374400,381.0,382.98,364.45,365.63,2660047.0
1656460800,367.94,370.37,362.64,368.5,2027907.0
1656547200,362.9,370.42,357.56,366.06,2595510.0
1656633600,364.175,369.529,359.07,368.48,2471735.0
1656979200,363.5,378.52,359.82,376.49,3121504.0
1657065600,378.54,385.385,374.09,382.83,2284551.0
1657152000,382.5,392.07,382.38,390.89,2368519.0
1657238400,384.35,391.86,383.84,389.44,1611201.0
1657497600,386.57,388.05,380.4569,384.16,1835865.0
1657584000,383.9,391.515,372.91,375.54,2639683.0
1657670400,368.2,374.41,364.7,371.94,1993962.0
1657756800,368.83,374.194,361.46,372.96,2098363.0
1657843200,377.79,384.47,376.86,379.86,2488267.0
1658102400,383.83,385.565,374.01,375.23,1866609.0
1658188800,382.89,388.32,378.0,387.83,1977609.0
1658275200,392.19,403.13,390.07,401.49,2746782.0
1658361600,404.12,409.65,399.2401,408.91,2009914.0
1658448000,410.03,414.62,398.631,401.9,2413224.0
1658707200,400.11,400.7688,388.57,391.96,2340478.0
1658793600,393.58,393.58,378.16,379.26,2368512.0
1658880000,385.08,394.91,383.405,392.78,2669699.0
1658966400,392.76,406.15,390.06,403.5,2421734.0
1659052800,404.69,411.38,400.89,410.12,2670046.0
1659312000,406.51,417.16,405.07,411.09,1910045.0
1659398400,405.34,412.42,402.245,409.96,2165451.0
1659484800,412.81,426.04,412.02,424.54,2403471.0
1659571200,425.45,431.15,419.6303,430.59,2745635.0
1659657600,423.0,434.5425,421.0,433.43,2481397.0
1659916800,435.0,440.3,432.48,434.34,2202396.0
1660003200,434.34,434.59,424.615,426.57,1977285.0
1660089600,441.42,443.22,436.2,438.4,2634606.0
1660176000,445.26,445.61,434.4,434.89,1756701.0
1660262400,439.61,446.0,436.58,445.67,2150845.0
1660521600,445.07,451.15,442.14,451.02,2503382.0
1660608000,446.12,450.09,440.1,447.56,2139474.0
1660694400,440.87,442.99,436.1138,437.82,1894369.0
1660780800,438.61,441.39,437.0101,439.03,1402379.0
1660867200,431.58,432.5,424.62,425.055,2007722.0
1661126400,419.41,419.79,410.08,411.35,2074557.0
1661212800,410.37,415.7,409.2,410.41,1392235.0
1661299200,410.68,413.24,405.33,405.65,1883945.0
1661385600,405.79,406.67,392.915,403.93,3062439.0
1661472000,403.99,405.54,380.5,381.02,3600146.0
1661731200,380.09,382.86,374.82,375.26,2410300.0
1661817600,379.92,380.66,371.06,375.07,1835000.0
1661904000,378.53,381.145,372.5,373.44,3193853.0
1661990400,371.0,371.64,361.7205,370.53,2574360.0
1662076800,374.53,382.0,365.43,368.14,2450520.0
1662422400,367.23,374.3,365.37,368.3,2564423.0
1662508800,368.2,381.52,367.19,379.72,2385540.0
1662595200,377.2,386.66,375.2001,383.63,2276766.0
1662681600,390.19,396.09,389.665,394.78,3000456.0
1662940800,391.09,396.39,389.28,396.36,2854834.0
1663027200,382.55,383.575,367.37,368.39,4175142.0
1663113600,369.57,374.24,365.61,371.52,3004368.0
1663200000,323.15,329.0,305.0,309.13,27840210.0
1663286400,298.32,300.2,292.14,299.5,14948060.0
1663545600,294.88,299.28,293.4642,296.06,6593418.0
1663632000,292.82,294.08,287.8088,291.06,6548807.0
1663718400,292.84,297.94,286.22,286.3,4913148.0
1663804800,282.0,289.55,280.06,287.06,5657554.0
1663891200,285.57,288.5537,280.7,284.56,4739324.0
1664150400,286.03,288.9,276.75,276.96,6746157.0
1664236800,281.7,284.5,274.73,277.57,6390916.0
1664323200,280.38,282.74,275.37,281.4,4985056.0
1664409600,277.8,279.59,275.01,278.25,5155272.0
1664496000,279.69,284.29,274.85,275.2,4578776.0
1664755200,278.269,286.9,277.0,285.24,3738131.0
1664841600,290.95,296.79,290.18,294.97,4509241.0
1664928000,291.41,298.8087,289.175,297.38,3469554.0
1665014400,297.15,305.5,297.1045,298.41,4884021.0
1665100800,291.36,293.705,286.83,288.77,3495936.0
1665360000,289.75,290.28,283.05,285.72,2906344.0
1665446400,285.69,288.28,281.44,284.83,3209826.0
1665532800,284.69,289.79,283.09,286.15,3044146.0
1665619200,279.71,298.17,276.595,294.74,4737194.0
1665705600,295.12,297.59,287.45,287.94,3564055.0
1665964800,297.45,297.96,291.4,293.5,4600581.0
1666051200,302.68,303.49,286.81,292.98,5472027.0
1666137600,295.4,303.71,292.7,299.83,5529099.0
1666224000,301.03,309.19,299.34,302.38,3621565.0
1666310400,300.99,307.43,298.23,306.37,3659302.0
1666569600,308.43,317.329,306.2,316.22,4817437.0
1666656000,319.12,324.23,316.74,323.79,3814599.0
1666742400,318.16,330.5849,316.54,320.48,4209819.0
1666828800,322.96,323.85,316.87,318.65,2870213.0
1666915200,318.67,327.05,318.67,325.68,3008352.0
1667174400,323.49,325.58,317.42,318.5,3253249.0
1667260800,321.01,322.84,312.785,316.02,2467654.0
1667347200,318.84,318.84,301.09,301.22,3481158.0
1667433600,297.07,299.61,285.37,285.93,4897062.0
1667520000,290.38,291.01,278.23,285.75,5738257.0
1667779200,288.97,300.355,287.57,299.54,3980689.0
1667865600,301.15,309.9,297.77,302.17,4230611.0
1667952000,299.65,303.29,297.35,298.87,2778150.0
1668038400,318.55,330.37,317.87,329.95,5502901.0
1668124800,330.34,342.31,329.49,341.15,4110087.0
1668384000,338.07,345.11,334.425,340.37,3449977.0
1668470400,348.41,350.9699,342.56,345.96,2948558.0
1668556800,345.0,345.015,336.72,338.41,2123183.0
1668643200,331.74,339.8699,329.35,337.83,2741374.0
1668729600,344.3,344.7,329.1383,330.86,3421744.0
1668988800,329.53,330.25,320.6,321.49,3219867.0
1669075200,322.49,331.54,320.2,330.88,2573813.0
1669161600,329.93,338.5,327.59,335.78,2240777.0
1669334400,332.885,335.51,332.01,334.3,1197767.0
1669593600,335.83,338.19,328.065,328.97,2315372.0
1669680000,326.69,329.7,323.6749,326.78,2392609.0
1669766400,327.12,345.03,326.38,344.93,4979759.0
1669852800,348.03,350.67,341.5,344.11,3365247.0
1669939200,337.2,343.5276,334.2225,341.53,2741993.0
1670198400,337.8,340.51,330.83,334.09,2542324.0
1670284800,334.09,334.22,327.395,331.15,2182444.0
1670371200,327.53,331.0,325.49,326.68,2055980.0
1670457600,325.71,336.2005,324.345,332.58,2065839.0
1670544000,331.5,334.69,328.5,330.64,1969161.0
1670803200,334.76,338.27,332.65,338.17,2914653.0
1670889600,353.63,355.67,338.79,342.46,3428046.0
1670976000,343.89,345.9499,335.0,339.92,3236488.0
1671062400,332.76,334.5,324.59,328.71,5498714.0
1671148800,345.0,354.4699,337.24,338.54,11940750.0
1671408000,338.0,340.7436,326.3,328.76,4086288.0
1671494400,327.0,342.5,325.52,338.22,3873632.0
1671580800,340.29,345.29,336.44,341.38,2582991.0
1671667200,336.01,339.88,330.94,336.52,2320005.0
1671753600,335.0,338.92,333.285,338.45,1629781.0
1672099200,338.0,338.16,332.46,335.09,1464308.0
1672185600,335.06,338.5,327.19,328.33,1672063.0
1672272000,330.75,339.5,329.7604,337.58,1793051.0
1672358400,333.0,336.64,331.64,336.53,1740879.0
1672704000,340.16,345.82,331.92,336.92,2229104.0
1672790400,342.89,345.6292,336.73,341.41,2186849.0
1672876800,337.53,337.55,328.16,328.44,2081625.0
1672963200,332.28,334.88,322.44,332.75,2216579.0
1673222400,338.9,349.455,338.42,341.98,3133817.0
1673308800,337.65,344.63,336.8,338.7,1670248.0
1673395200,337.39,343.19,333.47,342.93,2344403.0
1673481600,344.165,346.44,337.37,344.54,2121831.0
1673568000,340.25,344.65,335.5,344.38,2582132.0
1673913600,344.38,350.786,341.97,344.38,2512729.0
1674000000,345.01,349.24,338.4,341.31,2080033.0
1674086400,340.56,346.73,340.01,342.53,2466965.0
1674172800,343.27,357.42,342.76,356.38,3149369.0
1674432000,358.28,365.87,356.85,364.98,3187260.0
1674518400,364.1,364.45,358.0,361.32,2466393.0
1674604800,355.665,359.73,350.57,358.17,2239126.0
1674691200,362.76,367.43,360.7201,365.82,2350520.0
1674777600,363.49,373.42,362.85,370.71,2615582.0
1675036800,365.9,368.7,362.83,363.42,2663620.0
1675123200,364.71,370.7,364.01,370.34,2572359.0
1675209600,370.01,386.72,366.8,383.92,3361966.0
1675296000,393.28,402.49,388.8822,392.23,4020009.0
1675382400,384.29,386.715,377.92,379.33,2695428.0
1675641600,376.21,379.29,373.39,375.23,2369777.0
1675728000,373.43,384.94,372.7556,383.82,2476197.0
1675814400,382.49,387.28,375.7,378.36,2668061.0
1675900800,384.97,386.51,374.02,375.81,2265158.0
1675987200,371.63,374.52,367.08,370.99,1846426.0
1676246400,373.41,376.31,371.03,375.0,1877255.0
1676332800,375.0,380.56,369.96,377.9,2479706.0
1676419200,375.6,381.67,374.84,375.94,2089245.0
1676505600,366.04,373.49,363.55,365.16,2917042.0
1676592000,359.31,359.61,352.12,356.85,2985940.0
1676937600,350.78,353.25,345.69,346.7,3002659.0
1677024000,346.69,353.1724,344.45,348.72,2599304.0
1677110400,350.44,353.8,343.9275,347.02,3154508.0
1677196800,328.12,329.76,318.6,320.54,8444481.0
1677456000,322.02,325.1,320.7,322.32,3500550.0
1677542400,323.37,325.73,320.97,323.95,2714154.0
1677628800,323.8,325.26,321.0,323.38,2377736.0
1677715200,323.38,334.46,321.56,333.5,3846745.0
1677801600,334.69,344.76,334.4835,344.04,3725472.0
1678060800,344.33,351.775,344.28,347.02,3060306.0
1678147200,347.86,352.165,344.06,344.8,2252817.0
1678233600,346.74,348.69,343.4701,345.84,2518851.0
1678320000,344.72,350.13,336.99,338.37,3798302.0
1678406400,338.34,338.52,328.445,329.3,4148249.0
1678665600,329.42,333.0,323.29,324.27,4203455.0
1678752000,332.21,335.17,328.695,333.33,3850920.0
1678838400,330.0,334.28,328.1725,333.61,4627109.0
1678924800,344.57,355.49,340.53,353.29,6948578.0
1679011200,354.78,360.63,350.835,358.14,6725352.0
1679270400,357.61,364.9399,355.35,362.88,3946758.0
1679356800,364.63,376.4,362.92,374.22,4479191.0
1679443200,375.0,377.3299,361.52,361.71,3878428.0
1679529600,368.99,375.2499,365.49,369.0,3138588.0
1679616000,370.23,375.23,367.72,374.96,2995521.0
1679875200,376.51,380.35,369.68,373.15,2832190.0
1679961600,373.42,374.0,367.82,373.4,1780809.0
1680048000,376.68,380.12,375.56,379.16,2497612.0
1680134400,381.65,382.58,378.08,381.9,2138955.0
1680220800,382.29,385.73,380.26,385.37,3063428.0
1680480000,380.88,383.73,378.15,380.08,2712644.0
1680566400,382.24,385.7,381.0502,385.15,2569950.0
1680652800,384.09,386.0,377.255,382.02,2277403.0
1680739200,379.31,382.46,375.99,380.6,1836025.0
1681084800,375.48,376.67,372.26,376.25,1689674.0
1681171200,374.01,375.9,368.35,371.11,2161051.0
1681257600,376.42,378.23,368.75,369.89,1978197.0
1681344000,373.2,379.02,372.73,378.8,2434809.0
1681430400,376.37,380.57,375.14,379.38,1525633.0
1681689600,379.61,380.76,374.62,377.92,1614322.0
1681776000,380.9,380.9,374.4875,377.55,1586650.0
1681862400,377.9,382.84,375.6,380.11,1775191.0
1681948800,376.04,382.995,375.67,380.26,1947863.0
1682035200,379.97,380.44,375.44,377.67,1841641.0
1682294400,376.59,378.95,373.57,377.34,1531057.0
1682380800,373.63,375.23,368.88,369.59,2413128.0
1682467200,368.6,369.45,357.25,363.06,2803239.0
1682553600,365.94,373.8199,363.5,371.42,2338835.0
1682640000,371.42,377.69,368.56,377.56,2061740.0
1682899200,376.51,378.72,373.71,374.15,1867950.0
1682985600,374.355,375.845,367.84,368.66,2287616.0
1683072000,363.49,365.96,344.235,345.25,6700789.0
1683158400,347.97,348.0,332.84,335.83,6614890.0
1683244800,338.98,349.55,338.03,348.4,4260906.0
1683504000,348.0,350.48,340.76,344.06,3135894.0
1683590400,342.5,345.0,341.23,342.65,1879635.0
1683676800,348.25,351.995,341.8318,344.02,3386325.0
1683763200,341.88,344.66,339.37,341.58,2183379.0
1683849600,340.51,340.79,331.89,335.45,4278675.0
1684108800,337.35,345.89,333.01,345.67,3330491.0
1684195200,344.2,347.065,341.17,345.11,2558537.0
1684281600,345.36,358.69,345.12,356.63,3560559.0
1684368000,357.0,361.48,356.45,360.43,2896438.0
1684454400,363.0,372.08,361.36,371.25,3856887.0
1684713600,371.25,374.4025,369.66,372.05,2627139.0
1684800000,371.81,376.49,369.92,370.42,2967666.0
1684886400,368.41,369.06,361.72,365.76,2666564.0
1684972800,375.49,397.6515,374.09,392.06,7029991.0
1685059200,396.72,416.36,396.57,415.39,7833550.0
1685404800,429.94,432.99,416.08,417.21,5332305.0
1685491200,413.9,421.36,410.701,417.79,5158453.0
1685577600,412.29,430.6,412.29,426.75,4443071.0
1685664000,432.0,438.5308,430.36,436.37,4334768.0
1685923200,433.01,440.3799,426.96,434.18,3447429.0
1686009600,432.55,437.12,431.24,432.89,2342000.0
1686096000,434.56,436.81,417.7425,418.32,4772958.0
1686182400,424.15,440.6275,423.5841,439.03,6065556.0
1686268800,456.91,466.59,453.09,454.0,7933961.0
1686528000,463.705,478.04,459.42,474.63,6930639.0
1686614400,489.71,491.51,470.36,478.99,7412478.0
1686700800,476.15,483.85,473.2,479.53,5150116.0
1686787200,475.47,495.1999,474.25,490.91,9682234.0
1686873600,518.23,518.74,494.62,495.18,13343820.0
1687219200,485.63,492.6883,480.0,485.86,5336284.0
1687305600,492.0,495.55,475.31,477.48,5258704.0
1687392000,474.12,481.0,473.0201,477.58,3603787.0
1687478400,472.95,487.33,472.32,484.72,4481510.0
1687737600,483.01,487.1563,479.05,479.51,3169505.0
1687824000,480.0,490.8,479.95,489.27,2691749.0
1687910400,482.0,489.75,480.39,482.43,3229236.0
1687996800,484.47,485.83,479.6,483.77,1905381.0
1688083200,482.74,492.81,482.72,488.99,3096582.0
1688342400,486.39,486.61,479.8401,485.21,1489463.0
1688515200,480.99,489.41,479.73,487.26,2190353.0
1688601600,479.99,482.5,475.0,481.29,2102202.0
1688688000,481.98,490.42,479.86,485.27,2325039.0
1688947200,485.27,499.1999,485.11,496.35,3352622.0
1689033600,497.28,506.03,491.76,504.74,2844239.0
1689120000,509.405,510.79,500.01,507.36,3027419.0
1689206400,509.62,519.4099,509.5,517.28,3049373.0
1689292800,517.34,523.785,512.67,514.83,2303710.0
1689552000,513.0,522.6892,512.38,522.0,2646013.0
1689638400,519.64,535.1299,517.375,532.23,4094580.0
1689724800,534.48,539.0,526.0601,527.17,3383210.0
1689811200,522.03,528.31,514.085,516.88,3264482.0
1689897600,521.75,529.6851,519.28,520.23,8099521.0
1690156800,520.0,524.84,514.86,523.86,2261046.0
1690243200,519.42,526.88,517.92,525.34,2472108.0
1690329600,520.49,521.1,510.44,514.55,2918652.0
1690416000,523.16,527.9,511.24,513.97,2477246.0
1690502400,515.43,530.32,514.63,528.87,2810248.0
1690761600,541.87,552.94,541.87,546.17,4064689.0
1690848000,545.78,552.015,541.67,549.1,2277295.0
1690934400,539.32,539.99,526.5,530.3,2973101.0
1691020800,523.0,530.912,522.217,523.76,2187501.0
1691107200,526.74,535.63,522.12,526.88,2462880.0
1691366400,530.0,532.58,523.52,529.73,1777773.0
1691452800,523.99,524.5788,515.25,520.6,2626110.0
1691539200,520.55,520.97,509.53,513.78,1843778.0
1691625600,521.03,523.22,512.98,515.83,1901693.0
1691712000,510.83,514.9,506.37,508.45,1930647.0
1691971200,506.78,522.5549,505.03,522.25,2052509.0
1692057600,518.35,522.04,516.0593,518.7,1824324.0
1692144000,517.81,523.15,514.17,514.49,1541297.0
1692230400,525.0,525.49,510.56,511.67,2455834.0
1692316800,504.65,510.05,503.9,508.13,2140067.0
1692576000,510.29,522.98,510.29,520.47,2428287.0
1692662400,529.715,530.0,518.35,519.48,1496587.0
1692748800,522.73,535.25,519.24,530.71,2336856.0
1692835200,539.0,539.67,511.05,512.43,2950211.0
1692921600,514.92,528.43,514.465,525.06,2308269.0
1693180800,525.7,533.51,523.98,529.92,1684095.0
1693267200,527.7,541.97,526.1473,540.57,2166979.0
1693353600,540.1,546.0,536.09,545.36,1930271.0
1693440000,547.0,562.1,546.76,559.34,3919340.0
1693526400,564.8,569.98,558.517,563.21,2234067.0
1693872000,557.88,567.59,555.42,564.88,2349719.0
1693958400,560.45,564.06,555.85,561.94,2299883.0
1694044800,554.0,561.83,551.075,560.46,2089396.0
1694131200,568.9,570.2399,558.03,560.36,2265288.0
1694390400,562.0,565.4302,556.7,564.5,2083293.0
1694476800,555.63,559.0921,540.37,542.21,3961254.0
1694563200,557.02,559.85,546.43,553.56,3465169.0
1694649600,551.09,555.1948,544.34,552.16,4786850.0
1694736000,532.11,537.69,523.616,528.89,9774477.0
1694995200,524.23,533.98,522.18,532.42,2650669.0
1695081600,531.35,542.4,529.47,541.69,2386600.0
1695168000,541.69,548.85,535.73,535.78,2628934.0
1695254400,519.48,526.29,513.4,513.88,3846952.0
1695340800,513.09,518.15,508.83,512.9,2702856.0
1695600000,511.45,514.245,507.22,511.6,2219542.0
1695686400,510.14,510.14,502.01,506.3,2375405.0
1695772800,507.51,509.25,498.6955,502.6,3311103.0
1695859200,500.0,508.675,499.25,504.67,2720174.0
1695945600,505.44,518.58,505.44,509.9,2796314.0
1696204800,508.24,522.405,508.24,521.13,2411478.0
1696291200,517.52,520.49,504.55,507.03,2004074.0
1696377600,511.93,519.76,510.0001,518.42,2027195.0
1696464000,519.84,522.605,509.235,516.44,1818976.0
1696550400,513.22,531.31,509.52,526.68,2526306.0
1696809600,522.0,530.0,518.75,529.29,1713470.0
1696896000,530.91,537.0,530.4,532.72,2090863.0
1696982400,538.59,551.34,536.11,549.91,3307461.0
1697068800,553.7,574.4,552.23,559.63,4624024.0
1697155200,560.0,562.89,546.99,548.76,2834091.0
1697414400,553.18,555.57,545.6904,550.74,2179737.0
1697500800,545.41,560.8,543.34,560.09,2355261.0
1697587200,554.48,568.18,554.24,557.87,2614474.0
1697673600,560.0,567.1,553.47,555.74,2809290.0
1697760000,555.74,555.98,535.95,540.96,2729190.0
1698019200,535.81,548.025,531.0,540.41,2172607.0
1698105600,544.64,546.0,532.12,539.56,2358082.0
1698192000,533.56,534.46,517.63,521.14,2525960.0
1698278400,530.0,530.99,511.68,514.28,2876701.0
1698364800,517.5,519.8556,506.915,508.12,2985560.0
1698624000,516.11,530.75,512.24,526.94,2806930.0
1698710400,530.64,532.635,522.8101,532.06,2052270.0
1698796800,535.0,545.27,534.0,544.5,2644530.0
1698883200,550.44,559.355,550.0,558.71,2634829.0
1698969600,560.0,567.03,557.66,563.66,2066520.0
1699228800,566.0,567.88,558.175,565.45,2593386.0
1699315200,568.81,589.0,568.81,585.2,3993621.0
1699401600,589.0,595.665,581.07,585.31,3079173.0
1699488000,587.51,590.04,576.34,577.74,2336580.0
1699574400,580.49,598.135,576.005,597.22,3064510.0
1699833600,589.98,594.26,583.36,590.34,2505111.0
1699920000,601.56,613.705,599.04,604.33,2884917.0
1700006400,605.0,605.73,591.79,595.31,3088889.0
1700092800,595.45,605.27,592.14,602.06,2040415.0
1700179200,602.07,605.0499,597.02,602.66,1969358.0
1700438400,605.31,614.2,604.5,612.7,2394373.0
1700524800,610.63,615.565,607.0301,610.99,1906155.0
1700611200,616.63,624.38,614.0101,619.72,2064968.0
1700784000,616.26,619.44,613.6,619.43,942673.0
1701043200,618.8,625.8341,614.57,619.27,1854409.0
1701129600,613.975,625.6,612.26,623.32,2302913.0
1701216000,625.94,628.6,616.77,617.39,2595632.0
1701302400,620.0,621.48,605.07,611.01,3960309.0
1701388800,609.24,615.2,603.18,612.47,2490500.0
1701648000,604.91,608.29,596.21,604.56,2541501.0
1701734400,596.77,602.74,591.17,602.22,2577716.0
1701820800,608.06,608.5302,594.4867,595.7,2080429.0
1701907200,598.92,609.23,596.47,608.78,2605210.0
1701993600,605.0,610.23,601.3,610.01,2499653.0
1702252800,616.88,627.8195,614.34,625.2,3270609.0
1702339200,625.86,633.89,623.0,633.66,2968858.0
1702425600,630.41,632.445,618.0301,624.26,6188452.0
1702512000,593.0,593.16,578.3,584.64,11315350.0
1702598400,580.6,591.66,578.2,584.68,8666491.0
1702857600,591.52,603.1337,586.62,599.13,5452047.0
1702944000,600.0,612.705,598.08,604.64,4150712.0
1703030400,600.71,610.68,595.07,596.06,2587339.0
1703116800,603.0,607.4006,594.82,600.14,3192763.0
1703203200,600.8,601.86,596.0,598.75,1660631.0
1703548800,598.92,601.69,596.5,598.26,1595053.0
1703635200,598.6,599.79,593.71,596.08,1394905.0
1703721600,597.44,599.04,593.6301,595.52,1702553.0
1703808000,596.09,600.75,592.94,596.6,1890231.0
1704153600,589.51,590.44,576.755,580.07,2840192.0
1704240000,574.58,577.305,570.19,571.79,2478008.0
1704326400,570.99,572.91,566.66,567.05,2092099.0
1704412800,563.5,569.52,563.34,564.6,1923240.0
1704672000,567.87,581.51,567.87,580.55,2829955.0
1704758400,578.33,588.2,577.28,586.2,1926919.0
1704844800,585.43,593.65,585.43,591.03,2135690.0
1704931200,592.0,597.84,584.52,597.49,2331830.0
1705017600,598.39,599.38,593.0177,596.54,1472167.0
1705363200,592.83,597.76,588.34,597.68,2126096.0
1705449600,591.99,596.75,582.44,596.1,2588293.0
1705536000,586.9,596.89,584.21,593.7,2793610.0
1705622400,593.81,612.07,589.13,611.55,3755338.0
1705881600,615.0,620.96,603.15,603.59,4488000.0
1705968000,602.21,604.32,591.34,597.18,2723463.0
1706054400,601.71,616.95,597.46,606.48,2999032.0
1706140800,615.42,627.06,612.24,622.58,3806205.0
1706227200,620.7,622.5,613.0,613.93,2137831.0
1706486400,615.71,636.25,615.71,630.23,3212187.0
1706572800,630.0,630.47,620.89,627.96,2007432.0
1706659200,620.0,625.93,612.17,617.78,2666775.0
1706745600,619.0,628.8,618.775,627.91,1687613.0
1706832000,624.79,638.25,617.01,634.76,2542763.0
1707091200,633.03,634.5899,624.54,630.5,2131245.0
1707177600,625.58,626.46,604.67,607.14,3436244.0
1707264000,613.25,620.42,610.15,615.85,2313824.0
1707350400,615.85,621.34,612.51,615.86,1815682.0
1707436800,616.0,628.07,615.805,627.21,2091353.0
1707696000,626.0,626.345,611.575,611.84,2317239.0
1707782400,596.7,608.39,590.0,601.89,2985238.0
1707868800,605.85,610.33,602.5,604.66,1615119.0
1707955200,606.0,607.3158,589.77,590.44,3677358.0
1708041600,589.9,590.1383,546.37,546.66,10328350.0
1708387200,531.495,545.88,528.01,541.91,6567568.0
1708473600,539.76,542.5699,529.3675,538.52,4493535.0
1708560000,553.94,555.5499,534.56,537.57,5023397.0
1708646400,543.49,557.18,541.48,553.44,4546484.0
1708905600,556.56,570.6,556.56,560.48,4251153.0
1708992000,565.91,565.91,548.54,552.49,3247572.0
1709078400,552.0,557.2,549.7601,551.82,2313223.0
1709164800,554.89,561.94,553.23,560.28,3844366.0
1709251200,561.11,572.89,560.67,570.93,2968098.0
1709510400,572.85,576.245,564.1,567.94,2556419.0
1709596800,562.6,564.19,539.35,544.84,4286834.0
1709683200,548.0,550.64,538.15,543.09,3209766.0
1709769600,550.0,558.38,541.59,556.04,2660544.0
1709856000,553.0,560.44,550.5114,551.69,2833180.0
1710115200,552.45,562.69,551.02,560.42,2857791.0
1710201600,568.6,579.79,562.6,579.14,3469161.0
1710288000,579.06,585.35,573.41,573.55,3466022.0
1710374400,578.0,579.54,568.76,570.45,5908117.0
1710460800,499.64,503.1263,485.0,492.46,19580840.0
1710720000,495.55,515.7299,495.55,513.86,7052677.0
1710806400,509.89,522.68,508.99,521.19,7081796.0
1710892800,523.29,523.87,512.5,519.14,4239557.0
1710979200,517.6,519.725,506.2,511.25,5206580.0
1711065600,509.07,511.59,496.67,499.52,5413647.0
1711324800,496.79,510.63,496.69,507.23,4277036.0
1711411200,508.06,512.79,503.59,507.6,2813329.0
1711497600,515.47,516.86,499.7,504.4,4228415.0
1711584000,508.12,509.0,500.26,504.6,3897003.0
1711929600,504.99,506.92,499.31,502.09,2056030.0
1712016000,494.403,500.75,491.34,499.21,3083273.0
1712102400,497.36,498.86,494.71,497.01,2604428.0
1712188800,503.56,504.11,486.7,487.11,3403327.0
1712275200,488.84,490.09,481.28,485.12,4972655.0
1712534400,484.78,486.98,477.23,484.28,3439211.0
1712620800,486.0,493.31,483.31,492.55,2548566.0
1712707200,489.39,491.765,480.28,487.22,2487870.0
1712793600,487.36,488.67,479.74,484.28,2978539.0
1712880000,477.95,478.78,468.6,474.09,5621945.0
1713139200,477.02,478.52,468.35,470.1,3353225.0
1713225600,470.0,478.98,468.49,476.22,2660097.0
1713312000,477.31,481.02,472.685,474.45,2034793.0
1713398400,476.76,477.605,471.825,473.18,2389742.0
1713484800,476.54,476.58,463.0901,465.02,3282142.0
1713744000,470.215,471.5,462.28,466.89,2604256.0
1713830400,469.72,474.81,467.83,472.9,2205836.0
1713916800,472.94,478.57,471.7283,477.12,2338044.0
1714003200,468.41,474.5042,465.78,473.44,2250913.0
1714089600,472.31,482.79,471.685,477.56,2460261.0
1714348800,478.04,481.677,471.07,473.07,2954736.0
1714435200,472.0,475.42,462.46,462.83,3222618.0
1714521600,461.12,477.76,460.36,469.39,2490171.0
1714608000,474.3,477.155,468.2994,476.57,2516422.0
1714694400,482.27,487.49,477.565,486.18,2833186.0
1714953600,490.1,495.44,488.0,493.59,2104030.0
1715040000,492.51,496.755,489.14,492.27,2518346.0
1715126400,489.97,495.81,486.92,488.1,2165021.0
1715212800,489.41,490.4364,481.65,482.65,2301635.0
1715299200,483.5,489.48,480.3,482.29,2741116.0
1715558400,486.24,490.1599,481.71,483.11,2458192.0
1715644800,480.41,481.8,466.48,475.95,4287846.0
1715731200,480.76,489.61,476.61,485.35,3491638.0
1715817600,484.7,486.23,481.385,482.88,2562865.0
1715904000,483.32,485.88,481.52,483.43,2261147.0
1716163200,483.0,485.37,478.32,484.69,1881117.0
1716249600,481.19,487.5,477.12,481.85,1915797.0
1716336000,483.97,485.665,479.14,483.93,1875835.0
1716422400,488.38,491.68,478.69,483.31,2219854.0
1716508800,481.25,485.38,473.9,475.43,3085605.0
1716854400,473.01,478.67,469.6,478.43,2575270.0
1716940800,472.78,482.79,472.595,477.6,2214810.0
1717027200,464.9,466.82,444.84,445.87,5606896.0
1717113600,447.72,448.23,433.97,444.76,7487507.0
1717372800,447.58,449.84,436.58,439.02,3967669.0
1717459200,442.82,450.12,441.59,448.37,3183594.0
1717545600,449.19,458.6,448.37,455.8,3295029.0
1717632000,457.7,467.8515,456.87,458.13,3234970.0
1717718400,458.13,468.93,458.13,465.43,2684170.0
1717977600,453.84,462.23,451.51,459.94,3212350.0
1718064000,456.91,462.74,455.5,462.69,2723659.0
1718150400,470.0,471.12,459.16,459.87,3647447.0
1718236800,457.87,462.3899,453.5,458.74,8557963.0
1718323200,530.25,534.45,521.88,525.31,14846610.0
1718582400,525.51,525.94,505.38,518.74,7163820.0
1718668800,514.71,530.37,513.13,522.25,4225943.0
1718841600,527.665,533.23,520.4,522.95,5752373.0
1718928000,530.31,535.0,524.715,533.44,6614086.0
1719187200,532.1,534.58,523.48,524.17,3067824.0
1719273600,526.2,529.68,522.24,526.88,3144202.0
1719360000,528.58,530.66,526.01,528.66,2931667.0
1719446400,533.21,549.16,532.1,546.76,4734063.0
1719532800,549.7,558.48,548.01,555.54,5084543.0
1719792000,551.37,561.21,549.73,560.01,3070159.0
1719878400,560.0,570.14,560.0,567.71,3054491.0
1719964800,564.292,571.83,564.0001,570.15,1664373.0
1720137600,570.91,580.55,568.92,578.34,2808635.0
1720396800,573.18,576.745,563.92,575.4,3007422.0
1720483200,573.05,575.01,562.46,566.02,2169020.0
1720569600,564.71,566.93,558.21,564.55,2368443.0
1720656000,564.0,572.62,557.09,557.63,3191358.0
1720742400,555.1,562.49,552.315,559.05,2013985.0
1721001600,560.23,568.23,560.23,565.71,1887763.0
1721088000,564.6,570.1,562.08,566.54,1539875.0
1721174400,563.93,565.0,556.46,563.09,2316265.0
1721260800,564.18,564.26,556.07,556.85,2184657.0
1721347200,557.05,561.09,548.96,551.0,2601942.0
1721606400,558.65,560.19,552.7074,554.82,2391696.0
1721692800,556.49,557.249,544.44,546.01,2363881.0
1721779200,543.8,544.71,530.35,531.04,2630081.0
1721865600,536.8,542.28,527.59,532.15,2136496.0
1721952000,535.35,545.4999,533.33,542.44,2090007.0
1722211200,544.3,544.3,535.19,536.61,1590551.0
1722297600,541.85,543.67,530.9501,538.71,1566875.0
1722384000,547.05,555.55,543.77,551.65,2776002.0
1722470400,549.99,561.98,540.24,546.41,2075410.0
1722556800,535.78,536.84,519.68,526.17,2729113.0
1722816000,504.23,515.9,500.0,509.32,3432155.0
1722902400,513.69,519.16,509.01,514.2,2076327.0
1722988800,520.95,531.005,512.86,513.62,1663682.0
1723075200,520.59,531.07,519.56,530.24,2155115.0
1723161600,528.02,537.28,528.02,536.3,1272635.0
1723420800,536.04,538.08,525.77,530.93,1450410.0
1723507200,530.93,537.72,527.9,535.22,3063918.0
1723593600,536.62,542.9205,533.2,539.79,1915589.0
1723680000,545.19,557.22,545.01,554.16,2182382.0
1723766400,552.35,554.76,547.8,553.46,1541726.0
1724025600,550.59,563.77,550.59,563.12,1423293.0
1724112000,564.48,568.18,559.61,562.25,1219609.0
1724198400,562.13,566.6,557.91,565.79,1401708.0
1724284800,567.07,572.0,555.65,557.44,1627658.0
1724371200,565.45,566.52,552.5,558.3,2023465.0
1724630400,555.03,560.26,555.03,559.44,1387479.0
1724716800,554.4,569.52,554.3439,567.82,1404415.0
1724803200,568.22,569.59,557.67,560.54,1289699.0
1724889600,567.05,578.4,567.05,569.63,1955588.0
1724976000,572.2,575.65,568.2865,574.41,1982970.0
1725321600,576.3,586.695,566.79,571.04,2757929.0
1725408000,568.87,578.86,565.76,575.25,1615787.0
1725494400,570.75,573.39,562.53,567.93,1573571.0
1725580800,570.9,573.31,558.0,563.41,2096790.0
1725840000,567.69,574.57,564.44,569.88,1997121.0
1725926400,576.75,577.8,567.14,574.48,2030076.0
1726012800,573.01,581.24,559.35,580.38,2680977.0
1726099200,581.445,587.75,572.98,586.55,5605338.0
1726185600,532.565,540.27,526.6,536.87,10423510.0
1726444800,537.4,537.69,521.26,521.5,5248205.0
1726531200,524.29,527.0999,514.58,515.03,5164089.0
1726617600,517.01,517.58,506.4901,508.13,3997267.0
1726704000,518.81,527.48,518.02,526.44,3582532.0
1726790400,526.44,528.625,515.72,522.3,6100685.0
1727049600,525.71,532.0,524.955,527.87,2106995.0
1727136000,527.72,530.2999,521.71,524.07,2842054.0
1727222400,526.02,526.18,516.24,517.9,3211612.0
1727308800,520.51,521.355,512.11,515.38,3282437.0
1727395200,516.52,516.6799,512.3,515.48,2718323.0
1727654400,513.83,518.47,511.74,517.78,2588151.0
1727740800,517.45,519.0,502.5,502.8,3730026.0
1727827200,503.87,510.19,502.8201,505.81,1981848.0
1727913600,501.02,509.81,498.59,503.8,1921604.0
1728000000,507.29,508.56,503.5901,507.22,1949994.0
1728259200,503.96,504.87,486.4,487.3,4870534.0
1728345600,492.45,500.0,486.4,496.24,3551609.0
1728432000,495.88,495.88,492.32,494.08,2869417.0
1728518400,490.54,506.45,489.35,503.57,2775102.0
1728604800,504.78,507.9799,494.9,495.42,2992409.0
1728864000,501.8,514.26,500.41,509.65,3411497.0
1728950400,513.82,517.772,506.8,508.03,3605675.0
1729036800,506.39,506.84,500.25,502.54,1859116.0
1729123200,506.51,507.5,495.23,496.83,2769241.0
1729209600,491.29,499.0,491.0501,494.9,2011121.0
1729468800,494.6,500.6499,492.96,497.71,1679657.0
1729555200,496.43,497.34,488.36,493.11,2388721.0
1729641600,492.0,493.83,483.391,485.03,2021316.0
1729728000,486.63,488.47,480.06,482.87,2100308.0
1729814400,483.42,488.34,482.52,483.72,2426769.0
1730073600,487.65,488.49,480.48,481.04,2302255.0
1730160000,481.92,487.56,479.33,485.39,2089505.0
1730246400,482.24,492.2,482.24,486.68,2728573.0
1730332800,486.0,486.05,477.38,478.08,2978688.0
1730419200,475.41,485.16,475.05,482.8,2852008.0
1730678400,479.03,483.76,477.37,481.35,1955249.0
1730764800,483.09,486.659,480.47,486.42,1588149.0
1730851200,492.93,506.21,492.93,504.83,2969855.0
1730937600,510.655,510.655,495.3,500.92,2640295.0
1731024000,503.83,505.0,493.69,494.68,2856859.0
1731283200,493.6,507.72,493.6,504.48,3536599.0
1731369600,504.39,528.91,504.27,526.42,4125288.0
1731456000,523.79,539.92,520.59,532.5,3470174.0
1731542400,530.55,534.6399,523.46,529.87,3098800.0
1731628800,520.3,524.4999,498.81,503.37,4612417.0
1731888000,505.0,505.51,497.69,499.51,2259651.0
1731974400,496.0,502.41,495.46,499.61,1961731.0
1732060800,505.41,506.36,494.61,499.5,1874910.0
1732147200,502.1,508.57,493.1,504.44,2002094.0
1732233600,502.5,513.37,502.5,512.15,2287614.0
1732492800,519.09,523.2099,513.1935,518.73,3319992.0
1732579200,519.95,525.76,516.3601,525.3,2415735.0
1732665600,523.21,525.88,508.7161,513.68,2324217.0
1732838400,517.65,517.65,513.58,515.93,1450247.0
1733097600,512.85,518.77,511.53,516.2,2007213.0
1733184000,511.04,516.78,504.505,516.26,2119254.0
1733270400,523.02,541.77,521.005,536.49,3307041.0
1733356800,534.42,540.11,529.79,538.22,2629119.0
1733443200,544.15,554.37,542.9,552.96,2964064.0
1733702400,556.1,557.8999,546.1101,547.93,3588653.0
1733788800,547.35,552.83,544.22,547.05,2762875.0
1733875200,547.05,552.3,541.74,549.93,6690565.0
1733961600,487.5,494.0,470.9001,474.63,17344860.0
1734048000,473.98,474.91,456.8,465.69,11395510.0
1734307200,467.19,473.62,461.2,461.53,5807021.0
1734393600,460.59,465.856,452.48,455.23,7514489.0
1734480000,453.24,455.25,441.1,441.31,6511105.0
1734566400,443.41,449.0,437.11,437.39,6479517.0
1734652800,433.015,451.42,432.47,447.17,8220033.0
1734912000,447.0,451.4299,443.4201,446.74,3781194.0
1734998400,446.5,448.8653,442.5701,447.94,1685003.0
1735171200,445.85,452.34,444.68,450.16,2134310.0
1735257600,446.88,449.91,441.105,446.48,2947179.0
1735516800,442.94,447.6,438.57,445.8,3473172.0
1735603200,446.35,448.4999,442.81,444.68,2285132.0
1735776000,447.76,450.12,440.56,441.0,2507887.0
1735862400,429.445,433.2982,425.32,430.57,5619372.0
1736121600,431.88,436.4082,427.79,431.18,3994400.0
1736208000,431.37,435.18,420.51,422.63,4181405.0
1736294400,417.34,422.66,415.51,419.58,3508786.0
1736467200,410.0,413.1,405.32,405.92,5564262.0
1736726400,404.27,409.96,403.75,408.5,4558780.0
1736812800,407.25,412.75,405.0701,412.71,3577116.0
1736899200,421.7,423.97,415.66,417.28,4345781.0
1736985600,418.21,428.89,418.0,426.93,4185552.0
1737072000,434.345,435.99,425.7,429.99,4012745.0
1737417600,433.26,439.98,431.5,436.36,3833294.0
1737504000,438.0,439.73,433.43,437.32,3391642.0
1737590400,435.88,437.73,432.49,437.28,2716742.0
1737676800,437.28,441.8799,434.73,435.38,2631804.0
1737936000,430.23,445.4499,430.12,438.6,5086254.0
1738022400,436.27,445.805,431.64,442.84,5376392.0
1738108800,439.92,444.36,438.825,441.68,2997604.0
1738195200,439.67,448.42,439.23,446.0,3290128.0
1738281600,446.975,447.0095,435.83,437.45,4689083.0
1738540800,437.8,442.74,430.88,438.6,3348717.0
1738627200,435.43,443.58,434.26,440.23,2647701.0
1738713600,440.75,444.95,436.27,437.63,2938540.0
1738800000,437.63,439.96,434.35,435.4,2568120.0
1738886400,436.24,441.0,432.41,433.07,2693470.0
1739145600,439.25,453.37,439.0,451.1,3946729.0
1739232000,449.0,461.549,448.29,458.82,3256999.0
1739318400,458.0,463.0,451.3,462.76,3308534.0
1739404800,465.21,465.6999,457.03,459.22,2794395.0
1739491200,463.35,464.99,458.0,460.16,2622973.0
1739836800,462.65,464.33,453.07,464.11,2973775.0
1739923200,463.61,463.61,455.32,456.99,2965546.0
1740009600,457.44,461.0,451.57,454.69,2337598.0
1740096000,453.275,453.75,440.69,444.32,3375996.0
1740355200,445.11,446.28,440.91,444.42,2807937.0
1740441600,443.47,447.49,439.1738,443.41,2612652.0
1740528000,443.8,447.65,438.4,441.5,1947626.0
1740614400,441.79,444.57,436.82,437.19,2340232.0
1740700800,438.16,440.37,432.103,438.56,3936914.0
1740960000,440.65,448.09,438.21,440.72,2607694.0
1741046400,439.25,448.8159,434.7,446.03,2942168.0
1741132800,443.65,453.26,443.11,451.24,2406219.0
1741219200,444.73,452.19,441.1861,444.78,2732076.0
1741305600,442.0,452.51,440.99,449.4,3039466.0
1741564800,443.105,444.54,433.23,435.08,4001634.0
1741651200,432.88,441.33,431.0,433.66,3145227.0
1741737600,436.69,443.9,435.5,438.6,5515858.0
1741824000,405.27,405.77,374.5,377.84,14386640.0
1741910400,379.745,396.36,377.8,394.74,6134775.0
1742169600,394.115,399.94,387.13,399.34,4258533.0
1742256000,395.36,395.95,384.57,391.37,4297269.0
1742342400,394.1,395.26,387.0,387.89,4349931.0
1742428800,386.895,397.82,385.8025,389.61,4009500.0
1742515200,384.13,389.85,382.45,387.26,7607266.0
1742774400,392.47,396.86,391.3801,394.47,5223006.0
1742860800,393.57,404.32,392.99,403.64,3648552.0
1742947200,403.0,404.5,397.01,397.81,3426315.0
1743033600,397.44,401.4763,392.51,396.15,2729696.0
1743120000,393.89,396.92,384.755,385.71,3830307.0
1743379200,380.0,384.8,374.67,383.53,3960737.0
1743465600,381.13,384.0,375.53,383.2,3847766.0
1743552000,378.28,388.0,376.54,385.78,2859064.0
1743638400,371.875,376.01,366.29,367.25,5324421.0
1743724800,359.0,361.73,348.8,349.07,5867564.0
1743984000,335.54,358.36,332.01,340.7,7690909.0
1744070400,350.1,350.74,333.83,340.0,6650815.0
1744156800,338.74,365.72,333.43,364.64,7186274.0
1744243200,360.97,362.5,341.52,350.05,5694976.0
1744329600,351.44,353.1,342.35,352.47,3941817.0
1744588800,359.51,362.05,348.5,350.91,3285950.0
1744675200,351.05,356.49,349.185,350.38,3030407.0
1744761600,345.0,350.38,341.3101,344.19,3687874.0
1744848000,349.75,351.875,345.09,348.8,5229675.0
1745193600,344.565,346.68,338.64,343.22,3691241.0
1745280000,349.14,352.08,344.3687,349.91,3250424.0
1745366400,358.12,363.0,349.8,351.96,3167958.0
1745452800,353.59,361.12,353.245,360.91,3085149.0
1745539200,361.695,369.31,359.99,367.72,3499345.0
1745798400,368.05,370.99,364.58,368.62,3163425.0
1745884800,367.21,373.88,366.88,370.98,2198291.0
1745971200,366.87,376.0,363.56,374.98,3305481.0
1746057600,378.3,380.44,374.07,374.63,2848778.0
1746144000,380.09,383.5615,379.19,380.87,2340739.0
1746403200,379.29,384.54,378.4,381.06,2095559.0
1746489600,376.565,386.52,375.05,382.98,2970086.0
1746576000,384.7,387.83,380.945,384.97,2153771.0
1746662400,388.3,388.731,383.4,383.99,3383867.0
1746748800,386.18,388.77,382.33,383.28,2031324.0
1747008000,394.33,397.82,392.755,395.94,3157670.0
1747094400,395.9,399.67,394.71,397.4,2664142.0
1747180800,396.85,400.12,396.42,399.47,2409217.0
1747267200,399.35,404.85,399.35,404.69,2763813.0
1747353600,414.62,421.765,412.06,417.125,5391532.0
1747612800,413.53,421.27,413.1993,420.68,3007984.0
1747699200,417.87,419.13,414.29,417.61,2453377.0
1747785600,414.855,422.95,412.59,414.03,2495783.0
1747872000,412.51,417.8984,412.51,414.33,1889487.0
1747958400,409.11,411.45,407.15,407.69,2087674.0
1748304000,412.76,414.95,411.6,413.1,2680356.0
1748390400,413.81,416.37,411.42,412.23,2246508.0
1748476800,414.0,415.4203,410.47,413.36,1781393.0
1748563200,414.14,417.86,411.53,415.09,4231334.0
1748822400,408.88,410.0,396.73,403.4,4153688.0
1748908800,403.455,412.64,402.476,412.49,2737513.0
1748995200,411.54,415.94,410.08,413.91,1843425.0
1749081600,415.0,421.48,413.98,415.2,2276924.0
1749168000,417.54,419.645,415.28,416.92,2146908.0
1749427200,417.295,419.0,415.15,416.26,3034210.0
1749513600,416.605,419.82,414.42,416.06,2627431.0
1749600000,415.2,416.0432,410.42,412.84,3385416.0
1749686400,411.43,416.39,410.77,413.68,6313316.0
1749772800,392.5,399.85,383.75,391.68,10629680.0
1750032000,392.985,405.0,391.11,401.73,6798251.0
1750118400,397.275,399.67,381.8,382.68,6866253.0
1750204800,383.985,385.2729,377.54,378.04,4808869.0
1750377600,380.48,382.29,373.76,376.92,8126939.0
1750636800,377.59,380.21,374.24,380.12,3841754.0
1750723200,384.96,385.0,378.51,382.34,4797074.0
1750809600,383.6,388.05,382.0,387.55,3718763.0
1750896000,387.2,389.985,382.87,384.95,3139666.0
1750982400,385.44,390.31,384.405,385.83,5083803.0
1751241600,387.3,390.98,384.63,386.88,4645498.0
1751328000,385.1,392.58,381.5172,392.1,4516381.0
1751414400,384.64,386.88,372.73,378.47,6912202.0
1751500800,378.0,383.2,377.8,379.31,2863680.0
1751846400,378.9,382.22,375.52,376.93,3545108.0
1751932800,378.5,386.6011,377.18,382.24,3708199.0
1752019200,383.5,384.7451,370.91,373.38,4726562.0
1752105600,371.99,373.5,365.51,371.43,4023925.0
1752192000,368.0,371.15,362.7,363.35,3548721.0
1752451200,363.185,367.68,360.18,366.99,2898705.0
1752537600,367.0,368.32,363.88,364.18,2550992.0
1752624000,364.585,365.5524,358.71,361.77,3592883.0
1752710400,360.6,366.96,359.28,366.45,3340455.0
1752796800,367.065,367.79,364.0,365.79,2459234.0
1753056000,366.49,368.28,363.13,367.68,2770433.0
1753142400,368.0,374.5,368.0,372.87,2448998.0
1753228800,373.49,373.99,369.26,372.46,1994599.0
1753315200,371.9,375.9974,370.61,371.69,2692132.0
1753401600,372.31,372.405,369.51,370.74,2053161.0
1753660800,371.03,372.59,368.72,369.47,2984225.0
1753747200,370.45,376.16,369.7101,370.7,4234200.0
1753833600,370.68,370.72,363.48,364.0,3295204.0
1753920000,362.26,362.5,354.27,357.69,4513089.0
1754006400,355.95,356.29,347.46,347.8,4307890.0
1754265600,351.16,351.21,338.04,338.85,6449344.0
1754352000,339.305,342.735,337.35,338.74,3908970.0
1754438400,341.65,345.66,339.19,345.62,3347165.0
1754524800,344.04,347.38,332.65,338.27,4661824.0
1754611200,338.675,341.5684,336.37,341.05,3507764.0
1754870400,334.53,343.4035,332.465,333.65,4366242.0
1754956800,333.52,338.76,330.04,338.43,3572414.0
1755043200,339.54,351.76,337.55,351.07,4375105.0
1755129600,349.5,351.5599,346.1,348.58,3745646.0
1755216000,348.33,357.29,348.0,354.85,3718652.0
1755475200,355.68,358.39,353.0,357.24,2922973.0
1755561600,359.215,364.24,358.12,361.03,2808040.0
1755648000,361.68,363.0,353.2,353.43,3727897.0
1755734400,349.91,353.82,347.0,353.43,2363230.0
1755820800,355.8,362.65,354.0,362.09,3058636.0
1756080000,362.56,364.65,361.4,363.21,2259516.0
1756166400,363.03,363.23,353.695,354.91,4067395.0
1756252800,355.98,360.37,355.16,356.35,2353776.0
1756339200,357.63,358.26,349.11,353.96,3803095.0
1756425600,353.995,357.25,352.455,356.7,2639259.0
1756771200,350.24,352.7131,341.28,345.63,4229423.0
1756857600,345.72,348.51,343.36,348.5,3035328.0
1756944000,342.24,344.405,331.5,344.31,4918293.0
1757030400,345.805,354.67,345.1013,348.97,4662587.0
1757289600,348.855,358.82,343.59,358.66,5043305.0
1757376000,362.75,362.75,353.03,354.06,4324857.0
1757462400,356.29,359.19,348.12,350.16,4552514.0
1757548800,354.685,355.25,347.16,350.55,11804180.0
1757635200,361.1,366.5,341.61,349.36,14146620.0
1757894400,350.5,358.0,345.05,347.1,6768570.0
1757980800,350.155,356.94,348.3173,352.73,6696990.0
1758067200,353.18,365.0,353.18,362.07,6449922.0
1758153600,366.86,370.86,365.85,367.46,4752377.0
1758240000,368.94,370.31,362.54,365.9,7693030.0
1758499200,364.16,365.38,359.36,364.08,4709584.0
1758585600,364.175,368.73,361.295,361.78,3831134.0
1758672000,355.595,355.595,347.8,353.27,6140007.0
1758758400,351.91,357.0,351.5,354.16,3336731.0
1758844800,353.71,360.715,352.775,360.37,3072990.0
1759104000,362.04,363.17,358.8,359.42,4075860.0
1759190400,360.54,362.0,349.9024,352.75,5360695.0
1759276800,347.16,349.8299,340.05,343.72,6505709.0
1759363200,343.76,351.73,342.42,351.48,3955434.0
1759449600,352.0,352.5926,346.305,346.74,3122111.0
1759708800,346.93,357.34,342.04,350.14,5340202.0
1759795200,352.59,353.33,344.24,348.31,3275506.0
1759881600,350.0,354.05,347.52,348.77,3285027.0
1759968000,349.77,350.6,344.3,347.47,2895504.0
1760054400,347.91,348.72,336.94,337.51,4282397.0
1760313600,339.25,340.2765,335.61,339.32,3020060.0
1760400000,335.22,338.82,332.72,335.94,3036889.0
1760486400,335.42,335.6,329.205,330.63,3929948.0
1760572800,333.86,336.65,327.5,329.23,4570870.0
1760659200,327.745,335.1,327.7,333.26,4035035.0
1760918400,334.64,344.2,334.25,343.4,3903166.0
1761004800,343.59,358.37,343.32,357.55,4389672.0
1761091200,355.48,360.19,352.8701,354.09,3436003.0
1761177600,352.51,354.35,348.71,354.12,2408077.0
1761264000,357.21,358.1,353.29,353.52,2016850.0
1761523200,355.57,358.56,352.4135,357.8,2828152.0
1761609600,360.0,363.7,357.8,359.91,3005594.0
1761696000,355.515,355.515,337.05,337.86,6746464.0
1761782400,338.2,344.6951,333.1,339.24,4373224.0
1761868800,338.7,341.26,336.8,340.31,3763381.0
1762128000,340.31,342.46,332.88,337.47,3916593.0
1762214400,335.02,340.55,332.81,335.35,3694266.0
1762300800,332.61,336.84,331.24,335.53,2646694.0
1762387200,333.0,333.2,324.55,327.35,3888696.0
1762473600,325.83,331.01,323.0329,326.95,4112574.0
1762732800,328.0,329.9576,325.0,328.85,3086999.0
1762819200,329.5,334.0,329.13,333.22,2827150.0
1762905600,333.61,338.4,333.1752,337.05,2990154.0
1762992000,335.01,340.0,332.795,333.6,3084558.0
1763078400,332.91,333.75,328.59,331.11,2761396.0
1763337600,331.105,332.38,324.43,325.07,3299999.0
1763424000,323.78,326.64,320.8,324.47,3286395.0
1763510400,323.175,323.36,315.175,318.11,3738436.0
1763596800,318.87,323.1847,312.09,312.4,3884778.0
1763683200,313.565,327.75,311.585,324.19,4825412.0
1763942400,325.0,325.77,318.34,318.73,5414378.0
1764028800,317.77,321.52,315.57,319.55,3765001.0
1764115200,319.2,321.67,316.1,317.52,3024994.0
1764288000,317.8,322.31,317.52,320.13,1802225.0
1764547200,316.39,326.14,316.11,322.85,3651321.0
1764633600,321.62,325.96,318.08,322.81,3959502.0
1764720000,321.98,326.99,320.63,326.78,3082184.0
1764806400,328.57,330.89,324.12,328.73,3592313.0
1764892800,330.6,348.59,329.71,346.26,7650368.0
1765152000,347.445,348.4799,338.06,339.12,4293603.0
1765238400,341.4,347.775,338.48,344.32,4267653.0
1765324800,342.125,347.92,340.565,343.13,6789914.0
1765411200,341.645,357.0,333.79,350.43,10158660.0
1765497600,351.54,362.71,349.0901,356.43,5483921.0
1765756800,352.6,355.0,343.88,351.15,5480102.0
1765843200,350.0,355.86,345.4301,347.89,4118161.0
1765929600,347.89,357.8,347.8025,354.66,4371591.0
1766016000,355.87,358.34,351.3636,355.81,3352747.0
1766102400,355.525,357.55,351.59,355.86,8706340.0
1766361600,355.59,359.5706,354.7,357.53,2960799.0
1766448000,357.47,359.6699,350.58,352.42,3052537.0
1766534400,352.21,354.75,351.11,352.98,1166487.0
1766707200,352.5,356.23,352.2819,353.8,1455122.0
1766966400,353.37,356.68,351.16,353.16,2794007.0
1767052800,352.03,355.2699,350.009,352.51,2252633.0
1767139200,351.01,352.88,349.69,349.99,2116207.0
1767312000,350.675,351.12,331.64,333.3,5643504.0
1767571200,330.11,334.47,327.44,331.56,5012050.0
1767657600,330.0,336.4,329.5,335.99,3187432.0
1767744000,336.24,342.78,334.6226,338.1,3183059.0
1767830400,337.38,343.95,334.675,339.04,3107661.0
1767916800,335.875,335.875,328.0,333.95,3250098.0
1768176000,327.77,330.67,323.5,327.65,3541399.0
1768262400,322.49,323.0,307.91,309.93,7217338.0
1768348800,308.57,309.73,302.47,304.44,5712622.0
1768435200,304.97,305.82,301.4,304.09,4774251.0
1768521600,304.56,304.88,295.42,296.12,8534411.0
1768867200,294.32,295.0,288.33,290.37,6962010.0
1768953600,290.765,294.51,288.33,294.23,5645285.0
1769040000,296.0,301.82,295.2,299.73,4974504.0
1769126400,301.46,303.84,299.2,301.07,4368651.0
1769385600,301.4,306.3,301.4,304.72,4115294.0
1769472000,303.81,304.215,292.93,297.42,4166284.0
1769558400,299.66,303.85,297.685,299.58,3942771.0
1769644800,291.68,293.635,284.6,291.65,7410759.0
1769731200,291.6,295.34,290.51,293.25,5713026.0
1769990400,297.01,299.38,290.93,293.38,4357004.0
1770076800,282.74,284.34,271.02,271.93,8324923.0
1770163200,267.23,282.8999,264.04,279.71,8554186.0
1770249600,277.49,281.95,268.43,269.39,6293553.0
1770336000,271.675,275.0,265.31,268.38,5448423.0
1770595200,267.05,269.2,262.949,266.9,6576297.0
1770681600,266.69,270.79,263.98,264.67,5718574.0
1770768000,263.075,264.2,255.71,257.16,8759941.0
1770854400,258.36,262.67,251.1001,262.5,8656974.0
1770940800,262.17,265.29,257.5,263.97,6589694.0
1771286400,265.235,269.128,255.839,260.45,5208323.0
1771372800,260.45,263.5,257.14,263.17,5033238.0
1771459200,263.38,265.55,257.41,259.21,3616213.0
1771545600,255.0,262.08,254.36,258.61,6590752.0
1771804800,254.14,254.5,244.8,246.68,7602386.0
1771891200,245.57,258.25,244.28,255.17,5529146.0
1771977600,253.33,257.99,250.7,257.81,5108563.0
1772064000,261.59,263.67,256.595,259.04,6208147.0
1772150400,254.02,262.75,253.06,262.41,5098206.0
1772409600,257.6,264.22,257.06,260.88,3486901.0
1772496000,260.05,272.825,260.05,270.99,6206582.0
1772582400,271.51,276.67,270.34,273.12,4329153.0
1772668800,275.4,285.36,275.4,281.74,5822261.0
1772755200,280.28,283.85,276.05,283.62,4802278.0
1773014400,281.32,285.2,277.9,282.44,4728359.0
1773100800,281.82,282.395,268.37,275.13,4591633.0
1773187200,277.93,280.375,269.25,273.705,4862412.0
1773273600,273.35,276.28,269.2,269.78,10894990.0
1773360000,249.0,256.7,247.16,249.32,17406380.0
1773619200,248.25,256.37,244.55,251.86,11679170.0
1773705600,252.99,258.91,252.14,254.2,6456240.0
1773792000,252.46,254.49,245.18,246.0,7305642.0
1773878400,246.96,250.4,244.27,245.99,4459828.0
1773964800,242.8,249.0899,241.0,248.15,10467280.0
1774224000,248.945,251.0175,246.22,247.64,4080460.0
1774310400,245.91,246.2,237.38,238.87,6268313.0
1774396800,241.2,243.58,233.79,237.25,5441648.0
1774483200,234.92,243.95,234.28,240.88,4715277.0
1774569600,239.7875,239.7875,233.155,234.84,4429433.0
1774828800,236.78,243.282,236.725,241.13,4410159.0
1774915200,241.67,244.03,239.51,243.08,4575911.0
1775001600,241.96,243.48,235.0,241.37,3746693.0
1775088000,242.46,245.01,237.72,242.92,3588792.0
1775433600,242.84,246.7,240.23,244.355,2757702.0
1775520000,244.17,244.77,238.72,240.14,3331009.0
1775606400,244.3,247.4391,237.99,239.31,4040080.0
1775692800,235.6,236.3,227.7,229.94,6802449.0
1775779200,229.9,231.0367,224.13,225.35,5889240.0
1776038400,227.14,240.19,226.5,240.11,6115751.0
1776124800,241.99,244.01,233.0,235.72,6307478.0
1776211200,241.17,245.9291,239.2,244.66,4749594.0
1776297600,253.05,254.51,245.78,248.155,5229487.0
1776384000,254.08,254.08,243.5,244.45,6194232.0
1776643200,249.49,251.63,245.34,248.63,5249971.0
1776729600,247.0,254.745,245.1,247.18,5779652.0
1776816000,254.8,258.75,251.9,255.94,7111008.0
1776902400,244.88,246.54,233.515,238.98,9616953.0
1776988800,239.77,245.66,238.42,245.44,6492913.0
1777248000,240.77,245.882,239.11,239.31,5067713.0
1777334400,242.13,245.26,241.16,243.2,4641728.0
1777420800,240.97,243.615,238.67,243.57,2664518.0
1777507200,240.1,246.68,236.28,246.1,5129117.0
1777593600,252.0,253.56,244.1,250.71,5068506.0
1777852800,249.99,255.88,247.34,253.96,5536893.0
1777939200,254.0,256.6192,248.49,255.62,3952461.0
1778025600,252.02,254.4,248.28,250.17,4452125.0
1778112000,254.77,259.44,252.88,256.51,4479879.0
1778198400,252.9,253.37,246.1,253.04,3667468.0
1778457600,250.53,255.41,244.691,246.15,3225788.0
1778544000,247.002,247.58,240.4,240.83,3234045.0
1778630400,238.54,239.08,232.84,236.07,3870192.0
1778716800,236.24,238.24,231.74,237.01,4991667.0
1778803200,241.76,248.57,240.26,247.6,6421209.0
1779062400,247.31,256.19,245.24,255.64,5591752.0
1779148800,263.33,265.09,251.81,254.99,5854359.0
1779235200,250.275,253.69,246.2124,253.37,4789627.0
1779321600,246.45,247.95,242.11,244.1,4130996.0
1779408000,245.89,249.77,242.71,244.76,3783400.0
1779753600,242.57,243.57,238.57,240.49,3217536.0
1779840000,237.76,244.24,237.28,238.24,3408880.0
1779926400,239.57,244.76,236.66,241.44,3396017.0
1780012800,245.23,260.63,244.662,259.21,10808920.0
1780272000,270.0,275.44,262.3,274.03,8535314.0
1780358400,267.98,272.03,260.05,262.11,5821801.0
1780444800,259.39,260.0,252.34,256.24,4871308.0
1780531200,263.02,265.94,258.33,258.42,5161943.0
1780617600,259.28,262.53,249.05,251.44,4909175.0
1780876800,249.06,250.74,244.25,244.99,4728032.0
1780963200,242.975,245.25,233.33,237.88,6747403.0
1781049600,233.015,238.51,231.74,233.38,5176916.0
1781136000,229.92,232.5,218.09,218.8,17786880.0
1781222400,202.4,205.65,196.9,204.02,25063670.0
1781481600,206.88,211.99,205.7175,206.36,9676899.0
1781568000,205.38,210.798,203.84,207.32,7214557.0
1781654400,204.02,206.4999,195.02,196.28,10731470.0
1781740800,193.6,196.78,190.12,195.16,15852480.0
1782086400,193.393,199.25,191.2,194.9,8282579.0
1782172800,197.96,200.55,195.35,197.43,6910453.0
1782259200,195.885,202.41,195.1,196.57,6947366.0
1782345600,193.0,199.299,191.8,193.41,6962337.0
1782432000,195.48,203.48,195.29,202.73,9172074.0
1782691200,206.665,209.54,204.34,206.43,7527269.0
1782777600,204.095,205.6,201.31,205.02,6269459.0
1782864000,209.425,213.66,207.06,210.98,5863760.0
1782950400,215.55,222.15,213.735,219.72,7907502.0
1783296000,216.1,219.76,212.9,218.07,4800154.0
1783382400,221.16,230.74,220.29,221.54,8615002.0
1783468800,221.39,222.5,216.927,220.94,4508412.0
1783555200,214.115,222.71,213.09,222.65,4552937.0
1783641600,226.5,228.4,222.82,223.64,3206786.0
1783900800,226.75,232.08,225.0,230.61,4623962.0
1783987200,221.16,224.2,218.0,220.78,5823430.0
1784073600,223.16,231.525,222.91,224.56,4771436.0
1784160000,228.705,235.48,222.042,235.31,5787325.0
1784246400,235.26,240.15,232.36,237.25,7269910.0
1784505600,235.67,236.66,227.5,234.74,5123677.0
1784592000,222.85,231.5,222.3,227.16,5060612.0
1784678400,229.66,229.66,218.0,218.36,4361285.0
1784764800,222.18,222.75,210.875,212.17,4363216.0
1784851200,216.495,226.93,216.15,225.11,4719923.0
1785110400,230.39,242.05,229.79,237.75,5543598.0
1785196800,242.85,254.06,241.6946,249.18,8098747.0
1785283200,249.99,266.28,248.54,263.43,9881783.0
1785369600,251.5,255.3,242.42,247.9,6876993.0
1785456000,244.73,250.71,241.23,250.41,5589512.0
1785715200,258.245,262.15,251.17,251.34,4293791.0
1785801600,248.67,258.54,245.46,257.49,4202988.0
1785888000,260.07,261.005,255.555,259.32,4285520.0
1785974400,252.225,260.64,250.84,260.24,4700554.0
1786060800,262.82,270.16,261.29,265.21,4752642.0
1786320000,263.055,273.13,262.14,272.96,4052624.0
1786406400,270.48,272.225,262.68,263.71,4675172.0
1786492800,258.45,263.26,255.1,258.75,4191713.0
1786579200,261.605,271.88,255.85,270.49,5201571.0
1786665600,273.22,273.4,261.67,264.02,2876275.0
1786924800,259.9,261.65,251.2001,254.04,3871095.0
1787011200,259.83,267.39,258.19,263.14,4774075.0
1787097600,262.19,275.7999,261.67,272.47,5541782.0
1787184000,272.725,274.25,269.66,272.22,2631358.0
1787270400,272.37,277.0995,269.915,275.3,4346427.0
1787529600,275.0,279.0,273.245,276.27,3598911.0
1787616000,270.755,275.91,269.28,273.92,3140195.0
1787702400,265.19,274.6,265.035,273.47,3635877.0
1787788800,279.16,291.175,278.37,289.15,6525257.0
1787875200,288.215,294.0865,286.52,291.52,3650841.0
1788134400,287.65,294.13,286.26,292.79,5214252.0
1788220800,288.26,294.53,285.48,286.08,4454523.0
1788307200,283.5,287.49,279.425,279.79,3857183.0
1788393600,285.48,292.88,283.8432,285.75,3548252.0
1788480000,274.47,275.91,263.93,266.51,6644829.0
1788825600,262.805,262.805,254.25,257.26,5491058.0
1788912000,258.125,259.43,254.4,254.86,4165480.0
1788998400,251.81,255.0,247.19,248.83,10397170.0
1789084800,242.17,255.3,241.51,252.23,10780430.0
1789344000,261.51,266.1,256.66,265.6,5723344.0
1789430400,261.7,264.4646,257.25,257.76,4893782.0
1789516800,253.34,254.98,249.27,250.5,4476061.0
1789603200,250.345,252.84,245.401,252.67,5116531.0
1789689600,251.582,252.67,247.21,248.92,10201070.0
1789948800,248.92,251.48,244.23,249.52,5186608.0
1790035200,254.52,254.67,237.69,238.25,7368200.0
1790121600,239.48,241.74,237.51,240.69,3856271.0
1790208000,241.67,244.21,236.84,238.93,3679800.0
