timestamp,open,high,low,close,volume
1474848000,40.09,40.2965,39.8573,39.958,52983520.0
1474934400,40.0925,40.832,40.0555,40.8055,76258600.0
1475020800,40.9,41.507,40.8517,41.436,88363420.0
1475107200,41.413,41.875,41.2315,41.4525,98379460.0
1475193600,41.6305,41.9975,41.62,41.8655,88509560.0
1475452800,41.8,41.993,41.5625,41.837,55280200.0
1475539200,42.0455,42.1183,41.513,41.7015,58976800.0
1475625600,41.9,42.2835,41.806,42.218,69132720.0
1475712000,42.185,42.3605,42.03,42.083,53626700.0
1475798400,42.2895,42.2975,41.8725,41.9715,48462240.0
1476057600,42.1625,42.26,42.0135,42.0855,36394480.0
1476144000,42.051,42.0645,41.4175,41.55,71692960.0
1476230400,41.7,41.8833,41.505,41.7045,47473480.0
1476316800,41.45,41.59,41.0605,41.464,61776880.0
1476403200,41.754,41.787,41.148,41.148,59894060.0
1476662400,41.075,41.1,40.584,40.6475,67102740.0
1476748800,41.1055,41.163,40.751,40.8825,50144360.0
1476835200,41.02,41.0335,40.7585,40.8845,41726740.0
1476921600,40.6995,40.7855,40.155,40.516,62966680.0
1477008000,40.468,40.971,40.45,40.9495,55807080.0
1477267200,41.2475,41.915,41.1105,41.9045,81044360.0
1477353600,41.965,42.1545,41.661,41.759,64795520.0
1477440000,41.638,41.672,41.0,41.1295,79704980.0
1477526400,41.562,41.586,40.7715,40.918,143131340.0
1477612800,39.1,39.4745,38.7305,38.816,216652600.0
1477872000,39.0515,39.685,39.0055,39.491,108179920.0
1477958400,39.95,40.042,38.8357,39.2705,106002420.0
1478044800,39.1965,39.2375,38.1775,38.278,99626220.0
1478131200,38.2525,38.85,38.2,38.3515,77344100.0
1478217600,38.1395,38.3,37.6615,37.7525,102307960.0
1478476800,38.582,39.3866,38.547,39.2465,119546760.0
1478563200,39.2485,39.587,38.955,39.3875,67647000.0
1478649600,38.2,38.875,38.0045,38.594,171103540.0
1478736000,38.9405,38.9415,35.885,37.119,254666400.0
1478822400,36.7865,37.163,36.445,36.9505,132200440.0
1479081600,37.2755,37.3,35.505,35.9535,146012620.0
1479168000,36.5,37.339,36.2995,37.162,134997340.0
1479254400,36.994,37.4935,36.7805,37.3245,72084340.0
1479340800,37.466,37.875,37.4,37.82,73258780.0
1479427200,38.05,38.387,37.8822,38.008,87317760.0
1479686400,38.3,39.0175,38.2555,39.0,92018160.0
1479772800,39.4085,39.62,39.05,39.2665,106131760.0
1479859200,39.0865,39.0875,38.656,39.006,70665940.0
1480032000,39.325,39.3375,38.895,39.0185,36741360.0
1480291200,38.8495,38.85,38.212,38.3385,87677100.0
1480377600,38.4,38.4945,38.066,38.126,65357680.0
1480464000,38.1,38.4045,37.5125,37.5285,92143040.0
1480550400,37.6205,37.6685,36.9015,37.1825,93015220.0
1480636800,37.17,37.4245,36.835,37.017,71131040.0
1480896000,37.25,38.0745,37.1,37.968,86094560.0
1480982400,38.1995,38.412,37.8625,38.236,75847580.0
1481068800,38.2275,38.521,37.791,38.521,73583060.0
1481155200,38.5935,38.6895,38.2595,38.3665,63740940.0
1481241600,38.5,38.5125,38.267,38.433,49287120.0
1481500800,38.32,38.3445,37.86,38.006,59177380.0
1481587200,38.248,39.123,38.1,38.717,105062580.0
1481673600,38.9125,39.043,38.1405,38.441,108939300.0
1481760000,38.314,38.455,38.0155,38.05,75910060.0
1481846400,38.25,38.2565,37.7,37.8885,96923100.0
1482105600,37.9445,38.525,37.808,38.3,62159120.0
1482192000,38.4325,38.7195,38.3855,38.561,54027900.0
1482278400,38.5,38.561,38.285,38.53,40825760.0
1482364800,38.406,38.5605,38.151,38.317,50429240.0
1482451200,38.2275,38.325,37.8995,38.0295,39574440.0
1482796800,38.17,38.7325,38.06,38.57,52613840.0
1482883200,38.8125,39.0,38.525,38.6065,65651940.0
1482969600,38.62,38.67,38.0425,38.2575,63099600.0
1483056000,38.3235,38.37,37.414,37.4935,82654140.0
1483401600,37.896,37.938,37.385,37.6835,70397540.0
1483488000,37.9195,37.984,37.71,37.859,50105920.0
1483574400,38.0775,39.12,38.0128,39.0225,116403900.0
1483660800,39.118,39.972,38.924,39.7995,119623380.0
1483920000,39.9,40.0887,39.5885,39.846,68857280.0
1484006400,39.83,39.9,39.4772,39.795,51152800.0
1484092800,39.683,39.975,39.4755,39.951,59725340.0
1484179200,40.0155,40.7065,39.975,40.682,97315960.0
1484265600,40.716,41.0825,40.57,40.857,75542700.0
1484611200,40.785,40.8,40.172,40.486,73362220.0
1484697600,40.475,40.5865,40.2135,40.374,46897580.0
1484784000,40.5,40.6755,40.366,40.452,50591380.0
1484870400,40.764,40.801,40.313,40.4165,67463660.0
1485129600,40.34,40.925,40.254,40.894,55884560.0
1485216000,41.1,41.1995,40.725,41.122,59355060.0
1485302400,41.2895,41.8709,41.2644,41.826,78629500.0
1485388800,41.7765,42.192,41.65,41.9575,71427900.0
1485475200,41.95,41.985,41.472,41.7885,59894000.0
1485734400,41.65,41.675,40.819,41.519,73628820.0
1485820800,41.1875,41.3495,40.978,41.174,62585380.0
1485907200,41.4605,41.689,41.247,41.6175,76626380.0
1485993600,41.8295,42.1245,41.413,41.9975,140861900.0
1486080000,40.336,40.915,40.2,40.51,217112200.0
1486339200,40.49,40.536,40.15,40.382,76545680.0
1486425600,40.4655,40.808,40.375,40.625,69276840.0
1486512000,40.6345,41.074,40.625,40.9855,57121160.0
1486598400,41.08,41.25,40.9855,41.068,49649280.0
1486684800,41.191,41.4,41.1425,41.373,48556340.0
1486944000,41.581,42.15,41.4275,41.8265,83350420.0
1487030400,41.85,41.9155,41.5726,41.8195,55787540.0
1487116800,41.7,42.1405,41.641,42.135,59209380.0
1487203200,42.092,42.25,41.9688,42.207,54211900.0
1487289600,42.1,42.3635,42.0365,42.2535,60732320.0
1487635200,42.442,42.899,42.3625,42.822,70132420.0
1487721600,42.8475,42.9215,42.609,42.7805,52307700.0
1487808000,42.8785,43.043,42.4,42.6095,69185740.0
1487894400,42.2345,42.2905,41.8875,42.262,73689460.0
1488153600,42.119,42.625,41.9835,42.432,54077100.0
1488240000,42.5725,42.7045,42.1025,42.252,55757840.0
1488326400,42.6525,42.7415,42.4505,42.654,55163380.0
1488412800,42.654,42.741,42.364,42.4455,42600200.0
1488499200,42.36,42.5993,42.3135,42.494,38963900.0
1488758400,42.2615,42.4245,42.056,42.3305,52182780.0
1488844800,42.274,42.423,42.1875,42.301,44924320.0
1488931200,42.4,42.6535,42.3395,42.525,45739480.0
1489017600,42.55,42.82,42.5155,42.65,40878640.0
1489104000,42.85,42.8675,42.586,42.623,48685080.0
1489363200,42.5885,42.7845,42.5855,42.7295,38138820.0
1489449600,42.6775,42.6875,42.3775,42.6265,42587160.0
1489536000,42.7165,42.7225,42.3555,42.6485,51194040.0
1489622400,42.765,42.775,42.5255,42.671,36830140.0
1489708800,42.6745,42.6915,42.532,42.6155,67668460.0
1489968000,42.5755,42.89,42.5505,42.8485,45233980.0
1490054400,42.942,43.1397,42.0655,42.16,87538540.0
1490140800,42.0215,42.4685,41.9525,42.403,53044500.0
1490227200,42.41,42.5445,42.24,42.369,38952540.0
1490313600,42.584,42.59,42.1765,42.2805,42716240.0
1490572800,41.9035,42.515,41.675,42.341,55098060.0
1490659200,42.5875,42.923,42.505,42.8,60742340.0
1490745600,42.9525,43.8219,42.951,43.716,89582040.0
1490832000,43.7475,43.853,43.583,43.817,55163080.0
1490918400,43.85,44.5175,43.8325,44.327,78985660.0
1491177600,44.4,44.6745,44.271,44.5755,68379960.0
1491264000,44.575,45.4269,44.514,45.3415,99534720.0
1491350400,45.541,46.186,45.281,45.464,149944580.0
1491436800,45.69,45.8595,44.7246,44.914,126763660.0
1491523200,44.9825,45.0045,44.4655,44.744,74167340.0
1491782400,44.9815,45.4255,44.95,45.352,63619980.0
1491868800,45.352,45.562,44.875,45.118,60166140.0
1491955200,45.1545,45.2045,44.7625,44.8115,49031500.0
1492041600,44.5725,44.7485,44.2245,44.2335,63380500.0
1492387200,44.375,45.119,44.375,45.0995,56982900.0
1492473600,45.0495,45.4805,45.039,45.189,59932780.0
1492560000,45.392,45.525,44.8685,44.96,57312060.0
1492646400,44.985,45.266,44.8145,45.103,56176740.0
1492732800,45.1335,45.1825,44.8385,44.9265,48173280.0
1492992000,45.434,45.4995,45.191,45.3705,62363080.0
1493078400,45.352,45.474,45.15,45.381,67504780.0
1493164800,45.515,45.7875,45.378,45.4645,52074400.0
1493251200,45.7195,46.093,45.6055,45.919,103905860.0
1493337600,47.4415,47.4795,46.2167,46.2495,147098320.0
1493596800,46.39,47.72,46.39,47.4115,109189080.0
1493683200,47.3323,47.505,47.0707,47.347,76291780.0
1493769600,47.3,47.3,46.795,47.0515,71562160.0
1493856000,47.2375,47.25,46.7108,46.8765,48269720.0
1493942400,47.026,47.0395,46.515,46.7075,57279560.0
1494201600,47.0475,47.4525,46.9605,47.452,68139080.0
1494288000,47.64,47.8945,47.51,47.641,65127140.0
1494374400,47.675,47.6875,47.25,47.4475,41866680.0
1494460800,47.2555,47.5145,47.0388,47.381,43813560.0
1494547200,47.725,48.1395,47.5765,48.0675,72452780.0
1494806400,47.9365,48.1575,47.8028,47.8985,85232360.0
1494892800,48.05,48.503,48.0455,48.3035,62292800.0
1494979200,47.735,48.0198,47.206,47.238,102597740.0
1495065600,47.24,48.1375,47.238,47.9245,77974580.0
1495152000,48.142,48.446,47.986,47.992,79351040.0
1495411200,48.2,48.569,48.145,48.5335,52637080.0
1495497600,48.751,48.76,48.3425,48.577,48248120.0
1495584000,48.8,49.05,48.5115,49.0175,49119540.0
1495670400,49.2425,49.95,49.1055,49.669,96346240.0
1495756800,49.75,49.9325,49.4625,49.789,69242640.0
1496102400,49.8255,50.06,49.776,49.835,65124600.0
1496188800,50.0,50.006,49.108,49.731,78274420.0
1496275200,49.9295,49.9495,49.5685,49.7975,49028140.0
1496361600,49.9495,50.424,49.7835,50.3365,74989780.0
1496620800,50.3615,50.6605,50.1755,50.567,54345660.0
1496707200,50.6,50.825,50.0625,50.15,66837100.0
1496793600,50.2975,50.5125,50.1,50.5035,56377600.0
1496880000,50.603,50.6805,50.3055,50.5135,55135920.0
1496966400,50.625,50.6495,46.35,48.9155,152680760.0
1497225600,48.35,48.7975,47.25,48.2455,188741220.0
1497312000,48.8995,49.225,48.305,49.0395,91383660.0
1497398400,49.4295,49.517,48.3355,48.8235,79308880.0
1497484800,47.935,48.2865,47.543,48.2085,104606040.0
1497571200,49.8,49.9875,49.1,49.3855,228781600.0
1497830400,50.85,50.85,49.495,49.7585,100395820.0
1497916800,49.9,50.244,49.601,49.6295,81383900.0
1498003200,49.935,50.136,49.6326,50.1115,58334860.0
1498089600,50.1115,50.348,49.86,50.065,44995680.0
1498176000,50.127,50.231,49.901,50.187,57530160.0
1498435200,50.425,50.49,49.6,49.699,67642520.0
1498521600,49.5345,49.94,48.8,48.839,75197300.0
1498608000,48.9275,49.534,48.4605,49.5165,74438740.0
1498694400,48.95,49.378,48.2625,48.7965,85916560.0
1498780800,49.006,49.1735,48.3805,48.4,67668720.0
1499040000,48.6395,48.7245,47.55,47.683,58182160.0
1499212800,48.0765,48.75,47.7625,48.57,72975300.0
1499299200,48.233,48.72,47.951,48.257,65148640.0
1499385600,48.4775,49.0055,48.457,48.938,51795560.0
1499644800,49.25,49.972,49.175,49.8235,70319360.0
1499731200,49.65,49.7995,49.186,49.7065,59568440.0
1499817600,50.0325,50.4275,49.905,50.3255,72104540.0
1499904000,50.231,50.344,49.795,50.0315,57557080.0
1499990400,50.12,50.2225,49.8445,50.0905,42018820.0
1500249600,50.2345,50.7375,50.1905,50.502,73704120.0
1500336000,50.3,51.3015,50.2,51.2225,80045860.0
1500422400,51.25,51.5795,51.125,51.3435,59105260.0
1500508800,51.5795,51.7485,51.1258,51.435,61486000.0
1500595200,51.064,51.305,50.55,51.2835,54536880.0
1500854400,51.417,52.1505,51.3714,51.9475,65552480.0
1500940800,51.9025,52.1667,51.624,51.9935,48897240.0
1501027200,52.16,52.66,52.16,52.64,57628460.0
1501113600,53.4775,54.1655,52.009,52.3,216607600.0
1501200000,50.607,51.6425,50.05,51.002,153493380.0
1501459200,50.9525,50.9525,49.351,49.389,146523540.0
1501545600,49.8055,50.32,49.579,49.8095,90559580.0
1501632000,50.0885,50.1605,49.0865,49.7945,81225400.0
1501718400,49.9735,49.975,49.2295,49.346,65053980.0
1501804800,49.484,49.5836,49.1,49.379,54534780.0
1502064000,49.5325,49.75,49.357,49.6135,53403740.0
1502150400,49.7175,49.814,49.2895,49.492,57721240.0
1502236800,49.13,49.4,48.7635,49.1005,71362400.0
1502323200,48.8148,48.993,47.734,47.846,112003640.0
1502409600,48.0,48.5195,47.569,48.3995,69292300.0
1502668800,48.9205,49.275,48.8095,49.165,63369220.0
1502755200,49.445,49.587,49.1,49.137,50889040.0
1502841600,49.0825,49.323,48.661,48.909,62508160.0
1502928000,48.892,48.892,48.016,48.0285,69121460.0
1503014400,48.07,48.2715,47.7325,47.9235,65505520.0
1503273600,47.8785,48.06,47.273,47.6645,63137820.0
1503360000,47.776,48.3965,47.7748,48.345,54915920.0
1503446400,47.969,48.1,47.71,47.9,52858720.0
1503532800,47.871,47.95,47.057,47.6225,103739860.0
1503619200,47.8,47.8811,47.205,47.263,66332040.0
1503878400,47.327,47.65,47.1125,47.301,51529120.0
1503964800,47.0,47.8,46.8165,47.703,57431360.0
1504051200,47.922,48.4705,47.8453,48.3795,57959380.0
1504137600,48.735,49.05,48.638,49.03,66293740.0
1504224000,49.21,49.225,48.8438,48.9125,50675580.0
1504569600,48.77,48.8385,48.0185,48.2635,59930020.0
1504656000,48.416,48.592,48.03,48.39,42507420.0
1504742400,48.7,49.0295,48.6275,48.9735,51250340.0
1504828800,48.955,48.994,48.1735,48.295,51780760.0
1505088000,48.723,49.097,48.711,48.898,43439960.0
1505174400,49.1635,49.2336,48.7759,49.129,49511140.0
1505260800,49.1985,50.0,48.971,49.98,67204940.0
1505347200,49.84,49.928,49.387,49.6105,77991160.0
1505433600,49.6505,49.8125,49.2015,49.3395,74990240.0
1505692800,49.52,49.6396,48.4085,48.7095,68014020.0
1505779200,48.8625,48.912,48.373,48.493,52594420.0
1505865600,48.5895,48.7405,48.1081,48.6605,55045120.0
1505952000,48.5655,48.585,48.101,48.2325,45527480.0
1506038400,48.0505,48.2805,47.721,47.755,52588660.0
1506297600,47.4655,47.471,46.6445,46.9895,102301940.0
1506384000,47.2745,47.4315,46.5875,46.93,70086900.0
1506470400,47.4,47.765,47.165,47.5435,62906200.0
1506556800,47.593,47.985,47.5051,47.82,50425700.0
1506643200,48.0055,48.2415,47.9188,48.0675,50183880.0
1506902400,48.2,48.3653,47.606,47.9595,48511700.0
1506988800,47.9,48.1845,47.5185,47.855,53285800.0
1507075200,47.7105,48.3895,47.7025,48.2725,50370180.0
1507161600,48.5,49.0755,48.482,49.0425,64401600.0
1507248000,48.782,49.7875,48.782,49.479,74948160.0
1507507200,49.662,49.925,49.375,49.5495,58721460.0
1507593600,49.8335,49.8975,49.005,49.36,61658580.0
1507680000,49.5635,49.775,49.3348,49.75,46701240.0
1507766400,49.8405,50.422,49.62,50.0465,81661520.0
1507852800,50.35,50.3885,50.0515,50.147,48583500.0
1508112000,50.422,50.4786,50.052,50.317,40096320.0
1508198400,50.2795,50.5735,50.219,50.4565,46375240.0
1508284800,50.4635,51.1155,49.8275,49.85,49936960.0
1508371200,49.5,49.5525,49.012,49.3305,61689180.0
1508457600,49.6765,49.731,49.1,49.1455,46871120.0
1508716800,49.3365,49.3388,48.125,48.315,69642460.0
1508803200,48.45,48.9925,48.25,48.795,54265240.0
1508889600,48.9,49.222,48.312,48.6455,60587900.0
1508976000,49.0165,49.145,48.4275,48.6215,107857120.0
1509062400,52.907,55.279,52.5275,55.0475,330959000.0
1509321600,54.7505,56.1395,54.678,55.5425,132164880.0
1509408000,55.45,55.527,55.056,55.264,69497720.0
1509494400,55.27,55.4485,54.837,55.184,74863780.0
1509580800,54.8905,55.0968,54.3435,54.711,73668940.0
1509667200,54.5575,55.634,54.426,55.58,74782820.0
1509926400,55.4575,56.2705,55.4385,56.033,66620640.0
1510012800,56.237,56.53,55.875,56.1585,53682500.0
1510099200,56.141,56.777,55.9555,56.644,51519120.0
1510185600,56.298,56.481,55.7885,56.4565,74589160.0
1510272000,56.305,56.5875,56.203,56.2675,43573400.0
1510531200,56.15,56.995,56.117,56.4585,58267520.0
1510617600,56.5055,56.9,56.1945,56.842,62726140.0
1510704000,56.3505,56.5875,56.0815,56.3345,78343640.0
1510790400,56.508,56.908,56.5025,56.8645,44209080.0
1510876800,56.914,56.94,56.2905,56.494,47203480.0
1511136000,56.4885,56.671,56.1275,56.3155,42923660.0
1511222400,56.643,57.0,56.41,56.9745,49228320.0
1511308800,57.05,58.0135,57.05,57.808,70989060.0
1511481600,58.035,59.342,58.035,59.3,70560220.0
1511740800,60.133,60.6705,59.5575,59.7915,134367700.0
1511827200,60.244,60.267,59.4261,59.68,90961280.0
1511913600,59.74,59.74,57.2595,58.0635,184843620.0
1512000000,58.355,58.9285,58.0,58.8375,89449080.0
1512086400,58.6025,58.9825,57.6,58.1175,82023500.0
1512345600,58.6925,58.76,56.4,56.6975,118539400.0
1512432000,56.413,57.9635,56.237,57.0785,81496920.0
1512518400,56.8995,57.7945,56.804,57.6175,55550480.0
1512604800,57.8295,58.1595,57.55,57.9895,50176260.0
1512691200,58.52,58.6395,57.855,58.1,59585560.0
1512950400,58.23,58.495,57.85,58.446,47201360.0
1513036800,58.3255,58.68,58.0805,58.254,44176240.0
1513123200,58.5,58.5435,58.0135,58.2065,51774800.0
1513209600,58.1855,58.8965,58.1225,58.713,62405300.0
1513296000,58.9515,59.1375,58.4665,58.957,95500180.0
1513555200,59.3685,59.739,59.0455,59.529,58865040.0
1513641600,59.4575,59.6485,58.957,59.369,51491560.0
1513728000,59.525,59.55,58.8,58.881,47299680.0
1513814400,58.795,58.9585,58.382,58.738,41102060.0
1513900800,58.604,58.731,58.3915,58.418,31516900.0
1514246400,58.418,58.916,58.0275,58.838,39778120.0
1514332800,58.9955,59.3645,58.7805,59.113,37323420.0
1514419200,59.45,59.505,59.219,59.305,36770980.0
1514505600,59.1175,59.2,58.375,58.4735,53562440.0
1514851200,58.6,59.5,58.5255,59.4505,53479160.0
1514937600,59.415,60.2745,59.415,60.21,61883500.0
1515024000,60.25,60.7935,60.233,60.4795,60319940.0
1515110400,60.8755,61.457,60.5,61.457,70725980.0
1515369600,61.8,62.654,61.6015,62.3435,85402420.0
1515456000,62.845,62.9665,62.088,62.635,73144860.0
1515542400,62.2575,62.7165,61.8615,62.7165,53596640.0
1515628800,62.987,63.8385,62.823,63.834,62080620.0
1515715200,63.6696,65.288,63.6696,65.26,108690940.0
1516060800,66.15,66.997,64.615,65.243,143100520.0
1516147200,65.612,65.7,64.044,64.75,104812680.0
1516233600,64.6975,65.23,64.201,64.666,80432800.0
1516320000,65.6,65.65,64.6495,64.729,89102160.0
1516579200,64.8585,66.3725,64.8332,66.3655,82524700.0
1516665600,66.9045,68.245,66.867,68.127,102613460.0
1516752000,68.741,69.408,66.9,67.8755,135625940.0
1516838400,68.4,68.917,67.881,68.8975,94829460.0
1516924800,69.6005,70.1265,69.0455,70.1025,96513640.0
1517184000,70.459,71.5695,70.022,70.884,113803360.0
1517270400,70.1585,71.9625,69.6,71.891,116048300.0
1517356800,72.565,73.629,72.502,72.5445,127723700.0
1517443200,72.25,72.994,69.2571,69.5,179700800.0
1517529600,73.8695,74.9,70.7,71.4975,220286800.0
1517788800,70.131,72.949,66.036,69.5,228450400.0
1517875200,68.073,72.1995,67.5895,72.142,218751000.0
1517961600,72.45,73.0495,70.7575,70.839,142522560.0
1518048000,71.4838,71.6876,67.497,67.525,169927100.0
1518134400,68.6745,69.175,63.2965,66.98,282573400.0
1518393600,68.2335,69.6905,67.2005,69.3115,134360740.0
1518480000,69.2965,70.986,69.1765,70.7255,117616460.0
1518566400,70.3125,72.603,70.168,72.5525,118807840.0
1518652800,73.3445,73.447,71.8418,73.088,112697460.0
1518739200,72.8685,73.29,72.328,72.4345,89280960.0
1519084800,72.3245,74.4385,72.3245,73.4175,129470400.0
1519171200,74.25,75.1745,73.946,74.146,125401700.0
1519257600,74.768,75.127,73.788,74.267,96125340.0
1519344000,74.767,75.0,74.325,75.0,87908860.0
1519603200,75.46,76.142,75.35,76.0975,98893580.0
1519689600,76.225,76.339,75.3605,75.599,95823340.0
1519776000,75.9755,76.435,75.6,75.6225,89973760.0
1519862400,75.68,75.9245,73.25,74.6725,136409240.0
1519948800,73.455,75.0525,72.7505,75.0125,131479460.0
1520208000,74.712,76.269,74.05,76.1805,103842380.0
1520294400,76.66,77.1065,76.4,76.882,88662100.0
1520380800,76.326,77.295,76.1255,77.25,83296580.0
1520467200,77.5,77.744,77.2625,77.593,77658080.0
1520553600,78.175,78.947,77.954,78.9445,90173000.0
1520812800,79.63,80.2665,79.335,79.9195,102922980.0
1520899200,80.798,80.877,78.9005,79.409,130286720.0
1520985600,79.85,80.3222,79.5445,79.55,84733100.0
1521072000,79.75,79.8455,78.9055,79.116,81153880.0
1521158400,79.1725,79.472,78.375,78.584,105836960.0
1521417600,77.7265,78.083,76.2675,77.2465,128128260.0
1521504000,77.517,79.35,77.2705,79.3255,91093500.0
1521590400,79.3225,79.5,78.1585,79.093,94817680.0
1521676800,78.2735,78.6925,77.12,77.246,124267580.0
1521763200,76.9505,77.451,74.768,74.778,159553100.0
1522022400,76.5,77.8495,74.9625,77.793,111844000.0
1522108800,78.62,78.7982,74.116,74.8525,137745480.0
1522195200,72.35,72.795,69.3085,71.571,273607400.0
1522281600,70.3,72.7735,68.26,72.367,251400400.0
1522627200,70.881,71.0679,67.75,68.5995,208651200.0
1522713600,69.569,70.7,67.7665,69.6025,204258800.0
1522800000,67.912,70.7695,67.644,70.5285,138849700.0
1522886400,72.0995,72.9779,71.3535,72.5875,126110260.0
1522972800,71.4985,72.6251,70.013,70.2615,116775160.0
1523232000,71.2515,71.924,70.1286,70.304,83871280.0
1523318400,71.5995,71.919,70.785,71.811,85167160.0
1523404800,71.972,72.4388,71.2445,71.3525,70888980.0
1523491200,71.975,72.606,71.753,72.425,62338780.0
1523577600,72.4568,72.989,71.226,71.5395,72751720.0
1523836800,72.25,72.35,71.374,72.075,55476720.0
1523923200,73.1148,75.3595,72.8511,75.1915,100170640.0
1524009600,75.7325,76.69,75.2055,76.392,101833540.0
1524096000,77.161,78.426,76.953,77.8455,129679340.0
1524182400,78.06,78.06,75.8047,76.3745,110412840.0
1524441600,77.3347,77.4,75.1705,75.893,88956020.0
1524528000,76.79,76.975,72.4224,73.0045,149401180.0
1524614400,72.9,73.4995,70.751,73.0085,127319780.0
1524700800,74.2505,76.471,73.925,75.898,166197280.0
1524787200,81.7005,81.905,78.3693,78.631,260508600.0
1525046400,79.125,79.8,78.0471,78.3065,108425640.0
1525132800,78.161,79.25,77.609,79.113,91033220.0
1525219200,79.049,79.425,78.318,78.484,85044600.0
1525305600,78.0005,78.74,77.301,78.6038,84717700.0
1525392000,78.1225,79.245,78.1095,79.0475,68281760.0
1525651200,79.4669,80.3475,79.3915,80.007,75867520.0
1525737600,79.75,79.844,79.1255,79.6195,60670520.0
1525824000,80.0,80.4,79.6,80.4,72573220.0
1525910400,80.4237,80.78,80.172,80.454,55707880.0
1525996800,80.5495,80.555,79.8946,80.1455,45171660.0
1526256000,80.2,80.559,80.0025,80.077,49206040.0
1526342400,79.3902,79.3902,78.261,78.806,101328400.0
1526428800,78.875,79.7215,78.8335,79.364,50709160.0
1526515200,79.028,79.702,78.65,79.088,42624760.0
1526601600,79.0665,79.1795,78.605,78.7185,52251280.0
1526860800,79.25,79.6025,78.75,79.273,56813100.0
1526947200,79.4945,79.4945,78.7625,79.07,41074660.0
1527033600,78.5525,80.093,78.317,80.093,66970800.0
1527120000,79.9015,80.412,79.419,80.1535,67675760.0
1527206400,80.15,80.706,80.0224,80.5075,52495680.0
1527552000,80.0355,81.0895,80.0075,80.6435,76747620.0
1527638400,80.905,81.3,80.6465,81.2445,57854080.0
1527724800,81.15,81.75,81.0675,81.481,63152440.0
1527811200,81.8515,82.3365,81.7545,82.077,66049320.0
1528070400,82.445,83.284,82.2745,83.2635,63567740.0
1528156800,83.6495,84.95,83.503,84.8175,94665500.0
1528243200,85.2255,85.725,84.3235,84.7875,109320640.0
1528329600,84.9279,84.995,83.8053,84.465,75122560.0
1528416000,84.056,84.472,83.6505,84.1995,58980400.0
1528675200,84.0755,84.7122,84.0296,84.456,46357620.0
1528761600,84.65,84.9755,84.5762,84.9375,44061120.0
1528848000,85.1405,85.6875,85.006,85.243,66305160.0
1528934400,85.674,86.24,85.4435,86.193,63142540.0
1529020800,85.7,86.0435,85.426,85.7985,94582020.0
1529280000,85.313,86.337,85.128,86.1895,61882200.0
1529366400,85.452,86.8055,85.0195,86.739,85569920.0
1529452800,87.125,88.1465,87.068,87.504,86416720.0
1529539200,88.0,88.155,85.878,86.511,98263540.0
1529625600,87.131,87.15,85.595,85.7835,81001180.0
1529884800,85.1255,85.25,82.3154,83.1575,149896360.0
1529971200,83.6185,85.0783,83.167,84.5545,85906400.0
1530057600,85.4055,85.5975,83.0,83.0255,95577440.0
1530144000,83.627,85.275,83.0587,85.0725,90435760.0
1530230400,85.85,86.1705,84.7158,84.99,89733600.0
1530489600,84.135,85.6945,83.903,85.689,63612800.0
1530576000,86.198,86.25,84.624,84.698,43545520.0
1530748800,85.269,85.5345,84.1075,84.9865,59480940.0
1530835200,84.8,85.7634,84.5835,85.5315,51729000.0
1531094400,86.2025,86.978,85.8115,86.951,58523880.0
1531180800,86.9265,87.5,86.55,87.1535,59546200.0
1531267200,86.8995,87.848,86.7,87.75,63344180.0
1531353600,88.2255,89.9,88.109,89.831,90225480.0
1531440000,90.1965,90.765,89.7613,90.6515,87636040.0
1531699200,91.0975,92.0975,90.7225,91.1245,108518320.0
1531785600,90.578,92.5845,89.8692,92.1965,113214100.0
1531872000,92.4,92.944,91.5635,92.146,97024160.0
1531958400,91.473,92.05,90.5635,90.6485,91801260.0
1532044800,91.2505,91.742,90.503,90.685,77588960.0
1532304000,90.6105,90.95,88.4995,90.1,77178060.0
1532390400,91.4505,92.0,90.4691,91.462,84566800.0
1532476800,91.465,93.192,91.132,93.1805,73153280.0
1532563200,91.95,92.234,90.225,90.4,192747980.0
1532649600,93.8025,94.0025,90.3265,90.8635,193400840.0
1532908800,91.3665,91.475,88.301,88.961,130854240.0
1532995200,89.3245,90.0915,86.966,88.872,114328980.0
1533081600,89.2,89.9218,88.801,89.8585,82782880.0
1533168000,89.4385,91.828,89.3,91.7165,86758220.0
1533254400,91.8872,92.05,91.0751,91.1645,69094360.0
1533513600,91.2905,92.3885,90.946,92.3875,67679420.0
1533600000,92.7265,93.486,92.3134,93.124,66655780.0
1533686400,93.05,94.5755,92.725,94.326,78449240.0
1533772800,94.1,95.7285,93.874,94.926,96887260.0
1533859200,94.4255,94.975,93.9106,94.315,72474680.0
1534118400,94.925,96.25,94.6835,94.81,110169620.0
1534204800,95.9695,96.0505,95.0,95.9825,78375160.0
1534291200,95.4775,95.8105,93.4895,94.131,153162160.0
1534377600,95.197,95.25,94.1776,94.326,77685060.0
1534464000,94.29,94.4,92.7775,94.111,81770960.0
1534723200,94.5285,94.5873,93.303,93.8355,57086400.0
1534809600,94.0,94.8875,93.7203,94.171,61364300.0
1534896000,93.832,95.29,93.832,95.245,61167380.0
1534982400,95.3585,95.975,95.038,95.145,70963940.0
1535068800,95.5255,95.8005,95.127,95.2695,55635400.0
1535328000,95.75,96.385,95.4641,96.384,70929920.0
1535414400,96.8865,97.0889,96.441,96.641,61409640.0
1535500800,97.6725,99.9345,97.447,99.905,128647080.0
1535587200,99.871,101.2785,99.345,100.119,145091460.0
1535673600,100.35,101.119,100.237,100.6355,82968640.0
1536019200,101.325,102.525,100.65,101.9755,114062560.0
1536105600,101.9055,102.019,99.4945,99.741,163942340.0
1536192000,100.3253,100.375,96.7605,97.9155,149461720.0
1536278400,96.9355,98.76,96.8675,97.6035,97139640.0
1536537600,98.55,98.652,96.5758,96.9505,89621820.0
1536624000,96.4135,99.444,95.85,99.3575,100335600.0
1536710400,99.7,100.0,98.122,99.5,88146680.0
1536796800,100.0,100.438,99.1014,99.4935,72107960.0
1536883200,99.6465,99.6824,97.961,98.5095,71757920.0
1537142400,97.7365,97.841,94.3705,95.4015,139631000.0
1537228800,95.9325,97.91,95.772,97.0525,84637840.0
1537315200,97.025,97.0415,95.245,96.321,80752820.0
1537401600,96.929,97.75,96.6125,97.215,62840500.0
1537488000,97.711,97.8655,95.5251,95.7505,135494540.0
1537747200,95.1895,96.844,93.25,96.718,82931260.0
1537833600,97.145,98.7955,96.9425,98.7275,87033240.0
1537920000,98.425,99.7625,98.076,98.7425,85241940.0
1538006400,99.6618,100.8078,99.429,100.649,85915160.0
1538092800,100.2205,101.326,99.8232,100.15,79831480.0
1538352000,101.0995,101.6595,100.18,100.218,69154500.0
1538438400,99.9995,100.6695,98.2885,98.5655,107218480.0
1538524800,99.085,99.485,97.4905,97.638,103344480.0
1538611200,97.45,97.8,94.8285,95.471,144810980.0
1538697600,95.8995,96.454,93.1415,94.4825,136324260.0
1538956800,93.7,95.0998,91.5331,93.221,146936560.0
1539043200,92.9995,94.8338,92.616,93.516,94648600.0
1539129600,92.8945,92.928,87.7205,87.7625,217579800.0
1539216000,86.2,87.77,84.255,85.968,277179400.0
1539302400,90.4,90.4475,87.1265,89.4305,187705120.0
1539561600,89.75,89.7525,86.7115,88.0475,127212120.0
1539648000,89.175,91.194,88.0775,90.998,116539700.0
1539734400,92.1395,92.25,90.35,91.5865,105651940.0
1539820800,91.0745,91.5075,88.3935,88.536,116787040.0
1539907200,89.258,90.455,87.65,88.2015,117088340.0
1540166400,89.2,90.475,87.8,89.465,89626680.0
1540252800,87.112,88.817,85.7,88.435,134113720.0
1540339200,88.685,88.8855,82.828,83.21,136902460.0
1540425600,85.167,89.7405,84.6005,89.1085,198828940.0
1540512000,82.4795,84.923,80.15,82.1405,298837200.0
1540771200,83.0,83.2869,74.75,76.944,275836200.0
1540857600,74.308,77.0495,73.818,76.521,247902600.0
1540944000,78.4995,81.1955,78.2545,79.9005,187457980.0
1541030400,81.1765,83.5223,79.922,83.2765,161080900.0
1541116800,83.9295,84.872,82.5915,83.2765,138652880.0
1541376000,82.8785,82.9045,79.818,81.39,112314980.0
1541462400,80.9175,83.25,80.7275,82.1405,84121860.0
1541548800,83.65,87.9615,83.2038,87.7745,163335540.0
1541635200,87.75,89.2,86.2555,87.7455,130406900.0
1541721600,86.625,87.196,85.0935,85.6215,117841160.0
1541980800,84.912,85.4275,81.5005,81.8425,135273860.0
1542067200,82.4645,83.8532,80.6875,81.5585,118029980.0
1542153600,82.816,83.6498,79.8535,79.9505,128783400.0
1542240000,79.0505,81.241,77.3255,80.972,167596480.0
1542326400,79.375,80.724,78.656,79.6705,121143980.0
1542585600,78.8505,79.0595,75.168,75.6145,154827400.0
1542672000,71.875,76.7375,71.0,74.773,216488200.0
1542758400,77.1495,77.5,75.75,75.8365,114148000.0
1542931200,75.85,76.81,75.0905,75.103,54152840.0
1543190400,76.95,79.2405,76.211,79.0665,124530620.0
1543276800,78.7995,79.8825,77.9005,79.071,115168820.0
1543363200,80.696,84.0725,80.0607,83.8875,168597880.0
1543449600,83.7495,84.4995,82.6166,83.6785,132008480.0
1543536000,83.975,84.8,83.325,84.5085,114883360.0
1543795200,88.473,88.917,86.5,88.618,136808240.0
1543881600,87.8,88.5169,83.25,83.42,173068320.0
1544054400,80.7435,85.0525,80.4925,84.9595,174023940.0
1544140800,85.2535,85.9463,81.273,81.4565,150178780.0
1544400000,81.192,82.8995,79.5435,82.0515,149343180.0
1544486400,83.9,83.9734,80.98,82.162,124356660.0
1544572800,83.45,85.2495,83.0135,83.177,131627120.0
1544659200,84.0,84.606,82.075,82.919,104980860.0
1544745600,81.9,82.1285,79.25,79.5955,126953180.0
1545004800,78.3,78.8065,75.2505,76.0455,174580400.0
1545091200,77.0,78.3775,76.1505,77.574,129361460.0
1545177600,77.1525,79.2265,74.159,74.754,172488020.0
1545264000,74.2,75.475,71.6345,73.0415,198253180.0
1545350400,73.2495,74.0,68.198,68.8725,271129400.0
1545609600,67.3,69.8015,65.35,67.198,144399920.0
1545782400,68.4445,73.6578,68.1505,73.545,206657400.0
1545868800,72.71,73.45,69.5155,73.082,192624560.0
1545955200,73.6675,75.6735,72.45,73.901,176451960.0
1546214400,75.54,76.038,74.35,75.0985,138831960.0
1546387200,73.26,77.668,73.0465,76.9565,157439340.0
1546473600,76.0005,76.9,74.8555,75.014,138684360.0
1546560000,76.5,79.7,75.9155,78.7695,183234020.0
1546819200,80.1155,81.728,79.4592,81.4755,159434400.0
1546905600,83.2345,83.8305,80.8305,82.829,176615060.0
1546992000,82.649,83.3899,82.0698,82.971,126670560.0
1547078400,82.0505,83.1625,81.0808,82.811,129745040.0
1547164800,82.0275,83.0147,81.811,82.028,93401860.0
1547424000,80.75,82.41,79.7575,80.8605,119785980.0
1547510400,81.6,83.758,81.3005,83.728,119285960.0
1547596800,84.211,85.25,83.7939,84.189,126872280.0
1547683200,84.0,85.0085,83.875,84.661,83596720.0
1547769600,85.6,85.81,84.577,84.81,119466360.0
1548115200,84.05,84.0933,80.51,81.6085,128053100.0
1548201600,82.8,82.8715,80.6,82.001,103848400.0
1548288000,82.0535,82.8629,81.5892,82.7465,81554740.0
1548374400,83.525,84.174,83.0806,83.5285,98668680.0
1548633600,82.1795,82.25,80.7045,81.8945,96151280.0
1548720000,81.5635,81.619,79.536,79.694,91831720.0
1548806400,81.15,83.8475,80.984,83.5215,114340840.0
1548892800,84.6425,86.8206,83.9541,85.9365,206086600.0
1548979200,81.944,83.653,81.1005,81.3115,229682600.0
1549238400,81.15,82.4815,80.675,81.6655,98226380.0
1549324800,82.167,83.263,82.125,82.9405,88872640.0
1549411200,83.5375,83.613,81.667,82.013,78617400.0
1549497600,81.25,81.2769,79.6455,80.7185,92105860.0
1549584000,79.3,79.4295,78.3378,79.411,112997760.0
1549843200,80.049,80.4645,79.3,79.55,66024800.0
1549929600,80.2,81.9698,79.944,81.9005,96609740.0
1550016000,82.35,82.819,81.8553,82.0,70901920.0
1550102400,81.225,81.895,80.303,81.1325,82131100.0
1550188800,81.393,81.4455,80.225,80.3975,86667940.0
1550534400,80.05,81.7,80.028,81.379,73436420.0
1550620800,81.5,81.7465,80.506,81.105,66286200.0
1550707200,80.9925,81.178,80.0455,80.972,69213640.0
1550793600,81.175,81.747,81.0585,81.578,61806840.0
1551052800,82.0725,82.73,81.5194,81.65,63383800.0
1551139200,81.299,81.9995,80.8067,81.82,53140380.0
1551225600,81.409,82.0905,80.755,82.0545,62822920.0
1551312000,81.7625,82.5885,81.6915,81.9915,60320160.0
1551398400,82.7565,83.713,82.55,83.5865,93232360.0
1551657600,84.25,85.4715,83.718,84.8085,123084740.0
1551744000,85.1475,85.39,84.4505,84.6215,73359540.0
1551830400,84.7985,84.8875,83.414,83.4475,79699920.0
1551916800,83.3685,83.4877,81.0255,81.2975,98911280.0
1552003200,80.2005,81.136,79.3285,81.04,93198900.0
1552262400,81.306,83.6143,81.3005,83.531,75945960.0
1552348800,83.45,84.2133,83.049,83.655,71259860.0
1552435200,84.15,85.0,83.9675,84.5405,70816740.0
1552521600,84.56,85.1,84.217,84.311,58755180.0
1552608000,85.15,85.94,84.6565,85.618,150766000.0
1552867200,85.635,87.5,85.6315,87.1075,108067840.0
1552953600,87.6755,89.208,87.6755,88.0925,126784640.0
1553040000,88.497,89.975,88.3517,89.8635,123076120.0
1553126400,89.813,91.1875,89.3641,90.963,114801500.0
1553212800,90.5085,90.949,88.1555,88.2385,126957160.0
1553472000,87.8895,89.1338,87.375,88.713,101963640.0
1553558400,89.65,90.2885,88.668,89.188,96973080.0
1553644800,89.2065,89.375,87.284,88.285,86332920.0
1553731200,88.5,88.8965,87.6735,88.671,60617200.0
1553817600,89.329,89.643,88.8315,89.0375,66336620.0
1554076800,90.0055,90.7835,89.9365,90.7095,83469600.0
1554163200,90.551,91.0,90.2561,90.699,68711120.0
1554249600,91.336,91.5,90.481,91.035,78460860.0
1554336000,91.0325,91.4375,90.21,90.943,72280260.0
1554422400,91.45,91.929,91.2595,91.864,72569160.0
1554681600,91.6615,92.51,91.2555,92.493,74908560.0
1554768000,92.2745,92.6545,91.589,91.792,74065660.0
1554854400,92.05,92.4,91.4405,92.3665,59038780.0
1554940800,92.435,92.4975,92.0155,92.2035,52463940.0
1555027200,92.42,92.575,92.065,92.153,61817980.0
1555286400,92.1,92.3425,90.945,92.2435,74213060.0
1555372800,92.5675,93.4885,92.4,93.152,60738140.0
1555459200,93.6495,93.8237,93.022,93.241,56762600.0
1555545600,93.4395,93.541,92.974,93.0845,54900040.0
1555891200,92.77,94.421,92.282,94.3655,67223240.0
1555977600,94.56,96.463,94.479,96.1885,92643380.0
1556064000,96.25,96.4845,94.908,95.0875,72367640.0
1556150400,95.8502,96.1225,95.0155,95.1125,112519440.0
1556236800,96.45,97.55,94.9,97.5315,167932100.0
1556496000,97.45,97.8168,96.7045,96.9215,80001040.0
1556582400,96.505,96.7855,95.3475,96.326,69858580.0
1556668800,96.6545,97.182,95.5275,95.576,62339280.0
1556755200,95.6665,96.0775,94.0935,95.041,79258300.0
1556841600,97.45,98.22,96.8,98.123,127631280.0
1557100800,95.899,97.95,95.525,97.5275,108356820.0
1557187200,96.9995,97.455,95.169,96.05,118042680.0
1557273600,95.9435,96.7685,95.5,95.8885,81571360.0
1557360000,95.0,95.47,93.8,94.9935,106165260.0
1557446400,94.9,95.1895,92.8,94.499,114359880.0
1557705600,91.828,92.3268,90.9,91.134,115668200.0
1557792000,91.975,92.622,90.7875,92.006,92582140.0
1557878400,91.3975,93.7214,91.15,93.5575,93852840.0
1557964800,94.297,95.8755,94.1145,95.3785,94156440.0
1558051200,94.6525,95.5265,93.3665,93.45,94732360.0
1558310400,92.6345,93.389,91.777,92.9485,75963960.0
1558396800,93.7395,93.95,92.3,92.876,80102440.0
1558483200,92.589,93.5743,92.55,92.984,58732020.0
1558569600,91.8295,92.2,90.21,90.774,88485300.0
1558656000,91.7945,92.088,90.8926,91.164,67393460.0
1559001600,91.6375,92.4633,91.3675,91.8215,63999300.0
1559088000,91.156,91.5,90.3766,90.9595,85580500.0
1559174400,91.2745,91.4735,90.3913,90.816,62937000.0
1559260800,89.5005,89.7793,88.6352,88.7535,92376380.0
1559520000,88.0005,88.3145,83.6,84.6345,181974160.0
1559606400,84.962,86.541,84.0445,86.478,113582420.0
1559692800,87.48,87.6,85.7626,86.925,84795640.0
1559779200,86.8855,88.0,86.3065,87.718,73785440.0
1559865600,88.185,90.3127,87.9745,90.2015,96164920.0
1560124800,91.1,94.2435,90.9,93.0315,107420140.0
1560211200,94.1625,94.685,92.9,93.185,80853880.0
1560297600,92.699,93.25,92.219,92.766,53566700.0
1560384000,93.336,94.1545,93.111,93.515,55916200.0
1560470400,93.2,93.8,92.95,93.4835,57023260.0
1560729600,93.825,94.7844,93.7725,94.3015,52686840.0
1560816000,95.0675,96.0835,94.9895,95.0685,77914560.0
1560902400,95.392,95.979,94.6235,95.4395,57906940.0
1560988800,96.6665,96.76,95.29,95.9095,64343060.0
1561075200,95.805,96.2975,95.379,95.565,78671520.0
1561334400,95.633,95.843,95.065,95.695,45659380.0
1561420800,95.592,95.8193,93.621,93.9135,60246940.0
1561507200,94.624,95.19,94.366,94.8915,48838200.0
1561593600,95.1,95.562,94.902,95.214,42834420.0
1561680000,95.455,95.647,94.2,94.6815,60747160.0
1561939200,96.149,96.491,95.733,96.1095,64066940.0
1562025600,95.969,96.7395,95.3315,96.7155,53025980.0
1562112000,96.7945,97.0795,96.525,96.95,33805880.0
1562284800,96.43,97.295,96.265,97.1455,52567180.0
1562544000,96.706,97.8,96.4127,97.616,57667420.0
1562630400,97.39,99.5005,97.1737,99.415,86913960.0
1562716800,99.8255,101.247,99.77,100.8705,98638040.0
1562803200,101.281,101.79,99.765,100.0535,86355320.0
1562889600,100.4135,100.85,100.1935,100.55,50185940.0
1563148800,101.07,101.145,100.0775,101.0495,59626860.0
1563235200,100.529,101.316,100.061,100.495,52363960.0
1563321600,100.3525,100.6,99.6015,99.6015,51176180.0
1563408000,99.0005,99.375,97.5775,98.895,70085040.0
1563494400,99.5605,99.8,98.1113,98.226,63712240.0
1563753600,98.557,99.45,97.913,99.2815,58162220.0
1563840000,99.7995,99.8895,98.6565,99.7245,54069600.0
1563926400,98.465,100.065,98.2935,100.0405,52626000.0
1564012800,100.05,100.06,98.636,98.691,82729220.0
1564099200,97.1,97.5448,96.2255,97.1525,98542860.0
1564358400,96.5,96.6113,94.527,95.6225,89863800.0
1564444800,94.5558,95.4945,94.174,94.9265,58217760.0
1564531200,94.9055,94.9775,92.472,93.339,89414540.0
1564617600,93.586,94.896,92.2005,92.766,94266220.0
1564704000,92.2535,92.3182,90.401,91.162,99124500.0
1564963200,88.511,89.4334,87.439,88.2565,121164240.0
1565049600,89.6115,89.6885,87.67,89.3915,101405160.0
1565136000,88.6995,89.9465,87.85,89.67,90537680.0
1565222400,90.3,91.713,89.9055,91.6445,74024840.0
1565308800,91.4475,91.5546,90.111,90.379,57595400.0
1565568000,89.7995,90.049,88.85,89.246,58109960.0
1565654400,89.15,91.5871,89.0,91.217,81500420.0
1565740800,89.6505,89.7826,87.8607,88.148,97872980.0
1565827200,89.0995,89.4,88.098,88.806,76198960.0
1565913600,89.6445,90.1454,89.2275,89.6285,61084800.0
1566172800,90.904,91.3,90.6305,90.806,56406060.0
1566259200,90.725,90.841,89.994,90.069,38656700.0
1566345600,90.9695,91.4789,90.75,91.177,40784620.0
1566432000,91.4,91.4706,90.005,90.28,53167760.0
1566518400,89.6515,90.2448,87.2615,87.481,105557960.0
1566777600,88.3455,88.5,87.1755,88.4435,61706400.0
1566864000,88.7865,88.97,87.334,88.0915,60544900.0
1566950400,87.75,88.393,87.2025,88.2125,48437860.0
1567036800,89.15,89.9275,88.8625,89.32,60360240.0
1567123200,89.8745,89.987,88.2285,88.8145,61282940.0
1567468800,88.5,90.04,88.4,89.492,70937180.0
1567555200,90.25,90.3815,89.8115,90.031,46524560.0
1567641600,91.0975,92.1,90.7788,92.036,66503780.0
1567728000,91.911,92.0325,91.32,91.6755,49938660.0
1567987200,92.05,92.5,91.2305,91.5675,59990300.0
1568073600,91.1375,91.2905,90.2668,91.0275,52277580.0
1568160000,90.607,91.671,90.454,91.1495,48655340.0
1568246400,91.8815,92.683,91.714,92.1775,56470100.0
1568332800,92.1005,92.3061,91.7585,91.967,39426340.0
1568592000,91.201,91.2847,90.01,90.392,73509460.0
1568678400,90.354,91.1995,90.205,91.1275,40661160.0
1568764800,90.852,91.103,89.775,90.873,50720240.0
1568851200,91.051,91.6285,90.895,91.075,41566700.0
1568937600,91.0855,91.5315,89.046,89.708,111116780.0
1569196800,88.85,89.635,88.366,89.265,62782840.0
1569283200,89.5303,89.7853,86.7773,87.0805,92758020.0
1569369600,87.368,88.65,86.15,88.4165,70621960.0
1569456000,88.1395,88.1685,86.575,86.992,71439040.0
1569542400,87.4,87.456,85.691,86.2725,78960580.0
1569801600,86.3495,86.873,85.461,86.7955,55215360.0
1569888000,87.3,87.78,86.4205,86.7825,63409200.0
1569974400,86.387,86.4445,85.25,85.6615,66769520.0
1570060800,85.65,86.25,84.253,86.221,72487420.0
1570147200,86.301,87.0288,85.9615,86.9825,49785540.0
1570406400,86.5815,87.3915,86.185,86.633,43751960.0
1570492800,86.1245,86.35,85.25,85.2755,52536800.0
1570579200,85.9805,86.4975,85.718,86.0995,41786700.0
1570665600,86.262,86.9145,85.6875,86.013,54430620.0
1570752000,87.146,87.2725,86.493,86.596,65590680.0
1571011200,86.4455,87.0944,86.1,86.8215,38577960.0
1571097600,87.107,88.8225,87.031,88.369,62584880.0
1571184000,88.6665,89.312,88.526,88.8715,56081360.0
1571270400,89.8245,89.9425,89.101,89.374,54275460.0
1571356800,89.39,89.699,87.46,87.8755,67321820.0
1571616000,88.483,89.294,88.25,89.283,44498040.0
1571702400,89.4075,89.489,88.1,88.2865,44688500.0
1571788800,88.065,88.5025,87.1,88.1085,43807600.0
1571875200,88.5545,89.4169,88.0135,89.039,104087000.0
1571961600,84.8775,88.2105,84.75,88.0665,192528040.0
1572220800,87.403,88.935,87.125,88.854,74177020.0
1572307200,88.7405,88.85,87.7905,88.1355,45537100.0
1572393600,88.012,89.119,87.9558,88.9995,48988100.0
1572480000,88.7995,89.6,88.5738,88.833,55623700.0
1572566400,89.4005,89.8723,89.2605,89.572,55807080.0
1572825600,90.0505,90.753,90.0505,90.233,55438440.0
1572912000,90.458,90.5125,89.7,90.0855,37710860.0
1572998400,90.05,90.125,89.429,89.7885,40595660.0
1573084800,90.188,90.295,89.174,89.41,53021720.0
1573171200,89.3945,89.494,88.702,89.294,42523960.0
1573430400,88.9,89.0,88.3565,88.5825,38956200.0
1573516800,88.733,89.311,88.5955,88.9,40778500.0
1573603200,88.6695,88.75,87.3661,87.6555,58537840.0
1573689600,87.5715,88.3297,87.478,87.73,45388340.0
1573776000,88.0025,88.084,86.643,86.9745,78622820.0
1574035200,86.915,87.685,86.1355,87.6265,56838140.0
1574121600,87.8495,88.034,87.1515,87.6395,45490700.0
1574208000,87.457,88.1262,86.706,87.2765,55875180.0
1574294400,87.15,87.3435,86.518,86.7355,53258760.0
1574380800,86.951,87.3215,86.55,87.286,49581620.0
1574640000,87.6625,88.871,87.662,88.692,69789340.0
1574726400,88.996,89.8515,88.9175,89.847,63808560.0
1574812800,90.05,91.225,89.8655,90.9255,60716920.0
1574985600,90.889,91.2345,90.0395,90.04,38468800.0
1575244800,90.22,90.2775,88.134,89.08,78635000.0
1575331200,88.0,88.6435,87.3615,88.498,70591640.0
1575417600,88.7005,89.4545,88.011,88.0345,53614000.0
1575504000,88.175,88.175,87.0,87.024,56557040.0
1575590400,87.56,87.72,87.0065,87.58,62399580.0
1575849600,87.533,88.3446,87.2805,87.4755,50049780.0
1575936000,87.37,87.5335,86.75,86.9605,50312880.0
1576022400,87.0835,87.5,86.7855,87.436,42026360.0
1576108800,87.5,88.2,87.272,88.0165,62078980.0
1576195200,88.25,88.4495,87.75,88.047,54958180.0
1576454400,88.35,88.475,87.8525,88.4605,62986900.0
1576540800,88.9005,89.6,88.8695,89.533,72933940.0
1576627200,89.751,89.91,89.118,89.2015,67082740.0
1576713600,89.025,89.6495,88.703,89.614,54766400.0
1576800000,89.9808,90.1485,89.1225,89.325,103049200.0
1577059200,89.413,89.65,89.2255,89.65,42749860.0
1577145600,89.6905,89.7785,89.3788,89.4605,17626740.0
1577318400,90.0505,93.523,89.975,93.4385,120492160.0
1577404800,94.146,95.07,93.3005,93.49,123775080.0
1577664000,93.7,94.2,92.031,92.3445,73546120.0
1577750400,92.1,92.663,91.6115,92.392,50207600.0
1577923200,93.75,94.9005,93.2075,94.9005,80718200.0
1578009600,93.225,94.3098,93.225,93.7485,75332080.0
1578268800,93.0,95.1845,93.0,95.144,81313960.0
1578355200,95.225,95.6945,94.6022,95.343,82680200.0
1578441600,94.902,95.55,94.3222,94.5985,70239320.0
1578528000,95.4945,95.891,94.7902,95.0525,63499240.0
1578614400,95.2685,95.347,94.0,94.158,57139180.0
1578873600,94.5655,94.9,94.04,94.565,55716880.0
1578960000,94.294,94.3555,92.9275,93.472,68927620.0
1579046400,93.6125,93.943,92.7545,93.101,57931840.0
1579132800,94.1495,94.2795,93.301,93.897,53189860.0
1579219200,94.2945,94.332,92.8625,93.236,79946800.0
1579564800,93.25,94.7135,93.0,94.6,74155700.0
1579651200,94.8045,95.125,94.167,94.373,64325140.0
1579737600,94.2555,94.4988,93.638,94.229,49692260.0
1579824000,94.5685,94.7495,92.372,93.082,75323620.0
1580083200,91.0,92.05,90.767,91.417,70570180.0
1580169600,92.025,92.9055,91.501,92.6625,56160800.0
1580256000,93.2,93.7375,92.751,92.9,42027800.0
1580342400,92.9,93.6435,92.5305,93.534,126548760.0
1580428800,102.5735,102.786,100.1135,100.436,311345600.0
1580688000,100.53,102.425,100.0125,100.21,117981880.0
1580774400,101.494,102.99,100.7685,102.4835,105786760.0
1580860800,103.551,103.551,101.6,101.9935,87523480.0
1580947200,102.051,102.815,101.24,102.5115,63659080.0
1581033600,102.0995,104.9265,101.905,103.964,101906940.0
1581292800,104.2505,106.78,104.248,106.6955,101124700.0
1581379200,107.545,109.2975,106.8,107.54,114920220.0
1581465600,108.16,109.0125,107.7645,108.0,66685280.0
1581552000,107.2495,108.514,107.1,107.4935,60635820.0
1581638400,107.784,107.9518,106.2945,106.7435,52123380.0
1581984000,106.251,108.3035,106.2053,107.7835,59021400.0
1582070400,108.39,109.255,108.056,108.511,51223300.0
1582156800,108.6535,108.8395,106.3725,107.655,62626840.0
1582243200,107.1075,107.2275,104.4,104.7985,93014800.0
1582502400,100.159,101.9648,99.3987,100.4645,130939940.0
1582588800,101.321,101.73,97.921,98.637,124381880.0
1582675200,98.514,100.7335,98.0225,98.9795,104808040.0
1582761600,96.719,98.75,94.1381,94.215,162879860.0
1582848000,90.7315,94.488,90.5564,94.1875,189875940.0
1583107200,95.3245,97.7255,93.5,97.6975,135233020.0
1583193600,98.7685,99.8165,94.4045,95.4495,150689820.0
1583280000,97.3285,98.9,96.1,98.7915,95458380.0
1583366400,96.65,98.036,95.5,96.2015,94964200.0
1583452800,93.75,95.5435,93.475,95.0545,105471600.0
1583712000,88.693,93.1385,88.0645,90.0305,156264640.0
1583798400,93.544,94.7135,90.9085,94.591,142666200.0
1583884800,92.8925,93.566,90.075,91.043,112936620.0
1583971200,86.099,88.25,83.75,83.8305,226924200.0
1584057600,87.75,89.3155,84.031,89.25,176194500.0
1584316800,82.0755,87.9726,81.3016,84.4575,178345300.0
1584403200,88.7735,92.8888,84.462,90.392,218342600.0
1584489600,87.5,92.083,87.25,91.5,192904360.0
1584576000,93.0,97.25,91.6325,94.0465,207998800.0
1584662400,96.3155,97.85,91.0365,92.3045,196357000.0
1584921600,91.3875,95.97,90.6,95.1415,156169780.0
1585008000,97.5747,97.75,95.017,97.005,142941600.0
1585094400,96.0345,97.513,94.289,94.292,129581460.0
1585180800,95.1,97.8245,94.4645,97.7745,124702360.0
1585267200,96.543,96.9895,94.996,95.005,107757940.0
1585526400,96.1415,98.6815,95.617,98.1975,122521740.0
1585612800,98.2175,99.651,97.2005,97.486,102472520.0
1585699200,96.6485,97.248,94.65,95.385,82437500.0
1585785600,95.082,96.3763,94.5,95.9415,86719700.0
1585872000,95.5575,96.3165,94.4575,95.3295,72197400.0
1586131200,96.8,99.926,96.501,99.8795,115463620.0
1586217600,100.8555,101.786,99.881,100.58,102279660.0
1586304000,101.05,102.2,100.5575,102.15,79546260.0
1586390400,102.215,102.65,100.883,102.138,93112340.0
1586736000,102.0,109.0,101.9,108.4435,134334180.0
1586822400,110.0235,114.6,109.3105,114.166,161743860.0
1586908800,112.884,116.6685,112.25,115.384,137331340.0
1586995200,117.3,123.0499,116.75,120.4095,240764000.0
1587081600,118.6165,120.0,115.801,118.75,158600200.0
1587340800,119.4975,122.249,119.3025,119.6805,115413880.0
1587427200,120.8305,121.4155,113.983,116.406,149533580.0
1587513600,118.45,119.7,117.55,118.1745,84365900.0
1587600000,119.999,121.211,119.104,119.9725,101331040.0
1587686400,120.85,121.0217,119.1,120.511,76635940.0
1587945600,122.16,122.244,118.15,118.8,112912900.0
1588032000,118.605,118.675,115.3,115.704,105388920.0
1588118400,116.5005,119.5945,115.5,118.6355,91831860.0
1588204800,120.992,123.75,119.8005,123.7,190692220.0
1588291200,116.84,118.122,112.9095,114.302,195452100.0
1588550400,112.819,116.349,112.819,115.7995,97318520.0
1588636800,117.0,117.55,115.3563,115.89,64849920.0
1588723200,116.472,117.8725,116.0,117.563,62356280.0
1588809600,118.739,118.8,117.1555,118.3805,67928220.0
1588896000,118.607,119.3622,117.85,118.9805,64224560.0
1589155200,118.735,120.9833,118.6055,120.45,65184620.0
1589241600,120.5925,120.95,117.75,117.8475,61498320.0
1589328000,118.34,120.385,116.8902,118.396,95658380.0
1589414400,118.0505,119.5685,117.6605,119.4425,72962560.0
1589500800,118.426,120.55,117.8185,120.489,84699020.0
1589760000,120.2173,121.65,119.2005,121.313,87331440.0
1589846400,121.4915,124.2498,121.4485,122.4665,86409960.0
1589932800,123.8935,125.0005,123.3635,124.897,79962860.0
1590019200,125.0,126.2725,122.127,122.337,102288060.0
1590105600,122.7505,123.4925,121.5065,121.844,57341580.0
1590451200,122.9,123.1,120.703,121.093,71363060.0
1590537600,120.2495,120.679,116.5,120.5195,101138900.0
1590624000,119.2165,121.8485,118.9115,120.055,63862720.0
1590710400,120.797,122.1185,119.9099,122.1185,70586580.0
1590969600,122.4,123.8465,122.2085,123.552,58760640.0
1591056000,123.35,123.6765,122.2655,123.6205,50598060.0
1591142400,123.4005,124.4,123.0585,123.92,53420480.0
1591228800,123.8715,125.377,122.5005,123.03,58974200.0
1591315200,122.2255,124.4323,121.8565,124.15,66128900.0
1591574400,125.01,126.5,124.3668,126.203,79413080.0
1591660800,126.472,131.3215,126.25,130.043,103519000.0
1591747200,132.25,136.1175,131.313,132.3725,98920620.0
1591833600,130.175,133.569,126.8115,127.898,116002140.0
1591920000,130.0605,131.0738,125.1675,127.251,108722540.0
1592179200,126.33,129.2,125.4,128.634,77466700.0
1592265600,131.0,131.0,128.8,130.7635,71912980.0
1592352000,132.375,132.75,131.591,132.049,59186320.0
1592438400,132.3505,132.982,131.8055,132.699,49755480.0
1592524800,133.904,134.8715,132.95,133.7505,115539260.0
1592784000,134.225,135.75,133.45,135.691,64175600.0
1592870400,136.301,139.1555,135.902,138.2205,84634140.0
1592956800,139.0,139.8,136.05,136.72,90532100.0
1593043200,136.9775,137.8115,135.607,137.729,59373140.0
1593129600,138.7528,139.1284,134.4,134.6435,130015680.0
1593388800,134.5005,134.84,131.504,134.019,84468440.0
1593475200,134.2533,138.4815,133.7515,137.941,75393720.0
1593561600,137.8995,144.75,137.7,143.935,127268780.0
1593648000,145.6005,147.778,143.5551,144.515,131867740.0
1593993600,146.7485,152.994,146.5,152.852,137612840.0
1594080000,152.9275,153.4775,149.5,150.006,105150280.0
1594166400,151.1305,154.1985,150.6215,154.0555,100752700.0
1594252800,155.7995,159.694,153.7001,159.1315,127773180.0
1594339200,159.588,160.75,156.785,160.0,109719640.0
1594598400,162.553,167.2145,153.4195,155.2,154408400.0
1594684800,154.45,156.369,147.5,154.2,144638660.0
1594771200,154.0115,154.9175,148.659,150.4435,115777480.0
1594857600,148.553,151.6,145.9115,149.995,127884920.0
1594944000,150.45,151.2,147.4225,148.0985,95226380.0
1595203200,150.01,160.068,149.7009,159.842,151963520.0
1595289600,161.6245,162.0288,155.286,156.9145,122699300.0
1595376000,156.25,157.5,153.263,154.9955,82084500.0
1595462400,154.9136,154.9136,148.5,149.3275,113138120.0
1595548800,146.5,151.579,144.4,150.4455,112648260.0
1595808000,153.1,154.9,150.7885,152.7605,83409840.0
1595894400,152.7135,153.8546,149.788,150.0165,62533020.0
1595980800,151.5495,151.958,149.8385,151.6765,59481200.0
1596067200,150.7,154.6,150.25,152.594,122565300.0
1596153600,162.2,162.341,157.55,158.234,161667380.0
1596412800,159.0255,159.2,155.2,155.5945,101493260.0
1596499200,155.0605,158.362,155.0605,156.9415,93885880.0
1596585600,157.1885,160.6793,156.365,160.2515,78600500.0
1596672000,159.718,162.3735,158.2715,161.25,78812040.0
1596758400,161.2005,162.0405,157.0336,158.373,78722540.0
1597017600,158.5155,158.6255,155.076,157.408,63345480.0
1597104000,155.66,157.961,153.65,154.0335,74361140.0
1597190400,155.4,158.7193,155.071,158.112,70544580.0
1597276800,159.1495,160.8761,157.75,158.051,62980860.0
1597363200,158.909,158.9118,156.0,157.401,55034460.0
1597622400,158.656,159.7485,157.7089,159.1205,53824740.0
1597708800,160.6,166.0,160.2909,165.6245,106919480.0
1597795200,165.1505,165.795,162.8,163.024,83702740.0
1597881600,162.6,165.631,161.9,164.8685,66649560.0
1597968000,164.75,165.7198,163.7695,164.236,71517240.0
1598227200,165.5075,169.0158,162.878,165.373,93325160.0
1598313600,164.7495,167.87,163.35,167.3245,79856840.0
1598400000,167.5555,172.5869,167.2284,172.0925,130174860.0
1598486400,172.5025,172.65,168.9,170.0,85295900.0
1598572800,171.15,171.6685,169.325,170.09,57939560.0
1598832000,170.4495,174.75,170.25,172.548,83717700.0
1598918400,174.479,175.6935,173.35,174.956,69528140.0
1599004800,177.35,177.6125,174.3343,176.5725,78629520.0
1599091200,174.25,174.4205,165.15,168.4,163222260.0
1599177600,165.9,169.075,155.5565,164.731,175635080.0
1599523200,157.2,162.5423,156.5,157.492,121884100.0
1599609600,160.1495,165.1588,159.25,163.4305,103773500.0
1599696000,165.361,167.4945,158.5275,158.7555,106614820.0
1599782400,160.4345,160.867,154.199,155.811,101879640.0
1600041600,158.6469,159.3695,154.8,155.1485,90591920.0
1600128000,156.808,158.751,155.446,157.8065,80430700.0
1600214400,158.9995,159.3619,153.7075,153.905,90623780.0
1600300800,150.4625,151.4716,148.6275,150.4365,128981000.0
1600387200,151.587,151.89,145.277,147.7455,177851600.0
1600646400,145.325,148.1,143.55,148.0235,122358500.0
1600732800,151.6918,156.6995,150.01,156.4495,138976320.0
1600819200,156.0215,156.35,149.6188,149.993,113053300.0
1600905600,148.8895,153.465,148.25,150.9895,110587840.0
1600992000,152.743,155.077,149.95,154.7565,92304040.0
1601251200,157.4425,158.752,155.8584,158.7025,84483300.0
1601337600,158.7695,159.413,156.627,157.244,70067960.0
1601424000,157.057,160.644,156.6995,157.4365,97922020.0
1601510400,160.4,161.2,158.6,161.063,99438440.0
1601596800,157.6815,159.7898,156.15,156.25,112261960.0
1601856000,157.292,160.1265,157.0425,159.96,75506640.0
1601942400,158.25,159.1,154.5,154.998,101737140.0
1602028800,156.75,160.0,156.6193,159.7845,86188780.0
1602115200,161.2495,161.6647,158.7495,159.5275,63482280.0
1602201600,160.5,164.4495,159.8915,164.3325,98157420.0
1602460800,167.497,174.812,166.9775,172.1465,167283960.0
1602547200,173.3995,174.619,171.2109,172.1815,114893940.0
1602633600,172.35,173.244,167.0,168.1855,116578320.0
1602720000,164.6005,167.794,164.0,166.9325,104468960.0
1602806400,168.1615,169.983,158.0,163.6355,129487060.0
1603065600,164.9805,166.45,159.6368,160.3605,104472520.0
1603152000,161.114,163.3,159.6005,160.8505,90193560.0
1603238400,160.625,161.6938,158.0,159.247,91854720.0
1603324800,159.4935,159.9375,156.097,158.82,84240100.0
1603411200,159.55,160.2665,157.0,160.22,69333740.0
1603670400,159.937,164.149,157.665,160.352,118023020.0
1603756800,161.247,164.583,160.565,164.3165,85820940.0
1603843200,162.465,163.201,158.1235,158.139,111766600.0
1603929600,160.0635,162.8625,158.2,160.5505,131930580.0
1604016000,157.8875,158.3502,150.95,151.8075,167921620.0
1604275200,153.087,153.9853,147.506,150.224,145147000.0
1604361600,150.9265,153.745,149.049,152.4205,97957600.0
1604448000,157.9995,162.2425,156.9865,162.058,136780820.0
1604534400,165.9985,168.34,164.444,166.1,115785700.0
1604620800,165.232,166.1,161.6,165.5685,92946600.0
1604880000,161.5515,164.45,155.6053,157.187,143808120.0
1604966400,154.751,155.7,150.9741,151.751,131819120.0
1605052800,153.089,156.9573,152.5,156.8695,87338460.0
1605139200,157.9975,158.794,154.3025,155.514,87424160.0
1605225600,156.1,157.0861,154.2695,156.4405,75251740.0
1605484800,154.66,157.135,153.6343,156.553,76173520.0
1605571200,159.1773,159.4625,156.763,156.783,68894700.0
1605657600,156.7,157.0,155.255,155.273,58336720.0
1605744000,155.2655,156.25,154.046,155.851,60205400.0
1605830400,155.851,156.6445,154.9023,154.97,67602760.0
1606089600,155.835,156.9873,153.273,154.9195,94177740.0
1606176000,155.025,156.7125,154.3129,155.903,72042040.0
1606262400,157.0935,159.9,157.013,159.2535,75808060.0
1606435200,160.563,160.8095,159.5025,159.767,47857340.0
1606694400,160.424,161.4195,156.2775,158.402,81278320.0
1606780800,159.425,162.4475,157.859,161.004,90887640.0
1606867200,161.0825,161.6,158.663,160.1765,62586080.0
1606953600,160.273,161.432,159.0655,159.3365,57840780.0
1607040000,159.9105,159.9105,157.938,158.129,58272220.0
1607299200,157.824,159.038,157.0845,157.9,55026320.0
1607385600,157.945,159.2065,156.001,158.8645,65726060.0
1607472000,158.3945,158.7215,154.4,155.21,82016720.0
1607558400,154.4495,157.105,153.8,155.0745,60603720.0
1607644800,154.833,155.9335,153.641,155.821,61293900.0
1607904000,157.15,159.5235,156.3,157.8485,83115880.0
1607990400,159.0505,159.425,156.5245,158.256,66473720.0
1608076800,158.8005,162.35,158.184,162.048,88552320.0
1608163200,162.5,163.1755,161.05,161.804,69486940.0
1608249600,162.1995,162.471,158.58,160.0825,119914260.0
1608508800,160.0005,161.3483,158.3,160.309,76736920.0
1608595200,160.1422,161.1,159.004,160.326,47635620.0
1608681600,160.25,160.5065,159.2085,159.2635,41875740.0
1608768000,159.695,160.1,158.45,158.6345,29038340.0
1609113600,159.7,165.2,158.6345,164.198,113735740.0
1609200000,165.497,167.5325,164.0612,166.1,97458660.0
1609286400,167.05,167.105,164.1235,164.2925,64186200.0
1609372800,163.75,164.1461,162.06,162.8465,59144120.0
1609718400,163.5,163.6,157.201,159.3315,88228980.0
1609804800,158.3005,161.169,158.253,160.9255,53110960.0
1609891200,157.324,159.8755,156.558,156.919,87896300.0
1609977600,157.85,160.4271,157.75,158.108,70290900.0
1610064000,159.0,159.532,157.11,159.135,70754880.0
1610323200,157.4005,157.8192,155.5,155.7105,73381900.0
1610409600,156.0,157.1071,154.3,156.0415,70291640.0
1610496000,156.422,159.4975,156.104,158.2945,66424880.0
1610582400,158.376,158.9,156.0295,156.3735,61418380.0
1610668800,156.151,157.1273,154.7585,155.2125,84879900.0
1611014400,155.35,157.25,154.8,156.038,66102840.0
1611100800,159.0995,163.99,158.75,163.169,106196700.0
1611187200,164.65,167.4275,164.4784,165.3495,98901020.0
1611273600,165.2155,166.0955,164.1582,164.6115,56438280.0
1611532800,166.425,168.1945,162.1573,164.7,74995160.0
1611619200,164.8178,166.9,164.1435,166.3065,59104700.0
1611705600,167.0745,167.326,160.354,161.629,93203160.0
1611792000,161.752,165.084,161.4345,161.881,62984560.0
1611878400,161.5,161.8495,159.2275,160.31,85871120.0
1612137600,162.118,167.513,161.7513,167.144,83204240.0
1612224000,169.0,171.387,168.0563,169.0,141972740.0
1612310400,171.2505,171.7,165.431,165.6265,141775620.0
1612396800,166.5,167.35,163.8875,166.55,73413220.0
1612483200,165.95,168.85,165.1355,167.6075,72416160.0
1612742400,167.925,168.25,165.2,166.147,65147820.0
1612828800,165.6245,166.9,164.892,165.25,44070520.0
1612915200,165.7,165.8977,162.7,164.329,63031000.0
1613001600,164.6,164.6,162.403,163.1065,46028340.0
1613088000,162.5,164.0125,161.6655,163.8855,46706780.0
1613433600,162.7025,165.415,162.6796,163.4475,51494420.0
1613520000,163.18,166.0455,162.975,165.432,66041980.0
1613606400,164.121,166.9,163.697,166.4115,60672140.0
1613692800,166.4115,166.675,162.2875,162.495,86103680.0
1613952000,160.4065,161.616,158.613,159.037,70313580.0
1614038400,156.3515,160.2365,154.68,159.725,93544440.0
1614124800,158.3375,158.5615,156.269,157.9765,60225500.0
1614211200,156.837,158.913,152.388,152.858,90676020.0
1614297600,154.76,156.122,151.835,154.6465,85518600.0
1614556800,156.3945,157.478,154.8995,157.307,54679260.0
1614643200,157.1735,158.176,154.356,154.7265,51915240.0
1614729600,154.059,155.3888,149.75,150.25,79774500.0
1614816000,150.6,152.9065,147.2715,148.8785,109631560.0
1614902400,150.25,150.45,144.05,150.023,107771020.0
1615161600,150.75,153.2295,147.5655,147.5975,83700160.0
1615248000,150.8995,154.548,150.2574,153.1425,80600640.0
1615334400,154.9225,155.823,151.5025,152.882,60249780.0
1615420800,155.2005,156.5892,154.1465,155.6795,55527820.0
1615507200,153.75,154.949,152.275,154.4745,48437760.0
1615766400,153.7285,154.112,151.6045,154.084,58371840.0
1615852800,155.2485,156.4455,153.793,154.593,50775280.0
1615939200,153.661,158.6525,153.511,156.7865,62371680.0
1616025600,155.05,155.8315,151.25,151.3995,73140540.0
1616112000,151.4615,153.8643,150.8315,153.748,92507080.0
1616371200,153.3925,156.329,153.0025,155.5435,58043580.0
1616457600,156.35,159.1,156.0425,156.875,76345260.0
1616544000,157.552,158.0155,154.2575,154.3535,59179620.0
1616630400,153.6495,155.489,151.857,152.313,71269380.0
1616716800,152.203,152.833,149.8,152.6015,66258480.0
1616976000,152.772,154.5625,151.4223,153.7865,54919360.0
1617062400,153.5005,153.65,151.7,152.7645,46752060.0
1617148800,153.203,155.9665,153.125,154.704,61877920.0
1617235200,155.897,158.122,155.7775,158.05,58806360.0
1617580800,158.65,161.7978,158.062,161.3365,66697640.0
1617667200,161.1875,162.3655,160.852,161.191,50756180.0
1617753600,161.69,165.1806,161.1825,163.9695,66924540.0
1617840000,165.545,166.225,164.6,164.965,56241800.0
1617926400,165.235,168.61,164.445,168.61,86829460.0
1618185600,167.7605,169.752,167.5575,168.9695,65635960.0
1618272000,170.0423,171.6,169.7815,170.0,66316740.0
1618358400,170.202,170.2065,166.3,166.65,62904080.0
1618444800,168.55,169.85,167.6,168.9545,64671600.0
1618531200,169.0,170.34,167.7795,169.972,63720980.0
1618790400,169.5165,171.7967,168.008,168.6005,54508100.0
1618876800,168.68,169.1495,165.8,166.7345,52460640.0
1618963200,165.8,168.143,165.1903,168.101,44223320.0
1619049600,168.584,168.6435,165.0725,165.452,51611800.0
1619136000,165.955,168.75,165.425,167.044,63933040.0
1619395200,167.4,171.4225,166.547,170.45,97614160.0
1619481600,172.1735,173.0,169.9005,170.8715,76542800.0
1619568000,171.74,174.494,171.25,172.925,92637680.0
1619654400,175.2549,175.7223,171.75,173.5655,153647620.0
1619740800,176.256,177.7,173.125,173.371,140186920.0
1620000000,174.2365,174.3323,168.6351,169.3245,117510600.0
1620086400,167.8095,168.3988,163.6065,165.5935,108788980.0
1620172800,166.9428,167.7348,163.218,163.527,74226160.0
1620259200,163.5,165.72,162.36,165.3185,88953920.0
1620345600,165.9545,166.5445,164.4535,164.5805,94205520.0
1620604800,164.116,164.15,159.5,159.5245,116772060.0
1620691200,156.814,161.9,156.3685,161.1955,92395620.0
1620777600,159.25,160.397,156.655,157.597,98728200.0
1620864000,159.2735,160.192,156.65,158.0735,67137540.0
1620950400,159.278,161.443,159.15,161.145,66500440.0
1621209600,162.2965,164.6375,161.7295,163.5195,73711980.0
1621296000,164.6288,165.6,161.5185,161.614,56567820.0
1621382400,159.75,161.7375,159.2,161.59,53594160.0
1621468800,162.2202,162.984,161.809,162.384,52663840.0
1621555200,162.5,162.8347,159.8505,160.154,82097640.0
1621814400,160.775,162.8975,160.525,162.2495,48456260.0
1621900800,163.3335,163.991,160.688,162.9525,65222180.0
1621987200,163.7296,164.7865,162.9255,163.258,47679720.0
1622073600,162.8,163.0178,161.502,161.5055,51223140.0
1622160000,162.1,162.3995,160.985,161.1535,46630180.0
1622505600,162.1748,162.549,160.453,160.9325,48600900.0
1622592000,161.155,161.75,160.4,161.6995,40290480.0
1622678400,160.2115,160.7218,159.2015,159.3505,47965860.0
1622764800,160.6,161.05,159.9405,160.311,44994980.0
1623024000,159.8665,160.4,158.61,159.9005,44315120.0
1623110400,161.1305,163.9766,160.9005,163.2055,68334600.0
1623196800,163.6435,164.879,163.535,164.0575,49110600.0
1623283200,164.1005,167.55,164.0575,167.4825,69529600.0
1623369600,167.4825,168.329,166.6725,167.3415,56347040.0
1623628800,167.3415,169.25,166.775,169.1935,51393100.0
1623715200,169.2,169.8493,168.1555,169.1565,48524000.0
1623801600,169.6,171.3175,168.0265,170.7625,84055640.0
1623888000,170.159,174.86,170.05,174.462,102730620.0
1623974400,173.9995,175.35,173.6855,174.345,104954740.0
1624233600,173.821,174.1,171.7,172.698,65542600.0
1624320000,172.903,176.189,172.8045,175.272,66901640.0
1624406400,175.25,176.05,174.16,175.191,56266820.0
1624492800,175.382,176.243,171.5425,172.454,76639980.0
1624579200,173.2,173.241,169.709,170.073,78819940.0
1624838400,170.8,172.4,170.6755,172.1945,44855860.0
1624924800,171.941,172.8015,171.1515,172.407,41968780.0
1625011200,172.053,173.5801,171.75,172.008,48079840.0
1625097600,171.7305,172.85,170.471,171.6485,40741060.0
1625184000,172.582,175.586,171.846,175.549,63533940.0
1625529600,176.5055,184.274,176.45,183.787,134895360.0
1625616000,185.8689,186.71,183.9455,184.829,106561240.0
1625702400,182.178,187.9993,181.056,186.5705,103612460.0
1625788800,186.126,187.4,184.6698,185.967,74964740.0
1626048000,187.2,187.8645,184.8396,185.9275,51432700.0
1626134400,185.105,188.6539,183.566,183.868,76918340.0
1626220800,185.4425,185.883,183.0413,184.084,65931360.0
1626307200,184.71,184.77,181.046,181.56,63705840.0
1626393600,181.6655,182.303,178.5228,178.6815,80874120.0
1626652800,176.629,177.5105,174.958,177.4795,75691900.0
1626739200,178.366,179.6,175.9,178.6595,65113600.0
1626825600,178.8188,179.3225,177.1821,179.26,46379780.0
1626912000,179.3615,182.001,179.1135,181.9015,65307040.0
1626998400,182.0,183.3055,181.102,182.832,48725840.0
1627257600,183.6585,185.604,182.3625,184.991,58001360.0
1627344000,184.925,184.925,179.3075,181.3195,82637800.0
1627430400,181.689,182.921,180.05,181.516,59987560.0
1627516800,181.3875,181.8975,179.0005,179.996,110399040.0
1627603200,167.3975,168.407,165.349,166.3795,199311860.0
1627862400,167.655,167.946,165.85,166.574,67078300.0
1627948800,167.036,169.55,164.9885,168.312,83146860.0
1628035200,168.9675,169.444,167.278,167.736,43678900.0
1628121600,167.811,169.45,167.046,168.7995,48670060.0
1628208000,168.75,168.75,166.4519,167.247,52752880.0
1628467200,167.1805,167.744,166.426,167.0935,42964400.0
1628553600,167.2505,167.9,165.75,166.034,48251020.0
1628640000,166.5724,166.885,163.8895,164.6055,58944980.0
1628726400,164.5,165.7255,163.4835,165.175,46476460.0
1628812800,165.2835,165.3033,164.15,164.6985,41133980.0
1629072000,164.15,165.0,160.5565,164.9495,66569880.0
1629158400,163.875,164.0245,161.284,162.098,67758440.0
1629244800,162.0995,162.7049,160.0,160.061,56086220.0
1629331200,159.701,161.65,159.1232,159.3875,75657240.0
1629417600,160.1937,160.3905,158.788,159.9975,67168560.0
1629676800,160.595,164.045,160.5003,163.2935,65362620.0
1629763200,164.0,165.7747,163.729,165.289,51036820.0
1629849600,165.4935,166.05,164.3075,164.959,33606120.0
1629936000,164.95,166.6,164.8,165.8,41975220.0
1630022400,166.6615,167.616,165.6875,167.4815,48047380.0
1630281600,167.8713,172.25,167.761,171.0785,63844880.0
1630368000,171.24,173.629,169.7795,173.5395,87128260.0
1630454400,174.8198,176.35,173.762,173.95,72598220.0
1630540800,174.738,175.598,172.75,173.156,58511880.0
1630627200,172.6,174.1335,171.822,173.9025,51566480.0
1630972800,173.9,176.4045,173.847,175.4645,54823680.0
1631059200,175.5825,177.2815,174.7835,176.275,61067280.0
1631145600,176.301,177.4995,174.0185,174.208,54384820.0
1631232000,175.0915,175.4225,173.1453,173.4575,47945380.0
1631491200,174.14,174.898,171.9,172.8585,51380440.0
1631577600,173.7775,174.3403,171.8855,172.5,38737940.0
1631664000,172.126,174.271,170.1005,173.7895,59150740.0
1631750400,172.998,174.6275,172.3072,174.412,51671960.0
1631836800,174.4208,174.8705,172.6065,173.126,92331120.0
1632096000,169.8,170.95,165.2505,167.7865,93382600.0
1632182400,168.75,168.985,166.6195,167.1815,55617560.0
1632268800,167.55,169.45,167.0525,169.0025,48228060.0
1632355200,169.0025,171.448,169.0025,170.8,47588280.0
1632441600,170.1005,171.463,169.67,171.276,42324820.0
1632700800,168.575,170.7785,166.9805,170.29,72689000.0
1632787200,167.8855,168.4595,164.505,165.798,88616380.0
1632873600,166.1055,167.565,164.8935,165.056,51245360.0
1632960000,165.8,166.3925,163.6995,164.252,56940660.0
1633046400,164.4505,165.4587,162.797,164.163,56712340.0
1633305600,163.9695,163.9995,158.8125,159.489,90461140.0
1633392000,160.225,163.0365,160.1232,161.05,65384160.0
1633478400,160.6765,163.217,159.931,163.1005,50659540.0
1633564800,164.577,166.2873,164.153,165.1215,48181500.0
1633651200,165.85,166.0715,164.41,164.431,39964340.0
1633910400,163.75,164.6295,161.905,162.315,40684060.0
1633996800,162.85,163.3764,161.814,162.3665,36391420.0
1634083200,163.4855,164.419,163.0544,164.214,48501720.0
1634169600,165.1227,165.63,164.539,164.993,42240400.0
1634256000,165.571,170.521,165.2,170.451,103598820.0
1634515200,169.4179,172.4585,169.255,172.337,63482300.0
1634601600,171.7145,172.7345,171.1,172.2075,47721580.0
1634688000,172.633,173.143,170.0185,170.753,42795540.0
1634774400,170.7125,172.014,170.15,171.7505,37627700.0
1634860800,171.05,171.492,166.565,166.7775,62781060.0
1635120000,166.75,167.39,164.885,166.0185,44519120.0
1635206400,167.4755,170.806,167.199,168.8035,53966840.0
1635292800,169.4,171.85,168.5727,169.6245,54044480.0
1635379200,170.1048,173.95,169.3,172.3285,114174660.0
1635465600,165.001,168.741,163.666,168.6215,129721540.0
1635724800,168.09,168.793,164.601,165.9055,72177580.0
1635811200,165.7505,166.5557,164.1775,165.6375,52551800.0
1635897600,165.45,169.746,164.876,169.2,67943780.0
1635984000,168.5,174.9313,168.25,173.85,107060400.0
1636070400,173.85,178.3125,173.849,175.9495,99939020.0
1636329600,176.162,178.95,174.393,174.449,61479840.0
1636416000,175.7625,179.6885,175.0713,178.8115,85898440.0
1636502400,178.1935,180.2725,173.1545,174.1025,80548440.0
1636588800,175.65,177.162,173.3735,173.625,45288120.0
1636675200,174.25,177.0363,172.3525,176.2575,53788680.0
1636934400,176.85,179.694,176.2905,177.284,58594380.0
1637020800,176.95,178.825,176.2573,177.035,44341420.0
1637107200,178.236,179.3623,177.2675,177.45,51205400.0
1637193600,178.3175,185.21,178.05,184.803,114070760.0
1637280000,185.6345,188.1073,183.786,183.8285,98924060.0
1637539200,183.8189,185.6728,178.375,178.6285,96957000.0
1637625600,179.252,181.0525,176.3855,179.002,73844920.0
1637712000,178.1335,180.682,176.8425,179.0205,46560360.0
1637884800,180.1048,181.675,175.2075,175.228,59825940.0
1638144000,177.3822,179.8,176.575,178.0785,65311140.0
1638230400,178.175,179.2885,174.6005,175.3535,80022140.0
1638316800,177.25,177.994,172.08,172.186,75139900.0
1638403200,173.0,174.635,171.1875,171.868,64725760.0
1638489600,172.75,173.4932,166.93,169.4895,80711000.0
1638748800,169.65,173.6955,166.9345,171.3685,68860000.0
1638835200,174.6,177.4995,173.3345,176.1645,66410720.0
1638921600,176.1505,177.18,174.7505,176.158,45253660.0
1639008000,175.75,176.9695,174.1395,174.171,46061820.0
1639094400,175.417,175.927,170.5,172.212,60689760.0
1639353600,172.0,172.1,169.13,169.5675,62169000.0
1639440000,167.55,169.499,166.44,169.0915,55975280.0
1639526400,168.598,173.6,165.195,173.315,75794260.0
1639612800,173.3686,174.166,168.1603,168.871,60876840.0
1639699200,167.7105,170.8985,165.6136,170.0175,85755160.0
1639958400,166.85,167.8743,165.6,167.079,57372660.0
1640044800,167.8505,170.7165,165.6475,170.417,55955820.0
1640131200,169.2698,172.05,168.5005,171.037,55035460.0
1640217600,170.428,171.975,170.15,171.0685,36788240.0
1640563200,171.037,172.943,169.2155,169.6695,58846820.0
1640649600,170.1825,172.1759,169.1355,170.661,54711860.0
1640736000,170.84,171.212,168.6005,169.201,35754040.0
1640822400,169.7,170.888,168.524,168.6445,37583100.0
1640908800,168.956,169.35,166.5585,166.717,47830380.0
1641168000,167.55,170.7035,166.1605,170.4045,63869140.0
1641254400,170.438,171.4,166.3495,167.522,70725160.0
1641340800,166.883,167.1263,164.357,164.357,64302720.0
1641427200,163.4505,164.8,161.9372,163.254,51957780.0
1641513600,163.839,165.2432,162.031,162.554,46605900.0
1641772800,160.5855,161.6615,156.3045,161.486,87798300.0
1641859200,161.5,166.35,160.7015,165.362,62805580.0
1641945600,166.575,166.878,164.417,165.207,50029120.0
1642032000,165.2505,166.2215,161.091,161.214,52188300.0
1642118400,160.15,162.25,159.8005,162.138,45974860.0
1642464000,159.105,159.7345,157.6645,158.9175,67441440.0
1642550400,158.762,159.25,156.25,156.299,53241920.0
1642636800,156.766,158.0,151.351,151.6675,71973320.0
1642723200,149.95,150.9,142.0704,142.643,163971440.0
1642982400,139.0,144.945,135.352,144.544,156044740.0
1643068800,142.2425,143.6,138.145,139.986,90824660.0
1643155200,144.75,145.1848,137.3185,138.8725,95601700.0
1643241600,140.8,144.2435,139.35,139.6375,77515800.0
1643328000,140.8605,143.998,137.9293,143.978,74391980.0
1643587200,144.75,150.3605,144.3005,149.5735,78307440.0
1643673600,150.0,151.708,147.6277,151.1935,59219840.0
1643760000,155.0504,155.075,148.8636,150.6125,87329760.0
1643846400,141.7375,144.2475,138.333,138.8455,225531400.0
1643932800,155.6065,161.2,150.608,157.6395,253455800.0
1644192000,158.52,162.6908,157.25,157.9355,102624380.0
1644278400,156.7505,161.7925,155.5505,161.4135,76040360.0
1644364800,162.8735,163.8345,160.25,161.1895,68785600.0
1644451200,158.35,160.7165,157.75,159.0035,68268120.0
1644537600,158.1345,159.0,152.7338,153.2935,77100440.0
1644796800,151.751,158.4483,151.65,155.167,83230700.0
1644883200,157.6055,158.007,154.6375,156.5105,56970660.0
1644969600,155.7905,158.834,154.7345,158.1005,52704280.0
1645056000,158.146,160.3488,154.5,154.6525,64032500.0
1645142400,155.4995,155.4995,150.893,152.6015,63604100.0
1645488000,150.4785,152.9825,148.4855,150.1975,66128240.0
1645574400,151.6505,151.763,144.651,144.827,64243560.0
1645660800,139.8375,151.749,139.5,151.358,100785760.0
1645747200,150.55,153.99,149.2135,153.7885,62395360.0
1646006400,152.425,154.45,150.85,153.563,57683420.0
1646092800,152.7325,154.099,149.977,151.142,44873580.0
1646179200,150.849,152.9995,148.75,152.0525,47334720.0
1646265600,153.5315,153.929,146.856,147.8985,65197200.0
1646352000,147.159,147.85,143.807,145.641,60983120.0
1646611200,145.4435,146.0945,137.4165,137.453,86933860.0
1646697600,136.6835,140.6995,133.5725,136.0145,91662580.0
1646784000,139.5,140.25,136.828,139.279,82656660.0
1646870400,145.685,148.6743,143.978,146.8175,135062900.0
1646956800,149.5745,149.675,145.369,145.5245,68900560.0
1647216000,145.981,147.45,140.884,141.853,74086100.0
1647302400,142.85,147.985,142.0,147.3665,75584600.0
1647388800,148.5,153.15,147.3535,153.104,84957680.0
1647475200,152.6405,157.4985,152.14,157.239,72934840.0
1647561600,156.813,161.594,156.011,161.2505,102962760.0
1647820800,161.1208,163.084,159.553,161.4915,66537520.0
1647907200,161.8055,166.167,161.699,164.889,64086120.0
1647993600,163.705,166.37,162.687,163.408,55811860.0
1648080000,163.7495,164.1185,160.05,163.6495,56798060.0
1648166400,164.0,165.3685,162.25,164.7735,49085500.0
1648425600,164.975,169.0375,164.9,168.9905,59853820.0
1648512000,170.384,170.8315,167.8685,169.315,66153600.0
1648598400,168.5095,168.9505,165.5,166.301,56167260.0
1648684800,166.4448,166.495,162.9535,162.9975,59965780.0
1648771200,164.1495,165.827,162.3195,163.56,57089500.0
1649030400,164.125,168.3945,163.2055,168.3465,50007960.0
1649116800,167.7415,168.1105,163.266,164.055,53728560.0
1649203200,161.6505,162.2,157.2545,158.756,79055760.0
1649289600,158.4,160.079,154.5115,157.7845,68136780.0
1649376000,156.75,157.3685,154.2308,154.4605,46001660.0
1649635200,152.713,154.1365,150.5345,151.122,52112340.0
1649721600,153.6925,155.099,150.383,150.7875,55177440.0
1649808000,150.0185,156.025,149.6,155.541,53390880.0
1649894400,155.39,155.897,151.4718,151.7065,51598140.0
1650240000,151.5235,154.0395,150.2505,152.785,46513520.0
1650326400,152.0295,158.649,151.5505,158.1155,54926420.0
1650412800,157.6025,157.6025,153.6035,153.998,59630020.0
1650499200,154.714,156.738,147.5895,148.296,63969320.0
1650585600,148.25,149.615,143.6975,144.35,73078580.0
1650844800,144.023,146.2215,142.3065,146.074,61874980.0
1650931200,144.8,144.8558,138.9295,139.391,77529160.0
1651017600,140.1915,141.9485,135.7835,138.167,71336300.0
1651104000,142.178,145.9375,140.3,144.5965,117316940.0
1651190400,129.849,130.761,121.625,124.2815,272661800.0
1651449600,122.401,124.6683,118.375,124.5,148788980.0
1651536000,124.0535,126.2205,122.825,124.2535,79133360.0
1651622400,123.6,126.0,119.183,125.9285,110745360.0
1651708800,123.0,123.499,115.0725,116.407,144391220.0
1651795200,114.85,119.0505,113.0813,114.7725,124259900.0
1652054400,111.3125,114.0,107.957,108.789,128124380.0
1652140800,111.25,112.6425,107.171,108.859,105433820.0
1652227200,108.1035,110.156,104.4285,105.372,109703640.0
1652313600,102.75,110.7808,102.4055,106.9305,132025140.0
1652400000,109.069,113.184,107.8,113.055,93684560.0
1652659200,113.1,113.9925,110.3541,110.8105,74565740.0
1652745600,113.275,115.8,111.2765,115.3685,76447740.0
1652832000,111.4395,112.853,106.2488,107.1125,108379180.0
1652918400,106.2805,110.034,106.1929,107.319,88142540.0
1653004800,109.5685,109.898,105.0093,107.591,99500640.0
1653264000,108.461,108.8188,103.95,107.557,107797360.0
1653350400,104.025,105.4,101.26,104.1,102934680.0
1653436800,103.6555,108.175,103.65,106.775,93120100.0
1653523200,107.97,112.6655,107.4535,111.0775,93002600.0
1653609600,113.55,115.187,112.628,115.1465,93660160.0
1653955200,116.28,121.9945,115.675,120.2095,144634160.0
1654041600,122.256,125.179,120.6223,121.684,127528980.0
1654128000,121.684,125.61,120.045,125.511,100560680.0
1654214400,124.2,124.4,121.0465,122.35,97603320.0
1654473600,125.245,128.99,123.81,124.79,135269000.0
1654560000,122.005,124.1,120.63,123.0,85156710.0
1654646400,122.61,123.75,120.75,121.18,64926590.0
1654732800,119.99,121.3,116.1,116.15,67029840.0
1654819200,113.415,114.5,109.05,109.65,87412250.0
1655078400,104.19,106.54,101.86,103.67,99277740.0
1655164800,104.19,104.88,101.43,102.31,69728760.0
1655251200,103.86,109.06,103.53,107.67,85011060.0
1655337600,104.47,104.58,102.01,103.66,82186300.0
1655424000,102.8,106.98,102.51,106.22,99772150.0
1655769600,108.2,111.6299,103.56,108.68,70901250.0
1655856000,107.43,112.13,107.02,108.95,60040130.0
1655942400,110.39,113.0,107.93,112.44,64345300.0
1656028800,112.38,116.71,111.43,116.46,69867620.0
1656288000,117.09,117.98,112.7,113.22,62133240.0
1656374400,113.5,114.85,107.04,107.4,75172030.0
1656460800,107.38,110.99,106.91,108.92,66375340.0
1656547200,108.11,108.18,102.52,106.21,97679400.0
1656633600,106.29,109.75,105.8469,109.56,73021170.0
1656979200,107.6,114.08,106.3242,113.5,76684410.0
1657065600,113.21,115.48,112.01,114.33,66958880.0
1657152000,113.85,116.99,113.49,116.33,57872320.0
1657238400,114.6,116.58,113.69,115.54,45719690.0
1657497600,114.08,114.3,110.87,111.75,53540020.0
1657584000,112.16,113.23,108.34,109.22,54280260.0
1657670400,107.03,111.78,106.01,110.4,61353810.0
1657756800,110.24,111.18,107.58,110.63,51163140.0
1657843200,112.5,115.59,111.59,113.55,84317820.0
1658102400,115.0,117.24,113.15,113.76,59115420.0
1658188800,115.7,118.95,114.03,118.21,60990040.0
1658275200,118.615,123.475,118.32,122.77,71268320.0
1658361600,123.2,124.85,121.26,124.63,60239890.0
1658448000,125.01,125.5,121.3504,122.42,51463800.0
1658707200,122.695,123.64,120.03,121.14,50221260.0
1658793600,115.79,118.15,114.53,114.81,67075060.0
1658880000,117.31,121.9,117.16,120.97,61582020.0
1658966400,121.57,122.84,118.08,122.28,82245540.0
1659052800,134.9,137.65,132.41,134.95,148892900.0
1659312000,134.96,138.8339,133.51,135.39,76846910.0
1659398400,134.72,137.44,134.09,134.16,61922430.0
1659484800,136.21,140.49,136.05,139.52,71827780.0
1659571200,140.58,143.56,139.55,142.57,70585020.0
1659657600,140.1,142.86,139.6,140.8,50686870.0
1659916800,142.05,144.23,138.29,139.41,52303480.0
1660003200,138.052,138.9523,136.21,137.83,40434720.0
1660089600,142.9,144.6,141.01,142.69,54773820.0
1660176000,143.86,144.49,139.76,140.64,44867340.0
1660262400,142.05,143.57,140.1201,143.55,47643480.0
1660521600,142.8,143.76,141.49,143.18,39014580.0
1660608000,143.905,146.57,142.0,144.78,59102860.0
1660694400,142.69,143.38,140.78,142.1,48149780.0
1660780800,141.32,142.77,140.38,142.3,37458740.0
1660867200,140.47,141.11,137.9142,138.23,47792840.0
1661126400,135.72,136.32,132.85,133.22,50461500.0
1661212800,133.41,134.99,132.95,133.62,36252100.0
1661299200,132.75,135.47,132.1,133.8,38626980.0
1661385600,135.26,137.42,134.28,137.28,37496280.0
1661472000,136.55,137.83,130.5,130.75,53322660.0
1661731200,129.9,131.9499,128.77,129.79,48101640.0
1661817600,131.25,132.0745,126.85,128.73,49202990.0
1661904000,129.45,130.59,126.74,126.77,53648700.0
1661990400,126.0,128.02,123.66,127.82,56636150.0
1662076800,129.5,131.38,126.39,127.51,57429830.0
1662422400,127.92,128.62,124.74,126.11,43888590.0
1662508800,126.12,129.82,125.4,129.48,47834490.0
1662595200,127.72,130.28,127.1,129.82,43988510.0
1662681600,130.91,133.69,130.76,133.27,49422260.0
1662940800,134.095,136.49,134.0,136.45,53826860.0
1663027200,131.01,131.4,126.27,126.82,72694010.0
1663113600,127.364,128.84,126.33,128.55,45316770.0
1663200000,127.38,130.37,125.495,126.28,52887200.0
1663286400,122.78,123.87,120.7,123.53,115667800.0
1663545600,122.16,124.71,121.8,124.66,47279730.0
1663632000,123.35,124.3963,121.14,122.19,47698430.0
1663718400,122.49,123.76,118.45,118.54,58498890.0
1663804800,117.08,118.79,116.26,117.31,55229190.0
1663891200,116.0,116.05,112.06,113.78,65126670.0
1664150400,113.295,117.34,113.13,115.15,62723270.0
1664236800,117.195,118.32,113.05,114.41,60094690.0
1664323200,114.38,118.7,113.8,118.01,55763750.0
1664409600,115.6,116.07,113.06,114.8,58969710.0
1664496000,114.075,116.92,112.84,113.0,59479590.0
1664755200,113.58,116.91,112.45,115.88,50941850.0
1664841600,119.89,123.0,119.79,121.09,62812560.0
1664928000,118.58,121.75,117.69,120.95,48217540.0
1665014400,120.77,121.53,119.5,120.3,42253760.0
1665100800,118.0,118.17,113.88,114.56,54677980.0
1665360000,115.1,116.25,112.43,113.67,42339680.0
1665446400,112.71,115.48,110.39,112.21,56432230.0
1665532800,112.49,113.83,111.4,112.9,45728660.0
1665619200,107.88,113.44,105.345,112.53,86868100.0
1665705600,114.1,114.96,106.6,106.9,67737340.0
1665964800,110.11,114.19,110.09,113.79,62781990.0
1666051200,119.06,119.52,114.79,116.36,65607450.0
1666137600,114.71,116.5932,113.22,115.07,47198120.0
1666224000,113.83,118.24,113.51,115.25,48795100.0
1666310400,114.792,119.59,114.5,119.32,55660490.0
1666569600,119.98,120.39,116.57,119.82,49531520.0
1666656000,119.65,121.3152,118.95,120.6,50934610.0
1666742400,116.0,119.3457,114.76,115.66,69002460.0
1666828800,113.92,114.12,109.77,110.96,129605400.0
1666915200,97.905,103.96,97.66,103.41,223133400.0
1667174400,103.56,104.87,100.74,102.44,99251400.0
1667260800,103.99,104.58,96.06,96.79,153370000.0
1667347200,97.315,97.74,92.01,92.12,135761800.0
1667433600,92.47,93.5,89.02,89.3,136683300.0
1667520000,91.49,92.44,88.04,90.98,129101300.0
1667779200,91.95,92.1,89.04,90.53,77495730.0
1667865600,90.79,91.72,88.23,89.98,88703370.0
1667952000,89.47,89.48,85.87,86.14,90796250.0
1668038400,92.935,98.69,91.65,96.63,173414900.0
1668124800,97.88,101.19,96.66,100.79,111590500.0
1668384000,98.77,100.1199,97.29,98.49,99533070.0
1668470400,103.21,103.79,97.34,98.94,111336300.0
1668556800,96.85,98.4879,95.54,97.12,87958830.0
1668643200,95.37,96.97,94.03,94.85,82617870.0
1668729600,95.95,95.99,92.48,94.14,72428190.0
1668988800,93.97,95.02,90.59,92.46,84330270.0
1669075200,92.62,93.35,90.87,93.2,62191960.0
1669161600,93.24,94.58,92.83,94.13,59414680.0
1669334400,93.79,94.43,93.065,93.41,35088610.0
1669593600,93.93,96.4,93.43,93.95,75062320.0
1669680000,94.04,94.41,91.44,92.42,65567290.0
1669766400,92.47,96.54,91.525,96.54,102805800.0
1669852800,96.99,97.23,94.92,95.5,68487970.0
1669939200,94.475,95.36,93.78,94.13,72496390.0
1670198400,93.05,94.06,90.82,91.01,71535530.0
1670284800,90.5,91.04,87.9,88.25,75503630.0
1670371200,88.34,89.89,87.48,88.46,68086880.0
1670457600,89.24,90.86,87.88,90.35,73305890.0
1670544000,88.9,90.3,88.63,89.09,67398510.0
1670803200,89.21,90.58,87.87,90.55,61999760.0
1670889600,95.23,96.25,90.52,92.49,100212000.0
1670976000,92.502,93.4581,89.87,91.58,70298010.0
1671062400,89.89,89.97,87.47,88.45,84802880.0
1671148800,88.265,89.35,86.73,87.86,146144100.0
1671408000,87.51,87.63,84.51,84.92,83531460.0
1671494400,85.33,86.61,84.33,85.19,74348300.0
1671580800,86.175,87.225,85.21,86.77,59267160.0
1671667200,85.52,85.68,82.25,83.79,81431310.0
1671753600,83.25,85.78,82.9344,85.25,57433660.0
1672099200,84.97,85.35,83.0,83.04,57284040.0
1672185600,82.8,83.48,81.69,81.82,58228580.0
1672272000,82.87,84.55,82.55,84.18,54995900.0
1672358400,83.12,84.05,82.47,84.0,62401190.0
1672704000,85.46,86.96,84.205,85.82,76706040.0
1672790400,86.55,86.98,83.36,85.14,68885120.0
1672876800,85.33,85.42,83.07,83.12,67930830.0
1672963200,83.03,86.4,81.43,86.08,83303360.0
1673222400,87.46,89.48,87.08,87.36,65266060.0
1673308800,87.57,90.185,87.29,89.87,67756600.0
1673395200,90.93,95.26,90.93,95.09,103126200.0
1673481600,96.93,97.19,93.5,95.27,85254780.0
1673568000,94.18,98.37,94.12,98.12,85549430.0
1673913600,98.68,98.89,95.73,96.05,72755000.0
1674000000,97.25,99.32,95.38,95.46,79570370.0
1674086400,94.74,95.44,92.86,93.68,69002660.0
1674172800,93.86,97.354,93.2025,97.25,67481540.0
1674432000,97.56,97.78,95.86,97.52,76501100.0
1674518400,96.93,98.09,96.0,96.32,66929450.0
1674604800,92.56,97.24,91.52,97.18,94261570.0
1674691200,98.235,99.49,96.92,99.22,68523560.0
1674777600,99.53,103.485,99.53,102.24,87775610.0
1675036800,101.09,101.74,99.01,100.55,70691860.0
1675123200,101.155,103.3484,101.14,103.13,66527250.0
1675209600,102.53,106.24,101.24,105.15,80450120.0
1675296000,110.245,114.0,108.88,112.91,158154200.0
1675382400,105.26,108.78,102.52,103.39,144374800.0
1675641600,102.925,103.9484,100.65,102.18,81945200.0
1675728000,101.17,102.41,98.08,102.11,119501300.0
1675814400,102.04,102.6699,98.775,100.05,75878300.0
1675900800,101.32,101.78,97.57,98.24,64622490.0
1675987200,97.56,98.8163,96.23,97.61,52740130.0
1676246400,97.85,99.68,96.91,99.54,52841460.0
1676332800,98.41,100.9207,97.52,99.7,56202900.0
1676419200,99.09,101.17,98.45,101.16,48053880.0
1676505600,99.21,100.63,98.1,98.15,56339170.0
1676592000,97.8,97.94,95.65,97.2,60029410.0
1676937600,95.335,95.605,94.27,94.58,56580360.0
1677024000,95.1,97.01,94.8,95.79,59534090.0
1677110400,96.12,96.43,93.67,95.82,48466990.0
1677196800,93.53,94.14,92.3186,93.5,57053810.0
1677456000,94.28,94.78,93.14,93.76,47470320.0
1677542400,93.14,94.69,92.92,94.23,43959290.0
1677628800,93.87,94.68,91.59,92.17,52299520.0
1677715200,91.41,92.23,90.39,92.13,55574820.0
1677801600,92.74,94.94,92.66,94.9,55759610.0
1678060800,95.19,96.545,93.74,93.75,52112360.0
1678147200,94.06,95.09,92.78,93.55,49100670.0
1678233600,93.6,94.165,92.18,93.92,44899130.0
1678320000,93.68,96.21,92.18,92.25,56218710.0
1678406400,92.67,93.57,90.245,90.73,69827490.0
1678665600,89.97,94.02,88.12,92.43,72397050.0
1678752000,93.83,95.07,92.71,94.88,60912670.0
1678838400,93.22,96.67,93.07,96.2,70731790.0
1678924800,95.75,100.99,95.61,100.04,84558930.0
1679011200,99.79,100.66,97.455,98.95,87300240.0
1679270400,98.41,98.48,95.7,97.71,62388910.0
1679356800,98.14,100.845,98.0,100.61,58597280.0
1679443200,100.45,102.1,98.61,98.7,57475370.0
1679529600,100.43,101.06,97.62,98.71,57559310.0
1679616000,98.065,98.3,96.4,98.13,56144800.0
1679875200,99.07,99.34,97.08,98.04,46721300.0
1679961600,98.11,98.44,96.29,97.24,38720050.0
1680048000,98.69,100.4218,98.56,100.25,49783280.0
1680134400,101.55,103.04,101.01,102.0,53633400.0
1680220800,102.16,103.49,101.95,103.29,56750320.0
1680480000,102.3,103.29,101.43,102.41,41135730.0
1680566400,102.75,104.2,102.11,103.95,48662500.0
1680652800,103.91,103.91,100.7506,101.1,45175390.0
1680739200,100.75,102.3817,99.8008,102.06,43808020.0
1681084800,100.96,102.2,99.57,102.17,37261190.0
1681171200,100.8,101.0,99.01,99.92,60417850.0
1681257600,100.4,100.51,97.705,97.83,56735010.0
1681344000,98.95,102.57,98.71,102.4,67925140.0
1681430400,102.07,103.2013,101.11,102.51,51450520.0
1681689600,103.16,103.73,101.59,102.74,39919460.0
1681776000,103.95,104.2,101.52,102.3,39790520.0
1681862400,101.58,105.12,101.39,104.3,58398890.0
1681948800,103.53,105.25,103.21,103.81,57696870.0
1682035200,106.1,108.15,105.08,106.96,86774190.0
1682294400,107.655,109.23,105.07,106.21,69575610.0
1682380800,104.91,105.45,102.45,102.57,65026820.0
1682467200,105.04,106.62,104.1,104.98,73803790.0
1682553600,108.16,110.86,106.8,109.82,149961200.0
1682640000,107.73,109.48,104.33,105.45,130715900.0
1682899200,104.95,105.23,101.82,102.05,74728100.0
1682985600,101.47,103.9,101.15,103.63,73469350.0
1683072000,103.735,105.96,103.28,103.65,65051930.0
1683158400,104.04,105.39,103.3117,104.0,45345520.0
1683244800,104.27,105.76,103.55,105.655,56951740.0
1683504000,105.04,106.095,104.7001,105.83,49430910.0
1683590400,105.48,106.79,105.1567,106.62,44089360.0
1683676800,108.1,110.67,108.05,110.19,78627620.0
1683763200,111.03,113.28,110.49,112.18,74924840.0
1683849600,112.16,112.64,109.3185,110.26,49852670.0
1684108800,111.15,112.29,109.25,111.2,53011150.0
1684195200,111.05,114.7899,111.05,113.4,71472910.0
1684281600,114.89,115.83,114.22,115.5,65655180.0
1684368000,116.69,118.6,116.335,118.15,73174090.0
1684454400,118.16,118.31,115.7,116.25,55056310.0
1684713600,116.77,116.77,114.25,115.01,70741120.0
1684800000,114.27,117.14,113.78,114.99,67576260.0
1684886400,115.35,117.34,115.02,116.75,63487940.0
1684972800,116.63,116.87,114.31,115.0,66496680.0
1685059200,116.04,121.5,116.02,120.11,96779890.0
1685404800,122.37,122.92,119.855,121.66,64314810.0
1685491200,121.45,122.04,119.17,120.58,72800790.0
1685577600,120.69,123.49,119.93,122.77,54375130.0
1685664000,124.92,126.39,124.015,124.25,61264410.0
1685923200,123.36,125.8,123.03,125.3,47950130.0
1686009600,125.07,127.4,125.0,126.61,45695210.0
1686096000,127.01,127.365,120.63,121.23,95663280.0
1686182400,123.01,125.625,122.2579,124.25,62159270.0
1686268800,124.08,125.8,123.19,123.43,51396020.0
1686528000,124.02,126.78,123.53,126.57,51473380.0
1686614400,128.12,128.41,125.18,126.66,50564790.0
1686700800,126.7,126.95,124.12,126.42,52422460.0
1686787200,125.21,127.69,124.32,127.11,60458470.0
1686873600,127.71,127.9,125.3,125.49,84247100.0
1687219200,124.97,127.25,124.5,125.78,56930120.0
1687305600,125.64,126.73,123.85,124.83,52137670.0
1687392000,125.31,130.33,125.14,130.15,90354570.0
1687478400,129.11,130.84,128.28,129.33,71927780.0
1687737600,129.33,131.49,127.1,127.33,59989320.0
1687824000,128.63,130.085,127.55,129.18,46801010.0
1687910400,128.94,131.48,128.44,129.04,52149510.0
1687996800,128.77,129.26,127.255,127.9,40760960.0
1688083200,129.47,131.245,128.95,130.36,54350680.0
1688342400,130.82,131.85,130.065,130.22,27939570.0
1688515200,130.24,131.4,129.64,130.38,35895410.0
1688601600,128.25,128.73,127.37,128.36,40697850.0
1688688000,128.59,130.97,128.1294,129.78,41992250.0
1688947200,129.07,129.28,125.915,127.13,61889290.0
1689033600,127.75,129.77,127.35,128.78,49951460.0
1689120000,130.31,131.26,128.83,130.8,54022850.0
1689206400,134.04,134.67,132.71,134.3,61170880.0
1689292800,134.06,136.65,134.06,134.68,54487090.0
1689552000,134.56,135.62,133.21,133.56,48450200.0
1689638400,132.71,133.86,131.355,132.83,54969130.0
1689724800,133.39,135.99,132.53,135.36,54531040.0
1689811200,134.07,134.7915,129.33,129.96,59820580.0
1689897600,131.34,131.37,128.415,130.0,133307300.0
1690156800,130.305,131.66,128.35,128.8,45671540.0
1690243200,129.31,129.58,128.53,129.13,39236660.0
1690329600,126.51,129.08,126.11,128.15,53910090.0
1690416000,131.0,132.63,127.79,128.25,52610660.0
1690502400,129.69,133.01,129.33,132.21,46317380.0
1690761600,133.2,133.87,132.38,133.68,41901520.0
1690848000,133.55,133.69,131.6199,131.69,42298930.0
1690934400,130.154,130.23,126.82,128.21,51027610.0
1691020800,127.48,129.84,126.41,128.91,91163740.0
1691107200,141.06,143.63,139.32,139.57,153128500.0
1691366400,140.99,142.54,138.95,142.22,71213110.0
1691452800,140.62,140.84,138.42,139.94,51710500.0
1691539200,139.97,140.32,137.1,137.85,50017350.0
1691625600,139.075,140.41,137.49,138.56,58928400.0
1691712000,137.4,139.33,137.0,138.41,42905830.0
1691971200,138.3,140.59,137.75,140.57,47148700.0
1692057600,140.05,141.2778,137.23,137.67,42781520.0
1692144000,137.19,137.27,135.01,135.07,41675900.0
1692230400,135.46,136.085,133.53,133.98,48354090.0
1692316800,131.62,134.065,131.15,133.22,48497700.0
1692576000,133.74,135.185,132.71,134.68,41442480.0
1692662400,135.08,135.65,133.73,134.25,32935100.0
1692748800,134.5,135.95,133.22,135.52,42801040.0
1692835200,136.4,136.775,131.83,131.84,43646250.0
1692921600,132.47,133.87,130.58,133.26,44147450.0
1693180800,133.78,133.95,131.85,133.14,34108410.0
1693267200,133.38,135.14,133.25,134.91,38646090.0
1693353600,134.93,135.68,133.92,135.07,36137020.0
1693440000,135.06,138.7885,135.0,138.01,58781310.0
1693526400,139.455,139.96,136.875,138.12,40991540.0
1693872000,137.73,137.8,135.82,137.27,40636740.0
1693958400,136.32,137.45,134.61,135.36,41785510.0
1694044800,133.9,138.03,133.16,137.85,48498910.0
1694131200,136.86,138.8519,136.75,138.23,38365930.0
1694390400,138.75,143.62,138.64,143.1,56764530.0
1694476800,142.32,143.0,140.61,141.23,42668450.0
1694563200,140.95,144.98,140.865,144.85,60465180.0
1694649600,145.08,145.86,142.95,144.72,64033610.0
1694736000,142.69,143.57,140.09,140.39,102909300.0
1694995200,140.48,141.75,139.22,139.98,42823480.0
1695081600,138.7,138.84,135.56,137.63,61482470.0
1695168000,138.55,139.37,135.2,135.29,46263720.0
1695254400,131.94,132.24,129.31,129.33,70343340.0
1695340800,131.11,132.03,128.52,129.12,59904350.0
1695600000,129.36,131.78,128.77,131.27,46017830.0
1695686400,130.12,130.39,125.28,125.98,73048210.0
1695772800,125.76,127.48,124.13,125.98,66553450.0
1695859200,124.04,126.5801,123.04,125.98,54554970.0
1695945600,128.2,129.15,126.32,127.12,62411730.0
1696204800,127.28,130.47,126.54,129.46,48029740.0
1696291200,128.06,128.52,124.2544,124.72,51564990.0
1696377600,126.06,127.36,125.68,127.0,44203870.0
1696464000,126.71,126.73,124.33,125.96,39660640.0
1696550400,124.16,128.45,124.13,127.96,46836700.0
1696809600,126.22,128.79,124.76,128.26,38773740.0
1696896000,128.82,130.74,128.05,129.48,42178620.0
1696982400,129.74,132.05,129.61,131.83,40741840.0
1697068800,132.17,134.48,131.23,132.33,55528580.0
1697155200,132.98,133.3145,128.95,129.79,45824690.0
1697414400,130.69,133.07,130.425,132.55,42832920.0
1697500800,130.39,132.58,128.71,131.47,49344550.0
1697587200,129.9,130.6699,127.51,128.13,42699480.0
1697673600,130.565,132.24,127.47,128.4,60961360.0
1697760000,128.05,128.17,124.97,125.17,56406410.0
1698019200,124.63,127.88,123.98,126.56,48259950.0
1698105600,127.74,128.8,126.34,128.56,46477360.0
1698192000,126.04,126.34,120.79,121.39,74577540.0
1698278400,120.63,121.6393,118.35,119.57,100419500.0
1698364800,126.2,130.02,125.52,127.74,125309300.0
1698624000,129.72,133.0,128.56,132.71,72485540.0
1698710400,132.75,133.57,131.71,133.09,51589380.0
1698796800,133.96,137.35,133.71,137.0,61529410.0
1698883200,138.73,138.81,136.47,138.07,52236690.0
1698969600,138.99,139.49,137.45,138.6,44059810.0
1699228800,138.76,140.73,138.36,139.74,44970420.0
1699315200,140.55,143.37,140.5,142.71,53553540.0
1699401600,142.97,143.12,141.2183,142.08,44521660.0
1699488000,142.02,142.65,139.84,140.6,36235370.0
1699574400,140.46,143.65,139.91,143.56,49349940.0
1699833600,142.08,143.23,140.67,142.59,35680570.0
1699920000,145.0,147.26,144.68,145.8,56674550.0
1700006400,147.06,147.29,142.59,143.2,63875720.0
1700092800,140.91,143.32,139.52,142.83,49653510.0
1700179200,142.66,145.23,142.545,145.18,49678440.0
1700438400,145.13,146.63,144.725,146.13,41978770.0
1700524800,143.91,144.05,141.5,143.9,71225990.0
1700611200,144.57,147.74,144.57,146.71,45700000.0
1700784000,146.7,147.2,145.32,146.74,22378380.0
1701043200,147.53,149.26,146.88,147.73,53762430.0
1701129600,146.98,147.5999,145.53,147.03,42711680.0
1701216000,147.85,148.54,145.97,146.32,40610910.0
1701302400,144.76,146.93,144.332,146.09,65814020.0
1701388800,146.0,147.245,145.55,147.03,39951830.0
1701648000,145.25,145.35,142.81,144.84,48294240.0
1701734400,143.55,148.57,143.13,146.88,46822410.0
1701820800,147.58,147.85,144.28,144.52,39678960.0
1701907200,146.15,147.92,145.34,146.88,52352830.0
1701993600,145.48,147.84,145.4,147.42,41905970.0
1702252800,145.66,146.19,143.64,145.89,50907290.0
1702339200,145.52,147.5,145.3,147.48,44944260.0
1702425600,148.12,149.46,146.82,148.84,52766200.0
1702512000,149.93,150.54,145.52,147.42,58400850.0
1702598400,148.38,150.57,147.88,149.97,110089300.0
1702857600,150.56,154.855,150.05,154.07,62512830.0
1702944000,154.4,155.12,152.69,153.79,43171290.0
1703030400,152.9,155.63,151.56,152.12,50322110.0
1703116800,153.3,153.97,152.1,153.84,36305730.0
1703203200,153.77,154.35,152.71,153.42,29514090.0
1703548800,153.56,153.975,153.03,153.41,25067220.0
1703635200,153.56,154.78,153.12,153.34,31434730.0
1703721600,153.72,154.08,152.95,153.38,27057000.0
1703808000,153.1,153.89,151.03,151.94,39823200.0
1704153600,151.54,152.38,148.39,149.93,47339420.0
1704240000,149.2,151.05,148.33,148.47,49425500.0
1704326400,145.59,147.38,144.05,144.57,56039810.0
1704412800,144.69,146.59,144.53,145.24,45153150.0
1704672000,146.74,149.4,146.15,149.1,46757050.0
1704758400,148.33,151.71,148.21,151.37,43812570.0
1704844800,152.06,154.42,151.881,153.73,44421830.0
1704931200,155.04,157.17,153.12,155.18,49072690.0
1705017600,155.39,156.2,154.01,154.62,40484160.0
1705363200,153.53,154.99,152.15,153.16,41384640.0
1705449600,151.49,152.15,149.91,151.71,34953360.0
1705536000,152.77,153.775,151.82,153.5,37850250.0
1705622400,153.83,155.76,152.74,155.34,51651630.0
1705881600,156.89,157.05,153.9,154.78,43687470.0
1705968000,154.85,156.21,153.93,156.02,37986040.0
1706054400,157.8,158.51,156.48,156.87,48547320.0
1706140800,156.95,158.505,154.5501,157.75,43638590.0
1706227200,158.42,160.72,157.91,159.12,51047350.0
1706486400,159.34,161.29,158.9,161.26,45270390.0
1706572800,160.7,161.73,158.49,159.0,45207430.0
1706659200,157.0,159.01,154.81,155.2,50284370.0
1706745600,155.87,159.76,155.62,159.28,76542420.0
1706832000,169.19,172.5,167.33,171.81,117218300.0
1707091200,170.2,170.55,167.7,170.31,55081300.0
1707177600,169.39,170.71,167.65,169.15,42505520.0
1707264000,169.48,170.88,168.94,170.53,47174060.0
1707350400,169.65,171.43,168.88,169.84,42316450.0
1707436800,170.9,175.0,170.5803,174.45,56985990.0
1707696000,174.8,175.39,171.54,172.34,51050440.0
1707782400,167.73,170.95,165.75,168.64,56345120.0
1707868800,169.21,171.21,168.28,170.98,42815540.0
1707955200,170.58,171.17,167.59,169.8,49855200.0
1708041600,168.74,170.42,167.17,169.51,48107740.0
1708387200,167.83,168.71,165.74,167.08,41980330.0
1708473600,168.94,170.23,167.14,168.59,44575620.0
1708560000,173.1,174.8,171.77,174.58,55392350.0
1708646400,174.28,175.75,173.7,174.99,59715240.0
1708905600,175.7,176.37,174.26,174.73,44368610.0
1708992000,174.075,174.62,172.86,173.54,31141730.0
1709078400,172.44,174.05,172.27,173.16,28180480.0
1709164800,173.01,177.22,172.85,176.76,53805360.0
1709251200,176.75,178.725,176.07,178.22,31981150.0
1709510400,177.53,180.14,177.49,177.58,37381520.0
1709596800,176.93,176.93,173.303,174.12,37228340.0
1709683200,175.54,176.46,173.26,173.51,32090930.0
1709769600,174.83,177.99,173.72,176.82,34063280.0
1709856000,176.44,178.785,174.33,175.35,37893240.0
1710115200,174.31,174.47,171.47,171.96,28484780.0
1710201600,173.5,176.76,171.98,175.39,36610600.0
1710288000,175.9,177.62,175.55,176.555,30772600.0
1710374400,177.69,179.53,176.465,178.75,43705840.0
1710460800,176.64,177.93,173.9,174.42,72147390.0
1710720000,175.8,176.69,174.28,174.48,31250690.0
1710806400,174.215,176.09,173.52,175.9,26880890.0
1710892800,176.14,178.53,174.64,178.15,29947150.0
1710979200,179.988,181.415,178.15,178.15,32824320.0
1711065600,177.752,179.255,176.75,178.87,27995380.0
1711324800,178.01,180.99,177.24,179.71,29815460.0
1711411200,180.15,180.45,177.95,178.3,29658980.0
1711497600,179.88,180.0,177.3099,179.83,33272550.0
1711584000,180.17,181.7,179.26,180.38,38051590.0
1711929600,180.79,183.0,179.95,180.97,29174520.0
1712016000,179.07,180.79,178.3762,180.69,32611550.0
1712102400,179.9,182.87,179.8,182.41,31046640.0
1712188800,184.0,185.1,180.0,180.0,41624260.0
1712275200,182.38,186.27,181.97,185.07,42373990.0
1712534400,186.9,187.29,184.81,185.19,39221280.0
1712620800,187.24,187.34,184.2,185.67,36546950.0
1712707200,182.765,186.2699,182.67,185.95,35879150.0
1712793600,186.74,189.77,185.51,189.05,40020740.0
1712880000,187.72,188.38,185.08,186.13,38608850.0
1713139200,187.425,188.69,183.0,183.62,48052400.0
1713225600,183.27,184.83,182.26,183.32,32891270.0
1713312000,184.31,184.57,179.82,181.28,31359670.0
1713398400,181.47,182.39,178.65,179.22,30723790.0
1713484800,178.74,179.0,173.44,174.63,56000730.0
1713744000,176.94,178.87,174.56,177.23,37924890.0
1713830400,178.08,179.93,175.975,179.54,37046520.0
1713916800,179.94,180.323,176.18,176.59,34185110.0
1714003200,169.68,173.92,166.32,173.67,49249390.0
1714089600,177.795,180.82,176.13,179.62,43919770.0
1714348800,182.75,183.53,179.39,180.96,54063940.0
1714435200,181.09,182.99,174.8,175.0,94639790.0
1714521600,181.635,185.15,176.56,179.0,94645150.0
1714608000,180.85,185.1,179.91,184.72,54303510.0
1714694400,186.99,187.87,185.42,186.21,39172000.0
1714953600,186.28,188.745,184.8,188.7,34725300.0
1715040000,188.92,189.94,187.305,188.76,34048900.0
1715126400,187.44,188.43,186.385,188.0,26136350.0
1715212800,188.88,191.7,187.44,189.5,43368380.0
1715299200,189.16,189.892,186.93,187.48,34141770.0
1715558400,188.0,188.31,185.36,186.57,24898610.0
1715644800,183.82,187.72,183.45,187.07,38698160.0
1715731200,185.97,186.7193,182.73,185.99,75459930.0
1715817600,185.6,187.31,183.46,183.63,38834450.0
1715904000,183.76,185.3,183.35,184.7,33175660.0
1716163200,184.34,186.665,183.28,183.54,30511770.0
1716249600,182.3,183.26,180.75,183.15,50839130.0
1716336000,183.88,185.22,181.9715,183.13,28148780.0
1716422400,183.66,184.76,180.08,181.05,33670170.0
1716508800,181.65,182.435,180.3,180.75,27471640.0
1716854400,179.93,182.24,179.49,182.15,29926960.0
1716940800,181.7,184.08,181.55,182.02,32009290.0
1717027200,181.31,181.34,178.355,179.32,29249230.0
1717113600,178.3,179.21,173.87,176.44,58903940.0
1717372800,177.7,178.7,175.92,178.34,30786640.0
1717459200,177.64,179.82,176.44,179.34,27198390.0
1717545600,180.1,181.5,178.75,181.28,32116390.0
1717632000,181.745,185.0,181.49,185.0,31371150.0
1717718400,184.9,186.2888,183.36,184.3,28021470.0
1717977600,184.07,187.23,183.79,187.06,34494500.0
1718064000,187.06,187.77,184.5373,187.23,27265110.0
1718150400,188.015,188.35,185.43,186.89,33984220.0
1718236800,186.09,187.67,182.666,183.83,39721550.0
1718323200,183.08,183.72,182.23,183.66,25456410.0
1718582400,182.52,185.0,181.22,184.06,35601910.0
1718668800,183.735,184.29,181.43,182.81,36659160.0
1718841600,182.91,186.51,182.72,186.1,44726780.0
1718928000,187.8,189.275,185.86,189.08,72931750.0
1719187200,189.33,191.0,185.33,185.57,50610380.0
1719273600,186.81,188.84,185.42,186.34,45898480.0
1719360000,186.92,194.8,186.26,193.61,65103890.0
1719446400,195.005,199.84,194.2,197.85,74397490.0
1719532800,197.73,198.85,192.5,193.25,76930190.0
1719792000,193.49,198.2957,192.82,197.2,41192010.0
1719878400,197.28,200.43,195.93,200.0,45600010.0
1719964800,199.94,200.029,196.7601,197.59,31597930.0
1720137600,198.65,200.55,198.17,200.0,39858890.0
1720396800,200.04,201.2,197.96,199.29,34767260.0
1720483200,199.4,200.57,199.045,199.34,32756740.0
1720569600,199.995,200.11,197.69,199.79,32883750.0
1720656000,200.09,200.2699,192.86,195.05,44565040.0
1720742400,194.8,196.47,193.8301,194.49,30598530.0
1721001600,194.56,196.19,190.83,192.72,40683230.0
1721088000,195.59,196.62,192.24,193.02,33994710.0
1721174400,191.35,191.58,185.99,187.93,48076140.0
1721260800,189.59,189.68,181.448,183.75,51043630.0
1721347200,181.14,184.93,180.11,183.13,43081830.0
1721606400,185.0,185.06,182.48,182.55,39931920.0
1721692800,184.1,189.39,183.56,186.41,47537670.0
1721779200,183.2,185.45,180.41,180.83,41532360.0
1721865600,182.91,183.8958,176.8,179.85,44464160.0
1721952000,180.39,183.19,180.24,182.5,29505960.0
1722211200,183.84,184.75,182.38,183.2,33270120.0
1722297600,184.72,185.86,179.38,181.71,39508570.0
1722384000,185.05,187.94,184.46,186.98,41667330.0
1722470400,189.285,190.6,181.87,184.07,70435640.0
1722556800,166.75,168.77,160.55,167.9,141448400.0
1722816000,154.21,162.96,151.61,161.02,83149440.0
1722902400,161.71,165.08,158.5404,161.93,59950830.0
1722988800,166.55,167.58,161.43,162.77,48408240.0
1723075200,165.165,166.6899,162.55,165.8,44616210.0
1723161600,166.4,168.55,165.85,166.94,36401050.0
1723420800,168.14,168.55,166.1101,166.8,30072790.0
1723507200,167.81,171.04,167.1,170.23,39237920.0
1723593600,172.11,172.28,168.86,170.1,28843800.0
1723680000,174.86,177.91,173.99,177.59,51698510.0
1723766400,177.04,178.34,176.2601,177.06,31489180.0
1724025600,177.64,178.3,176.16,178.22,31129810.0
1724112000,177.92,179.01,177.4308,178.88,26255200.0
1724198400,179.92,182.385,178.8937,180.11,35599120.0
1724284800,181.38,181.47,175.68,176.13,32047480.0
1724371200,177.34,178.9699,175.24,177.04,29150090.0
1724630400,176.7,177.4682,174.3,175.5,22366240.0
1724716800,174.15,174.89,172.25,173.12,29841980.0
1724803200,173.69,173.69,168.92,170.8,29045030.0
1724889600,173.22,174.29,170.81,172.12,26407820.0
1724976000,172.78,178.9,172.6,178.5,43429360.0
1725321600,177.55,178.26,175.26,176.25,37817510.0
1725408000,174.48,175.98,172.54,173.33,30309230.0
1725494400,175.0,179.875,174.995,177.89,40170530.0
1725580800,177.24,178.38,171.16,171.39,41466540.0
1725840000,174.53,175.85,173.51,175.4,29037360.0
1725926400,177.49,180.5,176.79,179.55,36233800.0
1726012800,180.095,184.99,175.73,184.52,42564700.0
1726099200,184.8,187.41,183.54,187.0,33622480.0
1726185600,187.0,188.5,185.91,186.49,26495350.0
1726444800,185.29,185.81,183.36,184.89,26065490.0
1726531200,186.85,189.45,186.14,186.88,26091680.0
1726617600,186.45,188.8,185.06,186.43,34448130.0
1726704000,190.04,190.99,188.47,189.87,39543170.0
1726790400,190.23,191.84,187.41,191.6,100378600.0
1727049600,191.64,194.45,190.57,193.88,36993110.0
1727136000,194.27,195.37,190.13,193.96,43478930.0
1727222400,193.75,193.9498,192.16,192.53,26391140.0
1727308800,194.31,194.53,189.54,191.16,36334850.0
1727395200,190.68,190.9,187.34,187.97,36002320.0
1727654400,187.14,188.49,184.65,186.33,41680400.0
1727740800,184.9,186.19,183.4519,185.13,36044910.0
1727827200,184.44,186.6,184.04,184.76,23704060.0
1727913600,183.045,183.44,180.875,181.96,30204300.0
1728000000,185.75,187.6,183.6,186.51,41079010.0
1728259200,182.95,183.6,180.25,180.8,42364200.0
1728345600,181.915,183.09,180.92,182.72,26372090.0
1728432000,182.82,185.845,182.05,185.17,26343120.0
1728518400,187.13,188.134,185.83,186.65,27785040.0
1728604800,186.63,189.9284,186.3,188.82,25751560.0
1728864000,189.78,189.83,187.36,187.54,22614410.0
1728950400,187.63,188.41,184.58,187.69,32178930.0
1729036800,187.05,187.78,185.61,186.89,23456810.0
1729123200,188.22,188.94,186.0,187.53,25039410.0
1729209600,187.15,190.74,186.28,188.99,37417670.0
1729468800,188.05,189.46,186.4,189.07,24639390.0
1729555200,188.35,191.5201,186.975,189.7,29650590.0
1729641600,188.85,189.16,183.69,184.71,31937090.0
1729728000,185.25,187.11,183.86,186.38,21647400.0
1729814400,187.85,190.45,187.53,187.83,29362060.0
1730073600,189.565,190.21,188.21,188.39,27930840.0
1730160000,188.58,191.4599,187.815,190.83,35690160.0
1730246400,194.695,195.61,192.42,192.73,37707550.0
1730332800,190.51,190.6,185.23,186.4,75146760.0
1730419200,199.0,200.5,197.02,197.93,99687850.0
1730678400,196.45,197.33,194.3101,195.78,38492060.0
1730764800,196.04,199.82,195.99,199.5,30564780.0
1730851200,200.01,207.55,199.14,207.09,72292170.0
1730937600,207.44,212.25,207.19,210.05,52878380.0
1731024000,209.72,209.9633,207.44,208.18,36075850.0
1731283200,208.5,209.65,205.59,206.84,35456010.0
1731369600,208.37,209.54,206.01,208.91,38942920.0
1731456000,209.4,215.09,209.14,214.1,46212940.0
1731542400,214.16,215.9,210.88,211.48,42620310.0
1731628800,206.76,207.34,199.61,202.61,86591140.0
1731888000,204.15,204.67,200.95,201.7,36512470.0
1731974400,199.33,205.3,198.78,204.61,31197870.0
1732060800,202.98,203.13,199.45,202.88,32768990.0
1732147200,203.49,203.49,195.75,198.38,58800040.0
1732233600,198.25,199.2599,196.75,197.12,31530840.0
1732492800,199.28,201.9499,199.0,201.45,40685670.0
1732579200,201.9,208.0,201.79,207.86,41673740.0
1732665600,206.98,207.64,205.05,205.74,28061640.0
1732838400,205.83,208.2,204.59,207.89,24892450.0
1733097600,209.96,212.99,209.5101,210.71,39523190.0
1733184000,210.31,214.02,209.65,213.44,32214830.0
1733270400,215.96,220.0,215.75,218.16,48745720.0
1733356800,218.03,222.15,217.3,220.55,41140220.0
1733443200,220.75,227.15,220.6,227.03,44178070.0
1733702400,227.21,230.08,225.67,226.09,46819360.0
1733788800,226.09,229.06,224.2002,225.04,31199860.0
1733875200,226.41,231.2,226.26,230.26,35385790.0
1733961600,229.83,231.09,227.63,228.97,28204080.0
1734048000,228.4,230.2,225.8608,227.46,28768080.0
1734307200,230.23,233.0,228.01,232.93,37552100.0
1734393600,232.39,232.73,227.85,231.15,35948130.0
1734480000,230.77,231.3999,220.11,220.52,43281440.0
1734566400,224.91,226.09,222.92,223.29,39918740.0
1734652800,219.84,226.21,218.73,224.92,88279180.0
1734912000,225.01,226.88,223.9,225.06,28070010.0
1734998400,226.94,229.14,226.13,229.05,15007500.0
1735171200,228.5,228.5,226.6706,227.05,16174500.0
1735257600,225.6,226.03,220.9,223.75,27367150.0
1735516800,220.06,222.9972,218.43,221.3,28321240.0
1735603200,222.965,223.2299,218.94,219.39,24819660.0
1735776000,222.03,225.15,218.19,220.22,33956580.0
1735862400,222.505,225.36,221.62,224.19,27515610.0
1736121600,226.78,228.835,224.84,227.61,31849830.0
1736208000,227.9,228.381,221.46,222.11,28084160.0
1736294400,223.185,223.52,220.2,222.13,25033290.0
1736467200,221.46,221.71,216.5,218.94,36811530.0
1736726400,218.06,219.4,216.47,218.46,27262660.0
1736812800,220.44,221.82,216.2,217.76,24711650.0
1736899200,222.83,223.57,220.75,223.35,31291260.0
1736985600,224.42,224.65,220.31,220.66,24757280.0
1737072000,225.84,226.51,223.08,225.94,42370120.0
1737417600,228.9,231.78,226.94,230.71,39951460.0
1737504000,232.02,235.44,231.19,235.01,41448220.0
1737590400,234.1,235.52,231.51,235.42,26404360.0
1737676800,234.5,236.4,232.93,234.85,25890740.0
1737936000,226.21,235.61,225.86,235.42,49428330.0
1738022400,234.29,241.77,233.98,238.15,41587190.0
1738108800,239.015,240.39,236.15,237.07,26091720.0
1738195200,237.14,237.95,232.22,234.64,32020730.0
1738281600,236.5,240.29,236.41,237.68,36162380.0
1738540800,234.06,239.25,232.9,237.42,37285870.0
1738627200,239.01,242.52,238.03,242.06,29713810.0
1738713600,237.02,238.32,235.2,236.17,38832040.0
1738800000,238.01,239.6599,236.01,238.83,60897100.0
1738886400,232.5,234.81,228.06,229.15,77539280.0
1739145600,230.545,233.92,229.2,233.14,35419930.0
1739232000,231.92,233.44,230.13,232.76,23713730.0
1739318400,230.46,231.18,228.16,228.93,32285250.0
1739404800,228.85,230.42,227.52,230.37,31346510.0
1739491200,229.2,229.89,227.23,228.68,27031080.0
1739836800,228.82,229.3,223.72,226.65,42975130.0
1739923200,225.52,226.83,223.71,226.63,28566710.0
1740009600,224.775,225.13,221.81,222.88,30001670.0
1740096000,223.28,223.31,214.74,216.58,55323850.0
1740355200,217.45,217.715,212.42,212.71,42387590.0
1740441600,211.63,213.34,204.16,212.8,58957980.0
1740528000,214.94,218.16,213.09,214.35,39120600.0
1740614400,218.35,219.97,208.37,208.74,40548570.0
1740700800,208.65,212.62,206.99,212.28,51771740.0
1740960000,213.352,214.01,202.55,205.02,42948450.0
1741046400,200.11,206.8,197.432,203.8,60853080.0
1741132800,204.8,209.98,203.26,208.36,38610090.0
1741219200,204.4,205.77,198.3015,200.7,49863760.0
1741305600,199.49,202.2653,192.53,199.25,59802820.0
1741564800,195.6,196.73,190.85,194.54,62350930.0
1741651200,193.9,200.18,193.4,196.59,54002880.0
1741737600,200.72,201.52,195.29,198.89,43679280.0
1741824000,198.165,198.8799,191.82,193.89,41270760.0
1741910400,197.41,198.65,195.32,197.95,38096660.0
1742169600,198.77,199.0,194.3247,195.74,47341750.0
1742256000,192.52,194.0,189.38,192.82,40414870.0
1742342400,193.38,195.965,191.96,195.54,39442880.0
1742428800,193.07,199.32,192.3,194.95,38921110.0
1742515200,192.9,196.99,192.52,196.21,60056920.0
1742774400,200.0,203.64,199.95,203.26,41625370.0
1742860800,203.595,206.21,203.22,205.71,31171160.0
1742947200,205.835,206.01,199.925,201.13,32990970.0
1743033600,200.89,203.79,199.2821,201.36,27317660.0
1743120000,198.42,199.26,191.881,192.72,52548230.0
1743379200,188.19,191.33,184.4,190.26,63547560.0
1743465600,187.86,193.93,187.2,192.17,41267320.0
1743552000,187.66,198.34,187.66,196.01,53679200.0
1743638400,182.995,184.13,176.92,178.41,95553620.0
1743724800,167.145,178.1436,166.0,171.0,123159400.0
1743984000,162.0,183.4099,161.38,175.26,109327100.0
1744070400,185.23,185.9,168.57,170.66,87710360.0
1744156800,172.115,192.65,169.93,191.1,116804300.0
1744243200,185.44,186.8692,175.8518,181.22,68302050.0
1744329600,179.93,185.86,178.0,184.87,50594340.0
1744588800,186.84,187.44,179.23,182.12,48002540.0
1744675200,181.41,182.35,177.9331,179.59,43641950.0
1744761600,176.29,179.1046,171.41,174.33,51875320.0
1744848000,176.0,176.21,172.0,172.61,44726450.0
1745193600,169.6,169.6,165.285,167.32,48126110.0
1745280000,169.845,176.78,169.35,173.18,56607200.0
1745366400,183.45,187.38,180.19,180.6,63470150.0
1745452800,180.915,186.74,180.18,186.54,43763200.0
1745539200,187.62,189.94,185.49,188.99,36414330.0
1745798400,190.105,190.22,184.885,187.7,33224730.0
1745884800,183.99,188.0158,183.68,187.39,41667260.0
1745971200,182.17,185.05,178.85,184.42,55176540.0
1746057600,190.63,191.8071,187.5,190.2,74265960.0
1746144000,191.435,192.88,186.4,189.98,77903490.0
1746403200,186.51,188.18,185.53,186.35,35217470.0
1746489600,184.57,187.93,183.85,185.01,29314060.0
1746576000,185.56,190.99,185.01,188.71,44002930.0
1746662400,191.43,194.33,188.82,192.08,41043620.0
1746748800,193.375,194.69,191.16,193.06,29663140.0
1747008000,210.71,211.66,205.75,208.64,75205040.0
1747094400,211.08,214.84,210.1,211.37,56193680.0
1747180800,211.45,211.93,208.85,210.25,38492130.0
1747267200,206.45,206.88,202.673,205.17,64347320.0
1747353600,206.85,206.85,204.374,205.59,43318480.0
1747612800,201.645,206.62,201.26,206.16,34314810.0
1747699200,204.628,205.5899,202.65,204.07,29470370.0
1747785600,201.61,203.455,200.06,201.12,42460920.0
1747872000,201.38,205.76,200.16,203.1,38938880.0
1747958400,198.9,202.37,197.85,200.99,33393550.0
1748304000,203.085,206.69,202.19,206.02,34892040.0
1748390400,205.915,207.66,204.41,204.72,28549750.0
1748476800,208.025,208.81,204.23,205.7,34700010.0
1748563200,204.84,205.99,201.695,205.01,51679410.0
1748822400,204.98,207.0,202.68,206.65,29113320.0
1748908800,207.105,208.9469,205.03,205.71,33139120.0
1748995200,206.55,208.18,205.18,207.23,29915590.0
1749081600,209.55,212.81,207.56,207.91,51979240.0
1749168000,212.4,213.8699,210.5,213.57,39832500.0
1749427200,214.75,217.85,212.88,216.98,38102500.0
1749513600,216.78,217.69,214.15,217.61,31303320.0
1749600000,217.41,218.4,212.89,213.2,39325980.0
1749686400,211.78,213.58,211.33,213.24,27639990.0
1749772800,209.96,214.05,209.62,212.1,29337760.0
1750032000,212.31,217.06,211.6,216.1,33284160.0
1750118400,215.195,217.41,214.56,214.82,32086260.0
1750204800,215.09,217.96,212.34,212.52,44360510.0
1750377600,214.68,214.89,208.2709,209.69,75350730.0
1750636800,209.79,210.39,207.3101,208.47,37311730.0
1750723200,212.135,214.34,211.045,212.77,38378760.0
1750809600,214.615,216.03,211.11,211.99,31755700.0
1750896000,213.12,218.035,212.01,217.12,50480810.0
1750982400,219.92,223.3,216.74,223.3,119217100.0
1751241600,223.52,223.82,219.12,219.39,58887780.0
1751328000,219.5,221.875,217.93,220.46,39256830.0
1751414400,219.73,221.6,219.06,219.92,30894180.0
1751500800,221.82,224.01,221.36,223.41,29632350.0
1751846400,223.0,224.29,222.37,223.47,36604140.0
1751932800,223.915,224.0,218.43,219.36,45691990.0
1752019200,221.07,224.29,220.47,222.54,38155120.0
1752105600,221.55,222.79,219.7,222.26,30370590.0
1752192000,223.58,226.6799,222.37,225.02,50518310.0
1752451200,225.07,226.66,224.24,225.69,35702600.0
1752537600,226.2,227.27,225.455,226.35,34907290.0
1752624000,225.875,226.1,222.18,223.19,39535930.0
1752710400,223.32,224.5,222.51,223.88,31855830.0
1752796800,225.14,226.4,222.98,226.13,37833810.0
1753056000,225.835,229.69,225.65,229.3,40297560.0
1753142400,229.68,230.0,226.35,227.47,37483700.0
1753228800,228.47,228.79,227.09,228.29,28294850.0
1753315200,229.17,236.0,228.64,232.23,42902270.0
1753401600,232.22,232.48,231.18,231.44,28712100.0
1753660800,233.35,234.29,232.25,232.79,26300140.0
1753747200,234.15,234.72,230.31,231.01,33716220.0
1753833600,231.64,231.8,229.29,230.19,32993270.0
1753920000,235.77,236.53,231.4,234.11,104357300.0
1754006400,217.21,220.4399,212.8,214.75,122258800.0
1754265600,217.4,217.44,211.42,211.65,77890150.0
1754352000,213.05,216.3,212.87,213.75,51505120.0
1754438400,214.695,222.65,213.7409,222.31,54823050.0
1754524800,221.0,226.22,220.82,223.13,40603510.0
1754611200,223.14,223.8,221.8836,222.69,32970480.0
1754870400,221.78,223.05,220.4,221.3,31646220.0
1754956800,222.23,223.5,219.05,221.47,37254710.0
1755043200,222.0,224.9185,222.0,224.56,36508340.0
1755129600,227.4,233.11,227.02,230.98,61545820.0
1755216000,232.58,234.08,229.807,231.03,39649240.0
1755475200,230.225,231.91,228.33,231.49,25248890.0
1755561600,230.09,230.5283,227.12,228.01,29891010.0
1755648000,227.12,227.27,220.915,223.81,36604320.0
1755734400,222.65,222.78,220.5,221.95,32140460.0
1755820800,222.79,229.14,220.82,228.84,37315340.0
1756080000,227.35,229.6,227.31,227.94,22633700.0
1756166400,227.11,229.0,226.02,228.71,26105370.0
1756252800,228.57,229.87,227.81,229.12,21254480.0
1756339200,229.005,232.71,228.02,231.6,33679590.0
1756425600,231.32,231.8125,228.16,229.0,26199170.0
1756771200,223.52,226.17,221.83,225.34,38843880.0
1756857600,225.21,227.1699,224.36,225.99,29223130.0
1756944000,231.185,235.77,230.78,235.68,59391780.0
1757030400,235.19,236.0,231.93,232.33,36721800.0
1757289600,234.94,237.6,233.75,235.84,33947100.0
1757376000,236.355,238.85,235.08,238.24,27033780.0
1757462400,237.515,237.68,229.0962,230.33,60907710.0
1757548800,231.49,231.53,229.3377,229.95,37485600.0
1757635200,230.35,230.79,226.29,228.15,38496220.0
1757894400,230.625,233.73,230.32,231.43,33243330.0
1757980800,232.935,235.9,232.23,234.05,38203910.0
1758067200,233.77,234.3,228.71,231.62,42815230.0
1758153600,232.5,233.48,228.79,231.23,37931740.0
1758240000,232.37,234.16,229.7,231.48,97943170.0
1758499200,230.56,230.565,227.51,227.63,45914510.0
1758585600,227.83,227.86,220.07,220.71,70956190.0
1758672000,224.15,224.56,219.45,220.21,49509030.0
1758758400,220.06,220.67,216.47,218.15,52226330.0
1758844800,219.08,221.05,218.02,219.78,41650100.0
1759104000,220.08,222.6,219.3,222.17,44259180.0
1759190400,222.03,222.24,217.89,219.57,48396370.0
1759276800,217.36,222.15,216.61,220.63,43933830.0
1759363200,221.01,222.81,218.945,222.41,41258590.0
1759449600,223.44,224.2,219.34,219.51,43639030.0
1759708800,221.0,221.73,216.03,220.9,43690880.0
1759795200,220.88,222.89,220.17,221.78,31194680.0
1759881600,222.92,226.73,221.19,225.22,46685990.0
1759968000,224.995,228.21,221.75,227.74,46412120.0
1760054400,226.21,228.25,216.0,216.37,72367510.0
1760313600,217.7,220.68,217.04,220.07,37809650.0
1760400000,215.555,219.32,212.6,216.39,45665580.0
1760486400,216.62,217.71,212.66,215.57,45909470.0
1760572800,215.67,218.59,212.8101,214.47,42414590.0
1760659200,214.56,214.8,211.03,213.04,45986940.0
1760918400,213.88,216.69,213.59,216.48,38882820.0
1761004800,218.43,223.32,217.99,222.03,50494570.0
1761091200,219.3,220.005,216.52,217.95,44308540.0
1761177600,219.0,221.3,218.18,221.09,31540000.0
1761264000,221.97,225.4,221.9,224.21,38685050.0
1761523200,227.66,228.4,225.54,226.97,38267000.0
1761609600,228.215,231.485,226.21,229.25,47100030.0
1761696000,231.672,232.82,227.76,230.3,52036150.0
1761782400,227.06,228.44,222.75,222.86,102252900.0
1761868800,250.1,250.5,243.98,244.22,166340800.0
1762128000,255.36,258.6,252.9,254.0,95997820.0
1762214400,250.38,257.01,248.66,249.32,51546310.0
1762300800,249.03,251.0,246.16,250.2,40610700.0
1762387200,249.155,250.38,242.17,243.04,46004200.0
1762473600,242.9,244.9,238.49,244.41,46374290.0
1762732800,248.34,251.75,245.59,248.4,36476510.0
1762819200,248.41,249.7499,247.23,249.1,23564060.0
1762905600,250.235,250.37,243.75,244.2,31190060.0
1762992000,243.05,243.75,236.5,237.58,41401740.0
1763078400,235.06,238.73,232.89,234.69,38956670.0
1763337600,233.25,234.6,229.19,232.87,59919020.0
1763424000,228.1,230.2,222.42,222.55,60608440.0
1763510400,223.735,223.735,218.52,222.69,58335640.0
1763596800,227.05,227.41,216.74,217.14,50308960.0
1763683200,216.345,222.21,215.18,220.69,68490460.0
1763942400,222.555,227.33,222.27,226.28,54318400.0
1764028800,226.38,230.52,223.8,229.67,39379340.0
1764115200,230.74,231.7474,228.77,229.16,38497920.0
1764288000,231.24,233.285,230.22,233.22,20292330.0
1764547200,233.22,235.797,232.25,233.88,42903950.0
1764633600,235.005,238.97,233.55,234.42,45785360.0
1764720000,233.35,233.38,230.61,232.38,35495060.0
1764806400,232.77,233.5,226.8,229.11,45683220.0
1764892800,230.32,231.24,228.547,229.53,33117380.0
1765152000,229.59,230.83,226.27,226.89,35019170.0
1765238400,226.84,228.57,225.11,227.92,25841740.0
1765324800,228.805,232.42,228.46,231.78,38790740.0
1765411200,230.71,232.11,228.6901,230.28,28249600.0
1765497600,229.87,230.08,225.12,226.19,35639120.0
1765756800,227.93,227.93,221.5,222.54,47286090.0
1765843200,223.035,223.66,221.1304,222.56,39298860.0
1765929600,224.655,225.19,220.99,221.27,44034420.0
1766016000,225.705,229.225,224.41,226.76,50272420.0
1766102400,226.76,229.125,225.58,227.35,85544370.0
1766361600,228.61,229.48,226.71,228.43,32261330.0
1766448000,229.055,232.445,228.73,232.14,29230230.0
1766534400,232.13,232.95,231.33,232.38,11420540.0
1766707200,232.035,232.99,231.18,232.52,15994730.0
1766966400,231.94,232.6,230.77,232.07,19797910.0
1767052800,231.205,232.77,230.2,232.53,21910450.0
1767139200,232.905,232.99,230.12,230.82,24383750.0
1767312000,231.34,235.458,224.7,226.5,51456230.0
1767571200,228.84,234.0,227.18,233.06,49733350.0
1767657600,232.1,243.18,232.07,240.93,53764680.0
1767744000,239.61,245.29,239.52,241.56,42236530.0
1767830400,243.06,246.41,241.88,246.29,39509840.0
1767916800,244.568,247.86,242.24,247.38,34559960.0
1768176000,246.73,248.94,245.96,246.47,35867770.0
1768262400,246.53,247.66,240.25,242.6,38371780.0
1768348800,241.15,241.28,236.22,236.65,41410580.0
1768435200,239.31,240.65,236.63,238.18,43003570.0
1768521600,239.085,239.57,236.41,239.12,45888280.0
1768867200,233.76,235.09,229.34,231.0,47737850.0
1768953600,231.085,232.3,226.88,231.31,47276090.0
1769040000,234.045,235.72,230.9,234.34,31913330.0
1769126400,234.955,240.45,234.57,239.16,33778480.0
1769385600,239.98,240.95,237.54,238.42,32825530.0
1769472000,239.685,244.88,238.08,244.68,38029220.0
1769558400,246.365,247.775,241.53,243.01,40882660.0
1769644800,242.82,243.0,236.742,241.73,47229640.0
1769731200,239.89,243.315,237.64,239.3,46585020.0
1769990400,238.31,245.6299,238.17,242.96,37546100.0
1770076800,244.975,246.35,235.45,238.62,53831300.0
1770163200,238.86,238.86,231.82,232.99,51299950.0
1770249600,224.91,226.31,220.38,222.69,103509200.0
1770336000,202.7,211.44,200.31,210.32,179210900.0
1770595200,208.97,212.81,203.35,208.72,91178440.0
1770681600,208.795,212.6499,206.411,206.96,67175030.0
1770768000,208.06,208.57,202.49,204.08,65545460.0
1770854400,203.96,203.96,197.56,199.6,83975390.0
1770940800,198.88,201.16,197.275,198.79,66321590.0
1771286400,198.125,201.7362,196.0,201.15,69879200.0
1771372800,202.07,206.86,201.51,204.79,51003300.0
1771459200,203.8,205.6396,202.81,204.86,35669610.0
1771545600,204.76,211.17,203.75,210.11,65881610.0
1771804800,208.095,208.43,203.11,205.27,53581510.0
1771891200,205.47,210.36,203.25,208.56,41137160.0
1771977600,210.46,211.59,208.93,210.64,41346380.0
1772064000,210.73,211.05,205.345,207.92,47756770.0
1772150400,206.83,210.33,205.2,210.0,57422780.0
1772409600,204.55,209.73,203.46,208.39,46001010.0
1772496000,203.1,209.178,202.48,208.73,43184920.0
1772582400,210.47,217.54,210.15,216.82,54731100.0
1772668800,215.98,220.47,215.59,218.94,60943450.0
1772755200,214.99,217.32,212.53,213.21,51152720.0
1773014400,210.45,213.82,207.11,213.49,54642930.0
1773100800,214.19,215.65,212.43,214.33,35678830.0
1773187200,215.705,217.0,211.35,212.65,34199300.0
1773273600,210.39,211.71,208.15,209.53,44349500.0
1773360000,209.605,210.56,206.22,207.67,35662140.0
1773619200,208.35,212.724,207.445,211.74,42209320.0
1773705600,212.82,215.7,212.43,215.2,44969940.0
1773792000,213.925,215.1401,208.825,209.87,37846640.0
1773878400,207.06,209.12,206.05,208.76,36440620.0
1773964800,207.4,207.54,204.316,205.37,63694600.0
1774224000,209.79,212.8,209.51,210.14,44277360.0
1774310400,207.95,209.35,206.64,207.24,35351430.0
1774396800,211.56,213.07,209.9,211.71,36388790.0
1774483200,210.61,212.885,207.12,207.54,46745980.0
1774569600,206.455,206.6,199.14,199.34,56009760.0
1774828800,201.48,203.8,199.9802,200.95,46373800.0
1774915200,204.845,210.28,204.14,208.27,58470080.0
1775001600,210.435,213.58,208.19,210.57,45955400.0
1775088000,206.54,212.2125,204.9,209.77,31453040.0
1775433600,209.795,212.95,209.59,212.79,25385500.0
1775520000,211.24,213.97,209.075,213.77,28154560.0
1775606400,223.79,226.1,219.62,221.25,51092700.0
1775692800,225.232,233.8,223.27,233.65,65964170.0
1775779200,235.295,240.43,235.21,238.38,56912840.0
1776038400,237.45,240.0,235.75,239.89,42166150.0
1776124800,241.78,252.18,241.78,249.02,72685030.0
1776211200,249.25,250.44,247.2,248.5,43045160.0
1776297600,248.51,250.0,244.2,249.7,41895710.0
1776384000,254.985,256.18,250.11,250.56,52029290.0
1776643200,249.19,250.18,245.365,248.28,39463110.0
1776729600,255.09,255.09,249.1,249.91,42922400.0
1776816000,252.44,255.94,250.33,255.36,36065070.0
1776902400,255.39,258.79,253.07,255.08,39091390.0
1776988800,259.98,264.5,257.685,263.99,53777350.0
1777248000,263.46,264.15,260.34,261.12,44906840.0
1777334400,258.39,261.03,256.63,259.7,42204450.0
1777420800,257.99,265.91,257.7,263.04,72367910.0
1777507200,273.17,273.88,256.16,265.06,100974900.0
1777593600,265.58,273.315,262.74,268.26,50825230.0
1777852800,268.795,276.1,268.795,272.05,49083730.0
1777939200,276.075,278.56,272.38,273.55,41908530.0
1778025600,272.89,277.8,272.2076,274.99,44551960.0
1778112000,275.02,276.63,270.49,271.17,35892880.0
1778198400,271.63,274.0,269.95,272.68,34732680.0
1778457600,269.835,273.63,268.48,268.99,38176700.0
1778544000,266.71,267.65,262.63,265.82,36776220.0
1778630400,264.43,270.72,263.2,270.13,39670920.0
1778716800,269.15,270.7799,266.63,267.22,31338440.0
1778803200,262.5,264.355,260.8901,264.14,40770340.0
1779062400,263.865,268.85,262.53,264.86,33690790.0
1779148800,262.04,262.25,255.19,259.34,40340700.0
1779235200,260.05,265.58,259.533,265.01,34933150.0
1779321600,263.5,269.4899,261.37,268.46,36591740.0
1779408000,268.655,269.785,266.235,266.32,27535530.0
1779753600,267.94,269.3,262.07,265.29,38028120.0
1779840000,266.15,272.41,265.7001,271.85,40061860.0
1779926400,272.27,274.5,267.44,274.0,40630390.0
1780012800,271.29,274.75,269.64,270.64,54749560.0
1780272000,266.285,266.63,260.7,261.26,53604380.0
1780358400,257.16,261.2025,254.37,256.52,41810980.0
1780444800,254.7,257.09,247.71,250.02,51394190.0
1780531200,253.12,255.83,251.75,253.79,35609770.0
1780617600,254.255,256.38,245.78,246.03,55607840.0
1780876800,246.68,249.42,243.36,245.22,33899530.0
1780963200,247.73,250.43,240.4,244.19,44425360.0
1781049600,243.605,244.065,237.45,238.0,38590240.0
1781136000,237.93,242.14,235.18,241.51,41335400.0
1781222400,243.21,243.36,233.59,238.55,51251140.0
1781481600,245.02,247.805,244.73,246.02,41711580.0
1781568000,248.0,249.51,245.4511,246.0,35187410.0
1781654400,244.9,245.91,236.0,237.5,44780770.0
1781740800,240.12,245.73,236.02,244.39,75624420.0
1782086400,240.08,242.0,232.24,232.79,68388530.0
1782172800,232.55,236.87,232.0,234.11,60492560.0
1782259200,233.845,242.4199,232.95,234.27,70282580.0
1782345600,232.02,232.32,225.55,227.01,77858480.0
1782432000,227.205,233.9,226.125,232.69,248372100.0
1782691200,234.215,249.71,233.8,240.14,77619230.0
1782777600,237.35,241.54,237.171,238.34,66228260.0
1782864000,239.75,244.9,234.9,241.7,53829850.0
1782950400,241.605,246.72,241.08,242.67,48298140.0
1783296000,243.795,246.04,240.88,244.16,40044030.0
1783382400,246.975,248.93,242.7,245.98,40579600.0
1783468800,244.27,244.8,240.52,243.62,29653040.0
1783555200,239.82,247.5,238.25,247.04,38091690.0
1783641600,249.55,251.03,244.41,245.34,31654000.0
1783900800,244.68,249.65,244.18,247.31,34636090.0
1783987200,245.55,248.56,243.8,247.49,30108050.0
1784073600,249.75,256.48,249.75,254.96,45240620.0
1784160000,255.12,258.0825,248.0,249.89,45343710.0
1784246400,244.46,250.24,243.59,247.23,43572360.0
1784505600,248.76,252.89,248.0,249.99,32406480.0
1784592000,249.105,249.34,246.42,247.55,27732060.0
1784678400,248.265,248.45,242.45,244.85,34112730.0
1784764800,236.26,238.3499,232.0516,233.66,47465340.0
1784851200,234.38,234.95,231.34,232.11,35017360.0
1785110400,235.665,235.89,230.99,231.39,34999500.0
1785196800,232.85,233.11,228.1,230.86,44521600.0
1785283200,229.315,232.82,226.16,226.65,44957520.0
1785369600,233.35,239.8236,231.06,235.5,101839800.0
1785456000,265.0,273.23,262.01,271.58,129054800.0
1785715200,278.29,287.2,278.0,284.02,90830220.0
1785801600,276.06,281.07,275.82,277.42,69748060.0
1785888000,281.59,282.79,270.73,272.65,45119800.0
1785974400,272.765,275.48,271.061,272.26,30672900.0
1786060800,272.87,278.31,272.75,274.48,33861440.0
1786320000,274.01,280.14,273.6001,278.09,35731910.0
1786406400,278.69,278.84,271.36,272.27,31895710.0
1786492800,273.18,273.46,267.1,267.28,29941090.0
1786579200,267.235,269.58,264.705,265.13,32170150.0
1786665600,264.875,265.81,262.42,262.65,27251660.0
1786924800,265.44,265.75,258.339,261.31,43896520.0
1787011200,260.63,262.18,257.73,259.45,33171260.0
1787097600,260.845,266.4,258.58,265.84,35762440.0
1787184000,263.16,263.84,259.52,260.11,28374100.0
1787270400,260.74,261.09,257.035,258.63,35722960.0
1787529600,259.6,263.32,259.05,262.07,28070480.0
1787616000,262.51,263.89,259.83,261.06,25550210.0
1787702400,261.275,262.05,258.24,260.28,21528370.0
1787788800,259.23,259.66,255.02,256.26,35927810.0
1787875200,258.32,267.56,257.78,266.43,49547430.0
1788134400,263.825,264.36,257.12,259.77,46089420.0
1788220800,254.83,255.82,251.93,254.92,31700060.0
1788307200,254.255,256.24,253.4,254.98,24013330.0
1788393600,256.2,259.5,256.0,258.9,26891530.0
1788480000,259.07,261.12,255.29,258.51,30749910.0
1788825600,256.675,257.99,254.75,256.97,29397990.0
1788912000,253.12,254.69,250.65,252.4,33055490.0
1788998400,250.11,253.15,249.58,251.89,25484810.0
1789084800,254.09,257.59,253.14,256.78,26724120.0
1789344000,253.15,255.95,250.74,253.54,34352770.0
1789430400,252.24,253.27,247.22,248.42,36275440.0
1789516800,248.1,249.26,244.3,245.96,33488490.0
1789603200,251.065,252.73,249.24,251.19,30438790.0
1789689600,252.92,255.43,251.88,253.71,52274710.0
1789948800,256.4,259.49,253.6,258.45,42979410.0
1790035200,255.11,259.0,253.78,254.98,41982570.0
1790121600,253.0,253.99,247.76,249.27,44209160.0
1790208000,246.02,250.43,245.6,249.38,33040050.0
