timestamp,open,high,low,close,volume
1474848000,131.07,131.58,130.43,130.57,2219881.0
1474934400,130.29,131.74,129.86,131.32,1935927.0
1475020800,131.59,132.36,130.59,132.23,1765142.0
1475107200,131.8,132.78,130.68,131.03,2194719.0
1475193600,132.09,132.63,131.2701,131.74,3117139.0
1475452800,131.28,132.72,130.74,132.38,2433549.0
1475539200,132.77,133.2313,131.69,132.25,2829188.0
1475625600,132.93,134.9,132.55,134.66,3123091.0
1475712000,134.83,135.0,133.68,134.42,3614719.0
1475798400,133.93,134.66,132.54,133.85,4298936.0
1476057600,134.589,136.87,134.589,135.84,3323693.0
1476144000,134.94,135.69,133.27,133.74,3598352.0
1476230400,133.76,134.28,133.0,133.16,2259946.0
1476316800,132.42,133.93,131.39,133.38,3544188.0
1476403200,134.56,135.25,133.48,133.5,2317425.0
1476662400,133.5,135.38,133.33,134.0,2433047.0
1476748800,135.03,135.74,134.915,135.1,2263510.0
1476835200,135.42,136.95,135.33,136.18,2258687.0
1476921600,135.92,136.75,135.37,135.84,2537537.0
1477008000,134.72,136.19,134.25,135.63,2205770.0
1477267200,136.41,138.88,136.41,137.45,3814094.0
1477353600,137.53,139.42,137.35,139.02,5188095.0
1477440000,138.43,146.19,136.72,145.54,13266030.0
1477526400,145.83,146.23,141.78,143.31,7854308.0
1477612800,143.72,144.0,142.1745,143.01,4633862.0
1477872000,143.05,143.35,142.15,142.43,3073183.0
1477958400,142.95,143.9,141.81,142.41,3244187.0
1478044800,142.0,142.87,140.59,140.75,2774119.0
1478131200,140.76,140.895,139.35,140.02,2277503.0
1478217600,139.11,140.85,138.8038,139.54,2947947.0
1478476800,141.5,143.1,141.49,143.03,3212041.0
1478563200,141.92,143.31,141.2924,142.2,2819002.0
1478649600,141.6,145.85,141.54,145.09,5480038.0
1478736000,146.51,149.34,146.39,147.69,6497353.0
1478822400,147.12,148.6,146.56,148.52,3585161.0
1479081600,148.21,150.09,148.21,149.99,4470393.0
1479168000,148.44,149.45,147.19,148.11,3850709.0
1479254400,147.3,148.41,146.14,146.44,3553477.0
1479340800,146.83,147.12,145.0,145.33,3650989.0
1479427200,145.18,146.6,144.46,146.35,2208242.0
1479686400,147.21,148.49,146.52,147.02,2822038.0
1479772800,147.9,149.76,147.88,149.52,3770002.0
1479859200,149.61,150.81,149.03,149.74,3070099.0
1480032000,150.0,150.15,149.03,150.04,962387.0
1480291200,149.0,150.09,148.315,149.77,4723995.0
1480377600,149.83,152.11,149.11,151.64,3944717.0
1480464000,151.59,153.08,150.56,150.56,3990972.0
1480550400,150.74,152.69,150.39,152.39,2843768.0
1480636800,152.45,152.49,151.12,152.25,2105269.0
1480896000,153.24,153.75,151.85,152.16,2855910.0
1480982400,150.84,152.64,150.02,152.24,3471149.0
1481068800,151.67,154.31,151.0701,154.14,2955613.0
1481155200,154.6,155.97,154.14,155.39,2928360.0
1481241600,155.65,156.875,155.42,156.49,2705724.0
1481500800,156.0,158.0,154.3,157.16,4243577.0
1481587200,159.1,160.07,154.88,156.66,5608181.0
1481673600,156.23,156.37,154.18,154.47,3640203.0
1481760000,153.93,155.24,153.06,153.77,2888630.0
1481846400,153.88,156.0,153.14,154.5,5885499.0
1482105600,155.16,157.1,155.07,156.18,3002030.0
1482192000,156.96,157.89,155.95,156.39,2270038.0
1482278400,156.688,158.5,156.65,157.48,2326254.0
1482364800,158.5,158.99,156.25,157.46,3952153.0
1482451200,158.27,158.27,156.51,157.81,2135522.0
1482796800,158.41,158.48,156.91,157.48,1858123.0
1482883200,157.12,157.35,156.01,156.1,1787339.0
1482969600,156.0,156.75,155.16,155.69,1803554.0
1483056000,156.49,156.79,154.96,155.68,2028160.0
1483401600,156.3,157.14,155.21,156.97,3426120.0
1483488000,157.81,159.2299,157.81,158.62,3189794.0
1483574400,158.41,159.7,157.401,158.71,2794382.0
1483660800,158.98,159.66,157.89,159.1,2426426.0
1483920000,159.0,159.24,158.17,158.32,2838588.0
1484006400,158.96,159.94,158.57,159.07,2988300.0
1484092800,159.54,159.7,158.28,159.4,2416186.0
1484179200,159.15,159.16,156.67,158.29,3020284.0
1484265600,158.74,159.58,158.34,158.83,2435341.0
1484611200,158.2,159.04,157.23,157.67,2758738.0
1484697600,157.55,159.05,156.75,158.32,2087279.0
1484784000,158.87,159.87,157.91,159.0,3142913.0
1484870400,159.81,160.3,158.23,159.53,3342968.0
1485129600,158.94,159.5,157.29,157.84,3929223.0
1485216000,158.58,160.93,157.84,160.55,3925050.0
1485302400,163.59,168.65,163.24,167.36,7474936.0
1485388800,167.25,170.0,167.25,169.12,5436521.0
1485475200,169.21,169.8,167.01,167.7,4882806.0
1485734400,165.92,165.99,163.82,165.57,5456012.0
1485820800,164.96,165.1,163.22,163.42,5349856.0
1485907200,164.25,165.81,163.12,163.97,3086405.0
1485993600,163.22,163.97,160.82,162.26,3791155.0
1486080000,162.99,163.56,162.31,162.4,2981662.0
1486339200,162.42,164.08,162.38,163.98,3109479.0
1486425600,165.0,167.4199,164.8725,166.5,4242852.0
1486512000,165.0,165.24,163.69,163.81,3037704.0
1486598400,164.67,165.086,164.06,164.28,3450033.0
1486684800,165.25,166.45,164.47,166.23,2689614.0
1486944000,166.45,169.07,166.35,168.03,3764883.0
1487030400,167.7,168.8,167.22,168.5,2580274.0
1487116800,168.42,169.95,168.35,169.3,4033028.0
1487203200,169.64,170.81,168.75,170.81,3069936.0
1487289600,170.41,173.25,170.4,172.71,4906994.0
1487635200,173.92,176.17,173.68,175.56,4231404.0
1487721600,174.98,175.75,174.01,175.36,2831625.0
1487808000,175.97,177.0,175.7,176.86,3501210.0
1487894400,176.75,178.8,176.1,177.44,4196989.0
1488153600,178.0,179.8839,177.55,179.43,2855866.0
1488240000,180.34,181.93,179.67,180.23,4784708.0
1488326400,181.85,184.8,181.82,183.91,5459363.0
1488412800,184.0,185.71,182.97,182.99,4905642.0
1488499200,183.04,183.58,181.45,182.18,3927610.0
1488758400,181.4,182.3,180.43,180.93,4241362.0
1488844800,180.64,182.84,180.6209,182.02,2451938.0
1488931200,182.4,182.694,181.49,181.74,2321027.0
1489017600,181.43,182.59,179.58,180.57,3100213.0
1489104000,181.9,181.97,177.92,178.7,4595366.0
1489363200,177.16,179.19,177.07,179.05,3350782.0
1489449600,178.54,179.69,177.71,178.73,2346602.0
1489536000,179.0,179.24,177.97,178.71,3568221.0
1489622400,179.82,180.0,177.64,178.19,3100630.0
1489708800,178.31,180.3835,178.17,180.1,5032227.0
1489968000,180.1,180.15,179.14,179.39,2062211.0
1490054400,179.99,180.25,175.5,175.96,3238017.0
1490140800,175.96,177.1,175.5,176.98,2427758.0
1490227200,177.34,177.85,176.59,177.26,2005879.0
1490313600,176.85,177.53,174.7687,175.82,2384840.0
1490572800,174.37,176.44,173.75,176.1,2748899.0
1490659200,176.29,177.683,175.0,177.36,2412396.0
1490745600,177.4,177.99,176.97,177.63,1640597.0
1490832000,177.25,178.49,177.22,177.98,1691838.0
1490918400,178.02,178.18,176.81,176.86,2031017.0
1491177600,177.08,177.73,175.5,176.65,2933651.0
1491264000,176.88,178.79,176.76,178.7,2326290.0
1491350400,179.0,180.18,176.89,177.08,2408204.0
1491436800,177.56,178.22,177.12,177.37,2343747.0
1491523200,178.39,179.09,177.26,178.85,2806723.0
1491782400,179.0,179.97,177.48,177.56,2308395.0
1491868800,177.5,178.6,176.96,178.57,2264571.0
1491955200,178.25,178.25,175.94,176.05,2922244.0
1492041600,175.74,176.88,175.5639,175.62,2022561.0
1492387200,175.84,179.08,175.65,179.02,2448819.0
1492473600,178.59,179.97,177.12,177.85,2957457.0
1492560000,178.47,179.9,178.16,178.4,2123429.0
1492646400,178.74,179.82,178.346,179.3,2335069.0
1492732800,179.42,180.93,179.42,180.38,3145565.0
1492992000,181.75,182.46,181.61,182.06,3141433.0
1493078400,182.53,183.85,182.53,183.51,3733015.0
1493164800,182.31,183.0,180.11,181.71,4469519.0
1493251200,182.59,183.76,182.59,183.22,3128920.0
1493337600,183.42,184.93,183.02,184.83,2181150.0
1493596800,184.23,184.485,181.8,182.39,3516552.0
1493683200,182.54,183.91,182.53,183.44,1973495.0
1493769600,183.45,183.75,182.25,183.39,2983240.0
1493856000,183.33,184.25,182.18,183.07,2289267.0
1493942400,183.16,185.07,183.16,185.01,2631503.0
1494201600,185.38,186.39,185.0,186.02,1963459.0
1494288000,186.11,187.205,186.05,186.91,3003475.0
1494374400,185.14,185.65,178.18,183.18,7056125.0
1494460800,182.9,184.33,182.17,183.94,2883659.0
1494547200,183.71,183.98,182.63,183.25,3478823.0
1494806400,183.3,184.11,182.28,182.39,3350676.0
1494892800,182.73,183.15,182.04,182.7,2154722.0
1494979200,181.39,181.52,178.68,178.78,2533084.0
1495065600,178.48,178.5,175.471,177.4,3117757.0
1495152000,177.73,181.42,176.77,180.76,4037308.0
1495411200,183.78,185.32,182.52,183.67,2942367.0
1495497600,184.0,184.46,182.86,183.49,2122060.0
1495584000,183.46,185.4,183.46,185.25,2425232.0
1495670400,185.63,187.42,185.59,187.07,2362926.0
1495756800,186.73,187.605,186.27,186.59,1735778.0
1496102400,186.76,187.42,186.19,186.88,2231546.0
1496188800,187.37,188.26,186.72,187.63,5187447.0
1496275200,187.41,187.91,184.53,187.32,2870228.0
1496361600,187.82,191.7,187.6499,190.23,3034037.0
1496620800,190.07,190.74,188.81,188.95,2520897.0
1496707200,188.41,188.86,186.685,186.75,2724508.0
1496793600,186.85,188.54,186.3926,188.1,2383898.0
1496880000,188.1,191.07,187.7,189.93,2331452.0
1496966400,190.0,190.99,189.25,190.03,3342967.0
1497225600,190.3,190.53,188.05,190.0,2728148.0
1497312000,190.05,191.56,189.35,191.09,1882651.0
1497398400,191.05,193.38,190.819,192.38,2205947.0
1497484800,191.43,195.55,191.37,195.45,2892287.0
1497571200,196.01,197.95,195.81,196.44,6937002.0
1497830400,197.88,199.47,197.0,199.08,2630547.0
1497916800,198.75,201.24,198.31,198.33,3075601.0
1498003200,199.58,199.71,197.56,199.17,3150582.0
1498089600,199.25,200.409,199.18,199.44,3339133.0
1498176000,199.26,202.35,198.68,202.23,4226472.0
1498435200,202.77,204.39,199.94,199.98,3076230.0
1498521600,199.8,200.92,198.89,198.89,2295378.0
1498608000,199.5,200.95,199.3,199.62,2096487.0
1498694400,199.62,199.755,196.45,197.46,2428591.0
1498780800,198.5,199.44,197.3901,197.75,2223370.0
1499040000,198.07,199.44,197.75,198.59,1511163.0
1499212800,199.3,202.14,198.86,201.81,2716559.0
1499299200,201.64,202.49,200.78,201.48,2737400.0
1499385600,202.24,203.28,201.26,202.37,3040504.0
1499644800,202.32,204.58,202.19,203.96,2701425.0
1499731200,204.0,206.66,204.0,206.27,2815414.0
1499817600,206.95,208.61,206.32,206.44,2816423.0
1499904000,206.8,207.0,205.35,206.23,1939569.0
1499990400,206.798,208.73,206.74,208.51,3226649.0
1500249600,208.73,209.72,208.56,209.0,2415540.0
1500336000,209.11,209.19,207.53,208.24,1942969.0
1500422400,209.43,210.93,208.99,210.88,2255980.0
1500508800,211.1,211.25,209.9189,210.28,2223170.0
1500595200,209.99,212.2014,209.41,212.14,2097590.0
1500854400,212.0,212.64,211.4,212.18,2389934.0
1500940800,213.22,214.0,211.95,212.46,2880944.0
1501027200,223.48,233.98,223.02,233.45,14131480.0
1501113600,237.13,242.68,236.7,241.0,10857850.0
1501200000,240.82,242.0,238.55,241.27,4520185.0
1501459200,241.85,246.49,241.82,242.46,5775274.0
1501545600,243.38,243.991,239.155,239.44,5009527.0
1501632000,239.06,241.56,237.88,237.95,5117906.0
1501718400,237.06,239.59,236.04,238.25,5111211.0
1501804800,238.58,239.73,236.38,237.71,5590241.0
1502064000,237.6,241.43,237.21,240.23,3673637.0
1502150400,239.91,240.52,238.93,239.5,4870352.0
1502236800,238.01,238.7,234.1,234.31,5676259.0
1502323200,234.03,236.16,231.91,232.88,6814444.0
1502409600,232.76,235.4,230.94,234.88,3461261.0
1502668800,236.01,237.48,235.72,237.15,2953402.0
1502755200,237.21,239.64,236.01,239.17,2843823.0
1502841600,239.7,240.26,237.41,237.59,3011614.0
1502928000,237.38,237.6,235.25,235.59,2768865.0
1503014400,235.0,237.26,234.5664,235.77,2939208.0
1503273600,235.77,236.94,234.35,235.68,2530426.0
1503360000,236.16,239.89,236.11,239.75,2911938.0
1503446400,239.36,239.36,237.19,238.09,2523979.0
1503532800,238.52,238.9,236.6,238.74,2551680.0
1503619200,239.0,239.09,235.6,235.89,2269830.0
1503878400,236.22,237.5547,234.611,237.18,2392980.0
1503964800,237.21,241.17,236.08,240.49,3535453.0
1504051200,240.99,241.44,239.0,240.46,2800495.0
1504137600,241.0,241.1,238.41,239.66,3075505.0
1504224000,239.66,242.53,239.17,240.33,3270755.0
1504569600,240.3,240.36,236.23,237.0,3867605.0
1504656000,237.53,237.8564,234.34,234.62,4251746.0
1504742400,234.75,236.54,234.29,236.31,2994236.0
1504828800,235.75,239.39,235.21,238.78,3380919.0
1505088000,239.5,241.85,239.31,240.59,3628098.0
1505174400,240.59,241.7074,238.95,240.58,2703193.0
1505260800,240.0,243.48,237.09,241.93,4528175.0
1505347200,243.0,245.61,242.5,245.23,4987953.0
1505433600,247.36,249.95,246.21,249.0,9025568.0
1505692800,249.97,253.7875,248.91,253.08,5192263.0
1505779200,253.08,255.17,251.631,252.46,4123590.0
1505865600,253.26,256.6924,252.25,255.46,3758746.0
1505952000,256.13,256.99,254.4239,256.04,2784736.0
1506038400,256.31,259.3,256.13,256.45,3473959.0
1506297600,256.97,256.97,251.5,254.32,3478883.0
1506384000,254.6,256.48,253.54,253.7,2172891.0
1506470400,255.27,258.77,253.971,255.28,3817234.0
1506556800,254.11,255.8,251.17,254.27,2585423.0
1506643200,253.85,255.26,252.591,254.21,2509426.0
1506902400,254.65,255.99,253.5301,255.99,2684720.0
1506988800,255.99,258.26,254.69,255.46,3163337.0
1507075200,256.12,257.13,254.07,255.76,3030643.0
1507161600,255.28,258.99,254.78,258.89,3938280.0
1507248000,258.0,258.9018,257.06,258.58,2639170.0
1507507200,259.0,259.0,257.11,258.39,2146525.0
1507593600,259.74,261.06,257.2,260.93,2739318.0
1507680000,261.32,261.65,259.02,261.44,2890149.0
1507766400,260.95,262.98,260.0,261.91,2605662.0
1507852800,262.9,263.79,260.74,260.74,2243790.0
1508112000,261.5,262.0,259.69,259.75,1805051.0
1508198400,256.49,259.05,256.26,258.62,2515783.0
1508284800,258.47,260.73,256.66,260.04,2051401.0
1508371200,258.98,259.1,256.03,259.04,2588847.0
1508457600,260.36,264.8272,259.44,264.75,3953877.0
1508716800,265.13,265.98,262.14,262.32,3301542.0
1508803200,263.24,267.21,263.24,266.0,4383105.0
1508889600,264.78,266.0,254.5,258.42,7889109.0
1508976000,259.72,261.44,257.31,259.27,3418484.0
1509062400,258.26,259.4994,255.8,256.46,2895977.0
1509321600,255.45,260.41,255.33,259.25,3025786.0
1509408000,259.34,259.93,257.47,257.98,2717950.0
1509494400,258.29,259.41,256.24,258.5,2922459.0
1509580800,258.31,263.24,258.0,262.63,2528412.0
1509667200,262.42,263.79,260.08,261.75,2610731.0
1509926400,262.62,265.84,262.5327,264.07,2909658.0
1510012800,264.07,267.28,264.07,266.13,3205211.0
1510099200,266.14,267.62,265.29,265.57,2841437.0
1510185600,265.01,266.75,259.5626,262.7,3215436.0
1510272000,262.11,262.5,259.6,260.85,1740256.0
1510531200,261.67,263.36,260.49,262.42,2604814.0
1510617600,262.0,262.4,260.2,261.76,2357955.0
1510704000,261.42,264.77,260.15,262.86,2438109.0
1510790400,263.76,265.04,263.34,263.7,2710123.0
1510876800,262.82,263.74,262.03,262.26,1724560.0
1511136000,263.0,265.6189,262.76,264.63,2445462.0
1511222400,266.24,267.0,264.71,266.99,2266701.0
1511308800,267.0,267.48,264.53,265.15,1470604.0
1511481600,265.26,266.57,264.5304,265.88,788957.0
1511740800,265.38,266.84,264.72,265.58,1771555.0
1511827200,267.0,268.01,265.23,267.99,2261312.0
1511913600,269.48,269.6807,266.15,269.3,3025834.0
1512000000,269.91,277.04,269.43,276.8,4795356.0
1512086400,277.51,278.73,270.6,271.38,4545199.0
1512345600,276.16,281.83,276.0,277.97,5520784.0
1512432000,279.01,279.44,274.86,275.54,2803986.0
1512518400,274.87,279.14,274.0046,278.27,2536219.0
1512604800,278.49,284.79,277.8,281.97,4256193.0
1512691200,285.01,287.32,283.56,285.9,4347012.0
1512950400,286.21,286.49,279.9,283.16,3950368.0
1513036800,288.16,292.8,287.72,289.94,5355664.0
1513123200,290.5,295.85,289.7,291.84,5001453.0
1513209600,293.35,296.82,292.6,293.88,3878413.0
1513296000,295.87,297.37,293.02,293.94,6932257.0
1513555200,296.0,297.14,294.52,296.14,2884082.0
1513641600,296.5,297.58,294.1809,297.25,2679722.0
1513728000,298.7,299.33,297.11,297.9,2531576.0
1513814400,298.05,298.3852,294.1301,295.03,5394981.0
1513900800,296.33,296.52,293.01,295.1,2256152.0
1514246400,295.54,297.44,294.65,295.36,1394355.0
1514332800,296.41,296.8,294.8,295.62,1447351.0
1514419200,295.81,296.99,294.74,296.35,1436543.0
1514505600,296.94,297.3,294.83,294.91,1823986.0
1514851200,295.75,296.99,295.396,296.84,2976271.0
1514937600,295.94,298.5,295.47,297.8,3196643.0
1515024000,297.94,298.42,295.47,296.67,4157159.0
1515110400,296.77,308.89,296.72,308.84,6064058.0
1515369600,308.66,310.86,305.75,310.15,4104437.0
1515456000,310.59,319.91,310.49,318.43,5615900.0
1515542400,317.49,322.15,315.5,320.26,4478246.0
1515628800,322.13,328.4,321.19,328.12,4632021.0
1515715200,330.38,336.88,330.38,336.21,6544292.0
1516060800,339.9,347.73,331.33,335.16,11835070.0
1516147200,337.73,352.23,336.41,351.01,9690493.0
1516233600,350.7,350.83,339.15,340.16,9427356.0
1516320000,341.67,344.0,335.75,337.73,7252446.0
1516579200,335.29,341.3812,332.04,338.0,6787620.0
1516665600,338.34,338.94,334.81,335.59,4532553.0
1516752000,336.2,338.99,334.14,334.69,4200989.0
1516838400,336.21,343.615,335.3,343.11,4741952.0
1516924800,344.33,345.98,341.25,343.22,5214253.0
1517184000,341.23,344.48,340.1,340.82,3321718.0
1517270400,339.17,339.98,334.16,337.71,4974322.0
1517356800,360.5,360.97,351.62,354.37,11399570.0
1517443200,352.95,361.45,352.04,356.94,6055108.0
1517529600,354.0,355.199,348.7,348.91,5473968.0
1517788800,342.67,350.0,317.39,328.88,10424830.0
1517875200,320.0,341.67,317.65,340.91,11924300.0
1517961600,340.52,353.59,339.87,348.12,7934893.0
1518048000,348.0,349.0,329.4,329.66,8281743.0
1518134400,333.55,337.81,319.25,332.83,8827638.0
1518393600,336.57,347.75,335.13,343.8,6881077.0
1518480000,340.45,347.8799,340.29,343.16,4024762.0
1518566400,341.34,347.43,341.17,344.85,4336965.0
1518652800,348.47,356.55,348.05,356.46,5819250.0
1518739200,356.59,359.5,353.5101,355.04,5210265.0
1519084800,352.0,357.79,351.4,353.35,4301950.0
1519171200,352.56,360.81,351.75,352.37,5251709.0
1519257600,354.65,358.07,352.64,355.92,3412341.0
1519344000,358.18,358.77,353.0668,356.66,3346899.0
1519603200,359.5,364.05,358.2123,363.48,4143015.0
1519689600,364.6,369.89,363.3,364.64,4766124.0
1519776000,366.8,371.6,362.21,362.21,5455726.0
1519862400,362.33,362.74,346.4,349.69,8972751.0
1519948800,341.82,346.09,335.3,344.67,9988212.0
1520208000,338.0,354.77,336.61,352.75,8125430.0
1520294400,354.24,355.21,346.0219,348.92,4826033.0
1520380800,341.52,348.4093,339.5,347.04,4574233.0
1520467200,349.51,352.5,343.95,348.73,4261828.0
1520553600,352.65,354.89,350.23,354.52,3535614.0
1520812800,355.2,355.23,343.26,344.19,6040146.0
1520899200,345.32,347.88,337.61,338.67,5436636.0
1520985600,339.792,340.524,322.3,330.26,13051190.0
1521072000,332.3,332.92,322.91,329.98,8763496.0
1521158400,329.82,330.83,325.63,330.47,9321639.0
1521417600,327.45,333.33,326.78,331.76,5812357.0
1521504000,331.84,339.7,331.0,337.63,6359953.0
1521590400,337.07,341.91,335.17,337.1,4052436.0
1521676800,330.11,332.68,319.01,319.61,7222773.0
1521763200,320.15,331.14,318.3216,321.0,7210169.0
1522022400,330.48,331.9399,323.59,328.97,5222154.0
1522108800,331.51,334.88,319.0,321.12,5338417.0
1522195200,321.85,323.24,311.17,320.02,5476566.0
1522281600,323.38,330.48,322.0,327.88,3617520.0
1522627200,325.2,329.9419,317.17,322.44,4996798.0
1522713600,324.76,331.1,323.09,330.82,4778770.0
1522800000,312.3,327.81,311.88,327.44,8229987.0
1522886400,330.59,338.9599,330.26,336.4,6154232.0
1522972800,330.61,334.59,322.21,326.12,5709974.0
1523232000,332.25,334.88,322.05,322.48,4921469.0
1523318400,331.35,336.69,329.55,334.83,5575099.0
1523404800,331.6,337.57,326.31,327.36,4564945.0
1523491200,331.98,338.35,330.46,337.48,4311062.0
1523577600,338.99,339.67,326.6,329.28,4712670.0
1523836800,332.34,333.22,327.625,331.77,3899872.0
1523923200,334.73,339.74,333.65,336.72,3225156.0
1524009600,338.33,342.4,337.18,341.0,3116143.0
1524096000,340.19,342.41,337.5,340.64,2987452.0
1524182400,340.73,341.3959,335.05,338.67,3033101.0
1524441600,339.55,341.26,336.0,338.84,2739189.0
1524528000,343.17,347.67,323.28,329.06,7026363.0
1524614400,338.12,344.91,330.5201,342.86,11014130.0
1524700800,344.01,345.65,338.33,342.79,5260765.0
1524787200,341.25,342.92,337.77,340.88,3388692.0
1525046400,341.17,342.58,333.4,333.56,3716938.0
1525132800,332.5,333.91,324.18,329.54,4310585.0
1525219200,329.5,330.71,323.98,324.19,3422762.0
1525305600,322.97,332.6348,319.125,330.69,6378137.0
1525392000,328.04,335.89,328.04,334.43,3651950.0
1525651200,335.23,342.98,335.21,340.43,4186078.0
1525737600,339.77,341.939,336.61,338.37,4009011.0
1525824000,339.49,346.93,338.575,344.5,4342057.0
1525910400,343.99,348.57,342.41,344.07,3914762.0
1525996800,343.77,345.415,341.0515,342.46,2330466.0
1526256000,344.0,347.74,343.89,344.59,2519804.0
1526342400,343.0,343.85,340.2647,342.12,3007900.0
1526428800,342.0,343.56,340.3,340.97,2229185.0
1526515200,340.47,344.77,340.25,344.14,2465663.0
1526601600,345.6,352.05,345.19,351.23,4325050.0
1526860800,358.46,365.0,358.45,363.92,6779095.0
1526947200,364.0,364.85,354.52,355.02,5385737.0
1527033600,352.28,359.6,351.62,359.21,4495888.0
1527120000,358.45,360.66,354.37,359.0,3931000.0
1527206400,358.12,360.6,357.05,360.09,2462635.0
1527552000,357.71,360.97,350.66,352.48,4245490.0
1527638400,355.65,358.92,354.1025,358.19,2815541.0
1527724800,356.83,356.83,351.62,352.16,4403430.0
1527811200,355.79,358.15,354.46,356.72,2657040.0
1528070400,358.97,363.3855,358.85,360.73,2948178.0
1528156800,360.5,363.37,358.85,360.1,2566205.0
1528243200,362.46,371.6,360.99,371.56,4484638.0
1528329600,372.0,374.48,366.05,368.53,4371967.0
1528416000,368.14,371.42,365.46,369.5,3261688.0
1528675200,371.0,373.3299,368.8,370.94,2466870.0
1528761600,371.24,372.725,367.99,370.62,2433823.0
1528848000,370.67,371.0,363.29,363.85,3756729.0
1528934400,366.15,367.64,358.827,362.42,4032155.0
1529020800,358.15,361.66,353.47,357.88,9930993.0
1529280000,353.19,357.645,352.37,354.74,3346862.0
1529366400,347.17,347.17,338.5732,341.12,6835304.0
1529452800,346.0,346.98,340.46,342.69,4536269.0
1529539200,341.15,341.15,336.1952,337.66,3964530.0
1529625600,340.43,340.94,336.6,338.91,3282502.0
1529884800,332.52,333.85,327.6,331.2,5003821.0
1529971200,332.39,334.4,330.48,331.3,3110685.0
1530057600,334.85,341.42,329.76,329.82,4498043.0
1530144000,330.0,337.54,327.29,334.65,3345602.0
1530230400,337.19,340.0,335.36,335.51,3107267.0
1530489600,330.69,336.325,329.32,336.08,2820385.0
1530576000,338.18,339.6888,332.0,332.93,1464360.0
1530748800,336.15,337.28,329.1,333.18,2387469.0
1530835200,332.84,336.1,330.45,334.64,2105051.0
1531094400,337.5,343.04,336.51,341.92,3123019.0
1531180800,342.78,348.0,342.78,347.16,3263095.0
1531267200,341.73,344.39,339.19,340.6,3053466.0
1531353600,345.28,346.6,342.7374,346.03,2028855.0
1531440000,347.0,351.24,346.2,350.79,2264532.0
1531699200,353.97,356.34,352.35,356.1,2864623.0
1531785600,357.61,359.0,355.04,356.88,2728047.0
1531872000,359.0,361.86,354.2638,360.23,3087500.0
1531958400,357.69,359.39,355.26,355.33,2710215.0
1532044800,353.04,356.99,353.0,354.9,1815488.0
1532304000,355.0,355.0,352.39,353.27,1938806.0
1532390400,356.75,359.47,354.64,358.27,3164654.0
1532476800,351.52,356.3,345.5,355.92,7371575.0
1532563200,355.38,360.2,355.27,359.32,3189749.0
1532649600,361.06,364.54,359.474,360.65,2914579.0
1532908800,361.99,362.45,350.47,351.06,3078297.0
1532995200,354.38,359.0225,354.06,356.3,2724598.0
1533081600,354.09,357.9103,350.5,352.76,2717745.0
1533168000,348.62,350.73,346.03,349.73,2650875.0
1533254400,349.5,350.99,345.67,348.44,2284611.0
1533513600,347.37,347.37,343.12,346.57,3250806.0
1533600000,348.05,352.12,345.5,350.76,2267048.0
1533686400,350.5,351.62,346.25,347.78,2333140.0
1533772800,346.07,346.84,343.12,343.72,2300623.0
1533859200,341.0,341.0,336.45,339.41,2744300.0
1534118400,339.6,342.15,337.34,338.36,1876986.0
1534204800,339.12,340.15,337.62,339.14,2016477.0
1534291200,336.57,337.1433,328.03,331.76,3797918.0
1534377600,339.06,347.72,338.3,345.98,5863385.0
1534464000,346.0,348.5,341.67,346.4,3055989.0
1534723200,348.6,352.61,347.1,350.74,3013960.0
1534809600,351.0,354.45,349.63,353.77,2935620.0
1534896000,354.32,355.87,349.84,350.03,2681168.0
1534982400,349.15,350.28,345.4628,347.48,1832520.0
1535068800,348.77,350.63,348.1,349.38,1954065.0
1535328000,352.11,355.0,351.01,353.74,2279438.0
1535414400,355.0,355.68,350.61,351.21,2453010.0
1535500800,352.26,352.35,349.21,350.19,1834295.0
1535587200,350.35,350.95,345.7501,346.9,3251314.0
1535673600,345.05,345.85,341.58,342.79,3440034.0
1536019200,341.6,346.32,339.28,346.25,2696263.0
1536105600,345.77,347.25,343.16,346.68,2957938.0
1536192000,347.55,353.35,346.58,351.27,3585206.0
1536278400,348.82,350.01,344.46,349.28,3918314.0
1536537600,349.49,350.75,341.68,341.86,3063818.0
1536624000,339.01,346.62,337.31,345.25,2730725.0
1536710400,345.0,355.04,344.605,353.41,4001481.0
1536796800,356.36,360.42,354.3,355.46,3157030.0
1536883200,356.44,362.26,356.1,359.8,2818710.0
1537142400,359.28,361.3,354.54,355.96,2548332.0
1537228800,357.3,365.81,356.1,363.58,3002323.0
1537315200,363.58,371.23,363.19,365.22,4752760.0
1537401600,368.74,371.73,365.67,367.46,4008063.0
1537488000,369.4,372.565,366.05,372.23,7084972.0
1537747200,371.0,371.8927,367.33,367.99,2798348.0
1537833600,369.08,370.46,366.88,367.23,2556447.0
1537920000,367.5,368.5601,364.32,365.03,2344012.0
1538006400,368.4,368.97,364.4,367.39,2353546.0
1538092800,368.63,374.22,366.22,371.9,3513525.0
1538352000,375.16,383.21,375.0,382.29,4754491.0
1538438400,380.85,388.615,379.77,386.37,4364401.0
1538524800,388.9,394.28,386.69,392.3,4616688.0
1538611200,390.74,391.09,385.29,389.99,3640841.0
1538697600,389.0,392.39,383.03,386.47,2895844.0
1538956800,383.84,386.73,377.35,385.77,3152687.0
1539043200,384.37,386.82,381.14,385.44,2861605.0
1539129600,382.96,383.8,367.09,367.47,5831031.0
1539216000,363.44,369.85,355.1,358.11,6256997.0
1539302400,366.01,367.12,352.26,360.11,5352056.0
1539561600,359.46,362.55,355.5,358.88,2884663.0
1539648000,360.45,368.57,358.55,368.25,2818236.0
1539734400,368.0,368.5,362.7,365.5,2235719.0
1539820800,364.82,367.76,356.76,359.35,3254016.0
1539907200,359.8,359.87,354.205,356.26,3490211.0
1540166400,357.85,358.7584,352.46,355.98,2259964.0
1540252800,349.5,353.562,342.826,350.05,4384935.0
1540339200,361.59,364.6,351.6901,354.65,8435326.0
1540425600,357.3,364.39,354.97,363.77,3999413.0
1540512000,360.7,363.3,354.1207,359.27,4067590.0
1540771200,360.55,361.71,328.63,335.59,7449486.0
1540857600,330.35,351.05,329.7746,349.91,5767452.0
1540944000,352.51,363.405,352.51,354.86,4173650.0
1541030400,357.47,364.57,353.2,363.07,3754038.0
1541116800,366.97,371.54,356.76,357.75,4026435.0
1541376000,359.76,363.29,356.48,361.98,2253210.0
1541462400,362.41,368.44,362.11,366.47,2467243.0
1541548800,367.64,372.85,359.5,372.02,4012751.0
1541635200,369.33,373.7,365.55,370.77,2751690.0
1541721600,367.83,371.0,366.12,369.34,2589722.0
1541980800,370.21,370.48,355.99,357.03,3083225.0
1542067200,349.55,355.38,342.04,349.51,4957369.0
1542153600,352.09,355.85,343.89,344.72,3436851.0
1542240000,341.12,347.98,336.51,341.57,4860840.0
1542326400,339.0,340.1904,331.16,335.95,4423555.0
1542585600,335.55,336.04,317.2,320.94,6773700.0
1542672000,302.1,322.18,296.61,317.7,6874179.0
1542758400,325.07,326.889,315.565,317.32,4400415.0
1542931200,315.0,317.0,311.871,312.32,1599381.0
1543190400,315.56,318.59,310.66,316.36,3359172.0
1543276800,315.28,318.56,310.96,318.03,2944011.0
1543363200,325.72,334.01,321.73,333.5,6113542.0
1543449600,335.97,343.23,334.06,342.56,5294802.0
1543536000,341.94,347.58,337.5,346.76,5368384.0
1543795200,364.31,369.0,356.37,359.96,6565850.0
1543881600,357.0,358.32,341.74,342.5,5161201.0
1544054400,329.99,333.63,317.3,331.9,9280864.0
1544140800,332.35,337.61,321.39,323.22,4523389.0
1544400000,321.27,327.2,315.51,326.35,4393555.0
1544486400,333.25,334.49,318.7518,322.03,3563031.0
1544572800,327.38,331.9,324.66,326.69,3420076.0
1544659200,328.4,328.74,324.173,325.47,2246510.0
1544745600,322.45,323.91,315.56,318.75,3296349.0
1545004800,316.91,327.2162,314.44,316.13,4933460.0
1545091200,325.46,332.0899,323.2,328.06,5858387.0
1545177600,329.33,333.48,316.1,319.55,4756365.0
1545264000,317.0,321.821,308.0,313.05,5324626.0
1545350400,309.09,314.97,304.01,304.55,7636934.0
1545609600,300.65,303.0,294.16,294.16,3435304.0
1545782400,298.61,314.0899,292.4704,313.93,4708122.0
1545868800,309.04,317.14,302.24,317.14,4274032.0
1545955200,319.74,321.53,315.15,316.38,3723516.0
1546214400,320.5,323.64,318.75,322.5,3551601.0
1546387200,316.19,323.95,313.71,323.81,3248934.0
1546473600,319.49,319.74,309.4,310.9,5573882.0
1546560000,316.69,328.44,316.08,327.08,4436810.0
1546819200,330.52,330.69,323.35,328.11,3945977.0
1546905600,334.11,341.25,332.65,340.53,4728585.0
1546992000,342.96,347.2,340.8669,343.83,4203403.0
1547078400,346.51,353.4662,343.0,352.61,5350503.0
1547164800,348.56,354.36,348.09,352.9,3153714.0
1547424000,348.2,352.81,347.01,350.36,2467951.0
1547510400,352.0,353.315,347.98,352.24,2937425.0
1547596800,352.5,355.0,351.56,352.06,2722590.0
1547683200,350.75,363.83,350.73,359.09,4257940.0
1547769600,363.88,367.3156,361.32,364.73,4255247.0
1548115200,362.86,364.195,354.23,357.9,4333433.0
1548201600,361.91,362.1995,353.67,358.61,2923731.0
1548288000,358.91,363.18,356.9,358.27,2800739.0
1548374400,362.49,366.94,360.33,364.2,3185289.0
1548633600,360.65,363.165,357.5,362.97,3125283.0
1548720000,363.07,367.78,362.41,364.91,3188020.0
1548806400,387.4,391.969,380.5,387.72,12685760.0
1548892800,387.16,388.985,382.08,385.62,6870250.0
1548979200,386.11,392.8,384.7263,387.43,5370880.0
1549238400,388.97,397.07,388.12,397.0,4245082.0
1549324800,400.75,410.75,399.55,410.18,7219815.0
1549411200,411.51,413.88,405.66,411.11,5352849.0
1549497600,407.93,410.35,402.29,405.17,5199193.0
1549584000,400.0,404.96,397.8,404.91,4568627.0
1549843200,408.1,409.83,402.69,403.95,3044502.0
1549929600,407.0,411.21,405.395,410.72,3260355.0
1550016000,412.52,412.72,407.67,410.58,3076999.0
1550102400,408.93,412.22,407.8,409.82,2722991.0
1550188800,412.48,418.05,411.43,417.97,4010186.0
1550534400,415.5,417.94,414.54,416.26,3049091.0
1550620800,417.14,421.84,417.11,421.55,3986787.0
1550707200,421.58,422.4088,415.6766,417.58,2852142.0
1550793600,419.7,424.47,419.14,424.05,3131021.0
1551052800,427.49,429.92,426.52,426.87,3271944.0
1551139200,426.0,429.0,424.25,426.77,2501946.0
1551225600,427.17,436.33,427.15,435.44,4596769.0
1551312000,438.7,441.42,437.08,439.96,5047437.0
1551398400,446.01,446.01,440.19,440.62,5026579.0
1551657600,443.22,444.5,426.63,432.69,5964211.0
1551744000,431.04,433.85,428.6435,430.12,2793681.0
1551830400,429.7,432.0,422.08,424.46,4155960.0
1551916800,423.36,427.7,416.44,422.56,4890237.0
1552003200,416.77,423.4262,415.5,422.54,3792444.0
1552262400,371.27,402.67,365.55,400.01,34693990.0
1552348800,384.705,390.0,368.0,375.41,36876030.0
1552435200,378.43,381.77,363.33,377.14,32346260.0
1552521600,374.99,380.39,372.1,373.3,13463440.0
1552608000,370.88,385.71,366.45,378.99,26667600.0
1552867200,370.0,373.07,367.2,372.28,12936200.0
1552953600,371.14,378.77,371.01,373.43,9562268.0
1553040000,374.7,380.8,373.68,376.16,8708531.0
1553126400,374.04,377.0,372.23,372.7,6769802.0
1553212800,368.79,369.86,361.525,362.17,10114430.0
1553472000,365.0,371.21,362.89,370.46,7929773.0
1553558400,375.58,375.6,367.6,370.38,6389226.0
1553644800,371.89,376.66,365.55,374.21,9584062.0
1553731200,376.6,376.66,372.33,374.44,4694369.0
1553817600,376.52,382.18,374.74,381.42,7601981.0
1554076800,385.8,392.9,383.1,391.54,7664944.0
1554163200,388.5,394.8299,388.5,390.75,6387191.0
1554249600,389.68,391.5386,384.07,384.74,7142180.0
1554336000,385.99,397.06,385.1,395.86,9353815.0
1554422400,398.07,398.66,390.95,391.93,6779065.0
1554681600,376.2,379.8,371.86,374.52,14426690.0
1554768000,370.29,372.24,367.75,369.04,7968918.0
1554854400,368.4,368.79,362.92,364.94,8118173.0
1554940800,364.62,371.08,364.21,370.16,6526032.0
1555027200,375.75,379.95,372.0,379.64,7207696.0
1555286400,376.7,377.9,373.68,375.46,3805356.0
1555372800,376.51,384.64,375.03,381.72,7067068.0
1555459200,384.1,384.19,377.4837,377.52,4195495.0
1555545600,377.52,382.17,377.52,380.07,4644278.0
1555891200,375.69,378.95,374.9,375.17,4139888.0
1555977600,375.54,376.87,372.61,374.02,4866391.0
1556064000,377.89,381.15,373.66,375.46,9842009.0
1556150400,376.01,384.8,372.76,382.8,6607094.0
1556236800,383.89,384.0,378.14,380.79,4235936.0
1556496000,378.49,385.3,376.76,379.05,5450287.0
1556582400,379.5,381.14,375.05,377.69,3268866.0
1556668800,378.53,381.1951,376.38,376.8,2765572.0
1556755200,375.5,377.65,373.25,375.8,2438759.0
1556841600,376.08,377.9,374.22,376.46,2953838.0
1557100800,367.88,372.48,365.63,371.6,4747601.0
1557187200,366.33,367.71,355.02,357.23,9740301.0
1557273600,357.77,361.52,353.33,359.75,6029997.0
1557360000,354.76,355.65,347.47,354.13,6075156.0
1557446400,351.87,355.54,347.55,354.67,4574070.0
1557705600,344.51,346.63,337.0,337.37,7757832.0
1557792000,339.9,346.1,337.2289,343.04,4747753.0
1557878400,339.8,348.7999,337.64,345.64,4809967.0
1557964800,348.64,356.5,345.82,353.81,6036506.0
1558051200,351.5,359.99,351.1636,355.02,5282942.0
1558310400,353.0,355.9406,350.53,352.79,3219868.0
1558396800,358.03,360.77,354.88,358.75,4022572.0
1558483200,357.22,357.57,351.75,352.78,3841430.0
1558569600,345.92,351.47,341.15,350.55,5305388.0
1558656000,355.0,361.4,353.0,354.9,5387544.0
1559001600,355.29,359.31,354.88,354.88,3504281.0
1559088000,352.59,352.79,346.05,348.8,4160546.0
1559174400,350.0,351.92,347.9366,349.87,2183884.0
1559260800,345.85,345.85,341.36,341.61,3217646.0
1559520000,338.2,339.11,330.67,338.89,5148019.0
1559606400,342.57,346.41,340.12,344.62,3592323.0
1559692800,346.22,353.25,332.49,348.75,3188375.0
1559779200,348.18,351.64,345.58,350.64,2582259.0
1559865600,352.3,355.28,352.3,353.7,2470694.0
1560124800,356.0,357.4,353.55,353.8,2560805.0
1560211200,355.42,355.473,348.13,349.33,2702727.0
1560297600,349.0,349.27,342.795,347.03,2738326.0
1560384000,347.25,349.06,344.1,348.86,2621303.0
1560470400,348.0,349.17,345.885,347.16,2258374.0
1560729600,348.62,356.05,347.05,354.9,3746426.0
1560816000,357.61,374.65,357.6,373.96,9199161.0
1560902400,375.4,379.31,368.35,368.56,5715985.0
1560988800,373.0,375.79,368.96,374.88,3794488.0
1561075200,374.39,376.11,371.72,371.84,4923678.0
1561334400,372.95,375.49,372.1,373.99,2323241.0
1561420800,374.75,375.25,368.03,369.32,3005403.0
1561507200,371.02,378.98,370.0,374.94,4542016.0
1561593600,367.54,369.93,362.35,364.02,8980010.0
1561680000,363.92,366.225,361.57,364.01,4737120.0
1561939200,364.88,365.23,353.32,356.46,6409568.0
1562025600,355.63,356.7838,352.69,354.16,3777328.0
1562112000,354.5,354.85,352.26,354.47,2164921.0
1562284800,354.0,357.25,351.43,355.86,3208164.0
1562544000,350.41,352.961,349.4013,351.12,3262324.0
1562630400,349.05,353.85,347.9,353.09,4828204.0
1562716800,354.49,356.52,351.25,352.3,2946742.0
1562803200,352.62,359.26,350.7,359.0,5059223.0
1562889600,360.0,365.45,358.14,365.33,3592818.0
1563148800,360.5,362.85,359.02,361.61,4814634.0
1563235200,361.26,365.35,361.2,362.75,2960425.0
1563321600,362.75,369.75,362.0,369.52,4009990.0
1563408000,367.6,368.4465,359.75,361.11,4615218.0
1563494400,370.67,378.4,368.5002,377.36,9503960.0
1563753600,376.94,382.48,371.89,373.42,4267293.0
1563840000,374.27,376.428,370.68,373.07,3354863.0
1563926400,370.28,371.36,360.03,361.43,7447884.0
1564012800,356.18,357.69,345.71,348.09,9663678.0
1564099200,346.2,348.425,342.0,345.0,4441078.0
1564358400,344.99,346.08,339.11,340.21,4116566.0
1564444800,339.84,347.49,336.56,347.46,4527975.0
1564531200,348.49,351.285,341.05,341.18,5219748.0
1564617600,341.91,344.29,333.0,334.29,6465267.0
1564704000,334.56,340.535,332.32,339.56,4675379.0
1564963200,332.46,333.37,326.955,331.06,5876085.0
1565049600,333.99,335.7,329.14,332.45,3653260.0
1565136000,328.6,333.65,324.57,331.38,4187612.0
1565222400,331.3,336.43,328.86,336.35,3672980.0
1565308800,334.06,339.08,333.165,337.55,3102912.0
1565568000,333.68,336.01,331.37,332.94,2683390.0
1565654400,331.82,337.399,330.5,332.86,3722995.0
1565740800,328.35,329.54,320.41,320.42,5110375.0
1565827200,323.0,328.07,319.55,328.0,4721760.0
1565913600,330.22,331.16,326.4801,330.45,3866567.0
1566172800,334.18,335.91,331.4,333.78,2335628.0
1566259200,332.47,333.5,328.88,331.75,2039413.0
1566345600,335.48,342.58,333.21,339.99,3266453.0
1566432000,342.43,356.44,341.01,354.41,8325094.0
1566518400,355.35,369.69,354.35,356.01,11527790.0
1566777600,365.04,367.34,356.89,359.04,4665447.0
1566864000,359.42,361.3093,353.62,354.73,3742125.0
1566950400,353.31,360.19,351.18,359.97,2409302.0
1567036800,363.85,366.04,360.17,362.74,2718316.0
1567123200,364.37,366.37,362.4,364.09,3147903.0
1567468800,354.11,355.32,350.605,354.42,4273831.0
1567555200,357.68,358.0316,354.43,356.53,2752789.0
1567641600,360.14,364.71,359.13,360.3,3646077.0
1567728000,361.61,364.91,359.12,363.0,3022591.0
1567987200,357.98,360.93,354.73,358.78,4183288.0
1568073600,359.0,369.49,358.55,369.49,4547237.0
1568160000,368.74,383.5,368.0,382.94,8437022.0
1568246400,383.71,384.0,374.31,375.63,4495290.0
1568332800,377.39,381.75,377.05,379.76,3628926.0
1568592000,378.14,381.6331,375.0,378.85,3055451.0
1568678400,378.41,385.3065,377.8,384.2,3299033.0
1568764800,383.25,386.74,379.8,386.41,4241370.0
1568851200,386.14,388.52,382.9035,384.44,3026629.0
1568937600,384.11,384.73,377.9201,379.39,6853019.0
1569196800,376.61,380.1022,374.42,377.03,3061873.0
1569283200,379.54,381.89,375.31,381.65,3594472.0
1569369600,384.91,391.0,383.1,386.2,4782395.0
1569456000,387.1,388.23,383.325,386.89,2535350.0
1569542400,388.19,389.69,381.306,382.86,2732148.0
1569801600,383.0,383.77,376.69,380.47,3211818.0
1569888000,381.7,382.85,374.63,374.94,2953276.0
1569974400,371.85,372.99,363.7702,367.36,3736441.0
1570060800,366.21,372.25,363.23,372.07,2719561.0
1570147200,372.25,376.13,371.72,375.7,2013254.0
1570406400,374.06,378.15,373.06,376.54,1953195.0
1570492800,371.05,377.34,368.64,374.1,4051648.0
1570579200,376.0,377.86,373.5,374.96,2794769.0
1570665600,373.7,374.54,370.33,371.0,2760659.0
1570752000,373.0,376.94,370.08,374.92,3973451.0
1571011200,374.25,378.7,372.68,373.18,2138932.0
1571097600,372.58,373.5268,370.53,370.96,2861420.0
1571184000,370.22,377.42,369.24,372.43,3683227.0
1571270400,372.42,373.8,369.06,369.06,2402691.0
1571356800,369.0,369.35,344.0,344.0,13568420.0
1571616000,332.89,334.24,324.4,331.06,15538450.0
1571702400,336.07,341.48,334.46,337.0,7972185.0
1571788800,345.0,350.8,336.5,340.5,10993360.0
1571875200,341.7,345.74,337.77,344.55,5414087.0
1571961600,342.92,343.37,338.9,339.83,4058018.0
1572220800,341.5,344.98,339.49,340.88,3234472.0
1572307200,340.19,349.72,339.218,348.93,6113596.0
1572393600,346.63,350.0,343.27,346.06,3997585.0
1572480000,344.7,346.06,339.45,339.91,3868444.0
1572566400,340.59,345.19,339.5,345.19,3538185.0
1572825600,346.46,351.45,346.05,351.09,3703034.0
1572912000,355.23,361.61,353.1901,358.29,5468937.0
1572998400,358.86,359.4,353.13,354.19,3815659.0
1573084800,356.12,359.4,355.05,357.31,2834543.0
1573171200,356.4,357.0,350.55,351.0,3220608.0
1573430400,349.04,369.75,345.5643,366.96,11488380.0
1573516800,366.49,367.11,360.01,362.88,5773506.0
1573603200,361.87,366.62,361.1153,362.5,3479746.0
1573689600,363.1,368.48,361.48,367.44,5343481.0
1573776000,370.0,373.48,369.3,371.68,5496784.0
1574035200,371.67,375.6026,367.9,369.46,3824935.0
1574121600,373.51,374.83,361.6101,367.0,6674773.0
1574208000,366.0,370.99,365.75,370.91,3775225.0
1574294400,369.75,370.7642,366.255,366.44,2703757.0
1574380800,368.27,373.55,366.61,371.34,3915722.0
1574640000,372.52,374.3,369.2,373.13,3324817.0
1574726400,373.66,374.77,371.36,373.51,2866703.0
1574812800,369.96,371.83,366.8,368.0,4152213.0
1574985600,367.5,368.3,366.18,366.18,1390949.0
1575244800,367.08,367.38,355.16,355.18,4804645.0
1575331200,352.09,355.558,347.61,352.08,4768261.0
1575417600,354.7,355.29,348.82,348.84,3016326.0
1575504000,350.22,350.42,345.59,345.68,4693835.0
1575590400,347.74,354.4,347.1104,354.09,2856593.0
1575849600,352.67,353.6,349.57,351.21,2893651.0
1575936000,350.15,351.4024,347.45,347.9,2923209.0
1576022400,342.1,350.03,338.5,350.0,7375582.0
1576108800,348.25,351.07,341.0,346.29,5981408.0
1576195200,346.3,349.31,341.1,341.67,4530563.0
1576454400,328.53,336.233,326.43,327.0,16525620.0
1576540800,322.06,330.95,320.61,327.0,13533830.0
1576627200,328.72,335.25,328.14,330.68,7032362.0
1576713600,332.9,334.81,330.98,333.5,5497043.0
1576800000,334.62,335.5,328.0,328.0,9493539.0
1577059200,336.75,340.5899,334.2,337.55,9539569.0
1577145600,339.51,339.75,332.62,333.0,4120051.0
1577318400,332.7,333.36,329.3,329.92,4601222.0
1577404800,330.2,333.65,329.17,330.14,4128140.0
1577664000,330.5,330.6299,325.7127,326.4,4528004.0
1577750400,325.41,326.57,323.32,325.76,4965226.0
1577923200,328.55,333.35,327.7,333.32,4548221.0
1578009600,330.63,334.89,330.3,332.76,3878374.0
1578268800,329.3,334.86,327.88,333.74,5357973.0
1578355200,334.26,344.19,330.71,337.28,9942277.0
1578441600,332.4,334.03,329.6,331.37,8246250.0
1578528000,334.95,341.73,332.05,336.34,8183707.0
1578614400,335.56,337.7,329.4548,329.92,7170124.0
1578873600,332.4,334.1,330.08,330.22,5655345.0
1578960000,330.76,335.35,328.28,332.35,6952018.0
1579046400,332.35,333.11,329.69,329.8,4578332.0
1579132800,331.05,332.87,329.31,332.0,4024079.0
1579219200,332.39,332.5,323.0,324.15,11061720.0
1579564800,322.6,326.5999,305.75,313.37,19317990.0
1579651200,309.82,312.8399,302.72,309.0,18792600.0
1579737600,308.5,318.17,307.7,317.79,9702076.0
1579824000,322.0,326.2,312.51,323.05,17798200.0
1580083200,316.21,321.2564,314.5819,316.6,7468146.0
1580169600,318.05,319.355,314.0,316.56,5502155.0
1580256000,324.35,327.175,319.14,322.02,12458420.0
1580342400,320.5,325.35,317.635,323.3,6021977.0
1580428800,321.75,321.93,316.99,318.27,4999608.0
1580688000,318.75,320.7399,314.88,316.0,4847667.0
1580774400,318.28,319.48,315.03,317.94,3779766.0
1580860800,320.5,329.68,319.23,329.55,6071783.0
1580947200,330.91,343.44,325.66,341.43,12845460.0
1581033600,340.37,340.74,335.69,336.75,5337796.0
1581292800,337.22,345.94,336.3201,344.67,5876407.0
1581379200,347.64,348.0745,342.1,344.42,5311518.0
1581465600,346.42,349.95,345.85,347.45,4421510.0
1581552000,344.32,347.89,342.63,342.82,3783073.0
1581638400,342.3,344.5,338.0,340.49,4199751.0
1581984000,338.77,339.99,336.1,338.88,2908141.0
1582070400,338.12,341.4742,335.861,338.3,4935730.0
1582156800,338.29,341.24,335.39,336.28,2807518.0
1582243200,334.05,334.6599,330.23,330.38,3709888.0
1582502400,320.0,321.74,316.33,317.9,6073231.0
1582588800,318.26,320.64,303.63,304.14,8052504.0
1582675200,307.0,315.22,304.06,305.59,6996558.0
1582761600,300.37,301.0,284.29,287.76,10982360.0
1582848000,278.07,282.86,269.6,275.11,15375140.0
1583107200,279.54,291.7099,274.29,289.27,11012270.0
1583193600,292.0,297.44,278.08,280.62,7499341.0
1583280000,284.55,285.91,277.01,283.12,6986113.0
1583366400,275.79,276.31,259.65,260.37,14669060.0
1583452800,253.7,264.29,249.8,262.33,12861830.0
1583712000,238.004,241.48,224.37,227.17,11585500.0
1583798400,237.0,237.83,215.0,231.01,13059630.0
1583884800,222.99,226.99,187.0,189.08,28571910.0
1583971200,160.53,189.85,154.813,154.84,31734390.0
1584057600,174.97,178.28,161.3755,170.2,21168470.0
1584316800,149.42,151.0,128.76,129.61,26844390.0
1584403200,132.51,134.96,101.25,124.14,54492220.0
1584489600,99.86,107.85,89.0,101.89,61943230.0
1584576000,98.8,103.57,90.35,97.71,40210590.0
1584662400,99.85,107.0,94.28,95.01,41370710.0
1584921600,98.75,114.49,93.56,105.62,46140130.0
1585008000,123.68,127.96,116.13,127.68,43683120.0
1585094400,154.9,174.77,141.0,158.73,77825910.0
1585180800,172.29,186.48,167.18,180.55,63504050.0
1585267200,172.0,172.92,155.5401,162.0,47880170.0
1585526400,153.81,153.81,140.68,152.28,51052460.0
1585612800,155.0,160.64,149.0,149.14,29954050.0
1585699200,138.91,144.38,130.0,130.7,41899750.0
1585785600,128.51,136.68,120.0204,123.27,42372380.0
1585872000,125.0,131.29,122.5,124.52,37347390.0
1586131200,133.7,149.69,129.21,148.77,51085490.0
1586217600,162.0,164.8,140.26,141.58,56699070.0
1586304000,147.51,154.0,144.55,146.87,41350990.0
1586390400,154.71,157.98,150.09,151.84,38049550.0
1586736000,155.5,156.0,146.26,147.33,26034100.0
1586822400,150.51,152.4,140.0,141.0,33970450.0
1586908800,139.0,148.6873,132.9,145.98,39297630.0
1586995200,141.46,143.24,134.0,134.24,41364810.0
1587081600,149.41,154.0,145.0,154.0,52389410.0
1587340800,147.21,151.6299,142.5,143.61,34983830.0
1587427200,139.01,141.8962,135.45,136.33,27043790.0
1587513600,140.42,140.8199,134.5202,134.97,22842630.0
1587600000,136.5,142.38,136.05,137.74,25936400.0
1587686400,137.0,137.57,128.33,128.98,35947670.0
1587945600,129.97,131.2,123.83,128.68,34562990.0
1588032000,133.88,137.2,127.74,131.3,37806920.0
1588118400,138.08,147.18,135.25,139.0,60454410.0
1588204800,137.67,144.65,132.31,141.02,37876640.0
1588291200,143.23,143.71,132.84,133.37,36613110.0
1588550400,127.115,131.5,124.35,131.46,30708930.0
1588636800,132.88,133.8,125.0,125.4,30620970.0
1588723200,125.8,126.8591,121.37,121.86,29627740.0
1588809600,122.81,130.71,122.36,128.65,29525040.0
1588896000,132.57,135.55,131.56,133.44,22739740.0
1589155200,130.92,131.0,127.95,128.91,20055450.0
1589241600,129.72,133.12,125.1989,125.22,22578970.0
1589328000,125.0,125.07,119.33,121.5,26002000.0
1589414400,118.98,122.61,113.89,122.52,37499200.0
1589500800,118.33,121.8899,117.78,120.0,26756830.0
1589760000,126.18,136.2,125.7998,135.44,43891480.0
1589846400,137.0,137.04,130.28,130.44,32373040.0
1589932800,133.27,135.45,131.3101,133.32,21835490.0
1590019200,137.0,144.239,136.1508,139.0,48263860.0
1590105600,141.01,141.08,135.7766,137.53,21098830.0
1590451200,145.21,145.91,142.61,144.73,30338250.0
1590537600,149.14,149.65,141.24,149.52,32799950.0
1590624000,156.1,156.7,149.05,149.82,34849880.0
1590710400,145.3,152.0,142.94,145.85,33905080.0
1590969600,145.45,153.55,144.55,151.39,27239000.0
1591056000,154.0,155.85,151.8101,153.31,24780510.0
1591142400,157.1,173.78,155.49,173.16,66486430.0
1591228800,181.28,188.6,177.4,184.3,67155580.0
1591315200,205.0,218.79,197.36,205.43,99846050.0
1591574400,222.94,234.2,218.93,230.5,80902750.0
1591660800,222.14,227.0,213.08,216.74,66688660.0
1591747200,211.17,213.03,197.4,203.41,90384850.0
1591833600,179.35,192.18,166.01,170.0,103212800.0
1591920000,187.15,191.3,176.26,189.51,89550060.0
1592179200,177.18,193.23,175.89,190.94,78612900.0
1592265600,207.15,208.3,192.6,197.77,76496870.0
1592352000,194.52,196.43,191.25,192.54,53085360.0
1592438400,188.24,198.0345,187.2,192.29,60849850.0
1592524800,197.9,197.96,184.571,187.02,67262080.0
1592784000,184.56,188.7,181.9,188.52,53901490.0
1592870400,189.3,190.12,183.55,187.88,50281300.0
1592956800,183.61,185.2,176.07,176.69,56534830.0
1593043200,169.87,177.5,169.59,174.88,57335720.0
1593129600,173.42,173.85,167.6,170.01,50644430.0
1593388800,181.0,194.5,176.27,194.49,78499940.0
1593475200,188.02,188.49,180.38,183.3,65493080.0
1593561600,185.88,190.61,180.04,180.32,49036750.0
1593648000,185.58,187.79,180.43,180.81,41792300.0
1593993600,184.52,189.36,181.6,187.91,49471670.0
1594080000,185.07,185.07,178.65,178.88,37105280.0
1594166400,179.05,181.58,175.51,180.08,38116200.0
1594252800,179.67,180.75,172.81,173.28,33514460.0
1594339200,171.7,179.3251,169.75,178.44,40955570.0
1594598400,180.2,183.25,174.3601,175.65,43364680.0
1594684800,177.0,181.3,173.41,179.96,39256210.0
1594771200,185.54,189.53,181.25,187.94,48044830.0
1594857600,184.32,184.59,177.3385,178.7,35050020.0
1594944000,178.41,181.1,175.55,175.66,26214980.0
1595203200,175.13,176.57,171.62,174.42,25294300.0
1595289600,178.43,182.65,176.75,178.63,40774510.0
1595376000,176.43,182.95,175.39,179.79,29790310.0
1595462400,178.0,182.5,175.42,176.45,29587220.0
1595548800,175.68,181.0999,173.6,173.76,28548040.0
1595808000,173.19,174.14,169.0,170.21,30243770.0
1595894400,168.5,173.74,168.23,170.84,25349140.0
1595980800,172.9,173.01,162.25,166.01,51709630.0
1596067200,162.88,164.5499,160.64,161.95,29140020.0
1596153600,161.55,163.4,156.26,158.0,30286700.0
1596412800,156.51,163.58,153.41,162.27,38520490.0
1596499200,164.63,167.4,163.01,165.07,30853450.0
1596585600,167.6,174.98,166.4,174.28,46550970.0
1596672000,172.8,175.57,170.6,172.2,32921630.0
1596758400,171.5,171.8599,168.7,170.02,19317970.0
1597017600,171.36,179.79,171.33,179.41,35857660.0
1597104000,184.51,189.97,179.53,180.13,61036610.0
1597190400,184.01,184.149,173.19,175.44,40702390.0
1597276800,173.62,179.47,172.4301,174.73,22958760.0
1597363200,173.09,179.47,172.35,178.08,32414090.0
1597622400,178.24,178.29,171.4085,172.01,23352130.0
1597708800,172.01,173.238,169.01,170.23,21488490.0
1597795200,170.44,174.1,169.09,169.27,25601500.0
1597881600,168.54,170.84,165.86,169.58,23213410.0
1597968000,168.35,170.0839,167.27,167.5,16945900.0
1598227200,168.78,178.27,167.93,178.27,39317110.0
1598313600,180.46,180.63,172.44,174.73,31318540.0
1598400000,173.8,174.4299,171.35,171.9,16189790.0
1598486400,174.71,181.31,173.5601,174.2,29548070.0
1598572800,175.11,177.28,172.57,175.8,20383900.0
1598832000,174.65,175.2699,171.7,171.82,16264300.0
1598918400,170.71,175.49,169.25,172.1,18997420.0
1599004800,172.74,175.0,171.45,174.78,16552090.0
1599091200,175.0,180.85,168.12,168.77,27799390.0
1599177600,171.31,172.83,164.0,171.05,18867270.0
1599523200,165.8,166.9,160.5,161.08,22622680.0
1599609600,161.61,163.06,157.0,160.78,21951400.0
1599696000,160.96,163.78,157.57,157.69,14532590.0
1599782400,158.0,161.3592,156.32,160.23,14722440.0
1600041600,161.75,165.94,158.9,165.35,17228430.0
1600128000,166.65,168.84,163.33,163.49,14881700.0
1600214400,161.95,170.57,160.31,167.46,21886250.0
1600300800,164.63,168.455,161.05,167.53,19717830.0
1600387200,165.66,169.72,161.02,161.14,22057120.0
1600646400,157.83,158.83,154.2,156.35,23125340.0
1600732800,156.81,160.0678,154.95,156.8,17768920.0
1600819200,157.33,160.42,150.89,151.18,18247500.0
1600905600,150.29,150.31,145.02,146.05,27098140.0
1600992000,146.85,156.3116,146.415,156.03,29123010.0
1601251200,160.33,168.0,159.2,166.08,38868160.0
1601337600,164.77,165.5,162.01,163.6,19920970.0
1601424000,164.5,170.98,164.11,165.26,38436690.0
1601510400,170.15,172.76,165.57,167.86,30677080.0
1601596800,161.86,169.78,161.8,168.08,31773790.0
1601856000,169.49,172.08,167.51,171.2,19082150.0
1601942400,173.04,175.56,159.33,159.54,47132550.0
1602028800,163.71,166.3447,162.38,164.61,26019070.0
1602115200,166.22,168.09,163.5401,168.0,20598600.0
1602201600,169.93,170.0,166.82,167.33,17405970.0
1602460800,167.75,169.2,165.95,167.35,12176640.0
1602547200,165.36,165.5299,162.09,162.14,15182630.0
1602633600,162.7,165.17,162.49,163.24,10541790.0
1602720000,161.01,164.54,158.73,164.24,13226820.0
1602806400,171.22,173.42,167.27,167.35,31780630.0
1603065600,169.09,170.84,166.11,167.11,16519620.0
1603152000,168.29,169.29,166.18,167.24,12319920.0
1603238400,166.44,167.63,163.82,163.86,11450650.0
1603324800,164.7,169.63,164.095,169.07,14238160.0
1603411200,169.99,170.26,166.05,167.36,10024180.0
1603670400,164.95,165.5,159.05,160.83,16151140.0
1603756800,159.16,160.25,155.0,155.24,15491860.0
1603843200,153.0,153.95,148.0,148.14,20279770.0
1603929600,148.03,150.1,146.6,148.29,14554270.0
1604016000,147.2,149.1699,141.58,144.39,15392750.0
1604275200,145.75,149.59,143.38,148.6,13854650.0
1604361600,151.83,154.82,150.64,153.65,12249770.0
1604448000,153.17,155.4,151.17,151.63,11344720.0
1604534400,152.48,157.63,152.1009,157.09,12328320.0
1604620800,156.33,158.47,154.52,157.74,8995560.0
1604880000,179.0,184.46,172.16,179.36,49014410.0
1604966400,182.8,193.95,180.38,188.69,46404280.0
1605052800,189.89,190.0,180.41,182.15,29907750.0
1605139200,178.95,184.59,176.25,176.72,20336210.0
1605225600,179.0,187.27,178.71,187.11,19784800.0
1605484800,194.56,202.94,191.3501,202.4,40562840.0
1605571200,200.25,211.2,196.05,210.05,38299290.0
1605657600,223.02,223.02,203.0,203.3,65990690.0
1605744000,200.45,209.44,199.9007,205.67,34236070.0
1605830400,204.59,206.58,199.17,199.62,18230880.0
1606089600,203.24,214.2099,201.87,211.53,28372400.0
1606176000,219.43,222.95,215.76,218.49,31132000.0
1606262400,217.71,221.0,213.09,217.61,19254140.0
1606435200,218.25,219.93,216.04,216.5,9970228.0
1606694400,215.7,217.7799,208.5188,210.71,16501860.0
1606780800,214.31,218.09,213.0,213.01,15805160.0
1606867200,213.01,224.99,210.3,223.85,25912260.0
1606953600,228.3,242.0,226.53,237.2,45945140.0
1607040000,236.36,238.1799,230.25,232.71,29378370.0
1607299200,238.5,244.08,237.11,238.17,33246660.0
1607385600,238.7,241.7,234.46,236.57,19682030.0
1607472000,238.64,240.84,228.28,232.06,19043600.0
1607558400,228.1,237.01,228.02,234.43,16185030.0
1607644800,232.82,236.22,228.33,230.33,17311800.0
1607904000,235.0,237.63,228.37,228.62,19231240.0
1607990400,230.0,232.5,224.36,229.5,19013190.0
1608076800,229.33,232.37,225.2959,225.87,17858390.0
1608163200,227.24,228.49,220.53,221.24,17465600.0
1608249600,222.05,223.464,218.61,219.75,19092760.0
1608508800,212.34,219.43,211.1,219.31,18726510.0
1608595200,223.28,223.89,217.7,218.78,13326170.0
1608681600,219.55,224.4022,219.32,219.69,10869010.0
1608768000,219.62,219.88,216.05,217.15,6398510.0
1609113600,218.19,219.2,215.1627,216.09,9090579.0
1609200000,218.3,221.68,215.4,216.25,14593770.0
1609286400,216.36,218.554,214.365,216.67,10812620.0
1609372800,216.24,216.9,212.7,214.06,10487570.0
1609718400,210.0,210.2,202.4911,202.72,21225590.0
1609804800,204.74,213.35,204.6,211.63,19338300.0
1609891200,210.22,215.61,209.34,211.03,16202160.0
1609977600,213.39,216.6,211.78,212.71,14474100.0
1610064000,213.61,214.1,208.155,209.9,14144020.0
1610323200,203.03,207.7799,201.01,206.79,16789280.0
1610409600,206.65,209.06,204.81,208.41,12836220.0
1610496000,207.15,208.79,204.85,207.21,8570469.0
1610582400,208.79,214.19,208.21,209.91,12446820.0
1610668800,208.96,209.25,204.2,204.32,11103340.0
1611014400,206.99,211.52,206.52,210.71,11947220.0
1611100800,213.24,215.59,211.21,211.45,9727036.0
1611187200,211.72,211.93,206.34,207.41,11119830.0
1611273600,205.55,206.6999,204.27,205.84,7514630.0
1611532800,203.265,203.8,199.3,203.36,14276240.0
1611619200,205.34,208.35,201.79,202.06,11011760.0
1611705600,196.9,199.47,191.8504,194.03,20948460.0
1611792000,198.045,200.42,196.0,197.23,10403210.0
1611878400,198.3,201.57,193.1201,194.19,13683740.0
1612137600,196.0,197.38,192.86,195.84,9061904.0
1612224000,198.98,203.03,198.09,200.94,11130620.0
1612310400,202.0,208.16,201.2606,207.39,11836860.0
1612396800,209.87,212.48,208.02,210.64,11869930.0
1612483200,212.25,213.1988,206.66,207.93,9546076.0
1612742400,209.55,211.99,208.3,211.95,11182090.0
1612828800,210.6,216.73,208.9027,215.12,13615660.0
1612915200,215.65,217.49,211.12,211.92,11510720.0
1613001600,212.235,213.99,208.5709,210.66,7140235.0
1613088000,210.36,213.16,209.67,210.98,6010791.0
1613433600,213.08,217.4,212.3301,217.18,10171130.0
1613520000,215.52,218.71,212.68,215.52,9295592.0
1613606400,213.45,214.34,208.08,208.48,9121302.0
1613692800,209.97,217.64,209.15,217.47,12415280.0
1613952000,211.89,220.39,210.8,212.88,21413750.0
1614038400,214.15,214.75,206.6,212.12,15996700.0
1614124800,212.1,229.61,211.6,229.34,30709280.0
1614211200,227.8,228.5,214.71,216.45,19283010.0
1614297600,218.51,220.66,211.29,212.01,12838430.0
1614556800,219.6,226.98,219.02,224.39,18735440.0
1614643200,224.79,227.19,222.15,223.14,11114400.0
1614729600,226.36,235.4,225.04,228.56,30426040.0
1614816000,232.73,237.1027,218.7,224.71,26645060.0
1614902400,229.01,229.92,213.8,223.22,20026580.0
1615161600,226.67,229.89,223.71,224.03,13836760.0
1615248000,226.81,234.06,222.5801,230.61,21001190.0
1615334400,233.81,246.8,232.88,245.34,27753370.0
1615420800,248.77,256.65,246.55,252.0,30139250.0
1615507200,253.86,269.72,253.5,269.19,35264330.0
1615766400,274.15,278.5671,264.33,265.63,34889120.0
1615852800,263.23,264.17,254.02,255.21,28785800.0
1615939200,254.7,263.61,253.68,263.59,23785520.0
1616025600,261.32,267.3693,254.73,256.06,24595520.0
1616112000,257.75,258.88,251.31,255.82,17330780.0
1616371200,255.82,257.6699,250.16,251.23,15230030.0
1616457600,249.26,251.3,239.43,241.25,21358230.0
1616544000,243.75,248.8,239.06,239.24,24055110.0
1616630400,234.34,247.58,231.7,247.19,27553590.0
1616716800,249.62,250.9,240.3,244.87,17157070.0
1616976000,251.3,254.71,248.03,250.52,22198780.0
1617062400,251.24,253.5,248.91,252.01,12577250.0
1617148800,254.7,257.88,253.36,254.72,14138490.0
1617235200,256.67,257.88,251.31,252.96,10934490.0
1617580800,256.56,260.48,256.25,259.36,13750300.0
1617667200,257.21,259.35,254.6643,255.17,11180300.0
1617753600,255.31,255.9,250.83,252.58,9925745.0
1617840000,251.7,254.95,249.31,254.95,9899948.0
1617926400,250.51,252.8399,249.438,252.36,12255890.0
1618185600,250.57,251.55,246.29,249.52,10383610.0
1618272000,248.33,254.4873,246.1,253.27,15901400.0
1618358400,255.32,258.37,251.28,252.43,12661810.0
1618444800,253.56,254.12,249.43,251.11,9479008.0
1618531200,252.0,253.05,246.2312,248.18,14605950.0
1618790400,247.0,247.0,242.22,244.15,9249340.0
1618876800,241.03,241.088,232.34,234.06,19483580.0
1618963200,232.22,236.76,230.22,235.92,12847030.0
1619049600,235.955,239.6499,233.38,234.33,13854400.0
1619136000,233.89,238.58,233.11,238.38,11553320.0
1619395200,240.24,244.65,240.1,241.44,10599560.0
1619481600,241.88,243.49,239.41,242.47,10583260.0
1619568000,239.0,239.65,232.85,235.46,19054130.0
1619654400,237.0,237.68,231.8,235.94,12296080.0
1619740800,233.68,236.77,232.7,234.31,10380440.0
1620000000,234.11,237.1,233.81,235.19,9887848.0
1620086400,235.75,236.65,225.65,233.63,17807210.0
1620172800,232.45,233.49,227.56,228.18,8538845.0
1620259200,229.3,231.165,226.545,229.81,11857110.0
1620345600,229.8,235.905,227.99,235.47,12822990.0
1620604800,236.84,241.1049,232.5,232.93,14813940.0
1620691200,226.56,230.1299,223.85,228.88,16273170.0
1620777600,227.25,229.74,220.63,220.78,14931190.0
1620864000,223.0,229.27,219.07,222.64,16503370.0
1620950400,225.99,228.81,224.35,228.47,10162400.0
1621209600,226.24,228.26,223.58,227.98,9539699.0
1621296000,227.25,232.2652,226.43,227.55,10081070.0
1621382400,223.18,225.12,220.28,224.42,13162730.0
1621468800,225.13,228.4389,223.77,227.65,9218913.0
1621555200,232.9,236.3,231.39,234.82,16579000.0
1621814400,235.14,238.5,232.6,237.44,10105970.0
1621900800,240.0,243.78,239.23,240.74,12908040.0
1621987200,241.7,242.49,239.87,241.37,7240189.0
1622073600,248.11,252.6,247.19,250.7,18404390.0
1622160000,247.475,248.98,245.37,247.02,11197400.0
1622505600,253.0,255.64,251.52,254.73,13562790.0
1622592000,255.6,258.3957,254.62,255.62,10820400.0
1622678400,252.98,254.8,249.69,250.32,10401950.0
1622764800,251.51,251.7999,248.49,249.92,8798961.0
1623024000,251.5,253.1999,248.81,252.66,10605970.0
1623110400,256.26,256.31,250.0,252.76,15113870.0
1623196800,251.2,253.17,247.91,248.06,10693220.0
1623283200,251.72,255.14,248.1,248.34,14519160.0
1623369600,250.35,251.12,245.78,247.28,9934179.0
1623628800,246.44,249.2,244.4,245.14,9344427.0
1623715200,245.36,248.51,244.94,246.54,10630920.0
1623801600,245.25,246.0601,241.55,242.27,10529200.0
1623888000,241.96,243.5,237.33,239.22,10774400.0
1623974400,237.79,239.31,235.8,237.35,11965020.0
1624233600,238.66,245.62,237.25,245.28,15301780.0
1624320000,244.5,244.63,241.08,243.78,10042510.0
1624406400,244.8,246.87,243.17,243.57,9874664.0
1624492800,245.2,250.74,243.7,250.57,13755550.0
1624579200,250.75,252.3,248.25,248.38,9625783.0
1624838400,244.73,245.08,238.88,239.96,18151980.0
1624924800,243.74,244.37,235.66,235.76,16743930.0
1625011200,236.24,241.17,236.0,239.56,12089070.0
1625097600,240.36,241.8,238.61,239.73,9516185.0
1625184000,239.55,240.1073,233.47,236.68,15722450.0
1625529600,236.85,237.1727,233.47,236.14,11045800.0
1625616000,235.17,238.01,230.5201,231.78,11497000.0
1625702400,227.48,237.47,226.16,236.77,17964250.0
1625788800,237.77,240.38,236.22,239.59,12385380.0
1626048000,237.99,240.77,236.4626,238.29,9071492.0
1626134400,232.27,234.49,228.16,228.2,21029500.0
1626220800,229.02,230.515,224.3,224.45,12137000.0
1626307200,222.88,226.666,220.8,222.76,12228650.0
1626393600,223.11,224.0,217.0338,217.74,12413420.0
1626652800,211.18,211.55,204.8,206.99,24123600.0
1626739200,208.1,217.3699,206.62,217.15,17027300.0
1626825600,219.5,224.09,218.9,222.54,11437570.0
1626912000,221.52,222.25,218.31,220.87,9768898.0
1626998400,222.97,224.63,220.94,221.52,9379453.0
1627257600,220.0,226.1209,219.89,225.85,8933194.0
1627344000,223.17,225.7,220.42,222.27,8784223.0
1627430400,234.05,237.49,231.3301,231.57,19330500.0
1627516800,233.69,234.8199,231.12,231.63,8667869.0
1627603200,229.39,231.18,225.4,226.48,9940082.0
1627862400,227.19,230.47,224.87,225.34,8889125.0
1627948800,225.9,229.1,221.3,229.09,7326398.0
1628035200,226.42,232.35,225.33,226.63,9756279.0
1628121600,226.68,231.54,226.49,229.94,8362602.0
1628208000,231.55,233.57,230.42,231.33,6061935.0
1628467200,229.0,233.5723,226.89,232.27,8358622.0
1628553600,231.97,236.85,231.62,235.78,9603454.0
1628640000,236.61,239.59,234.58,239.49,9663966.0
1628726400,240.0,241.15,236.51,238.18,6816343.0
1628812800,238.01,239.69,234.2848,234.46,6390338.0
1629072000,231.9,232.03,227.14,229.06,7626887.0
1629158400,226.2,226.24,219.8,222.22,13123950.0
1629244800,221.73,223.65,218.9,219.0,9000859.0
1629331200,216.3,218.2965,211.73,212.16,11404360.0
1629417600,212.31,214.7399,210.94,212.67,9335698.0
1629676800,215.83,220.18,215.38,219.4,10392070.0
1629763200,220.11,223.1,219.8,221.43,8942578.0
1629849600,221.5,222.3,219.1,221.03,6528930.0
1629936000,221.41,222.9,215.91,216.5,8341440.0
1630022400,217.47,222.43,216.86,221.75,7684922.0
1630281600,222.35,222.37,217.53,217.66,7587846.0
1630368000,217.33,221.325,217.0854,219.5,6764472.0
1630454400,220.0,221.76,217.62,218.12,7157411.0
1630540800,218.95,223.84,218.08,220.83,8905096.0
1630627200,219.454,221.18,217.46,218.17,6400289.0
1630972800,215.91,216.71,212.17,214.24,13196120.0
1631059200,213.6,216.08,210.51,211.38,8877646.0
1631145600,211.15,216.61,210.72,213.94,9242766.0
1631232000,215.16,215.89,210.12,210.3,6959706.0
1631491200,211.35,215.64,209.88,214.48,10175860.0
1631577600,215.84,216.11,210.711,211.57,9947021.0
1631664000,211.79,214.35,210.32,214.22,7916346.0
1631750400,213.96,216.31,213.31,213.36,6370944.0
1631836800,213.12,215.37,211.91,213.36,7944216.0
1632096000,210.81,212.43,206.53,209.5,10567360.0
1632182400,210.25,211.76,207.72,208.51,7139027.0
1632268800,210.0,217.99,209.65,216.98,10953030.0
1632355200,217.81,222.62,217.1501,221.1,9344582.0
1632441600,219.13,222.41,218.66,221.39,6498169.0
1632700800,224.0,228.6,223.8775,224.16,9749201.0
1632787200,222.9,224.577,216.4201,218.41,9639787.0
1632873600,227.8,229.9399,224.86,225.36,16808040.0
1632960000,226.08,226.15,219.46,219.94,10366950.0
1633046400,222.85,226.72,220.6,226.0,9113628.0
1633305600,225.68,227.9707,222.0,223.79,6946121.0
1633392000,224.27,226.45,222.42,224.42,5687275.0
1633478400,221.08,225.07,219.2001,224.99,7157571.0
1633564800,227.34,229.0,225.9,226.48,7748521.0
1633651200,226.75,228.7124,225.4,226.39,4515032.0
1633910400,226.5,232.1,225.32,226.45,7287044.0
1633996800,226.0,228.66,223.12,223.57,8486823.0
1634083200,224.0,224.2995,219.36,221.78,8240198.0
1634169600,221.07,222.18,217.0411,217.44,10427320.0
1634256000,218.165,219.61,216.28,217.04,8773359.0
1634515200,216.0,217.28,214.05,216.98,6553519.0
1634601600,217.47,217.6585,215.28,215.97,5963390.0
1634688000,215.49,218.66,214.35,216.17,8485162.0
1634774400,216.54,218.1122,213.81,214.34,8691450.0
1634860800,214.6,216.72,212.575,212.97,7077636.0
1635120000,213.25,213.9785,211.7,212.87,7239142.0
1635206400,213.19,214.85,208.18,209.81,11014460.0
1635292800,212.85,212.9,205.64,206.61,14761730.0
1635379200,206.0,208.74,204.6,207.85,8825454.0
1635465600,206.84,208.24,205.29,207.03,8559535.0
1635724800,207.0,214.69,206.81,214.58,9284925.0
1635811200,213.83,215.715,210.7,212.77,6160169.0
1635897600,211.47,213.76,210.8721,213.38,4636071.0
1635984000,213.8,214.82,211.87,213.03,5849588.0
1636070400,217.7,224.58,217.7,224.46,16936330.0
1636329600,225.24,226.99,222.11,222.68,9456055.0
1636416000,222.49,222.85,217.54,220.79,6863672.0
1636502400,219.36,225.68,217.27,218.5,8197584.0
1636588800,220.5,222.65,218.9,219.38,6567341.0
1636675200,219.72,223.75,218.9,220.96,6419877.0
1636934400,227.37,233.94,226.92,233.09,21921860.0
1637020800,232.94,232.95,225.51,225.8,10120190.0
1637107200,229.54,231.32,224.2,226.62,10750940.0
1637193600,230.3,231.5,224.951,227.25,10983710.0
1637280000,225.07,225.33,213.23,214.13,20844070.0
1637539200,215.0,215.02,208.95,209.9,10764320.0
1637625600,211.5,212.99,207.77,209.13,8882817.0
1637712000,207.52,211.22,206.87,210.6,5437620.0
1637884800,197.57,199.42,194.0,199.21,17636640.0
1638144000,201.87,204.28,195.33,198.5,12276240.0
1638230400,196.02,198.82,193.85,197.85,12638920.0
1638316800,200.81,201.62,188.0,188.19,13321990.0
1638403200,196.8,202.54,192.41,202.38,20435440.0
1638489600,198.7,199.9,195.4201,198.49,10742710.0
1638748800,199.77,206.4201,199.2,205.88,11587880.0
1638835200,207.06,211.65,206.38,208.83,10387920.0
1638921600,209.18,212.6799,207.71,211.03,6986783.0
1639008000,207.53,208.545,205.2,207.56,7011011.0
1639094400,208.81,209.0,203.48,205.06,6040048.0
1639353600,202.5,202.81,195.55,197.4,10619580.0
1639440000,195.6,200.5,195.18,195.5,8445068.0
1639526400,195.28,196.5799,190.32,195.43,10535860.0
1639612800,197.0,198.3175,190.44,190.79,8216806.0
1639699200,190.27,194.77,187.88,192.63,12642000.0
1639958400,188.11,190.36,185.26,188.48,10256380.0
1640044800,190.28,199.69,190.04,199.52,12082320.0
1640131200,199.46,202.93,197.94,201.69,8145344.0
1640217600,202.13,205.13,201.32,204.22,7415194.0
1640563200,201.99,203.43,199.1,203.17,7826624.0
1640649600,202.23,208.9373,201.65,206.13,8885989.0
1640736000,205.36,205.41,202.6,203.66,6119004.0
1640822400,203.0,206.0,202.6,202.71,7012644.0
1640908800,202.2,203.69,200.03,201.32,8052980.0
1641168000,204.0,210.55,203.34,207.86,9074592.0
1641254400,211.3,214.5555,209.78,213.63,11414560.0
1641340800,216.64,218.93,211.81,213.07,11564730.0
1641427200,214.64,216.0,207.86,211.34,7142191.0
1641513600,212.98,218.32,212.3825,215.5,9526395.0
1641772800,214.26,215.28,207.13,209.31,8229019.0
1641859200,209.0,217.03,208.41,216.02,8098367.0
1641945600,217.09,221.24,216.3,217.45,9134501.0
1642032000,222.25,226.89,220.05,223.9,17628010.0
1642118400,222.16,226.2,220.25,225.96,8053460.0
1642464000,224.5,229.67,224.26,225.01,8947332.0
1642550400,225.1,225.42,216.94,217.08,9382827.0
1642636800,217.38,221.95,213.42,214.19,7636803.0
1642723200,213.79,213.79,204.57,205.44,11548500.0
1642982400,199.85,204.8,192.51,204.2,13810340.0
1643068800,200.1,205.63,197.5501,204.1,8824460.0
1643155200,206.214,206.214,191.92,194.27,19974400.0
1643241600,196.38,199.7073,188.64,189.75,12670070.0
1643328000,188.78,190.72,183.77,190.57,10966710.0
1643587200,190.73,200.34,190.0,200.24,15504560.0
1643673600,202.48,208.89,200.495,208.34,12265150.0
1643760000,205.43,208.3857,203.21,207.52,7843739.0
1643846400,206.06,209.1,204.26,206.39,7054722.0
1643932800,205.0,208.25,203.1,206.45,5952563.0
1644192000,205.79,214.37,205.42,211.92,11816910.0
1644278400,212.68,213.87,209.69,213.27,7356230.0
1644364800,214.91,217.04,213.3004,215.86,7587730.0
1644451200,213.71,223.23,213.695,218.75,11695860.0
1644537600,217.87,221.42,210.27,212.3,11443740.0
1644796800,213.0,215.63,208.76,210.04,6481404.0
1644883200,214.84,219.5394,213.69,217.73,10461010.0
1644969600,216.1,219.68,215.28,218.93,5698917.0
1645056000,218.47,218.5799,212.67,213.58,6176575.0
1645142400,212.56,214.7288,208.6,209.03,6973602.0
1645488000,205.0,206.9,197.82,198.74,10382140.0
1645574400,201.13,203.2499,195.91,196.42,7326312.0
1645660800,189.29,198.855,186.88,198.43,12207630.0
1645747200,201.09,204.07,199.1006,201.48,8730302.0
1646006400,198.58,207.31,196.75,205.34,9859273.0
1646092800,203.11,203.5,192.93,194.91,11799490.0
1646179200,196.27,199.85,194.6413,197.81,7463406.0
1646265600,197.94,198.5,188.71,188.85,12424490.0
1646352000,187.37,188.3203,178.97,180.84,13104580.0
1646611200,181.03,182.72,169.06,169.17,12847460.0
1646697600,169.73,180.82,167.58,173.8,13715460.0
1646784000,179.8,182.87,177.41,178.56,10062150.0
1646870400,175.76,182.02,175.39,178.39,8364100.0
1646956800,183.59,184.86,175.95,176.23,9373598.0
1647216000,175.88,178.2289,172.57,175.52,8138882.0
1647302400,176.3,180.5,175.6,179.89,8051498.0
1647388800,183.39,189.6,182.3,188.99,12077530.0
1647475200,186.36,190.24,185.27,190.19,8126616.0
1647561600,192.07,193.38,190.1,192.83,12849580.0
1647820800,184.4,187.265,180.61,185.9,27369580.0
1647907200,185.24,192.8629,184.52,191.04,14378470.0
1647993600,189.67,190.16,185.03,186.04,8297782.0
1648080000,186.35,189.19,184.72,189.05,7094360.0
1648166400,187.76,191.7,186.93,188.95,6370952.0
1648425600,188.43,189.26,184.47,188.16,6904146.0
1648512000,191.62,196.36,191.2,193.8,8438704.0
1648598400,192.32,197.45,191.36,194.91,9959326.0
1648684800,195.0,197.5799,191.45,191.5,6447933.0
1648771200,192.58,192.616,188.78,190.76,4862109.0
1649030400,190.02,191.8448,186.91,191.18,7799600.0
1649116800,189.7,192.35,182.52,182.65,9371632.0
1649203200,180.4,180.57,176.5802,178.72,8173868.0
1649289600,178.13,178.66,173.87,177.97,7517791.0
1649376000,176.54,178.13,174.24,175.2,6524064.0
1649635200,173.84,179.67,173.4,175.03,6001124.0
1649721600,175.5,178.5,174.53,176.28,6125106.0
1649808000,176.96,183.46,176.96,182.87,7399856.0
1649894400,182.75,185.54,181.64,181.94,5144620.0
1650240000,181.45,182.46,178.55,179.85,5042585.0
1650326400,180.36,187.61,180.28,185.98,7485607.0
1650412800,187.24,187.34,182.86,183.55,6824287.0
1650499200,188.73,189.85,180.55,181.02,7446130.0
1650585600,180.78,182.67,176.5,176.92,6372406.0
1650844800,174.51,176.08,172.45,175.91,6293100.0
1650931200,174.76,174.87,166.85,167.04,9277309.0
1651017600,161.25,161.25,146.0,154.46,40371730.0
1651104000,156.61,156.79,149.0,154.22,13518820.0
1651190400,153.44,157.0299,148.52,148.84,10896590.0
1651449600,148.02,149.4517,143.3821,148.61,12399200.0
1651536000,149.09,154.4494,147.91,153.58,10149450.0
1651622400,152.91,157.14,150.7723,156.97,9550623.0
1651708800,155.69,157.99,149.05,150.47,7950792.0
1651795200,149.96,150.9,145.85,148.9,7697850.0
1652054400,146.0,146.95,132.65,133.31,12593830.0
1652140800,136.76,137.835,130.3301,132.95,11781420.0
1652227200,132.95,138.96,129.11,129.39,11388360.0
1652313600,126.89,128.53,120.28,123.14,15891330.0
1652400000,124.98,130.8,122.38,127.2,20891520.0
1652659200,127.05,131.1242,122.35,124.05,10631560.0
1652745600,126.905,132.83,125.79,132.05,12154220.0
1652832000,130.34,132.1,124.36,125.52,9567609.0
1652918400,124.4,128.4,123.7,127.14,8075776.0
1653004800,128.77,128.85,117.08,120.7,18822240.0
1653264000,121.7,124.48,120.34,124.07,9341490.0
1653350400,122.44,122.7,117.29,119.4,9092426.0
1653436800,119.17,122.595,118.76,122.06,7707912.0
1653523200,123.1,128.8416,122.74,127.73,8333861.0
1653609600,128.77,132.23,128.32,132.23,7261516.0
1653955200,131.03,132.99,128.86,131.4,7953651.0
1654041600,133.0,134.33,127.01,130.65,9991563.0
1654128000,132.14,140.55,131.87,140.5,12777040.0
1654214400,138.52,140.7,137.585,139.25,10091800.0
1654473600,139.99,141.14,136.83,139.24,6354823.0
1654560000,137.49,141.24,135.91,140.82,5436085.0
1654646400,139.13,142.2063,138.4401,139.63,5833696.0
1654732800,139.35,139.66,133.7,133.73,6018982.0
1654819200,130.27,132.1949,126.85,127.0,7776856.0
1655078400,123.0,123.25,114.14,115.86,16778490.0
1655164800,116.65,122.19,113.02,122.16,17549810.0
1655251200,124.35,134.99,123.83,133.72,25997850.0
1655337600,131.7,135.34,131.26,133.36,19543640.0
1655424000,132.25,138.98,131.5,136.8,16042480.0
1655769600,139.17,140.9395,135.84,136.75,10519900.0
1655856000,134.03,138.79,133.28,137.16,7717692.0
1655942400,136.42,137.42,130.0917,133.97,10746910.0
1656028800,135.01,141.87,134.95,141.53,13626220.0
1656288000,140.28,140.5725,136.22,138.72,8457424.0
1656374400,140.89,147.18,138.54,138.7,12142260.0
1656460800,138.61,138.92,134.84,138.45,7489226.0
1656547200,134.3,137.49,131.6,136.72,8455129.0
1656633600,135.88,141.79,135.4,139.84,7627130.0
1656979200,136.25,138.07,131.29,137.7,10073970.0
1657065600,137.54,138.71,134.46,136.31,6608039.0
1657152000,137.93,142.275,137.8985,139.97,7674390.0
1657238400,139.7,140.7391,137.3747,139.07,5655499.0
1657497600,137.77,139.24,134.89,136.99,6180548.0
1657584000,136.86,149.32,136.81,147.15,18598190.0
1657670400,142.785,146.41,142.18,143.95,9038684.0
1657756800,141.11,147.49,140.61,147.15,9456114.0
1657843200,149.17,149.7359,144.65,147.74,7910408.0
1658102400,153.305,155.94,147.2,147.72,13948500.0
1658188800,149.61,156.28,148.97,156.13,14182970.0
1658275200,156.0,159.4,154.26,158.38,8668596.0
1658361600,158.89,161.655,156.19,161.41,8044091.0
1658448000,161.8,163.3399,157.77,158.16,7594878.0
1658707200,156.94,157.31,152.84,156.64,5764734.0
1658793600,155.24,158.18,154.5,155.92,6053054.0
1658880000,161.12,162.74,152.8,156.09,16356650.0
1658966400,154.02,160.1,153.03,159.09,8729065.0
1659052800,157.95,159.84,155.54,159.31,5743489.0
1659312000,165.95,171.76,164.25,169.07,18321560.0
1659398400,167.0,167.325,163.14,163.28,10874320.0
1659484800,164.51,167.52,162.33,166.64,6709072.0
1659571200,165.77,168.12,164.41,166.5,5039567.0
1659657600,164.4,167.07,163.93,165.04,4709123.0
1659916800,166.41,171.09,164.7115,165.89,11311690.0
1660003200,166.51,166.51,163.45,164.85,6064750.0
1660089600,168.35,171.14,167.25,169.02,7181681.0
1660176000,170.5,171.7599,167.05,167.88,4996809.0
1660262400,168.39,170.11,167.57,169.99,4345220.0
1660521600,169.29,172.55,168.32,170.47,4734688.0
1660608000,170.0,173.85,169.15,172.08,5259589.0
1660694400,169.61,169.85,166.09,167.2,6533521.0
1660780800,167.2,169.1799,165.77,168.69,4404601.0
1660867200,166.33,166.84,162.58,162.92,5736069.0
1661126400,159.4,160.2682,157.91,158.98,5312327.0
1661212800,159.14,161.6899,159.0806,160.07,3425179.0
1661299200,162.27,164.14,161.3801,163.6,4211287.0
1661385600,164.56,169.65,163.7,169.38,4949408.0
1661472000,170.0,171.37,164.27,164.53,4957414.0
1661731200,162.28,166.9021,162.2,165.42,4727621.0
1661817600,167.27,169.92,160.7201,162.21,6248628.0
1661904000,163.0,163.551,160.14,160.25,4123490.0
1661990400,158.0,158.9,150.82,153.66,7651999.0
1662076800,155.19,156.99,151.48,151.82,5262774.0
1662422400,152.39,154.48,150.46,152.39,5210472.0
1662508800,151.26,156.345,150.87,155.95,5298579.0
1662595200,155.0,158.3,153.84,157.79,4949112.0
1662681600,158.0,159.75,156.95,157.52,5782876.0
1662940800,158.46,160.97,157.45,158.72,5363130.0
1663027200,153.6,155.19,147.13,147.31,8724873.0
1663113600,146.9,149.7,144.3,149.26,8477972.0
1663200000,147.88,153.45,147.28,149.78,9792791.0
1663286400,145.23,145.63,141.35,144.29,10310730.0
1663545600,142.62,146.99,142.35,144.88,5150720.0
1663632000,145.26,147.67,143.9,145.94,6737550.0
1663718400,146.77,149.87,143.21,143.29,6244253.0
1663804800,143.13,143.7,138.29,138.71,6311829.0
1663891200,135.65,136.185,129.5,131.26,8927864.0
1664150400,129.77,132.45,126.88,127.34,7095145.0
1664236800,129.32,130.45,125.6,127.51,6682349.0
1664323200,128.04,133.89,127.4,133.44,10257200.0
1664409600,131.2,131.61,123.8,125.33,8905426.0
1664496000,123.14,125.475,120.99,121.08,8382981.0
1664755200,122.0,127.15,121.02,126.05,7962384.0
1664841600,129.4,133.57,129.33,133.51,7235737.0
1664928000,130.28,133.55,128.26,132.11,6268322.0
1665014400,131.13,133.3099,129.7407,132.2,4454674.0
1665100800,130.36,130.607,128.02,129.79,5097386.0
1665360000,131.42,135.74,130.2007,131.9,6829914.0
1665446400,132.96,135.36,129.5101,131.57,8508386.0
1665532800,128.43,131.34,127.86,130.42,6392973.0
1665619200,126.5,134.7,124.17,132.4,7842266.0
1665705600,135.59,136.41,131.37,133.15,6099656.0
1665964800,136.98,137.28,133.2601,136.09,9073526.0
1666051200,139.0,139.42,135.22,137.34,6146349.0
1666137600,137.17,141.2,136.63,138.39,6321910.0
1666224000,138.36,141.88,138.36,139.13,4331680.0
1666310400,138.48,141.33,136.62,141.32,5451265.0
1666569600,142.85,142.88,139.2815,142.05,5177845.0
1666656000,142.09,146.88,141.88,146.65,6515643.0
1666742400,147.05,150.14,132.205,133.79,29457730.0
1666828800,137.1,143.1024,136.6201,139.76,13754940.0
1666915200,141.16,144.73,139.9314,143.84,7941087.0
1667174400,141.88,144.449,139.52,142.51,6212198.0
1667260800,143.99,145.25,141.835,143.38,5758566.0
1667347200,142.12,153.59,141.54,147.41,20241980.0
1667433600,148.79,158.69,147.5,156.75,16212570.0
1667520000,156.66,160.98,154.495,160.01,9396185.0
1667779200,161.4,166.6999,160.63,164.91,10220310.0
1667865600,166.0,170.55,164.9117,169.62,11274520.0
1667952000,169.29,171.62,166.86,168.74,8893769.0
1668038400,172.14,179.32,171.75,177.58,12374960.0
1668124800,176.4,178.0299,172.99,177.49,8894308.0
1668384000,176.5,178.19,173.5,173.55,5598338.0
1668470400,175.49,176.69,172.75,175.35,7207867.0
1668556800,174.11,174.79,171.85,172.69,4438554.0
1668643200,169.3,173.15,168.52,172.78,4881887.0
1668729600,173.98,175.1899,171.53,173.89,4693178.0
1668988800,172.53,174.72,171.12,172.94,3501842.0
1669075200,173.65,174.99,171.0,172.5,4370635.0
1669161600,172.09,175.0,171.77,174.85,3523516.0
1669334400,174.35,178.46,174.0301,178.36,3476919.0
1669593600,176.17,177.14,171.7,171.83,5358932.0
1669680000,172.88,175.95,172.56,175.32,5077828.0
1669766400,178.0,179.98,174.2005,178.88,6778734.0
1669852800,178.88,179.7,174.69,175.78,4517476.0
1669939200,173.12,183.45,172.85,182.87,10563840.0
1670198400,182.0,188.4499,180.8002,185.1,10456280.0
1670284800,184.01,184.79,177.01,178.43,8236878.0
1670371200,176.28,178.43,174.62,176.5,5871242.0
1670457600,179.32,184.88,178.61,179.08,6707652.0
1670544000,180.75,183.89,179.2501,179.54,6359002.0
1670803200,180.8,186.69,180.5,186.27,8098395.0
1670889600,191.11,191.11,184.85,187.13,10975250.0
1670976000,187.33,189.67,185.41,188.25,5814881.0
1671062400,186.25,187.975,181.2801,183.72,5347787.0
1671148800,182.79,186.61,181.295,184.7,7906778.0
1671408000,184.92,188.04,184.71,185.68,6605378.0
1671494400,186.18,189.91,185.74,188.29,6156847.0
1671580800,190.04,196.4,189.72,196.0,9175376.0
1671667200,193.82,194.17,185.67,188.25,6928514.0
1671753600,188.25,189.43,184.72,189.06,3983591.0
1672099200,189.58,192.44,187.6169,189.4,5014846.0
1672185600,189.32,191.32,187.425,188.38,4426251.0
1672272000,189.0,190.25,186.19,188.91,4518946.0
1672358400,187.5,190.65,187.04,190.49,4007419.0
1672704000,192.95,197.175,192.4,195.39,8624570.0
1672790400,195.18,203.76,195.1758,203.64,9746939.0
1672876800,201.72,204.99,200.78,204.99,6913273.0
1672963200,205.3,213.04,203.55,213.0,11256440.0
1673222400,212.36,213.88,207.91,208.57,9005601.0
1673308800,203.9,209.6022,203.4608,206.69,8183236.0
1673395200,209.87,210.47,206.69,208.03,7190749.0
1673481600,209.58,214.92,207.3701,214.32,8208101.0
1673568000,212.0,216.64,211.58,214.13,6213161.0
1673913600,212.71,213.34,209.07,211.41,6150658.0
1674000000,212.9,213.4245,209.2,209.41,5403094.0
1674086400,206.77,209.67,204.82,207.09,5813518.0
1674172800,207.47,207.99,204.78,206.76,5475404.0
1674432000,208.36,211.09,206.99,209.97,5481938.0
1674518400,205.0,212.15,205.0,211.98,4753694.0
1674604800,205.8,214.75,203.11,212.68,16106550.0
1674691200,213.48,213.79,207.2,212.73,7288144.0
1674777600,211.32,212.88,209.42,211.17,5237944.0
1675036800,209.19,211.36,207.71,209.67,6066779.0
1675123200,210.15,213.11,208.24,213.0,5162983.0
1675209600,212.11,218.97,211.9,214.75,8462076.0
1675296000,215.15,215.29,208.3,209.34,6513357.0
1675382400,207.71,210.75,205.618,206.01,5400280.0
1675641600,205.19,208.21,203.69,206.81,3903023.0
1675728000,208.04,215.15,206.92,214.76,7311187.0
1675814400,213.07,215.77,211.78,213.5,4229794.0
1675900800,214.46,215.4521,210.06,211.99,5018879.0
1675987200,212.01,214.5,210.5,212.89,4862940.0
1676246400,213.6,216.355,211.5,215.65,5193329.0
1676332800,214.02,221.33,213.15,218.45,10033120.0
1676419200,217.16,218.25,214.6,217.44,4852436.0
1676505600,215.0,216.52,212.17,212.21,4387973.0
1676592000,211.21,211.76,207.6196,211.66,4985686.0
1676937600,208.99,210.84,205.05,205.52,4663756.0
1677024000,205.31,207.665,204.65,205.76,2920010.0
1677110400,207.45,209.692,205.76,208.13,4139351.0
1677196800,200.0,201.7,197.36,198.15,9658678.0
1677456000,199.87,203.1259,199.06,200.46,4318866.0
1677542400,201.0,202.38,199.32,201.55,3589900.0
1677628800,201.47,205.435,200.85,204.55,4402266.0
1677715200,203.78,210.33,203.15,210.06,5454074.0
1677801600,210.25,216.12,209.4,215.11,7496846.0
1678060800,214.12,214.75,209.6,211.92,7004436.0
1678147200,211.31,213.175,207.775,207.92,4619710.0
1678233600,208.25,208.88,205.94,207.2,2406897.0
1678320000,208.32,209.02,200.3,201.24,4284026.0
1678406400,201.43,205.0,197.79,203.07,8547078.0
1678665600,200.2,207.08,197.11,203.37,6671174.0
1678752000,207.53,213.5599,205.0,207.28,8245664.0
1678838400,201.92,202.2077,192.41,198.21,10894230.0
1678924800,196.205,203.9104,194.43,203.19,6752125.0
1679011200,201.35,202.8336,199.0,201.05,9858936.0
1679270400,201.12,205.87,200.87,204.77,4763997.0
1679356800,207.3,207.86,203.89,204.7,4673304.0
1679443200,203.68,203.83,196.01,196.16,7311578.0
1679529600,197.9,201.5,195.14,197.9,6266894.0
1679616000,195.5,197.57,193.9202,197.53,4513512.0
1679875200,198.63,201.55,198.63,200.57,3891702.0
1679961600,200.82,206.3,200.485,204.96,5460587.0
1680048000,206.5,208.6467,205.88,207.97,3572163.0
1680134400,208.97,212.8699,206.5207,211.04,6583391.0
1680220800,211.75,214.8,211.39,212.43,5147549.0
1680480000,212.8,218.57,212.53,215.39,6085935.0
1680566400,212.0,213.99,209.12,213.9,6192254.0
1680652800,212.23,214.23,208.671,210.0,4138426.0
1680739200,210.0,212.37,208.22,211.37,5618125.0
1681084800,211.0,214.1,209.73,210.78,3729340.0
1681171200,213.29,214.5,211.86,212.32,5277549.0
1681257600,213.66,214.3,210.13,212.34,4600326.0
1681344000,213.0,213.68,211.495,213.59,4501594.0
1681430400,202.59,204.2819,198.1541,201.71,19066480.0
1681689600,202.0,206.1,200.8,205.03,6306803.0
1681776000,205.5,208.9356,203.72,208.37,7445759.0
1681862400,207.12,210.87,206.94,208.71,4757402.0
1681948800,207.42,209.88,206.0776,207.23,3322910.0
1682035200,208.0,208.376,204.18,205.15,3432331.0
1682294400,204.87,206.5,203.25,205.77,3058925.0
1682380800,204.54,204.94,201.12,202.19,4699498.0
1682467200,208.25,211.7,202.68,203.03,9137206.0
1682553600,204.65,209.09,203.53,206.04,5105173.0
1682640000,204.51,206.95,202.9,206.78,3716063.0
1682899200,206.25,208.52,203.62,203.87,3776842.0
1682985600,203.0,204.19,200.09,203.25,3970843.0
1683072000,204.36,206.1014,200.55,200.93,4537939.0
1683158400,200.65,201.25,193.27,197.05,6934072.0
1683244800,198.09,199.04,196.76,198.34,3872233.0
1683504000,199.16,199.66,196.4,197.26,4677387.0
1683590400,201.21,204.61,198.78,201.88,9329516.0
1683676800,203.14,203.2,198.25,200.84,3923706.0
1683763200,199.39,202.55,198.07,201.84,3322037.0
1683849600,201.84,203.11,198.82,200.7,3169771.0
1684108800,200.01,203.32,198.65,202.77,2842669.0
1684195200,201.82,202.36,199.9401,200.87,3013181.0
1684281600,202.71,208.58,202.71,206.87,6641940.0
1684368000,206.45,208.17,204.01,207.24,4349708.0
1684454400,208.11,208.37,204.63,205.49,3896195.0
1684713600,205.51,206.98,203.9,205.91,3094296.0
1684800000,204.58,207.4891,202.445,202.6,4011110.0
1684886400,201.32,201.32,197.5,199.27,4371635.0
1684972800,199.99,201.75,196.6,200.87,3909225.0
1685059200,201.6,204.8,201.18,203.63,3820301.0
1685404800,204.09,207.7999,203.3101,204.69,3978166.0
1685491200,203.5,206.19,200.91,205.7,5461557.0
1685577600,206.46,210.23,206.0,207.96,5125109.0
1685664000,210.0,215.24,210.0,213.32,7486308.0
1685923200,213.28,210.44,207.5,208.78,4996838.0
1686009600,208.37,211.68,200.61,207.29,10957200.0
1686096000,207.99,212.38,207.2,211.93,6462432.0
1686182400,212.34,220.0,212.05,218.11,9364667.0
1686268800,217.99,219.1574,215.69,217.31,5300206.0
1686528000,217.16,223.91,216.63,221.56,8072612.0
1686614400,222.35,223.12,219.35,220.38,5880966.0
1686700800,221.4,221.585,216.0313,216.9,5629070.0
1686787200,217.17,220.61,215.31,219.41,5001432.0
1686873600,220.72,223.87,218.975,219.99,7803924.0
1687219200,218.89,219.29,211.88,212.37,8226380.0
1687305600,211.83,212.99,209.3875,212.08,5356372.0
1687392000,205.61,208.4999,203.65,205.61,7066256.0
1687478400,204.02,205.61,202.55,205.41,6338199.0
1687737600,206.11,207.09,204.66,205.58,3444885.0
1687824000,206.15,209.66,206.08,209.43,4465456.0
1687910400,211.21,212.19,209.45,210.72,4276103.0
1687996800,211.12,213.22,210.23,211.83,3443612.0
1688083200,213.14,213.24,209.38,211.16,5488713.0
1688342400,210.5,212.1686,210.24,210.92,2143048.0
1688515200,210.0,214.28,207.89,213.31,4928368.0
1688601600,212.48,213.61,209.58,212.62,4683145.0
1688688000,212.94,215.66,211.83,212.1,4893550.0
1688947200,211.84,213.59,211.22,213.31,3497125.0
1689033600,212.915,218.98,211.35,218.76,7458378.0
1689120000,219.51,221.56,216.92,217.11,5123178.0
1689206400,218.13,218.9,216.3,216.85,4291709.0
1689292800,217.0,217.016,212.81,213.12,4294849.0
1689552000,212.5,214.23,211.735,211.87,3621509.0
1689638400,211.0,213.04,209.5699,211.57,5895773.0
1689724800,211.12,211.87,208.235,208.6,4814145.0
1689811200,208.83,215.1,208.8,213.61,5782187.0
1689897600,213.89,215.6,211.64,211.8,4056796.0
1690156800,212.06,215.94,211.46,215.87,4898342.0
1690243200,214.2,214.82,210.81,214.12,6513323.0
1690329600,222.16,233.09,221.77,232.8,24923800.0
1690416000,235.245,238.67,231.83,233.75,12018320.0
1690502400,236.12,240.13,235.7,238.69,7059533.0
1690761600,238.99,239.07,236.21,238.85,4897581.0
1690848000,237.55,243.1,237.31,238.01,4983841.0
1690934400,234.985,236.68,230.69,231.38,5332961.0
1691020800,231.0,233.577,230.4,231.36,3285836.0
1691107200,232.29,234.91,230.08,231.36,3500705.0
1691366400,232.74,238.98,232.74,238.25,6068011.0
1691452800,236.52,240.73,236.0,238.04,5149186.0
1691539200,238.54,241.24,236.4061,237.86,4044412.0
1691625600,238.45,241.58,237.04,238.26,3710810.0
1691712000,237.61,238.26,235.12,235.72,2652074.0
1691971200,237.0,238.65,235.75,236.71,2486316.0
1692057600,235.0,235.56,231.5401,232.26,3201850.0
1692144000,231.5,234.67,229.6002,229.95,2273333.0
1692230400,230.57,231.64,224.26,224.54,4359411.0
1692316800,222.23,226.79,221.68,226.65,3583165.0
1692576000,226.8,227.6899,225.1006,227.22,2734616.0
1692662400,228.08,230.48,226.93,230.07,3012891.0
1692748800,230.0,230.54,227.105,228.58,3004522.0
1692835200,222.51,224.2,217.09,217.31,9132572.0
1692921600,218.41,223.77,212.8801,223.41,12352320.0
1693180800,224.21,227.45,223.2901,227.06,4641752.0
1693267200,225.88,229.4,225.6638,227.25,3716672.0
1693353600,227.08,231.17,226.65,228.85,3328306.0
1693440000,229.33,230.4339,222.93,224.03,6953815.0
1693526400,226.0,226.23,221.95,223.4,3658370.0
1693872000,223.1,224.0916,221.2,222.57,3246492.0
1693958400,221.77,222.7878,216.4249,217.95,4233537.0
1694044800,217.5,220.55,214.86,216.05,4929553.0
1694131200,215.825,216.0,210.51,211.27,5759415.0
1694390400,213.76,214.2,208.77,211.01,4522283.0
1694476800,209.35,212.26,208.58,210.65,3256455.0
1694563200,210.0,212.18,207.75,208.4,3538051.0
1694649600,209.14,210.44,208.1,209.05,3974820.0
1694736000,209.28,209.83,206.88,208.11,4670575.0
1694995200,207.91,207.91,204.98,205.12,4299153.0
1695081600,205.395,205.658,202.39,204.48,4043318.0
1695168000,205.87,206.25,202.31,202.37,3742063.0
1695254400,201.0,203.6,199.71,199.95,4751021.0
1695340800,199.96,200.74,197.14,197.71,4452352.0
1695600000,196.84,198.98,195.19,198.78,3527078.0
1695686400,197.79,199.39,195.42,195.64,3666266.0
1695772800,196.01,196.4,192.77,195.46,4015532.0
1695859200,193.7,195.2615,190.03,190.43,8009511.0
1695945600,191.92,192.95,190.17,191.68,5158379.0
1696204800,191.47,192.44,186.93,187.83,5244743.0
1696291200,188.625,192.49,188.2,188.92,7285526.0
1696377600,188.85,190.6324,184.34,186.73,7419796.0
1696464000,186.16,188.095,184.135,186.29,4331651.0
1696550400,185.37,188.64,182.55,187.38,5364252.0
1696809600,188.0,189.49,185.68,188.49,4575846.0
1696896000,190.01,194.3,188.76,193.53,8062372.0
1696982400,195.47,199.6199,194.27,196.07,7393963.0
1697068800,195.1,195.7,189.96,191.3,5668341.0
1697155200,186.27,187.29,183.175,184.91,8222731.0
1697414400,185.91,186.23,182.5,184.93,4700965.0
1697500800,183.75,188.3299,183.3,185.6,5121789.0
1697587200,187.22,190.249,185.05,185.69,6268100.0
1697673600,185.5,187.05,182.54,182.79,4043653.0
1697760000,182.68,183.3899,179.85,180.04,4523502.0
1698019200,179.44,183.72,178.43,181.03,4146153.0
1698105600,183.21,184.35,181.8,182.36,4652871.0
1698192000,186.0,187.0,176.25,177.73,13806360.0
1698278400,177.11,182.95,176.53,179.09,6961816.0
1698364800,180.0,182.3299,179.01,179.69,4606334.0
1698624000,179.42,184.16,179.42,182.35,5507130.0
1698710400,183.38,187.29,181.32,186.82,5043018.0
1698796800,189.69,190.7799,187.501,189.38,5832248.0
1698883200,190.9,192.94,190.34,192.01,4312985.0
1698969600,194.0,197.14,193.71,195.05,4485077.0
1699228800,195.88,196.15,192.46,192.95,4222214.0
1699315200,192.17,192.17,189.57,191.41,4012942.0
1699401600,191.45,192.44,190.135,191.83,2984208.0
1699488000,193.03,197.07,192.56,193.33,4576284.0
1699574400,195.0,197.26,194.21,196.65,4790114.0
1699833600,203.49,206.8486,202.51,204.54,13040320.0
1699920000,207.25,208.56,205.98,207.47,7280093.0
1700006400,208.21,211.09,207.6,208.71,5205857.0
1700092800,207.5,207.89,204.81,206.6,4655083.0
1700179200,208.36,209.42,206.82,208.04,3568495.0
1700438400,211.01,218.88,210.94,217.71,11587360.0
1700524800,216.5,219.375,216.07,218.27,5362087.0
1700611200,218.0,221.5,217.7,219.91,5386264.0
1700784000,220.61,221.59,218.96,220.0,2312134.0
1701043200,218.81,219.53,217.66,219.3,3691175.0
1701129600,222.01,224.8,219.41,222.37,7817755.0
1701216000,223.35,224.99,221.3408,224.43,5424443.0
1701302400,225.0,233.0,224.9957,231.63,8736247.0
1701388800,231.77,235.38,231.38,233.87,6956205.0
1701648000,231.3,234.94,230.07,234.87,5228476.0
1701734400,233.54,234.74,231.49,234.16,3589846.0
1701820800,234.78,239.23,234.43,236.89,4740614.0
1701907200,236.9,238.3,230.0,237.33,6363664.0
1701993600,237.32,244.7,237.32,244.7,7171150.0
1702252800,243.5,248.08,243.31,248.08,7545047.0
1702339200,247.95,250.5686,247.4,248.63,5719220.0
1702425600,249.1,251.87,247.5316,250.91,5513393.0
1702512000,250.91,257.12,249.26,256.24,7883554.0
1702598400,255.7,265.52,255.7,264.27,14995890.0
1702857600,260.63,263.13,260.25,260.41,6140097.0
1702944000,261.04,265.34,260.8001,263.51,6089492.0
1703030400,262.25,266.1298,260.15,260.25,5151674.0
1703116800,265.95,267.54,260.19,262.02,6487150.0
1703203200,261.83,262.8424,259.2,260.44,4433959.0
1703548800,259.8,263.7599,259.54,262.79,3938565.0
1703635200,262.63,264.66,260.9,262.1,3484867.0
1703721600,261.53,262.1,257.68,260.35,5096448.0
1703808000,260.67,262.22,259.5613,260.66,3686554.0
1704153600,257.28,258.59,250.87,251.76,5815219.0
1704240000,248.32,250.13,243.0,243.91,7219930.0
1704326400,244.58,248.28,244.18,244.94,5170739.0
1704412800,245.04,250.19,245.04,249.0,3849746.0
1704672000,228.0,233.85,225.79,229.0,40730430.0
1704758400,225.66,228.7899,223.2,225.76,20687540.0
1704844800,226.9,231.6099,226.64,227.84,12883740.0
1704931200,228.07,228.28,222.62,222.66,11830490.0
1705017600,219.97,222.07,217.04,217.7,11285520.0
1705363200,210.07,210.98,199.5,200.52,35289980.0
1705449600,202.63,206.3,201.65,203.06,20140110.0
1705536000,205.64,213.04,203.315,211.61,20046760.0
1705622400,210.89,215.16,209.23,215.02,14345440.0
1705881600,213.07,217.0,212.36,214.93,10760760.0
1705968000,215.35,216.85,211.13,211.5,9076878.0
1706054400,209.83,217.59,209.355,214.13,15119120.0
1706140800,208.2,208.73,198.32,201.88,22112470.0
1706227200,203.08,206.75,203.0,205.47,9911195.0
1706486400,206.06,207.04,203.85,205.19,7535398.0
1706572800,203.65,203.98,199.14,200.44,13321190.0
1706659200,204.92,213.77,203.25,211.04,22409380.0
1706745600,213.84,214.6324,206.81,209.81,10679210.0
1706832000,209.06,209.54,206.3501,209.38,6275335.0
1707091200,204.64,207.34,202.0,206.63,8682514.0
1707177600,206.02,210.6399,203.89,208.58,7561923.0
1707264000,208.76,213.77,207.99,211.92,7747653.0
1707350400,212.4,213.1,208.72,209.22,5787652.0
1707436800,209.77,211.44,207.9,209.2,4349671.0
1707696000,208.7,209.8,207.6,209.33,4077413.0
1707782400,206.9,207.81,202.33,204.46,8263634.0
1707868800,205.95,206.58,202.21,203.38,6503032.0
1707955200,204.12,206.55,203.4,205.33,5309060.0
1708041600,204.88,205.05,202.81,203.89,5986529.0
1708387200,203.55,205.58,202.71,203.37,5248399.0
1708473600,202.9,203.6322,201.21,201.57,4179808.0
1708560000,202.0,204.097,200.4,201.5,6513541.0
1708646400,200.99,202.07,197.15,200.83,7433353.0
1708905600,201.01,202.75,200.0,200.54,4807216.0
1708992000,200.93,202.0,200.04,201.4,3932875.0
1709078400,201.14,208.1,200.18,207.0,9654653.0
1709164800,206.44,206.615,202.7043,203.72,6670260.0
1709251200,204.0,205.06,199.01,200.0,11609470.0
1709510400,199.5,201.54,196.92,200.54,7213885.0
1709596800,199.49,202.85,198.7,201.14,5034661.0
1709683200,201.77,202.345,199.8601,201.0,4736636.0
1709769600,200.7,203.73,200.57,203.03,5965338.0
1709856000,201.84,203.8,198.46,198.49,9010175.0
1710115200,194.21,196.07,189.8,192.49,14160620.0
1710201600,188.235,188.58,183.16,184.24,18714750.0
1710288000,183.16,185.97,182.08,182.35,10196150.0
1710374400,182.0,184.9399,180.52,181.15,10016190.0
1710460800,180.99,184.18,180.91,182.53,10800680.0
1710720000,180.26,181.19,177.5194,179.84,9497831.0
1710806400,180.11,181.86,179.735,181.14,7648033.0
1710892800,178.99,188.297,178.6,187.78,12770000.0
1710979200,189.79,190.3843,187.55,187.7,7436385.0
1711065600,188.75,192.94,188.19,188.85,7826970.0
1711324800,196.01,196.18,189.5001,191.41,12952960.0
1711411200,192.02,192.03,186.81,187.5,8972192.0
1711497600,188.84,191.99,188.33,191.95,7372795.0
1711584000,192.0,193.38,191.2,192.99,4471666.0
1711929600,192.24,192.8673,189.03,189.5,5107773.0
1712016000,189.0,189.23,187.13,188.04,4477218.0
1712102400,187.68,188.78,184.27,184.92,6609307.0
1712188800,185.93,188.0,182.81,183.29,6513806.0
1712275200,184.16,184.66,182.44,183.14,4130401.0
1712534400,182.14,184.55,181.49,181.56,6176429.0
1712620800,181.51,183.05,176.57,178.12,11439940.0
1712707200,176.31,178.1,172.44,174.63,9727732.0
1712793600,174.47,174.7,171.38,173.36,7625110.0
1712880000,172.2,173.24,169.37,169.55,7568297.0
1713139200,170.74,171.18,167.53,167.82,6490657.0
1713225600,168.14,170.64,167.75,170.55,7986725.0
1713312000,170.0,170.85,168.1215,170.21,8162632.0
1713398400,169.48,172.04,169.095,170.23,5123020.0
1713484800,170.0,172.0,169.65,169.82,4693869.0
1713744000,169.82,172.15,168.16,170.48,4724887.0
1713830400,170.95,171.18,168.43,169.18,7632123.0
1713916800,176.5,177.64,162.74,164.33,20889270.0
1714003200,163.59,168.13,159.7,166.81,12504690.0
1714089600,165.98,168.65,164.93,167.22,7208103.0
1714348800,167.9,173.81,167.55,173.49,7805459.0
1714435200,171.49,174.07,167.76,167.84,8248754.0
1714521600,167.5,173.86,167.5,171.46,6206091.0
1714608000,173.0,178.9,172.2501,178.85,10223730.0
1714694400,179.59,180.49,177.9,179.79,5416263.0
1714953600,180.88,183.98,174.71,178.35,11913390.0
1715040000,177.22,178.35,176.13,176.71,5097451.0
1715126400,175.95,181.66,175.95,180.35,4956761.0
1715212800,179.55,181.75,179.31,181.25,5107368.0
1715299200,181.25,181.88,177.92,178.51,3715473.0
1715558400,179.04,180.75,178.07,178.44,3105206.0
1715644800,180.23,183.66,179.63,180.76,4686537.0
1715731200,180.14,180.67,176.17,176.99,5858857.0
1715817600,177.6,183.76,177.25,182.96,6993218.0
1715904000,183.25,185.3799,181.22,184.95,5562368.0
1716163200,184.65,188.63,184.01,186.61,6228560.0
1716249600,185.3,186.39,183.11,184.78,4349117.0
1716336000,184.6,186.8183,183.41,186.28,3785412.0
1716422400,185.79,186.0,171.61,172.21,17115950.0
1716508800,173.2,174.8595,169.57,174.52,9489380.0
1716854400,174.73,178.4914,173.38,175.08,5274390.0
1716940800,173.61,175.8299,171.61,171.65,3666368.0
1717027200,172.64,174.68,171.5501,172.75,3927919.0
1717113600,173.12,177.9,172.21,177.61,5774549.0
1717372800,178.09,186.01,178.0197,184.57,8951574.0
1717459200,185.05,188.84,183.25,188.62,7176817.0
1717545600,187.9,190.34,186.5268,189.85,5943952.0
1717632000,188.83,192.1,187.35,191.42,5942160.0
1717718400,190.46,191.98,189.66,190.24,3374548.0
1717977600,190.0,192.63,189.6,190.12,4388254.0
1718064000,189.32,189.32,182.75,185.5,5010058.0
1718150400,186.5,187.16,181.71,182.67,5245156.0
1718236800,181.74,183.87,178.99,180.7,4201004.0
1718323200,178.9,180.2899,175.22,177.27,5105974.0
1718582400,176.75,180.45,176.32,178.39,4789953.0
1718668800,177.61,178.0,173.82,174.99,6179870.0
1718841600,173.02,176.6489,172.045,176.3,5479280.0
1718928000,176.83,178.41,175.66,176.56,8635096.0
1719187200,176.15,180.6,175.5901,179.1,7388289.0
1719273600,176.29,178.76,173.29,175.1,7695061.0
1719360000,174.96,178.82,173.76,178.5,6553895.0
1719446400,178.91,183.68,178.01,182.51,8198963.0
1719532800,182.6,184.435,180.65,182.01,5899850.0
1719792000,182.2,189.47,182.2,186.7,9056710.0
1719878400,186.34,189.225,184.52,185.42,4110453.0
1719964800,185.05,185.42,182.85,184.31,2764797.0
1720137600,184.0,185.38,182.23,184.83,3290380.0
1720396800,186.94,191.5,182.28,185.84,9878141.0
1720483200,185.11,186.245,183.15,183.24,3955122.0
1720569600,183.6,184.9,182.8,183.73,3583175.0
1720656000,184.17,186.1,183.4,183.91,4843225.0
1720742400,183.73,184.4899,180.45,182.31,5129294.0
1721001600,183.5,183.72,178.88,179.11,5189034.0
1721088000,180.05,187.44,179.2,186.05,8546392.0
1721174400,185.32,188.45,183.79,184.84,4899566.0
1721260800,184.24,187.37,179.88,180.23,5354761.0
1721347200,181.4,181.5,177.39,179.67,5121317.0
1721606400,181.36,182.72,177.23,178.9,4883531.0
1721692800,179.1,187.04,179.0,186.48,7614345.0
1721779200,185.62,187.0,179.97,180.07,5109135.0
1721865600,179.45,188.35,179.45,184.35,6128022.0
1721952000,185.86,189.59,184.63,186.89,6271995.0
1722211200,186.7,187.08,183.83,185.43,3608584.0
1722297600,186.1,188.13,185.15,186.86,4789017.0
1722384000,189.88,196.95,183.86,190.6,15416950.0
1722470400,190.0,191.17,176.69,178.31,13886970.0
1722556800,175.22,175.46,167.25,169.95,11742810.0
1722816000,162.52,167.68,162.5,167.03,9255072.0
1722902400,168.89,169.19,163.39,165.04,5817257.0
1722988800,167.0,167.98,162.99,163.24,5186448.0
1723075200,164.23,169.35,164.0,168.87,6063808.0
1723161600,168.39,169.85,166.9,167.91,3635590.0
1723420800,167.73,168.05,163.519,164.13,4715584.0
1723507200,164.5,168.88,162.62,168.76,6475461.0
1723593600,167.885,169.75,167.33,168.5,3852650.0
1723680000,170.0,176.56,169.98,176.41,5942222.0
1723766400,176.3,180.51,176.3,179.99,6731504.0
1724025600,180.04,180.7,177.63,179.64,3894182.0
1724112000,176.49,177.5,170.04,172.1,9549138.0
1724198400,173.0,174.2,171.04,173.43,4493631.0
1724284800,173.0,175.21,172.3,172.76,2788031.0
1724371200,173.88,176.92,173.17,174.96,4405948.0
1724630400,173.0,174.915,172.3,173.48,4034303.0
1724716800,173.62,173.93,171.25,173.05,3295800.0
1724803200,172.3,174.25,170.15,170.71,4550273.0
1724889600,171.71,175.28,170.62,172.26,4119472.0
1724976000,173.14,174.36,171.49,173.74,4146190.0
1725321600,167.03,169.6,158.3,161.02,17925420.0
1725408000,160.28,166.7,160.28,163.22,7316302.0
1725494400,164.15,164.6163,160.1,162.15,4717520.0
1725580800,162.5,162.85,156.695,157.62,7328641.0
1725840000,162.3,164.55,161.11,162.91,9091545.0
1725926400,162.61,163.9,157.93,160.07,6367077.0
1726012800,159.79,161.8699,156.1,161.33,6664756.0
1726099200,159.42,163.5,159.06,162.77,4756367.0
1726185600,159.78,162.8899,155.6,156.77,19003350.0
1726444800,156.25,157.76,154.02,155.55,9955158.0
1726531200,156.17,158.88,155.14,156.39,8123236.0
1726617600,157.0,158.45,154.8,155.11,7714430.0
1726704000,157.0,157.18,154.27,154.59,9570002.0
1726790400,154.01,154.64,152.6,153.29,13919400.0
1727049600,153.0,158.43,151.65,156.3,12476810.0
1727136000,155.8,155.9,153.69,155.81,7414902.0
1727222400,156.42,157.22,152.045,152.22,9587697.0
1727308800,153.94,157.33,152.66,154.58,11414380.0
1727395200,155.365,157.33,154.39,156.32,7636991.0
1727654400,154.79,155.3,151.24,152.04,10925180.0
1727740800,151.46,156.4,149.49,154.22,12588780.0
1727827200,153.765,154.8499,152.835,152.89,4357023.0
1727913600,152.12,152.74,150.51,150.52,5704814.0
1728000000,152.26,155.0,150.85,155.0,6680591.0
1728259200,155.0,158.7599,154.68,155.91,6267890.0
1728345600,155.99,156.7,154.14,154.65,5336289.0
1728432000,152.05,152.19,148.8,149.37,12488480.0
1728518400,149.07,149.11,146.26,146.62,11275840.0
1728604800,146.3,151.12,146.3,151.02,10688550.0
1728864000,148.0,150.09,146.02,148.99,9736998.0
1728950400,150.5,153.95,148.55,152.35,11241670.0
1729036800,151.91,154.99,151.34,154.9,8356210.0
1729123200,155.0,157.14,154.25,155.31,6291759.0
1729209600,155.84,156.37,153.9,155.0,6030173.0
1729468800,160.25,163.44,158.36,159.82,13277550.0
1729555200,160.5,160.66,158.37,159.88,7380826.0
1729641600,160.0,161.4725,153.53,157.06,15931490.0
1729728000,152.61,155.89,151.98,155.2,9774355.0
1729814400,156.2,157.48,154.5202,155.01,8152969.0
1730073600,153.5,155.2,150.61,150.69,20992480.0
1730160000,147.86,155.99,147.58,152.98,66387680.0
1730246400,152.51,156.91,152.51,154.29,50738360.0
1730332800,154.31,154.48,147.88,149.31,29388200.0
1730419200,152.78,156.0,151.23,154.59,18894510.0
1730678400,154.62,156.72,152.46,155.07,10290390.0
1730764800,157.47,157.66,150.65,151.0,23126640.0
1730851200,152.3,153.2,144.13,147.16,28069290.0
1730937600,148.8,152.8,148.03,150.98,14709240.0
1731024000,151.12,152.6,149.43,151.68,12996810.0
1731283200,152.0,152.5,148.07,148.96,12799080.0
1731369600,148.4,148.5,143.85,145.17,16746650.0
1731456000,145.58,145.58,139.1,139.97,21249600.0
1731542400,140.8,141.55,137.22,138.14,15646710.0
1731628800,138.14,140.3247,137.03,140.19,12120100.0
1731888000,140.255,144.69,138.2,143.87,12259930.0
1731974400,143.0,145.99,142.6901,145.6,8247289.0
1732060800,146.04,147.3,145.0201,146.08,9232114.0
1732147200,146.39,146.42,141.34,143.41,7845135.0
1732233600,143.61,150.339,143.49,149.29,13353080.0
1732492800,150.7,153.28,150.26,153.1,11479410.0
1732579200,152.5,153.1398,149.8,150.76,8234985.0
1732665600,151.11,152.91,150.25,152.4,5210147.0
1732838400,153.0,157.5025,152.85,155.44,7100090.0
1733097600,155.91,160.35,155.7,156.54,10097910.0
1733184000,156.0,156.6486,154.42,155.0,6130313.0
1733270400,155.88,160.2,154.21,158.28,9269316.0
1733356800,158.5,160.02,156.0475,156.67,7119832.0
1733443200,157.03,158.9533,153.37,153.93,8182668.0
1733702400,154.27,161.95,154.27,157.04,13540020.0
1733788800,160.0,166.68,159.42,164.1,17149190.0
1733875200,165.52,169.3,164.381,165.96,13116630.0
1733961600,168.23,168.82,165.6501,167.75,10617740.0
1734048000,168.0,170.43,166.33,169.65,9754901.0
1734307200,168.09,175.2,166.1,173.17,13050710.0
1734393600,173.04,175.7866,171.71,173.03,13557080.0
1734480000,173.28,177.94,171.002,172.62,15437180.0
1734566400,175.0,179.5788,173.72,177.04,14777070.0
1734652800,176.86,182.0,175.31,177.35,23233670.0
1734912000,178.12,179.65,174.2901,177.69,8486421.0
1734998400,177.69,180.95,177.5,179.34,4316969.0
1735171200,178.98,182.57,178.33,180.38,5917678.0
1735257600,180.01,181.43,179.4,180.72,6806925.0
1735516800,173.72,178.17,170.15,176.55,18082310.0
1735603200,177.54,179.3499,175.82,177.0,9748554.0
1735776000,178.31,179.19,169.82,171.87,12449950.0
1735862400,171.4,173.98,169.8,169.9,10513770.0
1736121600,173.5,173.9442,170.19,170.78,11133430.0
1736208000,171.165,175.02,170.8,172.51,7045017.0
1736294400,171.15,173.78,169.61,171.76,5108711.0
1736467200,171.49,173.535,167.41,172.0,7556765.0
1736726400,171.18,172.5,167.91,170.57,6049552.0
1736812800,171.37,171.88,164.62,167.02,7966857.0
1736899200,169.01,169.99,165.9701,166.2,6451034.0
1736985600,166.79,170.6399,166.57,168.93,5812341.0
1737072000,169.795,171.77,169.45,171.09,9557133.0
1737417600,172.38,177.09,171.9321,175.56,8755311.0
1737504000,175.29,176.23,173.88,174.8,5134446.0
1737590400,174.01,178.6699,173.75,178.5,7097348.0
1737676800,176.0,180.43,174.365,176.06,9304227.0
1737936000,175.55,178.18,174.4,175.16,7148613.0
1738022400,181.31,188.48,174.02,177.78,22768850.0
1738108800,179.125,182.55,170.65,173.66,12263460.0
1738195200,174.59,179.94,173.7218,179.53,6996317.0
1738281600,180.51,181.78,175.74,176.52,6116155.0
1738540800,174.11,178.2,173.1277,175.87,6501722.0
1738627200,176.9,177.45,174.25,176.23,4503584.0
1738713600,176.0,181.86,175.505,181.84,7430431.0
1738800000,182.0,185.85,182.0,184.8,6919404.0
1738886400,185.26,186.1087,180.93,181.49,5392310.0
1739145600,183.12,183.55,179.9,180.55,3989106.0
1739232000,179.78,182.14,177.6,180.44,4366651.0
1739318400,178.34,186.27,178.25,186.25,7686842.0
1739404800,187.0,188.24,185.09,185.44,6846329.0
1739491200,186.75,186.82,183.575,184.42,5044712.0
1739836800,185.68,188.66,184.22,184.97,6929627.0
1739923200,185.31,187.2299,181.83,186.15,7264764.0
1740009600,185.58,185.8,180.11,180.88,7863048.0
1740096000,181.28,182.2,174.71,177.15,8980339.0
1740355200,177.475,183.04,176.55,179.91,8392903.0
1740441600,180.45,181.88,176.34,178.27,5613880.0
1740528000,179.49,179.49,171.83,173.04,7111736.0
1740614400,174.52,177.15,173.59,173.83,4695248.0
1740700800,174.36,176.3,173.4811,174.63,5803347.0
1740960000,177.02,178.4,169.46,170.06,6045578.0
1741046400,167.37,168.38,156.69,158.9,15870220.0
1741132800,159.96,164.33,158.81,163.16,7355750.0
1741219200,161.42,162.69,157.94,158.43,6892570.0
1741305600,157.19,158.36,149.05,154.18,12526700.0
1741564800,150.03,150.39,146.3,148.15,10203960.0
1741651200,148.0,155.01,145.45,154.06,10030550.0
1741737600,157.0,159.54,153.6113,158.8,8706890.0
1741824000,159.22,161.74,157.25,159.32,5701556.0
1741910400,160.915,162.32,159.2001,161.81,5215140.0
1742169600,160.5,162.77,159.6235,161.85,5602688.0
1742256000,161.44,162.23,158.79,161.57,4195165.0
1742342400,165.32,174.2,165.0,172.62,14114840.0
1742428800,171.14,173.1,170.31,172.83,4934361.0
1742515200,172.06,183.46,170.77,178.11,26802360.0
1742774400,182.03,184.4,180.4411,180.9,9986066.0
1742860800,182.16,183.85,180.36,182.59,7174436.0
1742947200,182.525,183.2278,177.28,178.55,6633607.0
1743033600,178.53,182.22,178.0334,179.11,4788639.0
1743120000,177.75,178.5,172.45,173.31,8211108.0
1743379200,170.65,172.2099,166.792,170.55,7477456.0
1743465600,170.0,170.975,164.2191,168.17,8252833.0
1743552000,166.4,170.38,165.55,168.56,5826557.0
1743638400,160.0,160.21,150.41,150.91,15877380.0
1743724800,143.3,146.0,132.79,136.59,22281990.0
1743984000,132.05,143.9722,128.8801,138.86,18825030.0
1744070400,146.85,147.77,137.4,139.39,14527900.0
1744156800,138.845,162.43,137.9431,160.82,16775250.0
1744243200,154.98,157.345,149.41,155.52,10374980.0
1744329600,154.62,157.59,152.0,156.84,8810699.0
1744588800,159.82,162.55,157.6001,159.28,7288736.0
1744675200,155.275,159.1201,155.275,155.52,11541120.0
1744761600,154.365,157.6589,153.545,156.47,6809550.0
1744848000,157.13,163.9,157.0,161.9,9227259.0
1745193600,160.0,160.0,156.47,159.34,5703810.0
1745280000,162.5,163.09,158.5,162.52,9147290.0
1745366400,174.0,176.58,169.91,172.37,16264680.0
1745452800,171.2,177.4,169.0,176.26,10984170.0
1745539200,176.5,180.325,175.86,177.95,7644173.0
1745798400,182.75,184.53,180.75,182.3,9302600.0
1745884800,182.52,184.25,181.2,182.0,6795042.0
1745971200,178.47,183.79,177.63,183.24,6266805.0
1746057600,182.85,184.75,182.03,182.89,7322871.0
1746144000,185.0,187.58,184.08,185.46,8695904.0
1746403200,184.39,187.58,184.39,186.46,5413742.0
1746489600,184.71,186.2,183.63,185.96,4947965.0
1746576000,185.0,186.72,183.5,185.56,6098643.0
1746662400,186.76,194.75,186.22,191.7,15344060.0
1746748800,193.55,195.3,192.18,194.85,7669875.0
1747008000,198.16,198.78,193.06,198.53,9340695.0
1747094400,200.295,205.73,199.67,203.42,13509490.0
1747180800,205.8,209.66,204.05,204.72,16872270.0
1747267200,207.35,208.6,205.42,206.24,9583873.0
1747353600,205.69,206.24,203.02,205.82,8496835.0
1747612800,203.0,205.6,202.3,205.25,5740193.0
1747699200,205.0,208.62,205.0,207.67,5875970.0
1747785600,206.6,207.1196,202.43,203.21,6616295.0
1747872000,202.53,204.73,201.85,203.41,3634495.0
1747958400,199.95,203.2,198.75,202.36,5255185.0
1748304000,204.28,205.0,200.88,201.03,5857940.0
1748390400,201.95,202.45,200.215,201.5,5481504.0
1748476800,201.775,212.28,201.5,208.18,16345990.0
1748563200,206.77,207.7,204.35,207.32,7485089.0
1748822400,210.98,212.3409,207.9,211.47,7561816.0
1748908800,212.0,215.8,211.77,213.43,8106080.0
1748995200,214.77,214.99,211.03,211.98,5705277.0
1749081600,212.5,212.99,208.22,209.02,4764376.0
1749168000,210.24,211.11,208.04,210.8,6079682.0
1749427200,211.23,218.8,211.09,217.51,9419229.0
1749513600,217.58,217.9005,213.2514,215.73,8190124.0
1749600000,215.5,216.205,212.2101,214.0,5398772.0
1749686400,202.17,206.34,201.28,203.75,30586620.0
1749772800,200.675,202.23,195.28,200.32,16093450.0
1750032000,200.57,204.0,199.08,201.7,6902665.0
1750118400,201.31,205.3099,198.87,200.26,10844630.0
1750204800,199.0,201.06,196.8,197.68,7928295.0
1750377600,198.66,200.675,197.45,198.75,8934730.0
1750636800,197.825,202.2,197.47,201.31,5875194.0
1750723200,203.0,203.51,200.18,200.94,5900901.0
1750809600,201.0,201.125,198.3,198.9,4690927.0
1750896000,200.41,204.3873,199.7587,202.58,6931728.0
1750982400,205.11,214.81,204.38,214.55,14805410.0
1751241600,213.88,214.71,208.02,209.53,9087110.0
1751328000,209.5,211.8646,206.7696,209.79,5978892.0
1751414400,210.4,214.4,208.25,212.03,5870909.0
1751500800,211.785,217.675,211.67,215.92,4476122.0
1751846400,215.6,218.63,214.5,218.63,5807426.0
1751932800,219.0,220.0,214.72,218.52,6769583.0
1752019200,220.115,230.1999,220.01,226.6,16462270.0
1752105600,226.65,228.4999,223.925,226.09,6116601.0
1752192000,225.425,228.735,225.425,226.84,6631953.0
1752451200,231.4,233.041,227.27,230.51,8750165.0
1752537600,230.12,233.61,228.42,230.0,9156844.0
1752624000,232.13,233.565,227.3016,229.9,7474340.0
1752710400,230.11,232.59,227.75,231.0,7892608.0
1752796800,231.43,232.25,227.52,229.34,5974525.0
1753056000,229.4,232.5,228.02,229.32,4183298.0
1753142400,228.3,230.3084,225.55,228.48,4737715.0
1753228800,230.32,235.27,229.31,233.88,7302875.0
1753315200,233.91,235.23,231.05,231.27,6160163.0
1753401600,232.02,233.31,228.84,233.06,4628468.0
1753660800,233.24,236.63,232.91,236.41,7923759.0
1753747200,239.5,242.6899,225.26,226.08,20163650.0
1753833600,227.84,231.72,224.35,225.84,9354568.0
1753920000,224.02,225.0,221.15,221.84,7824977.0
1754006400,219.45,222.46,215.9,221.9,8572191.0
1754265600,220.15,222.845,218.03,222.34,5997263.0
1754352000,222.37,226.03,221.065,224.86,5687360.0
1754438400,225.7,226.57,224.0448,225.04,3898823.0
1754524800,226.15,230.39,224.5801,227.33,4563135.0
1754611200,227.5,230.9,227.38,229.12,4724210.0
1754870400,229.0,229.32,225.17,225.96,4872738.0
1754956800,226.95,232.61,226.46,232.61,7402161.0
1755043200,233.25,235.5999,229.33,233.37,6670421.0
1755129600,231.65,233.97,230.86,233.19,5320751.0
1755216000,233.36,236.45,231.4277,235.26,6291381.0
1755475200,234.47,235.157,229.11,232.41,8456028.0
1755561600,232.0,232.4316,223.75,225.0,9061071.0
1755648000,224.49,226.3712,223.6001,225.62,5015978.0
1755734400,227.13,227.58,223.71,224.46,6101140.0
1755820800,225.41,233.7,225.24,230.12,8678400.0
1756080000,229.6,230.25,226.6,226.87,4757569.0
1756166400,228.0,234.83,227.98,234.83,7380162.0
1756252800,235.36,236.34,232.4,235.62,4757422.0
1756339200,235.85,237.35,234.495,236.16,4039590.0
1756425600,236.13,238.05,233.17,234.68,5008622.0
1756771200,231.28,238.33,230.8,237.38,6339117.0
1756857600,237.06,237.06,230.7601,232.38,5998971.0
1756944000,233.01,233.095,229.21,230.75,4093163.0
1757030400,231.8,232.2299,225.5,229.61,8203594.0
1757289600,231.7,232.2,228.09,230.95,5954965.0
1757376000,231.01,232.28,228.45,229.52,5510373.0
1757462400,229.6,230.1,226.5852,227.52,4949531.0
1757548800,228.0,229.6899,219.65,219.99,12010820.0
1757635200,219.89,220.0,215.7,215.94,11094880.0
1757894400,216.25,217.255,214.07,215.75,6896201.0
1757980800,216.86,217.1299,213.75,215.02,6330606.0
1758067200,215.59,218.05,213.13,214.63,6019533.0
1758153600,215.23,217.4,213.7,215.66,6414004.0
1758240000,217.73,217.73,213.6238,215.65,10513700.0
1758499200,215.17,215.9,211.427,212.09,7467722.0
1758585600,217.12,219.82,214.01,216.34,12760880.0
1758672000,217.555,218.1828,214.77,215.1,7354816.0
1758758400,214.87,216.855,211.98,213.53,6649306.0
1758844800,223.36,224.1,219.11,221.26,17281720.0
1759104000,222.365,222.81,215.12,217.08,11290580.0
1759190400,217.095,217.6799,212.83,215.83,9289288.0
1759276800,214.01,215.63,213.7,215.2,7177980.0
1759363200,215.45,218.86,215.31,217.43,8281070.0
1759449600,216.75,218.83,215.25,216.3,6634085.0
1759708800,217.865,221.8,215.9,219.73,7665295.0
1759795200,220.11,223.95,219.2,221.82,7610613.0
1759881600,222.73,226.19,221.4703,225.32,6189701.0
1759968000,225.7,225.7,215.9,216.0,12974800.0
1760054400,217.0,217.9,210.73,210.73,10647880.0
1760313600,212.09,215.8,212.06,215.56,5657285.0
1760400000,213.54,217.945,212.235,214.3,5975722.0
1760486400,215.035,215.93,212.48,214.0,5055634.0
1760572800,214.66,214.96,210.66,211.89,5555177.0
1760659200,210.91,214.68,210.75,212.94,6482738.0
1760918400,215.13,217.38,214.56,216.82,5865087.0
1761004800,217.21,217.7,215.55,217.26,4209532.0
1761091200,216.68,217.4,213.8,216.59,6310337.0
1761177600,216.4,219.3,216.25,217.77,5356227.0
1761264000,219.04,221.74,218.51,221.35,5238106.0
1761523200,222.78,223.58,221.82,223.0,6084302.0
1761609600,224.36,225.56,222.6,223.33,7027188.0
1761696000,221.36,221.895,212.5,213.58,20940090.0
1761782400,210.01,210.28,200.02,200.08,19417010.0
1761868800,201.25,202.6,198.3,201.02,10696570.0
1762128000,202.04,205.66,201.58,204.55,8103855.0
1762214400,201.8,202.22,197.57,198.05,8619584.0
1762300800,197.75,198.5092,195.31,197.62,9885668.0
1762387200,198.1,201.27,195.45,196.5,7740505.0
1762473600,195.5,195.8454,191.49,194.61,7869450.0
1762732800,195.89,196.44,193.19,194.81,7447353.0
1762819200,194.74,196.4,194.35,195.21,5783435.0
1762905600,195.75,196.66,193.8,195.5,8288337.0
1762992000,195.63,196.2,193.11,194.58,6739302.0
1763078400,192.88,197.0251,192.15,194.52,6189760.0
1763337600,194.84,194.84,190.2308,191.81,5877792.0
1763424000,190.0,191.155,187.85,189.63,8195765.0
1763510400,189.21,189.21,183.01,185.7,12550370.0
1763596800,187.74,188.1,178.42,179.38,13706380.0
1763683200,180.56,181.43,176.77,179.7,10133970.0
1763942400,180.31,180.31,177.3001,179.12,9385960.0
1764028800,179.49,183.4788,177.5201,182.44,9676194.0
1764115200,184.0,188.18,183.03,186.92,7644480.0
1764288000,187.87,189.75,186.91,189.0,3757048.0
1764547200,188.96,189.95,186.41,186.46,6763665.0
1764633600,198.3,205.775,195.5101,205.38,22624040.0
1764720000,204.6,205.85,197.4,202.54,14139920.0
1764806400,202.85,202.89,198.53,201.87,9513314.0
1764892800,201.4,202.95,200.56,201.89,6857199.0
1765152000,203.61,206.86,202.56,206.27,8823854.0
1765238400,205.35,207.1,200.02,200.37,9101870.0
1765324800,200.37,201.35,198.35,198.72,15159610.0
1765411200,198.725,201.86,198.05,200.71,7917771.0
1765497600,202.2,206.1242,201.5848,204.38,7069695.0
1765756800,204.38,206.63,203.17,205.5,6721568.0
1765843200,205.0,208.65,204.39,206.71,6120247.0
1765929600,206.775,210.66,205.82,206.33,7301074.0
1766016000,207.99,210.55,207.66,208.27,5652149.0
1766102400,209.76,215.975,209.265,214.08,14793700.0
1766361600,215.34,217.15,214.22,216.84,5458894.0
1766448000,216.9,217.56,215.32,216.85,4496293.0
1766534400,217.0,219.27,216.19,218.16,2943466.0
1766707200,218.05,218.67,216.14,216.44,2801514.0
1766966400,215.9,218.14,215.1066,217.25,5291972.0
1767052800,219.14,221.88,218.4,218.5,5653521.0
1767139200,218.93,219.315,216.14,217.12,5563028.0
1767312000,218.15,227.77,215.24,227.77,11261010.0
1767571200,228.79,230.9599,227.5,228.13,8278835.0
1767657600,229.225,231.64,228.6,229.84,6714333.0
1767744000,232.15,233.57,227.3111,228.12,9693055.0
1767830400,231.79,233.11,225.1,227.38,7126824.0
1767916800,228.34,235.135,228.3,234.53,8621614.0
1768176000,234.29,239.95,234.0,239.81,7893957.0
1768262400,241.12,247.3999,240.1,244.55,11460520.0
1768348800,244.44,244.885,239.6,242.61,7748606.0
1768435200,244.38,248.7497,243.9657,247.74,6517157.0
1768521600,247.75,248.19,244.96,247.68,5944233.0
1768867200,244.4,249.52,243.7004,249.0,11293180.0
1768953600,248.89,251.31,244.68,250.07,8160650.0
1769040000,252.0,254.14,249.78,251.41,9742580.0
1769126400,252.74,253.77,249.02,252.15,7078683.0
1769385600,251.49,251.59,247.405,248.43,8469160.0
1769472000,242.5,254.3499,238.75,244.56,20509200.0
1769558400,244.09,245.86,237.1,241.59,9999181.0
1769644800,242.075,243.7699,233.35,234.04,9142526.0
1769731200,233.5,234.65,229.94,233.72,6916107.0
1769990400,232.64,236.29,230.33,233.02,6105284.0
1770076800,236.42,238.85,228.96,233.15,7655243.0
1770163200,233.24,236.57,229.91,235.95,7053394.0
1770249600,234.11,240.3292,232.6,236.95,7377317.0
1770336000,239.4,246.3,239.4,243.03,6701183.0
1770595200,242.0,245.84,240.5,244.71,4707198.0
1770681600,245.0,247.86,240.86,242.59,5184355.0
1770768000,244.48,244.7,235.5,236.26,5791019.0
1770854400,239.26,245.67,235.9675,239.35,6980769.0
1770940800,241.24,246.51,240.72,242.96,6835444.0
1771286400,243.61,245.42,238.93,244.04,4864738.0
1771372800,244.55,245.08,238.6,238.93,4922987.0
1771459200,238.91,240.0,233.42,233.71,5827523.0
1771545600,232.63,236.08,231.14,232.03,5460857.0
1771804800,231.5,233.5,227.455,230.44,5380030.0
1771891200,229.27,236.13,228.3901,233.39,4408870.0
1771977600,234.1,234.16,229.185,230.36,4442585.0
1772064000,230.375,230.655,225.67,229.41,4613296.0
1772150400,227.47,228.8,224.91,227.53,6278091.0
1772409600,226.0,230.23,223.62,229.74,4708971.0
1772496000,225.75,226.5,221.11,224.12,6211644.0
1772582400,226.38,227.53,221.79,227.31,5068718.0
1772668800,226.12,227.681,218.13,222.06,7199285.0
1772755200,219.475,231.96,218.64,231.11,10684690.0
1773014400,226.75,227.59,220.4463,225.0,8400123.0
1773100800,224.1,226.11,217.03,217.76,9285330.0
1773187200,217.94,217.94,213.53,214.1,7937357.0
1773273600,212.21,212.6082,204.3,204.76,10758600.0
1773360000,205.0,210.84,204.9154,209.89,8926573.0
1773619200,210.75,216.15,210.75,213.47,7347110.0
1773705600,214.68,217.15,206.67,210.82,7308124.0
1773792000,209.0,210.5,205.75,205.99,5881862.0
1773878400,203.05,203.05,197.46,201.18,9967614.0
1773964800,201.05,201.99,192.54,195.12,12925360.0
1774224000,198.91,201.6899,197.19,198.41,6247902.0
1774310400,196.11,197.62,194.3601,196.42,5691834.0
1774396800,198.19,200.745,198.0,199.61,5055934.0
1774483200,197.3,198.2389,194.27,194.36,5772621.0
1774569600,192.925,193.639,189.28,190.52,6000068.0
1774828800,191.48,192.4999,187.72,189.21,6606118.0
1774915200,191.13,199.33,190.35,199.03,9668311.0
1775001600,203.5,210.28,203.5,207.32,9664532.0
1775088000,203.0,208.78,202.3,208.22,6698574.0
1775433600,207.37,212.4,207.37,212.3,4172271.0
1775520000,211.01,211.9899,206.92,210.0,4084754.0
1775606400,218.935,220.85,216.0001,217.8,6267155.0
1775692800,216.0,221.29,216.0,220.06,4768685.0
1775779200,220.17,220.37,216.66,217.63,4829021.0
1776038400,216.25,222.21,215.46,222.14,4136876.0
1776124800,221.69,225.1,221.3201,223.77,4820884.0
1776211200,224.18,224.72,221.645,223.93,4397655.0
1776297600,225.0,225.1,215.4,218.88,7089589.0
1776384000,223.07,230.24,222.5,223.38,8874871.0
1776643200,222.23,225.37,220.3521,225.08,5014519.0
1776729600,223.29,225.66,218.9,219.16,7566292.0
1776816000,227.05,232.6,221.22,231.28,15779510.0
1776902400,231.51,235.91,228.77,234.15,8087561.0
1776988800,234.99,236.45,232.065,232.44,5732696.0
1777248000,233.0,235.45,229.39,231.33,4402564.0
1777334400,231.05,231.33,227.07,230.72,3807811.0
1777420800,230.22,230.255,221.15,224.11,6377690.0
1777507200,225.9,229.55,224.612,229.03,4841260.0
1777593600,230.4,231.51,227.26,227.38,3494200.0
1777852800,226.49,227.87,221.04,221.3,4860877.0
1777939200,223.1,225.56,221.74,224.38,3852073.0
1778025600,230.93,232.08,228.1,229.93,7166917.0
1778112000,231.45,236.63,229.6,231.03,8489752.0
1778198400,233.8,238.535,231.75,237.36,7525266.0
1778457600,239.44,241.21,236.52,238.21,6267001.0
1778544000,239.0,239.02,231.11,236.87,7041013.0
1778630400,237.23,242.27,234.4,240.6,7438701.0
1778716800,243.52,244.07,227.5,229.21,17761090.0
1778803200,226.845,226.85,220.45,220.49,9479889.0
1779062400,220.48,221.17,216.79,220.61,6568249.0
1779148800,218.84,220.05,214.0,215.01,5355349.0
1779235200,216.8,223.02,216.5,222.2,7708546.0
1779321600,219.39,221.17,215.72,219.61,6412808.0
1779408000,220.85,221.11,217.165,219.02,4647101.0
1779753600,221.3,222.41,217.91,218.9,5914621.0
1779840000,221.5,226.9,220.6975,224.3,11055750.0
1779926400,224.0,229.91,222.845,228.78,6526388.0
1780012800,228.44,232.3,226.25,231.15,6941936.0
1780272000,228.36,228.8,222.21,224.3,6400905.0
1780358400,222.52,224.69,215.01,217.7,7655583.0
1780444800,216.1,216.35,209.63,210.58,9105901.0
1780531200,213.0,221.6,212.8,217.42,8054968.0
1780617600,216.58,218.37,213.63,215.45,4804004.0
1780876800,216.3,217.79,215.0,215.92,3711679.0
1780963200,216.5,220.01,212.23,214.51,5198844.0
1781049600,213.065,213.7,207.95,209.0,7038093.0
1781136000,209.84,221.77,209.8001,221.63,6651482.0
1781222400,222.37,223.505,216.7,219.05,5665772.0
1781481600,225.3,231.34,225.22,228.95,8596025.0
1781568000,229.47,230.3,225.3,227.49,3705879.0
1781654400,227.02,230.54,225.3,225.63,5006775.0
1781740800,227.75,228.99,220.12,222.72,8822530.0
1782086400,223.0,223.55,220.11,220.83,4300331.0
1782172800,218.89,221.48,216.64,216.71,4572503.0
1782259200,218.19,222.25,217.68,220.25,4354330.0
1782345600,220.6,224.13,217.16,218.12,4692987.0
1782432000,217.55,222.5799,215.36,217.25,11704460.0
1782691200,218.63,219.51,213.945,214.69,5848497.0
1782777600,216.5,219.23,214.73,216.47,7013690.0
1782864000,217.26,220.75,216.16,218.58,4205552.0
1782950400,221.0,227.52,220.68,226.49,6055010.0
1783296000,227.15,234.847,227.0,234.54,7029219.0
1783382400,235.9,237.48,230.46,231.68,4364665.0
1783468800,227.0,228.9,222.75,224.95,4732789.0
1783555200,225.3,225.5,222.69,223.11,3474456.0
1783641600,223.69,223.8399,219.5671,222.28,3828278.0
1783900800,222.0,222.0,215.11,215.51,4675669.0
1783987200,216.96,220.29,216.38,217.11,3849696.0
1784073600,217.79,221.93,217.25,218.12,3305087.0
1784160000,216.52,217.96,214.2,214.34,4763946.0
1784246400,211.5,216.96,211.0,214.03,4220491.0
1784505600,216.18,216.73,208.7036,209.48,5896694.0
1784592000,209.48,211.7,203.9,204.8,10037890.0
1784678400,205.0,209.25,204.88,208.65,6061392.0
1784764800,206.0,211.3,205.06,209.23,4853841.0
1784851200,210.09,212.49,208.4,209.52,3742692.0
1785110400,212.54,215.22,211.1501,211.5,6657287.0
1785196800,214.0,223.77,209.35,221.56,10472510.0
1785283200,218.5,219.79,210.54,214.01,9035346.0
1785369600,214.94,221.64,213.0,220.9,5664794.0
1785456000,221.16,221.5,211.3,216.14,7320678.0
1785715200,221.0,234.0886,219.21,233.49,10994650.0
1785801600,236.76,238.17,232.88,237.16,7932121.0
1785888000,237.95,241.0895,236.6183,240.19,6574748.0
1785974400,240.0,240.37,231.33,232.19,7130512.0
1786060800,234.06,235.595,230.86,234.42,4107486.0
1786320000,234.25,236.49,231.68,232.79,3678064.0
1786406400,235.61,237.11,232.83,233.24,2771910.0
1786492800,234.3,234.59,229.25,231.2,3372839.0
1786579200,232.27,233.58,228.18,230.33,2971436.0
1786665600,231.63,233.43,229.88,231.67,2649144.0
1786924800,230.34,231.3458,225.95,225.95,5020273.0
1787011200,225.1,226.11,222.58,223.06,4772502.0
1787097600,223.51,224.2,220.2,222.2,5797533.0
1787184000,220.4,221.11,214.12,215.1,7860587.0
1787270400,215.67,216.46,212.75,214.2,6242112.0
1787529600,212.86,213.31,208.7,210.46,7144068.0
1787616000,212.495,212.94,210.11,211.08,4854618.0
1787702400,211.78,212.6,209.66,212.09,4365792.0
1787788800,211.51,211.94,209.11,209.89,4461315.0
1787875200,209.99,210.6097,207.55,209.82,4571015.0
1788134400,208.5,208.7699,206.27,207.78,5217647.0
1788220800,206.7,208.11,205.5,205.66,5017053.0
1788307200,207.0,210.65,206.42,208.87,6433555.0
1788393600,209.94,211.055,205.8332,210.51,6262052.0
1788480000,209.44,212.26,208.8,212.25,4590661.0
1788825600,212.1,215.29,210.59,210.73,4373906.0
1788912000,209.98,212.22,206.42,206.42,4374157.0
1788998400,205.735,208.82,204.67,204.8,4632522.0
1789084800,207.56,211.62,207.22,210.45,4141209.0
1789344000,208.21,211.89,207.9823,210.27,3383979.0
1789430400,210.87,212.4,208.6463,209.69,3600731.0
1789516800,210.19,212.22,197.01,201.96,12877410.0
1789603200,202.25,203.6426,197.0,197.0,11790490.0
1789689600,196.83,199.63,195.46,198.2,9834402.0
1789948800,200.45,202.2,198.13,201.15,6351805.0
1790035200,203.0,203.3293,197.14,197.72,7837116.0
1790121600,197.975,204.065,197.975,199.93,10022930.0
1790208000,198.62,199.49,194.4,196.8,9625000.0
