timestamp,open,high,low,close,volume
1474848000,82.2,82.68,82.01,82.37,3340788.0
1474934400,82.19,82.88,81.67,82.88,4295422.0
1475020800,83.25,86.66,83.135,86.59,9493892.0
1475107200,86.28,88.85,86.28,87.47,10614850.0
1475193600,87.99,88.98,87.81,88.77,6375172.0
1475452800,88.23,89.19,88.17,88.28,4289681.0
1475539200,88.5,88.95,87.18,87.51,4743263.0
1475625600,88.12,89.87,88.04,89.42,5186492.0
1475712000,88.96,89.66,88.71,89.29,3786140.0
1475798400,89.52,89.74,87.94,88.47,3767688.0
1476057600,89.1,89.5,88.14,88.22,3784633.0
1476144000,89.1,89.32,87.26,87.47,6471919.0
1476230400,87.5,87.75,87.02,87.58,3949459.0
1476316800,86.9,87.07,86.26,86.97,5670991.0
1476403200,87.83,88.42,87.56,87.67,3600373.0
1476662400,87.38,87.72,86.9,87.29,4467385.0
1476748800,88.11,88.2,86.77,87.22,3715717.0
1476835200,87.31,88.28,86.86,88.0,5941848.0
1476921600,87.06,87.27,86.23,86.63,4576568.0
1477008000,85.73,86.625,85.36,86.33,3591514.0
1477267200,86.12,87.13,85.54,85.99,5093380.0
1477353600,85.86,87.65,83.88,84.48,11637040.0
1477440000,83.81,84.39,82.88,84.13,6581785.0
1477526400,84.28,84.344,82.71,83.01,5001581.0
1477612800,83.32,84.17,83.0,83.88,4974317.0
1477872000,84.19,84.375,83.41,83.46,4678818.0
1477958400,83.47,83.65,81.65,82.24,5139545.0
1478044800,82.15,82.15,80.33,81.11,5228343.0
1478131200,81.64,81.67,80.68,81.27,3858889.0
1478217600,81.34,82.9,80.59,82.31,5745733.0
1478476800,83.74,84.16,82.97,83.75,3786285.0
1478563200,83.77,85.0,83.06,84.68,3405033.0
1478649600,89.78,93.2,89.36,91.2,19277980.0
1478736000,92.04,94.95,91.84,93.45,14171290.0
1478822400,93.39,94.34,91.82,93.01,7369657.0
1479081600,93.25,95.5,93.02,94.17,7542631.0
1479168000,93.46,94.46,92.64,94.44,4644143.0
1479254400,93.77,94.3999,92.835,93.35,3296739.0
1479340800,93.5,93.5,92.4,92.78,3941787.0
1479427200,93.01,93.4,91.9,92.34,4715335.0
1479686400,93.13,93.85,92.78,92.9,3783184.0
1479772800,93.4,93.71,92.8,93.62,3169125.0
1479859200,94.81,96.42,94.22,96.18,6565133.0
1480032000,95.96,96.44,95.21,95.81,2006880.0
1480291200,95.51,95.86,94.47,94.9,4909378.0
1480377600,94.0,94.57,93.63,94.04,3805970.0
1480464000,95.75,95.895,94.35,95.56,4641127.0
1480550400,96.0,97.39,94.05,96.24,9359353.0
1480636800,95.36,96.15,94.93,95.14,5037265.0
1480896000,95.87,95.99,94.15,94.45,4978333.0
1480982400,94.1,95.31,94.07,95.22,3663041.0
1481068800,95.25,97.33,94.93,97.33,4899878.0
1481155200,97.26,97.4,96.13,96.27,3860982.0
1481241600,96.23,96.3,95.19,95.53,6549027.0
1481500800,96.01,96.65,94.91,95.08,3596715.0
1481587200,95.74,96.5,95.18,96.02,3756350.0
1481673600,95.77,96.0,93.61,93.74,5645444.0
1481760000,93.8,94.73,93.05,94.53,4200132.0
1481846400,94.35,94.48,92.53,92.58,7872661.0
1482105600,91.93,92.78,91.0,92.71,3856124.0
1482192000,93.64,94.83,93.3,94.34,4302146.0
1482278400,94.26,94.3,93.68,93.82,2829109.0
1482364800,93.78,94.45,93.72,94.12,2534361.0
1482451200,93.79,94.4,93.64,94.32,1545045.0
1482796800,94.34,94.8,94.1,94.55,1735350.0
1482883200,94.6,94.9,92.82,93.15,2677381.0
1482969600,93.28,93.85,93.0,93.29,2387127.0
1483056000,93.04,93.25,92.33,92.74,3471092.0
1483401600,94.0,95.19,93.25,93.99,5052638.0
1483488000,94.46,94.5,93.43,93.57,3765021.0
1483574400,93.18,94.46,92.42,93.0,4698708.0
1483660800,93.45,93.6,92.41,93.04,4023025.0
1483920000,92.93,93.49,92.2,92.37,3094898.0
1484006400,92.98,94.44,92.77,93.83,3979451.0
1484092800,94.47,94.75,93.39,94.65,3718702.0
1484179200,94.37,94.37,92.78,93.99,3102819.0
1484265600,94.07,94.625,93.68,94.48,2607828.0
1484611200,94.24,94.2899,93.22,93.57,5039334.0
1484697600,92.79,93.42,92.53,93.33,3424401.0
1484784000,93.58,93.98,92.96,93.38,3539204.0
1484870400,94.01,95.0,93.62,94.58,5034505.0
1485129600,94.6,94.74,93.56,94.46,3252333.0
1485216000,95.02,96.73,94.8,96.24,5762621.0
1485302400,97.82,98.59,97.32,98.15,7546364.0
1485388800,98.45,98.98,96.0187,97.22,9093264.0
1485475200,97.69,99.46,97.5,98.99,6370078.0
1485734400,98.4,98.59,96.57,96.79,5217553.0
1485820800,96.59,96.63,94.59,95.66,5724315.0
1485907200,95.81,96.52,94.4,95.11,3579425.0
1485993600,94.77,95.13,93.5,93.77,3807277.0
1486080000,94.32,94.449,92.81,93.28,4672668.0
1486339200,92.81,93.12,92.43,92.87,4620901.0
1486425600,94.32,94.9229,93.02,93.31,4987696.0
1486512000,93.0,93.0,92.11,92.91,4081140.0
1486598400,93.06,94.18,92.69,93.96,3994278.0
1486684800,94.87,96.62,94.5,96.31,5592191.0
1486944000,97.69,99.045,97.16,98.5,6987814.0
1487030400,98.29,98.74,97.26,98.09,4340964.0
1487116800,98.11,99.02,98.0,99.02,4323659.0
1487203200,99.05,99.07,97.8,98.26,3061373.0
1487289600,98.07,98.95,97.54,98.85,3631347.0
1487635200,98.87,99.2,97.92,98.1,3916566.0
1487721600,98.04,98.73,97.62,98.2,3029629.0
1487808000,98.44,98.5,95.12,95.55,6016336.0
1487894400,94.86,95.5,93.5,95.48,5018139.0
1488153600,95.48,97.52,95.115,97.44,5444727.0
1488240000,97.24,97.6,96.44,96.66,3951544.0
1488326400,98.2,98.97,97.43,98.58,5564883.0
1488412800,98.49,98.73,92.84,94.36,23046670.0
1488499200,94.36,95.9,94.21,95.12,8177332.0
1488758400,94.32,95.94,94.1,95.66,4705730.0
1488844800,95.65,96.23,94.76,95.93,4679052.0
1488931200,94.1,95.48,92.86,93.23,9358547.0
1489017600,92.45,93.22,90.41,91.39,9260862.0
1489104000,91.89,93.1,90.81,92.31,7166654.0
1489363200,93.33,93.53,92.26,92.64,4376132.0
1489449600,91.22,92.0,90.62,91.86,5780708.0
1489536000,92.37,93.79,92.06,93.36,6433589.0
1489622400,93.97,94.09,92.641,92.85,3717728.0
1489708800,92.99,93.32,92.65,92.91,7141019.0
1489968000,93.13,95.48,92.89,95.4,6516100.0
1490054400,95.38,95.39,92.09,92.43,7716908.0
1490140800,92.0,93.13,91.72,92.43,5034542.0
1490227200,92.45,93.0,91.96,92.23,2586023.0
1490313600,92.24,93.24,91.56,92.15,3634394.0
1490572800,90.9,91.97,90.34,91.51,3424648.0
1490659200,91.56,93.16,91.51,92.95,3865934.0
1490745600,92.76,93.249,92.4,92.86,2513700.0
1490832000,92.98,93.37,92.4,93.22,3672610.0
1490918400,92.63,93.24,92.02,92.76,4020434.0
1491177600,92.43,92.84,91.0,92.27,3685817.0
1491264000,93.89,94.78,93.06,94.13,5797442.0
1491350400,94.92,96.7299,93.96,94.24,6059795.0
1491436800,94.42,96.42,94.26,95.82,5400351.0
1491523200,95.87,96.62,95.42,95.52,4463758.0
1491782400,96.31,97.89,96.1,97.14,5147492.0
1491868800,97.3,97.308,95.67,97.1,4250332.0
1491955200,96.69,96.77,94.66,94.86,4772740.0
1492041600,94.6,94.86,93.09,93.1,4702594.0
1492387200,93.69,94.35,93.49,94.14,3715091.0
1492473600,93.5,94.54,93.12,94.39,3310616.0
1492560000,94.86,95.97,93.29,93.47,5550323.0
1492646400,93.28,94.96,92.98,94.66,4852017.0
1492732800,95.19,95.25,93.81,94.32,4128536.0
1492992000,95.84,97.06,95.8,96.81,6738618.0
1493078400,102.88,104.89,102.0,104.42,18377380.0
1493164800,103.8,105.98,103.64,104.66,9850139.0
1493251200,104.05,104.24,102.56,102.68,6726895.0
1493337600,102.83,103.53,102.23,102.26,4015723.0
1493596800,102.65,102.99,101.41,102.0,4512392.0
1493683200,102.27,102.71,101.25,101.51,4349687.0
1493769600,101.04,102.17,100.78,101.54,4278364.0
1493856000,101.44,101.5,98.635,99.39,7271384.0
1493942400,99.5,99.9869,99.02,99.64,4085739.0
1494201600,99.48,100.1,98.94,99.37,5094482.0
1494288000,99.72,100.21,99.25,99.29,9741241.0
1494374400,99.72,100.71,99.301,100.36,4697168.0
1494460800,101.9,101.9189,100.15,100.99,5220099.0
1494547200,100.59,100.95,100.17,100.71,4111272.0
1494806400,101.59,102.56,101.41,102.42,3745394.0
1494892800,102.75,102.8,101.27,102.34,3115839.0
1494979200,101.0,101.65,99.89,100.14,4614556.0
1495065600,99.14,100.67,97.74,100.22,5931447.0
1495152000,101.57,102.86,101.27,102.43,4636534.0
1495411200,102.67,103.05,101.81,102.29,4376457.0
1495497600,102.3,103.75,102.06,103.63,3327299.0
1495584000,103.33,104.91,103.15,103.95,5173205.0
1495670400,104.45,105.935,104.24,105.02,5220292.0
1495756800,105.0,105.71,104.62,105.66,2892575.0
1496102400,105.26,105.86,105.01,105.47,3211245.0
1496188800,105.25,105.76,103.6,105.43,4126015.0
1496275200,105.77,106.43,105.16,105.65,4211071.0
1496361600,105.67,106.76,105.18,105.95,3702809.0
1496620800,105.58,107.17,105.14,105.2,4319247.0
1496707200,104.79,105.52,104.06,104.55,3799843.0
1496793600,104.3,104.69,102.45,103.51,5120728.0
1496880000,103.8,105.39,103.61,105.01,4640253.0
1496966400,105.09,107.02,105.03,105.92,3880545.0
1497225600,105.65,106.3489,104.9,106.07,4167423.0
1497312000,106.18,106.66,105.505,105.75,3522708.0
1497398400,105.8,105.99,103.99,104.71,4097520.0
1497484800,103.8,106.64,103.8,106.4,5973559.0
1497571200,106.76,107.91,106.4,107.6,7347285.0
1497830400,107.95,108.04,106.67,107.49,4251478.0
1497916800,108.06,108.18,106.915,107.04,5314080.0
1498003200,106.63,106.76,103.15,103.47,6269219.0
1498089600,103.57,104.66,103.49,103.84,3652480.0
1498176000,102.5,104.27,102.3047,104.11,12089700.0
1498435200,104.66,105.63,103.44,104.25,2857661.0
1498521600,104.5,105.23,103.69,103.93,3379876.0
1498608000,104.85,106.63,104.76,106.45,4118284.0
1498694400,106.45,106.97,104.81,105.64,3546461.0
1498780800,106.1,108.04,105.83,107.46,4701617.0
1499040000,106.51,107.84,106.48,106.97,2404896.0
1499212800,107.0,107.88,106.65,107.49,3483592.0
1499299200,107.23,107.89,106.3,106.51,2917493.0
1499385600,106.61,107.58,105.85,106.92,2715455.0
1499644800,106.73,108.49,106.24,107.84,2951443.0
1499731200,107.91,108.47,107.05,108.24,2559248.0
1499817600,108.92,110.0,108.84,108.96,3611514.0
1499904000,108.89,109.25,107.97,108.47,3047185.0
1499990400,108.55,109.36,108.05,108.77,4480218.0
1500249600,108.0,109.38,107.98,108.84,2969479.0
1500336000,108.22,108.22,106.57,107.07,3983861.0
1500422400,107.3,108.0,107.14,107.85,2857899.0
1500508800,107.88,108.15,107.06,107.32,3749314.0
1500595200,106.71,106.95,105.11,106.59,4257600.0
1500854400,107.86,108.5,107.29,108.18,5962058.0
1500940800,113.24,114.89,111.8,114.54,14260670.0
1501027200,114.25,114.54,113.08,113.52,5741249.0
1501113600,113.72,114.39,113.25,114.37,5579311.0
1501200000,114.45,114.9,113.48,114.1,4542881.0
1501459200,114.5,114.66,113.69,113.95,4483985.0
1501545600,114.27,114.43,112.52,113.1,3669302.0
1501632000,113.15,113.58,112.09,113.09,2824934.0
1501718400,112.85,113.72,112.85,113.56,2438102.0
1501804800,113.88,114.64,113.451,114.35,2615702.0
1502064000,114.48,114.99,114.3,114.71,2269274.0
1502150400,114.59,115.25,114.19,114.41,2576303.0
1502236800,114.39,115.46,114.11,114.34,3170050.0
1502323200,113.89,114.13,112.86,113.15,3186123.0
1502409600,113.07,113.67,112.75,112.85,2130458.0
1502668800,113.46,114.37,113.27,113.71,1964396.0
1502755200,114.0,114.23,113.32,113.65,2825873.0
1502841600,113.81,114.505,113.63,114.12,2268505.0
1502928000,114.0,114.37,113.14,113.14,2862823.0
1503014400,112.99,114.64,112.69,113.92,3871066.0
1503273600,113.75,114.09,113.27,113.6,3122023.0
1503360000,114.21,115.86,114.0,115.82,3878123.0
1503446400,115.0,115.38,114.75,114.75,2440452.0
1503532800,115.0,115.05,114.39,114.78,1860155.0
1503619200,115.47,116.64,115.15,115.35,3265392.0
1503878400,115.76,116.06,114.6593,115.07,2005008.0
1503964800,114.38,116.6,114.3,116.01,4355356.0
1504051200,116.12,117.69,115.8775,117.55,3396657.0
1504137600,117.95,118.83,117.35,117.49,3352395.0
1504224000,117.49,118.82,117.4,118.28,2991131.0
1504569600,118.14,119.13,117.82,118.3,3829929.0
1504656000,118.75,119.185,116.98,116.98,4202032.0
1504742400,117.38,117.93,116.501,117.77,3269851.0
1504828800,117.23,118.85,117.0,117.82,2786671.0
1505088000,118.82,118.92,117.47,118.87,3526616.0
1505174400,119.19,121.39,119.06,120.94,5555061.0
1505260800,120.5,121.0,119.41,119.63,2532224.0
1505347200,119.79,120.79,119.21,120.48,2904121.0
1505433600,121.01,121.57,120.31,121.37,4594605.0
1505692800,123.62,124.43,122.85,123.83,4348537.0
1505779200,123.96,124.93,123.76,124.74,3047878.0
1505865600,124.97,125.2764,124.18,124.85,3149184.0
1505952000,124.52,125.04,123.821,124.79,2363287.0
1506038400,124.58,125.42,124.35,124.43,2613676.0
1506297600,124.37,124.78,123.65,124.32,3268446.0
1506384000,124.7,125.07,124.32,124.51,2301921.0
1506470400,125.21,125.42,124.34,124.52,2119558.0
1506556800,123.91,125.28,123.62,125.23,2042776.0
1506643200,125.35,125.55,124.5144,124.71,2266781.0
1506902400,124.4,124.8299,123.95,124.72,2502142.0
1506988800,124.98,125.53,124.35,125.51,2164717.0
1507075200,125.69,127.09,125.6,126.74,2792330.0
1507161600,126.8,126.91,126.01,126.4,2496266.0
1507248000,126.12,126.99,125.9778,126.93,2697380.0
1507507200,126.92,126.93,125.94,126.88,1976176.0
1507593600,127.52,128.29,127.27,128.19,4414402.0
1507680000,128.17,128.85,127.67,128.6,2160043.0
1507766400,128.4,130.16,128.38,129.99,3394085.0
1507852800,131.0,131.41,129.2041,130.71,3478191.0
1508112000,131.25,132.12,130.94,131.47,2913807.0
1508198400,131.14,131.47,130.3201,130.54,2378439.0
1508284800,130.5,131.65,130.5,131.29,2511412.0
1508371200,131.0,131.63,129.4,131.55,4834978.0
1508457600,131.34,131.91,130.48,131.36,3077680.0
1508716800,131.95,132.3438,131.16,131.68,5538339.0
1508803200,140.06,140.439,136.63,138.24,18872500.0
1508889600,137.21,137.83,134.7901,136.84,7253299.0
1508976000,136.88,138.24,136.85,136.94,5743271.0
1509062400,136.92,138.4,136.9,137.81,4064275.0
1509321600,137.3,137.81,136.48,136.49,3043417.0
1509408000,136.5,136.62,135.0801,135.8,3988296.0
1509494400,135.67,137.3,135.43,136.29,3628085.0
1509580800,136.42,136.99,135.69,136.47,2721013.0
1509667200,136.48,136.95,136.36,136.63,2105357.0
1509926400,136.8,138.45,136.79,137.71,2779289.0
1510012800,137.8,138.9,136.66,138.81,3221905.0
1510099200,138.4,138.75,137.18,137.29,1932525.0
1510185600,136.44,136.75,134.65,135.34,2940567.0
1510272000,135.09,136.89,135.07,136.48,2017639.0
1510531200,135.53,136.55,134.87,136.53,1892941.0
1510617600,138.0,138.12,136.47,137.54,3040368.0
1510704000,136.48,136.76,133.81,134.1,3745838.0
1510790400,135.47,137.41,135.1,136.36,2813553.0
1510876800,135.8,136.36,135.02,136.13,2312700.0
1511136000,136.44,137.81,136.25,136.91,2124008.0
1511222400,137.77,138.0,137.17,137.6,2220417.0
1511308800,138.22,138.42,137.2,138.01,4887659.0
1511481600,138.1,138.42,137.34,137.39,944517.0
1511740800,137.47,138.2698,136.89,137.19,2484226.0
1511827200,137.51,139.0,137.27,138.99,2592388.0
1511913600,139.0,139.21,137.201,138.06,3098166.0
1512000000,138.9,141.33,137.11,141.15,7403615.0
1512086400,141.6,142.4,138.375,141.52,5403510.0
1512345600,144.25,145.19,141.44,141.5,4921987.0
1512432000,141.75,142.19,139.73,140.14,3882722.0
1512518400,140.15,141.14,139.5,140.34,2870759.0
1512604800,139.775,143.0,139.1884,142.89,2963488.0
1512691200,143.87,144.32,142.93,143.86,2489625.0
1512950400,144.63,144.71,143.48,143.77,1913271.0
1513036800,143.49,144.8,143.21,143.42,3389318.0
1513123200,144.18,149.05,144.07,148.57,6483025.0
1513209600,148.85,149.0,145.88,146.28,4615569.0
1513296000,147.35,147.84,145.49,146.69,7926574.0
1513555200,147.75,149.81,146.8,149.77,3533037.0
1513641600,149.9,151.09,148.5301,150.91,3550357.0
1513728000,151.93,152.6,150.7,152.52,3075741.0
1513814400,152.69,155.1,151.81,154.64,4016684.0
1513900800,154.77,155.8,153.95,155.75,2484846.0
1514246400,156.04,156.9799,155.66,156.44,1863079.0
1514332800,156.94,157.69,156.31,157.52,2519604.0
1514419200,157.94,158.65,157.23,158.42,4062636.0
1514505600,158.05,158.4998,157.51,157.58,2615024.0
1514851200,158.3,159.39,156.03,157.04,5106721.0
1514937600,157.04,157.49,155.4,157.28,4144780.0
1515024000,157.89,159.58,157.02,159.44,4865319.0
1515110400,160.26,162.05,159.64,161.96,3942991.0
1515369600,164.11,166.43,162.55,166.03,5925237.0
1515456000,166.33,167.41,165.09,166.43,4522103.0
1515542400,165.9,167.525,164.5,165.87,5477997.0
1515628800,166.9,169.53,165.64,169.2,4193004.0
1515715200,169.99,170.67,169.2251,170.3,4126133.0
1516060800,172.9,173.24,167.57,169.31,8452629.0
1516147200,169.32,170.11,168.5,168.5,5566890.0
1516233600,169.33,170.7599,168.091,168.83,4655102.0
1516320000,169.63,170.45,168.61,170.41,5788598.0
1516579200,170.32,170.91,168.48,170.89,3536573.0
1516665600,172.0,172.05,169.2,169.43,5018555.0
1516752000,171.4,172.45,167.67,168.34,7894705.0
1516838400,173.1,173.1,162.46,169.37,16934220.0
1516924800,168.81,169.0,164.55,167.06,9034651.0
1517184000,165.58,165.88,159.42,162.58,9493795.0
1517270400,160.33,164.71,159.81,163.76,8688742.0
1517356800,164.7,165.79,161.893,162.78,7010123.0
1517443200,161.24,163.74,160.18,162.24,4313709.0
1517529600,160.77,160.8,156.53,157.49,7590088.0
1517788800,154.93,158.93,142.85,151.08,11282640.0
1517875200,148.07,156.5599,146.81,156.41,13890920.0
1517961600,155.36,158.09,154.28,154.34,7154789.0
1518048000,153.85,154.19,145.92,145.99,9090626.0
1518134400,148.71,150.89,142.88,149.21,9520096.0
1518393600,151.87,153.45,150.25,152.29,5753314.0
1518480000,151.25,155.2,151.0,153.97,5359144.0
1518566400,152.39,158.59,152.34,158.06,5554719.0
1518652800,159.8,160.3431,157.48,159.98,4911755.0
1518739200,160.13,161.0,156.0876,156.29,5989486.0
1519084800,155.17,158.25,154.27,155.56,5094090.0
1519171200,155.7,158.4,155.04,155.23,4175101.0
1519257600,156.41,159.78,156.2,158.86,4723076.0
1519344000,159.4,162.48,159.22,162.41,4439117.0
1519603200,163.05,164.05,161.55,163.69,6252407.0
1519689600,163.26,164.6,161.24,161.26,4118329.0
1519776000,161.5,162.34,154.17,154.63,7290461.0
1519862400,153.67,156.19,148.51,150.23,9431126.0
1519948800,149.13,149.88,145.86,146.38,9503202.0
1520208000,145.15,151.86,144.01,151.12,8285924.0
1520294400,152.64,154.98,151.67,153.75,5773507.0
1520380800,150.0,152.27,148.81,151.51,5487465.0
1520467200,151.73,153.97,150.29,153.59,4011831.0
1520553600,155.12,158.42,154.33,158.25,4576028.0
1520812800,158.24,159.34,153.85,154.5,4750542.0
1520899200,156.3,157.87,153.2,153.69,4809415.0
1520985600,154.8,155.2537,151.31,152.54,4872261.0
1521072000,153.18,155.59,151.65,154.57,5261254.0
1521158400,154.32,157.45,153.31,156.46,10892530.0
1521417600,154.24,154.83,150.82,152.15,5473282.0
1521504000,153.0,155.2,152.54,154.06,3556807.0
1521590400,154.16,157.28,153.21,155.8,3883733.0
1521676800,152.87,153.5,146.25,146.9,8208174.0
1521763200,147.7,148.95,143.79,144.29,6521383.0
1522022400,147.82,149.56,145.26,149.19,5447572.0
1522108800,149.9,151.12,145.79,146.99,4914096.0
1522195200,146.99,148.24,143.63,145.16,4932654.0
1522281600,146.21,148.77,145.57,147.38,4208935.0
1522627200,146.44,147.35,141.76,143.89,5384391.0
1522713600,144.8,145.649,142.38,145.06,4841457.0
1522800000,139.88,145.46,138.05,145.18,6185461.0
1522886400,146.51,148.879,146.47,148.13,4548550.0
1522972800,145.77,147.0,140.82,142.99,5676800.0
1523232000,144.8,146.79,142.8,143.08,4004522.0
1523318400,146.75,149.01,145.615,148.09,4017323.0
1523404800,146.68,148.35,146.32,146.79,3031915.0
1523491200,147.64,151.155,147.64,150.14,3943619.0
1523577600,151.75,152.91,148.99,150.23,3599194.0
1523836800,151.74,153.42,150.28,152.14,3052704.0
1523923200,153.34,155.54,153.01,153.31,3814700.0
1524009600,155.19,157.12,154.575,155.95,3084608.0
1524096000,155.39,156.325,153.96,155.7,4008733.0
1524182400,155.25,156.14,152.37,153.25,4056921.0
1524441600,154.65,155.74,152.18,153.99,5324206.0
1524528000,159.75,161.1,143.36,144.44,24111660.0
1524614400,143.83,147.6,142.16,145.19,9827105.0
1524700800,145.32,147.4,144.01,146.31,6551269.0
1524787200,145.67,146.6,144.16,144.72,3860366.0
1525046400,145.21,146.2,143.6,144.36,4764454.0
1525132800,143.08,144.43,140.3,144.42,4999862.0
1525219200,143.99,146.65,143.48,143.86,4503821.0
1525305600,141.69,145.15,138.15,143.78,7700889.0
1525392000,142.24,147.19,141.05,146.37,4671941.0
1525651200,148.18,151.46,148.0,149.82,6851035.0
1525737600,150.65,151.07,148.57,149.93,3849963.0
1525824000,150.75,153.35,150.5,152.61,4653672.0
1525910400,153.2,155.44,152.81,153.97,3907646.0
1525996800,154.25,156.74,153.77,154.86,3507531.0
1526256000,155.61,156.4,154.39,155.28,3562782.0
1526342400,153.82,154.4,151.71,152.59,4124667.0
1526428800,152.55,153.87,152.35,153.8,2685919.0
1526515200,153.7,155.25,152.76,153.69,2869699.0
1526601600,154.15,156.84,154.01,155.71,3888594.0
1526860800,159.26,161.6,158.7,158.92,5847161.0
1526947200,159.03,159.3548,156.14,156.2,3512075.0
1527033600,154.65,158.0,153.7211,157.74,4009243.0
1527120000,157.21,158.3958,156.03,157.7,2890240.0
1527206400,156.92,157.57,155.23,155.85,2359188.0
1527552000,154.26,155.7193,152.64,153.62,3795760.0
1527638400,154.6,155.98,153.84,155.46,2681242.0
1527724800,155.3,155.3099,151.5,151.91,4544759.0
1527811200,153.3,154.19,152.26,153.52,2754854.0
1528070400,154.79,154.93,152.08,152.5,2470550.0
1528156800,152.4,153.1,152.02,153.01,2914777.0
1528243200,153.65,156.54,153.01,156.51,3687682.0
1528329600,157.11,157.93,155.53,156.29,3148591.0
1528416000,156.19,156.65,155.035,155.32,3254014.0
1528675200,155.19,157.08,154.72,156.3,2746510.0
1528761600,156.45,159.19,156.39,157.49,2595125.0
1528848000,157.18,157.35,154.51,154.71,4073137.0
1528934400,155.7,157.36,152.76,153.14,3940705.0
1529020800,150.85,151.0,148.43,150.02,8850581.0
1529280000,148.42,149.46,147.72,148.68,3646638.0
1529366400,146.0,146.3,142.32,143.3,6788431.0
1529452800,144.22,144.69,141.82,143.13,4127788.0
1529539200,142.25,142.39,139.12,139.53,5891701.0
1529625600,140.9,142.5,139.77,139.94,5216238.0
1529884800,138.86,138.98,135.18,136.58,6077644.0
1529971200,136.75,137.33,135.28,135.54,4276945.0
1530057600,136.77,139.46,134.58,134.61,5567575.0
1530144000,134.18,136.72,132.68,136.03,4214223.0
1530230400,136.61,137.85,135.58,135.67,4107437.0
1530489600,133.8,136.43,133.2,136.29,3172344.0
1530576000,137.0,137.3482,133.33,133.83,1837356.0
1530748800,135.01,136.09,134.09,135.81,3346609.0
1530835200,135.11,135.864,133.32,135.41,3179491.0
1531094400,136.22,141.05,136.0953,140.97,5554580.0
1531180800,141.61,141.859,140.144,141.25,3747614.0
1531267200,138.13,139.39,135.84,136.76,5224269.0
1531353600,138.5,139.73,136.83,139.42,4249907.0
1531440000,139.54,141.25,139.07,140.75,2838688.0
1531699200,140.88,140.88,137.901,138.08,3708711.0
1531785600,136.98,139.33,136.53,138.95,3303875.0
1531872000,139.0,141.4999,138.33,141.12,4390858.0
1531958400,139.57,140.54,139.05,139.42,3574635.0
1532044800,138.36,138.58,136.64,136.82,5246825.0
1532304000,136.62,136.8,135.6,136.28,3539243.0
1532390400,138.9,140.6,137.36,137.97,5064654.0
1532476800,138.0,141.05,136.67,140.48,5038428.0
1532563200,140.75,143.55,140.07,142.58,5382775.0
1532649600,143.95,143.95,140.78,142.56,4649228.0
1532908800,145.71,146.7,139.06,139.75,13803830.0
1532995200,141.97,144.78,140.17,143.8,7574592.0
1533081600,142.97,143.0699,138.11,138.54,6353073.0
1533168000,137.07,138.71,135.69,138.01,4192955.0
1533254400,138.2,138.6,137.0746,138.51,3592825.0
1533513600,138.52,140.67,137.97,139.48,3115916.0
1533600000,140.61,143.32,140.3,142.38,4812836.0
1533686400,142.32,142.4,139.26,139.71,3434969.0
1533772800,140.1,140.9,138.25,138.52,3336969.0
1533859200,137.52,137.52,134.73,135.92,6266509.0
1534118400,135.92,136.7259,134.72,135.02,3796100.0
1534204800,135.6,136.4488,134.67,134.92,3460165.0
1534291200,133.25,133.2525,129.43,132.02,5667718.0
1534377600,133.72,136.55,133.65,136.26,5535411.0
1534464000,135.65,140.21,135.44,139.34,6609972.0
1534723200,139.82,140.55,138.56,138.67,3216723.0
1534809600,139.07,140.96,139.07,139.99,2997518.0
1534896000,140.32,140.7,139.36,139.63,2193010.0
1534982400,139.05,139.17,136.42,136.79,3861097.0
1535068800,137.82,138.55,136.89,138.21,2529228.0
1535328000,139.4,142.38,139.3,142.04,4769573.0
1535414400,143.42,143.77,141.485,142.0,3215018.0
1535500800,142.43,142.59,141.29,141.86,3369786.0
1535587200,141.03,141.47,138.45,139.06,4762550.0
1535673600,138.52,140.22,138.38,138.85,4551529.0
1536019200,137.86,139.0,136.93,138.24,3950831.0
1536105600,138.33,141.1,137.68,140.59,4442751.0
1536192000,140.34,141.87,140.0555,141.57,4587469.0
1536278400,140.73,142.14,140.05,141.32,4007162.0
1536537600,141.77,142.51,141.685,142.05,3053497.0
1536624000,140.61,142.45,140.37,142.03,2583134.0
1536710400,141.58,144.75,140.62,144.28,5624692.0
1536796800,145.05,146.46,144.52,145.54,3543704.0
1536883200,145.63,147.2,143.225,144.9,4681217.0
1537142400,144.85,148.06,144.55,146.22,3823842.0
1537228800,147.0,149.28,146.27,149.07,4494759.0
1537315200,149.76,153.11,149.37,152.76,5998886.0
1537401600,155.406,157.72,154.46,156.0,6754120.0
1537488000,156.63,157.29,154.8,156.38,5866687.0
1537747200,156.0,156.1,153.77,154.0,3844517.0
1537833600,154.12,154.5,152.81,154.09,3302025.0
1537920000,153.95,155.1479,152.89,153.17,2955100.0
1538006400,153.02,154.05,151.2,152.47,2673678.0
1538092800,152.0,152.91,150.56,152.49,3599798.0
1538352000,153.61,154.5,151.68,152.28,3683356.0
1538438400,152.29,155.38,151.5,154.82,4341923.0
1538524800,156.0,159.37,155.79,158.22,6023189.0
1538611200,158.03,158.55,155.2,156.75,4130337.0
1538697600,156.51,156.81,151.61,153.31,4955017.0
1538956800,151.95,153.66,150.88,153.35,3457705.0
1539043200,152.61,152.61,149.08,149.46,4993958.0
1539129600,148.7,149.17,143.72,143.72,9382588.0
1539216000,142.95,145.89,139.84,140.97,7599481.0
1539302400,144.02,144.4,139.75,142.07,5580081.0
1539561600,142.0,143.18,141.12,141.8,3741486.0
1539648000,143.35,143.89,141.27,143.71,3566268.0
1539734400,143.08,143.52,141.11,141.34,4805402.0
1539820800,140.16,140.8,134.47,135.8,10247860.0
1539907200,136.19,136.93,131.27,131.32,7031994.0
1540166400,132.68,133.13,128.66,128.71,7849410.0
1540252800,119.68,122.5,115.6201,118.98,24096880.0
1540339200,120.0,121.64,112.25,112.34,15284810.0
1540425600,114.83,117.09,112.5,115.63,13544440.0
1540512000,114.1,116.43,112.3648,115.05,10813960.0
1540771200,116.88,118.35,112.06,113.98,8065786.0
1540857600,114.0,117.74,113.1,117.46,8055832.0
1540944000,119.41,122.885,119.26,121.32,10339020.0
1541030400,122.59,125.23,120.94,124.7,10131580.0
1541116800,127.05,128.3005,124.26,125.79,7617757.0
1541376000,126.09,126.95,124.55,126.41,4843352.0
1541462400,126.4,129.5,126.31,129.33,4726849.0
1541548800,133.52,135.22,130.8836,135.1,7549110.0
1541635200,133.83,134.7,130.9,131.39,6266529.0
1541721600,129.59,129.6,125.73,126.91,7242276.0
1541980800,127.18,128.41,124.59,125.0,5867775.0
1542067200,125.5,129.79,125.2824,125.96,5816530.0
1542153600,127.27,129.0,123.73,125.1,5508378.0
1542240000,124.32,130.282,123.13,129.42,5813648.0
1542326400,128.79,131.92,128.05,129.96,5955796.0
1542585600,129.15,129.49,125.6,125.98,5373322.0
1542672000,123.85,123.97,121.23,122.27,7743905.0
1542758400,122.82,126.216,122.51,123.87,4759377.0
1542931200,121.96,124.05,121.57,122.32,3130084.0
1543190400,123.65,125.79,123.16,124.8,4638200.0
1543276800,124.0,124.6,122.3944,124.6,4047052.0
1543363200,125.3,130.78,123.84,130.77,5739319.0
1543449600,130.8,130.91,127.585,130.23,4938617.0
1543536000,130.05,135.97,129.84,135.67,8447023.0
1543795200,141.88,142.41,138.53,138.95,9352025.0
1543881600,138.08,138.08,129.04,129.32,8105974.0
1544054400,125.22,128.69,124.05,128.37,6567161.0
1544140800,129.1,129.98,122.75,123.55,6394983.0
1544400000,122.41,124.37,121.16,123.39,5510763.0
1544486400,127.18,127.98,122.25,123.24,4447113.0
1544572800,125.74,127.97,125.1,125.37,5531349.0
1544659200,126.45,129.11,125.04,125.9,4543161.0
1544745600,123.42,127.74,123.15,126.77,4478817.0
1545004800,126.8,127.65,123.68,124.47,5628866.0
1545091200,125.87,128.75,123.6,124.27,5373065.0
1545177600,125.07,128.9493,120.8,122.33,6413939.0
1545264000,121.74,124.54,120.755,121.55,7546706.0
1545350400,121.73,123.73,119.57,120.07,10032780.0
1545609600,118.17,119.59,116.67,116.95,2986593.0
1545782400,118.0,124.77,116.09,124.76,4638589.0
1545868800,121.8,126.69,120.93,126.67,4527814.0
1545955200,127.13,128.25,125.05,125.61,3813368.0
1546214400,126.6,128.11,124.5,127.07,3454627.0
1546387200,124.03,127.88,123.0,126.38,4765896.0
1546473600,125.31,125.5,120.4434,121.51,6183460.0
1546560000,124.17,128.59,123.7001,128.15,5444546.0
1546819200,128.59,129.6,126.7,128.23,4551536.0
1546905600,129.9,131.5016,128.23,129.77,4188258.0
1546992000,131.09,132.22,129.91,130.27,4862677.0
1547078400,128.61,133.12,127.25,132.96,3417268.0
1547164800,131.08,132.32,130.05,132.1,2908096.0
1547424000,130.31,132.39,129.13,131.8,4382932.0
1547510400,132.11,133.11,129.56,130.69,3222076.0
1547596800,130.76,132.52,130.2382,131.66,3627006.0
1547683200,130.47,135.9,129.16,134.54,6782629.0
1547769600,135.1,137.72,133.66,136.6,6028718.0
1548115200,134.93,134.94,131.17,132.24,5095840.0
1548201600,133.04,133.49,130.15,131.82,3101801.0
1548288000,131.41,132.99,131.2,132.73,3937451.0
1548374400,134.77,136.89,133.89,136.86,6415228.0
1548633600,126.99,127.8,123.15,124.37,17387570.0
1548720000,125.61,128.39,125.61,126.53,8540866.0
1548806400,127.93,131.355,126.3108,130.11,7154342.0
1548892800,130.32,133.34,129.04,133.16,6465949.0
1548979200,133.03,133.86,130.11,130.91,5604490.0
1549238400,130.88,131.31,130.1,130.88,4534022.0
1549324800,130.63,132.1,130.6,132.0,3577790.0
1549411200,131.27,132.1,130.3602,130.54,3095270.0
1549497600,129.29,130.44,127.36,128.78,3673543.0
1549584000,127.48,128.6,126.55,128.6,3116723.0
1549843200,128.95,130.07,128.69,128.93,2648094.0
1549929600,130.26,133.56,130.0,132.67,4495985.0
1550016000,134.2,134.31,132.45,133.1,3183974.0
1550102400,131.78,133.25,131.268,132.62,2876609.0
1550188800,134.1,136.25,133.68,136.2,5215023.0
1550534400,135.35,136.98,135.0,135.8,3880271.0
1550620800,136.39,140.69,136.34,140.31,6193015.0
1550707200,139.75,140.98,138.41,138.88,4039935.0
1550793600,138.78,139.69,137.93,138.68,3483287.0
1551052800,140.99,142.55,140.18,141.41,4439902.0
1551139200,136.53,139.03,135.27,137.98,7258008.0
1551225600,137.86,139.64,137.14,139.58,3440339.0
1551312000,138.55,139.0,137.14,137.34,3870606.0
1551398400,138.86,139.4999,136.94,137.47,3790443.0
1551657600,138.8,139.7704,137.095,138.35,3813252.0
1551744000,138.06,138.46,137.0,137.14,3083540.0
1551830400,137.54,137.6589,134.73,134.83,3882888.0
1551916800,134.38,134.81,131.62,132.8,4287725.0
1552003200,130.5,132.13,130.23,131.35,4236361.0
1552262400,131.91,133.4,131.595,133.11,3909439.0
1552348800,133.24,133.38,131.92,132.48,4207982.0
1552435200,133.98,134.31,132.69,133.5,4262941.0
1552521600,132.84,134.07,132.02,133.69,3742181.0
1552608000,133.87,134.53,131.9808,132.67,7047668.0
1552867200,132.7,134.2,132.53,134.1,4085630.0
1552953600,135.35,135.71,133.51,134.15,3306398.0
1553040000,133.83,134.15,132.06,133.01,3521405.0
1553126400,132.16,134.6,132.01,134.06,2635654.0
1553212800,132.99,133.3,129.49,129.77,5738161.0
1553472000,129.59,132.0,129.23,131.38,3199830.0
1553558400,132.69,133.56,131.13,131.84,2638151.0
1553644800,132.27,132.47,130.25,131.2,2378317.0
1553731200,131.9,132.8,131.16,132.37,2435244.0
1553817600,134.0,136.28,133.62,135.49,4680811.0
1554076800,137.69,140.37,136.32,140.25,4972941.0
1554163200,140.15,140.69,139.23,140.19,2527234.0
1554249600,139.85,140.55,138.41,139.26,4819198.0
1554336000,139.14,140.87,139.0,140.13,2961357.0
1554422400,141.1,141.15,139.92,140.36,2811905.0
1554681600,140.0,140.12,138.61,139.82,2497278.0
1554768000,138.65,138.905,136.07,136.35,3315292.0
1554854400,137.16,138.2099,136.28,137.53,3310581.0
1554940800,137.59,139.585,136.98,138.87,2760552.0
1555027200,141.0,141.92,139.81,141.2,4379330.0
1555286400,141.67,142.43,139.67,140.25,3029587.0
1555372800,140.56,142.21,139.59,142.03,2672612.0
1555459200,143.0,144.495,142.46,142.74,3467591.0
1555545600,142.8,144.77,142.42,143.36,4503129.0
1555891200,142.95,143.18,141.43,142.38,3637368.0
1555977600,142.0,143.13,141.44,142.03,5924502.0
1556064000,139.75,140.3,136.56,137.73,8692313.0
1556150400,137.05,137.46,134.09,136.13,5094542.0
1556236800,136.56,139.03,135.89,139.03,5119159.0
1556496000,139.5,140.45,138.82,139.02,3151643.0
1556582400,139.99,140.0,137.58,139.42,3861118.0
1556668800,139.58,139.93,137.64,138.15,3652030.0
1556755200,138.52,138.54,134.38,135.17,5405699.0
1556841600,136.12,139.2,135.8,139.06,4154832.0
1557100800,134.78,137.49,134.31,136.76,4866540.0
1557187200,135.2,136.0,132.06,133.67,5622885.0
1557273600,133.02,134.42,131.79,131.95,4140454.0
1557360000,130.22,131.68,128.18,131.2,5906152.0
1557446400,130.53,131.73,127.92,131.34,5240634.0
1557705600,127.51,127.52,124.08,125.3,8580682.0
1557792000,126.5,128.555,125.7,127.47,4019072.0
1557878400,125.91,127.96,124.98,127.3,2875870.0
1557964800,128.43,128.53,126.415,126.61,4316590.0
1558051200,124.38,125.53,122.315,122.76,6122573.0
1558310400,121.56,123.025,121.31,122.43,6312469.0
1558396800,123.33,125.071,122.72,124.95,5492942.0
1558483200,124.25,125.4393,123.52,123.56,4620431.0
1558569600,122.1,123.76,121.41,122.26,4964856.0
1558656000,123.52,124.08,122.21,122.9,3802541.0
1559001600,122.9,123.46,121.51,121.59,4889389.0
1559088000,120.5,122.825,120.26,121.48,5330040.0
1559174400,121.61,122.6778,121.2775,121.84,2878304.0
1559260800,119.79,120.7491,118.74,119.81,4711664.0
1559520000,119.91,121.69,119.76,120.65,4161778.0
1559606400,121.81,122.77,120.75,122.08,4060408.0
1559692800,123.4,123.64,121.96,123.12,3598662.0
1559779200,123.1,123.95,122.2342,123.39,3295687.0
1559865600,124.38,125.63,124.08,124.46,2547716.0
1560124800,125.47,127.28,125.24,125.74,3705109.0
1560211200,129.0,129.6,126.96,127.28,4516322.0
1560297600,126.75,127.52,126.08,127.1,3034623.0
1560384000,127.35,128.4,126.76,127.17,3495200.0
1560470400,126.61,127.65,125.5,127.23,2530176.0
1560729600,127.21,128.23,126.68,127.32,2607918.0
1560816000,128.4,131.35,128.21,130.33,4756118.0
1560902400,130.32,131.54,129.87,130.61,3847212.0
1560988800,132.9,133.8,131.51,133.63,3803617.0
1561075200,133.35,135.25,132.55,133.89,5742483.0
1561334400,133.64,134.95,133.55,134.37,3197867.0
1561420800,134.58,134.91,132.63,133.71,3751778.0
1561507200,134.26,135.65,134.175,135.15,3343653.0
1561593600,135.7,136.01,133.97,135.5,3594441.0
1561680000,136.0,137.27,136.0,136.29,10469430.0
1561939200,139.3,140.17,134.97,136.6,4846206.0
1562025600,136.6,136.99,135.07,135.85,3205247.0
1562112000,136.44,136.48,134.33,135.59,2538551.0
1562284800,134.43,135.59,133.22,135.49,3072084.0
1562544000,135.15,136.13,134.43,134.84,2742052.0
1562630400,134.11,134.44,133.35,134.29,2618659.0
1562716800,134.73,135.49,132.55,132.64,3933317.0
1562803200,133.2,134.01,132.59,133.96,3164362.0
1562889600,134.71,138.38,134.6,138.36,4149828.0
1563148800,138.38,139.9938,138.265,139.64,4498676.0
1563235200,139.41,140.62,138.16,139.09,4051572.0
1563321600,138.2,138.5095,135.73,135.73,3750197.0
1563408000,134.87,135.9302,134.04,134.89,3552126.0
1563494400,134.22,137.0451,134.22,136.23,4837056.0
1563753600,136.37,136.66,134.6,135.24,3267904.0
1563840000,135.93,138.225,135.53,138.1,4122180.0
1563926400,130.98,134.31,128.45,131.91,12664910.0
1564012800,131.08,134.9,131.01,134.71,4823165.0
1564099200,134.45,134.7254,132.63,132.92,4237994.0
1564358400,133.49,134.65,132.85,134.46,2715564.0
1564444800,133.32,133.575,131.49,132.95,3257181.0
1564531200,132.9,134.37,131.01,131.67,4321957.0
1564617600,131.64,133.19,126.42,126.79,5530111.0
1564704000,126.55,126.8,123.5,124.54,5968613.0
1564963200,122.11,122.81,120.33,121.65,5482488.0
1565049600,122.78,123.65,120.64,122.08,3713912.0
1565136000,120.0,121.2,118.65,120.78,5048726.0
1565222400,121.0,122.1,120.37,122.02,3734773.0
1565308800,121.51,121.7,118.81,119.38,3805602.0
1565568000,118.95,119.03,116.0702,116.72,4405657.0
1565654400,116.94,122.0,116.79,119.01,4363016.0
1565740800,116.58,116.9,115.04,115.21,5543082.0
1565827200,115.08,115.6,113.9703,115.25,4171878.0
1565913600,116.25,117.87,115.92,116.43,3551929.0
1566172800,118.22,118.49,116.71,117.36,2631016.0
1566259200,117.59,117.79,116.466,116.67,2402447.0
1566345600,118.0,119.32,117.54,117.68,2783752.0
1566432000,118.33,118.9356,117.22,117.89,2120512.0
1566518400,116.25,116.9,113.32,114.06,6105282.0
1566777600,115.06,115.67,113.84,114.42,5201870.0
1566864000,115.16,115.46,113.1507,113.38,3161180.0
1566950400,112.86,114.95,111.75,114.86,3195047.0
1567036800,116.62,118.13,116.49,117.77,3447962.0
1567123200,119.02,119.59,118.45,119.0,2912975.0
1567468800,117.9,117.9,115.4,117.03,3781536.0
1567555200,118.42,119.24,118.26,119.1,3702307.0
1567641600,120.5,124.24,120.5,122.99,5357890.0
1567728000,123.71,124.34,122.46,122.7,3315703.0
1567987200,123.39,127.39,123.2,127.25,4433325.0
1568073600,127.26,130.29,127.22,130.29,8479717.0
1568160000,130.85,133.19,129.47,133.09,7592635.0
1568246400,132.0,132.69,130.07,131.75,5594600.0
1568332800,132.8,133.99,131.13,133.78,3704948.0
1568592000,132.99,133.7999,131.99,133.15,2876495.0
1568678400,132.59,132.76,131.19,132.17,2904129.0
1568764800,131.63,132.215,129.72,131.07,3022901.0
1568851200,131.47,132.03,129.87,130.12,2735957.0
1568937600,130.01,130.99,127.87,128.16,6438036.0
1569196800,127.34,128.88,126.34,128.42,2831819.0
1569283200,128.74,129.0,125.57,125.99,3447414.0
1569369600,125.85,126.82,125.02,126.61,2383176.0
1569456000,126.79,126.92,125.65,126.39,2539176.0
1569542400,127.0,127.38,125.66,126.59,2214299.0
1569801600,126.34,127.095,125.88,126.31,2804050.0
1569888000,127.4,128.5,122.3,122.37,3740091.0
1569974400,121.15,121.85,119.34,119.96,4304179.0
1570060800,119.34,120.06,117.25,120.04,3168153.0
1570147200,119.72,121.15,119.35,121.04,2474888.0
1570406400,120.85,121.7,119.75,120.25,2375347.0
1570492800,118.79,119.2,117.69,117.97,3550934.0
1570579200,119.49,120.06,118.0,119.44,2638282.0
1570665600,120.04,123.03,119.76,122.69,3284202.0
1570752000,125.61,130.38,125.4,128.4,6776172.0
1571011200,126.81,128.56,126.01,128.38,2885247.0
1571097600,127.99,131.68,127.65,131.03,3298517.0
1571184000,131.0,132.81,130.11,130.19,3064010.0
1571270400,130.97,132.86,130.18,132.07,3425488.0
1571356800,130.15,132.03,129.99,130.71,4330724.0
1571616000,131.95,133.45,131.5,132.23,4273117.0
1571702400,132.59,134.26,130.94,133.69,4744362.0
1571788800,134.23,135.99,130.7,135.34,11307590.0
1571875200,135.09,135.29,132.3834,133.85,3935579.0
1571961600,135.0,139.98,134.85,139.73,8319459.0
1572220800,139.97,141.63,138.87,140.06,6174009.0
1572307200,139.38,141.45,138.7701,141.33,4427934.0
1572393600,141.0,141.0,139.61,140.34,3948056.0
1572480000,139.37,140.34,136.3909,137.8,4037595.0
1572566400,139.37,144.61,139.23,144.49,6220185.0
1572825600,145.35,147.0,145.02,146.92,5437838.0
1572912000,146.86,148.0,145.665,146.37,4516698.0
1572998400,146.47,146.47,144.66,145.49,3736631.0
1573084800,147.39,148.405,146.7508,147.01,3816745.0
1573171200,146.66,148.18,145.8,148.16,2778100.0
1573430400,146.74,148.15,146.61,148.0,2205323.0
1573516800,148.11,148.4699,146.02,146.34,2846407.0
1573603200,144.36,145.86,143.69,144.49,3226768.0
1573689600,144.21,145.34,143.21,143.44,2584145.0
1573776000,144.56,145.88,144.51,145.31,2827466.0
1574035200,144.24,144.78,143.02,143.59,2639044.0
1574121600,144.35,144.76,142.76,143.18,2085171.0
1574208000,142.45,142.7,140.1018,141.52,3484788.0
1574294400,141.55,143.94,140.95,143.36,3297688.0
1574380800,143.92,144.46,143.03,143.88,2258350.0
1574640000,144.75,146.57,143.8,146.42,3085159.0
1574726400,146.4,146.65,145.49,146.09,2468307.0
1574812800,145.02,145.72,143.7,145.69,2661396.0
1574985600,144.19,145.46,143.79,144.73,1652467.0
1575244800,145.2,146.04,142.84,142.96,2899535.0
1575331200,140.05,140.43,138.5604,140.06,3962727.0
1575417600,140.98,142.28,140.0,140.12,2484621.0
1575504000,140.58,141.12,139.53,141.05,2278450.0
1575590400,142.91,143.42,142.17,142.72,2271409.0
1575849600,142.97,143.28,142.37,142.83,1610790.0
1575936000,142.69,143.59,141.75,142.87,1888944.0
1576022400,143.77,144.62,143.29,144.0,2265798.0
1576108800,143.54,147.4,143.0,146.78,3716858.0
1576195200,146.8,148.3999,145.15,145.53,3311720.0
1576454400,147.71,148.3,145.23,145.36,2415585.0
1576540800,145.5,146.99,145.46,146.37,2850861.0
1576627200,146.5,147.3,145.6,147.12,2629925.0
1576713600,146.98,146.98,144.3,145.02,3577540.0
1576800000,147.38,147.77,145.24,147.57,6806221.0
1577059200,147.68,148.53,146.78,148.5,2348776.0
1577145600,148.7,148.8,147.29,147.48,966205.0
1577318400,147.9,148.23,146.99,148.22,1577267.0
1577404800,148.64,148.9299,147.99,148.28,1544462.0
1577664000,148.42,148.47,147.01,147.52,1789153.0
1577750400,147.43,148.23,146.79,147.68,1952450.0
1577923200,149.0,150.55,147.977,150.53,3311940.0
1578009600,148.77,149.96,147.45,148.44,3100588.0
1578268800,147.27,148.56,146.5408,148.34,2552146.0
1578355200,147.35,147.57,145.51,146.38,2852082.0
1578441600,146.83,148.57,146.4584,147.68,2153182.0
1578528000,147.81,147.969,146.51,147.31,2272709.0
1578614400,147.45,147.72,145.83,146.13,2393712.0
1578873600,146.53,146.83,145.55,146.82,3356908.0
1578960000,147.45,147.98,146.31,146.68,2743259.0
1579046400,146.22,146.74,145.2,145.57,2640634.0
1579132800,146.43,147.93,146.24,147.87,3070921.0
1579219200,147.21,148.2742,146.6,147.78,3331614.0
1579564800,147.2,147.87,145.69,145.85,2476809.0
1579651200,146.25,146.56,142.52,142.63,3602818.0
1579737600,141.81,143.21,139.8,142.75,3182744.0
1579824000,142.55,142.7,139.26,140.38,2526156.0
1580083200,136.9,137.81,135.57,135.73,2920525.0
1580169600,137.02,137.6,135.62,136.74,2763803.0
1580256000,137.59,137.76,135.67,135.78,2620618.0
1580342400,134.76,135.97,132.91,135.37,3862645.0
1580428800,133.82,134.99,130.54,131.35,6785669.0
1580688000,131.44,133.16,129.3,129.77,4385718.0
1580774400,133.0,134.78,132.68,133.51,3501629.0
1580860800,135.55,137.47,135.44,137.44,4448092.0
1580947200,138.2,138.33,136.13,137.25,2283759.0
1581033600,136.04,136.49,133.0,133.37,3812251.0
1581292800,133.04,134.33,132.78,134.32,2331632.0
1581379200,135.49,137.23,135.06,136.19,2381972.0
1581465600,138.4,139.94,138.09,139.59,3221976.0
1581552000,140.0,140.5,138.43,139.72,3318815.0
1581638400,139.49,139.6155,136.89,137.99,2813705.0
1581984000,137.46,138.57,135.08,136.58,3869820.0
1582070400,136.79,137.2099,136.06,136.86,2134929.0
1582156800,136.26,138.89,136.2,136.93,2678315.0
1582243200,136.5,137.44,135.11,137.21,2855843.0
1582502400,132.53,133.8595,132.05,132.17,4964814.0
1582588800,132.97,133.14,128.25,129.0,4840239.0
1582675200,129.65,130.99,127.55,128.25,3904420.0
1582761600,125.6,128.53,123.22,123.27,7368998.0
1582848000,119.57,124.24,119.03,124.24,8301938.0
1583107200,125.05,127.88,123.005,127.6,6100195.0
1583193600,127.0,129.56,123.7824,124.38,6358116.0
1583280000,126.07,127.44,124.31,127.4,5074885.0
1583366400,123.15,124.85,121.24,121.97,6015298.0
1583452800,119.0,121.85,118.83,121.41,5768074.0
1583712000,112.99,112.99,104.03,104.07,8636218.0
1583798400,108.64,109.06,99.11,106.49,8293227.0
1583884800,103.8,104.745,100.07,100.69,6546771.0
1583971200,93.5,94.28,87.5,92.26,10285930.0
1584057600,98.39,99.91,90.14,99.64,8718635.0
1584316800,89.0,105.85,88.5,93.41,9898962.0
1584403200,96.01,100.44,92.97,100.2,7206113.0
1584489600,93.99,102.9514,93.105,100.12,6995124.0
1584576000,99.23,104.4,97.25,103.01,6870804.0
1584662400,103.12,103.99,94.16,95.5,7650329.0
1584921600,93.9,96.244,90.64,91.85,6737514.0
1585008000,96.06,102.03,95.17,101.34,7417117.0
1585094400,101.17,108.5,98.501,104.67,6578066.0
1585180800,104.85,110.97,102.8927,110.5,6060704.0
1585267200,104.43,109.64,103.4,105.44,5746496.0
1585526400,106.33,112.84,104.93,111.71,5725565.0
1585612800,110.73,116.91,110.26,116.04,8979915.0
1585699200,112.09,116.75,109.5,111.35,6846994.0
1585785600,111.23,118.52,111.13,116.74,8106522.0
1585872000,115.5,116.84,112.12,114.67,5036565.0
1586131200,120.04,121.73,118.13,120.43,5785626.0
1586217600,122.89,128.8,120.51,121.92,8489853.0
1586304000,122.99,128.176,121.04,127.4,4686055.0
1586390400,128.65,129.5998,123.15,125.03,4753459.0
1586736000,119.95,120.05,113.58,114.14,10519610.0
1586822400,116.5,117.84,114.51,116.48,7166341.0
1586908800,112.96,113.1,109.8,111.53,5652807.0
1586995200,111.85,113.47,108.86,113.22,5926446.0
1587081600,114.45,116.54,113.85,116.3,4132254.0
1587340800,114.44,117.07,112.12,114.6,4083843.0
1587427200,111.04,111.04,108.6,109.85,5743280.0
1587513600,112.03,112.1,109.2128,110.64,3795100.0
1587600000,111.33,115.23,110.95,112.91,3545433.0
1587686400,113.99,114.38,111.21,114.04,3045999.0
1587945600,110.85,116.13,109.73,115.2,5344823.0
1588032000,117.86,118.0,113.37,115.46,5604649.0
1588118400,116.96,120.82,116.53,120.06,4261141.0
1588204800,118.0,118.25,115.33,116.38,4040514.0
1588291200,114.0,114.59,110.57,110.88,3960387.0
1588550400,110.02,110.28,106.58,107.72,4500672.0
1588636800,109.24,111.09,108.74,108.91,3477657.0
1588723200,110.03,110.24,106.7,107.67,4465270.0
1588809600,109.02,110.0501,106.78,107.29,4379182.0
1588896000,108.97,112.2,108.3026,112.11,3913422.0
1589155200,110.16,110.77,108.1801,108.61,4207282.0
1589241600,109.11,109.33,105.0,105.0,3874063.0
1589328000,105.14,105.29,102.55,104.48,5376118.0
1589414400,102.5,106.28,100.22,106.19,5542426.0
1589500800,105.18,107.99,104.28,107.92,6583120.0
1589760000,112.22,115.66,112.0061,115.02,5604429.0
1589846400,114.95,115.44,112.01,112.08,3404897.0
1589932800,113.31,117.48,113.05,115.69,3735708.0
1590019200,114.95,115.68,113.82,114.06,2342645.0
1590105600,114.13,114.16,111.47,112.47,2735070.0
1590451200,115.98,118.5623,115.98,117.41,4185148.0
1590537600,119.72,122.4899,119.53,122.42,4462678.0
1590624000,124.75,124.83,120.28,120.74,3744246.0
1590710400,119.63,120.71,117.57,120.13,4278095.0
1590969600,119.86,121.2,117.61,120.5,2133655.0
1591056000,121.84,123.82,121.28,123.32,2977504.0
1591142400,125.45,127.345,125.01,127.09,3712613.0
1591228800,125.41,129.03,124.74,128.96,3076685.0
1591315200,137.85,139.37,133.39,135.12,5591916.0
1591574400,135.32,139.94,135.32,137.72,4139216.0
1591660800,135.02,135.41,133.2101,134.19,3819615.0
1591747200,133.72,135.38,130.555,132.44,4018747.0
1591833600,126.41,126.8448,121.52,121.55,5969327.0
1591920000,124.4,125.165,119.35,123.15,4492689.0
1592179200,118.51,124.38,118.01,123.61,4094202.0
1592265600,131.37,132.44,126.39,130.11,6892353.0
1592352000,130.16,130.47,127.76,128.23,3228124.0
1592438400,127.14,128.98,126.7001,127.59,2467656.0
1592524800,130.0,130.0,125.73,127.46,6485013.0
1592784000,126.36,126.48,124.6,125.79,2806343.0
1592870400,127.39,127.57,125.825,126.25,2357094.0
1592956800,124.79,124.84,121.83,122.06,3766472.0
1593043200,121.61,124.83,120.8,124.71,2903449.0
1593129600,124.33,124.44,121.45,122.39,3645811.0
1593388800,123.72,126.04,123.28,125.25,2798657.0
1593475200,124.01,127.06,124.01,126.5,2778835.0
1593561600,129.38,129.4,125.88,126.06,2807787.0
1593648000,128.25,130.34,127.19,127.72,2527521.0
1593993600,130.13,130.5,128.17,129.43,2491938.0
1594080000,127.74,128.75,126.8,127.2,2018252.0
1594166400,129.33,129.33,126.47,128.13,2279934.0
1594252800,127.54,128.35,125.115,125.73,2663516.0
1594339200,125.97,128.23,125.82,128.01,2691466.0
1594598400,129.42,132.0899,128.85,130.57,3708394.0
1594684800,130.32,137.31,129.23,136.88,6540786.0
1594771200,140.17,140.17,137.11,138.36,4915229.0
1594857600,138.3,140.99,137.595,138.56,3621549.0
1594944000,137.87,138.43,136.525,136.9,2458342.0
1595203200,135.76,136.95,134.255,134.63,2478030.0
1595289600,134.77,137.184,134.4301,135.87,3227610.0
1595376000,135.25,137.87,135.19,136.98,2157207.0
1595462400,136.9,137.5238,135.71,136.6,1613733.0
1595548800,137.2,138.69,136.85,137.58,2036293.0
1595808000,137.15,140.34,137.06,139.89,2507222.0
1595894400,138.94,139.99,137.92,138.03,2029926.0
1595980800,138.58,141.0835,137.8,140.53,2338324.0
1596067200,139.08,139.1,135.97,136.73,3063503.0
1596153600,132.43,135.15,130.21,132.88,6782180.0
1596412800,132.3,133.0,131.1,131.78,2852684.0
1596499200,131.37,132.44,130.67,131.52,2301841.0
1596585600,132.78,135.94,132.61,134.97,2810166.0
1596672000,134.52,135.205,133.695,134.39,2446351.0
1596758400,134.0,135.11,132.5162,134.92,2223882.0
1597017600,135.73,142.16,135.675,142.02,5181635.0
1597104000,144.02,146.2,142.29,142.53,4206018.0
1597190400,143.95,144.165,141.33,142.57,2541382.0
1597276800,141.6,142.7376,139.77,140.67,2939915.0
1597363200,139.45,140.89,138.77,139.96,2038515.0
1597622400,140.15,140.6007,138.3,138.72,2284055.0
1597708800,138.95,140.11,138.08,138.37,1563172.0
1597795200,138.5,139.92,137.46,138.02,1849463.0
1597881600,136.02,137.98,135.65,137.48,2279982.0
1597968000,136.8,139.0,136.8,138.43,2524615.0
1598227200,139.76,142.25,139.08,141.68,2921741.0
1598313600,142.67,144.93,140.54,141.15,2467632.0
1598400000,140.48,142.44,139.805,141.83,2380282.0
1598486400,142.13,144.34,141.28,143.37,3010304.0
1598572800,144.28,145.85,142.69,143.63,3698733.0
1598832000,143.5,143.6,142.27,142.31,2886503.0
1598918400,141.67,146.12,140.91,146.05,2675700.0
1599004800,146.87,149.55,146.4,149.27,4515508.0
1599091200,148.59,151.2,145.3001,146.76,4479077.0
1599177600,148.7,150.78,146.04,148.18,5129423.0
1599523200,147.0,150.76,145.72,148.52,4775229.0
1599609600,149.8,155.475,149.21,152.69,5345097.0
1599696000,152.01,153.25,148.75,149.86,4386987.0
1599782400,150.48,154.4,150.24,153.83,3237065.0
1600041600,154.0,154.8,152.205,153.51,2569372.0
1600128000,154.2,154.47,148.3575,148.6,4092442.0
1600214400,150.0,151.98,148.37,151.11,3304216.0
1600300800,149.85,156.25,149.15,153.87,4487016.0
1600387200,153.68,156.21,152.0619,152.39,5113545.0
1600646400,148.56,149.5,143.87,145.33,4278168.0
1600732800,145.01,147.5,144.501,147.15,2579515.0
1600819200,147.48,148.91,143.6041,144.38,2420134.0
1600905600,144.02,147.4386,142.73,145.14,2138815.0
1600992000,143.89,146.7,143.01,145.91,1848864.0
1601251200,148.0,150.31,147.41,147.68,2212705.0
1601337600,148.37,148.97,146.21,147.41,1624154.0
1601424000,148.0,150.95,147.735,149.15,3642834.0
1601510400,149.92,150.31,145.65,146.71,2157410.0
1601596800,144.27,151.25,143.75,149.94,3220517.0
1601856000,152.17,154.45,151.62,153.49,2597661.0
1601942400,154.0,155.45,151.28,151.53,2559790.0
1602028800,153.28,156.06,153.2,154.77,2334454.0
1602115200,155.75,156.73,154.24,156.66,1843230.0
1602201600,157.87,159.39,157.4,158.94,4084211.0
1602460800,159.97,163.2,159.52,162.61,4279790.0
1602547200,161.72,163.18,161.116,162.12,3319232.0
1602633600,162.66,164.8213,162.5,163.61,4087557.0
1602720000,160.27,165.78,160.15,165.04,2958934.0
1602806400,167.25,170.51,166.6224,168.75,5571018.0
1603065600,168.74,170.02,166.8,167.53,2758144.0
1603152000,168.2,171.26,167.91,168.99,3008336.0
1603238400,169.81,170.52,166.74,167.4,2502007.0
1603324800,167.98,169.85,166.89,169.66,2357762.0
1603411200,169.37,170.65,167.56,168.59,2857252.0
1603670400,166.64,166.64,160.83,163.2,4506577.0
1603756800,160.96,161.85,157.01,157.91,4857859.0
1603843200,153.8,155.43,150.52,151.16,5645134.0
1603929600,150.6,155.51,149.6301,154.67,3867170.0
1604016000,153.96,157.29,153.04,157.05,4375326.0
1604275200,159.2,163.85,157.65,163.27,4072385.0
1604361600,165.0,169.0,163.07,167.69,4843562.0
1604448000,159.18,162.3799,155.23,155.23,9081678.0
1604534400,157.67,164.96,157.6,163.09,4821588.0
1604620800,163.94,165.54,160.76,161.29,2982993.0
1604880000,174.03,176.37,170.12,170.82,5969580.0
1604966400,171.9,174.99,170.77,172.3,3499082.0
1605052800,172.38,172.7399,167.47,169.46,2345505.0
1605139200,168.83,171.1,167.65,169.13,2186603.0
1605225600,170.3,172.22,169.19,171.71,2121205.0
1605484800,175.0,175.0,171.83,173.19,3902350.0
1605571200,172.17,172.48,170.19,171.91,2111211.0
1605657600,172.04,175.3821,172.04,172.74,3165091.0
1605744000,172.5,173.25,170.71,172.9,2012068.0
1605830400,172.45,173.12,171.31,172.23,2450417.0
1606089600,173.76,175.5,173.24,174.78,2405143.0
1606176000,176.25,178.32,175.27,176.9,3447899.0
1606262400,176.46,176.48,172.7801,174.63,2506613.0
1606435200,174.41,175.9199,173.88,175.08,976859.0
1606694400,173.61,174.875,172.43,173.59,2382647.0
1606780800,175.39,176.57,172.94,173.26,2710241.0
1606867200,173.26,174.42,172.28,173.87,1971044.0
1606953600,173.87,175.08,173.2801,174.63,2904107.0
1607040000,175.92,183.81,175.6236,182.21,6086157.0
1607299200,180.39,180.39,176.56,178.71,4587392.0
1607385600,177.66,180.7399,177.5,178.84,2001582.0
1607472000,179.62,180.4799,177.0,180.07,2915474.0
1607558400,179.24,179.5275,177.14,178.85,3109423.0
1607644800,176.99,179.78,176.23,179.29,2673578.0
1607904000,180.6,183.33,177.7801,178.05,2533626.0
1607990400,179.93,182.76,179.02,181.74,2360759.0
1608076800,180.85,181.27,178.36,179.5,2032006.0
1608163200,180.67,180.73,178.58,179.17,2296656.0
1608249600,180.07,181.3028,177.47,180.96,5262742.0
1608508800,176.94,180.89,176.32,180.16,2070970.0
1608595200,179.29,180.16,176.48,176.58,2495103.0
1608681600,177.45,179.29,177.01,178.42,1862521.0
1608768000,179.45,179.85,178.35,179.56,585730.0
1609113600,180.48,181.12,178.31,178.37,1508807.0
1609200000,179.17,179.38,175.11,176.65,1490348.0
1609286400,179.77,182.2293,178.685,180.04,2720613.0
1609372800,180.25,182.1,178.75,182.02,1717865.0
1609718400,183.0,185.98,180.25,182.15,4078403.0
1609804800,181.21,185.8,181.21,183.64,2933740.0
1609891200,187.15,197.28,186.15,193.86,8034734.0
1609977600,196.85,197.37,192.2,194.23,5297497.0
1610064000,193.85,195.2599,191.32,194.26,3186641.0
1610323200,191.56,195.46,190.31,193.86,2541263.0
1610409600,194.68,198.0,193.31,197.54,2466084.0
1610496000,198.79,200.1743,195.8,195.89,3154720.0
1610582400,196.1,197.91,195.36,197.4,2486579.0
1610668800,195.66,195.705,190.88,194.62,3317129.0
1611014400,194.29,196.109,193.44,194.06,2361180.0
1611100800,192.66,193.9,190.42,192.34,2501098.0
1611187200,192.35,193.72,190.0543,192.19,1951414.0
1611273600,190.85,192.82,189.31,191.94,2027177.0
1611532800,190.56,191.37,186.97,187.34,3837108.0
1611619200,187.6,189.41,186.83,187.21,2505956.0
1611705600,184.2,185.55,179.3401,180.63,4095305.0
1611792000,182.26,187.61,181.31,184.34,3445426.0
1611878400,183.5,188.82,180.725,182.84,4541368.0
1612137600,185.96,186.8,182.02,184.72,2738225.0
1612224000,186.5,192.78,185.64,192.5,5265354.0
1612310400,190.91,191.53,189.0611,191.45,2979186.0
1612396800,192.0,192.61,190.2,191.65,2254049.0
1612483200,192.52,194.33,190.01,193.0,2240109.0
1612742400,195.0,197.54,194.67,197.45,2725656.0
1612828800,197.54,198.66,194.89,197.28,2331557.0
1612915200,198.5,199.71,196.2552,197.72,2816443.0
1613001600,197.59,198.42,194.39,198.35,2178154.0
1613088000,197.98,198.7559,196.76,197.99,1804382.0
1613433600,199.75,205.18,199.24,202.38,3722657.0
1613520000,202.39,202.895,199.79,202.3,2411531.0
1613606400,201.55,202.88,198.58,199.92,2346219.0
1613692800,203.25,211.46,202.695,209.91,4937326.0
1613952000,209.63,218.865,209.335,218.06,4578305.0
1614038400,219.53,220.735,213.28,220.18,4125136.0
1614124800,220.41,226.67,219.88,222.47,4925014.0
1614211200,223.62,224.4,219.72,221.82,4313039.0
1614297600,220.75,222.4,215.82,215.88,4461298.0
1614556800,219.31,222.58,218.9,219.76,2871845.0
1614643200,218.69,219.34,215.0101,215.82,2854332.0
1614729600,212.14,217.55,212.01,214.91,2663976.0
1614816000,214.48,216.668,208.47,212.77,3568364.0
1614902400,214.34,220.78,211.5,220.16,3602268.0
1615161600,220.97,224.3,218.212,221.58,3048694.0
1615248000,221.38,222.33,216.14,216.8,2902396.0
1615334400,217.73,222.05,217.19,221.06,2435768.0
1615420800,223.0,223.6,219.15,219.76,2960018.0
1615507200,219.0,229.02,218.12,229.0,4756540.0
1615766400,228.87,231.8,225.83,230.74,4216918.0
1615852800,227.72,231.21,224.77,226.46,3539195.0
1615939200,228.13,234.3,227.13,233.63,3518522.0
1616025600,234.0,237.78,229.735,230.68,4336238.0
1616112000,228.75,229.65,224.05,225.29,7485061.0
1616371200,226.62,227.18,223.57,226.02,2211572.0
1616457600,222.06,225.24,216.65,218.25,4017585.0
1616544000,220.51,227.11,220.51,221.23,4257961.0
1616630400,219.23,224.97,216.0358,224.25,2901771.0
1616716800,226.35,229.84,225.21,229.5,3040141.0
1616976000,228.1,231.85,227.7141,230.22,3003239.0
1617062400,231.2,234.72,231.14,233.08,3139103.0
1617148800,234.35,237.01,228.85,231.87,4512327.0
1617235200,231.3,235.0,227.59,232.74,3787055.0
1617580800,235.0,235.661,232.37,233.71,2323584.0
1617667200,232.5,236.68,230.23,230.64,2614532.0
1617753600,231.96,234.1856,229.35,230.41,2449613.0
1617840000,230.13,231.05,227.17,230.48,2158852.0
1617926400,231.3,232.2,227.54,230.75,2482888.0
1618185600,230.3,231.3,228.9307,230.93,1688201.0
1618272000,233.41,233.5,228.045,229.35,2286434.0
1618358400,229.6,234.2199,229.55,232.58,2491044.0
1618444800,233.15,233.4399,230.74,232.52,1860155.0
1618531200,234.62,235.94,232.27,233.36,2128405.0
1618790400,232.9,233.1,229.91,232.39,1712648.0
1618876800,230.9,231.3,225.5959,227.63,2815782.0
1618963200,227.32,232.61,226.02,232.46,1977712.0
1619049600,233.25,233.43,228.77,228.89,2410653.0
1619136000,229.36,231.65,227.88,230.11,3461030.0
1619395200,230.57,232.85,229.96,230.56,1864837.0
1619481600,230.29,230.86,228.08,230.34,1959291.0
1619568000,230.05,233.715,229.38,232.3,2965333.0
1619654400,235.0,235.2,223.2,227.47,5442416.0
1619740800,225.52,228.39,224.88,228.11,3953489.0
1620000000,230.0,230.9348,227.21,228.17,3182883.0
1620086400,227.0,234.0,225.35,233.41,4040671.0
1620172800,234.62,239.33,231.85,237.88,2419843.0
1620259200,238.0,240.9828,236.0,237.07,4526952.0
1620345600,235.64,241.89,233.16,240.99,3327927.0
1620604800,243.5,245.78,242.59,242.61,3752901.0
1620691200,238.78,242.9899,236.54,239.3,3163104.0
1620777600,241.27,243.23,236.4447,237.32,3668456.0
1620864000,236.04,240.99,234.5706,240.07,2228784.0
1620950400,242.0,243.35,240.08,242.23,2041605.0
1621209600,242.74,245.45,241.12,244.79,1996885.0
1621296000,244.79,245.54,239.41,239.47,2436216.0
1621382400,236.1,237.08,231.94,236.87,3143099.0
1621468800,237.48,237.6,232.59,234.99,3339453.0
1621555200,236.6,239.3998,235.01,237.24,2479364.0
1621814400,237.69,239.71,236.22,239.05,2372692.0
1621900800,239.51,241.89,236.74,237.17,2265689.0
1621987200,237.41,239.5,236.62,237.71,2070014.0
1622073600,241.5,243.3684,238.93,241.28,3594666.0
1622160000,241.91,242.26,238.79,241.08,2290920.0
1622505600,244.01,244.93,241.81,242.76,2475954.0
1622592000,243.07,245.1,240.7,243.46,2348762.0
1622678400,242.43,246.44,240.87,243.84,1923166.0
1622764800,245.12,246.69,242.32,244.02,1837906.0
1623024000,244.05,244.33,238.62,239.76,2330672.0
1623110400,239.4,241.21,236.06,240.16,2212400.0
1623196800,239.0,239.19,234.45,234.65,2919581.0
1623283200,236.14,236.65,225.58,225.73,6281841.0
1623369600,226.3,227.92,220.03,220.7,8734875.0
1623628800,220.07,221.97,215.6,219.01,7213293.0
1623715200,219.89,220.78,216.26,219.46,5055865.0
1623801600,219.01,219.39,216.7,217.16,4156853.0
1623888000,216.97,218.27,207.881,209.45,7995293.0
1623974400,206.18,211.81,205.5,208.86,7156360.0
1624233600,211.55,215.23,211.4,213.21,5633857.0
1624320000,213.49,214.83,211.18,213.13,3776376.0
1624406400,213.6,216.77,212.58,213.79,3283361.0
1624492800,216.54,221.93,215.33,219.34,6827569.0
1624579200,221.18,221.75,215.27,216.31,11274170.0
1624838400,216.45,216.78,213.5615,216.27,3171958.0
1624924800,218.04,218.7,214.59,215.1,3443372.0
1625011200,214.62,217.95,214.055,217.63,3249543.0
1625097600,219.16,219.79,216.15,216.71,2426331.0
1625184000,217.66,218.37,215.58,217.76,2434363.0
1625529600,217.41,217.56,211.3405,213.52,4348120.0
1625616000,212.69,215.06,211.16,214.69,2707653.0
1625702400,210.0,213.9,209.93,212.11,3723814.0
1625788800,215.9,218.5925,214.4,217.42,3163754.0
1626048000,216.02,218.95,214.85,218.58,2509045.0
1626134400,218.96,219.05,214.7,215.19,2373273.0
1626220800,215.26,215.6372,211.22,211.64,3185200.0
1626307200,210.28,213.39,210.12,211.41,2737875.0
1626393600,212.46,212.6971,207.01,207.95,4368752.0
1626652800,202.27,203.75,199.23,203.08,5391082.0
1626739200,203.04,208.63,202.305,207.96,3934667.0
1626825600,208.72,210.96,207.575,210.73,3407298.0
1626912000,211.0,211.38,208.54,209.16,1931542.0
1626998400,209.5,210.37,207.86,209.53,2302578.0
1627257600,209.84,212.07,209.5,211.03,2157931.0
1627344000,207.53,211.06,207.0002,209.9,2471965.0
1627430400,210.0,212.69,208.1,211.44,3246866.0
1627516800,214.0,214.51,209.69,212.56,3419668.0
1627603200,207.9,208.67,203.15,206.75,5834914.0
1627862400,208.0,210.9028,204.95,205.16,3977107.0
1627948800,205.31,209.29,203.43,208.5,3580499.0
1628035200,208.22,209.59,204.37,204.52,2948671.0
1628121600,205.25,207.655,204.7001,207.19,2685825.0
1628208000,209.01,210.39,207.65,208.35,2677128.0
1628467200,207.29,209.88,206.12,208.89,2747219.0
1628553600,210.0,214.9,208.96,214.07,4193557.0
1628640000,215.73,222.57,214.57,221.66,7794082.0
1628726400,222.24,223.76,218.47,220.24,4446237.0
1628812800,219.88,220.5499,217.73,218.57,2049416.0
1629072000,217.36,218.0,214.34,217.71,3134276.0
1629158400,216.22,216.39,210.58,213.44,4022806.0
1629244800,212.5,213.55,209.72,209.81,2947719.0
1629331200,208.17,208.9561,203.21,204.45,4788141.0
1629417600,205.42,207.26,203.59,204.94,2765514.0
1629676800,207.25,209.75,205.83,209.14,2827365.0
1629763200,209.75,213.27,209.53,212.59,2485926.0
1629849600,213.17,215.7,212.15,214.76,2599798.0
1629936000,214.51,214.51,210.48,211.24,2513944.0
1630022400,212.26,214.0335,212.215,212.83,2511382.0
1630281600,213.22,213.74,210.8,211.45,1922125.0
1630368000,211.28,212.295,210.42,210.87,2857877.0
1630454400,210.87,210.99,206.61,207.96,4122888.0
1630540800,208.92,212.95,208.92,211.78,2922282.0
1630627200,211.15,212.8,210.0,210.37,2513016.0
1630972800,210.04,210.3423,207.845,208.23,2643189.0
1631059200,207.12,208.1244,204.77,206.77,2603093.0
1631145600,206.5,208.15,204.895,205.42,2778162.0
1631232000,207.1,207.88,204.82,205.01,2551174.0
1631491200,207.16,207.86,203.93,206.2,2699131.0
1631577600,206.04,206.1,201.64,202.33,3757600.0
1631664000,202.17,206.59,201.87,205.73,3342723.0
1631750400,205.45,206.39,202.82,203.6,3120141.0
1631836800,202.63,203.27,199.45,199.75,6355040.0
1632096000,193.06,193.99,188.475,190.82,9151051.0
1632182400,192.0,192.71,186.98,189.84,5699855.0
1632268800,192.0,194.5,191.16,191.35,3924417.0
1632355200,192.91,197.6,192.85,196.62,3367778.0
1632441600,195.65,197.79,194.93,196.82,2199472.0
1632700800,197.6,201.99,197.6,200.0,3033101.0
1632787200,200.2,201.89,198.75,200.55,3247465.0
1632873600,200.48,201.16,197.7,197.87,2954707.0
1632960000,198.62,198.8743,191.63,191.97,4984013.0
1633046400,192.9,195.87,191.24,194.33,3695489.0
1633305600,194.74,195.91,192.41,193.13,2864563.0
1633392000,192.76,194.4,190.73,192.5,3074591.0
1633478400,190.0,192.39,187.8,191.86,3777660.0
1633564800,193.73,196.39,193.61,195.75,3510517.0
1633651200,195.8,196.58,194.74,195.16,2713300.0
1633910400,196.34,197.1707,192.68,192.89,2015161.0
1633996800,192.32,193.5846,189.58,189.92,4706721.0
1634083200,190.5,191.25,187.72,188.94,3254395.0
1634169600,193.55,194.8,192.6124,194.33,5214380.0
1634256000,195.96,199.45,195.3,199.02,4736339.0
1634515200,197.38,198.68,195.545,198.18,2809428.0
1634601600,198.6,201.48,198.46,201.14,2627001.0
1634688000,201.16,205.18,200.5301,204.19,2936002.0
1634774400,201.6,202.3,199.74,202.14,3071279.0
1634860800,200.64,202.345,199.2,200.65,2632391.0
1635120000,201.28,203.31,200.51,202.21,3294689.0
1635206400,202.75,202.785,199.47,199.64,2933573.0
1635292800,200.25,200.43,195.92,196.13,3406655.0
1635379200,197.36,204.5,197.05,204.09,4462713.0
1635465600,207.99,209.75,203.24,204.01,4292216.0
1635724800,204.29,206.88,203.81,205.38,3215180.0
1635811200,205.75,207.81,203.0,207.12,3429632.0
1635897600,206.26,206.5767,201.82,203.55,3136978.0
1635984000,204.0,204.89,202.61,203.59,2543452.0
1636070400,205.48,208.88,205.23,205.88,2591253.0
1636329600,215.89,216.47,211.25,214.25,5944657.0
1636416000,215.18,215.57,208.96,209.81,3310255.0
1636502400,209.27,209.9521,206.43,206.67,3261766.0
1636588800,207.88,210.44,207.88,208.53,4819820.0
1636675200,209.35,210.69,208.3,209.27,2017961.0
1636934400,210.0,210.69,206.76,207.71,2392576.0
1637020800,208.0,208.18,205.26,205.43,2138038.0
1637107200,205.0,205.19,200.85,202.98,3135672.0
1637193600,203.27,203.71,200.66,201.42,2121099.0
1637280000,200.92,202.92,199.66,200.44,2980754.0
1637539200,201.49,204.5333,200.09,202.38,2597280.0
1637625600,203.05,205.57,201.59,205.33,3127919.0
1637712000,203.66,208.26,203.08,207.07,3880485.0
1637884800,201.0,201.45,196.614,198.73,3495977.0
1638144000,201.23,201.5,193.28,195.92,4559906.0
1638230400,193.835,196.78,191.5501,193.35,6358024.0
1638316800,197.58,198.43,191.36,191.47,3427043.0
1638403200,192.31,197.62,191.81,196.79,3445667.0
1638489600,197.67,199.39,195.74,197.8,3250927.0
1638748800,199.58,203.26,198.3424,201.28,2838436.0
1638835200,203.29,206.21,203.065,204.49,2817980.0
1638921600,204.41,206.2,203.61,204.19,2341218.0
1639008000,203.1,204.97,200.88,204.13,1646581.0
1639094400,205.4,205.9,202.11,203.46,3315166.0
1639353600,203.82,204.25,200.45,201.25,1868491.0
1639440000,200.0,203.98,199.8024,201.64,2248789.0
1639526400,201.0,202.6,198.635,202.55,2193723.0
1639612800,205.0,208.229,204.65,206.17,2856763.0
1639699200,204.95,205.25,201.23,201.37,6090692.0
1639958400,197.55,197.55,193.06,195.46,3605081.0
1640044800,197.0,199.02,196.74,198.31,2303378.0
1640131200,200.98,203.4039,200.83,202.15,3558681.0
1640217600,203.42,207.3,203.29,206.2,2669627.0
1640563200,205.94,206.9,205.14,206.38,1711554.0
1640649600,206.18,208.26,206.14,206.62,1393179.0
1640736000,206.27,208.55,206.08,207.33,1334998.0
1640822400,207.33,208.91,205.93,206.08,1465937.0
1640908800,206.2,207.74,205.67,206.74,1374493.0
1641168000,207.33,208.6,205.8001,207.0,2056574.0
1641254400,208.28,218.92,207.94,218.08,5242311.0
1641340800,218.18,223.36,218.18,219.75,5378170.0
1641427200,221.49,222.705,218.06,221.99,3913240.0
1641513600,222.5,225.97,222.23,224.19,3673408.0
1641772800,224.95,225.7532,220.6114,221.64,3734923.0
1641859200,222.0,222.09,216.59,219.95,2944280.0
1641945600,222.12,223.69,220.07,222.4,2506917.0
1642032000,222.89,227.88,222.64,227.0,5002349.0
1642118400,224.72,229.64,223.5819,228.94,3970581.0
1642464000,227.71,230.43,226.86,229.87,5413526.0
1642550400,229.66,229.81,220.93,221.66,4991706.0
1642636800,221.08,221.87,216.04,216.63,3545647.0
1642723200,217.51,217.51,212.4196,214.09,3754746.0
1642982400,211.16,214.97,206.66,214.33,5108332.0
1643068800,212.08,216.83,207.1,214.31,4554269.0
1643155200,215.0,218.88,212.24,214.29,3558514.0
1643241600,215.21,217.9,210.15,212.17,3683378.0
1643328000,205.59,208.0,196.8,201.16,10747250.0
1643587200,199.45,201.6,194.68,201.56,6178996.0
1643673600,200.8,205.79,200.5371,205.35,4026634.0
1643760000,203.2,205.8,201.4,204.94,3492301.0
1643846400,205.0,205.87,200.09,200.59,2748216.0
1643932800,200.21,201.005,196.49,198.41,3930776.0
1644192000,198.84,201.53,198.0253,199.82,2402040.0
1644278400,200.26,202.31,199.23,201.5,2407233.0
1644364800,202.64,204.1,202.086,203.6,2743749.0
1644451200,202.57,206.75,201.56,203.07,3538497.0
1644537600,203.42,204.65,200.13,201.24,3826746.0
1644796800,200.95,201.7,198.11,199.89,2730533.0
1644883200,200.7,204.45,200.0096,203.41,2752883.0
1644969600,203.11,205.415,203.0,203.64,2254146.0
1645056000,201.0,201.76,194.44,194.74,4699629.0
1645142400,193.36,195.62,191.175,191.95,4385219.0
1645488000,191.95,194.9,190.55,191.21,3487950.0
1645574400,191.72,192.319,186.37,186.67,3550352.0
1645660800,182.03,185.27,179.67,184.69,5919467.0
1645747200,184.94,187.925,184.12,187.06,3594597.0
1646006400,184.34,188.77,183.673,187.58,5168542.0
1646092800,187.77,188.22,180.64,182.83,5110599.0
1646179200,185.2,193.56,185.0,192.61,5849898.0
1646265600,193.32,196.58,192.34,194.85,4429733.0
1646352000,191.1,196.01,190.311,195.66,4334724.0
1646611200,194.79,203.5,193.6233,196.7,6912345.0
1646697600,203.87,214.89,203.0,210.0,9318635.0
1646784000,212.57,213.6,207.45,209.78,4798346.0
1646870400,209.39,217.5201,208.18,211.79,4886260.0
1646956800,212.3,217.77,212.3,214.83,4045469.0
1647216000,216.3,218.4825,212.93,215.44,3530852.0
1647302400,216.12,217.38,210.51,216.46,4364197.0
1647388800,217.5,219.49,212.32,216.08,4378696.0
1647475200,215.32,221.78,214.34,221.7,3600411.0
1647561600,219.48,221.7,218.0,220.91,4105116.0
1647820800,221.0,227.05,220.99,223.71,2902157.0
1647907200,224.46,225.85,221.3375,222.71,2461494.0
1647993600,221.69,224.78,221.69,222.17,2001683.0
1648080000,222.54,225.0,221.51,222.21,2110867.0
1648166400,222.09,223.8,221.14,223.36,1581139.0
1648425600,222.34,222.68,219.04,221.85,3072496.0
1648512000,220.8,221.43,216.54,221.04,3667796.0
1648598400,222.0,225.8799,220.7,223.08,2507574.0
1648684800,223.21,225.19,222.43,222.82,3152202.0
1648771200,224.35,225.52,218.165,219.77,2618304.0
1649030400,219.16,221.3535,216.6,220.81,2181439.0
1649116800,220.0,222.37,215.14,216.02,3582110.0
1649203200,215.12,217.13,213.545,216.21,2783265.0
1649289600,215.46,216.31,213.5599,215.9,2253777.0
1649376000,215.79,217.875,214.03,217.03,2450251.0
1649635200,217.03,218.76,215.75,216.05,2494683.0
1649721600,215.45,219.479,214.98,216.7,2508300.0
1649808000,216.93,219.68,216.4,218.27,1899033.0
1649894400,219.91,229.215,218.61,227.81,5337892.0
1650240000,228.0,234.375,228.0,229.92,3643982.0
1650326400,230.25,232.94,227.57,232.16,2689367.0
1650412800,233.55,236.37,232.58,235.08,2907678.0
1650499200,237.24,237.9,231.65,232.57,3571429.0
1650585600,228.4,229.79,215.6,216.3,5053696.0
1650844800,215.31,217.0,209.57,216.7,4145466.0
1650931200,216.13,218.2,209.35,210.3,4176665.0
1651017600,211.11,215.55,207.3,213.96,3358258.0
1651104000,207.425,212.96,202.0,212.44,6094275.0
1651190400,212.7,217.21,210.16,210.54,3404011.0
1651449600,210.0,212.765,207.6601,212.07,2639509.0
1651536000,211.9,215.3636,210.79,213.62,2121130.0
1651622400,214.95,223.29,213.825,222.59,3023650.0
1651708800,222.4,223.15,213.77,215.93,3005558.0
1651795200,217.01,217.01,210.35,214.65,2268402.0
1652054400,212.03,212.05,205.44,206.29,2929874.0
1652140800,208.24,209.52,201.39,202.99,3040550.0
1652227200,205.56,209.71,203.59,205.21,2552410.0
1652313600,203.61,205.34,199.295,203.03,3282072.0
1652400000,205.15,206.46,202.92,204.33,2323800.0
1652659200,205.02,209.21,203.68,207.19,2540976.0
1652745600,212.8,213.77,209.14,213.09,2275933.0
1652832000,213.84,217.9,207.52,207.94,4723284.0
1652918400,205.86,209.28,201.705,206.76,2887724.0
1653004800,206.45,206.63,194.04,197.82,5404500.0
1653264000,199.93,205.49,199.16,204.15,3246553.0
1653350400,202.01,205.7,201.29,205.65,2467967.0
1653436800,205.0,210.09,204.82,209.31,3080246.0
1653523200,211.55,213.635,210.4,212.99,2015957.0
1653609600,215.0,217.63,214.16,217.14,2020431.0
1653955200,214.79,218.09,213.49,215.85,3773508.0
1654041600,218.46,219.0,214.3,217.57,2314030.0
1654128000,219.59,220.84,217.25,220.0,1784213.0
1654214400,218.25,224.1,218.25,222.9,2222739.0
1654473600,222.9,224.763,222.25,223.63,1565510.0
1654560000,222.0,227.27,221.65,227.1,1799081.0
1654646400,225.29,232.35,224.62,229.8,4171344.0
1654732800,227.43,228.211,223.62,223.67,3047339.0
1654819200,219.5,220.22,215.01,215.18,2605398.0
1655078400,209.58,209.87,204.9,206.88,3559596.0
1655164800,208.06,209.73,205.27,206.69,2359013.0
1655251200,207.48,208.65,203.13,206.0,2343231.0
1655337600,201.07,201.25,193.25,194.79,4789903.0
1655424000,195.68,197.74,190.87,192.64,7226161.0
1655769600,197.1,198.42,193.87,196.37,2755355.0
1655856000,190.0,192.79,187.705,187.83,4012246.0
1655942400,186.58,187.23,176.02,178.67,6667926.0
1656028800,181.34,185.6,179.37,185.49,4868921.0
1656288000,188.08,190.08,185.82,187.59,3061090.0
1656374400,189.97,193.1,187.43,187.44,3327704.0
1656460800,187.32,187.57,182.13,183.48,2436919.0
1656547200,180.26,182.14,177.12,178.76,4197106.0
1656633600,179.31,181.32,173.72,178.29,3423158.0
1656979200,173.77,174.42,170.595,173.76,3725409.0
1657065600,173.48,174.67,169.29,172.31,3190582.0
1657152000,182.5,182.5,176.3301,180.28,4677626.0
1657238400,180.23,181.24,176.39,179.1,2491087.0
1657497600,177.41,179.77,174.62,175.02,2773877.0
1657584000,174.74,177.24,172.6,174.49,2718396.0
1657670400,172.25,175.25,171.86,173.87,2389041.0
1657756800,169.75,170.7,167.08,169.94,2531232.0
1657843200,172.25,173.38,169.2,173.38,2282108.0
1658102400,176.13,176.7,172.71,173.49,2476409.0
1658188800,173.9,179.695,172.884,179.49,2671398.0
1658275200,178.78,180.8,177.065,179.97,2176090.0
1658361600,178.42,181.07,176.48,180.99,2214529.0
1658448000,181.49,182.8,177.34,178.62,1961489.0
1658707200,179.17,182.6,177.765,181.81,1845604.0
1658793600,181.16,183.645,180.58,181.23,1767673.0
1658880000,182.92,186.18,180.32,185.25,1856625.0
1658966400,186.85,189.52,184.2,187.84,2229204.0
1659052800,189.19,199.49,189.12,198.25,5188148.0
1659312000,195.08,197.19,193.4,194.86,3185132.0
1659398400,188.0,189.47,183.16,183.51,8193096.0
1659484800,183.32,185.44,181.6,182.87,4155892.0
1659571200,182.86,185.9311,181.12,183.64,2478858.0
1659657600,183.58,186.1,183.23,185.39,1908521.0
1659916800,186.77,188.0,184.16,185.81,2655592.0
1660003200,185.95,187.88,185.16,186.03,2460002.0
1660089600,188.73,191.52,187.45,190.72,2304657.0
1660176000,192.83,195.58,191.91,194.0,2538990.0
1660262400,194.89,196.97,193.8,196.84,1864797.0
1660521600,193.4,196.5,193.07,195.95,1752584.0
1660608000,195.32,198.4,194.95,197.52,1959335.0
1660694400,195.0,196.9,193.87,195.93,1576440.0
1660780800,197.05,197.63,195.245,197.35,1750888.0
1660867200,195.27,197.22,193.81,195.6,2003565.0
1661126400,193.11,193.93,191.5512,191.76,2008855.0
1661212800,192.75,198.14,192.48,197.21,2445082.0
1661299200,197.56,198.68,193.45,194.16,2503442.0
1661385600,195.49,198.91,194.57,198.88,1888732.0
1661472000,199.4,200.3677,191.73,191.92,2560386.0
1661731200,190.0,193.169,189.0,191.78,1996590.0
1661817600,191.5,191.96,184.5924,186.94,2691218.0
1661904000,186.63,188.06,184.5,184.71,2656561.0
1661990400,182.27,183.21,180.1,182.44,2686280.0
1662076800,184.85,185.74,179.85,180.83,2185474.0
1662422400,182.9,183.66,179.59,180.66,2141693.0
1662508800,179.11,181.8384,178.19,180.86,2167029.0
1662595200,179.68,183.28,178.08,183.15,2245727.0
1662681600,187.55,189.76,187.215,189.49,2279841.0
1662940800,190.85,192.7,190.61,192.4,1937224.0
1663027200,187.85,190.05,183.5,184.31,2207621.0
1663113600,183.92,185.14,181.87,184.65,2295076.0
1663200000,184.67,186.5409,181.68,182.49,1933126.0
1663286400,180.0,180.34,177.765,179.47,5088335.0
1663545600,177.25,182.73,176.8,182.11,2923828.0
1663632000,180.59,180.72,176.311,177.99,2512363.0
1663718400,179.28,180.49,171.88,171.95,4061902.0
1663804800,172.7,174.62,170.29,170.55,2508351.0
1663891200,168.66,169.44,161.73,164.24,4047222.0
1664150400,164.0,165.8499,162.22,162.62,3213409.0
1664236800,164.46,164.568,160.6,162.44,2753514.0
1664323200,164.5,168.48,163.54,167.76,3694755.0
1664409600,165.7,166.59,163.54,165.9,3518214.0
1664496000,165.89,167.78,163.89,164.08,2963239.0
1664755200,167.43,173.365,166.05,171.23,3444727.0
1664841600,174.3,180.19,174.21,179.63,4008183.0
1664928000,177.15,180.26,176.6889,178.38,3067477.0
1665014400,177.41,180.98,176.89,178.81,2415113.0
1665100800,176.72,178.955,175.14,177.55,2759237.0
1665360000,179.81,181.16,176.07,178.67,2634055.0
1665446400,176.82,183.08,176.67,179.75,2542475.0
1665532800,179.48,181.12,178.78,179.5,2260826.0
1665619200,173.75,184.95,172.705,183.14,3745930.0
1665705600,183.75,184.33,177.53,178.19,2830734.0
1665964800,182.3,184.31,179.2,180.8,2940176.0
1666051200,184.9,185.53,180.91,183.55,2674034.0
1666137600,182.94,185.7,182.0,184.41,2088798.0
1666224000,184.54,185.74,180.46,180.54,2953856.0
1666310400,179.73,190.41,179.21,190.22,3483823.0
1666569600,188.65,192.14,188.45,191.3,2919594.0
1666656000,190.29,195.67,188.92,194.84,2545049.0
1666742400,198.3,199.58,194.57,196.96,3547951.0
1666828800,210.15,217.13,207.37,212.14,7872157.0
1666915200,212.5,219.5,211.21,219.34,5161042.0
1667174400,215.34,218.8688,215.01,216.46,3786144.0
1667260800,218.63,219.4687,216.71,218.5,2717516.0
1667347200,217.6,221.6961,213.93,214.54,3150919.0
1667433600,211.54,221.79,211.3581,219.26,3570445.0
1667520000,224.02,229.73,223.6,227.85,4973751.0
1667779200,228.0,229.13,222.67,228.61,3405597.0
1667865600,228.61,232.63,226.67,229.81,3676620.0
1667952000,226.07,229.135,225.0624,225.54,6248284.0
1668038400,232.22,232.59,226.33,232.45,4590846.0
1668124800,233.0,238.4,231.9983,236.49,3585442.0
1668384000,236.0,239.85,234.5,236.5,3217733.0
1668470400,237.1,239.4,232.745,234.59,3371100.0
1668556800,234.0,234.66,230.8375,232.42,3061954.0
1668643200,227.75,230.53,225.51,230.44,3257638.0
1668729600,230.85,231.84,227.63,231.43,2868714.0
1668988800,231.55,233.67,228.27,232.17,2522619.0
1669075200,234.0,237.48,233.36,237.26,2523669.0
1669161600,237.63,239.63,235.61,236.92,2311283.0
1669334400,237.0,237.49,235.19,235.7,1034795.0
1669593600,233.94,234.955,231.57,232.3,2862337.0
1669680000,233.3,235.73,231.55,235.12,2277925.0
1669766400,235.9,236.76,230.79,236.41,3849956.0
1669852800,236.9,237.0,231.94,235.69,2504686.0
1669939200,233.89,238.47,233.59,236.13,2218271.0
1670198400,234.8,235.91,232.26,232.57,2064513.0
1670284800,232.59,233.05,225.56,228.29,3633800.0
1670371200,227.0,229.84,225.78,228.98,3044194.0
1670457600,230.91,232.5,229.54,230.92,2189369.0
1670544000,232.0,232.81,227.19,227.29,2256976.0
1670803200,227.55,233.4,227.02,233.06,2709227.0
1670889600,237.82,237.92,232.13,235.49,2945191.0
1670976000,236.06,238.22,233.12,234.48,3513780.0
1671062400,232.16,232.93,227.72,230.66,2953761.0
1671148800,228.63,233.215,228.05,232.72,7610743.0
1671408000,233.9,236.93,230.93,232.29,2622367.0
1671494400,232.44,235.72,231.86,235.14,2649895.0
1671580800,237.66,241.9101,237.66,241.73,4143626.0
1671667200,240.15,240.8,233.04,237.54,3129995.0
1671753600,236.95,240.54,236.5,239.87,1960066.0
1672099200,240.69,245.05,239.7223,243.14,3381464.0
1672185600,243.14,243.82,238.275,239.38,2269966.0
1672272000,241.21,241.61,238.27,240.2,1652542.0
1672358400,239.39,240.16,237.7,239.56,1521214.0
1672704000,240.68,240.68,236.2,238.88,2651884.0
1672790400,240.0,242.13,238.55,241.36,2387868.0
1672876800,240.53,241.535,237.56,240.28,2355923.0
1672963200,242.89,249.91,242.24,248.86,3945070.0
1673222400,249.01,250.97,246.0,246.62,3417307.0
1673308800,246.95,250.84,246.45,250.51,3011934.0
1673395200,251.49,251.89,247.125,250.73,2402410.0
1673481600,252.0,257.3799,251.01,255.07,3881458.0
1673568000,256.8,258.575,255.23,258.46,3067830.0
1673913600,258.86,260.5,255.935,256.26,4100061.0
1674000000,257.28,258.9099,252.07,252.82,3361371.0
1674086400,250.48,251.25,244.3,245.75,4885201.0
1674172800,246.87,249.92,244.76,249.71,2964106.0
1674432000,250.75,253.68,249.27,252.7,2610238.0
1674518400,252.88,259.0474,249.75,257.61,3505069.0
1674604800,254.53,259.185,254.32,258.44,2424912.0
1674691200,260.0,262.26,256.8913,262.12,2677234.0
1674777600,262.46,266.04,262.12,264.54,2782988.0
1675036800,263.34,264.9999,261.31,261.5,3426868.0
1675123200,257.0,257.39,246.41,252.29,10992110.0
1675209600,251.75,252.7,245.31,249.54,6022012.0
1675296000,249.33,249.53,241.8,244.9,6130329.0
1675382400,244.0,250.95,243.1268,247.76,4134653.0
1675641600,248.11,252.14,248.0,251.42,3528766.0
1675728000,250.55,252.0,245.3503,249.66,3467883.0
1675814400,248.1,251.56,247.08,248.87,2300252.0
1675900800,250.0,251.97,245.48,246.28,2464903.0
1675987200,246.28,248.63,244.64,247.67,2820453.0
1676246400,243.5,248.38,242.65,248.15,3068116.0
1676332800,247.01,247.31,241.65,244.36,2512857.0
1676419200,244.2,248.77,243.225,248.7,2399236.0
1676505600,246.5,248.53,244.52,246.52,1934871.0
1676592000,247.86,250.86,245.63,247.79,3759290.0
1676937600,244.5,248.0,239.75,240.71,3105908.0
1677024000,241.19,242.23,236.42,237.89,3145185.0
1677110400,240.67,240.8297,235.6,237.95,3218961.0
1677196800,235.23,236.69,233.02,236.17,2105656.0
1677456000,239.1,241.25,238.72,239.98,1721039.0
1677542400,240.94,241.1,238.71,239.55,2647745.0
1677628800,242.01,249.7,241.57,248.67,4117683.0
1677715200,246.51,252.49,246.13,252.18,2678457.0
1677801600,252.39,255.4,249.91,255.31,2314730.0
1678060800,255.65,255.7,251.58,253.98,2317075.0
1678147200,254.05,254.75,245.9499,246.14,3018405.0
1678233600,247.99,251.11,246.75,248.72,2068605.0
1678320000,248.95,250.13,240.605,240.96,2518845.0
1678406400,236.31,238.13,225.8,227.01,5767526.0
1678665600,222.58,228.33,221.54,224.7,4885063.0
1678752000,228.99,229.59,222.2,225.67,3754946.0
1678838400,219.4,221.1834,212.57,217.26,5471675.0
1678924800,215.67,219.81,213.32,218.71,3555109.0
1679011200,217.4,217.4,211.43,215.01,7203047.0
1679270400,217.35,221.87,216.48,220.31,3464160.0
1679356800,224.06,226.0,223.61,224.92,3074835.0
1679443200,225.17,226.59,219.86,219.95,2930156.0
1679529600,220.51,225.3,217.6007,219.44,2957536.0
1679616000,216.85,217.43,213.14,217.01,2977746.0
1679875200,214.93,218.96,213.92,218.0,3209536.0
1679961600,218.15,220.56,217.71,220.16,1801975.0
1680048000,222.74,223.22,221.5009,223.0,1857436.0
1680134400,225.05,226.344,223.99,224.54,1921317.0
1680220800,226.38,229.055,224.9,228.84,2746909.0
1680480000,230.01,233.85,228.86,229.87,2242533.0
1680566400,228.9,229.49,216.25,217.45,4282098.0
1680652800,216.2,217.8791,211.55,213.53,4265252.0
1680739200,212.67,213.0,208.94,209.17,4180062.0
1681084800,210.22,216.09,209.32,215.53,3838965.0
1681171200,216.17,222.9,216.17,220.6,3882026.0
1681257600,222.15,223.215,219.89,220.5,2385141.0
1681344000,219.94,222.18,216.66,221.67,2909059.0
1681430400,222.99,225.83,221.44,223.68,2246904.0
1681689600,225.01,226.92,224.3,225.24,1751839.0
1681776000,225.56,227.5,224.06,225.2,2567096.0
1681862400,224.8,225.15,222.41,224.65,2078502.0
1681948800,222.42,224.22,220.93,222.27,2826825.0
1682035200,220.67,220.99,217.5,220.27,2712742.0
1682294400,220.53,223.685,220.53,223.43,2790653.0
1682380800,222.36,223.2288,218.27,218.63,2505596.0
1682467200,217.73,220.39,216.12,216.19,3254731.0
1682553600,210.48,216.08,204.04,214.33,7711149.0
1682640000,213.24,220.555,213.0,218.8,4669549.0
1682899200,219.342,221.96,216.53,217.27,2876412.0
1682985600,217.11,217.11,210.59,215.15,2857991.0
1683072000,215.64,219.17,214.86,215.64,2635075.0
1683158400,216.05,216.93,209.33,210.38,3211007.0
1683244800,213.59,215.68,212.4,215.09,2716550.0
1683504000,216.44,218.11,213.63,214.79,2414108.0
1683590400,213.74,215.3937,211.95,213.49,4111863.0
1683676800,215.43,215.99,210.19,213.17,2446106.0
1683763200,209.0,210.28,208.415,210.03,3263278.0
1683849600,211.71,212.55,207.93,209.54,2172580.0
1684108800,210.31,213.305,209.15,211.29,1925794.0
1684195200,210.05,210.265,207.05,207.2,2771733.0
1684281600,209.28,213.835,208.65,212.1,2897517.0
1684368000,211.0,215.66,210.23,214.72,2643586.0
1684454400,219.46,219.8894,212.95,214.78,4402093.0
1684713600,214.25,217.16,211.89,214.26,2540614.0
1684800000,213.2,215.26,211.35,212.71,2298512.0
1684886400,211.81,212.48,209.22,209.7,2963968.0
1684972800,209.69,211.785,208.6,209.98,2243773.0
1685059200,211.74,213.28,210.205,211.8,1973881.0
1685404800,211.18,212.89,208.25,209.9,2885893.0
1685491200,209.13,210.78,205.6,205.75,5936977.0
1685577600,207.68,210.57,206.04,209.07,2989150.0
1685664000,214.95,227.78,214.01,226.63,8358196.0
1685923200,226.99,226.28,220.75,222.47,3438443.0
1686009600,221.86,228.27,221.45,226.68,3230095.0
1686096000,227.81,236.36,226.28,235.55,5586408.0
1686182400,234.54,236.28,231.74,234.45,3548041.0
1686268800,235.7,235.81,231.43,235.03,2489663.0
1686528000,235.23,238.885,233.3201,237.9,3645004.0
1686614400,240.08,246.68,239.68,245.44,4335106.0
1686700800,246.8,248.32,241.57,243.32,3122386.0
1686787200,244.0,248.3782,243.48,247.67,2743898.0
1686873600,249.4,250.89,244.97,245.27,5261185.0
1687219200,242.33,243.215,240.55,241.15,2980704.0
1687305600,238.84,245.26,238.0313,241.48,2892473.0
1687392000,240.23,240.98,235.95,237.34,2423665.0
1687478400,234.44,235.86,231.28,234.44,3354027.0
1687737600,235.46,239.6225,235.125,236.95,1748332.0
1687824000,237.48,240.84,235.32,240.69,2283013.0
1687910400,239.29,242.05,237.86,241.87,2200056.0
1687996800,241.94,246.8628,241.37,244.24,2070085.0
1688083200,246.57,246.9344,243.89,246.05,2377993.0
1688342400,245.95,248.39,245.27,247.33,1045746.0
1688515200,245.0,247.5,244.1183,244.83,1820710.0
1688601600,242.75,243.87,238.84,240.58,3081719.0
1688688000,240.19,247.8,240.11,245.18,2903972.0
1688947200,244.51,249.36,244.09,248.81,2771882.0
1689033600,249.84,254.47,249.84,252.85,3294783.0
1689120000,255.49,257.64,251.44,253.6,2986445.0
1689206400,254.56,256.46,252.74,255.86,1949520.0
1689292800,256.48,256.48,252.91,255.62,1936998.0
1689552000,254.27,258.85,252.01,257.46,2674932.0
1689638400,257.63,264.16,256.93,263.81,3833380.0
1689724800,260.14,262.92,259.7,262.75,2771896.0
1689811200,264.17,265.4,260.44,261.09,2102305.0
1689897600,261.75,261.76,257.51,257.65,2249852.0
1690156800,258.3,262.44,258.1,259.37,2195493.0
1690243200,260.1,263.88,259.44,262.06,2016647.0
1690329600,260.53,262.54,257.25,258.32,2622804.0
1690416000,258.97,261.1,256.8226,258.3,2284531.0
1690502400,259.93,262.98,258.99,260.43,2104855.0
1690761600,262.75,265.21,261.66,265.17,3576780.0
1690848000,272.75,288.78,270.5,288.65,11830410.0
1690934400,287.75,293.88,286.09,287.57,6290294.0
1691020800,285.54,287.94,281.05,281.45,4745711.0
1691107200,283.2,283.5,275.36,276.44,3888182.0
1691366400,277.12,281.96,275.89,281.65,2438200.0
1691452800,278.0,283.95,274.78,282.89,2519489.0
1691539200,284.66,287.12,283.88,284.53,3088597.0
1691625600,284.49,287.66,281.19,283.82,2647229.0
1691712000,283.94,286.04,282.61,285.22,1874273.0
1691971200,284.06,285.6,281.27,284.54,2194187.0
1692057600,282.52,282.64,277.05,277.37,2593607.0
1692144000,277.0,281.71,274.085,274.51,2831256.0
1692230400,277.02,279.55,274.66,275.17,2534718.0
1692316800,273.01,275.69,271.11,273.8,2532964.0
1692576000,274.75,276.235,268.8,272.75,2207586.0
1692662400,273.94,274.1299,269.67,270.2,1669867.0
1692748800,270.3,273.76,269.1101,273.03,1677971.0
1692835200,271.6,274.69,269.2,269.3,1433718.0
1692921600,271.52,273.62,268.83,272.56,1291666.0
1693180800,273.5,276.999,273.035,274.79,1550820.0
1693267200,275.0,280.13,273.43,280.03,2065754.0
1693353600,280.03,283.81,279.81,282.33,1431019.0
1693440000,283.64,284.805,280.84,281.13,2579127.0
1693526400,284.8,287.07,283.65,286.25,2336591.0
1693872000,286.34,289.41,281.38,281.63,2515636.0
1693958400,280.42,284.47,279.04,282.9,1688876.0
1694044800,280.93,283.48,277.6509,281.43,1593373.0
1694131200,281.57,283.39,279.12,282.28,1241276.0
1694390400,284.56,285.0,279.95,282.05,1515311.0
1694476800,280.26,284.715,279.82,281.81,1587363.0
1694563200,280.21,282.74,273.0301,275.92,2119256.0
1694649600,279.0,283.175,277.83,282.56,2660520.0
1694736000,281.87,281.87,277.33,279.15,4940871.0
1694995200,279.06,282.75,278.85,280.94,1363218.0
1695081600,280.08,283.5,277.65,279.67,2313534.0
1695168000,281.5,286.5985,278.08,278.61,2382011.0
1695254400,276.21,276.21,271.6,272.03,2278483.0
1695340800,272.01,275.1,271.61,273.06,1708570.0
1695600000,270.75,274.83,270.07,274.27,1257517.0
1695686400,271.15,273.42,269.15,269.52,1756427.0
1695772800,271.0,274.23,269.2,272.71,1991541.0
1695859200,273.49,278.25,272.22,276.24,1994725.0
1695945600,279.08,279.55,271.36,273.0,2257825.0
1696204800,272.64,276.81,270.24,271.72,1778235.0
1696291200,271.21,273.58,267.54,268.97,2188005.0
1696377600,267.5,267.82,262.78,265.03,2970215.0
1696464000,263.9,265.94,260.43,260.8,2639337.0
1696550400,261.57,268.4185,258.27,266.04,2293464.0
1696809600,266.04,271.61,264.6508,271.3,1640764.0
1696896000,272.65,275.0957,271.83,273.21,2009107.0
1696982400,273.53,274.4079,269.9,272.83,1538219.0
1697068800,273.8,273.8,266.19,269.61,1910506.0
1697155200,270.49,273.9399,266.1,267.94,1918648.0
1697414400,272.12,273.972,269.58,270.79,1678588.0
1697500800,268.58,275.56,268.58,272.65,2110205.0
1697587200,268.5,269.0,258.75,259.22,4257056.0
1697673600,257.91,260.0,251.76,252.89,3849996.0
1697760000,251.31,253.49,248.158,249.2,3103477.0
1698019200,247.63,251.61,246.56,247.32,3193201.0
1698105600,250.25,251.72,247.25,249.55,2304815.0
1698192000,249.87,250.77,244.5,244.94,2542399.0
1698278400,245.53,246.73,240.41,242.43,3859150.0
1698364800,243.05,243.915,237.86,238.56,3229943.0
1698624000,240.94,243.6,239.18,242.16,4478283.0
1698710400,227.65,230.54,223.76,226.05,12093250.0
1698796800,225.11,232.65,223.9244,231.83,4932814.0
1698883200,235.8,239.59,232.88,239.12,7749892.0
1698969600,241.51,244.2393,238.18,240.75,3929453.0
1699228800,241.51,242.92,236.3607,238.28,2891529.0
1699315200,234.58,237.14,233.57,234.92,4073958.0
1699401600,236.0,237.79,234.445,234.82,2532451.0
1699488000,237.44,239.28,233.82,234.15,2708931.0
1699574400,235.34,240.15,234.62,239.68,2525979.0
1699833600,238.88,243.31,238.88,241.67,3035714.0
1699920000,246.75,249.5499,244.69,247.86,3441793.0
1700006400,249.52,252.925,248.6,251.09,3740063.0
1700092800,250.5,252.92,246.6,248.21,2625013.0
1700179200,250.09,254.26,250.0,253.07,3438183.0
1700438400,252.61,252.9,248.66,250.45,2661794.0
1700524800,249.44,249.8538,248.32,249.41,1765468.0
1700611200,241.84,247.63,241.81,246.01,3594076.0
1700784000,246.75,248.9,246.7,247.36,982235.0
1701043200,246.96,248.215,246.32,247.39,1743468.0
1701129600,247.74,248.87,246.01,247.5,2150011.0
1701216000,249.68,251.58,248.31,249.45,2224796.0
1701302400,251.04,251.5,247.84,250.72,3210495.0
1701388800,251.91,257.44,251.01,256.76,3731480.0
1701648000,253.57,255.53,252.42,254.75,3028712.0
1701734400,253.78,257.2,253.78,255.19,2682372.0
1701820800,256.8,261.01,255.5717,255.97,3632822.0
1701907200,257.21,259.38,255.8097,257.41,2162534.0
1701993600,257.38,261.64,257.0,259.5,3258348.0
1702252800,259.84,262.24,259.5,260.92,2898544.0
1702339200,259.99,262.49,259.12,261.43,2375743.0
1702425600,261.4,268.23,259.28,267.97,3708327.0
1702512000,272.45,285.46,270.55,285.17,6464060.0
1702598400,280.1,286.85,279.9799,285.74,7321193.0
1702857600,286.74,288.8763,284.57,285.71,2691728.0
1702944000,286.8,293.03,286.16,292.96,3659607.0
1703030400,291.93,298.27,289.52,289.71,3818414.0
1703116800,289.9,290.73,286.6,290.07,3209389.0
1703203200,290.31,292.83,288.91,290.36,2833962.0
1703548800,291.59,297.0899,291.0001,295.63,2019046.0
1703635200,295.63,299.15,294.73,298.12,1876485.0
1703721600,297.1,299.2,296.04,296.88,2267452.0
1703808000,296.85,298.235,293.2,295.67,2300643.0
1704153600,293.43,296.64,291.35,292.71,2433125.0
1704240000,288.39,288.925,283.315,284.3,3043399.0
1704326400,284.41,288.22,283.79,286.1,2995437.0
1704412800,286.25,291.0,285.47,288.93,2684787.0
1704672000,287.56,292.68,285.24,292.25,2369129.0
1704758400,289.23,292.36,288.0,292.29,1974507.0
1704844800,292.15,294.55,291.4612,293.35,2048021.0
1704931200,294.6,295.595,289.41,292.06,1941352.0
1705017600,295.27,295.83,288.93,290.41,1955694.0
1705363200,288.88,290.205,285.6,287.23,3140086.0
1705449600,278.83,282.02,276.94,278.63,3789153.0
1705536000,280.02,282.53,277.6601,281.9,2479261.0
1705622400,282.32,286.08,278.95,285.28,3115987.0
1705881600,286.1,290.59,286.1,288.67,2072329.0
1705968000,290.5,292.88,287.52,288.83,1866294.0
1706054400,290.84,292.61,288.34,290.68,2765909.0
1706140800,294.0,303.31,293.13,300.77,4647055.0
1706227200,301.0,302.98,298.66,299.43,2920474.0
1706486400,299.02,303.7,297.45,303.25,2101353.0
1706572800,300.51,305.73,300.51,304.76,2150444.0
1706659200,305.57,305.75,299.93,300.31,2812955.0
1706745600,303.24,308.07,301.94,307.69,3196264.0
1706832000,307.0,317.37,305.995,315.09,4661484.0
1707091200,334.87,334.87,315.91,321.4,6557542.0
1707177600,323.19,327.43,319.07,322.72,2826394.0
1707264000,322.94,327.82,321.1,323.59,3202982.0
1707350400,324.67,326.43,321.4201,322.0,1986100.0
1707436800,322.0,322.33,315.57,317.16,2823170.0
1707696000,317.21,323.09,316.51,321.63,2483602.0
1707782400,315.79,316.0,310.79,312.84,2923359.0
1707868800,316.01,317.85,313.97,316.71,1887095.0
1707955200,315.95,323.21,315.46,323.07,2362937.0
1708041600,323.72,328.3,321.44,321.91,2513347.0
1708387200,317.26,319.0,312.74,313.74,2701572.0
1708473600,312.9,317.82,312.9,317.14,1780222.0
1708560000,321.0,323.37,320.34,322.09,1875783.0
1708646400,323.0,325.08,322.05,323.88,1575227.0
1708905600,323.65,327.24,322.25,325.38,1650017.0
1708992000,326.98,327.945,323.77,327.63,1640875.0
1709078400,327.39,331.68,326.99,329.56,1471162.0
1709164800,331.0,334.89,330.1,333.96,2699773.0
1709251200,334.0,337.77,333.6,336.7,1815536.0
1709510400,335.6,340.26,334.79,338.65,1551197.0
1709596800,335.42,338.99,331.7401,333.53,2029966.0
1709683200,336.25,337.73,334.16,335.63,1542427.0
1709769600,338.51,342.34,338.43,340.22,1732485.0
1709856000,342.07,344.5,338.1,339.19,2307423.0
1710115200,337.0,338.205,331.53,334.97,1868119.0
1710201600,335.28,338.39,332.74,337.24,1646140.0
1710288000,338.14,343.1,337.39,341.52,1818943.0
1710374400,344.55,346.84,338.94,341.92,2110175.0
1710460800,342.97,347.29,341.15,346.97,4406009.0
1710720000,348.08,353.34,347.86,351.9,2528184.0
1710806400,351.6,354.0,349.62,353.9,2207751.0
1710892800,351.12,358.18,348.14,356.45,2563949.0
1710979200,357.67,365.2,356.72,364.56,2616273.0
1711065600,364.6,365.52,357.86,358.11,2051989.0
1711324800,356.96,358.87,355.03,355.95,1774760.0
1711411200,356.46,359.587,356.0,356.39,1637312.0
1711497600,358.72,364.81,357.8783,364.65,2262845.0
1711584000,364.62,367.22,363.53,366.43,2028629.0
1711929600,367.48,367.93,362.64,363.74,1953766.0
1712016000,362.31,364.99,361.48,364.83,1968867.0
1712102400,365.49,376.07,364.6,375.79,2623737.0
1712188800,377.37,381.03,368.88,369.79,2492175.0
1712275200,372.5,381.0,371.79,379.3,2068267.0
1712534400,379.11,382.01,372.89,373.47,2689993.0
1712620800,375.03,377.16,365.51,371.9,2043292.0
1712707200,366.2,372.62,364.39,372.07,2148522.0
1712793600,372.63,373.37,366.9,371.98,2535736.0
1712880000,368.64,372.8425,362.68,365.63,2072870.0
1713139200,372.97,374.46,362.1101,363.91,2170956.0
1713225600,363.02,363.455,357.18,359.88,2514069.0
1713312000,362.65,362.91,352.88,358.32,2313776.0
1713398400,361.15,363.48,356.1677,357.93,2380716.0
1713484800,358.29,360.95,352.14,354.66,2929591.0
1713744000,356.1,362.0,353.24,357.61,2085356.0
1713830400,360.0,365.52,359.04,363.25,1810693.0
1713916800,363.95,368.17,358.895,363.52,3032711.0
1714003200,330.44,341.94,330.32,338.0,6459595.0
1714089600,338.44,345.5,338.33,343.38,3324630.0
1714348800,343.98,350.9499,343.98,349.8,2213594.0
1714435200,347.02,347.77,333.12,334.57,4201677.0
1714521600,333.38,338.495,330.74,331.07,3520821.0
1714608000,333.52,336.16,329.25,335.44,2492004.0
1714694400,338.09,341.61,334.98,336.75,1977087.0
1714953600,340.87,342.5499,339.7,342.1,1653860.0
1715040000,344.47,348.54,343.395,345.0,1965752.0
1715126400,340.0,346.27,338.74,344.5,2260496.0
1715212800,345.92,352.88,345.43,351.78,3208947.0
1715299200,355.0,357.51,353.5226,354.79,2210787.0
1715558400,354.8,358.55,354.37,356.68,2051224.0
1715644800,357.72,360.61,357.03,358.18,1563528.0
1715731200,361.47,363.31,358.12,360.04,1913878.0
1715817600,356.75,358.77,349.61,350.72,2821686.0
1715904000,352.97,356.41,351.56,356.27,2104332.0
1716163200,356.4,364.4299,354.77,362.75,2247917.0
1716249600,362.26,363.24,357.5,359.07,1841136.0
1716336000,358.5,359.2,352.56,355.94,2104298.0
1716422400,360.4,361.34,348.79,350.7,2749157.0
1716508800,352.64,353.91,346.68,348.9,2635223.0
1716854400,348.0,349.2317,344.4,346.47,2264877.0
1716940800,345.0,345.31,337.72,338.11,3040026.0
1717027200,338.47,344.55,338.47,339.25,2746084.0
1717113600,339.34,340.885,335.06,338.52,8319505.0
1717372800,340.87,341.4,325.75,331.36,3878646.0
1717459200,328.71,330.33,324.5001,327.57,3706638.0
1717545600,329.48,331.27,326.7,329.45,2616330.0
1717632000,330.22,331.03,327.09,328.29,2452154.0
1717718400,326.2,332.8799,323.7176,328.94,2499318.0
1717977600,328.71,331.91,328.44,329.61,2640555.0
1718064000,327.76,328.64,323.725,327.31,3247002.0
1718150400,333.15,335.17,326.0,328.73,4817488.0
1718236800,327.5,327.89,321.45,326.36,3183935.0
1718323200,321.39,322.675,315.85,321.47,4195333.0
1718582400,321.47,323.84,318.88,322.4,3198913.0
1718668800,323.05,325.6,321.0,325.14,3275381.0
1718841600,325.06,331.1,324.58,329.13,4463440.0
1718928000,330.53,330.55,326.18,327.84,8265206.0
1719187200,329.36,333.67,326.07,330.0,2447399.0
1719273600,328.01,329.47,324.37,327.4,2995905.0
1719360000,326.25,327.71,323.78,326.73,2198622.0
1719446400,326.03,329.23,324.67,327.46,1995103.0
1719532800,328.51,334.19,328.32,333.1,8891479.0
1719792000,335.11,335.29,325.37,329.08,2950343.0
1719878400,328.0,330.09,325.58,327.76,2119862.0
1719964800,328.26,331.41,328.26,330.61,1352181.0
1720137600,331.57,333.44,326.63,328.35,2280941.0
1720396800,330.36,333.26,327.14,329.06,1913367.0
1720483200,328.54,330.12,325.83,326.06,1896255.0
1720569600,326.1,328.48,321.64,328.48,2904464.0
1720656000,330.0,334.43,329.3,331.13,3016860.0
1720742400,334.95,338.23,333.43,335.59,2451399.0
1721001600,339.1,347.9,337.84,345.77,3394255.0
1721088000,346.83,362.28,345.26,360.58,4636980.0
1721174400,358.97,362.685,356.2,357.8,3060996.0
1721260800,356.5,369.23,355.75,356.03,3876297.0
1721347200,355.35,356.4854,346.69,347.63,3462657.0
1721606400,348.0,348.73,341.375,347.87,2659572.0
1721692800,345.73,348.66,341.38,344.17,2027837.0
1721779200,342.95,344.82,335.45,336.04,2835754.0
1721865600,335.51,348.2,333.95,344.3,3291486.0
1721952000,348.64,352.94,346.88,350.48,1894930.0
1722211200,350.18,351.38,343.13,344.53,2190368.0
1722297600,343.66,345.715,338.62,341.72,1970785.0
1722384000,345.35,350.99,340.85,346.2,2568331.0
1722470400,346.3,349.83,328.0794,331.52,3747881.0
1722556800,322.75,323.4,317.66,320.87,4246740.0
1722816000,309.0,320.58,307.05,316.8,4681329.0
1722902400,314.05,332.17,310.5,326.44,5071715.0
1722988800,333.51,335.18,324.45,325.8,3011727.0
1723075200,330.0,336.4299,327.61,336.16,2268337.0
1723161600,336.0,338.5,332.48,338.26,1668078.0
1723420800,338.26,339.845,333.595,336.03,2127606.0
1723507200,337.18,339.52,333.73,338.8,1503929.0
1723593600,339.6,341.79,334.6,337.59,1610888.0
1723680000,344.5,347.64,340.79,345.64,3232783.0
1723766400,345.25,345.84,340.7601,343.48,2483755.0
1724025600,343.68,346.1,343.3,344.65,2252755.0
1724112000,345.0,346.17,341.82,343.3,1479542.0
1724198400,344.58,345.6,341.85,342.97,1433163.0
1724284800,343.0,345.14,341.77,342.36,2021578.0
1724371200,344.97,349.5439,343.07,348.41,2183912.0
1724630400,349.81,354.41,348.935,351.16,1718059.0
1724716800,350.35,351.72,347.1,351.12,1211040.0
1724803200,350.59,354.43,345.84,348.2,1514474.0
1724889600,351.22,356.46,347.49,351.64,1664658.0
1724976000,352.59,356.24,349.83,356.1,2974052.0
1725321600,352.21,352.63,338.4001,340.24,3107219.0
1725408000,338.59,340.85,335.29,336.75,2782497.0
1725494400,336.02,336.485,330.56,333.56,2525491.0
1725580800,334.2,338.62,328.12,329.36,2676623.0
1725840000,333.91,336.36,332.97,334.04,2355801.0
1725926400,335.11,335.75,329.39,334.16,1869324.0
1726012800,333.0,335.48,326.11,335.0,1934695.0
1726099200,335.28,341.04,333.68,339.58,1747566.0
1726185600,342.42,347.22,340.3541,345.31,2518723.0
1726444800,348.35,351.46,344.29,347.96,1648247.0
1726531200,350.0,354.58,349.2352,353.69,2088589.0
1726617600,355.0,361.63,352.32,355.12,1990660.0
1726704000,363.0,374.69,361.27,373.31,4066612.0
1726790400,370.4,371.45,365.84,368.82,5440526.0
1727049600,368.99,372.97,366.975,371.17,2442816.0
1727136000,380.0,389.43,379.5,385.93,4024264.0
1727222400,387.0,388.64,377.92,378.25,2661536.0
1727308800,390.01,397.22,386.2,390.96,3906800.0
1727395200,391.0,395.56,389.1382,391.08,2683768.0
1727654400,389.38,392.755,386.82,391.12,2251585.0
1727740800,391.27,395.485,386.63,392.39,2091388.0
1727827200,391.98,395.66,388.6357,394.05,1768062.0
1727913600,392.34,394.0,388.72,391.09,1866089.0
1728000000,396.72,397.46,391.85,397.09,1675430.0
1728259200,396.45,401.17,396.1385,398.25,2224513.0
1728345600,394.26,395.0,384.8488,387.96,2438847.0
1728432000,388.17,396.6,387.5001,396.19,1757882.0
1728518400,395.18,396.96,390.5,396.64,1331845.0
1728604800,396.64,403.6,396.64,402.02,2110351.0
1728864000,393.39,396.29,386.87,393.95,3006132.0
1728950400,390.63,392.47,387.59,387.99,2715320.0
1729036800,387.4,394.6,386.925,393.62,1551797.0
1729123200,395.15,397.12,393.16,394.49,1561648.0
1729209600,396.25,396.45,389.72,393.86,3024091.0
1729468800,392.29,393.15,389.24,390.48,2376089.0
1729555200,389.73,391.29,385.725,388.46,1523872.0
1729641600,386.95,390.03,382.6933,385.73,1501236.0
1729728000,386.95,388.36,382.219,387.06,1844245.0
1729814400,389.61,392.03,384.31,385.97,1606883.0
1730073600,388.39,391.57,387.37,390.61,3213934.0
1730160000,389.5,389.6,385.55,387.51,2186415.0
1730246400,374.0,388.26,367.2,379.24,4037464.0
1730332800,377.35,378.9132,372.75,376.2,2394488.0
1730419200,378.07,383.265,376.94,379.63,1633361.0
1730678400,378.1,381.485,375.3,376.52,1793751.0
1730764800,377.13,386.07,375.65,383.37,1724115.0
1730851200,405.17,418.3041,404.01,416.88,4720049.0
1730937600,414.92,418.5,407.54,408.21,3211102.0
1731024000,400.96,403.06,392.4,393.37,3345862.0
1731283200,397.91,402.08,395.0101,396.54,1859182.0
1731369600,397.79,398.73,391.15,393.01,1737372.0
1731456000,388.95,391.2,385.67,387.07,2002200.0
1731542400,388.5,390.175,386.205,387.36,1372462.0
1731628800,385.99,388.49,382.2,384.07,2165453.0
1731888000,386.0,386.3,382.92,384.46,1626303.0
1731974400,378.03,383.25,378.03,382.33,1793407.0
1732060800,384.01,386.2,378.47,381.5,1859725.0
1732147200,383.92,392.02,379.0,389.59,1833547.0
1732233600,390.36,398.16,387.89,397.49,1893407.0
1732492800,400.0,407.15,400.0,405.65,4398020.0
1732579200,403.65,408.41,401.76,407.83,1796714.0
1732665600,408.395,412.1199,403.24,403.7,1371922.0
1732838400,407.33,411.19,405.0,406.11,1962112.0
1733097600,407.46,408.145,400.79,402.51,1548651.0
1733184000,403.52,405.53,396.595,399.26,1716152.0
1733270400,398.57,401.47,396.1292,399.51,1193925.0
1733356800,400.5,401.43,394.21,394.98,1291385.0
1733443200,398.15,399.74,392.74,395.03,1331099.0
1733702400,402.54,409.71,398.44,399.26,1739787.0
1733788800,390.72,395.4657,385.61,388.39,2250982.0
1733875200,390.48,391.35,387.425,388.87,1651616.0
1733961600,389.05,389.87,380.15,380.78,1804628.0
1734048000,380.6,382.89,378.89,380.51,2035063.0
1734307200,381.77,382.315,377.76,378.92,1311206.0
1734393600,376.03,378.89,373.83,375.8,2138650.0
1734480000,378.7,381.155,363.03,363.89,2820729.0
1734566400,368.44,369.57,360.01,360.37,2619200.0
1734652800,358.5,371.49,357.24,366.04,5141960.0
1734912000,364.87,366.35,361.495,365.39,1804875.0
1734998400,364.45,367.57,362.66,367.57,886018.0
1735171200,365.05,367.49,363.865,367.12,1098408.0
1735257600,363.39,367.4,361.7468,364.86,1245823.0
1735516800,360.43,364.8199,358.74,363.01,1422636.0
1735603200,363.5,365.7677,361.8,362.76,1168071.0
1735776000,365.51,368.85,358.09,359.77,1803731.0
1735862400,361.59,364.48,359.49,363.79,1391959.0
1736121600,367.0,370.84,362.5801,364.2,1590975.0
1736208000,364.13,366.09,361.09,363.0,1607627.0
1736294400,362.45,362.88,357.7,361.07,1828830.0
1736467200,357.83,359.85,349.8,351.0,2774045.0
1736726400,352.96,363.195,351.8,362.5,2745954.0
1736812800,365.49,372.0,365.18,371.57,2331660.0
1736899200,379.14,379.94,374.33,374.89,1984512.0
1736985600,376.31,381.42,374.72,380.55,1974718.0
1737072000,384.7,386.845,382.0,386.02,2605870.0
1737417600,391.0,402.58,390.8,398.36,3144508.0
1737504000,398.68,400.4819,395.111,397.61,1994791.0
1737590400,397.37,409.59,397.27,406.4,2587401.0
1737676800,405.73,409.4,405.28,407.63,1938183.0
1737936000,397.19,399.54,389.92,394.98,2964352.0
1738022400,394.04,396.88,386.48,390.29,1788939.0
1738108800,391.94,399.36,391.12,393.23,2675819.0
1738195200,373.5,380.81,373.16,374.98,4234597.0
1738281600,377.46,378.0,371.28,371.44,2859000.0
1738540800,364.14,368.55,359.69,361.55,3079283.0
1738627200,369.66,369.66,359.41,361.95,2709817.0
1738713600,362.87,363.0,357.2,358.85,2134445.0
1738800000,363.9,367.5382,362.515,365.45,3007274.0
1738886400,369.25,369.5299,362.58,363.88,1804954.0
1739145600,365.33,366.235,361.55,363.22,1944675.0
1739232000,361.74,364.4199,360.9775,362.23,1516854.0
1739318400,357.0,358.93,351.44,352.04,2833093.0
1739404800,352.57,357.5882,350.42,353.7,3547192.0
1739491200,356.6,358.8762,352.8,353.32,2045278.0
1739836800,355.47,356.93,351.11,354.0,3120367.0
1739923200,351.87,353.8533,349.59,353.0,2211123.0
1740009600,355.0,356.8514,347.4518,349.15,2174066.0
1740096000,350.53,352.0,337.5989,340.04,3225242.0
1740355200,343.39,345.45,336.23,338.92,2513291.0
1740441600,341.0,344.23,336.38,342.36,3323544.0
1740528000,345.45,348.78,340.12,342.58,2397754.0
1740614400,343.65,346.92,338.46,340.0,1971027.0
1740700800,341.98,344.9,338.74,343.95,3210269.0
1740960000,347.63,348.15,330.03,332.04,2569655.0
1741046400,327.39,331.92,318.68,326.75,3500232.0
1741132800,329.12,339.51,328.65,338.49,3189095.0
1741219200,335.27,341.91,332.5201,341.01,2234096.0
1741305600,339.4,352.115,339.4,350.3,3063803.0
1741564800,345.0,352.41,341.85,345.21,2809137.0
1741651200,343.92,345.15,336.37,339.77,3191100.0
1741737600,343.03,344.91,335.45,338.13,1816667.0
1741824000,336.03,340.65,331.67,333.31,2490395.0
1741910400,337.72,341.99,336.95,339.64,1936119.0
1742169600,339.74,344.3625,339.0015,342.64,1684083.0
1742256000,342.0,342.0,335.35,336.71,3310243.0
1742342400,336.93,342.0,336.67,338.62,2407288.0
1742428800,334.57,339.7797,333.61,336.25,2782873.0
1742515200,331.21,335.95,329.21,335.78,6766101.0
1742774400,340.55,343.15,339.29,341.67,2277496.0
1742860800,343.58,344.81,340.83,342.62,1678009.0
1742947200,343.36,347.27,338.79,341.11,1705089.0
1743033600,341.08,341.995,336.63,339.3,1481115.0
1743120000,337.0,338.25,328.05,329.69,1965493.0
1743379200,325.63,331.98,322.0,329.8,2837768.0
1743465600,327.01,332.2087,323.89,330.57,1955410.0
1743552000,326.13,336.35,326.1,334.66,1747616.0
1743638400,319.67,324.7,305.0,305.76,4638692.0
1743724800,285.0,294.2914,281.5013,288.08,7216842.0
1743984000,276.0,294.3492,267.3,280.06,7824699.0
1744070400,289.89,291.78,268.275,273.94,4989008.0
1744156800,270.76,301.8566,269.13,301.01,6457333.0
1744243200,296.68,298.27,279.8,289.16,4116825.0
1744329600,288.95,295.41,284.14,293.45,3197931.0
1744588800,298.67,302.48,295.71,298.12,2758813.0
1744675200,296.83,301.73,292.39,293.43,3611291.0
1744761600,292.71,295.7309,287.61,290.14,3017437.0
1744848000,292.17,297.695,291.9,294.25,2717624.0
1745193600,289.33,291.0,282.4563,284.74,2978308.0
1745280000,287.5,293.2336,287.0,291.17,2231223.0
1745366400,301.34,305.36,295.18,295.77,2458327.0
1745452800,297.43,308.21,297.07,306.86,2874396.0
1745539200,305.1,307.99,303.91,306.45,2162570.0
1745798400,306.45,311.43,303.8501,307.06,2189801.0
1745884800,305.0,308.67,302.91,307.4,2651012.0
1745971200,315.21,316.05,302.175,309.27,5124833.0
1746057600,311.375,318.89,311.0167,313.96,2961232.0
1746144000,318.48,324.67,318.48,323.68,3765238.0
1746403200,319.38,326.47,319.38,323.11,1829247.0
1746489600,321.55,324.1,319.85,320.89,1724184.0
1746576000,322.74,322.8,318.11,320.29,1555975.0
1746662400,324.88,328.87,322.9,324.25,2553435.0
1746748800,325.65,327.74,323.31,325.62,1646273.0
1747008000,343.11,351.0,339.73,342.55,4592046.0
1747094400,348.93,355.33,348.0672,352.54,4132547.0
1747180800,351.72,352.43,348.7807,349.66,2052201.0
1747267200,349.44,351.34,348.5,349.81,1580642.0
1747353600,351.54,354.22,348.24,353.58,2561699.0
1747612800,349.7,352.96,348.54,352.57,2277960.0
1747699200,350.84,352.461,347.485,349.49,2266041.0
1747785600,346.64,348.42,341.65,342.51,2093731.0
1747872000,342.0,347.37,340.59,345.19,2174286.0
1747958400,337.63,344.94,336.2409,343.39,1936728.0
1748304000,349.95,353.34,346.615,351.51,2240068.0
1748390400,352.49,352.8,348.86,349.49,1924390.0
1748476800,352.2,353.09,348.74,351.79,2290340.0
1748563200,351.83,353.24,347.02,348.03,4867154.0
1748822400,346.47,346.47,339.5,344.67,2552788.0
1748908800,346.0,350.84,344.9182,349.4,2614301.0
1748995200,350.3,351.73,349.33,349.33,1616391.0
1749081600,351.0,351.51,345.85,348.96,1753704.0
1749168000,353.57,357.44,352.26,353.35,1608073.0
1749427200,355.22,360.46,353.925,358.07,2147099.0
1749513600,359.44,360.355,356.085,358.57,1894523.0
1749600000,360.94,364.29,357.745,363.14,2551804.0
1749686400,359.85,362.0,357.87,360.96,1571922.0
1749772800,357.23,360.38,355.7,357.05,1609882.0
1750032000,361.0,364.6099,360.2,362.44,1579789.0
1750118400,360.72,362.39,357.03,357.68,1560105.0
1750204800,357.13,364.23,356.96,359.8,2000469.0
1750377600,362.95,364.25,359.14,360.52,6268337.0
1750636800,359.92,367.1,357.733,366.23,2927378.0
1750723200,369.89,374.105,367.917,373.02,3842180.0
1750809600,373.0,374.19,369.5135,371.58,1737892.0
1750896000,374.0,382.33,373.043,381.88,2575085.0
1750982400,383.02,387.49,382.75,384.71,4455001.0
1751241600,386.31,389.15,384.81,388.21,2791538.0
1751328000,386.59,393.89,384.25,390.92,2393985.0
1751414400,392.7,398.635,389.42,398.43,2713685.0
1751500800,398.92,402.42,397.59,397.86,1737838.0
1751846400,398.06,398.06,388.09,391.51,3012875.0
1751932800,392.43,395.95,391.52,394.29,2003569.0
1752019200,399.72,403.76,396.88,402.18,3100968.0
1752105600,404.66,412.0,403.44,408.33,3383755.0
1752192000,405.45,406.88,401.7,405.92,2072955.0
1752451200,404.0,406.79,402.226,405.77,2497731.0
1752537600,406.26,408.75,403.02,404.64,2167235.0
1752624000,405.0,413.07,403.32,412.88,3242126.0
1752710400,414.86,419.9,412.88,418.07,2445031.0
1752796800,418.7,419.9,412.16,413.71,2526690.0
1753056000,417.22,417.43,409.84,410.07,1833690.0
1753142400,410.375,418.52,410.375,417.19,2185012.0
1753228800,420.0,428.16,419.45,427.59,3254863.0
1753315200,427.04,430.16,424.5,429.52,2511355.0
1753401600,429.69,434.87,428.62,433.75,2218847.0
1753660800,431.25,436.4,431.12,432.94,2550479.0
1753747200,434.55,435.21,424.8,430.05,2384032.0
1753833600,430.0,436.83,426.43,434.12,3172623.0
1753920000,434.13,441.15,433.68,438.02,4116363.0
1754006400,426.97,430.86,421.29,428.69,4027733.0
1754265600,430.86,436.8916,429.99,433.7,4059537.0
1754352000,427.65,439.74,426.57,434.23,4329916.0
1754438400,433.34,434.71,425.54,427.72,2630801.0
1754524800,426.84,427.33,409.96,417.12,4261088.0
1754611200,420.52,421.8999,415.76,416.52,2965513.0
1754870400,416.98,418.29,406.8,408.54,3416162.0
1754956800,411.0,418.19,409.64,412.71,2765814.0
1755043200,415.18,415.54,410.54,413.7,4403194.0
1755129600,409.3,419.24,407.0,417.5,3676023.0
1755216000,415.72,416.555,407.1,407.79,3107741.0
1755475200,407.0,413.14,405.46,412.64,3185165.0
1755561600,419.31,421.88,414.06,416.09,3543629.0
1755648000,414.8,421.92,412.05,420.59,4060195.0
1755734400,419.93,420.58,414.16,417.89,2504344.0
1755820800,421.61,437.84,420.05,435.67,3785096.0
1756080000,435.0,436.8993,432.17,432.3,1858079.0
1756166400,431.4,432.185,427.24,431.26,2792215.0
1756252800,429.73,435.06,428.95,432.67,1971269.0
1756339200,434.91,435.98,432.63,434.91,1651718.0
1756425600,425.41,428.1,414.37,419.04,3673787.0
1756771200,413.91,417.205,410.515,416.05,2329944.0
1756857600,418.13,418.13,411.37,415.12,1496741.0
1756944000,415.81,420.79,414.2875,420.22,1634609.0
1757030400,420.835,424.8999,417.91,423.08,1843342.0
1757289600,422.65,423.91,416.78,422.78,1876960.0
1757376000,423.16,423.55,416.44,418.09,1710703.0
1757462400,419.82,426.5,419.5,422.91,2221280.0
1757548800,423.92,435.79,423.32,431.38,2738072.0
1757635200,429.06,432.61,427.75,431.52,2341766.0
1757894400,433.83,438.75,430.61,435.94,2255875.0
1757980800,436.13,440.8,434.28,440.67,2366493.0
1758067200,445.0,452.34,443.0,450.66,4512193.0
1758153600,450.96,467.71,448.865,466.96,4331863.0
1758240000,470.26,472.12,462.71,466.54,5069345.0
1758499200,467.31,473.24,459.6116,472.1,3179951.0
1758585600,473.26,485.3375,468.19,471.26,3856637.0
1758672000,472.7,476.52,468.6261,469.79,2776892.0
1758758400,464.71,468.0,459.575,463.72,2979229.0
1758844800,465.48,468.45,462.38,465.76,2329149.0
1759104000,468.08,472.49,467.46,471.61,2892237.0
1759190400,471.62,477.44,470.24,477.15,2315264.0
1759276800,474.01,483.93,471.14,480.82,2964858.0
1759363200,486.86,495.98,484.19,490.57,2648753.0
1759449600,493.25,504.48,492.525,497.85,2996868.0
1759708800,500.42,505.589,493.04,495.38,2629156.0
1759795200,497.93,498.376,483.545,486.71,2135728.0
1759881600,490.99,509.4799,489.34,502.12,3959416.0
1759968000,504.06,506.53,497.14,500.36,3114119.0
1760054400,503.115,511.5,491.3,491.3,3889116.0
1760313600,502.15,506.38,495.45,504.76,2618593.0
1760400000,500.58,531.56,499.01,527.47,5459830.0
1760486400,534.2,538.449,527.2109,534.05,3447104.0
1760572800,538.06,544.9899,534.7,540.96,3463082.0
1760659200,537.375,542.21,526.97,527.08,2814681.0
1760918400,529.56,534.2,526.94,531.18,2170839.0
1761004800,525.07,533.38,522.04,524.65,2259080.0
1761091200,525.73,525.8,510.21,513.91,4149408.0
1761177600,518.33,522.89,513.01,520.5,2619367.0
1761264000,522.86,527.23,521.0201,522.73,2392328.0
1761523200,527.05,529.472,521.43,527.07,2493765.0
1761609600,525.96,530.29,521.6744,524.47,2775399.0
1761696000,558.18,596.21,558.0,585.49,6948546.0
1761782400,577.885,593.77,575.77,583.15,2574806.0
1761868800,584.03,587.05,571.3501,577.26,2974760.0
1762128000,575.93,576.22,565.39,570.59,2439751.0
1762214400,565.0,566.5,545.2,547.58,3440740.0
1762300800,551.94,574.01,550.355,569.15,2701295.0
1762387200,573.2,583.99,564.23,569.78,2246131.0
1762473600,563.55,565.575,550.33,563.1,2320052.0
1762732800,570.0,574.18,561.51,570.85,1830279.0
1762819200,568.72,570.45,560.26,567.93,1517433.0
1762905600,570.5,581.27,570.5,573.02,2645380.0
1762992000,572.77,576.8199,544.63,553.55,3458688.0
1763078400,548.96,558.31,541.0,554.03,2764743.0
1763337600,552.585,561.59,547.57,552.05,1941133.0
1763424000,543.35,551.57,538.05,546.88,1918917.0
1763510400,550.0,560.91,547.635,553.11,1880907.0
1763596800,565.95,568.865,541.0,546.13,3195043.0
1763683200,545.82,554.99,537.08,550.43,2921913.0
1763942400,552.13,565.74,550.6701,559.6,4653463.0
1764028800,564.59,567.14,547.55,566.61,3105486.0
1764115200,566.61,574.88,566.02,573.73,1995114.0
1764288000,573.79,577.36,572.4,575.76,1019499.0
1764547200,570.41,575.59,567.0,568.06,1764470.0
1764633600,571.33,585.5599,569.06,582.47,2749464.0
1764720000,581.4,593.24,562.21,591.49,2545695.0
1764806400,590.18,602.72,587.0001,599.15,2313594.0
1764892800,604.0,607.0,597.7382,603.17,2177278.0
1765152000,604.655,604.85,591.93,596.5,1822521.0
1765238400,593.05,599.99,592.23,594.36,1755275.0
1765324800,600.13,617.23,598.69,615.35,2797893.0
1765411200,610.45,626.81,604.2583,625.61,2779489.0
1765497600,626.0,627.5,595.78,597.89,4581053.0
1765756800,602.53,604.15,587.89,589.76,3968606.0
1765843200,590.7,598.655,586.28,588.93,2319382.0
1765929600,587.59,590.999,557.46,561.89,3753312.0
1766016000,568.5,574.6599,561.91,565.83,2193033.0
1766102400,572.69,581.73,570.33,576.22,5355561.0
1766361600,584.49,585.79,575.692,582.41,2387725.0
1766448000,580.5,588.71,580.5,582.42,1731351.0
1766534400,582.66,587.13,581.0,583.76,947042.0
1766707200,583.21,583.8299,578.65,583.0,954395.0
1766966400,580.09,583.969,574.64,578.61,2585835.0
1767052800,580.01,580.98,575.51,577.39,1216946.0
1767139200,577.3,578.94,572.05,572.87,1164004.0
1767312000,577.59,599.61,575.31,598.41,2762009.0
1767571200,607.88,621.75,606.22,616.1,3444837.0
1767657600,616.0,626.77,608.9,623.09,2706762.0
1767744000,623.0,625.0,595.775,596.52,3312371.0
1767830400,596.52,609.5799,594.1745,608.13,2075412.0
1767916800,609.97,619.15,608.2,617.62,1822011.0
1768176000,614.65,630.98,612.96,629.77,1856964.0
1768262400,633.2,644.59,633.0,636.53,1959083.0
1768348800,634.1,639.73,623.07,638.75,2106113.0
1768435200,644.94,652.3599,644.04,647.18,2052803.0
1768521600,651.97,655.68,641.01,646.89,2554861.0
1768867200,642.0,644.1,625.12,629.0,2659038.0
1768953600,633.67,647.201,627.3201,645.38,2490744.0
1769040000,649.11,655.78,640.9,648.41,1565707.0
1769126400,644.12,646.5,623.5702,626.62,2267826.0
1769385600,628.0,639.0,619.2604,635.92,2532867.0
1769472000,640.0,644.13,633.23,638.91,1827521.0
1769558400,637.97,647.28,628.98,643.28,2720670.0
1769644800,655.17,679.99,642.73,665.24,4441879.0
1769731200,655.65,677.831,650.31,657.36,3300085.0
1769990400,659.82,691.38,657.4305,690.91,4450010.0
1770076800,694.36,710.03,691.4,702.89,3524657.0
1770163200,707.0,723.16,675.0,691.82,7146654.0
1770249600,681.54,686.5,665.07,678.31,2792796.0
1770336000,692.57,727.4,690.52,726.2,3359724.0
1770595200,724.5,743.4999,721.61,742.12,2496781.0
1770681600,742.75,752.0,737.6701,742.37,4008672.0
1770768000,758.68,775.54,756.1,775.0,3926333.0
1770854400,776.69,789.81,756.01,758.29,4893393.0
1770940800,765.0,784.0,747.42,774.2,3232805.0
1771286400,765.0,774.42,750.0,764.76,3450284.0
1771372800,765.11,772.7,750.38,751.97,2563692.0
1771459200,752.0,762.0,744.15,760.53,2908016.0
1771545600,755.0,771.9699,752.11,759.74,2095147.0
1771804800,758.95,767.98,752.7827,756.47,2289560.0
1771891200,755.0,773.94,751.69,768.23,2615316.0
1771977600,772.5,777.6,756.74,766.61,2606526.0
1772064000,770.61,770.61,728.4,752.93,3350914.0
1772150400,745.22,751.49,731.04,742.83,3441936.0
1772409600,733.49,755.73,725.055,752.32,2473058.0
1772496000,728.27,731.665,706.6,722.18,3332671.0
1772582400,737.09,746.01,730.8412,731.97,2823711.0
1772668800,720.0,728.07,693.5764,706.08,3719844.0
1772755200,682.47,696.33,675.07,680.9,3564419.0
1773014400,665.22,708.63,662.8477,704.82,3584373.0
1773100800,712.78,730.7909,710.28,716.68,3089074.0
1773187200,713.5,720.42,703.63,707.59,1953586.0
1773273600,693.0,703.77,679.7553,700.69,3231819.0
1773360000,704.34,706.9287,687.18,693.99,2042163.0
1773619200,705.37,710.0,694.595,699.78,2145487.0
1773705600,707.36,709.0,694.91,702.0,1824937.0
1773792000,701.305,711.84,692.7,693.62,1796173.0
1773878400,676.49,693.49,669.0,688.65,2240180.0
1773964800,686.63,694.06,670.44,680.88,5131128.0
1774224000,699.0,712.0,694.56,701.7,2981009.0
1774310400,693.8,721.15,693.03,716.63,2098290.0
1774396800,727.25,729.35,717.0,719.04,1591456.0
1774483200,710.07,717.97,696.43,703.19,2428682.0
1774569600,694.47,708.36,692.33,695.4,2059801.0
1774828800,702.21,702.99,664.57,667.43,2609971.0
1774915200,680.0,708.89,672.0,708.46,3002163.0
1775001600,722.0,740.01,719.74,730.32,2435826.0
1775088000,705.57,735.41,705.45,717.22,1764325.0
1775433600,716.74,722.57,704.27,721.24,1246531.0
1775520000,719.59,725.73,708.93,724.44,1549121.0
1775606400,764.62,774.398,753.1,771.58,3013995.0
1775692800,773.0,795.52,772.99,787.07,2801890.0
1775779200,790.67,797.85,786.24,790.66,1872030.0
1776038400,788.42,798.54,785.33,791.73,1820142.0
1776124800,796.0,797.9999,782.0408,794.25,1866304.0
1776211200,787.1,789.9655,756.6501,770.17,2764742.0
1776297600,768.0,772.81,754.45,772.66,2005066.0
1776384000,780.51,801.77,776.0,794.65,2818838.0
1776643200,790.9,799.63,786.83,798.4,1454089.0
1776729600,804.88,820.2,797.79,800.45,2293546.0
1776816000,812.5,817.85,805.481,808.87,1628402.0
1776902400,817.11,845.27,815.46,835.24,2601828.0
1776988800,839.26,839.5,826.65,830.79,2253922.0
1777248000,829.76,836.02,816.72,828.79,1987044.0
1777334400,814.35,825.0,805.0,817.87,1875554.0
1777420800,822.93,823.21,809.1,810.05,2566311.0
1777507200,856.63,896.98,850.8,890.11,5203322.0
1777593600,896.84,905.0,879.58,889.67,2376503.0
1777852800,887.28,892.84,869.5923,874.78,2669860.0
1777939200,888.1,908.9,888.1,904.59,2581097.0
1778025600,913.5,930.54,905.35,926.93,3010561.0
1778112000,929.96,931.35,886.88,895.69,2957310.0
1778198400,911.0,914.77,893.85,897.45,2030291.0
1778457600,903.61,929.0,895.06,926.79,2811658.0
1778544000,912.0,915.0926,894.51,912.14,2348885.0
1778630400,912.5,922.99,897.38,902.3,1957140.0
1778716800,910.0,920.35,902.5001,920.22,2095582.0
1778803200,898.75,899.73,880.2,888.31,2907875.0
1779062400,893.32,893.32,850.825,863.95,2720549.0
1779148800,861.59,869.86,845.551,860.15,3239673.0
1779235200,871.22,877.76,857.06,872.56,2415643.0
1779321600,864.9,872.665,858.6,865.95,1860736.0
1779408000,878.0,893.8399,861.06,879.89,1988833.0
1779753600,884.95,909.56,878.02,908.55,2258403.0
1779840000,905.18,911.67,889.83,909.93,2464728.0
1779926400,898.56,905.0,880.47,887.67,2750603.0
1780012800,886.69,890.8099,866.19,875.87,5196777.0
1780272000,860.16,873.77,853.37,865.36,2675025.0
1780358400,876.67,911.96,873.12,909.81,2822638.0
1780444800,914.43,936.71,912.39,926.18,2511162.0
1780531200,913.985,946.83,903.0,940.48,3077009.0
1780617600,929.93,934.03,901.5,904.28,2780466.0
1780876800,917.0,927.34,902.735,915.64,2550629.0
1780963200,927.49,938.18,876.99,914.7,3007329.0
1781049600,901.74,906.0,854.73,856.16,3611238.0
1781136000,872.4,900.65,870.03,897.63,3463264.0
1781222400,905.24,918.975,899.2,910.57,2097236.0
1781481600,935.0,946.1,928.5,933.93,2449558.0
1781568000,942.8,961.33,939.17,945.46,2834386.0
1781654400,956.98,975.64,953.0,955.92,2743871.0
1781740800,979.0,994.49,976.33,985.82,6175042.0
1782086400,999.28,1023.29,999.0,1022.28,4033502.0
1782172800,985.25,994.595,972.65,984.24,4286915.0
1782259200,981.61,1004.87,970.0501,994.45,3525999.0
1782345600,1024.64,1057.07,1015.0,1057.01,4646225.0
1782432000,1031.85,1031.85,989.64,997.47,13948450.0
1782691200,998.41,1039.07,992.11,1033.19,3146941.0
1782777600,1045.0,1073.46,1037.21,1064.9,3287475.0
1782864000,1033.92,1041.26,985.05,991.41,3914148.0
1782950400,1001.28,1001.28,948.78,963.53,3569889.0
1783296000,979.09,991.0,963.32,969.92,2441694.0
1783382400,946.5,950.0,909.53,940.12,3810217.0
1783468800,937.51,955.0,925.26,948.08,2741540.0
1783555200,975.08,983.16,934.38,938.39,3521206.0
1783641600,930.68,957.99,928.5016,952.41,1959444.0
1783900800,939.21,946.745,924.38,931.47,1990967.0
1783987200,958.0,964.63,925.5,933.34,2028619.0
1784073600,938.58,938.58,890.4,914.3,2703645.0
1784160000,891.77,902.0,868.88,877.17,3586616.0
1784246400,841.73,893.19,838.33,880.28,3377169.0
1784505600,890.0,894.3699,861.27,864.3,2769989.0
1784592000,887.49,898.0,876.01,889.97,3219568.0
1784678400,877.29,902.5727,872.9412,889.31,1976946.0
1784764800,886.56,909.6,881.95,894.54,2677111.0
1784851200,895.0,902.82,881.19,888.73,1982113.0
1785110400,887.5,894.02,839.58,873.28,3150842.0
1785196800,855.76,855.82,824.0,840.85,3813230.0
1785283200,810.23,822.795,776.0,782.71,5970383.0
1785369600,810.75,822.76,801.68,809.14,3507869.0
1785456000,843.39,845.0,807.31,814.81,2423575.0
1785715200,811.58,835.34,804.57,830.03,3314344.0
1785801600,922.0,934.9994,866.85,876.54,6230093.0
1785888000,874.9,905.72,870.0,871.08,3363168.0
1785974400,862.0,879.325,856.96,856.96,2896536.0
1786060800,865.63,868.0,836.01,842.19,2443782.0
1786320000,849.04,854.93,835.86,837.58,1900928.0
1786406400,850.0,864.245,842.11,843.37,2173783.0
1786492800,866.0,871.2,855.25,855.6,3148495.0
1786579200,858.5,864.11,848.37,854.6,2523482.0
1786665600,854.0,870.99,850.0,856.57,1894874.0
1786924800,864.03,887.909,859.62,881.65,2140621.0
1787011200,862.19,863.92,834.811,840.87,2685690.0
1787097600,845.0,848.9446,805.68,816.15,4143877.0
1787184000,811.54,818.93,801.0,815.39,2937780.0
1787270400,829.52,832.0,812.34,827.9,2465779.0
1787529600,822.99,825.97,804.49,811.02,2536984.0
1787616000,833.57,834.45,804.75,811.29,1655541.0
1787702400,816.2,824.615,812.26,821.93,1851387.0
1787788800,827.42,832.99,807.31,817.0,1836549.0
1787875200,819.01,821.23,799.166,800.25,1788584.0
1788134400,800.0,802.9,789.05,797.47,3071690.0
1788220800,788.88,790.22,774.55,779.16,2948262.0
1788307200,778.51,793.94,771.39,792.28,2507620.0
1788393600,796.9,803.92,781.49,800.14,2352514.0
1788480000,802.38,821.0,801.0,813.94,2150388.0
1788825600,823.34,830.5,817.09,822.48,2444423.0
1788912000,815.68,827.96,813.5,815.56,1929307.0
1788998400,809.75,811.9476,797.5,805.0,1782575.0
1789084800,817.75,826.0,813.51,818.57,1825033.0
1789344000,783.045,794.56,772.861,784.0,2429135.0
1789430400,789.49,791.2,776.5,783.54,2262764.0
1789516800,797.0,798.39,774.475,782.72,2647885.0
1789603200,813.95,813.95,795.0,798.57,2430849.0
1789689600,800.79,809.485,799.57,808.99,4790973.0
1789948800,827.0,827.81,805.24,816.5,1869362.0
1790035200,806.06,812.4595,802.61,808.01,2063731.0
1790121600,803.97,816.76,798.53,812.02,2790269.0
1790208000,798.87,809.14,794.2,805.25,2198321.0
