timestamp,open,high,low,close,volume
1474848000,71.23,71.65,70.6,70.81,3075322.0
1474934400,70.48,71.83,70.15,71.8,2404833.0
1475020800,71.78,72.09,70.81,71.75,2498563.0
1475107200,71.62,72.0,69.49,70.36,3164523.0
1475193600,70.87,72.19,70.63,71.83,3198592.0
1475452800,71.6,72.68,71.56,72.13,3557371.0
1475539200,72.46,73.23,72.26,72.76,4098395.0
1475625600,73.01,74.07,73.01,73.7,3125905.0
1475712000,73.63,73.75,72.39,73.04,3262275.0
1475798400,73.14,73.71,72.69,73.05,2694972.0
1476057600,73.6,73.89,73.2402,73.33,1760149.0
1476144000,73.25,73.44,71.845,72.16,2254743.0
1476230400,71.8,72.43,71.74,72.06,2232007.0
1476316800,71.34,71.69,70.5,71.07,4823903.0
1476403200,71.71,72.2,71.23,71.53,2872554.0
1476662400,71.91,72.36,71.74,71.78,3899908.0
1476748800,72.65,72.77,71.66,71.99,3120862.0
1476835200,72.1,73.745,72.06,73.62,3347550.0
1476921600,73.76,75.24,73.36,74.51,4502801.0
1477008000,73.82,75.1,73.7,74.89,3945683.0
1477267200,75.42,75.73,75.23,75.4,3107585.0
1477353600,75.29,75.775,75.01,75.39,4373297.0
1477440000,73.48,76.16,72.95,75.43,4732282.0
1477526400,75.7,75.86,74.3,74.8,2692479.0
1477612800,74.86,75.0908,73.95,74.63,3779548.0
1477872000,75.13,75.1433,73.84,74.04,3469463.0
1477958400,74.43,74.51,72.42,73.23,3967333.0
1478044800,73.08,73.34,72.195,72.61,4032226.0
1478131200,72.8,73.26,72.145,72.32,5653278.0
1478217600,72.4,73.69,71.91,73.1,3646691.0
1478476800,74.28,75.0,74.28,74.84,4126470.0
1478563200,73.89,73.89,72.3,72.84,6617938.0
1478649600,73.65,76.6599,73.2501,76.3,13256920.0
1478736000,76.67,79.69,76.67,79.23,7306081.0
1478822400,78.75,81.25,78.73,80.99,4614832.0
1479081600,80.98,83.82,80.95,83.76,5506628.0
1479168000,82.28,82.69,79.87,82.15,6241446.0
1479254400,80.37,81.0,79.44,80.22,3710426.0
1479340800,80.25,81.56,79.32,81.56,3073023.0
1479427200,81.39,82.39,81.07,82.01,2306450.0
1479686400,82.73,83.3475,82.07,83.21,3116083.0
1479772800,83.4,83.88,82.43,82.59,3803598.0
1479859200,82.87,84.7982,82.87,84.62,3420168.0
1480032000,84.26,84.794,83.94,84.57,1582662.0
1480291200,83.91,84.545,83.09,83.24,3377894.0
1480377600,83.42,83.55,82.45,82.6,2242733.0
1480464000,83.8,84.53,83.32,84.04,3800741.0
1480550400,84.45,86.77,84.17,86.61,5276873.0
1480636800,86.47,86.62,85.18,86.0,5086842.0
1480896000,86.48,87.35,86.39,86.71,4257189.0
1480982400,87.0,87.89,85.7,87.84,3407478.0
1481068800,87.6,89.79,87.26,89.58,2912294.0
1481155200,89.92,91.38,89.08,90.61,3180790.0
1481241600,90.61,90.63,89.35,90.45,3428137.0
1481500800,90.15,91.08,89.12,89.42,3387843.0
1481587200,89.74,90.08,88.32,89.45,2875441.0
1481673600,88.8,90.12,88.086,88.95,3596773.0
1481760000,89.57,91.64,89.04,90.36,3586088.0
1481846400,90.66,90.66,89.05,89.67,9370359.0
1482105600,89.96,90.19,89.12,90.04,3258086.0
1482192000,90.51,90.84,90.0,90.62,2066463.0
1482278400,90.79,90.91,90.13,90.44,2460567.0
1482364800,89.93,90.03,88.63,89.19,2620779.0
1482451200,89.35,90.19,89.12,89.68,2979994.0
1482796800,90.23,90.23,89.65,89.76,2026035.0
1482883200,89.99,89.99,87.84,88.19,2212983.0
1482969600,88.42,88.56,86.95,87.11,2102615.0
1483056000,87.08,87.59,86.28,87.24,2424834.0
1483401600,88.55,89.6,87.79,88.87,3441231.0
1483488000,89.13,90.77,89.13,90.3,2630903.0
1483574400,89.84,89.9299,87.6,88.38,2223944.0
1483660800,88.77,89.18,88.0901,88.6,1796297.0
1483920000,88.22,88.4,87.4,87.44,2122775.0
1484006400,87.81,89.37,87.44,88.98,3141198.0
1484092800,88.99,89.25,88.01,89.14,1885055.0
1484179200,88.72,88.85,86.78,87.89,2064889.0
1484265600,88.42,89.74,88.42,88.85,2327814.0
1484611200,88.2,88.2,86.05,86.37,2186844.0
1484697600,86.94,87.32,85.77,87.28,1706358.0
1484784000,87.37,87.59,86.34,86.72,1696713.0
1484870400,86.72,88.0,86.69,87.34,1682937.0
1485129600,87.05,87.78,86.51,86.87,2821009.0
1485216000,87.52,89.14,86.99,88.73,2697929.0
1485302400,87.83,88.83,87.12,88.38,5303996.0
1485388800,88.5,89.72,87.82,89.71,3004742.0
1485475200,89.96,90.0,88.93,89.15,2195161.0
1485734400,89.15,89.15,87.38,88.81,3540589.0
1485820800,88.28,88.66,86.68,87.39,2880402.0
1485907200,88.1,88.95,87.23,87.51,2262666.0
1485993600,86.74,87.0,85.84,86.34,2147656.0
1486080000,87.94,88.08,86.66,87.92,2891218.0
1486339200,87.35,88.4,87.18,87.62,1430592.0
1486425600,88.1,88.42,87.2,88.11,3514042.0
1486512000,87.6,87.91,87.05,87.54,2052557.0
1486598400,87.56,88.7,87.11,88.54,1809245.0
1486684800,88.89,88.89,88.09,88.4,1617333.0
1486944000,88.77,89.58,88.71,89.03,1791275.0
1487030400,89.01,90.505,88.7,90.18,2148217.0
1487116800,90.49,91.36,89.605,90.93,2297706.0
1487203200,90.98,91.25,89.82,90.51,1801044.0
1487289600,90.34,92.04,90.08,91.81,4044661.0
1487635200,91.7,93.57,91.61,92.85,3825225.0
1487721600,92.42,93.239,92.09,92.89,1821376.0
1487808000,93.25,93.52,92.89,93.41,2140971.0
1487894400,92.53,92.8,91.77,92.61,2252140.0
1488153600,92.39,93.72,92.06,93.66,1730361.0
1488240000,93.04,93.9301,92.99,93.86,3122357.0
1488326400,95.0,96.92,94.81,96.12,3387946.0
1488412800,96.21,96.325,94.28,94.33,1625881.0
1488499200,94.19,94.64,93.33,93.94,2541663.0
1488758400,93.5,93.68,92.85,93.0,1936759.0
1488844800,93.07,93.34,92.485,92.82,1641333.0
1488931200,94.02,94.43,92.28,92.4,2028556.0
1489017600,92.77,93.35,91.85,92.11,1653535.0
1489104000,92.82,93.0,91.57,92.19,1644275.0
1489363200,92.2,92.41,91.65,91.79,1830233.0
1489449600,91.36,91.78,90.78,91.75,1730817.0
1489536000,91.01,91.96,89.13,89.92,3178963.0
1489622400,90.38,91.09,89.96,90.21,1776476.0
1489708800,90.43,90.7,88.01,88.23,3375609.0
1489968000,88.11,88.23,86.58,86.78,2801965.0
1490054400,87.1,87.1,83.34,83.65,4559154.0
1490140800,83.08,84.44,82.15,83.68,3132866.0
1490227200,83.6,85.06,83.23,83.78,2653156.0
1490313600,83.99,84.5214,83.18,83.8,1962176.0
1490572800,81.93,82.87,81.32,82.13,4276121.0
1490659200,82.01,84.63,81.9,84.17,3784720.0
1490745600,84.89,85.19,84.03,84.68,2488421.0
1490832000,84.82,87.26,84.52,87.14,4081229.0
1490918400,86.67,87.24,86.28,86.66,2658226.0
1491177600,86.88,86.91,84.67,85.8,3153103.0
1491264000,85.38,85.9,85.12,85.26,1840282.0
1491350400,86.58,86.62,83.98,84.13,2469334.0
1491436800,83.93,84.75,82.55,84.23,4373528.0
1491523200,83.25,84.33,82.79,83.54,2767333.0
1491782400,83.55,83.82,82.53,82.77,2463343.0
1491868800,82.4,83.11,81.62,83.09,2351190.0
1491955200,82.64,83.17,82.03,82.42,2316110.0
1492041600,82.05,82.96,80.9,81.02,3395057.0
1492387200,80.58,83.03,80.05,83.0,3746202.0
1492473600,82.55,83.22,81.16,81.9,3110225.0
1492560000,82.43,82.92,81.58,81.91,2157822.0
1492646400,82.33,84.05,82.33,83.72,2945188.0
1492732800,83.64,83.96,82.65,82.67,2521166.0
1492992000,84.63,85.05,84.14,84.68,2893494.0
1493078400,85.37,86.03,85.22,85.58,3446605.0
1493164800,82.0,84.26,81.99,83.06,7430733.0
1493251200,83.19,83.62,82.26,82.31,3611598.0
1493337600,81.43,82.17,79.91,80.38,6144844.0
1493596800,81.17,81.99,80.76,81.57,3548803.0
1493683200,81.58,82.47,80.97,82.46,3033841.0
1493769600,82.08,82.82,81.78,82.49,2452003.0
1493856000,83.02,83.21,82.17,82.49,3176206.0
1493942400,82.88,82.99,82.0,82.27,2326561.0
1494201600,82.34,82.41,81.84,82.12,1717675.0
1494288000,82.2,82.81,81.82,82.32,2786057.0
1494374400,82.02,82.44,81.53,81.67,2831700.0
1494460800,80.99,81.28,79.66,80.16,3771564.0
1494547200,79.83,80.36,78.69,79.4,3947861.0
1494806400,80.01,81.55,80.01,81.15,2473613.0
1494892800,81.31,81.42,80.56,80.69,1985201.0
1494979200,78.84,79.84,78.17,78.47,3149557.0
1495065600,78.46,80.14,78.34,79.27,4885966.0
1495152000,79.57,81.1,79.25,80.27,2790728.0
1495411200,80.73,80.93,79.28,79.63,2400247.0
1495497600,79.69,80.68,79.11,80.34,1995112.0
1495584000,80.35,80.35,79.75,79.92,1583976.0
1495670400,79.9,80.51,79.18,79.51,2117582.0
1495756800,79.5,80.11,79.08,79.79,2360400.0
1496102400,79.4,79.59,78.23,78.28,2361674.0
1496188800,78.39,78.39,76.05,76.92,4268388.0
1496275200,77.46,77.97,76.81,77.92,3298688.0
1496361600,77.42,78.34,76.91,78.04,2529424.0
1496620800,78.05,78.83,77.775,78.33,2017680.0
1496707200,77.77,78.43,77.1,78.27,2507281.0
1496793600,78.52,79.52,78.21,78.9,2442535.0
1496880000,78.92,80.16,78.79,79.42,2316799.0
1496966400,80.07,80.42,79.31,80.07,3477319.0
1497225600,80.15,80.96,79.61,80.17,2638203.0
1497312000,80.5,80.92,79.85,80.57,2690846.0
1497398400,79.46,80.2,78.46,80.09,2858385.0
1497484800,79.61,81.55,79.49,81.35,3871317.0
1497571200,81.46,81.65,80.93,81.31,3262602.0
1497830400,81.73,81.95,81.29,81.73,3232226.0
1497916800,81.63,81.75,81.09,81.22,2695776.0
1498003200,81.3,81.3,80.69,80.88,2602310.0
1498089600,80.73,80.83,80.07,80.39,2241042.0
1498176000,80.75,80.78,79.37,79.52,3163890.0
1498435200,79.89,80.84,79.62,80.59,2149098.0
1498521600,80.85,82.24,80.76,81.38,2045685.0
1498608000,82.12,83.52,82.053,82.98,3788704.0
1498694400,81.75,83.0,80.47,81.47,6074752.0
1498780800,82.02,83.18,81.59,82.62,2963922.0
1499040000,83.42,84.48,83.22,83.56,1558376.0
1499212800,83.39,83.81,82.05,82.7,2883457.0
1499299200,82.32,82.94,81.94,82.11,3517753.0
1499385600,82.66,82.68,81.92,82.5,1592362.0
1499644800,82.38,82.48,81.96,82.05,2387582.0
1499731200,82.08,82.1562,80.7998,81.04,2744267.0
1499817600,80.99,82.38,80.64,82.2,2477509.0
1499904000,82.25,82.78,82.02,82.59,1641354.0
1499990400,81.84,82.86,81.18,82.5,1966180.0
1500249600,82.41,82.59,81.89,82.17,1922627.0
1500336000,81.72,81.87,80.97,81.57,1343020.0
1500422400,81.95,81.99,80.77,81.38,3167441.0
1500508800,81.21,81.52,80.04,81.01,4913057.0
1500595200,85.37,88.24,84.5475,87.94,9686617.0
1500854400,87.52,87.55,86.65,87.12,3909177.0
1500940800,88.0,88.2,86.66,87.09,3267401.0
1501027200,87.18,87.22,85.62,85.71,2499715.0
1501113600,85.92,85.95,84.4,84.8,2884168.0
1501200000,84.85,85.14,83.81,84.97,2123054.0
1501459200,85.42,86.65,85.16,86.18,2932046.0
1501545600,86.64,86.73,85.64,86.01,2276369.0
1501632000,85.85,86.02,85.38,85.71,2696382.0
1501718400,85.31,85.63,84.49,84.59,2504963.0
1501804800,85.33,85.4199,84.26,84.41,2618921.0
1502064000,84.62,85.42,84.38,85.15,1388258.0
1502150400,85.03,87.37,85.03,85.51,1988162.0
1502236800,84.96,85.28,84.45,85.14,1332979.0
1502323200,84.5,84.64,82.99,83.06,2031025.0
1502409600,83.37,83.47,82.325,82.8,1983573.0
1502668800,83.81,84.71,83.53,84.26,1782713.0
1502755200,84.93,85.1192,83.32,84.15,2313655.0
1502841600,84.73,85.0,83.6,83.82,1192634.0
1502928000,83.79,84.04,81.96,81.99,1723402.0
1503014400,81.68,82.485,81.32,81.53,2415346.0
1503273600,81.64,81.73,81.09,81.42,1317861.0
1503360000,81.71,82.07,80.79,81.44,1878515.0
1503446400,81.02,82.12,81.0,81.29,1142661.0
1503532800,81.5,81.8399,81.16,81.43,908765.0
1503619200,81.75,82.37,81.44,81.49,1204570.0
1503878400,81.69,81.76,80.35,80.55,1356122.0
1503964800,79.75,79.905,78.93,79.74,3162819.0
1504051200,79.74,80.75,79.53,80.09,2091664.0
1504137600,80.52,80.66,79.5,79.61,3606116.0
1504224000,79.86,80.76,79.61,80.31,2433393.0
1504569600,79.64,79.75,78.28,78.66,2581731.0
1504656000,78.99,80.0,78.8,79.47,3300525.0
1504742400,79.53,79.58,77.76,78.23,3655317.0
1504828800,77.45,78.56,76.98,78.21,2946095.0
1505088000,78.88,79.62,78.39,79.06,2388392.0
1505174400,79.39,80.0,79.19,79.57,2265517.0
1505260800,79.44,80.58,79.2031,80.21,3485196.0
1505347200,80.17,80.58,78.46,78.7,4228535.0
1505433600,78.6,80.13,78.57,80.04,4445254.0
1505692800,80.19,80.54,79.69,80.25,3762220.0
1505779200,80.2,81.37,80.2,80.96,2693708.0
1505865600,81.21,82.07,80.6474,81.8,3183713.0
1505952000,81.56,82.15,80.89,81.58,2626567.0
1506038400,81.31,82.08,81.15,81.94,1716661.0
1506297600,81.89,82.72,81.79,82.48,1797902.0
1506384000,82.68,83.15,82.25,82.8,1734985.0
1506470400,83.8,84.44,83.18,83.93,2402307.0
1506556800,83.95,84.45,83.34,84.12,1996068.0
1506643200,84.36,84.88,83.8,84.66,1967678.0
1506902400,84.98,86.03,84.69,85.92,3797127.0
1506988800,85.93,86.39,85.53,86.37,2657605.0
1507075200,86.4,86.61,85.9697,86.34,2034193.0
1507161600,86.46,87.43,86.04,87.09,1681748.0
1507248000,87.05,87.22,86.43,87.04,1914810.0
1507507200,87.49,87.72,87.06,87.3,1427057.0
1507593600,87.35,87.99,87.21,87.3,1299176.0
1507680000,87.5,87.5,86.71,86.75,1570398.0
1507766400,86.4,86.6,84.5,84.59,2821060.0
1507852800,84.3,85.83,83.88,85.36,1927521.0
1508112000,85.79,86.87,85.515,86.85,2214021.0
1508198400,86.98,86.98,85.91,86.07,1450451.0
1508284800,86.33,86.77,85.95,86.66,1163602.0
1508371200,85.81,87.5,85.595,87.48,2040611.0
1508457600,88.56,89.675,88.4,89.67,3763039.0
1508716800,89.61,90.0,89.01,89.72,2217325.0
1508803200,89.94,90.0,88.79,89.52,2675029.0
1508889600,91.1,92.0,89.97,90.82,5992539.0
1508976000,91.0,92.72,90.98,92.52,3210078.0
1509062400,92.67,92.98,92.0,92.78,2235471.0
1509321600,92.1,93.3999,92.1,92.43,1847601.0
1509408000,92.63,93.0,92.005,92.18,2184743.0
1509494400,92.66,92.99,91.41,91.9,1701786.0
1509580800,91.49,92.69,91.0,92.45,1337077.0
1509667200,92.09,92.4,91.42,91.6,2052020.0
1509926400,91.85,92.37,91.33,92.3,1369932.0
1510012800,92.29,92.56,89.9601,90.12,1846614.0
1510099200,89.8,89.99,88.58,88.97,2240863.0
1510185600,88.38,88.62,86.81,88.11,2147970.0
1510272000,87.19,87.53,86.78,87.15,1591738.0
1510531200,86.62,87.18,86.01,86.95,2370429.0
1510617600,86.43,86.595,85.41,86.0,3369479.0
1510704000,85.18,87.96,85.17,87.63,2841892.0
1510790400,87.92,88.555,86.94,87.15,2017556.0
1510876800,86.93,88.23,86.89,87.83,1687332.0
1511136000,87.99,88.46,87.68,88.27,1602828.0
1511222400,88.84,89.04,87.575,87.95,1298824.0
1511308800,87.98,88.1377,87.1,87.26,1265188.0
1511481600,87.8,87.8,87.24,87.38,506444.0
1511740800,87.33,87.38,86.565,86.87,1629468.0
1511827200,87.22,89.85,86.7,89.75,2161669.0
1511913600,90.58,92.31,89.73,90.97,3229402.0
1512000000,91.67,93.4189,91.41,92.0,3712037.0
1512086400,92.18,92.77,89.68,92.72,2647697.0
1512345600,94.44,96.24,94.16,94.89,3421529.0
1512432000,95.05,95.62,93.72,93.91,2262358.0
1512518400,93.62,94.1899,93.1101,93.87,1465561.0
1512604800,93.52,95.25,93.32,95.07,1742364.0
1512691200,95.5,95.79,94.18,95.79,1701784.0
1512950400,96.0,96.09,95.23,95.97,1381489.0
1513036800,96.14,96.67,95.89,96.21,1828421.0
1513123200,96.25,96.4,94.7,94.72,1906749.0
1513209600,95.0,95.46,93.85,94.06,1989029.0
1513296000,95.1,97.31,94.85,96.31,4266313.0
1513555200,98.0,99.95,97.595,99.31,3005441.0
1513641600,99.8,99.89,98.66,98.74,2461417.0
1513728000,99.43,99.43,98.31,98.59,2031218.0
1513814400,98.8,99.73,98.71,99.52,1581837.0
1513900800,100.0,101.43,99.62,100.5,2062066.0
1514246400,100.3,100.6,99.2653,99.92,1170664.0
1514332800,99.63,99.91,99.22,99.75,1183450.0
1514419200,100.09,100.58,99.64,100.3,1040945.0
1514505600,100.63,100.63,99.56,99.58,1104573.0
1514851200,100.08,100.2,98.76,99.61,1663682.0
1514937600,99.5,99.78,98.75,99.44,2323687.0
1515024000,100.36,102.161,99.69,101.42,2149105.0
1515110400,101.58,101.7,100.74,101.43,2058451.0
1515369600,101.42,101.45,100.51,100.8,1763394.0
1515456000,101.05,101.97,100.64,101.69,2161099.0
1515542400,101.69,103.7,101.3,103.14,2620628.0
1515628800,103.49,104.46,102.9,104.42,2177735.0
1515715200,104.92,106.4,104.56,105.43,2298242.0
1516060800,106.0,106.47,103.74,104.42,2656061.0
1516147200,105.01,105.54,103.25,104.39,2278809.0
1516233600,104.43,104.6399,103.13,103.41,2637999.0
1516320000,102.7,104.41,102.11,104.38,2928947.0
1516579200,104.33,105.54,103.75,105.49,2396196.0
1516665600,105.2,105.92,103.87,105.71,2896199.0
1516752000,104.25,106.5,104.03,105.26,4017000.0
1516838400,105.56,105.9,103.69,104.26,2604148.0
1516924800,104.68,104.98,103.65,104.9,3016245.0
1517184000,104.54,105.77,104.34,104.6,2238066.0
1517270400,104.1,104.909,103.46,103.47,1792624.0
1517356800,103.53,104.4599,103.38,103.96,2231112.0
1517443200,103.77,104.75,103.02,104.72,1754618.0
1517529600,104.32,104.88,101.51,101.57,1817645.0
1517788800,100.54,102.07,95.58,97.0,3024645.0
1517875200,94.83,98.8,93.141,98.44,3956930.0
1517961600,97.91,99.63,97.89,98.12,2481284.0
1518048000,98.27,98.33,91.6,91.8,3962419.0
1518134400,92.32,93.5,88.75,92.02,5557752.0
1518393600,93.16,96.55,92.92,95.19,2766330.0
1518480000,94.6,95.51,93.66,95.31,2083726.0
1518566400,94.6,97.47,94.6,97.38,2506013.0
1518652800,98.29,99.32,97.28,98.67,2085365.0
1518739200,98.27,100.27,98.18,99.53,2136014.0
1519084800,98.77,99.76,98.08,98.46,2388524.0
1519171200,97.98,99.07,97.36,97.39,2834083.0
1519257600,97.97,98.55,96.43,96.67,1731218.0
1519344000,97.36,99.06,97.08,99.04,1351945.0
1519603200,99.19,100.78,98.8,100.75,2098798.0
1519689600,100.51,101.665,99.22,99.25,1677505.0
1519776000,99.98,100.48,97.9,97.93,1508579.0
1519862400,98.01,99.1,95.87,96.51,2135884.0
1519948800,95.86,96.91,94.2683,96.72,1878647.0
1520208000,96.06,98.18,95.6,97.9,2321744.0
1520294400,98.47,98.47,96.58,98.04,1768605.0
1520380800,96.71,97.81,96.24,97.63,2099203.0
1520467200,98.22,98.39,96.63,98.15,2213692.0
1520553600,99.01,100.9,98.91,100.79,1880184.0
1520812800,100.76,101.19,100.145,100.46,1745252.0
1520899200,101.03,101.4425,98.43,98.82,2115078.0
1520985600,99.46,99.6,96.69,97.2,1988662.0
1521072000,97.84,99.25,97.61,98.05,1926177.0
1521158400,98.32,100.34,98.09,99.36,2732640.0
1521417600,99.04,99.36,97.131,98.65,1621193.0
1521504000,98.94,99.52,98.36,98.67,1270892.0
1521590400,98.78,99.84,98.03,98.18,1436993.0
1521676800,97.0,97.4,94.35,94.65,2284745.0
1521763200,94.96,95.6,92.39,92.39,3215147.0
1522022400,94.11,95.24,92.66,95.07,2854148.0
1522108800,95.6,96.3499,92.79,93.62,2037419.0
1522195200,93.85,95.25,93.21,94.27,2026349.0
1522281600,94.7,96.45,94.36,95.82,2919153.0
1522627200,95.53,95.73,92.12,93.75,2815202.0
1522713600,94.26,95.84,93.75,95.44,2715255.0
1522800000,93.63,96.58,93.58,96.35,2038681.0
1522886400,97.31,98.07,96.79,97.52,1974580.0
1522972800,96.73,97.18,93.8,94.72,3023657.0
1523232000,95.48,97.6,95.17,95.5,1689829.0
1523318400,96.63,97.34,95.9,96.82,2035939.0
1523404800,95.88,96.785,95.185,95.35,1668457.0
1523491200,96.32,97.6,96.285,96.88,2336942.0
1523577600,97.91,98.36,95.93,96.39,1998203.0
1523836800,97.46,97.68,96.51,96.9,2296848.0
1523923200,97.7,98.22,97.175,97.48,2343835.0
1524009600,97.86,98.69,97.05,97.14,1872411.0
1524096000,97.26,98.72,97.26,98.35,2420370.0
1524182400,98.58,99.08,97.39,97.98,2121411.0
1524441600,98.17,98.385,96.83,97.5,2334389.0
1524528000,98.18,99.15,96.46,97.42,2659128.0
1524614400,94.05,95.08,91.67,92.76,6256673.0
1524700800,92.9,93.28,91.47,91.66,4199063.0
1524787200,91.69,92.54,91.2024,91.72,2252629.0
1525046400,92.14,92.65,90.59,90.62,2611863.0
1525132800,90.35,90.54,88.8,89.67,3944162.0
1525219200,89.83,90.33,88.97,89.18,3184144.0
1525305600,88.83,88.83,86.95,87.92,4507292.0
1525392000,87.34,89.82,86.97,89.06,2138154.0
1525651200,89.25,89.549,88.53,88.92,2408955.0
1525737600,89.72,95.88,89.72,90.18,6226659.0
1525824000,90.92,92.28,90.54,92.11,2495566.0
1525910400,92.11,93.23,91.52,92.67,3154946.0
1525996800,92.31,93.55,92.08,92.63,2217266.0
1526256000,93.04,93.52,92.75,93.19,2108523.0
1526342400,93.0,95.725,93.0,94.65,3078411.0
1526428800,94.68,96.74,94.5,95.75,3994787.0
1526515200,95.94,97.2,95.16,96.74,2221020.0
1526601600,96.57,96.98,96.2,96.43,2169947.0
1526860800,97.33,97.87,96.43,96.54,2874177.0
1526947200,96.57,97.255,96.52,96.74,2812505.0
1527033600,96.17,96.47,94.84,95.67,2381289.0
1527120000,95.12,95.7,93.82,95.33,2797269.0
1527206400,95.16,95.33,94.27,94.81,1487573.0
1527552000,93.48,93.48,90.75,91.66,2168200.0
1527638400,92.37,93.43,92.06,93.21,2390513.0
1527724800,93.05,94.24,92.47,94.0,3516314.0
1527811200,94.94,95.28,94.13,94.77,1758385.0
1528070400,95.38,95.7,95.02,95.44,1531547.0
1528156800,94.88,95.129,93.38,94.35,1746572.0
1528243200,94.69,96.52,94.635,96.46,2230664.0
1528329600,96.9,97.82,96.2,96.76,2101769.0
1528416000,96.61,97.07,95.64,96.97,1687983.0
1528675200,97.09,97.53,96.2,96.26,1593836.0
1528761600,96.6,96.67,95.58,96.27,1967189.0
1528848000,96.47,97.21,95.88,96.01,1580503.0
1528934400,97.68,98.25,95.89,96.28,3145418.0
1529020800,97.17,97.64,96.4,97.26,4260533.0
1529280000,96.37,97.51,95.89,97.43,1644571.0
1529366400,96.08,96.53,95.676,96.34,2620067.0
1529452800,97.1,97.36,95.62,95.7,2400599.0
1529539200,95.22,95.95,94.1,95.26,1806522.0
1529625600,96.13,96.2,94.93,95.01,2066266.0
1529884800,94.6,94.97,93.58,94.48,1749764.0
1529971200,94.68,94.68,93.2801,93.74,1511780.0
1530057600,93.59,94.38,92.31,92.33,2516908.0
1530144000,92.32,92.83,91.52,92.45,1443042.0
1530230400,93.25,93.74,91.86,91.9,2288759.0
1530489600,92.22,93.86,91.93,93.78,2333652.0
1530576000,93.99,94.16,92.84,92.94,871070.0
1530748800,93.49,93.5,92.4767,92.66,1339434.0
1530835200,92.61,93.43,92.021,92.9,1341913.0
1531094400,94.9,96.81,93.785,96.56,3122329.0
1531180800,96.74,97.12,95.64,96.01,1518190.0
1531267200,95.0,95.89,95.0,95.32,1263359.0
1531353600,95.99,96.45,95.08,95.24,2537105.0
1531440000,94.95,95.2,93.56,94.59,1952659.0
1531699200,94.66,96.0,94.66,95.91,1751307.0
1531785600,96.1,96.7,95.67,95.98,1698159.0
1531872000,95.91,97.24,95.8,97.09,1869930.0
1531958400,95.95,96.7,94.3546,95.37,2701480.0
1532044800,98.36,99.19,97.06,97.23,5853386.0
1532304000,97.29,99.67,97.2701,99.35,2985278.0
1532390400,100.0,100.28,98.54,98.96,3388656.0
1532476800,99.04,99.11,97.63,98.92,2055194.0
1532563200,99.12,99.53,96.34,96.48,5625137.0
1532649600,96.74,98.5,94.34,94.47,4732621.0
1532908800,94.5,95.85,93.66,93.77,2974362.0
1532995200,94.33,94.58,93.46,94.32,3608818.0
1533081600,94.51,95.71,94.51,95.19,3479719.0
1533168000,94.57,95.87,94.285,95.77,2025959.0
1533254400,95.54,96.76,95.36,96.68,1916920.0
1533513600,96.52,97.01,95.88,96.53,1662305.0
1533600000,96.79,97.98,96.57,97.31,2465260.0
1533686400,97.26,97.87,97.01,97.63,1601065.0
1533772800,97.5,98.11,97.35,97.62,1263987.0
1533859200,96.64,96.96,95.89,96.1,1810479.0
1534118400,96.12,96.7808,95.75,95.81,1518116.0
1534204800,96.06,98.23,96.06,97.8,1950801.0
1534291200,96.88,97.57,96.3,97.26,2441472.0
1534377600,97.9,99.28,97.56,98.92,2112038.0
1534464000,98.89,99.44,98.61,99.17,1448549.0
1534723200,99.0,100.0,98.96,99.89,1982398.0
1534809600,99.82,101.18,99.44,100.49,2105845.0
1534896000,100.39,100.88,100.04,100.45,1147307.0
1534982400,100.55,100.55,99.3,99.54,1612876.0
1535068800,100.0,100.0,99.32,99.46,1028221.0
1535328000,100.0,101.26,99.85,100.9,1556993.0
1535414400,101.02,101.0872,100.32,100.54,1453732.0
1535500800,100.77,100.77,99.94,100.14,1758378.0
1535587200,99.95,99.95,99.11,99.25,1319633.0
1535673600,98.76,99.19,98.49,99.09,1971968.0
1536019200,99.24,99.99,98.71,99.83,1874741.0
1536105600,99.9,100.89,99.69,99.85,2303641.0
1536192000,99.85,100.15,98.14,98.15,1759416.0
1536278400,98.33,98.64,97.75,98.37,1794132.0
1536537600,98.8,99.4,98.425,98.47,1379975.0
1536624000,98.16,99.2,97.94,98.63,1670796.0
1536710400,98.63,98.95,97.34,97.41,1791800.0
1536796800,97.56,98.2,96.93,97.0,2278348.0
1536883200,97.27,98.23,97.205,97.99,2301452.0
1537142400,97.96,98.52,97.07,97.1,1926798.0
1537228800,97.51,97.68,96.93,97.03,3039456.0
1537315200,97.25,99.32,97.22,98.96,5684190.0
1537401600,100.08,100.55,99.11,99.26,2624581.0
1537488000,99.48,100.05,98.87,99.01,4900615.0
1537747200,99.1,99.29,97.22,97.63,1980016.0
1537833600,97.79,97.96,96.94,97.47,3169696.0
1537920000,98.09,98.09,95.97,96.19,2976553.0
1538006400,96.13,96.24,94.95,95.46,2189594.0
1538092800,94.83,95.71,94.58,94.93,2699133.0
1538352000,95.58,96.29,94.69,94.95,2703238.0
1538438400,95.15,95.92,94.65,95.53,1972636.0
1538524800,96.19,97.32,95.89,96.73,2455196.0
1538611200,96.75,98.135,95.89,96.63,2829729.0
1538697600,97.13,97.245,95.75,96.06,1986353.0
1538956800,95.75,96.91,94.94,96.43,2640098.0
1539043200,96.19,96.59,95.475,96.0,2080962.0
1539129600,96.2,96.78,93.51,93.57,2728207.0
1539216000,93.09,93.68,90.89,90.94,2956739.0
1539302400,92.9,93.2695,89.34,90.79,3422940.0
1539561600,90.59,91.37,89.9,90.55,2132167.0
1539648000,91.01,91.805,89.97,91.63,1843308.0
1539734400,91.55,92.29,90.37,91.48,2305537.0
1539820800,91.25,92.3,90.1,90.35,2089194.0
1539907200,90.4,92.27,90.07,91.63,2264900.0
1540166400,91.07,91.87,88.51,88.54,2635213.0
1540252800,86.81,87.445,85.51,87.04,6842603.0
1540339200,88.49,90.3,85.67,85.86,6717558.0
1540425600,86.64,89.05,86.1,88.27,4016996.0
1540512000,87.25,87.485,84.94,85.75,3918036.0
1540771200,86.76,88.16,85.135,86.46,4184614.0
1540857600,86.85,87.93,85.95,87.84,2651513.0
1540944000,88.86,90.23,88.62,89.3,3446487.0
1541030400,89.31,89.86,88.77,89.3,2128800.0
1541116800,89.3,89.85,86.86,87.27,4369881.0
1541376000,87.69,88.61,87.69,88.05,4166800.0
1541462400,87.85,89.4407,87.65,89.18,2894810.0
1541548800,89.74,90.69,88.58,90.54,2045441.0
1541635200,89.9,91.48,89.8,90.86,1814357.0
1541721600,90.27,90.99,89.87,90.4,1755389.0
1541980800,90.45,90.89,88.93,89.12,1749824.0
1542067200,89.58,90.96,89.33,89.9,2011844.0
1542153600,90.77,91.44,88.0,88.92,2409863.0
1542240000,88.24,89.485,87.53,89.16,2872040.0
1542326400,88.52,88.765,87.43,87.64,3514770.0
1542585600,87.92,88.19,86.83,87.73,2173505.0
1542672000,87.23,87.36,85.51,86.01,2790443.0
1542758400,86.22,87.73,85.71,86.44,1733442.0
1542931200,85.75,86.48,85.32,85.63,723044.0
1543190400,86.86,88.34,86.61,87.97,2681940.0
1543276800,87.8,88.61,87.4773,88.19,1806035.0
1543363200,88.53,90.41,87.65,90.41,2376814.0
1543449600,89.58,89.93,88.44,88.87,2087331.0
1543536000,88.51,89.87,88.41,89.68,2488356.0
1543795200,90.67,91.6,89.12,90.47,2309194.0
1543881600,90.11,90.19,84.31,84.89,3576784.0
1544054400,83.18,84.68,81.85,84.61,3809148.0
1544140800,84.54,85.6389,81.89,82.67,2553517.0
1544400000,83.11,83.26,80.317,82.45,3231072.0
1544486400,83.62,83.85,80.89,81.36,2150575.0
1544572800,82.56,83.32,81.72,82.04,2149362.0
1544659200,82.09,82.39,80.005,80.39,2178902.0
1544745600,79.57,81.23,78.53,78.73,3657578.0
1545004800,78.31,78.85,76.46,76.91,4575671.0
1545091200,77.79,78.135,75.29,76.21,3524529.0
1545177600,76.02,77.45,74.08,74.67,3584745.0
1545264000,74.28,75.35,73.76,74.49,4223486.0
1545350400,74.17,75.96,72.0,72.39,4919209.0
1545609600,71.28,72.89,70.75,70.78,1749836.0
1545782400,71.05,74.41,69.9,74.41,3153951.0
1545868800,73.11,74.99,72.0818,74.99,3257589.0
1545955200,75.44,75.99,74.23,74.66,2480992.0
1546214400,74.99,75.7,74.38,75.59,2517977.0
1546387200,74.49,77.36,74.39,77.26,3290773.0
1546473600,76.6,77.4766,75.98,76.16,3601868.0
1546560000,77.68,79.61,77.66,79.54,2812368.0
1546819200,79.19,80.5,78.645,79.98,2562932.0
1546905600,80.67,81.16,78.9,80.02,3083981.0
1546992000,80.7,80.93,79.79,80.57,1903889.0
1547078400,80.0,80.38,79.57,79.95,3443651.0
1547164800,79.37,81.03,79.04,80.94,1832250.0
1547424000,80.21,81.65,79.9208,81.4,2383384.0
1547510400,81.0,81.63,80.52,81.52,2829210.0
1547596800,82.4,84.31,82.16,83.62,3761801.0
1547683200,83.2,84.06,82.23,83.65,2281411.0
1547769600,83.89,85.25,82.94,84.97,2668496.0
1548115200,84.0,84.16,82.8,83.4,4719016.0
1548201600,79.77,80.58,77.71,78.2,8586279.0
1548288000,78.2,80.84,78.2,80.18,5529215.0
1548374400,80.98,81.3,79.54,79.62,3486884.0
1548633600,78.74,79.55,78.44,79.48,3836543.0
1548720000,79.6,80.0,78.88,79.56,2454185.0
1548806400,79.9,81.245,79.19,80.88,2718916.0
1548892800,80.28,80.81,79.9,80.59,3220172.0
1548979200,80.94,81.34,80.43,80.88,2438564.0
1549238400,80.85,81.62,80.3,81.39,3273016.0
1549324800,81.56,81.6,80.5,80.86,2305676.0
1549411200,80.68,81.2,79.59,80.14,3552866.0
1549497600,79.91,80.03,78.3568,79.03,3394867.0
1549584000,77.91,78.59,76.82,77.83,3187518.0
1549843200,78.08,78.4,77.75,78.04,2649136.0
1549929600,78.82,80.32,78.76,79.79,2112073.0
1550016000,80.08,80.64,79.75,79.99,1808104.0
1550102400,79.45,80.47,78.52,79.61,2087821.0
1550188800,80.27,81.71,80.06,81.57,2704672.0
1550534400,81.55,82.58,81.14,82.2,2952467.0
1550620800,82.41,82.82,81.82,82.72,2167484.0
1550707200,82.98,82.98,81.62,82.07,1736923.0
1550793600,82.07,82.44,81.02,81.2,2096554.0
1551052800,81.99,82.6329,81.39,81.42,2514291.0
1551139200,81.16,81.67,80.25,80.9,2681133.0
1551225600,80.71,82.33,80.5,82.26,2676411.0
1551312000,82.43,83.87,81.91,83.58,4597586.0
1551398400,84.0,85.48,83.81,84.26,3015251.0
1551657600,84.29,84.92,82.51,83.31,2918435.0
1551744000,83.3,83.57,81.6576,82.97,1958921.0
1551830400,82.76,83.46,82.485,82.51,1713318.0
1551916800,82.22,82.29,80.81,81.28,3035605.0
1552003200,80.44,81.43,80.08,81.37,2111560.0
1552262400,81.96,83.26,81.86,82.85,2679238.0
1552348800,82.99,84.03,82.74,82.95,2056711.0
1552435200,83.36,84.33,83.2,83.74,1775390.0
1552521600,83.62,83.9533,83.19,83.21,1744285.0
1552608000,83.11,84.52,82.93,84.33,2993457.0
1552867200,84.54,85.62,84.37,84.9,2332933.0
1552953600,85.38,85.87,84.16,84.41,2333359.0
1553040000,84.13,84.23,82.79,82.95,2460555.0
1553126400,82.2,83.505,81.48,82.89,2431236.0
1553212800,82.14,82.27,79.68,80.0,3101109.0
1553472000,79.86,80.485,78.4547,79.36,2191085.0
1553558400,80.0,80.68,79.42,80.66,1668086.0
1553644800,80.38,80.97,79.82,80.07,1861884.0
1553731200,80.33,81.06,80.05,80.96,1268550.0
1553817600,81.74,82.33,81.42,81.69,2945587.0
1554076800,82.35,84.88,82.27,84.48,2977244.0
1554163200,84.5,85.57,84.0076,84.68,2342121.0
1554249600,85.11,86.2,84.93,85.31,2818093.0
1554336000,85.52,86.74,85.1225,86.7,2137237.0
1554422400,87.0,87.25,85.9,86.54,1554012.0
1554681600,85.8,86.14,85.29,86.04,2023216.0
1554768000,85.5,85.71,84.59,85.1,1209740.0
1554854400,85.27,85.78,84.53,85.63,1413179.0
1554940800,86.12,86.69,85.62,86.25,1390911.0
1555027200,87.35,88.69,86.94,87.83,1635581.0
1555286400,87.81,87.95,86.55,86.88,1215387.0
1555372800,87.45,88.35,87.033,87.91,1888370.0
1555459200,88.1,88.25,87.3,87.92,2231295.0
1555545600,87.71,88.29,87.5,88.11,1413898.0
1555891200,87.87,88.2291,87.3093,87.61,1027335.0
1555977600,87.81,88.64,87.4,88.19,1690494.0
1556064000,88.0,88.61,87.53,87.79,1742077.0
1556150400,87.71,88.76,87.37,88.05,2131257.0
1556236800,90.7,94.14,90.7,93.73,4278631.0
1556496000,93.85,94.38,92.28,92.38,2462931.0
1556582400,93.02,93.26,91.58,92.83,2140136.0
1556668800,92.56,93.49,92.24,92.58,2210845.0
1556755200,92.66,93.26,92.15,92.92,2062671.0
1556841600,93.22,94.3,93.12,94.26,1694466.0
1557100800,92.05,94.0796,91.88,93.61,2208412.0
1557187200,92.41,92.61,90.9,91.6,1901519.0
1557273600,91.18,91.65,90.17,90.22,2183270.0
1557360000,89.12,90.35,88.37,90.2,2240775.0
1557446400,89.65,90.77,88.32,90.39,1348808.0
1557705600,88.49,88.88,87.32,87.54,1819537.0
1557792000,88.24,90.05,88.1,89.26,1640661.0
1557878400,88.3,90.06,87.24,89.38,1899956.0
1557964800,89.87,91.56,89.69,90.98,1631008.0
1558051200,90.03,91.38,89.93,90.54,1518108.0
1558310400,90.41,91.88,90.0,91.38,1460123.0
1558396800,91.97,92.27,91.6,92.2,1859198.0
1558483200,91.66,92.16,91.25,91.26,1117329.0
1558569600,90.41,90.41,88.6,89.25,1584288.0
1558656000,89.87,90.88,89.73,90.78,1175749.0
1559001600,90.36,90.91,88.69,88.75,2016479.0
1559088000,88.22,89.56,87.545,89.44,1604986.0
1559174400,89.55,90.2,87.6729,88.35,1376388.0
1559260800,87.22,87.58,85.72,85.87,2785426.0
1559520000,85.98,87.42,85.87,87.08,2050023.0
1559606400,88.37,89.94,87.99,89.92,2047351.0
1559692800,90.0,90.2,88.515,89.9,1666696.0
1559779200,89.8,90.67,89.61,90.36,1474467.0
1559865600,90.16,90.95,90.04,90.26,1296185.0
1560124800,90.92,91.735,90.36,90.43,1402828.0
1560211200,91.31,92.24,90.98,91.34,1194438.0
1560297600,91.38,91.71,90.01,90.55,1011022.0
1560384000,90.6,91.44,90.49,90.77,1313313.0
1560470400,91.0,91.0,89.58,90.57,1310012.0
1560729600,90.57,91.05,89.735,89.95,1416819.0
1560816000,90.0,91.87,89.9,91.29,2205596.0
1560902400,91.42,92.04,90.22,90.48,1715537.0
1560988800,91.56,91.94,90.5,91.63,1365347.0
1561075200,91.73,92.36,90.84,91.52,3195382.0
1561334400,91.0,91.18,87.99,88.72,3038173.0
1561420800,88.57,89.72,88.07,88.82,1859162.0
1561507200,89.0,89.71,88.65,89.38,1559021.0
1561593600,89.59,90.39,88.99,89.33,1439617.0
1561680000,90.21,91.09,89.34,90.74,3156333.0
1561939200,92.3,92.83,91.2316,92.04,1733430.0
1562025600,91.8,91.97,90.63,91.1,1637912.0
1562112000,91.78,93.0,91.55,92.99,1296971.0
1562284800,93.0,93.13,91.95,92.54,1107026.0
1562544000,92.07,92.46,91.48,91.8,1409756.0
1562630400,91.02,92.4596,91.01,92.29,1982499.0
1562716800,92.22,92.65,90.0,90.16,2495522.0
1562803200,90.61,91.215,90.1703,90.71,1491990.0
1562889600,91.11,91.36,90.57,91.07,1499811.0
1563148800,91.38,91.38,89.39,89.75,2104772.0
1563235200,90.15,90.52,89.54,89.93,2270377.0
1563321600,89.55,89.85,88.15,88.19,1875014.0
1563408000,88.29,89.1812,87.84,88.76,2882273.0
1563494400,92.03,92.14,90.23,90.65,4117997.0
1563753600,90.52,92.21,90.34,91.72,2917135.0
1563840000,91.93,94.5,91.8029,94.34,2275949.0
1563926400,94.26,97.13,93.7401,96.92,3944951.0
1564012800,96.85,96.87,95.55,95.9,2427712.0
1564099200,95.99,98.62,95.59,98.08,3221299.0
1564358400,98.03,98.2799,96.59,96.92,2427935.0
1564444800,91.48,92.0,89.2934,91.21,12268240.0
1564531200,91.3,93.405,90.94,92.42,5102844.0
1564617600,92.42,93.65,91.0725,91.3,3517018.0
1564704000,90.7,90.7,88.2817,89.85,2802145.0
1564963200,88.18,88.575,85.854,86.62,3189069.0
1565049600,87.15,88.415,85.89,88.3,2810077.0
1565136000,86.53,88.195,85.36,87.95,2824540.0
1565222400,88.4,89.47,87.94,88.76,2597737.0
1565308800,88.37,88.595,87.22,87.71,2000798.0
1565568000,86.65,87.09,85.31,85.69,1983030.0
1565654400,85.51,87.95,85.33,87.21,3076963.0
1565740800,85.21,85.77,83.4,83.45,3022562.0
1565827200,83.94,85.08,83.265,83.67,2118139.0
1565913600,84.51,85.77,84.29,85.5,1819199.0
1566172800,86.85,87.45,86.25,86.97,2066445.0
1566259200,86.53,86.65,85.11,85.22,1838049.0
1566345600,86.36,86.58,85.78,86.02,1073487.0
1566432000,86.24,86.8,85.24,85.73,2074664.0
1566518400,85.12,85.89,82.68,83.11,2172429.0
1566777600,83.55,84.32,83.15,84.28,1428913.0
1566864000,84.82,85.03,82.63,83.11,1927796.0
1566950400,82.76,84.855,82.67,84.59,1818471.0
1567036800,85.63,86.62,85.55,86.22,1861641.0
1567123200,86.89,87.27,86.21,86.62,1879072.0
1567468800,85.75,86.0,84.47,85.35,2647459.0
1567555200,86.25,86.47,85.35,85.96,2334343.0
1567641600,86.98,88.9,86.82,88.32,1872566.0
1567728000,88.42,88.68,87.79,88.19,1594230.0
1567987200,88.98,91.35,88.77,90.96,2531212.0
1568073600,91.35,92.46,90.8,91.83,2184466.0
1568160000,91.83,92.1,90.12,92.09,1921836.0
1568246400,91.85,93.21,91.01,92.91,3212006.0
1568332800,93.92,94.656,93.12,93.62,1787687.0
1568592000,92.89,94.39,92.65,94.34,2402095.0
1568678400,94.12,94.19,92.77,93.83,1891177.0
1568764800,93.44,94.26,92.51,93.9,1452538.0
1568851200,93.86,94.73,93.25,93.27,1375172.0
1568937600,93.33,94.19,92.73,92.74,2842625.0
1569196800,92.07,93.18,91.72,92.85,1802574.0
1569283200,93.22,93.32,90.92,91.35,3411361.0
1569369600,91.24,91.95,90.23,91.29,2124582.0
1569456000,91.42,91.94,90.8,91.13,1636615.0
1569542400,91.8,92.26,90.76,91.34,1357173.0
1569801600,91.85,91.85,90.86,90.98,1755040.0
1569888000,91.68,92.1,88.87,89.07,1577418.0
1569974400,88.12,88.15,85.92,86.25,2305198.0
1570060800,86.1,86.29,83.73,85.83,2861573.0
1570147200,85.93,87.38,85.67,87.32,2014804.0
1570406400,86.99,87.95,86.86,86.88,1331477.0
1570492800,85.7,86.5,84.36,84.4,1961500.0
1570579200,85.17,86.15,85.02,85.69,1657352.0
1570665600,85.9,87.81,85.74,87.03,1652371.0
1570752000,88.51,90.4,88.27,88.82,2479129.0
1571011200,88.52,89.32,88.295,88.61,1852193.0
1571097600,89.04,90.75,88.28,90.13,1545801.0
1571184000,90.11,91.14,89.79,89.94,2181474.0
1571270400,90.54,91.09,89.58,90.01,1446426.0
1571356800,89.92,90.52,89.57,89.8,2182331.0
1571616000,90.71,91.72,90.57,91.32,1305882.0
1571702400,91.13,92.56,90.74,92.16,2173407.0
1571788800,91.9,92.86,91.81,92.79,1987859.0
1571875200,92.85,93.125,91.2901,91.98,2217421.0
1571961600,91.5,93.44,90.46,93.25,2764631.0
1572220800,93.36,95.39,93.36,95.17,2846125.0
1572307200,94.73,95.635,93.97,94.46,2367735.0
1572393600,94.64,94.83,93.32,94.53,1802896.0
1572480000,93.95,94.68,92.48,93.25,2472341.0
1572566400,94.35,95.4,93.94,95.25,2315016.0
1572825600,95.79,96.18,95.36,96.17,2161768.0
1572912000,96.75,97.52,96.44,97.3,2508994.0
1572998400,97.32,97.49,96.72,97.04,2462063.0
1573084800,97.92,99.62,97.48,97.7,3205830.0
1573171200,97.26,97.4896,96.1245,97.26,2094014.0
1573430400,96.52,97.31,96.47,97.01,1920989.0
1573516800,97.11,97.405,96.58,97.21,2581132.0
1573603200,96.37,96.89,95.87,96.31,1337402.0
1573689600,96.11,96.87,96.02,96.64,1368443.0
1573776000,97.31,97.63,96.86,97.38,1758256.0
1574035200,97.43,97.43,96.82,97.2,2575520.0
1574121600,97.6,97.69,96.71,97.07,1769253.0
1574208000,96.5,97.35,95.93,96.51,2526854.0
1574294400,96.91,97.21,96.0,96.77,1646574.0
1574380800,97.25,98.33,96.92,98.1,2515214.0
1574640000,98.28,99.99,98.24,99.86,2201010.0
1574726400,99.54,99.81,98.36,99.22,2553733.0
1574812800,99.13,100.29,99.13,100.25,1402806.0
1574985600,99.83,100.35,99.52,100.01,1115471.0
1575244800,100.33,100.64,99.1,99.23,1750157.0
1575331200,98.1,98.35,96.63,98.17,3055418.0
1575417600,98.11,99.49,98.02,99.25,2046828.0
1575504000,99.5,100.25,99.14,99.57,1795798.0
1575590400,100.85,101.84,100.65,101.38,1996413.0
1575849600,101.39,102.56,101.245,102.21,2079142.0
1575936000,102.02,102.565,101.7958,102.42,3155086.0
1576022400,102.5,102.9,101.28,101.43,1990766.0
1576108800,101.35,104.54,101.308,104.03,2237512.0
1576195200,103.91,104.95,102.955,104.37,1858514.0
1576454400,105.0,105.7,103.33,103.33,2756915.0
1576540800,103.9,104.63,103.55,104.34,1655813.0
1576627200,104.6,104.6,103.84,104.18,2300843.0
1576713600,104.08,104.34,103.13,103.38,2134539.0
1576800000,104.09,104.49,103.1884,103.37,3069986.0
1577059200,103.37,103.37,102.465,102.93,1333794.0
1577145600,103.06,103.25,102.53,102.95,326223.0
1577318400,103.16,103.51,102.88,103.48,1124337.0
1577404800,103.63,103.7441,102.79,103.0,840275.0
1577664000,103.39,103.45,102.49,102.64,961108.0
1577750400,102.46,103.0588,102.375,102.91,1472807.0
1577923200,103.41,103.62,102.3,103.61,1603049.0
1578009600,101.98,102.515,101.315,102.0,1450089.0
1578268800,100.88,101.13,100.06,101.08,1526273.0
1578355200,100.2,100.7,99.825,100.08,1979263.0
1578441600,100.51,101.55,100.2718,101.14,2194646.0
1578528000,101.99,102.78,101.42,102.51,1825537.0
1578614400,102.45,102.62,101.16,101.55,1167898.0
1578873600,101.69,102.05,101.3,101.91,1159926.0
1578960000,101.9,103.57,101.855,102.56,2251912.0
1579046400,101.78,102.82,101.445,102.34,1745405.0
1579132800,102.99,103.48,102.32,102.92,4126513.0
1579219200,103.1,104.47,103.01,104.13,2680051.0
1579564800,103.3,103.74,102.19,102.19,3077431.0
1579651200,105.0,107.59,104.55,106.76,5725708.0
1579737600,106.42,106.55,105.2,106.03,2110757.0
1579824000,105.38,105.96,103.39,104.3,2528082.0
1580083200,101.43,102.11,100.59,101.16,2447794.0
1580169600,102.09,103.33,101.34,102.04,1990474.0
1580256000,102.36,102.83,101.13,101.2,1883903.0
1580342400,100.16,102.29,99.61,102.17,2176690.0
1580428800,101.28,101.69,99.21,99.8,2637314.0
1580688000,100.57,101.7,99.46,99.75,2113505.0
1580774400,101.58,102.55,101.38,101.7,1556868.0
1580860800,103.1,104.84,103.1,104.74,2396416.0
1580947200,105.53,106.0,103.42,103.52,1807705.0
1581033600,102.38,102.87,101.53,101.8,1640613.0
1581292800,101.29,101.95,100.9,101.95,1433987.0
1581379200,102.6,103.74,102.31,102.4,2132055.0
1581465600,103.23,103.615,102.48,102.8,1767925.0
1581552000,102.65,102.99,102.03,102.78,2019537.0
1581638400,102.87,103.23,102.22,102.64,1271687.0
1581984000,102.13,103.275,101.81,103.03,2009906.0
1582070400,103.39,104.36,102.84,104.14,2059616.0
1582156800,101.25,104.61,101.25,103.54,2262928.0
1582243200,102.51,102.81,100.72,101.15,2764513.0
1582502400,97.57,99.085,97.0,98.24,2522818.0
1582588800,98.52,98.54,92.18,92.78,4499708.0
1582675200,94.27,95.25,92.78,92.82,2762349.0
1582761600,90.03,93.106,88.59,89.17,4273518.0
1582848000,85.84,88.3,84.62,88.26,6114270.0
1583107200,88.56,91.52,86.93,91.47,4111779.0
1583193600,90.9,92.55,85.31,86.42,4685818.0
1583280000,87.96,89.48,85.76,89.33,2888092.0
1583366400,86.01,87.05,83.9,85.08,3484997.0
1583452800,81.67,83.39,80.56,82.29,4155224.0
1583712000,75.17,77.14,71.06,73.07,4879502.0
1583798400,76.52,78.35,73.62,78.35,6218225.0
1583884800,75.96,76.37,70.59,71.42,5370946.0
1583971200,65.96,68.32,61.08,63.63,7039824.0
1584057600,69.0,72.99,66.29,72.84,5763903.0
1584316800,61.01,64.15,55.44,55.45,6562322.0
1584403200,56.44,57.15,51.3101,53.92,10475220.0
1584489600,49.69,50.34,38.0,44.3,12148680.0
1584576000,43.08,47.83,39.78,46.26,9057920.0
1584662400,48.0,48.3,43.59,45.01,8038271.0
1584921600,43.39,44.94,42.03,42.87,6720901.0
1585008000,46.46,51.34,46.01,50.91,5553281.0
1585094400,52.61,55.0,50.0494,52.34,5469144.0
1585180800,55.57,61.4,54.46,57.87,6026677.0
1585267200,54.62,57.08,52.69,55.3,4392250.0
1585526400,54.59,54.99,52.3168,53.87,3843584.0
1585612800,52.97,53.77,50.0,50.42,5285523.0
1585699200,46.43,46.63,44.0,44.68,7349305.0
1585785600,43.75,45.86,43.075,43.93,5459501.0
1585872000,43.78,43.89,39.9,42.27,6421507.0
1586131200,46.28,50.17,45.79,49.42,5842652.0
1586217600,54.69,58.37,52.75,52.91,6081256.0
1586304000,54.41,57.08,53.63,56.72,5221213.0
1586390400,60.76,62.98,59.22,60.11,7633832.0
1586736000,60.0,60.05,55.68,56.5,4653514.0
1586822400,58.0,58.65,54.25,55.34,4794171.0
1586908800,51.51,52.85,49.77,52.6,6020399.0
1586995200,52.34,52.34,49.41,50.01,4931397.0
1587081600,52.97,55.16,52.8,54.63,5264259.0
1587340800,52.38,55.51,51.44,53.87,3987772.0
1587427200,51.39,53.43,50.8406,51.16,5193193.0
1587513600,53.16,53.4299,51.01,51.52,4832245.0
1587600000,51.5,53.55,51.5,52.61,5260085.0
1587686400,54.78,57.28,54.01,56.15,9181574.0
1587945600,56.88,59.46,56.88,59.19,6070433.0
1588032000,62.89,64.92,62.16,63.75,7833370.0
1588118400,69.62,71.47,67.04,69.75,13347000.0
1588204800,67.16,68.27,64.71,64.76,8421666.0
1588291200,62.17,62.17,60.16,61.58,6249219.0
1588550400,59.5,62.38,58.27,61.59,8373657.0
1588636800,64.38,64.93,60.57,60.96,8940156.0
1588723200,61.52,61.88,58.3,58.49,4269044.0
1588809600,59.6,62.53,59.6,60.82,4218897.0
1588896000,61.92,62.47,61.1,62.2,3004700.0
1589155200,61.01,61.01,58.53,59.5,4423512.0
1589241600,60.0,61.2182,58.03,58.1,5475920.0
1589328000,57.02,57.39,53.63,53.97,5644401.0
1589414400,52.6,59.16,51.91,59.16,8392975.0
1589500800,58.13,59.45,57.25,58.03,3359995.0
1589760000,62.41,63.98,61.52,63.4,4733522.0
1589846400,62.52,63.01,60.17,60.25,4657459.0
1589932800,61.75,62.85,60.91,61.48,4952598.0
1590019200,61.39,62.04,60.3405,60.92,2788612.0
1590105600,60.82,61.3555,59.62,60.21,3645771.0
1590451200,64.25,66.746,63.57,65.8,5172145.0
1590537600,70.27,71.37,67.82,70.88,5951529.0
1590624000,71.92,72.04,67.88,68.54,6160854.0
1590710400,67.0,69.0,65.82,68.04,9177147.0
1590969600,68.59,70.28,67.875,68.99,4604015.0
1591056000,70.21,72.48,69.34,70.9,5559613.0
1591142400,72.97,75.17,72.3596,74.34,5698013.0
1591228800,73.97,77.16,72.72,77.15,4369156.0
1591315200,84.87,85.215,78.3,79.02,7549498.0
1591574400,81.23,82.15,78.94,80.0,7022222.0
1591660800,77.01,79.34,76.45,78.47,3873031.0
1591747200,77.83,78.38,71.8,71.8,7791132.0
1591833600,66.71,70.16,66.02,66.12,6429500.0
1591920000,70.26,70.7,67.0803,70.63,5173016.0
1592179200,66.5,72.2,66.15,71.17,4045291.0
1592265600,75.08,75.36,70.42,73.6,5360606.0
1592352000,73.58,73.9499,71.22,71.47,2951734.0
1592438400,70.47,71.67,69.42,69.98,3582128.0
1592524800,71.68,71.68,67.31,68.07,6015784.0
1592784000,68.58,70.15,67.9,68.3,3798346.0
1592870400,69.57,70.19,68.825,69.57,2367093.0
1592956800,68.44,68.44,64.99,65.46,3729038.0
1593043200,64.86,67.3899,64.04,67.04,4257402.0
1593129600,65.54,65.54,60.84,61.16,8718678.0
1593388800,61.84,62.98,60.76,62.38,3461848.0
1593475200,62.08,63.37,61.65,62.59,4061746.0
1593561600,62.85,64.25,60.17,60.7,3404534.0
1593648000,62.27,63.25,60.72,61.15,3376375.0
1593993600,63.08,63.54,61.593,62.65,2644826.0
1594080000,61.91,61.91,59.74,59.91,3036423.0
1594166400,59.76,61.46,59.2,61.39,3087778.0
1594252800,60.99,61.2,57.3,58.35,4076375.0
1594339200,58.18,60.84,57.87,60.8,3138017.0
1594598400,61.58,63.11,59.76,61.56,3808685.0
1594684800,61.17,61.96,60.06,60.68,4071657.0
1594771200,62.41,63.81,61.58,63.68,3185349.0
1594857600,62.76,64.54,62.4101,63.36,2960319.0
1594944000,63.36,63.39,61.66,61.99,2489498.0
1595203200,61.42,61.99,60.47,60.84,3063371.0
1595289600,61.51,63.06,61.2,62.87,4421996.0
1595376000,60.49,64.96,60.3,64.05,10854670.0
1595462400,63.65,66.04,63.355,65.4,4594607.0
1595548800,65.41,65.78,64.72,65.06,2194849.0
1595808000,64.48,65.98,63.06,65.74,3736607.0
1595894400,65.02,65.805,63.96,64.1,3132299.0
1595980800,64.12,66.41,63.64,66.38,1800780.0
1596067200,64.52,65.21,63.44,64.84,1915867.0
1596153600,64.79,64.79,62.745,63.8,1992527.0
1596412800,63.93,64.51,63.2,63.49,1792499.0
1596499200,63.2,63.74,62.65,63.24,1828693.0
1596585600,63.98,64.88,63.445,64.67,2172855.0
1596672000,64.01,65.31,63.31,63.55,2880812.0
1596758400,62.92,66.04,62.26,65.75,3832733.0
1597017600,66.1,67.94,66.0,67.41,2711173.0
1597104000,69.59,71.88,69.37,69.63,3146373.0
1597190400,71.0,71.9,67.02,68.15,2595563.0
1597276800,67.24,68.58,66.8,67.64,2965283.0
1597363200,67.18,69.96,66.36,69.47,2956946.0
1597622400,69.28,69.44,66.77,66.79,2911273.0
1597708800,67.14,67.14,65.32,65.47,2732197.0
1597795200,65.59,66.87,65.06,65.7,2495829.0
1597881600,64.53,64.82,63.81,64.27,2544798.0
1597968000,64.29,64.8132,63.39,63.8,1609842.0
1598227200,64.19,67.44,63.925,67.36,2615584.0
1598313600,68.35,69.06,66.37,66.91,1966586.0
1598400000,66.91,67.12,65.74,66.28,1792038.0
1598486400,66.19,69.95,66.14,69.61,3898204.0
1598572800,70.05,71.21,69.5225,71.13,3582824.0
1598832000,70.98,71.13,68.95,69.03,3043971.0
1598918400,67.92,69.45,67.495,68.58,1524119.0
1599004800,68.4,69.75,68.16,69.37,1470337.0
1599091200,70.0,71.88,69.05,69.92,2313937.0
1599177600,72.35,74.48,71.44,73.99,5011664.0
1599523200,72.36,72.53,70.31,70.36,3374045.0
1599609600,71.3,71.3,69.79,70.57,2574721.0
1599696000,71.2,72.55,69.29,69.42,2626574.0
1599782400,69.51,71.25,68.97,71.05,2212653.0
1600041600,71.88,75.085,71.72,74.64,3557421.0
1600128000,74.43,74.74,72.675,73.3,2671947.0
1600214400,73.45,76.86,72.21,76.17,3694685.0
1600300800,74.76,77.5,74.38,75.98,3189810.0
1600387200,75.76,76.84,75.01,75.79,3047915.0
1600646400,72.87,73.46,70.84,71.65,3954421.0
1600732800,71.29,72.26,68.55,69.96,3187801.0
1600819200,70.25,71.29,68.0,68.13,4409001.0
1600905600,68.14,69.37,66.4602,68.1,3324212.0
1600992000,67.22,69.83,67.0807,69.36,1991290.0
1601251200,71.15,72.38,69.97,71.33,1714313.0
1601337600,71.19,71.64,69.75,70.45,2150643.0
1601424000,70.99,73.54,70.73,71.86,2757623.0
1601510400,72.98,75.31,71.31,72.93,2798028.0
1601596800,71.53,75.68,71.03,74.94,2693846.0
1601856000,76.26,78.21,75.69,78.04,3037151.0
1601942400,79.0,79.98,75.23,75.63,2874474.0
1602028800,76.87,78.79,76.87,78.24,2748166.0
1602115200,78.59,80.39,77.56,80.28,2039533.0
1602201600,81.25,81.67,79.21,79.88,1733684.0
1602460800,79.81,81.07,79.31,80.41,2056323.0
1602547200,79.38,80.67,78.87,79.54,1978091.0
1602633600,79.69,80.22,78.56,78.66,1589777.0
1602720000,77.58,78.7,76.83,78.55,2878789.0
1602806400,79.16,79.88,78.51,79.22,3590349.0
1603065600,79.77,79.89,77.09,77.12,2048499.0
1603152000,77.9,79.09,77.15,77.27,2515667.0
1603238400,76.91,77.2,73.67,73.72,5700788.0
1603324800,74.71,77.47,74.57,76.75,10451150.0
1603411200,80.48,81.0,76.82,77.99,7613979.0
1603670400,76.63,76.765,74.19,74.95,5111875.0
1603756800,74.77,74.99,73.69,74.06,3023874.0
1603843200,71.79,73.6,71.518,72.07,3696992.0
1603929600,71.48,73.62,70.78,73.12,2551907.0
1604016000,72.64,73.2,71.27,73.08,2102045.0
1604275200,74.65,76.22,74.0101,75.68,2602302.0
1604361600,77.28,78.8299,76.83,77.57,2655795.0
1604448000,75.99,77.79,73.05,75.55,3189328.0
1604534400,76.45,79.21,76.2,78.7,2294031.0
1604620800,79.07,79.79,77.115,77.77,2559591.0
1604880000,84.78,90.3,84.78,86.95,5669176.0
1604966400,87.26,88.61,85.77,86.68,2639096.0
1605052800,87.09,87.46,83.72,84.67,2709237.0
1605139200,83.27,84.58,82.53,83.58,2129929.0
1605225600,84.38,87.27,84.38,86.7,2280139.0
1605484800,89.99,90.61,87.62,88.61,2065247.0
1605571200,87.1,88.61,85.49,87.76,1829317.0
1605657600,88.23,89.385,85.54,85.61,2681268.0
1605744000,84.74,85.38,83.67,84.99,4613373.0
1605830400,84.43,85.07,83.03,83.58,3454329.0
1606089600,85.16,87.76,84.68,87.28,2224864.0
1606176000,89.54,92.08,88.76,91.36,3236569.0
1606262400,90.03,90.25,87.66,89.9,3295401.0
1606435200,89.18,89.58,87.58,87.76,2139497.0
1606694400,89.66,89.9499,85.16,85.64,4422540.0
1606780800,88.0,90.87,87.82,89.7,2753134.0
1606867200,88.4,91.92,88.22,91.39,2853147.0
1606953600,91.3,92.28,90.48,91.28,2123360.0
1607040000,92.03,93.15,90.87,92.24,2187806.0
1607299200,93.0,93.2,91.01,92.97,2758666.0
1607385600,91.4,93.22,91.36,92.64,2889348.0
1607472000,92.93,95.36,92.76,94.92,4599875.0
1607558400,93.33,95.2947,92.1,94.67,2939954.0
1607644800,92.87,93.3402,91.07,92.17,3041969.0
1607904000,93.46,93.95,90.26,90.42,3837868.0
1607990400,91.66,92.69,89.72,92.68,2249607.0
1608076800,93.21,94.03,91.72,93.59,2234040.0
1608163200,93.87,94.32,93.05,94.08,1822460.0
1608249600,93.96,93.96,91.05,91.57,4342599.0
1608508800,93.6,96.62,92.21,95.29,4811543.0
1608595200,95.44,96.14,94.97,94.99,2970421.0
1608681600,95.98,97.83,95.75,96.82,1769372.0
1608768000,96.99,97.42,95.79,97.3,960160.0
1609113600,97.82,99.12,97.44,97.55,2138470.0
1609200000,97.56,97.765,95.465,96.18,1902724.0
1609286400,96.5,97.98,95.97,97.88,1405198.0
1609372800,98.0,99.155,97.06,98.85,1290793.0
1609718400,99.73,99.99,96.98,97.84,3429883.0
1609804800,97.79,100.575,97.79,100.14,2171542.0
1609891200,103.0,107.65,102.56,107.38,4394075.0
1609977600,108.65,111.54,108.0,110.73,4795824.0
1610064000,111.0,111.78,108.64,110.56,3001077.0
1610323200,108.23,109.95,107.0,109.31,3312930.0
1610409600,110.26,111.7,108.7332,110.76,3119925.0
1610496000,110.55,113.135,110.55,112.08,3015877.0
1610582400,113.03,115.48,112.27,114.4,2841618.0
1610668800,112.23,113.69,111.25,112.53,3396098.0
1611014400,114.25,114.83,112.56,112.86,3399603.0
1611100800,113.07,114.18,111.02,111.38,3931458.0
1611187200,110.36,110.99,106.85,108.54,6253832.0
1611273600,107.11,107.405,103.83,105.34,5438556.0
1611532800,104.0,104.44,100.68,102.53,3733303.0
1611619200,102.99,103.0,99.82,99.93,4237557.0
1611705600,103.19,108.22,100.88,102.69,7617330.0
1611792000,104.5,108.405,103.04,106.84,4667569.0
1611878400,105.47,107.49,103.39,104.26,3535432.0
1612137600,105.13,105.97,102.57,102.86,3712557.0
1612224000,103.94,107.29,103.68,106.04,4621170.0
1612310400,105.94,107.55,105.57,107.21,3947787.0
1612396800,107.99,112.945,107.86,112.66,5819447.0
1612483200,114.5,115.532,113.4,114.48,3925736.0
1612742400,115.01,116.91,114.8,116.0,3391661.0
1612828800,115.58,117.4,114.27,115.93,4071624.0
1612915200,116.94,118.4,116.1,117.62,3982602.0
1613001600,118.0,118.43,115.75,117.16,3273735.0
1613088000,116.79,118.7253,116.79,117.75,2497156.0
1613433600,117.46,120.555,116.435,119.8,3985464.0
1613520000,119.37,120.98,117.72,118.91,3104232.0
1613606400,117.5,118.29,115.31,117.02,2348890.0
1613692800,118.57,120.42,117.93,119.56,2989186.0
1613952000,119.45,123.03,119.12,122.58,2902472.0
1614038400,123.74,124.43,120.45,122.54,3003286.0
1614124800,122.46,125.75,122.35,124.48,3314247.0
1614211200,125.48,125.705,118.88,119.24,4067957.0
1614297600,119.53,121.32,116.67,120.19,3996168.0
1614556800,122.38,124.8,121.87,123.93,2714834.0
1614643200,123.5,124.71,122.87,123.46,2486597.0
1614729600,124.34,127.05,124.34,125.41,3043895.0
1614816000,124.43,126.19,122.0,125.94,4583687.0
1614902400,127.3,128.45,120.78,127.7,4443109.0
1615161600,128.7,130.64,127.9,128.69,2684221.0
1615248000,127.18,129.14,125.51,126.3,2564140.0
1615334400,127.25,130.04,126.92,129.53,2068583.0
1615420800,128.83,132.61,128.72,132.1,2296123.0
1615507200,133.95,134.7,131.65,132.55,2217542.0
1615766400,132.5,132.73,128.8,132.6,3208127.0
1615852800,131.51,131.67,128.12,128.49,3221726.0
1615939200,129.94,131.68,127.28,131.65,2840753.0
1616025600,132.29,133.58,127.6407,128.31,2443962.0
1616112000,127.38,128.07,123.95,126.43,3318678.0
1616371200,125.48,126.42,124.39,125.22,2090391.0
1616457600,123.95,125.33,121.21,122.41,3862558.0
1616544000,124.29,126.41,123.53,123.91,2096717.0
1616630400,123.37,128.13,121.44,127.87,2716541.0
1616716800,129.86,130.49,126.57,129.59,2864920.0
1616976000,127.66,128.4,124.9501,126.49,2128553.0
1617062400,127.22,128.85,126.46,128.56,2732421.0
1617148800,128.22,129.47,126.905,127.23,2389058.0
1617235200,128.41,130.77,128.21,129.78,2589004.0
1617580800,131.36,133.74,131.0,132.6,2583064.0
1617667200,132.1,132.98,131.05,132.03,2264545.0
1617753600,133.09,134.35,132.49,132.97,1805872.0
1617840000,131.38,133.32,129.89,132.73,2193526.0
1617926400,134.0,134.45,132.405,134.17,2107160.0
1618185600,133.72,134.63,132.865,134.24,2384620.0
1618272000,133.63,133.8,131.38,132.67,2335641.0
1618358400,132.54,136.45,132.32,135.77,2924380.0
1618444800,136.07,136.08,132.85,134.87,3432573.0
1618531200,136.04,137.75,135.26,136.68,2888883.0
1618790400,135.92,136.26,133.8905,135.41,2383898.0
1618876800,134.34,134.56,129.98,131.5,2459053.0
1618963200,130.32,133.42,127.8,132.91,3035050.0
1619049600,133.55,134.735,132.23,133.0,2305256.0
1619136000,132.59,136.23,131.38,135.68,2531263.0
1619395200,137.0,139.935,136.81,138.29,2169588.0
1619481600,138.61,139.54,138.04,138.95,3486680.0
1619568000,143.0,147.04,142.0,144.36,4601830.0
1619654400,146.01,149.67,145.71,149.23,3349505.0
1619740800,148.13,150.01,147.775,149.08,3817339.0
1620000000,151.07,151.84,148.53,149.92,2636469.0
1620086400,148.89,152.38,147.8,152.02,4227293.0
1620172800,152.82,154.47,151.45,153.6,2027647.0
1620259200,155.0,156.51,152.51,156.44,3664265.0
1620345600,153.68,157.98,153.23,157.71,2480930.0
1620604800,159.14,160.365,157.3,157.38,3298351.0
1620691200,154.81,156.93,153.26,154.76,4332075.0
1620777600,155.9,156.7757,152.3,152.97,3298067.0
1620864000,152.24,157.21,152.0,156.29,2953590.0
1620950400,156.98,159.26,156.815,158.11,2855769.0
1621209600,158.03,160.48,157.57,159.9,2229512.0
1621296000,159.285,160.85,156.83,156.91,2247776.0
1621382400,154.12,157.34,152.86,157.15,3298149.0
1621468800,157.64,159.01,155.6375,157.81,2893447.0
1621555200,158.59,162.33,158.3943,159.05,3551974.0
1621814400,159.99,161.68,159.34,160.74,2087707.0
1621900800,161.47,162.48,158.13,158.22,2670448.0
1621987200,159.32,160.5,157.98,159.84,3143592.0
1622073600,161.85,162.75,160.34,161.79,3488705.0
1622160000,161.83,162.24,159.22,160.78,3365804.0
1622505600,165.27,166.625,163.74,166.25,4188041.0
1622592000,167.0,167.4,164.965,165.92,3099481.0
1622678400,165.06,167.34,164.31,166.29,2513709.0
1622764800,167.07,168.0,165.03,166.26,2886628.0
1623024000,163.5,165.31,162.59,163.55,3223914.0
1623110400,162.7,163.84,161.04,162.73,3513600.0
1623196800,162.6,162.615,159.3,160.6,3284502.0
1623283200,162.99,163.86,158.6,158.74,3710653.0
1623369600,159.2,160.69,159.1,160.65,3826811.0
1623628800,160.4,160.8,157.17,158.71,3372876.0
1623715200,159.38,162.7,158.72,162.11,2789526.0
1623801600,161.44,163.31,159.79,162.2,3140857.0
1623888000,163.47,163.59,151.43,153.55,4308524.0
1623974400,149.6,150.44,147.52,150.02,8383912.0
1624233600,151.55,154.99,151.22,154.89,2874967.0
1624320000,154.3,155.91,152.85,154.89,2363883.0
1624406400,155.61,157.61,155.04,156.37,2032263.0
1624492800,157.59,158.17,155.4,157.57,2077679.0
1624579200,160.54,162.0,159.79,159.99,4238375.0
1624838400,159.41,160.01,155.295,156.0,2693097.0
1624924800,157.37,158.32,153.82,154.15,2151085.0
1625011200,153.69,155.22,153.6201,154.69,2631841.0
1625097600,155.53,158.06,155.13,157.15,3354477.0
1625184000,157.7,158.95,157.15,157.4,2247862.0
1625529600,156.76,157.38,154.14,155.5,3566912.0
1625616000,153.61,156.71,153.14,155.04,3042377.0
1625702400,151.9,154.88,149.45,152.46,3313846.0
1625788800,155.38,160.915,155.345,160.55,3638876.0
1626048000,159.18,165.44,158.08,164.85,3250160.0
1626134400,164.85,165.3,162.64,162.84,2536714.0
1626220800,163.07,165.0,157.63,158.84,4190911.0
1626307200,156.66,160.64,156.29,160.35,3069799.0
1626393600,161.65,161.65,157.08,157.52,1955200.0
1626652800,153.45,154.81,150.89,153.61,3757363.0
1626739200,152.96,159.24,152.44,157.98,3306164.0
1626825600,159.61,164.4,159.395,163.21,2508487.0
1626912000,162.2,163.08,158.7,161.43,2966561.0
1626998400,157.0,164.25,156.5869,160.08,3516313.0
1627257600,160.05,163.0,160.0,162.34,2055907.0
1627344000,159.95,163.66,159.14,162.54,2167977.0
1627430400,163.04,163.54,159.875,161.39,2314796.0
1627516800,163.5,165.3512,162.91,163.91,2587938.0
1627603200,163.16,165.09,160.635,161.7,2661439.0
1627862400,163.14,165.91,158.92,160.1,3934629.0
1627948800,161.05,162.06,155.455,161.43,2868514.0
1628035200,160.28,164.17,159.1,161.19,2722818.0
1628121600,162.22,163.95,162.22,163.19,2749584.0
1628208000,164.85,167.51,164.26,165.95,3394536.0
1628467200,164.84,167.15,163.13,166.21,2239532.0
1628553600,166.21,171.285,166.1,170.67,3442465.0
1628640000,171.0,174.94,169.84,174.55,3880548.0
1628726400,174.5,177.165,173.41,176.93,3274651.0
1628812800,177.18,177.95,175.791,177.73,2368274.0
1629072000,176.0,177.72,175.18,177.32,2115112.0
1629158400,175.27,176.5266,171.43,173.28,2791045.0
1629244800,172.33,175.62,171.27,172.02,1760009.0
1629331200,169.12,171.59,166.95,168.1,2478498.0
1629417600,168.18,169.12,165.46,168.22,2595680.0
1629676800,169.42,171.2025,168.98,169.35,2019463.0
1629763200,169.89,171.71,169.45,170.05,1668372.0
1629849600,170.59,174.56,170.23,173.93,2184300.0
1629936000,174.4,174.6986,171.31,171.63,1867050.0
1630022400,172.31,175.98,171.65,175.8,1747663.0
1630281600,172.14,173.57,165.11,165.19,4300605.0
1630368000,165.03,167.17,163.2609,165.97,3791885.0
1630454400,165.96,166.58,161.23,161.68,3343105.0
1630540800,162.5,163.38,159.52,160.06,3118489.0
1630627200,159.99,160.37,156.4,157.26,3361459.0
1630972800,156.95,159.68,156.46,156.93,3437293.0
1631059200,156.49,156.49,152.13,154.6,3342574.0
1631145600,154.84,159.179,154.48,155.78,2904730.0
1631232000,156.91,157.82,155.4,155.56,2855593.0
1631491200,157.07,159.43,156.91,158.93,3349635.0
1631577600,159.59,160.17,153.95,154.39,4075227.0
1631664000,155.22,159.1,154.81,158.91,3210775.0
1631750400,159.6,161.24,159.12,160.17,2627478.0
1631836800,159.1,161.15,158.45,159.57,4829969.0
1632096000,154.09,157.01,153.33,156.37,3429999.0
1632182400,158.0,158.86,156.32,156.5,2845949.0
1632268800,158.68,161.02,158.37,159.62,3001417.0
1632355200,161.65,167.15,161.0,166.02,2977186.0
1632441600,165.13,168.05,164.96,166.17,2695069.0
1632700800,167.69,170.27,167.31,169.76,2611056.0
1632787200,169.44,171.5,167.1,167.38,2935878.0
1632873600,168.62,168.62,165.92,166.55,2004512.0
1632960000,167.88,167.88,161.85,161.97,2711979.0
1633046400,162.61,167.84,161.87,166.54,2696409.0
1633305600,166.54,170.2799,165.69,166.11,2759005.0
1633392000,168.08,170.69,166.39,168.72,2089073.0
1633478400,166.92,169.03,164.47,167.87,2032043.0
1633564800,169.73,171.43,167.7118,167.88,2011107.0
1633651200,168.44,171.28,167.405,168.8,1713240.0
1633910400,169.5,171.78,166.05,166.18,1929438.0
1633996800,166.23,168.3319,165.16,167.65,1697556.0
1634083200,167.57,167.74,159.55,162.1,3853679.0
1634169600,165.15,166.29,162.7408,166.01,2282149.0
1634256000,168.0,170.25,167.26,168.38,2762825.0
1634515200,167.3,170.66,167.03,169.16,1760796.0
1634601600,170.2,170.44,167.785,169.79,1955039.0
1634688000,168.92,173.47,168.2599,173.25,2614037.0
1634774400,172.48,174.65,165.07,165.69,3420587.0
1634860800,167.0,169.43,165.63,167.84,2943392.0
1635120000,168.21,169.84,166.22,168.68,2368960.0
1635206400,169.3,170.0,164.56,164.85,3204035.0
1635292800,160.14,161.49,151.78,152.5,7343041.0
1635379200,152.81,153.93,150.48,152.5,4440305.0
1635465600,152.84,154.065,150.22,151.03,3863825.0
1635724800,152.27,154.8277,152.2101,153.01,3181737.0
1635811200,153.22,154.01,150.87,151.91,3788047.0
1635897600,151.0,155.35,150.66,153.9,3334122.0
1635984000,153.0,155.49,152.3,153.46,2462496.0
1636070400,155.59,157.59,154.25,154.87,2389557.0
1636329600,156.48,157.76,154.79,155.52,2279153.0
1636416000,154.56,156.11,153.2,155.42,2154420.0
1636502400,155.48,158.47,155.48,156.28,2274624.0
1636588800,156.28,158.66,155.91,157.15,1822710.0
1636675200,156.83,157.33,155.025,156.8,2143745.0
1636934400,156.8,158.43,155.835,156.36,1772023.0
1637020800,156.5,156.5,152.75,153.82,2678308.0
1637107200,153.7,155.0,151.87,151.95,3107944.0
1637193600,152.07,153.94,150.465,152.99,2485549.0
1637280000,150.5,152.5499,148.52,151.32,2754891.0
1637539200,153.37,154.65,150.97,153.21,2681047.0
1637625600,154.0,156.74,153.21,156.29,2596035.0
1637712000,155.13,157.96,155.06,155.86,2308678.0
1637884800,150.54,150.54,144.37,149.16,3081395.0
1638144000,151.24,151.7293,145.7,147.02,4261600.0
1638230400,145.15,146.0,140.18,140.53,6024150.0
1638316800,144.5,145.47,138.35,138.37,3540875.0
1638403200,139.71,145.17,139.0,143.36,3028352.0
1638489600,143.02,143.75,140.68,141.9,2773132.0
1638748800,144.98,147.85,143.93,145.94,2928721.0
1638835200,147.97,151.11,147.28,148.58,2840775.0
1638921600,148.89,150.05,148.01,148.81,2513347.0
1639008000,148.24,150.71,147.06,149.17,2311734.0
1639094400,150.52,151.45,148.495,150.41,2415296.0
1639353600,149.26,149.47,145.575,146.04,2608012.0
1639440000,146.62,149.53,145.51,147.92,2213861.0
1639526400,148.35,148.655,144.0,147.39,2702657.0
1639612800,149.73,150.24,147.355,148.02,3341672.0
1639699200,147.35,147.35,142.64,144.08,9088547.0
1639958400,140.39,141.2,136.5201,138.35,3246520.0
1640044800,140.37,143.745,140.11,143.51,2509920.0
1640131200,142.97,144.53,142.13,143.73,1669452.0
1640217600,145.26,146.72,144.99,145.1,1720276.0
1640563200,145.46,146.09,143.59,145.89,1291807.0
1640649600,144.78,147.88,144.55,146.2,1025727.0
1640736000,146.2,146.73,145.21,145.59,1332140.0
1640822400,145.75,147.3,145.34,145.49,1213555.0
1640908800,145.2,146.73,144.98,145.09,1356278.0
1641168000,146.08,149.35,145.94,148.34,2381644.0
1641254400,150.43,152.36,149.76,151.15,3478842.0
1641340800,152.23,153.0,148.19,148.26,2106095.0
1641427200,149.07,151.29,146.2,150.73,2622230.0
1641513600,150.63,155.63,149.985,154.69,3286301.0
1641772800,156.79,157.86,154.1,157.15,3876869.0
1641859200,157.53,158.857,155.905,158.51,2178262.0
1641945600,159.53,161.03,158.46,158.79,2133239.0
1642032000,160.17,162.3,159.56,161.37,2407389.0
1642118400,156.94,160.63,154.5201,160.56,3633157.0
1642464000,160.62,162.4,155.8,157.08,2393692.0
1642550400,157.45,158.1,151.57,151.61,2019325.0
1642636800,151.69,154.54,149.83,150.27,1962775.0
1642723200,149.45,149.45,145.325,146.52,2727297.0
1642982400,143.24,148.65,140.68,148.3,3964186.0
1643068800,146.73,154.51,144.5877,152.16,5634321.0
1643155200,143.95,149.95,142.13,144.9,7626818.0
1643241600,146.82,148.6,140.82,141.68,4048754.0
1643328000,140.81,142.72,138.6,142.62,3599441.0
1643587200,141.34,147.01,140.41,146.73,3789048.0
1643673600,147.0,150.86,145.975,150.49,3064056.0
1643760000,149.48,150.54,146.93,149.62,2446594.0
1643846400,148.91,151.11,147.9,148.29,1978017.0
1643932800,149.0,151.88,148.57,150.35,2201229.0
1644192000,150.96,153.48,150.32,152.17,2300388.0
1644278400,153.5,156.3134,152.64,155.98,3376374.0
1644364800,156.94,159.92,156.78,158.84,2173444.0
1644451200,158.36,160.5,156.78,157.51,2865526.0
1644537600,156.19,160.38,154.73,156.0,3041607.0
1644796800,156.6,158.09,154.35,155.14,2598321.0
1644883200,156.99,159.63,156.37,158.89,2090243.0
1644969600,157.46,160.54,157.09,158.86,1761966.0
1645056000,157.09,157.815,153.1,154.36,2201469.0
1645142400,153.76,157.276,153.3,153.96,3158381.0
1645488000,153.52,155.09,151.18,152.93,2095692.0
1645574400,153.83,154.65,148.8,149.47,2942830.0
1645660800,143.01,148.14,141.03,147.77,3693425.0
1645747200,148.82,154.33,148.53,153.59,2019475.0
1646006400,148.98,153.51,147.8877,153.27,3407953.0
1646092800,152.38,152.49,140.15,140.68,4335903.0
1646179200,141.95,143.84,139.11,141.2,3700880.0
1646265600,142.12,142.66,136.01,138.52,3837373.0
1646352000,135.01,135.17,131.02,134.12,3864852.0
1646611200,132.49,132.81,124.7,124.8,4877850.0
1646697600,125.93,130.745,122.43,126.08,3683389.0
1646784000,132.18,135.01,130.98,131.91,3061682.0
1646870400,129.0,132.1,127.08,130.26,3328581.0
1646956800,131.46,133.11,129.67,130.09,2514516.0
1647216000,132.95,136.38,132.4,133.67,3001376.0
1647302400,133.73,136.795,132.855,134.27,2853332.0
1647388800,136.99,141.2,134.725,137.84,3376818.0
1647475200,132.07,137.56,131.16,137.55,3153960.0
1647561600,134.03,138.52,134.03,138.21,6579311.0
1647820800,138.2,138.89,133.26,134.44,4071268.0
1647907200,136.36,140.7,135.91,138.17,2964533.0
1647993600,136.77,137.94,132.88,133.99,1994708.0
1648080000,135.21,135.7016,133.28,135.07,1883847.0
1648166400,136.09,136.85,134.66,135.88,2240666.0
1648425600,134.95,134.95,131.12,133.25,2747630.0
1648512000,136.29,137.86,135.02,135.69,2236631.0
1648598400,135.7,137.32,133.56,134.47,2795595.0
1648684800,133.92,136.14,131.29,131.29,3273191.0
1648771200,133.02,134.05,130.06,130.89,2829805.0
1649030400,130.97,132.8655,129.23,131.67,2230179.0
1649116800,130.94,132.35,130.07,130.42,2333539.0
1649203200,130.22,131.04,128.67,129.28,3611418.0
1649289600,130.04,132.74,126.83,129.31,4729774.0
1649376000,130.41,132.64,129.68,131.76,2597308.0
1649635200,131.95,133.95,130.94,131.23,1858039.0
1649721600,130.91,135.0,130.63,132.23,2026311.0
1649808000,130.48,132.97,130.305,132.62,1704089.0
1649894400,132.73,134.46,132.18,132.59,2289111.0
1650240000,132.23,139.13,132.0,137.98,2731274.0
1650326400,138.09,142.35,138.09,141.59,3119301.0
1650412800,142.73,144.235,141.05,141.85,2035740.0
1650499200,143.13,144.73,139.63,139.98,1925316.0
1650585600,139.22,139.5,135.07,135.28,2458587.0
1650844800,133.92,136.85,131.25,136.46,2573750.0
1650931200,133.63,136.29,132.14,132.23,2764091.0
1651017600,120.98,126.56,119.88,124.35,5465078.0
1651104000,125.77,130.51,125.13,129.38,3265318.0
1651190400,128.85,131.0,124.36,124.62,2806294.0
1651449600,125.54,126.85,123.75,126.64,2266308.0
1651536000,127.51,130.29,126.265,128.65,2096031.0
1651622400,128.72,134.46,128.215,134.3,2266458.0
1651708800,132.0,133.41,129.02,130.33,2605030.0
1651795200,129.85,130.29,125.69,127.04,2434197.0
1652054400,124.78,126.46,122.32,123.22,2852063.0
1652140800,123.87,124.99,117.49,121.03,2982103.0
1652227200,121.26,124.59,119.4,119.59,2785652.0
1652313600,116.0,117.88,111.58,114.15,3952017.0
1652400000,115.67,118.37,115.26,116.46,3067671.0
1652659200,115.83,116.83,112.68,113.97,2427539.0
1652745600,117.81,120.98,116.91,120.41,2943495.0
1652832000,118.12,118.85,114.03,114.39,2942388.0
1652918400,112.46,114.95,112.23,113.33,2508766.0
1653004800,115.1,115.79,110.29,113.7,2586651.0
1653264000,116.57,119.92,115.96,118.8,2243506.0
1653350400,117.19,118.04,113.75,116.83,2568479.0
1653436800,116.36,121.11,115.925,120.22,1973979.0
1653523200,121.96,125.28,121.5,124.41,1898211.0
1653609600,124.49,126.46,124.42,126.46,1890665.0
1653955200,124.96,128.95,124.71,127.86,3758032.0
1654041600,127.76,128.5301,123.43,124.96,2400375.0
1654128000,125.73,126.99,123.785,126.37,2070386.0
1654214400,124.88,125.74,123.58,124.05,1908634.0
1654473600,125.26,127.355,123.49,125.68,1758148.0
1654560000,124.48,128.61,124.17,128.23,1914494.0
1654646400,126.6,127.95,124.33,125.17,2043444.0
1654732800,124.87,125.05,119.24,119.34,2861190.0
1654819200,115.84,117.19,111.44,112.58,3779367.0
1655078400,109.01,110.91,106.2801,107.01,4449766.0
1655164800,108.11,108.55,105.54,106.58,2054151.0
1655251200,108.71,109.58,105.7,108.17,3081565.0
1655337600,104.83,104.935,98.54,102.11,4951541.0
1655424000,104.26,108.24,103.015,107.26,10006960.0
1655769600,110.69,111.31,105.37,106.46,2917496.0
1655856000,104.7,106.75,104.32,105.63,2311237.0
1655942400,105.33,105.66,102.3681,104.21,2486260.0
1656028800,105.43,111.7,105.31,110.09,4053664.0
1656288000,111.25,111.25,109.0,109.6,2187451.0
1656374400,111.58,113.37,108.19,108.52,1692751.0
1656460800,107.9,108.015,105.35,105.61,2438850.0
1656547200,103.0,106.04,101.57,104.19,2177895.0
1656633600,103.73,107.5283,103.72,106.82,1536780.0
1656979200,103.68,106.69,102.49,106.66,1890420.0
1657065600,106.26,107.6799,104.96,106.04,1576371.0
1657152000,108.05,109.5,106.88,108.84,2517065.0
1657238400,109.5,110.41,107.39,108.61,1879282.0
1657497600,107.37,108.91,106.86,107.17,1784232.0
1657584000,104.0,109.115,103.75,107.04,2510246.0
1657670400,104.95,106.275,102.8,105.53,2064551.0
1657756800,102.68,104.46,101.98,103.45,2788548.0
1657843200,106.52,108.98,104.38,108.15,4156650.0
1658102400,110.45,113.25,109.71,110.49,3418628.0
1658188800,110.43,113.78,110.12,113.02,2490490.0
1658275200,112.55,114.94,112.45,114.76,2092310.0
1658361600,113.2,114.58,111.46,114.27,3507759.0
1658448000,109.39,111.8817,107.53,108.93,4201496.0
1658707200,109.7,111.75,107.87,110.93,2435909.0
1658793600,109.5,110.41,106.34,106.36,2372007.0
1658880000,107.54,109.55,106.45,108.94,2613396.0
1658966400,108.78,109.34,105.05,107.71,3337094.0
1659052800,107.93,110.09,107.599,109.83,2366263.0
1659312000,108.42,110.02,106.04,109.73,1897956.0
1659398400,108.84,109.06,106.85,106.94,2209356.0
1659484800,108.41,109.53,107.675,109.06,1553839.0
1659571200,107.46,107.97,106.11,106.89,3323156.0
1659657600,105.42,107.061,105.07,106.33,2455528.0
1659916800,107.0,109.58,106.96,107.82,2890947.0
1660003200,107.93,108.015,105.6,106.38,1816544.0
1660089600,109.08,113.42,108.5,112.74,3480253.0
1660176000,114.98,116.55,114.33,115.27,2615191.0
1660262400,116.34,116.34,114.56,115.74,1594632.0
1660521600,113.07,114.19,112.12,113.66,2328445.0
1660608000,113.51,115.94,112.68,115.46,2191620.0
1660694400,113.15,114.25,112.03,113.61,1962689.0
1660780800,113.79,114.267,112.81,113.85,1699340.0
1660867200,112.75,113.105,111.83,112.21,2157239.0
1661126400,109.84,109.95,107.89,109.0,2271469.0
1661212800,109.72,111.33,109.18,109.81,1809702.0
1661299200,109.85,111.21,108.84,110.36,1662747.0
1661385600,111.19,113.68,110.57,113.66,1565522.0
1661472000,114.0,114.41,109.6776,109.82,2212353.0
1661731200,108.85,108.93,106.61,107.2,2329608.0
1661817600,107.97,108.025,105.985,106.83,1542843.0
1661904000,107.36,107.93,105.67,105.82,2845934.0
1661990400,105.31,105.46,102.26,104.81,2016658.0
1662076800,106.72,107.46,103.65,104.22,1863636.0
1662422400,104.64,104.93,101.12,102.17,2253705.0
1662508800,101.69,105.2,101.69,104.89,2402717.0
1662595200,103.85,106.56,102.37,106.44,2182363.0
1662681600,107.49,108.95,106.9725,108.32,1725865.0
1662940800,109.68,111.37,109.15,109.79,2208750.0
1663027200,105.93,106.33,100.84,101.04,3118641.0
1663113600,101.54,101.615,98.53,100.65,3350116.0
1663200000,100.94,104.785,100.86,102.77,3272074.0
1663286400,101.56,102.21,99.42,101.68,5629183.0
1663545600,100.09,102.85,99.79,102.48,1949845.0
1663632000,101.0,101.595,99.57,101.37,2833791.0
1663718400,102.05,103.4,99.4,99.49,3386159.0
1663804800,99.62,99.955,95.35,95.47,2446426.0
1663891200,93.74,95.0,92.19,93.78,2544336.0
1664150400,92.95,94.65,90.85,91.3,2547802.0
1664236800,92.99,93.45,90.27,91.39,2735997.0
1664323200,92.07,95.66,91.4201,95.04,3483636.0
1664409600,93.34,94.47,91.94,93.68,2463081.0
1664496000,93.79,94.61,92.02,92.17,2396467.0
1664755200,94.1,95.94,91.96,95.57,2158126.0
1664841600,97.73,99.97,97.4,99.87,3165773.0
1664928000,97.44,99.425,96.861,98.94,2515000.0
1665014400,97.72,98.46,96.13,96.73,2302107.0
1665100800,95.29,95.85,93.32,93.87,2958139.0
1665360000,94.55,95.12,92.69,93.05,1717556.0
1665446400,92.34,95.79,92.19,93.76,2486849.0
1665532800,93.87,94.82,92.98,93.49,1860035.0
1665619200,92.75,98.25,90.71,97.82,2806711.0
1665705600,98.92,99.5943,95.27,95.39,2866431.0
1665964800,98.24,98.85,96.39,97.47,1878538.0
1666051200,100.0,100.41,98.05,99.59,2309397.0
1666137600,96.67,97.87,94.58,95.23,2931148.0
1666224000,95.2,97.71,94.33,94.98,3535101.0
1666310400,94.62,96.25,92.94,96.25,3593573.0
1666569600,97.57,98.5,96.43,97.56,2836870.0
1666656000,97.22,102.3468,97.22,101.58,2769313.0
1666742400,101.7,103.555,101.65,101.92,2192035.0
1666828800,103.14,104.03,101.53,102.13,3468937.0
1666915200,99.0,107.42,98.51,107.1,4403240.0
1667174400,106.07,107.09,105.05,106.02,2886873.0
1667260800,107.49,108.3299,105.995,106.81,1907509.0
1667347200,106.33,107.66,102.98,103.21,2617928.0
1667433600,100.96,101.1,98.35,98.82,2622609.0
1667520000,100.71,102.72,100.19,102.53,2301336.0
1667779200,103.74,104.79,101.8413,104.74,2452386.0
1667865600,104.74,106.41,103.98,105.54,1801777.0
1667952000,104.32,104.32,101.39,101.47,1751523.0
1668038400,106.55,114.12,106.55,113.42,3764998.0
1668124800,114.83,118.4,114.255,116.25,4476354.0
1668384000,114.4,115.53,111.44,111.57,3096929.0
1668470400,109.505,110.14,103.34,103.56,5862149.0
1668556800,103.96,104.23,100.16,101.76,3455642.0
1668643200,99.68,100.01,97.55,99.44,2925090.0
1668729600,101.14,101.59,98.215,98.96,2773350.0
1668988800,98.19,101.41,98.05,101.31,2227279.0
1669075200,102.09,103.53,101.05,101.55,1947125.0
1669161600,101.09,102.0,100.15,101.63,1284402.0
1669334400,101.14,101.95,100.9,101.72,589204.0
1669593600,100.12,101.27,99.13,99.58,1629064.0
1669680000,99.81,102.16,99.28,102.08,1490045.0
1669766400,102.15,103.37,98.5,103.24,3160332.0
1669852800,100.03,102.07,98.46,99.32,2353109.0
1669939200,98.15,100.25,97.5,97.69,2915578.0
1670198400,96.33,96.89,94.09,95.02,3462496.0
1670284800,95.1,96.72,92.76,94.03,3408823.0
1670371200,93.45,94.97,92.725,93.23,2914021.0
1670457600,93.79,94.49,92.5,93.58,2786009.0
1670544000,93.1,95.405,93.1,94.41,1992776.0
1670803200,94.93,98.11,94.235,97.52,2809761.0
1670889600,101.31,103.22,97.86,98.86,3411838.0
1670976000,98.24,99.295,95.18,96.6,3348246.0
1671062400,94.98,95.49,92.3,93.85,3385057.0
1671148800,91.75,92.79,89.22,90.1,6729237.0
1671408000,89.83,90.48,86.98,87.87,5174620.0
1671494400,87.77,88.945,87.31,88.39,4167933.0
1671580800,89.33,90.35,88.92,89.72,4594875.0
1671667200,88.45,89.5,87.22,89.49,4602622.0
1671753600,89.81,90.76,89.11,90.69,1902561.0
1672099200,90.83,91.4382,89.91,90.75,1801691.0
1672185600,91.07,91.94,89.54,89.7,2231917.0
1672272000,90.12,92.81,89.9262,92.67,1740754.0
1672358400,91.51,93.07,91.235,92.96,2065520.0
1672704000,92.66,95.595,92.41,92.97,2619445.0
1672790400,94.56,97.98,94.23,95.8,3177540.0
1672876800,92.5,94.36,91.53,93.98,3406616.0
1672963200,94.32,97.76,94.21,97.07,3668605.0
1673222400,97.84,99.43,96.5814,97.45,4384127.0
1673308800,96.6,98.53,95.35,98.5,3196205.0
1673395200,99.23,102.68,98.82,101.79,4095117.0
1673481600,102.62,102.83,99.675,101.02,2581752.0
1673568000,99.41,103.36,98.63,102.85,3229379.0
1673913600,103.0,104.3429,102.37,103.63,3493422.0
1674000000,103.35,104.64,101.85,101.9,2670947.0
1674086400,97.31,98.57,94.01,97.91,5115561.0
1674172800,99.05,104.335,98.88,104.18,4136706.0
1674432000,104.29,107.3507,103.8,107.12,3567350.0
1674518400,105.76,108.89,105.76,106.51,3621418.0
1674604800,104.94,116.68,103.1149,116.09,10490270.0
1674691200,116.5,117.83,114.53,116.07,4884024.0
1674777600,117.32,119.44,116.46,117.58,3612448.0
1675036800,116.44,117.45,115.0,115.0,4310800.0
1675123200,116.07,119.02,114.8,119.0,4298581.0
1675209600,113.0,117.7,111.93,116.33,6732358.0
1675296000,118.2,123.09,117.51,121.82,5893538.0
1675382400,118.79,123.04,117.75,121.44,3205720.0
1675641600,119.62,120.06,117.38,117.64,2541933.0
1675728000,117.55,120.94,117.35,120.1,2953622.0
1675814400,118.52,119.325,117.19,117.22,2322250.0
1675900800,117.7,118.56,114.93,115.6,2180322.0
1675987200,115.0,115.81,114.15,115.39,1666613.0
1676246400,114.97,117.54,114.47,117.37,2157400.0
1676332800,116.44,117.4,114.2325,115.35,2831086.0
1676419200,113.76,115.89,112.96,114.63,2097163.0
1676505600,112.9,113.72,111.51,111.55,2284435.0
1676592000,110.89,111.46,109.22,111.17,2651615.0
1676937600,110.34,110.34,107.81,108.15,3325311.0
1677024000,108.57,109.48,107.8,108.59,2120176.0
1677110400,109.58,110.9,107.29,109.51,2031039.0
1677196800,107.56,109.75,107.27,109.64,1932037.0
1677456000,111.0,111.59,108.82,109.03,1792413.0
1677542400,109.44,110.59,109.01,109.08,2777526.0
1677628800,109.49,109.82,108.09,108.58,1976205.0
1677715200,106.68,108.535,105.84,108.19,2178733.0
1677801600,109.15,110.37,108.225,109.78,1725484.0
1678060800,109.63,110.26,108.09,108.5,1758656.0
1678147200,107.89,108.44,105.16,105.51,2823060.0
1678233600,106.05,106.779,104.22,104.94,2338535.0
1678320000,104.68,105.08,100.61,100.94,2790606.0
1678406400,99.62,101.43,96.45,98.19,5669085.0
1678665600,94.68,96.08,90.62,93.32,7336440.0
1678752000,96.92,99.2,94.12,96.07,5396238.0
1678838400,91.54,93.04,89.56,92.93,6946198.0
1678924800,90.89,94.61,89.44,93.56,3983691.0
1679011200,92.61,92.645,89.43,89.71,6716513.0
1679270400,90.96,93.6,89.65,90.24,4952733.0
1679356800,93.9,95.835,93.3554,94.56,4360698.0
1679443200,94.8,95.4,90.96,91.01,2689854.0
1679529600,91.34,92.83,88.295,89.91,4584146.0
1679616000,88.1,90.65,86.8395,90.45,3069230.0
1679875200,93.28,93.7831,90.63,91.75,2466911.0
1679961600,90.71,92.39,90.69,91.12,1941800.0
1680048000,92.96,94.24,92.26,94.12,2629821.0
1680134400,95.52,96.3199,93.95,94.18,3410907.0
1680220800,94.94,96.36,94.02,96.16,2534044.0
1680480000,96.05,97.3799,95.25,96.32,2060463.0
1680566400,97.45,97.94,95.05,96.63,2927152.0
1680652800,95.6,95.6,92.94,94.84,2853837.0
1680739200,94.9,95.68,94.37,94.93,2045893.0
1681084800,93.4,95.44,92.45,95.22,2422007.0
1681171200,96.13,99.15,95.56,98.43,2899840.0
1681257600,99.29,99.49,95.3,95.69,3419221.0
1681344000,95.56,96.53,94.53,95.88,2438938.0
1681430400,97.78,98.495,95.925,96.58,2752929.0
1681689600,95.51,97.86,93.9975,97.83,2505449.0
1681776000,98.0,98.035,96.2,97.55,2549454.0
1681862400,98.1,99.675,96.95,99.3,2191248.0
1681948800,97.7,97.7,96.25,97.27,2247199.0
1682035200,96.87,97.17,95.19,96.59,2540788.0
1682294400,96.49,96.725,95.82,96.34,1404341.0
1682380800,94.88,95.82,94.565,94.95,2635168.0
1682467200,95.2,95.98,93.55,94.42,2271439.0
1682553600,95.05,97.0,94.06,95.99,5042900.0
1682640000,93.0,98.2,92.0,97.3,5343381.0
1682899200,97.29,97.478,92.85,93.17,3047517.0
1682985600,91.7,92.69,88.295,89.55,6385646.0
1683072000,89.89,90.5,87.57,88.03,4820463.0
1683158400,86.71,87.205,83.93,85.63,5271262.0
1683244800,87.45,89.39,87.05,88.01,2692362.0
1683504000,88.81,89.65,88.32,89.07,3118089.0
1683590400,87.99,89.39,87.375,89.01,2002975.0
1683676800,90.45,90.93,86.0764,87.04,2156307.0
1683763200,86.11,87.53,85.225,87.42,3009885.0
1683849600,87.37,87.51,85.515,86.34,2640973.0
1684108800,86.98,89.25,86.55,89.12,2541612.0
1684195200,94.0,94.45,90.87,90.95,8302983.0
1684281600,92.01,94.84,91.11,94.69,4784051.0
1684368000,94.69,99.575,94.21,99.23,5913866.0
1684454400,99.51,99.99,96.525,97.93,5464732.0
1684713600,98.44,100.075,98.29,99.45,2843482.0
1684800000,99.5,103.87,99.41,102.17,4960362.0
1684886400,101.31,102.04,98.78,99.49,2577182.0
1684972800,99.49,100.6,98.72,99.92,2796823.0
1685059200,100.48,103.1,100.02,102.85,3093056.0
1685404800,103.21,105.05,102.595,104.71,3313332.0
1685491200,103.6,104.75,101.64,104.21,5192376.0
1685577600,105.03,106.91,103.69,106.24,3424499.0
1685664000,108.34,111.375,107.885,110.49,4997566.0
1685923200,110.96,110.1,108.99,109.0,2035916.0
1686009600,109.11,112.45,109.0,112.02,3404591.0
1686096000,112.63,114.105,112.26,113.54,2415795.0
1686182400,113.0,113.45,110.75,111.63,2985247.0
1686268800,112.24,112.375,110.6474,111.49,2141603.0
1686528000,111.12,112.58,110.75,111.83,2105335.0
1686614400,111.89,114.12,111.33,113.65,2682794.0
1686700800,114.0,114.905,111.68,112.33,2376521.0
1686787200,111.11,112.09,108.56,111.65,2928757.0
1686873600,112.02,112.235,109.5676,110.07,4280950.0
1687219200,109.23,109.76,108.34,109.12,2230452.0
1687305600,108.69,109.41,107.95,108.28,1741568.0
1687392000,107.93,107.93,106.085,106.91,1562992.0
1687478400,105.5,107.39,105.15,106.6,2271590.0
1687737600,106.94,109.16,106.18,106.22,1805617.0
1687824000,106.2,109.245,106.1,108.7,1659601.0
1687910400,108.47,109.29,106.88,109.26,2561488.0
1687996800,109.05,109.67,107.98,109.26,2722691.0
1688083200,110.42,110.94,108.73,109.37,2212868.0
1688342400,109.47,111.49,109.2,111.05,826630.0
1688515200,109.5,110.59,108.68,109.12,2574338.0
1688601600,107.5,107.58,105.55,107.26,2072578.0
1688688000,107.16,109.27,106.82,108.04,1449651.0
1688947200,107.9,110.31,107.81,109.45,3185454.0
1689033600,110.5,112.54,109.715,112.2,2940071.0
1689120000,114.2,114.9226,112.25,112.74,1825214.0
1689206400,112.96,114.48,112.61,114.18,1554637.0
1689292800,114.57,114.8589,111.15,111.55,1784373.0
1689552000,111.08,113.83,111.01,113.43,1654070.0
1689638400,113.91,116.58,113.75,116.07,3081826.0
1689724800,116.56,118.955,116.06,117.96,3486544.0
1689811200,114.99,116.77,113.66,114.99,5867267.0
1689897600,116.44,118.69,113.525,115.57,5496505.0
1690156800,115.53,117.49,115.1,117.22,3173574.0
1690243200,117.34,117.53,114.32,114.51,2586155.0
1690329600,115.06,116.61,113.8,114.04,2665991.0
1690416000,115.12,116.63,113.53,114.02,2582199.0
1690502400,116.13,116.3,114.36,114.85,2062716.0
1690761600,115.17,117.05,115.09,117.02,3082308.0
1690848000,116.25,116.92,115.27,116.48,2889658.0
1690934400,114.74,114.74,111.66,113.25,2300594.0
1691020800,112.81,113.38,111.62,112.92,1955529.0
1691107200,112.58,114.605,112.1,113.38,2250728.0
1691366400,114.1,115.29,113.91,115.27,2420353.0
1691452800,112.33,114.8,111.13,114.59,2028258.0
1691539200,114.08,114.5,111.76,111.81,1919703.0
1691625600,112.64,113.16,110.05,110.54,1961314.0
1691712000,110.0,110.905,109.0,110.38,1606356.0
1691971200,109.48,109.615,107.76,109.16,2137700.0
1692057600,107.44,107.44,105.63,106.91,2625433.0
1692144000,106.48,106.9,104.57,104.92,1695958.0
1692230400,105.4,106.26,104.47,105.07,1822207.0
1692316800,103.81,105.5041,103.81,105.04,1517351.0
1692576000,105.27,105.3,103.2,104.39,1533376.0
1692662400,104.53,104.565,100.08,100.3,3079246.0
1692748800,100.25,101.66,99.75,101.62,1832691.0
1692835200,101.83,103.2,100.82,101.48,1548368.0
1692921600,101.49,102.08,99.88,100.85,1264218.0
1693180800,101.79,102.6665,100.955,101.59,1446002.0
1693267200,101.36,104.38,101.24,103.52,2089242.0
1693353600,103.6,104.0,102.22,102.56,1647032.0
1693440000,103.1,103.43,102.035,102.39,1875547.0
1693526400,103.16,104.49,103.16,103.5,1556842.0
1693872000,103.07,103.775,101.51,101.74,1976194.0
1693958400,101.07,101.69,99.5389,101.46,2229564.0
1694044800,100.63,100.9,99.66,99.92,2138069.0
1694131200,99.88,100.05,98.73,99.92,2431946.0
1694390400,100.88,101.74,99.85,100.03,1820115.0
1694476800,99.73,101.81,99.03,101.05,2670721.0
1694563200,101.74,101.97,99.36,100.34,1802997.0
1694649600,101.4,102.6551,101.4,102.26,1848416.0
1694736000,101.92,104.61,101.23,104.46,4096965.0
1694995200,103.89,103.97,102.11,102.58,1479168.0
1695081600,102.58,102.97,101.64,101.69,1388883.0
1695168000,102.49,103.29,100.3,100.56,1441795.0
1695254400,100.15,100.51,98.89,98.93,1667812.0
1695340800,98.85,99.08,97.61,98.27,2089364.0
1695600000,97.65,98.7,97.02,97.88,1599203.0
1695686400,97.0,98.59,96.1725,97.1,2132187.0
1695772800,97.51,97.55,94.72,95.49,2417839.0
1695859200,95.45,97.09,95.07,97.01,1840693.0
1695945600,97.69,98.65,96.59,97.05,1859307.0
1696204800,96.87,97.5,94.65,95.12,2997762.0
1696291200,94.07,94.52,92.53,93.05,2191842.0
1696377600,93.28,93.59,91.79,92.61,2518499.0
1696464000,91.85,92.52,90.88,92.11,2275872.0
1696550400,91.35,94.455,91.02,93.54,2314899.0
1696809600,92.59,94.88,92.3725,94.33,2244014.0
1696896000,95.23,98.285,95.23,96.98,2468039.0
1696982400,97.0,98.59,95.85,97.12,1486810.0
1697068800,97.71,97.88,95.44,96.91,1846989.0
1697155200,97.7,98.23,94.57,95.2,2246106.0
1697414400,96.41,97.51,95.54,97.15,1645676.0
1697500800,95.91,99.26,95.91,98.04,2113797.0
1697587200,97.04,97.57,95.585,95.93,1575139.0
1697673600,94.51,95.18,92.31,92.7,3480087.0
1697760000,92.4,92.86,89.74,90.23,2483692.0
1698019200,90.06,91.77,89.5,90.38,1834458.0
1698105600,90.71,91.32,88.83,89.2,2597577.0
1698192000,88.6,90.13,88.23,88.97,2369600.0
1698278400,89.41,91.09,89.08,89.51,3549698.0
1698364800,96.49,99.77,96.155,97.74,6534076.0
1698624000,98.62,101.26,98.42,100.54,3923639.0
1698710400,100.88,101.83,99.82,101.29,2619288.0
1698796800,101.65,101.72,99.37,100.27,2186007.0
1698883200,102.0,104.93,101.38,104.65,3287129.0
1698969600,105.87,108.13,105.865,106.32,3376702.0
1699228800,106.1,106.92,104.64,105.45,2340742.0
1699315200,104.84,105.74,104.44,105.01,2009736.0
1699401600,105.0,105.85,104.32,105.08,2054027.0
1699488000,105.76,106.02,103.99,104.49,1801963.0
1699574400,104.0,104.628,102.63,104.58,2504101.0
1699833600,104.04,106.06,103.79,104.37,3010121.0
1699920000,106.93,108.13,106.755,107.01,3213717.0
1700006400,107.28,107.54,105.51,106.0,3303823.0
1700092800,106.45,106.57,104.21,105.01,2825121.0
1700179200,105.86,107.68,105.025,107.68,2309668.0
1700438400,107.55,107.66,106.43,107.15,2255839.0
1700524800,106.81,107.25,105.595,105.78,1545347.0
1700611200,106.4,107.065,105.3865,106.77,1342790.0
1700784000,107.08,107.36,106.23,106.57,524055.0
1701043200,105.7,106.61,105.425,106.18,1556795.0
1701129600,106.37,109.05,106.14,108.58,1874580.0
1701216000,109.18,111.56,109.18,110.13,2087529.0
1701302400,110.8,111.97,110.18,111.66,2439315.0
1701388800,111.34,115.14,111.34,113.93,3422261.0
1701648000,112.99,116.02,112.64,114.94,3594024.0
1701734400,114.44,116.31,113.6702,115.32,3572618.0
1701820800,117.27,118.09,113.49,113.77,2480056.0
1701907200,114.06,115.93,113.424,115.38,3674996.0
1701993600,115.5,118.55,114.89,118.09,3024938.0
1702252800,117.73,119.67,117.125,118.81,3138230.0
1702339200,118.52,121.058,118.52,120.29,3666368.0
1702425600,121.0,125.21,120.07,125.09,3871410.0
1702512000,126.77,130.145,126.68,129.2,6375731.0
1702598400,128.37,129.95,127.5,129.68,5016580.0
1702857600,130.08,130.87,129.595,129.98,2630737.0
1702944000,129.57,132.06,129.22,131.52,2663239.0
1703030400,131.68,132.1399,127.73,127.73,2780409.0
1703116800,128.89,130.6275,128.63,129.64,3203327.0
1703203200,130.15,131.3636,129.19,129.74,1371487.0
1703548800,129.74,130.82,129.23,130.73,863998.0
1703635200,130.94,131.28,130.0,131.15,1007396.0
1703721600,131.13,132.27,130.8,132.02,1198198.0
1703808000,131.81,132.5,130.6451,131.12,1385028.0
1704153600,130.6,132.33,129.89,132.11,2176697.0
1704240000,130.81,131.64,129.015,130.72,2505221.0
1704326400,130.24,131.33,129.27,129.77,2605756.0
1704412800,129.44,134.26,129.01,132.42,3511572.0
1704672000,131.45,133.81,130.79,133.71,2624734.0
1704758400,131.99,133.47,131.25,132.93,2600108.0
1704844800,131.28,131.535,127.41,128.94,3669344.0
1704931200,128.92,128.92,126.74,128.34,2008214.0
1705017600,128.62,129.34,126.73,127.7,2288610.0
1705363200,126.9,128.03,126.07,127.52,2762676.0
1705449600,125.54,127.57,125.13,126.08,2384459.0
1705536000,124.92,125.51,123.23,124.92,2919922.0
1705622400,125.85,128.49,124.74,127.98,2981479.0
1705881600,128.85,131.5,128.56,129.68,3726247.0
1705968000,130.18,130.3,129.09,129.76,2163842.0
1706054400,130.59,132.3,130.0501,131.09,2583267.0
1706140800,132.34,134.0,131.81,132.55,4207439.0
1706227200,132.55,139.475,132.55,138.72,5350445.0
1706486400,139.64,140.86,136.95,138.48,2656538.0
1706572800,138.37,139.19,137.97,138.61,1777803.0
1706659200,137.11,138.63,135.0,135.32,2192269.0
1706745600,135.36,136.59,132.15,134.56,2016887.0
1706832000,134.04,137.25,133.025,136.48,2128070.0
1707091200,135.02,135.7207,133.9,135.24,1810203.0
1707177600,134.78,135.45,133.03,134.35,1567531.0
1707264000,134.85,135.13,132.31,133.97,1445814.0
1707350400,133.89,135.53,132.5,135.38,1567653.0
1707436800,135.11,135.5,133.35,135.17,1353522.0
1707696000,135.6,138.03,134.8196,137.48,1522380.0
1707782400,135.14,135.14,132.39,133.53,2133402.0
1707868800,134.95,135.21,133.27,135.11,1271923.0
1707955200,135.77,137.21,135.375,136.36,1527017.0
1708041600,136.01,138.01,135.13,137.23,1631602.0
1708387200,130.83,138.95,129.685,137.39,16526510.0
1708473600,136.06,136.75,134.07,135.01,6491433.0
1708560000,134.75,136.28,134.32,134.56,4344335.0
1708646400,135.39,136.543,134.35,135.52,3092451.0
1708905600,134.97,136.99,134.39,134.49,2172587.0
1708992000,135.31,137.075,134.21,136.82,3131005.0
1709078400,136.33,138.31,136.25,137.62,2947350.0
1709164800,138.42,138.42,136.16,137.61,3643465.0
1709251200,137.72,137.91,135.94,136.77,2251783.0
1709510400,136.34,137.31,135.8,135.99,2589693.0
1709596800,134.6,139.95,134.6,137.56,3313749.0
1709683200,137.69,138.1,135.08,135.74,2182399.0
1709769600,136.5,138.18,136.35,137.65,1593999.0
1709856000,138.0,138.92,136.76,137.23,1960039.0
1710115200,136.97,138.59,135.96,138.46,2001056.0
1710201600,139.0,140.4688,138.155,140.27,2262854.0
1710288000,140.47,141.17,139.775,140.61,1974837.0
1710374400,140.29,141.14,138.2,139.43,2248478.0
1710460800,137.1,139.9148,135.34,135.55,4262173.0
1710720000,136.0,136.84,135.13,136.27,2799311.0
1710806400,136.57,137.91,136.2529,136.85,2282101.0
1710892800,136.46,141.8,135.89,141.77,2341034.0
1710979200,142.67,143.99,142.03,143.18,2401551.0
1711065600,143.3,143.665,141.08,141.16,1847733.0
1711324800,140.15,141.955,140.0,140.55,2376265.0
1711411200,140.92,141.9299,140.66,140.83,1729923.0
1711497600,141.82,144.57,141.465,144.51,2593270.0
1711584000,145.6,149.275,145.0,148.89,4039497.0
1711929600,148.85,148.89,144.99,145.3,1638915.0
1712016000,144.5,144.92,143.12,144.41,1924683.0
1712102400,144.1,144.71,142.42,143.27,1949709.0
1712188800,146.76,147.21,142.05,142.13,2419106.0
1712275200,142.11,143.685,141.675,143.52,1567339.0
1712534400,143.78,145.24,143.525,143.92,1717325.0
1712620800,144.12,144.5,142.495,143.52,1354775.0
1712707200,141.16,141.57,138.15,139.94,3041265.0
1712793600,140.12,141.37,137.6035,140.34,2153334.0
1712880000,138.18,139.66,137.86,139.62,2530555.0
1713139200,141.8,142.425,138.15,139.18,2862696.0
1713225600,138.3,138.605,136.25,136.41,2206372.0
1713312000,137.75,138.57,136.52,136.77,1762320.0
1713398400,137.99,143.66,137.99,141.63,3001370.0
1713484800,142.26,145.19,142.26,142.91,2530894.0
1713744000,144.1,147.28,143.0901,147.25,2875531.0
1713830400,147.08,149.9359,146.88,147.9,2503162.0
1713916800,147.14,149.6,146.76,148.87,3961836.0
1714003200,148.34,149.0,144.93,145.97,3757765.0
1714089600,145.16,148.98,144.7,146.21,4328677.0
1714348800,146.83,147.27,144.79,145.5,2169353.0
1714435200,144.37,145.025,143.34,143.43,2038180.0
1714521600,143.0,143.82,141.15,141.64,1948347.0
1714608000,143.19,143.44,141.46,141.81,2105951.0
1714694400,143.18,143.43,142.03,142.41,1638256.0
1714953600,143.43,144.6,142.83,143.33,1493572.0
1715040000,144.19,144.62,141.61,142.56,1927112.0
1715126400,142.09,143.22,141.52,142.83,1269020.0
1715212800,142.66,143.46,141.94,142.49,1583136.0
1715299200,142.25,143.15,142.02,142.56,1322491.0
1715558400,143.88,144.24,141.91,142.2,1058405.0
1715644800,143.04,143.75,142.14,143.08,1680234.0
1715731200,144.04,145.38,143.5379,144.35,2064829.0
1715817600,144.4,144.97,140.41,141.05,3111300.0
1715904000,142.15,142.23,140.85,141.81,1380022.0
1716163200,141.81,142.025,140.1,140.62,1340760.0
1716249600,140.27,141.02,139.95,140.42,1948158.0
1716336000,139.97,141.59,139.23,139.43,1715520.0
1716422400,139.64,139.64,136.21,137.49,2788713.0
1716508800,138.05,139.24,137.435,137.62,1571698.0
1716854400,137.74,138.11,136.23,136.62,1659865.0
1716940800,134.82,136.19,133.7,135.65,1616188.0
1717027200,136.24,136.87,135.12,136.18,1707047.0
1717113600,136.51,137.76,136.22,137.63,4432570.0
1717372800,137.43,138.0,134.89,137.12,2002780.0
1717459200,135.47,136.55,133.71,134.48,1942771.0
1717545600,134.82,135.68,133.54,135.48,2226520.0
1717632000,136.57,138.62,135.865,136.37,2383919.0
1717718400,135.69,141.0,135.29,139.8,2835943.0
1717977600,138.81,141.18,138.32,140.9,2544384.0
1718064000,140.16,140.4,134.55,135.14,2436130.0
1718150400,137.28,138.9927,136.17,137.1,2240488.0
1718236800,136.31,136.68,134.29,135.09,1895977.0
1718323200,134.03,135.25,133.3006,133.7,2612963.0
1718582400,133.79,137.355,133.5,137.1,2054456.0
1718668800,137.01,138.21,136.77,137.34,1399643.0
1718841600,137.82,138.15,135.84,138.13,1811775.0
1718928000,137.0,137.77,135.21,136.77,3152706.0
1719187200,137.04,139.11,135.63,137.68,1749027.0
1719273600,137.15,137.65,134.76,134.86,1744110.0
1719360000,133.71,136.94,133.08,136.77,2834194.0
1719446400,136.03,136.24,132.9236,134.03,3535201.0
1719532800,135.39,138.79,134.662,138.45,4959929.0
1719792000,138.8,141.8,138.45,139.7,3081255.0
1719878400,139.64,140.52,138.725,140.48,2019978.0
1719964800,140.27,140.67,138.0,138.42,1805381.0
1720137600,138.38,138.735,135.88,136.0,2622569.0
1720396800,137.22,138.06,135.5,135.81,2298779.0
1720483200,135.81,138.93,135.36,136.99,2575901.0
1720569600,136.19,137.0,135.41,136.61,1665959.0
1720656000,137.05,139.07,136.56,138.99,1803761.0
1720742400,139.12,139.47,137.498,138.41,1680176.0
1721001600,140.82,144.64,140.21,144.61,3018249.0
1721088000,144.64,149.59,144.19,149.56,3796875.0
1721174400,148.87,151.34,147.44,149.47,2931451.0
1721260800,151.77,153.35,147.69,148.72,3936943.0
1721347200,148.92,149.12,146.3,147.27,2564721.0
1721606400,146.21,147.32,144.5,145.11,3257199.0
1721692800,145.26,147.46,144.84,145.5,3686332.0
1721779200,143.67,148.93,140.5,146.41,4567844.0
1721865600,146.17,150.05,145.49,148.09,2666048.0
1721952000,149.28,150.1,148.41,149.36,1795053.0
1722211200,149.52,149.86,147.38,149.06,1779258.0
1722297600,150.74,152.65,149.32,152.25,2387511.0
1722384000,151.96,152.87,150.97,151.4,2026828.0
1722470400,151.73,152.64,142.34,143.89,3245991.0
1722556800,141.49,141.49,135.8,136.12,3542499.0
1722816000,131.94,133.31,128.225,131.42,3561145.0
1722902400,131.37,134.815,130.78,133.69,3070144.0
1722988800,135.7,137.23,132.1,132.29,2101003.0
1723075200,133.59,135.19,133.21,134.37,1742423.0
1723161600,134.6,135.055,133.28,134.81,1325962.0
1723420800,134.26,135.165,131.88,132.12,1797091.0
1723507200,133.0,134.27,131.78,134.0,1673910.0
1723593600,134.7,136.4,134.04,135.95,1699454.0
1723680000,138.34,141.17,136.07,137.11,2374490.0
1723766400,137.06,139.81,136.58,139.56,1883617.0
1724025600,139.74,143.0,139.74,142.93,1339727.0
1724112000,142.5,142.62,140.92,141.51,1326179.0
1724198400,141.8,142.3,139.19,139.78,1386776.0
1724284800,139.56,140.63,139.06,139.48,2339331.0
1724371200,140.46,143.68,139.52,142.54,2885998.0
1724630400,143.44,144.005,141.63,142.52,1823844.0
1724716800,142.71,143.43,141.86,142.38,1055897.0
1724803200,142.07,144.53,142.07,144.15,1769667.0
1724889600,145.32,145.63,142.765,145.37,1230288.0
1724976000,145.68,147.22,144.85,146.93,1983621.0
1725321600,145.47,147.27,144.925,145.6,1530935.0
1725408000,146.32,147.17,142.845,143.77,1996419.0
1725494400,144.79,145.3699,140.915,142.09,2261433.0
1725580800,142.1,145.08,138.14,139.0,2381660.0
1725840000,140.42,143.53,139.945,142.6,1998573.0
1725926400,140.26,140.625,131.55,137.99,7077839.0
1726012800,136.75,136.8,132.61,136.46,2864181.0
1726099200,136.74,138.07,134.73,137.54,1945922.0
1726185600,138.5,140.65,137.64,138.97,1822889.0
1726444800,138.9,141.8,138.9,140.95,2612779.0
1726531200,140.93,146.6,140.93,145.08,2166068.0
1726617600,145.41,148.5,143.855,145.43,2165302.0
1726704000,148.5,153.07,148.11,153.05,3456657.0
1726790400,153.36,153.36,150.71,152.28,3417019.0
1727049600,153.0,154.18,151.165,151.25,1735089.0
1727136000,151.49,151.65,144.36,147.35,2389723.0
1727222400,148.27,148.27,145.665,146.33,1593046.0
1727308800,146.51,148.13,145.3,147.78,1492212.0
1727395200,148.77,150.27,147.57,149.09,1512463.0
1727654400,148.09,149.85,147.5,149.73,1262257.0
1727740800,149.65,149.745,145.37,146.8,1713835.0
1727827200,146.85,148.06,145.18,146.52,1881403.0
1727913600,145.31,145.74,143.3,145.2,1967224.0
1728000000,148.78,153.55,148.77,153.44,2550961.0
1728259200,152.3,153.44,150.66,152.0,2016675.0
1728345600,152.27,152.525,149.46,149.5,1904446.0
1728432000,149.91,151.88,149.21,151.8,2079432.0
1728518400,151.07,152.31,150.12,151.13,1440847.0
1728604800,152.0,156.34,152.0,155.68,2498943.0
1728864000,155.68,157.355,154.0392,156.61,2379698.0
1728950400,157.7,159.78,155.83,156.73,2164801.0
1729036800,159.1,159.29,157.42,158.07,1942312.0
1729123200,158.6,160.45,158.07,159.75,2771948.0
1729209600,159.7,159.76,155.36,159.03,2516982.0
1729468800,158.58,159.62,156.02,157.02,2265774.0
1729555200,157.1,157.38,155.37,156.02,2187055.0
1729641600,155.86,156.995,152.98,154.25,2742235.0
1729728000,155.2,155.42,152.22,153.26,3592613.0
1729814400,164.28,167.9329,161.11,161.27,6087492.0
1730073600,161.58,165.91,160.0901,165.37,4109049.0
1730160000,164.67,165.36,162.48,162.99,2596626.0
1730246400,163.92,167.885,163.055,166.77,2787802.0
1730332800,167.0,167.04,162.77,162.79,3426028.0
1730419200,162.35,165.18,162.02,163.9,3375221.0
1730678400,163.65,163.76,160.32,161.28,2234645.0
1730764800,162.37,166.44,161.915,166.05,2489647.0
1730851200,190.29,198.3,185.97,190.97,12157320.0
1730937600,188.08,189.249,184.55,184.82,4766615.0
1731024000,184.8,187.525,183.25,185.21,4247350.0
1731283200,188.85,191.99,186.37,190.21,5172179.0
1731369600,189.8,191.2639,186.47,186.79,3284777.0
1731456000,187.18,189.18,184.91,185.53,3347223.0
1731542400,184.52,185.58,181.63,183.0,3005953.0
1731628800,183.34,185.97,183.08,185.14,4122382.0
1731888000,184.45,186.1,182.07,182.86,2513996.0
1731974400,179.67,182.0,179.08,181.0,2204645.0
1732060800,181.32,181.8,179.95,180.69,2310456.0
1732147200,181.72,184.102,180.76,182.64,3628190.0
1732233600,183.08,187.57,182.82,187.06,2051578.0
1732492800,188.59,193.58,188.03,191.89,4899393.0
1732579200,191.15,192.215,189.3,191.45,2327471.0
1732665600,192.3,193.56,190.23,191.29,1561079.0
1732838400,193.05,194.3,191.87,192.01,1132310.0
1733097600,192.67,193.0,187.32,187.52,2504535.0
1733184000,189.41,189.47,186.58,187.06,2355137.0
1733270400,186.75,187.36,185.0,185.5,1783797.0
1733356800,185.5,186.56,184.365,185.57,1682558.0
1733443200,186.36,188.22,186.0,187.96,2696798.0
1733702400,186.8,188.73,184.6,184.72,3212696.0
1733788800,185.04,185.3757,182.85,183.93,2976823.0
1733875200,184.75,186.75,182.876,186.05,2802987.0
1733961600,185.7,186.65,184.17,184.75,2185207.0
1734048000,185.88,186.065,183.67,184.53,2053171.0
1734307200,184.63,185.31,182.97,185.11,2105408.0
1734393600,183.04,184.3,181.07,181.18,2995335.0
1734480000,181.64,182.685,173.96,174.44,3191887.0
1734566400,178.93,180.24,174.29,175.66,4034803.0
1734652800,175.08,180.863,174.27,178.65,5164475.0
1734912000,177.4,180.35,177.17,179.97,2095275.0
1734998400,179.83,182.24,179.65,182.12,931274.0
1735171200,180.76,182.735,180.01,182.36,1255727.0
1735257600,181.09,182.85,179.48,180.22,1209146.0
1735516800,178.15,179.3,175.83,177.93,1726484.0
1735603200,178.49,179.62,177.55,178.32,1175012.0
1735776000,180.0,182.19,177.09,178.71,1792943.0
1735862400,180.0,180.52,177.22,180.43,1886746.0
1736121600,184.98,185.7,181.81,183.52,2277942.0
1736208000,184.98,185.39,180.62,181.89,2508305.0
1736294400,180.45,181.39,178.87,180.14,2355404.0
1736467200,179.09,179.25,174.66,175.29,4405273.0
1736726400,175.48,180.51,174.75,180.33,4205409.0
1736812800,182.45,185.05,181.1,184.72,3534601.0
1736899200,191.17,192.085,188.33,190.68,4534081.0
1736985600,189.99,192.18,187.5,188.44,2802246.0
1737072000,189.0,193.17,187.92,190.97,3723993.0
1737417600,191.0,194.14,191.0,193.21,4203668.0
1737504000,196.74,202.15,195.343,200.93,7313816.0
1737590400,202.3,207.24,200.89,204.03,5093951.0
1737676800,202.64,205.43,202.3195,203.53,4654180.0
1737936000,203.02,204.56,200.21,202.51,2859795.0
1738022400,201.39,204.79,200.62,203.12,3495435.0
1738108800,202.54,206.29,202.54,203.91,2906594.0
1738195200,206.05,208.63,203.03,204.62,2840182.0
1738281600,203.08,206.62,203.08,203.71,2752181.0
1738540800,199.74,202.3,197.115,200.91,3050102.0
1738627200,202.45,203.46,199.49,200.12,3090109.0
1738713600,201.82,204.0,198.9,203.78,2371958.0
1738800000,205.6,207.0,203.5,206.64,3633940.0
1738886400,206.94,207.415,202.805,203.21,1772372.0
1739145600,203.42,203.6,197.985,198.79,2595887.0
1739232000,197.37,200.52,197.35,199.28,2049300.0
1739318400,199.12,199.13,193.65,196.54,4601188.0
1739404800,197.21,198.77,192.955,197.31,3213662.0
1739491200,197.8,203.229,197.565,202.16,2506460.0
1739836800,203.4,203.88,201.01,202.8,4548637.0
1739923200,204.0,210.1,203.0,209.82,4670438.0
1740009600,210.0,210.67,200.88,205.37,3975589.0
1740096000,205.57,206.36,199.11,200.2,3960691.0
1740355200,201.31,202.68,195.795,199.92,3057109.0
1740441600,199.96,200.645,190.895,193.91,4520338.0
1740528000,196.17,199.58,195.38,196.77,3543489.0
1740614400,198.57,201.48,196.259,196.98,2866948.0
1740700800,198.6,200.72,196.7,200.55,3699582.0
1740960000,200.3,202.245,193.2,196.18,3680250.0
1741046400,192.06,192.66,180.9301,184.9,6272230.0
1741132800,184.98,186.5,181.605,185.95,3509468.0
1741219200,179.79,182.12,175.56,176.13,5779877.0
1741305600,175.0,175.52,168.22,173.17,10064820.0
1741564800,167.99,168.04,160.71,163.87,6937835.0
1741651200,165.13,167.68,163.03,165.4,5541282.0
1741737600,169.5,172.27,167.38,170.45,4947935.0
1741824000,171.69,171.6968,164.27,166.12,3388408.0
1741910400,168.61,172.24,167.5,171.87,3898892.0
1742169600,170.0,172.5,159.91,165.26,13698520.0
1742256000,165.61,169.47,164.5775,168.78,4972331.0
1742342400,168.0,174.55,166.05,172.6,4132006.0
1742428800,170.44,175.95,170.305,174.47,2845345.0
1742515200,172.67,175.31,171.48,174.82,5075190.0
1742774400,178.33,181.75,176.5001,180.86,3801703.0
1742860800,183.94,184.0,180.3473,182.44,3463582.0
1742947200,183.4,184.84,178.915,179.83,3258360.0
1743033600,178.04,179.94,175.66,178.15,2463281.0
1743120000,177.26,179.34,171.5275,173.53,2617392.0
1743379200,171.51,180.23,171.25,179.3,6130683.0
1743465600,177.18,179.46,175.56,178.22,3248292.0
1743552000,175.0,184.31,173.3065,182.18,3578959.0
1743638400,166.0,176.45,158.52,164.04,13576310.0
1743724800,156.9,158.5,146.185,150.57,11073790.0
1743984000,144.94,159.695,143.22,154.67,8586518.0
1744070400,162.94,164.31,149.69,152.35,5796541.0
1744156800,149.37,177.66,147.3,174.91,10828450.0
1744243200,169.5,169.51,156.75,162.16,6294409.0
1744329600,161.42,161.71,155.8282,160.97,5339514.0
1744588800,166.16,166.16,159.76,162.52,3174685.0
1744675200,163.67,166.93,163.2252,163.54,2734366.0
1744761600,161.5,164.01,157.89,160.06,4003420.0
1744848000,161.32,164.78,158.42,162.77,2340528.0
1745193600,169.08,171.37,161.51,165.16,12120190.0
1745280000,167.93,171.4,167.0,170.2,6890747.0
1745366400,177.0,184.49,175.6,176.46,7665268.0
1745452800,177.0,186.05,176.01,185.05,6516728.0
1745539200,184.69,186.635,182.525,182.73,3464245.0
1745798400,183.25,185.66,181.64,183.13,3185857.0
1745884800,183.1,183.91,180.05,183.08,2603203.0
1745971200,180.2,180.81,174.72,180.26,4171372.0
1746057600,179.74,181.97,178.33,180.22,3232047.0
1746144000,184.05,189.34,182.8938,187.83,4696684.0
1746403200,185.47,189.47,185.14,187.9,3105110.0
1746489600,185.0,187.22,184.0,185.71,3461875.0
1746576000,186.93,189.11,185.52,186.55,4734015.0
1746662400,188.93,192.66,188.48,189.5,5081550.0
1746748800,189.84,189.84,186.48,187.76,3178419.0
1747008000,198.23,202.995,197.4,199.95,6841127.0
1747094400,199.76,204.48,199.25,201.04,4635187.0
1747180800,201.65,202.0,196.385,197.24,7114281.0
1747267200,195.52,197.82,193.4,197.5,8200774.0
1747353600,197.39,199.47,195.33,197.22,18227320.0
1747612800,195.79,200.0,194.5,197.41,6054384.0
1747699200,196.36,197.79,194.75,195.95,5240389.0
1747785600,195.0,195.0,186.79,186.93,5918907.0
1747872000,186.88,189.49,186.03,188.56,4771241.0
1747958400,183.57,186.4757,183.38,185.08,6580625.0
1748304000,186.68,192.44,186.55,192.05,7053859.0
1748390400,192.84,193.23,190.75,191.08,4359237.0
1748476800,193.275,193.535,189.53,190.76,4204176.0
1748563200,189.44,190.1,186.46,189.15,6183035.0
1748822400,188.6,191.76,186.51,191.46,3858331.0
1748908800,191.52,195.92,190.69,195.63,4623087.0
1748995200,196.14,197.0999,192.6,192.86,3022762.0
1749081600,193.18,194.2999,190.85,192.0,2559626.0
1749168000,194.94,198.7696,194.4931,198.14,3452257.0
1749427200,199.0,200.47,197.08,198.99,3622492.0
1749513600,199.28,201.37,197.66,201.0,4808043.0
1749600000,202.0,205.12,199.85,200.53,4464913.0
1749686400,198.5,199.69,196.61,197.68,2541772.0
1749772800,194.11,195.835,191.87,192.83,3413392.0
1750032000,195.01,199.22,193.89,197.62,3080719.0
1750118400,195.9,197.0,193.17,193.92,4038399.0
1750204800,193.33,198.41,193.33,197.17,3404160.0
1750377600,198.82,200.0,197.33,198.37,5359729.0
1750636800,198.14,201.98,196.22,201.64,3541751.0
1750723200,203.63,207.5,201.62,206.36,3549899.0
1750809600,206.92,208.35,205.645,208.03,3039822.0
1750896000,209.5,211.58,209.145,210.51,3585440.0
1750982400,210.27,212.8205,208.75,211.01,4410799.0
1751241600,212.6,215.62,211.68,212.76,6402248.0
1751328000,212.14,216.81,211.44,215.18,4923797.0
1751414400,215.43,219.255,214.57,218.81,3573108.0
1751500800,219.4,221.95,218.9,220.91,1856041.0
1751846400,220.0,220.98,216.58,218.13,2743058.0
1751932800,220.9,220.92,216.665,217.5,2989282.0
1752019200,218.875,220.37,217.81,218.03,3462035.0
1752105600,219.12,221.92,218.32,220.74,2874990.0
1752192000,218.86,220.675,218.06,219.79,2980991.0
1752451200,220.3,221.31,218.86,220.84,2145743.0
1752537600,220.09,220.515,215.23,215.34,3134819.0
1752624000,216.31,217.5,213.126,216.62,3273020.0
1752710400,215.84,218.86,215.75,218.0,3584544.0
1752796800,218.6,218.81,215.27,218.28,3107436.0
1753056000,218.28,219.78,215.85,215.88,2999759.0
1753142400,215.49,218.38,214.01,217.42,4398089.0
1753228800,227.86,232.4543,219.25,219.46,9069570.0
1753315200,220.64,221.15,211.33,211.33,7498603.0
1753401600,211.495,214.2,208.81,212.85,4726804.0
1753660800,213.05,216.09,212.25,214.18,6192048.0
1753747200,215.0,216.41,212.75,213.82,3436121.0
1753833600,213.91,216.88,213.32,215.23,3471410.0
1753920000,214.33,216.29,213.38,215.0,4299479.0
1754006400,211.57,211.71,203.63,207.47,4794871.0
1754265600,209.045,211.2,207.715,210.79,2174753.0
1754352000,211.99,212.9899,208.58,212.0,3683889.0
1754438400,212.31,213.32,211.44,212.88,3186499.0
1754524800,214.43,214.66,206.87,207.29,3456930.0
1754611200,209.16,210.4,206.27,208.23,3109222.0
1754870400,208.96,210.445,206.84,208.25,4378491.0
1754956800,210.28,217.14,209.54,216.73,3250593.0
1755043200,217.88,218.74,215.13,216.97,2951919.0
1755129600,216.02,221.27,215.03,221.08,3032932.0
1755216000,221.09,221.09,214.47,215.43,4464065.0
1755475200,214.57,216.25,213.57,216.2,2744464.0
1755561600,215.41,217.2,213.6,214.62,2432472.0
1755648000,213.11,214.9,209.4,214.71,2967013.0
1755734400,213.23,213.26,210.6214,212.01,3284886.0
1755820800,213.34,222.6,212.04,221.22,4137918.0
1756080000,221.0,221.95,220.43,221.1,1959277.0
1756166400,220.5,225.23,220.22,224.92,3672277.0
1756252800,224.83,226.72,224.45,224.55,2829250.0
1756339200,225.46,227.69,225.05,227.14,2822471.0
1756425600,227.22,228.16,225.16,227.22,2551752.0
1756771200,223.4,223.85,219.24,223.27,3471208.0
1756857600,223.25,223.97,218.59,221.33,3019114.0
1756944000,222.28,226.745,221.46,226.32,2626456.0
1757030400,226.25,227.48,220.13,221.53,3841376.0
1757289600,222.06,222.5,218.59,220.1,3820113.0
1757376000,219.76,222.76,218.16,222.48,3346715.0
1757462400,221.98,224.12,220.775,223.43,2667882.0
1757548800,221.63,226.28,220.64,224.35,2107285.0
1757635200,225.235,225.325,221.855,223.76,2154241.0
1757894400,225.07,230.5,224.82,226.53,2744837.0
1757980800,227.79,227.79,222.32,224.41,3255305.0
1758067200,224.86,229.205,223.495,225.61,2850595.0
1758153600,227.37,230.125,225.34,229.74,2296045.0
1758240000,229.97,229.97,226.48,228.32,4825503.0
1758499200,226.0,227.37,224.4801,225.41,2567072.0
1758585600,225.51,228.72,222.66,223.02,3131870.0
1758672000,224.01,225.64,223.08,224.34,2432010.0
1758758400,223.05,223.69,219.66,222.46,3083627.0
1758844800,223.53,225.43,222.085,224.05,2402707.0
1759104000,226.23,226.23,221.18,223.6,3195831.0
1759190400,223.31,224.11,208.72,212.58,9877055.0
1759276800,213.31,216.87,211.7,213.48,5092577.0
1759363200,211.99,214.76,210.295,213.78,3155590.0
1759449600,212.9,216.5,212.81,214.4,2499750.0
1759708800,215.49,217.21,211.485,213.85,2903852.0
1759795200,214.05,214.95,211.13,213.69,2227468.0
1759881600,214.1,215.76,211.53,211.92,2409825.0
1759968000,212.43,213.72,210.235,210.74,2756869.0
1760054400,211.48,212.4438,202.02,202.49,4641204.0
1760313600,205.25,207.795,204.3,207.61,3036499.0
1760400000,206.12,216.73,206.12,214.2,3998116.0
1760486400,216.55,218.0,213.26,215.1,2774972.0
1760572800,214.475,216.25,200.6,203.15,7841851.0
1760659200,204.375,212.1999,204.375,211.34,4621825.0
1760918400,212.53,215.72,212.03,214.87,3780020.0
1761004800,214.5,218.59,214.11,217.05,5354142.0
1761091200,227.01,228.42,220.08,220.38,7675589.0
1761177600,222.0,222.67,218.6,220.04,4353207.0
1761264000,224.03,227.62,222.845,225.01,3263621.0
1761523200,227.42,227.59,222.36,223.49,3402637.0
1761609600,223.19,223.77,219.81,220.99,2953306.0
1761696000,218.5,222.445,217.09,218.59,3482453.0
1761782400,218.23,222.98,217.98,218.38,2808431.0
1761868800,218.0,221.105,217.1905,219.99,2550613.0
1762128000,219.99,222.5,218.03,221.7,2584434.0
1762214400,219.255,222.0,217.5383,220.68,2444153.0
1762300800,220.28,223.4282,217.56,221.4,2539391.0
1762387200,221.42,222.858,215.9,216.88,4059381.0
1762473600,216.12,219.0599,213.3,217.82,3946139.0
1762732800,219.11,222.82,218.21,220.36,3135531.0
1762819200,220.13,222.185,218.25,220.75,1779150.0
1762905600,220.2,223.57,219.69,222.13,4014627.0
1762992000,220.61,223.32,215.52,216.8,4608708.0
1763078400,213.96,214.835,209.6301,211.15,5022008.0
1763337600,209.81,210.575,199.09,201.01,7102678.0
1763424000,199.79,204.5,199.435,200.04,6180369.0
1763510400,200.97,203.035,200.0,202.4,4297361.0
1763596800,206.38,209.95,201.16,202.22,5580033.0
1763683200,203.46,209.43,201.9,207.87,4624216.0
1763942400,209.03,210.5298,206.405,208.84,4195416.0
1764028800,208.98,215.68,208.13,214.45,2885344.0
1764115200,214.6,219.15,214.5,217.47,2431660.0
1764288000,218.73,220.795,217.55,219.07,1639809.0
1764547200,218.15,223.03,217.5617,220.37,3424534.0
1764633600,221.54,224.89,219.87,224.0,3967759.0
1764720000,223.93,228.41,222.975,227.24,4089947.0
1764806400,226.8,230.955,226.48,229.71,4294506.0
1764892800,228.56,233.01,228.56,230.68,3919657.0
1765152000,231.1,233.04,229.435,230.59,3723024.0
1765238400,230.59,234.965,228.63,230.81,4141663.0
1765324800,229.95,238.47,229.14,237.76,4146194.0
1765411200,237.475,243.31,237.0,239.29,4067291.0
1765497600,240.56,241.24,236.01,237.87,2964131.0
1765756800,239.38,241.0,238.045,239.81,4045987.0
1765843200,240.37,242.5,239.09,241.61,3941725.0
1765929600,242.63,244.8199,238.87,239.5,3440460.0
1766016000,241.08,244.785,241.08,242.8,3794728.0
1766102400,241.92,244.77,240.74,243.73,5908640.0
1766361600,245.0,247.245,243.02,246.77,1887473.0
1766448000,246.34,247.91,246.22,247.6,1849070.0
1766534400,248.0,249.65,247.465,248.27,901861.0
1766707200,247.67,249.73,247.67,249.32,1508653.0
1766966400,249.46,249.74,245.4,245.75,2274908.0
1767052800,246.04,246.085,243.76,243.97,1399162.0
1767139200,245.0,245.0,242.34,242.36,2090948.0
1767312000,244.35,247.99,242.5,247.93,3003568.0
1767571200,247.55,253.35,247.445,250.51,3348362.0
1767657600,250.965,259.635,250.0,257.94,5248534.0
1767744000,257.24,258.71,252.365,253.25,3877591.0
1767830400,253.0,257.46,252.0,255.68,3840392.0
1767916800,256.0,256.51,249.09,249.2,3834315.0
1768176000,229.945,236.18,228.7,233.2,15082560.0
1768262400,234.6,235.4,230.02,231.41,8818475.0
1768348800,230.31,234.53,224.2601,234.42,7754486.0
1768435200,235.2,239.82,235.2,236.97,5328744.0
1768521600,240.725,243.36,237.5902,239.14,6692746.0
1768867200,233.05,237.0,227.655,228.72,6987276.0
1768953600,229.68,233.63,229.01,231.01,6394264.0
1769040000,233.05,237.98,232.31,235.07,5522145.0
1769126400,223.79,227.06,216.82,217.3,14209780.0
1769385600,217.87,222.11,216.525,220.18,7280073.0
1769472000,220.01,220.25,214.5689,217.11,6186189.0
1769558400,217.03,223.48,217.03,218.41,5925749.0
1769644800,220.2,223.12,217.26,219.31,4856775.0
1769731200,217.95,221.1409,216.875,218.93,4483296.0
1769990400,218.25,225.14,217.35,223.68,5107816.0
1770076800,224.89,227.45,218.965,223.34,5614843.0
1770163200,223.68,227.72,222.995,225.46,5432894.0
1770249600,223.7,225.125,214.65,216.93,6661871.0
1770336000,220.54,224.59,220.0,222.79,3387559.0
1770595200,221.46,223.89,220.0201,222.76,3039643.0
1770681600,222.48,226.4999,218.22,219.93,4417676.0
1770768000,222.0,223.64,214.0,214.39,4873651.0
1770854400,217.0,217.78,204.55,206.89,6978557.0
1770940800,206.2,208.74,202.24,207.37,5245698.0
1771286400,207.5,211.22,205.33,206.74,3514120.0
1771372800,207.32,210.62,206.405,209.88,4394104.0
1771459200,207.93,208.68,203.32,205.06,5046045.0
1771545600,204.26,208.48,202.305,208.42,3732629.0
1771804800,206.45,207.75,189.94,190.0,8882887.0
1771891200,189.74,198.66,187.5,196.56,6712617.0
1771977600,199.1,206.23,198.642,205.79,6787034.0
1772064000,207.66,211.0,206.58,208.47,4758576.0
1772150400,200.35,200.52,193.61,195.64,9048727.0
1772409600,191.56,196.4,188.34,194.32,6651266.0
1772496000,188.9,195.81,188.3,193.73,6443619.0
1772582400,194.51,197.01,192.93,195.83,4651216.0
1772668800,195.49,197.185,191.96,194.27,3904986.0
1772755200,188.0,188.41,184.3,187.71,5685216.0
1773014400,183.11,186.25,178.73,185.73,8730255.0
1773100800,187.0,188.25,182.25,184.87,5493848.0
1773187200,185.49,186.75,180.65,182.02,5061186.0
1773273600,177.88,179.51,176.36,177.45,6339624.0
1773360000,178.76,179.92,177.28,179.79,5865130.0
1773619200,181.6,183.99,178.95,180.77,5196800.0
1773705600,183.12,185.74,182.59,183.42,4318184.0
1773792000,182.04,185.2,179.79,180.14,4140281.0
1773878400,179.36,181.595,177.5701,179.73,5043318.0
1773964800,179.24,181.55,177.53,181.46,10035940.0
1774224000,188.78,190.99,183.85,184.0,6335176.0
1774310400,182.02,186.53,181.5504,184.64,4677320.0
1774396800,187.74,189.78,183.8,185.23,3286107.0
1774483200,183.45,185.06,180.57,182.12,3276571.0
1774569600,179.7,180.25,174.98,176.1,5699483.0
1774828800,177.73,179.515,176.59,178.13,3646862.0
1774915200,181.9,183.85,178.93,182.43,4100841.0
1775001600,185.61,187.405,183.67,184.5,4468227.0
1775088000,181.0,185.14,177.72,181.92,3761469.0
1775433600,181.74,184.23,181.3301,184.21,2788874.0
1775520000,181.64,183.5,180.24,181.15,5979965.0
1775606400,191.4,194.15,190.38,192.46,6728491.0
1775692800,192.33,195.86,191.57,194.73,4635386.0
1775779200,194.12,194.705,191.52,193.0,2399269.0
1776038400,191.04,197.67,190.1102,197.55,3472083.0
1776124800,198.0,200.76,197.68,199.84,3485160.0
1776211200,201.46,204.41,200.38,202.98,3932085.0
1776297600,203.5,205.11,200.68,200.71,3116124.0
1776384000,204.62,210.84,204.62,206.47,5415575.0
1776643200,204.77,208.2799,204.15,205.71,3831010.0
1776729600,205.22,209.59,202.31,202.5,5319115.0
1776816000,202.5,205.77,198.12,199.43,6151365.0
1776902400,198.47,199.765,193.21,196.63,3687110.0
1776988800,194.82,195.435,190.98,191.39,4927892.0
1777248000,190.93,194.8,190.5,194.11,3580150.0
1777334400,195.5,196.0,191.6,192.1,2796696.0
1777420800,191.87,193.42,189.68,190.84,3310282.0
1777507200,189.88,192.31,188.26,191.3,4900363.0
1777593600,192.58,193.37,190.35,191.91,4624197.0
1777852800,191.3,192.845,188.85,189.92,3532043.0
1777939200,190.41,191.48,189.05,189.68,3864501.0
1778025600,192.23,196.0,192.23,193.4,4405202.0
1778112000,193.25,195.23,190.66,192.59,5605384.0
1778198400,192.94,193.15,189.15,189.48,4727376.0
1778457600,189.59,190.44,183.76,183.93,5771029.0
1778544000,183.93,185.8399,181.41,183.71,5540272.0
1778630400,183.9,183.9,181.3,181.54,4615720.0
1778716800,183.16,186.4,182.0001,185.79,3547733.0
1778803200,185.68,188.31,184.87,187.17,3601373.0
1779062400,186.27,188.8387,186.13,187.17,3848118.0
1779148800,185.38,186.21,181.49,182.03,5093814.0
1779235200,184.13,187.23,180.0,187.23,6295100.0
1779321600,185.72,186.68,182.54,186.66,3725556.0
1779408000,187.47,188.395,186.56,187.79,3291995.0
1779753600,188.17,190.67,185.6052,186.42,4162542.0
1779840000,188.46,192.03,187.59,188.8,4869607.0
1779926400,187.62,188.1406,184.08,187.02,5073824.0
1780012800,186.78,190.08,185.85,187.93,8540434.0
1780272000,185.59,186.47,182.02,184.56,4715643.0
1780358400,183.36,186.34,182.58,183.84,3868411.0
1780444800,183.69,184.42,177.05,177.62,4856411.0
1780531200,179.79,185.62,179.51,183.2,4026609.0
1780617600,183.93,184.515,179.3208,180.67,6083981.0
1780876800,180.75,182.4899,179.78,180.39,5028172.0
1780963200,181.66,186.41,180.285,183.35,5538275.0
1781049600,182.15,183.7,177.55,177.63,4496975.0
1781136000,178.37,182.355,174.24,182.04,6043749.0
1781222400,184.03,185.5,181.7,184.73,4172146.0
1781481600,188.85,197.44,188.84,194.62,7223059.0
1781568000,196.97,200.9,196.0,200.62,5582252.0
1781654400,201.68,207.3,199.771,200.87,6765685.0
1781740800,205.73,206.84,201.205,201.53,8115466.0
1782086400,201.69,203.34,199.07,200.7,4087483.0
1782172800,198.28,200.7,196.47,197.81,5449783.0
1782259200,197.65,203.32,197.21,200.48,4928638.0
1782345600,201.68,210.1,201.68,204.9,4477561.0
1782432000,205.1,207.08,202.55,204.0,5143838.0
1782691200,203.66,204.56,201.5,202.28,3172885.0
1782777600,203.26,204.79,199.84,200.62,3571431.0
1782864000,201.82,205.83,200.75,204.82,3358711.0
1782950400,207.5,209.06,203.0375,205.12,2566744.0
1783296000,206.59,208.09,204.0601,206.5,3842189.0
1783382400,208.0,208.73,202.41,202.89,3472033.0
1783468800,200.97,201.0,191.38,191.95,8078634.0
1783555200,193.03,201.01,193.03,200.1,4598361.0
1783641600,201.76,203.65,199.95,201.52,2380028.0
1783900800,203.85,205.28,201.78,203.02,3102319.0
1783987200,204.51,208.36,203.51,205.29,4173850.0
1784073600,206.625,209.86,205.56,208.89,4947158.0
1784160000,209.88,213.32,208.89,211.93,6415183.0
1784246400,207.5,210.4637,205.86,208.03,3845882.0
1784505600,208.0,209.65,206.23,206.77,4040862.0
1784592000,206.435,207.41,203.1152,206.22,3972237.0
1784678400,207.53,207.53,198.78,201.36,7923558.0
1784764800,199.96,200.3,195.89,199.96,5292101.0
1784851200,198.51,204.44,196.51,202.84,3469100.0
1785110400,205.85,208.48,204.97,207.05,4805890.0
1785196800,207.52,212.57,206.9429,212.41,5264160.0
1785283200,210.0,212.45,207.85,208.71,4130099.0
1785369600,208.55,210.53,205.14,210.14,4110594.0
1785456000,210.0,210.89,206.895,209.01,4020300.0
1785715200,211.84,218.96,210.0,217.68,4226433.0
1785801600,219.33,222.92,217.45,221.91,3839123.0
1785888000,216.42,223.615,216.42,221.63,3477948.0
1785974400,221.38,222.32,219.32,220.0,2589615.0
1786060800,218.49,219.635,216.5,217.76,2570024.0
1786320000,216.76,219.333,216.45,218.97,2606011.0
1786406400,219.01,221.24,218.46,219.15,1774518.0
1786492800,219.52,223.21,218.6,222.44,2240167.0
1786579200,224.19,225.5,221.19,223.83,2657241.0
1786665600,225.95,228.14,224.41,227.34,2972617.0
1786924800,225.52,226.8,221.34,221.45,3847097.0
1787011200,220.43,223.59,219.51,221.47,3082181.0
1787097600,222.47,224.61,220.11,220.73,2482064.0
1787184000,217.37,218.91,211.32,212.48,4119728.0
1787270400,214.62,219.17,214.62,217.91,3690843.0
1787529600,218.99,221.51,216.13,216.27,4386820.0
1787616000,217.89,218.145,214.94,216.24,2164627.0
1787702400,216.24,218.25,214.93,217.21,2081121.0
1787788800,215.97,218.69,214.56,216.67,2610037.0
1787875200,217.32,219.15,215.595,215.67,2538757.0
1788134400,214.25,215.44,213.03,214.51,3906355.0
1788220800,214.1,215.935,210.52,211.34,3123915.0
1788307200,211.73,220.56,211.73,216.6,4044520.0
1788393600,219.16,221.095,216.871,220.5,3224000.0
1788480000,219.0,220.77,218.01,219.6,1921389.0
1788825600,217.43,218.64,213.9,213.96,2985665.0
1788912000,212.72,214.31,210.86,210.86,2690440.0
1788998400,209.63,209.99,205.3022,207.11,3946467.0
1789084800,210.64,211.29,206.2996,208.3,2539527.0
1789344000,207.35,208.86,205.71,206.68,2804472.0
1789430400,206.07,208.82,203.0,206.85,4158132.0
1789516800,206.38,208.33,200.55,203.19,4214897.0
1789603200,206.25,206.55,201.92,202.04,3403035.0
1789689600,201.3,202.97,200.28,202.43,8071252.0
1789948800,204.96,205.62,202.3233,204.92,2937746.0
1790035200,206.76,206.995,199.56,200.55,2913886.0
1790121600,199.11,199.81,195.84,196.1,4938492.0
1790208000,196.2,196.99,193.71,196.61,3688180.0
