timestamp,open,high,low,close,volume
1474848000,70.5,71.2097,69.88,70.19,11719550.0
1474934400,69.97,70.65,69.81,70.05,8179026.0
1475020800,70.39,71.73,70.15,71.62,7455626.0
1475107200,71.6,72.1161,71.145,71.2,5278561.0
1475193600,71.3,71.79,71.25,71.33,5806102.0
1475452800,71.15,71.5,70.03,70.52,4678196.0
1475539200,70.59,72.95,70.22,72.63,11217590.0
1475625600,68.21,69.6,66.77,68.42,48121120.0
1475712000,71.05,72.0,70.51,71.26,18504510.0
1475798400,71.25,71.43,70.21,70.91,6699380.0
1476057600,73.58,75.73,73.58,75.1,22518070.0
1476144000,73.9,73.92,71.55,72.42,16415300.0
1476230400,72.26,72.665,71.84,72.23,6291919.0
1476316800,71.38,71.38,70.5,70.63,6685936.0
1476403200,70.98,76.16,69.62,74.27,24990920.0
1476662400,74.1,74.74,72.74,72.83,8764508.0
1476748800,74.0,74.17,72.6,72.77,5247458.0
1476835200,72.61,75.5,72.44,72.82,3668917.0
1476921600,72.97,72.97,72.25,72.59,5054444.0
1477008000,72.34,74.265,72.23,74.0,6780335.0
1477267200,74.43,75.34,74.28,75.06,6328622.0
1477353600,75.15,75.26,74.57,75.06,4446679.0
1477440000,74.65,76.16,74.33,74.95,5742661.0
1477526400,75.49,76.16,74.62,74.74,4017757.0
1477612800,74.99,75.5,74.82,75.13,4827750.0
1477872000,75.32,76.0,74.87,75.16,4113500.0
1477958400,75.99,77.09,75.24,75.45,7133904.0
1478044800,75.15,75.65,74.915,75.0,4074355.0
1478131200,75.04,75.4,73.73,74.14,3883054.0
1478217600,74.14,75.18,73.86,74.37,4280732.0
1478476800,75.64,77.0,75.41,76.3,5969760.0
1478563200,76.36,77.04,76.001,76.55,4024272.0
1478649600,75.23,76.55,74.91,75.9,6880373.0
1478736000,76.22,76.734,72.27,73.63,10200130.0
1478822400,73.8,75.07,73.8,74.59,8874236.0
1479081600,74.91,75.04,72.54,72.76,7234240.0
1479168000,74.49,74.73,73.31,74.02,6214207.0
1479254400,74.21,74.61,73.14,73.31,10625060.0
1479340800,73.71,75.41,73.32,75.19,12376550.0
1479427200,79.57,80.37,77.2627,77.77,19899470.0
1479686400,78.06,78.31,75.8,76.15,8537293.0
1479772800,75.74,76.66,75.1,75.57,7873184.0
1479859200,75.09,75.2,73.54,73.95,8514633.0
1480032000,73.96,74.17,73.5,73.73,2346501.0
1480291200,73.55,73.928,72.79,72.93,6436051.0
1480377600,72.76,73.32,72.41,72.93,7425641.0
1480464000,73.21,73.3,72.0,72.0,6260808.0
1480550400,72.14,72.225,68.21,68.46,10845710.0
1480636800,66.59,69.455,66.43,68.41,15960320.0
1480896000,69.09,71.47,69.025,70.8,10207630.0
1480982400,70.79,71.35,69.99,70.62,4233717.0
1481068800,70.73,72.0,70.27,71.78,4918865.0
1481155200,71.44,72.27,71.0,71.86,5422271.0
1481241600,72.0,72.22,70.61,71.17,5123742.0
1481500800,70.82,70.85,69.58,70.38,6100611.0
1481587200,70.44,72.13,70.35,71.61,5848388.0
1481673600,71.71,71.87,71.13,71.33,5061485.0
1481760000,71.2,71.95,70.15,70.23,4734482.0
1481846400,70.48,70.64,69.62,69.86,7223030.0
1482105600,70.0,70.07,69.13,69.51,4525445.0
1482192000,69.96,70.06,69.13,69.86,5256526.0
1482278400,69.96,70.35,69.31,70.11,3503935.0
1482364800,69.78,70.06,69.22,69.9,3432554.0
1482451200,69.69,70.01,69.31,69.87,2274233.0
1482796800,69.84,70.4258,69.64,69.85,2939533.0
1482883200,69.85,70.06,68.85,69.09,4287720.0
1482969600,68.85,69.8184,68.77,69.15,3228923.0
1483056000,69.36,69.38,68.23,68.46,4522585.0
1483401600,69.29,70.86,69.0,70.54,8112254.0
1483488000,71.08,73.065,70.76,72.8,9287120.0
1483574400,72.81,73.66,72.53,72.79,4686229.0
1483660800,72.89,74.13,72.55,73.8,4466085.0
1483920000,74.05,74.445,73.51,73.96,3923120.0
1484006400,74.12,74.3,73.44,73.98,3987856.0
1484092800,74.27,76.08,74.06,75.77,7571711.0
1484179200,75.17,75.75,74.0,75.21,4673603.0
1484265600,74.84,75.78,74.7,75.64,3689719.0
1484611200,75.3,75.3,74.37,75.02,3147552.0
1484697600,75.59,76.22,75.08,75.78,3964421.0
1484784000,75.72,76.17,75.34,75.57,3274256.0
1484870400,75.76,76.12,75.4325,76.03,4593549.0
1485129600,75.7,76.955,75.7,76.16,3770356.0
1485216000,76.32,77.46,75.95,77.11,3712936.0
1485302400,77.53,78.59,77.25,78.47,5669555.0
1485388800,79.0,79.085,77.28,77.95,4121142.0
1485475200,78.19,78.57,77.921,78.21,2219281.0
1485734400,77.8,78.78,77.1,78.71,4962982.0
1485820800,78.45,80.0,78.17,79.1,7835219.0
1485907200,78.91,79.3,77.45,78.58,6199459.0
1485993600,78.33,80.26,77.89,80.13,7676102.0
1486080000,80.39,80.71,79.81,80.21,4975137.0
1486339200,80.02,80.12,79.35,79.75,2662392.0
1486425600,80.28,80.53,79.54,80.21,3627156.0
1486512000,80.0,80.83,79.63,80.7,2567045.0
1486598400,80.5,81.98,80.49,81.03,5147675.0
1486684800,81.41,82.0,80.54,80.64,3061931.0
1486944000,81.18,81.3,80.461,80.91,4327685.0
1487030400,80.95,81.3,80.56,80.92,4809219.0
1487116800,81.23,82.83,80.89,81.67,5270104.0
1487203200,81.52,81.715,80.5,80.82,5234116.0
1487289600,80.57,81.47,80.25,81.47,3674128.0
1487635200,81.68,82.42,81.291,82.18,4324431.0
1487721600,82.0,82.39,81.71,82.08,2731108.0
1487808000,82.33,83.125,81.825,82.07,5593346.0
1487894400,81.41,81.82,80.97,81.78,4432937.0
1488153600,81.63,81.92,80.9,81.54,3285840.0
1488240000,81.5,81.83,80.6881,81.35,10403300.0
1488326400,82.87,84.4,82.11,83.81,14311600.0
1488412800,83.56,83.7,82.35,82.67,5884775.0
1488499200,82.0,82.59,81.65,82.22,6219339.0
1488758400,81.76,82.72,81.62,82.5,5297576.0
1488844800,83.36,84.39,82.81,82.97,5423827.0
1488931200,82.96,83.84,82.9364,83.48,3733791.0
1489017600,83.19,83.58,82.81,83.28,3645980.0
1489104000,83.56,83.95,83.24,83.51,3927139.0
1489363200,83.47,83.74,83.08,83.61,3463655.0
1489449600,83.42,83.62,82.73,83.51,2932543.0
1489536000,83.56,83.77,82.995,83.48,3071038.0
1489622400,83.95,84.0,83.27,83.52,3761571.0
1489708800,83.94,83.98,83.02,83.03,7827806.0
1489968000,83.03,83.63,82.81,82.9,3428644.0
1490054400,83.0,83.18,81.37,81.55,4205711.0
1490140800,81.69,81.97,81.14,81.88,3055231.0
1490227200,82.0,82.4,81.46,81.52,3046935.0
1490313600,81.88,82.25,81.29,81.61,3701671.0
1490572800,81.0,81.79,80.5,81.61,3397448.0
1490659200,81.44,82.35,81.3,82.14,3215853.0
1490745600,82.04,82.44,81.66,82.38,2873656.0
1490832000,82.25,82.59,82.015,82.56,3480229.0
1490918400,82.27,82.93,82.19,82.49,3172151.0
1491177600,82.61,82.98,81.55,82.31,4224315.0
1491264000,82.74,83.125,82.53,82.97,4441431.0
1491350400,83.19,86.42,83.01,85.34,13286300.0
1491436800,85.42,85.45,84.37,85.0,5010345.0
1491523200,84.7,84.85,83.82,84.38,4875876.0
1491782400,84.13,84.61,83.86,84.24,3401148.0
1491868800,84.07,84.27,83.3,83.86,2536141.0
1491955200,83.83,84.08,83.2,83.37,3098349.0
1492041600,83.2,84.06,83.13,83.13,2591797.0
1492387200,83.25,84.23,83.0,84.2,2960869.0
1492473600,84.0,84.4,83.53,83.71,2498608.0
1492560000,84.08,84.21,83.35,83.5,2840595.0
1492646400,83.95,84.36,83.46,84.05,4012735.0
1492732800,84.01,84.4,83.65,83.79,2945968.0
1492992000,84.51,84.65,83.75,84.17,3193843.0
1493078400,84.57,85.13,84.35,84.75,3012295.0
1493164800,84.75,85.12,84.39,84.95,2159833.0
1493251200,85.38,86.32,85.29,85.85,2941547.0
1493337600,85.78,86.22,85.28,86.12,2918897.0
1493596800,86.25,86.88,86.25,86.66,3287253.0
1493683200,86.79,87.2,86.11,87.09,3491547.0
1493769600,86.97,87.0562,86.19,86.55,2786668.0
1493856000,86.75,87.13,86.29,86.52,2140081.0
1493942400,86.44,86.98,86.22,86.97,2595773.0
1494201600,86.93,87.17,86.62,86.86,2150352.0
1494288000,87.03,87.62,86.9,87.13,2885314.0
1494374400,87.38,87.62,86.895,87.31,2920685.0
1494460800,87.38,87.9501,86.57,87.71,2698025.0
1494547200,87.97,89.28,87.57,89.04,5585476.0
1494806400,89.27,89.94,89.05,89.8,4041425.0
1494892800,90.01,90.28,89.41,89.75,6415213.0
1494979200,89.06,89.33,87.57,87.84,5616521.0
1495065600,87.88,88.4,87.17,87.75,10054510.0
1495152000,90.95,91.0,86.44,87.4,15731980.0
1495411200,87.54,89.049,86.87,88.94,6056459.0
1495497600,88.73,89.25,88.16,88.49,4342235.0
1495584000,88.43,89.72,88.33,89.6,4700636.0
1495670400,89.97,91.81,89.91,91.27,7398457.0
1495756800,90.93,91.1,90.46,90.83,5276317.0
1496102400,90.5,91.07,90.47,90.86,4626053.0
1496188800,90.69,90.97,89.48,89.64,6028249.0
1496275200,90.0,90.64,89.32,90.05,4880351.0
1496361600,90.24,91.09,89.83,90.86,4968789.0
1496620800,91.0,91.88,90.75,91.38,5537311.0
1496707200,91.0,91.95,90.8,91.1,4291656.0
1496793600,91.45,91.99,90.62,91.39,3476110.0
1496880000,91.34,91.62,90.59,91.25,3794606.0
1496966400,91.09,91.22,85.226,87.27,11666410.0
1497225600,86.12,86.84,83.5501,86.18,9274386.0
1497312000,87.83,88.31,86.8,87.27,5301168.0
1497398400,87.69,88.09,86.06,87.17,3544130.0
1497484800,85.99,86.38,84.895,86.27,6656293.0
1497571200,86.08,86.98,85.86,86.0,8000294.0
1497830400,86.69,87.71,86.62,87.54,4834676.0
1497916800,87.63,87.79,86.79,86.92,3083918.0
1498003200,87.5,87.8,86.43,87.56,3786824.0
1498089600,87.87,89.0,87.24,88.47,4412765.0
1498176000,88.29,88.86,87.51,88.62,4890724.0
1498435200,88.8,89.8,87.7,88.11,4865574.0
1498521600,88.0,89.28,87.11,87.68,5371431.0
1498608000,88.28,88.47,86.69,88.09,4247714.0
1498694400,87.65,87.67,85.83,86.8,5214119.0
1498780800,86.8,87.25,86.3,86.6,3943459.0
1499040000,87.01,87.1,85.12,86.1,2741255.0
1499212800,86.28,87.51,86.1001,87.5,4719673.0
1499299200,86.62,87.47,86.34,86.85,3274744.0
1499385600,87.2,88.45,87.185,87.92,2394455.0
1499644800,87.86,88.64,87.47,88.5,2332566.0
1499731200,88.26,88.65,87.67,88.35,2411669.0
1499817600,89.22,90.41,88.85,90.4,4271463.0
1499904000,90.56,90.77,89.5,89.57,3210406.0
1499990400,89.79,90.17,89.54,90.0,1978030.0
1500249600,89.98,90.26,89.27,89.29,2480583.0
1500336000,89.0,89.4,88.62,89.27,3813143.0
1500422400,89.35,90.13,88.8,89.56,4461530.0
1500508800,89.71,90.63,89.42,90.54,3453773.0
1500595200,90.34,90.63,89.54,89.69,2928596.0
1500854400,89.65,89.81,88.96,89.67,2393543.0
1500940800,89.73,90.82,89.24,90.63,3345783.0
1501027200,90.63,91.2,90.15,91.07,3633916.0
1501113600,91.25,92.13,89.09,90.51,3572129.0
1501200000,90.0,91.12,89.7,90.62,2108822.0
1501459200,90.81,91.05,89.87,90.8,2954195.0
1501545600,91.37,91.78,90.89,91.22,3157288.0
1501632000,91.35,91.35,88.99,89.89,3631057.0
1501718400,90.0,90.43,89.42,90.35,2351327.0
1501804800,90.61,90.87,90.25,90.45,1987461.0
1502064000,90.55,90.7,90.12,90.5,1903297.0
1502150400,90.18,90.89,89.54,90.26,2366386.0
1502236800,89.64,90.47,89.62,90.12,3055415.0
1502323200,89.67,89.92,87.55,87.63,3951885.0
1502409600,87.55,88.66,87.26,88.29,2882037.0
1502668800,89.29,90.65,89.1,90.25,4902433.0
1502755200,90.35,91.11,90.09,90.7,2529909.0
1502841600,91.05,92.4,90.82,92.24,4268094.0
1502928000,92.0,92.49,90.745,90.88,3581089.0
1503014400,90.82,91.35,90.2801,90.76,3046477.0
1503273600,90.95,91.8,90.57,91.76,3505113.0
1503360000,92.43,93.44,92.05,92.95,11006930.0
1503446400,92.14,94.63,91.3,93.07,12020470.0
1503532800,93.7,94.31,93.35,94.15,5489456.0
1503619200,94.0,95.23,93.87,94.1,5303203.0
1503878400,94.08,94.19,92.85,93.66,5533952.0
1503964800,92.75,94.12,92.5,93.83,3242010.0
1504051200,93.83,95.18,93.59,94.86,3808060.0
1504137600,94.94,95.66,94.35,95.49,5086500.0
1504224000,95.75,96.17,95.19,96.01,3679463.0
1504569600,95.36,96.49,95.13,96.18,4069944.0
1504656000,96.16,96.32,95.25,95.82,4105222.0
1504742400,96.09,97.52,95.88,96.73,4916770.0
1504828800,96.62,97.19,96.38,96.43,3316195.0
1505088000,96.95,98.22,96.95,97.71,4471343.0
1505174400,97.59,97.62,96.15,96.85,4743992.0
1505260800,96.89,96.9,95.36,95.61,5610209.0
1505347200,95.38,95.74,94.51,95.3,5048185.0
1505433600,95.51,95.62,94.17,94.63,6081636.0
1505692800,94.94,96.18,94.74,95.74,5990070.0
1505779200,95.97,96.2122,95.16,95.35,3518819.0
1505865600,95.08,95.36,94.05,95.21,3362343.0
1505952000,94.82,95.1,94.17,94.86,2896050.0
1506038400,94.79,95.35,94.555,94.94,2254140.0
1506297600,94.87,94.89,92.11,92.47,5820879.0
1506384000,92.95,93.67,92.12,92.34,4558236.0
1506470400,92.91,93.66,92.62,93.21,2913708.0
1506556800,93.21,93.25,92.431,92.6,3017557.0
1506643200,92.77,93.47,92.62,93.42,4622036.0
1506902400,93.72,94.84,93.45,93.94,2755928.0
1506988800,94.17,95.45,93.95,95.36,4993116.0
1507075200,95.2,95.73,94.7334,95.52,3125932.0
1507161600,95.5,95.88,94.68,95.73,3950981.0
1507248000,95.55,96.5702,95.465,96.32,4402695.0
1507507200,96.33,96.76,95.98,96.27,2018951.0
1507593600,96.27,96.46,95.22,95.39,2029089.0
1507680000,95.39,96.01,94.83,96.01,2635571.0
1507766400,96.14,97.23,95.84,96.74,3145286.0
1507852800,97.15,97.63,96.69,96.94,2490787.0
1508112000,96.945,97.58,96.92,97.15,2540513.0
1508198400,96.96,97.0,95.93,96.72,2528308.0
1508284800,96.97,97.07,96.05,96.44,2865074.0
1508371200,96.4,97.2337,96.11,97.19,2532745.0
1508457600,97.54,99.18,97.33,98.9,4586757.0
1508716800,99.07,99.44,98.3,98.44,4024937.0
1508803200,98.25,98.72,97.81,98.66,3638258.0
1508889600,98.4,99.63,98.31,99.59,4685274.0
1508976000,99.82,100.76,99.3,100.05,3861339.0
1509062400,100.72,101.98,100.18,100.7,4026573.0
1509321600,100.7,100.98,99.91,100.7,2374095.0
1509408000,101.13,102.445,100.84,102.34,5104862.0
1509494400,103.67,103.92,101.3,101.95,3760136.0
1509580800,102.05,103.37,101.76,102.6,3206710.0
1509667200,102.86,103.07,101.7,102.71,3264893.0
1509926400,102.92,103.14,101.58,102.42,7019507.0
1510012800,104.94,105.0,101.75,102.72,5273687.0
1510099200,102.95,105.25,102.9,105.03,6671750.0
1510185600,104.33,104.44,102.41,103.6,5122032.0
1510272000,103.41,105.38,102.83,105.24,4674766.0
1510531200,105.0,105.96,105.0,105.78,4606660.0
1510617600,105.64,106.38,105.06,106.23,4366277.0
1510704000,105.88,107.0,105.0,105.43,4147991.0
1510790400,106.23,107.36,106.175,107.03,3697331.0
1510876800,107.19,107.87,106.73,107.58,4403238.0
1511136000,108.7,109.0,107.01,107.37,5480974.0
1511222400,108.75,109.19,107.79,108.8,10503140.0
1511308800,106.85,107.49,106.05,106.83,9008720.0
1511481600,107.4,107.595,106.41,107.15,4000021.0
1511740800,106.79,107.28,105.86,106.58,5144047.0
1511827200,106.1,106.89,105.7913,106.46,4792610.0
1511913600,105.75,105.88,102.79,103.53,6848264.0
1512000000,103.59,104.51,102.77,104.32,5200643.0
1512086400,103.86,104.83,102.83,103.83,4797537.0
1512345600,104.6,104.74,99.83,99.85,9115481.0
1512432000,99.55,101.66,98.68,100.69,5307639.0
1512518400,100.26,103.33,100.0,102.92,4343799.0
1512604800,103.13,104.14,102.64,104.07,3895722.0
1512691200,105.0,105.35,103.21,103.44,3990558.0
1512950400,103.71,104.72,103.37,104.54,2746601.0
1513036800,104.05,105.06,103.28,103.67,4647273.0
1513123200,103.82,104.6,103.705,103.94,4060405.0
1513209600,104.2,105.2,103.94,104.24,4464766.0
1513296000,104.76,105.65,103.31,105.48,7259822.0
1513555200,105.4,105.88,104.79,105.08,3931225.0
1513641600,104.59,105.17,103.475,104.26,3942028.0
1513728000,104.26,104.5,102.805,103.39,3672896.0
1513814400,103.73,104.0375,103.33,103.62,2438260.0
1513900800,103.29,103.5,102.02,102.63,3507594.0
1514246400,102.16,102.6,101.32,102.54,2523470.0
1514332800,102.59,102.81,102.09,102.65,2038418.0
1514419200,102.64,102.9,102.36,102.79,2718951.0
1514505600,102.61,103.17,102.21,102.23,2478277.0
1514851200,102.88,104.7,102.27,104.41,4667384.0
1514937600,104.9,106.14,104.62,105.29,3888175.0
1515024000,106.0,107.66,105.765,106.68,4539414.0
1515110400,107.76,108.295,107.2,108.1,3367333.0
1515369600,108.0,109.14,107.57,108.86,2930231.0
1515456000,109.0,109.34,108.2499,109.15,3302139.0
1515542400,108.675,109.49,108.225,108.8,3110089.0
1515628800,109.0,109.4,108.67,109.1,3668102.0
1515715200,109.23,110.71,108.91,110.24,5749234.0
1516060800,110.85,111.44,108.23,108.89,5277695.0
1516147200,109.75,110.38,109.23,110.04,4080216.0
1516233600,110.23,112.17,110.215,111.77,3838903.0
1516320000,112.21,112.4,111.61,111.93,3024267.0
1516579200,111.63,112.96,111.01,112.89,2207718.0
1516665600,113.18,113.76,112.681,113.24,2773688.0
1516752000,113.63,113.84,112.5,112.85,4018872.0
1516838400,113.28,113.47,111.9,111.96,4481256.0
1516924800,112.72,113.92,112.03,113.7,3925863.0
1517184000,113.7,114.41,112.85,113.3,3165874.0
1517270400,112.42,113.45,111.84,112.23,3734350.0
1517356800,113.06,114.52,112.64,113.91,4061880.0
1517443200,113.3,114.27,112.53,112.74,4075008.0
1517529600,112.03,112.35,110.71,110.78,4167610.0
1517788800,109.15,111.61,107.5,107.65,6058872.0
1517875200,105.01,109.62,103.69,109.57,6849751.0
1517961600,109.07,112.29,108.81,110.05,4498595.0
1518048000,110.1,110.18,104.0,104.03,6790836.0
1518134400,105.32,108.11,102.37,106.98,6589980.0
1518393600,107.7,109.48,106.26,108.55,4614168.0
1518480000,108.01,108.08,105.93,107.69,7529324.0
1518566400,106.73,109.22,106.73,109.02,7424015.0
1518652800,112.31,113.43,110.05,113.12,8331141.0
1518739200,112.84,114.15,112.67,112.86,4662219.0
1519084800,112.45,115.26,112.282,114.35,4286545.0
1519171200,114.77,115.67,114.17,114.48,4972437.0
1519257600,114.52,115.0,112.481,113.0,4763375.0
1519344000,113.63,114.96,112.74,114.96,4172209.0
1519603200,116.11,116.8,115.365,116.65,5392457.0
1519689600,117.3,117.61,115.76,116.47,5880376.0
1519776000,117.0,118.15,116.22,116.25,9389092.0
1519862400,120.91,122.47,118.05,119.43,15544550.0
1519948800,118.65,122.33,117.64,121.92,10595170.0
1520208000,120.0,122.94,119.66,122.5,10120160.0
1520294400,122.87,124.69,122.75,124.48,8129087.0
1520380800,123.38,125.77,123.1789,125.33,6680896.0
1520467200,125.76,127.29,125.7,126.36,6210201.0
1520553600,127.19,127.5,126.25,127.41,5637352.0
1520812800,127.87,128.2,126.78,126.78,5586816.0
1520899200,127.89,128.11,125.727,126.73,4596199.0
1520985600,127.05,128.87,126.51,127.99,5400410.0
1521072000,128.0,128.46,126.67,127.22,4356007.0
1521158400,127.29,127.95,125.69,125.97,6658090.0
1521417600,125.03,125.76,123.47,124.98,6815305.0
1521504000,124.59,126.83,124.45,125.12,7085643.0
1521590400,121.56,124.02,120.2,121.7,14811850.0
1521676800,120.4,120.66,117.44,118.04,10606540.0
1521763200,118.01,118.31,114.31,114.43,10892730.0
1522022400,118.24,119.26,115.04,118.97,13159790.0
1522108800,120.09,120.16,112.715,113.81,8302950.0
1522195200,113.15,114.86,111.34,112.88,6486375.0
1522281600,113.91,117.26,112.52,116.3,7790686.0
1522627200,115.91,117.68,113.61,115.3,6460493.0
1522713600,116.76,117.45,114.6,116.49,5187961.0
1522800000,114.06,119.675,114.0,119.48,6381219.0
1522886400,120.4,121.035,118.67,119.04,5030513.0
1522972800,118.1,118.98,114.951,116.1,5359538.0
1523232000,117.14,119.23,117.14,117.19,4003520.0
1523318400,118.92,120.12,117.68,119.49,3700425.0
1523404800,119.33,120.71,118.87,119.16,3059289.0
1523491200,120.0,121.73,119.34,121.4,4413896.0
1523577600,121.94,121.94,118.5,119.01,4927660.0
1523836800,120.95,120.98,118.66,119.41,4464330.0
1523923200,120.4,123.86,120.01,123.35,5524175.0
1524009600,123.53,124.74,122.23,124.46,4321635.0
1524096000,124.04,124.52,123.18,124.06,3650167.0
1524182400,124.01,124.38,122.05,122.82,2968566.0
1524441600,123.19,124.57,121.24,121.89,3884083.0
1524528000,123.34,123.53,116.91,117.88,5317852.0
1524614400,117.77,118.23,115.04,117.32,4819777.0
1524700800,118.7,122.07,118.16,120.83,4978650.0
1524787200,121.63,121.64,119.55,120.22,3796920.0
1525046400,120.87,121.7,119.78,120.99,2775809.0
1525132800,120.88,123.32,120.42,123.11,3873506.0
1525219200,122.29,123.97,121.74,122.82,3517957.0
1525305600,122.62,125.0,121.67,124.41,4431624.0
1525392000,124.38,125.84,122.98,125.12,6335308.0
1525651200,125.79,127.69,125.46,126.97,4337758.0
1525737600,126.59,128.96,126.5,128.75,4419401.0
1525824000,128.88,129.74,127.33,129.73,4600396.0
1525910400,129.95,131.0,129.05,130.62,3769404.0
1525996800,130.0,130.85,128.89,130.63,3233052.0
1526256000,130.79,131.0,127.1601,127.69,4057922.0
1526342400,126.93,128.59,126.09,128.13,2931245.0
1526428800,128.71,128.97,127.92,128.77,2433120.0
1526515200,129.19,129.46,125.55,126.05,5551020.0
1526601600,126.06,127.72,125.87,126.96,3561041.0
1526860800,128.0,128.35,126.0,126.37,2874259.0
1526947200,126.66,127.05,125.26,125.44,2785312.0
1527033600,124.88,128.09,124.58,128.09,4296240.0
1527120000,128.81,129.38,127.39,128.74,5960994.0
1527206400,128.73,129.25,127.62,127.96,4026675.0
1527552000,126.75,127.54,126.12,126.88,7942890.0
1527638400,132.3,132.55,127.84,129.3,14155870.0
1527724800,129.37,130.99,128.41,129.33,6403514.0
1527811200,129.88,130.8739,128.3525,130.52,6127512.0
1528070400,130.39,132.8,129.6,132.65,4852820.0
1528156800,133.14,134.63,132.97,134.12,5113233.0
1528243200,134.33,135.71,134.12,135.55,4763316.0
1528329600,135.55,135.75,130.73,132.91,6545364.0
1528416000,131.7,133.68,130.82,133.53,3292770.0
1528675200,133.88,134.67,133.26,133.98,3362514.0
1528761600,134.96,137.5,134.65,136.26,5206956.0
1528848000,136.37,137.49,135.595,136.5,5585545.0
1528934400,137.0,139.75,136.89,138.41,6486515.0
1529020800,138.07,138.95,136.7975,138.41,7595643.0
1529280000,137.01,140.189,136.91,139.8,3934469.0
1529366400,138.08,139.71,137.23,139.52,4821088.0
1529452800,140.0,142.12,138.82,138.94,5266370.0
1529539200,139.07,140.06,137.12,137.88,3536332.0
1529625600,137.26,137.3,133.95,135.01,7512981.0
1529884800,134.24,134.89,131.67,133.19,6810419.0
1529971200,134.76,137.17,133.82,135.48,7039493.0
1530057600,136.675,137.42,133.1,133.22,6794678.0
1530144000,133.99,135.89,133.19,135.12,6330738.0
1530230400,136.28,137.71,135.9,136.4,5192750.0
1530489600,136.15,140.47,135.3,140.43,6288844.0
1530576000,140.6,140.75,137.71,137.84,3164659.0
1530748800,139.26,139.89,138.22,139.77,5245240.0
1530835200,140.19,141.73,139.01,141.4,4802894.0
1531094400,142.65,142.87,139.88,141.76,5116529.0
1531180800,142.3,143.51,141.51,142.45,3639485.0
1531267200,141.21,145.64,141.0162,145.25,6133485.0
1531353600,145.8,148.7,145.8,148.16,4678678.0
1531440000,147.75,148.0,145.41,147.61,3941151.0
1531699200,147.84,148.69,146.82,146.96,3588390.0
1531785600,145.41,147.4399,143.08,147.02,5077223.0
1531872000,147.02,148.19,145.7601,147.84,2792220.0
1531958400,147.0,148.0,146.61,147.16,3589650.0
1532044800,147.44,147.92,146.69,146.87,2462185.0
1532304000,146.87,147.64,144.8,147.56,2534551.0
1532390400,148.55,148.85,145.18,146.0,3934700.0
1532476800,146.13,149.35,146.0,148.87,4053388.0
1532563200,147.98,148.75,145.68,147.57,3401261.0
1532649600,148.25,148.28,142.38,143.91,5924224.0
1532908800,143.54,143.73,135.52,138.03,9448828.0
1532995200,138.68,139.79,135.39,137.15,7362280.0
1533081600,138.0,140.9,137.51,137.68,5084472.0
1533168000,137.05,141.3,136.75,141.14,3774420.0
1533254400,141.53,141.74,138.42,141.04,3435560.0
1533513600,140.89,142.85,140.65,142.71,3229263.0
1533600000,143.53,144.6138,142.73,144.44,3911041.0
1533686400,144.46,145.635,143.16,145.17,3026564.0
1533772800,145.3,146.85,145.09,145.82,3528543.0
1533859200,144.93,147.0,144.3535,145.51,2747883.0
1534118400,145.63,147.18,144.22,144.45,2751689.0
1534204800,146.18,146.77,144.57,146.57,3340168.0
1534291200,146.08,147.88,143.6,145.04,4367917.0
1534377600,146.51,146.91,145.22,145.73,3637740.0
1534464000,145.5,146.01,143.95,145.02,2838561.0
1534723200,145.21,146.06,144.32,145.71,2848077.0
1534809600,146.41,148.79,145.36,145.53,4001166.0
1534896000,145.59,147.199,145.05,146.46,4240819.0
1534982400,146.83,148.34,146.07,147.83,6048064.0
1535068800,148.5,152.38,148.5,152.3,4848396.0
1535328000,154.71,154.88,150.2,151.68,5677654.0
1535414400,152.03,153.4,151.56,152.99,5107124.0
1535500800,153.33,154.97,153.05,154.8,8602035.0
1535587200,151.12,153.735,149.5,152.14,14330680.0
1535673600,152.14,153.87,151.9,152.68,6183864.0
1536019200,152.11,153.34,151.51,153.21,5220725.0
1536105600,152.39,152.78,147.08,148.65,7145871.0
1536192000,148.75,149.16,147.08,148.83,4189456.0
1536278400,147.84,151.41,147.5,150.43,3848177.0
1536537600,150.0,151.579,148.0,151.32,3751943.0
1536624000,151.08,153.75,150.615,152.84,4101310.0
1536710400,152.84,155.77,151.808,155.37,5171392.0
1536796800,155.87,158.78,155.82,158.18,6191130.0
1536883200,157.95,158.79,156.32,157.49,4593524.0
1537142400,157.0,158.43,154.62,154.92,3870774.0
1537228800,154.76,158.03,154.75,156.0,3701535.0
1537315200,156.37,157.33,152.3914,152.9,5545831.0
1537401600,153.29,156.065,151.65,155.5,4655560.0
1537488000,157.07,157.955,154.96,155.52,17655640.0
1537747200,155.38,158.91,153.33,158.78,4941563.0
1537833600,159.0,159.14,157.17,158.87,5150900.0
1537920000,159.06,159.93,157.35,158.33,3985009.0
1538006400,159.05,161.08,158.93,160.43,3928626.0
1538092800,160.0,160.86,158.936,159.03,4575415.0
1538352000,160.11,161.19,159.02,159.86,4243509.0
1538438400,159.27,159.58,156.7,157.26,4135524.0
1538524800,158.56,159.76,157.02,159.1,3560685.0
1538611200,158.2,158.84,153.78,154.9,6199941.0
1538697600,154.86,156.6,152.47,155.07,4962699.0
1538956800,154.24,154.62,145.6,148.65,10228250.0
1539043200,148.32,150.87,147.21,148.5,5592575.0
1539129600,147.52,147.585,137.54,137.81,13599240.0
1539216000,137.44,142.16,136.45,139.24,10489550.0
1539302400,145.77,148.75,143.22,146.74,9138153.0
1539561600,146.7,146.7,141.32,141.95,5911513.0
1539648000,145.47,147.91,144.01,147.44,5266247.0
1539734400,148.35,148.35,145.42,147.01,3342874.0
1539820800,146.09,147.5935,141.43,142.84,5320780.0
1539907200,143.61,145.37,140.38,140.49,5036877.0
1540166400,141.7,143.8,139.2,142.95,4193262.0
1540252800,139.32,141.97,137.78,140.66,6457744.0
1540339200,141.23,141.5,133.0,133.26,7242506.0
1540425600,133.69,141.69,133.67,140.8,7780612.0
1540512000,135.75,139.21,132.6107,135.52,7454549.0
1540771200,138.1,139.55,128.53,130.99,9140471.0
1540857600,130.44,132.99,128.03,132.17,10029550.0
1540944000,134.92,138.71,134.77,137.24,6658246.0
1541030400,138.4,139.8,136.41,139.59,4607439.0
1541116800,140.14,140.55,136.1,136.79,4421741.0
1541376000,137.34,137.34,133.46,135.44,4625473.0
1541462400,135.4,138.0,132.98,133.95,4665727.0
1541548800,136.85,142.31,136.4319,141.79,5797603.0
1541635200,143.22,143.63,140.6821,141.87,3979737.0
1541721600,141.06,141.06,135.05,136.92,5250231.0
1541980800,135.74,136.66,130.0798,130.5,7564148.0
1542067200,131.48,133.7712,128.95,132.16,6170065.0
1542153600,134.21,134.94,128.58,129.35,5691665.0
1542240000,129.2,132.95,126.3,132.49,6461916.0
1542326400,131.85,133.47,130.08,132.55,4924165.0
1542585600,131.6,132.26,120.42,121.01,14201940.0
1542672000,114.33,124.94,113.6,120.67,13787240.0
1542758400,124.2,125.75,121.61,123.59,7299745.0
1542931200,121.33,123.71,120.71,122.03,3009553.0
1543190400,124.48,126.95,123.66,126.41,8383860.0
1543276800,125.15,127.61,123.72,127.54,10327030.0
1543363200,138.48,140.89,131.97,140.64,24712410.0
1543449600,139.85,142.88,139.27,139.72,7590408.0
1543536000,138.89,143.22,138.28,142.76,9394423.0
1543795200,146.3,147.07,142.56,144.15,7342218.0
1543881600,142.73,145.2,138.8,139.24,6969320.0
1544054400,134.8,142.06,132.75,142.06,9160894.0
1544140800,141.9,142.37,134.735,135.95,6222076.0
1544400000,135.16,139.49,133.18,137.27,5887030.0
1544486400,140.59,140.7,135.59,136.79,4544038.0
1544572800,141.79,144.03,139.55,140.09,6768183.0
1544659200,141.5,143.63,139.579,141.14,5107282.0
1544745600,138.88,140.71,136.38,137.04,5351727.0
1545004800,134.31,135.5,129.97,130.83,8338984.0
1545091200,132.14,133.68,130.13,132.32,6528982.0
1545177600,131.98,136.5,129.5,131.16,7346032.0
1545264000,129.25,132.33,122.64,127.73,12252420.0
1545350400,128.57,129.39,122.46,122.91,12470840.0
1545609600,121.14,124.84,120.16,121.33,4721514.0
1545782400,122.52,130.9,122.12,130.84,8053692.0
1545868800,128.8,135.2,127.84,135.2,7961442.0
1545955200,136.0,136.8799,132.61,134.68,7223553.0
1546214400,136.0,137.97,134.49,136.97,5447078.0
1546387200,133.4,136.83,133.05,135.55,4765030.0
1546473600,133.48,134.78,130.1001,130.4,6004050.0
1546560000,133.5,139.32,132.22,137.96,6608596.0
1546819200,141.02,143.39,138.79,142.22,9006712.0
1546905600,144.73,146.46,142.8909,145.72,9038793.0
1546992000,146.89,147.5,144.53,145.99,5121719.0
1547078400,143.77,147.21,143.76,147.04,5067740.0
1547164800,146.56,148.0345,145.61,147.55,5183669.0
1547424000,145.75,146.73,144.7,146.05,5575070.0
1547510400,146.35,149.86,145.8,149.19,5268814.0
1547596800,149.15,149.79,147.8,148.54,3925399.0
1547683200,148.54,150.72,147.685,149.82,3732596.0
1547769600,151.83,153.27,150.24,152.51,6043292.0
1548115200,150.34,151.38,147.4,148.95,5196349.0
1548201600,149.73,150.8,147.65,149.75,3333142.0
1548288000,149.95,150.5,146.52,146.87,6485313.0
1548374400,148.53,149.89,147.55,149.74,4600221.0
1548633600,148.17,148.2,146.1,147.33,4047626.0
1548720000,147.07,148.0,144.6414,145.18,3912884.0
1548806400,147.19,149.69,146.08,149.16,4623294.0
1548892800,149.02,153.38,148.71,151.97,8612069.0
1548979200,152.4,155.95,151.07,155.87,5925597.0
1549238400,156.02,158.8998,155.41,157.72,5253231.0
1549324800,158.34,159.88,157.815,158.99,4570860.0
1549411200,159.0,159.1,155.08,158.13,4203296.0
1549497600,155.96,157.06,153.36,154.93,4505042.0
1549584000,152.91,156.7,152.71,156.67,3005509.0
1549843200,158.2,161.5,157.57,159.91,7112684.0
1549929600,161.25,163.39,160.03,162.79,5627056.0
1550016000,163.44,163.57,160.27,160.4,5291005.0
1550102400,159.47,160.44,156.706,159.47,5059897.0
1550188800,160.99,161.22,158.09,159.05,5281182.0
1550534400,159.66,161.48,159.14,160.61,3881911.0
1550620800,160.33,161.49,157.21,158.54,6800552.0
1550707200,157.7,160.48,157.3,159.63,4334943.0
1550793600,160.47,161.71,160.2,161.31,4172510.0
1551052800,162.51,163.06,160.93,161.36,5073931.0
1551139200,160.81,163.38,159.87,163.0,4473896.0
1551225600,162.29,163.53,160.5,163.12,4276729.0
1551312000,163.0,164.6,162.17,163.65,6849387.0
1551398400,165.15,166.15,161.75,164.53,6815175.0
1551657600,165.56,165.79,155.42,158.5,17516710.0
1551744000,159.92,160.88,154.8,156.97,15832300.0
1551830400,157.13,160.25,156.278,156.79,7432476.0
1551916800,156.09,157.59,154.81,155.6,6906480.0
1552003200,152.02,155.41,150.25,155.06,4798594.0
1552262400,155.9,157.77,153.4301,157.65,5674220.0
1552348800,158.0,159.37,157.16,158.28,4077409.0
1552435200,158.85,162.0,158.61,159.81,5157184.0
1552521600,160.95,161.59,159.74,160.67,3243784.0
1552608000,160.64,162.18,159.19,161.51,6743626.0
1552867200,161.4,163.33,160.8799,161.95,3575338.0
1552953600,162.52,164.62,161.6,163.93,4322584.0
1553040000,163.84,164.95,161.51,163.51,4390447.0
1553126400,163.17,166.99,162.75,166.95,4273075.0
1553212800,165.96,166.49,161.35,161.5,5575945.0
1553472000,160.23,161.5988,159.2241,160.88,3794183.0
1553558400,161.43,162.07,157.39,159.4,6905979.0
1553644800,159.0,159.3,152.37,155.12,8202593.0
1553731200,155.69,156.48,153.51,155.18,4422449.0
1553817600,156.87,158.5,155.425,158.37,4911537.0
1554076800,160.1,161.68,158.5111,161.18,4518327.0
1554163200,160.86,160.99,158.91,160.51,3151813.0
1554249600,161.78,163.14,160.65,162.62,3819107.0
1554336000,162.71,162.8,155.83,158.52,6283763.0
1554422400,159.63,160.24,158.02,158.56,4315039.0
1554681600,158.4,158.79,156.45,158.47,2848381.0
1554768000,157.04,158.3525,156.65,156.97,5638543.0
1554854400,158.2,160.38,157.65,160.24,3398800.0
1554940800,160.16,160.83,159.02,160.73,2577728.0
1555027200,162.0,162.5,159.5,160.71,2843196.0
1555286400,161.0,162.031,159.49,160.09,2606067.0
1555372800,160.04,160.26,157.7501,158.69,3002300.0
1555459200,159.05,159.05,155.07,155.34,4753549.0
1555545600,154.9,156.2078,153.17,155.99,4390972.0
1555891200,155.45,159.14,155.28,158.76,2941253.0
1555977600,159.76,161.4,158.41,161.23,3409970.0
1556064000,161.88,162.49,159.4,159.56,3378475.0
1556150400,162.0,163.89,161.0,163.09,5495957.0
1556236800,162.42,166.06,161.28,165.96,3342777.0
1556496000,166.71,167.56,165.33,165.36,4508634.0
1556582400,165.19,166.44,163.62,165.35,3511783.0
1556668800,166.01,166.22,162.14,162.15,2707730.0
1556755200,161.69,162.7,159.63,161.83,3181073.0
1556841600,162.58,163.5,160.86,163.34,3131437.0
1557100800,158.62,162.84,157.86,162.5,2520943.0
1557187200,161.33,161.67,154.75,156.9,6541888.0
1557273600,157.11,157.93,155.04,156.86,4061339.0
1557360000,154.65,157.1,152.3888,156.31,5809346.0
1557446400,156.28,160.614,154.38,159.94,4462213.0
1557705600,154.92,156.9,152.78,153.15,5694582.0
1557792000,155.05,158.59,152.92,158.07,4954034.0
1557878400,153.82,156.38,151.7,155.06,7783774.0
1557964800,156.76,159.45,155.9,158.48,5048088.0
1558051200,156.18,157.155,153.17,154.57,5314319.0
1558310400,152.47,156.09,151.7044,155.98,5437590.0
1558396800,157.36,157.84,155.18,155.78,3803459.0
1558483200,155.87,158.19,155.84,157.64,3170058.0
1558569600,156.03,156.34,152.15,153.71,4508215.0
1558656000,154.89,156.93,154.16,154.51,3151662.0
1559001600,155.35,157.81,154.39,155.19,4934063.0
1559088000,153.76,154.06,151.2,152.89,4359454.0
1559174400,154.32,155.87,153.9,155.66,4418092.0
1559260800,152.66,154.48,151.26,151.41,5326907.0
1559520000,150.7,150.7,143.39,145.1,8835249.0
1559606400,146.05,150.92,142.51,150.81,12375090.0
1559692800,157.15,158.5,154.55,158.44,12072390.0
1559779200,158.5,160.0,157.33,159.31,5601246.0
1559865600,159.84,162.99,159.5,161.27,7175301.0
1560124800,153.48,157.45,150.83,152.79,29856330.0
1560211200,155.31,155.71,148.79,150.15,15214320.0
1560297600,151.11,152.32,150.15,151.28,7161291.0
1560384000,152.16,152.24,150.25,151.34,5173787.0
1560470400,151.04,151.98,149.48,150.01,6248150.0
1560729600,150.2,151.2843,149.87,150.29,4491845.0
1560816000,151.88,152.95,150.5,150.59,7317839.0
1560902400,151.69,154.47,150.515,154.14,8095299.0
1560988800,156.29,158.29,155.42,157.2,10153610.0
1561075200,156.67,157.79,155.94,156.84,9706930.0
1561334400,157.39,157.73,152.51,152.56,6378206.0
1561420800,152.83,152.9699,148.59,149.34,7362484.0
1561507200,151.28,151.38,148.92,149.04,5844938.0
1561593600,149.89,150.76,148.47,150.69,6832817.0
1561680000,150.42,151.77,149.6,151.73,6936576.0
1561939200,154.57,154.74,151.8503,154.06,6483352.0
1562025600,154.29,154.36,152.58,154.12,4738611.0
1562112000,154.54,155.75,154.16,155.59,3885430.0
1562284800,153.95,154.805,152.57,154.58,3940940.0
1562544000,153.52,153.69,152.044,152.81,4717368.0
1562630400,152.08,154.19,151.68,153.95,4979273.0
1562716800,154.57,156.4,154.57,156.27,4966261.0
1562803200,156.82,159.3,156.62,158.9,7083235.0
1562889600,159.4,159.62,157.4,158.08,4348123.0
1563148800,158.76,159.84,157.48,159.65,3603693.0
1563235200,159.96,161.61,156.8,157.13,6913066.0
1563321600,157.68,159.92,157.66,158.24,4160523.0
1563408000,157.0,158.58,156.2059,157.98,3726542.0
1563494400,159.73,160.74,156.29,156.75,5218844.0
1563753600,157.65,159.05,157.145,157.7,2910733.0
1563840000,157.98,158.45,155.28,156.25,4865763.0
1563926400,155.98,160.25,155.7,159.75,4110516.0
1564012800,160.12,161.13,158.67,159.35,6934549.0
1564099200,159.56,160.82,158.73,159.97,4979078.0
1564358400,160.4,161.2,155.52,156.21,8880457.0
1564444800,155.34,158.22,154.62,156.96,4241587.0
1564531200,157.39,157.89,152.3,154.5,7454174.0
1564617600,154.73,157.78,150.41,150.81,26124660.0
1564704000,149.8,149.9,145.31,145.7,13138900.0
1564963200,141.34,143.75,139.8,142.82,13070090.0
1565049600,143.79,144.96,141.96,142.8,6693998.0
1565136000,140.93,143.1,139.06,141.64,7635513.0
1565222400,143.52,144.96,142.32,143.82,8670253.0
1565308800,143.61,144.47,141.69,143.37,5286734.0
1565568000,141.55,141.97,140.05,140.72,4389544.0
1565654400,140.93,145.0,140.4324,143.88,5242772.0
1565740800,141.29,142.36,137.87,139.72,8607780.0
1565827200,141.1,143.3,139.7465,142.13,6647733.0
1565913600,143.06,145.34,142.5235,143.89,5341106.0
1566172800,145.6,146.1395,142.88,143.67,4635177.0
1566259200,144.16,146.5,143.06,145.54,6262572.0
1566345600,146.9,148.39,146.16,147.38,6153669.0
1566432000,149.49,149.9,145.47,148.24,11885310.0
1566518400,157.7,158.42,150.65,151.57,26540020.0
1566777600,153.51,155.21,151.52,155.14,8978657.0
1566864000,154.26,155.9,152.53,153.57,6520653.0
1566950400,152.5,152.78,150.87,151.83,5328744.0
1567036800,153.4,156.0,152.66,155.93,5981501.0
1567123200,156.42,158.22,153.7,156.07,7593232.0
1567468800,154.21,155.32,151.76,152.73,4954246.0
1567555200,154.09,154.92,152.32,152.46,3607077.0
1567641600,154.64,154.74,151.95,153.77,5067024.0
1567728000,153.97,154.05,150.77,151.07,4722273.0
1567987200,151.66,152.15,148.09,149.54,6265476.0
1568073600,148.77,151.66,147.74,149.65,6249683.0
1568160000,150.09,154.65,149.04,154.09,6242421.0
1568246400,155.04,156.8,154.41,154.75,4993526.0
1568332800,154.32,154.91,152.74,152.98,3763493.0
1568592000,151.65,154.105,151.36,153.01,2592259.0
1568678400,153.0,153.45,151.73,152.82,3060345.0
1568764800,152.35,152.91,150.57,152.77,2973703.0
1568851200,153.52,154.25,152.77,153.6,2985482.0
1568937600,154.69,156.88,153.62,155.2,11762950.0
1569196800,154.15,155.197,152.96,154.65,3827133.0
1569283200,154.28,156.27,151.09,152.05,4158839.0
1569369600,152.05,153.21,148.9,152.99,3459570.0
1569456000,152.42,153.4,151.84,152.34,3839378.0
1569542400,153.12,153.15,146.75,148.26,5909440.0
1569801600,147.95,148.97,147.41,148.44,3733867.0
1569888000,149.49,150.16,147.25,147.69,3213561.0
1569974400,146.06,146.5,143.2,144.22,4486555.0
1570060800,144.0,147.06,142.08,147.0,3768480.0
1570147200,148.28,148.92,146.21,148.03,3274199.0
1570406400,147.28,149.33,147.0,148.8,2738198.0
1570492800,147.54,148.34,145.81,145.91,2670470.0
1570579200,147.27,147.85,146.61,147.05,2310243.0
1570665600,146.84,147.5588,145.51,146.41,2738583.0
1570752000,148.14,150.71,148.09,149.37,4690874.0
1571011200,149.4,150.28,148.8,149.37,1583842.0
1571097600,149.66,152.97,149.62,152.74,3947786.0
1571184000,147.26,150.845,145.82,146.97,9007266.0
1571270400,147.58,148.04,145.51,146.17,5072069.0
1571356800,146.3,146.44,142.4,144.09,6080531.0
1571616000,144.1,145.19,143.0,144.55,3376519.0
1571702400,145.05,145.96,142.14,142.33,5284014.0
1571788800,142.11,145.569,141.49,145.13,4941561.0
1571875200,146.59,148.79,146.4,148.12,5376741.0
1571961600,147.05,150.66,146.3,150.49,4991422.0
1572220800,151.2,154.92,149.43,154.79,7576726.0
1572307200,154.78,156.13,154.42,155.09,5477303.0
1572393600,155.74,158.42,155.01,158.28,4724478.0
1572480000,156.56,158.28,155.2137,156.49,4578255.0
1572566400,157.91,160.09,156.75,159.74,4771053.0
1572825600,160.94,161.25,156.69,157.6,5748077.0
1572912000,157.59,159.12,155.47,158.15,4014981.0
1572998400,158.94,160.0,157.75,158.93,4207428.0
1573084800,158.93,161.13,158.08,159.5,3802312.0
1573171200,159.25,161.21,158.91,161.11,3265364.0
1573430400,161.22,162.23,160.25,161.78,3541597.0
1573516800,162.0,164.37,161.59,162.86,3710757.0
1573603200,163.05,164.42,162.02,162.6,5499804.0
1573689600,163.03,163.58,162.39,163.05,3823268.0
1573776000,163.72,163.93,160.99,163.21,3693235.0
1574035200,164.0,164.0,161.89,162.77,5558132.0
1574121600,163.64,164.45,161.84,163.96,4956475.0
1574208000,163.44,166.34,162.25,164.2,8454931.0
1574294400,165.32,165.91,162.21,162.88,5724203.0
1574380800,162.98,163.49,161.38,162.81,3761891.0
1574640000,163.78,164.65,161.45,161.71,5509549.0
1574726400,161.56,162.61,161.31,162.54,5882383.0
1574812800,161.92,162.8303,161.11,161.51,4015939.0
1574985600,161.61,163.41,161.32,162.89,2432473.0
1575244800,163.1,163.21,158.1,161.0,5140087.0
1575331200,156.96,161.85,156.19,161.57,6622651.0
1575417600,160.38,160.69,154.5,156.43,17805510.0
1575504000,155.74,158.92,155.25,158.22,7127977.0
1575590400,158.1,159.5,157.59,158.01,4754316.0
1575849600,157.38,158.9,157.06,157.48,3754080.0
1575936000,157.01,157.67,156.17,156.4,4075754.0
1576022400,156.84,156.88,155.48,156.39,4869175.0
1576108800,155.77,158.99,155.31,158.59,5355489.0
1576195200,158.86,161.49,158.55,161.13,5742818.0
1576454400,160.85,162.74,160.82,161.96,5371494.0
1576540800,162.0,162.37,159.74,161.63,4789823.0
1576627200,161.8,163.28,161.48,161.48,4145091.0
1576713600,161.59,163.34,160.83,163.33,4186371.0
1576800000,164.73,165.17,163.63,164.55,8586884.0
1577059200,164.04,164.87,163.35,163.74,4373626.0
1577145600,163.31,163.8421,162.875,163.25,1237991.0
1577318400,163.4,164.53,163.27,164.51,2156316.0
1577404800,164.86,165.46,163.9,164.98,3410032.0
1577664000,164.86,164.94,161.2,162.44,3197087.0
1577750400,162.04,163.26,161.8,162.64,3273515.0
1577923200,163.92,167.07,163.58,166.99,5094557.0
1578009600,165.06,166.77,165.0,166.17,3205583.0
1578268800,165.0,173.67,164.45,173.45,8843581.0
1578355200,173.23,176.87,172.09,176.0,8310525.0
1578441600,175.23,178.85,174.75,177.33,7226234.0
1578528000,178.84,179.9,177.29,179.6,5954966.0
1578614400,179.84,180.68,178.69,180.2,5112302.0
1578873600,181.26,184.45,181.13,183.85,6205333.0
1578960000,183.5,183.85,182.04,182.12,4347509.0
1579046400,181.68,183.085,180.615,181.06,3886843.0
1579132800,182.23,183.11,180.96,182.69,3485298.0
1579219200,183.23,183.34,181.36,182.23,4577245.0
1579564800,181.51,186.0,181.5,185.27,6302448.0
1579651200,185.39,186.44,182.69,182.75,4781769.0
1579737600,183.21,184.3,181.3,183.98,4369337.0
1579824000,185.0,186.13,181.13,182.11,4653931.0
1580083200,178.77,181.73,177.3,180.71,4239357.0
1580169600,181.14,183.855,180.3503,182.85,3445530.0
1580256000,184.0,184.1,181.62,181.77,2789482.0
1580342400,180.9,185.94,180.54,185.67,3716140.0
1580428800,184.86,186.03,180.79,182.31,4193259.0
1580688000,183.26,185.874,181.85,185.42,4755709.0
1580774400,188.0,189.69,186.65,188.34,3983248.0
1580860800,190.4,190.55,182.86,185.49,6162711.0
1580947200,186.83,187.56,184.24,186.73,4102926.0
1581033600,186.85,188.65,185.65,185.72,3713079.0
1581292800,186.17,189.27,185.5618,189.12,3873498.0
1581379200,191.48,192.6,188.65,189.11,4299231.0
1581465600,189.71,190.52,186.77,189.46,4535367.0
1581552000,188.5,191.05,188.42,188.64,3132057.0
1581638400,189.35,190.25,188.1,189.95,3599445.0
1581984000,190.95,191.5,188.92,191.09,4957450.0
1582070400,192.0,193.92,191.8,192.87,3903153.0
1582156800,194.0,195.72,189.77,193.36,5451154.0
1582243200,191.84,192.04,186.72,189.5,5244259.0
1582502400,178.79,187.15,178.79,185.94,8463256.0
1582588800,188.47,189.98,179.43,181.27,11361120.0
1582675200,176.54,182.665,174.25,178.87,13926480.0
1582761600,172.21,178.33,170.05,172.15,9927314.0
1582848000,164.99,171.77,163.12,170.4,12643590.0
1583107200,172.2,176.79,168.59,176.76,7761040.0
1583193600,178.41,178.42,167.09,169.37,8323455.0
1583280000,172.25,175.81,169.63,175.69,5846719.0
1583366400,172.57,173.75,168.1,169.6,5797479.0
1583452800,165.67,167.57,158.54,164.08,9757735.0
1583712000,151.7,157.71,150.64,151.21,9657064.0
1583798400,157.23,161.47,151.0,161.34,11443930.0
1583884800,157.68,159.62,150.15,154.57,10345330.0
1583971200,144.34,151.23,140.1,140.59,13212960.0
1584057600,149.47,149.5,135.32,147.78,13765420.0
1584316800,134.01,141.55,123.39,124.3,13845250.0
1584403200,127.0,138.01,122.92,135.42,12191540.0
1584489600,125.54,133.42,115.29,132.24,12988160.0
1584576000,131.59,144.0,128.86,139.46,10444040.0
1584662400,140.42,146.2,134.6,139.35,12450120.0
1584921600,138.76,143.72,134.0921,140.52,11898210.0
1585008000,144.63,154.14,143.176,153.64,11834350.0
1585094400,152.67,158.02,146.96,147.06,10639270.0
1585180800,148.3,155.08,147.73,154.73,8578887.0
1585267200,150.63,151.45,144.91,146.0,8273549.0
1585526400,147.72,153.0,146.56,149.85,7650429.0
1585612800,149.03,151.95,142.78,143.98,10431480.0
1585699200,138.32,139.06,133.1,134.06,8737615.0
1585785600,134.01,135.39,130.0362,134.32,8150532.0
1585872000,134.45,136.19,131.6608,134.31,6004409.0
1586131200,139.0,149.85,138.3,147.55,12296770.0
1586217600,150.33,150.8,144.51,145.07,7859451.0
1586304000,146.3,152.16,145.0,151.12,7665521.0
1586390400,152.39,156.1,151.68,154.55,7094576.0
1586736000,154.12,155.3147,149.995,152.5,5138591.0
1586822400,155.71,158.79,155.15,157.71,7334310.0
1586908800,155.08,157.2728,154.0,155.63,4042624.0
1586995200,157.0,158.0,154.25,157.06,4391510.0
1587081600,160.0,163.26,157.63,162.62,7312872.0
1587340800,160.75,164.31,160.52,162.76,4685993.0
1587427200,160.0,160.09,148.0,150.56,13737880.0
1587513600,154.0,155.7,150.6742,154.14,6665468.0
1587600000,153.5,156.4696,151.5,151.72,6281430.0
1587686400,153.59,154.5,151.3,153.98,6712013.0
1587945600,155.54,158.44,154.2,157.63,5036448.0
1588032000,159.5,160.81,154.18,154.46,4731803.0
1588118400,157.88,161.89,156.52,160.43,5256730.0
1588204800,161.63,165.3,160.01,161.95,6830654.0
1588291200,158.49,160.17,155.26,156.37,4277134.0
1588550400,155.58,162.02,155.08,161.47,5974158.0
1588636800,162.53,164.14,160.25,163.25,5264761.0
1588723200,164.44,165.71,162.9229,163.67,4112567.0
1588809600,166.5,171.27,166.02,169.9,6461957.0
1588896000,172.95,176.08,171.15,175.9,5405882.0
1589155200,175.56,183.3,174.16,182.67,8695960.0
1589241600,183.0,183.02,177.01,177.54,5904630.0
1589328000,175.17,175.21,166.2691,169.64,12534950.0
1589414400,168.44,168.57,164.57,167.0,7442262.0
1589500800,167.27,171.72,166.18,171.33,5673821.0
1589760000,174.0,177.0,172.13,172.5,6399484.0
1589846400,172.75,178.2,172.75,176.04,5264042.0
1589932800,178.57,179.14,174.9,176.93,4951152.0
1590019200,176.93,178.292,174.93,175.26,4429652.0
1590105600,176.6,178.64,175.45,177.85,4965119.0
1590451200,182.0,182.0,176.22,176.52,8353577.0
1590537600,176.29,176.61,171.37,176.6,6340206.0
1590624000,180.0,184.8,177.1,181.1,10363610.0
1590710400,174.3,175.0,170.69,174.79,19645390.0
1590969600,173.1,177.52,172.68,176.36,5719312.0
1591056000,174.85,174.895,171.22,174.23,8571769.0
1591142400,174.83,175.93,172.841,174.99,6004048.0
1591228800,175.0,175.43,170.0,171.44,7301551.0
1591315200,170.11,174.185,167.0,173.88,8232167.0
1591574400,173.63,176.57,172.66,176.55,4592583.0
1591660800,176.0,176.0,173.53,174.56,4025596.0
1591747200,176.25,182.5,176.05,182.1,8127243.0
1591833600,176.64,178.43,172.0,172.05,6521167.0
1591920000,175.9,177.69,171.86,175.11,5443819.0
1592179200,172.0,178.9,171.27,178.61,6001846.0
1592265600,180.01,182.5,178.01,180.48,5825189.0
1592352000,180.97,182.745,180.68,181.4,5038626.0
1592438400,181.91,189.0,181.615,187.66,8677753.0
1592524800,189.5,191.25,185.49,186.95,11840970.0
1592784000,187.03,192.5,187.0,191.65,6252237.0
1592870400,192.0,194.09,188.59,189.06,6950841.0
1592956800,187.51,189.3,184.04,185.55,4903134.0
1593043200,186.14,188.7661,184.44,188.34,4022421.0
1593129600,188.0,188.22,183.02,183.17,7595666.0
1593388800,183.32,183.7099,180.0,183.33,3972149.0
1593475200,183.45,187.89,183.13,187.33,4478900.0
1593561600,188.1,192.82,187.46,191.89,4754613.0
1593648000,193.16,195.39,192.29,192.53,4200292.0
1593993600,194.44,199.45,193.84,197.72,5794241.0
1594080000,197.66,200.22,196.21,196.38,5431497.0
1594166400,198.0,201.2,197.35,200.28,4233731.0
1594252800,202.02,202.82,195.64,200.74,6062761.0
1594339200,200.06,200.725,197.0834,198.88,3783209.0
1594598400,200.0,200.26,188.03,188.34,5555350.0
1594684800,185.99,189.96,183.3,189.56,5854719.0
1594771200,191.03,192.1,186.75,188.09,7681765.0
1594857600,186.42,186.8584,181.93,185.51,7350001.0
1594944000,187.14,188.4,183.36,187.78,4325636.0
1595203200,187.9,195.31,187.27,195.09,5728974.0
1595289600,196.0,196.5,189.48,190.8,5377815.0
1595376000,190.78,191.87,188.87,191.31,2833242.0
1595462400,191.48,194.57,187.51,188.54,3639519.0
1595548800,186.06,188.94,184.375,188.49,3908386.0
1595808000,189.9,191.56,188.65,190.96,3015701.0
1595894400,191.0,192.97,189.05,189.5,3114398.0
1595980800,190.15,194.555,189.75,193.61,3747754.0
1596067200,190.09,191.92,187.37,191.7,3587429.0
1596153600,193.0,194.99,190.6696,194.85,3734611.0
1596412800,197.8,204.79,196.57,203.19,6561007.0
1596499200,203.0,203.39,198.9,201.41,4438519.0
1596585600,202.8,203.9,201.58,202.64,3615762.0
1596672000,202.97,209.95,202.4,207.79,5113305.0
1596758400,206.62,206.94,198.58,201.05,5423414.0
1597017600,200.4,201.48,195.72,197.16,5528192.0
1597104000,193.62,195.84,191.72,191.99,5015367.0
1597190400,193.0,195.418,192.12,192.62,3982152.0
1597276800,193.32,198.07,193.23,195.14,4711598.0
1597363200,195.22,195.48,192.52,193.46,2833235.0
1597622400,195.34,197.07,194.416,196.74,3574549.0
1597708800,199.33,204.8,199.0,204.01,7284820.0
1597795200,204.0,207.1,200.03,205.11,7080746.0
1597881600,203.85,210.11,203.51,209.51,5175146.0
1597968000,209.94,210.0,206.25,207.53,5727827.0
1598227200,208.88,209.29,205.15,208.46,5698981.0
1598313600,213.22,218.35,210.8,216.05,27096460.0
1598400000,251.96,277.97,249.47,272.32,63253350.0
1598486400,267.0,278.28,260.84,276.32,22817090.0
1598572800,271.28,275.75,267.4,271.1,28067960.0
1598832000,270.0,274.71,265.91,272.65,16010100.0
1598918400,271.0,281.93,270.58,281.25,13303240.0
1599004800,283.47,284.5,268.57,276.69,12963780.0
1599091200,270.58,271.75,257.41,265.01,14000570.0
1599177600,262.98,265.67,243.2,254.7,14374290.0
1599523200,240.565,253.675,240.1401,241.27,15229590.0
1599609600,246.4,253.45,242.96,250.43,9988571.0
1599696000,254.81,256.5071,246.97,247.8,5944965.0
1599782400,250.72,251.3,239.45,243.1,5455231.0
1600041600,246.31,248.87,244.04,246.64,4255201.0
1600128000,251.37,251.94,248.5101,251.68,4133574.0
1600214400,254.67,255.43,250.23,250.6,5443037.0
1600300800,246.12,248.815,241.31,244.53,5279535.0
1600387200,245.13,248.11,238.7101,242.78,6595560.0
1600646400,238.97,245.13,236.8,245.05,5561603.0
1600732800,246.74,248.57,241.26,247.78,3600779.0
1600819200,248.485,248.77,235.35,235.99,7507921.0
1600905600,235.84,239.9574,233.63,237.55,4166772.0
1600992000,237.39,243.945,235.05,242.74,5117842.0
1601251200,247.56,248.58,242.21,246.67,4088330.0
1601337600,245.26,247.8965,244.5,247.45,4009932.0
1601424000,246.65,255.4068,246.221,251.32,8188533.0
1601510400,253.18,254.67,250.81,253.45,4318011.0
1601596800,249.75,254.95,247.21,247.85,4494464.0
1601856000,250.0,253.28,249.0,251.53,3403534.0
1601942400,252.73,257.29,249.0,250.14,4448122.0
1602028800,252.2,260.74,252.2,259.98,4963168.0
1602115200,264.2,264.62,257.08,260.22,4150423.0
1602201600,262.9,266.05,261.5,265.98,4225023.0
1602460800,270.0,270.0,265.2927,267.07,4317010.0
1602547200,266.42,268.7894,264.23,266.83,3713230.0
1602633600,270.0,270.16,258.7459,261.83,5133096.0
1602720000,258.11,260.52,254.02,257.72,5262379.0
1602806400,259.24,262.52,258.49,258.55,3098043.0
1603065600,259.76,261.4799,254.5,255.01,3242263.0
1603152000,256.12,259.18,254.05,255.97,2989655.0
1603238400,256.45,258.31,251.85,254.23,2794023.0
1603324800,253.89,255.22,246.13,249.67,3688499.0
1603411200,250.1,250.57,246.81,250.52,3159644.0
1603670400,245.3,248.11,237.38,241.98,5864144.0
1603756800,248.0,251.75,245.765,250.3,4285593.0
1603843200,244.6,245.45,238.01,238.43,4425446.0
1603929600,242.52,242.52,237.13,237.14,4588957.0
1604016000,235.82,237.75,228.66,232.27,5743182.0
1604275200,235.12,238.5,228.99,232.45,3953394.0
1604361600,235.1,240.94,233.28,237.13,4151377.0
1604448000,246.02,252.875,243.24,250.74,6505415.0
1604534400,258.11,260.9186,255.44,260.22,8961728.0
1604620800,260.0,261.75,254.49,260.15,3798638.0
1604880000,260.95,270.92,257.25,259.28,8777470.0
1604966400,258.06,259.0,242.9,247.66,6863193.0
1605052800,253.51,256.74,251.21,254.18,4163391.0
1605139200,247.4,254.97,246.3607,249.42,5612679.0
1605225600,252.84,253.79,247.56,249.51,5162933.0
1605484800,249.52,253.49,248.18,249.89,5712565.0
1605571200,253.74,258.27,250.463,256.17,5090667.0
1605657600,256.4,262.66,255.85,257.16,5880543.0
1605744000,256.84,267.09,255.66,264.65,8084559.0
1605830400,263.59,265.02,257.82,258.04,7289605.0
1606089600,261.23,261.74,254.61,257.64,5385625.0
1606176000,260.0,262.31,257.82,260.84,5802107.0
1606262400,263.73,266.095,245.05,246.82,26394900.0
1606435200,251.0,251.84,247.03,247.63,7395034.0
1606694400,245.48,247.63,236.07,245.8,18966440.0
1606780800,245.0,246.7,238.7,241.35,19349100.0
1606867200,225.48,226.0,215.63,220.78,52225540.0
1606953600,226.11,226.11,220.1301,220.97,21395320.0
1607040000,223.82,228.5978,221.8212,225.86,20504770.0
1607299200,228.11,229.87,226.25,227.7,12864070.0
1607385600,228.65,229.5,225.66,227.86,12116750.0
1607472000,228.05,228.84,220.0672,220.57,15651840.0
1607558400,220.57,224.31,220.16,222.92,9258643.0
1607644800,221.92,222.74,219.98,222.42,8214441.0
1607904000,223.09,223.47,220.45,221.27,8508542.0
1607990400,222.07,222.14,218.2,220.15,10775830.0
1608076800,221.48,224.0,220.25,223.62,8821387.0
1608163200,224.9,226.73,224.5,225.92,9946888.0
1608249600,227.02,227.82,224.4,227.43,11845440.0
1608508800,224.9,227.44,224.71,226.47,9219003.0
1608595200,227.0,231.87,226.6,231.17,10367340.0
1608681600,232.5,233.18,227.11,227.43,7090526.0
1608768000,228.3,229.19,224.8252,225.78,6146282.0
1609113600,227.222,227.84,222.05,224.64,6422513.0
1609200000,224.97,225.3,220.86,222.46,6122445.0
1609286400,223.13,223.6416,221.58,222.4,4724009.0
1609372800,222.27,222.79,220.17,222.53,6011121.0
1609718400,222.64,223.75,215.72,220.31,10319920.0
1609804800,219.49,223.0,217.99,221.52,8657235.0
1609891200,218.0,220.46,215.78,216.15,9789849.0
1609977600,217.03,220.66,216.5,217.98,8443142.0
1610064000,220.0,222.32,219.22,222.04,7301710.0
1610323200,219.63,220.58,216.23,218.25,7206463.0
1610409600,218.0,218.3,214.09,215.52,10735960.0
1610496000,217.0,218.9,215.53,218.18,6839171.0
1610582400,218.23,219.5,215.55,215.6,6548025.0
1610668800,216.17,217.87,212.985,213.14,8525598.0
1611014400,215.35,217.28,213.7,216.76,7753752.0
1611100800,221.99,224.64,219.97,223.44,9857747.0
1611187200,223.69,224.74,220.82,222.17,6800810.0
1611273600,224.9,227.79,223.75,225.77,10186080.0
1611532800,229.69,230.3,221.32,225.92,8213455.0
1611619200,227.8,227.91,224.54,226.26,5021036.0
1611705600,223.7,227.81,221.58,224.78,7641060.0
1611792000,225.0,229.6,225.0,226.5,7246045.0
1611878400,224.66,228.79,223.02,225.56,6472983.0
1612137600,227.21,229.9,224.745,228.46,5696684.0
1612224000,231.47,235.95,231.38,234.2,7134891.0
1612310400,235.0,236.0,232.26,234.82,5357550.0
1612396800,235.52,238.23,235.47,237.98,4770722.0
1612483200,239.15,239.36,236.41,238.89,5019976.0
1612742400,239.51,241.11,237.13,238.93,4336360.0
1612828800,239.56,240.08,236.2366,236.7,5157234.0
1612915200,237.45,238.22,233.96,236.72,5535571.0
1613001600,238.93,242.89,238.58,241.24,6091619.0
1613088000,240.95,241.56,238.91,240.37,4314439.0
1613433600,245.0,251.23,243.8,248.59,10837610.0
1613520000,248.59,249.5,245.5,247.66,5907885.0
1613606400,245.97,248.01,242.5701,247.01,4159075.0
1613692800,248.0,249.39,245.98,246.56,4647670.0
1613952000,244.26,244.52,240.38,240.95,5055001.0
1614038400,235.26,238.96,229.01,235.64,8641607.0
1614124800,235.53,241.5,231.51,240.47,6128260.0
1614211200,238.53,240.35,229.77,231.08,8828937.0
1614297600,229.39,230.5,216.34,216.5,20372920.0
1614556800,219.9,220.2,215.03,217.54,14027680.0
1614643200,218.4,218.6,213.34,213.47,10211490.0
1614729600,212.83,213.32,205.395,206.0,11459020.0
1614816000,206.84,209.09,201.51,205.33,12800550.0
1614902400,210.01,212.35,203.22,210.76,11405950.0
1615161600,213.62,214.9,207.57,207.72,9576414.0
1615248000,212.18,215.79,211.17,211.53,9732242.0
1615334400,214.72,216.15,211.77,211.96,7186394.0
1615420800,215.0,218.17,214.3537,215.95,6430984.0
1615507200,213.45,213.85,209.3,212.21,6114641.0
1615766400,211.85,212.94,209.5,212.8,5741240.0
1615852800,214.84,216.69,213.475,214.48,5311048.0
1615939200,213.52,214.81,210.86,213.12,5805143.0
1616025600,210.7,211.38,208.4,209.48,5583153.0
1616112000,209.81,212.75,209.07,212.2,7088442.0
1616371200,211.48,216.98,211.365,215.17,5002466.0
1616457600,214.76,217.43,214.33,215.0,4578046.0
1616544000,215.13,215.28,209.41,209.53,4617736.0
1616630400,206.17,208.17,204.37,205.44,7977209.0
1616716800,205.64,209.41,204.77,209.09,7333155.0
1616976000,209.01,211.652,205.99,210.77,5686945.0
1617062400,208.64,211.29,207.355,210.0,4717943.0
1617148800,210.44,213.6699,210.11,211.87,6837964.0
1617235200,213.6,218.93,213.37,218.72,7763501.0
1617580800,219.61,221.84,218.93,220.29,5553185.0
1617667200,219.82,221.55,218.25,221.09,5448464.0
1617753600,221.96,222.68,219.39,220.79,4403436.0
1617840000,223.0,225.71,222.45,224.45,6169133.0
1617926400,224.33,231.31,223.63,231.28,7319270.0
1618185600,229.52,229.85,227.15,228.76,6205676.0
1618272000,229.0,233.49,228.5,232.0,5397052.0
1618358400,232.85,233.14,227.66,228.02,4617597.0
1618444800,229.87,233.08,229.5,233.0,5073856.0
1618531200,234.0,234.0,229.8935,231.91,5088749.0
1618790400,230.83,232.1953,228.87,230.5,4257749.0
1618876800,230.0,231.45,226.89,227.96,4081214.0
1618963200,227.11,230.79,226.67,230.56,4024031.0
1619049600,230.0,233.89,229.01,231.35,4975361.0
1619136000,232.94,235.49,231.75,233.51,5448503.0
1619395200,234.04,235.8044,232.4155,235.46,3459634.0
1619481600,235.46,235.9,231.91,234.21,3445222.0
1619568000,235.0,238.33,233.53,236.88,4274512.0
1619654400,237.32,237.67,232.17,234.36,4140803.0
1619740800,232.8,234.5,229.52,230.32,5024797.0
1620000000,230.77,231.46,223.07,223.76,5835707.0
1620086400,221.67,222.0,214.3601,217.18,6727513.0
1620172800,218.82,219.5666,214.84,215.4,2676876.0
1620259200,215.805,218.28,213.5,218.05,5200021.0
1620345600,220.51,221.2462,215.09,216.5,5774748.0
1620604800,215.498,215.96,213.23,213.89,5263698.0
1620691200,209.0,216.565,208.91,215.56,6097853.0
1620777600,213.34,213.3699,209.0,210.54,5482463.0
1620864000,212.97,215.64,210.471,211.86,5337992.0
1620950400,214.19,218.27,214.15,217.66,4429018.0
1621209600,216.59,217.72,212.82,215.06,3811563.0
1621296000,215.44,217.3523,213.79,214.33,3540556.0
1621382400,215.85,221.6,214.51,221.34,8092067.0
1621468800,222.98,226.83,222.36,223.78,6705464.0
1621555200,225.21,225.7842,222.44,222.58,4913623.0
1621814400,225.0,227.6,224.21,226.99,5288324.0
1621900800,228.0,229.72,226.28,227.71,6256329.0
1621987200,228.48,230.24,228.29,229.68,5807104.0
1622073600,229.52,229.52,225.39,225.83,15344060.0
1622160000,239.22,243.5,237.83,238.1,17814520.0
1622505600,238.0,238.4,232.46,236.2,8103888.0
1622592000,234.4,238.29,233.9,234.62,5543876.0
1622678400,232.89,233.18,229.43,230.84,5109029.0
1622764800,231.63,237.89,231.52,237.48,6177588.0
1623024000,236.6,239.47,235.84,238.14,3510776.0
1623110400,238.8,241.79,235.67,236.42,5827260.0
1623196800,238.87,238.87,235.51,236.09,3350916.0
1623283200,236.0,240.29,235.15,240.19,4659511.0
1623369600,239.03,240.37,238.41,240.31,4624184.0
1623628800,240.7,246.64,240.48,246.26,6764691.0
1623715200,245.21,245.355,242.01,242.58,5135289.0
1623801600,242.0,245.01,239.48,242.39,5099349.0
1623888000,242.0,247.18,241.2,244.43,5170176.0
1623974400,241.85,246.01,241.06,242.78,7822172.0
1624233600,243.45,244.72,238.89,244.48,5895120.0
1624320000,243.8,244.72,240.8895,243.11,4457165.0
1624406400,243.75,244.5,240.85,241.84,4482408.0
1624492800,243.35,247.69,242.7,243.77,4987330.0
1624579200,244.19,244.2,240.99,241.87,15409270.0
1624838400,244.21,247.59,243.6,244.57,4274889.0
1624924800,244.44,246.78,242.43,245.81,3871917.0
1625011200,245.48,246.625,243.5,244.27,4168762.0
1625097600,244.5,246.59,242.62,244.98,3899605.0
1625184000,246.92,248.96,245.84,248.2,4056827.0
1625529600,249.0,252.92,248.3759,250.25,5590223.0
1625616000,253.0,253.5,247.86,248.44,5101415.0
1625702400,244.84,246.58,241.74,245.8,5159623.0
1625788800,245.59,248.0,244.09,245.06,4213545.0
1626048000,247.22,247.26,241.85,242.91,5604490.0
1626134400,242.29,247.155,241.68,244.02,6699829.0
1626220800,244.5,246.145,239.87,242.43,6375745.0
1626307200,241.22,242.025,235.8201,237.58,7912574.0
1626393600,238.3,240.88,237.77,238.43,7288104.0
1626652800,236.51,238.5,234.3101,237.55,8842963.0
1626739200,238.7,243.18,236.27,240.11,8486974.0
1626825600,241.44,242.98,238.27,242.11,15323130.0
1626912000,243.5,248.7,243.34,248.28,7868703.0
1626998400,250.0,250.56,246.68,248.25,5877259.0
1627257600,248.2,248.48,245.82,247.6,3960897.0
1627344000,247.21,248.13,241.19,243.51,6352540.0
1627430400,243.82,246.08,243.0,243.96,4100237.0
1627516800,243.49,246.16,243.49,244.04,3271103.0
1627603200,243.0,244.24,241.63,241.93,3748445.0
1627862400,242.31,242.47,238.88,240.86,3525726.0
1627948800,241.38,243.05,239.04,241.13,3077919.0
1628035200,241.62,244.65,239.67,244.17,4121614.0
1628121600,244.68,250.9015,243.5418,250.56,5235193.0
1628208000,249.23,252.08,249.22,250.59,4045384.0
1628467200,251.42,252.42,247.85,249.32,3312170.0
1628553600,250.87,251.25,243.04,243.39,4430617.0
1628640000,244.67,246.15,240.1,242.28,3999205.0
1628726400,242.5,248.43,241.93,248.39,4468390.0
1628812800,251.71,253.77,248.87,251.56,5986436.0
1629072000,250.17,251.0,244.47,249.2,4048733.0
1629158400,248.26,249.2,245.94,246.99,3472597.0
1629244800,248.0,256.795,247.72,251.22,8306650.0
1629331200,249.17,255.4399,248.38,253.07,6600793.0
1629417600,253.0,257.87,252.61,256.13,5510730.0
1629676800,257.0,261.855,256.57,260.52,7603867.0
1629763200,261.92,262.5,259.0588,259.66,6685164.0
1629849600,260.86,261.9,258.745,260.85,9700952.0
1629936000,269.8,275.22,267.36,267.79,18986970.0
1630022400,267.86,270.91,265.43,266.53,7992509.0
1630281600,265.81,267.58,264.75,264.97,5729953.0
1630368000,264.77,266.77,262.7,265.27,5901518.0
1630454400,266.27,273.26,265.59,268.32,7189035.0
1630540800,269.0,269.26,263.92,264.15,4499608.0
1630627200,263.6,267.41,261.8001,267.08,7357515.0
1630972800,266.54,267.9,264.07,265.21,4673779.0
1631059200,263.62,264.34,261.58,262.62,3851513.0
1631145600,261.82,263.71,260.451,260.74,4126467.0
1631232000,261.0,261.5899,256.5,257.2,5280883.0
1631491200,257.0,257.6891,252.19,254.11,5258184.0
1631577600,254.11,255.11,253.0,254.37,4097542.0
1631664000,254.54,256.745,252.95,256.16,4764574.0
1631750400,255.53,261.22,255.0,260.36,5122575.0
1631836800,259.27,261.7,258.68,260.53,7053537.0
1632096000,256.59,259.215,254.94,258.22,5985544.0
1632182400,259.47,262.55,257.77,257.97,6040565.0
1632268800,258.9,260.359,256.21,259.17,4355561.0
1632355200,270.0,279.39,266.4,277.86,15617210.0
1632441600,278.5,286.36,278.21,285.63,13368310.0
1632700800,282.44,283.76,279.04,279.68,5941145.0
1632787200,275.11,276.7,270.04,272.28,7127081.0
1632873600,273.49,274.6822,269.24,270.5,4361850.0
1632960000,270.65,274.26,270.44,271.22,5226998.0
1633046400,271.5,276.34,268.77,275.26,4756004.0
1633305600,275.22,275.3,266.14,270.86,6393840.0
1633392000,272.11,273.549,271.03,271.77,4050404.0
1633478400,269.67,275.49,267.5,275.27,4745485.0
1633564800,276.9,279.5,274.085,274.58,5374204.0
1633651200,275.54,276.92,272.27,272.48,2683286.0
1633910400,271.78,276.27,271.51,273.75,2693021.0
1633996800,276.42,280.7496,276.0242,279.0,5970095.0
1634083200,280.0,285.1,278.6,284.41,6575213.0
1634169600,286.0,290.64,284.66,290.02,5435676.0
1634256000,292.49,292.87,289.32,291.66,5119331.0
1634515200,290.78,293.25,288.71,291.7,5163348.0
1634601600,292.1,295.53,291.36,292.34,3631164.0
1634688000,293.11,295.41,287.95,290.09,4487918.0
1634774400,289.47,291.5741,288.27,289.81,2828499.0
1634860800,289.0,293.0,288.18,292.56,2927049.0
1635120000,293.3,295.13,291.72,293.92,2993500.0
1635206400,295.78,298.36,293.62,295.11,3601447.0
1635292800,296.53,299.19,295.09,295.15,3742741.0
1635379200,295.07,298.8099,293.53,298.38,3450407.0
1635465600,298.0,300.78,296.27,299.69,4251850.0
1635724800,301.5,304.86,299.72,302.76,3825097.0
1635811200,301.72,303.44,299.41,302.95,4177512.0
1635897600,303.95,303.95,298.19,302.89,3260169.0
1635984000,303.5,308.41,302.4,308.04,3833787.0
1636070400,308.5,311.4,303.34,307.25,4681990.0
1636329600,307.2,311.39,305.9001,309.96,3893014.0
1636416000,310.0,311.75,307.22,309.71,3126523.0
1636502400,306.57,308.59,297.885,299.67,4350924.0
1636588800,301.5,305.75,301.5,302.98,2681892.0
1636675200,304.5,307.22,301.63,306.65,3803734.0
1636934400,306.9,307.76,303.23,305.49,3595625.0
1637020800,304.08,307.58,302.721,307.09,2989383.0
1637107200,307.78,309.9,307.25,308.02,3864656.0
1637193600,306.16,306.99,299.58,302.99,4444339.0
1637280000,305.71,306.0,301.1,301.17,4758869.0
1637539200,301.84,305.49,296.72,296.84,4476157.0
1637625600,293.65,296.47,288.31,291.42,6432469.0
1637712000,286.04,289.4499,283.2,289.17,5091437.0
1637884800,284.5,287.57,283.04,284.21,4195279.0
1638144000,289.52,298.39,284.7,296.74,8215565.0
1638230400,296.19,299.27,283.4,284.96,13597640.0
1638316800,271.26,276.94,251.46,251.5,30744430.0
1638403200,252.82,262.58,252.1401,261.2,12200790.0
1638489600,261.55,261.75,251.7,258.32,8944026.0
1638748800,256.1,259.23,250.71,258.75,7122951.0
1638835200,265.47,270.23,263.6,266.99,7401230.0
1638921600,268.31,268.5,264.57,266.31,4586480.0
1639008000,266.04,266.68,262.64,264.32,3966956.0
1639094400,266.1,270.57,264.44,266.03,3480091.0
1639353600,265.8,270.56,264.61,265.76,3625721.0
1639440000,262.0,262.15,253.3,255.59,7227339.0
1639526400,254.85,260.19,251.9,260.04,6484942.0
1639612800,260.0,261.3499,252.22,253.12,6556672.0
1639699200,251.24,253.9,246.79,252.93,12170270.0
1639958400,249.89,251.54,246.5,247.21,5580059.0
1640044800,248.0,253.01,245.25,252.55,5428209.0
1640131200,253.42,254.26,249.51,252.8,4982392.0
1640217600,251.23,254.31,249.335,253.14,3769478.0
1640563200,253.39,258.43,253.24,258.3,3532542.0
1640649600,259.73,260.78,254.938,255.45,3296365.0
1640736000,256.0,256.43,253.12,254.54,2592745.0
1640822400,255.3,257.9,254.46,255.33,2950573.0
1640908800,254.47,256.49,253.63,254.13,3169312.0
1641168000,255.01,256.7,248.65,255.46,4318489.0
1641254400,256.85,256.87,243.395,248.23,7240729.0
1641340800,236.17,238.2,227.31,227.67,18882470.0
1641427200,228.04,234.48,226.0532,229.15,9376094.0
1641513600,228.5,232.28,226.05,228.31,6286718.0
1641772800,225.5,229.83,218.89,229.63,7803784.0
1641859200,228.8,236.35,226.56,234.84,7635332.0
1641945600,237.0,239.28,235.76,237.83,6718884.0
1642032000,237.5,238.79,227.92,228.63,6680317.0
1642118400,228.03,233.29,227.6074,231.23,5805137.0
1642464000,228.45,230.73,225.3,226.06,6034024.0
1642550400,227.47,232.21,226.17,226.27,5332617.0
1642636800,229.07,231.4,222.49,222.94,5663652.0
1642723200,223.06,224.77,218.25,218.63,9128418.0
1642982400,212.39,223.38,207.51,223.03,11674760.0
1643068800,221.0,223.9,214.67,215.39,9092713.0
1643155200,219.61,221.46,209.07,211.0,10029560.0
1643241600,214.08,223.15,212.06,212.74,9468583.0
1643328000,214.3,222.29,210.88,222.13,8254892.0
1643587200,222.95,232.91,222.26,232.63,7084216.0
1643673600,232.37,232.78,226.32,232.12,6387115.0
1643760000,233.74,234.49,223.0169,225.01,9378866.0
1643846400,218.07,220.7909,210.4,212.77,12826600.0
1643932800,214.99,221.67,213.19,219.23,6176474.0
1644192000,219.0,221.44,216.66,216.97,3922259.0
1644278400,215.6,217.94,212.15,217.43,5628683.0
1644364800,221.14,222.19,215.57,222.04,6107708.0
1644451200,217.7,221.99,215.81,217.67,5312607.0
1644537600,217.62,219.93,206.1121,207.9,8165623.0
1644796800,205.8,209.9,204.63,206.4,7005942.0
1644883200,209.75,214.57,208.52,214.25,6355740.0
1644969600,211.0,212.42,208.21,211.74,7072715.0
1645056000,208.33,209.75,199.5,200.03,8820050.0
1645142400,200.4,202.6,195.79,196.84,6691812.0
1645488000,195.53,201.46,193.525,195.13,8434762.0
1645574400,196.35,199.0,190.13,190.54,7784294.0
1645660800,184.74,204.9,184.44,204.29,11792610.0
1645747200,204.724,208.4674,201.61,208.09,5853614.0
1646006400,207.79,211.67,206.95,210.53,7904654.0
1646092800,213.4,214.39,208.46,208.89,12587320.0
1646179200,216.1,217.3096,201.1501,210.39,16670100.0
1646265600,210.39,211.63,204.22,204.75,6559852.0
1646352000,204.7,206.38,199.26,203.01,6816423.0
1646611200,203.45,204.93,196.04,196.23,7043501.0
1646697600,194.28,197.2,189.2,192.08,8229049.0
1646784000,198.35,205.23,197.22,203.16,6881263.0
1646870400,199.1,201.2,197.53,200.15,5604161.0
1646956800,204.77,204.77,197.63,197.9,5196914.0
1647216000,198.24,200.16,191.82,193.12,5665470.0
1647302400,198.53,199.96,192.74,196.14,5276325.0
1647388800,198.66,205.9,197.33,205.57,6043359.0
1647475200,204.62,210.68,202.5601,210.41,5842555.0
1647561600,209.23,219.58,208.305,218.8,12220550.0
1647820800,218.19,219.1,210.61,213.72,6448739.0
1647907200,213.72,221.85,212.615,218.21,7018788.0
1647993600,213.87,213.93,208.31,211.11,8404667.0
1648080000,212.35,214.11,209.87,213.98,4150252.0
1648166400,214.27,215.86,208.48,211.03,3657994.0
1648425600,210.38,215.38,209.3,215.28,4290886.0
1648512000,218.62,222.155,216.77,221.29,5370373.0
1648598400,219.71,219.85,213.4,214.94,4951199.0
1648684800,214.5,216.79,211.79,212.32,7141260.0
1648771200,212.48,214.03,210.04,212.25,6007859.0
1649030400,214.63,221.0,214.1,218.85,7845801.0
1649116800,218.0,218.27,208.67,210.14,7304637.0
1649203200,205.21,205.465,198.08,200.82,7171285.0
1649289600,199.12,202.72,198.19,200.16,5245971.0
1649376000,198.64,200.14,196.62,197.17,3897664.0
1649635200,194.21,197.1,192.16,195.45,5173760.0
1649721600,199.75,201.12,194.58,194.81,4832184.0
1649808000,191.985,197.1,189.32,195.72,8733017.0
1649894400,196.32,196.45,189.22,189.41,5126676.0
1650240000,188.3,189.35,185.53,187.01,4899472.0
1650326400,187.24,192.2,185.52,191.39,6120405.0
1650412800,192.89,193.3,186.08,186.23,6015364.0
1650499200,188.78,190.17,176.74,177.23,9119512.0
1650585600,177.7,179.05,171.1,171.43,8843906.0
1650844800,169.69,174.76,169.2278,174.57,7988936.0
1650931200,172.62,173.72,167.55,170.08,8073280.0
1651017600,171.0,177.23,170.625,174.68,9644616.0
1651104000,181.41,186.93,178.98,185.74,10617860.0
1651190400,182.57,185.36,175.3,175.94,7110752.0
1651449600,175.09,177.78,173.12,177.57,6278442.0
1651536000,176.95,180.385,176.13,178.36,5047686.0
1651622400,179.71,185.98,174.74,185.48,7563074.0
1651708800,180.49,182.235,169.82,172.3,8379395.0
1651795200,169.49,172.43,165.58,169.7,7232666.0
1652054400,166.72,170.2885,162.13,163.6,9997769.0
1652140800,167.42,171.26,163.275,167.15,8598717.0
1652227200,165.5,169.98,160.83,161.27,7220076.0
1652313600,156.93,166.85,154.64,160.42,10187550.0
1652400000,163.55,168.68,162.01,166.91,6499749.0
1652659200,164.74,166.11,161.88,164.12,5065837.0
1652745600,167.33,169.1,158.27,163.73,7317728.0
1652832000,162.82,164.52,156.19,157.33,7454376.0
1652918400,155.23,159.25,154.73,155.6,8382193.0
1653004800,158.74,160.73,154.55,159.65,9068740.0
1653264000,159.84,160.73,155.91,160.32,6148844.0
1653350400,157.77,158.39,154.55,156.93,6928394.0
1653436800,155.32,161.89,155.32,159.65,7436776.0
1653523200,159.69,163.69,157.57,162.46,6697678.0
1653609600,160.67,165.23,160.25,165.1,7883615.0
1653955200,166.96,167.28,159.35,160.24,18114610.0
1654041600,178.01,184.42,174.37,176.07,37037410.0
1654128000,175.0,190.13,174.7,188.4,19231220.0
1654214400,185.0,189.64,183.8,184.91,9223960.0
1654473600,188.93,190.42,181.7,182.87,5811718.0
1654560000,181.71,188.6,181.71,187.15,6331089.0
1654646400,187.0,190.5599,185.39,189.19,6226152.0
1654732800,188.53,192.6799,186.61,187.11,8486282.0
1654819200,183.63,183.95,177.2044,178.45,7857553.0
1655078400,170.55,172.68,165.06,166.03,10726190.0
1655164800,168.73,169.63,162.15,164.45,8576172.0
1655251200,166.73,171.5,164.68,168.55,7740676.0
1655337600,163.73,166.9,158.62,159.85,8090882.0
1655424000,158.56,166.23,158.17,163.26,13074630.0
1655769600,165.05,169.35,164.9,166.83,6736788.0
1655856000,164.7,170.45,164.21,167.45,5865254.0
1655942400,169.09,173.3899,167.12,173.05,7257956.0
1656028800,177.72,186.405,176.55,185.92,12107110.0
1656288000,186.11,186.58,180.4715,181.31,6170845.0
1656374400,180.29,182.33,171.44,171.46,6682362.0
1656460800,172.5,173.78,168.06,170.61,5430441.0
1656547200,165.05,167.5,161.11,165.04,9539418.0
1656633600,164.76,169.15,164.05,168.2,4561576.0
1656979200,166.1,172.35,164.61,172.2,4618069.0
1657065600,173.52,175.06,170.83,172.73,4085109.0
1657152000,174.17,176.9392,173.17,176.64,4000121.0
1657238400,174.05,176.61,172.84,175.5,2869242.0
1657497600,174.0,176.32,171.26,174.36,3697537.0
1657584000,172.21,173.38,164.35,166.33,7072984.0
1657670400,162.41,165.84,161.17,163.49,6225916.0
1657756800,161.03,161.71,157.65,161.04,6096089.0
1657843200,163.71,167.61,162.22,167.38,6037651.0
1658102400,168.95,172.64,167.11,167.89,3818189.0
1658188800,170.92,174.1,167.81,173.81,4373417.0
1658275200,176.1,183.4999,175.61,182.45,5654028.0
1658361600,180.66,185.53,179.905,185.35,3885958.0
1658448000,185.07,187.56,180.93,182.47,3804734.0
1658707200,181.83,181.99,175.075,177.29,4407891.0
1658793600,177.11,177.13,169.7601,170.46,3886477.0
1658880000,174.86,182.23,174.35,180.3,4960877.0
1658966400,178.41,181.88,175.93,181.29,4562052.0
1659052800,181.82,184.42,180.22,184.02,4751359.0
1659312000,181.3,185.18,179.76,182.98,3997132.0
1659398400,180.81,185.14,179.4311,183.79,4317852.0
1659484800,185.53,190.68,185.37,189.65,5786256.0
1659571200,188.56,191.58,187.25,191.27,3759666.0
1659657600,187.0,191.8,186.28,190.17,4090307.0
1659916800,191.09,194.37,189.08,189.75,3398638.0
1660003200,186.3,187.13,179.82,182.24,5851671.0
1660089600,188.16,189.569,186.21,188.61,4179165.0
1660176000,192.13,192.5,186.32,186.73,4175064.0
1660262400,186.63,190.02,185.505,189.89,3846152.0
1660521600,189.05,192.105,188.9,191.06,2768479.0
1660608000,189.55,190.85,186.36,189.59,3835945.0
1660694400,187.72,189.43,186.47,187.96,3181278.0
1660780800,188.42,188.57,186.61,187.93,2791624.0
1660867200,185.22,185.44,181.58,183.77,4346139.0
1661126400,180.0,180.59,176.06,176.98,5182913.0
1661212800,175.88,178.1093,174.905,176.0,5076836.0
1661299200,176.67,181.23,176.06,180.01,11438810.0
1661385600,168.58,174.14,165.56,173.91,24025590.0
1661472000,173.96,176.3,164.63,165.23,11074720.0
1661731200,164.28,165.815,160.05,160.21,9329900.0
1661817600,162.14,163.85,158.38,159.67,8079359.0
1661904000,159.79,161.21,155.97,156.12,9166083.0
1661990400,154.87,155.33,150.87,153.53,9924037.0
1662076800,156.46,158.67,152.96,153.69,7315696.0
1662422400,152.88,154.43,150.82,151.72,6373733.0
1662508800,151.29,154.0615,150.48,153.28,6211356.0
1662595200,152.32,157.03,151.78,156.9,6659237.0
1662681600,158.6,163.295,158.47,162.59,5645429.0
1662940800,163.69,165.66,162.74,165.63,6353354.0
1663027200,158.25,161.255,157.81,158.1,5463179.0
1663113600,158.59,161.65,158.01,160.28,6037309.0
1663200000,156.8,159.84,154.31,154.78,7012150.0
1663286400,151.92,152.206,149.56,151.51,9882285.0
1663545600,150.71,153.54,150.4,152.83,4874836.0
1663632000,151.0,151.58,148.852,149.8,5505747.0
1663718400,151.22,153.3,147.51,147.63,6164388.0
1663804800,149.51,152.86,149.15,150.15,12405070.0
1663891200,148.07,149.84,144.79,147.01,9175754.0
1664150400,147.0,151.19,145.35,146.32,7862409.0
1664236800,148.37,150.61,146.255,148.89,7046635.0
1664323200,146.0,150.875,145.6665,150.17,7908447.0
1664409600,148.45,148.98,145.01,146.81,8602480.0
1664496000,146.01,148.63,143.75,143.84,7575618.0
1664755200,144.98,148.96,143.9,147.9,6819910.0
1664841600,151.7,157.415,151.22,155.73,8017945.0
1664928000,152.2,156.96,151.9399,156.23,4256243.0
1665014400,155.72,158.25,154.441,155.46,3853938.0
1665100800,151.8,153.17,149.27,150.29,5956733.0
1665360000,150.62,150.9626,144.58,145.64,5497767.0
1665446400,144.51,144.97,139.52,142.57,7414980.0
1665532800,142.31,143.44,139.58,142.29,5707135.0
1665619200,138.96,146.34,137.59,145.44,6548552.0
1665705600,147.33,147.7,142.0,142.22,5738358.0
1665964800,146.07,149.0,145.942,147.18,6288211.0
1666051200,156.45,158.97,151.9,153.53,16354760.0
1666137600,151.86,155.95,150.64,153.67,6220490.0
1666224000,155.0,161.3,153.6,157.5,9203368.0
1666310400,157.5,160.43,154.8182,160.17,8335482.0
1666569600,161.18,161.57,158.3968,160.65,6259152.0
1666656000,161.7,166.03,161.685,165.27,5804513.0
1666742400,159.8,164.12,158.7,159.91,6623009.0
1666828800,161.8,164.66,159.32,159.75,4987716.0
1666915200,159.51,163.09,158.17,163.02,5055359.0
1667174400,162.12,164.0,161.0,162.59,4878097.0
1667260800,165.0,165.6999,159.64,159.82,4545909.0
1667347200,159.51,159.77,149.96,150.01,7242215.0
1667433600,149.0,150.415,146.13,146.33,5999352.0
1667520000,146.5,146.95,136.04,139.77,14265340.0
1667779200,140.62,144.93,138.7701,144.59,7379946.0
1667865600,145.09,151.56,145.08,147.1,9101759.0
1667952000,145.85,146.3255,141.94,142.06,5588538.0
1668038400,151.0,156.37,149.73,156.3,8777927.0
1668124800,156.49,159.92,155.58,157.73,7382476.0
1668384000,155.82,160.16,154.645,158.66,6580055.0
1668470400,162.68,165.25,160.7492,162.07,8116050.0
1668556800,160.0,160.82,153.83,155.12,6454684.0
1668643200,150.19,151.76,148.34,149.69,7357904.0
1668729600,151.84,152.32,145.645,148.04,7556035.0
1668988800,146.02,147.34,143.395,144.85,8015886.0
1669075200,145.2,149.38,142.92,149.25,7017708.0
1669161600,147.62,152.91,147.55,152.24,5558886.0
1669334400,152.07,154.04,151.38,153.35,3023746.0
1669593600,152.0,155.32,152.0,153.69,7935615.0
1669680000,152.72,154.02,151.26,151.68,6398123.0
1669766400,150.75,160.25,150.13,160.25,14591530.0
1669852800,147.55,147.586,142.08,147.0,33721470.0
1669939200,144.29,145.21,142.78,144.56,15086660.0
1670198400,142.8,144.39,132.88,133.93,20294600.0
1670284800,132.71,134.55,130.91,133.27,16981800.0
1670371200,132.5,133.75,130.02,130.48,12915930.0
1670457600,128.43,131.46,127.02,130.13,15156910.0
1670544000,129.74,133.37,128.36,131.11,10287480.0
1670803200,131.1,134.0889,130.95,133.11,11852360.0
1670889600,137.39,139.88,134.04,135.62,12579840.0
1670976000,135.01,137.27,133.23,134.75,9611766.0
1671062400,131.67,134.115,129.68,130.44,10810350.0
1671148800,128.92,129.88,126.8904,128.27,15464710.0
1671408000,127.77,129.5799,127.2,129.01,9441407.0
1671494400,127.5,129.9865,127.19,128.45,8455518.0
1671580800,127.956,132.16,126.6,130.3,9313242.0
1671667200,128.67,129.54,126.34,129.19,9972880.0
1671753600,128.73,129.86,127.59,129.44,5821329.0
1672099200,128.56,131.75,127.65,130.66,8300844.0
1672185600,129.71,131.14,128.17,128.47,6249841.0
1672272000,129.7,132.95,129.5,132.54,7628826.0
1672358400,130.61,132.64,130.36,132.59,5630216.0
1672704000,135.19,136.95,133.03,134.78,8196354.0
1672790400,141.22,141.85,137.615,139.59,14322580.0
1672876800,137.64,138.59,134.24,136.34,8493489.0
1672963200,137.58,141.65,135.55,140.51,9145711.0
1673222400,142.59,149.2,142.59,147.1,13679740.0
1673308800,145.81,149.28,145.6039,147.44,6527711.0
1673395200,145.28,147.04,143.56,144.9,13595040.0
1673481600,147.84,149.82,143.94,149.6,11678020.0
1673568000,146.2,149.96,146.0942,149.51,8378111.0
1673913600,149.6,150.49,146.1001,148.47,9407610.0
1674000000,148.86,149.54,145.29,145.45,7812580.0
1674086400,143.52,146.68,143.16,146.41,7070135.0
1674172800,144.3,151.525,144.3,151.25,10127050.0
1674432000,157.35,157.87,153.23,155.87,19922870.0
1674518400,154.61,160.21,154.5,154.86,6390216.0
1674604800,151.21,156.4,149.82,156.17,9390506.0
1674691200,158.19,165.17,158.1,165.09,13354590.0
1674777600,165.05,167.24,163.6,164.52,9872265.0
1675036800,164.07,166.44,163.4,164.75,8169797.0
1675123200,164.28,168.01,164.28,167.97,6421297.0
1675209600,167.73,173.08,167.0,171.82,8853905.0
1675296000,175.71,178.84,172.9,174.64,10667080.0
1675382400,170.02,175.08,169.86,171.04,6481708.0
1675641600,168.0,171.17,167.35,169.05,4310553.0
1675728000,167.57,171.73,166.61,171.28,6179220.0
1675814400,170.0,172.45,169.2317,169.63,7694533.0
1675900800,173.33,175.38,172.01,173.66,11512320.0
1675987200,167.655,169.74,165.33,167.03,11273740.0
1676246400,168.28,171.16,166.95,171.08,8820334.0
1676332800,168.22,172.79,167.85,169.96,8393074.0
1676419200,168.85,171.605,168.24,171.1,4998274.0
1676505600,168.99,170.37,167.9573,168.11,7483541.0
1676592000,165.03,167.11,162.74,165.17,8084490.0
1676937600,163.74,164.51,161.45,161.62,5210800.0
1677024000,163.11,165.0,162.11,163.36,4343685.0
1677110400,165.29,165.47,161.57,164.12,4679419.0
1677196800,160.59,162.39,159.655,162.2,6569915.0
1677456000,163.84,164.77,162.22,163.14,6891182.0
1677542400,162.53,164.45,161.53,163.61,6912624.0
1677628800,162.99,167.98,162.98,167.35,15841220.0
1677715200,193.12,193.91,185.2,186.59,37719870.0
1677801600,188.07,189.77,184.29,186.43,12087190.0
1678060800,185.07,189.0,183.625,183.8,10770250.0
1678147200,184.455,186.16,183.03,183.32,9024333.0
1678233600,183.3,184.9,181.8,182.95,6749072.0
1678320000,183.1,183.8441,178.54,178.72,7102401.0
1678406400,178.5,179.36,171.71,173.18,14108960.0
1678665600,171.0,177.1,170.0,175.51,9154758.0
1678752000,180.0,185.31,179.11,182.89,10138050.0
1678838400,179.16,183.86,178.21,182.91,7716870.0
1678924800,183.3,187.65,182.98,187.3,8370712.0
1679011200,186.04,187.66,184.175,184.85,10493250.0
1679270400,184.21,185.52,182.65,185.25,5513205.0
1679356800,185.87,189.28,184.89,188.68,6982001.0
1679443200,190.0,191.44,186.41,186.51,6575610.0
1679529600,187.4,190.56,185.58,187.44,8685007.0
1679616000,186.5,190.32,186.09,190.06,6104529.0
1679875200,188.92,192.11,188.905,191.26,7776500.0
1679961600,191.18,192.83,191.18,192.3,4899041.0
1680048000,193.14,197.43,192.88,196.64,8085228.0
1680134400,197.77,198.17,195.49,196.6,6932465.0
1680220800,197.49,200.0,196.99,199.78,6634260.0
1680480000,198.22,198.93,195.53,196.49,5340770.0
1680566400,198.15,198.7025,196.62,197.2,4659099.0
1680652800,198.0,198.29,193.73,195.31,3953707.0
1680739200,194.0,194.07,189.6,192.55,6304734.0
1681084800,190.59,192.55,189.28,191.49,5263845.0
1681171200,189.06,190.46,187.31,188.89,4907689.0
1681257600,190.3,191.885,189.53,190.32,5033376.0
1681344000,190.45,194.375,190.45,194.02,4716442.0
1681430400,191.85,195.17,191.19,194.65,5073782.0
1681689600,195.16,197.52,195.03,197.08,5413475.0
1681776000,199.08,200.12,197.06,198.5,4679040.0
1681862400,196.3,199.07,195.73,198.92,3665103.0
1681948800,197.18,200.0828,196.82,197.51,3619971.0
1682035200,197.03,199.12,196.465,199.03,4860102.0
1682294400,198.45,198.77,194.0601,194.92,4449683.0
1682380800,193.97,194.12,190.63,190.67,5009990.0
1682467200,192.62,194.37,190.57,191.52,4007551.0
1682553600,194.17,197.51,193.27,195.94,4794364.0
1682640000,196.15,198.645,195.27,198.37,4094567.0
1682899200,197.76,199.05,197.12,197.79,2882931.0
1682985600,198.02,198.41,192.931,193.84,6051017.0
1683072000,194.21,195.79,192.56,192.61,3779878.0
1683158400,191.9,194.56,190.76,192.38,4386506.0
1683244800,193.95,198.11,193.25,197.59,4284371.0
1683504000,198.72,200.4999,196.08,197.9,4169404.0
1683590400,196.78,203.8,196.78,201.18,6996781.0
1683676800,204.94,206.28,203.04,204.85,6535555.0
1683763200,202.91,203.8,198.5543,203.47,5366315.0
1683849600,203.43,203.964,200.13,201.81,4733643.0
1684108800,203.75,205.3999,202.475,203.33,4518205.0
1684195200,201.93,205.67,201.75,204.56,4424764.0
1684281600,206.495,209.49,204.8,209.38,5772221.0
1684368000,209.5,213.88,209.33,213.32,5165465.0
1684454400,212.96,213.24,209.93,210.36,6091604.0
1684713600,209.17,212.82,209.04,210.26,3890834.0
1684800000,207.74,209.64,206.47,206.64,4256810.0
1684886400,206.04,210.21,205.42,209.06,4894012.0
1684972800,212.02,212.33,208.44,209.91,6496676.0
1685059200,212.8,216.15,212.55,215.44,6933320.0
1685404800,219.27,222.14,215.73,218.87,10421050.0
1685491200,219.55,225.0,217.06,223.38,19624030.0
1685577600,208.22,215.36,206.06,212.9,20907360.0
1685664000,212.9,216.14,210.43,213.03,11026890.0
1685923200,210.47,212.32,207.055,209.86,7804410.0
1686009600,208.55,213.4,208.37,212.85,6795996.0
1686096000,214.88,216.66,204.78,205.73,9323896.0
1686182400,205.38,210.38,204.85,209.53,5551699.0
1686268800,210.69,218.66,210.69,215.31,7679636.0
1686528000,216.15,220.39,212.14,213.69,11585180.0
1686614400,215.5,216.2326,207.92,208.98,11698920.0
1686700800,207.7,211.71,205.02,209.4,8963393.0
1686787200,207.95,213.325,207.37,211.92,7905381.0
1686873600,213.54,213.65,210.6,211.76,13672660.0
1687219200,208.65,217.05,208.61,216.97,9527235.0
1687305600,216.52,217.795,208.0701,209.59,7971632.0
1687392000,209.63,213.9564,209.09,213.29,5694224.0
1687478400,210.5,211.0,208.07,210.09,14037590.0
1687737600,209.02,211.75,207.35,207.36,4771543.0
1687824000,208.14,210.48,207.52,208.82,4014756.0
1687910400,208.41,212.2,207.6,212.17,4775913.0
1687996800,211.9,212.65,209.72,210.43,3838304.0
1688083200,211.86,213.85,210.9619,211.26,5984203.0
1688342400,210.57,211.96,209.92,211.65,2399966.0
1688515200,210.49,214.62,210.09,213.82,5071608.0
1688601600,211.2,212.5,207.831,210.14,4254061.0
1688688000,209.77,212.11,209.28,209.59,3022151.0
1688947200,209.0,212.87,208.315,212.81,3820076.0
1689033600,222.06,222.35,217.24,221.17,10030520.0
1689120000,221.9,228.09,221.6132,227.28,8923503.0
1689206400,228.26,230.96,227.6,230.37,5800286.0
1689292800,229.7,232.2,228.15,229.33,4278735.0
1689552000,229.24,230.28,227.81,228.0,3558250.0
1689638400,227.05,229.6208,225.465,227.63,5094240.0
1689724800,233.98,238.22,231.2301,234.37,8516287.0
1689811200,231.1,233.5,227.32,228.16,5302994.0
1689897600,230.0,230.81,227.29,228.06,3529741.0
1690156800,227.26,227.59,223.5401,225.66,5363244.0
1690243200,225.88,227.52,225.19,226.03,3203658.0
1690329600,224.46,227.51,223.12,225.58,4856673.0
1690416000,228.04,230.1399,224.01,225.15,4299574.0
1690502400,226.0,227.31,223.98,225.6,4239278.0
1690761600,222.35,225.38,221.75,225.01,5573114.0
1690848000,223.89,224.81,221.63,224.27,4214465.0
1690934400,221.98,222.85,218.795,220.5,5129661.0
1691020800,216.2,218.21,214.6,215.56,5517079.0
1691107200,216.41,217.25,213.07,214.59,4800357.0
1691366400,215.31,216.8909,214.37,216.06,3615192.0
1691452800,213.55,214.19,211.14,211.58,4843817.0
1691539200,211.65,211.66,204.91,205.86,7847512.0
1691625600,208.18,210.34,206.44,208.25,4004728.0
1691712000,206.13,209.5,205.5,208.7,2930776.0
1691971200,207.9,212.1,207.12,212.06,3304673.0
1692057600,210.33,212.37,207.84,208.78,4076371.0
1692144000,208.0,209.69,206.95,206.99,2759603.0
1692230400,206.57,206.93,203.39,203.84,4062741.0
1692316800,200.97,205.497,200.2,204.83,4267165.0
1692576000,206.0,209.42,204.22,209.03,4023325.0
1692662400,209.85,210.105,206.0018,206.76,3153623.0
1692748800,208.0,210.99,207.14,209.13,3833154.0
1692835200,211.01,211.99,205.44,205.51,3960326.0
1692921600,205.51,210.79,205.48,209.47,3068820.0
1693180800,210.45,213.4767,209.64,211.72,4086852.0
1693267200,206.75,212.46,206.52,211.96,5850364.0
1693353600,211.77,215.59,209.43,215.04,9946011.0
1693440000,228.0,228.79,221.2,221.46,19268400.0
1693526400,223.5,223.97,220.52,221.53,5600939.0
1693872000,219.33,220.3199,217.61,218.69,5807335.0
1693958400,219.47,222.2099,219.02,221.62,5066665.0
1694044800,219.77,222.73,219.31,222.53,4201915.0
1694131200,223.32,225.47,222.86,224.76,4580356.0
1694390400,226.01,226.825,222.79,225.31,4417969.0
1694476800,223.45,224.79,221.26,221.66,4002279.0
1694563200,221.18,221.86,218.295,218.8,4173592.0
1694649600,219.42,220.574,218.34,218.78,4297203.0
1694736000,218.87,219.1899,213.46,214.61,9939044.0
1694995200,214.56,216.38,214.18,215.0,4279576.0
1695081600,214.39,216.06,212.26,215.7,4002204.0
1695168000,215.2,217.18,212.92,213.03,2991594.0
1695254400,209.8,211.8925,208.07,208.61,4957895.0
1695340800,209.31,209.72,205.88,206.43,3848593.0
1695600000,205.0,206.53,203.87,206.34,4067309.0
1695686400,205.47,206.44,201.28,202.49,5404503.0
1695772800,202.99,203.93,200.94,202.73,4123766.0
1695859200,200.76,205.15,199.5503,203.2,4344035.0
1695945600,205.08,207.79,202.1,202.78,4405143.0
1696204800,200.8,205.11,200.52,203.71,3745684.0
1696291200,202.75,203.565,197.42,199.83,4622359.0
1696377600,200.88,202.7399,199.51,201.87,3656350.0
1696464000,202.0,202.15,198.4901,202.01,3592613.0
1696550400,200.48,208.27,199.89,207.36,4989189.0
1696809600,204.89,208.28,204.69,207.22,2781322.0
1696896000,207.64,209.2154,206.26,206.88,4503470.0
1696982400,207.23,209.2,204.41,206.85,3971001.0
1697068800,207.83,208.58,203.27,205.68,3548635.0
1697155200,205.11,207.14,203.21,204.59,3678409.0
1697414400,205.84,209.49,205.04,208.53,3623223.0
1697500800,206.49,211.94,206.0,209.84,4006090.0
1697587200,208.88,209.63,204.19,204.83,3380758.0
1697673600,206.45,210.95,205.53,208.32,4995930.0
1697760000,207.36,208.11,202.12,203.73,5539077.0
1698019200,199.9,203.57,197.85,202.0,4564116.0
1698105600,203.73,204.64,200.925,204.22,3959708.0
1698192000,203.2,203.74,195.43,197.06,4489976.0
1698278400,197.42,199.66,193.68,196.25,5149060.0
1698364800,197.3,198.31,195.41,196.57,3168554.0
1698624000,199.0,200.58,197.08,199.27,3438456.0
1698710400,200.42,201.91,198.66,200.83,3425426.0
1698796800,200.92,204.49,200.49,203.91,3593561.0
1698883200,206.31,208.26,205.95,208.11,4963628.0
1698969600,209.39,210.18,207.2,207.47,3861880.0
1699228800,208.21,208.48,204.69,207.42,3729658.0
1699315200,209.5,213.34,208.955,211.84,5467113.0
1699401600,212.42,212.52,209.65,211.47,3433465.0
1699488000,213.57,213.58,209.07,210.01,4731434.0
1699574400,209.4,214.265,208.8448,213.63,4113413.0
1699833600,212.57,216.14,211.76,215.28,3306626.0
1699920000,219.0,221.25,217.95,221.18,4743828.0
1700006400,220.75,221.37,217.66,219.42,4800679.0
1700092800,220.0,222.77,218.94,221.45,3712533.0
1700179200,221.17,222.79,220.38,221.22,3636397.0
1700438400,221.43,226.1,220.62,225.13,4600980.0
1700524800,224.0,225.97,223.54,224.32,3852324.0
1700611200,224.3,225.6894,223.21,223.84,3894413.0
1700784000,224.36,224.49,222.12,224.38,1869111.0
1701043200,225.5,226.22,224.25,224.79,4885506.0
1701129600,223.61,225.53,222.23,224.92,5535336.0
1701216000,228.61,231.5,227.26,230.35,12327440.0
1701302400,249.05,252.5,243.65,251.9,24425720.0
1701388800,250.0,263.43,249.7,260.0,14538230.0
1701648000,252.8,255.12,249.85,250.66,11429250.0
1701734400,249.99,251.67,248.64,251.02,5771514.0
1701820800,251.52,253.9827,248.85,249.13,5374769.0
1701907200,248.75,250.73,246.8861,248.85,6568249.0
1701993600,248.55,252.09,248.0,250.81,4605805.0
1702252800,250.0,253.52,249.71,252.1,4765980.0
1702339200,251.8,256.58,251.02,256.45,5827551.0
1702425600,257.51,259.12,255.16,257.32,6567630.0
1702512000,256.5,258.77,253.22,257.21,6613211.0
1702598400,255.01,262.31,254.51,261.6,13739530.0
1702857600,259.82,265.59,259.68,263.59,7498521.0
1702944000,265.47,266.58,263.7351,264.34,4665500.0
1703030400,261.66,264.92,260.08,260.25,4510533.0
1703116800,264.75,268.36,264.24,267.25,5160697.0
1703203200,267.26,268.15,265.3,266.34,3110591.0
1703548800,265.53,266.53,264.62,266.22,3219024.0
1703635200,265.94,267.01,265.4,266.72,3386951.0
1703721600,266.5,266.92,265.3,265.58,2958714.0
1703808000,265.01,265.6491,262.655,263.14,3706552.0
1704153600,260.54,260.56,253.77,256.13,4741418.0
1704240000,253.5,254.16,251.77,251.84,5097120.0
1704326400,251.83,252.64,249.84,251.24,4489773.0
1704412800,251.21,253.91,250.17,251.12,3675979.0
1704672000,252.21,261.56,251.39,260.87,6626012.0
1704758400,259.5,263.93,258.78,261.34,4571839.0
1704844800,263.27,266.46,262.75,264.13,5128300.0
1704931200,268.0,272.96,265.1,271.38,9012600.0
1705017600,271.23,275.24,271.06,271.93,4847604.0
1705363200,269.7,271.565,267.72,269.19,5858670.0
1705449600,268.29,271.9,264.13,271.44,4706498.0
1705536000,273.0,275.69,272.14,274.46,4752437.0
1705622400,276.51,282.0,275.5279,280.88,7413577.0
1705881600,283.79,285.72,280.17,280.3,6735912.0
1705968000,280.83,281.71,275.71,276.77,6573810.0
1706054400,279.98,280.96,276.69,276.88,7037765.0
1706140800,278.61,279.8528,276.86,279.03,4178020.0
1706227200,279.28,283.34,278.685,279.94,4877365.0
1706486400,281.4,288.15,281.0,287.86,5762263.0
1706572800,287.63,289.29,286.5157,287.73,4810928.0
1706659200,284.05,285.63,280.82,281.09,4557283.0
1706745600,282.01,285.05,281.36,283.8,3218346.0
1706832000,285.2,288.16,283.16,285.66,3629843.0
1707091200,286.25,289.05,281.36,288.11,5274790.0
1707177600,287.94,288.64,281.91,285.83,4207846.0
1707264000,287.35,289.8,285.2,288.84,3621376.0
1707350400,289.3,293.11,288.98,291.95,4488432.0
1707436800,293.25,295.24,291.05,291.3,4376347.0
1707696000,290.82,291.0,287.0,287.32,3750035.0
1707782400,280.41,283.4299,276.4223,281.15,4956553.0
1707868800,285.0,289.46,284.64,289.15,3850721.0
1707955200,291.34,292.0,288.01,291.94,3986522.0
1708041600,292.0,292.07,287.88,289.72,4159391.0
1708387200,289.5,290.85,284.155,286.39,4285328.0
1708473600,280.07,283.57,278.355,283.55,3799041.0
1708560000,292.0,294.63,291.4,293.65,5264297.0
1708646400,298.0,298.0,291.08,292.8,4416764.0
1708905600,295.59,303.8299,295.0,300.39,8719272.0
1708992000,301.58,301.75,296.6,299.5,6178811.0
1709078400,299.58,300.875,296.61,299.77,12490780.0
1709164800,300.0,310.54,294.79,308.82,21737810.0
1709251200,307.0,318.715,306.6151,316.88,9366647.0
1709510400,314.57,317.655,313.54,314.64,9349980.0
1709596800,311.31,312.55,296.14,298.75,9015308.0
1709683200,304.645,305.89,302.735,303.77,8270036.0
1709769600,306.0,306.77,301.75,302.42,6788862.0
1709856000,302.2,308.87,302.2,305.28,4851635.0
1710115200,302.64,307.605,300.25,306.0,4895493.0
1710201600,306.71,309.04,303.87,306.62,4831976.0
1710288000,305.0,307.73,303.11,304.68,5548843.0
1710374400,305.0,309.49,301.995,303.32,4828755.0
1710460800,298.96,300.05,293.77,294.33,11885110.0
1710720000,299.62,300.97,296.02,300.51,5240467.0
1710806400,298.18,301.77,296.62,301.45,3329873.0
1710892800,301.97,307.02,300.685,306.08,4946571.0
1710979200,307.94,311.8,306.35,308.39,6083853.0
1711065600,309.32,310.23,306.65,307.77,3779208.0
1711324800,303.7,307.71,302.54,306.06,4141223.0
1711411200,307.48,307.98,304.89,305.83,3893853.0
1711497600,307.44,309.3,298.63,301.38,3859858.0
1711584000,300.0,302.8,299.6348,301.18,4892275.0
1711929600,301.69,303.51,299.99,302.26,2918140.0
1712016000,297.5,304.457,294.8895,304.0,4746113.0
1712102400,303.99,307.16,303.1,304.74,3047382.0
1712188800,308.26,311.3,292.1,294.14,8351020.0
1712275200,293.54,303.415,293.295,301.91,4918179.0
1712534400,301.1,303.5,299.52,301.73,3142901.0
1712620800,303.32,305.6,299.2501,302.37,2998100.0
1712707200,298.45,300.92,298.15,299.62,3036384.0
1712793600,299.47,301.09,296.4077,299.15,3468596.0
1712880000,296.87,297.85,293.5,294.32,3819966.0
1713139200,282.94,286.4766,271.66,272.9,18365090.0
1713225600,274.78,280.56,272.4401,277.41,7624347.0
1713312000,277.74,278.9678,274.84,276.32,4199384.0
1713398400,276.32,276.33,269.75,271.92,5918155.0
1713484800,272.49,273.15,268.73,270.37,4913553.0
1713744000,279.39,279.7,269.56,273.81,6747204.0
1713830400,274.95,276.7,270.41,276.68,6285237.0
1713916800,278.0,278.9393,274.11,276.19,3938845.0
1714003200,271.6,273.58,269.28,273.14,4811919.0
1714089600,275.0,276.9,273.4625,274.29,3754585.0
1714348800,274.89,277.29,273.2201,275.74,3608840.0
1714435200,274.51,274.61,268.355,268.94,5217985.0
1714521600,269.02,274.0,266.55,268.69,3761619.0
1714608000,270.43,273.08,267.94,272.13,3859883.0
1714694400,276.82,277.67,273.35,273.66,4041636.0
1714953600,276.17,277.13,274.06,275.63,3744763.0
1715040000,275.59,278.882,274.07,277.18,3507733.0
1715126400,275.73,279.94,275.73,278.97,3283270.0
1715212800,272.17,275.35,271.0708,275.17,4709740.0
1715299200,276.1,279.64,274.97,276.67,2912308.0
1715558400,277.14,277.8,275.185,277.52,2998662.0
1715644800,276.96,278.86,275.04,276.8,3056843.0
1715731200,279.74,287.8,279.73,287.54,5828547.0
1715817600,289.42,290.02,284.58,284.68,3559188.0
1715904000,287.04,287.34,284.26,285.61,3478869.0
1716163200,286.0,287.7206,285.11,287.07,2799272.0
1716249600,286.79,287.22,283.29,283.76,3492113.0
1716336000,283.41,287.09,282.835,283.82,3309164.0
1716422400,286.68,287.0,277.46,278.57,5456632.0
1716508800,270.93,274.96,268.53,272.29,8325132.0
1716854400,273.1,273.225,267.16,269.83,9294119.0
1716940800,268.0,272.865,267.77,271.62,13397850.0
1717027200,223.4,225.09,212.0,218.01,66860910.0
1717113600,219.11,234.62,216.06,234.44,36807430.0
1717372800,234.62,240.99,230.2101,236.62,19962740.0
1717459200,235.72,240.5899,232.2,234.86,11197480.0
1717545600,235.64,236.92,231.55,236.53,10772090.0
1717632000,239.88,246.75,239.45,242.76,11693760.0
1717718400,242.33,243.9299,240.2884,241.85,6883831.0
1717977600,241.79,243.64,240.43,241.84,7660118.0
1718064000,241.16,243.75,236.26,240.99,7264354.0
1718150400,240.56,242.2,234.89,235.8,10260120.0
1718236800,235.52,235.65,228.66,229.03,13566710.0
1718323200,229.35,235.2499,229.2,231.94,8833734.0
1718582400,230.28,231.84,227.77,230.48,10563680.0
1718668800,230.48,232.29,229.23,231.81,7119770.0
1718841600,232.85,243.77,232.85,241.8,14809630.0
1718928000,240.57,245.374,240.19,245.06,15928790.0
1719187200,243.19,244.41,239.81,239.94,7545685.0
1719273600,241.78,243.1,239.87,241.76,6216627.0
1719360000,241.47,243.61,239.901,243.15,4524735.0
1719446400,245.0,258.6,244.45,252.85,12869020.0
1719532800,253.5,260.18,253.18,257.1,12619300.0
1719792000,258.15,259.4799,254.53,256.21,5871685.0
1719878400,255.05,257.73,254.06,256.19,5130593.0
1719964800,256.98,261.22,256.935,260.95,4755729.0
1720137600,262.72,265.8059,261.315,263.19,6562111.0
1720396800,261.38,262.84,257.19,257.37,6539287.0
1720483200,256.09,257.0,251.09,252.43,7017109.0
1720569600,251.2,254.8,246.11,252.59,8947679.0
1720656000,252.6,255.42,250.92,251.12,5343727.0
1720742400,251.62,255.29,249.69,253.97,4705492.0
1721001600,256.02,256.39,252.12,252.86,4404270.0
1721088000,253.78,256.78,252.67,256.03,4780386.0
1721174400,254.0,255.57,249.61,251.22,5625254.0
1721260800,252.14,252.45,245.72,247.35,6351643.0
1721347200,248.65,248.99,245.17,247.63,4468875.0
1721606400,248.75,255.58,248.0,254.08,5647588.0
1721692800,256.59,257.33,253.7513,256.06,3905543.0
1721779200,253.63,255.91,248.9,249.78,5204088.0
1721865600,254.74,264.08,251.7245,256.52,7155846.0
1721952000,258.17,264.49,257.07,262.71,6127323.0
1722211200,262.71,266.075,258.52,258.59,5101425.0
1722297600,259.62,260.75,255.12,257.93,3944295.0
1722384000,256.21,261.83,255.35,258.8,4647690.0
1722470400,259.9,263.36,249.74,253.06,5527395.0
1722556800,247.79,248.0,241.1165,243.97,6504544.0
1722816000,232.32,241.82,232.21,239.01,6899342.0
1722902400,241.09,243.85,238.03,238.42,5673889.0
1722988800,242.61,246.53,239.66,240.04,4035549.0
1723075200,243.24,249.43,243.08,249.12,4474252.0
1723161600,248.7,252.95,248.45,252.53,2975285.0
1723420800,252.6,254.09,249.02,251.31,3679904.0
1723507200,253.0,255.78,253.0,254.6,4031818.0
1723593600,255.39,257.71,253.86,255.32,4145248.0
1723680000,257.9,262.89,256.24,262.79,5167930.0
1723766400,261.75,263.6,259.68,262.91,3494863.0
1724025600,263.1,265.39,261.63,265.38,4501262.0
1724112000,264.95,265.5,261.03,261.84,5731309.0
1724198400,261.1,262.14,259.18,261.09,4648204.0
1724284800,261.5,263.26,257.27,258.59,5111442.0
1724371200,261.99,265.6,260.7,264.0,4711326.0
1724630400,263.94,267.3,263.24,265.28,3818271.0
1724716800,259.65,264.46,259.4,264.2,5276384.0
1724803200,261.83,265.18,257.36,258.9,10981900.0
1724889600,271.01,271.95,256.28,257.01,14301690.0
1724976000,257.44,259.13,251.0,252.9,10507700.0
1725321600,252.62,253.69,246.64,248.06,6190352.0
1725408000,246.47,249.48,245.16,247.68,4706546.0
1725494400,245.98,248.4999,245.0,246.12,4083624.0
1725580800,247.74,250.0,241.4401,243.97,6259431.0
1725840000,246.5,249.36,244.77,245.76,4588809.0
1725926400,247.13,247.34,243.311,246.16,3544808.0
1726012800,244.81,250.02,242.0141,249.57,4822215.0
1726099200,251.39,254.14,249.57,253.37,5221397.0
1726185600,252.54,256.83,252.445,254.57,4998901.0
1726444800,254.57,257.81,254.57,256.91,5367024.0
1726531200,258.72,259.37,254.76,255.19,5423388.0
1726617600,256.0,256.12,250.96,252.43,4436734.0
1726704000,260.72,269.54,258.05,265.99,11022830.0
1726790400,266.01,270.32,261.32,266.8,11463170.0
1727049600,267.25,268.06,262.24,264.21,6033986.0
1727136000,269.83,272.46,266.29,270.44,7154459.0
1727222400,270.45,277.05,269.384,274.09,7920044.0
1727308800,276.13,278.64,272.71,275.76,5253376.0
1727395200,276.26,277.84,275.0601,276.64,5220075.0
1727654400,273.95,275.74,269.14,273.71,5062226.0
1727740800,274.14,274.7,269.69,270.87,4369918.0
1727827200,273.72,282.0,270.8517,279.48,8512272.0
1727913600,278.99,281.12,277.73,280.91,3868447.0
1728000000,283.86,287.89,281.47,287.75,6131284.0
1728259200,286.58,288.17,283.38,284.57,4794652.0
1728345600,286.0,292.63,284.1035,291.57,5211209.0
1728432000,290.82,291.57,287.08,287.92,4850952.0
1728518400,287.92,290.23,284.62,290.17,3965512.0
1728604800,289.21,290.24,286.3,288.1,3597035.0
1728864000,289.92,292.4499,288.25,291.64,3642540.0
1728950400,293.46,293.58,288.0004,288.35,3850782.0
1729036800,287.55,290.92,284.23,290.86,3496969.0
1729123200,291.96,293.34,290.1,291.11,2830025.0
1729209600,292.04,294.71,290.15,292.94,3087902.0
1729468800,289.0,292.92,288.04,291.29,2712571.0
1729555200,289.75,291.942,287.65,288.33,3100125.0
1729641600,287.73,288.3032,282.6176,284.43,3227071.0
1729728000,286.56,288.91,285.18,286.76,3210656.0
1729814400,290.0,294.38,288.83,290.46,3351560.0
1730073600,293.6,296.07,292.49,293.77,3867816.0
1730160000,294.0,300.595,292.81,298.89,4280743.0
1730246400,297.07,299.54,296.35,296.4,2826545.0
1730332800,292.6,296.09,289.55,291.37,4301838.0
1730419200,290.23,296.99,290.0,294.72,3527502.0
1730678400,297.99,300.18,292.92,298.01,5108329.0
1730764800,297.44,298.81,294.74,297.49,4456064.0
1730851200,305.0,308.56,303.07,306.9,5874885.0
1730937600,307.5,312.19,306.0001,310.78,5722636.0
1731024000,310.03,322.81,309.437,321.95,8484970.0
1731283200,325.25,344.88,325.25,341.73,13954200.0
1731369600,339.29,348.86,338.51,341.15,7659675.0
1731456000,345.5,348.1906,338.77,341.72,6902936.0
1731542400,342.44,346.0,330.82,331.65,7630619.0
1731628800,326.93,330.26,324.18,325.26,7093003.0
1731888000,327.0,327.0,320.205,322.25,4251074.0
1731974400,319.0,324.7,316.0001,323.43,5469892.0
1732060800,325.29,327.26,322.01,325.7,3763500.0
1732147200,331.35,342.9396,328.6,335.78,8364165.0
1732233600,338.95,342.81,335.78,342.02,5649365.0
1732492800,345.0,347.85,338.29,339.11,7117192.0
1732579200,341.98,343.81,339.14,343.18,4492772.0
1732665600,336.46,337.38,328.88,330.01,7471475.0
1732838400,329.34,331.99,327.25,329.99,3517586.0
1733097600,332.0,334.5,330.11,331.01,6063387.0
1733184000,327.4,332.7999,323.65,331.43,12632360.0
1733270400,366.81,369.0,356.65,367.87,24733140.0
1733356800,360.78,365.45,356.67,361.38,10942120.0
1733443200,364.99,367.15,361.0908,361.99,5738864.0
1733702400,361.7,361.7,350.79,351.57,6475001.0
1733788800,351.35,355.49,347.43,348.82,6032962.0
1733875200,353.49,360.2,351.88,354.85,7546604.0
1733961600,355.0,360.0,352.92,358.03,5422002.0
1734048000,364.0,364.8,352.5,354.31,5538020.0
1734307200,350.78,358.07,350.56,357.23,5482323.0
1734393600,356.9,357.23,349.11,350.97,6910983.0
1734480000,354.5,354.77,335.24,337.23,8400030.0
1734566400,341.695,343.53,335.43,336.23,7423351.0
1734652800,332.74,346.45,331.1395,343.65,14932310.0
1734912000,342.25,343.8457,336.68,342.9,5330267.0
1734998400,343.0,344.95,340.83,344.43,1810961.0
1735171200,344.88,344.88,341.0312,341.72,3484545.0
1735257600,340.35,342.27,335.27,338.45,3220402.0
1735516800,333.47,338.1078,331.61,335.74,3411528.0
1735603200,336.27,337.15,332.41,334.33,3026017.0
1735776000,336.31,338.92,327.81,330.66,4807138.0
1735862400,332.1,333.44,329.27,332.9,4102503.0
1736121600,334.02,336.6,327.28,330.53,5785333.0
1736208000,330.5,331.5,322.91,324.93,4643133.0
1736294400,327.74,328.8,323.11,326.9,3788206.0
1736467200,322.765,322.765,316.02,317.85,6539973.0
1736726400,314.6,320.55,313.8,319.07,4583023.0
1736812800,325.0,329.935,321.5,323.54,5935221.0
1736899200,329.88,331.53,320.78,321.16,6042674.0
1736985600,322.94,327.72,319.55,320.0,5051487.0
1737072000,328.72,329.5699,323.07,324.56,6303558.0
1737417600,329.4,329.52,322.45,326.84,6397166.0
1737504000,331.25,335.2288,327.28,332.62,7259285.0
1737590400,332.33,335.46,329.6,334.66,4355877.0
1737676800,336.3,338.65,331.785,333.88,3299074.0
1737936000,332.36,353.15,330.5,347.1,15661110.0
1738022400,354.77,367.09,350.455,359.95,12099290.0
1738108800,358.76,360.18,351.5,354.0,6266724.0
1738195200,340.9,348.0,340.0,343.57,7591129.0
1738281600,348.0,349.5,340.1,341.7,5781541.0
1738540800,335.97,341.46,331.2601,339.24,4549415.0
1738627200,345.62,346.93,338.6722,344.14,4965602.0
1738713600,345.72,348.04,338.8725,347.93,4521009.0
1738800000,337.475,337.475,329.1,330.81,13240640.0
1738886400,332.0,333.82,323.72,325.83,7626090.0
1739145600,327.92,331.75,326.65,327.2,5981915.0
1739232000,324.02,326.44,321.26,324.4,5455939.0
1739318400,319.55,327.0,316.97,326.12,5643373.0
1739404800,326.2,330.3473,323.22,329.85,4312066.0
1739491200,328.03,328.5,322.62,326.54,5879716.0
1739836800,328.59,329.16,323.0,328.96,5262109.0
1739923200,329.74,329.74,322.87,324.53,5012019.0
1740009600,322.24,324.45,318.21,318.43,6393050.0
1740096000,318.97,318.97,306.86,309.8,7353214.0
1740355200,311.51,312.73,303.525,308.32,6652863.0
1740441600,306.25,308.42,300.62,305.88,7360070.0
1740528000,312.66,313.7,306.45,307.33,12638450.0
1740614400,296.34,304.92,292.67,294.9,16691440.0
1740700800,295.955,301.9799,292.1536,297.85,10863110.0
1740960000,301.0,303.07,291.06,293.06,6298208.0
1741046400,290.0,291.65,282.235,287.34,9096260.0
1741132800,287.22,292.6835,285.621,291.97,6612561.0
1741219200,288.23,298.08,284.8327,286.05,10396810.0
1741305600,283.18,288.309,275.17,282.89,8248082.0
1741564800,276.97,278.345,270.721,272.9,10040220.0
1741651200,273.72,280.45,272.0,277.05,8313375.0
1741737600,281.85,285.9268,279.09,284.58,7463894.0
1741824000,282.05,282.555,269.75,271.74,9494522.0
1741910400,275.0,279.89,272.68,279.4,6976916.0
1742169600,277.37,282.73,276.0785,280.75,4484727.0
1742256000,280.02,280.5,275.94,278.73,5882123.0
1742342400,277.5,282.22,277.29,279.39,5245412.0
1742428800,277.06,282.88,277.06,279.03,5504720.0
1742515200,276.21,281.85,274.05,280.62,9804132.0
1742774400,283.74,286.76,283.22,285.96,6763802.0
1742860800,285.61,290.45,285.61,288.61,4301704.0
1742947200,288.34,289.04,279.58,280.99,5073391.0
1743033600,280.54,280.8987,276.01,277.81,3757245.0
1743120000,276.71,277.205,269.19,269.97,4973419.0
1743379200,264.55,268.45,259.19,268.36,7585804.0
1743465600,268.86,270.82,265.82,270.2,4598153.0
1743552000,265.96,273.63,265.75,271.54,5396853.0
1743638400,260.14,262.57,254.45,255.23,8872602.0
1743724800,247.7,250.29,239.53,240.76,9704996.0
1743984000,230.0,252.95,230.0,244.21,11965180.0
1744070400,253.95,257.3855,240.266,243.99,9340310.0
1744156800,240.9,268.17,240.9,265.17,12491150.0
1744243200,260.0,261.24,248.13,255.12,9692344.0
1744329600,254.27,256.41,247.675,255.0,6089003.0
1744588800,260.0,260.0,253.14,254.55,6038546.0
1744675200,254.37,256.72,253.8,254.93,5227671.0
1744761600,251.93,256.61,246.69,249.84,7190940.0
1744848000,249.77,251.56,246.8,247.26,5566857.0
1745193600,240.43,242.48,232.77,236.26,9240009.0
1745280000,238.23,244.22,235.597,243.39,7145288.0
1745366400,252.61,257.79,249.5,250.48,5818895.0
1745452800,258.2,264.98,257.0,264.7,7857563.0
1745539200,264.72,269.03,264.2,267.85,5651651.0
1745798400,268.145,269.5,263.33,265.64,4977724.0
1745884800,265.4,268.575,265.17,267.76,3140601.0
1745971200,264.8,268.87,263.0,268.71,4624088.0
1746057600,273.4,274.6,269.0,269.33,5208927.0
1746144000,274.46,276.32,272.25,275.08,4323760.0
1746403200,273.37,276.165,272.31,272.63,4219639.0
1746489600,269.82,274.7976,268.54,273.36,4681552.0
1746576000,273.71,278.79,273.71,278.23,4268307.0
1746662400,279.21,283.045,278.38,279.74,4789858.0
1746748800,281.62,282.48,273.88,275.42,4324188.0
1747008000,285.0,288.97,283.23,288.82,5937370.0
1747094400,291.0,292.7406,288.93,289.17,6711550.0
1747180800,293.5,296.05,289.26,290.74,7926186.0
1747267200,289.57,291.97,287.95,290.76,4635862.0
1747353600,291.09,292.17,289.72,291.15,3845977.0
1747612800,288.1,289.9,286.91,287.63,5781196.0
1747699200,288.09,288.44,285.21,288.06,4032283.0
1747785600,284.41,287.63,281.1121,282.28,5689839.0
1747872000,282.5,286.35,281.0296,283.42,6642690.0
1747958400,279.0,280.74,271.65,273.13,8887815.0
1748304000,273.165,278.58,270.29,277.19,10958030.0
1748390400,277.71,278.81,273.58,276.03,12758640.0
1748476800,263.59,267.785,254.5,266.92,28074950.0
1748563200,268.08,269.7399,260.7,265.37,12388510.0
1748822400,263.11,263.79,259.14,261.62,9213476.0
1748908800,262.0,264.75,261.36,264.47,7838480.0
1748995200,264.19,265.5,261.62,263.17,7372529.0
1749081600,263.71,268.75,263.635,267.14,8647080.0
1749168000,269.97,274.9,268.21,274.51,7507040.0
1749427200,272.85,274.2,269.6631,272.25,5728297.0
1749513600,272.07,273.75,266.8434,268.22,6309748.0
1749600000,268.5,269.51,265.41,265.91,6568118.0
1749686400,264.7,269.02,263.4,266.91,8054033.0
1749772800,263.48,265.7,258.0,258.4,7659317.0
1750032000,260.39,263.98,259.965,263.88,7177005.0
1750118400,263.85,270.5,262.1,262.76,9110069.0
1750204800,264.8,265.075,257.47,259.5,7628009.0
1750377600,260.69,262.87,259.2601,260.63,12859180.0
1750636800,260.64,264.74,258.75,263.41,9283842.0
1750723200,265.715,273.38,265.44,271.17,9713901.0
1750809600,272.0,274.0,266.98,267.76,6074324.0
1750896000,268.78,271.01,265.16,270.74,6707978.0
1750982400,271.86,274.17,269.425,273.42,21741380.0
1751241600,274.46,276.38,270.4,272.69,8541909.0
1751328000,272.08,274.0,270.64,271.91,6256810.0
1751414400,271.52,271.715,265.65,269.21,6115241.0
1751500800,269.7,274.73,269.315,272.15,5031804.0
1751846400,271.51,274.0,268.2114,269.8,6283544.0
1751932800,270.79,276.8,269.73,273.65,6661156.0
1752019200,274.36,275.56,269.37,270.92,6373573.0
1752105600,270.9,271.485,263.21,263.97,7252495.0
1752192000,262.58,262.95,257.26,258.07,7011161.0
1752451200,258.6,262.23,257.5,259.68,6533856.0
1752537600,261.0,261.81,257.23,257.58,5201492.0
1752624000,258.93,258.98,254.52,257.95,5649489.0
1752710400,257.99,260.2,256.655,259.88,5837430.0
1752796800,260.3,262.98,259.12,262.38,6381212.0
1753056000,263.62,264.31,261.6375,262.28,6714731.0
1753142400,263.0,265.89,262.0,263.59,5001439.0
1753228800,263.915,268.48,262.5,267.22,5620704.0
1753315200,267.98,269.3,265.64,267.7,5877061.0
1753401600,268.01,271.0988,267.01,269.11,4015439.0
1753660800,269.5,270.34,266.59,270.25,4533658.0
1753747200,271.595,274.0,267.3055,267.39,5137094.0
1753833600,266.865,267.77,263.33,264.81,3928206.0
1753920000,265.0,265.04,257.86,258.33,7340250.0
1754006400,254.99,255.99,250.13,250.74,7646866.0
1754265600,251.0,253.5,250.64,252.32,4403485.0
1754352000,253.01,253.29,247.01,247.49,6760966.0
1754438400,249.37,250.26,247.02,249.17,5834652.0
1754524800,250.69,253.005,236.9724,240.88,10010180.0
1754611200,241.29,242.95,237.83,240.51,8812027.0
1754870400,238.92,241.87,231.57,232.68,10740080.0
1754956800,233.0,233.6686,226.48,231.66,13183190.0
1755043200,233.01,237.35,229.605,237.03,10209170.0
1755129600,237.0,237.0,232.8686,233.37,7544771.0
1755216000,236.15,244.5,234.63,242.44,12942820.0
1755475200,239.77,244.52,239.49,243.97,8809192.0
1755561600,245.0,248.5,243.445,246.0,8642172.0
1755648000,245.7,247.57,244.45,246.45,8195052.0
1755734400,245.04,246.29,240.02,245.83,5646824.0
1755820800,245.78,249.53,244.1101,248.29,6694286.0
1756080000,249.37,249.37,246.79,247.87,4957726.0
1756166400,246.7,248.83,242.85,243.74,8862311.0
1756252800,245.75,250.37,245.61,250.16,6506877.0
1756339200,252.48,255.65,250.29,254.53,8461229.0
1756425600,255.4,257.64,252.87,256.25,7363207.0
1756771200,254.82,254.99,248.75,252.86,9312525.0
1756857600,255.06,258.0,250.545,256.45,17417950.0
1756944000,240.06,245.22,234.62,244.01,30967510.0
1757030400,244.83,251.13,244.36,250.76,13029440.0
1757289600,250.8,252.935,247.3,252.27,12602240.0
1757376000,251.32,255.34,251.21,252.06,10901940.0
1757462400,252.75,253.99,241.73,242.57,11363640.0
1757548800,243.7,247.17,243.5,246.28,6944891.0
1757635200,246.095,247.5888,241.25,242.76,8386354.0
1757894400,243.25,244.71,240.84,242.52,7244575.0
1757980800,242.52,242.68,237.24,239.31,8779787.0
1758067200,239.97,243.0,239.38,242.21,10123960.0
1758153600,244.155,247.29,242.95,244.28,9344384.0
1758240000,246.02,247.2,243.35,247.09,11813950.0
1758499200,245.28,250.48,243.16,249.69,7523794.0
1758585600,249.74,251.36,244.13,244.56,7669787.0
1758672000,245.665,248.8412,243.01,245.89,6707081.0
1758758400,244.5,244.66,239.485,240.95,8145495.0
1758844800,240.69,244.53,240.35,243.43,4974641.0
1759104000,244.72,245.82,242.87,245.1,6373506.0
1759190400,245.05,245.21,235.81,237.0,10801100.0
1759276800,236.49,242.47,233.51,235.69,10016630.0
1759363200,235.43,239.4,233.6,238.88,7679234.0
1759449600,238.75,242.81,238.5,240.36,8849786.0
1759708800,239.33,250.47,235.41,245.78,13922570.0
1759795200,246.48,247.36,237.55,239.74,8387424.0
1759881600,239.74,241.32,235.645,240.43,7120245.0
1759968000,239.27,245.96,237.1473,245.33,7929056.0
1760054400,246.52,249.05,240.72,241.68,7988316.0
1760313600,242.89,249.3499,242.365,248.75,8276527.0
1760400000,248.11,248.28,239.55,239.77,9123850.0
1760486400,240.87,241.317,235.9,236.58,8389242.0
1760572800,253.19,256.74,242.67,246.0,24869700.0
1760659200,246.57,250.78,242.16,243.08,10851170.0
1760918400,245.0,255.4,244.3,254.28,9963869.0
1761004800,254.5,267.125,254.0,263.41,13354740.0
1761091200,262.2,262.4,256.51,256.64,9369960.0
1761177600,257.6,258.56,254.12,255.05,6110051.0
1761264000,257.42,258.5,254.0,254.83,5490805.0
1761523200,257.08,258.1,254.92,255.47,4942412.0
1761609600,255.47,258.84,254.14,254.26,6435589.0
1761696000,252.0,253.57,249.04,251.46,7904176.0
1761782400,250.5,259.2808,250.0,256.65,7767832.0
1761868800,254.795,261.82,252.63,260.41,6878316.0
1762128000,260.0,261.56,255.1,261.34,7054310.0
1762214400,258.15,259.26,253.4567,254.44,6792207.0
1762300800,254.7,256.83,252.01,252.68,5241235.0
1762387200,250.535,250.535,234.48,239.27,11041830.0
1762473600,236.15,240.97,235.79,239.88,5741472.0
1762732800,240.0,241.91,235.08,241.71,6486584.0
1762819200,241.9,245.7,241.16,244.5,5762752.0
1762905600,245.74,248.4316,243.68,246.02,4278214.0
1762992000,245.25,245.895,239.91,240.43,5542078.0
1763078400,238.31,245.18,237.42,243.66,5512886.0
1763337600,242.07,242.83,235.5894,237.03,5280850.0
1763424000,236.24,237.79,230.27,233.5,8045145.0
1763510400,232.0,232.28,225.06,227.88,9710689.0
1763596800,229.245,231.0699,223.3,225.37,7521103.0
1763683200,224.86,228.68,221.9575,227.11,7479250.0
1763942400,227.34,228.84,225.04,226.82,8563304.0
1764028800,226.8,234.63,226.52,234.12,10232970.0
1764115200,230.51,232.819,226.0,228.15,8506615.0
1764288000,229.0,232.56,228.625,230.54,3691505.0
1764547200,228.67,234.25,228.6,232.83,5634655.0
1764633600,233.02,236.65,231.62,234.71,7626188.0
1764720000,235.36,239.26,233.16,238.72,13782000.0
1764806400,243.685,248.97,237.6,247.46,20912130.0
1764892800,250.83,261.88,249.5,260.57,15852440.0
1765152000,261.88,264.28,256.342,259.53,10805450.0
1765238400,260.0,262.25,259.0,261.02,8045882.0
1765324800,260.75,265.93,259.1456,264.2,8894682.0
1765411200,263.5,267.9,260.77,262.35,7783785.0
1765497600,263.52,264.49,260.91,262.23,6006578.0
1765756800,261.21,262.28,253.0875,254.58,10271790.0
1765843200,254.0,255.86,252.11,254.91,6145269.0
1765929600,256.33,261.97,256.25,258.14,6268965.0
1766016000,258.42,260.07,256.16,257.85,5654161.0
1766102400,260.68,262.04,255.5,259.91,20732080.0
1766361600,260.62,264.63,258.405,264.63,5664201.0
1766448000,262.715,264.24,260.52,263.43,4745113.0
1766534400,263.23,266.3,262.55,265.26,2076637.0
1766707200,264.8,267.91,264.8,266.08,2456402.0
1766966400,264.71,269.11,264.71,266.23,4300077.0
1767052800,266.66,268.28,265.33,265.92,3291837.0
1767139200,265.29,266.1,264.391,264.91,3367930.0
1767312000,265.0,265.38,252.48,253.62,9680584.0
1767571200,253.62,259.59,252.3062,256.26,6421470.0
1767657600,255.2,263.55,255.0,262.9,6103321.0
1767744000,263.5,267.825,263.5,266.12,5976201.0
1767830400,264.4,265.2024,260.41,260.53,5243453.0
1767916800,260.0,261.025,256.509,259.94,5174372.0
1768176000,259.0,261.559,255.77,259.4,4927734.0
1768262400,257.66,260.91,240.355,241.06,13660960.0
1768348800,239.18,242.24,236.46,239.57,10149310.0
1768435200,237.02,238.84,231.67,233.53,11489590.0
1768521600,232.95,232.95,226.44,227.11,13902610.0
1768867200,223.54,227.9399,219.355,220.07,13050760.0
1768953600,220.15,223.39,218.9633,221.58,12616560.0
1769040000,222.24,228.72,221.11,228.09,9482971.0
1769126400,226.78,230.85,226.65,228.05,9408048.0
1769385600,229.43,230.949,227.585,229.4,7239632.0
1769472000,231.94,235.74,226.27,228.53,9838362.0
1769558400,229.39,231.86,227.67,227.96,8465904.0
1769644800,216.67,217.28,208.78,214.08,18555570.0
1769731200,214.16,215.55,211.03,212.29,11090430.0
1769990400,214.35,216.89,209.8,210.81,7950855.0
1770076800,205.0,205.555,193.11,196.38,20194180.0
1770163200,193.31,200.674,187.28,199.44,23009970.0
1770249600,193.99,199.56,188.79,189.97,21956300.0
1770336000,191.63,194.6,187.1201,191.35,13652620.0
1770595200,189.3,195.1999,185.73,194.03,12112030.0
1770681600,191.9,199.1,190.75,193.45,13392990.0
1770768000,193.15,193.665,181.81,185.0,16350190.0
1770854400,185.96,188.32,180.24,185.43,16849110.0
1770940800,186.44,193.45,184.3,189.72,14822880.0
1771286400,190.97,193.0,183.17,184.29,13692930.0
1771372800,183.88,188.14,181.8645,187.79,9852893.0
1771459200,186.6,186.95,183.23,185.29,9565134.0
1771545600,185.32,191.73,183.73,185.16,10816220.0
1771804800,181.27,182.47,174.57,178.16,15498630.0
1771891200,177.64,188.67,176.28,185.42,15564730.0
1771977600,183.0,192.6,182.261,191.75,21875070.0
1772064000,196.76,201.035,191.33,199.47,26680490.0
1772150400,191.91,195.92,189.9248,194.79,16346540.0
1772409600,192.5,195.94,190.675,192.95,9932748.0
1772496000,190.75,198.67,189.58,196.05,13208920.0
1772582400,195.1,196.47,192.1,193.08,11583730.0
1772668800,194.36,204.42,194.24,201.39,15860910.0
1772755200,200.79,202.96,197.37,202.11,9657395.0
1773014400,198.56,203.67,195.87,198.79,10754800.0
1773100800,197.26,199.57,190.6,194.91,14467400.0
1773187200,196.4,199.55,191.2876,194.13,9580004.0
1773273600,194.13,204.855,193.15,199.28,26309730.0
1773360000,199.73,200.9999,191.75,192.83,14834720.0
1773619200,195.15,198.63,195.15,198.34,13419640.0
1773705600,198.22,202.38,194.45,195.31,11559320.0
1773792000,193.4,196.15,192.64,194.34,10525100.0
1773878400,195.59,200.395,193.3,194.99,9254295.0
1773964800,193.21,195.6699,190.0,195.38,20201080.0
1774224000,197.09,198.05,192.0,195.18,13976240.0
1774310400,192.14,192.14,182.29,183.02,18631390.0
1774396800,185.7,187.385,179.85,181.96,12565190.0
1774483200,181.18,187.47,179.53,185.64,10330720.0
1774569600,184.0,184.11,178.816,179.31,9901975.0
1774828800,180.1,186.39,179.58,185.03,11617720.0
1774915200,184.9,188.5,182.31,186.67,11041380.0
1775001600,186.85,188.98,183.01,186.24,11677680.0
1775088000,185.3,187.58,181.575,187.18,11635450.0
1775433600,187.5,188.14,183.6001,185.03,14390960.0
1775520000,184.95,186.58,182.017,182.96,12344590.0
1775606400,186.5,186.77,175.78,176.37,13472050.0
1775692800,173.17,174.29,167.12,170.85,20855390.0
1775779200,171.26,171.26,163.52,164.96,18109340.0
1776038400,167.05,173.4,165.77,172.82,12390750.0
1776124800,175.21,177.5,170.5,171.31,13123640.0
1776211200,174.22,179.62,172.88,177.6,14340260.0
1776297600,184.0,184.55,178.57,181.22,11866660.0
1776384000,185.43,187.98,181.03,182.14,17225680.0
1776643200,182.5,189.0,182.122,186.27,14382260.0
1776729600,186.6,193.56,184.1001,187.11,12073660.0
1776816000,188.2,191.15,187.03,189.8,14565950.0
1776902400,177.56,178.87,170.65,173.3,22719940.0
1776988800,175.62,178.45,174.4,178.16,10817610.0
1777248000,178.26,184.29,177.51,180.18,11906970.0
1777334400,182.43,184.42,181.32,181.32,8711743.0
1777420800,179.2,181.7835,177.35,181.22,6882845.0
1777507200,178.3,178.6934,173.0,176.53,14408280.0
1777593600,182.185,186.04,178.75,183.82,12324380.0
1777852800,184.24,190.31,183.97,185.48,8444726.0
1777939200,185.55,187.39,181.1,186.99,9740802.0
1778025600,185.52,187.1,179.58,181.19,11303440.0
1778112000,184.6,188.58,184.0,186.34,13955120.0
1778198400,179.68,181.8718,176.88,181.82,15123890.0
1778457600,179.905,182.5,176.31,177.49,11145020.0
1778544000,177.575,177.575,170.58,171.31,10214010.0
1778630400,169.78,169.78,164.75,165.84,11951930.0
1778716800,166.0,169.3476,164.3275,167.58,9749385.0
1778803200,169.25,175.97,169.0,173.51,13883380.0
1779062400,172.89,180.78,171.8,179.48,13671180.0
1779148800,185.0,187.44,178.81,179.42,17510820.0
1779235200,176.04,180.31,173.34,180.1,13025260.0
1779321600,175.38,177.34,171.99,176.31,10949100.0
1779408000,179.84,183.35,177.6801,180.07,10184790.0
1779753600,178.43,182.3599,177.6812,179.08,13617240.0
1779840000,178.0,183.92,176.89,177.51,18524940.0
1779926400,178.43,182.48,171.65,176.17,22559430.0
1780012800,180.24,194.1448,180.02,191.1,33998870.0
1780272000,198.75,211.34,198.21,209.6,27594800.0
1780358400,201.02,204.39,195.76,200.84,19216630.0
1780444800,197.27,197.68,189.73,190.61,14154390.0
1780531200,197.81,198.09,186.11,188.75,14453550.0
1780617600,189.8,192.51,184.83,185.66,13183930.0
1780876800,183.91,185.02,181.71,182.55,11177770.0
1780963200,179.5,182.46,171.56,175.35,15427790.0
1781049600,170.6,175.53,170.03,170.92,10820540.0
1781136000,168.27,168.98,163.31,166.45,16666030.0
1781222400,164.74,166.54,161.4,165.89,13589400.0
1781481600,166.03,169.9458,164.17,164.55,13541810.0
1781568000,164.055,166.3,160.5,161.71,16385310.0
1781654400,160.25,161.4274,154.23,155.02,19986160.0
1781740800,152.73,154.47,149.8,151.78,57940830.0
1782086400,150.16,153.87,146.32,150.12,20502830.0
1782172800,151.65,155.18,150.85,153.42,20720690.0
1782259200,151.81,157.06,150.4,152.76,13146830.0
1782345600,150.01,154.0,148.78,150.19,11334730.0
1782432000,151.49,158.46,151.49,158.37,21267940.0
1782691200,160.27,161.76,157.7,157.93,12664070.0
1782777600,155.09,157.69,154.07,156.66,13690520.0
1782864000,162.22,165.81,161.2,163.23,14164640.0
1782950400,163.0,167.21,162.0,166.11,10493200.0
1783296000,163.99,167.7219,162.37,165.65,10595530.0
1783382400,169.22,172.38,167.681,169.52,13057950.0
1783468800,167.37,167.53,164.78,166.58,9792382.0
1783555200,158.33,163.7999,156.48,162.5,13858610.0
1783641600,165.6,166.3,162.42,163.32,8321511.0
1783900800,165.92,172.76,165.92,171.22,14020680.0
1783987200,162.49,171.35,161.47,167.56,13507930.0
1784073600,170.52,172.8,166.56,167.0,13328090.0
1784160000,170.84,174.54,166.88,172.68,12057490.0
1784246400,171.5,175.43,169.7504,170.77,10191470.0
1784505600,167.86,175.39,166.495,173.79,13426530.0
1784592000,167.06,172.425,166.93,170.06,12831760.0
1784678400,169.47,169.57,162.21,163.0,12194510.0
1784764800,165.05,165.88,155.145,156.93,12774980.0
1784851200,160.38,164.45,159.55,163.66,10899070.0
1785110400,168.0,176.9488,167.14,173.6,17317430.0
1785196800,176.905,184.54,176.905,181.5,17204650.0
1785283200,182.01,190.18,182.01,188.38,18139480.0
1785369600,180.99,182.5078,175.9,180.71,12189410.0
1785456000,177.695,184.45,177.0253,184.02,9691524.0
1785715200,188.99,193.7,185.9,185.95,12908030.0
1785801600,183.09,191.285,183.0,190.99,9326930.0
1785888000,193.28,194.94,190.425,192.98,9605450.0
1785974400,183.44,187.02,183.0,186.77,13297640.0
1786060800,191.09,194.7,190.6,192.74,11392790.0
1786320000,190.17,198.184,190.0,197.51,9706611.0
1786406400,196.94,199.39,195.5001,197.47,11171640.0
1786492800,192.0,196.5,191.78,193.32,12787900.0
1786579200,196.835,202.99,191.39,201.37,15058680.0
1786665600,202.75,204.4,195.32,196.21,8664790.0
1786924800,193.83,194.94,189.91,190.97,14378800.0
1787011200,194.09,199.41,193.23,196.14,14152940.0
1787097600,194.21,207.95,194.21,206.09,17843610.0
1787184000,205.22,207.8795,203.0,205.43,11482300.0
1787270400,205.58,211.07,204.7261,209.17,9685429.0
1787529600,208.42,213.17,207.39,209.06,9586822.0
1787616000,205.85,210.31,204.76,205.69,10089510.0
1787702400,199.94,206.44,198.95,205.62,14888870.0
1787788800,230.05,254.48,230.05,252.05,55517470.0
1787875200,250.47,263.53,249.0,256.0,34362720.0
1788134400,254.39,262.28,254.39,257.54,22471490.0
1788220800,255.01,262.32,254.25,258.11,15897530.0
1788307200,259.38,264.55,253.6,256.93,14393710.0
1788393600,261.98,268.27,261.6,264.43,16037830.0
1788480000,263.36,263.6,257.82,259.23,10498290.0
1788825600,253.715,253.9999,245.8902,249.12,17482730.0
1788912000,249.78,254.8,243.45,244.16,11858960.0
1788998400,245.35,248.5,241.75,243.0,10735740.0
1789084800,242.02,250.5472,242.02,247.72,9741017.0
1789344000,255.75,260.18,251.5,259.43,12966100.0
1789430400,256.89,262.335,255.08,255.65,11502820.0
1789516800,251.85,256.4,249.6,250.54,9432373.0
1789603200,244.18,247.0,241.52,242.85,16611320.0
1789689600,244.25,244.25,236.545,237.92,21962390.0
1789948800,239.8,241.335,236.25,236.42,10581930.0
1790035200,241.5,242.44,229.81,233.28,13644150.0
1790121600,234.415,241.12,234.24,237.58,12357590.0
1790208000,240.64,242.09,237.0,238.22,11073960.0
