timestamp,open,high,low,close,volume
1474848000,68.3809,68.3809,67.4517,67.6217,3196345.0
1474934400,67.6923,68.6015,67.4539,68.5309,3148690.0
1475020800,68.3014,68.5662,68.0807,68.5221,2047380.0
1475107200,68.3897,68.5133,67.8247,68.0895,3281858.0
1475193600,68.372,69.4843,68.3455,69.2018,3397173.0
1475452800,68.8222,69.2283,68.6898,68.8487,2662793.0
1475539200,69.1047,69.1489,68.3544,68.5574,1984522.0
1475625600,68.7163,68.8576,68.2926,68.6633,2090105.0
1475712000,68.628,69.2283,68.4691,69.1401,2952563.0
1475798400,69.1665,69.299,68.6192,69.0783,2614001.0
1476057600,69.2107,69.5461,68.9194,69.0518,1446262.0
1476144000,68.6898,68.6898,67.0302,67.3921,4259612.0
1476230400,67.5775,68.4426,67.5775,67.7806,3140169.0
1476316800,67.3833,67.6834,67.0567,67.2774,2783940.0
1476403200,67.7629,67.7982,67.1273,67.2332,3214384.0
1476662400,67.3568,67.3921,66.836,66.9684,2197832.0
1476748800,67.3038,67.6481,67.1449,67.4716,1619431.0
1476835200,67.604,68.1866,67.3038,68.116,2900815.0
1476921600,69.0606,71.453,68.5371,70.782,6498338.0
1477008000,70.3406,70.8703,70.067,70.7732,4567440.0
1477267200,71.2587,71.7222,70.6673,70.8791,3476296.0
1477353600,70.6761,70.7114,69.502,69.5373,3504417.0
1477440000,69.3254,69.3254,68.425,68.628,3230215.0
1477526400,68.8222,70.2347,68.8046,69.1489,4206935.0
1477612800,69.1401,69.7227,68.6987,69.0253,2585649.0
1477872000,69.0783,69.3607,68.8222,69.3431,2608917.0
1477958400,69.4843,69.4932,67.8159,68.0013,4233086.0
1478044800,68.0189,68.3897,67.6923,67.7452,2771781.0
1478131200,67.9395,68.2396,67.4363,67.5687,2863389.0
1478217600,67.6746,68.4162,67.6128,67.9218,2590633.0
1478476800,68.6104,69.2195,68.6015,69.0341,3697044.0
1478563200,68.9723,70.1014,68.8134,69.6786,3937291.0
1478649600,69.6874,71.0998,69.1047,70.8262,4677368.0
1478736000,71.4706,71.7708,70.6938,70.835,3879659.0
1478822400,71.4176,71.7708,70.8703,71.453,3585459.0
1479081600,71.3912,71.6737,69.7403,69.8286,4655196.0
1479168000,71.091,71.1969,70.0582,70.2965,4859510.0
1479254400,70.3053,70.8527,70.1288,70.8085,5199028.0
1479340800,70.8615,71.0204,70.5613,70.5967,2868854.0
1479427200,70.5702,70.5967,69.3961,69.7315,3296522.0
1479686400,69.9699,70.2877,69.2195,69.9346,4563954.0
1479772800,69.6168,69.8904,68.884,69.2283,4017337.0
1479859200,69.0518,69.9257,69.0076,69.8816,1848627.0
1480032000,70.1464,70.5702,70.014,70.2347,955171.0
1480291200,70.1906,70.3671,69.5814,69.7668,2330775.0
1480377600,69.7668,70.0405,69.5196,69.8551,1864121.0
1480464000,69.9434,70.0758,68.8576,69.0076,5561167.0
1480550400,68.9723,69.1401,67.8953,67.9924,3921034.0
1480636800,68.0454,68.3632,67.5069,68.2573,3344077.0
1480896000,68.6015,68.681,67.9836,68.0719,2917294.0
1480982400,68.2661,68.3367,67.4716,68.3102,3465070.0
1481068800,68.2396,68.4073,67.3303,67.9483,4654469.0
1481155200,67.9748,69.0076,67.9571,68.628,4265725.0
1481241600,68.7869,68.9458,68.372,68.9458,2917017.0
1481500800,68.7869,69.0518,68.4338,68.7075,4794262.0
1481587200,69.0076,70.2259,68.9988,69.9522,5690200.0
1481673600,69.9346,70.1906,69.3343,69.4843,3758697.0
1481760000,69.3872,70.5613,69.2813,70.3848,4630033.0
1481846400,70.5702,71.1705,69.758,69.9346,4613704.0
1482105600,69.8639,70.3318,69.2195,69.3961,2722757.0
1482192000,69.5991,69.758,69.2813,69.6079,5482231.0
1482278400,69.3254,69.6477,69.1401,69.1754,2671519.0
1482364800,69.0341,69.4402,69.0076,69.1489,2055989.0
1482451200,69.2018,69.758,69.1312,69.6962,1342176.0
1482796800,69.6697,70.0317,69.5461,69.5814,1208579.0
1482883200,69.3696,69.6256,68.9061,68.9723,1771186.0
1482969600,68.99,69.246,68.8752,69.0518,1264485.0
1483056000,69.3519,69.3519,68.5574,68.7163,2014534.0
1483401600,69.246,69.6962,69.0518,69.5461,2841887.0
1483488000,69.502,70.4289,69.4314,69.9875,3142867.0
1483574400,69.9964,70.6673,69.8639,70.632,3228766.0
1483660800,70.6143,71.2543,70.3848,71.0027,2103564.0
1483920000,70.9763,71.2323,70.8439,71.144,2317420.0
1484006400,71.038,71.7884,70.9409,71.5942,3497753.0
1484092800,71.5148,72.1857,71.1881,71.8149,2700488.0
1484179200,71.5501,71.9032,71.2499,71.7619,3596042.0
1484265600,71.7531,72.0268,71.5765,71.8237,2465424.0
1484611200,71.5059,71.5765,70.8527,71.4265,3215313.0
1484697600,71.9473,72.0356,71.5059,71.6737,2117993.0
1484784000,71.5854,71.7708,70.8262,71.1528,2930740.0
1484870400,71.3647,71.4265,70.7291,71.091,2126537.0
1485129600,70.9056,71.0645,70.4995,70.6231,2373807.0
1485216000,70.632,71.016,69.7139,70.6496,3009201.0
1485302400,70.8438,71.5589,70.7732,71.5324,2236215.0
1485388800,71.3823,71.5236,71.1087,71.3205,1910307.0
1485475200,71.4706,71.5236,71.0601,71.4706,2277269.0
1485734400,71.7796,71.8061,70.3848,70.9409,2314067.0
1485820800,72.733,74.2514,72.2651,74.0837,6236935.0
1485907200,74.6398,74.8076,73.1391,73.7482,4643245.0
1485993600,73.3774,74.0395,72.9272,73.8895,2380694.0
1486080000,74.013,74.119,73.5584,73.8806,1713853.0
1486339200,73.4922,73.5981,72.8831,73.2627,2064660.0
1486425600,73.2715,73.5363,73.0596,73.3421,1739594.0
1486512000,72.989,73.3686,72.8919,73.2538,1699638.0
1486598400,73.2803,74.1543,73.1921,73.9424,2097355.0
1486684800,73.9513,74.2161,73.757,74.1366,1338031.0
1486944000,74.1719,74.4015,73.9866,74.322,1468059.0
1487030400,73.8983,74.4103,73.757,74.2426,1326936.0
1487116800,73.9336,74.7634,73.8365,74.6928,2080945.0
1487203200,74.6663,74.7193,73.8365,74.375,2485588.0
1487289600,74.2161,74.3794,73.8718,74.1984,2342219.0
1487635200,74.6222,75.0989,74.4368,74.8164,2307586.0
1487721600,74.7193,74.9665,74.5957,74.8605,2066548.0
1487808000,75.0371,75.2048,74.7104,75.1518,1787790.0
1487894400,75.3196,75.9905,75.0459,75.9905,1973365.0
1488153600,75.8492,76.2112,75.7168,76.0346,1740832.0
1488240000,75.8051,75.9728,75.4167,75.5226,2278488.0
1488326400,76.4054,77.3235,76.1494,77.0322,2560828.0
1488412800,76.785,76.8027,76.3171,76.4672,1526455.0
1488499200,76.5113,76.7673,76.1053,76.6526,2193382.0
1488758400,76.0876,76.348,75.5977,75.9993,2217865.0
1488844800,75.9022,76.2112,75.6992,75.9817,1588574.0
1488931200,75.9464,76.6261,75.8228,76.4672,1871880.0
1489017600,76.3789,77.1911,76.3789,77.0763,2310193.0
1489104000,77.2794,77.6943,77.0984,77.4736,2240950.0
1489363200,77.3235,77.4118,76.7585,77.2441,1549554.0
1489449600,77.0498,77.0498,76.3083,76.6791,1669827.0
1489536000,76.8556,77.5089,76.8027,77.2176,1781892.0
1489622400,77.0675,77.2176,75.911,76.273,2648216.0
1489708800,76.3789,76.6879,76.2642,76.5113,3107209.0
1489968000,76.6173,76.7056,76.22,76.3348,1536652.0
1490054400,76.6261,76.8645,75.8404,76.1671,1826160.0
1490140800,76.2818,76.4142,75.761,76.2024,1753449.0
1490227200,76.2024,76.5025,75.911,76.1847,2195025.0
1490313600,76.22,76.6967,75.5756,75.9287,3112519.0
1490572800,75.5491,76.1273,75.3902,75.9552,2097345.0
1490659200,75.7168,75.9684,75.3019,75.8228,3073049.0
1490745600,75.5138,75.7742,75.2578,75.5844,1641036.0
1490832000,75.6286,75.9375,75.399,75.6727,2253199.0
1490918400,75.2225,75.761,75.2225,75.505,2174356.0
1491177600,75.6197,75.8713,75.1077,75.4608,2563353.0
1491264000,75.5932,75.5932,74.9356,75.2754,2563142.0
1491350400,75.5491,76.4407,75.3814,75.7168,2521733.0
1491436800,75.5668,76.167,75.0194,76.0346,1997822.0
1491523200,75.9464,76.2244,75.7433,75.9817,1341513.0
1491782400,76.0788,76.2377,75.8228,76.017,1635635.0
1491868800,75.8139,76.1141,75.6286,76.1053,1277730.0
1491955200,76.2818,76.2818,75.5491,75.6992,1609696.0
1492041600,75.4873,76.1538,75.4255,75.7257,1975146.0
1492387200,75.8581,76.5555,75.7521,76.5378,1661206.0
1492473600,76.2642,76.4849,76.0876,76.3966,1875724.0
1492560000,76.6967,76.7938,76.039,76.3083,2583421.0
1492646400,75.4785,75.714,73.1391,73.1744,8816735.0
1492732800,73.1744,73.4039,72.0135,72.1239,7636622.0
1492992000,72.9625,73.4481,72.4946,72.7948,5328144.0
1493078400,73.0949,73.7482,72.9625,73.5363,6760446.0
1493164800,73.8541,74.1543,73.1126,73.2538,4874439.0
1493251200,73.4216,73.5363,73.0773,73.1921,2769594.0
1493337600,73.2009,73.7085,73.1567,73.5628,4264409.0
1493596800,73.7747,74.066,73.3774,73.3863,4232725.0
1493683200,73.6246,73.8718,73.2185,73.2715,3742033.0
1493769600,73.298,73.4922,72.7771,73.1038,2217964.0
1493856000,73.0773,74.2779,73.0773,74.2249,2997440.0
1493942400,74.4898,74.4986,73.8983,74.0307,1632307.0
1494201600,74.0572,74.066,73.6158,73.6158,3284716.0
1494288000,73.5275,73.8188,73.2892,73.4216,2448674.0
1494374400,73.3598,73.6776,73.0773,73.4569,1748962.0
1494460800,73.2803,73.4569,72.8036,73.0773,1974731.0
1494547200,72.936,73.351,72.8831,73.1303,2134388.0
1494806400,73.298,73.7659,73.2097,73.5187,2710106.0
1494892800,73.4745,73.7129,72.8213,73.2803,2005457.0
1494979200,72.8301,72.9758,72.2563,72.3004,2156221.0
1495065600,72.168,72.6006,71.8237,72.1945,2689438.0
1495152000,72.424,72.9007,72.1327,72.5123,3108303.0
1495411200,72.5123,73.3598,72.4329,73.1921,3444839.0
1495497600,73.5363,74.7722,73.4216,74.1102,2838911.0
1495584000,74.5074,74.5074,73.9866,74.119,2209885.0
1495670400,74.1102,74.7016,73.8541,74.6045,1955294.0
1495756800,74.428,74.6133,74.194,74.5074,1084109.0
1496102400,74.322,74.9929,74.0748,74.8694,2426407.0
1496188800,75.0371,75.4608,74.9576,74.9841,3839093.0
1496275200,75.2754,76.3436,75.0547,76.0082,3334098.0
1496361600,76.0258,76.8027,75.9905,76.6614,2480187.0
1496620800,76.6261,76.6967,76.3701,76.3877,1670996.0
1496707200,76.1582,76.2642,75.655,75.6815,2571475.0
1496793600,75.3107,75.7963,75.3107,75.4167,2687713.0
1496880000,75.3107,75.4785,74.3317,74.6487,2564806.0
1496966400,74.7987,74.9135,74.1808,74.5869,2527353.0
1497225600,74.6487,74.9709,73.9954,74.2161,2959143.0
1497312000,74.3044,74.5515,74.1366,74.3044,3252649.0
1497398400,74.4721,74.834,74.2602,74.5604,2332861.0
1497484800,74.2337,74.4986,73.8453,74.4898,2484244.0
1497571200,74.6928,75.0547,74.3794,74.578,4916863.0
1497830400,74.8605,75.5226,74.6222,75.2754,2321434.0
1497916800,75.2931,76.0258,75.1607,75.6374,2976426.0
1498003200,75.8492,76.4628,75.655,76.3436,3242019.0
1498089600,76.2995,76.5731,75.8669,75.8846,2609394.0
1498176000,75.8934,75.9373,75.0989,75.6197,4874774.0
1498435200,75.655,75.8625,75.4211,75.452,1782231.0
1498521600,75.3284,75.4741,74.7016,74.7016,1656845.0
1498608000,75.0724,75.1695,74.6796,74.7899,2313257.0
1498694400,74.7722,74.9223,74.0837,74.1808,2403926.0
1498780800,74.4015,74.7546,74.2249,74.4986,2758857.0
1499040000,74.8429,75.0371,74.3838,74.3838,1051920.0
1499212800,74.3573,74.4809,74.0395,74.2337,2561602.0
1499299200,73.8895,73.9071,72.989,73.2097,2875305.0
1499385600,73.4481,73.4922,73.2185,73.3333,2822951.0
1499644800,73.3686,73.4834,72.8213,72.8831,2968960.0
1499731200,72.9625,73.5893,72.7462,73.3598,2592978.0
1499817600,73.863,74.0395,73.501,73.7041,2914062.0
1499904000,73.501,74.6222,73.4127,74.3838,4126026.0
1499990400,74.4368,75.2931,74.0748,75.0371,3060275.0
1500249600,75.1607,75.8757,74.9665,75.452,3507680.0
1500336000,75.3549,75.6021,74.9753,75.4608,2862519.0
1500422400,75.4961,75.8228,75.2931,75.7345,2903668.0
1500508800,72.4417,74.3309,71.9473,73.4481,9541338.0
1500595200,73.2892,73.6246,72.8478,73.3156,3606106.0
1500854400,73.245,74.1984,73.245,73.298,3089970.0
1500940800,73.5187,73.7041,72.2916,72.3799,4896817.0
1501027200,72.477,72.6712,72.0621,72.3975,2812389.0
1501113600,72.7595,72.7683,71.3735,71.6472,4977282.0
1501200000,71.6737,72.0179,71.219,71.8855,3018302.0
1501459200,72.0709,72.3711,71.859,71.9385,2168216.0
1501545600,71.9826,72.0673,71.3117,71.347,2524198.0
1501632000,71.3294,72.0312,71.144,71.7531,4393117.0
1501718400,71.8061,72.0091,71.4883,71.7531,2506615.0
1501804800,71.9738,71.9738,71.4309,71.5148,2425291.0
1502064000,71.4971,71.9341,71.2941,71.8855,1898426.0
1502150400,71.7884,72.1239,70.7467,70.8615,2995484.0
1502236800,70.8791,71.2234,70.6408,70.8262,2666513.0
1502323200,70.6673,70.7556,69.7139,69.9964,3646216.0
1502409600,69.961,70.7732,69.8286,70.4642,2433944.0
1502668800,70.6673,71.2543,70.4819,71.1528,2351393.0
1502755200,71.1705,71.4,70.9145,71.1175,1798771.0
1502841600,71.4088,72.2563,71.347,72.0003,3159127.0
1502928000,71.9826,72.2033,71.4265,71.4265,2246380.0
1503014400,71.2764,71.7884,71.016,71.3912,2861306.0
1503273600,71.4088,71.9561,71.3294,71.5765,2333562.0
1503360000,71.6383,72.8919,71.6383,72.8478,2279837.0
1503446400,72.6006,72.7153,71.9738,72.2298,1969228.0
1503532800,72.1945,72.274,71.7001,72.221,2043669.0
1503619200,72.4858,72.7065,72.3181,72.53,2342566.0
1503878400,72.7595,72.9096,72.5123,72.7153,1710600.0
1503964800,72.2122,72.5697,72.1415,72.3799,1989940.0
1504051200,72.2386,72.6271,72.1407,72.5123,1940347.0
1504137600,72.7683,73.7923,72.6182,73.6423,2797533.0
1504224000,73.5981,73.7482,72.9846,73.4745,1607986.0
1504569600,73.4392,73.6511,73.1038,73.3245,2096900.0
1504656000,73.4569,74.3132,73.298,74.1719,3393326.0
1504742400,74.4015,75.2666,74.1455,75.1254,3263944.0
1504828800,75.2136,77.1558,75.0989,76.5908,5151157.0
1505088000,76.5908,77.0498,76.5731,76.8645,2630561.0
1505174400,76.8645,77.0912,76.6173,77.041,2158947.0
1505260800,77.0587,77.3147,76.7673,77.0145,2465965.0
1505347200,76.8909,78.1092,76.785,78.0827,3270416.0
1505433600,77.7119,78.1092,77.3676,77.8708,3562923.0
1505692800,78.0297,78.2063,77.7031,77.7826,1671125.0
1505779200,77.8179,78.2328,76.6349,76.6879,3143822.0
1505865600,76.8291,76.9174,76.0258,76.326,3532402.0
1505952000,76.4407,76.7409,76.2465,76.2906,1871551.0
1506038400,76.3348,76.7056,76.017,76.6084,1906334.0
1506297600,76.6702,76.8645,75.4785,75.9199,2202686.0
1506384000,75.7963,75.964,75.1695,75.4432,2388193.0
1506470400,75.7345,76.0523,75.0018,75.4432,2524512.0
1506556800,75.2843,75.505,74.7104,75.0724,2769566.0
1506643200,75.1077,75.8316,75.0371,75.7257,2317631.0
1506902400,75.9199,76.6526,75.7963,76.3789,1903974.0
1506988800,76.6261,76.7056,76.0082,76.3789,1234976.0
1507075200,76.1406,76.8468,76.1406,76.6967,1558770.0
1507161600,76.7673,76.8998,76.3789,76.7762,1554990.0
1507248000,76.7938,77.4206,76.6935,77.3588,1687659.0
1507507200,77.3676,77.4206,76.5378,76.8291,2246437.0
1507593600,76.6614,77.1734,76.6614,76.9527,1875024.0
1507680000,76.9792,77.2352,76.7409,76.7673,1372548.0
1507766400,76.7938,77.1999,76.6005,76.8291,2074800.0
1507852800,76.6526,76.8954,76.4672,76.6614,2042690.0
1508112000,76.7762,77.0057,75.8846,76.0346,2877910.0
1508198400,75.4343,75.8757,73.9866,75.2666,4838035.0
1508284800,75.3814,76.0788,75.1254,75.964,3369105.0
1508371200,79.301,80.8987,78.5682,79.5393,8927307.0
1508457600,79.4952,80.6251,79.4952,80.1484,4063364.0
1508716800,80.5369,80.9694,79.813,79.8659,2906675.0
1508803200,80.1837,80.5369,79.6364,80.2897,3503365.0
1508889600,80.2102,80.3073,79.5658,80.0248,2797356.0
1508976000,80.069,80.89,79.7512,80.7399,2597388.0
1509062400,80.7046,81.4461,80.6958,81.4373,2875447.0
1509321600,81.1901,81.3932,80.7752,81.0489,2321042.0
1509408000,80.9783,81.6315,80.9253,81.455,2857796.0
1509494400,81.5432,82.2142,81.2961,82.0199,2873564.0
1509580800,81.9581,82.223,81.5256,81.8434,1949037.0
1509667200,81.7286,82.2406,81.4108,82.2142,1778775.0
1509926400,82.2053,82.2053,81.5432,81.7639,1806807.0
1510012800,81.8699,82.3554,81.7375,82.276,1270049.0
1510099200,82.0288,82.4172,81.8964,82.3113,2001527.0
1510185600,82.2936,82.3377,81.3843,82.0817,2420978.0
1510272000,81.9317,82.0199,80.9076,81.4285,2361630.0
1510531200,81.349,82.4349,81.0754,82.3907,2041014.0
1510617600,81.9317,82.3731,81.6403,82.2671,1974843.0
1510704000,82.1612,82.2142,81.5874,81.5874,1805810.0
1510790400,81.7463,82.8586,81.4991,82.6114,1547684.0
1510876800,82.2053,82.6644,81.9228,82.3642,1510518.0
1511136000,82.3642,82.8145,82.1259,82.6997,1282117.0
1511222400,82.9822,83.1764,82.7615,83.1411,1545121.0
1511308800,83.1587,83.1941,82.3731,82.7703,1580236.0
1511481600,82.991,83.1411,82.6379,82.9998,896604.0
1511740800,83.1499,83.2294,82.8321,83.0263,1398357.0
1511827200,83.1411,83.5648,82.8763,83.2647,2721844.0
1511913600,83.3794,83.388,82.4878,82.9292,1989761.0
1512000000,83.2029,83.706,82.8409,83.3,2170800.0
1512086400,83.4148,83.4501,81.9405,82.8233,2311138.0
1512345600,83.1676,83.4148,81.7639,81.9405,2773358.0
1512432000,82.2583,82.3024,81.7198,81.8699,2376939.0
1512518400,81.967,82.0553,81.3579,81.6845,2038382.0
1512604800,81.6845,82.2495,81.2519,81.8169,1787794.0
1512691200,82.0376,82.4172,81.8257,82.2583,1488245.0
1512950400,82.17,82.3377,81.7375,82.2848,1812519.0
1513036800,82.3819,82.938,82.1171,82.735,2128586.0
1513123200,82.8056,83.3,82.6335,83.1146,2377233.0
1513209600,83.3176,83.3176,81.6757,81.967,2846191.0
1513296000,82.3024,83.2823,82.3024,82.9822,5071119.0
1513555200,83.1941,83.7237,83.0616,83.3,2919061.0
1513641600,83.3706,83.6354,83.0263,83.3176,1862914.0
1513728000,83.3971,84.0062,83.2779,83.5295,2979718.0
1513814400,83.6178,83.8694,82.7791,82.8233,2193150.0
1513900800,82.7438,83.044,82.4613,82.5055,2612998.0
1514246400,82.3819,82.7791,82.3201,82.3819,593024.0
1514332800,82.2495,82.7527,81.9228,82.5938,1053031.0
1514419200,82.6732,82.7968,82.17,82.5938,750930.0
1514505600,82.9116,83.0087,81.9228,81.9405,1844786.0
1514851200,82.2583,82.532,81.3755,81.605,3623822.0
1514937600,81.4285,82.9027,81.4064,82.6909,2474514.0
1515024000,83.0881,83.7855,82.9998,83.0881,2125204.0
1515110400,83.4324,83.8561,83.2823,83.609,1847903.0
1515369600,83.5295,84.1386,83.2382,84.0857,1807760.0
1515456000,85.2068,87.2902,85.2068,87.0518,4261637.0
1515542400,86.531,86.99,85.8248,86.7252,2465211.0
1515628800,86.9459,87.1269,86.3196,87.0342,2026289.0
1515715200,87.0783,87.9788,87.0695,87.7404,1864929.0
1516060800,88.173,88.5173,87.5153,87.811,2226961.0
1516147200,88.3231,88.4334,87.4668,87.917,2542802.0
1516233600,87.8728,88.3407,87.4932,88.0494,1316550.0
1516320000,88.4555,89.0558,88.3142,88.7733,2120683.0
1516579200,88.7027,88.9057,87.9876,88.2524,2162953.0
1516665600,88.429,88.6056,88.0053,88.2348,2383457.0
1516752000,88.5438,89.7797,88.3495,89.4972,2223602.0
1516838400,89.8238,90.9361,89.5413,90.6625,2133055.0
1516924800,90.9096,91.6468,90.7331,91.6335,2433277.0
1517184000,91.4658,92.0043,91.1921,91.5364,2579983.0
1517270400,90.6095,92.534,89.2765,89.6914,3888500.0
1517356800,89.965,90.5477,89.0319,89.4089,3308859.0
1517443200,89.0911,90.2143,88.7203,89.9209,2289202.0
1517529600,89.4001,90.5124,89.4001,90.2034,4556900.0
1517788800,89.559,89.9121,85.0038,85.3657,4723992.0
1517875200,84.1298,87.0254,83.6443,85.6747,6640124.0
1517961600,85.0832,85.6041,83.6443,84.0857,5326825.0
1518048000,84.2181,84.3505,81.3402,81.3579,3435300.0
1518134400,82.3642,84.1122,81.0762,83.3883,3693554.0
1518393600,83.9797,84.6507,83.5074,84.2269,2247606.0
1518480000,83.6266,84.2622,83.0175,83.8473,2002859.0
1518566400,83.3265,84.8978,83.0881,84.836,1504893.0
1518652800,85.6217,86.3191,85.0832,86.0455,1892441.0
1518739200,85.9307,86.8841,85.4717,86.1073,1889022.0
1519084800,85.763,86.2838,85.2598,85.4981,2108992.0
1519171200,85.3569,87.3079,85.3039,85.9395,2158098.0
1519257600,86.4074,86.9018,85.6835,85.9484,1851086.0
1519344000,86.2573,87.7404,86.1955,87.6875,1646735.0
1519603200,87.8552,89.5943,87.6168,89.0116,3589843.0
1519689600,89.0205,89.8679,87.8728,87.8993,2548331.0
1519776000,88.1024,88.4555,86.3015,86.3191,2042127.0
1519862400,86.2926,86.5133,83.993,84.7389,2299886.0
1519948800,84.324,85.1185,83.7855,84.942,2318770.0
1520208000,84.43,86.5045,84.2048,86.1426,1655085.0
1520294400,86.275,86.3103,85.5334,86.2926,1525899.0
1520380800,85.8424,89.3648,85.5864,89.0028,3872602.0
1520467200,89.197,89.7444,88.8616,89.7002,2396223.0
1520553600,90.1593,91.8719,89.7488,91.5806,3448617.0
1520812800,91.7395,92.0661,90.8037,91.2804,2292925.0
1520899200,91.713,92.0661,90.5433,90.7507,2035227.0
1520985600,90.9096,91.351,89.9121,90.2034,1513979.0
1521072000,90.38,90.6271,90.018,90.2387,1287614.0
1521158400,90.4947,90.6316,89.9474,89.9827,2509196.0
1521417600,89.8591,89.9077,87.8817,88.5526,2125708.0
1521504000,88.5526,89.0381,88.2833,88.7733,2328993.0
1521590400,89.0381,89.1529,88.1024,88.1112,1974902.0
1521676800,87.4668,88.1642,85.8248,86.0631,1835291.0
1521763200,86.4339,86.8753,84.4918,84.6948,2464643.0
1522022400,85.763,86.8223,85.1627,86.6546,3177084.0
1522108800,87.1313,87.3873,85.3569,85.8512,2061774.0
1522195200,86.0631,86.4869,85.0567,85.2068,2345407.0
1522281600,85.5334,86.9812,85.3304,86.4339,2270348.0
1522627200,86.1779,86.3456,83.8826,84.836,2596576.0
1522713600,85.4099,86.8223,85.1724,86.7164,2164829.0
1522800000,85.4981,87.6257,84.889,87.4491,2181003.0
1522886400,87.8905,88.0494,87.2107,87.5903,1624484.0
1522972800,86.9812,87.4138,84.5447,85.3304,1803257.0
1523232000,85.9484,87.352,85.3834,86.1602,2012791.0
1523318400,87.2284,88.7556,87.2284,87.8552,2312832.0
1523404800,87.2196,87.5188,86.5354,86.8841,1764381.0
1523491200,87.5197,87.9964,87.3608,87.3961,1485433.0
1523577600,87.917,88.0671,87.1489,87.608,1344123.0
1523836800,88.4025,89.0999,88.2877,88.6497,1451678.0
1523923200,89.1617,90.0048,88.6056,89.7708,2559122.0
1524009600,90.071,90.6183,89.7267,90.3976,2100083.0
1524096000,90.9273,91.7924,88.6585,89.6031,3380314.0
1524182400,89.4883,90.2396,88.5967,89.4619,3660098.0
1524441600,89.7797,90.0357,89.0293,89.3383,2184631.0
1524528000,89.3559,89.7267,87.5815,88.3672,2549470.0
1524614400,88.3407,89.303,87.043,88.7115,2976240.0
1524700800,88.9145,90.4064,88.7115,89.8503,1949124.0
1524787200,90.0445,90.1593,89.4089,89.7267,1493259.0
1525046400,89.7797,89.8856,88.4731,88.5614,2227917.0
1525132800,88.5879,89.1352,88.2701,89.0646,2347550.0
1525219200,88.7821,89.0293,87.6257,87.8905,1964606.0
1525305600,87.5197,87.7757,86.2794,87.3961,3141960.0
1525392000,87.1136,88.7027,86.3986,88.4555,2717294.0
1525651200,88.6409,89.4883,87.7757,87.9081,2636083.0
1525737600,87.8375,87.9699,87.3079,87.555,2470965.0
1525824000,87.5903,88.4113,87.2019,87.8728,2051867.0
1525910400,88.2789,89.5501,88.0494,89.3118,1462080.0
1525996800,89.2853,90.3888,89.0999,89.8768,2111598.0
1526256000,89.9915,91.0506,89.9033,90.636,2567922.0
1526342400,89.559,89.9033,88.1553,88.4908,2604866.0
1526428800,88.4731,89.3383,88.3584,88.8969,1368776.0
1526515200,88.8969,89.3912,88.6144,88.9675,1442935.0
1526601600,88.8527,89.6119,88.5879,89.3824,1722440.0
1526860800,89.7973,90.8037,89.7179,90.2564,2161659.0
1526947200,90.3358,90.4682,89.4265,89.5237,1367040.0
1527033600,89.303,90.3535,89.2676,90.327,2054309.0
1527120000,90.4329,91.0421,89.9386,90.3005,1310092.0
1527206400,90.3535,90.9449,89.9033,90.1593,1223408.0
1527552000,89.2676,89.5501,87.9435,88.7645,2875532.0
1527638400,89.1882,89.762,88.9763,89.3824,1474317.0
1527724800,89.4354,89.4354,87.6257,87.6433,2575818.0
1527811200,88.3672,89.0911,88.1024,88.7998,2200593.0
1528070400,89.1529,90.2829,89.0222,89.9297,2216886.0
1528156800,90.0622,90.6625,89.7355,90.1239,1962476.0
1528243200,90.2211,90.8214,89.7708,90.7507,2751377.0
1528329600,90.9538,91.2079,90.1504,90.4859,2229514.0
1528416000,90.7154,91.1038,90.4771,90.9273,1883347.0
1528675200,90.9538,91.8101,90.8214,91.1392,2049190.0
1528761600,91.3157,91.9248,90.8655,91.0685,2756633.0
1528848000,91.1303,91.4393,90.5212,90.5918,2008831.0
1528934400,90.9273,91.2848,90.3182,90.6095,2630845.0
1529020800,90.0886,90.9891,88.8351,90.3182,4509475.0
1529280000,89.6649,89.9121,88.8969,89.4001,1645322.0
1529366400,88.6673,88.994,87.9346,88.3054,2728018.0
1529452800,88.5173,88.8262,87.3255,87.5197,2385870.0
1529539200,87.5727,87.7713,86.2308,86.4339,2809205.0
1529625600,87.1843,88.2348,86.7164,87.661,2923973.0
1529884800,87.4668,87.4668,86.5354,87.2725,2856219.0
1529971200,87.4756,87.8817,87.0386,87.5021,2336909.0
1530057600,87.8464,88.9852,86.6458,86.6458,2745486.0
1530144000,86.4869,87.3432,85.71,87.0607,2013759.0
1530230400,87.2461,87.9699,87.0783,87.1136,2351975.0
1530489600,86.6722,86.7429,85.9837,86.6281,2158822.0
1530576000,87.096,87.6875,86.6987,86.9283,1244026.0
1530748800,87.4668,87.7934,86.7296,87.2725,2481487.0
1530835200,87.3961,87.8287,87.2814,87.6875,1903638.0
1531094400,87.9258,88.2083,87.4314,87.8375,3177642.0
1531180800,88.0141,88.7027,87.8287,88.4202,1760079.0
1531267200,87.6875,87.9346,86.9547,87.0165,1801057.0
1531353600,87.6786,88.5261,87.4756,87.9435,2286608.0
1531440000,88.1642,88.3495,86.9459,87.5727,2104198.0
1531699200,87.4668,87.7669,86.5398,86.6634,1953907.0
1531785600,86.6987,88.1465,86.4339,87.9081,4108240.0
1531872000,87.9699,88.1906,86.9547,87.2019,3136678.0
1531958400,93.5757,93.6463,90.6713,91.1038,5893040.0
1532044800,90.5477,90.9273,89.2632,89.4177,3722784.0
1532304000,89.5148,91.3069,89.1705,91.0509,3492985.0
1532390400,91.8012,91.9955,90.8214,91.4128,3319476.0
1532476800,91.404,91.8189,90.7772,91.404,3152987.0
1532563200,91.6953,92.1808,91.2627,91.6247,2470159.0
1532649600,91.6865,91.8454,90.6271,90.7066,2401924.0
1532908800,90.7066,90.9361,89.6914,89.8768,1744868.0
1532995200,90.327,91.02,89.8679,90.5565,3611055.0
1533081600,90.5742,90.9096,89.8944,90.0445,2150914.0
1533168000,89.7797,89.9099,88.9234,89.559,2414830.0
1533254400,89.5678,89.6914,89.0514,89.4883,2224209.0
1533513600,89.197,90.4373,89.1176,90.3182,2503192.0
1533600000,90.4506,90.583,90.0004,90.274,2162860.0
1533686400,90.1681,90.3005,89.6848,90.0004,1376643.0
1533772800,90.1946,90.2122,89.7179,89.7885,1279691.0
1533859200,89.5237,89.5237,88.1377,88.5702,1763212.0
1534118400,88.482,88.9322,87.4403,88.1553,2216419.0
1534204800,88.2436,89.2412,88.1465,88.9763,1854473.0
1534291200,88.4555,88.7027,87.8464,88.3584,1777654.0
1534377600,88.738,89.3206,88.3804,88.7027,1579722.0
1534464000,88.8174,89.2853,88.632,88.9057,2823683.0
1534723200,88.9763,89.2456,88.7336,88.7909,1214822.0
1534809600,89.2412,89.4707,88.6762,88.8174,1828855.0
1534896000,88.7556,89.0425,88.1465,88.888,1278100.0
1534982400,88.9587,88.994,88.0141,88.0582,1630788.0
1535068800,88.226,88.6364,88.1112,88.4113,3335188.0
1535328000,88.7556,90.7066,88.7556,90.4506,2560201.0
1535414400,90.6625,90.8667,90.3093,90.6625,1598066.0
1535500800,90.7596,91.6512,90.4859,91.5099,1992370.0
1535587200,90.892,91.404,90.6007,90.9361,2002635.0
1535673600,90.8743,91.5276,90.6536,91.404,2900400.0
1536019200,91.5099,91.8012,90.7066,91.4128,2241010.0
1536105600,91.2804,91.8277,90.7596,91.8189,1909454.0
1536192000,91.8189,92.5516,91.7139,92.3398,1809638.0
1536278400,92.2426,92.5869,92.0396,92.3927,1506137.0
1536537600,92.7105,93.2667,92.5604,92.8076,2069807.0
1536624000,92.8429,93.0857,92.1102,92.9136,1693195.0
1536710400,93.1784,93.4609,92.9047,93.3903,2649872.0
1536796800,93.5139,94.9352,93.4874,94.8292,2217912.0
1536883200,94.838,95.1382,94.2024,94.3437,1345147.0
1537142400,94.1495,94.1495,93.2755,93.5492,2074918.0
1537228800,93.7875,94.2995,93.5403,94.2466,1857210.0
1537315200,94.4584,95.3412,94.2598,94.9087,2057454.0
1537401600,95.5443,95.5443,94.8292,95.3147,1797043.0
1537488000,95.4207,95.8621,95.3589,95.4119,4410951.0
1537747200,95.4825,95.6414,94.7498,95.1912,1899608.0
1537833600,95.2971,95.5266,95.0058,95.3589,1963402.0
1537920000,95.4913,96.5065,95.3412,96.1357,1997730.0
1538006400,96.0916,96.4271,95.2839,95.5001,2058921.0
1538092800,95.5001,96.0828,95.4187,95.9239,1952517.0
1538352000,96.3829,97.045,96.2064,96.48,2001223.0
1538438400,96.5242,96.586,96.0364,96.1887,1729265.0
1538524800,96.7096,97.2216,95.6767,95.8091,2399654.0
1538611200,95.4825,95.5796,94.1142,94.4584,1874488.0
1538697600,94.635,94.9969,93.4609,94.4408,1919212.0
1538956800,94.3172,94.5026,92.278,93.2314,2039492.0
1539043200,93.3991,94.5644,93.1078,94.2201,2931853.0
1539129600,94.017,94.0965,91.5982,91.6688,3346707.0
1539216000,91.4216,91.8101,88.7203,89.4001,3505052.0
1539302400,90.7949,91.6247,89.8679,91.2627,2898417.0
1539561600,90.839,90.9626,89.9033,90.0357,2239738.0
1539648000,90.8831,92.8076,90.5653,92.737,2347594.0
1539734400,92.3662,93.1431,91.6688,92.6576,3520971.0
1539820800,93.5757,93.6639,88.7203,89.3736,5516433.0
1539907200,89.3383,90.0445,88.1024,88.6232,4259964.0
1540166400,88.6938,89.0293,86.222,87.0077,3644713.0
1540252800,85.9484,86.4869,84.4211,86.0013,3383815.0
1540339200,86.2838,87.0872,84.4564,84.58,3315801.0
1540425600,85.2245,87.5462,84.7478,86.7694,3465663.0
1540512000,85.6394,86.5928,84.686,85.7541,2730642.0
1540771200,86.7958,87.2549,84.2534,85.4981,3195819.0
1540857600,85.7541,86.8444,85.1757,86.2662,3166696.0
1540944000,87.0695,88.6673,86.584,87.7492,2864602.0
1541030400,87.7404,88.9587,87.1754,88.738,2269916.0
1541116800,89.4177,89.8061,88.2613,89.3824,2396814.0
1541376000,89.6472,90.0594,89.1838,89.8326,1981745.0
1541462400,89.7002,90.2475,88.738,89.3559,2459516.0
1541548800,90.071,91.9602,89.9121,91.8719,2036492.0
1541635200,91.8277,92.7105,91.7637,92.4722,1619427.0
1541721600,92.172,92.3574,91.148,92.1544,2608564.0
1541980800,91.9337,92.1279,89.303,89.6472,2335570.0
1542067200,89.9474,90.7949,88.5438,88.7115,1981492.0
1542153600,89.4795,90.0004,88.3275,88.9322,1886571.0
1542240000,88.3495,89.7532,87.1401,89.7355,2265150.0
1542326400,89.3824,91.4437,89.3471,91.1038,2765313.0
1542585600,91.1568,91.2892,88.8351,89.4265,2859579.0
1542672000,89.0381,90.6889,88.7909,90.018,2681407.0
1542758400,90.274,91.607,89.9739,90.8743,2126626.0
1542931200,89.9562,90.9273,89.9562,90.4064,920086.0
1543190400,91.0156,91.3245,90.53,91.1745,2020772.0
1543276800,90.8831,91.8277,90.4329,91.8101,1876899.0
1543363200,92.2162,94.5379,92.0573,94.432,2142245.0
1543449600,93.9023,96.0122,93.7081,95.2883,2296841.0
1543536000,95.4383,96.8155,95.3412,96.7007,3278493.0
1543795200,97.5482,97.866,95.6281,95.9062,4348743.0
1543881600,95.9592,96.1357,93.5845,93.8405,4182303.0
1544054400,92.5251,93.1607,90.4064,92.5693,3382456.0
1544140800,92.3927,93.1077,89.4972,89.9297,2378119.0
1544400000,89.7708,90.1275,87.864,89.7973,3074803.0
1544486400,90.9008,91.4128,88.8086,89.4442,1996163.0
1544572800,90.53,91.863,90.0092,90.071,2715134.0
1544659200,90.636,91.8101,89.9033,90.4859,2379637.0
1544745600,89.4354,89.9033,87.5197,88.632,2569706.0
1545004800,88.2524,89.559,87.608,88.6056,4468913.0
1545091200,89.0558,89.412,87.8199,88.9145,3523096.0
1545177600,89.0558,91.0244,87.7581,88.8527,4256378.0
1545264000,88.1288,88.6056,86.1602,86.8311,5365146.0
1545350400,86.9283,88.9234,86.4427,86.9371,6292613.0
1545609600,86.5133,86.7473,83.503,83.7326,3099166.0
1545782400,84.0327,88.2789,83.865,88.2436,2738897.0
1545868800,86.99,89.6031,86.4251,89.6031,2631459.0
1545955200,90.3623,90.9714,89.4883,89.8944,2506934.0
1546214400,90.1769,91.4923,90.1769,91.0332,1980341.0
1546387200,89.7444,90.1946,88.2524,88.7203,2397055.0
1546473600,88.2524,89.5911,85.1362,86.1779,3216683.0
1546560000,87.043,89.4883,87.043,88.6762,2549118.0
1546819200,88.9234,89.7355,88.5438,89.0381,2355251.0
1546905600,89.8061,91.351,89.5678,91.3069,3529615.0
1546992000,91.8807,92.9709,91.5717,92.1279,3015569.0
1547078400,91.8454,93.0725,91.1127,93.0107,1674724.0
1547164800,92.3221,92.9489,91.9866,92.9224,1547658.0
1547424000,92.1279,92.6708,91.7924,91.8895,1563359.0
1547510400,92.0396,93.1166,91.8454,92.7282,2016490.0
1547596800,92.9489,93.355,91.9513,92.2426,2796676.0
1547683200,92.2426,93.505,92.2073,93.1961,3092080.0
1547769600,93.9376,95.0676,93.6021,94.8557,3150577.0
1548115200,94.3084,94.368,92.9754,93.9376,2679273.0
1548201600,93.7787,94.432,92.6444,93.6904,1899653.0
1548288000,93.6639,94.017,92.8871,93.6198,1660823.0
1548374400,94.2642,95.0323,93.5227,93.867,2800475.0
1548633600,93.1696,93.611,92.6531,93.6021,2100467.0
1548720000,93.7434,95.1647,92.2515,92.9312,3631979.0
1548806400,93.6198,96.6478,93.2137,96.2329,3515278.0
1548892800,95.9062,98.0779,95.4119,97.919,2888439.0
1548979200,97.9278,97.9896,96.202,96.4889,2588149.0
1549238400,96.4006,96.7449,95.8091,96.7449,1923672.0
1549324800,97.1068,97.7159,96.2505,96.6742,2569949.0
1549411200,96.4712,97.045,96.277,96.8067,1597704.0
1549497600,96.1093,96.842,95.1912,95.8621,1699277.0
1549584000,95.2706,96.5418,94.9528,96.4447,1259450.0
1549843200,96.7184,97.045,96.2946,96.8243,1642730.0
1549929600,97.5482,98.431,97.0803,98.3162,1773348.0
1550016000,98.5634,98.6826,97.6365,98.1838,1960400.0
1550102400,97.9631,98.0691,97.3628,97.4246,2248017.0
1550188800,98.3074,98.5104,97.663,98.2015,4047843.0
1550534400,98.2986,98.7135,97.9013,98.2721,2365723.0
1550620800,97.9984,99.0754,97.6895,99.0489,1703552.0
1550707200,98.7223,99.2873,98.2544,99.252,1821677.0
1550793600,99.3579,100.3113,99.1945,100.1789,1855759.0
1551052800,109.4129,109.5541,107.1088,108.7155,8801516.0
1551139200,108.0799,108.945,107.0912,108.7685,6662567.0
1551225600,110.6841,112.5821,110.3751,111.5757,15512120.0
1551312000,111.3285,112.8558,111.0549,112.1319,6179607.0
1551398400,112.5998,113.1824,111.611,112.794,3626541.0
1551657600,112.8116,113.3413,110.2162,111.1343,4505786.0
1551744000,110.7194,111.7655,110.384,110.6576,3276606.0
1551830400,110.3575,110.587,109.2628,110.0308,3767259.0
1551916800,109.8543,110.3487,109.1481,109.8719,2834037.0
1552003200,109.2363,110.4767,109.0245,110.384,2369099.0
1552262400,110.6311,111.9421,110.3663,111.5228,3282288.0
1552348800,111.7523,112.8205,111.5934,112.5027,2484780.0
1552435200,112.7763,113.8357,112.6428,113.1118,2091249.0
1552521600,112.997,113.2265,112.5909,113.0941,2280589.0
1552608000,113.1118,114.2506,113.0235,113.6061,5489373.0
1552867200,113.7121,114.0475,112.4144,113.0588,2751646.0
1552953600,113.4649,114.7096,113.3413,114.639,3127008.0
1553040000,114.1888,114.9215,113.9416,114.5331,3131793.0
1553126400,113.6944,116.9034,113.6944,116.7842,2989131.0
1553212800,116.1133,117.0556,114.4624,114.4889,2940405.0
1553472000,114.2064,114.9568,113.7474,114.2859,1750262.0
1553558400,115.3717,116.5723,115.1334,115.716,1902359.0
1553644800,115.513,115.7866,113.7297,114.5331,2843551.0
1553731200,114.7626,114.9568,113.8975,114.6213,1451589.0
1553817600,115.151,116.6782,114.8244,116.5458,3211143.0
1554076800,117.5434,118.7351,115.919,116.3693,2237654.0
1554163200,116.5282,116.5458,116.0162,116.1927,2038772.0
1554249600,116.59,116.59,115.513,115.6189,2349105.0
1554336000,115.8749,116.2015,114.9303,115.1775,2266408.0
1554422400,115.4865,116.3251,115.1422,116.1662,2702867.0
1554681600,116.2192,116.5635,115.0098,116.484,2123793.0
1554768000,115.8484,116.9961,115.6719,116.3781,2063425.0
1554854400,116.4752,116.9254,115.9543,116.0868,1628394.0
1554940800,116.3163,116.4311,115.513,116.025,1451942.0
1555027200,116.2192,116.9872,115.663,116.2015,2181695.0
1555286400,116.1839,116.4664,114.4801,115.204,2447675.0
1555372800,116.0162,116.2611,112.8381,113.1559,3125541.0
1555459200,113.9769,114.5772,109.4747,110.2427,5904962.0
1555545600,113.2089,114.5066,110.6047,111.9112,5793663.0
1555891200,110.8165,112.6174,110.3487,111.9995,2693100.0
1555977600,110.7812,113.5797,110.2162,112.8028,3482180.0
1556064000,112.7851,114.6567,112.3614,114.1446,2602715.0
1556150400,113.6679,115.4423,113.1206,115.1069,2165439.0
1556236800,115.6101,116.0073,114.5728,115.5836,1705870.0
1556496000,115.6366,116.4752,114.8862,115.9279,2343257.0
1556582400,116.2722,117.1903,115.407,116.9166,2563644.0
1556668800,117.1108,117.1285,115.7425,116.1397,1811800.0
1556755200,116.2986,117.9053,115.8396,117.8612,1702546.0
1556841600,118.2849,118.8852,117.6052,118.8058,2315061.0
1557100800,116.6694,118.3467,116.6253,118.1084,2746013.0
1557187200,117.4904,117.4904,114.5154,115.407,2261592.0
1557273600,115.5041,117.3845,115.0981,116.281,2371199.0
1557360000,115.0451,116.025,114.6125,115.9455,2184920.0
1557446400,115.6101,116.7665,113.8092,116.2457,1587625.0
1557705600,114.2682,115.0098,113.2707,114.2859,2323675.0
1557792000,114.6567,116.3869,114.5408,115.4247,1759497.0
1557878400,114.5154,116.1203,113.8622,115.6895,1649274.0
1557964800,116.2986,117.5346,115.9632,116.7665,2303714.0
1558051200,115.5218,117.3139,115.5218,115.7337,2729460.0
1558310400,114.9215,115.5924,114.2241,115.0451,2548417.0
1558396800,115.9102,116.6165,114.9392,114.948,2871397.0
1558483200,115.0892,116.6429,114.842,116.2986,1923765.0
1558569600,115.4247,116.281,114.9568,116.2015,1664561.0
1558656000,117.0932,117.6228,116.3516,116.5635,1789555.0
1559001600,117.0932,118.3909,114.6655,114.8774,3548163.0
1559088000,114.7096,115.2746,114.0211,115.0098,1803413.0
1559174400,114.9921,117.0402,114.8685,116.9166,1991463.0
1559260800,116.1751,117.2609,115.4247,116.537,1991874.0
1559520000,116.7047,118.1349,115.8308,116.4576,2306716.0
1559606400,118.0377,118.0377,116.3958,116.9254,3339969.0
1559692800,118.0201,119.0176,117.1682,118.4703,3029726.0
1559779200,118.5233,119.8828,118.179,119.1059,2141960.0
1559865600,119.8651,121.6925,119.3796,121.4012,2381496.0
1560124800,121.9926,122.6989,120.9598,121.7984,1755638.0
1560211200,122.4605,123.127,120.2359,121.7455,1747240.0
1560297600,121.8073,122.6989,121.7013,122.5047,1825437.0
1560384000,122.796,123.1138,122.1471,123.0785,1527493.0
1560470400,123.0785,123.8112,122.7871,123.2639,2297201.0
1560729600,123.5817,123.7935,122.3987,123.0167,2199785.0
1560816000,123.9966,124.948,123.255,124.4821,1830116.0
1560902400,124.2526,126.3978,124.2526,125.8328,1923144.0
1560988800,127.0598,127.6248,125.9122,126.8127,2053704.0
1561075200,126.5037,127.1923,125.8593,126.8833,3016134.0
1561334400,126.795,127.1967,125.462,125.4885,2170594.0
1561420800,125.7357,126.7597,125.1883,125.5326,2333817.0
1561507200,125.3649,125.7886,123.4404,124.3938,2317379.0
1561593600,125.1442,125.4443,124.129,125.3384,1616070.0
1561680000,125.3384,126.336,124.2349,126.1682,3777817.0
1561939200,127.157,127.8985,126.5567,127.1216,1519425.0
1562025600,127.4836,127.5719,126.2389,127.2452,1770896.0
1562112000,127.5984,128.3046,127.2894,128.2781,1453374.0
1562284800,127.6248,128.4458,126.336,127.5189,1124728.0
1562544000,127.0952,127.1216,125.9299,126.7862,1954994.0
1562630400,126.3095,126.5125,125.4443,125.6121,2502017.0
1562716800,126.0005,126.7862,125.8504,125.8857,2352335.0
1562803200,126.4066,126.4419,125.3208,125.9828,2320107.0
1562889600,125.7092,125.9211,123.157,123.617,4283819.0
1563148800,123.9259,124.7911,123.1756,124.5704,2434173.0
1563235200,124.8705,125.1177,123.3257,123.4404,2178579.0
1563321600,123.9348,124.7558,123.0873,123.2815,2755316.0
1563408000,124.8705,127.1216,124.3585,126.2389,4990084.0
1563494400,126.6803,126.8568,124.8529,125.0118,3822195.0
1563753600,125.3561,125.6386,124.4998,125.0206,2391170.0
1563840000,125.2325,126.1153,124.9235,125.8063,3298358.0
1563926400,125.7445,126.1329,124.5174,125.9652,2946316.0
1564012800,125.8857,126.8656,125.1619,126.4242,1317585.0
1564099200,127.157,127.2452,125.3208,125.6032,1567789.0
1564358400,125.665,126.4037,125.0383,125.9564,1467994.0
1564444800,125.3384,126.3095,124.8794,125.974,2040916.0
1564531200,125.7886,126.0402,122.9461,124.0319,1986378.0
1564617600,124.332,125.6739,122.8269,123.7847,2489784.0
1564704000,123.8377,123.9701,122.3811,122.8754,2021237.0
1564963200,121.0922,121.7896,118.3909,119.7945,2780310.0
1565049600,120.3153,122.0456,119.8739,122.028,2984110.0
1565136000,120.3153,122.4208,118.7351,122.0015,2064570.0
1565222400,122.7871,124.5351,122.3634,124.3762,1869995.0
1565308800,124.2526,124.9235,122.8714,123.8642,1306768.0
1565568000,123.2021,124.2217,121.8514,122.1869,1222283.0
1565654400,121.5777,124.8617,121.5777,124.0672,1697104.0
1565740800,122.8225,123.8024,120.3153,120.3771,2390816.0
1565827200,121.5954,123.0608,120.4831,121.1099,2248271.0
1565913600,122.3281,124.076,121.719,123.8995,1988740.0
1566172800,125.1972,125.4797,123.7935,125.1001,1604228.0
1566259200,125.2766,125.7975,123.5905,123.6523,1551946.0
1566345600,124.8264,124.9853,122.8798,123.873,1458522.0
1566432000,124.2526,124.9588,122.5047,123.2021,1244641.0
1566518400,123.1667,123.767,118.7705,119.5297,2258824.0
1566777600,120.3948,120.898,119.1501,120.4124,1461719.0
1566864000,121.8073,122.5311,120.9509,122.0456,3026074.0
1566950400,121.3217,123.4051,121.1628,123.1403,1636133.0
1567036800,124.1555,125.6032,123.6346,125.0736,2204244.0
1567123200,126.08,126.5743,124.6675,125.4355,1960340.0
1567468800,124.076,124.4733,122.6812,123.4757,1920691.0
1567555200,124.0142,125.3561,123.0961,123.82,1564698.0
1567641600,125.2501,126.6317,124.4644,126.1947,2231500.0
1567728000,126.7597,127.9426,126.3404,127.413,1712255.0
1567987200,127.2099,127.36,122.7783,123.0255,2026387.0
1568073600,122.0809,122.1427,118.1525,120.5802,3862257.0
1568160000,120.5449,123.3786,119.6003,123.1491,2860833.0
1568246400,123.9083,125.4885,123.6876,125.1265,2180695.0
1568332800,124.8176,126.0182,123.6081,124.4909,2151728.0
1568592000,123.8818,125.0471,123.2109,124.1643,2313156.0
1568678400,124.1643,125.9861,124.0495,125.6474,1844518.0
1568764800,125.7004,127.7882,125.206,127.0775,2626215.0
1568851200,127.1216,129.7082,127.0334,128.6665,2650512.0
1568937600,129.4699,130.0613,128.7371,129.3021,5122644.0
1569196800,128.2693,129.1873,127.307,127.6513,1815500.0
1569283200,128.3311,129.055,126.2962,127.6072,3097728.0
1569369600,127.2629,127.7396,125.9431,127.0775,2095020.0
1569456000,127.8808,127.9868,125.1265,126.027,1838622.0
1569542400,126.4507,126.7774,124.2526,124.9676,1666192.0
1569801600,125.5591,128.1369,125.206,127.5012,2194959.0
1569888000,127.3423,128.3222,125.1442,125.2854,1689382.0
1569974400,124.0584,124.5439,120.4742,121.0392,2934459.0
1570060800,120.7214,122.5665,119.4679,122.54,1947609.0
1570147200,123.0255,125.1177,122.8931,125.0471,1929309.0
1570406400,124.2261,124.588,123.2815,123.308,1847793.0
1570492800,122.1692,122.3987,118.6645,119.7239,2743990.0
1570579200,120.9068,121.6042,120.2447,121.1187,1655127.0
1570665600,120.5537,123.0785,120.2271,122.4958,1799047.0
1570752000,123.7229,125.3472,122.434,122.4605,1951323.0
1571011200,123.4404,123.5905,122.1957,122.5311,1123686.0
1571097600,123.3257,124.2084,121.463,121.463,2095113.0
1571184000,121.1187,122.2486,120.8627,121.2864,2112877.0
1571270400,121.7984,122.2663,121.463,121.6219,1042513.0
1571356800,121.3217,122.3369,120.9509,121.8337,1434323.0
1571616000,122.434,122.615,121.4012,122.028,1422896.0
1571702400,122.1339,123.3521,120.9156,121.0127,1847572.0
1571788800,121.5424,122.7033,121.2952,122.2222,2422466.0
1571875200,121.5424,122.1162,119.7857,120.4478,2840184.0
1571961600,119.821,120.333,119.2472,119.9446,2365242.0
1572220800,120.3065,121.3945,120.077,120.2447,1945457.0
1572307200,119.9181,122.4517,119.8651,121.1805,2352533.0
1572393600,121.3041,122.54,120.7656,122.0456,3171608.0
1572480000,122.0015,122.4429,120.642,121.666,2537405.0
1572566400,122.4605,122.999,120.5272,120.5625,2298415.0
1572825600,121.4365,121.8161,119.3531,119.3708,2174517.0
1572912000,119.3266,119.6621,117.305,117.8259,3161504.0
1572998400,118.179,119.2207,117.7199,119.053,2569769.0
1573084800,119.0353,119.3708,118.3555,118.7351,2543328.0
1573171200,118.9205,119.7239,118.616,119.3796,1662480.0
1573430400,118.8676,119.8298,118.4394,118.7528,1099506.0
1573516800,118.8852,120.3122,118.7616,119.6532,1530844.0
1573603200,119.4326,121.5601,118.6998,120.9863,4835397.0
1573689600,120.8009,121.066,119.2913,120.1917,2158407.0
1573776000,122.9372,126.2653,122.6768,126.23,13746220.0
1574035200,125.8857,126.3051,123.6876,123.7935,5129438.0
1574121600,123.7317,126.9451,122.9284,126.7685,7171273.0
1574208000,126.3007,126.9627,125.7445,126.2035,6078476.0
1574294400,125.8946,126.486,124.5174,126.3978,6931099.0
1574380800,126.7597,126.9892,125.7621,126.5213,4440869.0
1574640000,127.1128,128.0044,126.8127,127.9515,4891993.0
1574726400,128.0044,129.2403,127.7749,128.8696,8373793.0
1574812800,129.1609,129.9466,128.6842,129.4081,8756126.0
1574985600,129.4699,129.77,128.1898,128.8696,1997850.0
1575244800,129.3198,129.4875,127.1834,128.6136,8350426.0
1575331200,127.5895,129.7612,127.2188,129.4963,9958819.0
1575417600,129.6817,132.0741,128.8607,130.0437,15413490.0
1575504000,129.717,130.0348,128.4547,129.9377,15095730.0
1575590400,130.3968,131.4826,129.5846,130.847,22420130.0
1575849600,131.0677,131.8093,130.0084,130.2379,34798350.0
1575936000,130.5469,131.4826,129.0991,131.3943,40697160.0
1576022400,131.8887,132.8333,130.8205,132.1271,53190490.0
1576108800,131.8446,135.0844,131.5974,133.566,73815320.0
1576195200,133.4601,134.2369,130.9,131.1119,64102580.0
1576454400,130.7587,135.5435,130.6793,133.6896,92051880.0
1576540800,133.9456,134.4311,132.4802,133.0981,26206060.0
1576627200,133.3012,133.6896,132.0388,132.4272,32595940.0
1576713600,133.2394,135.9495,131.6857,132.8068,35377500.0
1576800000,133.3541,135.1109,133.0716,134.9343,19635670.0
1577059200,135.6935,135.8171,134.5768,135.2786,16125820.0
1577145600,134.9255,135.4905,134.59,135.3669,1548843.0
1577318400,134.952,135.3581,134.643,134.9078,1717171.0
1577404800,135.2433,135.4022,134.5371,134.9608,2592807.0
1577664000,135.0138,135.0491,134.3164,134.9255,2022631.0
1577750400,134.8196,135.5788,134.4047,135.4905,2194258.0
1577923200,135.9142,137.0442,135.1815,136.9294,2376842.0
1578009600,135.4463,137.106,134.5636,136.082,2329043.0
1578268800,135.464,136.6205,135.2963,136.488,2749356.0
1578355200,136.85,138.3066,136.0378,137.8299,1987169.0
1578441600,138.8627,139.2512,137.9535,137.9711,2788122.0
1578528000,138.5802,140.2222,138.0594,139.1894,2104949.0
1578614400,139.6926,139.9927,138.9245,139.5866,1995485.0
1578873600,139.8779,141.0256,139.6308,140.8667,2273312.0
1578960000,141.1227,143.003,140.6813,142.4733,3041105.0
1579046400,142.6146,143.3385,141.4846,141.9525,2660189.0
1579132800,142.7029,142.9765,141.6435,142.5793,2427104.0
1579219200,143.2325,144.0403,142.544,143.9476,2608845.0
1579564800,143.8152,144.9275,143.5415,144.5214,2293122.0
1579651200,144.6538,145.2541,143.9653,144.5744,1882412.0
1579737600,144.442,144.8039,143.1928,143.4356,2153326.0
1579824000,144.1683,144.3449,142.6764,143.2325,1970737.0
1580083200,141.8201,142.8971,140.902,142.3056,2347619.0
1580169600,142.5705,144.8878,142.1379,144.5656,2105494.0
1580256000,145.2806,146.7019,144.2124,145.8544,1898327.0
1580342400,145.6602,149.3591,144.3941,149.2355,3834512.0
1580428800,147.6377,147.6906,141.5464,142.0143,3747546.0
1580688000,143.0119,144.0006,141.7009,142.1291,2997635.0
1580774400,144.1153,144.6009,143.4091,143.6828,2616379.0
1580860800,144.5832,144.9628,143.0692,143.7975,1945999.0
1580947200,144.4949,145.7662,143.5057,144.7598,1844268.0
1581033600,144.2389,144.645,142.747,143.003,1661586.0
1581292800,143.3297,144.4861,142.4645,143.8858,1669863.0
1581379200,144.4067,145.0423,143.9123,144.4949,1651039.0
1581465600,144.389,145.5455,144.0535,144.6274,1653431.0
1581552000,144.1153,144.5885,142.9677,144.2654,2734027.0
1581638400,144.2742,146.5077,143.9123,146.4989,1633778.0
1581984000,146.799,146.8961,144.186,144.7774,1916689.0
1582070400,145.1659,145.4837,143.621,144.698,2642379.0
1582156800,144.3184,144.6009,140.1251,141.4758,2428907.0
1582243200,140.6371,143.0825,140.3018,142.9059,1945795.0
1582502400,137.0972,140.4606,137.0972,138.439,2467155.0
1582588800,139.2423,139.4807,133.0805,133.875,3188035.0
1582675200,133.6631,137.2825,132.8598,134.3517,3203085.0
1582761600,132.286,135.1815,129.8053,129.8142,4238505.0
1582848000,125.4973,129.5935,124.6675,127.6337,7942815.0
1583107200,128.2781,133.054,126.2565,133.0275,4682742.0
1583193600,134.0427,137.6533,128.9667,130.2467,3105432.0
1583280000,132.9304,137.8387,131.8004,137.6975,3463276.0
1583366400,135.0491,135.1683,130.132,131.9505,4494187.0
1583452800,128.2075,131.5003,126.5655,131.0324,3156378.0
1583712000,124.0319,126.7288,121.9485,124.9941,4252772.0
1583798400,129.311,129.9907,122.743,127.3953,4064896.0
1583884800,124.9235,125.4267,121.2688,123.0343,4783206.0
1583971200,114.6302,119.7825,112.8911,113.7827,5855064.0
1584057600,120.4742,125.4267,112.3129,124.8176,5745603.0
1584316800,114.7096,120.28,109.0509,112.6792,4893720.0
1584403200,114.436,119.821,111.3374,116.334,4852250.0
1584489600,109.6424,115.1554,106.8793,113.1206,4908264.0
1584576000,112.7145,114.3035,107.7003,109.6336,5753879.0
1584662400,111.1255,114.7626,107.3648,109.2981,6373807.0
1584921600,120.0152,121.0922,105.5816,107.1618,8979306.0
1585008000,111.0107,116.5282,110.4643,114.0122,5257467.0
1585094400,111.8141,117.3536,109.2716,114.1623,5737666.0
1585180800,116.3958,123.2156,114.9568,122.4076,5268797.0
1585267200,118.4085,125.206,118.0113,122.3369,5256481.0
1585526400,121.4188,125.0118,118.7263,124.3144,4769746.0
1585612800,124.2614,124.3718,121.101,122.1869,5470365.0
1585699200,117.7288,119.6797,113.0235,113.615,3723777.0
1585785600,112.8381,120.6155,112.7322,120.4389,5152894.0
1585872000,119.6091,121.6484,118.2938,119.309,2448952.0
1586131200,123.5905,126.0182,122.3811,125.3031,5605454.0
1586217600,128.2516,128.8872,121.9926,122.0897,3449338.0
1586304000,125.206,128.7725,121.8867,128.1192,3281216.0
1586390400,127.5984,129.6111,127.2188,128.6489,3275326.0
1586736000,127.1216,129.2933,126.2477,129.002,2681184.0
1586822400,132.1006,135.0226,129.77,134.3075,3411325.0
1586908800,132.6479,135.4287,132.1094,134.8549,3699019.0
1586995200,136.1084,138.4831,135.7112,136.7176,4272866.0
1587081600,138.8098,139.4807,136.2232,138.183,3565325.0
1587340800,137.6975,138.8951,136.3159,137.565,2675430.0
1587427200,135.5435,136.6785,133.6234,135.7288,3031957.0
1587513600,137.7857,141.9922,137.0972,141.467,3901503.0
1587600000,142.438,144.7573,141.4935,141.8201,5122428.0
1587686400,142.6499,146.2605,142.544,145.722,3972595.0
1587945600,146.9844,150.1978,146.7372,149.6416,3221997.0
1588032000,149.9153,150.6391,144.3934,145.9515,3066584.0
1588118400,144.1242,147.0639,143.7181,145.6337,2684784.0
1588204800,144.6891,146.5871,143.6739,144.3007,3545865.0
1588291200,143.3208,143.568,141.0256,141.926,2125202.0
1588550400,142.235,142.3233,140.4518,142.235,1653596.0
1588636800,143.7887,146.6798,143.2237,145.1747,1500975.0
1588723200,145.2806,147.4964,144.5479,144.7598,2181519.0
1588809600,140.1075,145.7132,138.8451,144.3184,7374005.0
1588896000,144.8304,145.4395,142.2173,142.5087,9292538.0
1589155200,141.0697,143.4444,140.5003,142.7558,6314685.0
1589241600,143.2943,144.6891,141.4846,141.4846,3225943.0
1589328000,141.2551,143.7887,138.7038,141.1492,4117307.0
1589414400,139.5778,142.8353,139.1232,142.7117,2590319.0
1589500800,140.8578,144.7245,140.7254,144.645,5586060.0
1589760000,145.9162,147.311,142.9589,143.2237,3436241.0
1589846400,142.9501,143.9476,140.209,140.4694,2513877.0
1589932800,141.9437,142.3056,140.2575,140.3547,2110158.0
1590019200,139.6308,140.028,138.0064,139.1805,2278803.0
1590105600,139.2688,140.081,138.1742,139.7102,1483418.0
1590451200,143.2061,143.4444,139.3306,139.9927,3097561.0
1590537600,138.951,141.9348,137.3708,141.9348,3110676.0
1590624000,143.259,146.6931,143.0119,144.7509,3088386.0
1590710400,145.5896,147.4788,144.0182,147.0815,5328901.0
1590969600,146.3135,146.8343,145.157,145.9957,1512164.0
1591056000,146.2958,147.3905,145.0511,147.3905,2959278.0
1591142400,148.2203,149.7564,146.7284,149.7564,4064612.0
1591228800,149.1914,150.6391,148.3439,149.006,2599703.0
1591315200,150.1271,153.6936,148.8559,152.9256,3034182.0
1591574400,151.3895,152.9256,150.9305,151.4072,2819051.0
1591660800,152.1664,152.9079,149.3591,149.5886,2379106.0
1591747200,150.2772,154.0644,150.2772,152.4489,2561166.0
1591833600,151.8133,152.1664,145.2277,145.5719,3296839.0
1591920000,148.0879,151.1247,145.8809,148.644,3292290.0
1592179200,146.9756,152.4312,146.6666,151.4425,2794057.0
1592265600,154.7794,155.7593,152.4533,154.3998,2976264.0
1592352000,155.3709,156.8275,155.1325,155.6622,2107386.0
1592438400,155.1502,156.3773,154.3292,155.3709,1895385.0
1592524800,157.2954,157.7809,152.6784,152.6784,5522563.0
1592784000,153.2345,154.6735,152.5018,154.3469,1670069.0
1592870400,155.7064,156.2537,154.2056,155.009,1287673.0
1592956800,154.1615,154.3027,149.8446,151.363,2025806.0
1593043200,151.3542,152.237,148.8294,151.9722,1982280.0
1593129600,151.9457,152.5151,149.4121,151.5837,3447659.0
1593388800,153.0139,153.2257,151.0982,152.1752,2282224.0
1593475200,151.8397,156.6156,151.3101,156.1036,2434677.0
1593561600,156.3508,157.1806,154.6117,156.3949,2098530.0
1593648000,157.5514,159.5906,157.0132,158.6196,1594024.0
1593993600,160.6676,162.7952,160.1468,161.5504,1887959.0
1594080000,160.906,163.0776,160.3322,160.7029,2764386.0
1594166400,161.5416,163.2189,161.1355,162.804,1879805.0
1594252800,162.8834,165.2493,161.8153,163.7309,2435392.0
1594339200,163.7839,164.0664,161.3739,162.1419,1956097.0
1594598400,162.7952,164.8078,160.65,161.0296,2135480.0
1594684800,161.3474,163.8898,159.9437,163.7133,2024728.0
1594771200,165.214,166.3528,163.2145,166.2645,2533614.0
1594857600,166.2645,167.0855,164.9668,166.6794,2762952.0
1594944000,167.677,169.4955,166.0262,168.5686,3527169.0
1595203200,169.0012,171.0051,168.6127,170.7049,2030789.0
1595289600,170.8638,172.7972,170.1311,172.1439,2221247.0
1595376000,171.8614,174.0684,171.4024,172.6824,2546392.0
1595462400,178.0144,179.2062,174.4303,175.8693,4319468.0
1595548800,174.0684,174.086,168.0301,172.3822,3115197.0
1595808000,172.8501,178.5794,172.3558,175.6574,2654061.0
1595894400,175.4014,176.3989,174.598,175.6839,2072492.0
1595980800,176.1518,180.2038,175.525,178.4382,2995701.0
1596067200,175.9752,179.5328,175.5603,178.447,1696821.0
1596153600,177.8997,180.0449,177.3259,179.9124,1792914.0
1596412800,180.9718,182.7638,180.857,182.5873,2074654.0
1596499200,181.6868,182.7021,180.2391,181.9164,1734714.0
1596585600,181.987,183.0832,180.2523,181.4485,2081465.0
1596672000,182.0311,182.8874,178.6589,181.5809,2729122.0
1596758400,182.6403,183.32,180.398,181.3249,1345768.0
1597017600,181.4132,181.7133,177.7584,178.3676,2161208.0
1597104000,179.1797,179.7447,175.9399,176.5667,2421280.0
1597190400,177.9438,182.7197,177.626,181.784,1464163.0
1597276800,180.601,183.1611,180.4068,182.9051,1211281.0
1597363200,182.5696,183.5054,180.1243,180.8482,1280688.0
1597622400,180.8923,182.2518,180.6716,181.475,1234428.0
1597708800,182.1459,183.8762,181.5191,183.3377,1474417.0
1597795200,183.9644,184.6354,181.4838,181.7928,1190613.0
1597881600,180.6981,182.3772,180.398,181.5544,1001613.0
1597968000,181.2808,183.6422,180.8041,183.4436,1432421.0
1598227200,184.2293,184.8384,180.7864,181.4661,1226870.0
1598313600,182.8963,183.7526,181.8722,183.2406,1449040.0
1598400000,181.8546,184.397,181.0424,183.7879,1140998.0
1598486400,181.7398,182.0514,174.8982,180.4333,2551303.0
1598572800,181.2455,182.1018,179.8153,181.5368,1387082.0
1598832000,181.8546,183.3288,181.1024,182.2695,1710066.0
1598918400,181.3337,184.0439,181.3337,183.9556,1597842.0
1599004800,183.3641,185.8933,182.2562,185.3592,1917721.0
1599091200,184.9355,185.3504,175.9399,177.3612,2368924.0
1599177600,177.4406,177.498,169.9457,173.5387,3720110.0
1599523200,173.5034,174.0419,170.4666,173.1591,2668464.0
1599609600,174.6775,179.6476,174.4215,178.2705,2645589.0
1599696000,179.2062,182.1547,179.065,179.2857,2416048.0
1599782400,180.398,182.0929,180.036,180.857,1890488.0
1600041600,182.296,185.1032,181.6957,183.5584,1720913.0
1600128000,184.1763,185.1297,183.4627,184.2293,1591507.0
1600214400,184.0969,185.6417,182.6314,182.7815,1823578.0
1600300800,181.1395,182.9757,180.0978,182.8698,1965261.0
1600387200,183.2406,184.1233,180.7069,182.1282,3867965.0
1600646400,180.5216,181.7045,177.9367,181.6868,1606100.0
1600732800,181.2278,183.2582,179.9919,182.8698,1632867.0
1600819200,183.4877,184.2558,181.113,181.1483,1780707.0
1600905600,181.678,182.3083,178.5529,179.7977,2389402.0
1600992000,178.7118,183.2052,177.8291,182.8786,2301512.0
1601251200,183.9821,186.5598,183.4348,185.2003,2076439.0
1601337600,185.3857,187.3632,184.8649,186.2773,1724074.0
1601424000,186.9394,191.2386,186.3921,190.091,3285238.0
1601510400,191.5741,193.0483,188.7138,189.5084,2083009.0
1601596800,187.3367,190.0027,186.6437,187.5927,1433111.0
1601856000,189.3936,193.0042,189.3936,192.757,1242861.0
1601942400,193.1984,194.9321,191.6597,192.6599,1979366.0
1602028800,193.7899,197.1091,193.6486,196.0057,1746714.0
1602115200,196.5618,196.7446,194.1607,194.8404,2150675.0
1602201600,195.6261,199.6604,195.2465,199.5633,1619124.0
1602460800,200.1989,200.8169,198.7247,199.2897,1889028.0
1602547200,198.1156,199.475,198.0802,199.1749,1644994.0
1602633600,199.3779,200.5697,197.9302,199.9959,1790075.0
1602720000,196.9061,199.325,194.8139,198.9983,1724600.0
1602806400,199.8546,202.5559,199.5104,200.7904,2637292.0
1603065600,201.4966,201.9027,196.1999,197.5947,2283477.0
1603152000,197.7536,202.1587,197.3564,200.4196,2326517.0
1603238400,201.9469,202.8208,199.6957,199.9959,3762125.0
1603324800,200.1989,207.9851,199.3161,206.555,2743224.0
1603411200,207.6232,208.8238,204.2156,205.3897,2268967.0
1603670400,204.2951,207.5614,204.1097,207.376,2384169.0
1603756800,208.1882,212.3196,208.1882,211.6752,3268887.0
1603843200,209.221,210.6953,204.0391,204.8954,2844692.0
1603929600,205.0543,206.043,201.5673,203.1033,2209140.0
1604016000,202.1587,203.7963,198.9807,202.6354,2598339.0
1604275200,205.1426,207.6585,202.9003,205.1955,2510272.0
1604361600,207.5614,208.9385,205.5486,207.2436,1659288.0
1604448000,211.3927,216.7159,210.6335,212.3285,3032703.0
1604534400,218.0842,218.0842,211.6399,212.1696,3389333.0
1604620800,214.0587,218.711,211.6664,216.6894,2343318.0
1604880000,216.9013,219.2142,206.096,206.3785,3884168.0
1604966400,205.84,206.7934,198.4598,199.4044,6233284.0
1605052800,201.2495,207.3584,199.6339,205.8135,3898044.0
1605139200,205.6987,207.888,204.4098,205.6811,2316043.0
1605225600,207.4555,208.5854,206.4844,207.173,2511202.0
1605484800,208.6384,208.6384,201.9998,202.7325,2151247.0
1605571200,201.8321,204.8699,201.0729,202.4677,2400076.0
1605657600,202.8032,203.3681,196.9679,198.3627,2873774.0
1605744000,197.8595,200.5785,195.2906,199.3603,2770508.0
1605830400,199.219,200.8699,197.8507,199.2985,2353100.0
1606089600,200.3931,201.1082,193.1278,195.167,2796178.0
1606176000,196.2882,196.3279,191.3092,192.6776,3945611.0
1606262400,189.4819,191.9007,187.5221,191.7595,3205921.0
1606435200,192.6246,192.9292,189.8085,191.371,1407208.0
1606694400,193.7811,198.4598,193.3397,198.3009,3319694.0
1606780800,199.5192,201.2759,196.862,198.6276,3879636.0
1606867200,198.7158,199.528,197.0739,198.451,2126470.0
1606953600,198.2921,199.6957,196.3765,197.1621,3197984.0
1607040000,196.2087,198.3539,194.0547,198.1244,2521175.0
1607299200,198.9895,201.2759,198.6541,199.6428,1845486.0
1607385600,198.8924,200.296,197.0827,197.3034,2032288.0
1607472000,197.321,198.0184,195.1141,196.7207,2500208.0
1607558400,196.8708,199.7752,195.9262,197.0474,3264462.0
1607644800,197.4623,199.5545,195.476,197.5241,1468372.0
1607904000,197.4976,199.1661,195.017,195.1847,1924975.0
1607990400,195.8644,198.3807,194.9463,197.0121,2092986.0
1608076800,196.7207,197.3828,194.6992,195.8909,1781961.0
1608163200,196.7119,198.7158,196.3676,198.1773,1613260.0
1608249600,198.3098,200.7551,196.0675,199.6075,4221375.0
1608508800,197.2769,200.0224,194.4873,199.6516,2482747.0
1608595200,198.9012,199.5722,196.5442,196.8002,1824774.0
1608681600,197.2681,198.5569,194.6285,194.7168,1753352.0
1608768000,194.8757,197.3652,194.7168,195.529,610981.0
1609113600,197.1092,198.9365,195.5025,196.6413,2115071.0
1609200000,198.9719,199.1992,196.5618,196.7384,1733672.0
1609286400,197.5682,198.4952,194.4696,194.8139,1427240.0
1609372800,194.9463,196.2882,193.9223,196.1028,1835566.0
1609718400,198.6187,199.2102,193.9311,197.065,3192502.0
1609804800,196.6236,202.4809,196.6236,201.9557,3711944.0
1609891200,197.6388,209.786,196.3856,208.6472,3965409.0
1609977600,210.5011,214.5619,210.0067,211.6134,3695497.0
1610064000,212.7875,216.248,212.3108,214.9503,2297374.0
1610323200,214.5266,215.5948,213.4937,215.5065,1541388.0
1610409600,215.9038,216.5041,211.2161,212.4785,2215987.0
1610496000,211.8429,213.0259,208.0822,211.7282,3257812.0
1610582400,212.1519,213.0755,208.6296,208.9562,2068762.0
1610668800,208.9562,210.969,207.4025,209.0003,2599528.0
1611014400,211.1279,211.5604,207.8527,208.4354,2255895.0
1611100800,208.2235,209.6977,207.1112,209.2652,2051162.0
1611187200,209.0003,210.5717,205.4339,205.7782,2379793.0
1611273600,206.8816,211.3839,206.4403,210.1391,2710537.0
1611532800,210.0244,211.2515,206.1931,210.2362,2168438.0
1611619200,210.863,210.863,206.555,206.555,1643263.0
1611705600,203.3946,203.3946,192.298,196.1558,4670753.0
1611792000,199.1572,204.8071,198.8407,201.7791,2621505.0
1611878400,201.223,211.0749,199.4662,209.9626,5747669.0
1612137600,211.428,215.7878,211.0396,213.4143,3584191.0
1612224000,216.0627,217.2721,214.3765,216.3628,3655904.0
1612310400,215.4182,215.842,210.2098,210.3069,2836052.0
1612396800,209.7684,211.7635,207.1113,207.9233,2464191.0
1612483200,208.5589,210.4128,207.067,207.9763,1470937.0
1612742400,208.4795,210.7703,206.6433,208.0293,1549274.0
1612828800,208.7885,210.4834,207.2348,209.221,1871948.0
1612915200,210.8542,210.8542,208.5325,209.6536,1406258.0
1613001600,211.225,212.7081,209.583,212.452,1849352.0
1613088000,212.0813,218.1196,212.0371,217.0779,2103486.0
1613433600,218.7728,219.6909,213.2775,213.8733,1637278.0
1613520000,212.8052,214.1382,211.2515,211.79,1951805.0
1613606400,210.1656,210.6335,207.8969,209.5742,1563790.0
1613692800,209.5035,210.5765,204.0302,204.1362,3080667.0
1613952000,204.5423,204.5423,198.6276,199.069,3433580.0
1614038400,198.9365,200.0753,196.7384,197.6124,2184407.0
1614124800,198.1862,199.7222,196.4206,196.862,2880725.0
1614211200,195.9792,197.8635,192.5054,193.5604,2923474.0
1614297600,196.094,196.6854,193.8252,193.9223,3129364.0
1614556800,195.0258,200.1548,195.0258,199.219,1987788.0
1614643200,198.6982,200.1636,196.094,197.8242,2066089.0
1614729600,198.6276,199.4706,193.7369,193.9311,2415719.0
1614816000,193.119,194.2754,187.734,189.2788,3561697.0
1614902400,190.6825,193.6133,187.6368,192.757,2432335.0
1615161600,192.4569,193.6751,187.2331,187.4868,2872377.0
1615248000,190.8414,193.3308,190.4176,190.9826,4729068.0
1615334400,191.4505,193.5692,186.4627,187.9723,3285655.0
1615420800,190.5412,194.2136,189.4201,193.525,2423297.0
1615507200,192.1214,192.9777,188.7756,189.5172,2288334.0
1615766400,189.9762,192.8232,189.4466,191.5653,1782713.0
1615852800,191.7683,192.4833,189.4995,190.5942,3921906.0
1615939200,189.2965,190.4883,187.8575,189.0405,2955581.0
1616025600,189.0846,192.7614,187.7781,190.6383,3482096.0
1616112000,191.3887,195.5466,190.7266,195.1494,4698128.0
1616371200,194.5756,197.6653,193.0925,197.3475,2713393.0
1616457600,196.7914,198.2215,193.5604,194.4961,2436737.0
1616544000,193.4279,194.7521,192.3509,193.7457,1792053.0
1616630400,194.6109,194.6109,190.1351,193.0572,2355677.0
1616716800,194.1165,199.9518,192.4392,199.7487,2639378.0
1616976000,198.4775,201.6291,196.244,200.2872,2350121.0
1617062400,199.2102,199.4574,196.1734,196.862,2458773.0
1617148800,198.1862,200.711,197.5594,198.6982,2669313.0
1617235200,199.0866,200.5167,197.8701,198.6982,1744432.0
1617580800,200.9493,201.4084,199.1484,199.9782,2553544.0
1617667200,202.4589,203.8449,199.6251,200.4373,2658880.0
1617753600,199.6163,201.1965,198.4245,199.5722,1614262.0
1617840000,201.2141,204.145,201.0288,202.9885,2019502.0
1617926400,203.1651,205.1337,202.1852,205.1249,1501981.0
1618185600,204.4187,207.6585,204.0038,207.3142,2576862.0
1618272000,210.4746,218.8434,209.3976,214.3765,6157017.0
1618358400,213.3437,213.635,209.1328,209.4859,2611040.0
1618444800,210.2098,214.8356,209.2299,214.1558,2300015.0
1618531200,214.8532,215.2946,213.2112,214.5707,1840573.0
1618790400,213.4937,214.268,211.8253,213.6262,2019978.0
1618876800,212.0195,214.6678,212.0195,213.5026,1323173.0
1618963200,214.1205,216.5658,212.7169,215.7537,1845268.0
1619049600,218.9759,226.0823,218.9759,223.275,3993638.0
1619136000,223.3192,229.5075,223.0985,229.331,3563121.0
1619395200,229.1279,229.8518,227.5213,227.8479,2077401.0
1619481600,227.5831,228.977,225.3761,227.7773,1910060.0
1619568000,225.8175,228.5894,225.3849,228.1039,1430681.0
1619654400,229.3133,229.3839,225.6497,226.5061,1711235.0
1619740800,225.4026,227.2123,223.1603,224.1755,2028191.0
1620000000,226.6385,226.7885,224.2285,224.8199,1493679.0
1620086400,224.2196,226.2147,222.3658,226.0205,2000482.0
1620172800,226.9916,227.4948,223.7959,224.6699,1202327.0
1620259200,223.9283,227.0446,222.9308,226.868,1757172.0
1620345600,228.4394,230.7847,227.8214,228.1834,2630507.0
1620604800,228.2981,230.1078,227.1681,228.6689,2008876.0
1620691200,226.7091,228.2451,225.3408,227.6802,1533066.0
1620777600,225.2172,226.3472,220.5737,220.9445,1859697.0
1620864000,222.2951,224.3697,221.1299,223.0543,1637592.0
1620950400,224.149,226.6914,223.3986,223.8577,2326781.0
1621209600,223.4604,224.8288,220.918,221.5006,1253724.0
1621296000,221.6154,223.0897,220.2824,220.6355,1498985.0
1621382400,218.764,220.2206,217.122,220.1058,1890511.0
1621468800,220.9445,225.3584,220.5296,225.0406,2411702.0
1621555200,225.588,227.2179,222.9484,222.9661,1556994.0
1621814400,224.3874,225.173,222.7101,224.149,2217977.0
1621900800,224.2726,225.4555,223.2221,225.2348,3526412.0
1621987200,226.4884,226.4884,221.0416,222.2598,3644234.0
1622073600,222.3746,225.6939,221.8317,225.3143,4211475.0
1622160000,226.8768,229.9754,226.0029,226.1176,2068178.0
1622505600,224.2285,224.2285,214.8179,216.4687,6416354.0
1622592000,216.2392,216.9366,213.379,213.6438,3333039.0
1622678400,212.8846,214.2838,210.3863,212.761,3252011.0
1622764800,214.968,215.8684,213.0788,213.8733,1992015.0
1623024000,213.8204,214.6678,211.7546,212.0813,2275581.0
1623110400,213.3172,213.4849,211.0308,212.046,2326275.0
1623196800,212.6816,213.1936,211.7635,212.4874,1904987.0
1623283200,212.9199,217.8282,212.9199,217.3957,2554165.0
1623369600,217.8635,218.6845,217.1317,218.0666,2972112.0
1623628800,218.8699,218.8699,215.2328,218.4109,1879320.0
1623715200,218.2078,218.8346,215.9832,216.3716,2153582.0
1623801600,216.7865,217.4972,214.5178,216.0538,1919352.0
1623888000,214.9327,228.6247,214.9327,226.9474,5000968.0
1623974400,226.9298,229.4634,225.8263,226.8503,4287505.0
1624233600,228.5276,231.9352,225.6939,231.8116,2779070.0
1624320000,232.3236,236.3403,231.6086,235.74,3730137.0
1624406400,235.3604,238.9004,234.5571,237.1613,3556483.0
1624492800,238.0441,238.9092,234.0539,236.0137,3130192.0
1624579200,236.0667,238.4678,234.4776,235.3163,3999123.0
1624838400,235.3075,240.4188,235.3075,239.845,2219936.0
1624924800,241.0721,241.0721,236.7023,239.1211,3005486.0
1625011200,238.7857,238.8916,235.6694,236.9053,1869338.0
1625097600,236.5875,240.3747,235.8018,240.304,1779554.0
1625184000,241.3193,241.9725,240.2334,241.9107,1438997.0
1625529600,242.4139,246.1834,242.0696,246.051,2533269.0
1625616000,246.9426,247.6224,243.0848,245.9009,1839864.0
1625702400,242.767,245.2653,242.383,244.515,1931745.0
1625788800,244.6209,245.6361,243.5351,244.9475,1663502.0
1626048000,245.9716,247.128,244.771,245.4242,1779536.0
1626134400,245.9892,247.1457,244.0382,244.3119,1523435.0
1626220800,244.8946,245.2918,243.5527,243.7558,1446580.0
1626307200,243.0407,248.5846,242.7935,248.0196,2266921.0
1626393600,249.3173,252.619,248.2032,251.4095,2565500.0
1626652800,249.5204,251.7538,248.4081,250.4914,2517970.0
1626739200,250.4208,253.3605,248.7523,250.359,2423449.0
1626825600,249.8558,250.3016,241.0544,247.0044,2748084.0
1626912000,250.4032,256.2207,249.0613,255.0908,2448315.0
1626998400,256.0883,258.1011,254.411,257.13,2076219.0
1627257600,256.8917,258.772,253.61,256.1678,2018124.0
1627344000,256.8917,257.9951,255.1835,256.5385,1731994.0
1627430400,255.3733,259.4871,255.3733,258.5513,2148363.0
1627516800,258.9839,263.6803,258.6661,262.7445,1779955.0
1627603200,262.3296,264.5984,261.3409,262.621,2229985.0
1627862400,264.104,264.8368,260.4316,262.2237,1195253.0
1627948800,262.8946,267.2115,262.3738,266.8937,1953405.0
1628035200,267.0526,271.1046,267.0526,269.798,1585331.0
1628121600,270.1865,272.2434,268.9373,271.1399,1406848.0
1628208000,271.3782,271.8417,268.1384,271.2635,1661411.0
1628467200,271.5636,272.9055,269.9569,271.8726,1540522.0
1628553600,272.3581,276.0482,271.7843,272.6759,1553861.0
1628640000,273.0379,276.0305,271.7225,274.1678,2123690.0
1628726400,273.5322,277.7167,273.1173,276.9928,1937844.0
1628812800,278.8201,278.8201,276.0747,278.3081,1373468.0
1629072000,278.0786,281.7069,277.2841,281.4332,1621047.0
1629158400,281.8393,283.649,280.7534,283.3312,1758354.0
1629244800,283.5078,285.5117,277.8314,278.0521,3323483.0
1629331200,276.3572,283.1635,275.9026,282.3072,3226428.0
1629417600,283.6578,285.3175,282.007,283.852,3295809.0
1629676800,283.9756,284.8408,281.1595,281.2743,2740674.0
1629763200,281.5391,284.5097,280.877,283.0664,1756151.0
1629849600,282.2851,283.8874,281.2302,282.0335,1342816.0
1629936000,282.4925,283.3577,279.4469,281.0271,1286246.0
1630022400,281.6627,284.0727,280.3562,281.698,1316351.0
1630281600,283.2694,289.0605,282.9604,288.6809,1711260.0
1630368000,289.7932,290.8526,284.3552,286.1649,2410243.0
1630454400,285.6618,289.6564,283.4106,289.2017,2187470.0
1630540800,290.879,293.96,289.8727,292.5828,2274229.0
1630627200,291.5588,294.2248,290.0975,293.4656,1333823.0
1630972800,291.8942,292.9977,288.8575,291.3204,1930558.0
1631059200,290.6937,293.0684,289.2459,291.7707,1811788.0
1631145600,291.7618,293.3067,289.2106,289.8903,1483068.0
1631232000,292.009,294.8163,291.2057,291.3116,2444061.0
1631491200,292.2032,292.649,279.2704,283.7726,2032358.0
1631577600,285.9089,288.6191,284.3817,286.1032,1888372.0
1631664000,284.9644,289.9874,280.1617,287.136,2353290.0
1631750400,287.6657,288.4161,283.9138,286.0237,1794074.0
1631836800,286.7652,290.5965,284.0992,286.4916,3459801.0
1632096000,282.5014,287.5156,282.5014,286.1208,3170763.0
1632182400,286.9065,289.0516,285.9796,286.6417,1874881.0
1632268800,287.701,287.9835,285.2998,286.1385,1796941.0
1632355200,287.0389,288.7471,285.3351,286.933,2262677.0
1632441600,286.8535,287.8952,284.4612,286.4651,1411726.0
1632700800,283.8609,284.7304,276.8074,278.9614,1811748.0
1632787200,272.7112,275.033,265.6931,268.3238,3721564.0
1632873600,269.8863,272.9672,269.4449,270.672,2053965.0
1632960000,272.4905,274.7063,268.5268,268.7563,2831625.0
1633046400,270.9986,270.9986,256.0618,266.8848,2668713.0
1633305600,266.3728,268.0148,262.3032,263.5744,2302315.0
1633392000,266.3816,268.1089,264.3159,264.413,1763247.0
1633478400,263.7951,265.3841,260.7494,265.3664,1640730.0
1633564800,267.2997,270.6808,267.1144,267.1408,1668358.0
1633651200,267.4233,268.3944,264.0158,264.6337,1077993.0
1633910400,264.2188,267.0261,262.6739,263.7244,1121524.0
1633996800,265.3311,265.3311,259.1339,262.056,2548290.0
1634083200,263.7509,264.0776,260.1845,261.182,2761965.0
1634169600,263.5655,268.1031,263.5655,265.2164,2820311.0
1634256000,265.8343,267.185,265.1281,266.055,2958017.0
1634515200,265.8167,269.7009,264.3071,268.5268,1767465.0
1634601600,270.4072,274.0178,269.904,272.3228,1828022.0
1634688000,277.5754,278.6348,274.5474,277.9197,2587261.0
1634774400,277.6372,277.6372,266.6023,274.3179,2872092.0
1634860800,274.6534,277.3282,273.1968,276.6485,2174049.0
1635120000,275.854,276.9486,269.4891,270.2218,2306477.0
1635206400,271.5195,273.4175,269.8157,270.9545,1354444.0
1635292800,272.0668,273.9118,268.7563,269.4626,1878848.0
1635379200,269.9128,271.8814,267.7588,268.8711,2407699.0
1635465600,267.8559,275.4302,267.2026,275.2272,2761807.0
1635724800,276.2247,278.0609,272.0756,273.3822,1863408.0
1635811200,273.956,277.9285,272.4905,276.5337,2748475.0
1635897600,277.7696,277.7696,268.1472,274.415,2891025.0
1635984000,274.4768,275.0065,267.9442,270.1247,3328790.0
1636070400,260.3963,260.9172,249.3968,257.8451,6803409.0
1636329600,260.0829,266.5582,258.9662,266.0285,2920681.0
1636416000,266.7436,267.1762,262.5062,264.1217,1858022.0
1636502400,262.6739,267.185,262.6739,266.6288,2230309.0
1636588800,268.1207,270.2318,266.7612,268.8446,2153682.0
1636675200,269.6921,271.4047,266.5538,268.7034,2735032.0
1636934400,268.4209,272.1595,264.0599,264.5543,3125891.0
1637020800,265.8696,272.2434,264.5101,269.7716,2751831.0
1637107200,273.6647,274.2826,270.5837,273.3733,2434222.0
1637193600,273.6293,276.7368,271.9432,276.004,1991459.0
1637280000,278.158,283.5431,276.8109,277.3106,2331198.0
1637539200,277.0457,279.853,272.6053,276.9575,2211288.0
1637625600,273.8147,277.1693,271.8285,276.7721,1774910.0
1637712000,276.1806,278.8996,274.287,278.5023,1557837.0
1637884800,283.1087,292.6358,282.4484,285.9884,3078289.0
1638144000,285.4146,290.8305,285.2468,288.2483,3088671.0
1638230400,289.9345,292.8079,282.4131,283.9403,3342284.0
1638316800,282.7574,287.6215,278.7523,282.2454,2344323.0
1638403200,280.8329,284.9467,278.0786,279.0144,2881289.0
1638489600,281.8834,284.1434,273.9825,276.2601,3016500.0
1638748800,274.7946,277.5048,268.8446,270.928,2432722.0
1638835200,275.3949,279.3586,275.2802,276.622,2172477.0
1638921600,277.187,282.1659,276.5425,280.9565,2224245.0
1639008000,282.8633,284.1698,279.6764,281.8569,1969476.0
1639094400,281.4067,285.2115,280.0031,280.2767,1865205.0
1639353600,281.1154,282.7574,278.9526,281.1772,2725724.0
1639440000,278.829,279.8971,268.3017,271.6342,3234668.0
1639526400,274.2208,278.3611,271.7931,278.0609,2980647.0
1639612800,278.7054,285.2557,276.1188,281.1595,4022413.0
1639699200,279.4911,280.983,274.3195,276.675,7948014.0
1639958400,276.2336,278.7319,270.7338,277.4518,2918313.0
1640044800,279.0629,279.0629,272.2875,277.1252,2189012.0
1640131200,278.7495,283.0973,278.4273,282.2101,2190639.0
1640217600,281.0889,284.6819,280.4092,283.1899,1209765.0
1640563200,286.6681,289.4578,284.9997,289.034,1067059.0
1640649600,288.4249,290.0757,284.7348,285.5293,1234195.0
1640736000,287.2773,289.2635,285.1587,288.3013,2006785.0
1640822400,288.8839,291.7265,288.2218,289.9698,1150318.0
1640908800,289.7844,292.4063,289.0164,290.4465,1276491.0
1641168000,288.778,290.058,275.7657,278.7495,3665771.0
1641254400,276.313,278.9967,269.5729,271.2458,4472264.0
1641340800,273.2233,274.5121,269.4626,269.5155,3722894.0
1641427200,268.8535,270.3983,264.0952,268.2973,1992122.0
1641513600,267.3174,267.9089,259.3635,261.0143,3231708.0
1641772800,259.7166,267.6882,256.8917,267.5116,3375614.0
1641859200,269.3566,273.0644,265.4017,269.542,4094814.0
1641945600,270.469,272.1992,268.0678,270.469,2633426.0
1642032000,269.0741,270.4601,256.8387,257.8186,3503357.0
1642118400,255.9029,259.2575,254.411,258.9309,3170927.0
1642464000,255.3026,256.1943,251.8421,254.5964,4167073.0
1642550400,255.6646,259.2664,253.3075,253.387,2980297.0
1642636800,255.2762,255.8853,249.3085,249.794,2966415.0
1642723200,250.8799,251.8862,245.9186,247.5782,4016213.0
1642982400,244.2943,245.0181,235.7312,244.409,5534958.0
1643068800,242.2903,242.767,238.0176,239.4124,4892027.0
1643155200,239.6508,241.6424,233.2064,235.5017,4707433.0
1643241600,240.2069,241.6371,236.0446,238.3266,5625194.0
1643328000,240.3305,248.3816,237.1569,248.1609,4955554.0
1643587200,250.0412,253.7489,249.5204,252.2923,3530578.0
1643673600,253.7754,254.2874,250.4208,253.6165,2575957.0
1643760000,255.0466,260.873,253.0515,259.9196,3259662.0
1643846400,256.0618,259.4694,254.2963,255.9294,2375765.0
1643932800,255.2673,256.6974,252.4336,253.9167,1479284.0
1644192000,254.8348,256.0089,250.9152,251.7273,1641720.0
1644278400,248.5052,252.8485,247.512,252.1423,1450953.0
1644364800,254.6759,258.3218,254.2521,257.7833,2250850.0
1644451200,254.8039,254.8083,247.7283,249.1231,2559145.0
1644537600,248.6111,250.5532,239.907,240.7013,2926760.0
1644796800,239.7655,241.69,237.3158,239.6773,3014217.0
1644883200,242.8023,244.8504,236.5081,237.5321,3284773.0
1644969600,236.6934,238.1236,231.7322,236.3138,3642473.0
1645056000,236.3138,239.7567,234.1951,237.7086,3225893.0
1645142400,238.8651,238.9622,234.0362,235.6429,2346339.0
1645488000,234.9632,238.0265,232.818,234.9808,3326882.0
1645574400,235.5723,238.3796,230.8582,231.6351,2807218.0
1645660800,226.0029,240.5623,225.844,239.7302,3720598.0
1645747200,238.9446,246.7352,238.2295,246.5189,2376805.0
1646006400,247.1633,247.3222,239.6773,242.2462,3239323.0
1646092800,242.2462,244.3952,238.0529,240.1451,2000103.0
1646179200,239.3418,243.5439,239.3418,242.3256,2031528.0
1646265600,244.3472,246.563,241.6415,244.153,2420841.0
1646352000,243.385,243.5792,236.2167,240.5954,2474778.0
1646611200,239.0858,240.5247,229.7062,232.1912,3277851.0
1646697600,228.7925,232.5602,224.8199,227.1152,2785707.0
1646784000,232.4119,235.3251,230.6375,233.7802,1900620.0
1646870400,232.8445,234.3629,230.3462,232.9063,1419938.0
1646956800,234.3894,236.8347,231.5026,231.7498,1976829.0
1647216000,233.1005,241.2221,232.1471,235.5723,2884507.0
1647302400,237.1172,240.1407,236.0402,239.1388,2700321.0
1647388800,240.3747,245.8215,239.5297,245.3448,3086321.0
1647475200,244.5679,248.4522,239.4036,248.4169,2576263.0
1647561600,249.2997,259.4208,248.3727,257.9422,4342221.0
1647820800,254.0226,258.5072,253.4135,255.3644,2619895.0
1647907200,255.7175,260.2286,254.7465,259.4517,2896205.0
1647993600,257.1741,257.205,251.9745,252.5219,2256420.0
1648080000,253.59,254.3713,249.644,252.9456,2376542.0
1648166400,254.923,255.7529,250.9593,253.8284,1363324.0
1648425600,254.2786,257.4831,252.4954,257.3066,1972193.0
1648512000,261.1467,263.0712,258.8823,261.1644,2783901.0
1648598400,260.5552,262.5327,259.6548,262.5062,2617876.0
1648684800,262.3738,265.6887,258.8073,258.9486,3962921.0
1648771200,259.6371,261.5792,253.9431,257.5008,3331435.0
1649030400,257.9951,258.7279,254.5787,255.3468,3337324.0
1649116800,254.3227,257.2889,252.5042,253.6871,2771125.0
1649203200,252.3674,256.565,249.1231,255.4174,2247043.0
1649289600,254.8171,265.9756,254.2521,264.5366,2518818.0
1649376000,262.7799,267.5911,262.312,264.21,2427038.0
1649635200,261.2262,263.8216,255.3468,256.9976,2027424.0
1649721600,256.3443,257.2006,246.4041,247.8342,2612075.0
1649808000,248.5052,251.5261,245.2035,250.465,2783072.0
1649894400,251.7185,251.798,243.9323,244.515,3094759.0
1650240000,242.7582,244.3472,240.4894,242.8288,1941132.0
1650326400,243.9853,245.3421,240.7984,241.0897,3565837.0
1650412800,243.0495,250.7121,241.8136,247.5164,3793342.0
1650499200,250.3414,255.1967,244.5767,245.6273,3483009.0
1650585600,242.767,244.5856,233.3212,233.5507,3017759.0
1650844800,229.0397,230.3049,223.3457,229.9313,4322524.0
1650931200,227.5742,229.0573,221.1828,221.5624,3287586.0
1651017600,223.6458,227.6007,221.7346,222.7101,2851998.0
1651104000,225.7645,228.8719,222.5688,226.8768,4352291.0
1651190400,225.3761,229.1677,221.2711,221.6949,3225216.0
1651449600,220.8474,224.5198,217.0072,221.1564,3221250.0
1651536000,221.5536,222.3878,218.3049,219.3819,2717541.0
1651622400,217.7488,227.9891,217.2588,226.5502,2894785.0
1651708800,226.1088,227.0181,219.6733,222.3834,2297103.0
1651795200,219.4526,221.2623,215.6566,220.0264,2122445.0
1652054400,216.1509,218.2608,209.839,211.3133,3971075.0
1652140800,215.3741,216.5747,207.2701,212.2667,3014799.0
1652227200,212.2755,214.5928,209.1239,209.3181,2420295.0
1652313600,207.5967,212.6816,206.3149,211.4722,2831787.0
1652400000,215.3476,221.3329,215.2946,219.9822,3163706.0
1652659200,218.8346,220.5914,215.8243,217.4928,2345074.0
1652745600,222.251,224.0078,217.8856,219.788,2940686.0
1652832000,218.0489,219.766,214.2618,215.0474,2257330.0
1652918400,214.456,221.3064,213.7762,220.0882,2393624.0
1653004800,222.7983,224.6699,217.4751,222.2863,2426624.0
1653264000,224.6169,224.6875,220.0705,223.4516,2049106.0
1653350400,222.0921,223.6723,219.6424,222.4629,1914146.0
1653436800,220.1765,222.5776,217.8547,220.9798,2574222.0
1653523200,221.686,223.0279,220.7061,222.2069,2512736.0
1653609600,225.5526,235.5988,224.2682,235.2545,2853678.0
1653955200,232.9063,233.6037,229.1721,232.8974,6400487.0
1654041600,239.6508,239.6508,228.1039,230.408,2299257.0
1654128000,232.8003,241.5223,230.4168,241.231,2666944.0
1654214400,238.3443,238.5385,233.4271,234.8661,2173855.0
1654473600,237.0377,238.0794,232.253,232.8268,1394190.0
1654560000,232.0323,237.488,231.4762,236.8259,1628784.0
1654646400,234.5218,236.4109,232.5178,234.4688,1600517.0
1654732800,232.8092,234.0892,228.3423,228.4305,1357735.0
1654819200,223.84,225.1642,221.792,222.0038,2148635.0
1655078400,216.9984,218.2696,213.944,215.2417,2656095.0
1655164800,214.5354,215.8066,211.5075,214.0058,2397878.0
1655251200,216.1862,219.6203,212.5668,216.2304,2357169.0
1655337600,211.6487,213.1671,210.3069,212.6198,2031114.0
1655424000,212.7787,216.61,210.351,210.6335,6820433.0
1655769600,213.7586,216.6983,212.9781,215.2858,2846004.0
1655856000,212.6639,219.5938,212.3549,217.0867,1867960.0
1655942400,217.9342,225.7998,217.9342,225.2701,2667787.0
1656028800,225.6497,227.177,223.9901,226.7268,2921601.0
1656288000,228.1657,229.1897,224.8199,226.356,1850120.0
1656374400,226.3118,228.3158,221.7213,222.3569,1759063.0
1656460800,221.5977,224.2903,219.9028,223.2221,1499015.0
1656547200,219.7262,224.5816,219.2584,223.8047,2172111.0
1656633600,224.5109,228.4129,221.6242,227.8038,1401502.0
1656979200,224.7316,225.7027,219.7218,225.5615,1622860.0
1657065600,225.3319,231.048,224.202,229.5605,1922260.0
1657152000,229.2162,234.5483,228.7836,232.5708,1786273.0
1657238400,230.7523,234.1775,230.5991,232.8445,1125288.0
1657497600,230.8229,234.5483,230.7258,234.204,1690940.0
1657584000,233.3212,234.5571,222.5776,223.0808,2196152.0
1657670400,220.6443,224.0431,219.1701,221.6595,1972410.0
1657756800,219.0023,220.4236,214.3854,218.9847,2369816.0
1657843200,224.3432,226.9828,221.2799,225.7998,4100917.0
1658102400,225.0495,225.7557,217.2456,218.1019,1976158.0
1658188800,221.4388,226.5502,220.4854,225.7733,2057723.0
1658275200,226.8768,230.3197,224.9523,225.994,2829052.0
1658361600,242.767,246.7837,239.642,246.5012,4175866.0
1658448000,244.921,246.4306,240.3834,241.743,2812730.0
1658707200,241.2486,241.6106,237.8588,241.3369,2216991.0
1658793600,241.5135,244.2766,240.5071,244.0912,2129101.0
1658880000,244.153,248.3374,242.9877,247.2251,1884334.0
1658966400,248.9466,256.0707,245.5302,255.1349,2483569.0
1659052800,255.0819,258.3378,254.2345,257.3066,2967772.0
1659312000,256.0,257.5626,253.9078,254.155,1639944.0
1659398400,252.0981,257.3242,251.5331,252.0628,1907052.0
1659484800,254.7377,255.6469,252.2394,254.7112,1496381.0
1659571200,254.7112,255.2055,252.5748,255.0819,2056325.0
1659657600,252.6984,256.3355,252.2703,256.0089,1316343.0
1659916800,256.8917,256.9711,252.6633,253.3517,1401210.0
1660003200,253.5371,254.2389,250.8288,251.8068,1361091.0
1660089600,254.9319,257.0682,252.6454,257.0152,1530390.0
1660176000,258.5866,260.7053,256.9446,257.0506,1616888.0
1660262400,257.951,263.1153,256.9976,262.8505,2361948.0
1660521600,262.2237,268.209,261.9324,266.9113,2120648.0
1660608000,264.8279,266.6994,264.0069,265.2605,1990536.0
1660694400,263.8304,265.4724,261.182,262.4267,2147875.0
1660780800,261.9854,262.0383,255.5233,259.7784,1882709.0
1660867200,259.7784,260.0874,257.386,258.1629,1603460.0
1661126400,254.7377,256.2649,251.948,252.4601,1537772.0
1661212800,250.6503,252.054,248.823,250.7474,1388906.0
1661299200,251.6214,252.6808,249.9,251.542,1600859.0
1661385600,253.4841,257.0947,251.6037,256.8652,1382003.0
1661472000,256.3708,257.5714,247.2582,247.4723,1673683.0
1661731200,245.5831,246.563,243.3144,244.2589,1563664.0
1661817600,244.7533,245.9451,240.4983,241.3281,1602653.0
1661904000,241.5046,243.0804,237.0421,238.2736,3120187.0
1661990400,238.5561,241.8136,235.6517,241.7607,1944152.0
1662076800,243.6498,244.4178,236.9671,237.8411,1527023.0
1662422400,238.7503,242.8465,237.5497,240.5424,2029812.0
1662508800,239.9068,246.0157,239.024,244.9475,1689275.0
1662595200,243.8352,255.0643,242.8641,254.3316,3347356.0
1662681600,253.7489,257.4037,253.2987,256.3796,2155631.0
1662940800,256.7328,260.0697,255.4174,259.1075,1763771.0
1663027200,253.7048,255.4836,248.1079,248.7523,1895312.0
1663113600,249.2026,253.7668,246.3688,248.7082,2973933.0
1663200000,254.6847,257.0417,248.205,248.8671,3219969.0
1663286400,249.4321,249.6793,242.9524,244.5856,5732725.0
1663545600,242.5993,246.4659,240.9165,246.2452,2244354.0
1663632000,243.1731,243.7867,239.8803,242.2109,2099144.0
1663718400,244.5238,246.9559,236.9318,237.0112,2111984.0
1663804800,234.8219,237.2408,234.2128,235.2015,2896814.0
1663891200,233.0475,234.6454,230.6287,234.1775,2028890.0
1664150400,231.8028,235.4311,229.994,231.8734,1576536.0
1664236800,233.8244,234.3452,227.1681,229.6135,2242360.0
1664323200,233.4713,236.6162,230.3109,235.0338,2864085.0
1664409600,233.6213,234.6983,229.7547,231.4232,2464273.0
1664496000,231.4144,234.4688,227.7861,228.0156,2667230.0
1664755200,230.6463,238.2118,228.4129,237.2849,3029231.0
1664841600,241.5223,246.4659,240.0613,246.3423,2586258.0
1664928000,244.1089,250.3855,243.6763,249.2026,2080574.0
1665014400,248.1344,249.4409,245.1329,245.4595,1999505.0
1665100800,242.3698,243.1984,235.484,237.0112,1577336.0
1665360000,237.7351,237.7351,229.7238,230.7699,1642979.0
1665446400,228.9337,229.4281,222.6571,224.352,3254582.0
1665532800,224.2285,226.1794,221.8361,222.1804,2607314.0
1665619200,217.8106,228.6998,214.1205,227.1152,2898077.0
1665705600,228.5806,230.1928,223.6458,223.9724,2012713.0
1665964800,226.3736,231.4144,225.9146,229.4634,2180839.0
1666051200,235.2015,237.819,232.615,234.4423,2063348.0
1666137600,229.8386,230.4565,221.8714,227.6625,4108948.0
1666224000,213.3525,224.2373,213.2598,214.5884,7560336.0
1666310400,214.3324,216.2657,207.2966,215.9214,6691758.0
1666569600,217.8724,222.507,213.8733,222.1716,3645395.0
1666656000,222.6041,225.3778,221.2667,222.3481,3546156.0
1666742400,223.9107,226.5149,221.6772,224.0342,4545822.0
1666828800,222.4452,222.869,215.9523,219.02,3290348.0
1666915200,219.894,222.93,218.7905,222.2863,3318316.0
1667174400,220.5031,223.0102,218.5874,222.1716,2950443.0
1667260800,224.0078,227.1138,222.0391,225.8351,2998666.0
1667347200,224.7493,225.3849,213.8513,214.1117,4526317.0
1667433600,212.046,215.021,207.4202,213.123,4075248.0
1667520000,216.1068,218.3403,211.0793,218.0224,2996934.0
1667779200,219.3819,220.3354,216.5482,219.8498,2440469.0
1667865600,220.7061,226.4089,219.4614,223.3545,3220161.0
1667952000,223.3545,224.1755,217.2897,218.0048,2197260.0
1668038400,227.1681,236.7905,226.9916,236.4727,3337173.0
1668124800,237.5056,244.7356,236.8523,239.2359,3525011.0
1668384000,238.3619,240.5512,235.4575,235.4575,2392269.0
1668470400,240.1893,243.2526,236.6846,238.6444,2559119.0
1668556800,238.3531,239.3595,232.7827,234.9632,2210399.0
1668643200,232.4296,232.4296,225.0759,229.1897,2163209.0
1668729600,234.0009,234.8219,226.3427,230.099,2715416.0
1668988800,229.3663,232.1471,228.6865,229.5782,1562505.0
1669075200,231.8558,232.8533,228.3687,231.3261,1810779.0
1669161600,232.5178,233.2506,230.5448,232.4825,1549554.0
1669334400,233.9038,236.102,233.4271,235.74,868330.0
1669593600,234.0009,236.817,229.8518,230.5492,2343422.0
1669680000,229.5252,230.9994,226.5678,228.6601,2161436.0
1669766400,228.6424,241.3634,228.6424,241.3634,5744155.0
1669852800,243.2261,245.3977,238.8386,242.3609,1989251.0
1669939200,238.3443,242.8905,236.5875,242.0873,1810596.0
1670198400,238.9446,239.6066,235.2104,236.561,2185224.0
1670284800,234.3629,235.9342,232.0941,234.2481,1710042.0
1670371200,234.4776,238.3619,234.2834,236.7994,1973158.0
1670457600,237.2849,241.4119,235.1927,239.9598,1750473.0
1670544000,238.7945,240.7543,237.5144,237.7704,1696558.0
1670803200,239.8185,241.8401,239.1917,241.434,2047867.0
1670889600,248.2845,248.5361,241.0897,244.2501,2609555.0
1670976000,244.9387,246.9073,240.357,242.0873,2606700.0
1671062400,238.8563,240.2776,235.7047,238.4237,3031142.0
1671148800,235.4399,236.2609,230.6993,231.3173,5016023.0
1671408000,231.6527,232.0765,227.4859,228.3952,2569961.0
1671494400,227.5213,228.2805,224.6699,225.6409,2537419.0
1671580800,227.5301,231.4408,226.7003,230.3903,1642295.0
1671667200,227.9273,228.7836,224.2373,228.3511,1843182.0
1671753600,227.892,230.8847,227.5124,229.4016,1096407.0
1672099200,228.9249,231.8733,226.6826,230.302,1130367.0
1672185600,231.7145,234.2923,228.7394,228.9426,1381472.0
1672272000,231.9705,237.0554,231.0225,235.5723,1203258.0
1672358400,235.4399,236.2785,231.688,234.3099,1508781.0
1672704000,236.4198,236.5875,228.6954,231.5291,2676804.0
1672790400,234.1245,236.8435,233.0299,235.1486,2185545.0
1672876800,228.6336,231.2378,223.893,225.3143,3686844.0
1672963200,226.3118,227.8302,214.0587,222.8954,5839483.0
1673222400,225.0318,230.2756,223.8312,225.1554,2948343.0
1673308800,228.2981,236.7376,227.8391,235.6076,2691713.0
1673395200,236.6934,242.8288,236.5875,241.7165,3005177.0
1673481600,241.7077,242.8023,237.8596,240.3923,1620616.0
1673568000,238.7945,242.1314,238.0529,241.5488,1747601.0
1673913600,242.6434,244.7886,240.6307,242.6964,2678147.0
1674000000,243.6586,246.1128,238.1324,238.9004,2095413.0
1674086400,237.7263,240.5511,235.8813,239.0417,1888030.0
1674172800,240.6307,242.255,237.4262,242.2374,3019847.0
1674432000,241.8401,246.5807,240.4541,244.5326,2111673.0
1674518400,241.0015,241.0015,232.5443,239.7479,5210134.0
1674604800,234.1422,235.6562,231.2334,232.1294,4360673.0
1674691200,233.0563,234.7336,230.2491,234.6983,3916104.0
1674777600,233.6125,235.88,232.0147,234.8043,2478883.0
1675036800,232.6326,235.5414,231.5997,231.9529,2156760.0
1675123200,232.1912,234.0936,229.896,233.3918,2604442.0
1675209600,234.0274,237.7969,232.1912,236.1461,3633050.0
1675296000,237.4703,241.2133,236.5434,238.9534,2520422.0
1675382400,237.2584,239.4875,235.1574,238.2207,1676759.0
1675641600,234.5483,236.3403,231.0966,232.8357,2307602.0
1675728000,229.6576,236.2167,228.3423,234.8219,2457726.0
1675814400,233.1181,233.7405,230.4256,231.2378,2320029.0
1675900800,231.9176,232.7209,224.7846,225.2084,3499637.0
1675987200,224.1137,228.8454,221.3682,228.5012,2805194.0
1676246400,229.2074,230.7434,227.3624,229.4193,2563325.0
1676332800,229.7724,229.7724,225.3231,226.2059,2019733.0
1676419200,224.6081,227.9362,224.3167,226.9739,1867588.0
1676505600,224.3609,228.4394,224.0519,225.7733,1971862.0
1676592000,224.2373,226.4443,222.7498,226.25,1683075.0
1676937600,222.4629,223.4957,220.3354,221.3947,2622978.0
1677024000,221.5801,222.3481,219.2672,220.7944,2778110.0
1677110400,222.6394,223.3368,220.3,222.9131,2220047.0
1677196800,219.8145,221.1431,217.634,219.9204,1810913.0
1677456000,221.9509,223.1779,218.5345,218.8876,2187998.0
1677542400,217.9253,219.9381,215.789,218.5168,3562147.0
1677628800,216.9101,219.0023,216.2039,216.6012,2885419.0
1677715200,215.4006,221.0707,214.7385,220.4589,1982254.0
1677801600,222.3305,223.9416,220.6973,223.4693,1943919.0
1678060800,222.6041,224.6125,220.353,220.5649,2140812.0
1678147200,221.3682,221.5713,215.1975,216.5041,2833183.0
1678233600,216.5394,219.9734,216.1716,218.7199,2972806.0
1678320000,219.6997,220.5649,214.3059,215.0739,2401362.0
1678406400,213.9175,214.8532,209.221,211.6487,3013530.0
1678665600,210.9337,214.8709,209.221,212.2137,2386241.0
1678752000,215.224,218.0048,213.6703,216.1509,2285048.0
1678838400,211.8871,213.9087,210.713,213.7321,2701561.0
1678924800,213.3878,220.4501,212.2402,220.1147,2684891.0
1679011200,219.532,219.5762,213.7806,214.4825,3467152.0
1679270400,214.5178,216.9228,214.4163,216.1068,2213082.0
1679356800,217.6075,219.8057,217.0381,219.2672,1765903.0
1679443200,220.15,223.1691,217.378,217.4398,3182497.0
1679529600,217.9165,220.5031,216.5041,217.9871,1605102.0
1679616000,216.3893,219.2407,214.6061,219.0818,2994606.0
1679875200,221.792,223.2221,218.5742,218.9052,1856368.0
1679961600,218.561,218.8788,216.557,217.9165,1582327.0
1680048000,219.7527,220.1323,217.3162,218.4727,1500100.0
1680134400,220.3795,221.2049,218.9405,220.5207,2656181.0
1680220800,221.8096,223.1206,220.3972,222.4982,2754736.0
1680480000,220.7238,221.43,218.1196,220.7768,2648736.0
1680566400,221.1299,223.328,219.5232,219.7969,2353230.0
1680652800,218.402,220.7591,216.9145,218.6669,3084107.0
1680739200,219.2937,219.2937,215.917,218.0136,2043040.0
1681084800,217.0249,220.4589,216.0185,220.2912,2081614.0
1681171200,220.9974,222.9881,220.3,220.5914,1525152.0
1681257600,223.3457,224.3167,220.022,220.6708,2021374.0
1681344000,224.2285,225.0053,221.6066,224.5904,1764026.0
1681430400,223.6988,225.279,221.6861,222.1716,2475153.0
1681689600,222.5688,226.25,221.8361,225.7733,2610947.0
1681776000,229.1191,230.6199,225.8704,226.1176,3187441.0
1681862400,224.6699,225.6497,222.0391,224.8994,2385120.0
1681948800,216.2834,220.3883,213.0347,219.2319,3733673.0
1682035200,220.9268,223.3192,219.4791,223.1779,2447511.0
1682294400,224.2285,224.8641,223.0455,224.5374,3163241.0
1682380800,216.4423,218.6227,203.9155,204.7983,10331550.0
1682467200,201.9027,206.1136,200.3931,205.222,7402135.0
1682553600,205.6104,205.6227,202.2382,204.2951,6015373.0
1682640000,205.275,211.4986,204.5776,209.1416,4696627.0
1682899200,211.1543,215.4668,209.9008,213.3966,3803467.0
1682985600,210.4658,215.9994,209.7419,214.3324,3295725.0
1683072000,218.2167,223.2795,216.4114,216.7865,4280695.0
1683158400,216.5217,216.6365,213.5864,213.9263,2357579.0
1683244800,215.9655,216.8395,212.2402,214.0234,2061701.0
1683504000,215.0563,215.1357,209.7672,211.1985,2505523.0
1683590400,209.1151,209.9229,206.7139,207.5967,2688028.0
1683676800,208.5854,209.7595,204.9837,206.0695,2762558.0
1683763200,204.8071,204.8071,202.4236,203.7566,3902277.0
1683849600,204.2598,204.2598,200.1283,200.6933,3526704.0
1684108800,200.5785,201.4172,198.9277,200.3402,3351672.0
1684195200,200.4726,200.4726,198.0282,198.6187,2682775.0
1684281600,199.1131,199.9955,195.2906,198.8483,3061523.0
1684368000,198.8924,200.3393,198.2921,199.89,3659870.0
1684454400,200.861,202.6884,200.2166,201.5673,3268490.0
1684713600,201.6555,205.9371,201.0552,204.1715,3129833.0
1684800000,203.324,206.2637,202.6001,203.0503,3582046.0
1684886400,198.8394,201.7262,196.606,201.0199,4689145.0
1684972800,201.2759,203.9243,200.1195,203.4388,3516081.0
1685059200,205.2485,206.3961,203.8802,204.9925,2802884.0
1685404800,205.6811,206.8728,200.3931,200.5521,2718212.0
1685491200,199.6604,202.9974,197.4005,202.7061,11225180.0
1685577600,202.7855,206.3785,201.3201,205.4162,2671311.0
1685664000,207.067,208.197,205.0454,207.12,2231617.0
1685923200,207.4643,207.5437,203.8802,205.7958,2387158.0
1686009600,205.019,208.7267,204.3657,207.1465,2039686.0
1686096000,207.1023,210.5187,206.5727,209.6801,3303476.0
1686182400,209.6801,210.1921,206.3211,207.8174,2233164.0
1686268800,208.709,208.9077,206.1842,207.7821,1822858.0
1686528000,207.7821,210.4658,206.8199,210.148,2185300.0
1686614400,209.8213,213.2201,209.6624,212.9906,2362769.0
1686700800,214.4648,215.2505,209.4947,210.5011,2339788.0
1686787200,206.5638,215.9126,205.7517,214.968,2826224.0
1686873600,216.2834,217.4575,212.6992,213.4584,6401216.0
1687219200,202.0528,209.4506,201.6379,208.8679,5138285.0
1687305600,208.144,210.8542,206.7316,209.8478,2771457.0
1687392000,210.6688,212.0195,207.6232,208.6737,2096034.0
1687478400,207.2877,210.9866,206.8552,210.2627,3266049.0
1687737600,210.3422,211.4722,207.1068,209.9979,2047576.0
1687824000,210.7924,210.7924,203.814,206.3961,4268555.0
1687910400,206.1225,207.7556,204.2068,207.2524,2532078.0
1687996800,206.2196,209.9184,204.4981,209.9008,1908129.0
1688083200,210.991,213.2819,209.8346,211.8694,3300298.0
1688342400,209.7419,211.3221,208.2147,209.0533,1188509.0
1688515200,206.4667,210.298,205.8267,209.5565,2452032.0
1688601600,207.3672,207.7203,204.7056,206.9258,2542359.0
1688688000,205.5839,208.4618,205.3897,205.7605,2534743.0
1688947200,205.3015,207.9631,205.0455,206.9876,2051619.0
1689033600,207.1421,210.2451,205.8709,209.8125,2927995.0
1689120000,210.9866,212.6551,209.3976,210.2009,2795571.0
1689206400,211.8694,212.1232,209.6889,210.8189,2678081.0
1689292800,211.7193,213.5732,211.0219,212.3373,2909798.0
1689552000,212.0018,212.2667,207.3645,209.892,3404543.0
1689638400,210.6865,212.9208,209.4241,212.5668,2718244.0
1689724800,213.891,216.4776,213.7321,215.2946,3273463.0
1689811200,216.9454,218.4462,214.0587,215.736,2118339.0
1689897600,214.1911,227.5301,212.0724,225.8881,7389176.0
1690156800,225.0803,229.5164,223.0323,227.742,5682879.0
1690243200,218.8346,233.8244,217.6165,225.7292,7341944.0
1690329600,224.5021,234.6189,224.2638,233.8244,5764567.0
1690416000,233.2506,234.4821,225.2878,225.3496,4085523.0
1690502400,227.0004,230.4786,225.1112,229.587,3661586.0
1690761600,229.8783,230.2049,224.5374,225.1642,3621021.0
1690848000,225.173,227.2653,223.7959,225.1112,2589405.0
1690934400,224.4138,228.4261,223.3457,227.6449,2546389.0
1691020800,227.0004,229.0706,224.6699,227.2829,2435050.0
1691107200,226.4089,228.0862,223.7959,224.8905,2715300.0
1691366400,225.4026,226.8062,223.2221,225.6586,1270699.0
1691452800,225.994,229.0573,223.9107,228.7042,1695995.0
1691539200,228.8984,229.3575,225.482,226.047,1697137.0
1691625600,227.1417,231.7057,226.7179,227.2123,1699967.0
1691712000,225.5703,226.9474,224.3496,225.482,1394960.0
1691971200,224.5551,227.6537,223.3545,227.0357,1631434.0
1692057600,225.9058,227.6625,224.6522,225.3143,1538088.0
1692144000,223.2839,225.2172,222.6571,223.1603,1761211.0
1692230400,223.8312,224.1755,221.8184,223.1868,1785887.0
1692316800,222.2422,223.7562,220.8032,221.942,2042386.0
1692576000,223.0985,223.3898,220.6267,220.8474,2368161.0
1692662400,220.5207,222.4823,219.8587,220.4325,1713903.0
1692748800,222.6836,225.4114,222.1362,224.9877,1503398.0
1692835200,225.3761,226.8062,223.4339,223.84,1541631.0
1692921600,224.5992,227.0092,222.763,225.5791,1381014.0
1693180800,227.945,231.2996,227.327,230.8494,2246676.0
1693267200,231.4762,233.3388,230.1255,233.0563,2064286.0
1693353600,233.7449,234.4512,231.6704,233.2064,1806784.0
1693440000,233.9391,236.5787,233.9391,233.9391,2937427.0
1693526400,236.614,238.0088,233.2947,234.46,2568923.0
1693872000,235.1927,235.4311,230.1387,230.2756,2141884.0
1693958400,229.9666,230.8935,226.1529,226.868,2542075.0
1694044800,226.0823,228.1569,224.6963,225.0406,1787928.0
1694131200,224.5551,224.9788,216.5455,219.2495,3176272.0
1694390400,218.0666,221.0769,215.5506,220.8474,2452378.0
1694476800,220.2118,220.5384,216.7247,219.223,2375858.0
1694563200,214.8797,225.7601,214.4825,222.8601,2901992.0
1694649600,224.7846,225.0671,219.8719,223.7694,1890117.0
1694736000,223.1515,229.587,222.3658,225.3319,5696631.0
1694995200,225.1112,225.7822,223.4494,224.0254,1959663.0
1695081600,223.1161,225.9543,222.5732,225.3143,1768411.0
1695168000,225.5438,227.4153,224.0254,224.6345,1559121.0
1695254400,223.637,223.637,220.1042,220.3707,2409967.0
1695340800,220.8518,222.1495,219.0023,219.2584,2755587.0
1695600000,220.0352,222.6306,218.3049,222.4982,1899675.0
1695686400,221.1917,222.1009,217.9253,218.2696,2018954.0
1695772800,219.3731,219.3731,215.4712,218.4374,2244558.0
1695859200,218.4462,220.6708,217.9518,218.2167,2341925.0
1695945600,220.0176,220.3089,218.0578,219.02,3273680.0
1696204800,219.02,221.66,208.96,213.74,6387660.0
1696291200,212.68,217.07,212.68,215.7,4817296.0
1696377600,216.24,217.46,213.75,216.07,3445765.0
1696464000,215.9,217.5,212.63,216.87,2273107.0
1696550400,214.77,218.68,213.27,217.23,2696299.0
1696809600,217.49,218.505,214.895,218.37,1949486.0
1696896000,217.79,220.09,215.09,218.71,2215461.0
1696982400,217.58,218.477,214.8,216.43,2444959.0
1697068800,216.59,218.68,204.73,209.49,5081759.0
1697155200,209.74,211.9325,208.94,209.43,3365651.0
1697414400,209.59,211.7571,208.18,210.45,3088720.0
1697500800,206.99,212.55,206.52,211.94,2643949.0
1697587200,209.95,210.19,204.73,204.8,4347022.0
1697673600,208.47,210.27,206.525,207.3,3793697.0
1697760000,207.29,209.2,205.76,205.83,2926130.0
1698019200,204.95,206.37,203.01,204.05,3917511.0
1698105600,193.94,202.98,192.43,196.84,5925710.0
1698192000,192.83,193.79,183.245,192.65,7514944.0
1698278400,190.74,195.28,189.71,193.68,3409568.0
1698364800,192.26,193.44,186.85,187.88,3966239.0
1698624000,188.85,189.28,182.09,185.1,5493605.0
1698710400,190.02,195.09,188.75,192.02,5208355.0
1698796800,191.83,191.83,188.86,190.0,3766351.0
1698883200,192.3,193.68,190.95,192.98,2535925.0
1698969600,195.99,200.0,195.99,197.87,2930500.0
1699228800,197.63,197.77,195.11,195.52,2362643.0
1699315200,195.72,198.92,195.39,198.25,2212503.0
1699401600,198.99,200.44,196.26,196.82,1611950.0
1699488000,198.75,199.35,195.3,195.52,2316923.0
1699574400,195.86,197.19,192.345,197.0,2110028.0
1699833600,196.0,197.15,193.75,195.98,1682971.0
1699920000,200.36,204.68,200.36,203.52,2900199.0
1700006400,204.73,209.65,204.15,208.16,4110708.0
1700092800,209.25,209.95,207.29,209.11,3499352.0
1700179200,210.01,210.02,206.3,207.78,2474421.0
1700438400,208.97,211.8,207.63,211.03,2568846.0
1700524800,214.43,221.57,213.61,217.86,4614148.0
1700611200,218.92,221.91,218.92,221.3,3727297.0
1700784000,220.98,222.38,220.59,221.41,1276492.0
1701043200,220.5,221.975,218.925,220.0,2048896.0
1701129600,219.63,220.4188,216.76,218.76,1911557.0
1701216000,220.8,225.36,220.405,222.52,2240161.0
1701302400,222.93,223.52,219.67,223.31,3543560.0
1701388800,222.4,223.79,220.515,223.48,3134072.0
1701648000,222.0,222.85,219.655,222.13,2246858.0
1701734400,221.32,221.32,217.07,219.44,2674426.0
1701820800,219.9,221.66,219.39,220.76,1909602.0
1701907200,217.0,220.0682,216.88,218.92,2767481.0
1701993600,219.0,220.0,215.68,217.49,2527540.0
1702252800,218.07,221.695,217.96,221.35,2591533.0
1702339200,221.97,222.05,218.48,219.75,2892218.0
1702425600,220.0,226.86,219.15,226.86,3749705.0
1702512000,230.77,232.745,226.58,229.25,5922483.0
1702598400,229.79,229.91,225.48,227.23,7886284.0
1702857600,228.09,229.8,226.25,226.45,2307919.0
1702944000,227.21,229.2,225.725,229.14,3087048.0
1703030400,229.09,232.35,226.7,226.81,2676619.0
1703116800,228.5,231.165,228.0,230.35,1743828.0
1703203200,231.63,232.72,228.38,230.36,1577024.0
1703548800,230.08,232.215,229.51,231.4,1461870.0
1703635200,231.5,233.73,231.32,232.86,1683383.0
1703721600,234.0,234.22,232.57,233.13,1501907.0
1703808000,232.64,233.85,230.91,231.34,1407659.0
1704153600,229.86,235.25,228.87,234.79,2763967.0
1704240000,235.35,235.53,229.89,230.81,2425213.0
1704326400,230.34,233.25,230.0,232.62,2719355.0
1704412800,230.88,233.04,229.03,230.29,2236744.0
1704672000,228.91,235.11,228.25,234.86,3123179.0
1704758400,234.22,241.55,226.51,230.87,5255763.0
1704844800,230.56,231.075,226.4018,229.64,3334484.0
1704931200,228.97,229.6,226.2,227.96,2440559.0
1705017600,228.77,229.51,224.73,225.24,2795459.0
1705363200,225.0,229.59,224.81,226.75,3267506.0
1705449600,225.54,229.14,223.48,224.58,2225783.0
1705536000,223.7,227.49,222.53,226.31,2867390.0
1705622400,226.59,231.67,224.73,231.05,3258230.0
1705881600,230.77,233.27,228.78,231.97,2276221.0
1705968000,233.1,233.25,230.53,232.1,1890207.0
1706054400,230.73,232.89,228.43,228.61,2106306.0
1706140800,231.33,232.11,226.62,227.39,3468292.0
1706227200,236.535,240.58,232.87,233.0,6344057.0
1706486400,232.92,234.02,231.15,233.93,3127698.0
1706572800,244.05,245.4,238.455,244.95,6158398.0
1706659200,245.6,248.78,239.6,239.91,5077184.0
1706745600,239.36,245.3,238.71,245.13,2711813.0
1706832000,244.0,247.87,242.1535,246.33,2819515.0
1707091200,244.86,249.225,243.1,245.82,2644300.0
1707177600,245.69,248.46,244.415,248.2,2443075.0
1707264000,247.92,249.89,246.23,246.64,2300774.0
1707350400,246.45,246.8,244.08,245.87,1774371.0
1707436800,245.0,247.25,242.88,242.95,2538307.0
1707696000,243.76,247.08,241.6901,246.83,2284798.0
1707782400,244.98,246.2,238.4,241.53,2189441.0
1707868800,243.02,248.47,242.33,247.99,2838159.0
1707955200,247.54,251.7,247.54,248.96,2360909.0
1708041600,248.81,252.33,248.28,250.0,2152228.0
1708387200,248.66,250.79,246.815,247.77,1982829.0
1708473600,246.31,250.75,246.06,250.65,1545442.0
1708560000,251.415,253.42,249.24,252.73,1826056.0
1708646400,254.0,255.0,252.58,253.84,1351229.0
1708905600,253.32,254.32,250.44,251.65,2506348.0
1708992000,252.12,255.59,251.365,254.86,2265218.0
1709078400,254.06,256.56,253.54,255.71,1945248.0
1709164800,256.77,257.09,252.98,253.14,3466682.0
1709251200,252.96,256.375,251.47,255.87,1908703.0
1709510400,256.52,259.0,254.85,256.19,2888793.0
1709596800,255.16,257.96,254.18,254.39,2278031.0
1709683200,255.48,257.08,252.25,252.9,3733215.0
1709769600,254.81,255.85,253.31,254.12,2857188.0
1709856000,253.1,255.84,252.96,253.69,1786045.0
1710115200,252.5,254.0,250.74,252.8,1360840.0
1710201600,252.83,255.42,252.01,253.1,2221784.0
1710288000,254.39,255.68,253.1,255.35,2249453.0
1710374400,253.87,256.0,250.54,253.22,2635549.0
1710460800,250.71,253.755,249.14,249.4,5793330.0
1710720000,250.39,252.92,249.98,251.47,3868270.0
1710806400,251.0,254.09,250.2,253.74,3211299.0
1710892800,253.3,253.75,250.23,251.68,1651287.0
1710979200,252.26,255.37,251.5,254.11,2313298.0
1711065600,255.0,256.51,253.55,254.8,2310519.0
1711324800,254.28,254.78,246.19,247.8,3372489.0
1711411200,247.27,249.46,247.27,248.46,1962942.0
1711497600,249.84,250.25,247.08,248.77,2665369.0
1711584000,248.34,251.055,247.2,249.72,2560205.0
1711929600,249.72,250.04,246.67,247.79,1728872.0
1712016000,245.0,246.28,242.58,245.94,2955689.0
1712102400,246.0,248.1,243.78,244.34,1898629.0
1712188800,246.48,247.125,241.72,241.9,2693891.0
1712275200,242.13,246.1,242.04,244.28,2280852.0
1712534400,244.54,245.99,243.7201,244.25,2425994.0
1712620800,246.57,249.86,245.525,249.8,1602068.0
1712707200,244.82,246.25,243.43,245.87,2229554.0
1712793600,246.31,246.98,243.07,244.0,2081285.0
1712880000,242.38,243.18,239.0,239.95,2684915.0
1713139200,242.36,243.26,238.16,239.66,2824169.0
1713225600,241.1,241.34,238.53,240.34,3225524.0
1713312000,240.42,240.84,238.02,239.39,2988576.0
1713398400,232.26,238.44,230.74,236.36,4261041.0
1713484800,237.78,237.8,234.02,235.51,2351430.0
1713744000,235.96,238.725,234.47,236.08,2820270.0
1713830400,254.72,256.72,249.59,253.11,6876672.0
1713916800,249.03,254.09,247.98,250.41,3344940.0
1714003200,249.93,250.64,245.28,245.8,2943566.0
1714089600,243.68,248.0992,243.68,246.58,2710446.0
1714348800,246.25,248.97,245.731,246.82,1616439.0
1714435200,246.5,247.0,244.28,246.62,3940994.0
1714521600,246.26,249.52,244.55,246.89,2310441.0
1714608000,248.99,249.435,242.66,246.84,2780607.0
1714694400,249.54,249.73,247.59,248.38,1787817.0
1714953600,248.71,249.55,246.91,247.4,1741111.0
1715040000,246.54,249.1,246.2,248.76,1683421.0
1715126400,249.3,249.82,248.15,249.55,1471346.0
1715212800,249.62,251.53,249.0,251.43,1604539.0
1715299200,252.04,254.9,250.83,253.38,1520786.0
1715558400,253.0,254.75,251.61,251.61,1305646.0
1715644800,254.3,259.79,252.53,259.26,3096680.0
1715731200,260.0,264.02,259.74,263.46,3073102.0
1715817600,262.46,265.365,261.545,264.84,3448391.0
1715904000,265.03,265.94,263.18,265.8,3187418.0
1716163200,265.64,267.64,265.05,267.11,1757819.0
1716249600,267.24,267.33,264.73,266.55,2561201.0
1716336000,267.39,268.98,266.56,267.19,2533646.0
1716422400,267.18,267.19,261.1,261.4,2901184.0
1716508800,262.18,263.13,260.85,262.78,2089037.0
1716854400,262.56,263.81,257.25,258.71,2881256.0
1716940800,253.47,256.483,253.47,255.93,2931704.0
1717027200,248.95,253.68,248.53,252.74,3450877.0
1717113600,253.09,256.98,252.74,256.8,4801089.0
1717372800,257.24,261.57,256.69,261.38,3003305.0
1717459200,261.39,264.23,260.0,263.33,3119814.0
1717545600,264.0,268.09,262.6,267.85,2551960.0
1717632000,267.42,269.11,265.5749,267.98,2405927.0
1717718400,267.58,267.725,262.82,263.08,3626851.0
1717977600,262.38,265.64,261.88,264.67,3115366.0
1718064000,264.1,264.58,260.29,261.25,3444754.0
1718150400,261.42,266.11,260.57,264.61,3311190.0
1718236800,263.5,263.5,252.43,255.01,4945532.0
1718323200,253.59,254.87,252.95,254.85,3097194.0
1718582400,254.27,255.24,253.98,254.13,3366811.0
1718668800,254.92,258.38,254.0,257.51,3162250.0
1718841600,250.39,251.77,247.2,248.56,6112202.0
1718928000,249.85,255.11,249.48,254.96,6839526.0
1719187200,254.95,258.29,252.92,256.76,3122605.0
1719273600,256.14,257.41,254.01,254.14,2526691.0
1719360000,253.18,255.75,252.21,253.59,2460941.0
1719446400,252.94,253.08,251.03,251.76,2409367.0
1719532800,250.13,252.615,247.99,249.85,4638276.0
1719792000,249.98,250.3,243.2,244.51,3925570.0
1719878400,242.17,242.52,238.87,240.41,5068083.0
1719964800,240.91,243.06,240.0,240.0,1935837.0
1720137600,240.99,241.425,238.5,239.25,3932293.0
1720396800,239.46,240.7,237.95,240.65,2489795.0
1720483200,241.88,241.88,238.72,239.79,2064209.0
1720569600,240.39,242.38,239.95,242.2,2108385.0
1720656000,243.71,248.685,242.01,246.27,2815467.0
1720742400,245.93,248.2499,244.79,246.7,2546265.0
1721001600,246.4,247.44,243.76,246.23,2869228.0
1721088000,248.0,252.69,247.07,252.14,2754056.0
1721174400,252.48,254.55,250.91,251.25,2718636.0
1721260800,249.64,255.46,241.875,244.79,4266945.0
1721347200,244.99,245.25,241.0,243.54,2982627.0
1721606400,246.11,251.27,245.175,250.89,3314271.0
1721692800,270.0,272.975,263.56,264.18,7523311.0
1721779200,261.88,268.265,261.6,265.76,4080219.0
1721865600,265.38,276.31,264.39,270.09,4249956.0
1721952000,271.9,277.72,271.19,273.91,2810147.0
1722211200,272.1,273.24,268.09,271.65,2176541.0
1722297600,273.23,276.25,271.76,275.19,2953190.0
1722384000,275.5,280.26,273.46,277.08,2887183.0
1722470400,279.26,281.7,278.25,280.76,2132563.0
1722556800,279.45,279.45,272.14,276.75,3108808.0
1722816000,269.2,273.27,265.77,269.32,2632644.0
1722902400,271.03,274.07,268.695,268.97,2763620.0
1722988800,270.0,271.03,262.91,263.31,2805395.0
1723075200,265.09,269.46,263.45,268.64,2265107.0
1723161600,268.41,270.385,266.71,268.11,2017772.0
1723420800,268.24,268.28,264.28,267.2,2099766.0
1723507200,268.06,270.25,267.13,268.71,1857964.0
1723593600,268.48,269.04,265.81,268.08,1357810.0
1723680000,270.0,270.7,266.98,269.33,1653543.0
1723766400,268.88,269.71,266.74,269.32,1746456.0
1724025600,270.0,272.265,269.21,271.27,1603024.0
1724112000,271.84,273.7,271.075,271.66,1409462.0
1724198400,272.01,273.75,269.72,271.1,1455089.0
1724284800,272.23,272.23,267.25,267.83,1662838.0
1724371200,269.25,270.7299,266.3231,269.48,1464013.0
1724630400,269.93,270.33,267.375,268.07,1252208.0
1724716800,268.67,269.55,267.17,268.82,1552486.0
1724803200,268.03,268.97,265.21,266.06,1693071.0
1724889600,267.03,268.54,265.01,267.02,1904049.0
1724976000,268.3,269.31,265.59,269.31,4600180.0
1725321600,267.05,269.2,262.59,264.23,2325671.0
1725408000,262.24,265.12,261.0801,264.49,1732758.0
1725494400,264.33,265.96,261.59,264.71,1764121.0
1725580800,265.52,270.11,265.07,266.2,3324729.0
1725840000,267.62,273.18,266.28,273.09,3223933.0
1725926400,273.0,275.03,270.43,274.72,2267751.0
1726012800,273.78,273.78,268.33,271.98,2536291.0
1726099200,271.78,273.03,267.56,272.49,2606572.0
1726185600,272.9,274.91,271.31,274.25,2248476.0
1726444800,276.69,278.28,275.5,276.03,1904525.0
1726531200,275.9,276.43,271.06,272.47,2158592.0
1726617600,271.68,275.87,268.04,271.9,2477914.0
1726704000,275.44,278.29,273.6,276.43,3293977.0
1726790400,275.28,275.28,270.26,272.63,9267310.0
1727049600,273.73,274.91,271.83,273.15,1954577.0
1727136000,272.54,275.73,271.04,274.2,2834522.0
1727222400,276.17,276.21,266.86,267.88,2535473.0
1727308800,272.845,279.9,270.91,276.93,2713534.0
1727395200,277.49,279.59,275.39,275.44,1337457.0
1727654400,275.73,278.33,273.74,278.02,1500593.0
1727740800,278.62,278.62,273.02,274.56,1367222.0
1727827200,274.49,275.6,271.03,273.91,1111813.0
1727913600,272.86,273.3,269.57,270.52,1332096.0
1728000000,271.56,272.56,268.65,270.03,1132669.0
1728259200,268.5,270.5,267.47,268.79,1153297.0
1728345600,266.98,270.35,266.5,268.81,1431916.0
1728432000,269.78,270.48,266.82,269.23,1507978.0
1728518400,268.37,269.12,265.5,266.45,1531832.0
1728604800,267.64,272.15,267.12,270.33,1747177.0
1728864000,270.4,272.31,268.87,271.56,1901419.0
1728950400,272.38,275.52,271.81,272.68,1905384.0
1729036800,271.0,271.815,266.3,268.03,2820017.0
1729123200,277.5,279.41,270.97,271.98,3222112.0
1729209600,272.53,275.51,271.31,274.38,1949849.0
1729468800,273.1,274.21,270.29,272.09,2359613.0
1729555200,264.03,269.24,260.61,261.28,4496440.0
1729641600,258.44,260.88,254.2,256.0,4717150.0
1729728000,255.25,255.698,247.82,248.0,3989252.0
1729814400,250.3,250.384,244.89,245.39,3226925.0
1730073600,246.12,247.35,243.03,244.12,2031600.0
1730160000,243.18,244.94,241.76,242.69,3547215.0
1730246400,242.14,244.419,241.1,242.32,2553468.0
1730332800,243.89,248.5,242.34,245.66,4948759.0
1730419200,248.96,252.95,247.27,247.76,2638494.0
1730678400,248.78,251.47,245.99,247.18,1836428.0
1730764800,245.66,250.82,245.32,250.07,1697740.0
1730851200,252.07,252.94,245.15,247.76,2930331.0
1730937600,249.7,250.04,245.74,246.1,2528016.0
1731024000,247.05,247.13,244.12,245.39,2941170.0
1731283200,245.0,246.1499,241.43,243.25,3475317.0
1731369600,244.51,244.51,239.29,239.6,3077031.0
1731456000,239.6,242.06,238.974,241.53,2133727.0
1731542400,240.59,240.94,237.31,239.38,3154264.0
1731628800,236.15,237.43,228.9976,230.5,5435775.0
1731888000,230.0,230.725,228.25,230.06,3932989.0
1731974400,229.66,231.91,228.73,230.84,2608255.0
1732060800,229.5,233.73,228.89,233.1,2662158.0
1732147200,233.92,235.18,230.38,235.05,2537010.0
1732233600,234.49,236.93,234.49,235.84,2330161.0
1732492800,236.17,239.38,235.45,237.68,4460644.0
1732579200,237.5,238.1,233.1501,236.58,2377740.0
1732665600,237.25,240.945,235.67,238.83,2271494.0
1732838400,239.53,241.61,238.3,239.69,1931402.0
1733097600,239.41,241.58,238.2,241.29,2520245.0
1733184000,240.66,241.67,238.87,240.87,3035317.0
1733270400,238.96,239.47,234.1905,236.26,4167450.0
1733356800,235.0,235.75,227.2,227.87,5335656.0
1733443200,228.45,231.01,228.005,230.12,3099532.0
1733702400,229.58,236.325,229.29,235.91,2625321.0
1733788800,236.93,237.185,233.9,234.34,2753312.0
1733875200,235.8,237.715,234.34,235.4,3370358.0
1733961600,234.2,236.4175,233.41,234.5,3996846.0
1734048000,234.13,235.5,232.0,234.89,2417967.0
1734307200,234.765,236.83,233.6779,234.18,4474422.0
1734393600,234.13,237.96,233.255,233.53,3211094.0
1734480000,230.89,234.33,228.09,228.3,5221601.0
1734566400,228.1,231.07,225.84,226.16,4553880.0
1734652800,226.96,230.81,225.42,228.55,7073596.0
1734912000,227.94,229.63,226.76,229.16,2798812.0
1734998400,228.53,231.0,228.0,230.75,988300.0
1735171200,229.33,231.49,229.17,231.28,1512536.0
1735257600,229.4,232.14,229.4,231.1,2130520.0
1735516800,229.47,230.56,227.58,229.65,2008091.0
1735603200,230.46,232.0,228.665,229.55,2077923.0
1735776000,230.85,231.85,228.5714,229.81,2762037.0
1735862400,230.08,235.93,229.56,234.84,2381138.0
1736121600,234.15,240.2301,233.7,238.2,3674564.0
1736208000,238.0,243.15,238.0,239.1,2989329.0
1736294400,238.61,239.39,235.5,238.09,2527729.0
1736467200,235.55,238.71,234.5,235.07,2863272.0
1736726400,235.05,240.97,234.01,239.88,3301781.0
1736812800,241.17,242.15,232.045,237.62,4137624.0
1736899200,238.98,241.69,232.96,237.97,4129048.0
1736985600,237.72,242.1088,234.6,241.9,3148925.0
1737072000,242.17,243.05,238.17,238.36,3075288.0
1737417600,239.95,244.49,239.0,244.11,2338322.0
1737504000,243.44,246.25,242.5,244.18,2050108.0
1737590400,244.93,245.85,241.8003,245.66,2512460.0
1737676800,245.6,247.53,245.02,245.8,1911411.0
1737936000,247.52,250.76,246.46,250.59,2748518.0
1738022400,257.67,258.23,247.19,247.84,4273748.0
1738108800,235.02,235.74,223.0,223.73,11407450.0
1738195200,225.0,228.99,221.34,223.08,6668401.0
1738281600,223.3,227.5,222.365,222.74,4785871.0
1738540800,218.0,219.94,214.03,214.26,5787848.0
1738627200,210.5,215.15,210.04,215.01,7520700.0
1738713600,216.36,216.44,210.93,212.13,5112712.0
1738800000,213.0,214.31,209.1,210.01,4367117.0
1738886400,210.37,210.7925,205.79,206.76,5230997.0
1739145600,205.85,206.98,203.0,203.5,7038796.0
1739232000,202.25,203.1,199.75,201.62,6509791.0
1739318400,199.46,203.945,196.8,202.18,7207947.0
1739404800,202.63,205.65,201.25,203.59,7198798.0
1739491200,204.095,207.15,203.93,206.3,4791773.0
1739836800,205.435,207.27,202.78,204.53,5589044.0
1739923200,203.46,205.58,201.21,204.98,4572702.0
1740009600,206.57,211.06,205.66,207.95,4718396.0
1740096000,210.61,213.64,209.4,210.23,6216961.0
1740355200,209.61,212.7,207.95,211.14,4878208.0
1740441600,210.9,212.14,209.45,210.41,5209638.0
1740528000,210.07,212.0,208.255,209.44,4746992.0
1740614400,207.94,209.99,204.145,205.71,4494222.0
1740700800,207.05,208.1,204.9401,207.76,3819051.0
1740960000,209.46,209.485,204.86,205.69,3222972.0
1741046400,205.68,208.26,202.39,205.91,5652418.0
1741132800,205.44,211.83,204.94,210.56,5137390.0
1741219200,210.72,216.15,209.66,214.81,5829595.0
1741305600,213.34,215.13,209.78,212.07,5937300.0
1741564800,209.185,211.22,204.74,205.23,5710025.0
1741651200,205.17,207.8702,202.65,205.61,4400770.0
1741737600,205.52,208.75,203.89,204.96,3316462.0
1741824000,204.06,206.82,203.2158,204.09,2456303.0
1741910400,206.13,211.92,205.11,210.74,4183075.0
1742169600,211.37,213.78,210.85,212.6,3156862.0
1742256000,213.6,213.6,210.53,212.78,2466964.0
1742342400,211.98,212.4047,208.65,210.26,4125425.0
1742428800,210.24,211.65,207.5,210.25,2651177.0
1742515200,210.73,212.56,208.39,211.36,6457728.0
1742774400,213.0,215.39,211.2562,212.8,3615103.0
1742860800,212.85,214.19,210.37,212.4,3077248.0
1742947200,211.06,213.77,208.59,210.41,2669424.0
1743033600,210.15,212.22,207.73,210.11,2989706.0
1743120000,210.07,210.3,205.35,205.85,2389890.0
1743379200,204.46,206.13,199.15,205.0,3809492.0
1743465600,205.0,205.05,199.78,200.39,3020278.0
1743552000,199.24,205.48,199.24,205.16,2974455.0
1743638400,202.3,204.5756,197.5,197.9,5413397.0
1743724800,195.46,195.46,181.2,181.77,7117814.0
1743984000,176.415,187.35,171.92,180.62,8557888.0
1744070400,185.04,186.5,171.87,174.64,5664485.0
1744156800,172.06,192.86,171.0,191.89,8180435.0
1744243200,192.45,192.45,175.51,180.76,6293496.0
1744329600,181.14,190.1,178.78,188.73,4764101.0
1744588800,192.89,193.95,190.39,192.97,4039313.0
1744675200,192.2,194.99,188.56,189.92,3505062.0
1744761600,192.46,195.95,189.128,190.66,3620256.0
1744848000,188.99,189.74,185.83,186.83,3667737.0
1745193600,185.28,185.64,181.94,184.96,4857563.0
1745280000,198.235,199.64,191.82,192.07,6687652.0
1745366400,200.02,205.11,196.005,196.31,6494106.0
1745452800,196.7,196.94,193.25,196.5,4453540.0
1745539200,196.645,198.28,193.95,197.14,2608685.0
1745798400,198.83,199.44,194.29,195.91,2715228.0
1745884800,196.36,199.48,195.045,198.93,3719880.0
1745971200,198.79,199.96,196.9,199.33,3729653.0
1746057600,198.38,200.32,196.28,196.71,3687497.0
1746144000,200.9,202.82,198.0826,199.05,3159166.0
1746403200,198.18,200.2,196.01,197.4,1915688.0
1746489600,195.84,197.592,189.8851,190.05,4479791.0
1746576000,191.66,193.98,189.67,193.09,2903046.0
1746662400,193.81,197.77,192.62,194.82,3612564.0
1746748800,194.32,195.57,189.32,189.73,4535963.0
1747008000,193.74,200.95,192.52,200.83,7207174.0
1747094400,200.92,201.715,196.36,196.61,2648636.0
1747180800,197.3,197.63,187.46,187.82,4489178.0
1747267200,186.69,191.21,180.19,190.95,6579441.0
1747353600,191.65,196.41,189.51,196.11,3868650.0
1747612800,194.22,196.5,193.68,196.41,2724519.0
1747699200,195.66,198.16,195.435,197.77,2873250.0
1747785600,195.74,195.74,186.45,186.81,5613313.0
1747872000,185.69,188.41,184.32,187.48,3104381.0
1747958400,184.36,185.985,183.05,184.54,2814317.0
1748304000,187.6,190.16,186.99,189.18,2990613.0
1748390400,188.81,191.3,188.57,189.01,2879645.0
1748476800,191.45,192.485,188.63,190.47,2814483.0
1748563200,190.0,190.99,187.78,189.9,6514326.0
1748822400,188.22,190.25,187.0,189.23,3027727.0
1748908800,188.17,192.96,186.0,192.06,3526004.0
1748995200,193.0,195.66,192.05,193.08,2596847.0
1749081600,193.9,194.65,189.88,192.15,3096514.0
1749168000,194.34,196.65,192.9,196.02,2802240.0
1749427200,197.51,200.285,195.34,199.2,4119507.0
1749513600,200.77,203.47,198.02,202.62,4626322.0
1749600000,203.07,207.0,202.67,204.72,4491411.0
1749686400,203.54,205.77,202.73,205.1,3661182.0
1749772800,203.55,204.27,200.43,200.67,3391439.0
1750032000,201.95,202.39,197.4495,201.11,3143427.0
1750118400,199.0,200.28,195.37,195.75,2968766.0
1750204800,195.4,197.0,193.12,194.44,3236286.0
1750377600,196.53,196.6,194.22,196.39,6590936.0
1750636800,195.25,197.0,192.88,196.34,3943216.0
1750723200,197.35,198.725,195.945,197.47,2739862.0
1750809600,196.895,201.37,195.7,201.0,4379798.0
1750896000,201.98,205.61,200.6,201.46,5685505.0
1750982400,202.05,203.5,197.7,198.8,5619708.0
1751241600,198.92,200.45,196.02,197.54,4537447.0
1751328000,196.99,205.04,196.38,201.1,3976362.0
1751414400,202.18,203.3953,199.3,202.5,3503741.0
1751500800,203.3,204.295,202.355,203.2,1390744.0
1751846400,202.05,202.5,198.655,199.63,2388405.0
1751932800,199.18,204.61,198.98,200.68,4225610.0
1752019200,200.99,202.215,197.12,200.96,2050837.0
1752105600,201.41,208.15,200.59,205.51,3088283.0
1752192000,205.51,205.81,203.51,204.85,2369231.0
1752451200,200.0,200.06,194.89,197.75,4925428.0
1752537600,199.41,200.0,192.38,192.86,4522247.0
1752624000,193.39,194.28,191.15,193.3,2662400.0
1752710400,193.88,195.09,192.42,194.79,3064883.0
1752796800,195.66,196.195,189.08,190.05,4240600.0
1753056000,189.89,190.33,187.55,188.07,5898554.0
1753142400,186.75,196.33,185.5,189.91,7053268.0
1753228800,200.515,201.73,194.8103,197.89,6374511.0
1753315200,198.01,204.68,198.01,202.81,7411441.0
1753401600,203.53,206.39,202.66,205.48,5355733.0
1753660800,204.2,206.0375,202.23,202.94,5160223.0
1753747200,203.1,207.53,202.0,206.85,4973413.0
1753833600,206.94,207.47,203.075,203.99,5693152.0
1753920000,201.5,204.02,196.8,197.16,6060857.0
1754006400,195.33,197.16,192.26,197.09,5736723.0
1754265600,196.0,197.685,194.0,197.46,3176924.0
1754352000,197.38,200.65,196.5,199.04,4001127.0
1754438400,198.6,199.05,194.15,195.17,5123122.0
1754524800,197.1,199.08,195.55,198.49,2670142.0
1754611200,198.49,200.7424,197.2501,200.56,2963139.0
1754870400,200.84,202.2,199.16,199.76,2566302.0
1754956800,200.17,205.88,199.66,205.72,2830129.0
1755043200,206.035,209.32,206.035,209.14,3241681.0
1755129600,208.74,210.47,207.1623,210.22,2634524.0
1755216000,212.02,212.395,209.83,210.93,3210474.0
1755475200,211.0,212.15,208.7,209.01,2860239.0
1755561600,209.745,213.06,208.8664,212.2,4851334.0
1755648000,212.2,214.01,210.79,211.4,3302571.0
1755734400,210.32,210.71,203.89,203.9,3172772.0
1755820800,206.88,212.57,205.6325,211.8,3364957.0
1756080000,211.3,211.73,207.29,207.73,1985893.0
1756166400,207.78,209.36,205.67,206.25,3670600.0
1756252800,205.64,207.39,203.8,205.0,2503255.0
1756339200,204.47,205.68,202.02,205.29,2519957.0
1756425600,205.34,207.695,204.7001,205.82,1979811.0
1756771200,204.56,206.0,200.68,203.79,2389082.0
1756857600,202.78,204.04,198.675,199.44,3468405.0
1756944000,198.9,199.79,192.18,199.03,3673699.0
1757030400,199.43,203.88,198.63,200.21,2837603.0
1757289600,195.67,198.95,194.34,198.63,3502525.0
1757376000,198.63,199.15,193.39,194.33,3345526.0
1757462400,194.05,196.93,192.37,192.59,5509609.0
1757548800,194.7,196.22,193.465,195.16,3426392.0
1757635200,195.0,195.0,188.86,190.05,3899864.0
1757894400,191.06,191.57,187.04,188.54,4675539.0
1757980800,189.0,192.07,187.76,190.47,4817766.0
1758067200,191.21,196.33,190.73,192.94,4419701.0
1758153600,193.9,196.15,193.295,195.27,2871873.0
1758240000,196.17,196.5,192.67,193.29,5934160.0
1758499200,191.9,193.09,190.23,190.46,2949724.0
1758585600,190.0,190.86,188.41,189.72,3461212.0
1758672000,188.64,189.18,185.45,185.91,5522224.0
1758758400,184.43,185.08,180.03,181.46,7433757.0
1758844800,181.75,185.1,181.35,184.84,4848034.0
1759104000,185.85,186.8,183.45,186.06,3513083.0
1759190400,186.38,198.37,185.6601,198.26,7731443.0
1759276800,198.71,213.13,198.63,212.88,11404480.0
1759363200,210.94,216.16,210.0,210.33,6798265.0
1759449600,211.33,219.92,210.22,214.99,5927261.0
1759708800,215.01,215.28,210.64,211.71,3849567.0
1759795200,212.51,213.96,208.46,208.77,4008833.0
1759881600,206.895,209.875,204.9,204.96,5089772.0
1759968000,204.81,207.19,203.56,204.48,2572631.0
1760054400,204.91,206.455,202.135,202.46,3585595.0
1760313600,203.56,206.75,202.85,205.14,2229778.0
1760400000,202.88,207.36,202.33,206.15,2254157.0
1760486400,206.98,209.52,204.435,206.1,3081096.0
1760572800,209.6,211.59,205.48,210.92,5818303.0
1760659200,210.46,212.64,208.65,209.06,4147317.0
1760918400,210.25,211.56,207.742,208.39,4971545.0
1761004800,223.5,234.99,220.73,220.77,10741270.0
1761091200,222.5,222.97,215.28,218.1,4499187.0
1761177600,217.6,223.81,217.6,222.73,3664011.0
1761264000,223.47,225.05,222.1801,223.01,3955615.0
1761523200,223.06,224.44,219.38,221.01,3454906.0
1761609600,220.57,221.63,216.23,216.9,2252001.0
1761696000,215.47,218.56,212.71,214.01,3030615.0
1761782400,214.0,217.49,212.81,215.05,2897161.0
1761868800,213.06,217.75,213.01,215.38,4042550.0
1762128000,212.98,215.3799,211.2,214.06,3883301.0
1762214400,212.11,216.11,211.01,213.83,3080261.0
1762300800,212.58,213.64,208.9,212.21,2935354.0
1762387200,211.0,212.5,209.47,210.67,2845862.0
1762473600,209.63,211.26,207.75,209.94,3028055.0
1762732800,208.87,211.74,207.72,211.17,2255208.0
1762819200,211.01,216.59,210.875,215.79,2843050.0
1762905600,215.63,220.38,215.425,219.4,4324102.0
1762992000,217.76,226.61,217.54,221.2,6520057.0
1763078400,219.16,223.36,217.34,221.21,4552362.0
1763337600,219.49,224.13,218.2,220.44,3991275.0
1763424000,219.14,226.9,217.862,225.51,5311395.0
1763510400,225.0,226.39,220.6525,222.41,4483581.0
1763596800,222.98,225.04,221.34,222.18,2987270.0
1763683200,222.75,228.545,222.045,227.39,3181316.0
1763942400,227.5,227.535,224.09,226.98,4393844.0
1764028800,227.14,232.345,226.167,230.77,2957477.0
1764115200,229.57,230.95,227.47,228.46,4135575.0
1764288000,228.28,228.45,226.56,226.78,1461514.0
1764547200,226.56,227.44,223.75,224.14,3881251.0
1764633600,225.86,228.315,223.9625,226.59,2737086.0
1764720000,228.0,230.65,227.6,228.46,3761065.0
1764806400,227.7,228.875,223.765,227.13,4089322.0
1764892800,228.03,228.4765,225.0,226.25,3179645.0
1765152000,224.87,226.755,223.255,224.48,2945934.0
1765238400,225.34,226.79,223.19,223.23,3369194.0
1765324800,224.11,230.48,223.27,230.42,3913981.0
1765411200,230.26,232.69,229.61,232.37,5781865.0
1765497600,232.47,232.82,226.33,226.33,4858304.0
1765756800,227.85,228.775,224.32,228.53,4826716.0
1765843200,228.24,228.24,222.69,224.7,2992117.0
1765929600,225.59,226.67,222.62,222.63,5088857.0
1766016000,223.665,227.52,223.365,224.35,3502633.0
1766102400,224.64,225.99,223.395,224.84,6318059.0
1766361600,225.13,228.66,224.12,228.01,2576139.0
1766448000,227.06,231.22,226.05,230.83,1868634.0
1766534400,230.74,231.73,229.79,231.47,785806.0
1766707200,231.54,231.54,229.23,230.32,1140740.0
1766966400,229.96,231.6467,229.665,230.63,1666406.0
1767052800,230.06,231.08,228.86,230.67,1375972.0
1767139200,230.9,231.25,228.87,228.92,1270350.0
1767312000,228.81,232.1004,227.23,230.4,2338301.0
1767571200,229.28,235.628,229.28,235.36,3191820.0
1767657600,235.33,240.44,234.82,236.59,2663497.0
1767744000,236.85,238.12,233.1,235.57,2653457.0
1767830400,233.55,237.7,233.32,235.0,2533900.0
1767916800,237.2,238.5,233.975,238.37,2536134.0
1768176000,238.285,240.74,235.99,239.0,3615963.0
1768262400,240.0,241.26,228.14,235.56,4249904.0
1768348800,236.13,239.28,235.39,237.95,3136029.0
1768435200,236.21,240.22,235.07,239.89,2861810.0
1768521600,238.49,240.42,235.75,235.99,3904435.0
1768867200,233.49,238.81,231.1,234.33,4326413.0
1768953600,235.34,242.22,234.285,242.05,5042946.0
1769040000,242.33,242.8,239.49,240.08,2955118.0
1769126400,239.64,240.79,233.57,235.01,3066719.0
1769385600,235.99,238.68,235.2,236.71,4471141.0
1769472000,234.02,237.27,233.0,235.75,4299333.0
1769558400,229.0,235.15,223.09,224.54,7764383.0
1769644800,223.32,223.68,218.44,219.62,7445243.0
1769731200,219.37,221.0,217.31,218.89,5627918.0
1769990400,219.45,224.1,216.84,223.42,4782629.0
1770076800,221.52,226.03,216.16,216.6,4210766.0
1770163200,217.4,220.63,216.6505,219.53,3938494.0
1770249600,219.08,220.0,214.94,215.75,4141899.0
1770336000,216.95,218.395,214.4,216.61,4311337.0
1770595200,214.64,217.825,212.84,216.66,3559799.0
1770681600,217.35,220.86,214.84,219.75,4420742.0
1770768000,218.15,220.66,216.23,219.98,4539142.0
1770854400,218.92,219.6,208.55,214.94,5167080.0
1770940800,216.05,218.75,210.79,212.58,5286473.0
1771286400,201.8,208.5,201.0,206.36,8709352.0
1771372800,205.85,209.3,204.22,208.56,4646912.0
1771459200,207.03,211.26,206.59,211.25,4763822.0
1771545600,208.74,212.69,208.74,209.5,4471089.0
1771804800,208.0,211.35,206.3118,210.92,2400558.0
1771891200,210.38,212.5,209.05,209.19,3176072.0
1771977600,210.34,211.04,208.94,209.52,2810380.0
1772064000,209.08,210.7499,206.785,209.36,2839982.0
1772150400,208.01,210.68,206.875,210.64,5242688.0
1772409600,208.0,208.015,204.67,206.0,3196014.0
1772496000,202.28,205.0,200.67,204.01,4621008.0
1772582400,204.61,206.78,203.04,204.73,2958459.0
1772668800,202.27,204.7125,199.72,202.0,4772317.0
1772755200,200.0,200.815,195.11,195.5,4238068.0
1773014400,194.83,199.385,193.39,198.8,3522609.0
1773100800,198.16,198.56,195.16,195.22,3190392.0
1773187200,194.7,196.515,193.305,195.06,2957781.0
1773273600,193.17,193.9118,186.18,186.26,5235498.0
1773360000,187.77,189.365,185.24,187.32,4134220.0
1773619200,188.99,191.92,187.5,191.39,4333679.0
1773705600,193.5,196.75,193.29,195.21,3751653.0
1773792000,193.52,194.13,190.87,191.5,4123877.0
1773878400,189.83,191.39,187.405,190.11,3353613.0
1773964800,189.48,191.28,187.97,189.35,5686242.0
1774224000,192.63,193.75,189.36,190.0,3147084.0
1774310400,187.22,191.5,186.01,190.1,4195569.0
1774396800,191.77,192.96,184.99,187.15,5265761.0
1774483200,185.51,188.83,185.5,188.05,3694971.0
1774569600,184.73,186.005,181.01,181.52,5857610.0
1774828800,183.62,185.73,181.75,183.89,3979885.0
1774915200,186.77,190.45,185.38,189.6,4659679.0
1775001600,190.56,192.43,189.465,190.79,3770752.0
1775088000,189.46,193.8,188.0,191.12,2739751.0
1775433600,190.63,192.53,189.47,192.12,2595678.0
1775520000,191.21,192.1199,188.73,191.01,2932668.0
1775606400,195.9,198.56,194.99,196.19,2610024.0
1775692800,194.78,195.69,191.08,192.99,2903201.0
1775779200,193.73,193.73,189.44,189.61,3189026.0
1776038400,188.67,196.515,188.06,195.87,4836658.0
1776124800,195.62,200.395,195.09,198.61,3336630.0
1776211200,199.05,199.48,197.28,198.14,3180573.0
1776297600,196.035,196.39,193.07,193.78,3760485.0
1776384000,194.58,197.02,194.26,194.75,4243381.0
1776643200,193.22,195.87,192.74,195.5,5271710.0
1776729600,197.0,200.5,190.46,194.54,7863060.0
1776816000,193.95,195.01,183.71,184.04,5904679.0
1776902400,180.82,180.975,175.0,178.57,10185350.0
1776988800,178.57,178.98,176.48,177.25,6410856.0
1777248000,176.76,181.45,176.51,180.62,5322990.0
1777334400,182.66,183.0,177.3,178.98,5048700.0
1777420800,178.15,179.33,176.7,178.8,5932644.0
1777507200,178.8,180.27,176.75,178.95,5142691.0
1777593600,179.82,179.87,174.6,175.15,3880104.0
1777852800,174.62,175.5401,172.34,174.04,4532245.0
1777939200,175.8,177.68,173.26,174.63,3806058.0
1778025600,176.73,176.96,172.06,174.92,5983306.0
1778112000,175.85,177.01,173.385,175.66,4481988.0
1778198400,174.97,175.475,170.74,171.16,5846131.0
1778457600,171.73,171.73,165.25,166.52,7378509.0
1778544000,167.0,167.93,165.57,166.26,5417225.0
1778630400,166.29,167.6202,163.32,165.99,6527021.0
1778716800,166.5,169.29,164.405,164.54,4209038.0
1778803200,165.58,166.2814,160.93,161.91,4053983.0
1779062400,161.83,164.545,161.23,163.86,4955207.0
1779148800,164.41,171.5,164.07,167.04,5744337.0
1779235200,167.26,171.28,164.1,171.12,4158761.0
1779321600,170.84,173.84,167.98,173.33,4237925.0
1779408000,173.54,174.95,171.14,172.0,2995153.0
1779753600,171.17,173.6534,169.88,172.81,3283250.0
1779840000,173.81,176.59,171.6,173.13,3264939.0
1779926400,174.56,181.195,174.56,180.63,5754434.0
1780012800,181.06,184.325,179.27,182.67,6993156.0
1780272000,182.55,182.55,178.99,179.87,3652710.0
1780358400,177.74,179.34,175.5,176.11,2914086.0
1780444800,175.86,178.54,173.63,178.08,2909797.0
1780531200,182.27,187.79,181.715,186.64,7771426.0
1780617600,188.0,188.75,183.79,184.3,3305510.0
1780876800,184.55,187.39,183.2,183.53,3148780.0
1780963200,185.01,189.21,183.75,188.41,5872290.0
1781049600,186.87,188.18,183.585,183.63,3215295.0
1781136000,182.49,184.13,177.93,180.79,3534195.0
1781222400,181.45,182.64,179.5,180.1,3126753.0
1781481600,180.92,182.0,179.57,181.1,3931670.0
1781568000,181.46,183.55,180.5001,181.35,2834009.0
1781654400,180.74,182.42,176.6,177.76,2692313.0
1781740800,175.55,178.51,174.2162,177.17,7258518.0
1782086400,176.44,179.3,175.0,178.19,3691892.0
1782172800,179.07,181.71,177.07,178.97,4149960.0
1782259200,181.06,189.48,179.9302,188.87,5646978.0
1782345600,189.69,197.57,189.69,193.21,6091010.0
1782432000,192.83,196.19,192.29,196.19,6090454.0
1782691200,195.45,197.0,191.54,192.78,3522543.0
1782777600,193.8,193.992,188.99,190.48,3471399.0
1782864000,191.97,196.04,190.58,193.72,4515633.0
1782950400,197.47,198.23,194.47,197.93,4035515.0
1783296000,195.31,196.6,189.78,193.62,4663821.0
1783382400,197.42,197.88,192.14,194.19,3248899.0
1783468800,191.76,192.48,190.1101,190.77,2502661.0
1783555200,190.5,195.99,190.0,195.98,2657124.0
1783641600,197.58,199.84,195.05,199.05,3847652.0
1783900800,198.7,200.84,198.0,200.16,2918894.0
1783987200,198.03,202.33,197.37,199.05,4188554.0
1784073600,200.0,202.36,199.34,200.79,4373205.0
1784160000,201.41,205.28,200.36,205.01,4237652.0
1784246400,203.45,206.585,202.14,203.83,4965854.0
1784505600,202.0,204.33,200.0,201.11,6202192.0
1784592000,168.835,179.26,165.75,179.01,28098190.0
1784678400,178.47,180.12,173.0,179.14,10886710.0
1784764800,185.12,192.89,183.87,192.5,11552910.0
1784851200,193.08,194.8,190.0,191.5,6849490.0
1785110400,191.39,196.63,189.85,196.5,5340632.0
1785196800,200.73,209.9,198.4625,199.05,9363915.0
1785283200,199.93,203.05,195.77,196.49,8213482.0
1785369600,194.65,196.86,193.1369,196.17,4952748.0
1785456000,197.49,198.575,192.62,194.98,4387630.0
1785715200,197.34,199.31,195.77,197.5,2950882.0
1785801600,197.93,200.36,192.91,194.78,6972529.0
1785888000,195.6,201.24,193.3,199.66,3748047.0
1785974400,199.96,201.3425,196.48,199.98,2793691.0
1786060800,199.4,205.19,198.435,204.76,3323842.0
1786320000,203.26,209.37,200.78,209.37,3678061.0
1786406400,208.05,208.44,206.0901,207.44,2472738.0
1786492800,204.55,207.59,202.0,205.79,3038429.0
1786579200,207.06,207.4899,202.17,203.89,1920399.0
1786665600,203.0,203.96,201.12,202.45,2244470.0
1786924800,199.99,203.43,199.99,202.63,2982248.0
1787011200,203.97,204.23,199.49,199.58,2290001.0
1787097600,203.1,212.19,202.905,211.5,5253020.0
1787184000,210.12,220.67,208.21,215.91,5503228.0
1787270400,215.58,220.25,213.46,218.85,4701850.0
1787529600,218.33,218.34,213.88,215.11,2510281.0
1787616000,213.88,216.77,212.24,215.97,2339403.0
1787702400,213.23,216.8499,212.81,215.36,2531155.0
1787788800,214.78,218.57,213.092,215.68,2927605.0
1787875200,215.1,217.04,212.8502,216.07,2860035.0
1788134400,213.45,215.385,212.22,213.56,3608445.0
1788220800,214.74,215.0,206.55,206.93,3149240.0
1788307200,207.77,212.7793,206.1,209.91,2951107.0
1788393600,210.51,213.13,206.05,211.03,2424193.0
1788480000,207.19,208.7,205.23,207.66,2898175.0
1788825600,205.0,207.84,202.12,205.23,3276303.0
1788912000,206.0,206.05,201.95,204.85,2773189.0
1788998400,202.33,203.1,200.34,200.53,3021110.0
1789084800,201.99,202.68,199.16,200.14,3628490.0
1789344000,202.48,203.81,199.09,203.25,3428380.0
1789430400,203.08,209.55,202.6201,209.36,3505212.0
1789516800,209.67,211.98,206.675,208.36,3568835.0
1789603200,210.48,213.27,206.6901,212.5,6179224.0
1789689600,212.64,214.98,210.1,211.81,8835009.0
1789948800,212.03,216.19,209.6,215.84,5164082.0
1790035200,215.1,222.42,214.2801,221.09,4637121.0
1790121600,221.27,223.42,219.92,221.56,3404586.0
1790208000,220.5,226.65,219.0,223.77,6196747.0
