timestamp,open,high,low,close,volume
1474848000,153.47,154.8799,153.07,153.87,1252583.0
1474934400,153.72,155.7,153.54,155.28,1412974.0
1475020800,155.77,156.2082,155.1,156.01,1083328.0
1475107200,155.16,156.97,154.825,155.61,1771143.0
1475193600,156.36,156.95,154.69,155.16,1856826.0
1475452800,154.58,155.65,154.21,154.71,1325952.0
1475539200,155.46,155.61,152.87,153.55,1412952.0
1475625600,153.39,154.48,153.28,153.72,1142718.0
1475712000,153.8,154.43,153.13,154.14,1685067.0
1475798400,151.83,153.22,150.26,152.96,2063707.0
1476057600,153.53,154.26,152.58,152.89,1247717.0
1476144000,152.06,152.36,149.04,149.6,1693971.0
1476230400,149.61,150.56,149.55,150.0,1149844.0
1476316800,149.49,151.46,149.49,151.01,951293.0
1476403200,152.79,152.79,151.31,151.34,862647.0
1476662400,151.28,151.61,150.35,150.48,971613.0
1476748800,151.35,152.29,151.24,151.88,703763.0
1476835200,152.1,152.7,151.41,151.42,706846.0
1476921600,151.48,151.78,150.23,150.71,944035.0
1477008000,149.58,150.325,149.13,150.18,1245660.0
1477267200,151.17,152.18,151.0,151.44,905534.0
1477353600,151.21,153.05,151.21,152.59,1448672.0
1477440000,149.67,152.95,149.05,151.14,2783409.0
1477526400,151.58,151.677,149.1,150.13,1593583.0
1477612800,150.46,152.49,150.09,151.5,1500929.0
1477872000,152.03,152.21,150.72,150.74,1568305.0
1477958400,151.07,152.12,149.4801,149.98,1529944.0
1478044800,149.69,151.1199,149.56,149.67,1309433.0
1478131200,150.0,150.49,148.76,150.03,1458172.0
1478217600,150.03,151.1,149.665,149.81,1059625.0
1478476800,151.31,152.43,150.9,152.39,1425313.0
1478563200,152.26,154.33,152.06,153.78,1214892.0
1478649600,157.67,163.56,157.67,162.09,5322540.0
1478736000,162.47,166.8169,162.47,166.51,3251792.0
1478822400,165.99,168.6,164.09,168.55,1725623.0
1479081600,169.86,171.19,168.56,170.19,2587448.0
1479168000,169.97,170.82,166.37,168.02,2508821.0
1479254400,167.72,167.89,165.29,165.84,1611578.0
1479340800,165.82,166.91,165.22,165.63,1553250.0
1479427200,165.51,167.36,164.97,166.62,1596944.0
1479686400,166.95,168.7,166.81,168.43,1523992.0
1479772800,169.7,170.38,168.42,170.18,1446399.0
1479859200,170.4,171.19,169.87,170.55,1432556.0
1480032000,170.78,172.23,170.46,172.08,627023.0
1480291200,172.24,173.55,172.0,172.67,1834339.0
1480377600,172.97,175.7,172.97,175.13,1640307.0
1480464000,175.42,176.45,174.7,175.35,2326611.0
1480550400,175.81,177.39,175.59,176.4,1691748.0
1480636800,176.5,178.73,176.3,178.67,1715405.0
1480896000,179.8,180.09,178.25,178.52,1744551.0
1480982400,177.59,178.77,176.34,178.09,1919295.0
1481068800,178.1,178.47,176.67,178.43,1941568.0
1481155200,178.08,178.125,173.44,173.67,2365889.0
1481241600,173.43,175.635,173.28,175.39,1495602.0
1481500800,172.22,174.13,168.0,173.74,2961385.0
1481587200,174.61,176.28,173.525,174.31,1442258.0
1481673600,174.49,175.5,173.51,173.74,1721119.0
1481760000,173.34,175.86,173.34,174.12,1193778.0
1481846400,174.47,176.4,173.86,174.41,3017433.0
1482105600,175.0,175.75,173.61,174.63,1356217.0
1482192000,174.96,176.07,174.11,175.26,1185617.0
1482278400,175.6,175.92,174.02,174.1,944420.0
1482364800,174.56,175.09,173.881,174.53,904699.0
1482451200,173.89,175.46,173.83,175.25,685225.0
1482796800,175.95,176.36,173.97,174.58,999486.0
1482883200,174.7,175.31,172.94,173.05,1171294.0
1482969600,173.55,174.07,172.35,173.21,967807.0
1483056000,173.75,174.27,171.65,172.66,1192291.0
1483401600,174.39,176.72,174.26,175.45,1321957.0
1483488000,176.14,176.2584,174.21,175.54,1238472.0
1483574400,175.78,178.36,175.1,176.14,1279691.0
1483660800,176.0,177.77,175.74,177.46,998511.0
1483920000,176.6,177.5,175.71,176.07,1072426.0
1484006400,176.77,177.9,175.75,176.36,1095045.0
1484092800,176.33,177.11,175.27,177.07,1425511.0
1484179200,177.23,177.23,173.5978,176.52,1275819.0
1484265600,176.77,178.08,176.41,177.89,952949.0
1484611200,177.0,177.99,174.971,175.97,1200528.0
1484697600,175.17,176.09,174.3,175.99,950155.0
1484784000,177.0,178.36,175.9,177.81,1523614.0
1484870400,178.31,178.92,176.85,178.28,1753744.0
1485129600,178.52,179.19,176.1,177.23,1263776.0
1485216000,176.34,178.42,175.85,177.25,1209209.0
1485302400,176.42,177.2,172.43,175.32,2655841.0
1485388800,175.5,177.62,175.25,177.3,1842738.0
1485475200,176.31,187.37,175.7,185.14,4338138.0
1485734400,185.23,186.31,180.681,182.47,2801884.0
1485820800,181.14,181.47,178.901,181.08,2235754.0
1485907200,181.31,182.44,180.15,181.03,1244256.0
1485993600,180.75,181.31,179.11,180.36,1129714.0
1486080000,180.03,183.25,180.02,183.12,1544659.0
1486339200,183.4,184.61,182.67,183.04,1106764.0
1486425600,183.91,185.0,183.1,183.21,1532573.0
1486512000,182.9,183.935,181.94,183.14,1249626.0
1486598400,183.68,183.84,182.42,182.59,1310571.0
1486684800,182.84,184.66,182.16,184.4,1414929.0
1486944000,184.65,187.4999,184.65,186.6,1272347.0
1487030400,187.05,187.48,184.61,187.23,1391513.0
1487116800,186.76,188.295,186.24,187.99,997618.0
1487203200,188.05,188.76,186.43,188.74,1153503.0
1487289600,188.6,189.1,187.4,189.06,1163416.0
1487635200,189.02,189.94,188.6,189.59,1102698.0
1487721600,189.58,189.98,188.74,189.89,765701.0
1487808000,189.87,190.59,187.53,188.3,1157874.0
1487894400,187.9,189.71,187.01,189.63,1147538.0
1488153600,189.65,190.89,188.27,190.4,1604944.0
1488240000,190.19,191.31,189.3,189.81,1874260.0
1488326400,190.5,193.17,190.24,192.41,2088610.0
1488412800,192.2,192.65,190.671,191.05,1063786.0
1488499200,190.99,191.05,188.74,189.65,1501757.0
1488758400,189.28,191.305,189.0109,190.94,1126918.0
1488844800,190.9,192.2,190.43,191.47,926582.0
1488931200,191.32,191.39,190.08,190.38,926557.0
1489017600,190.53,191.33,189.83,190.34,843173.0
1489104000,191.85,191.85,189.62,190.84,835738.0
1489363200,190.83,191.68,190.62,191.56,794532.0
1489449600,190.83,191.0,189.33,189.75,1055159.0
1489536000,190.08,192.0,189.75,191.66,985932.0
1489622400,191.97,192.18,189.92,190.65,1082602.0
1489708800,191.31,194.0,190.9,193.27,1824384.0
1489968000,193.2,193.65,191.77,191.98,930482.0
1490054400,192.35,193.16,188.25,188.69,1266665.0
1490140800,188.88,190.13,187.95,189.6,835440.0
1490227200,189.54,190.605,189.01,189.56,794531.0
1490313600,189.54,189.895,186.35,187.52,1498556.0
1490572800,184.89,186.18,183.7201,185.49,1930621.0
1490659200,185.0,189.45,184.88,188.44,1231018.0
1490745600,188.0,188.92,187.2,188.29,869675.0
1490832000,188.44,189.3,188.2,188.78,926293.0
1490918400,188.39,188.56,186.42,187.2,2063841.0
1491177600,187.48,188.2,186.26,187.74,1259486.0
1491264000,187.74,188.33,186.34,187.72,1073632.0
1491350400,187.62,189.32,185.73,185.85,931913.0
1491436800,185.87,187.13,185.85,186.3,745888.0
1491523200,188.8,189.42,186.6,188.04,1189368.0
1491782400,188.09,188.85,187.26,187.66,911081.0
1491868800,187.44,188.942,186.67,188.38,810043.0
1491955200,188.43,188.7,186.13,186.34,1121017.0
1492041600,186.04,188.01,185.641,186.73,1173275.0
1492387200,187.18,188.97,186.87,188.89,843945.0
1492473600,188.3,189.6,187.07,187.38,1199411.0
1492560000,187.84,188.24,187.03,187.75,1239830.0
1492646400,188.02,189.04,187.38,188.13,984129.0
1492732800,188.84,189.9,188.2,188.94,1153330.0
1492992000,191.38,192.49,190.41,191.91,1561286.0
1493078400,190.87,193.48,190.69,193.24,1811095.0
1493164800,194.67,196.97,193.74,194.85,1958031.0
1493251200,195.48,196.62,193.95,195.03,976567.0
1493337600,195.04,195.28,193.43,193.79,1195309.0
1493596800,194.24,194.9997,193.15,193.15,1004554.0
1493683200,193.9,194.07,193.0,194.07,938870.0
1493769600,193.87,194.5,192.8855,194.18,773434.0
1493856000,194.28,195.13,193.38,194.55,1101723.0
1493942400,194.75,195.99,194.27,195.97,703134.0
1494201600,195.59,196.5,195.13,196.33,893538.0
1494288000,196.49,197.0,196.07,196.59,749265.0
1494374400,195.06,195.89,193.35,194.39,1365543.0
1494460800,194.26,195.43,193.17,194.98,905559.0
1494547200,194.36,195.64,194.17,195.59,674910.0
1494806400,195.48,196.03,194.88,195.18,853227.0
1494892800,195.07,196.19,194.81,195.29,790010.0
1494979200,193.72,194.24,191.61,192.01,1378810.0
1495065600,191.79,193.51,190.305,192.64,1256148.0
1495152000,193.21,196.5,192.956,195.87,1069991.0
1495411200,197.48,199.0,196.295,197.75,1453609.0
1495497600,198.22,199.37,197.04,199.32,1018945.0
1495584000,199.6,200.608,199.08,199.98,712452.0
1495670400,200.51,201.9,200.19,201.09,1122393.0
1495756800,201.09,202.576,200.85,202.24,751603.0
1496102400,202.19,202.65,200.95,202.01,921124.0
1496188800,202.37,203.28,201.58,203.25,1489064.0
1496275200,203.16,203.47,201.88,202.52,1293461.0
1496361600,202.7,205.07,202.58,203.7,917122.0
1496620800,203.37,203.48,201.34,201.47,901972.0
1496707200,200.93,201.24,198.3,198.44,1192609.0
1496793600,198.85,199.02,197.73,198.87,938578.0
1496880000,199.36,199.83,197.59,199.64,992046.0
1496966400,199.64,200.7414,198.44,199.47,1056493.0
1497225600,199.47,200.06,197.03,198.4,1859014.0
1497312000,198.4,200.93,198.12,200.55,1263689.0
1497398400,200.55,202.45,200.35,201.28,934562.0
1497484800,199.77,202.27,199.24,202.03,827543.0
1497571200,202.37,203.3,201.66,202.67,1391515.0
1497830400,203.41,204.74,203.0,204.52,1026747.0
1497916800,203.76,205.17,203.76,203.86,838427.0
1498003200,204.4,204.88,203.5,203.89,669494.0
1498089600,203.79,203.9812,201.19,201.26,907771.0
1498176000,201.23,202.42,200.8101,201.32,1203322.0
1498435200,201.77,202.33,200.13,200.2,673864.0
1498521600,200.11,200.3582,198.83,198.84,713985.0
1498608000,199.82,201.415,199.33,200.83,787327.0
1498694400,200.99,201.07,196.13,196.96,1422901.0
1498780800,197.75,199.21,196.26,198.1,944651.0
1499040000,199.42,200.55,198.14,199.66,750575.0
1499212800,199.03,201.21,198.95,200.74,1152248.0
1499299200,200.7,201.07,198.79,199.02,799642.0
1499385600,199.5,202.18,199.115,201.26,1275415.0
1499644800,201.22,202.24,200.21,201.07,1028703.0
1499731200,200.8,201.01,198.75,199.91,1140140.0
1499817600,201.32,202.47,199.87,201.11,1404018.0
1499904000,201.19,201.47,199.97,200.15,778794.0
1499990400,200.28,201.68,200.06,201.15,1032699.0
1500249600,201.08,201.42,199.5,200.14,1151343.0
1500336000,200.25,201.67,199.28,201.42,1118613.0
1500422400,202.0,202.4599,201.25,202.34,739801.0
1500508800,202.51,203.19,201.995,202.4,1059022.0
1500595200,202.11,204.55,201.83,204.55,992855.0
1500854400,204.55,205.51,204.13,204.93,1073777.0
1500940800,205.66,205.9,202.905,203.56,1207350.0
1501027200,199.1,199.37,193.57,194.66,4079518.0
1501113600,195.73,195.93,192.84,193.84,2266177.0
1501200000,194.05,198.07,194.04,197.94,1785816.0
1501459200,198.58,198.59,196.08,196.33,1473536.0
1501545600,196.96,196.98,193.9,196.53,1396635.0
1501632000,196.53,198.175,196.08,198.04,980943.0
1501718400,198.3,199.4,197.33,199.33,1071076.0
1501804800,199.52,200.07,198.47,200.07,1247361.0
1502064000,200.34,201.55,199.43,201.14,1480912.0
1502150400,199.24,200.93,198.22,198.8,1350830.0
1502236800,199.29,201.92,198.25,201.0,1353909.0
1502323200,200.67,200.99,198.04,198.28,1122682.0
1502409600,198.52,199.86,197.8,197.89,1105954.0
1502668800,199.17,200.5,198.4884,200.3,1192199.0
1502755200,200.56,200.56,198.89,199.49,1017812.0
1502841600,200.0,201.33,199.63,200.61,875502.0
1502928000,199.36,200.1,197.89,197.99,1002230.0
1503014400,198.38,199.8,196.77,198.73,1581719.0
1503273600,198.74,199.03,196.89,198.73,1194356.0
1503360000,199.45,201.58,198.99,201.23,877459.0
1503446400,200.7,201.17,199.4,199.75,831194.0
1503532800,200.22,200.27,198.7463,199.47,723525.0
1503619200,200.32,200.7613,198.94,199.05,651470.0
1503878400,199.91,199.91,197.7,197.87,807671.0
1503964800,198.27,201.02,198.25,200.95,984508.0
1504051200,200.95,201.26,200.07,201.22,893742.0
1504137600,201.74,202.2721,201.16,201.35,842702.0
1504224000,201.77,201.87,199.98,200.0,734674.0
1504569600,200.91,200.91,198.14,198.73,1198185.0
1504656000,199.55,199.58,196.65,196.74,972439.0
1504742400,197.0,197.75,195.7,197.04,977095.0
1504828800,196.52,198.4,196.0,197.87,614677.0
1505088000,198.62,200.5,198.57,200.33,1048908.0
1505174400,199.89,200.31,198.57,199.0,749802.0
1505260800,198.3,198.5,196.8,196.85,853149.0
1505347200,196.63,197.81,196.45,197.63,919984.0
1505433600,198.1,198.715,197.6,198.27,2095613.0
1505692800,199.0,202.35,198.855,202.18,1313013.0
1505779200,201.91,203.94,201.2604,203.12,784144.0
1505865600,202.78,205.29,202.7,204.27,1308204.0
1505952000,204.56,206.57,204.0,205.72,860484.0
1506038400,206.09,206.5099,204.63,205.41,1040753.0
1506297600,205.5,205.5,203.22,204.87,1202818.0
1506384000,205.05,206.21,204.73,205.33,705505.0
1506470400,205.77,207.6,205.35,206.8,903704.0
1506556800,205.87,206.055,204.41,205.03,638864.0
1506643200,204.83,205.71,204.02,205.58,729139.0
1506902400,206.43,208.76,206.04,208.72,721631.0
1506988800,208.72,210.94,208.42,210.53,907384.0
1507075200,210.05,211.64,209.92,211.3,843089.0
1507161600,210.76,214.11,210.62,213.45,1215314.0
1507248000,212.86,213.29,211.73,212.6,941919.0
1507507200,213.02,213.59,212.24,213.53,671581.0
1507593600,214.0,214.0844,212.005,212.55,642548.0
1507680000,212.94,213.1,212.23,212.83,704948.0
1507766400,212.48,213.98,212.48,213.72,739979.0
1507852800,214.5,214.81,213.28,213.34,782668.0
1508112000,213.5,214.55,212.56,213.44,747983.0
1508198400,212.75,213.33,210.95,211.54,769977.0
1508284800,211.3,212.0,209.86,210.39,945717.0
1508371200,210.3,211.95,209.71,211.64,674509.0
1508457600,212.59,214.02,211.73,213.86,899444.0
1508716800,213.86,214.17,212.47,212.51,837289.0
1508803200,212.51,214.81,211.86,212.08,1344895.0
1508889600,208.2,211.245,206.01,207.25,2000552.0
1508976000,208.18,208.5,202.03,203.91,1474183.0
1509062400,204.5,205.68,204.1,204.99,1255130.0
1509321600,204.82,206.93,204.82,206.17,1259722.0
1509408000,206.36,206.36,202.93,202.98,995643.0
1509494400,203.57,204.21,200.54,201.62,1735266.0
1509580800,201.73,204.18,201.31,203.82,1079213.0
1509667200,204.32,205.5,203.25,204.06,995303.0
1509926400,204.0,204.02,202.34,202.37,739953.0
1510012800,202.37,203.86,202.21,203.76,918008.0
1510099200,203.89,203.96,202.5,202.62,841222.0
1510185600,202.17,202.38,198.6,198.87,1363636.0
1510272000,198.85,201.87,198.08,199.77,929810.0
1510531200,199.13,201.75,199.02,200.13,912161.0
1510617600,199.25,201.05,199.01,200.22,813640.0
1510704000,199.45,201.65,198.85,198.99,1069094.0
1510790400,199.49,200.17,198.67,199.22,1103818.0
1510876800,198.26,199.56,197.75,197.77,763303.0
1511136000,198.01,199.399,197.71,198.74,1284168.0
1511222400,198.72,200.34,197.88,200.1,1190783.0
1511308800,199.82,200.65,199.215,200.04,921844.0
1511481600,200.19,200.76,199.89,200.0,411418.0
1511740800,200.0,201.35,199.76,201.07,1018908.0
1511827200,201.89,204.73,201.145,204.19,1159375.0
1511913600,204.61,204.96,203.651,204.17,724924.0
1512000000,204.21,207.85,203.75,207.16,1867275.0
1512086400,207.11,207.18,199.79,202.64,1304898.0
1512345600,203.75,204.605,201.138,201.69,1705984.0
1512432000,202.42,202.52,199.83,199.91,960214.0
1512518400,199.93,201.34,199.93,200.21,1223007.0
1512604800,199.89,201.155,199.281,200.17,1236080.0
1512691200,200.24,201.21,198.87,201.07,1344418.0
1512950400,201.2,201.33,199.31,199.64,804185.0
1513036800,197.91,198.48,196.07,196.18,1958152.0
1513123200,196.67,198.14,196.39,196.63,1417465.0
1513209600,198.07,198.43,195.69,196.22,1136654.0
1513296000,196.33,199.89,196.33,198.84,1981955.0
1513555200,199.16,199.32,196.75,198.45,1559105.0
1513641600,198.6,200.54,198.13,199.83,1240105.0
1513728000,200.08,201.765,199.95,201.3,1049803.0
1513814400,201.45,203.16,200.69,202.48,1501971.0
1513900800,203.0,203.45,202.16,202.64,788264.0
1514246400,202.85,203.73,201.69,201.97,574989.0
1514332800,202.01,203.36,201.18,202.72,600968.0
1514419200,203.45,204.04,202.78,203.86,692771.0
1514505600,204.0,204.64,203.21,203.45,768774.0
1514851200,203.54,204.0,199.97,200.49,1587931.0
1514937600,200.21,202.15,199.5,201.74,1692731.0
1515024000,202.37,205.5299,201.83,205.21,1473247.0
1515110400,205.98,206.25,203.63,204.7,1722578.0
1515369600,204.85,205.58,204.32,204.7,1044852.0
1515456000,205.49,206.98,205.0,205.88,1289965.0
1515542400,205.0,206.05,204.25,204.75,957237.0
1515628800,204.79,206.17,204.7,205.51,1245708.0
1515715200,206.53,211.75,205.59,210.59,1892695.0
1516060800,211.01,211.62,206.0,206.33,1748663.0
1516147200,207.76,209.05,206.79,208.52,1417361.0
1516233600,208.36,209.44,207.19,207.8,1241893.0
1516320000,209.41,209.41,207.525,209.1,1407603.0
1516579200,209.08,209.23,207.04,208.2,1860198.0
1516665600,208.3,208.79,206.825,207.48,2235847.0
1516752000,202.99,220.16,201.4,219.27,4136906.0
1516838400,220.0,227.71,219.6,226.53,3124701.0
1516924800,224.95,226.55,221.67,226.24,1977734.0
1517184000,226.5,229.54,225.23,225.5,1737554.0
1517270400,224.91,225.87,222.3,224.28,1590173.0
1517356800,226.09,226.91,222.38,222.48,1833561.0
1517443200,222.39,227.82,222.0,225.21,1780266.0
1517529600,220.84,225.44,220.84,221.72,1374654.0
1517788800,220.44,222.35,208.91,211.22,2346300.0
1517875200,206.32,213.09,203.9,212.46,2873987.0
1517961600,212.41,218.615,212.01,214.95,1943792.0
1518048000,216.13,217.23,205.97,206.05,1961473.0
1518134400,208.12,214.33,206.96,212.1,2679152.0
1518393600,214.17,215.09,207.87,209.53,2697364.0
1518480000,207.91,212.69,207.5,211.81,2526025.0
1518566400,211.1,218.4,210.6,218.25,2475536.0
1518652800,224.38,225.4,220.72,225.4,2623115.0
1518739200,225.6,225.9989,222.501,224.19,1939244.0
1519084800,223.0,224.08,221.18,221.83,1208207.0
1519171200,221.44,224.89,220.73,220.75,1148589.0
1519257600,221.68,222.58,219.755,220.14,868484.0
1519344000,221.45,222.16,219.87,221.0,1034326.0
1519603200,222.97,227.275,222.01,226.78,1445913.0
1519689600,226.49,227.78,223.87,223.89,1083377.0
1519776000,224.6,226.39,222.45,222.45,1004265.0
1519862400,222.98,225.595,218.0,219.15,2009524.0
1519948800,217.73,224.02,217.65,223.34,2058610.0
1520208000,220.64,224.76,219.3,224.64,1952936.0
1520294400,225.08,225.435,223.16,224.81,1336506.0
1520380800,222.55,226.48,221.38,226.28,1236325.0
1520467200,227.0,227.05,224.48,226.65,991081.0
1520553600,227.94,230.0,226.74,229.95,1307374.0
1520812800,229.5,229.95,223.93,224.64,1218140.0
1520899200,225.92,226.87,222.83,223.35,1165546.0
1520985600,224.59,224.62,220.59,221.69,1003024.0
1521072000,222.51,223.8699,221.2559,222.6,869923.0
1521158400,223.46,223.88,221.275,222.74,1976128.0
1521417600,222.65,224.33,221.05,223.9,906547.0
1521504000,224.41,226.9,224.1001,225.38,795401.0
1521590400,225.37,226.1677,223.74,223.75,896750.0
1521676800,222.25,223.98,217.83,218.37,1168514.0
1521763200,218.5,224.47,218.5,218.81,1434891.0
1522022400,221.93,223.82,220.87,223.47,1281385.0
1522108800,225.0,225.78,219.79,221.07,1116854.0
1522195200,221.72,221.8753,216.7,217.28,1720703.0
1522281600,219.59,223.458,218.02,220.9,1890650.0
1522627200,220.51,222.03,215.55,218.88,1304916.0
1522713600,219.95,221.45,217.21,220.32,1387657.0
1522800000,215.15,218.7,214.27,218.54,2753099.0
1522886400,220.44,221.71,218.35,221.22,2208195.0
1522972800,219.48,220.66,213.7701,215.74,1493708.0
1523232000,217.01,218.25,214.54,214.96,1256832.0
1523318400,217.89,218.31,213.91,214.45,1684658.0
1523404800,214.0,217.4785,214.0,216.32,1173059.0
1523491200,216.37,219.24,216.16,218.22,1219689.0
1523577600,219.42,219.82,217.18,218.41,941206.0
1523836800,219.73,220.49,218.34,218.4,1379479.0
1523923200,219.28,222.81,219.24,221.41,1142738.0
1524009600,224.62,227.7,223.51,225.49,1467929.0
1524096000,225.55,225.72,222.98,224.98,1011313.0
1524182400,225.88,225.88,222.48,223.11,1275447.0
1524441600,222.92,226.12,222.92,225.96,1808713.0
1524528000,227.75,229.74,218.08,222.02,2874000.0
1524614400,215.91,217.99,207.2,214.53,4494317.0
1524700800,214.92,215.52,210.46,211.75,2404993.0
1524787200,211.74,212.0,203.28,203.71,2217811.0
1525046400,203.79,205.25,201.24,201.31,2569834.0
1525132800,201.15,201.15,194.47,197.3,2925684.0
1525219200,197.3,200.5,195.51,195.68,1844776.0
1525305600,194.85,196.71,191.0,195.0,2016295.0
1525392000,193.96,195.75,193.19,195.07,1499408.0
1525651200,195.97,198.57,195.0,196.45,1281193.0
1525737600,196.97,199.93,196.01,199.62,2149954.0
1525824000,200.3,202.11,199.59,201.05,1753677.0
1525910400,201.71,203.0,200.9,201.67,1092250.0
1525996800,201.36,204.4737,201.36,203.92,1296663.0
1526256000,203.68,204.44,201.11,203.07,1493573.0
1526342400,202.16,202.83,200.08,201.65,1012215.0
1526428800,202.0,202.7,200.23,200.5,938613.0
1526515200,200.43,202.1,200.3,201.76,1207724.0
1526601600,201.38,203.64,201.38,202.52,2011646.0
1526860800,204.14,206.07,203.29,205.77,1088121.0
1526947200,205.63,205.77,204.09,204.37,1296417.0
1527033600,202.81,205.77,202.38,205.56,1109906.0
1527120000,205.63,208.88,205.19,208.73,1408833.0
1527206400,208.25,208.69,207.02,208.12,1179897.0
1527552000,206.34,206.79,200.09,201.81,1661734.0
1527638400,202.24,204.57,201.116,204.04,1241171.0
1527724800,204.05,204.47,201.59,201.71,1867939.0
1527811200,203.7,204.67,202.65,203.47,949668.0
1528070400,203.91,204.66,202.11,202.6,1012695.0
1528156800,202.17,202.91,199.82,201.1,1659349.0
1528243200,201.83,202.05,200.07,201.51,1601399.0
1528329600,201.98,203.34,201.5,202.85,853294.0
1528416000,202.67,202.99,199.045,202.58,1318269.0
1528675200,202.68,204.11,201.62,201.7,1070426.0
1528761600,201.32,202.53,197.53,198.5,2185866.0
1528848000,198.24,201.27,198.08,199.82,2007952.0
1528934400,200.9,201.0,195.51,195.82,2384388.0
1529020800,194.53,195.9,193.33,195.8,2854219.0
1529280000,194.73,196.5,194.61,195.97,1419077.0
1529366400,194.0,194.76,190.53,190.69,1526804.0
1529452800,191.08,191.95,190.18,191.4,1049510.0
1529539200,190.44,191.66,187.31,188.43,2401282.0
1529625600,190.1,190.14,187.46,189.38,1664532.0
1529884800,188.26,190.12,187.0483,189.1,1284920.0
1529971200,189.27,189.96,187.855,188.8,1435070.0
1530057600,189.16,190.72,185.85,185.89,1723968.0
1530144000,186.12,188.25,184.205,187.44,1070512.0
1530230400,188.01,188.63,186.28,186.41,1580893.0
1530489600,185.19,187.54,184.648,187.37,1036925.0
1530576000,188.45,193.35,188.0,189.69,1765392.0
1530748800,189.41,189.86,187.66,188.7,1496225.0
1530835200,188.57,190.18,187.305,188.84,1484474.0
1531094400,189.21,192.3,188.7,191.54,1249277.0
1531180800,192.23,194.31,191.77,192.8,1353458.0
1531267200,192.04,192.08,190.83,191.51,1004665.0
1531353600,193.01,194.06,191.92,193.64,1333694.0
1531440000,193.24,195.065,192.47,192.74,1838778.0
1531699200,193.14,193.75,190.7,191.5,1163866.0
1531785600,191.53,192.55,190.46,192.32,1208462.0
1531872000,192.25,195.92,191.22,195.43,1522669.0
1531958400,194.94,195.7184,193.44,194.35,1086911.0
1532044800,193.89,196.13,193.69,195.28,964738.0
1532304000,195.28,195.57,192.78,193.23,1213063.0
1532390400,195.0,198.8,193.69,196.75,2107390.0
1532476800,198.8,204.06,195.41,203.45,2557387.0
1532563200,202.02,203.675,199.34,200.48,2346648.0
1532649600,201.35,202.05,197.98,198.65,1203424.0
1532908800,198.65,200.21,195.98,196.26,1064315.0
1532995200,198.55,200.35,197.6,199.76,2239269.0
1533081600,199.39,199.89,195.56,196.01,1464487.0
1533168000,194.18,196.825,193.27,194.94,2200985.0
1533254400,194.04,194.54,191.85,194.09,2613355.0
1533513600,193.68,193.77,192.12,193.52,2042784.0
1533600000,194.97,196.41,194.22,196.28,1208447.0
1533686400,196.27,196.44,194.02,195.13,1051217.0
1533772800,194.98,195.2999,192.4,192.57,861499.0
1533859200,192.38,192.77,190.66,191.81,954073.0
1534118400,191.93,192.78,190.48,191.84,813117.0
1534204800,192.0,194.17,191.75,193.63,779074.0
1534291200,192.83,193.47,190.77,192.31,1121021.0
1534377600,192.63,194.06,191.98,192.44,971314.0
1534464000,192.8,194.03,192.225,193.68,806396.0
1534723200,194.25,195.57,193.86,194.92,936040.0
1534809600,194.65,195.6185,193.83,194.96,960111.0
1534896000,194.39,194.91,192.27,192.48,806720.0
1534982400,192.38,192.99,191.4,191.59,855541.0
1535068800,192.0,192.651,191.37,192.59,612580.0
1535328000,193.0,195.77,193.0,195.29,867894.0
1535414400,196.2,196.4,194.93,195.62,1015074.0
1535500800,195.43,195.95,193.71,194.71,976785.0
1535587200,194.41,196.1495,192.05,192.51,1009702.0
1535673600,191.59,193.6,191.35,193.4,1028478.0
1536019200,192.48,193.38,191.397,192.61,741076.0
1536105600,191.85,194.35,191.64,193.98,1162459.0
1536192000,194.4,195.94,194.1982,195.24,738434.0
1536278400,194.77,195.42,193.7458,194.71,998092.0
1536537600,195.19,196.9,195.04,195.69,1083615.0
1536624000,194.73,196.6,194.7,196.06,960738.0
1536710400,195.57,197.01,195.5035,196.2,882594.0
1536796800,197.13,198.81,196.92,198.57,945101.0
1536883200,198.63,200.63,198.34,200.51,990126.0
1537142400,200.63,202.88,200.3382,202.43,1072419.0
1537228800,202.8,204.95,202.43,204.61,1050855.0
1537315200,204.79,206.38,203.43,204.01,1363916.0
1537401600,204.5,205.17,200.45,202.86,1347655.0
1537488000,204.09,206.15,203.76,204.66,2462278.0
1537747200,204.3,204.61,202.28,202.83,1131189.0
1537833600,202.68,203.865,201.73,203.48,869906.0
1537920000,203.5,203.97,201.49,201.86,1223308.0
1538006400,202.27,202.53,201.09,202.08,947299.0
1538092800,201.98,204.99,201.11,204.72,1569650.0
1538352000,206.0,206.19,204.56,205.5,830613.0
1538438400,205.77,205.94,204.06,204.98,797261.0
1538524800,205.71,206.6335,204.67,205.72,1095971.0
1538611200,204.3,206.18,203.81,205.91,970363.0
1538697600,206.09,207.72,205.5112,206.32,1923303.0
1538956800,206.03,207.47,205.33,207.16,1528948.0
1539043200,206.54,207.0,204.01,204.16,931888.0
1539129600,204.16,204.16,197.72,197.82,1645917.0
1539216000,197.77,198.16,192.66,192.94,2062921.0
1539302400,195.64,195.6454,189.42,191.85,1307433.0
1539561600,192.06,194.4,191.92,192.63,1039293.0
1539648000,193.29,195.19,191.77,194.71,1081877.0
1539734400,195.43,196.04,193.41,193.84,1014936.0
1539820800,192.29,193.675,190.0,191.22,1070502.0
1539907200,191.44,192.33,190.23,190.26,942810.0
1540166400,190.91,191.76,189.0,190.14,1138173.0
1540252800,187.62,190.08,186.75,187.75,1914379.0
1540339200,184.84,186.0,172.86,173.24,4886300.0
1540425600,172.98,173.77,169.32,170.6,3254593.0
1540512000,168.71,171.88,167.27,169.86,2877197.0
1540771200,170.72,172.52,164.76,167.04,2577033.0
1540857600,167.38,172.62,166.44,171.89,2405788.0
1540944000,173.51,175.62,172.24,172.58,2214967.0
1541030400,173.27,179.33,173.19,178.4,1837998.0
1541116800,178.97,181.82,176.44,176.98,3479247.0
1541376000,177.54,179.89,176.88,177.97,2455793.0
1541462400,177.68,182.84,177.68,182.2,1637032.0
1541548800,184.82,185.33,182.14,185.03,1879173.0
1541635200,185.02,185.81,184.03,184.56,1313037.0
1541721600,183.36,185.15,183.0,184.5,1245220.0
1541980800,184.96,185.52,180.59,181.01,1146792.0
1542067200,181.76,183.93,179.45,180.08,1298412.0
1542153600,181.44,182.47,178.94,179.84,1789875.0
1542240000,178.0,182.5399,177.5,182.34,1204759.0
1542326400,181.34,184.905,180.88,183.06,1583180.0
1542585600,183.16,183.16,178.49,179.38,983987.0
1542672000,176.54,177.49,175.16,175.92,1546815.0
1542758400,177.0,178.63,176.26,176.75,1092768.0
1542931200,175.98,179.46,175.29,178.26,447167.0
1543190400,179.52,180.59,177.45,179.69,1366515.0
1543276800,178.55,179.47,176.5,178.64,1524829.0
1543363200,179.34,183.7052,179.04,182.03,1579825.0
1543449600,181.66,183.24,180.84,182.17,1823136.0
1543536000,182.35,185.04,182.35,184.89,1645815.0
1543795200,187.06,187.47,180.79,181.57,1389274.0
1543881600,180.41,180.8519,172.97,173.18,1757154.0
1544054400,170.89,171.92,165.3,171.02,2469138.0
1544140800,170.54,173.53,166.71,167.38,1778694.0
1544400000,169.19,173.6,168.545,172.2,2249902.0
1544486400,174.56,177.68,170.88,172.27,2387934.0
1544572800,174.54,175.36,171.0,171.22,3235232.0
1544659200,172.16,173.185,170.5,171.01,2760726.0
1544745600,169.29,171.41,168.54,168.97,1898213.0
1545004800,168.59,168.835,162.47,163.45,2414223.0
1545091200,164.71,166.5,161.8249,162.81,1680243.0
1545177600,161.8,163.78,157.1648,158.99,2088729.0
1545264000,158.02,159.12,153.01,154.61,2490856.0
1545350400,151.65,154.99,149.77,150.49,4348252.0
1545609600,148.76,149.68,145.34,148.21,1572169.0
1545782400,147.95,152.26,143.87,152.17,2179172.0
1545868800,150.35,155.17,148.63,155.12,1715965.0
1545955200,155.99,157.36,154.27,155.32,1455723.0
1546214400,156.41,157.21,155.3895,157.21,1223231.0
1546387200,155.32,157.4643,153.82,157.26,1261403.0
1546473600,156.0,156.73,152.44,153.37,1444200.0
1546560000,155.35,157.83,154.12,157.77,1834362.0
1546819200,157.63,159.67,155.93,158.65,993098.0
1546905600,159.29,159.92,156.75,158.66,1346301.0
1546992000,159.26,161.51,159.16,160.9,1483825.0
1547078400,160.27,162.55,159.37,162.43,1130895.0
1547164800,161.28,163.85,160.9,163.81,1239173.0
1547424000,162.3,164.94,162.24,164.53,1364120.0
1547510400,164.85,165.39,162.39,163.14,1906833.0
1547596800,162.79,164.68,162.69,163.6,1085727.0
1547683200,162.0,166.83,161.75,165.72,976433.0
1547769600,167.0,170.13,166.24,168.58,1665841.0
1548115200,167.65,168.79,165.5648,167.22,1298010.0
1548201600,168.48,169.91,166.14,168.81,1199752.0
1548288000,169.19,172.5,169.19,170.82,1329668.0
1548374400,172.65,172.9,170.8,171.22,1192090.0
1548633600,169.68,172.26,169.22,172.19,1284965.0
1548720000,172.73,176.16,172.73,176.0,1573679.0
1548806400,169.84,171.35,165.02,170.91,4072798.0
1548892800,169.18,173.3,169.08,171.17,2162575.0
1548979200,171.38,172.0,168.25,169.03,1716651.0
1549238400,169.38,174.61,169.22,174.61,1661790.0
1549324800,174.61,174.95,171.99,172.22,1583288.0
1549411200,171.98,174.5299,171.98,172.76,1180302.0
1549497600,172.12,173.64,170.45,173.59,1535952.0
1549584000,172.86,173.265,171.3,172.12,2255589.0
1549843200,172.47,172.9,170.68,170.93,1159739.0
1549929600,171.63,173.19,171.38,172.76,1302057.0
1550016000,173.44,174.38,173.01,173.48,1053570.0
1550102400,173.02,173.08,171.49,172.1,843005.0
1550188800,172.54,175.4,171.69,175.24,1222893.0
1550534400,175.0,175.47,173.72,174.78,902419.0
1550620800,174.88,175.3088,173.45,174.45,1038482.0
1550707200,174.18,174.313,170.89,171.63,979824.0
1550793600,172.17,172.72,171.63,172.54,1388407.0
1551052800,174.04,174.36,172.98,173.14,951883.0
1551139200,172.81,173.04,169.9,170.0,1423977.0
1551225600,169.4,169.99,168.2271,169.34,1514829.0
1551312000,169.2,170.98,168.89,170.22,1739628.0
1551398400,171.0,171.03,168.57,169.28,1108019.0
1551657600,170.4,170.4,166.46,166.75,1703775.0
1551744000,166.75,168.38,166.75,168.03,1804168.0
1551830400,167.88,168.8316,166.39,166.47,1080720.0
1551916800,166.18,166.535,163.9317,166.34,1218271.0
1552003200,165.18,166.32,164.12,166.14,1324098.0
1552262400,165.12,169.86,164.68,169.51,1443691.0
1552348800,169.56,170.53,168.5,168.77,1452310.0
1552435200,169.43,173.1,169.03,171.72,1240015.0
1552521600,171.37,171.71,169.53,169.59,1261296.0
1552608000,169.64,170.96,168.657,169.79,3972069.0
1552867200,169.77,171.99,169.67,171.67,1718762.0
1552953600,172.5,173.4809,170.3634,170.72,1295554.0
1553040000,170.69,170.97,168.36,168.49,871286.0
1553126400,168.35,170.362,168.18,169.83,702391.0
1553212800,169.4,169.54,165.71,165.85,802801.0
1553472000,166.28,167.21,165.43,166.62,853973.0
1553558400,167.92,168.5,165.92,166.9,905911.0
1553644800,167.29,168.58,165.65,166.56,712075.0
1553731200,167.19,168.2,166.06,167.76,859052.0
1553817600,168.87,169.425,168.5025,169.28,1333670.0
1554076800,170.25,172.77,170.04,172.31,1027028.0
1554163200,171.92,172.203,169.52,169.94,1365380.0
1554249600,170.6,170.6,166.75,167.75,1483994.0
1554336000,168.0,170.37,167.82,169.17,1062064.0
1554422400,169.26,171.13,168.59,171.12,1240360.0
1554681600,170.52,172.53,170.095,172.3,1159503.0
1554768000,171.17,171.565,169.06,169.17,1035876.0
1554854400,169.22,169.83,167.61,169.37,922563.0
1554940800,168.79,171.65,168.39,171.43,1212307.0
1555027200,172.67,175.49,172.05,174.93,1453965.0
1555286400,174.37,174.75,171.5,172.0,1601544.0
1555372800,172.7,174.7273,172.7,173.74,931728.0
1555459200,175.0,176.48,174.27,174.53,988403.0
1555545600,174.9,177.0,174.51,176.85,1348348.0
1555891200,175.87,177.855,175.27,177.03,1466817.0
1555977600,179.66,183.13,178.8,182.37,1946320.0
1556064000,193.11,193.11,180.24,180.73,3086519.0
1556150400,179.74,180.22,175.92,176.88,1760263.0
1556236800,177.14,178.15,176.15,178.07,852316.0
1556496000,178.0,179.64,177.601,179.21,844888.0
1556582400,179.55,179.98,176.72,178.72,1174488.0
1556668800,179.12,179.93,176.35,176.39,1224102.0
1556755200,175.81,176.35,172.8,174.57,2036484.0
1556841600,175.24,176.79,175.08,176.69,1354422.0
1557100800,173.6,175.71,172.61,175.36,992091.0
1557187200,173.4,173.9796,169.94,170.48,1614675.0
1557273600,170.38,170.7424,167.89,168.29,2021505.0
1557360000,167.58,173.16,167.17,172.05,2037670.0
1557446400,170.74,173.54,169.49,173.08,1254326.0
1557705600,170.54,171.02,166.79,167.99,1762657.0
1557792000,168.04,170.41,167.82,168.49,847924.0
1557878400,167.02,169.23,165.65,167.72,787512.0
1557964800,168.33,170.4299,168.1,169.85,634249.0
1558051200,167.86,168.405,166.1,166.37,998067.0
1558310400,168.11,170.45,167.39,169.29,1359168.0
1558396800,170.2,172.02,169.84,171.45,1182263.0
1558483200,170.59,171.2088,168.43,169.28,939232.0
1558569600,167.77,168.253,162.69,163.58,1883638.0
1558656000,163.91,164.82,161.46,164.03,1508119.0
1559001600,164.28,165.44,163.07,163.66,2609727.0
1559088000,163.55,163.95,161.86,162.31,1204148.0
1559174400,162.46,163.645,161.595,162.23,839595.0
1559260800,160.44,161.58,160.21,160.82,1306330.0
1559520000,161.37,165.49,161.03,163.15,1515265.0
1559606400,164.27,167.91,164.27,167.78,1034430.0
1559692800,168.33,171.97,168.23,171.94,1251641.0
1559779200,171.93,172.595,169.68,171.98,862066.0
1559865600,173.15,174.38,172.48,173.97,973389.0
1560124800,175.8,176.44,173.17,173.39,1054464.0
1560211200,174.04,174.44,168.53,169.73,853862.0
1560297600,169.92,170.43,168.6786,170.04,585501.0
1560384000,170.16,171.94,169.45,171.94,1128028.0
1560470400,172.25,172.25,170.13,171.25,724379.0
1560729600,171.69,172.43,170.38,171.78,924973.0
1560816000,172.58,174.87,172.3733,173.59,857781.0
1560902400,174.23,174.4764,172.55,173.62,531707.0
1560988800,175.84,178.405,174.39,177.96,1265964.0
1561075200,178.13,178.33,175.8,177.43,1851348.0
1561334400,176.71,178.29,176.33,177.82,976333.0
1561420800,178.07,178.8053,177.1,177.64,763492.0
1561507200,177.25,179.75,176.87,178.9,1334099.0
1561593600,178.97,178.97,176.7,177.72,966477.0
1561680000,178.12,182.08,178.12,181.82,2450800.0
1561939200,183.33,184.35,181.53,182.54,1141792.0
1562025600,183.25,183.62,182.08,183.57,928214.0
1562112000,182.78,182.891,180.95,182.65,533590.0
1562284800,181.8,182.48,180.2692,182.28,481765.0
1562544000,181.22,182.93,180.584,181.47,822894.0
1562630400,180.14,180.98,179.12,180.83,1378755.0
1562716800,182.35,183.86,181.57,182.54,887007.0
1562803200,182.53,183.63,182.37,183.6,707975.0
1562889600,184.56,185.95,183.7,185.84,827482.0
1563148800,185.84,186.84,185.45,186.4,1215282.0
1563235200,186.91,187.48,186.56,186.89,1078244.0
1563321600,185.73,186.05,183.43,183.55,2259796.0
1563408000,183.55,183.55,180.59,183.18,1237337.0
1563494400,184.11,184.87,183.65,183.85,939851.0
1563753600,183.83,185.01,183.12,184.62,702550.0
1563840000,185.91,186.0,183.63,185.97,1150627.0
1563926400,185.98,189.56,185.05,187.64,1368566.0
1564012800,187.39,189.0,185.5,187.61,1106288.0
1564099200,187.28,189.9,186.44,189.73,1745207.0
1564358400,189.72,190.16,188.75,189.83,924153.0
1564444800,189.13,189.46,187.455,189.12,939500.0
1564531200,189.03,189.66,184.8,185.94,1187422.0
1564617600,185.59,186.74,182.46,183.43,1273189.0
1564704000,183.34,183.58,181.1399,181.97,941661.0
1564963200,179.97,179.99,175.03,176.77,1197748.0
1565049600,178.35,180.73,176.77,180.67,886416.0
1565136000,178.36,181.52,177.51,180.85,1003307.0
1565222400,182.66,185.1,182.07,184.17,778632.0
1565308800,183.32,185.13,182.7501,184.1,719639.0
1565568000,183.19,183.395,180.62,181.35,573226.0
1565654400,181.15,184.61,180.65,183.11,803840.0
1565740800,181.96,182.31,179.7,180.83,1555554.0
1565827200,180.83,182.86,180.19,182.22,1200970.0
1565913600,183.69,186.39,183.35,184.35,1450866.0
1566172800,186.53,188.02,185.9,187.59,758215.0
1566259200,186.73,187.86,186.085,187.17,941717.0
1566345600,189.0,189.0436,186.67,188.48,1012876.0
1566432000,189.06,189.31,186.1,187.55,633973.0
1566518400,186.76,189.27,182.47,183.55,1619705.0
1566777600,185.23,185.71,182.2,184.65,632074.0
1566864000,185.32,185.64,182.58,183.36,628268.0
1566950400,182.79,185.62,182.13,185.44,535358.0
1567036800,186.85,189.84,186.45,189.47,1301974.0
1567123200,190.5,192.215,190.0,191.27,1153661.0
1567468800,190.04,190.82,187.17,189.28,837594.0
1567555200,191.02,192.11,190.17,190.71,964521.0
1567641600,192.45,193.64,191.68,192.27,818565.0
1567728000,193.09,193.76,192.04,192.67,698959.0
1567987200,192.84,193.0,187.53,188.07,1612281.0
1568073600,187.7,187.87,185.3998,187.87,1097415.0
1568160000,187.86,188.62,186.35,188.6,836537.0
1568246400,190.0,190.0,187.13,189.41,1042640.0
1568332800,190.15,190.23,189.01,189.96,1064554.0
1568592000,190.84,191.67,188.35,190.97,1550910.0
1568678400,192.58,192.58,189.56,191.31,1223102.0
1568764800,191.06,191.06,187.9,190.3,1238760.0
1568851200,189.14,190.19,187.01,188.13,1301692.0
1568937600,188.68,189.0,186.07,187.37,7649932.0
1569196800,186.25,188.56,185.0641,186.79,1367390.0
1569283200,187.97,188.85,184.41,184.7,1833077.0
1569369600,185.45,186.41,184.56,186.0,1759220.0
1569456000,186.52,186.81,185.22,186.0,1180280.0
1569542400,186.81,186.89,182.54,183.02,1144014.0
1569801600,183.36,184.32,182.66,182.73,1187730.0
1569888000,183.84,184.5415,177.63,178.71,1582861.0
1569974400,177.54,178.26,174.12,174.41,1208700.0
1570060800,174.31,175.0,172.01,174.88,888990.0
1570147200,175.0,176.89,173.75,176.64,912646.0
1570406400,176.23,178.2,175.8215,176.7,941277.0
1570492800,175.65,178.475,174.82,176.5,1411069.0
1570579200,178.0,178.87,176.2,177.05,966448.0
1570665600,175.5,178.515,175.5,176.69,868024.0
1570752000,178.8,181.15,178.37,179.63,855801.0
1571011200,179.66,179.86,178.8,179.12,591969.0
1571097600,179.18,179.63,178.34,178.45,847711.0
1571184000,178.45,179.23,177.21,178.29,769309.0
1571270400,178.11,178.56,176.58,176.76,785210.0
1571356800,177.05,177.05,173.99,174.43,1107881.0
1571616000,175.3,176.92,174.65,175.45,944829.0
1571702400,175.32,180.06,175.32,179.88,1261790.0
1571788800,177.69,177.72,172.4,173.56,1998675.0
1571875200,175.98,177.755,174.63,174.67,2458291.0
1571961600,175.24,176.74,173.34,173.54,1894576.0
1572220800,174.28,175.965,173.97,174.93,1544560.0
1572307200,175.07,178.23,174.92,176.03,1856788.0
1572393600,176.44,178.685,176.0,178.24,1261966.0
1572480000,177.78,178.24,175.53,176.8,1373904.0
1572566400,178.03,180.1856,178.03,179.73,1136081.0
1572825600,181.18,181.46,176.97,178.07,2483385.0
1572912000,177.93,179.69,177.1,179.3,2253305.0
1572998400,179.92,181.69,179.92,181.57,1445573.0
1573084800,182.0,183.23,181.53,182.95,1427546.0
1573171200,182.67,185.96,182.67,185.08,1446177.0
1573430400,184.25,184.855,182.46,184.35,684223.0
1573516800,184.05,185.65,183.53,185.28,852719.0
1573603200,185.31,186.08,184.08,184.72,961687.0
1573689600,184.59,185.81,184.5224,185.19,739430.0
1573776000,186.34,187.92,185.82,187.08,1088454.0
1574035200,186.9,187.02,186.19,186.58,758689.0
1574121600,186.93,186.93,184.66,184.95,805453.0
1574208000,184.75,185.2,183.35,184.33,729218.0
1574294400,184.05,184.88,182.8,182.95,808820.0
1574380800,183.32,183.5673,182.1578,182.88,560156.0
1574640000,183.2,183.72,182.47,182.66,855126.0
1574726400,182.79,183.78,181.73,182.02,1849095.0
1574812800,182.44,182.88,181.64,182.35,1930415.0
1574985600,182.69,182.69,181.2,181.74,915649.0
1575244800,182.03,182.26,177.75,177.99,1963859.0
1575331200,177.0,178.2047,175.7,177.04,2985857.0
1575417600,177.83,180.7,177.75,178.08,1409001.0
1575504000,179.0,182.58,178.695,182.37,2458339.0
1575590400,183.0,183.74,181.98,183.55,1467408.0
1575849600,183.04,183.93,182.25,183.17,1285874.0
1575936000,183.03,183.29,180.24,180.48,1191424.0
1576022400,180.28,180.565,177.57,179.27,1603020.0
1576108800,180.0,182.67,179.3898,180.47,1204687.0
1576195200,179.9,180.92,178.405,179.03,968345.0
1576454400,179.42,180.89,178.85,180.59,1031499.0
1576540800,181.29,182.05,180.68,181.1,857514.0
1576627200,181.07,181.32,178.42,178.46,995103.0
1576713600,179.1,179.94,178.23,178.65,1161859.0
1576800000,178.76,179.54,178.11,178.33,1961946.0
1577059200,179.17,180.72,178.51,179.74,1404450.0
1577145600,180.02,180.08,178.27,178.82,321382.0
1577318400,179.12,179.2655,177.41,178.19,664578.0
1577404800,178.39,178.94,177.14,177.49,781115.0
1577664000,177.54,177.87,175.77,176.01,886648.0
1577750400,175.98,176.87,175.32,176.35,726300.0
1577923200,177.45,179.04,176.92,178.43,1373344.0
1578009600,178.0,180.43,178.0,180.18,1662342.0
1578268800,181.55,182.98,181.0048,182.09,1958569.0
1578355200,180.42,181.63,179.75,180.02,1470889.0
1578441600,180.2,181.94,179.6,180.48,1226453.0
1578528000,181.0,182.91,180.96,181.61,1582245.0
1578614400,181.51,181.79,179.41,179.51,831847.0
1578873600,180.24,182.09,180.04,181.13,898041.0
1578960000,181.0,181.53,179.66,180.97,917883.0
1579046400,181.07,182.96,181.07,181.61,1174680.0
1579132800,181.53,183.07,181.11,182.4,1289909.0
1579219200,182.78,183.12,181.48,181.89,1820104.0
1579564800,181.46,184.56,180.815,183.29,2074863.0
1579651200,183.86,185.58,183.09,183.1,1058679.0
1579737600,182.87,185.47,182.05,184.62,1146749.0
1579824000,185.23,185.81,184.33,185.07,925535.0
1580083200,182.36,183.73,181.59,182.57,1132390.0
1580169600,183.08,184.68,180.76,183.63,1534073.0
1580256000,183.92,184.42,179.61,183.47,2033164.0
1580342400,182.3,183.49,179.72,181.23,1842749.0
1580428800,180.24,180.905,174.79,175.44,2365852.0
1580688000,177.16,178.615,175.19,176.62,1605371.0
1580774400,179.24,180.66,179.0,179.53,1882518.0
1580860800,181.01,184.46,180.08,183.97,1273270.0
1580947200,185.65,187.31,185.2,186.13,1319635.0
1581033600,185.78,188.3,185.59,186.74,1715396.0
1581292800,186.51,188.47,185.34,186.25,1239910.0
1581379200,186.93,188.38,185.38,186.94,1599101.0
1581465600,187.36,188.75,186.441,188.75,1448043.0
1581552000,187.82,190.08,187.5822,189.43,1546010.0
1581638400,189.36,189.399,186.62,188.06,1351868.0
1581984000,187.16,188.73,186.69,188.14,1139870.0
1582070400,188.23,188.69,186.33,186.55,1191255.0
1582156800,186.07,187.35,184.425,185.95,1247887.0
1582243200,184.91,187.86,183.6137,187.6,1416928.0
1582502400,183.11,185.65,182.0832,184.61,1857850.0
1582588800,184.95,185.64,173.27,173.92,2780129.0
1582675200,175.25,176.8447,171.22,171.55,2737409.0
1582761600,169.18,172.69,165.53,166.14,2809533.0
1582848000,160.58,163.69,155.47,159.69,3829145.0
1583107200,160.56,165.23,157.605,165.03,2233308.0
1583193600,164.89,170.1908,160.73,161.05,2418311.0
1583280000,163.44,169.72,161.21,168.28,2694732.0
1583366400,164.66,167.93,161.64,163.36,2951551.0
1583452800,159.35,164.19,157.1098,163.03,1879412.0
1583712000,152.04,157.12,146.59,150.02,3241817.0
1583798400,155.01,155.64,149.61,155.3,2606861.0
1583884800,150.63,154.2999,147.14,148.45,2753289.0
1583971200,137.64,139.46,128.53,132.23,5116173.0
1584057600,139.14,141.57,131.62,139.64,4187722.0
1584316800,126.26,137.1,126.26,126.7,3951441.0
1584403200,128.17,131.94,125.4,131.59,3327582.0
1584489600,123.39,126.32,115.71,121.11,2779973.0
1584576000,120.01,120.01,110.02,118.03,3248291.0
1584662400,118.19,121.84,113.28,113.99,3390521.0
1584921600,112.16,113.0,100.55,106.6,3724510.0
1585008000,112.21,116.03,110.58,114.21,3280783.0
1585094400,116.5,125.7073,114.52,122.0,3310341.0
1585180800,124.47,134.88,124.14,133.16,2842417.0
1585267200,129.48,133.59,128.0,130.07,2431452.0
1585526400,130.0,134.46,127.08,133.6,1881072.0
1585612800,132.5,134.57,131.13,132.31,1703400.0
1585699200,126.71,129.0,125.19,127.4,1439055.0
1585785600,125.9,130.265,124.9,127.92,1426521.0
1585872000,127.24,128.5945,124.7,125.68,1207451.0
1586131200,131.62,134.49,130.3,133.69,2370708.0
1586217600,140.41,141.38,134.18,134.4,2784044.0
1586304000,135.42,138.38,134.04,137.39,1700987.0
1586390400,140.35,142.46,138.61,141.01,2273702.0
1586736000,140.94,141.425,136.52,136.95,1406886.0
1586822400,139.01,141.52,138.42,138.5,1446595.0
1586908800,135.2,136.0,131.8001,133.81,1609201.0
1586995200,133.61,134.06,130.56,132.44,1289464.0
1587081600,136.01,139.5,135.245,138.19,2037044.0
1587340800,137.99,138.2,135.2,135.25,1272690.0
1587427200,132.45,133.8499,130.68,131.69,1328052.0
1587513600,134.57,134.88,132.58,133.37,1693895.0
1587600000,134.0,134.815,130.36,130.49,1885229.0
1587686400,131.4,131.6185,128.66,129.3,2652699.0
1587945600,130.0,135.6,129.76,134.5,3679637.0
1588032000,138.41,139.2214,135.7954,136.49,1967537.0
1588118400,139.8,140.26,134.79,136.65,3700826.0
1588204800,133.94,135.27,129.508,130.62,2784431.0
1588291200,129.16,129.34,126.39,127.8,1881246.0
1588550400,126.08,126.55,123.53,124.78,3111387.0
1588636800,126.0,129.38,125.51,126.36,1987711.0
1588723200,126.71,127.12,121.67,121.73,1792888.0
1588809600,123.27,127.36,123.11,127.13,1855945.0
1588896000,128.8,135.58,128.8,135.35,2917105.0
1589155200,134.02,136.8966,133.04,133.81,3247508.0
1589241600,134.11,134.83,131.73,132.04,4013384.0
1589328000,131.54,132.04,129.95,131.5,3236843.0
1589414400,130.0,134.31,129.11,132.91,2547731.0
1589500800,131.32,134.03,130.2,130.92,2975702.0
1589760000,136.23,140.45,134.9909,139.48,1720068.0
1589846400,140.12,140.53,136.06,136.19,1415850.0
1589932800,137.85,138.4228,136.55,136.99,1336302.0
1590019200,137.2,139.1,136.4,138.67,1271545.0
1590105600,139.3,139.3,136.6,138.57,884291.0
1590451200,143.08,146.05,142.56,144.65,1619489.0
1590537600,149.23,150.57,147.51,150.45,1901313.0
1590624000,152.17,152.45,148.03,148.49,1429958.0
1590710400,147.24,147.83,143.8,146.83,1611428.0
1590969600,146.75,148.8,146.48,147.27,957541.0
1591056000,148.33,149.97,147.37,149.32,1225693.0
1591142400,151.39,155.715,151.06,155.23,1284078.0
1591228800,155.22,157.44,153.87,157.09,1387747.0
1591315200,164.37,165.14,160.92,162.22,1969812.0
1591574400,164.15,168.33,164.02,167.78,1771154.0
1591660800,165.0,165.75,162.0,163.48,1389527.0
1591747200,162.81,162.81,157.97,158.05,1187025.0
1591833600,151.67,153.662,148.11,148.55,1864572.0
1591920000,153.33,153.68,147.4,149.2,1859789.0
1592179200,145.11,154.48,144.52,153.09,1338737.0
1592265600,158.69,159.48,154.1505,155.99,1695883.0
1592352000,156.57,158.85,156.25,157.05,1273811.0
1592438400,156.0,160.56,155.3699,159.06,1589230.0
1592524800,161.79,161.79,156.52,157.62,3178977.0
1592784000,155.73,156.63,153.2,153.8,1632907.0
1592870400,154.1,155.33,152.49,152.75,1057557.0
1592956800,151.0,151.0,145.9,146.45,1810966.0
1593043200,145.0,147.09,143.681,146.96,1589577.0
1593129600,146.48,147.3196,144.52,146.05,2073118.0
1593388800,148.22,149.39,147.06,149.34,1032709.0
1593475200,148.13,150.21,147.7,149.46,1330600.0
1593561600,149.0,150.61,146.91,147.14,873377.0
1593648000,149.64,150.86,147.06,147.3,761238.0
1593993600,149.51,149.66,147.02,148.47,931352.0
1594080000,148.0,149.196,145.01,145.18,1511690.0
1594166400,145.52,145.81,143.055,143.9,1176378.0
1594252800,142.98,143.89,137.82,138.02,1301558.0
1594339200,138.2,142.06,138.2,141.97,949248.0
1594598400,142.92,144.43,141.35,142.82,1293512.0
1594684800,142.25,143.93,141.11,143.36,960287.0
1594771200,146.85,146.85,145.21,145.79,1999962.0
1594857600,145.52,149.59,144.56,148.51,1648437.0
1594944000,149.4,149.64,148.03,148.91,827452.0
1595203200,147.85,148.4699,145.35,145.45,1010426.0
1595289600,146.66,149.76,146.3,147.81,881006.0
1595376000,146.92,151.58,146.617,151.53,1253552.0
1595462400,152.2,152.92,150.11,151.01,963256.0
1595548800,151.62,153.26,149.52,150.15,787717.0
1595808000,149.47,149.507,147.51,147.98,694986.0
1595894400,147.5,150.65,147.0982,148.57,1000796.0
1595980800,147.23,149.65,144.58,149.44,1918506.0
1596067200,147.02,149.685,146.8,148.86,1408789.0
1596153600,148.225,148.225,144.76,146.74,1659624.0
1596412800,145.66,148.3664,144.32,147.72,1387850.0
1596499200,148.12,149.04,146.75,147.24,2103886.0
1596585600,148.7,149.89,148.08,149.19,1152691.0
1596672000,148.99,149.65,148.33,149.14,867280.0
1596758400,149.11,152.98,148.51,152.97,1851928.0
1597017600,153.52,156.77,153.43,156.56,1144639.0
1597104000,159.48,160.84,157.95,158.85,1793441.0
1597190400,160.37,160.68,154.69,156.41,1312038.0
1597276800,154.32,156.5,153.74,154.95,1053801.0
1597363200,154.11,157.655,153.65,156.46,719343.0
1597622400,156.52,156.79,153.35,153.72,1090218.0
1597708800,153.28,154.1,152.72,153.03,617492.0
1597795200,152.96,154.5613,152.09,152.49,701970.0
1597881600,151.25,151.95,150.49,150.94,801528.0
1597968000,150.0,151.35,149.03,149.81,1518919.0
1598227200,150.49,153.39,149.75,153.3,1002331.0
1598313600,154.3,154.73,150.865,151.47,741532.0
1598400000,150.92,151.49,149.42,150.47,806588.0
1598486400,150.61,153.53,150.4,152.44,1147616.0
1598572800,152.84,152.99,150.734,152.27,670595.0
1598832000,152.07,152.4,148.95,149.35,1176679.0
1598918400,147.8,150.3165,147.36,150.19,954272.0
1599004800,150.06,154.5,149.92,153.92,1259079.0
1599091200,155.0,156.56,150.61,151.94,1338514.0
1599177600,153.5,154.376,149.79,151.7,1121699.0
1599523200,149.78,150.55,146.6,146.96,1588167.0
1599609600,147.28,147.79,145.15,146.17,1289800.0
1599696000,146.6,147.7531,142.41,142.58,1395988.0
1599782400,144.1,146.2,142.62,145.36,1131554.0
1600041600,146.46,148.52,145.75,147.47,763818.0
1600128000,147.32,148.11,144.98,145.14,831020.0
1600214400,145.25,148.55,144.3,146.78,1069684.0
1600300800,140.65,144.91,139.51,144.59,1532792.0
1600387200,143.01,145.63,142.73,142.99,1836530.0
1600646400,141.35,141.49,137.43,138.33,1373662.0
1600732800,138.36,140.2515,137.355,139.45,935623.0
1600819200,140.07,141.8201,136.19,136.51,1033661.0
1600905600,136.12,138.45,135.16,136.9,929370.0
1600992000,135.84,138.77,135.56,138.21,883224.0
1601251200,139.7,142.395,139.7,140.92,721483.0
1601337600,140.43,140.58,137.89,138.55,1074429.0
1601424000,139.16,140.14,137.07,138.43,1208740.0
1601510400,138.89,140.08,136.8,138.22,887359.0
1601596800,133.72,140.9411,133.6,140.49,1325290.0
1601856000,141.98,143.35,141.11,142.73,936260.0
1601942400,144.08,146.97,142.03,142.31,1347473.0
1602028800,143.67,145.65,143.53,144.87,1204461.0
1602115200,145.0,145.66,143.6,145.04,854632.0
1602201600,146.11,146.11,143.53,143.66,1974272.0
1602460800,144.8,146.76,143.8401,144.73,1611701.0
1602547200,144.6,144.98,141.66,143.24,1235792.0
1602633600,142.8,145.4,142.7,142.89,1350798.0
1602720000,141.7,142.0,140.18,140.81,1336286.0
1602806400,141.62,142.4999,140.25,142.24,2653296.0
1603065600,142.25,142.7716,138.195,138.68,1500418.0
1603152000,140.25,140.57,137.77,138.46,889637.0
1603238400,137.84,138.71,136.5,136.61,1007185.0
1603324800,136.58,139.67,136.36,139.42,1282498.0
1603411200,140.4,141.19,139.41,140.7,993144.0
1603670400,139.26,139.61,136.43,138.51,1646182.0
1603756800,137.95,138.11,134.87,134.87,1998231.0
1603843200,134.84,137.66,132.17,132.43,1866907.0
1603929600,131.82,133.4799,130.12,131.32,1454918.0
1604016000,130.56,132.72,129.17,131.33,2349974.0
1604275200,133.37,136.53,132.565,136.09,1417423.0
1604361600,137.75,139.59,136.97,138.2,1928535.0
1604448000,138.98,143.33,137.2394,139.09,1855862.0
1604534400,139.53,141.13,138.0,139.15,1158394.0
1604620800,139.55,140.14,138.1386,139.32,999111.0
1604880000,147.18,150.39,144.77,147.13,2276591.0
1604966400,148.8,152.03,148.15,151.31,1994811.0
1605052800,151.09,151.09,148.17,150.29,1794644.0
1605139200,148.56,149.52,146.695,147.5,1298550.0
1605225600,148.75,151.375,148.01,151.15,1217482.0
1605484800,153.83,154.09,151.755,152.93,1605494.0
1605571200,151.68,153.29,150.92,151.47,1241745.0
1605657600,152.43,155.22,151.84,153.5,1536315.0
1605744000,152.5,153.203,149.29,149.99,1413303.0
1605830400,150.0,150.3281,147.5,148.36,1358866.0
1606089600,148.99,150.76,148.86,150.02,1420140.0
1606176000,152.64,153.735,151.22,153.67,1784748.0
1606262400,153.85,153.85,151.545,152.04,845003.0
1606435200,151.62,153.03,151.2737,152.06,628950.0
1606694400,151.01,152.1693,148.65,149.35,1572287.0
1606780800,151.04,154.29,150.7,151.76,1302686.0
1606867200,150.87,153.62,150.121,153.35,1123049.0
1606953600,153.35,155.22,152.94,153.88,1081817.0
1607040000,153.92,156.1399,153.92,156.04,1065033.0
1607299200,154.95,155.63,152.5,153.0,1032966.0
1607385600,152.3,154.3,152.12,153.57,958668.0
1607472000,153.7,154.79,152.92,154.14,1204031.0
1607558400,152.57,153.59,150.08,150.37,2042456.0
1607644800,149.8,151.92,148.78,151.33,2444661.0
1607904000,152.86,155.09,152.73,153.34,1757728.0
1607990400,153.64,155.39,152.06,154.6,1258364.0
1608076800,154.9,155.3,152.63,153.4,1373400.0
1608163200,153.85,154.12,151.53,151.59,951251.0
1608249600,151.28,153.77,151.018,152.67,2447559.0
1608508800,150.01,150.91,147.32,149.67,1980367.0
1608595200,149.62,149.67,146.29,146.5,1605386.0
1608681600,147.36,149.4,147.0,148.15,1114087.0
1608768000,148.34,149.15,147.6,149.01,447419.0
1609113600,149.2,150.49,148.36,148.72,777878.0
1609200000,149.78,149.78,146.39,147.55,1105515.0
1609286400,147.49,149.41,147.475,148.3,995857.0
1609372800,148.13,148.91,147.35,148.82,1753145.0
1609718400,149.26,149.26,144.81,145.94,1426585.0
1609804800,146.2,146.71,144.5,146.01,1184444.0
1609891200,145.25,150.64,145.25,149.74,1845285.0
1609977600,150.02,152.24,148.76,151.72,1340491.0
1610064000,150.42,152.62,148.605,150.77,2245984.0
1610323200,150.25,152.24,149.41,151.78,1431331.0
1610409600,151.78,154.94,151.75,153.5,1531603.0
1610496000,152.89,153.4377,151.33,152.63,1186793.0
1610582400,152.5,155.38,151.91,154.09,1557031.0
1610668800,153.57,154.21,151.88,153.17,1822126.0
1611014400,154.38,155.36,153.06,153.13,1438998.0
1611100800,153.24,154.4,152.41,154.03,1068737.0
1611187200,153.84,154.74,150.5,151.06,1395403.0
1611273600,150.41,153.15,149.81,152.77,1171499.0
1611532800,151.82,155.7,151.11,153.16,1849138.0
1611619200,154.34,154.63,150.02,150.33,1588667.0
1611705600,150.75,158.99,148.9,152.73,2373515.0
1611792000,153.16,153.52,149.63,150.43,1993531.0
1611878400,149.12,151.07,146.62,146.68,3102570.0
1612137600,147.42,148.58,146.53,147.67,1765327.0
1612224000,148.5,151.4,148.33,149.82,2036410.0
1612310400,148.71,153.82,148.71,153.08,1500696.0
1612396800,153.71,157.68,153.05,157.53,1613311.0
1612483200,159.02,160.48,157.65,158.82,1858992.0
1612742400,159.0,159.75,157.11,159.64,1246964.0
1612828800,159.67,162.54,158.42,162.14,1108975.0
1612915200,162.64,164.03,161.89,163.13,1363179.0
1613001600,162.57,166.205,162.57,163.45,1612342.0
1613088000,163.07,165.39,162.765,164.83,1263272.0
1613433600,165.12,166.24,163.03,163.32,1361136.0
1613520000,162.97,165.09,161.57,164.49,775951.0
1613606400,164.02,164.45,162.46,163.23,672411.0
1613692800,164.27,165.24,163.8191,164.78,773927.0
1613952000,164.45,167.15,163.88,166.42,1426466.0
1614038400,168.12,168.3,164.52,167.35,1367787.0
1614124800,167.42,168.93,166.4,168.06,1163694.0
1614211200,167.67,168.97,165.53,166.2,1133709.0
1614297600,166.66,166.83,163.36,163.47,1730719.0
1614556800,165.0,168.5599,164.88,167.06,1113204.0
1614643200,166.7,168.77,166.59,167.68,1155775.0
1614729600,168.2,169.6,167.51,167.95,951103.0
1614816000,168.13,168.5,163.12,165.77,1310961.0
1614902400,166.95,171.479,165.8,170.52,1188029.0
1615161600,171.79,175.27,170.65,172.69,1344743.0
1615248000,172.69,173.2673,168.38,168.74,1846378.0
1615334400,169.57,172.8204,168.61,172.42,1079969.0
1615420800,171.28,174.45,170.4,172.67,1127849.0
1615507200,174.1,176.61,174.1,176.29,1004386.0
1615766400,176.5,177.02,173.94,176.71,1034477.0
1615852800,176.16,176.28,173.81,175.32,1089997.0
1615939200,176.6,178.8,175.15,177.52,1197204.0
1616025600,177.52,180.35,177.52,179.24,1288824.0
1616112000,178.27,178.92,174.95,177.62,2759093.0
1616371200,177.52,177.52,173.52,176.56,1041611.0
1616457600,175.88,176.99,174.32,174.87,859126.0
1616544000,176.31,179.41,176.31,176.42,920587.0
1616630400,175.81,180.26,175.75,180.06,1015417.0
1616716800,180.0,181.84,179.01,181.54,1074199.0
1616976000,181.82,184.0399,180.02,183.3,1711459.0
1617062400,183.34,184.3686,181.8,182.1,793389.0
1617148800,181.32,182.36,180.65,181.56,1052692.0
1617235200,181.63,181.73,179.85,180.83,851010.0
1617580800,182.2,185.66,182.0,185.59,1189223.0
1617667200,184.41,185.7,184.41,185.11,930508.0
1617753600,185.57,186.0,183.5,184.79,984896.0
1617840000,182.75,184.579,182.07,184.11,887427.0
1617926400,181.83,183.79,180.88,183.0,1258215.0
1618185600,183.45,185.2,182.96,184.94,1132749.0
1618272000,183.19,183.94,182.01,182.28,1237262.0
1618358400,182.73,185.03,182.44,183.48,823954.0
1618444800,184.0,184.29,182.43,183.93,922893.0
1618531200,185.22,185.24,183.27,184.47,1418303.0
1618790400,184.44,184.91,182.78,184.79,1156648.0
1618876800,184.72,185.87,183.3675,184.07,1204891.0
1618963200,183.63,185.87,183.23,185.85,863910.0
1619049600,185.44,186.09,184.26,184.5,827787.0
1619136000,184.93,186.98,184.39,186.48,795365.0
1619395200,187.51,188.45,185.05,185.19,1168790.0
1619481600,185.04,187.01,184.1932,185.89,1197098.0
1619568000,188.85,189.0,185.06,185.26,1412093.0
1619654400,188.12,191.46,187.73,190.71,1364107.0
1619740800,190.07,191.12,188.78,190.23,1492383.0
1620000000,190.99,192.74,189.38,191.69,833487.0
1620086400,191.65,192.79,191.58,191.99,1396030.0
1620172800,191.62,191.9,189.45,190.68,1098782.0
1620259200,191.72,192.75,190.67,192.68,1263222.0
1620345600,193.0,195.34,192.35,194.82,1367741.0
1620604800,195.48,197.51,194.43,194.6,1004654.0
1620691200,193.81,194.32,189.75,191.54,1091661.0
1620777600,192.0,192.4,186.7,186.88,1730508.0
1620864000,187.75,192.075,186.81,191.29,1048758.0
1620950400,191.71,192.7014,190.64,191.94,890802.0
1621209600,191.1,192.27,189.61,191.65,966575.0
1621296000,191.74,191.8075,189.32,189.35,872532.0
1621382400,187.77,188.58,185.315,188.52,927112.0
1621468800,188.84,189.76,188.1,189.06,800871.0
1621555200,189.72,191.53,188.4375,189.88,1641475.0
1621814400,190.71,190.73,188.94,189.6,891169.0
1621900800,189.36,190.7,188.7,188.91,631853.0
1621987200,189.67,189.86,187.68,189.02,709317.0
1622073600,190.89,191.56,189.82,190.67,1157036.0
1622160000,191.01,191.67,189.63,189.91,713932.0
1622505600,191.25,191.5,189.34,189.54,813192.0
1622592000,190.2,191.62,189.25,191.54,1143859.0
1622678400,191.4,192.01,190.1,190.81,885329.0
1622764800,191.5,193.85,191.03,193.57,1126172.0
1623024000,193.93,194.27,190.64,191.77,1018834.0
1623110400,191.78,193.38,191.22,192.72,1004652.0
1623196800,192.64,193.37,191.25,191.87,870551.0
1623283200,192.99,193.53,191.21,191.48,790064.0
1623369600,192.27,192.27,190.71,191.49,1385436.0
1623628800,191.0,191.41,189.44,190.84,1165757.0
1623715200,191.38,193.02,191.29,192.45,935877.0
1623801600,192.31,192.455,190.0,190.08,750808.0
1623888000,190.66,191.12,186.36,187.68,915586.0
1623974400,185.25,186.72,184.53,185.15,2567859.0
1624233600,186.79,190.89,186.735,190.78,1237412.0
1624320000,190.31,190.73,189.08,189.58,968102.0
1624406400,189.99,189.99,186.78,186.81,1017982.0
1624492800,188.04,188.3,186.24,188.11,810386.0
1624579200,187.8,190.07,187.8,189.81,849180.0
1624838400,190.06,190.185,188.245,188.87,1159401.0
1624924800,189.79,190.6,186.485,186.7,1064195.0
1625011200,186.55,188.59,186.51,188.26,1102221.0
1625097600,187.82,189.09,187.28,188.05,894458.0
1625184000,188.25,189.56,187.37,188.54,619726.0
1625529600,187.81,188.04,184.3,186.91,838432.0
1625616000,185.89,190.27,185.89,189.79,1168486.0
1625702400,187.83,189.4099,186.79,188.02,962279.0
1625788800,190.14,191.24,188.59,190.22,1077314.0
1626048000,189.51,190.5325,188.37,189.33,779100.0
1626134400,189.37,190.29,188.655,188.74,840420.0
1626220800,188.97,190.12,188.3,189.46,708168.0
1626307200,188.0,189.84,187.58,189.35,920334.0
1626393600,190.28,190.625,188.55,189.28,1057329.0
1626652800,187.17,187.638,182.66,184.09,1158217.0
1626739200,185.15,190.63,185.06,190.01,1029617.0
1626825600,191.0,192.41,190.6,191.63,699021.0
1626912000,191.2,191.2,189.8,190.57,524851.0
1626998400,191.67,192.18,190.64,191.86,455546.0
1627257600,191.25,192.6,191.25,191.92,710246.0
1627344000,191.61,195.59,190.81,194.05,1258890.0
1627430400,198.4,199.95,194.03,195.51,1267644.0
1627516800,197.31,198.91,195.45,198.14,1147854.0
1627603200,197.8,197.82,194.94,196.03,907547.0
1627862400,196.8,198.81,195.58,195.83,1038394.0
1627948800,196.51,197.41,193.36,197.32,738595.0
1628035200,195.8,197.25,194.89,195.87,610362.0
1628121600,195.52,197.81,195.52,196.69,585609.0
1628208000,198.14,199.45,197.449,199.08,876599.0
1628467200,198.4,198.59,196.8,197.24,697937.0
1628553600,196.99,199.14,196.7,199.02,596766.0
1628640000,199.43,200.74,198.57,200.69,739395.0
1628726400,200.78,201.15,198.36,199.17,526089.0
1628812800,199.47,199.61,198.0,198.37,655094.0
1629072000,198.19,200.54,196.33,200.46,629086.0
1629158400,199.48,200.46,197.89,199.32,764858.0
1629244800,198.89,199.43,196.55,196.8,1004925.0
1629331200,195.51,197.3369,194.085,195.49,738061.0
1629417600,195.63,197.9,195.24,197.3,1242340.0
1629676800,198.08,199.0978,197.12,198.01,556754.0
1629763200,198.67,199.6,198.12,198.92,416860.0
1629849600,199.57,200.07,198.2208,199.3,396109.0
1629936000,198.88,199.39,198.1245,199.07,483928.0
1630022400,199.87,200.52,199.11,199.72,622084.0
1630281600,199.93,200.01,198.53,199.19,396028.0
1630368000,199.3,200.77,199.23,200.31,786545.0
1630454400,201.0,201.0,198.53,199.79,784621.0
1630540800,200.31,202.4,200.31,202.3,948634.0
1630627200,202.0,202.8994,201.19,202.46,881296.0
1630972800,201.67,203.25,200.75,202.39,1396927.0
1631059200,202.18,205.0,201.57,204.4,1085946.0
1631145600,205.0,206.46,203.77,203.81,1237482.0
1631232000,204.95,205.1366,201.56,201.6,1044996.0
1631491200,202.34,202.88,197.44,199.42,1484880.0
1631577600,200.43,200.43,195.925,196.66,1007717.0
1631664000,196.61,199.46,196.08,198.48,930879.0
1631750400,198.91,199.5,194.83,194.88,819737.0
1631836800,194.12,195.79,193.57,195.12,2722349.0
1632096000,194.0,194.57,191.06,193.43,940409.0
1632182400,193.93,194.78,190.69,191.19,726210.0
1632268800,192.78,194.95,192.33,193.75,698311.0
1632355200,195.6,197.88,195.0,196.75,639039.0
1632441600,196.65,198.12,196.62,197.42,468901.0
1632700800,198.16,200.21,197.43,197.76,645937.0
1632787200,197.79,198.7,195.34,197.1,887724.0
1632873600,198.09,199.52,197.09,198.39,672068.0
1632960000,198.96,199.49,196.01,196.03,1059503.0
1633046400,197.27,199.3,194.06,198.22,876816.0
1633305600,197.66,199.74,195.79,197.51,853129.0
1633392000,198.23,199.66,196.62,198.16,959077.0
1633478400,197.12,199.41,195.0,199.36,727113.0
1633564800,199.89,202.19,199.745,201.73,664213.0
1633651200,201.94,202.84,200.86,202.12,723110.0
1633910400,202.5,205.84,201.8901,202.88,701681.0
1633996800,202.88,205.45,202.7,203.55,796279.0
1634083200,203.38,204.06,200.93,203.39,674081.0
1634169600,204.72,205.6724,203.4,205.14,737121.0
1634256000,205.75,208.93,205.75,208.06,1076738.0
1634515200,206.92,208.265,205.741,206.66,591473.0
1634601600,207.08,209.03,206.05,208.62,745986.0
1634688000,208.62,209.63,207.97,208.44,939477.0
1634774400,207.96,208.2,205.16,208.04,831386.0
1634860800,208.71,210.21,207.47,209.52,767858.0
1635120000,209.06,209.63,207.8,207.91,672553.0
1635206400,199.21,205.53,198.64,204.57,1855536.0
1635292800,204.99,208.71,201.27,205.79,1138782.0
1635379200,207.25,207.49,201.09,202.61,1119708.0
1635465600,202.6,204.045,201.3501,202.75,1485525.0
1635724800,202.81,203.8408,199.77,201.89,767695.0
1635811200,202.51,203.46,200.97,201.75,847914.0
1635897600,200.95,201.25,197.61,201.21,1338372.0
1635984000,200.73,201.18,197.61,198.16,1138367.0
1636070400,200.25,201.36,199.01,201.0,1306749.0
1636329600,201.91,203.1687,200.08,202.64,1086221.0
1636416000,202.82,203.625,201.23,202.88,666924.0
1636502400,203.08,203.75,201.1,201.33,625178.0
1636588800,200.77,201.45,198.81,199.09,904611.0
1636675200,199.09,201.45,198.52,200.97,944087.0
1636934400,202.04,202.04,200.15,201.07,679955.0
1637020800,200.91,201.69,198.69,198.74,860095.0
1637107200,198.67,200.1,198.67,199.46,617583.0
1637193600,199.74,199.74,196.82,198.0,749974.0
1637280000,197.8,198.38,196.05,196.31,792391.0
1637539200,197.21,200.57,196.62,199.36,690153.0
1637625600,199.9,201.73,199.49,200.29,604448.0
1637712000,200.07,200.64,198.06,198.74,524157.0
1637884800,194.2,194.545,190.8,193.37,847323.0
1638144000,195.0,195.8,193.1301,194.44,878626.0
1638230400,192.49,193.72,188.64,188.97,2084017.0
1638316800,192.0,194.5053,189.43,189.45,1320570.0
1638403200,191.44,196.78,190.32,194.48,1246451.0
1638489600,194.71,198.06,194.56,197.63,1424211.0
1638748800,200.07,201.9,198.69,199.57,820483.0
1638835200,200.0,201.19,198.97,199.32,880209.0
1638921600,199.85,202.75,199.85,200.88,781083.0
1639008000,200.0,202.14,198.68,201.93,938111.0
1639094400,203.17,205.85,201.5,204.93,1038019.0
1639353600,202.88,205.02,202.01,203.49,1017216.0
1639440000,204.71,206.56,202.3,203.47,1160356.0
1639526400,203.99,206.35,203.35,206.24,781267.0
1639612800,206.66,209.08,205.92,206.18,1030114.0
1639699200,206.05,206.35,202.19,202.2,2703125.0
1639958400,201.0,201.4,197.03,198.68,969111.0
1640044800,199.9,204.26,199.595,203.29,1251826.0
1640131200,203.43,204.89,203.27,203.76,608487.0
1640217600,204.84,205.85,203.78,204.69,665810.0
1640563200,205.07,207.21,204.54,207.13,849230.0
1640649600,206.5,208.87,206.5,207.67,899558.0
1640736000,207.77,208.56,206.13,207.89,715715.0
1640822400,207.7,209.3483,207.18,207.54,718602.0
1640908800,207.32,209.47,206.33,208.47,868363.0
1641168000,209.0,209.55,206.14,207.46,722508.0
1641254400,209.07,212.46,208.21,212.05,1129504.0
1641340800,212.77,214.43,210.03,210.31,876483.0
1641427200,212.53,214.04,210.125,211.74,864119.0
1641513600,212.57,213.87,211.6706,212.09,1408536.0
1641772800,212.6,214.7,209.5,210.61,1235299.0
1641859200,210.61,211.76,209.43,211.58,1021722.0
1641945600,212.0,212.7,210.63,211.93,968699.0
1642032000,211.41,213.115,210.4001,211.37,766530.0
1642118400,210.46,213.62,209.52,213.1,1110957.0
1642464000,212.13,212.5,208.97,211.16,1104804.0
1642550400,211.13,213.44,210.36,210.36,826946.0
1642636800,210.47,212.96,208.48,208.98,933114.0
1642723200,209.26,210.895,206.32,206.54,1237277.0
1642982400,204.435,207.56,200.6451,207.08,1464523.0
1643068800,205.0,206.84,200.935,205.96,1765985.0
1643155200,204.17,210.15,200.785,204.92,1988417.0
1643241600,205.08,211.63,205.08,208.8,2402782.0
1643328000,209.84,213.0,206.24,212.82,1500393.0
1643587200,210.46,212.62,208.3809,212.1,1566383.0
1643673600,212.19,213.605,209.745,212.87,1371704.0
1643760000,212.3,214.45,210.6,214.08,1888638.0
1643846400,207.8402,213.2483,207.84,212.17,1380752.0
1643932800,213.51,216.208,210.78,212.29,1462368.0
1644192000,213.28,213.93,211.59,212.12,1045413.0
1644278400,213.36,215.07,211.875,214.46,1064568.0
1644364800,215.72,216.17,214.5,215.44,1037906.0
1644451200,213.75,215.7899,210.31,211.52,1102345.0
1644537600,211.64,214.94,210.86,213.76,1206180.0
1644796800,213.75,214.635,210.03,211.17,1227536.0
1644883200,211.98,214.1675,211.0,212.77,690153.0
1644969600,212.68,215.32,212.5174,214.41,814126.0
1645056000,213.73,215.55,212.24,214.4,1014312.0
1645142400,213.83,218.6,213.83,215.82,1609040.0
1645488000,220.0,220.1,215.13,216.82,2170106.0
1645574400,218.06,218.88,215.81,216.27,1744294.0
1645660800,216.79,218.94,211.41,218.53,2062752.0
1645747200,218.56,228.2,218.56,227.98,1979575.0
1646006400,229.59,234.99,229.14,234.45,3284841.0
1646092800,235.0,237.03,232.1,233.32,2082497.0
1646179200,235.0,236.64,229.16,235.75,2780300.0
1646265600,236.78,239.76,236.17,238.13,1875393.0
1646352000,236.1,245.56,235.06,245.29,3317398.0
1646611200,245.51,254.99,245.48,247.29,4791788.0
1646697600,247.38,247.8593,235.25,235.31,2769764.0
1646784000,234.98,238.42,231.62,236.81,2425462.0
1646870400,235.99,238.81,234.34,235.52,1577042.0
1646956800,235.8,238.95,232.38,232.48,1804952.0
1647216000,234.35,235.6,230.465,233.83,1379575.0
1647302400,235.45,238.41,233.42,237.62,1145926.0
1647388800,234.44,236.3725,224.375,227.69,2457648.0
1647475200,230.44,232.42,227.75,230.51,1712512.0
1647561600,230.63,231.12,228.59,230.23,2605238.0
1647820800,231.0,238.49,230.99,236.07,1566433.0
1647907200,236.15,237.88,234.1,237.83,1157949.0
1647993600,238.7,241.66,238.23,239.69,1370385.0
1648080000,240.0,243.36,239.135,241.0,1179460.0
1648166400,240.83,244.44,240.364,244.36,1127654.0
1648425600,242.52,243.06,239.48,240.89,1247275.0
1648512000,237.33,241.19,234.13,241.09,1643495.0
1648598400,242.0,245.63,242.0,244.32,1377832.0
1648684800,242.14,245.57,241.15,241.18,1316321.0
1648771200,241.17,243.24,239.21,242.51,1004905.0
1649030400,242.49,242.51,236.96,239.23,1158518.0
1649116800,238.61,242.68,238.61,239.15,1207266.0
1649203200,239.03,242.05,238.745,240.76,1399767.0
1649289600,239.4,244.73,237.84,243.61,1266334.0
1649376000,244.92,246.13,241.6,242.04,1081393.0
1649635200,244.31,246.91,241.7501,243.55,1390400.0
1649721600,243.31,246.02,242.1001,243.82,754641.0
1649808000,244.96,246.65,242.54,243.71,751561.0
1649894400,244.8,245.97,243.0,243.74,957530.0
1650240000,243.42,248.73,243.3,243.86,1022522.0
1650326400,244.09,247.14,243.08,246.59,1182732.0
1650412800,247.3,249.69,246.08,247.69,862496.0
1650499200,248.0,248.25,241.77,242.06,1264989.0
1650585600,241.16,242.43,238.55,238.79,1076416.0
1650844800,239.02,239.77,234.85,239.18,1525143.0
1650931200,238.63,241.62,236.93,236.93,1297068.0
1651017600,237.66,247.0,237.1145,239.98,2281984.0
1651104000,242.43,243.28,239.35,241.2,1443610.0
1651190400,241.0,242.0,235.99,236.53,1839633.0
1651449600,236.53,238.56,230.43,233.25,1776685.0
1651536000,234.59,236.7,232.39,233.38,1829837.0
1651622400,233.99,243.36,232.11,242.92,1914555.0
1651708800,242.46,244.15,238.0,239.24,2174263.0
1651795200,238.4,240.9232,236.0,239.6,1329712.0
1652054400,237.98,238.29,228.47,229.37,1915722.0
1652140800,230.0,233.84,226.765,229.3,1748846.0
1652227200,229.34,232.48,226.0922,226.94,1830867.0
1652313600,226.02,227.99,219.43,223.49,2121718.0
1652400000,225.04,227.3,222.86,226.31,1557764.0
1652659200,226.71,228.35,225.26,227.8,1237388.0
1652745600,229.25,232.41,226.8284,231.62,1084789.0
1652832000,230.52,232.25,225.45,225.98,1929181.0
1652918400,223.9,224.39,216.66,217.78,2108665.0
1653004800,218.38,218.58,210.19,213.5,1985832.0
1653264000,215.19,217.78,214.8,216.7,1812505.0
1653350400,216.19,220.99,215.76,219.82,1480471.0
1653436800,219.78,221.11,217.6028,220.05,1498717.0
1653523200,221.73,224.05,220.72,221.26,1477349.0
1653609600,222.65,226.64,222.13,226.51,1403921.0
1653955200,224.24,226.26,223.4,224.91,1637274.0
1654041600,227.09,228.0,224.22,226.22,1204096.0
1654128000,228.67,230.74,223.839,229.44,1101724.0
1654214400,228.39,231.84,228.39,230.13,1410440.0
1654473600,231.33,232.41,229.48,229.9,956924.0
1654560000,228.87,235.82,228.15,235.58,1341434.0
1654646400,233.5,234.33,230.765,231.36,1024624.0
1654732800,230.73,231.6,226.77,226.89,823195.0
1654819200,224.45,227.11,222.9,224.63,1351968.0
1655078400,220.91,221.65,216.6615,217.53,1288531.0
1655164800,218.36,218.87,214.355,215.9,1182498.0
1655251200,217.2,220.705,215.32,217.92,1276558.0
1655337600,214.71,215.68,211.3,211.89,1338733.0
1655424000,212.21,213.39,208.12,209.78,3063845.0
1655769600,211.56,218.47,211.56,216.55,1233399.0
1655856000,213.36,218.905,212.872,216.01,1129363.0
1655942400,216.25,217.85,213.945,216.6,1181182.0
1656028800,217.43,222.725,216.91,222.33,1675582.0
1656288000,223.07,226.2476,222.08,223.5,1277122.0
1656374400,224.78,228.0,220.05,220.49,1616946.0
1656460800,221.67,221.99,218.96,219.28,1235550.0
1656547200,216.84,222.39,215.65,221.25,1343257.0
1656633600,221.24,224.48,219.735,223.86,705833.0
1656979200,220.21,221.04,209.84,214.53,1613249.0
1657065600,214.07,220.71,214.07,219.56,1095430.0
1657152000,220.56,221.94,219.3019,220.58,951142.0
1657238400,221.28,222.15,218.61,221.11,1118605.0
1657497600,219.68,221.86,218.8,219.75,652231.0
1657584000,219.92,221.0,216.14,216.63,744623.0
1657670400,213.63,216.32,213.24,213.39,850149.0
1657756800,209.94,210.91,207.42,210.45,1044390.0
1657843200,213.11,213.11,210.01,212.77,857638.0
1658102400,213.97,215.0,208.78,209.79,1040136.0
1658188800,209.7,215.3,209.0,214.68,906093.0
1658275200,214.48,217.735,212.68,216.72,1030306.0
1658361600,215.88,217.01,214.57,216.89,611437.0
1658448000,217.76,220.17,216.08,216.76,834215.0
1658707200,216.95,220.29,216.95,218.8,745059.0
1658793600,219.36,219.64,217.12,217.63,1038136.0
1658880000,219.45,222.25,214.795,219.85,1156041.0
1658966400,219.02,223.86,217.4,223.8,1032349.0
1659052800,223.52,227.45,223.39,226.67,1230163.0
1659312000,226.55,228.115,224.59,226.18,1086357.0
1659398400,227.28,229.68,224.02,227.04,1007336.0
1659484800,227.17,231.75,223.88,230.67,1215343.0
1659571200,231.32,232.84,228.85,229.16,895067.0
1659657600,228.99,229.45,225.87,228.76,699734.0
1659916800,230.36,230.43,224.72,225.79,961826.0
1660003200,226.97,228.19,226.115,227.62,878406.0
1660089600,229.01,230.89,228.55,230.46,877045.0
1660176000,230.81,231.99,229.8,231.82,1447866.0
1660262400,232.0,238.1,232.0,237.95,1409304.0
1660521600,236.7,242.19,235.68,241.25,1469473.0
1660608000,241.25,242.49,240.71,241.48,807751.0
1660694400,239.64,243.45,239.15,242.69,861098.0
1660780800,243.66,244.08,242.24,243.69,1026096.0
1660867200,243.06,243.24,241.13,241.67,724974.0
1661126400,239.31,239.905,234.29,234.49,841575.0
1661212800,234.29,235.5,233.06,234.0,864889.0
1661299200,234.86,235.2694,232.85,234.49,783812.0
1661385600,235.0,238.15,234.4,238.01,551048.0
1661472000,239.1,239.1,232.36,232.59,665441.0
1661731200,230.98,234.96,230.02,233.7,680404.0
1661817600,233.96,234.47,230.46,231.12,659050.0
1661904000,231.23,232.68,228.72,228.93,1037782.0
1661990400,228.8,228.8899,223.51,225.37,1782396.0
1662076800,227.3,229.62,224.31,224.88,930915.0
1662422400,225.14,227.4982,223.66,224.55,926387.0
1662508800,223.54,227.87,222.49,227.74,660840.0
1662595200,226.67,228.1,225.555,227.69,720809.0
1662681600,228.66,232.355,227.67,231.61,994623.0
1662940800,232.16,237.41,230.93,235.44,1559695.0
1663027200,232.08,233.6407,227.06,227.98,1367727.0
1663113600,228.59,232.41,227.53,230.73,1057476.0
1663200000,230.37,230.63,227.37,228.46,983884.0
1663286400,226.51,229.3,225.32,227.45,3317893.0
1663545600,225.8,229.2514,225.8,229.03,830793.0
1663632000,228.15,229.93,225.2201,229.11,934098.0
1663718400,232.92,236.06,228.2,228.2,983238.0
1663804800,228.79,230.53,226.39,228.09,844753.0
1663891200,225.82,226.035,219.02,221.9,920309.0
1664150400,221.32,224.05,219.23,220.43,797505.0
1664236800,222.43,222.98,217.56,218.67,741702.0
1664323200,218.26,221.91,215.82,220.45,952848.0
1664409600,219.9,220.19,212.61,214.43,987266.0
1664496000,213.23,215.51,212.03,212.17,1208759.0
1664755200,214.89,221.33,214.3,220.53,1139962.0
1664841600,222.05,226.93,222.05,226.64,801541.0
1664928000,225.49,228.855,224.42,226.68,984934.0
1665014400,224.98,226.1,223.185,223.41,929838.0
1665100800,222.64,224.11,220.835,223.68,1226920.0
1665360000,226.2,228.715,223.02,225.41,759812.0
1665446400,226.58,230.54,226.04,227.74,1138373.0
1665532800,226.23,227.0,223.3,223.32,833289.0
1665619200,220.44,229.95,219.75,229.13,792368.0
1665705600,230.0,230.0,220.94,221.17,1041692.0
1665964800,224.34,229.84,224.34,228.84,1082893.0
1666051200,232.5,238.53,231.82,237.48,1204592.0
1666137600,237.82,241.51,236.26,239.37,1158880.0
1666224000,240.0,241.02,235.87,237.44,1184123.0
1666310400,236.85,243.63,236.33,242.6,1365935.0
1666569600,244.68,246.4104,243.26,243.81,955250.0
1666656000,243.12,246.49,242.05,245.75,1283078.0
1666742400,247.5,248.8,242.81,245.7,1389183.0
1666828800,247.33,249.26,246.06,248.0,1140330.0
1666915200,247.3,252.21,245.4,250.72,1526907.0
1667174400,248.83,250.86,247.4,249.8,1480947.0
1667260800,250.55,251.47,249.2,249.91,1005291.0
1667347200,249.0,251.15,245.955,246.37,1419807.0
1667433600,243.35,251.855,243.01,248.94,1307878.0
1667520000,250.19,252.678,245.0,249.36,1384992.0
1667779200,249.87,251.83,248.18,251.58,846883.0
1667865600,251.84,253.61,250.41,252.54,883384.0
1667952000,252.34,252.93,249.45,249.52,599024.0
1668038400,253.98,254.4,249.62,253.48,1150573.0
1668124800,251.68,251.76,242.75,243.13,1395379.0
1668384000,243.85,246.97,242.79,242.82,1461205.0
1668470400,244.36,247.3,242.305,246.14,1223376.0
1668556800,246.14,247.24,244.21,244.87,709046.0
1668643200,243.0,246.81,242.52,246.52,669381.0
1668729600,247.88,250.35,247.37,248.22,1020067.0
1668988800,247.44,252.085,247.44,250.58,802447.0
1669075200,252.57,253.2,251.01,251.52,730040.0
1669161600,251.19,253.22,251.09,252.29,941247.0
1669334400,253.48,253.98,252.45,253.77,368383.0
1669593600,252.29,253.54,249.85,250.49,656353.0
1669680000,250.72,251.745,249.915,251.22,598332.0
1669766400,250.19,252.56,247.43,252.39,1907306.0
1669852800,253.19,253.56,250.37,252.27,833860.0
1669939200,250.64,256.86,250.58,255.74,1059131.0
1670198400,252.62,254.11,250.5395,250.91,966917.0
1670284800,251.27,251.47,246.51,248.28,847566.0
1670371200,247.99,249.03,245.14,246.21,898703.0
1670457600,248.41,249.1,246.5537,247.68,768943.0
1670544000,247.27,249.385,246.5,247.04,748246.0
1670803200,247.86,249.66,246.37,249.62,765488.0
1670889600,253.0,253.94,247.5,248.73,993467.0
1670976000,249.0,251.83,247.745,249.02,768936.0
1671062400,247.88,248.8595,241.92,245.14,914857.0
1671148800,244.38,247.28,242.68,246.14,2123165.0
1671408000,246.0,249.875,243.64,244.3,1134927.0
1671494400,244.36,249.34,244.0,246.62,848541.0
1671580800,248.14,250.479,246.93,249.97,701245.0
1671667200,248.5,250.0,242.54,246.59,612717.0
1671753600,246.59,248.585,246.07,247.9,581602.0
1672099200,249.24,249.79,247.84,248.74,590919.0
1672185600,249.24,250.0,246.92,246.97,384705.0
1672272000,247.53,250.3,246.78,249.23,458065.0
1672358400,248.66,249.68,244.69,248.11,725360.0
1672704000,247.85,249.41,246.32,248.6,777907.0
1672790400,247.49,248.76,242.96,245.22,1076681.0
1672876800,244.55,246.47,243.79,244.62,945813.0
1672963200,247.32,251.94,245.0,248.25,1074833.0
1673222400,248.55,249.62,244.5487,245.21,1571454.0
1673308800,246.24,248.92,245.72,247.54,1274212.0
1673395200,248.63,249.0,244.75,248.69,856423.0
1673481600,248.84,250.2599,247.19,247.7,685548.0
1673568000,243.98,245.3299,238.89,240.29,1459606.0
1673913600,240.85,242.82,239.9046,241.14,1339067.0
1674000000,241.2,242.0,236.76,237.0,1697884.0
1674086400,235.82,236.98,231.48,231.55,1200383.0
1674172800,232.11,232.79,228.26,232.79,1500149.0
1674432000,232.79,234.18,231.56,232.45,1264529.0
1674518400,232.0,235.72,230.489,235.45,1443532.0
1674604800,224.86,229.13,220.33,226.88,2727618.0
1674691200,227.0,229.9429,223.41,228.11,1429844.0
1674777600,227.36,229.13,226.02,227.49,1324473.0
1675036800,228.65,230.1,226.37,228.07,1137967.0
1675123200,228.96,233.2,227.84,233.06,1303209.0
1675209600,231.2,232.83,228.5537,230.45,1137836.0
1675296000,228.31,232.56,227.56,231.41,1541242.0
1675382400,233.73,234.87,230.95,231.54,1650136.0
1675641600,232.25,235.65,231.2,232.35,1099108.0
1675728000,231.77,232.08,228.46,231.96,1186162.0
1675814400,230.34,231.62,228.83,229.12,1138819.0
1675900800,230.39,230.575,227.57,228.66,1095505.0
1675987200,229.71,233.27,229.08,233.22,851682.0
1676246400,235.0,235.655,231.7,232.88,784774.0
1676332800,232.874,233.175,231.0,232.07,730631.0
1676419200,231.09,232.48,230.7,232.47,631162.0
1676505600,230.63,233.16,230.19,231.3,881223.0
1676592000,231.82,236.06,231.25,235.26,1504268.0
1676937600,236.62,237.76,232.59,233.52,1064036.0
1677024000,233.38,234.78,232.36,233.65,704154.0
1677110400,233.85,234.83,230.28,231.37,788426.0
1677196800,230.54,232.005,229.8181,231.95,667306.0
1677456000,232.24,232.978,229.55,230.62,985609.0
1677542400,230.58,231.0785,227.8,227.91,1049330.0
1677628800,227.2,228.5,226.55,227.69,899086.0
1677715200,227.2,230.754,227.2,230.25,1095618.0
1677801600,231.0,231.37,229.55,231.04,1576839.0
1678060800,231.0,233.4,230.54,232.6,1136578.0
1678147200,232.78,233.775,229.98,229.99,1032550.0
1678233600,229.83,230.53,224.62,227.06,1441958.0
1678320000,228.21,229.16,222.41,222.87,1653419.0
1678406400,222.27,224.11,220.649,220.93,1544453.0
1678665600,218.0,220.51,216.93,218.79,1580768.0
1678752000,221.27,221.82,217.93,219.83,1070701.0
1678838400,217.05,217.85,212.77,216.75,1419779.0
1678924800,215.78,227.79,215.4625,220.05,2634289.0
1679011200,219.15,219.99,216.6,218.15,2413857.0
1679270400,219.15,221.205,219.0,219.91,983060.0
1679356800,222.01,222.99,221.47,222.37,892968.0
1679443200,222.62,223.2339,219.23,219.23,1044027.0
1679529600,219.96,221.77,219.1,220.11,1472782.0
1679616000,220.1,223.75,219.66,223.5,1370716.0
1679875200,225.01,225.6826,223.68,225.03,865101.0
1679961600,225.02,226.47,224.82,225.5,662875.0
1680048000,226.11,226.8,225.395,226.8,722836.0
1680134400,227.28,227.71,225.46,226.49,935758.0
1680220800,227.55,228.3,226.64,228.21,1323622.0
1680480000,228.71,233.345,228.21,232.36,1027969.0
1680566400,231.9,232.5215,228.42,229.32,1437550.0
1680652800,229.05,230.75,228.07,228.98,1332220.0
1680739200,229.36,231.08,226.5202,227.71,1511484.0
1681084800,226.9,230.42,226.66,229.05,911202.0
1681171200,229.65,230.16,228.015,228.27,1145880.0
1681257600,228.42,231.07,228.42,229.24,944834.0
1681344000,227.77,229.47,226.0,228.77,901910.0
1681430400,227.69,228.5,226.23,227.69,1130446.0
1681689600,227.11,229.48,226.82,229.46,1631100.0
1681776000,229.8,232.03,229.1,229.96,972040.0
1681862400,230.1,230.63,228.55,228.8,557054.0
1681948800,228.73,228.73,226.5001,227.52,651743.0
1682035200,228.34,228.34,224.65,225.02,913343.0
1682294400,225.05,225.715,223.7,224.5,791559.0
1682380800,223.88,224.085,221.9,222.74,994035.0
1682467200,216.51,216.72,210.11,214.83,2765675.0
1682553600,215.17,216.97,214.0312,215.69,1643878.0
1682640000,215.21,218.6,214.92,218.34,2209505.0
1682899200,218.05,220.42,218.0,218.13,1845444.0
1682985600,217.55,217.55,211.89,213.01,2609208.0
1683072000,213.25,213.77,209.71,210.01,1230242.0
1683158400,209.52,209.835,205.4,208.85,1402019.0
1683244800,209.23,212.51,209.01,211.92,1050387.0
1683504000,212.91,213.04,210.0,210.71,719345.0
1683590400,211.13,211.79,209.45,211.2,1047148.0
1683676800,212.0,212.55,208.935,211.53,1263083.0
1683763200,210.1,210.6,206.56,208.05,1491095.0
1683849600,208.85,210.325,208.11,209.96,1137802.0
1684108800,210.21,211.51,209.37,210.21,787179.0
1684195200,210.11,210.36,207.56,207.59,942536.0
1684281600,208.85,211.4887,208.61,211.32,1068534.0
1684368000,210.92,211.7,208.87,210.93,774217.0
1684454400,211.74,211.96,209.1,210.65,1035338.0
1684713600,210.49,213.93,208.77,212.52,1239305.0
1684800000,212.04,212.04,206.4675,206.95,1798193.0
1684886400,206.8,208.46,205.84,206.53,1598571.0
1684972800,205.55,206.32,202.88,204.35,1502346.0
1685059200,204.71,207.225,204.52,205.25,1146523.0
1685404800,204.08,205.85,202.35,205.24,1379401.0
1685491200,204.99,205.85,202.91,204.18,1624592.0
1685577600,205.37,206.595,203.965,205.33,1137168.0
1685664000,207.07,209.645,206.33,209.09,1641735.0
1685923200,209.99,211.1,208.91,209.25,1337004.0
1686009600,209.35,211.335,208.7342,210.81,901004.0
1686096000,211.5,214.49,210.73,214.18,994051.0
1686182400,214.45,214.85,212.8,213.54,921293.0
1686268800,214.15,214.15,211.79,212.27,717164.0
1686528000,212.32,213.38,211.52,213.07,720916.0
1686614400,213.0,214.665,211.66,213.81,995486.0
1686700800,213.21,213.945,211.47,212.14,1037889.0
1686787200,212.16,215.45,212.16,214.96,880038.0
1686873600,215.64,217.8,215.41,217.34,1561700.0
1687219200,217.0,217.66,214.79,215.49,940868.0
1687305600,215.07,217.66,214.18,217.53,698588.0
1687392000,217.31,217.53,213.68,214.45,833757.0
1687478400,213.95,214.66,212.185,212.39,1113552.0
1687737600,211.51,212.45,209.51,212.09,727374.0
1687824000,212.25,212.6238,211.095,212.06,887060.0
1687910400,212.29,212.4399,209.25,211.0,914639.0
1687996800,210.92,214.5,210.655,214.31,838727.0
1688083200,215.33,216.32,213.27,215.15,933084.0
1688342400,214.46,216.93,214.23,215.78,475224.0
1688515200,214.78,215.65,213.216,215.19,832305.0
1688601600,213.15,214.82,211.94,214.28,995229.0
1688688000,213.94,217.2675,213.595,214.15,1026771.0
1688947200,214.15,216.69,213.99,214.68,1191280.0
1689033600,214.92,217.47,213.9,217.18,1482110.0
1689120000,217.94,218.62,216.435,217.61,1767154.0
1689206400,217.56,217.81,216.37,216.96,995928.0
1689292800,216.92,216.92,214.27,215.32,715039.0
1689552000,215.29,217.4374,214.9,216.37,646428.0
1689638400,217.15,219.56,212.58,213.52,1452074.0
1689724800,213.59,215.3839,212.84,213.55,1234960.0
1689811200,214.85,216.92,214.34,216.08,1726685.0
1689897600,216.58,217.15,214.79,215.47,1148486.0
1690156800,215.77,218.1,215.72,217.64,950574.0
1690243200,214.74,218.06,213.47,218.0,1392423.0
1690329600,220.2,225.435,217.52,222.78,2475426.0
1690416000,223.22,223.8,216.43,219.82,2650664.0
1690502400,221.0,223.07,219.0,222.64,1597615.0
1690761600,223.38,224.565,222.5,223.58,2232798.0
1690848000,223.36,225.48,223.27,225.34,1039927.0
1690934400,225.25,226.4,223.27,226.25,1397310.0
1691020800,226.5,227.38,224.6922,225.63,1084137.0
1691107200,226.69,227.5,223.56,224.01,1199410.0
1691366400,224.83,227.44,224.83,227.19,1022979.0
1691452800,226.21,226.88,223.76,224.47,1002694.0
1691539200,225.0,227.02,224.47,226.14,1079945.0
1691625600,226.18,227.225,225.18,225.66,861283.0
1691712000,225.67,228.73,225.505,226.99,1210434.0
1691971200,226.95,227.53,225.817,226.37,952697.0
1692057600,225.18,225.355,222.7,223.13,1150313.0
1692144000,222.71,223.98,222.32,223.59,897823.0
1692230400,224.09,225.48,222.24,222.31,990262.0
1692316800,221.75,225.16,221.22,224.42,1040617.0
1692576000,223.83,224.82,223.4554,224.28,769877.0
1692662400,224.28,225.02,223.1,224.28,689457.0
1692748800,224.63,225.2,223.22,224.86,720663.0
1692835200,224.22,225.78,223.72,223.88,673672.0
1692921600,224.97,224.97,221.92,223.59,618967.0
1693180800,223.62,225.6,223.34,225.35,747419.0
1693267200,225.44,226.21,223.95,226.15,822667.0
1693353600,226.73,228.58,226.0,227.24,649507.0
1693440000,227.77,228.37,226.43,226.64,865803.0
1693526400,227.85,227.9407,225.63,226.37,568912.0
1693872000,226.56,226.56,223.21,223.33,909208.0
1693958400,223.0,223.0,217.84,218.05,1082860.0
1694044800,218.88,219.47,217.62,218.69,798554.0
1694131200,218.98,219.27,217.36,217.87,800647.0
1694390400,217.0,217.535,215.111,216.27,1880294.0
1694476800,215.55,218.25,214.6,217.38,1211017.0
1694563200,218.01,219.79,217.42,219.69,880126.0
1694649600,220.02,221.519,219.01,221.46,909527.0
1694736000,220.71,225.09,220.525,224.05,1829031.0
1694995200,225.0,225.875,223.425,224.33,783347.0
1695081600,224.15,225.3,222.12,222.85,971836.0
1695168000,223.84,226.2,223.6,225.55,893323.0
1695254400,225.24,225.53,221.84,221.88,1067472.0
1695340800,221.06,221.665,218.31,218.34,921771.0
1695600000,217.71,219.55,217.18,219.33,648690.0
1695686400,218.64,220.01,218.08,218.18,889724.0
1695772800,219.33,221.05,218.92,221.0,666759.0
1695859200,222.06,224.095,222.06,222.39,839024.0
1695945600,223.03,223.8,220.86,220.97,764051.0
1696204800,221.5,224.1099,221.33,222.93,1207461.0
1696291200,222.36,224.285,220.47,220.74,1315254.0
1696377600,220.23,221.875,217.32,219.33,887192.0
1696464000,217.55,218.09,216.0,216.75,820240.0
1696550400,215.96,220.945,214.53,219.94,993828.0
1696809600,228.7,240.145,228.5,238.48,3399366.0
1696896000,240.0,240.0022,236.18,236.67,2340000.0
1696982400,236.31,238.74,236.18,237.78,1068482.0
1697068800,238.84,239.83,235.771,237.4,851218.0
1697155200,239.5,243.47,238.87,243.04,2151915.0
1697414400,243.53,245.06,241.56,242.87,1362382.0
1697500800,241.68,243.9049,239.81,241.27,1328932.0
1697587200,241.74,242.0575,239.29,239.81,1092718.0
1697673600,239.37,241.4521,237.94,237.95,1156976.0
1697760000,238.74,239.418,234.82,234.94,1706145.0
1698019200,234.64,236.32,232.85,233.21,1265901.0
1698105600,235.28,236.67,232.285,233.0,1060556.0
1698192000,239.055,244.38,238.47,242.4,2440625.0
1698278400,243.0,243.8,240.16,240.55,1580995.0
1698364800,237.88,239.3,236.58,238.25,1816231.0
1698624000,238.61,240.24,237.35,238.98,1485186.0
1698710400,239.65,241.79,237.5,241.31,2534276.0
1698796800,242.0,243.87,240.6342,242.7,1490484.0
1698883200,241.32,244.24,241.03,244.01,1749441.0
1698969600,245.0,245.39,243.11,243.21,1004395.0
1699228800,243.19,244.48,242.32,243.93,1286799.0
1699315200,244.06,244.08,242.205,242.73,804710.0
1699401600,243.34,244.11,241.419,242.02,695012.0
1699488000,242.0,242.0,238.31,240.1,1733062.0
1699574400,241.11,244.14,240.735,243.55,1102936.0
1699833600,243.55,247.28,243.525,246.65,1569193.0
1699920000,245.77,248.89,245.485,247.86,1115807.0
1700006400,247.56,248.2708,245.69,245.76,1073637.0
1700092800,246.28,246.88,244.53,245.26,824461.0
1700179200,246.05,246.2247,244.41,244.69,1060661.0
1700438400,244.65,247.0825,244.35,245.78,894457.0
1700524800,246.11,247.51,245.37,246.41,806460.0
1700611200,245.81,247.4508,245.46,247.33,617665.0
1700784000,247.68,248.55,247.44,247.83,338962.0
1701043200,247.71,247.71,245.512,246.36,717868.0
1701129600,247.4,247.53,245.07,245.22,846814.0
1701216000,245.22,246.0,243.87,244.83,835248.0
1701302400,245.59,247.3,245.01,246.97,951109.0
1701388800,247.09,249.69,246.81,249.69,842922.0
1701648000,248.55,252.25,248.11,252.21,1618211.0
1701734400,252.23,252.61,250.1994,250.89,925879.0
1701820800,250.89,252.85,250.26,251.95,874733.0
1701907200,252.72,254.76,250.52,251.49,895769.0
1701993600,251.75,253.19,251.75,252.29,968475.0
1702252800,252.02,253.643,252.02,252.42,704582.0
1702339200,252.01,254.35,251.6961,253.2,863986.0
1702425600,253.66,256.32,253.03,255.85,1287264.0
1702512000,255.4,255.56,248.58,251.15,1778754.0
1702598400,249.64,252.74,249.35,252.55,2410879.0
1702857600,252.66,253.93,251.77,252.87,708697.0
1702944000,252.71,253.975,252.252,253.89,738976.0
1703030400,253.12,253.97,249.4,249.56,1018223.0
1703116800,251.0,252.97,250.0,252.43,702281.0
1703203200,253.37,255.26,252.56,254.1,650642.0
1703548800,254.04,256.81,253.85,256.21,637901.0
1703635200,255.38,257.73,255.08,257.43,750986.0
1703721600,257.97,258.7879,257.465,258.14,569704.0
1703808000,258.52,259.88,257.85,259.67,812338.0
1704153600,259.67,261.14,257.62,258.6,992514.0
1704240000,259.55,261.3899,256.5,256.54,1378672.0
1704326400,258.75,259.0,256.0,256.18,1096846.0
1704412800,256.59,257.0,253.41,253.9,959670.0
1704672000,253.0,253.85,250.88,253.82,1257124.0
1704758400,253.77,253.77,250.89,251.24,1255981.0
1704844800,251.24,253.01,250.81,251.25,877919.0
1704931200,251.76,252.35,248.09,249.94,1500115.0
1705017600,251.34,254.91,251.34,254.81,1107546.0
1705363200,254.29,254.7,249.72,250.65,1038498.0
1705449600,249.23,252.1,249.0,249.97,882739.0
1705536000,249.04,251.1,247.3601,250.95,907695.0
1705622400,251.5,251.5,248.98,249.34,1410323.0
1705881600,249.5,251.315,248.7,249.76,2043282.0
1705968000,250.35,252.1012,247.88,249.37,1775553.0
1706054400,252.32,263.69,251.62,261.18,2749487.0
1706140800,261.76,265.97,261.16,265.86,1968787.0
1706227200,266.56,267.97,262.05,265.07,1329931.0
1706486400,264.57,265.91,263.2,264.78,961685.0
1706572800,266.29,269.369,265.99,268.67,2040351.0
1706659200,269.0,269.5,263.84,264.99,2305088.0
1706745600,265.65,267.24,263.07,266.87,1715158.0
1706832000,265.74,266.4003,264.33,265.27,1949414.0
1707091200,264.0,267.07,262.5,265.52,1032428.0
1707177600,266.1,267.79,264.64,267.69,814601.0
1707264000,269.5,270.15,267.945,269.09,1058802.0
1707350400,269.0,269.435,267.12,269.0,617092.0
1707436800,270.07,271.365,269.055,270.14,878245.0
1707696000,269.98,270.97,269.21,269.44,696309.0
1707782400,269.93,270.9,265.105,267.22,1164204.0
1707868800,268.31,269.22,263.103,269.1,1629840.0
1707955200,269.68,270.9583,268.54,270.0,801479.0
1708041600,269.98,271.175,268.8887,269.44,702718.0
1708387200,270.4,271.96,268.35,268.93,697551.0
1708473600,270.16,272.2799,268.91,271.9,691282.0
1708560000,271.38,272.46,270.66,272.33,636360.0
1708646400,272.5,274.9,272.1746,273.75,663926.0
1708905600,274.19,274.594,272.59,273.02,629667.0
1708992000,272.33,273.8,270.77,273.7,554426.0
1709078400,273.68,274.66,272.48,274.31,569835.0
1709164800,274.98,274.98,272.37,273.25,886287.0
1709251200,273.3,273.3,271.05,271.95,651383.0
1709510400,272.0,275.34,271.39,274.71,974559.0
1709596800,275.57,277.4266,272.39,273.6,979366.0
1709683200,274.0,275.8529,273.17,273.7,585056.0
1709769600,274.0,274.97,272.11,273.03,761791.0
1709856000,272.43,273.62,270.715,272.31,696906.0
1710115200,271.64,273.29,270.43,273.27,559770.0
1710201600,273.01,275.06,271.585,274.65,845026.0
1710288000,275.52,275.9,274.47,275.36,829836.0
1710374400,276.3,276.65,273.4,275.4,839801.0
1710460800,273.83,276.93,273.83,275.21,1305858.0
1710720000,275.99,277.72,274.67,277.6,865390.0
1710806400,279.12,280.35,277.731,279.7,703565.0
1710892800,280.0,282.98,279.31,282.55,1043440.0
1710979200,283.36,284.75,281.22,281.34,1084155.0
1711065600,282.33,283.215,281.13,281.16,730558.0
1711324800,280.93,281.45,278.39,278.98,776513.0
1711411200,278.81,280.465,278.35,278.35,567677.0
1711497600,279.56,281.93,278.945,281.9,746031.0
1711584000,282.6,283.1467,281.28,282.49,644505.0
1711929600,287.71,291.965,286.38,291.55,1743077.0
1712016000,291.8,292.5,288.44,290.54,1839001.0
1712102400,290.57,291.99,288.43,291.69,1296683.0
1712188800,293.56,294.56,291.97,293.22,1391125.0
1712275200,293.0,295.455,291.4377,295.18,879573.0
1712534400,296.0,296.5,292.89,293.13,945598.0
1712620800,292.03,294.6687,287.195,288.84,1008167.0
1712707200,287.4,290.74,286.66,290.04,935586.0
1712793600,287.83,288.64,286.16,287.5,710977.0
1712880000,288.41,290.75,286.79,287.87,1280978.0
1713139200,291.71,291.75,284.355,284.75,976557.0
1713225600,285.46,286.38,283.68,285.3,1388510.0
1713312000,286.5,286.5,283.67,284.46,708954.0
1713398400,284.02,286.91,284.02,285.27,636706.0
1713484800,287.43,289.29,286.73,288.62,1074960.0
1713744000,289.94,292.71,288.046,291.31,889033.0
1713830400,292.72,294.695,291.68,292.72,1132517.0
1713916800,289.19,290.365,274.315,281.11,4023581.0
1714003200,282.76,285.75,279.44,284.9,1769758.0
1714089600,284.73,286.77,282.8,284.41,1244205.0
1714348800,287.96,289.93,285.43,287.79,1293661.0
1714435200,286.91,289.1999,286.42,287.09,1423602.0
1714521600,286.58,288.09,284.83,286.53,890864.0
1714608000,286.04,288.58,282.51,287.36,1134891.0
1714694400,288.0,289.0,286.0,288.14,974321.0
1714953600,289.47,291.61,289.46,291.38,870254.0
1715040000,292.34,293.74,291.2,293.37,715657.0
1715126400,294.0,294.07,291.83,292.74,1008163.0
1715212800,292.75,296.27,292.0,295.97,707640.0
1715299200,296.58,297.875,296.0,296.44,1019423.0
1715558400,296.37,297.3299,292.61,293.53,1406783.0
1715644800,293.44,294.56,292.47,294.06,655290.0
1715731200,293.8,295.25,293.6836,294.59,752379.0
1715817600,294.97,297.231,294.62,295.75,613506.0
1715904000,296.59,299.14,295.46,299.02,894179.0
1716163200,298.5,301.0,298.014,300.23,940338.0
1716249600,301.0,301.48,296.35,297.06,1103517.0
1716336000,297.485,299.36,296.16,298.01,882703.0
1716422400,297.96,298.2576,295.15,296.52,720773.0
1716508800,299.0,300.48,297.22,299.62,784155.0
1716854400,299.54,299.75,297.07,297.34,800584.0
1716940800,296.03,297.13,293.25,293.48,771652.0
1717027200,293.94,296.66,293.94,296.08,728274.0
1717113600,296.02,300.23,295.38,299.77,1302879.0
1717372800,300.89,302.42,296.445,298.26,723502.0
1717459200,298.37,299.24,296.9,297.32,618207.0
1717545600,297.9,299.65,295.635,299.45,469258.0
1717632000,299.0,300.5,298.1,298.27,988175.0
1717718400,298.2,300.16,297.87,299.14,684271.0
1717977600,300.0,300.0,293.86,294.68,1013889.0
1718064000,293.6,293.66,291.135,292.65,1068734.0
1718150400,292.985,295.2,292.2,294.34,871953.0
1718236800,293.68,294.57,290.725,292.52,686683.0
1718323200,290.7,292.04,288.455,291.78,639947.0
1718582400,291.18,294.1871,290.6601,293.83,510982.0
1718668800,293.57,298.05,293.17,298.0,748596.0
1718841600,298.0,299.65,297.0,299.63,751556.0
1718928000,299.56,300.22,296.68,298.25,1686985.0
1719187200,299.48,302.7486,298.47,298.53,1124477.0
1719273600,298.21,299.09,294.72,295.28,1110356.0
1719360000,294.31,295.58,293.32,294.53,1215403.0
1719446400,295.35,295.35,291.83,292.5,989536.0
1719532800,293.92,294.48,289.54,290.14,2259932.0
1719792000,291.35,293.01,286.58,287.87,1431088.0
1719878400,285.3,286.34,284.02,285.81,1274376.0
1719964800,286.47,287.26,284.05,284.88,656719.0
1720137600,284.26,284.26,280.46,281.68,1039502.0
1720396800,281.7,283.0,279.55,280.47,1222693.0
1720483200,280.22,281.34,279.42,279.51,803812.0
1720569600,279.66,281.98,279.07,281.91,957641.0
1720656000,281.37,285.265,281.37,284.15,935541.0
1720742400,285.72,286.465,283.6925,283.89,1072025.0
1721001600,285.51,287.2,284.01,285.42,1017100.0
1721088000,285.57,291.78,285.57,291.59,1125137.0
1721174400,292.24,294.77,291.78,291.99,900255.0
1721260800,291.4,295.5,291.17,293.27,960060.0
1721347200,294.36,294.36,287.83,288.22,973642.0
1721606400,288.43,291.48,287.54,291.21,745320.0
1721692800,292.68,295.62,292.05,294.46,1288242.0
1721779200,286.0,286.49,276.79,284.67,3268633.0
1721865600,286.61,296.19,286.61,290.98,1809784.0
1721952000,290.99,292.7,287.635,290.4,1079838.0
1722211200,290.57,291.04,288.37,289.49,1171630.0
1722297600,291.02,293.66,290.06,293.01,858073.0
1722384000,294.8,299.96,293.17,298.71,1609458.0
1722470400,300.0,300.75,291.535,293.45,1108414.0
1722556800,292.69,296.89,289.51,292.39,990893.0
1722816000,288.92,290.925,282.32,285.9,1094084.0
1722902400,286.45,290.44,285.2,285.38,815078.0
1722988800,287.21,290.88,286.355,287.17,890718.0
1723075200,287.45,293.0,287.45,290.8,823820.0
1723161600,293.29,296.7,291.565,292.99,1028622.0
1723420800,294.0,294.59,290.655,291.2,1054806.0
1723507200,291.85,292.795,289.53,292.2,888759.0
1723593600,291.71,295.17,291.71,293.73,756961.0
1723680000,294.99,296.31,293.1639,295.95,890703.0
1723766400,296.36,297.1,294.74,296.59,852433.0
1724025600,296.93,297.0,294.769,295.6,685233.0
1724112000,295.36,296.12,294.215,295.8,589247.0
1724198400,296.51,296.51,293.02,294.07,1029146.0
1724284800,294.25,294.74,292.99,293.45,676227.0
1724371200,294.34,294.8299,291.29,291.45,864741.0
1724630400,292.45,293.18,290.42,291.0,814847.0
1724716800,291.01,291.46,289.83,290.2,1005336.0
1724803200,290.99,297.18,290.5,296.64,1553612.0
1724889600,298.0,300.95,295.5,297.83,1640388.0
1724976000,297.53,299.68,295.18,299.36,1033038.0
1725321600,299.0,300.98,293.34,294.92,961640.0
1725408000,295.45,297.76,293.0,294.35,930731.0
1725494400,296.51,299.83,294.16,297.29,1518801.0
1725580800,297.0,298.41,292.24,292.78,1362362.0
1725840000,295.71,303.1,295.71,301.56,1922398.0
1725926400,303.31,306.51,300.47,302.4,1040604.0
1726012800,301.21,301.21,293.36,299.59,1067209.0
1726099200,299.34,300.94,297.41,300.67,875408.0
1726185600,301.08,305.84,301.05,304.8,797557.0
1726444800,307.38,309.967,306.15,307.55,874521.0
1726531200,304.75,305.6963,302.57,303.85,1045631.0
1726617600,303.9,306.9,301.65,302.38,1155805.0
1726704000,304.84,306.645,302.52,304.73,1188154.0
1726790400,304.77,307.76,303.185,306.87,7899210.0
1727049600,307.31,309.72,306.75,308.09,951842.0
1727136000,308.0,308.515,304.07,304.67,951787.0
1727222400,305.52,306.55,301.02,301.69,915630.0
1727308800,300.93,302.92,299.66,300.49,904455.0
1727395200,300.34,302.35,299.97,300.13,909250.0
1727654400,300.0,302.26,297.6601,302.2,1364162.0
1727740800,297.64,307.05,294.5,305.33,1486552.0
1727827200,305.5,306.62,303.1,303.92,1218397.0
1727913600,304.04,304.865,299.04,299.61,1124345.0
1728000000,300.04,301.24,297.84,300.66,877409.0
1728259200,299.3,300.51,296.715,297.29,874200.0
1728345600,297.95,298.11,295.05,296.9,843373.0
1728432000,296.1,300.13,295.67,298.69,726520.0
1728518400,298.5,298.615,295.02,296.05,902423.0
1728604800,295.0,299.7725,294.29,299.44,986347.0
1728864000,299.59,302.36,298.68,301.86,583622.0
1728950400,303.59,303.8562,299.85,300.21,898661.0
1729036800,300.14,306.06,300.14,304.87,838123.0
1729123200,307.0,308.32,305.64,308.23,919149.0
1729209600,310.0,310.58,307.61,308.48,1316379.0
1729468800,309.13,310.85,307.01,308.08,1059841.0
1729555200,307.7,308.7651,303.91,305.99,1145609.0
1729641600,304.85,313.111,300.715,304.4,1506597.0
1729728000,301.73,304.99,300.52,301.27,1331812.0
1729814400,304.52,304.99,302.07,302.52,1405397.0
1730073600,303.04,304.71,302.1401,303.92,968680.0
1730160000,303.23,305.16,301.73,301.75,950599.0
1730246400,301.82,304.12,301.16,301.37,855063.0
1730332800,300.32,301.37,291.31,291.61,1704336.0
1730419200,292.96,294.87,292.314,292.99,1355480.0
1730678400,293.62,295.5573,292.35,293.6,1056112.0
1730764800,294.56,296.99,294.53,296.65,750549.0
1730851200,305.035,309.01,302.78,308.46,1659195.0
1730937600,308.51,309.065,304.52,306.0,887173.0
1731024000,307.5,310.2199,306.18,309.47,855115.0
1731283200,312.08,315.93,311.29,313.91,925476.0
1731369600,315.0,315.0,310.625,312.05,778643.0
1731456000,313.44,316.9,311.68,314.03,906763.0
1731542400,314.1,314.85,291.805,292.42,1927468.0
1731628800,290.83,295.0,285.68,287.99,1997358.0
1731888000,287.0,288.0,285.29,286.0,1287210.0
1731974400,287.29,288.0,279.61,280.96,1772396.0
1732060800,281.47,282.0,278.12,280.05,1766384.0
1732147200,280.7,283.5,279.01,279.93,1832227.0
1732233600,280.76,283.6,279.9201,281.81,1434009.0
1732492800,283.26,284.1452,279.29,281.35,1569406.0
1732579200,281.08,283.37,279.56,282.02,1095225.0
1732665600,282.92,286.01,282.26,282.31,994524.0
1732838400,283.18,284.41,282.48,284.01,538180.0
1733097600,282.9,283.155,275.62,276.44,1936909.0
1733184000,276.48,278.1262,274.44,277.42,1130908.0
1733270400,276.47,278.578,274.99,277.66,1307554.0
1733356800,277.5,278.7267,275.15,275.15,1511844.0
1733443200,275.0,275.86,271.05,271.8,1879450.0
1733702400,271.35,272.71,269.4,269.57,2143158.0
1733788800,269.49,272.09,267.25,270.43,1279858.0
1733875200,269.56,270.025,263.4218,265.43,2263713.0
1733961600,260.0,264.15,257.2588,263.04,2408985.0
1734048000,263.0,265.07,261.93,263.11,1673421.0
1734307200,263.11,269.69,262.71,266.07,3087460.0
1734393600,264.47,267.7344,263.7901,265.22,1964000.0
1734480000,265.2,269.5,262.1,262.27,2241592.0
1734566400,259.95,262.83,257.88,260.28,2169997.0
1734652800,259.08,267.44,257.8,263.64,3546177.0
1734912000,265.8,265.8,262.895,265.19,1552933.0
1734998400,264.67,265.9,263.63,265.9,500914.0
1735171200,265.89,268.33,265.25,266.78,851474.0
1735257600,264.78,267.591,264.7201,266.14,1001380.0
1735516800,263.19,265.11,261.06,263.38,1550288.0
1735603200,264.0,265.52,262.15,263.49,895021.0
1735776000,264.9,265.83,260.5,261.01,1748979.0
1735862400,261.18,264.16,260.265,263.37,1287646.0
1736121600,262.32,264.285,257.56,257.99,1898171.0
1736208000,258.76,262.93,258.061,259.65,1303705.0
1736294400,258.76,262.5,258.76,261.47,1120620.0
1736467200,260.52,261.955,258.65,259.38,1722894.0
1736726400,259.38,264.88,259.0,263.67,1360062.0
1736812800,263.52,265.29,262.23,265.12,1096082.0
1736899200,267.53,267.85,264.02,266.09,1013606.0
1736985600,266.0,269.4,265.7,268.83,1753017.0
1737072000,268.42,268.81,266.13,266.67,1544177.0
1737417600,269.29,274.15,268.86,271.63,2444596.0
1737504000,271.63,271.68,266.71,268.84,2028955.0
1737590400,270.13,271.0,264.685,268.56,2210914.0
1737676800,268.56,269.03,265.74,266.43,1546530.0
1737936000,267.76,270.19,266.47,269.84,1694343.0
1738022400,269.99,270.02,261.275,262.57,2042648.0
1738108800,253.82,261.31,247.01,251.45,3497938.0
1738195200,253.85,257.09,252.5,256.93,2299411.0
1738281600,256.99,258.75,254.79,256.98,1902769.0
1738540800,256.0,258.07,253.83,256.59,1414586.0
1738627200,255.96,258.93,255.85,257.43,1356233.0
1738713600,258.71,259.23,256.83,258.58,1098240.0
1738800000,257.71,257.71,253.13,255.53,1154734.0
1738886400,256.02,257.21,253.92,254.83,1290620.0
1739145600,255.49,257.366,255.11,256.34,1410855.0
1739232000,255.87,257.69,254.35,256.99,1095642.0
1739318400,254.48,255.6299,250.97,251.33,1560987.0
1739404800,251.6,251.95,242.86,246.16,2825057.0
1739491200,245.75,247.05,239.87,241.94,2765005.0
1739836800,244.33,244.47,241.11,242.6,2113724.0
1739923200,242.58,246.28,242.04,244.18,1900157.0
1740009600,242.34,247.28,242.34,246.2,1567274.0
1740096000,245.2,245.33,241.645,243.06,1947507.0
1740355200,244.6,248.325,243.42,246.27,2204550.0
1740441600,247.17,250.82,246.71,249.91,1711617.0
1740528000,250.49,250.605,247.8775,249.24,1372148.0
1740614400,250.14,252.4925,249.555,251.62,1410372.0
1740700800,252.34,254.66,249.94,252.6,1755510.0
1740960000,255.17,255.9299,252.3,254.04,1333480.0
1741046400,252.98,257.49,250.41,250.8,2013526.0
1741132800,255.5,264.04,251.05,262.96,4141772.0
1741219200,261.49,266.15,259.235,264.55,2075968.0
1741305600,262.46,272.51,262.46,271.56,1979005.0
1741564800,270.0,279.25,268.1734,271.94,2274575.0
1741651200,270.77,272.2199,262.2601,264.12,1827897.0
1741737600,263.06,263.71,258.08,260.01,1123233.0
1741824000,259.32,263.175,258.65,261.16,1044621.0
1741910400,261.5,262.7555,259.44,262.03,956623.0
1742169600,262.03,267.005,262.01,265.18,974426.0
1742256000,264.68,268.66,263.68,267.52,1569855.0
1742342400,267.54,270.3,266.54,267.97,1495963.0
1742428800,266.15,267.45,264.55,265.7,1251485.0
1742515200,264.53,265.29,260.1877,263.41,3313675.0
1742774400,265.0,266.2075,263.6,265.88,1023224.0
1742860800,265.91,267.9975,264.51,267.54,911978.0
1742947200,269.15,270.57,268.5729,269.58,1139947.0
1743033600,270.0,271.2999,268.6901,269.49,802239.0
1743120000,269.02,270.21,267.57,269.08,1240810.0
1743379200,269.02,273.95,268.79,272.58,1853743.0
1743465600,272.58,274.79,271.37,274.14,1470326.0
1743552000,271.73,278.27,271.25,276.04,1350019.0
1743638400,273.93,279.09,268.99,269.62,1416769.0
1743724800,264.96,265.725,249.75,250.01,3232249.0
1743984000,244.66,253.25,239.2,247.68,2328435.0
1744070400,257.02,260.99,251.655,254.4,2277411.0
1744156800,249.92,272.75,249.92,271.52,2676568.0
1744243200,269.0,274.61,263.03,271.82,2094615.0
1744329600,270.32,277.765,267.23,276.65,1568530.0
1744588800,276.83,280.39,273.89,278.78,1244658.0
1744675200,277.91,280.93,276.32,277.14,1544899.0
1744761600,277.56,280.79,275.21,276.63,1964518.0
1744848000,275.54,278.41,273.35,276.08,1722008.0
1745193600,275.01,276.255,270.6,273.18,1423111.0
1745280000,271.68,275.67,266.8902,274.8,3048733.0
1745366400,271.63,272.875,263.6,265.73,2245879.0
1745452800,264.93,272.27,262.84,271.71,1835079.0
1745539200,273.33,273.52,268.1833,271.97,947680.0
1745798400,272.93,275.1,269.63,271.94,1031061.0
1745884800,272.0,273.3954,270.92,272.08,1002088.0
1745971200,272.85,273.03,268.2896,272.12,1388940.0
1746057600,271.51,273.28,269.2401,271.51,1319923.0
1746144000,275.0,276.24,266.98,273.03,1637835.0
1746403200,273.7,274.16,271.67,272.14,1156608.0
1746489600,271.235,272.0,268.45,270.61,994505.0
1746576000,270.1,271.48,268.22,269.45,861660.0
1746662400,269.93,274.57,269.93,271.98,1339521.0
1746748800,273.35,273.67,269.41,271.56,1029203.0
1747008000,274.1,276.48,269.5,276.24,1158919.0
1747094400,275.96,277.0,272.97,273.02,1100842.0
1747180800,272.6,273.22,267.39,270.69,1000919.0
1747267200,272.55,278.89,271.295,278.51,1396795.0
1747353600,280.16,280.72,278.3539,280.71,1173839.0
1747612800,280.72,282.91,279.3001,281.37,802139.0
1747699200,280.17,282.88,280.17,281.57,734745.0
1747785600,281.01,281.955,276.9,277.7,997231.0
1747872000,276.97,278.79,275.205,277.03,1034898.0
1747958400,274.75,275.625,273.2601,274.75,835881.0
1748304000,277.05,279.82,276.31,279.23,1053318.0
1748390400,279.65,280.0,273.215,273.64,1006335.0
1748476800,272.95,275.4547,271.19,275.2,992226.0
1748563200,275.56,278.95,274.12,278.49,1657667.0
1748822400,277.84,277.84,273.855,275.71,1001790.0
1748908800,275.76,276.86,273.58,276.04,1051028.0
1748995200,276.55,277.32,274.81,275.03,772728.0
1749081600,275.97,275.97,272.6456,274.42,871030.0
1749168000,275.48,278.07,275.19,276.48,647079.0
1749427200,276.23,278.07,273.81,277.31,789562.0
1749513600,277.73,278.85,276.17,277.37,1008350.0
1749600000,276.46,277.01,268.1,275.83,969986.0
1749686400,275.22,279.96,274.88,279.93,753684.0
1749772800,284.5,286.8,281.86,283.0,1649343.0
1750032000,283.23,283.99,278.23,279.29,927511.0
1750118400,280.08,281.8315,277.355,281.3,984518.0
1750204800,281.3,283.87,278.26,278.53,731930.0
1750377600,279.45,280.08,275.49,278.78,1518769.0
1750636800,280.08,283.38,279.6401,282.32,1205558.0
1750723200,280.53,281.97,278.23,281.05,1127373.0
1750809600,283.55,287.25,281.13,285.91,2206095.0
1750896000,287.49,292.91,286.355,291.39,1857895.0
1750982400,289.83,291.6,288.62,290.74,2268340.0
1751241600,291.57,293.14,290.645,291.66,1184183.0
1751328000,291.63,294.4,289.4,294.38,1468842.0
1751414400,294.115,294.33,290.3,293.92,1086664.0
1751500800,293.07,295.43,292.34,294.76,646635.0
1751846400,295.01,297.72,293.7201,294.65,979110.0
1751932800,296.87,301.55,295.495,296.65,1427226.0
1752019200,297.93,300.0,296.84,299.96,1134634.0
1752105600,299.93,304.22,298.9202,303.38,1362953.0
1752192000,302.905,303.367,301.21,302.2,952711.0
1752451200,302.1,305.73,301.435,304.85,1147148.0
1752537600,304.4,305.3339,300.72,300.85,1147170.0
1752624000,301.14,302.0,297.89,300.0,1142951.0
1752710400,300.0,301.5417,298.505,300.09,1227409.0
1752796800,300.6,301.51,297.77,298.98,1636211.0
1753056000,298.97,300.0,296.96,297.05,1065755.0
1753142400,295.18,298.91,293.95,297.6,1597411.0
1753228800,310.0,318.77,308.63,316.94,2415764.0
1753315200,319.0,322.5,314.0,314.24,1641529.0
1753401600,314.04,314.975,311.0001,314.02,1218178.0
1753660800,313.67,313.67,311.08,313.1,1153627.0
1753747200,316.0,316.96,313.425,314.7,1140810.0
1753833600,315.1,315.3699,310.472,312.18,1518230.0
1753920000,311.35,313.31,310.3,311.61,1647998.0
1754006400,309.65,311.35,306.0268,310.74,891169.0
1754265600,311.03,313.2,310.325,312.78,852490.0
1754352000,312.195,314.665,311.975,313.76,1017686.0
1754438400,314.98,317.0,313.0,314.99,893434.0
1754524800,314.0,314.695,309.73,312.73,954373.0
1754611200,312.98,315.81,312.82,314.13,1157316.0
1754870400,313.99,315.1,313.2,314.93,1004690.0
1754956800,314.48,315.355,312.21,314.01,1034393.0
1755043200,314.75,317.73,313.915,317.49,813511.0
1755129600,319.63,321.0,315.84,315.84,843155.0
1755216000,315.965,315.965,313.31,313.69,900721.0
1755475200,313.75,316.12,313.15,313.58,818379.0
1755561600,312.68,316.47,312.66,316.4,748586.0
1755648000,317.4,318.64,316.44,317.48,798878.0
1755734400,316.87,318.1,315.84,316.53,717462.0
1755820800,318.22,320.88,317.61,319.61,917339.0
1756080000,319.84,322.2,319.83,319.89,804081.0
1756166400,319.0,322.85,319.0,322.18,952345.0
1756252800,322.81,325.8187,322.81,325.46,847229.0
1756339200,325.52,326.025,323.13,324.91,801158.0
1756425600,325.15,326.0,323.71,324.57,670208.0
1756771200,324.38,324.875,322.02,324.39,874265.0
1756857600,324.16,324.44,321.1616,322.81,658019.0
1756944000,323.27,323.755,320.91,322.44,943865.0
1757030400,324.0,324.205,320.36,322.86,860975.0
1757289600,322.5,323.14,319.73,322.72,810345.0
1757376000,321.9,322.4,318.81,321.33,789833.0
1757462400,320.78,323.77,320.645,323.05,709159.0
1757548800,322.93,330.0,322.105,329.62,834086.0
1757635200,330.0,330.18,325.772,326.15,578818.0
1757894400,326.5,328.27,325.6801,326.98,694860.0
1757980800,327.85,329.4599,325.96,326.4,1350682.0
1758067200,326.78,328.47,324.54,325.28,1343906.0
1758153600,323.97,325.42,322.48,324.57,1096263.0
1758240000,325.36,325.715,321.92,324.08,2654675.0
1758499200,323.0,324.28,320.91,322.66,1354971.0
1758585600,322.61,325.7366,321.12,323.2,1251008.0
1758672000,321.87,325.45,321.26,323.62,1452719.0
1758758400,325.32,328.52,322.5,324.43,1014071.0
1758844800,326.43,330.63,326.21,330.34,1043599.0
1759104000,335.0,337.52,331.33,332.17,1693329.0
1759190400,332.13,341.02,332.13,341.0,1622883.0
1759276800,337.9,341.19,336.31,340.75,1162604.0
1759363200,339.56,341.68,338.0682,341.05,943173.0
1759449600,341.97,345.22,341.25,343.62,710634.0
1759708800,344.52,347.365,343.39,346.5,886010.0
1759795200,344.56,347.37,342.85,343.43,740654.0
1759881600,345.22,347.2407,343.43,346.44,774259.0
1759968000,346.28,347.315,342.23,342.77,798406.0
1760054400,340.86,342.0,332.8,332.94,927300.0
1760313600,333.1,336.7967,332.24,334.39,839500.0
1760400000,333.63,338.78,333.0,335.5,862654.0
1760486400,335.93,339.99,327.33,332.04,1018373.0
1760572800,332.44,333.38,329.51,330.59,787852.0
1760659200,328.92,332.16,328.21,331.15,916715.0
1760918400,333.0,337.9361,331.755,337.19,823620.0
1761004800,337.91,341.77,337.91,340.69,946569.0
1761091200,341.24,342.28,338.09,338.24,1171945.0
1761177600,339.56,342.7,339.25,341.5,1198935.0
1761264000,357.0,360.5,343.52,350.77,2098198.0
1761523200,353.78,355.84,346.33,353.77,1675124.0
1761609600,352.03,352.65,346.6,346.68,926792.0
1761696000,345.26,346.08,339.78,343.48,1712479.0
1761782400,344.1,349.25,343.86,344.66,1304200.0
1761868800,344.56,345.43,341.345,344.9,1520430.0
1762128000,344.0,344.05,339.44,341.87,1352621.0
1762214400,340.79,345.23,339.0001,343.47,1254771.0
1762300800,342.375,346.535,341.05,342.91,1088686.0
1762387200,343.11,344.29,339.74,340.3,899002.0
1762473600,341.81,347.15,338.815,346.34,1209005.0
1762732800,345.91,349.98,344.3401,349.49,924141.0
1762819200,349.46,353.49,348.09,352.42,670995.0
1762905600,351.9,353.74,349.38,349.45,941424.0
1762992000,349.58,350.0,342.75,344.06,975800.0
1763078400,341.83,345.592,339.1,344.25,1081538.0
1763337600,345.67,346.77,341.24,341.78,909082.0
1763424000,343.57,344.9,340.54,341.29,1208784.0
1763510400,339.27,343.38,336.29,343.06,1253644.0
1763596800,347.13,349.47,338.925,339.44,892538.0
1763683200,339.01,342.21,335.45,340.34,1358421.0
1763942400,337.19,339.93,334.35,338.13,1476497.0
1764028800,338.79,343.06,338.79,341.07,1498670.0
1764115200,341.14,342.2999,338.79,340.04,693449.0
1764288000,340.47,342.09,339.6,341.63,361448.0
1764547200,339.63,340.305,332.08,332.38,1193749.0
1764633600,334.34,337.41,332.9,335.8,980184.0
1764720000,336.75,338.48,333.53,338.08,985276.0
1764806400,338.19,342.83,338.19,341.7,1412697.0
1764892800,341.01,341.5,333.99,337.31,1317905.0
1765152000,337.95,339.05,334.3541,336.01,1435574.0
1765238400,335.97,339.15,333.62,334.27,1033776.0
1765324800,333.74,344.94,333.5265,342.23,1654529.0
1765411200,342.36,344.53,340.12,341.48,1326207.0
1765497600,340.86,341.95,336.73,337.49,1226933.0
1765756800,338.32,341.215,337.37,340.69,1382490.0
1765843200,342.4,342.52,334.72,337.49,966276.0
1765929600,336.405,339.53,333.05,336.41,1003731.0
1766016000,337.22,340.43,336.4405,337.34,992663.0
1766102400,337.87,341.4199,337.0001,339.36,2663527.0
1766361600,338.87,345.67,337.44,345.19,1197943.0
1766448000,345.67,347.44,343.18,343.84,1246803.0
1766534400,343.53,346.27,343.51,345.39,314048.0
1766707200,344.87,346.07,341.43,342.2,464560.0
1766966400,341.94,343.73,340.35,340.48,783425.0
1767052800,340.38,341.0,339.21,339.47,662612.0
1767139200,340.07,340.99,336.48,336.66,522858.0
1767312000,336.54,343.47,334.28,343.4,972213.0
1767571200,347.92,356.32,346.03,355.56,1912240.0
1767657600,357.89,361.94,356.97,360.71,1387582.0
1767744000,362.0,363.0,345.34,345.64,2049821.0
1767830400,356.77,367.655,350.62,351.44,2630171.0
1767916800,352.94,356.75,351.65,353.89,2019790.0
1768176000,356.35,361.095,354.2901,360.94,1548089.0
1768262400,365.11,366.13,359.985,363.3,1247522.0
1768348800,361.88,366.01,359.67,366.0,1167200.0
1768435200,365.27,368.78,360.1301,368.69,1503485.0
1768521600,367.27,369.7,365.4201,367.38,1904171.0
1768867200,366.25,369.0,358.52,359.17,1704233.0
1768953600,360.18,367.01,359.75,364.78,1076154.0
1769040000,364.81,366.9913,362.63,365.83,869636.0
1769126400,366.59,369.0,361.76,363.27,1181620.0
1769385600,363.31,364.67,360.0,363.54,1485543.0
1769472000,364.5,367.97,362.1,366.62,1389771.0
1769558400,351.79,359.6699,343.8,356.68,2327222.0
1769644800,353.96,359.0751,346.56,349.95,1766877.0
1769731200,347.25,353.28,347.16,351.09,2058331.0
1769990400,349.29,350.52,344.02,346.37,1571645.0
1770076800,349.08,355.8,346.9751,355.31,1899177.0
1770163200,355.56,357.23,346.805,353.37,1647586.0
1770249600,350.6,356.63,347.81,352.05,1215525.0
1770336000,354.55,361.65,354.015,360.07,1095981.0
1770595200,360.4,363.37,359.6,360.1,807476.0
1770681600,361.49,361.5,356.28,358.83,694273.0
1770768000,361.09,361.4199,345.12,346.34,1952453.0
1770854400,348.72,352.54,340.36,340.75,2063606.0
1770940800,341.97,349.435,341.66,347.64,1533713.0
1771286400,346.97,350.0,340.09,342.52,1699876.0
1771372800,344.86,349.55,343.68,349.49,1232448.0
1771459200,348.12,356.39,348.12,354.34,918410.0
1771545600,354.21,354.65,348.69,351.42,894550.0
1771804800,352.35,354.0,348.29,348.98,859032.0
1771891200,347.98,353.04,346.0,351.18,682195.0
1771977600,352.04,352.8999,337.32,343.14,1281899.0
1772064000,344.48,350.75,341.765,350.72,1005763.0
1772150400,351.12,357.79,348.88,357.05,1201743.0
1772409600,362.43,366.065,359.155,364.78,1508302.0
1772496000,363.09,366.5,358.2081,364.7,1850312.0
1772582400,366.0,366.75,359.28,366.12,1262954.0
1772668800,364.51,366.11,354.54,360.7,1439851.0
1772755200,360.22,364.4,354.52,363.49,1161765.0
1773014400,362.53,364.0,355.58,361.98,1444868.0
1773100800,359.84,361.36,354.6943,355.59,973189.0
1773187200,352.91,356.0,351.18,353.85,992374.0
1773273600,349.57,357.55,349.0,355.23,1227794.0
1773360000,357.46,359.82,350.405,351.52,985604.0
1773619200,353.05,357.23,351.405,354.36,1185659.0
1773705600,354.755,356.789,352.28,356.29,1017568.0
1773792000,357.18,358.6038,353.36,353.36,1382215.0
1773878400,350.0,352.01,343.585,349.63,1029868.0
1773964800,349.01,352.0499,343.08,345.78,2894137.0
1774224000,350.55,351.485,342.82,347.37,1109146.0
1774310400,344.24,348.42,343.7849,346.23,1145138.0
1774396800,349.56,354.1,347.75,352.5,1702644.0
1774483200,351.95,356.42,351.725,355.28,1446726.0
1774569600,353.72,355.666,345.681,346.76,1505704.0
1774828800,350.7,352.245,337.81,340.79,1561691.0
1774915200,344.63,348.706,340.19,343.22,1806741.0
1775001600,346.81,353.03,345.1,350.53,1118151.0
1775088000,347.5,352.9,347.05,349.09,1103160.0
1775433600,348.41,351.84,346.19,351.39,769005.0
1775520000,349.47,350.97,345.93,348.43,674995.0
1775606400,346.86,350.34,343.0,350.02,1462266.0
1775692800,348.17,350.43,343.52,343.9,1400295.0
1775779200,342.31,342.98,332.76,335.15,1695479.0
1776038400,336.59,341.38,336.25,340.76,1622889.0
1776124800,340.65,340.65,337.65,339.88,1154140.0
1776211200,340.54,341.89,337.09,338.88,1305217.0
1776297600,340.0,341.3,331.92,334.92,1540216.0
1776384000,334.81,338.5899,334.0201,336.29,1309785.0
1776643200,335.45,337.08,331.3101,332.14,1026655.0
1776729600,330.47,331.05,323.97,325.52,1636447.0
1776816000,327.45,328.78,317.65,320.74,1578021.0
1776902400,321.345,322.945,315.54,318.71,1632929.0
1776988800,316.64,317.09,310.61,313.21,1301153.0
1777248000,313.43,318.83,312.03,312.53,1412299.0
1777334400,313.94,314.75,306.77,313.68,2169746.0
1777420800,338.08,349.61,333.91,338.73,3587749.0
1777507200,340.155,345.25,338.56,344.3,2029994.0
1777593600,345.48,347.04,341.525,345.84,1480903.0
1777852800,344.14,353.57,343.04,349.08,1640517.0
1777939200,351.09,351.41,344.375,349.16,1163105.0
1778025600,349.71,350.05,344.065,347.27,1566651.0
1778112000,347.25,348.9999,344.28,347.76,1361446.0
1778198400,347.65,348.85,344.01,346.53,1558411.0
1778457600,345.24,348.61,341.81,344.03,1895597.0
1778544000,343.55,348.01,342.75,346.46,1089754.0
1778630400,343.94,343.94,339.98,341.36,898326.0
1778716800,340.87,343.989,339.17,340.62,960584.0
1778803200,339.88,341.91,333.29,334.5,1236467.0
1779062400,335.06,343.46,334.01,343.11,984750.0
1779148800,343.09,343.22,339.12,340.14,748098.0
1779235200,341.2,342.88,337.46,339.75,780320.0
1779321600,338.0,339.97,334.66,338.71,612069.0
1779408000,341.14,344.47,338.51,342.89,689531.0
1779753600,345.04,345.27,341.3225,344.64,1270334.0
1779840000,344.36,344.9,341.71,342.69,752649.0
1779926400,345.89,351.36,342.5038,348.96,1099003.0
1780012800,348.56,349.52,345.45,346.82,1245735.0
1780272000,343.35,344.32,338.17,339.2,854598.0
1780358400,336.38,340.29,335.775,337.61,961782.0
1780444800,335.71,341.97,335.02,337.04,878935.0
1780531200,340.38,343.9,340.12,341.5,1394860.0
1780617600,343.14,347.32,342.75,346.44,1192313.0
1780876800,345.34,347.19,339.27,340.86,876198.0
1780963200,340.87,346.75,340.87,345.68,1423403.0
1781049600,349.0,349.0,341.0,341.07,761375.0
1781136000,348.81,363.83,346.19,358.86,1709151.0
1781222400,360.85,363.395,356.15,360.22,988093.0
1781481600,360.6,362.5,357.21,359.53,1586017.0
1781568000,361.15,365.42,359.25,364.11,1128079.0
1781654400,361.34,366.795,361.2,362.83,1341049.0
1781740800,365.26,367.0,348.83,350.01,4242261.0
1782086400,347.08,348.18,340.81,343.36,1674190.0
1782172800,346.0,350.784,344.44,350.34,1354271.0
1782259200,350.68,351.9599,343.92,344.32,1696275.0
1782345600,342.87,352.15,341.94,344.7,1219285.0
1782432000,346.49,350.58,344.35,346.71,1783448.0
1782691200,347.12,351.21,346.68,348.07,1289176.0
1782777600,349.1,354.575,346.5602,354.24,1049952.0
1782864000,356.15,365.06,355.0,362.86,1285316.0
1782950400,365.31,373.6,364.959,373.54,1293331.0
1783296000,372.91,377.27,369.33,376.88,1273856.0
1783382400,380.0,380.71,373.5601,374.64,736976.0
1783468800,372.92,374.98,371.3,374.31,1097611.0
1783555200,371.35,374.65,369.3,374.6,758608.0
1783641600,374.145,375.975,370.855,375.06,1008567.0
1783900800,375.84,377.53,369.68,372.78,978590.0
1783987200,371.76,376.805,369.14,369.5,1387534.0
1784073600,370.58,372.5,364.49,365.63,1199201.0
1784160000,366.75,370.0,364.0,368.82,709963.0
1784246400,370.58,376.59,366.52,368.58,1279206.0
1784505600,369.99,373.92,369.48,370.6,703324.0
1784592000,368.94,373.69,361.241,367.73,1036959.0
1784678400,371.1,375.23,370.005,373.16,956014.0
1784764800,378.37,387.69,376.47,381.79,1685795.0
1784851200,383.97,388.115,382.14,386.75,1499017.0
1785110400,389.1,392.57,386.4663,389.14,1194888.0
1785196800,393.0,395.43,389.25,393.19,1704103.0
1785283200,398.8,400.0,380.96,380.96,1936151.0
1785369600,376.85,383.48,374.04,382.2,1200010.0
1785456000,382.38,384.67,376.82,383.42,1524377.0
1785715200,387.55,387.69,380.45,382.43,919012.0
1785801600,384.09,388.36,378.87,385.76,1502582.0
1785888000,388.55,389.5,381.35,384.08,834667.0
1785974400,387.68,388.9,384.78,386.92,650399.0
1786060800,386.97,392.14,383.26,392.05,1053068.0
1786320000,393.0,397.1999,392.05,395.97,779796.0
1786406400,396.15,396.955,391.25,391.89,569939.0
1786492800,390.42,396.05,389.01,394.21,716110.0
1786579200,396.0,396.71,390.23,392.96,660643.0
1786665600,394.28,396.1607,392.6,395.78,472385.0
1786924800,391.77,394.52,389.79,391.14,725783.0
1787011200,393.93,395.98,392.66,393.48,619783.0
1787097600,396.43,396.92,391.47,392.34,860411.0
1787184000,391.18,394.68,385.1801,386.07,933085.0
1787270400,387.0,388.38,382.185,384.29,759777.0
1787529600,384.48,386.4099,381.53,383.77,824747.0
1787616000,384.0,384.12,375.18,376.58,978662.0
1787702400,378.05,382.99,378.02,382.02,819989.0
1787788800,381.07,382.18,378.33,380.06,592828.0
1787875200,381.07,381.08,377.66,379.32,624560.0
1788134400,377.24,378.99,367.46,371.35,1256086.0
1788220800,371.5,375.305,367.41,369.41,1269599.0
1788307200,369.85,370.365,362.205,364.07,1575513.0
1788393600,366.75,367.25,359.5,365.87,1485534.0
1788480000,361.58,366.4737,358.04,359.39,1080766.0
1788825600,358.7,361.0,355.14,356.58,1090022.0
1788912000,356.41,360.5,352.19,352.67,907553.0
1788998400,353.55,355.735,352.29,354.25,851075.0
1789084800,357.0,357.94,352.5101,355.9,1343542.0
1789344000,357.88,359.15,355.64,356.81,910008.0
1789430400,357.07,360.26,353.12,358.6,1259095.0
1789516800,357.59,362.07,356.05,360.0,1003430.0
1789603200,361.23,362.39,353.39,355.95,1152094.0
1789689600,355.48,355.72,349.835,353.05,2695488.0
1789948800,352.74,355.05,351.41,353.9,926704.0
1790035200,353.95,354.67,342.1575,343.39,1279774.0
1790121600,344.19,348.76,343.05,343.33,1085318.0
1790208000,343.0,344.74,336.19,336.29,1570521.0
