timestamp,open,high,low,close,volume
1474848000,81.0,81.13,79.915,80.62,9027674.0
1474934400,79.32,79.9,78.64,79.25,13200860.0
1475020800,79.12,79.5,78.51,78.97,6843847.0
1475107200,79.16,79.337,77.75,77.86,7572661.0
1475193600,78.06,79.63,78.05,79.12,11025700.0
1475452800,78.63,78.97,77.25,78.03,10602890.0
1475539200,77.6,78.42,77.12,77.24,8206121.0
1475625600,77.35,78.0,77.2,77.57,7895586.0
1475712000,77.38,77.76,76.075,76.21,10143990.0
1475798400,76.45,76.48,74.92,75.24,11110630.0
1476057600,75.5,75.9675,75.26,75.49,7146787.0
1476144000,75.14,75.28,73.56,73.82,11892180.0
1476230400,74.18,74.205,72.92,73.03,9984944.0
1476316800,72.29,73.93,72.21,73.06,10581640.0
1476403200,73.27,73.5,72.73,72.75,7344152.0
1476662400,72.54,73.46,72.31,72.64,8171260.0
1476748800,73.4,73.83,72.91,73.41,6347542.0
1476835200,73.5,73.92,73.31,73.34,6316584.0
1476921600,73.14,74.81,73.1,74.31,10345490.0
1477008000,74.1,74.94,73.775,74.29,8247905.0
1477267200,74.51,74.78,73.74,74.15,7398994.0
1477353600,74.04,74.675,73.91,74.41,6139183.0
1477440000,74.51,75.8,74.26,75.38,8327657.0
1477526400,75.93,76.3562,75.64,75.83,9589711.0
1477612800,74.75,74.78,73.23,73.88,13156680.0
1477872000,74.09,74.44,73.55,73.63,8429003.0
1477958400,73.63,74.29,73.06,74.07,10671700.0
1478044800,74.0,74.35,72.45,72.51,14512860.0
1478131200,72.33,72.93,71.68,71.76,9267315.0
1478217600,71.52,73.29,71.391,72.43,11775270.0
1478476800,73.48,74.71,73.05,74.0,9502735.0
1478563200,73.93,74.655,73.285,74.04,7441115.0
1478649600,76.8,80.0,76.75,78.47,26685650.0
1478736000,79.66,80.0,76.94,77.84,16639800.0
1478822400,77.48,77.51,75.29,76.42,12930900.0
1479081600,77.04,77.125,76.07,76.75,8803875.0
1479168000,77.03,77.11,75.0,76.35,8477725.0
1479254400,76.08,76.88,75.57,76.0,8394525.0
1479340800,75.72,76.015,74.85,75.58,9352101.0
1479427200,75.59,75.74,74.25,74.62,8170795.0
1479686400,74.66,75.19,74.45,74.98,6803582.0
1479772800,75.06,75.44,74.02,74.46,6018659.0
1479859200,73.845,75.35,73.76,75.3,6847139.0
1480032000,75.47,75.55,74.87,75.44,3068606.0
1480291200,75.3,75.44,74.22,74.54,9294516.0
1480377600,74.69,75.4,74.29,74.87,7140713.0
1480464000,75.0,75.08,73.59,73.7,10612020.0
1480550400,73.97,74.03,72.72,72.84,8246439.0
1480636800,73.04,73.6,72.16,72.42,9224874.0
1480896000,72.79,72.97,71.93,72.36,9970486.0
1480982400,72.67,72.67,71.95,72.47,8719596.0
1481068800,71.78,72.9,71.55,72.78,13059670.0
1481155200,72.46,72.6,70.83,72.02,12325870.0
1481241600,72.34,73.13,71.95,72.7,9913369.0
1481500800,72.56,73.68,72.13,73.47,9465481.0
1481587200,73.41,75.87,73.4,74.84,12592290.0
1481673600,74.86,76.32,74.86,75.71,11774060.0
1481760000,75.8,75.99,74.91,75.55,9335427.0
1481846400,74.43,74.955,73.94,74.1,14429470.0
1482105600,73.61,75.3,73.55,74.4,8204274.0
1482192000,74.51,74.63,73.43,74.05,8367249.0
1482278400,74.03,74.83,73.56,73.96,6976826.0
1482364800,73.68,73.75,72.92,73.3,8397535.0
1482451200,73.3,73.89,73.22,73.64,5306041.0
1482796800,73.52,74.8,73.51,73.73,6626137.0
1482883200,73.61,73.7,72.62,72.77,6333759.0
1482969600,72.77,72.85,71.9367,72.13,7530746.0
1483056000,72.03,72.26,71.3,71.61,9210797.0
1483401600,72.34,74.23,72.18,74.16,10916890.0
1483488000,74.53,76.98,74.377,76.38,14829730.0
1483574400,76.84,76.85,75.57,76.01,9412025.0
1483660800,76.45,76.5,75.41,75.49,8973119.0
1483920000,75.93,76.09,75.27,75.84,10160070.0
1484006400,76.46,76.5,74.93,75.01,8841711.0
1484092800,75.52,75.55,73.01,73.77,14132870.0
1484179200,73.53,73.68,72.93,73.36,7056430.0
1484265600,73.63,73.78,73.0,73.07,8257573.0
1484611200,72.92,72.92,71.73,71.91,11695560.0
1484697600,72.24,72.47,71.5,72.13,9908411.0
1484784000,71.816,72.25,71.23,71.57,9800159.0
1484870400,71.97,72.0,70.58,71.01,10261690.0
1485129600,70.87,71.29,70.3,70.69,9644955.0
1485216000,70.6,70.98,69.78,70.25,10894490.0
1485302400,70.82,72.34,70.72,71.91,14017060.0
1485388800,71.78,71.85,71.15,71.22,8570267.0
1485475200,71.43,72.1698,71.161,71.26,6937414.0
1485734400,71.0,71.67,70.745,71.51,7230006.0
1485820800,71.13,72.58,70.99,72.45,10359990.0
1485907200,72.72,72.88,72.06,72.82,7440373.0
1485993600,72.61,72.83,71.78,72.25,8797874.0
1486080000,72.74,72.75,71.77,72.34,8015666.0
1486339200,72.02,72.669,71.44,72.39,7544025.0
1486425600,72.56,73.3,72.41,73.13,12807210.0
1486512000,67.27,67.27,65.75,66.83,51503980.0
1486598400,66.34,66.79,65.38,65.59,23046020.0
1486684800,65.85,66.78,65.43,66.36,16194790.0
1486944000,66.81,67.785,66.5,67.65,15830980.0
1487030400,68.6,68.67,67.33,67.55,14914620.0
1487116800,67.7,69.98,67.6625,69.8,16569370.0
1487203200,70.0,70.67,69.2601,70.31,10943170.0
1487289600,70.18,70.79,69.71,69.85,11181460.0
1487635200,70.0,70.0,68.83,69.29,11172310.0
1487721600,69.11,69.73,68.66,68.83,10061790.0
1487808000,68.74,69.525,68.43,69.37,7523979.0
1487894400,69.32,70.07,69.05,69.94,7380147.0
1488153600,69.82,70.5375,69.8,70.5,6339203.0
1488240000,70.37,70.94,70.01,70.48,8814897.0
1488326400,70.82,70.99,70.02,70.19,9622783.0
1488412800,70.0,70.89,70.0,70.53,8661909.0
1488499200,70.67,70.81,70.22,70.74,6621336.0
1488758400,70.56,70.6,69.7,70.12,7325059.0
1488844800,69.59,69.96,68.78,69.02,9027944.0
1488931200,69.02,69.995,68.88,69.7,7379013.0
1489017600,69.21,69.25,67.81,68.39,13568210.0
1489104000,68.57,68.61,67.45,68.19,14435400.0
1489363200,68.32,68.35,67.53,68.1,8419009.0
1489449600,67.41,68.1,67.4,67.77,6102863.0
1489536000,67.97,68.78,67.61,68.47,8312054.0
1489622400,68.74,68.78,68.21,68.54,6840322.0
1489708800,68.76,69.88,68.25,69.06,18204940.0
1489968000,68.94,69.21,68.64,68.71,6229380.0
1490054400,68.8,69.075,67.43,67.74,8663596.0
1490140800,67.795,68.05,67.505,67.83,5363743.0
1490227200,67.61,67.92,67.26,67.49,6162100.0
1490313600,67.57,67.87,67.2014,67.51,6037296.0
1490572800,67.11,67.82,66.97,67.5,5446869.0
1490659200,67.45,67.48,66.8,67.1,8505930.0
1490745600,67.1,67.565,66.91,67.26,7223749.0
1490832000,67.36,67.78,67.1,67.53,5193668.0
1490918400,67.37,68.33,67.37,67.92,8876079.0
1491177600,67.85,68.02,66.75,67.1,8438415.0
1491264000,67.04,67.14,66.65,66.98,5885428.0
1491350400,66.98,67.125,66.4,66.47,7085840.0
1491436800,66.43,66.8,66.2275,66.48,8697273.0
1491523200,66.42,66.84,66.271,66.58,7608386.0
1491782400,66.56,67.235,66.39,66.42,6548310.0
1491868800,66.43,66.5305,65.825,66.02,7327535.0
1491955200,66.33,66.37,65.79,66.22,7816791.0
1492041600,66.18,66.82,66.09,66.51,6050160.0
1492387200,66.81,67.15,66.6,66.7,5654170.0
1492473600,66.59,66.87,65.7,66.06,7355310.0
1492560000,66.19,66.4,65.89,66.28,5342569.0
1492646400,66.36,66.67,66.16,66.5,6373447.0
1492732800,66.54,66.68,65.7478,65.93,6983646.0
1492992000,66.49,66.49,65.71,66.25,9115220.0
1493078400,66.6,67.53,66.56,67.12,8992528.0
1493164800,67.41,68.6,67.27,68.22,15145310.0
1493251200,68.17,68.76,68.05,68.58,6721824.0
1493337600,68.83,68.96,68.24,68.55,6249725.0
1493596800,68.54,68.81,68.05,68.11,5340954.0
1493683200,68.29,69.16,68.16,68.59,11180860.0
1493769600,67.11,67.58,66.27,67.21,13556820.0
1493856000,67.42,68.57,67.33,68.08,8627606.0
1493942400,68.1,68.45,67.51,67.8,5767553.0
1494201600,67.78,67.82,67.08,67.21,7100047.0
1494288000,67.22,67.75,67.1,67.61,5556967.0
1494374400,67.69,67.8,66.71,66.92,7165326.0
1494460800,66.77,66.84,66.055,66.71,8036023.0
1494547200,66.87,66.899,65.74,66.06,8085865.0
1494806400,66.08,66.17,65.73,65.95,6185744.0
1494892800,65.74,66.03,65.48,65.72,5957741.0
1494979200,65.37,65.62,64.46,64.51,8960996.0
1495065600,64.45,64.67,63.88,64.43,7925834.0
1495152000,64.38,64.8,64.075,64.23,8425903.0
1495411200,64.24,64.64,64.12,64.36,7161621.0
1495497600,64.36,64.8,64.3,64.69,5094568.0
1495584000,64.73,64.79,64.23,64.31,5992019.0
1495670400,64.5,64.8266,64.21,64.56,5652562.0
1495756800,64.37,64.75,64.31,64.5,4021663.0
1496102400,64.47,64.7712,64.3,64.49,6979403.0
1496188800,64.47,64.92,64.18,64.89,9144553.0
1496275200,65.01,65.71,64.51,64.62,9257563.0
1496361600,64.9,65.55,64.76,65.4,6432391.0
1496620800,65.59,65.79,65.04,65.48,6172311.0
1496707200,65.19,65.38,64.64,64.85,7274056.0
1496793600,65.03,65.17,64.2,64.32,7775884.0
1496880000,64.16,64.58,64.055,64.12,8720690.0
1496966400,64.11,64.94,63.95,64.7,9316092.0
1497225600,64.6,66.7,64.55,65.43,10443800.0
1497312000,65.61,65.65,65.01,65.15,8183720.0
1497398400,64.92,65.365,64.54,64.99,6772580.0
1497484800,64.71,65.16,64.0954,64.81,6741091.0
1497571200,64.79,64.84,63.759,64.12,10207190.0
1497830400,64.23,64.975,64.08,64.82,7854916.0
1497916800,64.89,66.0,64.02,65.59,13102490.0
1498003200,65.82,67.69,65.61,67.5,13724790.0
1498089600,68.32,71.44,68.2938,70.48,28309500.0
1498176000,71.24,71.37,69.84,70.52,22896410.0
1498435200,71.25,71.76,70.72,71.24,14020850.0
1498521600,71.4,71.9,70.64,70.65,10757450.0
1498608000,70.97,72.09,70.83,71.92,10591090.0
1498694400,72.0,72.17,70.02,70.86,11420190.0
1498780800,71.56,71.64,70.32,70.78,6711187.0
1499040000,71.11,71.6,70.56,70.7,3453349.0
1499212800,70.83,71.285,70.16,70.86,7209671.0
1499299200,70.66,70.74,69.19,69.48,7979728.0
1499385600,69.69,69.69,68.54,69.25,6371575.0
1499644800,69.24,69.74,69.1233,69.29,6392980.0
1499731200,68.99,69.495,68.61,69.35,6433733.0
1499817600,69.77,70.13,69.605,69.8,5576244.0
1499904000,69.99,70.98,69.5175,70.58,7532648.0
1499990400,70.74,71.03,70.42,70.57,5154042.0
1500249600,70.58,71.86,70.4,71.15,7612023.0
1500336000,71.3,71.73,70.72,71.69,6070983.0
1500422400,72.0,72.74,71.77,72.72,8143278.0
1500508800,72.86,73.74,72.77,73.42,9246843.0
1500595200,73.32,74.41,73.28,73.76,8867711.0
1500854400,73.7,74.42,73.19,74.39,8896479.0
1500940800,74.72,75.29,73.62,73.74,9002369.0
1501027200,74.1,74.27,73.62,74.19,10373770.0
1501113600,75.43,75.99,74.45,74.96,13868100.0
1501200000,75.01,76.03,74.75,75.94,8953465.0
1501459200,76.0,76.49,75.83,76.09,7970127.0
1501545600,76.35,76.36,75.52,75.7,7282608.0
1501632000,75.54,75.9,75.17,75.84,7068614.0
1501718400,75.77,76.0,74.3,74.37,11121210.0
1501804800,73.73,73.76,72.58,73.16,14949080.0
1502064000,72.8,73.5,72.28,73.44,7555923.0
1502150400,73.42,73.67,72.81,73.27,7903028.0
1502236800,72.83,74.68,72.83,73.9,12037390.0
1502323200,73.52,73.78,72.53,72.7,8666749.0
1502409600,72.52,72.68,71.82,72.4,7024503.0
1502668800,72.87,73.115,72.56,72.81,4960849.0
1502755200,73.0,73.38,72.73,73.12,5185715.0
1502841600,73.19,73.77,73.12,73.35,5224536.0
1502928000,73.09,73.41,72.275,72.34,8972328.0
1503014400,72.32,72.63,71.835,72.11,6043243.0
1503273600,72.08,72.96,72.08,72.6,5464719.0
1503360000,72.66,73.76,72.65,73.34,4728760.0
1503446400,73.27,74.2,73.06,73.74,6503103.0
1503532800,73.81,74.3,73.65,74.02,4911741.0
1503619200,74.23,74.43,73.69,73.79,3691304.0
1503878400,74.9,75.935,74.2,74.69,18778660.0
1503964800,74.29,75.8,74.22,75.74,10665780.0
1504051200,75.82,81.44,75.74,81.23,35728190.0
1504137600,81.5,84.13,81.47,83.71,30829310.0
1504224000,83.36,84.1,82.25,83.75,14265590.0
1504569600,83.24,83.6179,81.35,82.56,13723750.0
1504656000,82.85,83.43,82.51,82.95,10521300.0
1504742400,83.12,85.62,82.9,85.47,13115570.0
1504828800,85.29,86.2666,84.901,85.1,11585910.0
1505088000,85.68,86.0,84.14,84.52,10124540.0
1505174400,84.15,84.75,83.8,84.51,8882262.0
1505260800,84.5,84.51,83.37,83.68,7580677.0
1505347200,83.14,83.14,81.57,82.29,9591590.0
1505433600,82.79,83.5,82.305,82.36,12391070.0
1505692800,82.53,83.5,81.54,82.97,7608684.0
1505779200,83.39,83.39,82.13,82.29,6096697.0
1505865600,82.36,82.9,81.84,82.64,5514922.0
1505952000,82.73,83.413,82.23,82.62,6126116.0
1506038400,82.47,83.37,82.01,83.27,5652704.0
1506297600,83.41,84.28,82.86,83.61,7950993.0
1506384000,83.67,84.73,83.55,83.76,7891662.0
1506470400,83.98,84.55,83.46,83.86,6809955.0
1506556800,83.51,83.6,79.21,80.91,17733740.0
1506643200,81.2,81.96,79.31,81.02,13285380.0
1506902400,81.21,83.63,81.18,83.52,9791011.0
1506988800,83.5,84.23,82.13,83.19,6512694.0
1507075200,83.23,83.26,82.07,82.42,6705804.0
1507161600,82.22,83.53,82.13,83.51,6699862.0
1507248000,82.94,83.22,81.95,82.14,5788228.0
1507507200,82.36,82.76,81.56,81.98,3959236.0
1507593600,81.9,83.06,81.865,83.04,5735426.0
1507680000,83.06,83.29,82.31,82.57,6767547.0
1507766400,82.57,82.82,81.0201,81.3,6824176.0
1507852800,81.27,81.58,80.65,81.17,5681946.0
1508112000,81.13,81.21,79.55,79.95,7216059.0
1508198400,80.0,80.71,79.56,80.24,6347927.0
1508284800,80.26,80.84,79.76,80.01,6784083.0
1508371200,81.53,82.47,80.5102,81.59,15557880.0
1508457600,81.95,81.95,80.45,81.21,9129712.0
1508716800,81.25,81.32,80.09,80.17,6799780.0
1508803200,80.18,80.38,78.8,80.1,7255555.0
1508889600,80.08,80.08,78.69,79.89,9568991.0
1508976000,78.29,79.5,77.0,77.88,12373050.0
1509062400,75.01,77.2,72.76,77.07,22755250.0
1509321600,76.1,76.93,75.25,75.99,11264130.0
1509408000,75.83,76.39,74.725,74.96,8467229.0
1509494400,74.69,75.85,74.22,74.835,8758704.0
1509580800,74.72,74.8,73.55,73.81,7450503.0
1509667200,73.59,73.85,72.83,73.46,7646610.0
1509926400,73.29,73.5,72.11,72.38,8255053.0
1510012800,72.41,73.34,72.32,73.21,7821004.0
1510099200,73.32,73.37,72.72,73.1,8093810.0
1510185600,73.04,73.42,72.62,73.02,5809703.0
1510272000,72.96,74.085,72.2,73.77,7697695.0
1510531200,73.25,73.39,72.51,72.85,8712210.0
1510617600,72.7,72.72,70.05,71.15,10925090.0
1510704000,70.63,72.1,70.53,71.81,8341283.0
1510790400,71.75,72.6,71.25,72.41,7405670.0
1510876800,72.27,72.62,72.12,72.44,5717641.0
1511136000,72.41,72.61,71.55,72.13,6450740.0
1511222400,72.07,72.84,71.82,72.51,6462469.0
1511308800,72.48,73.09,72.35,72.82,4368589.0
1511481600,72.76,72.92,72.23,72.46,2335914.0
1511740800,72.51,72.6,71.52,71.7,4843991.0
1511827200,72.16,72.68,71.4,72.59,5966229.0
1511913600,72.84,74.2,72.57,73.67,9793845.0
1512000000,74.49,75.1025,73.75,74.78,11697530.0
1512086400,74.44,75.61,73.5013,75.34,8423307.0
1512345600,75.46,75.58,72.91,73.09,8615060.0
1512432000,73.09,74.03,72.72,73.29,8380394.0
1512518400,73.72,74.35,72.84,73.29,6076388.0
1512604800,73.2,73.25,72.21,72.72,6169603.0
1512691200,73.4,74.38,72.51,74.22,7900501.0
1512950400,74.6,76.27,74.388,75.88,9162898.0
1513036800,76.05,76.16,74.25,76.09,9277238.0
1513123200,76.31,77.15,76.27,76.58,9968560.0
1513209600,76.0,76.47,74.07,74.34,9040591.0
1513296000,75.0,75.73,74.1,75.57,15368000.0
1513555200,76.03,76.48,75.01,75.13,9980121.0
1513641600,75.06,75.341,74.26,74.35,6728629.0
1513728000,73.53,74.73,73.42,74.01,7348658.0
1513814400,73.73,74.37,72.93,73.02,7195027.0
1513900800,72.8,73.35,72.37,72.71,6544519.0
1514246400,72.58,73.0613,72.31,72.7,4460412.0
1514332800,72.73,73.43,72.56,72.98,3926395.0
1514419200,73.03,73.17,72.04,72.48,4610503.0
1514505600,72.31,72.749,71.61,71.64,7346880.0
1514851200,72.19,74.27,71.722,74.1,7804298.0
1514937600,74.05,74.84,73.33,74.66,6630718.0
1515024000,75.0,75.07,73.56,73.9,5065294.0
1515110400,74.17,74.54,73.03,74.52,7899401.0
1515369600,74.34,74.72,73.44,74.4,5849304.0
1515456000,74.61,78.68,74.57,78.1,14800970.0
1515542400,78.1,78.87,77.01,78.71,10124260.0
1515628800,78.7,79.68,77.87,79.06,7871099.0
1515715200,79.34,79.4,78.65,79.02,6342448.0
1516060800,79.75,81.59,79.52,80.25,11681230.0
1516147200,80.71,82.07,80.21,81.74,11158090.0
1516233600,81.47,81.65,80.77,81.17,7474993.0
1516320000,81.3,81.534,80.37,80.98,6970543.0
1516579200,81.31,82.05,81.05,81.41,7456391.0
1516665600,81.23,82.18,80.91,80.95,6837328.0
1516752000,81.29,82.07,80.581,81.3,4530402.0
1516838400,81.58,81.84,80.85,81.19,4655361.0
1516924800,81.96,85.49,81.88,85.46,14604500.0
1517184000,85.12,89.54,85.12,88.8,19396970.0
1517270400,88.02,88.33,86.2725,87.29,13954910.0
1517356800,86.6,87.1,83.29,83.8,12749420.0
1517443200,83.2,84.16,81.1809,83.49,7266391.0
1517529600,82.65,83.34,81.48,81.73,8898996.0
1517788800,81.4,82.5045,78.34,78.37,10594640.0
1517875200,77.35,80.61,76.9,80.38,13185940.0
1517961600,79.67,84.58,79.35,82.76,20172550.0
1518048000,82.44,82.85,78.07,78.22,13742130.0
1518134400,78.9,79.95,76.02,79.32,13613240.0
1518393600,79.77,81.42,79.63,80.14,9972034.0
1518480000,79.57,81.09,78.65,80.79,6595154.0
1518566400,80.2,82.29,79.98,81.82,7041134.0
1518652800,82.22,82.3,81.49,81.55,7158325.0
1518739200,81.45,82.33,80.61,80.7,7498388.0
1519084800,80.21,81.73,80.21,80.94,7209557.0
1519171200,80.9,81.93,80.3,80.69,6933110.0
1519257600,80.73,81.13,79.18,79.4,8202474.0
1519344000,79.82,80.94,79.29,80.91,5427133.0
1519603200,81.26,81.93,80.2,81.79,6000060.0
1519689600,81.78,82.04,80.3,80.36,6747104.0
1519776000,80.49,80.7,78.69,78.73,7558560.0
1519862400,78.94,79.82,77.03,77.53,8256667.0
1519948800,76.84,78.89,76.4,78.69,6625008.0
1520208000,78.22,78.68,77.14,77.92,9443577.0
1520294400,78.6,80.03,78.47,79.32,7672208.0
1520380800,78.74,80.15,78.12,79.99,6714039.0
1520467200,79.96,80.67,79.32,80.07,5925076.0
1520553600,80.5,81.05,79.99,80.72,7025471.0
1520812800,80.93,81.34,80.42,81.06,7509509.0
1520899200,81.13,82.715,81.12,81.72,7606162.0
1520985600,82.05,82.5725,80.89,81.1,6517554.0
1521072000,80.56,80.88,79.2727,79.51,5937341.0
1521158400,79.92,80.9,79.4,79.74,8834088.0
1521417600,79.31,79.5,76.3,77.18,8700495.0
1521504000,77.38,77.699,76.71,76.92,5788478.0
1521590400,76.74,77.44,76.21,76.49,5813367.0
1521676800,75.85,76.76,75.04,75.57,7543305.0
1521763200,75.38,75.62,72.73,72.84,9071447.0
1522022400,74.17,75.71,73.57,75.54,7245023.0
1522108800,75.98,76.15,73.55,74.11,6303282.0
1522195200,74.19,75.74,73.9,74.78,6484709.0
1522281600,75.14,76.19,74.61,75.39,5693501.0
1522627200,74.93,75.09,71.87,73.14,8232093.0
1522713600,73.44,73.96,72.03,73.75,5982845.0
1522800000,72.95,75.68,72.81,75.4,7841074.0
1522886400,75.93,75.98,74.18,74.82,6180355.0
1522972800,74.28,75.3,72.71,73.41,6434206.0
1523232000,73.88,75.305,73.15,73.8,6383363.0
1523318400,74.57,75.48,73.79,75.02,5752036.0
1523404800,74.69,75.21,74.21,74.33,7084012.0
1523491200,74.83,76.25,74.83,75.29,4857313.0
1523577600,75.56,75.8399,74.86,75.22,4038941.0
1523836800,75.87,75.98,74.24,74.69,4716464.0
1523923200,74.95,75.935,74.59,75.47,4337360.0
1524009600,75.64,76.07,75.25,75.68,3019101.0
1524096000,75.42,75.92,73.83,74.44,3957995.0
1524182400,74.4,74.42,73.18,73.7,5190354.0
1524441600,74.08,74.32,73.35,74.01,5014156.0
1524528000,74.08,74.3,72.26,72.72,5393816.0
1524614400,72.79,73.56,72.47,73.25,5704195.0
1524700800,73.28,74.32,72.09,73.9,6325069.0
1524787200,73.91,74.19,73.1,73.86,5025760.0
1525046400,74.06,74.22,72.17,72.23,8157656.0
1525132800,72.29,72.83,71.7802,72.56,6144909.0
1525219200,68.26,68.76,66.02,66.88,25763450.0
1525305600,66.6,66.84,64.27,65.19,15043680.0
1525392000,65.08,65.71,64.709,65.42,8903798.0
1525651200,65.71,65.94,64.43,64.88,13204460.0
1525737600,64.99,65.67,64.54,65.22,8965235.0
1525824000,65.27,66.09,64.63,65.69,7851906.0
1525910400,66.01,66.1,65.21,65.37,6435375.0
1525996800,65.22,66.75,64.84,66.16,10006810.0
1526256000,66.36,67.68,66.19,67.05,6173678.0
1526342400,66.8,67.56,66.6417,66.99,7479305.0
1526428800,67.0,67.98,67.0,67.55,6176574.0
1526515200,67.1,68.1299,67.1,67.6,5934969.0
1526601600,67.59,68.49,67.34,68.02,6335867.0
1526860800,68.15,68.57,67.25,67.63,6000661.0
1526947200,67.97,68.69,67.51,67.83,6210149.0
1527033600,67.36,68.38,67.35,68.17,5090318.0
1527120000,68.04,68.29,67.08,67.53,4863975.0
1527206400,67.65,67.93,67.0,67.38,4703110.0
1527552000,67.0,67.56,66.71,67.33,7819823.0
1527638400,67.66,67.7922,67.31,67.69,5898626.0
1527724800,68.1,68.15,67.21,67.4,12436680.0
1527811200,67.62,68.43,67.52,68.3,5091234.0
1528070400,68.19,70.8,67.95,70.21,11726130.0
1528156800,70.25,70.73,69.2745,70.06,7133246.0
1528243200,70.17,71.97,69.69,71.97,12366340.0
1528329600,71.88,71.95,71.1,71.9,7596679.0
1528416000,71.45,72.2775,71.35,71.91,5836748.0
1528675200,71.79,72.0,71.11,71.83,5419620.0
1528761600,71.76,71.98,70.99,71.68,6977176.0
1528848000,71.9,71.98,71.0,71.29,5066613.0
1528934400,71.0,71.62,70.51,71.15,5218712.0
1529020800,71.1,71.41,69.91,70.23,11512400.0
1529280000,69.77,69.9445,68.9166,69.06,6567046.0
1529366400,68.46,70.9898,68.16,70.94,8556516.0
1529452800,70.96,71.57,70.35,71.46,6010056.0
1529539200,71.47,71.69,70.78,71.52,6539574.0
1529625600,71.69,71.76,70.83,71.07,6118262.0
1529884800,70.72,71.6362,70.545,71.14,6018887.0
1529971200,71.26,72.07,69.71,70.25,6538329.0
1530057600,70.34,70.78,68.6,68.64,5727347.0
1530144000,69.85,70.5,69.08,70.33,7969618.0
1530230400,70.48,71.5,70.29,70.84,5712270.0
1530489600,70.7,71.38,70.3,71.28,3994593.0
1530576000,71.4,71.9399,71.095,71.33,3147727.0
1530748800,71.34,72.889,71.285,72.81,5754284.0
1530835200,73.2,75.44,73.0,75.21,8489193.0
1531094400,75.45,77.19,75.21,76.64,8443483.0
1531180800,77.03,77.44,76.24,76.75,8374314.0
1531267200,76.5,76.66,75.69,76.02,6069596.0
1531353600,76.56,78.17,75.93,77.6,8955942.0
1531440000,77.4,77.89,77.035,77.38,4031237.0
1531699200,77.58,77.85,76.73,77.26,3085949.0
1531785600,77.11,77.76,76.93,77.2,4384784.0
1531872000,77.09,77.78,76.82,77.12,5186588.0
1531958400,76.99,77.7297,76.08,77.05,6457300.0
1532044800,76.361,77.7,76.361,77.37,5655986.0
1532304000,77.09,77.94,76.96,77.38,5112811.0
1532390400,77.75,78.59,77.4,77.65,8685362.0
1532476800,77.47,79.0,77.29,78.92,7949079.0
1532563200,77.77,79.04,76.1,78.16,14488790.0
1532649600,78.13,78.95,76.63,76.81,9452224.0
1532908800,76.47,76.96,75.84,76.32,5713989.0
1532995200,76.59,78.08,76.19,77.83,6547647.0
1533081600,77.5,78.35,77.38,77.9,4245085.0
1533168000,77.69,78.16,76.86,77.63,5627234.0
1533254400,77.68,77.95,77.17,77.93,4628620.0
1533513600,77.84,78.24,77.26,77.87,3955141.0
1533600000,77.94,78.5543,77.52,78.38,5535441.0
1533686400,78.19,78.38,76.83,76.91,4400577.0
1533772800,77.03,78.62,76.92,78.04,5605748.0
1533859200,77.52,77.96,76.3,76.73,5478929.0
1534118400,76.87,77.48,76.53,77.17,4903364.0
1534204800,77.11,77.8225,77.11,77.31,4283863.0
1534291200,76.4,76.47,74.25,74.84,11799230.0
1534377600,75.16,75.68,74.68,75.59,8710090.0
1534464000,75.41,75.55,72.06,72.92,13337280.0
1534723200,72.94,73.37,71.9,72.36,8958900.0
1534809600,72.37,73.48,72.37,73.32,9016036.0
1534896000,73.45,74.35,73.21,73.82,4969597.0
1534982400,73.54,73.76,72.7475,73.34,4734021.0
1535068800,73.52,74.01,73.21,73.59,4767066.0
1535328000,74.0,74.905,73.84,74.82,5346247.0
1535414400,74.8,75.47,74.61,74.93,4727472.0
1535500800,74.9,75.805,74.36,75.62,4570462.0
1535587200,75.74,76.35,75.5,76.29,4233504.0
1535673600,76.32,76.59,75.51,75.73,4310714.0
1536019200,75.36,75.72,73.65,74.29,4841288.0
1536105600,74.18,74.66,73.91,74.53,5069382.0
1536192000,74.37,74.64,72.61,72.88,5404337.0
1536278400,72.73,72.8,71.49,72.22,6891606.0
1536537600,72.58,73.17,72.3453,72.51,5009597.0
1536624000,72.6,72.69,71.77,72.23,5161834.0
1536710400,75.06,75.18,73.4001,73.97,9588172.0
1536796800,73.75,74.25,72.9,74.12,5573728.0
1536883200,74.21,74.545,73.2123,73.38,4914502.0
1537142400,73.5,73.53,72.615,72.78,5755570.0
1537228800,72.78,74.01,72.18,73.67,7250636.0
1537315200,73.47,74.32,73.3,73.88,3662819.0
1537401600,73.96,74.96,73.84,74.83,5715576.0
1537488000,74.79,75.93,74.75,75.51,9567080.0
1537747200,75.29,76.21,75.24,75.62,4924054.0
1537833600,75.7,75.99,74.92,74.99,5440165.0
1537920000,75.11,76.41,74.85,75.65,7490556.0
1538006400,75.65,77.095,75.57,76.58,5449369.0
1538092800,76.58,77.24,76.13,77.21,7603987.0
1538352000,77.32,78.59,77.04,77.96,7820387.0
1538438400,78.03,78.75,77.69,78.67,7402705.0
1538524800,78.85,79.61,78.48,79.0,6558880.0
1538611200,78.68,78.95,75.83,76.56,7705395.0
1538697600,76.77,77.5599,75.15,76.24,6083267.0
1538956800,76.3,76.65,75.51,76.4,4507071.0
1539043200,76.2,77.39,75.83,76.54,5367794.0
1539129600,76.22,77.055,74.75,74.78,6679504.0
1539216000,74.9,75.19,71.8,72.5,8482631.0
1539302400,73.2,73.9,72.26,73.59,5559723.0
1539561600,73.31,73.77,72.71,72.78,4997175.0
1539648000,73.3,76.44,73.04,76.31,7200346.0
1539734400,76.0,76.29,75.14,75.62,5451683.0
1539820800,75.56,75.6,73.32,74.17,6174792.0
1539907200,74.15,74.8,73.15,73.27,5017337.0
1540166400,73.46,73.7,72.18,72.34,5281467.0
1540252800,71.54,72.31,70.7,71.67,5738049.0
1540339200,71.23,72.06,67.88,68.01,8944365.0
1540425600,68.28,70.015,67.25,68.62,9371868.0
1540512000,66.79,70.28,66.5,69.74,11002470.0
1540771200,70.8,71.99,69.47,70.9,9182276.0
1540857600,71.24,72.62,71.04,72.04,6624121.0
1540944000,72.41,72.5,67.23,68.18,17201460.0
1541030400,68.2,70.415,68.0,70.31,7937195.0
1541116800,70.97,71.57,68.89,69.44,6047464.0
1541376000,69.88,70.17,68.96,69.58,5885880.0
1541462400,69.75,70.395,69.55,70.35,5696313.0
1541548800,71.01,72.8,70.36,72.48,8634042.0
1541635200,72.25,72.66,71.61,71.88,4998977.0
1541721600,71.47,71.91,70.68,71.18,4523980.0
1541980800,71.07,71.475,70.06,70.49,5098903.0
1542067200,70.6,72.55,70.31,70.92,4433411.0
1542153600,71.36,71.71,70.15,70.55,4385202.0
1542240000,70.22,70.57,68.44,69.78,9178490.0
1542326400,69.45,69.7,68.93,69.2,7955801.0
1542585600,69.07,69.24,67.65,68.01,8609529.0
1542672000,68.4,69.46,67.536,67.57,8507788.0
1542758400,67.57,67.6863,66.55,66.74,8864320.0
1542931200,66.38,67.04,66.06,66.59,3072792.0
1543190400,67.37,68.06,66.06,66.94,9248235.0
1543276800,66.49,67.45,65.81,67.44,8001520.0
1543363200,67.49,69.21,66.91,69.19,6381047.0
1543449600,68.8,70.28,68.7215,69.69,6405111.0
1543536000,69.73,72.197,69.45,71.94,8667010.0
1543795200,72.74,72.9,70.51,70.86,11065700.0
1543881600,70.8,72.63,69.32,69.55,9768155.0
1544054400,68.71,70.21,68.11,70.19,8033522.0
1544140800,69.78,70.0,67.89,68.15,5656219.0
1544400000,69.22,69.87,65.9,67.49,8881303.0
1544486400,68.13,69.1665,67.2,67.72,5800061.0
1544572800,68.58,69.32,68.06,68.14,6447768.0
1544659200,68.1,68.29,66.71,67.35,6197302.0
1544745600,66.8,67.17,65.375,65.57,8253596.0
1545004800,65.38,67.1,64.56,65.12,11090650.0
1545091200,65.48,66.74,64.3,64.84,9008622.0
1545177600,65.11,66.79,63.48,64.2,9483467.0
1545264000,64.13,65.35,63.3484,64.3,10267580.0
1545350400,64.75,66.09,62.25,62.62,17419490.0
1545609600,62.47,62.83,60.47,60.54,6162562.0
1545782400,60.65,63.23,60.32,63.22,8818248.0
1545868800,62.4,63.02,60.47,62.94,9369274.0
1545955200,62.81,63.04,61.67,61.88,6772049.0
1546214400,62.0,63.07,61.58,62.55,7487760.0
1546387200,61.76,64.01,61.5,63.44,7831298.0
1546473600,66.29,67.25,65.14,65.25,14600270.0
1546560000,66.25,68.425,66.04,68.25,8929172.0
1546819200,68.1,68.925,67.37,68.56,10468120.0
1546905600,68.85,69.15,67.09,68.09,6872165.0
1546992000,68.2,68.6638,67.5401,67.94,5727181.0
1547078400,67.74,68.273,67.09,68.04,5611160.0
1547164800,67.8,68.4,67.44,68.16,5659711.0
1547424000,67.77,67.936,67.11,67.25,8992333.0
1547510400,67.19,68.71,67.03,68.52,6836715.0
1547596800,68.27,68.87,67.55,67.64,5946244.0
1547683200,67.54,68.96,67.46,68.65,5180506.0
1547769600,69.24,69.58,68.51,69.18,8356349.0
1548115200,68.74,68.82,68.02,68.55,9826983.0
1548201600,68.52,69.508,67.82,68.25,6881106.0
1548288000,68.43,68.46,67.5196,67.86,7671880.0
1548374400,68.17,69.28,68.1,68.9,8809639.0
1548633600,68.42,69.0,67.36,67.91,6956404.0
1548720000,68.07,69.96,68.04,69.59,6986220.0
1548806400,69.42,70.3,68.6,69.83,5107554.0
1548892800,69.81,70.32,69.08,70.01,8342939.0
1548979200,70.0,70.5,69.36,70.05,6474878.0
1549238400,69.86,70.26,69.22,70.05,6870783.0
1549324800,67.75,69.02,66.75,67.68,14017820.0
1549411200,67.58,69.31,67.27,68.75,7433358.0
1549497600,68.43,68.77,66.92,67.28,6617603.0
1549584000,66.92,67.61,66.34,67.47,5162774.0
1549843200,67.62,67.9701,67.29,67.62,5334256.0
1549929600,64.78,65.44,63.96,65.4,15553270.0
1550016000,65.57,66.67,65.49,65.94,8837480.0
1550102400,66.13,66.785,65.68,66.37,5716357.0
1550188800,66.71,67.69,66.5,67.59,6209146.0
1550534400,67.34,67.77,66.65,66.76,6391517.0
1550620800,66.67,67.285,66.52,66.98,5617731.0
1550707200,66.93,66.96,65.235,65.55,5606796.0
1550793600,65.61,65.96,65.327,65.74,4925489.0
1551052800,66.055,66.055,65.2341,65.35,6926139.0
1551139200,65.245,65.82,65.09,65.28,5957278.0
1551225600,65.11,66.11,65.01,65.57,7625825.0
1551312000,65.2,65.66,64.73,65.02,7172625.0
1551398400,65.62,66.275,65.4,66.01,5866269.0
1551657600,66.2,66.47,64.9,65.45,7332970.0
1551744000,65.23,65.65,64.35,64.39,7219042.0
1551830400,64.45,64.59,62.755,62.92,9438739.0
1551916800,62.93,63.19,61.955,62.53,7588346.0
1552003200,62.23,63.41,62.0,63.23,7638393.0
1552262400,63.37,64.535,63.07,64.34,5207192.0
1552348800,64.54,65.28,64.16,64.83,5234569.0
1552435200,65.19,65.95,64.88,65.75,6145164.0
1552521600,65.04,65.3,64.345,64.79,7957813.0
1552608000,64.73,65.79,64.73,65.63,11970440.0
1552867200,65.79,65.9,64.83,65.02,8066672.0
1552953600,65.0,66.1,64.9,65.49,6787019.0
1553040000,65.07,65.25,64.375,64.6,8408197.0
1553126400,64.14,65.02,63.0,64.92,9065781.0
1553212800,64.86,65.1,63.7,63.77,5911780.0
1553472000,63.8,63.99,62.93,63.79,7603164.0
1553558400,64.05,64.95,63.95,64.24,6327541.0
1553644800,64.14,64.56,63.46,63.66,5891556.0
1553731200,63.92,63.94,63.17,63.69,5239602.0
1553817600,64.9,65.63,64.65,65.01,9476449.0
1554076800,65.54,66.24,65.25,65.88,5603980.0
1554163200,65.69,66.78,65.69,66.24,6928807.0
1554249600,66.68,66.775,66.18,66.66,6686036.0
1554336000,66.63,67.24,66.53,66.84,5713027.0
1554422400,67.2,68.07,66.91,67.54,5399632.0
1554681600,67.39,67.81,66.9,67.38,5307682.0
1554768000,67.27,67.62,65.94,66.09,5659069.0
1554854400,67.23,67.565,66.78,67.4,7446505.0
1554940800,67.84,68.0,66.03,66.31,5994375.0
1555027200,66.76,66.84,65.08,65.28,6913975.0
1555286400,65.4,65.96,64.5,65.43,4757881.0
1555372800,65.85,66.15,64.35,64.54,5820514.0
1555459200,64.58,64.7,63.15,63.25,7886843.0
1555545600,63.61,63.61,61.555,62.95,11509470.0
1555891200,62.78,63.33,61.55,61.87,11477820.0
1555977600,62.07,63.35,61.89,63.04,10169240.0
1556064000,63.16,63.19,62.2,62.8,6079860.0
1556150400,62.47,64.33,62.05,64.14,7928286.0
1556236800,64.43,65.32,64.31,65.15,8144181.0
1556496000,65.06,65.6,64.81,64.92,5172182.0
1556582400,64.95,65.26,63.95,65.04,6969417.0
1556668800,64.82,65.61,64.46,64.87,5779712.0
1556755200,64.71,65.39,64.2,65.3,5735764.0
1556841600,65.97,67.74,65.9,67.13,8822456.0
1557100800,66.33,67.8,66.04,67.69,6304667.0
1557187200,67.05,67.5,65.93,66.4,7281275.0
1557273600,66.18,66.44,65.21,66.07,6509549.0
1557360000,65.57,66.49,64.76,66.13,6116920.0
1557446400,66.04,66.28,64.12,65.57,5953374.0
1557705600,64.42,64.53,63.16,64.17,8146161.0
1557792000,64.24,65.6132,64.1,65.08,6810888.0
1557878400,64.67,65.78,64.39,65.3,5381485.0
1557964800,65.59,66.71,65.49,65.78,7535392.0
1558051200,65.77,67.22,65.6,66.36,6660945.0
1558310400,65.99,66.23,65.57,65.86,4473887.0
1558396800,66.22,66.725,65.81,66.52,5118549.0
1558483200,66.26,66.795,65.73,66.5,5764757.0
1558569600,66.75,67.46,66.37,67.17,6707321.0
1558656000,67.3,67.475,66.4529,66.89,4197968.0
1559001600,65.31,65.79,63.95,63.97,9821611.0
1559088000,63.61,63.73,62.84,63.37,7193883.0
1559174400,63.46,63.64,62.81,63.34,4311874.0
1559260800,62.77,63.06,62.17,62.25,4871870.0
1559520000,62.5,64.44,62.18,63.63,9150896.0
1559606400,63.97,64.72,63.66,64.32,5648000.0
1559692800,64.8,64.84,63.6001,64.44,5226709.0
1559779200,64.45,64.8,63.57,63.73,4982544.0
1559865600,64.14,65.625,63.47,65.35,6255175.0
1560124800,65.4,66.27,65.275,66.12,5942691.0
1560211200,66.13,66.835,65.95,66.1,5144617.0
1560297600,66.38,67.461,66.21,66.78,6407212.0
1560384000,66.31,67.25,66.3,66.99,4452859.0
1560470400,66.91,66.98,66.2,66.36,5333804.0
1560729600,66.47,67.45,66.07,67.1,5287314.0
1560816000,67.65,68.9,67.38,68.2,7385682.0
1560902400,68.03,68.4,67.645,68.26,4643103.0
1560988800,68.79,69.32,67.71,68.57,4968338.0
1561075200,68.53,69.47,68.27,69.38,8718528.0
1561334400,69.13,69.48,68.7,68.84,4013715.0
1561420800,68.75,69.98,68.125,68.48,6293231.0
1561507200,68.5,68.54,66.58,66.68,9479033.0
1561593600,66.64,67.385,66.26,67.08,5997026.0
1561680000,67.15,68.02,66.86,67.56,19742740.0
1561939200,68.0,68.86,67.275,67.83,6020119.0
1562025600,68.64,68.94,67.96,68.84,6010167.0
1562112000,69.07,69.07,68.32,69.0,2905965.0
1562284800,68.56,69.345,68.35,68.53,4118344.0
1562544000,68.27,68.47,66.36,67.48,7191911.0
1562630400,67.18,68.1769,66.75,67.75,5201387.0
1562716800,68.0,68.53,66.9002,67.46,4072325.0
1562803200,67.01,67.39,65.54,66.19,5833123.0
1562889600,66.17,66.675,65.885,66.26,4740688.0
1563148800,66.98,68.25,66.84,68.07,7495131.0
1563235200,68.07,68.2,66.505,66.94,5573167.0
1563321600,67.13,67.42,66.81,66.92,4858469.0
1563408000,66.63,67.6,66.3,67.21,4002492.0
1563494400,67.52,67.53,64.91,65.04,8876391.0
1563753600,65.3,65.82,64.75,64.91,6302747.0
1563840000,65.07,66.44,64.68,66.4,7854326.0
1563926400,66.48,66.8219,65.83,66.64,4592373.0
1564012800,66.57,67.07,66.2,66.32,4061245.0
1564099200,66.35,67.04,65.92,66.92,4790598.0
1564358400,68.09,68.4,67.3,67.87,5571668.0
1564444800,67.8,67.83,66.66,67.09,6694549.0
1564531200,65.65,66.72,64.16,65.52,10366340.0
1564617600,65.66,66.78,65.08,65.47,8260162.0
1564704000,65.19,65.46,64.25,64.95,6753078.0
1564963200,64.3,64.62,62.87,63.36,7230012.0
1565049600,63.46,64.15,62.64,63.98,7052092.0
1565136000,63.34,64.1971,62.54,63.88,5450410.0
1565222400,63.72,64.9,63.61,64.82,5188856.0
1565308800,64.7,65.72,64.36,65.24,5233009.0
1565568000,64.93,65.47,63.49,63.98,5703448.0
1565654400,63.72,64.99,63.72,64.3,4822137.0
1565740800,63.69,63.8,62.92,63.12,6382051.0
1565827200,63.28,63.81,62.84,62.87,4758927.0
1565913600,63.41,63.51,62.84,63.14,7593275.0
1566172800,63.69,64.42,63.69,64.11,6163388.0
1566259200,64.04,64.31,63.38,63.44,5286556.0
1566345600,64.04,64.26,63.67,64.13,4494153.0
1566432000,64.31,64.7,63.5411,64.22,5084984.0
1566518400,64.07,64.67,62.19,62.51,7488696.0
1566777600,63.3,63.3324,62.33,63.0,4053539.0
1566864000,63.51,63.89,62.935,63.31,5226975.0
1566950400,63.04,64.19,62.73,63.64,5441362.0
1567036800,64.27,64.42,63.285,63.75,4758566.0
1567123200,63.99,64.01,62.851,63.54,5301247.0
1567468800,63.15,63.34,62.2687,62.97,4909512.0
1567555200,63.36,63.67,62.39,63.27,5902025.0
1567641600,63.44,64.5,63.33,64.06,6011052.0
1567728000,64.3,65.0,63.915,64.82,6833325.0
1567987200,64.65,66.57,64.63,66.33,8700967.0
1568073600,66.08,67.1751,65.77,67.08,7419804.0
1568160000,66.99,68.16,66.99,68.08,8853340.0
1568246400,67.5,67.54,66.26,66.36,6495533.0
1568332800,66.75,67.49,65.96,66.52,4814680.0
1568592000,66.29,66.43,65.66,65.88,4644135.0
1568678400,65.9,66.24,65.28,66.17,4830276.0
1568764800,66.01,66.15,65.11,65.72,4349705.0
1568851200,65.85,66.44,65.64,65.96,4199770.0
1568937600,65.89,67.015,65.89,66.42,9775357.0
1569196800,66.25,66.33,64.88,65.73,5566567.0
1569283200,65.99,66.025,64.24,64.56,5875501.0
1569369600,64.5,64.84,64.02,64.2,4950634.0
1569456000,64.42,64.42,63.09,63.3,6508116.0
1569542400,63.57,63.92,62.57,62.9,7411390.0
1569801600,63.0,63.805,62.86,63.38,8660980.0
1569888000,63.6,64.33,62.96,63.22,4904759.0
1569974400,62.94,62.94,61.52,61.62,6656097.0
1570060800,61.74,62.34,60.89,62.23,6544306.0
1570147200,62.45,62.72,61.92,62.56,5195798.0
1570406400,62.55,63.58,62.28,62.73,6049800.0
1570492800,62.33,62.49,61.37,61.69,4641075.0
1570579200,62.29,62.43,61.76,61.98,3655779.0
1570665600,62.12,63.405,62.0,63.26,5847015.0
1570752000,63.95,64.49,63.67,63.99,5650620.0
1571011200,63.83,65.02,63.83,64.51,4558996.0
1571097600,64.83,65.74,64.61,65.3,5730401.0
1571184000,65.06,65.875,65.0,65.35,4861533.0
1571270400,65.3,65.685,64.78,65.23,4689297.0
1571356800,65.4,65.45,64.2,64.91,8805620.0
1571616000,64.94,65.37,64.8,65.21,3897830.0
1571702400,65.71,66.59,65.67,65.86,6084316.0
1571788800,65.72,66.65,65.53,66.58,6094254.0
1571875200,66.75,66.75,65.625,66.0,5602506.0
1571961600,63.0,64.27,62.52,63.32,12014710.0
1572220800,63.63,63.945,62.78,63.73,7854910.0
1572307200,64.0,64.0,63.25,63.45,5534229.0
1572393600,63.45,63.6,62.67,63.15,6289188.0
1572480000,62.91,63.82,62.74,63.71,6438062.0
1572566400,63.97,64.99,63.76,64.66,4956821.0
1572825600,65.16,65.4834,64.03,65.21,7008716.0
1572912000,65.41,66.27,65.19,65.39,6599117.0
1572998400,65.63,66.17,65.07,65.41,6010492.0
1573084800,65.02,65.17,63.44,63.96,7746046.0
1573171200,63.53,65.52,63.52,65.38,4953194.0
1573430400,65.02,65.15,64.329,64.64,3696404.0
1573516800,64.56,64.86,64.15,64.32,4243339.0
1573603200,64.15,64.15,63.1,63.33,4576594.0
1573689600,63.23,64.0,62.38,63.81,7548288.0
1573776000,64.16,65.22,64.0,65.07,6908607.0
1574035200,64.88,65.17,63.72,64.29,6165734.0
1574121600,64.73,65.05,64.5,65.0,6135134.0
1574208000,64.78,65.3,64.48,64.88,7637912.0
1574294400,65.1,65.8,64.51,65.73,5392021.0
1574380800,65.79,65.94,65.19,65.26,4589261.0
1574640000,65.55,67.28,65.49,67.22,7493928.0
1574726400,66.97,67.65,66.68,67.28,6931471.0
1574812800,67.28,67.485,66.7,67.12,4980971.0
1574985600,67.04,67.36,66.81,67.24,2658811.0
1575244800,67.25,67.52,65.935,66.12,7642376.0
1575331200,65.79,66.2,65.17,66.07,5383973.0
1575417600,66.3,67.22,66.06,66.75,5093421.0
1575504000,66.9,66.95,65.4,65.93,5847764.0
1575590400,66.43,67.545,66.08,67.08,4140488.0
1575849600,67.18,67.88,66.83,66.93,6037516.0
1575936000,66.85,67.18,66.13,67.08,4273576.0
1576022400,67.355,67.985,67.11,67.78,5590164.0
1576108800,67.16,68.16,67.02,67.63,5732171.0
1576195200,66.25,66.805,65.46,65.77,8199076.0
1576454400,66.25,66.79,66.09,66.12,11647700.0
1576540800,66.18,66.41,65.785,66.2,7881385.0
1576627200,66.31,66.5,65.26,65.68,10105560.0
1576713600,65.91,65.91,65.16,65.29,10202440.0
1576800000,65.59,67.0,65.17,66.85,23449400.0
1577059200,66.7,67.4,66.54,66.75,7038753.0
1577145600,66.81,66.94,66.29,66.72,1965785.0
1577318400,66.71,66.91,66.15,66.39,3528962.0
1577404800,66.38,66.49,65.71,65.95,4464424.0
1577664000,65.73,66.1,64.81,64.93,5865520.0
1577750400,64.66,65.06,64.35,64.98,6985161.0
1577923200,65.53,65.74,65.04,65.23,4653342.0
1578009600,64.63,65.37,64.5646,65.07,4689788.0
1578268800,64.67,65.825,64.66,65.65,8248705.0
1578355200,65.26,65.29,64.17,65.12,8085147.0
1578441600,65.11,66.24,64.81,65.8,6608066.0
1578528000,65.81,66.07,65.3,65.84,5942291.0
1578614400,66.0,66.0899,64.98,65.03,5154055.0
1578873600,65.05,65.26,64.08,64.31,6869196.0
1578960000,64.41,64.56,63.91,64.2,9932253.0
1579046400,64.07,64.93,63.98,64.1,7080575.0
1579132800,64.29,64.38,63.12,63.2,10633880.0
1579219200,63.5,63.5,62.57,62.98,13457610.0
1579564800,62.91,62.9188,62.23,62.63,12261380.0
1579651200,62.8,63.51,62.6,63.43,7906261.0
1579737600,63.25,64.055,62.74,63.94,14648720.0
1579824000,64.07,64.2,62.84,63.15,18685070.0
1580083200,63.0,64.28,62.8,63.83,10421650.0
1580169600,64.25,64.875,64.09,64.36,10241420.0
1580256000,64.42,65.14,64.22,64.3,7074791.0
1580342400,63.9,64.1,63.03,64.03,8771797.0
1580428800,63.8,63.93,62.6,63.2,11416830.0
1580688000,67.735,68.68,65.49,66.36,35561980.0
1580774400,68.0,68.01,66.88,67.4,15904090.0
1580860800,66.22,66.55,64.07,65.87,21184500.0
1580947200,67.29,69.9,66.05,68.21,28805540.0
1581033600,69.98,71.19,68.39,68.87,27320130.0
1581292800,69.32,69.4,67.615,68.99,24347750.0
1581379200,68.93,68.99,67.5,67.76,12858700.0
1581465600,67.5,67.82,66.32,66.95,13927130.0
1581552000,67.13,67.77,66.52,66.8,8030977.0
1581638400,67.41,67.66,67.04,67.56,9109093.0
1581984000,67.56,67.8,66.71,67.01,9922962.0
1582070400,67.2,67.54,66.815,67.35,7754027.0
1582156800,67.26,67.36,66.1,67.0,8697155.0
1582243200,67.18,69.78,66.81,69.7,22562010.0
1582502400,73.885,74.52,71.59,72.9,42905030.0
1582588800,73.73,73.85,69.02,70.1,39199210.0
1582675200,71.32,75.47,70.72,74.7,35415180.0
1582761600,78.31,78.88,72.26,72.66,51482510.0
1582848000,70.17,71.08,66.63,69.36,33804800.0
1583107200,70.32,75.405,70.08,75.4,31112990.0
1583193600,74.27,74.82,71.51,74.21,24481980.0
1583280000,74.9,76.01,72.59,76.01,23741670.0
1583366400,75.0,77.5,74.53,76.13,22727610.0
1583452800,75.3189,80.3959,75.1,80.22,31704660.0
1583712000,77.92,78.1899,73.09,73.52,32839430.0
1583798400,75.51,75.56,68.78,72.34,27659950.0
1583884800,73.9,75.38,72.78,73.7,32056870.0
1583971200,70.44,72.865,67.88,68.58,26364600.0
1584057600,71.93,72.0,67.5,70.75,30116090.0
1584316800,67.24,72.8,64.41,68.9,26764610.0
1584403200,70.0,76.0797,69.0,74.52,28823720.0
1584489600,73.61,80.0,72.97,79.42,34965870.0
1584576000,80.98,85.97,78.29,78.55,46268220.0
1584662400,79.5,81.6,72.17,73.26,35110160.0
1584921600,75.3,75.3,68.86,72.61,19875220.0
1585008000,75.13,75.83,72.11,73.96,20608140.0
1585094400,73.87,74.49,69.34,69.66,24138070.0
1585180800,69.9,73.91,69.75,73.86,18366580.0
1585267200,73.71,75.39,71.91,72.85,16521580.0
1585526400,75.35,76.42,73.89,75.93,15929390.0
1585612800,75.95,76.33,73.79,74.76,12120990.0
1585699200,74.32,74.39,72.0,72.51,12177610.0
1585785600,71.81,77.48,71.38,76.98,20482070.0
1585872000,77.41,79.47,76.36,78.21,19421770.0
1586131200,79.24,79.65,75.88,77.73,19101060.0
1586217600,77.3,77.68,72.5,74.67,19917870.0
1586304000,74.73,75.13,73.57,74.99,12215370.0
1586390400,74.37,74.6025,72.95,73.51,12821060.0
1586736000,75.8,76.0,73.715,75.28,16255640.0
1586822400,75.98,77.85,75.34,77.75,14379330.0
1586908800,76.16,76.59,74.47,74.63,11397410.0
1586995200,74.84,76.96,74.45,76.54,20935360.0
1587081600,85.17,85.79,81.01,83.99,94348500.0
1587340800,82.99,85.18,80.65,81.26,31003570.0
1587427200,80.25,82.24,78.26,78.53,19989360.0
1587513600,79.58,81.56,78.81,81.31,13988610.0
1587600000,82.17,84.0,74.4,77.78,65439730.0
1587686400,77.1,80.15,76.25,79.64,24440980.0
1587945600,79.9,80.4,78.241,79.9,14640730.0
1588032000,79.89,80.07,78.08,78.67,9778161.0
1588118400,83.97,85.01,80.05,83.14,78230230.0
1588204800,85.47,85.67,81.33,84.0,39332600.0
1588291200,81.2,81.4,77.62,79.95,34498100.0
1588550400,81.617,81.76,79.19,80.25,19202990.0
1588636800,79.33,79.835,78.51,79.14,14925930.0
1588723200,78.9,79.36,77.26,77.47,12591870.0
1588809600,77.9,78.43,76.81,77.61,13491720.0
1588896000,77.76,78.44,76.87,77.49,10554680.0
1589155200,77.77,80.92,77.6152,80.8,13340490.0
1589241600,80.21,80.48,77.91,77.95,12140800.0
1589328000,79.3,79.35,76.9,77.06,11166290.0
1589414400,76.55,77.81,75.83,77.23,10711940.0
1589500800,76.47,76.85,75.45,76.26,12350770.0
1589760000,76.46,76.5,73.86,74.76,16609140.0
1589846400,73.674,74.85,72.3,72.34,14152030.0
1589932800,72.81,74.09,72.71,73.89,13429450.0
1590019200,73.469,73.93,72.89,73.5,7193461.0
1590105600,73.09,73.49,72.7116,73.34,6268461.0
1590451200,73.98,74.3,72.41,73.18,12308070.0
1590537600,72.38,74.98,72.38,74.9,11752330.0
1590624000,74.99,76.17,74.91,75.32,10517500.0
1590710400,75.77,78.12,74.61,77.83,24381900.0
1590969600,75.47,76.9,74.38,75.16,14677210.0
1591056000,74.37,74.64,72.96,73.26,16897920.0
1591142400,74.38,74.55,73.36,74.4,12654490.0
1591228800,74.12,78.18,73.94,77.54,14740940.0
1591315200,76.75,77.53,76.2,76.75,11047140.0
1591574400,79.3,79.31,76.73,76.97,17973370.0
1591660800,77.0,78.13,76.69,77.59,7804290.0
1591747200,77.8,78.39,76.88,77.07,7790780.0
1591833600,75.945,76.21,72.75,72.84,12098170.0
1591920000,73.33,73.72,71.91,73.2,8375593.0
1592179200,73.26,74.47,72.41,73.97,6420790.0
1592265600,74.59,75.66,73.7,74.62,9626874.0
1592352000,74.53,74.81,73.65,73.76,7534094.0
1592438400,73.39,74.18,73.01,74.04,5516087.0
1592524800,74.52,78.0,74.1,77.47,19322730.0
1592784000,76.48,76.75,75.04,75.67,8943039.0
1592870400,75.67,76.07,74.81,75.05,7117136.0
1592956800,74.902,76.05,74.73,75.93,7982005.0
1593043200,75.8,75.8765,74.33,75.49,7172942.0
1593129600,75.1,75.37,73.73,74.57,10389230.0
1593388800,76.53,76.555,74.135,74.56,8775267.0
1593475200,74.34,77.16,73.91,76.94,9402600.0
1593561600,77.1,77.23,75.9,76.06,7786921.0
1593648000,76.31,77.09,75.65,76.35,6380965.0
1593993600,77.51,77.6622,76.07,76.76,7056597.0
1594080000,76.49,76.96,76.31,76.42,5055744.0
1594166400,76.7,77.0,74.93,75.61,6293450.0
1594252800,75.11,75.84,73.95,74.71,5199791.0
1594339200,76.1,76.85,75.52,76.32,9553834.0
1594598400,76.52,78.34,75.95,76.68,9626602.0
1594684800,76.21,77.35,75.44,77.19,6904189.0
1594771200,76.99,77.29,76.24,76.65,6018782.0
1594857600,76.6,76.75,75.63,76.64,4862202.0
1594944000,76.53,77.65,76.2109,77.51,6940119.0
1595203200,77.745,78.94,77.28,78.08,6974382.0
1595289600,77.35,77.9932,76.6,76.78,5649569.0
1595376000,76.87,77.25,75.96,76.25,4734750.0
1595462400,76.43,76.7969,75.37,75.56,5854367.0
1595548800,75.47,75.65,73.12,73.64,8148980.0
1595808000,73.887,74.59,73.315,74.54,7678450.0
1595894400,74.67,75.04,73.61,73.73,5484423.0
1595980800,73.85,73.8534,72.53,73.01,8345247.0
1596067200,72.55,72.6,71.71,72.33,9274113.0
1596153600,69.73,70.83,68.52,69.53,20558850.0
1596412800,69.725,72.15,69.61,71.73,9674926.0
1596499200,72.02,72.31,70.475,70.88,9787599.0
1596585600,70.64,70.81,68.98,69.0,12281880.0
1596672000,69.02,69.63,68.62,68.81,8318026.0
1596758400,69.364,69.73,68.805,69.35,8068969.0
1597017600,69.145,69.25,67.96,68.51,10278040.0
1597104000,68.45,69.175,67.92,68.1,10236940.0
1597190400,68.69,69.11,68.38,68.84,9121195.0
1597276800,68.97,69.195,67.99,68.18,7468088.0
1597363200,68.09,68.8199,68.0,68.5,9169242.0
1597622400,68.32,69.35,68.31,69.15,6848751.0
1597708800,69.23,69.75,68.98,69.06,6327465.0
1597795200,66.191,67.47,65.5,65.7,19680290.0
1597881600,65.84,66.16,65.55,66.05,8339307.0
1597968000,65.78,66.87,65.41,66.5,9898022.0
1598227200,66.355,66.96,65.55,66.08,8566231.0
1598313600,65.912,66.24,65.71,66.05,7456605.0
1598400000,65.88,65.88,65.16,65.6,7522573.0
1598486400,65.59,65.845,65.32,65.55,7919605.0
1598572800,65.22,65.745,64.98,65.26,6820958.0
1598832000,65.46,66.89,65.42,66.75,9083871.0
1598918400,66.335,66.47,64.91,65.83,8355483.0
1599004800,65.32,66.96,65.32,66.79,8334710.0
1599091200,66.812,67.43,65.48,65.91,10457400.0
1599177600,65.72,66.94,65.58,66.01,8762248.0
1599523200,65.118,65.37,63.95,64.14,10729350.0
1599609600,64.28,65.08,63.61,64.51,9309734.0
1599696000,64.69,65.04,63.55,63.77,8420645.0
1599782400,64.37,65.91,64.22,65.58,10213000.0
1600041600,64.44,67.92,64.31,66.34,18854220.0
1600128000,67.04,67.13,65.92,66.2,8327670.0
1600214400,66.32,66.55,65.61,65.65,7571432.0
1600300800,64.82,65.54,64.4,65.04,8498269.0
1600387200,64.95,65.169,64.045,65.05,14256850.0
1600646400,64.81,64.97,63.46,64.21,8575185.0
1600732800,64.08,64.58,63.29,63.4,7228235.0
1600819200,63.51,64.08,62.995,63.09,8520245.0
1600905600,62.7,62.84,61.645,62.25,9004618.0
1600992000,62.1,62.505,61.765,62.25,7142839.0
1601251200,62.94,63.41,62.52,62.85,7474725.0
1601337600,62.96,63.025,61.95,62.1,8666617.0
1601424000,62.35,63.425,62.11,63.19,10072600.0
1601510400,63.33,63.71,62.71,63.32,8356514.0
1601596800,63.297,63.84,62.15,62.17,7796644.0
1601856000,63.71,64.09,63.1,63.6,10193930.0
1601942400,63.79,63.79,62.35,62.52,8398061.0
1602028800,62.73,63.17,62.29,62.84,6351386.0
1602115200,63.33,64.05,63.02,63.32,6434899.0
1602201600,64.61,64.6865,63.72,63.84,9364479.0
1602460800,64.07,64.99,63.55,64.55,7750218.0
1602547200,64.55,64.99,64.0,64.49,6450236.0
1602633600,64.41,64.59,63.44,64.05,7143744.0
1602720000,63.48,63.55,62.645,62.96,9630651.0
1602806400,62.4,62.8599,61.83,62.0,12307200.0
1603065600,62.0,62.1,60.205,60.57,9643598.0
1603152000,60.59,60.9,59.855,60.55,9208006.0
1603238400,60.237,60.495,59.9,60.21,7493735.0
1603324800,59.92,60.9,59.65,60.67,17061790.0
1603411200,63.38,63.64,60.76,60.79,30965440.0
1603670400,60.36,60.6899,59.395,59.96,10256290.0
1603756800,59.81,60.21,59.44,60.01,7699866.0
1603843200,59.31,59.565,58.06,58.72,12150840.0
1603929600,57.8,58.89,57.04,58.53,12529370.0
1604016000,57.79,58.58,57.18,58.15,11871690.0
1604275200,58.78,59.15,57.825,58.53,9352635.0
1604361600,58.82,59.39,58.4,58.83,6599731.0
1604448000,59.39,61.19,59.37,59.87,12935150.0
1604534400,60.34,60.47,59.2,59.63,7519760.0
1604620800,59.42,59.5,58.72,59.07,7209788.0
1604880000,59.4,60.3694,58.9883,59.05,10807130.0
1604966400,58.44,61.4492,58.18,60.62,10524420.0
1605052800,60.933,61.12,59.56,60.1,7336413.0
1605139200,59.9,59.99,58.915,59.98,9229797.0
1605225600,59.96,60.975,59.77,60.585,6745384.0
1605484800,60.26,61.3,60.25,61.09,6969344.0
1605571200,60.8,61.05,60.37,60.97,5488402.0
1605657600,61.04,61.64,60.56,60.9,8884204.0
1605744000,60.5,60.96,59.9,60.63,7525117.0
1605830400,59.6,60.2578,59.48,60.11,9445040.0
1606089600,60.07,60.285,59.365,59.89,8693719.0
1606176000,59.63,60.98,59.59,60.25,7835432.0
1606262400,60.18,60.44,59.465,59.5,8336142.0
1606435200,59.64,60.06,59.2789,60.03,5040697.0
1606694400,59.76,60.79,59.64,60.67,16315670.0
1606780800,60.82,61.975,60.8,61.12,9623207.0
1606867200,61.07,61.87,60.955,61.13,6470348.0
1606953600,61.05,61.53,60.55,60.86,7368942.0
1607040000,60.817,61.67,60.7,61.56,7232322.0
1607299200,61.665,61.7,60.41,60.83,7405089.0
1607385600,60.56,61.25,60.5294,61.17,6184976.0
1607472000,61.17,61.4,60.47,60.82,7231631.0
1607558400,60.66,60.895,60.13,60.45,7239492.0
1607644800,60.22,60.81,60.09,60.76,7845100.0
1607904000,60.39,60.42,59.75,59.84,12232980.0
1607990400,59.82,60.07,59.265,59.43,8077712.0
1608076800,59.31,59.47,58.69,58.94,8786440.0
1608163200,58.93,59.28,58.61,59.07,9469049.0
1608249600,59.18,59.18,58.53,59.08,22195840.0
1608508800,58.45,58.6101,57.7,58.54,12141930.0
1608595200,58.22,58.32,56.81,57.0,14976750.0
1608681600,56.9,57.62,56.9,57.38,8495900.0
1608768000,57.33,57.41,56.96,57.07,3441345.0
1609113600,57.04,57.64,56.7,56.89,8215036.0
1609200000,56.96,57.665,56.71,56.83,7626032.0
1609286400,57.0,57.24,56.56,56.65,8848847.0
1609372800,56.6,58.36,56.56,58.26,10870510.0
1609718400,58.67,60.16,57.9291,60.11,15520000.0
1609804800,60.23,60.45,59.621,60.0,13251120.0
1609891200,59.7,62.0765,59.695,61.95,12222470.0
1609977600,61.9,63.24,61.52,62.52,10614670.0
1610064000,62.61,63.41,62.505,63.04,8389752.0
1610323200,63.75,64.18,62.27,62.51,11320800.0
1610409600,62.66,62.79,61.465,62.08,9115119.0
1610496000,61.82,62.15,61.44,61.54,6822616.0
1610582400,61.64,63.13,61.46,62.4,8694806.0
1610668800,62.3,63.595,62.13,63.33,9361943.0
1611014400,64.73,68.157,64.6,67.07,18395950.0
1611100800,67.0,68.09,66.7,67.99,10131250.0
1611187200,67.74,67.74,66.58,66.98,8145642.0
1611273600,66.527,67.47,66.24,66.94,4914433.0
1611532800,66.71,68.26,66.4,68.16,8443926.0
1611619200,67.72,68.38,66.56,66.7,7125214.0
1611705600,65.75,66.92,65.08,65.48,9908191.0
1611792000,65.25,66.235,64.0,64.68,8086356.0
1611878400,64.2,66.23,64.04,65.6,11724090.0
1612137600,66.03,66.27,65.06,65.1,6270188.0
1612224000,65.09,65.97,64.21,65.13,7749258.0
1612310400,65.21,65.69,64.51,64.52,6421667.0
1612396800,64.89,65.99,64.44,65.83,7400443.0
1612483200,67.25,69.36,66.71,68.46,15068190.0
1612742400,68.5,68.76,67.31,67.97,9599196.0
1612828800,67.77,67.84,66.8504,67.3,6620390.0
1612915200,67.26,68.32,67.1,67.29,7667916.0
1613001600,67.2,67.2,66.05,66.92,6029087.0
1613088000,66.78,67.27,66.36,66.89,3977653.0
1613433600,66.41,66.6,64.52,64.8,9756966.0
1613520000,64.334,65.14,63.84,65.1,7727937.0
1613606400,64.86,65.46,64.33,65.23,6144617.0
1613692800,65.08,65.22,64.27,64.37,6054624.0
1613952000,63.93,64.47,63.525,64.11,6597733.0
1614038400,63.85,64.16,62.78,63.68,8714604.0
1614124800,63.56,64.23,62.81,63.71,6533104.0
1614211200,63.77,63.97,62.51,62.79,7685278.0
1614297600,62.78,62.79,61.39,61.4,10396340.0
1614556800,61.76,62.63,61.65,62.46,7333937.0
1614643200,62.495,63.59,62.35,63.01,6844248.0
1614729600,62.789,63.32,62.17,62.75,7081333.0
1614816000,62.8,64.54,62.53,63.23,15847160.0
1614902400,63.42,64.745,63.3,64.62,9761404.0
1615161600,64.51,66.66,63.96,64.75,10646890.0
1615248000,65.507,66.655,64.27,64.33,8973303.0
1615334400,64.68,64.8,63.6,63.91,7595490.0
1615420800,63.51,64.04,63.01,63.09,9940602.0
1615507200,62.49,62.59,61.49,61.56,11561050.0
1615766400,62.35,63.17,61.87,63.07,8780987.0
1615852800,63.24,64.2,63.15,64.01,7375816.0
1615939200,63.974,64.64,63.45,64.42,7853674.0
1616025600,63.62,64.98,63.62,64.08,7443113.0
1616112000,64.26,64.65,63.59,64.46,15230300.0
1616371200,64.055,65.66,63.86,65.53,6769189.0
1616457600,65.34,65.455,64.275,64.5,6572127.0
1616544000,64.36,65.06,64.0,64.35,7472822.0
1616630400,64.78,64.88,63.535,63.99,7391000.0
1616716800,64.03,65.29,63.9,65.24,6017132.0
1616976000,65.0,66.44,64.88,66.19,7902562.0
1617062400,66.49,66.49,65.125,65.5,5608053.0
1617148800,65.34,65.34,64.46,64.63,8817165.0
1617235200,65.75,66.84,65.43,66.44,10514200.0
1617580800,66.2,66.52,65.53,66.34,6071176.0
1617667200,66.0,66.505,65.77,66.23,5708316.0
1617753600,66.08,66.33,65.225,65.6,5188703.0
1617840000,66.1,66.25,64.825,65.02,6778517.0
1617926400,64.82,65.25,64.235,65.11,5848292.0
1618185600,65.06,65.11,64.35,64.66,4909103.0
1618272000,64.45,65.22,64.15,64.89,6143405.0
1618358400,64.97,66.17,64.835,65.3,5654057.0
1618444800,64.7,66.38,64.7,65.77,5635021.0
1618531200,66.02,67.09,65.86,66.87,7715858.0
1618790400,66.7,67.0,65.59,65.95,7204089.0
1618876800,65.8,66.605,65.31,66.38,4989422.0
1618963200,66.54,66.9053,66.375,66.79,5581003.0
1619049600,66.48,66.51,65.53,65.64,6488708.0
1619136000,65.5,65.7,64.88,65.48,5463490.0
1619395200,65.45,65.88,65.04,65.76,6868441.0
1619481600,65.94,66.0,64.62,64.67,7278340.0
1619568000,64.69,64.7,63.855,64.44,7861262.0
1619654400,64.63,64.63,63.33,63.84,9238834.0
1619740800,62.46,64.1,61.945,63.47,12994230.0
1620000000,63.921,65.895,63.77,65.8,9500200.0
1620086400,65.79,66.63,65.37,65.64,9933323.0
1620172800,65.74,67.0,65.52,66.51,6911242.0
1620259200,66.04,66.68,65.135,66.54,7478830.0
1620345600,66.47,67.54,66.3,66.54,5849329.0
1620604800,66.96,68.4001,66.77,67.48,8646654.0
1620691200,67.07,68.08,66.78,67.22,6412022.0
1620777600,66.75,67.95,66.71,67.45,8286285.0
1620864000,67.75,68.98,67.44,68.91,7189959.0
1620950400,68.91,69.18,68.3884,68.53,7079213.0
1621209600,68.48,69.65,68.45,69.07,6213019.0
1621296000,69.41,69.87,68.8,68.85,5885321.0
1621382400,68.212,68.57,67.55,68.5,6174072.0
1621468800,68.66,69.98,68.37,69.35,6540935.0
1621555200,69.77,70.11,68.71,68.75,6478656.0
1621814400,69.1,69.24,67.38,67.43,7005125.0
1621900800,67.3,67.4,66.0,66.23,9357395.0
1621987200,66.187,66.4,65.55,66.35,5932638.0
1622073600,66.57,67.13,65.81,65.9,8047699.0
1622160000,66.05,66.685,65.8,66.11,5940055.0
1622505600,66.44,66.55,65.12,65.32,6573132.0
1622592000,65.59,66.35,65.54,66.03,6572676.0
1622678400,65.96,66.6,65.7933,66.48,6755423.0
1622764800,66.79,67.57,66.54,67.43,6342973.0
1623024000,67.605,67.9644,67.11,67.42,7863335.0
1623110400,67.44,67.61,66.99,67.51,5489219.0
1623196800,67.57,69.19,67.52,68.65,8434161.0
1623283200,68.99,69.705,68.47,69.29,8678419.0
1623369600,69.14,69.25,68.645,68.77,6928016.0
1623628800,68.01,68.325,67.47,68.15,5319472.0
1623715200,68.48,68.5,67.74,68.09,6454167.0
1623801600,68.2162,69.3399,67.19,67.33,12938700.0
1623888000,67.32,67.48,66.49,67.22,7015715.0
1623974400,67.0,67.18,65.89,66.61,11464710.0
1624233600,66.99,67.565,66.77,67.35,5310613.0
1624320000,67.238,67.6,66.775,67.05,4796795.0
1624406400,67.21,67.25,66.56,66.65,4246810.0
1624492800,66.77,68.2401,66.65,67.18,5053999.0
1624579200,67.14,68.0,66.88,67.88,8078383.0
1624838400,68.3,68.64,67.65,67.7,6580310.0
1624924800,67.67,68.0295,67.5043,67.93,4348132.0
1625011200,68.29,68.94,68.01,68.86,6010372.0
1625097600,68.75,69.375,68.41,69.13,5463979.0
1625184000,69.28,69.45,68.64,69.3,3969293.0
1625529600,68.98,69.06,67.98,68.41,6169761.0
1625616000,68.4,68.43,67.8,68.36,6092473.0
1625702400,68.055,68.32,67.42,67.69,4982633.0
1625788800,67.59,68.41,67.454,68.22,6419563.0
1626048000,68.23,69.06,67.75,68.07,7322466.0
1626134400,67.83,68.515,67.83,68.01,4518554.0
1626220800,68.07,68.11,67.43,67.93,5950122.0
1626307200,67.86,68.39,67.37,68.3,6126992.0
1626393600,68.39,68.97,68.35,68.63,5965490.0
1626652800,68.61,69.07,67.665,68.23,6054350.0
1626739200,68.32,69.77,68.27,69.16,9332631.0
1626825600,68.95,69.02,68.01,68.41,5816412.0
1626912000,68.01,68.805,67.82,68.65,2901519.0
1626998400,68.88,69.34,68.64,69.02,3524311.0
1627257600,68.94,69.3039,68.465,68.75,4314356.0
1627344000,68.53,69.05,68.29,68.93,5812998.0
1627430400,68.9,70.15,68.73,70.06,7097186.0
1627516800,70.25,70.4,69.77,69.83,7597509.0
1627603200,68.7,69.0,68.0,68.29,9619856.0
1627862400,68.34,68.6456,67.83,68.35,4243043.0
1627948800,68.65,69.84,68.21,69.83,5128404.0
1628035200,69.49,69.99,69.03,69.24,6846307.0
1628121600,69.24,69.33,68.51,69.3,5532345.0
1628208000,69.14,69.24,68.67,68.78,3857850.0
1628467200,68.78,69.27,68.11,68.46,5160142.0
1628553600,68.26,69.27,67.95,69.24,5928258.0
1628640000,69.37,70.85,69.36,69.84,9529890.0
1628726400,70.25,71.0,69.74,70.88,5907932.0
1628812800,70.88,71.39,70.76,71.16,4361771.0
1629072000,71.27,71.85,71.05,71.71,8874572.0
1629158400,71.265,73.09,71.01,73.03,9000069.0
1629244800,72.62,73.3399,71.9,71.96,8135287.0
1629331200,71.61,72.33,71.51,71.67,5209470.0
1629417600,71.67,72.89,71.44,72.44,5646464.0
1629676800,72.68,73.04,72.46,72.55,5356262.0
1629763200,72.63,72.69,71.89,72.25,4177372.0
1629849600,71.95,71.96,70.92,71.41,4989215.0
1629936000,71.54,72.36,71.14,71.43,6566865.0
1630022400,71.31,72.45,71.16,71.28,5493114.0
1630281600,71.3,72.2,71.15,72.01,4494298.0
1630368000,72.19,72.83,71.84,72.78,7564552.0
1630454400,72.681,72.72,71.35,71.87,5970753.0
1630540800,72.01,72.38,71.41,72.34,6774539.0
1630627200,72.16,72.37,71.75,71.96,4174385.0
1630972800,71.08,71.3,70.33,71.19,6775505.0
1631059200,71.19,71.91,71.12,71.88,4510030.0
1631145600,71.64,71.68,70.58,70.61,7013695.0
1631232000,70.98,71.44,70.25,70.99,5089696.0
1631491200,71.24,71.9,70.82,71.15,11048120.0
1631577600,70.77,71.07,70.11,70.45,5490336.0
1631664000,70.58,72.485,70.42,71.76,7723658.0
1631750400,71.8,71.86,70.81,71.33,5306926.0
1631836800,70.83,71.76,70.44,71.61,10888340.0
1632096000,70.93,71.92,70.33,70.96,9594935.0
1632182400,71.28,72.06,71.11,71.73,5896216.0
1632268800,72.07,72.18,71.085,71.38,6556960.0
1632355200,71.48,72.11,71.3,71.69,5263484.0
1632441600,71.63,71.87,71.18,71.19,5023626.0
1632700800,71.11,71.29,70.29,70.41,5560476.0
1632787200,70.0,70.8,69.67,69.97,6392310.0
1632873600,70.16,71.4,69.95,70.94,5436814.0
1632960000,71.21,71.568,69.8,69.85,6049919.0
1633046400,68.604,69.41,67.635,68.56,9343666.0
1633305600,68.2,69.025,67.3,67.56,7560253.0
1633392000,67.45,68.1298,67.24,67.4,7236740.0
1633478400,67.385,67.71,66.88,67.48,6398576.0
1633564800,67.5,68.32,67.15,68.14,5349386.0
1633651200,68.05,68.41,67.82,68.05,4259030.0
1633910400,68.23,68.447,67.85,68.08,3315630.0
1633996800,68.19,68.34,67.29,67.37,8855983.0
1634083200,67.58,67.96,67.2,67.63,4760990.0
1634169600,68.21,68.73,68.0,68.15,7165942.0
1634256000,68.3,68.6,67.6,67.63,4327067.0
1634515200,67.5,67.585,65.78,65.9,7576379.0
1634601600,66.0,66.99,65.86,66.9,5889664.0
1634688000,66.91,67.31,66.8,66.86,4878516.0
1634774400,67.09,67.19,66.52,66.99,5013677.0
1634860800,67.12,67.27,66.51,67.24,4501244.0
1635120000,67.24,67.97,66.75,67.67,6069874.0
1635206400,67.97,68.39,67.7,67.73,4948742.0
1635292800,67.96,67.97,66.6,66.77,4887672.0
1635379200,66.7,67.66,66.67,67.34,5884835.0
1635465600,65.9,65.9,64.055,64.88,14181130.0
1635724800,64.82,65.945,64.68,65.64,7254027.0
1635811200,65.717,66.08,64.64,65.9,8954533.0
1635897600,65.95,67.56,65.53,67.41,8654113.0
1635984000,67.12,67.15,65.965,66.47,6522917.0
1636070400,65.91,66.87,65.76,66.32,6519261.0
1636329600,65.97,66.42,65.51,65.97,5217775.0
1636416000,66.09,66.85,65.89,66.15,5401681.0
1636502400,66.56,67.89,66.56,67.32,6888138.0
1636588800,67.0,67.49,66.75,67.43,3513722.0
1636675200,67.66,67.77,67.2,67.48,8214754.0
1636934400,67.47,67.825,67.005,67.2,4911032.0
1637020800,67.39,68.03,66.82,66.89,6474193.0
1637107200,66.89,67.55,66.5101,67.46,7771460.0
1637193600,67.54,68.275,67.3648,67.79,8873849.0
1637280000,68.188,68.9,67.78,68.69,8629077.0
1637539200,68.7,70.36,67.95,69.97,8952034.0
1637625600,69.87,70.87,69.71,70.63,7100576.0
1637712000,70.74,71.03,69.51,70.07,6737533.0
1637884800,69.7,70.74,69.7,70.27,5659473.0
1638144000,70.4,71.32,70.21,70.65,8902529.0
1638230400,70.47,70.9,68.64,68.93,15465600.0
1638316800,69.03,70.02,68.65,68.93,8518463.0
1638403200,69.17,70.285,68.83,69.67,9411737.0
1638489600,70.0,70.46,69.305,69.56,8328150.0
1638748800,69.46,70.795,69.42,69.5,7049396.0
1638835200,69.603,69.895,68.91,69.65,6438087.0
1638921600,69.91,70.481,68.91,69.71,6386939.0
1639008000,69.89,70.7261,69.24,70.3,5829257.0
1639094400,70.18,70.94,69.6,70.25,5352469.0
1639353600,70.12,70.88,69.6,70.61,6883573.0
1639440000,69.87,70.795,69.76,70.52,7244892.0
1639526400,70.55,71.415,69.94,71.21,8040344.0
1639612800,71.35,72.835,71.06,72.31,10529970.0
1639699200,72.22,72.695,71.65,72.21,12292450.0
1639958400,72.0,72.52,71.45,72.47,7616931.0
1640044800,72.47,72.59,71.63,71.84,8786714.0
1640131200,71.59,72.46,70.66,72.43,6015407.0
1640217600,72.57,72.82,72.18,72.48,5096606.0
1640563200,72.28,72.88,71.92,72.87,4298895.0
1640649600,72.87,73.39,72.79,72.97,3802887.0
1640736000,73.0,73.73,72.61,73.64,5893958.0
1640822400,73.664,74.12,73.26,73.36,3238746.0
1640908800,73.25,73.48,72.45,72.61,5736865.0
1641168000,72.27,72.69,71.61,72.58,6622776.0
1641254400,72.605,73.395,72.18,72.21,6784101.0
1641340800,72.44,73.045,71.97,72.18,7799519.0
1641427200,71.675,72.09,71.34,71.59,7368416.0
1641513600,71.38,71.745,70.83,71.26,7119572.0
1641772800,71.99,72.25,71.4198,72.09,10362340.0
1641859200,72.15,72.57,71.47,72.37,8932033.0
1641945600,71.96,72.52,71.66,72.25,7206244.0
1642032000,71.99,72.46,71.45,71.88,6711260.0
1642118400,72.07,72.14,71.16,71.77,8344773.0
1642464000,71.42,71.52,70.07,70.43,8987261.0
1642550400,70.28,70.65,69.01,69.07,8217653.0
1642636800,69.07,69.31,67.77,67.81,8639754.0
1642723200,68.12,69.07,67.69,68.51,14843170.0
1642982400,68.54,69.34,66.78,68.57,12910020.0
1643068800,68.05,69.37,67.89,68.84,9239384.0
1643155200,67.31,68.56,66.96,67.34,11280360.0
1643241600,67.41,68.69,67.22,67.27,9325110.0
1643328000,67.37,68.87,67.02,68.86,11514070.0
1643587200,68.64,68.85,68.19,68.68,9252701.0
1643673600,68.79,68.8,67.91,68.47,10463740.0
1643760000,65.5,66.01,64.015,65.82,18364960.0
1643846400,65.58,66.38,65.07,65.39,12479460.0
1643932800,64.95,65.61,63.8722,63.9,12392840.0
1644192000,63.99,64.22,63.28,63.76,14361360.0
1644278400,63.825,64.34,63.475,63.7,12044780.0
1644364800,63.89,63.98,63.3,63.38,13164760.0
1644451200,63.11,63.11,61.71,61.79,14977960.0
1644537600,62.04,62.88,61.76,62.07,13195450.0
1644796800,62.09,62.15,60.82,61.11,11343490.0
1644883200,61.115,61.515,60.97,61.33,10515420.0
1644969600,61.2,62.25,61.16,61.9,21855870.0
1645056000,61.57,61.7,60.92,61.29,13338230.0
1645142400,61.4,61.66,60.9839,61.05,11930680.0
1645488000,60.894,61.29,60.69,60.98,10781700.0
1645574400,60.97,61.63,60.8,61.35,9674356.0
1645660800,60.71,61.27,60.073,60.61,14849950.0
1645747200,60.89,61.68,60.78,61.12,13132970.0
1646006400,60.25,60.47,59.18,60.4,13490570.0
1646092800,59.94,60.86,59.87,60.26,10694890.0
1646179200,60.44,61.505,60.2,61.24,14342160.0
1646265600,61.54,62.0,61.35,61.71,13023090.0
1646352000,61.08,62.23,61.0,61.86,9384636.0
1646611200,58.97,62.25,58.895,60.26,18455210.0
1646697600,60.23,60.65,59.035,59.54,13889650.0
1646784000,60.01,60.3,58.92,59.0,13681990.0
1646870400,58.59,58.7,57.32,57.92,13243690.0
1646956800,58.31,59.185,57.955,58.0,13007630.0
1647216000,57.91,58.76,57.7039,58.15,12539110.0
1647302400,58.425,58.79,57.655,58.32,10794640.0
1647388800,58.67,58.67,57.185,57.97,13871640.0
1647475200,58.12,59.345,57.71,59.2,12471950.0
1647561600,59.22,59.55,58.48,59.42,18199340.0
1647820800,59.34,60.522,59.27,59.66,8060644.0
1647907200,59.96,60.12,59.3,59.98,8847665.0
1647993600,60.0,60.3,58.795,58.85,9088932.0
1648080000,58.97,59.54,58.77,59.14,7940013.0
1648166400,59.18,59.435,58.8,58.91,9333852.0
1648425600,58.95,59.365,58.675,59.18,10549410.0
1648512000,59.7,60.555,59.6,60.53,8051092.0
1648598400,60.42,60.74,59.41,59.66,8613991.0
1648684800,59.97,60.02,59.42,59.45,8226293.0
1648771200,59.44,59.69,58.58,59.67,8550985.0
1649030400,59.675,60.85,59.24,60.67,9041750.0
1649116800,60.35,61.19,59.69,59.75,7067175.0
1649203200,59.99,61.0172,59.91,60.82,7155259.0
1649289600,60.8,61.545,60.52,60.99,9370094.0
1649376000,61.28,62.82,61.23,62.3,10653600.0
1649635200,62.82,63.06,61.84,61.89,8094320.0
1649721600,62.38,62.47,61.21,61.63,7750646.0
1649808000,61.62,62.11,61.29,62.06,6879571.0
1649894400,62.07,62.36,61.5,61.82,9750004.0
1650240000,61.7,62.21,61.37,61.58,5981221.0
1650326400,61.6,63.0,61.58,62.78,6178906.0
1650412800,63.0,64.155,62.98,63.6,7638780.0
1650499200,63.55,64.28,63.17,63.75,6674128.0
1650585600,63.78,63.86,62.17,62.25,7661957.0
1650844800,62.48,62.735,61.33,62.65,7457874.0
1650931200,62.4,62.87,61.75,61.77,6926447.0
1651017600,61.79,62.05,61.17,61.59,7863204.0
1651104000,61.44,61.64,60.605,61.56,10787450.0
1651190400,61.56,62.06,59.27,59.34,10455780.0
1651449600,59.55,60.425,59.15,60.31,9473976.0
1651536000,60.61,60.83,59.63,60.33,10384430.0
1651622400,60.65,62.31,60.27,62.08,8087821.0
1651708800,61.75,62.38,60.715,61.35,8767258.0
1651795200,61.13,61.4,60.39,61.18,7468253.0
1652054400,60.8,62.39,60.73,61.68,9294018.0
1652140800,61.88,62.54,61.56,61.78,9721805.0
1652227200,60.305,61.57,60.29,60.56,10224210.0
1652313600,60.7,62.5,60.63,62.48,9727877.0
1652400000,62.6,62.61,61.56,62.37,9515192.0
1652659200,62.37,62.74,61.935,62.24,6157495.0
1652745600,62.42,63.22,61.8,63.18,5607743.0
1652832000,63.14,63.925,62.6901,63.22,9583929.0
1652918400,63.09,63.58,62.81,63.27,8833573.0
1653004800,63.37,63.9,62.725,63.84,6814570.0
1653264000,64.388,64.83,63.59,63.66,7256768.0
1653350400,63.94,64.41,63.43,64.35,8263187.0
1653436800,64.45,65.19,64.01,65.01,7112390.0
1653523200,65.16,65.46,64.46,64.47,5730796.0
1653609600,64.43,64.84,63.9,64.8,6436149.0
1653955200,64.5,65.03,63.67,64.85,13781920.0
1654041600,65.27,65.34,64.27,64.77,5797686.0
1654128000,64.64,64.72,62.31,63.46,7859953.0
1654214400,63.45,64.12,63.24,63.45,5228730.0
1654473600,62.575,63.02,61.65,62.03,7865977.0
1654560000,61.7,62.59,61.48,62.54,6841027.0
1654646400,62.24,62.99,62.11,62.38,7248314.0
1654732800,62.26,62.665,61.1499,61.18,5242250.0
1654819200,60.58,61.1772,60.31,60.74,8155716.0
1655078400,60.06,60.43,58.9,59.15,9646100.0
1655164800,58.37,59.84,57.165,57.79,10073750.0
1655251200,57.99,58.97,57.71,58.39,6498135.0
1655337600,57.66,58.135,57.2,57.72,9482242.0
1655424000,57.37,58.79,57.29,58.53,13726700.0
1655769600,59.26,60.58,58.91,60.51,9173011.0
1655856000,60.13,62.05,60.09,61.51,9045582.0
1655942400,61.89,62.65,61.75,62.58,6992853.0
1656028800,62.81,63.13,61.85,63.08,9207746.0
1656288000,62.93,63.53,62.63,62.83,6586902.0
1656374400,62.83,63.49,62.13,62.21,6165289.0
1656460800,62.31,62.97,61.915,62.48,5800403.0
1656547200,61.95,62.405,61.29,61.81,6411921.0
1656633600,61.47,62.43,61.27,62.36,5207656.0
1656979200,61.9,62.47,61.3583,62.34,5216038.0
1657065600,62.62,62.879,62.16,62.73,5888164.0
1657152000,62.62,63.015,62.35,62.72,6242551.0
1657238400,62.56,63.195,62.4,62.84,4162078.0
1657497600,62.79,63.04,62.53,62.66,3479245.0
1657584000,62.49,62.8,62.01,62.34,6098341.0
1657670400,61.92,62.73,61.6,62.46,6162898.0
1657756800,61.83,61.91,61.27,61.81,4969454.0
1657843200,62.13,62.62,61.68,62.6,5909004.0
1658102400,62.68,62.68,60.64,60.9,5608429.0
1658188800,61.655,62.27,61.28,62.12,6080570.0
1658275200,62.18,62.18,60.83,61.55,5378588.0
1658361600,61.395,61.695,60.75,61.01,6007658.0
1658448000,61.27,61.795,60.5801,60.8,4588809.0
1658707200,61.23,61.25,60.35,60.75,4990033.0
1658793600,60.7,61.25,60.32,60.62,5597220.0
1658880000,60.38,61.365,59.69,60.9,7935610.0
1658966400,61.0,61.105,59.6169,60.4,6814989.0
1659052800,60.33,60.53,59.51,59.75,10063740.0
1659312000,59.77,60.1804,59.27,59.6,6742374.0
1659398400,59.74,60.32,59.29,59.54,5981575.0
1659484800,60.87,63.65,60.64,62.27,10066680.0
1659571200,62.14,62.985,61.8275,61.91,5520495.0
1659657600,61.79,61.84,60.62,61.09,6039822.0
1659916800,61.0,61.71,60.81,61.6,5857705.0
1660003200,61.58,62.05,61.38,62.0,5153412.0
1660089600,62.49,63.19,62.11,63.14,8275029.0
1660176000,62.78,63.41,62.37,62.45,5216551.0
1660262400,62.71,62.99,62.155,62.96,3997794.0
1660521600,63.85,66.2985,63.66,66.21,12381010.0
1660608000,66.16,66.42,65.65,66.33,7067997.0
1660694400,65.97,66.895,65.82,66.02,6515295.0
1660780800,65.96,66.0,64.705,65.18,5178319.0
1660867200,65.02,65.795,64.92,65.34,5259123.0
1661126400,65.21,65.25,64.23,64.36,5224790.0
1661212800,64.36,64.37,63.47,63.68,4723746.0
1661299200,63.7,63.81,63.2,63.62,3808022.0
1661385600,63.85,63.93,63.18,63.59,3784698.0
1661472000,63.59,63.62,62.35,62.37,5501273.0
1661731200,62.13,62.86,61.4842,62.45,5220029.0
1661817600,62.51,62.69,61.785,62.5,5584796.0
1661904000,62.695,63.965,62.695,63.47,8341624.0
1661990400,63.41,65.0,63.32,64.95,6269595.0
1662076800,65.04,65.29,63.37,63.82,6737283.0
1662422400,63.78,63.84,62.8,63.39,7377500.0
1662508800,63.67,64.96,63.56,64.79,9626643.0
1662595200,65.41,65.65,64.69,65.1,8278399.0
1662681600,64.98,65.77,64.89,65.28,6497023.0
1662940800,68.425,68.88,67.48,68.01,18777870.0
1663027200,67.4,67.4,64.93,65.1,11799360.0
1663113600,64.41,65.46,64.41,65.18,9113211.0
1663200000,65.5,65.7,64.7142,65.0,7088500.0
1663286400,65.08,65.93,64.81,65.6,11766020.0
1663545600,65.35,65.855,64.6,65.82,6162690.0
1663632000,65.41,65.48,63.89,64.58,6958886.0
1663718400,64.58,65.525,63.46,63.5,8776645.0
1663804800,63.35,64.3159,62.93,63.77,6111858.0
1663891200,63.49,63.785,62.3,62.86,7603791.0
1664150400,62.51,62.94,62.165,62.34,6141351.0
1664236800,62.43,63.52,62.28,62.63,7126010.0
1664323200,63.0,64.37,62.71,63.93,7567551.0
1664409600,63.83,64.22,62.51,63.07,8431237.0
1664496000,63.16,63.58,61.61,61.69,8794843.0
1664755200,62.4,62.57,61.445,62.32,8094076.0
1664841600,64.09,65.36,63.6,65.31,11966040.0
1664928000,64.72,65.9675,64.38,65.45,5802318.0
1665014400,64.89,65.36,64.61,64.95,5622487.0
1665100800,64.64,65.095,63.96,64.29,6723216.0
1665360000,64.57,64.845,64.115,64.46,4328504.0
1665446400,64.495,66.04,64.48,65.67,7154536.0
1665532800,65.85,66.37,65.31,65.39,6406215.0
1665619200,64.46,66.95,64.1,66.46,7690359.0
1665705600,66.63,67.0,66.02,66.17,7892191.0
1665964800,66.84,66.93,65.94,66.38,5799578.0
1666051200,66.54,67.075,66.44,66.87,6802276.0
1666137600,66.85,66.97,65.85,66.19,7058586.0
1666224000,66.16,66.54,65.7,66.16,6384252.0
1666310400,66.18,67.94,66.11,67.79,7814764.0
1666569600,68.11,69.37,68.09,69.0,7133103.0
1666656000,68.84,69.71,68.48,69.6,6711788.0
1666742400,70.0,71.41,69.88,70.82,8763945.0
1666828800,70.85,71.255,70.14,70.2,8881238.0
1666915200,74.36,79.6058,73.99,79.27,27665660.0
1667174400,78.06,79.37,77.53,78.46,14674330.0
1667260800,78.26,79.55,77.66,79.34,10553080.0
1667347200,78.18,80.0,77.81,77.88,9785887.0
1667433600,77.325,79.57,77.16,79.46,8261087.0
1667520000,79.14,81.32,78.39,80.34,9103264.0
1667779200,79.555,81.555,79.51,81.46,8989302.0
1667865600,80.6,83.8,80.08,82.23,9344374.0
1667952000,82.5,83.55,82.18,82.32,10316540.0
1668038400,83.5,83.8,81.56,82.6,9397262.0
1668124800,81.41,81.98,80.07,81.82,11413400.0
1668384000,81.65,84.14,81.23,82.85,7665185.0
1668470400,83.135,83.64,81.98,83.0,7121026.0
1668556800,82.68,83.4399,82.54,82.88,6280462.0
1668643200,82.55,83.83,82.47,83.62,5759620.0
1668729600,83.63,84.06,82.985,83.62,7276411.0
1668988800,83.76,85.17,83.64,84.35,6348095.0
1669075200,84.65,86.15,84.54,85.23,7357716.0
1669161600,85.06,85.94,85.01,85.42,4680778.0
1669334400,85.04,86.41,84.76,86.26,4028739.0
1669593600,86.92,88.2,85.08,85.21,9253951.0
1669680000,85.5,85.87,84.705,85.76,6155566.0
1669766400,85.755,88.15,85.01,87.83,14657480.0
1669852800,88.2,88.965,87.72,87.9,8220595.0
1669939200,86.7,89.07,86.55,89.03,6730367.0
1670198400,87.84,89.1,87.47,87.98,6811532.0
1670284800,87.99,88.67,87.14,87.96,6760661.0
1670371200,88.03,88.55,87.365,87.79,8861858.0
1670457600,87.87,89.61,87.56,89.47,6392403.0
1670544000,89.265,89.265,87.79,87.97,8276293.0
1670803200,87.85,88.56,87.43,88.54,5968636.0
1670889600,89.63,89.74,87.94,88.75,8462162.0
1670976000,88.0,89.29,87.52,88.4,8643534.0
1671062400,88.05,88.1,85.385,86.58,9898601.0
1671148800,86.34,87.12,85.8,86.76,28312980.0
1671408000,86.0,86.62,85.4291,86.42,5834828.0
1671494400,83.642,85.26,81.81,84.77,10999000.0
1671580800,85.25,85.912,84.855,85.27,5320945.0
1671667200,85.245,85.47,84.37,85.28,4698821.0
1671753600,85.22,85.245,84.28,84.75,3955516.0
1672099200,85.25,85.47,84.69,85.01,3455858.0
1672185600,85.4,85.83,84.45,84.57,3286089.0
1672272000,84.91,85.57,84.61,85.26,3464099.0
1672358400,85.33,85.89,84.78,85.85,3830991.0
1672704000,85.08,86.145,84.83,85.39,6050632.0
1672790400,86.2,86.5,84.94,85.5,5713869.0
1672876800,85.01,86.41,85.0,85.85,5710937.0
1672963200,86.61,88.29,86.22,88.08,5939532.0
1673222400,87.77,87.9,84.95,85.1,5435709.0
1673308800,85.2,87.53,84.86,87.14,5034520.0
1673395200,87.12,87.2,86.02,87.19,5947077.0
1673481600,86.5,86.59,85.08,85.72,6013291.0
1673568000,85.54,86.3,85.325,86.27,5305720.0
1673913600,86.05,86.365,85.36,85.41,5959790.0
1674000000,85.02,85.125,83.6,83.74,6374849.0
1674086400,84.17,84.58,83.2514,83.62,6922528.0
1674172800,83.54,83.8,82.51,83.01,16678600.0
1674432000,82.76,84.38,82.42,83.23,5673156.0
1674518400,83.43,84.08,82.11,84.02,4776447.0
1674604800,84.15,84.55,83.56,84.07,3892838.0
1674691200,83.76,83.81,82.61,83.62,3670867.0
1674777600,83.33,83.97,83.11,83.73,4108412.0
1675036800,83.52,83.84,82.3301,83.35,7283048.0
1675123200,83.52,84.21,83.225,83.94,9621752.0
1675209600,84.01,84.655,82.7,84.0,6673648.0
1675296000,82.365,82.5,80.48,81.39,10933780.0
1675382400,84.655,86.97,83.6201,84.5,12852400.0
1675641600,84.5,87.18,84.5,86.36,7611135.0
1675728000,86.6,86.69,85.38,86.05,7298804.0
1675814400,85.4,86.03,85.29,85.67,7376596.0
1675900800,85.83,86.605,85.13,85.53,6656819.0
1675987200,85.56,86.96,85.28,86.7,5522187.0
1676246400,86.7,87.82,86.39,87.49,5801725.0
1676332800,87.59,87.61,85.02,85.68,7206203.0
1676419200,85.27,85.27,84.44,85.05,5614951.0
1676505600,84.31,84.756,83.37,83.39,5760563.0
1676592000,83.61,85.25,83.28,84.76,6306264.0
1676937600,84.73,85.49,84.62,84.64,6085631.0
1677024000,84.63,84.75,83.04,83.5,4986884.0
1677110400,83.15,83.85,82.25,82.54,5344979.0
1677196800,82.27,82.3,80.33,80.66,6289964.0
1677456000,81.16,81.31,80.58,80.89,4930041.0
1677542400,80.81,80.93,79.92,80.53,5808885.0
1677628800,80.34,80.34,79.39,79.59,5269941.0
1677715200,79.51,79.9,79.2148,79.62,3459569.0
1677801600,79.81,81.18,79.59,81.07,4915444.0
1678060800,81.11,81.34,80.54,81.11,4500484.0
1678147200,81.3,81.3,79.94,80.28,6112573.0
1678233600,80.5,80.8262,79.8214,80.2,3859680.0
1678320000,80.57,80.6999,78.29,78.95,7500053.0
1678406400,79.02,80.31,78.9,79.5,6203914.0
1678665600,78.565,81.27,78.565,79.51,6845669.0
1678752000,79.03,79.91,78.32,79.77,5499121.0
1678838400,79.1,79.89,78.51,79.65,4875419.0
1678924800,79.18,79.97,78.42,79.85,7274465.0
1679011200,79.76,79.76,76.525,77.31,16828080.0
1679270400,77.71,79.68,77.63,79.46,4672679.0
1679356800,79.525,80.05,78.355,79.14,4744836.0
1679443200,79.1,79.38,77.76,77.81,4909540.0
1679529600,77.78,78.93,77.64,78.76,5015742.0
1679616000,78.93,80.4,78.33,80.0,4807017.0
1679875200,80.38,80.99,79.41,79.58,4444950.0
1679961600,79.96,81.11,79.7891,80.97,4154918.0
1680048000,81.26,81.9693,80.93,81.29,5469280.0
1680134400,81.78,81.9,81.06,81.45,3822725.0
1680220800,81.64,83.14,81.19,82.97,7135830.0
1680480000,82.935,83.8,82.64,83.24,5083675.0
1680566400,83.16,83.45,81.815,82.12,4490721.0
1680652800,82.3,83.72,81.945,83.65,4615196.0
1680739200,84.07,84.83,83.26,83.37,3729061.0
1681084800,83.5,83.5003,82.32,82.6,3465548.0
1681171200,82.56,83.11,82.255,82.54,3669443.0
1681257600,82.97,83.24,81.74,82.16,5146730.0
1681344000,81.96,83.335,81.925,83.27,4224736.0
1681430400,83.03,83.24,81.975,83.0,4886601.0
1681689600,83.41,83.74,83.03,83.63,4444671.0
1681776000,83.74,83.93,82.97,83.78,4284058.0
1681862400,83.46,84.31,83.39,84.11,3112324.0
1681948800,83.75,84.875,83.7,84.69,5927758.0
1682035200,84.87,86.88,84.75,86.57,8039535.0
1682294400,86.62,87.37,86.485,86.7,6630846.0
1682380800,86.95,87.08,85.5,85.59,5378614.0
1682467200,84.235,84.415,82.9,83.74,4439499.0
1682553600,83.74,83.86,82.415,83.55,8658988.0
1682640000,82.52,82.85,80.08,82.21,10709410.0
1682899200,82.47,82.55,81.2,81.42,5561392.0
1682985600,81.53,82.04,80.085,80.44,5647923.0
1683072000,80.49,80.9,79.12,79.45,5057565.0
1683158400,79.61,79.68,78.41,78.52,4564159.0
1683244800,78.75,79.83,78.22,79.75,4613704.0
1683504000,79.61,79.66,78.13,78.59,3823590.0
1683590400,78.31,79.275,78.3,78.8,4546645.0
1683676800,78.77,78.84,77.16,78.11,5614104.0
1683763200,78.16,78.76,77.45,78.7,5123741.0
1683849600,78.77,79.08,77.91,78.17,3519067.0
1684108800,78.07,78.4,77.83,78.38,2723343.0
1684195200,79.77,79.77,78.155,78.32,5765332.0
1684281600,78.145,79.02,77.05,78.81,5507045.0
1684368000,78.88,79.05,77.36,78.21,5049855.0
1684454400,78.78,79.62,78.65,78.845,5694350.0
1684713600,79.3,79.85,78.4,78.62,3559625.0
1684800000,78.6,79.555,78.095,78.58,4542896.0
1684886400,79.12,79.26,78.14,79.05,5863905.0
1684972800,77.47,78.18,76.26,77.65,8118148.0
1685059200,78.0,78.62,77.01,77.09,5439022.0
1685404800,76.52,76.87,76.01,76.33,5038456.0
1685491200,76.62,77.02,76.27,76.94,8073195.0
1685577600,77.54,77.54,75.87,76.21,5031234.0
1685664000,76.12,77.985,75.8,77.89,4877195.0
1685923200,77.82,78.03,77.18,77.72,5744122.0
1686009600,78.29,78.43,76.015,76.2,5408479.0
1686096000,76.15,76.23,75.12,76.08,7037539.0
1686182400,75.76,78.46,75.76,78.4,8860670.0
1686268800,77.52,78.4,77.28,78.12,6375501.0
1686528000,78.2,78.3,76.81,77.86,5687482.0
1686614400,76.995,78.5,76.9,78.45,4920512.0
1686700800,78.04,78.4,77.32,77.95,6069411.0
1686787200,78.28,79.01,77.77,79.0,6526216.0
1686873600,79.25,79.53,78.5,78.86,13982720.0
1687219200,78.64,79.175,77.71,77.71,5410061.0
1687305600,77.67,78.45,76.995,77.61,5342319.0
1687392000,77.75,78.19,77.31,78.11,3408858.0
1687478400,78.33,78.36,77.26,77.47,4815731.0
1687737600,77.2,77.2,74.96,76.56,6106237.0
1687824000,76.65,76.89,75.8,76.01,5111206.0
1687910400,75.92,76.22,75.25,76.18,4486929.0
1687996800,75.88,76.48,75.485,76.01,5296008.0
1688083200,76.49,77.24,76.16,77.07,6017248.0
1688342400,76.255,76.84,75.84,76.715,3435057.0
1688515200,76.57,77.6,76.1,77.24,5308332.0
1688601600,76.91,77.04,76.02,76.24,5020781.0
1688688000,75.66,75.94,74.33,74.42,6550657.0
1688947200,74.5,75.88,74.45,75.69,5554910.0
1689033600,75.49,76.25,75.36,76.12,3530239.0
1689120000,76.36,77.18,76.33,76.38,5185153.0
1689206400,76.7,77.2899,76.3,76.71,3341667.0
1689292800,76.61,77.635,76.46,77.19,6072293.0
1689552000,76.67,77.7583,76.455,77.48,4954592.0
1689638400,77.54,78.865,77.4,78.22,5245145.0
1689724800,78.1,79.6,78.1,78.96,5351637.0
1689811200,79.56,80.78,79.54,79.94,6046049.0
1689897600,80.41,81.13,80.0,80.64,14984370.0
1690156800,79.82,80.18,76.25,77.66,11334050.0
1690243200,77.02,78.15,76.86,77.23,5298431.0
1690329600,76.77,77.38,76.615,77.19,4049720.0
1690416000,77.33,78.28,76.4,76.51,6258578.0
1690502400,76.42,77.32,76.34,76.86,5026550.0
1690761600,76.67,76.89,75.85,76.14,6059581.0
1690848000,76.09,76.38,75.1,75.68,4025933.0
1690934400,76.0,76.32,75.35,75.68,5325487.0
1691020800,75.72,75.8242,75.17,75.53,5748804.0
1691107200,77.38,80.14,77.25,78.68,9062442.0
1691366400,78.33,80.965,77.935,80.67,6831501.0
1691452800,80.69,80.92,78.78,80.08,5546495.0
1691539200,80.57,81.43,80.03,80.17,4551333.0
1691625600,80.38,81.09,79.95,80.0,3776325.0
1691712000,80.0,80.125,79.46,80.0,3383722.0
1691971200,80.06,80.42,79.52,79.85,3681994.0
1692057600,79.63,80.21,78.9584,79.64,3798828.0
1692144000,79.12,80.55,77.905,78.0,7264693.0
1692230400,77.99,78.1097,76.5,76.5,5741193.0
1692316800,76.55,76.71,75.7,75.88,6483931.0
1692576000,75.67,76.26,75.5439,75.94,5359172.0
1692662400,75.69,76.75,75.36,76.35,4536485.0
1692748800,78.3,78.98,76.955,77.04,7422835.0
1692835200,77.25,78.135,76.29,76.33,4793948.0
1692921600,76.61,77.19,76.07,76.86,3773271.0
1693180800,77.29,77.49,76.63,77.04,2783563.0
1693267200,77.25,78.25,77.05,78.21,4156307.0
1693353600,78.22,78.5,77.525,77.66,3298134.0
1693440000,77.28,77.41,76.235,76.48,9200069.0
1693526400,77.22,77.41,76.475,76.65,2993042.0
1693872000,76.95,77.0,75.13,75.16,6045567.0
1693958400,75.12,75.14,73.25,74.24,5753846.0
1694044800,74.62,74.76,73.71,73.94,6586147.0
1694131200,76.12,76.595,75.05,76.0,6695505.0
1694390400,76.05,77.17,76.0,77.04,8053756.0
1694476800,76.99,77.23,76.28,76.8,4181296.0
1694563200,77.0,77.53,76.915,77.31,4407900.0
1694649600,76.79,77.73,76.735,77.36,4424387.0
1694736000,77.21,77.41,75.42,75.67,11145110.0
1694995200,75.86,76.145,75.14,75.62,3337942.0
1695081600,75.39,76.125,75.255,75.77,4002720.0
1695168000,75.98,76.39,75.73,75.82,4826589.0
1695254400,75.88,76.14,75.22,75.27,5272598.0
1695340800,74.76,75.615,74.35,75.01,4351920.0
1695600000,74.75,74.93,74.5301,74.83,3885751.0
1695686400,75.41,76.27,75.32,75.53,5643933.0
1695772800,75.67,76.055,75.135,75.55,4442649.0
1695859200,75.79,76.05,75.21,75.42,3483111.0
1695945600,75.51,75.75,74.58,74.94,4179998.0
1696204800,75.0,75.04,73.16,74.1,4578676.0
1696291200,73.21,73.87,72.8659,73.27,6075317.0
1696377600,73.3,74.82,73.25,74.74,4707663.0
1696464000,74.67,75.03,74.145,74.7,4781934.0
1696550400,74.46,75.01,73.91,74.74,4635272.0
1696809600,74.78,75.34,74.235,75.06,3393989.0
1696896000,75.06,76.46,74.78,75.97,5040261.0
1696982400,76.25,77.01,76.01,76.96,4434127.0
1697068800,76.88,77.11,76.285,76.76,4038083.0
1697155200,77.19,77.855,76.97,77.65,5651907.0
1697414400,77.74,79.445,77.63,79.2,6958195.0
1697500800,79.19,81.07,78.605,80.48,10602220.0
1697587200,80.47,80.71,79.525,79.67,6781870.0
1697673600,79.07,79.87,78.2301,78.44,5563541.0
1697760000,78.74,79.09,77.74,77.8,5183656.0
1698019200,77.7,77.975,77.17,77.56,4049810.0
1698105600,77.59,78.54,77.28,78.15,5424853.0
1698192000,77.91,78.6,77.43,78.39,5148042.0
1698278400,78.51,78.95,77.64,78.5,4630880.0
1698364800,78.39,78.5,76.331,76.62,6037772.0
1698624000,76.92,77.985,76.9,77.77,4760785.0
1698710400,77.59,78.71,77.46,78.54,4684184.0
1698796800,79.0,80.415,78.81,80.19,5446074.0
1698883200,79.81,81.31,79.64,81.23,6166113.0
1698969600,82.0,82.59,81.51,81.59,7040044.0
1699228800,81.67,81.98,80.74,81.14,6649996.0
1699315200,81.07,81.35,80.315,80.61,7609016.0
1699401600,77.49,78.255,75.09,77.9,13103480.0
1699488000,77.53,77.71,74.725,74.98,8878924.0
1699574400,75.46,76.03,74.865,75.92,5946775.0
1699833600,75.37,75.65,74.54,74.93,4742560.0
1699920000,75.32,75.7206,74.55,74.72,5534445.0
1700006400,74.23,75.455,74.11,75.04,7102130.0
1700092800,75.53,76.15,73.99,74.52,6820760.0
1700179200,74.89,75.505,74.57,75.45,7874576.0
1700438400,75.23,76.1,75.07,76.0,7012251.0
1700524800,76.0,76.15,74.54,74.69,5120372.0
1700611200,74.985,75.73,74.895,75.7,4419129.0
1700784000,75.89,75.99,75.025,75.38,1931048.0
1701043200,75.11,75.3,74.515,74.92,4552184.0
1701129600,74.8,74.95,74.19,74.51,6792720.0
1701216000,74.85,75.45,74.6808,75.23,5091775.0
1701302400,75.38,76.74,75.31,76.6,10393740.0
1701388800,76.78,77.66,76.2,77.65,5400471.0
1701648000,77.29,78.47,77.16,78.34,8194691.0
1701734400,78.37,79.275,77.845,79.02,6277013.0
1701820800,79.25,80.18,79.035,79.36,5745464.0
1701907200,79.58,79.81,77.845,78.05,8588558.0
1701993600,78.11,79.24,77.94,79.02,6568994.0
1702252800,79.63,80.84,79.46,80.09,8189977.0
1702339200,80.78,81.175,80.055,80.82,6118338.0
1702425600,81.3,83.12,80.89,83.09,10582410.0
1702512000,82.4,82.46,81.07,81.78,8531101.0
1702598400,81.35,82.31,80.1,80.33,20354200.0
1702857600,80.63,80.63,79.43,79.5,4926692.0
1702944000,79.58,80.015,79.22,79.49,7452371.0
1703030400,79.66,79.78,78.58,78.59,5227782.0
1703116800,78.82,79.42,78.52,78.93,3791022.0
1703203200,79.195,80.0,79.16,79.66,4109738.0
1703548800,79.72,80.055,79.385,79.95,2659492.0
1703635200,80.11,80.75,79.7391,80.37,3541252.0
1703721600,80.52,81.26,80.38,81.14,3553165.0
1703808000,81.07,81.2987,80.69,81.01,3586926.0
1704153600,80.91,83.756,80.87,83.24,7417495.0
1704240000,83.65,84.21,82.97,83.48,7329590.0
1704326400,83.79,84.95,83.435,84.48,5881040.0
1704412800,84.3,84.52,83.2468,83.31,7369160.0
1704672000,82.86,84.07,82.5,83.99,8641184.0
1704758400,83.52,86.29,83.185,86.06,7601842.0
1704844800,83.9,84.94,83.37,84.5,8386587.0
1704931200,84.32,85.475,84.04,85.39,5862246.0
1705017600,85.88,86.445,85.64,86.38,5884164.0
1705363200,85.85,86.09,85.31,85.99,5139530.0
1705449600,85.83,86.575,85.57,86.48,5809469.0
1705536000,85.76,86.55,85.33,86.4,6260570.0
1705622400,86.38,87.865,86.09,87.29,6400664.0
1705881600,80.5,80.75,77.37,78.43,20378550.0
1705968000,78.54,79.88,78.39,79.48,7837815.0
1706054400,79.56,79.9025,78.48,79.53,7563017.0
1706140800,80.08,81.06,79.5537,80.23,8337419.0
1706227200,80.23,80.51,79.4,79.52,5481416.0
1706486400,79.65,80.005,78.905,79.07,6585955.0
1706572800,78.8,78.9,77.9611,78.62,8102375.0
1706659200,78.79,79.03,78.01,78.26,7637274.0
1706745600,78.0,78.58,77.4,78.16,7697961.0
1706832000,77.61,77.99,76.91,76.96,7588850.0
1707091200,76.65,77.05,76.01,76.71,6690385.0
1707177600,76.87,77.87,76.71,77.72,8121246.0
1707264000,76.21,76.45,73.94,74.42,12449830.0
1707350400,74.4,74.59,73.03,73.8,8815205.0
1707436800,73.82,74.12,72.81,73.67,10718250.0
1707696000,73.41,75.14,73.11,74.45,7605845.0
1707782400,74.69,74.77,72.97,73.53,8560069.0
1707868800,73.11,73.83,72.83,73.04,7487680.0
1707955200,73.04,73.57,72.81,73.37,5482851.0
1708041600,73.0,73.0878,71.37,71.58,12823250.0
1708387200,71.59,72.73,71.45,72.04,7874245.0
1708473600,72.51,73.29,72.51,73.2,6233571.0
1708560000,72.26,72.885,71.83,72.78,7323717.0
1708646400,73.25,74.24,73.0,73.55,5573505.0
1708905600,73.5,73.89,72.84,72.95,5177937.0
1708992000,72.85,73.135,72.63,73.02,6090379.0
1709078400,73.18,73.25,72.61,72.7,4245558.0
1709164800,72.72,72.91,71.92,72.1,8583444.0
1709251200,72.28,72.655,72.04,72.31,5401188.0
1709510400,72.39,72.6,71.96,72.25,5750080.0
1709596800,72.4,73.01,72.1,72.99,6280430.0
1709683200,72.88,73.32,72.51,72.63,6170328.0
1709769600,72.97,74.08,72.68,73.66,9902838.0
1709856000,73.96,75.435,73.66,75.12,9519011.0
1710115200,74.88,76.21,74.83,75.32,7394928.0
1710201600,75.25,75.34,74.25,75.08,7056289.0
1710288000,75.49,76.175,74.96,75.94,6003025.0
1710374400,74.72,75.02,73.82,74.21,8399270.0
1710460800,74.25,74.66,73.29,73.69,13963770.0
1710720000,73.69,74.17,73.205,73.26,6939612.0
1710806400,73.34,73.77,73.19,73.41,8661777.0
1710892800,73.27,73.98,72.8,73.98,7311351.0
1710979200,73.9,74.28,73.03,73.09,5836856.0
1711065600,73.11,73.23,72.56,72.61,7730620.0
1711324800,72.5,72.84,72.2,72.58,5543898.0
1711411200,72.32,72.66,72.11,72.41,5362890.0
1711497600,72.92,73.06,72.55,73.01,7747590.0
1711584000,73.25,73.87,73.2,73.25,8369703.0
1711929600,73.22,73.22,72.38,72.88,3796058.0
1712016000,72.82,72.85,71.9,72.09,6138986.0
1712102400,72.0,72.17,70.7,70.89,5145312.0
1712188800,71.24,71.39,69.395,69.55,7341192.0
1712275200,69.69,70.0098,68.54,69.58,6599542.0
1712534400,69.05,69.55,69.05,69.42,4589099.0
1712620800,69.16,69.95,69.11,69.94,5928204.0
1712707200,69.76,69.76,68.0649,68.12,7983148.0
1712793600,68.46,69.025,68.305,68.65,6071511.0
1712880000,68.52,68.62,67.62,68.07,5691760.0
1713139200,68.27,68.455,67.7,67.75,7717826.0
1713225600,67.8,67.89,67.185,67.31,4975048.0
1713312000,67.35,67.55,66.89,66.93,5287730.0
1713398400,67.01,67.02,65.9,66.16,6442224.0
1713484800,66.25,66.83,66.16,66.76,10657000.0
1713744000,66.93,67.565,66.74,66.95,5622367.0
1713830400,67.09,67.68,66.995,67.03,5240249.0
1713916800,66.58,67.185,66.365,67.08,8467060.0
1714003200,67.47,67.9,65.09,65.27,15171960.0
1714089600,65.5,66.3507,64.63,65.42,12382430.0
1714348800,65.3,66.91,65.2,65.94,7838836.0
1714435200,65.62,65.635,64.82,65.2,7436603.0
1714521600,65.32,65.8892,64.97,65.51,7232520.0
1714608000,65.75,65.8,64.89,65.33,5571500.0
1714694400,65.51,65.53,64.33,64.78,7822720.0
1714953600,64.78,65.56,64.34,65.54,7187265.0
1715040000,65.43,66.14,65.16,65.46,7318161.0
1715126400,65.57,65.61,64.76,64.92,5134980.0
1715212800,65.18,65.22,64.52,64.58,6048572.0
1715299200,64.72,66.2,64.67,65.96,8733211.0
1715558400,66.15,67.59,66.13,67.54,6736457.0
1715644800,68.0,68.37,67.045,67.65,4356239.0
1715731200,67.93,67.98,66.97,67.01,7532064.0
1715817600,67.01,67.97,66.85,67.86,4831970.0
1715904000,67.82,67.82,67.21,67.72,3579110.0
1716163200,67.72,68.0383,67.38,67.9,4719854.0
1716249600,67.8,67.9,66.84,67.29,5701228.0
1716336000,67.18,67.89,66.9661,67.8,6227702.0
1716422400,67.56,67.63,66.01,66.17,5625302.0
1716508800,66.38,66.43,65.21,65.68,5971044.0
1716854400,65.31,65.5515,63.74,63.94,5593404.0
1716940800,63.5,63.91,63.1,63.5,5609571.0
1717027200,63.48,64.335,63.07,64.08,7127599.0
1717113600,62.715,64.3,62.07,64.27,14509330.0
1717372800,64.3,64.89,63.18,63.43,8560896.0
1717459200,63.54,64.6,63.2,64.16,6593105.0
1717545600,64.18,64.42,63.31,63.88,6145808.0
1717632000,63.8,64.29,63.5,63.85,6087410.0
1717718400,63.82,64.92,63.56,64.7,7412695.0
1717977600,64.56,65.28,64.04,65.25,11593490.0
1718064000,64.65,64.9,64.25,64.89,4648228.0
1718150400,65.0,65.22,63.86,64.34,5846052.0
1718236800,64.06,64.165,63.5,63.56,6502391.0
1718323200,62.75,65.62,62.71,65.06,9793590.0
1718582400,64.75,64.9444,64.0,64.27,5915788.0
1718668800,64.17,64.34,62.685,63.15,6684551.0
1718841600,65.03,69.47,64.86,68.49,25061690.0
1718928000,71.55,72.18,69.56,70.67,31302590.0
1719187200,71.0,72.07,70.56,70.73,10915470.0
1719273600,70.64,71.4831,69.525,69.61,9401473.0
1719360000,69.19,70.23,68.9,69.31,5795227.0
1719446400,69.14,69.59,68.52,68.83,7176254.0
1719532800,68.83,69.0,68.06,68.61,9590049.0
1719792000,68.63,69.99,68.5,68.64,5250960.0
1719878400,68.3,68.49,67.58,68.4,4846198.0
1719964800,68.24,68.33,66.58,66.59,3995673.0
1720137600,66.62,66.93,66.01,66.69,4211698.0
1720396800,67.865,68.18,67.03,67.55,5746976.0
1720483200,67.1,67.97,66.34,67.76,5364467.0
1720569600,67.83,68.86,67.65,68.75,4101571.0
1720656000,68.22,70.3,68.14,69.97,9598371.0
1720742400,70.25,70.68,69.91,69.96,5101030.0
1721001600,70.4,71.245,70.21,70.81,7569321.0
1721088000,70.33,72.05,70.33,71.64,5129668.0
1721174400,72.01,73.98,72.01,73.3,7220076.0
1721260800,72.6,74.92,72.4983,73.51,8120132.0
1721347200,73.51,73.74,71.96,72.56,5571805.0
1721606400,72.89,73.32,72.02,72.41,6420756.0
1721692800,71.95,72.29,70.78,71.17,4502431.0
1721779200,71.66,73.5999,71.42,73.5,6599992.0
1721865600,74.75,77.34,74.38,76.51,11733380.0
1721952000,76.03,78.29,75.74,77.01,7453639.0
1722211200,77.12,77.98,76.81,77.73,4571229.0
1722297600,77.42,78.45,76.6201,78.05,6120753.0
1722384000,77.89,77.97,75.87,76.06,7051985.0
1722470400,76.11,77.21,75.805,76.49,5662514.0
1722556800,77.79,78.21,75.54,76.77,6458108.0
1722816000,76.88,77.18,74.29,74.83,7349147.0
1722902400,74.5,75.51,74.15,74.19,5311082.0
1722988800,74.51,75.32,73.95,74.0,4214724.0
1723075200,74.05,75.75,73.77,75.59,7786349.0
1723161600,74.94,76.252,72.81,73.66,9545056.0
1723420800,73.34,73.49,72.43,72.99,5606870.0
1723507200,72.95,74.25,72.67,73.98,4356873.0
1723593600,73.51,74.345,72.99,74.14,4747771.0
1723680000,74.38,75.01,73.75,74.34,5196720.0
1723766400,73.94,74.24,72.885,73.78,5148098.0
1724025600,73.34,74.52,73.27,74.45,3727911.0
1724112000,74.54,74.895,74.34,74.75,3668023.0
1724198400,74.85,75.38,74.8,75.13,3659920.0
1724284800,75.57,76.26,75.35,75.9,5930767.0
1724371200,76.09,77.12,75.91,76.72,6847053.0
1724630400,76.8,77.43,76.4201,76.96,2926973.0
1724716800,77.21,77.46,76.69,77.0,3902006.0
1724803200,77.46,79.45,77.23,78.56,6214101.0
1724889600,78.93,79.65,78.25,79.45,5544959.0
1724976000,79.43,80.25,78.6,79.0,6205320.0
1725321600,79.79,80.435,79.4,79.7,8733261.0
1725408000,79.67,80.0,78.72,79.13,4580626.0
1725494400,78.95,79.32,77.74,78.77,4306352.0
1725580800,79.11,79.205,78.26,78.72,9220980.0
1725840000,78.4,80.2,78.36,79.17,5571522.0
1725926400,79.17,81.56,78.73,81.44,6868984.0
1726012800,81.14,81.2,79.64,80.94,6144890.0
1726099200,83.02,84.89,81.98,83.16,11450950.0
1726185600,81.95,83.17,81.57,82.81,6530266.0
1726444800,83.0,83.58,82.52,83.16,7844342.0
1726531200,83.06,83.335,82.3802,83.05,7078516.0
1726617600,83.37,84.52,82.76,83.89,9199497.0
1726704000,84.39,84.65,83.425,83.9,8798289.0
1726790400,83.26,83.99,82.75,83.94,24925970.0
1727049600,84.25,84.46,83.48,83.99,6474411.0
1727136000,83.79,84.28,83.34,83.79,7985228.0
1727222400,83.935,83.99,82.15,82.21,8375549.0
1727308800,82.02,83.12,81.8298,83.04,5654508.0
1727395200,83.23,84.33,83.04,83.61,5456738.0
1727654400,83.15,84.25,83.14,83.84,5116174.0
1727740800,83.82,83.9799,82.82,83.94,6619022.0
1727827200,83.33,85.425,83.1,84.74,6042368.0
1727913600,84.25,84.93,84.01,84.17,4086080.0
1728000000,84.34,84.96,83.98,84.59,4054354.0
1728259200,85.05,85.66,84.34,84.43,4692539.0
1728345600,84.52,85.39,84.32,85.21,4593176.0
1728432000,85.18,86.845,85.0595,86.14,6162188.0
1728518400,85.83,85.94,84.59,84.67,3814849.0
1728604800,84.86,84.975,84.165,84.95,3982326.0
1728864000,84.92,85.34,84.34,85.05,3493271.0
1728950400,85.18,86.6414,84.8,85.82,5133455.0
1729036800,85.83,86.82,85.825,86.75,3181288.0
1729123200,86.92,87.65,86.59,87.36,4287742.0
1729209600,86.79,87.17,86.01,86.72,4365082.0
1729468800,86.64,87.27,85.92,86.29,4451277.0
1729555200,85.68,88.36,85.6,88.16,6044365.0
1729641600,88.15,88.39,87.14,87.23,4373484.0
1729728000,87.72,89.215,87.615,88.78,7183811.0
1729814400,89.445,89.74,88.45,89.0,5734995.0
1730073600,89.24,89.42,88.52,88.76,5961814.0
1730160000,88.38,88.52,86.81,88.08,6656244.0
1730246400,87.9,88.37,87.48,88.29,5846878.0
1730332800,87.94,89.28,87.74,88.82,5894539.0
1730419200,88.31,89.57,88.19,89.51,6485873.0
1730678400,89.49,90.71,89.37,89.84,6124270.0
1730764800,89.64,90.39,89.01,90.22,3960199.0
1730851200,91.0,91.98,90.5,91.69,8819291.0
1730937600,94.0,98.32,93.51,97.9,14389840.0
1731024000,96.05,97.32,94.91,96.565,7457030.0
1731283200,96.4,98.9,96.3,97.03,7094257.0
1731369600,96.35,96.84,94.225,94.35,9322666.0
1731456000,94.13,94.205,91.63,92.63,11060500.0
1731542400,92.31,92.66,91.295,92.11,8202705.0
1731628800,91.71,91.99,88.21,88.4,11454520.0
1731888000,88.385,89.04,87.63,88.46,9099775.0
1731974400,87.63,88.6,86.08,87.75,8179276.0
1732060800,88.11,89.08,87.77,88.63,4781738.0
1732147200,89.065,89.94,88.07,89.76,4057424.0
1732233600,89.805,90.49,89.27,90.19,4545876.0
1732492800,90.75,91.365,89.5,90.49,10754270.0
1732579200,90.34,91.68,89.63,91.35,4406468.0
1732665600,91.44,92.895,91.44,92.41,5527206.0
1732838400,92.84,93.1599,92.33,92.58,3850965.0
1733097600,92.53,94.36,92.49,94.02,5023289.0
1733184000,93.81,94.39,92.46,92.49,5532434.0
1733270400,92.59,92.6,89.86,91.59,9124340.0
1733356800,91.6,94.27,91.6,93.39,12428730.0
1733443200,93.5,94.218,92.03,92.13,4470730.0
1733702400,91.86,92.15,90.5,90.59,7396365.0
1733788800,91.35,92.95,90.64,92.34,6748150.0
1733875200,92.4,94.65,91.94,92.38,7525424.0
1733961600,92.46,93.22,91.44,92.38,5782749.0
1734048000,91.66,92.11,89.15,91.855,7515462.0
1734307200,91.96,93.26,91.9,92.05,7068110.0
1734393600,91.88,93.59,91.88,92.8,6125604.0
1734480000,92.72,93.5,90.59,90.69,6616140.0
1734566400,90.4,91.48,90.27,91.09,8876288.0
1734652800,90.92,93.29,90.71,92.57,22530190.0
1734912000,92.62,93.52,91.79,93.4,4809523.0
1734998400,93.0,94.05,92.1,93.95,2109120.0
1735171200,93.17,94.55,92.975,94.41,2915678.0
1735257600,93.43,94.38,93.43,94.11,3349328.0
1735516800,93.93,94.0,91.72,92.01,3613206.0
1735603200,92.59,92.98,91.78,92.37,3482463.0
1735776000,92.62,92.83,91.4,91.88,3496093.0
1735862400,92.19,92.34,91.31,91.41,4265369.0
1736121600,90.75,91.53,90.325,91.23,6779637.0
1736208000,90.89,91.51,90.51,90.63,5811919.0
1736294400,90.68,90.68,89.0,89.14,8054161.0
1736467200,90.19,91.43,88.57,89.88,7869675.0
1736726400,90.3,90.37,89.02,89.94,6523268.0
1736812800,90.59,91.48,89.83,91.0,7418301.0
1736899200,91.35,92.66,91.04,92.38,8084466.0
1736985600,92.26,93.07,90.82,91.65,8955333.0
1737072000,92.01,92.8,91.685,91.84,6862211.0
1737417600,92.06,93.9,92.06,92.96,10546090.0
1737504000,92.63,93.31,91.84,93.04,7285717.0
1737590400,93.03,93.29,92.21,92.92,4086123.0
1737676800,92.36,94.0,92.26,93.07,5409420.0
1737936000,93.1,95.84,93.1,95.35,7914206.0
1738022400,95.0,96.7,93.81,93.85,7406095.0
1738108800,94.4,95.9314,94.08,95.59,5593465.0
1738195200,96.56,96.97,95.44,96.95,5020453.0
1738281600,96.73,98.365,96.43,97.2,9419694.0
1738540800,97.03,99.45,96.74,98.38,10515640.0
1738627200,98.38,98.47,97.05,97.99,6156200.0
1738713600,98.48,100.51,98.01,99.65,7739645.0
1738800000,99.54,99.59,97.845,98.04,4518108.0
1738886400,97.76,98.33,95.9,96.04,7182574.0
1739145600,96.04,96.165,94.56,95.48,9628211.0
1739232000,95.33,96.28,95.03,96.14,6260035.0
1739318400,101.735,104.7085,100.83,103.31,16210250.0
1739404800,104.84,106.43,103.82,105.96,8715048.0
1739491200,105.8,106.69,103.923,104.08,6400408.0
1739836800,104.25,106.58,104.0,105.25,9434601.0
1739923200,105.23,107.81,105.2,107.65,6384399.0
1740009600,107.78,110.11,107.43,110.03,7684482.0
1740096000,110.73,111.025,109.77,109.95,9732759.0
1740355200,109.57,111.99,109.45,111.03,10495070.0
1740441600,111.1,112.11,110.1,111.53,8072049.0
1740528000,110.71,111.07,108.4,110.46,5911212.0
1740614400,110.33,112.565,110.0501,111.99,6301392.0
1740700800,112.15,114.77,111.81,114.31,12604050.0
1740960000,114.885,117.16,114.68,115.99,10017280.0
1741046400,117.25,117.39,113.58,114.74,11982670.0
1741132800,114.74,117.21,114.5,115.44,16088530.0
1741219200,115.46,116.31,114.61,116.04,7712226.0
1741305600,115.65,118.42,114.79,117.41,14406040.0
1741564800,117.0,119.96,116.78,117.21,11194420.0
1741651200,116.65,116.98,113.92,114.43,11478820.0
1741737600,113.145,114.87,112.82,113.99,8066153.0
1741824000,113.79,115.465,112.7,113.35,6939103.0
1741910400,112.89,113.36,110.8975,111.44,8647870.0
1742169600,110.53,112.56,109.46,112.26,9259003.0
1742256000,112.19,112.2,109.84,110.23,10250430.0
1742342400,109.69,109.72,105.8,107.51,11967560.0
1742428800,106.825,106.83,104.7,105.87,11281720.0
1742515200,105.16,107.42,104.9153,107.08,26497520.0
1742774400,107.01,107.39,106.0982,106.74,8563347.0
1742860800,106.74,107.95,106.3,107.89,8444658.0
1742947200,107.99,110.46,107.9,109.27,7391888.0
1743033600,110.0,111.81,109.735,111.16,6383230.0
1743120000,111.15,112.38,109.645,111.79,7845172.0
1743379200,109.67,112.46,109.6,112.05,8828832.0
1743465600,112.0,112.86,110.705,111.28,6284522.0
1743552000,111.13,112.015,110.47,111.89,7444346.0
1743638400,113.015,114.75,112.28,112.39,10045250.0
1743724800,110.51,112.87,107.115,107.25,12920020.0
1743984000,104.745,109.0,103.3208,105.52,14202840.0
1744070400,105.395,107.47,101.795,103.19,11293680.0
1744156800,97.97,107.46,97.32,105.25,19225210.0
1744243200,104.82,105.0,99.25,101.4,14193690.0
1744329600,102.18,104.7894,100.76,103.63,8683685.0
1744588800,103.975,107.18,103.975,106.5,6335306.0
1744675200,106.4,106.4998,104.87,105.68,7577282.0
1744761600,105.93,106.4,104.35,104.88,7116050.0
1744848000,104.74,105.75,103.52,104.54,8066776.0
1745193600,104.1,105.225,103.09,104.33,6720995.0
1745280000,104.895,106.44,104.78,105.51,7540744.0
1745366400,105.95,106.635,99.32,106.38,8178745.0
1745452800,106.105,107.56,105.74,106.15,10133170.0
1745539200,102.68,104.2,93.37,103.17,14208230.0
1745798400,103.855,106.54,103.135,106.34,9458853.0
1745884800,105.68,107.17,104.11,104.21,7646381.0
1745971200,105.33,106.81,103.8,106.54,9628528.0
1746057600,105.505,105.86,103.16,103.25,7270898.0
1746144000,104.87,105.17,102.475,103.68,7033837.0
1746403200,103.72,103.845,102.455,102.81,5487254.0
1746489600,102.33,102.73,97.33,97.88,11409440.0
1746576000,97.87,99.7,97.33,98.9,8126794.0
1746662400,97.25,98.44,95.295,98.16,12994840.0
1746748800,98.07,98.65,96.2,96.91,13141070.0
1747008000,96.79,104.66,96.185,103.82,12935870.0
1747094400,102.555,102.825,100.73,101.43,8443025.0
1747180800,100.93,101.73,98.08,98.38,10047050.0
1747267200,99.53,100.62,97.86,100.34,9678894.0
1747353600,100.61,102.55,100.23,102.5,6398441.0
1747612800,103.0,106.25,102.84,106.16,8561428.0
1747699200,105.76,109.255,105.76,109.11,10712070.0
1747785600,108.11,108.77,107.39,107.72,7968878.0
1747872000,107.25,107.95,106.13,106.74,7069437.0
1747958400,105.85,107.84,105.58,107.37,6037524.0
1748304000,108.3,109.55,108.04,109.09,7929947.0
1748390400,109.115,109.45,107.23,108.44,4598301.0
1748476800,108.59,111.24,108.12,111.11,5597110.0
1748563200,111.62,111.62,109.5795,110.08,11913190.0
1748822400,109.24,110.41,105.69,108.91,9987427.0
1748908800,108.4,109.77,107.645,109.33,9883951.0
1748995200,109.52,111.29,108.89,109.02,7963318.0
1749081600,108.97,112.53,108.31,110.46,10821460.0
1749168000,111.69,112.76,110.77,112.46,5263662.0
1749427200,112.598,113.5199,111.77,113.0,6152957.0
1749513600,109.892,112.2367,109.76,110.09,8871249.0
1749600000,109.82,111.04,109.02,109.3,6413846.0
1749686400,110.59,112.09,108.8966,112.05,7025990.0
1749772800,110.51,111.37,109.48,109.98,8150114.0
1750032000,110.17,111.47,108.8,110.83,4740807.0
1750118400,110.29,110.69,107.74,108.0,7460755.0
1750204800,108.61,111.78,107.19,108.0,12894800.0
1750377600,108.85,110.16,107.3,108.5,23268120.0
1750636800,108.82,109.44,105.3501,106.19,8173378.0
1750723200,106.33,107.6,106.0,107.2,7917040.0
1750809600,106.84,106.92,104.46,105.93,6053550.0
1750896000,106.19,107.86,105.79,107.62,6311655.0
1750982400,108.26,112.0,106.84,110.67,19545210.0
1751241600,110.61,111.44,109.88,110.87,6602335.0
1751328000,111.5,112.565,110.8,111.73,7677243.0
1751414400,111.79,112.83,111.09,111.51,5991191.0
1751500800,111.55,112.08,110.61,111.75,4039811.0
1751846400,111.995,112.58,110.75,111.78,6956611.0
1751932800,111.76,113.15,110.89,111.06,4682558.0
1752019200,112.43,113.67,111.83,113.24,5234878.0
1752105600,113.07,114.87,112.8301,114.54,6097178.0
1752192000,113.535,113.81,109.45,109.64,6116243.0
1752451200,109.665,112.185,109.66,112.09,6380737.0
1752537600,110.94,111.49,108.725,109.06,4938399.0
1752624000,108.58,110.72,108.57,109.85,3958563.0
1752710400,109.21,110.15,108.16,108.8,4275967.0
1752796800,109.85,110.9,108.04,108.22,6628093.0
1753056000,108.38,109.38,107.75,108.28,3573799.0
1753142400,108.4,110.97,108.06,110.17,4487918.0
1753228800,110.62,113.89,110.38,113.56,5228530.0
1753315200,113.58,113.7,112.51,113.2,4103714.0
1753401600,114.555,117.6,114.13,116.2,7680841.0
1753660800,113.39,114.75,112.68,113.03,5370832.0
1753747200,112.95,114.405,112.3,114.23,6278916.0
1753833600,114.27,115.75,113.53,114.76,5826864.0
1753920000,113.855,115.54,111.8,112.29,7883479.0
1754006400,112.26,113.81,111.85,113.18,5016408.0
1754265600,113.45,114.57,113.23,114.51,5634228.0
1754352000,113.99,114.5,112.31,112.46,6132132.0
1754438400,111.97,112.25,110.19,110.28,7446744.0
1754524800,110.58,110.67,108.5351,110.28,9190269.0
1754611200,115.22,121.38,114.8,119.41,13115290.0
1754870400,119.23,120.61,118.1708,120.47,7952989.0
1754956800,120.56,121.83,119.26,120.02,6085102.0
1755043200,120.55,121.12,119.5,120.14,4928534.0
1755129600,119.8,120.5,118.12,119.02,5461711.0
1755216000,118.545,119.0199,117.67,118.37,8859872.0
1755475200,118.305,119.37,117.845,117.99,4476399.0
1755561600,118.22,119.53,117.07,117.98,6484493.0
1755648000,118.57,120.8899,118.46,118.73,5639523.0
1755734400,115.5,117.94,114.56,116.14,6063238.0
1755820800,116.9,118.13,114.52,114.77,5503422.0
1756080000,114.91,115.5,113.81,114.15,3812336.0
1756166400,114.35,115.24,113.887,114.75,5932815.0
1756252800,114.02,115.22,113.76,113.92,4663703.0
1756339200,113.63,113.85,112.32,112.56,4148684.0
1756425600,112.76,113.24,112.145,112.97,4630506.0
1756771200,112.9,113.3,111.28,112.71,4409744.0
1756857600,112.63,113.4,112.15,112.99,4546462.0
1756944000,113.15,113.825,112.28,112.77,4024816.0
1757030400,112.41,115.81,112.25,115.05,6953995.0
1757289600,114.68,116.18,113.82,115.88,16944960.0
1757376000,115.88,116.25,113.87,115.76,6217193.0
1757462400,115.54,115.85,114.5,115.25,7839719.0
1757548800,115.4,118.11,115.22,117.86,5457036.0
1757635200,117.49,117.63,114.175,114.55,6468072.0
1757894400,113.67,113.67,111.325,112.54,6169174.0
1757980800,113.22,114.13,110.15,110.86,5458754.0
1758067200,111.37,112.46,111.21,112.26,6539587.0
1758153600,111.395,113.75,111.26,113.62,7115564.0
1758240000,114.31,115.07,113.09,114.09,12580500.0
1758499200,113.45,114.05,112.15,112.49,7261289.0
1758585600,111.88,115.57,111.7501,114.4,7281771.0
1758672000,114.3,114.57,111.96,113.67,5222766.0
1758758400,114.52,115.25,110.81,110.99,8355787.0
1758844800,111.35,112.235,110.7,112.1,5074303.0
1759104000,112.55,112.7,110.82,112.62,7122222.0
1759190400,113.03,114.86,110.92,111.0,10301730.0
1759276800,112.0,113.07,110.2015,111.15,13650010.0
1759363200,110.2,111.7,108.4601,110.56,10135000.0
1759449600,110.74,113.59,109.66,112.69,8089076.0
1759708800,115.67,117.0,112.41,113.58,9090734.0
1759795200,113.6,116.91,112.82,116.78,8712575.0
1759881600,117.11,118.35,115.755,118.25,6532171.0
1759968000,118.75,118.86,116.5104,116.74,5019053.0
1760054400,117.65,119.33,116.5,117.18,7896618.0
1760313600,116.34,118.78,115.8,118.21,5124618.0
1760400000,117.515,119.3347,116.625,118.48,6311218.0
1760486400,118.08,119.07,117.07,118.3,4552240.0
1760572800,117.98,121.57,117.34,117.85,6742969.0
1760659200,119.64,124.11,119.09,122.81,15845860.0
1760918400,122.59,123.99,122.2,123.11,8149673.0
1761004800,123.27,124.61,121.92,124.08,5559031.0
1761091200,124.24,124.45,121.3,121.46,5436308.0
1761177600,121.75,121.88,119.45,120.74,4635345.0
1761264000,120.415,121.145,118.705,120.94,5438759.0
1761523200,121.49,121.58,119.5,120.47,4752728.0
1761609600,119.77,120.28,117.79,117.88,4723541.0
1761696000,117.12,118.96,116.7,118.5,6032321.0
1761782400,118.8,120.52,117.5206,118.44,8349594.0
1761868800,116.06,121.91,114.02,119.79,10030190.0
1762128000,119.82,122.315,119.1,122.05,8294114.0
1762214400,123.15,123.5744,119.24,123.0,8467179.0
1762300800,122.2,123.73,121.71,122.58,6417503.0
1762387200,121.93,124.1,121.719,123.4,6087496.0
1762473600,123.89,124.0,117.54,118.84,9065913.0
1762732800,119.395,119.85,117.13,118.15,7566149.0
1762819200,118.61,122.75,118.5825,122.56,6281101.0
1762905600,122.4,124.865,121.8,123.4,6004794.0
1762992000,123.75,127.68,123.6,125.2,9253823.0
1763078400,124.81,125.64,122.5,125.02,6599516.0
1763337600,125.23,126.53,123.91,124.09,5758104.0
1763424000,124.54,127.36,123.32,127.18,8179017.0
1763510400,127.09,128.1,125.86,128.07,6881858.0
1763596800,128.34,128.7,124.54,124.99,9924201.0
1763683200,125.34,127.98,125.07,126.64,10379350.0
1763942400,126.96,128.25,124.49,125.27,9553634.0
1764028800,124.78,127.61,124.7,127.12,7589832.0
1764115200,126.94,128.16,126.36,127.51,5825580.0
1764288000,127.1,127.7999,124.9,125.84,3063631.0
1764547200,125.885,126.23,123.62,124.33,4960221.0
1764633600,124.4,125.08,123.39,123.91,5109934.0
1764720000,124.21,125.6,123.88,125.0,5306324.0
1764806400,124.81,124.96,122.4,122.62,5234244.0
1764892800,122.29,122.53,120.38,121.22,10417010.0
1765152000,120.98,122.37,120.54,121.19,8870661.0
1765238400,121.07,122.25,119.02,119.36,7256046.0
1765324800,119.485,121.41,118.775,121.34,8530529.0
1765411200,122.25,123.74,121.0,123.21,4892293.0
1765497600,122.86,123.625,119.53,120.4,6767829.0
1765756800,122.0,122.98,119.39,119.78,7805068.0
1765843200,120.53,121.64,118.17,118.78,6417477.0
1765929600,119.27,122.07,118.575,121.36,7959025.0
1766016000,121.24,122.29,120.93,121.47,5795444.0
1766102400,121.19,126.2699,121.0,124.29,24394990.0
1766361600,124.075,124.9,122.84,124.16,6751351.0
1766448000,124.17,127.41,124.0001,125.19,5712815.0
1766534400,125.71,126.25,125.12,125.67,1606328.0
1766707200,125.52,125.77,124.185,124.7,2073829.0
1766966400,124.82,125.27,124.2,124.91,3061395.0
1767052800,124.56,125.0,122.95,123.18,3256025.0
1767139200,123.235,123.6,122.38,122.74,3150182.0
1767312000,122.49,122.5939,121.19,121.6,4555506.0
1767571200,120.77,121.0,116.88,118.3,7039107.0
1767657600,118.22,121.99,118.22,121.36,6038195.0
1767744000,122.34,124.71,122.16,124.35,6175370.0
1767830400,124.08,125.11,119.93,120.67,6717804.0
1767916800,120.34,122.76,119.33,121.1,6629526.0
1768176000,120.58,124.48,119.63,122.6,7397037.0
1768262400,122.59,123.805,120.22,121.76,5803884.0
1768348800,121.38,124.16,121.38,124.07,4659420.0
1768435200,124.31,124.57,120.945,121.26,6659785.0
1768521600,123.8,125.12,122.1,124.91,10639070.0
1768867200,123.8,126.24,122.28,124.14,9152643.0
1768953600,123.73,129.39,122.68,129.11,7285253.0
1769040000,129.13,133.1,129.0,131.14,8550528.0
1769126400,131.26,136.3,131.0,135.93,13180920.0
1769385600,135.88,138.0285,133.69,137.78,10012520.0
1769472000,137.54,141.71,137.54,140.97,10615820.0
1769558400,140.41,140.87,138.69,139.72,7317700.0
1769644800,139.75,140.51,138.23,139.55,7148282.0
1769731200,139.08,142.2,138.65,141.95,9460236.0
1769990400,141.05,143.8,140.01,142.89,6898220.0
1770076800,142.16,145.94,142.03,143.28,6840192.0
1770163200,144.14,146.73,143.5,146.23,7440114.0
1770249600,146.5,150.5,145.87,149.37,9143045.0
1770336000,149.69,153.13,148.7082,152.5,8510037.0
1770595200,151.845,153.0,150.18,151.68,7431212.0
1770681600,151.47,151.87,147.07,147.23,10774640.0
1770768000,148.895,157.29,147.38,155.8,11433950.0
1770854400,153.42,155.73,150.82,151.81,9891223.0
1770940800,151.89,156.95,151.46,154.98,6861934.0
1771286400,155.04,155.75,153.31,155.27,5885152.0
1771372800,156.01,156.01,152.37,152.74,5190851.0
1771459200,152.34,152.815,150.33,151.12,7357970.0
1771545600,150.58,153.255,150.09,151.4,6986978.0
1771804800,148.925,152.46,148.38,149.83,5994769.0
1771891200,149.72,150.08,147.05,147.64,8334027.0
1771977600,147.35,149.11,146.3905,147.12,6209090.0
1772064000,145.92,146.36,143.09,143.77,7987607.0
1772150400,143.555,150.0,143.37,148.95,11195860.0
1772409600,147.87,150.77,147.8005,150.03,7183285.0
1772496000,148.13,148.84,145.5208,147.83,6741675.0
1772582400,148.92,148.92,146.1,148.22,6925216.0
1772668800,146.32,146.7531,143.345,145.14,6944156.0
1772755200,143.56,144.65,142.77,143.93,4921313.0
1773014400,143.5,146.92,143.485,146.63,5210502.0
1773100800,147.73,149.38,146.835,148.56,5098461.0
1773187200,147.11,149.3,145.805,146.0,5552156.0
1773273600,145.11,146.95,143.89,145.21,7006787.0
1773360000,146.85,148.22,144.2,144.99,4375701.0
1773619200,144.23,146.13,142.6786,145.21,3697501.0
1773705600,146.52,146.71,143.27,144.4,3887912.0
1773792000,143.16,143.795,139.23,141.29,7079634.0
1773878400,141.415,142.09,140.12,141.11,7310679.0
1773964800,140.43,141.0,136.49,137.21,15521890.0
1774224000,139.675,139.8,136.44,137.34,7364174.0
1774310400,136.8,138.365,136.465,138.11,6725458.0
1774396800,139.76,140.415,137.92,138.26,5053337.0
1774483200,138.39,138.94,136.66,136.88,4285651.0
1774569600,136.85,137.47,134.1,134.25,5647185.0
1774828800,134.57,136.63,133.89,136.34,6148332.0
1774915200,137.18,140.35,137.17,139.37,7878992.0
1775001600,139.69,141.49,138.82,140.3,5286456.0
1775088000,139.61,141.34,138.64,139.71,4925897.0
1775433600,139.24,140.71,138.85,140.13,3922123.0
1775520000,139.0,139.39,137.145,138.8,5439157.0
1775606400,140.105,141.57,138.47,141.54,4967271.0
1775692800,140.12,142.97,139.96,142.09,4167442.0
1775779200,142.38,142.38,138.45,138.99,4418834.0
1776038400,137.99,139.55,137.02,139.03,5101886.0
1776124800,138.26,141.4,137.6,140.45,6473797.0
1776211200,140.96,140.96,138.06,139.77,3790526.0
1776297600,138.61,140.265,137.75,138.55,3432531.0
1776384000,138.95,139.76,136.69,137.64,7345882.0
1776643200,138.055,138.54,135.48,135.87,3871215.0
1776729600,136.18,136.335,132.22,133.29,6070570.0
1776816000,133.69,134.075,131.34,132.9,6695769.0
1776902400,134.02,134.68,132.785,133.64,3870913.0
1776988800,131.54,132.325,129.283,130.4,5966098.0
1777248000,128.8,130.33,127.64,127.75,8170310.0
1777334400,130.33,130.47,128.34,129.26,5940261.0
1777420800,128.9,129.96,128.0,128.84,5048293.0
1777507200,127.96,132.21,127.96,130.84,6660240.0
1777593600,130.0,132.36,129.0132,131.65,5517169.0
1777852800,130.44,133.1,130.0,132.69,5880732.0
1777939200,132.84,133.98,131.89,133.48,6152431.0
1778025600,133.38,136.75,133.19,136.3,6351160.0
1778112000,136.495,136.495,133.76,134.06,8901045.0
1778198400,130.0,133.34,129.0,131.33,10250370.0
1778457600,131.01,134.8599,130.98,133.52,5384970.0
1778544000,135.0,137.5,132.715,134.94,6034938.0
1778630400,133.552,135.07,131.88,133.05,6666706.0
1778716800,133.77,134.65,131.81,132.06,4533202.0
1778803200,132.27,132.805,129.095,129.58,6641026.0
1779062400,130.15,131.05,129.22,129.67,5182249.0
1779148800,129.5,132.34,128.34,130.5,5008997.0
1779235200,131.36,131.95,129.49,130.69,5571182.0
1779321600,130.015,131.34,129.42,130.5,4920772.0
1779408000,131.57,134.52,131.12,134.36,5973641.0
1779753600,135.25,136.32,133.68,133.73,6409619.0
1779840000,133.83,136.19,132.59,133.69,5032595.0
1779926400,133.89,136.51,132.79,136.22,5611605.0
1780012800,135.125,137.2,133.545,134.43,17510270.0
1780272000,133.99,133.99,130.53,131.1,6259248.0
1780358400,128.99,130.5975,127.07,127.57,8082551.0
1780444800,127.59,129.86,127.5,128.99,6237144.0
1780531200,130.57,131.04,128.01,129.18,13729210.0
1780617600,130.09,131.66,128.92,129.16,15369360.0
1780876800,130.07,130.8,127.13,128.1,9795952.0
1780963200,128.8,129.0,123.2,125.5,8683055.0
1781049600,125.635,125.635,121.39,121.48,10154250.0
1781136000,121.79,127.37,121.79,125.87,8665609.0
1781222400,126.13,126.505,124.29,125.59,5216092.0
1781481600,125.29,125.4,122.7,124.3,6653106.0
1781568000,125.22,128.175,124.14,127.23,9381890.0
1781654400,126.69,128.2,124.11,125.45,7726714.0
1781740800,125.845,126.39,122.43,123.76,14348340.0
1782086400,124.3,125.17,123.0,124.87,8126312.0
1782172800,126.63,126.63,124.44,125.05,8462589.0
1782259200,125.56,127.27,124.78,125.16,7409629.0
1782345600,125.27,126.95,123.67,123.84,7250735.0
1782432000,125.25,128.7025,125.004,127.88,19908540.0
1782691200,128.86,128.86,125.49,126.33,6897708.0
1782777600,125.88,127.27,124.19,126.34,7409570.0
1782864000,127.275,127.62,125.125,125.97,6654936.0
1782950400,126.725,131.58,126.46,131.27,8088800.0
1783296000,132.88,132.88,127.88,129.61,10729370.0
1783382400,132.62,136.6,132.0,136.36,9177296.0
1783468800,136.58,137.7,134.0,135.82,8454142.0
1783555200,135.57,136.06,133.27,134.84,5839339.0
1783641600,134.02,134.97,129.265,129.83,5935997.0
1783900800,129.66,131.67,127.935,131.4,5131594.0
1783987200,129.7,131.21,129.42,130.04,5255960.0
1784073600,130.095,132.95,129.405,131.7,4467637.0
1784160000,131.76,136.44,131.31,136.3,7926819.0
1784246400,137.61,140.61,134.09,134.28,6903235.0
1784505600,134.28,135.5,132.91,133.21,4103979.0
1784592000,130.51,132.865,129.13,130.28,8371109.0
1784678400,131.83,132.86,130.23,130.34,4757764.0
1784764800,129.22,131.07,127.61,130.86,6299287.0
1784851200,130.93,131.6525,129.04,129.31,5529741.0
1785110400,131.0,133.0588,129.43,130.52,4953801.0
1785196800,133.11,136.26,132.63,134.32,6947167.0
1785283200,134.41,134.64,132.565,132.73,7766370.0
1785369600,130.02,131.39,128.28,131.28,6726143.0
1785456000,130.23,130.885,128.76,130.21,6531645.0
1785715200,131.095,131.5,129.04,131.15,7523916.0
1785801600,131.15,135.57,129.54,135.25,10091360.0
1785888000,136.0,137.8,129.6,131.76,11383390.0
1785974400,133.99,134.48,129.02,130.86,9235052.0
1786060800,132.1,134.09,130.59,133.21,8202062.0
1786320000,131.61,134.32,131.61,133.06,6833770.0
1786406400,132.68,136.85,132.01,135.77,5493691.0
1786492800,133.99,137.12,133.295,135.87,5683968.0
1786579200,136.94,138.3,136.03,138.14,4897034.0
1786665600,136.81,138.4325,135.91,138.36,3407825.0
1786924800,138.36,139.49,136.63,138.92,3940375.0
1787011200,140.0,143.89,139.54,143.44,5758845.0
1787097600,145.1,148.97,144.3,147.6,6738817.0
1787184000,146.69,146.82,143.19,143.44,7167579.0
1787270400,144.52,147.905,143.5,146.12,5384711.0
1787529600,145.93,146.835,144.59,146.74,6183604.0
1787616000,146.6,148.94,145.58,148.77,4630523.0
1787702400,148.0,149.6199,147.004,148.09,5259811.0
1787788800,147.3,149.105,146.01,148.86,5014794.0
1787875200,149.47,149.47,144.88,145.68,3946913.0
1788134400,144.23,147.22,143.175,146.34,6594694.0
1788220800,148.52,149.96,146.915,149.92,4870766.0
1788307200,150.0,152.55,148.83,149.61,4923290.0
1788393600,150.67,151.48,148.41,151.22,4498099.0
1788480000,149.23,151.185,149.23,150.995,6181783.0
1788825600,146.98,148.6491,145.45,146.64,6080502.0
1788912000,145.46,147.68,145.0,145.65,4583213.0
1788998400,145.07,145.9066,143.67,144.81,6019851.0
1789084800,145.24,145.99,143.5,143.72,4202446.0
1789344000,144.26,146.75,143.71,146.41,4920293.0
1789430400,144.002,146.35,142.94,146.3,4536022.0
1789516800,146.58,149.3,146.12,147.68,5188250.0
1789603200,148.775,151.04,146.8901,150.89,7843647.0
1789689600,150.56,153.23,149.57,150.11,16421970.0
1789948800,150.11,152.095,148.22,150.56,5569448.0
1790035200,150.645,153.2807,148.65,152.67,5082660.0
1790121600,153.6,154.1999,150.06,151.37,6191894.0
1790208000,151.1,152.975,149.59,149.69,5075249.0
