timestamp,open,high,low,close,volume
1474848000,32.02,32.12,31.75,31.8,12700400.0
1474934400,31.77,31.96,31.54,31.6,14451450.0
1475020800,31.75,31.94,31.54,31.9,10697880.0
1475107200,31.77,31.96,31.45,31.48,8814349.0
1475193600,31.63,31.95,31.575,31.77,9314581.0
1475452800,31.64,32.245,31.61,32.04,11375540.0
1475539200,32.08,32.47,32.04,32.17,8505257.0
1475625600,32.31,32.78,32.23,32.68,11092070.0
1475712000,32.54,32.64,32.21,32.53,8608252.0
1475798400,32.5,32.6,32.05,32.34,8909127.0
1476057600,32.31,32.6,32.115,32.15,6092680.0
1476144000,32.23,32.28,31.6915,31.89,7977475.0
1476230400,31.9,31.99,31.65,31.68,5587053.0
1476316800,31.48,31.63,30.88,31.51,12103060.0
1476403200,31.76,31.99,31.675,31.87,11105110.0
1476662400,31.84,32.06,31.53,31.56,7475091.0
1476748800,31.83,31.88,31.19,31.4,7970920.0
1476835200,31.54,31.98,31.48,31.85,9132961.0
1476921600,31.78,31.86,31.39,31.75,8077592.0
1477008000,31.58,32.17,31.48,32.04,11936190.0
1477267200,32.18,33.08,32.15,32.98,20207070.0
1477353600,32.85,32.85,31.39,31.6,34053860.0
1477440000,31.22,31.74,31.12,31.58,14933060.0
1477526400,31.75,31.78,31.19,31.33,20627620.0
1477612800,31.33,31.76,31.22,31.32,10570410.0
1477872000,31.42,31.65,31.35,31.6,7951679.0
1477958400,31.7,32.08,31.19,31.48,14667320.0
1478044800,31.33,31.72,31.31,31.45,11752720.0
1478131200,31.45,31.64,30.95,31.07,13720000.0
1478217600,31.0,31.54,30.94,31.16,12769820.0
1478476800,31.58,32.145,31.54,32.02,13555330.0
1478563200,31.9,31.97,31.41,31.73,10361960.0
1478649600,30.91,31.15,30.21,30.96,38591030.0
1478736000,30.93,32.83,30.91,32.73,27804180.0
1478822400,32.49,34.285,32.38,34.02,33022130.0
1479081600,33.9,34.42,33.05,33.28,20213810.0
1479168000,33.3,33.605,33.1,33.43,10906030.0
1479254400,33.36,33.36,33.07,33.23,8821185.0
1479340800,32.97,33.44,32.75,33.42,11704950.0
1479427200,33.4,33.42,32.96,33.0,8615190.0
1479686400,33.23,33.28,32.975,33.01,11654050.0
1479772800,32.82,33.82,32.77,33.81,12282550.0
1479859200,33.74,33.99,33.69,33.86,8709178.0
1480032000,34.0,34.315,33.93,34.25,5317746.0
1480291200,34.35,34.38,33.96,34.05,11508940.0
1480377600,34.03,34.58,33.86,34.57,12604920.0
1480464000,34.7,34.98,34.45,34.53,15680870.0
1480550400,34.81,36.66,34.79,36.43,37079840.0
1480636800,36.25,36.3,35.3,35.41,22738630.0
1480896000,35.35,35.46,34.91,34.94,12424750.0
1480982400,35.09,35.16,34.91,35.07,11867210.0
1481068800,35.18,36.54,35.09,36.3,26618060.0
1481155200,36.19,36.46,36.04,36.42,14513760.0
1481241600,36.41,37.68,36.41,37.66,26431520.0
1481500800,37.51,37.74,37.01,37.1,15574390.0
1481587200,37.15,37.44,36.95,37.36,9126095.0
1481673600,36.3,36.78,35.93,35.95,19793250.0
1481760000,35.87,36.39,35.78,36.24,18212900.0
1481846400,36.4,36.41,36.1,36.37,23751540.0
1482105600,36.49,36.73,36.15,36.4,10959590.0
1482192000,36.4,36.73,36.23,36.61,8785206.0
1482278400,36.5,36.69,36.355,36.42,6668606.0
1482364800,36.29,36.4,35.63,35.69,9906497.0
1482451200,35.83,35.87,35.54,35.69,9351100.0
1482796800,35.8,35.93,35.5,35.54,5985576.0
1482883200,35.74,35.8,35.13,35.15,8397587.0
1482969600,35.25,35.48,35.12,35.14,4415864.0
1483056000,35.21,35.31,34.67,34.84,7645169.0
1483401600,34.98,35.57,34.84,35.15,10903280.0
1483488000,35.6,37.235,35.47,37.09,23349380.0
1483574400,37.01,37.05,36.065,36.39,15624790.0
1483660800,36.41,36.545,35.93,35.99,13238450.0
1483920000,36.12,36.535,35.86,36.01,15204530.0
1484006400,36.19,38.16,36.05,37.35,34798740.0
1484092800,37.54,38.11,37.22,37.95,19548330.0
1484179200,38.0,38.15,37.06,37.51,16828760.0
1484265600,37.55,37.77,37.15,37.34,8748829.0
1484611200,37.34,37.69,37.165,37.31,8223860.0
1484697600,37.45,37.58,37.12,37.47,11204460.0
1484784000,37.63,37.84,37.16,37.3,8247315.0
1484870400,37.42,37.42,36.76,37.01,13878280.0
1485129600,37.01,37.13,36.38,36.65,11603150.0
1485216000,36.7,37.24,36.68,37.0,11599380.0
1485302400,37.71,38.375,37.6,38.28,20740800.0
1485388800,38.1,38.25,37.37,37.52,10807460.0
1485475200,37.52,37.59,36.88,37.01,10226290.0
1485734400,36.84,36.9,36.13,36.33,11786000.0
1485820800,36.25,36.65,36.12,36.61,10679030.0
1485907200,36.68,37.11,35.86,36.14,13738690.0
1485993600,36.08,36.14,35.47,35.73,11761010.0
1486080000,35.92,36.33,35.68,36.33,13950400.0
1486339200,36.41,36.83,36.26,36.83,13908210.0
1486425600,35.75,35.96,34.8,35.1,39452960.0
1486512000,35.2,35.33,34.72,35.14,16865060.0
1486598400,35.28,35.4,35.02,35.08,14828200.0
1486684800,35.21,35.32,35.08,35.17,10321670.0
1486944000,35.38,35.54,35.18,35.52,10127120.0
1487030400,36.72,37.4,36.67,37.24,31378650.0
1487116800,36.95,37.11,36.6,37.08,15672270.0
1487203200,37.11,37.16,36.82,37.03,9359193.0
1487289600,36.79,37.9,36.41,37.22,15777300.0
1487635200,37.6,38.1,37.42,37.81,14509790.0
1487721600,37.89,38.105,37.795,37.84,9102495.0
1487808000,37.94,38.07,37.19,37.25,13140760.0
1487894400,36.87,37.19,36.57,36.9,13038450.0
1488153600,36.92,37.36,36.86,37.27,10091440.0
1488240000,37.15,37.22,36.55,36.84,10476640.0
1488326400,37.2,37.75,37.18,37.43,10684610.0
1488412800,37.37,38.1,37.25,37.76,14913340.0
1488499200,37.76,38.37,37.58,38.23,19506900.0
1488758400,37.98,38.55,37.2,37.91,20188220.0
1488844800,37.76,37.84,37.3,37.52,17230100.0
1488931200,37.11,37.6865,37.11,37.27,11376480.0
1489017600,37.33,37.35,36.78,36.83,12702330.0
1489104000,37.1,37.185,36.77,36.83,18632390.0
1489363200,37.0,37.125,36.83,36.87,10114090.0
1489449600,36.75,36.965,36.68,36.96,5923592.0
1489536000,37.07,37.16,36.79,37.09,28089520.0
1489622400,37.09,37.12,36.77,37.08,12598860.0
1489708800,37.13,37.16,36.3,36.33,19584550.0
1489968000,36.36,36.45,35.6,35.71,38502730.0
1490054400,35.95,35.98,34.47,34.55,30799820.0
1490140800,34.31,34.61,33.96,34.39,18917070.0
1490227200,34.0,34.4566,33.7901,34.26,14494690.0
1490313600,34.4,35.07,34.08,34.56,16223460.0
1490572800,34.28,34.75,33.97,34.71,12927240.0
1490659200,34.66,36.25,34.66,35.56,29789280.0
1490745600,35.62,36.06,35.52,35.54,13877040.0
1490832000,35.5,35.79,35.315,35.41,8691720.0
1490918400,35.35,35.51,35.27,35.36,11769250.0
1491177600,35.33,35.4,33.8,34.17,31855330.0
1491264000,33.9,34.43,33.9,34.27,9495689.0
1491350400,34.62,34.65,33.99,34.0,10640880.0
1491436800,34.02,34.47,33.89,34.16,12156460.0
1491523200,34.03,34.2,33.7,33.71,14514140.0
1491782400,33.84,34.12,33.8,33.97,13802180.0
1491868800,34.09,34.09,33.585,33.92,10422080.0
1491955200,34.03,34.29,33.72,33.94,14711680.0
1492041600,33.78,33.91,33.37,33.39,9498525.0
1492387200,33.47,33.98,33.37,33.9,10720530.0
1492473600,33.72,33.825,33.485,33.69,7007737.0
1492560000,33.89,34.1,33.71,33.79,12367370.0
1492646400,33.95,34.5197,33.9,34.1,11645860.0
1492732800,34.11,34.16,33.61,33.75,9682190.0
1492992000,34.06,34.15,33.63,33.91,12951530.0
1493078400,34.1,34.16,33.72,33.99,11537930.0
1493164800,34.01,34.94,33.95,34.38,14693750.0
1493251200,34.52,34.59,33.95,34.54,13863160.0
1493337600,35.07,35.29,34.42,34.64,16650290.0
1493596800,34.63,34.65,34.13,34.2,12787250.0
1493683200,34.09,34.34,32.82,33.2,24206250.0
1493769600,33.03,33.66,33.01,33.48,12610770.0
1493856000,33.65,33.67,32.97,33.15,12462290.0
1493942400,33.3,33.77,33.2,33.77,10143970.0
1494201600,33.85,34.25,33.8,33.97,11732120.0
1494288000,33.9,34.47,33.9,34.26,8433482.0
1494374400,34.25,34.46,34.08,34.23,7661579.0
1494460800,34.07,34.23,33.9,34.11,9045048.0
1494547200,33.94,34.145,33.27,33.62,12489380.0
1494806400,33.97,34.15,33.65,33.82,13585410.0
1494892800,33.9,33.99,33.355,33.42,13545210.0
1494979200,33.16,33.51,32.09,32.42,18631260.0
1495065600,32.23,32.67,32.21,32.47,14030140.0
1495152000,32.55,32.97,32.51,32.72,13998440.0
1495411200,32.97,33.25,32.74,32.92,18254190.0
1495497600,33.05,33.4,33.005,33.22,17574180.0
1495584000,33.2,33.41,33.0,33.2,10717500.0
1495670400,33.2,33.47,31.92,32.6,32341860.0
1495756800,32.36,33.07,32.24,33.07,16806400.0
1496102400,33.09,33.735,33.04,33.53,13922940.0
1496188800,33.71,33.97,33.48,33.93,16537230.0
1496275200,34.06,34.87,33.05,34.43,22656560.0
1496361600,34.35,34.53,33.96,34.45,11653760.0
1496620800,34.47,34.74,34.26,34.46,11884550.0
1496707200,34.33,34.48,34.1,34.43,11521660.0
1496793600,34.19,34.46,34.09,34.34,13019120.0
1496880000,33.88,34.22,33.8401,34.11,10733070.0
1496966400,34.05,34.44,34.05,34.34,14853470.0
1497225600,34.22,34.82,34.22,34.68,14304900.0
1497312000,34.68,34.7,34.2,34.51,12083220.0
1497398400,34.54,34.64,34.15,34.61,10586880.0
1497484800,34.41,34.67,34.38,34.6,10177010.0
1497571200,34.59,34.6,33.925,34.29,16193240.0
1497830400,34.37,34.57,34.28,34.35,11221310.0
1497916800,34.34,34.52,34.15,34.4,8296631.0
1498003200,34.48,34.5,33.95,34.13,9127563.0
1498089600,34.05,34.34,33.86,34.19,8928513.0
1498176000,34.14,34.27,33.96,34.2,10237820.0
1498435200,34.27,34.65,34.18,34.52,11833900.0
1498521600,34.33,34.5,34.015,34.21,11656910.0
1498608000,34.57,34.75,34.46,34.58,11001640.0
1498694400,34.66,34.93,34.53,34.86,10208830.0
1498780800,34.97,35.05,34.77,34.93,7669531.0
1499040000,34.52,36.0,34.45,35.57,10915740.0
1499212800,35.57,35.58,34.88,35.01,10818570.0
1499299200,34.87,35.16,34.73,34.87,8553845.0
1499385600,35.0,35.045,34.77,34.94,8500911.0
1499644800,35.0,35.35,34.87,35.19,10546270.0
1499731200,35.19,35.46,35.14,35.4,10122710.0
1499817600,35.5,35.9,35.47,35.5,7519371.0
1499904000,35.5,36.12,35.45,35.86,13767410.0
1499990400,36.03,36.435,35.98,36.35,10227990.0
1500249600,36.38,36.54,36.2,36.38,10620880.0
1500336000,36.31,36.485,36.22,36.43,7710550.0
1500422400,36.38,36.54,36.3,36.47,7802073.0
1500508800,36.5,36.63,36.29,36.41,10130600.0
1500595200,36.05,36.11,35.71,36.07,8820476.0
1500854400,35.99,36.09,35.723,35.82,11603840.0
1500940800,35.94,36.17,35.5,35.57,14496730.0
1501027200,35.55,35.91,35.4,35.62,10740490.0
1501113600,35.52,35.99,35.38,35.94,9969556.0
1501200000,35.82,35.87,35.48,35.77,7531894.0
1501459200,35.82,36.3,35.79,35.98,13844230.0
1501545600,35.81,35.98,34.59,34.76,21562940.0
1501632000,34.64,34.99,34.62,34.82,9248635.0
1501718400,34.92,35.19,34.75,34.77,10362310.0
1501804800,34.97,35.45,34.76,35.27,9159191.0
1502064000,35.16,35.395,35.12,35.3,8254446.0
1502150400,35.3,35.83,35.23,35.39,9021779.0
1502236800,35.15,35.435,35.07,35.28,8245556.0
1502323200,35.2,35.3,34.87,34.88,9626005.0
1502409600,34.97,35.205,34.8628,34.93,6782884.0
1502668800,35.16,35.56,35.05,35.47,7366682.0
1502755200,35.56,35.86,35.42,35.54,6014045.0
1502841600,35.65,35.77,35.52,35.75,6927258.0
1502928000,35.61,35.655,34.97,35.0,7175026.0
1503014400,34.9,35.06,34.61,34.83,7192477.0
1503273600,34.9,35.06,34.785,34.91,5994802.0
1503360000,35.0,35.42,34.97,35.3,7814167.0
1503446400,35.27,35.66,35.12,35.49,6430378.0
1503532800,35.64,35.73,35.45,35.52,4955424.0
1503619200,35.54,35.88,35.54,35.6,6663935.0
1503878400,35.68,35.78,35.295,35.51,7991985.0
1503964800,35.35,35.55,35.21,35.52,5519788.0
1504051200,35.54,35.84,35.41,35.82,7248755.0
1504137600,35.9,36.74,35.9,36.54,13568900.0
1504224000,36.73,37.75,36.65,37.36,17969240.0
1504569600,37.29,37.43,36.865,37.23,12737060.0
1504656000,37.51,37.74,37.33,37.67,12346160.0
1504742400,37.4,37.43,36.7,36.91,14327500.0
1504828800,36.8,37.04,36.62,37.0,8155007.0
1505088000,37.11,37.48,37.04,37.35,13489730.0
1505174400,37.41,38.0,37.35,37.89,10760490.0
1505260800,37.88,38.28,37.82,38.21,10608790.0
1505347200,38.19,39.18,38.11,38.79,17518460.0
1505433600,38.74,39.03,38.64,38.88,25351030.0
1505692800,38.9,38.98,38.55,38.59,12360150.0
1505779200,38.54,38.87,38.54,38.7,11545750.0
1505865600,38.86,39.0,38.69,38.88,12392890.0
1505952000,38.86,39.235,38.86,39.1,13810450.0
1506038400,39.3,39.54,39.18,39.42,12666920.0
1506297600,40.19,40.64,40.0,40.3,21541420.0
1506384000,40.33,40.62,40.18,40.26,13151290.0
1506470400,40.31,40.69,40.16,40.58,9701743.0
1506556800,40.48,40.58,40.37,40.58,9644816.0
1506643200,40.56,40.67,40.27,40.38,8904598.0
1506902400,41.01,42.48,40.8,42.15,33796840.0
1506988800,43.12,43.7,43.0,43.45,31033050.0
1507075200,43.35,43.94,43.2,43.78,13400430.0
1507161600,43.9,44.08,43.68,43.85,16629720.0
1507248000,44.04,45.17,44.0,44.93,20915860.0
1507507200,45.03,45.43,44.93,45.33,10923430.0
1507593600,45.29,45.4,44.86,45.21,14025760.0
1507680000,45.3,45.59,45.08,45.47,13348040.0
1507766400,44.97,45.43,44.15,44.89,15716400.0
1507852800,45.28,46.11,45.0,45.88,13929430.0
1508112000,45.77,45.8601,45.35,45.76,8840263.0
1508198400,45.8,46.06,44.955,45.02,14070460.0
1508284800,45.28,45.59,45.03,45.12,10875730.0
1508371200,44.75,45.4,44.56,45.35,12891390.0
1508457600,45.5,45.73,45.14,45.61,12178840.0
1508716800,45.54,45.81,45.15,45.15,10754960.0
1508803200,45.91,46.76,45.72,46.48,27871680.0
1508889600,45.7,45.97,44.77,45.12,18057070.0
1508976000,45.19,45.64,45.1,45.25,9649594.0
1509062400,45.14,45.1699,44.1,44.64,11874690.0
1509321600,43.04,43.81,42.26,43.37,23773210.0
1509408000,43.23,43.67,42.96,42.98,13238600.0
1509494400,42.72,43.37,41.9,43.13,14684950.0
1509580800,43.3,43.3,42.46,42.6,11989540.0
1509667200,42.6,42.73,42.19,42.34,9848211.0
1509926400,42.3,42.36,41.35,42.14,14172780.0
1510012800,42.15,42.41,41.59,41.7,8878235.0
1510099200,41.86,42.12,41.53,42.11,14218280.0
1510185600,42.04,42.155,41.62,42.11,8896895.0
1510272000,42.14,43.0,42.06,42.66,14099160.0
1510531200,42.6,43.63,42.55,43.57,11730070.0
1510617600,43.15,43.45,42.74,43.0,9433176.0
1510704000,42.73,43.04,42.1,42.86,13618110.0
1510790400,43.04,43.63,42.8001,43.6,11247360.0
1510876800,43.53,44.14,43.485,43.88,10594220.0
1511136000,44.48,45.09,44.26,44.88,15080350.0
1511222400,45.07,45.179,44.66,44.97,11970820.0
1511308800,44.89,44.95,44.21,44.29,9836658.0
1511481600,44.45,44.54,44.24,44.46,3805890.0
1511740800,44.47,44.49,43.88,44.17,8651184.0
1511827200,44.35,45.08,44.1414,44.92,15931190.0
1511913600,45.1,45.35,43.79,43.81,19427650.0
1512000000,44.0,44.53,42.7,43.09,32483060.0
1512086400,35.3,35.8561,34.97,35.55,19323310.0
1512345600,43.2,43.42,42.9153,43.05,14009340.0
1512432000,43.01,43.06,42.52,42.8,11288240.0
1512518400,42.57,42.69,42.14,42.15,12866140.0
1512604800,41.71,42.39,41.54,42.02,16450020.0
1512691200,42.26,42.3,41.8448,42.02,13658320.0
1512950400,41.88,41.93,41.56,41.67,14098040.0
1513036800,41.65,41.77,41.26,41.53,8820947.0
1513123200,41.54,41.91,41.39,41.4,9968177.0
1513209600,41.38,41.44,40.7,40.81,9275401.0
1513296000,40.92,41.33,40.92,40.95,24465420.0
1513555200,41.27,42.32,41.25,42.15,22134340.0
1513641600,42.71,42.8,42.44,42.49,13240690.0
1513728000,42.74,42.78,42.39,42.52,8636499.0
1513814400,42.58,42.75,42.13,42.16,10143640.0
1513900800,42.3,42.31,41.81,42.02,4899881.0
1514246400,41.86,42.09,41.63,41.8,3369417.0
1514332800,41.76,41.85,41.3,41.31,4932813.0
1514419200,41.34,41.44,41.2,41.38,5004763.0
1514505600,41.52,41.5922,40.99,40.99,6578548.0
1514851200,41.24,41.87,41.15,41.8,6924802.0
1514937600,42.21,42.95,42.2,42.82,14570100.0
1515024000,43.09,44.25,43.01,44.14,17296990.0
1515110400,44.5,44.64,43.96,44.01,9519936.0
1515369600,44.04,44.59,43.5201,44.22,13099060.0
1515456000,44.31,44.59,43.74,44.05,7767903.0
1515542400,43.84,44.14,42.61,43.0,18277420.0
1515628800,43.28,44.27,43.155,44.19,11228930.0
1515715200,44.15,44.7,43.66,44.07,14895990.0
1516060800,45.1,45.52,43.75,44.19,19996820.0
1516147200,44.01,44.27,43.4,44.03,15837930.0
1516233600,44.18,44.19,43.64,43.86,11862910.0
1516320000,44.05,44.09,43.04,43.15,13540700.0
1516579200,43.16,43.42,42.82,43.29,19391390.0
1516665600,43.34,43.44,42.905,43.38,14066880.0
1516752000,43.5,44.4,43.45,44.16,11321030.0
1516838400,44.46,44.48,42.975,43.16,11028890.0
1516924800,43.32,43.565,42.99,43.49,8609934.0
1517184000,43.47,43.78,42.9824,43.02,8176231.0
1517270400,42.83,43.22,42.52,42.7,8440305.0
1517356800,42.78,42.95,42.14,42.41,19736990.0
1517443200,42.12,42.6,41.95,42.43,9629831.0
1517529600,42.22,42.27,40.85,41.0,13980360.0
1517788800,40.98,41.67,39.51,39.54,19548290.0
1517875200,40.06,42.23,40.0,41.86,26016800.0
1517961600,41.8,43.56,41.65,42.39,19382810.0
1518048000,42.46,42.71,40.74,40.75,18028690.0
1518134400,41.16,41.97,40.23,41.46,19569280.0
1518393600,41.95,42.62,41.61,42.0,19375600.0
1518480000,41.7,42.07,41.37,41.4,8926848.0
1518566400,41.03,41.91,40.93,41.81,10269480.0
1518652800,42.06,42.21,41.395,41.85,9715684.0
1518739200,41.85,42.28,41.0,41.09,14861080.0
1519084800,40.9,41.33,40.59,40.77,7675672.0
1519171200,40.75,41.3,40.5101,40.56,9084667.0
1519257600,40.66,41.2,40.5,40.91,8782387.0
1519344000,41.05,41.14,40.58,40.91,6419172.0
1519603200,41.08,41.62,40.75,41.54,9385239.0
1519689600,41.49,41.54,40.12,40.17,12692900.0
1519776000,39.62,40.15,39.315,39.35,22848040.0
1519862400,39.59,39.59,37.41,37.79,26173740.0
1519948800,37.47,37.61,36.59,37.43,24056010.0
1520208000,37.33,37.9,37.11,37.74,12010000.0
1520294400,38.02,38.0799,37.54,37.93,12129980.0
1520380800,37.39,37.84,37.16,37.74,15046920.0
1520467200,37.64,37.93,37.22,37.84,13017000.0
1520553600,37.85,38.08,37.66,37.84,12262990.0
1520812800,37.87,37.99,37.58,37.83,11345950.0
1520899200,37.97,38.5399,37.87,38.01,12400500.0
1520985600,38.48,38.61,37.65,37.69,13349600.0
1521072000,37.97,37.99,37.59,37.85,8140064.0
1521158400,37.92,38.15,37.69,37.94,10304470.0
1521417600,37.93,37.98,36.54,37.01,12039840.0
1521504000,37.13,37.26,36.74,36.89,8494277.0
1521590400,37.16,38.02,37.1,37.58,11543880.0
1521676800,37.23,37.33,36.27,36.35,13113440.0
1521763200,36.42,36.59,35.13,35.17,13175380.0
1522022400,35.94,36.05,35.285,35.99,9282914.0
1522108800,36.02,36.03,34.5,34.87,17435660.0
1522195200,35.01,35.79,34.9,35.47,17818150.0
1522281600,35.83,36.525,35.69,36.34,13048980.0
1522627200,36.1,36.26,35.23,35.76,13873330.0
1522713600,36.8,37.35,36.39,36.94,15816830.0
1522800000,36.01,38.13,35.95,38.03,15734920.0
1522886400,38.25,38.48,37.89,38.0,11466290.0
1522972800,37.96,38.16,37.2,37.68,14716960.0
1523232000,38.28,38.5,37.81,37.83,13421870.0
1523318400,38.6,39.35,38.39,39.07,15504870.0
1523404800,38.72,39.29,38.49,39.0,8371544.0
1523491200,39.27,39.49,38.77,38.83,7895554.0
1523577600,39.12,39.38,38.565,38.73,6117014.0
1523836800,38.97,39.419,38.67,39.17,5064428.0
1523923200,39.64,39.65,39.08,39.22,5428228.0
1524009600,39.24,39.67,38.9,38.93,6091688.0
1524096000,38.71,38.91,37.425,37.77,10228010.0
1524182400,37.75,38.01,37.35,37.61,8698428.0
1524441600,37.49,37.96,37.43,37.69,7301926.0
1524528000,37.93,38.17,37.54,37.93,8948784.0
1524614400,37.73,38.2,37.5,38.11,7600423.0
1524700800,37.59,38.28,36.83,38.25,16557820.0
1524787200,38.16,38.21,37.49,37.65,8658116.0
1525046400,37.88,38.07,36.74,36.74,11818600.0
1525132800,36.76,36.96,35.89,36.42,11380330.0
1525219200,36.48,36.7,36.15,36.2,9429723.0
1525305600,35.99,36.17,35.28,36.15,15728600.0
1525392000,36.15,36.78,35.87,36.71,6638225.0
1525651200,36.63,36.77,36.285,36.34,9195837.0
1525737600,36.38,36.61,36.11,36.33,8355321.0
1525824000,36.39,36.74,35.965,36.27,7605678.0
1525910400,36.46,37.22,36.42,37.16,6793417.0
1525996800,37.11,37.25,36.78,36.89,4845827.0
1526256000,37.06,37.07,36.56,36.63,6392820.0
1526342400,36.4,36.96,36.4,36.94,6505236.0
1526428800,36.97,38.04,36.9668,38.03,8190176.0
1526515200,37.97,38.475,37.7527,38.3,9138623.0
1526601600,38.27,38.4,37.72,37.79,5560878.0
1526860800,38.16,38.335,37.98,38.09,5971601.0
1526947200,38.58,38.77,38.255,38.28,6989939.0
1527033600,38.18,38.19,37.46,37.85,8790638.0
1527120000,38.0,38.59,37.895,38.39,8465212.0
1527206400,38.25,38.4,38.1101,38.3,5246929.0
1527552000,38.01,38.05,37.27,37.38,12342230.0
1527638400,37.5,37.87,37.48,37.83,11818710.0
1527724800,41.65,42.77,41.27,42.7,59890100.0
1527811200,42.98,43.315,42.33,43.2,24403340.0
1528070400,43.24,43.85,43.16,43.78,12617480.0
1528156800,43.61,43.77,43.345,43.41,11889720.0
1528243200,43.66,44.0,43.36,43.93,18018710.0
1528329600,43.51,44.37,43.51,44.01,15329300.0
1528416000,43.98,44.33,43.92,44.25,8548792.0
1528675200,44.3,44.89,44.29,44.85,14017090.0
1528761600,44.86,44.95,44.1632,44.18,9931205.0
1528848000,44.12,44.46,43.83,44.45,11233100.0
1528934400,44.39,44.4,43.42,43.57,10008000.0
1529020800,43.28,45.0,42.76,43.91,23680310.0
1529280000,43.6,44.135,43.365,43.95,10777280.0
1529366400,43.07,43.19,41.88,42.26,17993210.0
1529452800,42.57,42.83,41.79,41.95,9511921.0
1529539200,41.14,41.84,40.805,41.12,13909310.0
1529625600,41.41,41.75,40.94,41.25,9541655.0
1529884800,41.0,41.2,40.21,40.61,10604390.0
1529971200,40.55,41.32,40.49,41.01,12541720.0
1530057600,41.0,41.32,40.35,40.37,9286085.0
1530144000,40.45,40.67,39.66,40.52,10158030.0
1530230400,40.67,40.8,39.37,39.4,14052550.0
1530489600,39.08,39.56,38.75,39.5,8605903.0
1530576000,39.71,39.8201,38.92,38.97,4975776.0
1530748800,39.61,40.0,39.21,39.47,8304284.0
1530835200,39.38,39.45,38.7,39.16,7897062.0
1531094400,39.38,40.0,39.05,39.75,7366912.0
1531180800,39.84,40.31,39.605,40.09,10117640.0
1531267200,39.5,39.6899,39.18,39.3,8815849.0
1531353600,39.6,39.64,39.01,39.27,8250254.0
1531440000,39.11,39.41,38.93,39.36,5144457.0
1531699200,39.31,39.595,39.17,39.56,7465980.0
1531785600,39.5,40.5,39.49,40.03,8760894.0
1531872000,40.06,40.29,39.56,39.87,9051080.0
1531958400,39.58,39.81,39.18,39.31,6777336.0
1532044800,39.07,39.415,38.86,39.4,10947600.0
1532304000,39.2,39.38,38.95,39.27,7683558.0
1532390400,39.87,39.98,39.26,39.48,10682290.0
1532476800,37.45,37.9,36.26,37.65,42451780.0
1532563200,37.07,37.55,36.6,36.75,16712570.0
1532649600,36.83,37.64,36.7743,37.53,12629300.0
1532908800,37.66,38.1,37.45,37.67,9458784.0
1532995200,37.79,38.19,37.7,37.91,16476110.0
1533081600,37.89,37.89,36.88,37.14,11121640.0
1533168000,37.0,37.05,36.345,36.62,13065530.0
1533254400,36.65,37.77,36.65,37.73,9331864.0
1533513600,37.57,37.69,37.35,37.6,5266780.0
1533600000,37.7,37.87,37.5,37.58,7652041.0
1533686400,37.61,37.93,37.285,37.66,6759477.0
1533772800,37.67,38.32,37.32,37.51,12410780.0
1533859200,37.32,37.36,36.47,36.59,9262430.0
1534118400,36.59,36.67,35.8746,36.16,15573470.0
1534204800,36.25,36.54,36.17,36.2,7323947.0
1534291200,35.82,35.95,35.21,35.94,10719380.0
1534377600,36.18,36.68,36.07,36.29,9413750.0
1534464000,36.08,36.57,35.91,36.38,7796099.0
1534723200,36.63,36.95,36.36,36.77,6183952.0
1534809600,36.75,37.07,36.74,36.91,10022600.0
1534896000,36.6,36.7199,36.095,36.13,8868455.0
1534982400,35.95,36.17,35.63,35.67,8697971.0
1535068800,35.95,36.1,35.76,35.95,7277437.0
1535328000,36.29,37.785,36.23,37.69,17744570.0
1535414400,37.85,37.86,36.925,37.32,9638801.0
1535500800,37.39,37.42,36.8842,37.12,7178094.0
1535587200,37.0,37.06,36.19,36.36,9762245.0
1535673600,36.2,36.3,35.78,36.05,13662460.0
1536019200,36.0,36.0,35.32,35.6,12783230.0
1536105600,35.6,35.6,35.05,35.29,12716950.0
1536192000,35.0,35.265,34.38,34.38,12874460.0
1536278400,34.35,34.36,33.61,33.91,13206250.0
1536537600,33.92,34.25,33.83,33.87,10674670.0
1536624000,33.92,33.96,33.4364,33.77,8479996.0
1536710400,33.7,34.49,33.7,34.06,9362817.0
1536796800,34.26,34.48,33.9,34.25,14826960.0
1536883200,34.47,34.75,34.33,34.63,13614010.0
1537142400,34.5,35.22,34.41,35.02,10855890.0
1537228800,35.17,35.23,34.59,35.1,8845708.0
1537315200,35.36,35.935,35.3,35.73,10878580.0
1537401600,35.91,36.45,35.74,36.08,11339880.0
1537488000,36.31,36.49,35.16,35.32,27038180.0
1537747200,35.04,35.38,34.45,34.75,9920501.0
1537833600,34.48,34.68,33.5,33.55,14697730.0
1537920000,33.49,34.0,33.345,33.73,17039340.0
1538006400,33.51,33.75,33.28,33.67,11657100.0
1538092800,33.57,33.69,33.29,33.67,8832117.0
1538352000,34.3,34.54,33.99,34.2,13737610.0
1538438400,33.95,34.34,33.2,33.3,22724840.0
1538524800,35.02,35.05,33.77,34.0,28259330.0
1538611200,34.11,34.66,33.95,34.25,18905430.0
1538697600,34.41,34.51,33.97,34.12,10740210.0
1538956800,33.82,34.27,33.75,34.25,8405197.0
1539043200,34.0,34.0,32.59,32.65,19915140.0
1539129600,32.6,32.96,32.12,32.6,16638350.0
1539216000,32.61,33.5,32.19,32.31,18005300.0
1539302400,32.74,32.74,31.49,31.79,14943580.0
1539561600,31.69,32.45,31.67,32.12,13621020.0
1539648000,32.46,32.54,31.86,32.34,11876710.0
1539734400,32.06,32.29,31.58,31.93,9098331.0
1539820800,31.71,31.81,30.965,31.08,14349000.0
1539907200,30.72,31.47,30.57,31.2,12744980.0
1540166400,31.45,31.59,31.03,31.34,10978120.0
1540252800,30.94,32.4,30.89,32.12,16007060.0
1540339200,31.79,32.06,30.56,30.56,18770520.0
1540425600,31.19,32.2,31.0662,32.0,16757790.0
1540512000,31.68,32.88,31.63,32.65,18036750.0
1540771200,34.11,34.3,32.73,33.13,18987370.0
1540857600,33.18,33.92,33.02,33.54,16279570.0
1540944000,35.97,37.05,35.4,36.59,37763070.0
1541030400,36.24,36.69,35.695,36.47,14665890.0
1541116800,36.8,37.28,35.555,36.03,12887730.0
1541376000,36.0,36.39,35.845,36.25,11471350.0
1541462400,36.18,36.56,36.09,36.46,11187720.0
1541548800,36.73,37.0,36.37,36.88,9456425.0
1541635200,36.41,36.89,36.29,36.57,10716210.0
1541721600,36.12,36.44,35.35,35.7,9036404.0
1541980800,35.64,36.04,35.45,35.69,10061090.0
1542067200,35.92,36.6507,35.71,35.93,8585259.0
1542153600,36.2,36.32,34.98,35.23,10882890.0
1542240000,34.91,35.59,33.85,35.55,17669140.0
1542326400,35.32,35.79,35.015,35.75,11680310.0
1542585600,35.75,35.965,35.41,35.68,11591070.0
1542672000,35.1,35.62,34.85,35.09,9607821.0
1542758400,35.3,35.8561,34.97,35.55,6555478.0
1542931200,35.33,36.11,35.2,35.93,4231366.0
1543190400,36.14,38.75,36.05,37.65,30351760.0
1543276800,37.27,37.55,36.21,36.69,25550110.0
1543363200,36.76,37.0,35.94,36.95,12424630.0
1543449600,36.79,36.955,36.3,36.76,7771924.0
1543536000,36.74,38.0,36.66,37.95,18083660.0
1543795200,39.0,39.61,38.37,38.45,17151590.0
1543881600,38.22,38.3,36.5,36.52,14231580.0
1544054400,35.74,35.75,34.91,35.7,14474550.0
1544140800,35.44,35.93,34.55,34.69,9236156.0
1544400000,34.55,34.78,33.46,34.42,12319290.0
1544486400,35.55,35.75,34.65,34.69,12223030.0
1544572800,35.23,36.04,35.23,35.68,10322390.0
1544659200,35.96,36.18,35.065,35.11,8287680.0
1544745600,35.0,35.7,34.85,35.1,8415283.0
1545004800,34.94,35.62,34.46,34.66,10662040.0
1545091200,35.02,35.53,34.69,34.9,8356386.0
1545177600,35.01,36.199,34.69,34.93,11879660.0
1545264000,34.93,35.355,33.8401,34.27,14827820.0
1545350400,34.23,34.85,32.96,32.98,21379790.0
1545609600,32.65,32.94,32.25,32.37,9110187.0
1545782400,32.58,33.525,31.46,33.52,12479300.0
1545868800,33.07,34.0,32.39,33.96,12818650.0
1545955200,33.95,34.73,33.68,33.92,8677459.0
1546214400,34.0,34.22,32.915,33.45,8455499.0
1546387200,32.85,33.805,32.41,33.64,7655438.0
1546473600,33.34,33.68,32.2,32.25,11661010.0
1546560000,32.8,33.5711,32.43,33.33,10694750.0
1546819200,33.71,34.965,33.48,34.36,10718310.0
1546905600,35.0,35.68,34.49,34.81,10293070.0
1546992000,34.96,35.59,34.71,35.18,9867922.0
1547078400,35.0,35.05,34.165,34.73,9094653.0
1547164800,36.6,37.97,36.25,37.18,32250660.0
1547424000,37.25,38.0,37.02,37.66,14346850.0
1547510400,37.84,37.84,36.8,37.55,11988950.0
1547596800,37.48,37.98,37.2662,37.67,17334970.0
1547683200,37.5,38.3,37.4,38.26,13058410.0
1547769600,38.45,38.77,37.84,38.61,10489890.0
1548115200,38.28,38.785,37.89,38.15,11458520.0
1548201600,38.2,38.36,37.48,37.67,7680931.0
1548288000,37.76,38.29,37.66,38.16,7806808.0
1548374400,38.65,38.83,38.36,38.64,8842456.0
1548633600,38.23,38.6,38.055,38.46,11323250.0
1548720000,38.31,38.54,38.09,38.47,5745149.0
1548806400,38.5,39.14,38.12,39.09,10913320.0
1548892800,38.81,39.05,38.485,39.02,11126340.0
1548979200,38.91,39.145,38.52,38.78,7972813.0
1549238400,38.65,38.94,38.35,38.93,9942391.0
1549324800,39.08,39.36,38.73,39.3,11584790.0
1549411200,40.17,40.74,39.53,39.91,16876500.0
1549497600,39.23,39.41,38.34,38.65,15686810.0
1549584000,38.5,38.71,38.005,38.7,7199256.0
1549843200,38.31,38.69,38.215,38.63,8819282.0
1549929600,38.8,39.32,38.8,39.03,9200297.0
1550016000,39.28,39.39,38.82,39.0,5909416.0
1550102400,38.81,39.09,38.71,38.89,6450004.0
1550188800,39.06,39.19,38.74,39.09,8581968.0
1550534400,38.98,39.68,38.91,39.53,9122174.0
1550620800,39.64,40.105,39.52,39.95,8792165.0
1550707200,40.0,40.2,39.54,39.62,7397315.0
1550793600,39.84,40.01,39.44,39.99,6206497.0
1551052800,40.25,40.46,40.09,40.14,7870690.0
1551139200,39.91,40.36,39.83,40.11,7599635.0
1551225600,40.09,40.16,39.78,40.0,8671885.0
1551312000,39.82,39.91,39.2,39.48,9047760.0
1551398400,39.85,39.97,39.0514,39.53,7682895.0
1551657600,39.7,41.5,39.03,39.25,7520405.0
1551744000,39.28,39.42,39.015,39.28,4762852.0
1551830400,39.24,39.29,38.49,38.67,9413135.0
1551916800,38.1,38.34,37.64,38.04,8998280.0
1552003200,37.63,38.04,37.5,37.99,6459778.0
1552262400,38.08,38.79,38.0,38.62,12217050.0
1552348800,38.7,39.03,38.5,38.62,6272501.0
1552435200,38.74,39.03,38.6,38.8,6488442.0
1552521600,38.76,38.82,37.94,38.03,8507330.0
1552608000,38.04,38.29,37.88,38.07,16854720.0
1552867200,38.18,38.24,37.615,37.98,7310863.0
1552953600,38.31,38.75,38.04,38.27,8790057.0
1553040000,37.74,37.94,36.78,37.0,11677880.0
1553126400,37.0,37.38,36.78,37.35,8054917.0
1553212800,37.09,37.3,36.285,36.44,9968408.0
1553472000,36.48,37.0311,36.26,36.75,6716361.0
1553558400,36.93,36.98,36.555,36.87,6816084.0
1553644800,36.92,37.24,36.47,36.61,6953984.0
1553731200,36.7,37.225,36.655,37.06,5543121.0
1553817600,37.31,37.4,36.92,37.1,9428632.0
1554076800,37.4,37.82,37.33,37.76,7008929.0
1554163200,37.83,38.01,37.61,37.81,5614324.0
1554249600,38.25,38.64,38.23,38.39,8815324.0
1554336000,38.4,38.94,38.39,38.79,7115602.0
1554422400,38.85,39.01,38.58,38.94,4495851.0
1554681600,38.77,39.0889,38.76,39.06,5992393.0
1554768000,38.85,39.08,38.7,38.86,6527194.0
1554854400,38.89,39.415,38.78,39.25,5470806.0
1554940800,39.38,39.59,39.13,39.33,4581538.0
1555027200,39.6,40.05,39.53,39.71,4929125.0
1555286400,39.9,40.01,39.35,39.57,5179393.0
1555372800,39.56,39.91,39.4629,39.66,5985300.0
1555459200,40.1,40.26,39.88,39.99,8261474.0
1555545600,40.0,40.45,39.98,40.3,10677960.0
1555891200,40.0,40.1,39.49,39.5,6327178.0
1555977600,39.4,39.84,39.18,39.83,9286681.0
1556064000,39.51,39.885,39.37,39.72,5563010.0
1556150400,39.52,39.72,38.95,39.11,8151227.0
1556236800,40.05,40.1,39.44,39.68,11688090.0
1556496000,39.75,40.275,39.69,40.01,9372633.0
1556582400,38.92,39.47,38.56,38.95,15795460.0
1556668800,39.0,39.2,38.655,38.75,8843444.0
1556755200,38.46,38.84,38.2,38.25,11291930.0
1556841600,38.54,38.9,38.17,38.8,7200999.0
1557100800,37.5,38.17,37.25,38.09,7506430.0
1557187200,38.86,38.89,38.2738,38.53,11257010.0
1557273600,38.42,38.775,38.14,38.21,7082944.0
1557360000,37.59,37.67,37.22,37.58,8898600.0
1557446400,37.5,37.975,37.04,37.89,6440647.0
1557705600,36.85,37.1226,36.4532,36.56,19454840.0
1557792000,36.81,37.385,36.68,37.04,6534561.0
1557878400,36.63,37.56,36.48,37.37,8190434.0
1557964800,37.3,37.62,37.13,37.38,5734645.0
1558051200,37.01,37.36,36.85,37.0,7970012.0
1558310400,36.66,37.0,36.64,36.97,17522250.0
1558396800,37.0,37.24,36.73,37.13,8387594.0
1558483200,37.0,37.05,35.41,35.55,13264070.0
1558569600,35.15,35.18,34.35,35.13,13746160.0
1558656000,35.4,35.42,34.8735,35.12,5262511.0
1559001600,35.2,35.34,34.71,34.85,7895449.0
1559088000,34.67,34.845,34.32,34.79,12911440.0
1559174400,34.76,35.09,34.48,34.82,8550029.0
1559260800,33.3,33.7,33.15,33.34,15779920.0
1559520000,33.35,33.83,33.08,33.7,11019400.0
1559606400,34.38,35.77,34.3,35.73,12875740.0
1559692800,36.04,36.14,35.33,35.84,9605604.0
1559779200,35.09,35.44,34.46,35.19,9749235.0
1559865600,35.31,35.55,35.15,35.49,6561073.0
1560124800,36.13,36.505,35.89,36.01,8498258.0
1560211200,36.36,36.58,36.1,36.2,4652019.0
1560297600,36.26,36.26,35.56,35.67,5509488.0
1560384000,35.63,36.05,35.41,36.02,3917349.0
1560470400,35.88,35.99,35.54,35.66,4953403.0
1560729600,35.56,36.18,35.36,36.14,5455040.0
1560816000,36.38,36.78,36.14,36.7,8226935.0
1560902400,37.0,37.47,36.75,36.78,10884820.0
1560988800,37.15,37.31,36.49,36.96,8639702.0
1561075200,36.96,37.1,36.645,36.92,13004630.0
1561334400,36.83,37.115,36.5842,36.96,7448962.0
1561420800,37.06,37.875,36.74,37.68,12930490.0
1561507200,37.82,38.5,37.71,38.13,11911380.0
1561593600,38.6,38.985,38.16,38.32,8106591.0
1561680000,38.33,38.925,38.33,38.53,11480910.0
1561939200,38.93,38.99,38.43,38.75,10240050.0
1562025600,38.73,38.75,38.15,38.34,6679404.0
1562112000,38.5,38.69,37.99,38.16,4409415.0
1562284800,38.0,38.52,37.74,38.5,4851942.0
1562544000,38.41,38.64,38.12,38.23,5787340.0
1562630400,37.97,38.165,37.575,38.08,6204688.0
1562716800,38.35,38.47,37.87,38.1,5153125.0
1562803200,38.28,38.58,38.1,38.43,4598365.0
1562889600,38.6,39.405,38.52,39.21,7164651.0
1563148800,39.21,39.36,38.89,39.36,5448843.0
1563235200,38.99,39.7,38.65,39.43,8584759.0
1563321600,39.41,39.46,38.82,39.16,5727315.0
1563408000,38.97,39.28,38.87,39.12,5713764.0
1563494400,39.4,39.82,39.24,39.48,8194487.0
1563753600,39.96,40.37,39.77,39.86,6814590.0
1563840000,40.35,40.92,40.15,40.71,12584310.0
1563926400,40.59,40.91,40.33,40.88,7318548.0
1564012800,40.34,40.82,40.12,40.75,8304803.0
1564099200,40.72,41.0,40.47,40.77,5705945.0
1564358400,40.71,40.8766,40.56,40.68,5711203.0
1564444800,40.26,40.56,39.92,40.43,5436861.0
1564531200,40.6,40.72,40.11,40.34,10155720.0
1564617600,41.26,41.9,39.67,40.15,18102920.0
1564704000,39.91,40.23,39.585,39.78,9144879.0
1564963200,39.2,39.28,38.68,39.01,9478032.0
1565049600,39.16,39.31,38.65,39.08,7104475.0
1565136000,38.69,39.5,38.41,39.39,7924699.0
1565222400,39.5,40.195,39.37,40.1,6204377.0
1565308800,39.76,39.8599,39.3,39.61,6125010.0
1565568000,39.23,39.31,38.67,38.86,4129924.0
1565654400,38.83,39.63,38.48,39.01,6350376.0
1565740800,38.25,38.28,37.05,37.19,9878088.0
1565827200,37.17,37.24,36.15,36.47,7904300.0
1565913600,36.58,37.1,36.37,37.0,7171944.0
1566172800,37.51,37.6,37.19,37.36,3900136.0
1566259200,37.2,37.29,36.92,36.96,4110525.0
1566345600,37.36,37.36,37.06,37.12,3793507.0
1566432000,37.25,37.505,37.05,37.26,4044319.0
1566518400,36.61,37.18,35.9,36.06,7834868.0
1566777600,36.49,36.61,36.01,36.25,4838792.0
1566864000,36.47,36.58,35.85,35.89,6222856.0
1566950400,35.7,36.565,35.58,36.44,7284586.0
1567036800,36.8,37.02,36.73,36.91,5123688.0
1567123200,37.25,37.34,36.905,37.09,4599533.0
1567468800,36.89,37.005,36.54,36.91,6094302.0
1567555200,37.31,38.315,37.2401,38.24,8106851.0
1567641600,38.62,39.54,38.62,38.73,10747120.0
1567728000,38.92,38.93,38.52,38.78,5012699.0
1567987200,39.06,39.775,38.95,39.58,7543928.0
1568073600,39.2,39.68,38.84,39.58,7233592.0
1568160000,39.4,39.54,38.86,39.46,6991784.0
1568246400,39.41,39.49,38.9,39.07,6982125.0
1568332800,39.47,39.58,38.785,38.86,10133570.0
1568592000,37.97,38.16,36.965,37.21,15650270.0
1568678400,37.2,38.42,36.85,38.29,11404470.0
1568764800,38.15,38.35,37.92,38.18,6020721.0
1568851200,38.25,38.35,37.74,37.78,4949886.0
1568937600,38.06,38.07,37.29,37.37,18827410.0
1569196800,36.79,37.43,36.57,37.24,8231662.0
1569283200,37.34,37.49,36.5531,36.77,8025683.0
1569369600,36.76,37.25,36.44,37.11,8461968.0
1569456000,37.36,37.89,37.17,37.61,8337758.0
1569542400,37.84,37.97,36.97,37.42,6879472.0
1569801600,37.53,37.58,37.005,37.48,7591572.0
1569888000,37.47,37.48,36.035,36.11,10128100.0
1569974400,35.77,35.77,34.41,34.68,13087970.0
1570060800,34.51,34.99,34.16,34.98,12122800.0
1570147200,35.0,35.19,34.58,34.91,7110646.0
1570406400,34.6,35.11,34.3,34.75,6867619.0
1570492800,34.314,34.47,33.71,33.88,11221300.0
1570579200,33.98,34.34,33.79,34.14,6361901.0
1570665600,34.45,35.3,34.21,34.66,10976210.0
1570752000,35.22,36.0,35.21,35.57,12239550.0
1571011200,35.39,35.56,35.265,35.5,5653992.0
1571097600,35.47,36.56,35.17,36.26,10719550.0
1571184000,36.49,37.2187,36.45,36.65,13356270.0
1571270400,36.81,36.82,35.87,36.19,8739136.0
1571356800,36.09,36.37,36.01,36.17,6859606.0
1571616000,36.44,36.72,35.63,35.93,7429278.0
1571702400,35.77,36.58,35.56,36.31,6773553.0
1571788800,36.25,36.64,35.83,36.61,6468788.0
1571875200,36.62,36.77,35.745,35.82,6813476.0
1571961600,35.78,36.82,35.76,36.74,8735581.0
1572220800,37.21,37.3,36.49,36.64,10645490.0
1572307200,37.6,38.7,37.6,38.21,18562510.0
1572393600,38.26,38.26,37.415,37.91,7393204.0
1572480000,37.62,37.91,36.86,37.16,7652749.0
1572566400,37.21,38.07,37.21,37.97,7925272.0
1572825600,38.35,38.49,38.22,38.39,7782292.0
1572912000,38.61,38.89,38.21,38.23,7317805.0
1572998400,38.37,38.48,37.76,38.42,7280889.0
1573084800,38.6,38.9,38.46,38.49,8070100.0
1573171200,38.42,38.67,37.82,38.67,5913061.0
1573430400,38.6,38.8,38.38,38.72,3907447.0
1573516800,38.74,38.955,38.36,38.59,12687640.0
1573603200,38.4,38.4,37.09,37.19,12558970.0
1573689600,37.1,37.45,36.69,36.8,13024430.0
1573776000,37.0,37.11,36.725,36.89,12358880.0
1574035200,36.68,36.83,36.39,36.62,9768476.0
1574121600,36.67,36.7,36.005,36.38,10538840.0
1574208000,36.21,36.26,35.18,35.28,14064740.0
1574294400,35.53,35.58,34.59,34.67,14379800.0
1574380800,35.27,35.5,34.93,35.33,13567090.0
1574640000,35.45,35.89,35.35,35.81,12211450.0
1574726400,35.7,35.93,35.51,35.91,8248704.0
1574812800,36.01,36.27,35.85,36.14,5841215.0
1574985600,36.05,36.13,35.855,36.0,3927026.0
1575244800,36.01,36.36,35.84,35.88,6785427.0
1575331200,35.47,35.62,34.96,35.53,8276601.0
1575417600,35.74,36.05,35.68,35.8,8963211.0
1575504000,35.6,35.65,35.22,35.31,6893942.0
1575590400,35.64,35.76,35.445,35.54,8404793.0
1575849600,35.45,35.59,35.35,35.38,7055524.0
1575936000,35.35,35.38,34.96,35.11,7597677.0
1576022400,35.13,35.41,35.1,35.24,7754440.0
1576108800,35.34,36.29,35.24,36.1,11356780.0
1576195200,36.16,36.335,35.61,35.65,8278120.0
1576454400,35.82,36.245,35.65,36.11,11233740.0
1576540800,36.2,36.39,36.11,36.31,8871899.0
1576627200,36.34,37.43,36.33,37.31,12651700.0
1576713600,37.31,37.36,36.835,37.26,10774130.0
1576800000,37.54,37.62,37.19,37.25,13976430.0
1577059200,37.39,37.41,36.63,36.77,8755973.0
1577145600,36.73,36.74,36.5,36.58,2924240.0
1577318400,36.59,36.6,36.33,36.48,5444305.0
1577404800,36.56,36.71,36.43,36.56,5753508.0
1577664000,36.5,36.64,36.2,36.44,5358455.0
1577750400,36.37,36.735,36.32,36.6,5160227.0
1577923200,37.0,37.38,36.55,37.38,7457292.0
1578009600,36.73,36.92,36.11,36.32,9176038.0
1578268800,35.95,36.18,35.8,35.84,8413360.0
1578355200,35.75,35.84,34.74,35.15,17619970.0
1578441600,35.04,35.2,34.41,34.65,13229920.0
1578528000,34.99,35.1,34.5301,35.08,9612874.0
1578614400,35.15,36.45,34.505,34.65,9647800.0
1578873600,34.69,35.0,34.49,34.98,7466898.0
1578960000,35.0,35.35,34.96,35.15,6828798.0
1579046400,35.0,35.32,34.89,35.15,7173939.0
1579132800,35.21,35.58,35.15,35.55,7280804.0
1579219200,35.57,35.7286,35.41,35.6,9871725.0
1579564800,35.36,35.55,34.96,34.99,11550510.0
1579651200,35.13,35.3455,34.86,34.91,7358445.0
1579737600,34.77,34.995,34.01,34.88,8595153.0
1579824000,34.9,34.99,34.01,34.31,9386634.0
1580083200,33.63,33.76,33.17,33.41,10359130.0
1580169600,33.57,33.86,33.34,33.64,8871039.0
1580256000,33.8,34.04,33.59,33.6,6978347.0
1580342400,33.4,33.45,32.97,33.33,11532980.0
1580428800,33.25,33.49,33.14,33.39,18631360.0
1580688000,33.56,34.34,33.52,33.72,17937070.0
1580774400,34.35,34.82,34.2,34.37,14346270.0
1580860800,34.9,35.45,34.19,35.03,19050390.0
1580947200,35.05,35.1,34.25,34.33,11866310.0
1581033600,34.08,34.16,33.425,33.63,14437130.0
1581292800,33.99,34.3,33.67,34.25,12260560.0
1581379200,34.34,35.26,34.07,35.01,12718580.0
1581465600,35.33,35.79,35.13,35.49,12076330.0
1581552000,35.21,35.53,35.16,35.29,7578794.0
1581638400,35.3,35.39,34.42,34.76,8945950.0
1581984000,34.25,34.74,33.955,34.41,10531930.0
1582070400,34.53,35.1,34.52,34.92,9079526.0
1582156800,34.66,35.4,34.59,35.29,7817861.0
1582243200,34.99,35.08,34.41,34.65,8432370.0
1582502400,33.64,33.75,32.79,33.09,14743090.0
1582588800,33.25,33.28,31.395,31.75,14621870.0
1582675200,32.1,32.61,31.8853,32.0,14432820.0
1582761600,31.3,31.915,30.55,30.71,14940350.0
1582848000,29.78,30.5,29.33,30.5,20832320.0
1583107200,30.52,31.45,29.74,31.42,14994620.0
1583193600,31.5,32.3,30.26,30.52,15816150.0
1583280000,31.0,31.565,30.355,31.53,16227820.0
1583366400,30.54,30.77,30.01,30.1,17921350.0
1583452800,29.21,29.54,28.45,28.69,20009520.0
1583712000,26.0,26.12,24.15,24.69,28350600.0
1583798400,25.98,27.14,24.59,27.12,18287700.0
1583884800,26.0,26.62,25.76,26.0,21319200.0
1583971200,23.6,24.345,22.5,23.04,20344470.0
1584057600,24.6,25.33,22.9,24.71,17909820.0
1584316800,21.51,22.41,21.0,21.0,18056790.0
1584403200,21.31,21.58,19.5,20.32,23544420.0
1584489600,18.83,19.05,14.325,16.8,39591120.0
1584576000,16.34,18.99,15.0,17.71,34361820.0
1584662400,18.42,18.9569,17.68,18.14,35702010.0
1584921600,18.01,18.56,17.23,17.6,25419730.0
1585008000,19.32,21.6697,18.6,21.11,24082870.0
1585094400,23.0,23.145,21.0,21.49,27617210.0
1585180800,21.64,22.97,21.0601,22.56,16990670.0
1585267200,21.37,21.96,20.74,21.38,18349690.0
1585526400,22.31,22.48,20.6259,21.32,18477820.0
1585612800,20.97,22.21,20.55,20.78,20312830.0
1585699200,19.5,20.165,18.99,19.26,17467100.0
1585785600,19.1,19.69,17.79,18.19,17920650.0
1585872000,18.4,18.78,17.85,18.04,13835520.0
1586131200,19.1,19.76,18.55,19.55,22442070.0
1586217600,21.27,22.21,20.71,21.3,30405570.0
1586304000,21.74,23.6,21.4694,23.13,23774360.0
1586390400,24.16,24.99,23.5832,24.06,22490480.0
1586736000,24.04,24.1,22.72,23.01,14802610.0
1586822400,23.6,23.77,22.67,22.98,12654740.0
1586908800,21.92,22.27,21.47,21.66,12760860.0
1586995200,21.64,21.65,20.555,20.87,11501690.0
1587081600,21.92,22.54,21.83,22.48,17166300.0
1587340800,21.72,22.64,21.44,22.38,15912370.0
1587427200,21.27,21.89,20.98,21.24,13507350.0
1587513600,21.65,21.78,21.07,21.3,9553595.0
1587600000,21.55,22.055,21.445,21.52,10673000.0
1587686400,21.71,22.24,21.54,21.95,11991400.0
1587945600,21.52,22.57,21.1401,22.45,20240600.0
1588032000,23.18,23.4,22.1,22.18,22085530.0
1588118400,22.75,24.565,22.68,23.78,23541000.0
1588204800,23.44,23.44,22.25,22.29,15272410.0
1588291200,21.65,21.76,20.8,20.9,17874490.0
1588550400,20.45,20.875,20.1201,20.75,16188810.0
1588636800,21.25,21.97,21.12,21.26,17802260.0
1588723200,23.05,23.65,21.83,21.89,34430540.0
1588809600,22.18,22.98,22.03,22.44,16983200.0
1588896000,23.07,24.0,23.05,23.93,16562350.0
1589155200,23.25,23.39,22.59,22.8,16754040.0
1589241600,22.99,23.27,22.55,22.56,12182920.0
1589328000,22.44,22.45,21.13,21.46,16832580.0
1589414400,20.66,22.34,20.49,22.31,15629090.0
1589500800,21.97,22.68,21.83,22.63,14221280.0
1589760000,24.0,25.205,24.0,24.81,23289190.0
1589846400,24.75,25.7,24.29,24.69,18484600.0
1589932800,25.31,25.89,25.215,25.48,14056780.0
1590019200,25.29,26.02,25.21,25.8,14320720.0
1590105600,25.99,26.23,25.215,25.98,14317400.0
1590451200,27.82,27.89,27.25,27.4,18870480.0
1590537600,28.53,28.83,26.91,27.79,15030740.0
1590624000,27.86,27.94,26.6,26.68,11673960.0
1590710400,26.35,26.57,25.69,25.88,22223460.0
1590969600,25.99,27.22,25.91,26.94,10478950.0
1591056000,27.32,27.615,26.945,27.41,10953770.0
1591142400,28.42,29.13,28.25,29.07,16860900.0
1591228800,28.86,29.435,28.52,29.16,16328790.0
1591315200,31.0,31.15,29.81,30.61,29418650.0
1591574400,31.22,31.66,30.6,30.68,15234200.0
1591660800,29.4,30.215,28.71,29.86,16945520.0
1591747200,29.8,29.84,28.42,28.75,15647980.0
1591833600,26.62,27.8,26.29,26.5,19121920.0
1591920000,28.72,28.96,27.07,27.96,21587200.0
1592179200,26.61,28.1,26.57,27.77,15321200.0
1592265600,29.11,29.18,27.475,27.78,17466140.0
1592352000,27.78,28.0501,27.13,27.16,11123840.0
1592438400,26.9,27.55,26.71,27.09,11086370.0
1592524800,27.74,27.83,26.33,26.59,27880400.0
1592784000,26.6,26.64,25.85,26.37,13079480.0
1592870400,26.75,26.85,26.23,26.25,12455450.0
1592956800,25.85,25.98,25.01,25.28,14887790.0
1593043200,25.0,25.29,24.535,25.23,14328320.0
1593129600,25.0,25.11,24.25,24.46,16476830.0
1593388800,24.71,25.35,24.475,25.3,10011690.0
1593475200,25.09,25.595,24.74,25.3,14321970.0
1593561600,25.3,25.935,24.93,24.96,11963030.0
1593648000,25.62,25.85,25.082,25.24,22202260.0
1593993600,25.96,26.04,25.4299,25.73,9172140.0
1594080000,25.59,25.625,25.06,25.13,11950540.0
1594166400,25.19,25.255,24.67,24.94,11111570.0
1594252800,24.76,24.8299,23.33,23.42,17778150.0
1594339200,23.55,24.4,23.33,24.39,15660010.0
1594598400,24.65,25.19,24.37,24.86,14766810.0
1594684800,24.8,25.845,24.67,25.64,16477080.0
1594771200,26.32,27.03,26.13,26.88,14893700.0
1594857600,26.35,27.185,26.26,26.85,9736414.0
1594944000,26.99,27.0,26.25,26.45,8241084.0
1595203200,26.21,26.54,25.77,26.01,8663498.0
1595289600,26.17,26.48,25.97,26.15,9740141.0
1595376000,25.87,26.5,25.8,26.3,10702600.0
1595462400,26.44,27.325,26.33,26.76,13653510.0
1595548800,26.6,26.875,26.11,26.25,8584829.0
1595808000,25.88,25.92,25.31,25.7,16598110.0
1595894400,25.78,26.745,25.69,26.33,12854300.0
1595980800,27.04,27.05,24.93,25.89,28792150.0
1596067200,25.13,25.46,25.02,25.2,16012010.0
1596153600,25.12,25.15,24.44,24.89,17784320.0
1596412800,25.06,25.77,24.82,25.64,10445590.0
1596499200,25.87,26.03,25.51,25.8,15609610.0
1596585600,26.2,26.35,25.88,26.33,9252746.0
1596672000,26.17,27.19,26.15,26.62,14171810.0
1596758400,26.48,26.81,26.17,26.72,8038761.0
1597017600,26.91,28.06,26.86,27.98,10853600.0
1597104000,28.47,29.3481,28.435,28.52,17260200.0
1597190400,28.99,29.75,27.78,28.03,10062450.0
1597276800,27.73,28.22,27.5,27.55,7586072.0
1597363200,27.29,28.125,27.15,27.86,8587722.0
1597622400,28.6,30.775,28.4284,30.01,33827830.0
1597708800,30.55,31.12,29.79,29.84,23102830.0
1597795200,29.65,30.0281,29.08,29.22,14504200.0
1597881600,28.7,29.17,28.64,28.83,9680168.0
1597968000,28.74,28.9548,28.43,28.56,9841202.0
1598227200,29.28,30.755,28.99,30.31,20137880.0
1598313600,30.4,30.73,29.48,29.69,13006670.0
1598400000,29.78,29.83,29.12,29.48,9740007.0
1598486400,29.6,30.235,29.52,29.69,8745402.0
1598572800,29.86,30.225,29.635,30.02,9180199.0
1598832000,30.02,30.19,29.61,29.63,9585300.0
1598918400,29.53,29.85,29.34,29.79,9012046.0
1599004800,29.85,31.09,29.8004,30.96,16246160.0
1599091200,30.93,31.52,29.13,29.48,22358110.0
1599177600,29.93,30.37,29.355,30.0,13821990.0
1599523200,31.72,33.33,31.05,32.38,52000040.0
1599609600,32.11,32.75,31.725,31.95,22376280.0
1599696000,31.82,31.88,30.14,30.17,24848220.0
1599782400,30.3,30.57,29.87,30.46,13638660.0
1600041600,30.72,31.56,30.535,31.18,11972070.0
1600128000,31.36,33.14,30.825,31.58,21096310.0
1600214400,32.68,32.79,31.74,31.79,16402400.0
1600300800,31.31,31.95,30.95,31.92,11459930.0
1600387200,31.85,32.05,31.36,31.5,15040940.0
1600646400,30.3,30.42,29.16,30.0,20577930.0
1600732800,29.85,30.36,29.325,29.44,11106810.0
1600819200,29.49,29.99,29.2001,29.34,10899720.0
1600905600,29.05,29.585,28.24,29.11,12393740.0
1600992000,28.86,29.22,28.56,29.0,9350419.0
1601251200,29.82,30.04,29.38,29.44,8395670.0
1601337600,29.27,29.4,28.5,28.74,7438617.0
1601424000,28.89,29.82,28.89,29.59,11523760.0
1601510400,29.52,30.51,29.15,30.38,15052940.0
1601596800,29.65,30.9,29.59,30.46,9474033.0
1601856000,30.85,31.29,30.8,30.96,8314143.0
1601942400,31.27,31.45,30.3,30.4,10293660.0
1602028800,30.85,31.76,30.81,31.62,11794970.0
1602115200,31.9,32.635,31.795,32.21,17323330.0
1602201600,32.3,32.68,32.015,32.16,9411657.0
1602460800,32.36,32.67,32.1217,32.21,6932582.0
1602547200,32.13,32.28,31.465,31.87,7842070.0
1602633600,32.08,32.24,31.53,31.67,8018000.0
1602720000,30.99,32.69,30.95,32.59,11829830.0
1602806400,32.88,33.47,32.68,33.45,11956110.0
1603065600,33.5,33.865,33.05,33.35,10527290.0
1603152000,33.96,36.365,33.77,35.6,38660940.0
1603238400,36.1,36.28,35.13,35.77,23277870.0
1603324800,35.9,37.43,35.88,37.41,23288870.0
1603411200,37.49,38.03,36.78,36.83,16296330.0
1603670400,36.27,36.43,35.2,35.82,15448130.0
1603756800,35.55,35.855,34.75,34.89,11168570.0
1603843200,33.73,34.63,33.55,34.09,15010800.0
1603929600,34.51,35.66,34.36,34.89,14230350.0
1604016000,34.46,35.03,33.96,34.53,13074620.0
1604275200,35.12,35.3849,34.38,34.55,14648410.0
1604361600,35.1,35.985,34.8934,35.35,11439110.0
1604448000,35.31,35.77,34.23,35.24,14740620.0
1604534400,36.9,37.25,35.34,37.14,35075000.0
1604620800,37.5,38.14,37.01,37.47,18089200.0
1604880000,38.72,39.72,38.63,38.96,22100750.0
1604966400,39.75,41.59,39.56,41.08,26746940.0
1605052800,41.29,41.77,40.11,40.56,19841050.0
1605139200,40.11,40.24,38.8113,39.32,20268330.0
1605225600,39.69,41.32,39.595,41.19,15021310.0
1605484800,41.77,42.15,40.92,42.13,16692060.0
1605571200,41.85,42.54,41.14,41.98,16088210.0
1605657600,42.19,44.13,42.06,42.72,27632540.0
1605744000,42.61,43.185,42.18,42.82,17214470.0
1605830400,42.81,43.32,42.37,43.04,16887840.0
1606089600,43.96,45.16,43.56,44.77,22569560.0
1606176000,45.91,46.71,45.07,46.46,20048740.0
1606262400,45.61,46.06,44.64,45.46,16122250.0
1606435200,45.35,45.59,44.75,45.06,7528791.0
1606694400,44.96,45.32,43.62,43.84,21600460.0
1606780800,44.78,45.45,44.0,44.68,12995000.0
1606867200,44.0,44.5999,43.67,44.58,11280740.0
1606953600,44.79,44.87,43.96,44.09,13437830.0
1607040000,44.4,44.735,44.13,44.4,11895200.0
1607299200,44.4,44.4,43.575,44.31,9207532.0
1607385600,43.72,44.18,43.42,43.8,10160440.0
1607472000,44.13,44.55,43.91,44.43,12470460.0
1607558400,43.83,43.88,42.46,42.87,18235570.0
1607644800,42.48,42.68,41.62,41.92,15555640.0
1607904000,42.49,42.54,41.42,41.62,9995687.0
1607990400,41.99,42.1605,41.31,41.66,12531590.0
1608076800,41.79,41.87,40.81,41.42,15134090.0
1608163200,41.71,42.03,41.43,42.03,12081560.0
1608249600,42.02,42.05,40.59,41.01,21808270.0
1608508800,40.26,41.5,40.06,41.21,15533940.0
1608595200,41.35,41.4,40.55,40.9,10602720.0
1608681600,41.18,42.89,41.1,42.45,17573080.0
1608768000,42.06,42.2,41.205,41.58,7825369.0
1609113600,42.0,42.19,41.63,41.66,10471360.0
1609200000,41.89,42.13,41.37,41.57,7987675.0
1609286400,41.65,42.2,41.57,41.84,6491928.0
1609372800,41.76,41.8,41.2,41.64,11101330.0
1609718400,41.95,42.12,40.14,40.51,15768080.0
1609804800,40.06,41.84,40.0404,41.66,18045830.0
1609891200,41.92,43.85,41.86,42.98,22694900.0
1609977600,43.98,43.98,42.96,43.32,13625730.0
1610064000,43.31,43.49,42.315,43.06,18426230.0
1610323200,43.015,45.28,42.63,45.01,25887260.0
1610409600,46.3,48.95,45.65,47.82,63889310.0
1610496000,50.78,50.97,48.06,48.73,49229700.0
1610582400,49.5,51.87,49.33,51.53,36839850.0
1610668800,51.3,51.4,49.255,49.97,25293740.0
1611014400,53.69,55.1399,52.26,54.84,64143970.0
1611100800,54.95,55.1559,51.02,53.39,47428520.0
1611187200,56.325,56.97,54.76,55.08,39886580.0
1611273600,54.5,55.77,54.27,55.4,23895590.0
1611532800,54.95,55.1559,51.02,53.39,39844160.0
1611619200,53.39,53.585,51.81,52.04,21648200.0
1611705600,50.8,50.86,48.71,49.34,38315160.0
1611792000,49.88,53.0,49.56,51.04,37573420.0
1611878400,50.7,51.78,49.96,50.68,26466800.0
1612137600,51.46,51.95,50.44,51.51,21451290.0
1612224000,52.3,52.98,51.955,52.72,20457410.0
1612310400,53.3,55.05,53.19,54.25,30706460.0
1612396800,53.34,54.56,52.97,54.13,19243300.0
1612483200,54.82,55.05,54.15,54.41,17250190.0
1612742400,56.0,57.05,55.67,56.88,26990000.0
1612828800,56.54,56.94,55.735,56.06,25168810.0
1612915200,55.61,55.69,52.51,54.88,55329760.0
1613001600,49.81,49.8494,48.66,48.82,29871450.0
1613088000,53.0,54.19,52.96,53.6,15317420.0
1613433600,53.71,53.99,53.22,53.46,18541590.0
1613520000,52.84,53.33,52.08,52.89,14311990.0
1613606400,52.56,52.62,51.6,52.16,17615890.0
1613692800,52.5,53.29,52.22,52.57,15354380.0
1613952000,52.0,52.93,51.8803,51.98,14501270.0
1614038400,51.0,51.38,49.35,51.11,21202690.0
1614124800,51.95,53.21,51.29,52.9,18374960.0
1614211200,52.7,52.93,50.5502,50.6,20628940.0
1614297600,50.87,51.73,49.92,51.33,17125140.0
1614556800,52.41,52.8183,51.82,52.54,15385260.0
1614643200,52.6,55.29,52.19,54.11,36267190.0
1614729600,54.5,54.88,52.66,52.67,19667240.0
1614816000,52.99,54.1799,50.25,51.83,26231870.0
1614902400,52.59,53.99,50.48,53.75,25189990.0
1615161600,54.29,56.2,53.74,54.98,24450450.0
1615248000,55.36,55.43,54.0337,54.65,17902160.0
1615334400,55.0,56.95,54.88,56.83,22760580.0
1615420800,56.87,57.17,55.94,56.33,20244670.0
1615507200,56.0,59.62,55.7,59.26,29829610.0
1615766400,59.31,59.31,57.21,57.94,19752510.0
1615852800,58.36,58.57,56.8,57.12,16177030.0
1615939200,57.24,60.115,57.15,60.05,23746170.0
1616025600,60.06,62.24,58.88,59.27,34844940.0
1616112000,59.34,60.32,58.18,59.82,23346210.0
1616371200,58.75,58.93,56.51,58.1,30094910.0
1616457600,56.99,57.7621,55.705,56.16,21280750.0
1616544000,56.68,57.48,55.71,55.81,20567210.0
1616630400,54.6,56.82,54.25,56.6,16178460.0
1616716800,57.01,57.34,55.345,56.52,16358870.0
1616976000,56.08,57.2,55.74,55.94,16058430.0
1617062400,56.6,58.63,56.4,58.51,19606810.0
1617148800,58.28,58.58,57.265,57.46,20761350.0
1617235200,57.92,58.22,57.035,57.8,17783620.0
1617580800,59.0,61.185,58.75,61.04,24632990.0
1617667200,60.5,63.44,60.44,61.94,39518700.0
1617753600,61.86,61.865,60.69,60.83,17167950.0
1617840000,60.36,60.75,58.81,60.09,19016320.0
1617926400,59.56,60.38,59.42,60.16,12182310.0
1618185600,60.2,60.29,59.29,59.66,10230960.0
1618272000,59.23,59.54,57.89,58.49,17416610.0
1618358400,58.59,59.65,58.25,58.48,14618110.0
1618444800,59.45,59.53,58.37,58.61,14395680.0
1618531200,59.01,59.31,58.28,58.71,11087330.0
1618790400,58.57,58.74,57.23,57.88,12262460.0
1618876800,57.12,57.28,54.92,55.77,23736070.0
1618963200,55.28,57.5,54.71,57.49,14648710.0
1619049600,57.54,57.8,56.13,56.66,15822210.0
1619136000,56.77,57.7382,56.43,57.53,10808450.0
1619395200,57.86,58.58,57.6599,58.21,11553940.0
1619481600,58.265,59.1,58.02,58.97,9293520.0
1619568000,59.0,59.0,58.27,58.55,10485210.0
1619654400,57.74,57.75,55.69,56.57,21315630.0
1619740800,56.18,57.34,56.09,57.22,15348270.0
1620000000,57.6,58.34,56.705,57.15,11585140.0
1620086400,56.55,56.59,54.82,55.34,22262270.0
1620172800,57.09,57.89,56.33,57.58,14399090.0
1620259200,57.43,58.77,57.43,58.72,20108090.0
1620345600,58.0,59.045,57.27,58.99,15480480.0
1620604800,59.0,59.58,57.36,57.41,14591600.0
1620691200,56.15,56.75,54.87,55.73,22773190.0
1620777600,55.54,55.71,53.52,53.76,19348650.0
1620864000,54.43,55.51,54.13,54.6,13314890.0
1620950400,55.12,56.04,55.01,56.0,11313030.0
1621209600,55.84,56.115,55.19,56.04,11028460.0
1621296000,56.23,56.81,55.85,55.89,11464410.0
1621382400,55.0,55.62,54.1206,55.53,11693670.0
1621468800,55.92,56.04,55.19,55.51,11504050.0
1621555200,56.01,58.78,55.77,56.72,15150890.0
1621814400,57.05,57.2,56.32,56.6,8943030.0
1621900800,56.87,58.17,56.705,56.76,16362250.0
1621987200,56.97,58.17,56.77,58.08,14242710.0
1622073600,60.0,60.72,59.21,59.77,33843790.0
1622160000,59.88,59.99,58.59,59.31,12668070.0
1622505600,59.99,60.25,59.25,59.65,10428970.0
1622592000,60.26,60.26,59.13,59.65,11975380.0
1622678400,61.57,63.675,60.71,63.46,38179710.0
1622764800,63.57,63.88,62.39,63.37,21072290.0
1623024000,63.98,64.3,62.63,63.23,15549750.0
1623110400,63.02,63.965,62.43,63.92,13027190.0
1623196800,63.95,64.158,62.69,62.77,14371330.0
1623283200,62.83,63.0495,61.165,61.34,16141860.0
1623369600,61.36,62.011,61.1624,61.49,10205010.0
1623628800,61.47,61.64,60.305,60.79,15443290.0
1623715200,60.68,61.11,59.98,60.81,10736980.0
1623801600,62.46,63.09,61.2,61.76,31080000.0
1623888000,61.82,62.4018,59.36,60.08,19712090.0
1623974400,59.28,59.59,58.41,58.76,25602760.0
1624233600,59.75,59.75,58.82,59.3,12276890.0
1624320000,59.54,59.6,59.02,59.24,8928515.0
1624406400,59.85,60.43,59.46,60.12,11527880.0
1624492800,60.39,60.5,59.76,60.04,14445340.0
1624579200,60.29,60.58,60.0201,60.3,14255100.0
1624838400,60.31,60.38,58.433,58.64,17152710.0
1624924800,59.2,59.545,58.7,58.83,12171830.0
1625011200,58.74,59.465,58.61,59.17,12330500.0
1625097600,59.44,59.73,58.775,59.11,11752120.0
1625184000,59.11,59.32,58.52,58.96,9699563.0
1625529600,58.92,58.93,57.01,57.46,16155580.0
1625616000,57.34,57.4,56.13,56.59,13077580.0
1625702400,55.3,56.585,54.86,56.06,14087370.0
1625788800,58.8,58.92,57.885,58.76,24361340.0
1626048000,58.56,59.17,57.82,58.97,14513200.0
1626134400,59.04,59.26,58.255,58.73,14604230.0
1626220800,58.89,59.36,57.705,58.0,12520540.0
1626307200,57.12,57.69,56.59,56.95,12103430.0
1626393600,57.48,57.48,55.37,55.46,13611410.0
1626652800,53.9,54.43,52.63,54.18,20942080.0
1626739200,54.26,56.38,54.12,56.15,13292000.0
1626825600,56.8,57.47,56.56,57.05,11035170.0
1626912000,56.75,56.76,55.49,55.64,12019880.0
1626998400,55.31,55.786,54.81,54.94,14535960.0
1627257600,55.24,55.91,55.1,55.77,9589042.0
1627344000,55.21,55.36,54.215,55.0,13374880.0
1627430400,55.42,55.86,54.685,55.49,10549240.0
1627516800,57.0,57.7398,56.82,57.28,15438980.0
1627603200,56.72,57.805,56.62,56.84,13185460.0
1627862400,57.37,58.6,56.88,57.03,12397530.0
1627948800,57.47,57.96,56.61,57.88,12273520.0
1628035200,55.23,55.45,52.21,52.72,67667170.0
1628121600,53.86,54.88,53.55,54.44,28571440.0
1628208000,54.81,55.345,54.26,55.05,14970100.0
1628467200,54.27,54.37,53.4,53.95,16079980.0
1628553600,54.0,54.38,53.66,54.26,14479060.0
1628640000,54.42,54.5,53.45,54.27,15814570.0
1628726400,54.44,55.04,54.185,54.62,10766210.0
1628812800,54.56,54.71,53.59,53.65,11849190.0
1629072000,53.01,53.255,52.49,52.95,17029240.0
1629158400,51.98,52.08,50.2,50.47,28477810.0
1629244800,50.53,51.4899,50.4,50.84,15271360.0
1629331200,50.0,50.22,48.67,49.08,23387330.0
1629417600,48.96,49.14,48.35,48.8,16898400.0
1629676800,48.16,48.35,47.07,48.18,30149160.0
1629763200,48.5,49.865,48.23,49.57,21394700.0
1629849600,49.49,49.93,49.16,49.7,14406590.0
1629936000,49.47,49.47,48.5201,48.62,16599240.0
1630022400,48.75,50.07,48.66,49.8,14874280.0
1630281600,49.95,49.95,48.95,49.17,13708990.0
1630368000,49.17,49.43,48.67,49.01,14293110.0
1630454400,49.1,49.64,48.68,49.11,10982080.0
1630540800,49.15,49.5,48.81,48.95,13370750.0
1630627200,48.8,48.995,48.42,48.82,9937933.0
1630972800,48.49,49.225,48.4201,48.72,12316200.0
1631059200,48.64,49.52,48.42,48.97,11136340.0
1631145600,48.95,48.95,47.8,48.42,13739530.0
1631232000,48.69,50.42,48.69,49.49,22774720.0
1631491200,50.11,50.95,49.6,50.82,18506470.0
1631577600,51.22,51.42,50.5,50.74,12587250.0
1631664000,50.79,51.93,50.54,51.82,13658530.0
1631750400,51.59,51.9,50.91,51.52,12617330.0
1631836800,51.33,51.93,50.99,51.33,45119260.0
1632096000,49.45,49.54,48.37,49.37,24540600.0
1632182400,49.57,49.775,48.785,49.37,14172720.0
1632268800,50.03,51.22,50.03,50.78,14038300.0
1632355200,51.1,52.075,51.04,51.92,14043210.0
1632441600,51.88,52.63,51.72,52.23,11643550.0
1632700800,52.41,53.57,52.38,53.24,13861380.0
1632787200,53.77,54.21,52.7,52.85,16422910.0
1632873600,53.3,53.36,52.53,52.93,10881060.0
1632960000,52.93,53.2,52.18,52.71,16328190.0
1633046400,53.03,53.38,52.25,53.13,16660420.0
1633305600,54.9,55.64,53.68,53.98,29206680.0
1633392000,54.19,54.735,53.6488,54.34,18201520.0
1633478400,54.49,55.5,53.15,53.93,29520790.0
1633564800,54.85,56.74,54.435,56.44,31005970.0
1633651200,56.54,59.21,56.3811,58.57,33724940.0
1633910400,58.79,59.345,57.77,58.09,17665710.0
1633996800,58.52,59.33,57.86,58.96,17094970.0
1634083200,58.94,58.94,57.08,57.77,18813800.0
1634169600,58.1,58.29,57.45,57.69,11457550.0
1634256000,58.34,58.7146,57.85,58.0,12914590.0
1634515200,57.41,57.58,56.845,56.89,12667900.0
1634601600,57.0,57.06,56.53,56.85,10589020.0
1634688000,56.36,58.24,56.22,57.67,13399850.0
1634774400,58.0,58.67,57.73,58.41,11585400.0
1634860800,58.37,58.7,57.64,57.77,11077610.0
1635120000,58.05,58.31,56.84,57.76,14151030.0
1635206400,58.02,58.295,56.96,57.37,16335760.0
1635292800,55.6,55.76,54.155,54.26,36397560.0
1635379200,54.6,55.58,54.06,54.24,23020300.0
1635465600,53.9,55.04,53.612,54.43,16680740.0
1635724800,54.85,55.74,54.42,55.49,15677570.0
1635811200,55.03,55.975,54.68,55.59,16377490.0
1635897600,55.26,56.17,55.09,56.0,14419370.0
1635984000,56.47,58.77,56.27,58.64,24026100.0
1636070400,59.15,59.35,58.05,58.52,16302210.0
1636329600,58.76,60.33,58.48,59.6,14385450.0
1636416000,59.81,59.93,57.81,58.62,13822870.0
1636502400,57.85,60.555,57.73,59.27,22778550.0
1636588800,59.82,62.15,59.3065,61.82,29033880.0
1636675200,61.59,64.03,61.28,63.4,31152380.0
1636934400,63.655,63.73,62.625,62.97,14372130.0
1637020800,63.24,63.28,61.93,62.61,16114990.0
1637107200,63.33,65.07,62.375,64.61,29983380.0
1637193600,64.33,65.18,62.09,62.33,23308100.0
1637280000,62.48,62.9699,61.56,61.8,19520640.0
1637539200,61.95,64.955,61.76,64.06,19844300.0
1637625600,63.73,64.04,62.26,63.05,16231230.0
1637712000,62.3,62.6,61.63,62.19,12685010.0
1637884800,59.8,60.57,59.46,60.17,13272570.0
1638144000,61.11,61.54,59.65,59.86,15033080.0
1638230400,59.2,59.84,57.44,57.87,21282190.0
1638316800,59.25,60.59,58.01,58.06,26371660.0
1638403200,58.75,61.3,58.7,61.02,25365110.0
1638489600,61.235,61.69,58.87,59.71,19596050.0
1638748800,60.47,60.73,58.7,59.84,16728220.0
1638835200,60.91,62.38,60.7,61.53,14135730.0
1638921600,61.65,61.81,60.4188,60.78,10004100.0
1639008000,60.38,60.63,59.59,59.62,12964760.0
1639094400,60.1,63.285,60.1,63.21,22839820.0
1639353600,62.07,62.18,59.02,59.13,27327010.0
1639440000,57.97,59.2,57.7003,58.4,17928740.0
1639526400,58.3,58.89,57.035,58.61,14471570.0
1639612800,59.4,60.62,58.025,58.39,17772240.0
1639699200,56.2,56.39,54.51,55.16,42236470.0
1639958400,54.02,54.54,53.14,54.04,19073870.0
1640044800,54.5,54.9,53.84,54.79,15571260.0
1640131200,54.79,56.345,54.75,56.08,16693960.0
1640217600,56.07,57.0946,55.77,56.91,13722300.0
1640563200,56.89,57.75,56.53,57.43,9085790.0
1640649600,57.4,58.12,57.01,57.11,8583973.0
1640736000,57.11,57.7,56.74,57.23,7982315.0
1640822400,57.45,58.78,57.26,58.13,11965920.0
1640908800,58.0,59.05,57.92,58.63,9856338.0
1641168000,59.87,61.57,59.74,61.17,21002090.0
1641254400,61.955,65.98,61.955,65.74,44691260.0
1641340800,65.52,67.21,62.6,62.74,43578700.0
1641427200,63.165,63.5,61.67,62.87,20650940.0
1641513600,63.81,63.91,61.42,62.27,17136110.0
1641772800,61.52,62.0,60.035,61.07,18980400.0
1641859200,61.25,61.555,60.1501,61.46,16463830.0
1641945600,62.47,62.72,59.635,61.03,20214960.0
1642032000,61.45,63.38,61.15,61.77,19282960.0
1642118400,61.1,61.765,59.99,61.1,16180300.0
1642464000,60.13,60.35,58.54,58.79,18317580.0
1642550400,59.31,59.8399,56.125,56.24,20576030.0
1642636800,56.02,57.3256,54.415,54.65,21554100.0
1642723200,54.52,54.7,52.6857,53.28,25692830.0
1642982400,51.4,52.66,49.365,52.64,32997070.0
1643068800,51.6,52.5133,50.82,51.9,22164490.0
1643155200,53.57,53.99,51.47,52.35,23174310.0
1643241600,52.845,53.35,51.0699,51.45,21357410.0
1643328000,51.25,51.25,49.24,50.24,26732580.0
1643587200,50.5,52.75,49.97,52.73,20255200.0
1643673600,52.85,54.24,52.12,54.07,23169550.0
1643760000,54.92,55.55,51.68,53.5,34371690.0
1643846400,52.6,54.42,52.55,53.11,23751830.0
1643932800,51.62,51.85,50.515,51.29,22794900.0
1644192000,51.49,52.0,50.52,50.71,18046540.0
1644278400,48.74,49.88,47.58,49.46,38629680.0
1644364800,50.31,51.68,50.16,50.72,24290770.0
1644451200,49.73,51.785,49.6,50.34,17017570.0
1644537600,50.64,50.97,48.5405,48.83,20183820.0
1644796800,48.87,49.19,48.0,48.4,17549830.0
1644883200,49.36,49.91,48.93,49.67,15242460.0
1644969600,49.43,50.565,49.26,50.43,13865520.0
1645056000,49.81,49.8494,48.66,48.82,13482820.0
1645142400,48.92,49.21,47.92,48.6,16615900.0
1645488000,47.78,47.94,46.155,46.77,19620270.0
1645574400,47.26,48.295,46.26,46.38,13667730.0
1645660800,44.15,46.405,43.91,46.35,21003680.0
1645747200,46.35,47.475,45.85,47.43,13465060.0
1646006400,46.24,47.12,45.84,46.72,18226740.0
1646092800,46.02,46.1597,44.155,44.52,21534170.0
1646179200,44.68,46.6,44.56,46.32,19006430.0
1646265600,46.21,46.74,44.605,44.9,18956330.0
1646352000,44.03,44.16,41.99,42.4,26543550.0
1646611200,42.29,42.44,39.75,39.83,25949910.0
1646697600,40.84,42.31,39.955,40.2,24145080.0
1646784000,42.26,42.86,41.8,42.28,21309050.0
1646870400,41.405,42.23,40.855,41.85,17991220.0
1646956800,42.08,42.3399,41.48,41.51,13617910.0
1647216000,41.74,42.43,40.37,40.83,18913970.0
1647302400,40.83,42.25,40.8,42.13,16051030.0
1647388800,43.0,44.17,42.37,43.85,17014500.0
1647475200,42.92,43.83,42.6,43.66,13909000.0
1647561600,43.23,45.04,43.13,44.82,19834430.0
1647820800,44.28,44.67,43.22,43.61,17903890.0
1647907200,44.24,45.27,44.09,44.56,14703040.0
1647993600,44.0,44.52,43.77,43.78,15142280.0
1648080000,44.05,44.86,43.95,44.35,11106220.0
1648166400,44.275,44.31,43.395,43.65,10361180.0
1648425600,43.9,44.25,43.28,44.22,12175190.0
1648512000,45.41,46.74,45.24,46.26,16784110.0
1648598400,45.64,46.03,45.04,45.22,12818820.0
1648684800,44.84,44.9,43.74,43.74,17335040.0
1648771200,44.16,44.45,42.41,42.96,16791460.0
1649030400,43.27,43.42,42.53,43.18,12598540.0
1649116800,42.96,43.1599,41.32,41.42,19853870.0
1649203200,40.79,41.33,39.48,39.5,29254870.0
1649289600,39.29,39.53,37.6,38.72,28297580.0
1649376000,38.35,40.05,38.1689,39.35,22086840.0
1649635200,38.81,41.3355,38.69,40.33,25015250.0
1649721600,40.61,40.78,39.64,40.04,17212780.0
1649808000,39.62,40.45,39.545,40.22,10897570.0
1649894400,40.15,40.78,40.09,40.13,13315700.0
1650240000,40.13,40.93,39.95,40.63,11797950.0
1650326400,40.81,42.19,40.81,42.08,13852800.0
1650412800,42.25,43.24,41.69,41.72,12989810.0
1650499200,42.76,43.0,40.56,40.71,12544020.0
1650585600,40.46,40.74,39.78,39.84,17718400.0
1650844800,39.35,39.99,38.67,39.82,18704420.0
1650931200,39.22,39.45,37.885,38.04,21679500.0
1651017600,38.29,39.52,37.7,38.66,19827660.0
1651104000,39.35,39.61,37.31,38.75,22795590.0
1651190400,38.81,39.42,37.78,37.91,16737830.0
1651449600,37.67,38.49,37.25,38.45,16119940.0
1651536000,39.32,40.27,38.817,39.94,19132730.0
1651622400,39.6,41.24,39.3,41.17,15813740.0
1651708800,40.32,40.75,39.35,39.95,15317120.0
1651795200,39.79,40.119,38.8,39.58,14684860.0
1652054400,38.98,40.22,38.075,38.26,18508830.0
1652140800,39.39,39.49,37.52,38.7,20206370.0
1652227200,38.78,39.44,37.17,37.27,18050840.0
1652313600,35.46,36.2,34.58,35.56,43172230.0
1652400000,36.18,38.49,36.07,38.21,22997290.0
1652659200,38.01,38.04,36.76,37.1,16512220.0
1652745600,38.03,38.5499,37.345,38.1,15505720.0
1652832000,37.5,37.77,35.59,35.83,19255670.0
1652918400,35.38,36.65,35.15,36.12,15545130.0
1653004800,37.01,37.08,34.385,35.4,24408030.0
1653264000,35.93,36.6099,35.09,36.0,19959790.0
1653350400,35.53,35.57,34.3099,35.21,16716970.0
1653436800,34.9,36.35,34.9,35.98,15409470.0
1653523200,36.38,37.76,36.38,37.42,14568400.0
1653609600,37.8,38.59,37.36,38.57,15684120.0
1653955200,38.61,38.95,37.955,38.68,19857920.0
1654041600,39.01,39.64,37.895,38.27,12190760.0
1654128000,38.4,39.25,38.36,38.87,10735470.0
1654214400,38.09,38.29,37.48,37.61,11670550.0
1654473600,38.35,38.43,37.51,37.83,11028980.0
1654560000,37.22,38.46,36.82,38.37,14517590.0
1654646400,38.34,38.77,37.63,37.69,10210290.0
1654732800,37.48,37.68,36.63,36.65,9311246.0
1654819200,35.73,36.37,35.0,35.01,15881110.0
1655078400,33.86,34.08,32.15,32.28,23202030.0
1655164800,32.67,33.59,32.47,33.2,17891010.0
1655251200,33.36,34.6,33.35,34.18,19116000.0
1655337600,32.85,32.85,30.92,31.42,22783240.0
1655424000,31.45,32.39,30.65,31.88,23649700.0
1655769600,32.825,33.1,31.89,32.64,16627600.0
1655856000,32.19,33.51,32.03,32.83,14976780.0
1655942400,32.92,33.345,32.23,32.99,14410140.0
1656028800,33.11,35.0,33.06,34.82,18401620.0
1656288000,34.99,35.32,34.34,34.63,10443080.0
1656374400,35.19,36.1277,33.95,33.99,15199460.0
1656460800,33.8,33.87,32.66,33.45,11426740.0
1656547200,32.59,32.735,31.4075,31.76,20144800.0
1656633600,31.28,32.88,31.26,32.19,21175040.0
1656979200,31.11,32.43,30.33,32.37,19650730.0
1657065600,32.05,32.49,30.935,31.27,17101060.0
1657152000,32.0,32.845,31.95,32.66,14022900.0
1657238400,32.69,33.13,32.25,32.31,11765250.0
1657497600,31.91,32.2,30.79,30.87,17132510.0
1657584000,30.92,32.06,30.8,31.53,19773390.0
1657670400,30.85,31.845,30.36,31.72,16196710.0
1657756800,31.15,31.65,30.67,31.59,14450410.0
1657843200,32.25,32.925,31.71,32.87,12982920.0
1658102400,33.3,33.59,32.48,32.62,12679250.0
1658188800,33.35,34.6264,33.275,34.4,13186330.0
1658275200,34.18,35.015,34.05,34.76,10110570.0
1658361600,34.76,35.13,34.36,35.13,10857420.0
1658448000,35.17,35.2,34.29,34.67,13616670.0
1658707200,34.86,35.05,34.13,34.52,14782740.0
1658793600,34.035,34.08,33.04,33.34,14533030.0
1658880000,34.02,34.8,33.63,34.68,12292820.0
1658966400,35.005,35.75,34.6,35.74,11802120.0
1659052800,35.75,36.44,35.39,36.26,14375910.0
1659312000,36.06,36.98,35.605,36.77,12224250.0
1659398400,36.32,36.96,36.11,36.13,13124010.0
1659484800,36.79,38.19,36.75,37.31,16047710.0
1659571200,37.02,37.16,36.07,36.23,16882140.0
1659657600,35.92,36.285,35.59,36.06,10878630.0
1659916800,36.62,38.18,36.46,37.56,17405180.0
1660003200,37.27,37.35,36.22,36.62,12752210.0
1660089600,37.69,38.48,37.495,37.95,10663260.0
1660176000,38.69,39.04,38.18,38.46,10221440.0
1660262400,38.83,39.505,38.48,39.48,8905309.0
1660521600,38.88,39.69,38.81,39.4,9626385.0
1660608000,38.95,39.605,38.72,38.99,13944370.0
1660694400,38.19,38.685,37.65,38.4,10656730.0
1660780800,38.33,38.9,38.06,38.72,7004115.0
1660867200,39.24,40.28,39.09,39.7,23306510.0
1661126400,38.24,38.82,37.92,38.55,20921420.0
1661212800,38.96,39.41,38.42,38.56,15394410.0
1661299200,38.61,39.73,38.32,39.25,12710330.0
1661385600,39.36,40.78,39.34,40.39,15211950.0
1661472000,40.75,41.09,39.22,39.23,16179530.0
1661731200,38.77,39.975,38.701,39.51,13408930.0
1661817600,39.76,39.88,38.575,39.13,15090640.0
1661904000,39.2,39.23,38.12,38.21,15390290.0
1661990400,37.81,38.6,37.51,38.56,11370760.0
1662076800,39.32,39.525,38.325,38.47,10860510.0
1662422400,38.81,39.4709,38.405,38.71,19717260.0
1662508800,38.52,40.17,38.4,40.11,15832390.0
1662595200,39.45,40.675,39.345,40.5,15754670.0
1662681600,40.75,41.54,40.7,41.29,12914820.0
1662940800,41.66,42.36,41.405,42.05,16332890.0
1663027200,40.6,41.42,40.35,40.53,14841580.0
1663113600,40.74,40.85,39.745,40.62,15239180.0
1663200000,40.57,42.13,40.54,40.66,15193900.0
1663286400,40.06,40.57,39.71,39.97,20899630.0
1663545600,39.5,41.44,39.43,41.39,13267710.0
1663632000,40.23,40.6,38.9,39.06,25401520.0
1663718400,39.16,39.69,37.665,37.68,20455620.0
1663804800,37.81,38.04,37.19,37.38,13519720.0
1663891200,36.47,36.72,34.835,35.48,17888940.0
1664150400,35.1,36.05,34.67,35.04,16777720.0
1664236800,35.55,35.68,34.07,34.71,13541690.0
1664323200,34.75,35.5,34.36,35.25,12046150.0
1664409600,34.01,34.38,32.82,33.26,14825110.0
1664496000,32.93,33.21,32.05,32.09,16159900.0
1664755200,32.46,33.29,31.6112,32.87,14697330.0
1664841600,34.2,35.8,33.92,35.8,19811650.0
1664928000,34.38,35.015,33.81,34.84,18679450.0
1665014400,34.58,35.17,34.38,34.63,11435830.0
1665100800,34.06,34.258,33.395,33.62,11193910.0
1665360000,32.38,32.615,31.105,32.29,22996080.0
1665446400,32.01,32.87,31.28,32.09,16763870.0
1665532800,32.12,32.5256,31.6,32.2,10810590.0
1665619200,31.29,32.97,31.27,32.76,17199840.0
1665705600,33.07,33.22,32.45,32.89,11998870.0
1665964800,33.7,33.95,33.0601,33.57,10960480.0
1666051200,34.78,34.9,33.98,34.25,11144670.0
1666137600,33.79,34.19,33.3,33.63,10311290.0
1666224000,33.74,34.15,33.14,33.44,13579840.0
1666310400,33.5,35.01,33.32,35.0,14094680.0
1666569600,34.91,35.88,34.46,35.72,18575070.0
1666656000,36.45,37.48,35.83,37.01,25537480.0
1666742400,37.36,38.27,37.18,37.86,19645070.0
1666828800,38.04,38.64,37.405,38.16,13842620.0
1666915200,38.2,38.875,38.09,38.85,10459790.0
1667174400,38.55,39.655,38.36,39.25,13957690.0
1667260800,39.92,40.1,38.8501,39.35,10840620.0
1667347200,39.22,40.07,38.46,38.52,13331330.0
1667433600,37.78,38.745,37.65,38.51,12128580.0
1667520000,39.39,39.74,38.46,39.0,15089650.0
1667779200,39.36,39.47,38.69,39.39,11526870.0
1667865600,39.47,39.51,38.51,39.05,10946430.0
1667952000,38.55,38.87,38.03,38.06,10526170.0
1668038400,39.15,40.595,38.86,39.74,20197610.0
1668124800,39.86,41.575,39.82,41.12,13035210.0
1668384000,41.01,41.19,39.925,39.93,14968930.0
1668470400,40.7,41.37,40.01,40.24,12389970.0
1668556800,39.75,39.86,38.47,38.47,12032460.0
1668643200,38.03,39.6,37.4737,38.64,26006890.0
1668729600,39.5,39.99,39.04,39.77,22849200.0
1668988800,39.44,39.72,39.0,39.52,12281890.0
1669075200,39.89,40.27,39.625,39.97,8394359.0
1669161600,39.85,40.1999,39.57,40.11,9097035.0
1669334400,39.81,40.47,39.81,40.46,4615339.0
1669593600,39.92,40.37,39.305,39.38,19397850.0
1669680000,39.62,40.04,39.54,39.75,10582420.0
1669766400,39.98,40.56,39.23,40.56,14805940.0
1669852800,40.77,41.38,40.415,40.43,12335120.0
1669939200,39.86,40.14,39.55,39.9,9224083.0
1670198400,39.47,39.62,38.685,38.79,7633233.0
1670284800,38.93,39.09,37.35,38.02,12775520.0
1670371200,37.665,38.33,37.56,37.96,11613840.0
1670457600,38.07,38.26,37.6,38.2,8622465.0
1670544000,37.85,38.555,37.78,38.28,8865477.0
1670803200,38.32,38.67,38.0155,38.49,13873190.0
1670889600,39.66,40.01,38.53,38.77,12154530.0
1670976000,38.74,39.09,37.9601,38.36,11964570.0
1671062400,37.79,37.803,37.19,37.62,11295140.0
1671148800,37.03,37.2,35.87,36.15,27530540.0
1671408000,36.28,36.4,35.36,35.42,12247970.0
1671494400,35.26,35.585,34.78,35.2,10934300.0
1671580800,35.72,36.035,35.47,35.9,9959851.0
1671667200,35.17,35.18,33.28,33.53,20229780.0
1671753600,33.68,33.88,33.18,33.83,10619120.0
1672099200,33.52,33.75,33.02,33.32,9984440.0
1672185600,33.32,33.5,32.515,32.53,9550913.0
1672272000,32.82,33.675,32.82,33.67,11634860.0
1672358400,33.33,33.755,33.23,33.64,11807420.0
1672704000,34.015,34.34,33.395,33.82,11793320.0
1672790400,34.29,34.945,34.09,34.69,11326260.0
1672876800,34.2,35.435,34.12,35.0,11932040.0
1672963200,34.69,36.005,34.55,35.91,9783503.0
1673222400,36.53,36.84,35.845,35.92,11617950.0
1673308800,36.14,37.14,35.895,37.11,10280420.0
1673395200,37.35,38.11,37.15,37.82,15190330.0
1673481600,38.14,38.61,37.83,38.33,15318470.0
1673568000,36.48,36.73,35.805,36.51,21242760.0
1673913600,36.5,37.14,36.21,36.61,13916050.0
1674000000,37.06,37.53,36.425,36.44,11322680.0
1674086400,35.65,36.02,35.13,35.73,11403620.0
1674172800,35.68,36.01,35.285,35.35,17187160.0
1674432000,35.685,36.595,35.5275,36.44,17001890.0
1674518400,36.0,36.66,35.82,36.2,12072100.0
1674604800,35.99,36.55,35.38,36.32,13715600.0
1674691200,36.99,37.18,36.23,36.48,19558990.0
1674777600,36.58,38.24,36.44,37.95,21995380.0
1675036800,36.75,37.275,36.22,36.29,23596770.0
1675123200,38.93,39.7299,38.33,39.32,47396260.0
1675209600,39.45,39.84,38.56,39.3,25569530.0
1675296000,40.28,42.05,39.92,41.5,28757040.0
1675382400,40.65,41.985,40.31,41.13,18566710.0
1675641600,40.9,41.61,40.765,41.34,14285740.0
1675728000,41.26,41.775,40.74,41.4,11542460.0
1675814400,41.08,42.1,40.9837,41.57,12318530.0
1675900800,42.09,42.985,41.49,41.63,20848920.0
1675987200,41.24,41.625,40.96,41.35,11447450.0
1676246400,40.73,42.08,40.7209,42.02,12854770.0
1676332800,41.7,42.73,41.69,42.43,13012390.0
1676419200,42.14,42.98,42.05,42.95,11660850.0
1676505600,42.39,43.63,42.225,43.1,14549570.0
1676592000,43.0,43.17,42.19,43.17,13034090.0
1676937600,42.43,43.08,41.09,41.13,12320060.0
1677024000,41.23,41.47,40.63,40.89,9870027.0
1677110400,41.05,41.26,38.87,39.25,19930730.0
1677196800,38.91,39.32,38.46,39.18,12929630.0
1677456000,39.53,40.01,39.14,39.31,17310620.0
1677542400,39.21,39.245,38.495,38.74,17166700.0
1677628800,38.68,39.33,38.64,38.72,14164840.0
1677715200,38.405,39.56,38.12,39.53,12914270.0
1677801600,40.39,41.35,40.25,41.01,13429740.0
1678060800,41.02,41.19,40.2519,40.45,9809967.0
1678147200,40.22,40.43,39.62,39.74,12126940.0
1678233600,39.7,40.02,39.37,39.76,10674830.0
1678320000,39.52,39.7,37.76,37.82,15604070.0
1678406400,37.7,37.775,36.26,36.52,14139400.0
1678665600,35.62,36.31,34.86,35.76,21584240.0
1678752000,36.46,36.67,35.075,35.6,18938240.0
1678838400,34.61,34.62,33.63,34.33,17992060.0
1678924800,33.85,34.92,33.76,34.61,23888080.0
1679011200,34.28,34.28,33.12,33.38,27743510.0
1679270400,33.45,34.25,33.2674,33.62,14938790.0
1679356800,34.63,35.32,34.46,35.1,13685140.0
1679443200,35.13,35.32,34.03,34.05,12929700.0
1679529600,34.37,34.7603,33.175,33.74,12585430.0
1679616000,33.46,33.78,32.985,33.71,11914350.0
1679875200,34.32,34.54,33.7524,34.45,11318410.0
1679961600,34.46,34.65,34.05,34.22,12214220.0
1680048000,34.89,35.73,34.71,35.7,13290050.0
1680134400,36.25,36.48,35.865,35.99,9300180.0
1680220800,36.27,36.72,36.13,36.68,10872660.0
1680480000,36.38,36.815,35.995,36.27,10887920.0
1680566400,36.51,36.54,35.29,35.74,11279950.0
1680652800,35.27,35.38,34.4,35.09,10949440.0
1680739200,35.0,35.09,34.47,34.59,10068150.0
1681084800,34.35,35.74,34.26,35.73,11530440.0
1681171200,35.88,35.965,35.34,35.41,16410480.0
1681257600,35.99,36.06,34.525,34.62,12027410.0
1681344000,34.56,34.69,33.72,34.53,16066190.0
1681430400,34.75,35.29,34.25,34.49,9162851.0
1681689600,34.38,35.15,34.33,35.14,10248860.0
1681776000,35.45,35.57,35.07,35.33,9444629.0
1681862400,34.87,34.88,34.22,34.58,11002270.0
1681948800,33.28,33.73,32.84,33.54,15294820.0
1682035200,33.53,33.77,32.97,33.55,12358740.0
1682294400,33.77,34.4,33.56,34.29,16836770.0
1682380800,33.99,34.08,32.68,32.91,34044430.0
1682467200,32.9,33.12,32.08,32.22,18780860.0
1682553600,32.36,32.82,31.835,32.72,19730070.0
1682640000,32.42,33.3,32.41,33.04,15510700.0
1682899200,34.0,34.2796,33.435,33.48,16892300.0
1682985600,33.2,33.41,32.51,33.08,14527640.0
1683072000,32.76,33.39,32.37,32.48,13494380.0
1683158400,32.3,32.67,31.56,31.69,14807410.0
1683244800,32.32,33.395,32.21,33.26,17191050.0
1683504000,33.39,33.74,33.13,33.66,11267410.0
1683590400,33.32,33.57,33.06,33.28,11841910.0
1683676800,33.87,33.97,32.605,33.08,15418390.0
1683763200,32.85,33.285,32.845,33.12,12319460.0
1683849600,33.25,33.285,32.13,32.4,13035450.0
1684108800,32.39,32.47,32.12,32.37,18841110.0
1684195200,32.06,32.24,31.5,31.54,11069640.0
1684281600,31.81,32.59,31.635,32.44,11269490.0
1684368000,32.28,32.955,32.25,32.9,14241000.0
1684454400,33.12,33.17,32.495,32.66,12603860.0
1684713600,32.71,32.93,32.39,32.86,8866444.0
1684800000,33.0,33.835,32.94,33.42,17717950.0
1684886400,33.0,33.04,32.01,32.28,13357550.0
1684972800,32.16,32.635,32.13,32.41,10492690.0
1685059200,32.62,33.49,32.3501,33.29,13656810.0
1685404800,33.7,34.275,33.315,33.36,12671700.0
1685491200,32.95,33.045,31.86,32.41,17934200.0
1685577600,32.49,33.3,32.135,33.02,12466750.0
1685664000,33.66,34.48,33.47,34.28,15316570.0
1685923200,34.45,34.375,33.66,34.13,9037015.0
1686009600,34.0,35.38,33.98,35.24,15596900.0
1686096000,35.39,36.46,35.225,36.22,23167170.0
1686182400,36.2,36.4427,35.68,35.85,16196090.0
1686268800,37.49,38.1653,36.225,36.23,24318870.0
1686528000,36.27,37.02,36.26,36.67,14903480.0
1686614400,36.96,37.84,36.96,37.65,16449940.0
1686700800,37.84,37.9676,37.04,37.36,14879210.0
1686787200,37.19,38.26,37.18,38.03,15692520.0
1686873600,38.12,38.25,37.65,37.96,14523170.0
1687219200,37.7,37.84,36.915,37.32,14381930.0
1687305600,37.31,37.31,36.88,37.01,9085812.0
1687392000,36.78,36.955,36.36,36.66,8618380.0
1687478400,35.93,36.44,35.8,36.18,10201820.0
1687737600,36.03,36.99,36.03,36.7,11904880.0
1687824000,37.01,37.515,36.45,37.48,9125220.0
1687910400,37.5,38.21,37.41,38.19,12882140.0
1687996800,38.33,38.62,38.0,38.2,10460350.0
1688083200,38.31,38.86,38.002,38.56,11613690.0
1688342400,38.74,39.14,38.63,38.96,5578339.0
1688515200,39.1,39.54,38.91,39.42,12119180.0
1688601600,38.92,39.47,38.6,39.46,13111860.0
1688688000,39.54,39.98,39.315,39.61,10608470.0
1688947200,39.58,39.75,39.19,39.64,10507330.0
1689033600,39.57,40.1,39.155,39.97,11399550.0
1689120000,40.84,40.97,40.38,40.41,14534200.0
1689206400,40.72,41.04,40.41,40.5,12446370.0
1689292800,40.61,40.7,39.935,40.0,11047650.0
1689552000,39.48,39.54,38.51,38.75,16142980.0
1689638400,38.74,39.19,38.55,39.13,13306940.0
1689724800,39.3,39.58,39.16,39.23,12775320.0
1689811200,38.97,39.325,38.715,39.26,10626410.0
1689897600,39.64,39.67,38.34,38.55,13621880.0
1690156800,38.87,39.48,38.76,39.3,18209180.0
1690243200,37.73,38.78,37.11,37.92,30599150.0
1690329600,37.96,38.4474,37.64,38.29,15673470.0
1690416000,38.73,39.445,38.53,38.97,17589280.0
1690502400,38.75,38.98,37.735,38.05,17483140.0
1690761600,38.15,38.37,37.8,38.37,12142370.0
1690848000,38.04,38.36,37.9,38.12,10236210.0
1690934400,37.63,37.83,37.26,37.39,15524080.0
1691020800,37.19,37.19,36.63,36.92,14760630.0
1691107200,36.85,37.09,36.37,36.57,12408890.0
1691366400,36.83,37.1,36.36,37.09,9910696.0
1691452800,36.28,36.875,36.1,36.84,10281730.0
1691539200,36.5,36.805,36.21,36.26,8254516.0
1691625600,36.3,36.36,34.0,34.16,25601480.0
1691712000,34.03,34.17,33.42,33.89,20519850.0
1691971200,33.45,34.205,33.42,34.07,15853800.0
1692057600,33.6,33.78,33.22,33.3,13365840.0
1692144000,33.15,33.2845,32.705,32.82,15254580.0
1692230400,33.07,33.33,32.76,32.92,11476100.0
1692316800,32.58,33.2,32.5737,33.12,11779940.0
1692576000,33.25,33.41,32.975,33.27,10766080.0
1692662400,33.47,33.48,32.85,32.93,8634597.0
1692748800,32.84,33.57,32.76,33.56,10262690.0
1692835200,33.4,33.58,32.755,32.88,7875615.0
1692921600,33.07,33.3,32.05,32.95,14298020.0
1693180800,33.26,33.45,32.93,33.12,7393485.0
1693267200,33.22,33.51,33.08,33.46,7511924.0
1693353600,33.46,33.7,33.35,33.39,7856506.0
1693440000,33.51,34.035,33.2924,33.51,10168390.0
1693526400,33.59,33.84,33.26,33.54,8804755.0
1693872000,33.36,33.48,33.03,33.28,9169640.0
1693958400,33.05,33.405,32.53,32.82,11731910.0
1694044800,32.41,32.615,32.015,32.57,12291810.0
1694131200,32.6,33.13,32.54,32.95,12122380.0
1694390400,33.08,33.27,32.5,32.62,11776960.0
1694476800,32.76,33.77,32.76,33.47,15578360.0
1694563200,33.94,34.295,33.43,33.66,14287400.0
1694649600,33.6,33.8001,33.035,33.66,11797250.0
1694736000,33.54,34.6,33.42,33.95,19709720.0
1694995200,33.75,33.95,33.31,33.34,10471550.0
1695081600,33.45,34.305,33.35,33.96,9548660.0
1695168000,34.08,34.13,33.16,33.2,10815010.0
1695254400,32.91,33.435,32.69,32.71,11342900.0
1695340800,33.0,33.575,32.5,32.58,14271990.0
1695600000,32.38,33.185,32.265,33.06,7283380.0
1695686400,32.61,33.01,32.21,32.26,8250752.0
1695772800,32.41,32.55,31.97,32.35,8339101.0
1695859200,32.29,33.4,32.07,33.16,12673840.0
1695945600,33.31,33.42,32.76,32.97,13587890.0
1696204800,32.84,33.06,32.155,32.47,10966090.0
1696291200,32.05,32.19,31.31,31.38,13060900.0
1696377600,31.35,31.5,30.625,31.04,13412230.0
1696464000,30.78,31.14,29.72,30.31,25255370.0
1696550400,30.1,31.36,29.87,30.9,22422220.0
1696809600,30.49,31.27,30.33,30.99,9111958.0
1696896000,30.89,31.66,30.71,31.48,11985690.0
1696982400,31.73,31.98,30.775,30.98,10673690.0
1697068800,30.69,30.7,30.025,30.32,11355490.0
1697155200,30.0,30.23,29.54,29.66,16720020.0
1697414400,29.91,30.18,29.645,30.06,14711490.0
1697500800,29.8,30.61,29.78,30.33,19812350.0
1697587200,29.84,29.9899,29.46,29.48,14318890.0
1697673600,29.1,29.96,29.06,29.33,18053820.0
1697760000,29.88,30.245,29.45,29.66,21643510.0
1698019200,29.33,29.9,29.21,29.22,17917710.0
1698105600,28.39,29.78,28.01,28.56,26058060.0
1698192000,28.55,29.14,27.71,29.01,24400380.0
1698278400,29.81,30.22,28.43,28.55,22788190.0
1698364800,28.49,28.6299,27.12,27.22,25825610.0
1698624000,27.55,27.72,26.79,27.36,23227260.0
1698710400,27.5,28.31,27.34,28.2,17507150.0
1698796800,28.73,28.8,27.73,28.0,17363990.0
1698883200,28.44,28.86,28.16,28.8,15531400.0
1698969600,29.38,30.06,29.33,29.77,17424150.0
1699228800,29.77,29.82,28.99,29.11,12409880.0
1699315200,28.81,28.95,28.06,28.41,18254080.0
1699401600,28.34,28.36,27.52,27.56,18282620.0
1699488000,27.71,27.71,26.625,26.65,16045870.0
1699574400,26.71,27.0,26.3,26.85,16951430.0
1699833600,26.73,27.11,26.635,26.9,16394290.0
1699920000,27.45,28.42,27.41,28.2,24219690.0
1700006400,28.07,28.2299,27.73,28.14,19628860.0
1700092800,27.93,28.19,27.415,27.48,16691960.0
1700179200,27.86,28.03,27.53,28.03,19924920.0
1700438400,28.18,28.77,28.14,28.52,19367750.0
1700524800,28.25,28.57,27.7,27.9,19693520.0
1700611200,28.06,28.35,27.835,28.1,11356790.0
1700784000,28.17,28.5025,28.12,28.18,6941407.0
1701043200,28.02,28.52,27.935,28.5,19878790.0
1701129600,28.44,28.995,28.33,28.89,18156720.0
1701216000,31.87,32.29,31.42,31.6,85193710.0
1701302400,31.75,32.27,31.58,31.6,45236470.0
1701388800,31.52,32.59,31.52,32.36,31661680.0
1701648000,32.67,33.44,32.6,33.07,29590140.0
1701734400,32.96,33.43,32.66,32.68,25717600.0
1701820800,33.05,33.67,32.87,32.91,21736180.0
1701907200,32.98,33.615,32.81,33.51,20158840.0
1701993600,33.51,34.32,33.51,33.75,20280230.0
1702252800,33.5,34.015,33.44,33.58,23314410.0
1702339200,33.5,33.91,33.36,33.42,22492060.0
1702425600,33.3,34.06,32.825,33.99,28807110.0
1702512000,34.62,36.315,34.55,36.25,35593060.0
1702598400,36.3,36.49,35.615,35.73,34158070.0
1702857600,35.78,36.155,35.43,35.44,18151800.0
1702944000,35.51,35.995,35.37,35.87,11875440.0
1703030400,35.73,36.4,35.46,35.47,16585370.0
1703116800,35.83,36.32,35.69,36.25,18421870.0
1703203200,36.11,36.62,35.835,36.02,15027610.0
1703548800,36.02,36.425,36.02,36.13,10733850.0
1703635200,36.1,36.26,35.7,36.08,11128540.0
1703721600,36.0,36.24,35.91,36.2,9719449.0
1703808000,36.13,36.46,35.86,35.92,14127710.0
1704153600,35.64,36.63,35.44,36.05,17501350.0
1704240000,35.51,35.62,34.7,35.27,20308760.0
1704326400,35.66,35.9795,35.28,35.49,20138040.0
1704412800,35.51,36.61,35.44,35.99,15019200.0
1704672000,35.83,36.85,35.82,36.7,13774770.0
1704758400,36.35,36.73,36.19,36.54,13892790.0
1704844800,36.57,36.62,35.995,36.31,16042620.0
1704931200,36.11,36.2487,35.61,35.86,14628240.0
1705017600,35.67,36.12,35.2033,35.26,16651460.0
1705363200,34.73,35.58,34.62,35.39,18287230.0
1705449600,34.83,35.21,34.73,35.01,15352760.0
1705536000,35.3,35.36,34.32,34.58,22571840.0
1705622400,34.59,35.66,34.34,35.51,17599020.0
1705881600,35.55,36.05,35.28,35.32,15127060.0
1705968000,35.62,35.76,34.94,35.23,16822830.0
1706054400,35.29,35.595,34.56,34.7,15483430.0
1706140800,34.96,35.26,34.71,35.16,21520320.0
1706227200,35.16,35.545,35.04,35.18,14190100.0
1706486400,35.2,35.61,34.93,35.39,24054760.0
1706572800,38.352,38.96,37.4,38.15,57982620.0
1706659200,38.2,39.75,38.13,38.8,34203080.0
1706745600,39.18,39.31,38.53,38.87,21343030.0
1706832000,38.53,39.19,38.29,38.91,19818290.0
1707091200,38.53,38.69,37.68,37.79,19722400.0
1707177600,37.6,38.6699,37.6,38.03,16288900.0
1707264000,38.54,39.12,38.1,38.72,19093750.0
1707350400,38.84,38.94,38.42,38.65,15864500.0
1707436800,38.62,38.975,38.45,38.56,13065970.0
1707696000,38.54,39.535,38.51,39.28,18113130.0
1707782400,38.8,38.94,37.83,38.31,18979040.0
1707868800,38.58,38.75,38.05,38.37,13278490.0
1707955200,38.67,39.51,38.64,38.99,15688590.0
1708041600,38.8,39.055,38.62,38.7,12396650.0
1708387200,38.35,39.17,38.125,39.01,16971320.0
1708473600,38.96,39.82,38.96,39.49,15987810.0
1708560000,39.55,39.8,39.16,39.34,11458140.0
1708646400,39.36,39.95,39.32,39.63,15194430.0
1708905600,39.64,40.73,39.6,39.79,16610220.0
1708992000,40.23,40.6,39.85,40.18,11507720.0
1709078400,40.06,41.08,40.05,40.63,15697520.0
1709164800,40.77,41.335,40.635,40.98,18005220.0
1709251200,40.805,41.8,40.395,40.99,13079610.0
1709510400,41.0,41.52,40.76,40.93,14703090.0
1709596800,40.7,40.885,40.13,40.65,18913470.0
1709683200,40.65,40.7388,39.8303,40.15,15511180.0
1709769600,40.17,40.3199,39.255,39.35,15428030.0
1709856000,39.35,40.145,39.31,39.5,12923870.0
1710115200,39.28,39.81,39.22,39.53,11659070.0
1710201600,39.58,39.62,38.96,39.21,19442480.0
1710288000,39.46,40.47,39.34,40.26,19081320.0
1710374400,40.18,40.34,38.945,39.38,18012940.0
1710460800,39.27,40.82,39.27,40.69,82751220.0
1710720000,40.89,40.925,40.33,40.82,16126580.0
1710806400,40.92,41.68,40.72,41.51,15936430.0
1710892800,41.42,42.89,41.36,42.85,16909340.0
1710979200,42.92,43.59,42.84,43.42,15268250.0
1711065600,43.3,43.655,43.0,43.06,9393825.0
1711324800,43.06,43.96,43.06,43.55,14644720.0
1711411200,43.69,44.57,43.425,44.0,15961250.0
1711497600,44.06,44.81,44.05,44.59,22172120.0
1711584000,44.63,45.535,44.6,45.35,14766380.0
1711929600,45.13,45.73,44.98,45.4,11008270.0
1712016000,44.97,45.26,44.59,44.89,13061880.0
1712102400,44.67,45.42,44.64,45.17,14377130.0
1712188800,45.71,46.04,43.62,43.68,16988630.0
1712275200,43.72,44.305,43.46,44.23,11210460.0
1712534400,44.43,44.85,44.2803,44.34,8250408.0
1712620800,44.58,44.865,44.07,44.73,8794803.0
1712707200,43.9,44.55,43.51,43.94,11636350.0
1712793600,43.9,43.99,43.19,43.84,19562960.0
1712880000,43.5,43.58,42.645,43.08,11903890.0
1713139200,43.73,43.98,42.52,42.69,13499590.0
1713225600,42.49,42.92,42.13,42.66,12384850.0
1713312000,42.91,43.16,42.2905,42.46,10663330.0
1713398400,42.77,42.835,42.01,42.44,14180460.0
1713484800,42.51,42.96,42.185,42.37,15514950.0
1713744000,42.68,43.56,42.205,43.21,21315080.0
1713830400,45.89,45.96,44.37,45.1,28767300.0
1713916800,45.31,45.31,44.62,45.08,15013880.0
1714003200,44.67,45.85,44.49,45.62,14912510.0
1714089600,45.6,46.165,45.41,45.84,12153280.0
1714348800,46.0,46.15,45.54,46.04,10577410.0
1714435200,45.21,45.42,44.26,44.53,15951300.0
1714521600,44.5,45.195,44.38,44.47,13987630.0
1714608000,44.9,45.15,44.57,44.67,13214850.0
1714694400,45.03,45.545,44.505,44.86,10046010.0
1714953600,45.1,45.54,44.96,45.06,10301580.0
1715040000,45.19,45.84,45.165,45.28,9135865.0
1715126400,44.85,45.395,44.58,45.05,7568502.0
1715212800,44.98,45.66,44.8,45.36,9349772.0
1715299200,45.58,45.6299,45.05,45.21,7917797.0
1715558400,45.56,45.98,45.08,45.17,13826400.0
1715644800,45.5,45.79,44.75,45.03,10894320.0
1715731200,45.5,45.64,45.07,45.49,11054700.0
1715817600,45.38,46.095,45.374,45.87,11335860.0
1715904000,46.07,46.08,45.585,45.76,11412800.0
1716163200,45.75,45.91,45.07,45.11,9070726.0
1716249600,44.97,45.18,44.56,44.92,9910972.0
1716336000,44.6,44.64,43.73,43.97,11874500.0
1716422400,43.97,44.055,43.38,43.73,10643660.0
1716508800,44.07,44.32,43.865,44.11,7373009.0
1716854400,43.7,43.77,42.8,43.09,13749200.0
1716940800,42.62,42.745,42.27,42.64,13262330.0
1717027200,42.81,43.48,42.62,43.41,9268652.0
1717113600,43.21,45.02,43.0,44.99,32674630.0
1717372800,44.96,45.96,44.96,45.74,15698540.0
1717459200,45.32,45.77,45.04,45.26,9505355.0
1717545600,45.55,45.685,44.815,45.62,24724920.0
1717632000,45.58,45.975,45.425,45.61,10169780.0
1717718400,45.35,46.08,45.2,45.72,10811700.0
1717977600,45.69,47.76,45.64,47.57,18578780.0
1718064000,48.26,48.9469,47.68,48.21,21186990.0
1718150400,48.84,49.35,48.63,48.86,14222210.0
1718236800,48.62,48.72,47.39,47.65,19451720.0
1718323200,47.135,47.39,45.93,46.77,14716550.0
1718582400,46.78,47.53,46.705,47.4,9720620.0
1718668800,47.29,48.04,47.28,47.44,9691071.0
1718841600,47.31,47.945,47.255,47.77,10118010.0
1718928000,47.78,47.86,47.05,47.72,16737260.0
1719187200,47.77,48.69,47.77,48.11,46697660.0
1719273600,48.0,48.1,45.93,46.41,18067120.0
1719360000,45.9,46.13,45.52,45.77,13055950.0
1719446400,45.69,46.0498,45.3,45.58,10409760.0
1719532800,46.03,46.66,45.97,46.46,15020440.0
1719792000,46.52,47.165,46.29,46.68,10825070.0
1719878400,46.4,47.08,46.37,46.95,11338270.0
1719964800,46.98,47.07,46.2821,46.71,5440684.0
1720137600,46.62,47.085,46.19,46.52,11452690.0
1720396800,46.8,47.48,46.215,46.55,10868910.0
1720483200,46.45,46.84,46.185,46.26,9664247.0
1720569600,46.51,46.77,46.36,46.53,6711734.0
1720656000,46.9,48.0,46.83,47.93,16686620.0
1720742400,48.02,49.35,47.91,49.01,16289560.0
1721001600,49.5,50.0,49.16,49.3,11073440.0
1721088000,49.32,49.99,48.81,49.77,10192480.0
1721174400,49.4,49.965,49.14,49.9,9158492.0
1721260800,50.0,50.5,49.165,49.65,12268010.0
1721347200,49.54,49.56,48.16,48.3,16931000.0
1721606400,48.46,49.7,48.255,49.56,17064730.0
1721692800,49.34,49.5,45.83,46.38,41152100.0
1721779200,45.29,46.595,45.12,46.49,21134870.0
1721865600,45.67,45.77,44.11,44.13,27256400.0
1721952000,44.28,44.55,43.66,44.12,18411120.0
1722211200,44.13,44.27,43.66,44.15,12521480.0
1722297600,44.15,44.974,44.15,44.23,12171710.0
1722384000,44.31,45.08,43.67,44.32,14112040.0
1722470400,44.67,45.15,43.12,43.37,15919030.0
1722556800,42.38,42.42,40.985,41.17,21627020.0
1722816000,39.4,40.3,38.96,39.95,23849430.0
1722902400,40.02,41.15,39.78,40.61,14701950.0
1722988800,41.23,41.505,40.52,40.65,11245300.0
1723075200,41.09,42.98,41.09,42.73,17717880.0
1723161600,42.6,44.105,42.46,43.48,14119680.0
1723420800,43.34,43.6,42.74,42.99,9336320.0
1723507200,43.06,43.35,42.52,43.32,10304300.0
1723593600,43.62,43.95,43.445,43.61,10772220.0
1723680000,44.77,45.19,44.62,44.86,12913940.0
1723766400,44.75,45.43,44.65,45.32,10592580.0
1724025600,45.45,45.925,45.18,45.76,9598085.0
1724112000,45.7,46.47,45.67,45.98,9188693.0
1724198400,46.25,46.915,46.245,46.56,11897030.0
1724284800,46.69,46.97,46.381,46.46,6629375.0
1724371200,47.31,48.63,47.1933,48.57,12918090.0
1724630400,48.87,49.17,48.64,48.75,8800721.0
1724716800,48.56,49.46,48.56,49.25,10256490.0
1724803200,49.0,49.45,48.84,49.05,7397330.0
1724889600,49.49,49.815,49.11,49.47,8448588.0
1724976000,49.69,49.8601,49.1101,49.78,15736900.0
1725321600,49.15,49.86,48.12,48.41,14946810.0
1725408000,48.67,49.28,48.19,48.45,8293312.0
1725494400,48.68,49.065,47.9,48.15,14888730.0
1725580800,48.07,48.65,47.01,47.14,16080930.0
1725840000,47.33,47.885,47.05,47.4,11374310.0
1725926400,45.976,46.51,44.23,44.82,18918240.0
1726012800,44.69,44.89,43.8,44.67,15847730.0
1726099200,44.69,46.62,44.62,46.12,14599890.0
1726185600,46.31,47.05,46.17,46.3,8986253.0
1726444800,46.45,47.69,46.45,46.87,9928011.0
1726531200,47.36,48.175,47.08,47.52,8941604.0
1726617600,47.72,49.55,47.7,48.66,14533770.0
1726704000,49.49,49.86,48.2,48.62,13490200.0
1726790400,48.24,48.995,47.9,48.88,18091560.0
1727049600,47.6,48.28,46.975,48.04,14181160.0
1727136000,48.46,48.765,47.575,48.07,9500995.0
1727222400,45.95,46.4399,44.98,45.73,22910590.0
1727308800,45.72,46.1199,45.45,45.81,11892050.0
1727395200,46.37,47.07,45.99,46.48,13298590.0
1727654400,44.92,45.9,44.47,44.84,20255040.0
1727740800,45.15,45.48,44.38,44.88,15157170.0
1727827200,44.78,45.54,44.73,44.82,10730110.0
1727913600,44.42,45.03,44.06,44.98,9409856.0
1728000000,45.81,46.145,45.5,45.68,11429410.0
1728259200,45.42,46.12,45.26,45.98,11276670.0
1728345600,46.07,47.35,45.77,46.01,16608440.0
1728432000,46.04,47.975,45.67,47.93,17185710.0
1728518400,47.62,47.96,47.36,47.69,9740109.0
1728604800,47.37,48.248,47.29,47.87,9181011.0
1728864000,47.75,48.765,47.63,48.63,6774134.0
1728950400,48.22,48.905,47.81,47.85,12532060.0
1729036800,48.49,49.265,48.36,49.01,10152810.0
1729123200,49.0,49.485,48.64,49.38,8333573.0
1729209600,49.64,49.75,49.095,49.18,9500117.0
1729468800,49.26,49.6,48.63,48.93,11492090.0
1729555200,50.02,54.175,49.99,53.73,42657710.0
1729641600,54.05,54.19,52.515,52.92,16109790.0
1729728000,53.65,54.295,52.48,52.72,11800740.0
1729814400,53.2,53.41,51.91,52.07,8445108.0
1730073600,52.25,52.855,52.05,52.73,11504940.0
1730160000,52.125,52.22,50.97,51.54,13807600.0
1730246400,51.5,52.73,51.5,51.97,8179610.0
1730332800,51.75,52.12,50.735,50.76,9364559.0
1730419200,51.15,51.78,50.79,50.96,10289520.0
1730678400,50.99,52.7712,50.99,51.8,9778535.0
1730764800,51.66,53.74,51.51,53.7,11534030.0
1730851200,54.48,55.38,53.14,55.05,19150140.0
1730937600,55.13,55.93,54.2,55.39,10964840.0
1731024000,55.1,56.075,54.845,55.58,10247530.0
1731283200,56.17,58.22,55.96,57.66,11276500.0
1731369600,57.5,58.29,57.015,57.41,10219680.0
1731456000,57.61,58.42,57.535,57.71,10048550.0
1731542400,57.79,59.39,57.17,57.62,17750200.0
1731628800,57.53,57.825,56.94,57.04,12624970.0
1731888000,57.49,57.52,55.84,56.25,12277780.0
1731974400,55.02,56.78,54.77,55.11,14530550.0
1732060800,55.0,55.49,54.575,54.87,12183690.0
1732147200,55.2,55.81,54.73,55.68,11326720.0
1732233600,55.74,58.895,55.65,58.53,14591700.0
1732492800,59.16,61.24,58.9,60.2,25347320.0
1732579200,57.65,58.32,54.73,54.79,25817330.0
1732665600,55.2,56.07,55.15,55.5,11386760.0
1732838400,56.43,56.99,55.59,55.59,8064728.0
1733097600,55.5,55.62,54.69,55.04,10602600.0
1733184000,55.1,55.2116,53.48,53.66,14234800.0
1733270400,53.62,53.83,52.755,53.36,13225670.0
1733356800,53.61,53.91,53.01,53.39,10017880.0
1733443200,53.71,53.9,53.005,53.41,8625892.0
1733702400,54.0,54.46,52.66,52.71,7959628.0
1733788800,53.77,53.77,52.34,52.74,7721990.0
1733875200,53.25,53.45,51.3,52.04,12609060.0
1733961600,52.4,52.69,51.94,52.3,9454864.0
1734048000,52.25,52.82,51.9,52.53,8849316.0
1734307200,52.05,52.615,51.28,52.24,11688380.0
1734393600,51.59,51.9323,51.13,51.15,11201600.0
1734480000,51.26,51.86,49.96,49.99,13564950.0
1734566400,50.62,51.335,50.29,50.34,11214220.0
1734652800,50.09,52.14,50.07,51.81,23917850.0
1734912000,51.49,52.59,51.36,52.56,7553113.0
1734998400,52.7,53.63,52.52,53.51,4541139.0
1735171200,53.37,54.38,53.14,54.18,6073502.0
1735257600,53.81,54.86,53.76,54.28,5884436.0
1735516800,53.74,54.095,52.93,53.66,7246775.0
1735603200,53.89,54.22,52.95,53.27,4734394.0
1735776000,53.32,53.47,51.024,51.37,10170420.0
1735862400,51.5,51.955,50.455,51.77,8949929.0
1736121600,52.76,54.395,52.25,53.53,9728239.0
1736208000,53.7,53.7,51.92,51.98,9093274.0
1736294400,51.75,51.75,50.305,51.0,7243663.0
1736467200,50.78,50.84,49.76,49.85,7847704.0
1736726400,49.035,50.1,49.02,49.93,7950908.0
1736812800,50.43,51.415,50.2,50.94,7170066.0
1736899200,52.2,52.945,51.62,51.7,7518934.0
1736985600,51.66,52.02,51.16,51.84,6415449.0
1737072000,51.93,52.1892,50.73,50.97,9619992.0
1737417600,51.785,54.06,51.29,53.89,12962110.0
1737504000,53.33,53.45,52.43,52.76,7778056.0
1737590400,53.04,54.35,52.738,54.22,7452914.0
1737676800,54.19,54.6,53.705,53.91,6619598.0
1737936000,54.26,55.06,54.075,54.92,12075420.0
1738022400,50.98,50.98,48.72,50.04,33776650.0
1738108800,50.28,50.61,49.12,49.78,15122970.0
1738195200,50.45,50.985,47.76,49.5,16443170.0
1738281600,49.67,51.73,49.18,49.46,20578690.0
1738540800,46.5,49.23,46.37,47.9,28555890.0
1738627200,47.17,48.935,47.11,48.57,9746674.0
1738713600,48.71,48.79,47.74,47.81,10719380.0
1738800000,47.99,48.39,47.44,47.93,9218439.0
1738886400,47.69,48.32,47.21,47.39,9608542.0
1739145600,47.4,47.6,46.44,46.57,9017178.0
1739232000,46.36,46.84,46.26,46.7,7058475.0
1739318400,46.42,47.99,46.26,47.69,10572400.0
1739404800,48.14,48.63,47.35,47.89,7748283.0
1739491200,48.39,48.68,47.92,48.37,5630048.0
1739836800,48.7,48.71,47.6,48.13,6967252.0
1739923200,47.73,47.97,47.22,47.8,6835996.0
1740009600,47.79,47.91,46.76,47.89,5801818.0
1740096000,47.93,48.09,45.925,46.29,6775712.0
1740355200,46.67,46.91,46.04,46.57,8127113.0
1740441600,46.72,47.02,45.69,46.71,7903769.0
1740528000,48.91,50.19,48.155,48.46,17082040.0
1740614400,47.8,48.9275,47.56,47.63,14881110.0
1740700800,47.52,49.49,47.1279,49.13,21380540.0
1740960000,49.98,50.5,46.74,47.38,16880520.0
1741046400,46.415,46.42,44.41,45.22,20786780.0
1741132800,46.7,49.07,46.23,48.48,27954240.0
1741219200,47.77,48.33,46.39,47.2,14332010.0
1741305600,47.78,47.82,46.04,47.44,13824430.0
1741564800,46.81,48.18,46.77,48.08,21621580.0
1741651200,48.0,48.8195,46.03,48.28,21879860.0
1741737600,48.5,48.74,46.9328,47.9,10041760.0
1741824000,47.77,49.27,46.87,47.11,14189930.0
1741910400,47.79,48.75,47.64,48.34,14143860.0
1742169600,48.51,49.269,48.28,49.0,14102360.0
1742256000,49.35,49.83,48.19,48.67,19265430.0
1742342400,48.825,50.21,48.7,49.79,13291570.0
1742428800,48.81,49.98,48.75,49.44,12906870.0
1742515200,48.98,50.04,48.735,49.8,37624930.0
1742774400,50.76,51.885,50.46,51.46,16024350.0
1742860800,51.5,52.76,51.5,52.59,14836170.0
1742947200,52.69,53.29,50.65,50.95,20907420.0
1743033600,46.99,48.4,46.26,47.2,35798980.0
1743120000,46.91,47.14,45.81,46.68,18820080.0
1743379200,45.66,47.27,45.61,47.03,15878570.0
1743465600,47.01,47.77,46.5,47.26,14065630.0
1743552000,46.87,48.27,46.87,47.98,12305550.0
1743638400,46.95,47.78,45.845,45.9,18871210.0
1743724800,44.46,44.73,42.73,44.18,26717440.0
1743984000,41.75,45.35,41.6,43.53,25522110.0
1744070400,44.94,45.4,41.94,42.48,16415590.0
1744156800,41.86,46.2999,41.635,45.74,23918110.0
1744243200,44.16,44.46,42.62,43.73,17437870.0
1744329600,43.5,43.94,42.75,43.63,10735590.0
1744588800,43.87,45.87,43.11,45.14,22020940.0
1744675200,44.2,44.87,44.13,44.54,9799297.0
1744761600,44.36,45.055,43.89,44.22,9876971.0
1744848000,44.27,45.28,43.93,44.57,11707460.0
1745193600,44.47,44.69,43.765,44.39,6424836.0
1745280000,45.1,45.65,44.74,45.16,8438508.0
1745366400,46.5,47.415,45.68,45.84,9032792.0
1745452800,46.21,47.07,45.84,46.88,7509202.0
1745539200,46.54,47.56,46.54,47.11,8108116.0
1745798400,47.2,47.81,46.65,47.24,15269760.0
1745884800,45.91,47.46,45.3419,46.94,24183080.0
1745971200,46.21,46.54,44.72,45.24,17948630.0
1746057600,46.5,46.54,44.72,45.05,15875500.0
1746144000,45.71,45.815,44.95,45.3,11649770.0
1746403200,45.28,45.75,45.15,45.38,8084268.0
1746489600,45.01,45.97,44.84,45.46,9638215.0
1746576000,45.71,45.94,44.97,45.47,8711862.0
1746662400,46.1,47.715,46.09,47.35,14499470.0
1746748800,47.56,47.965,47.25,47.5,8582913.0
1747008000,49.74,50.14,48.87,49.61,13160580.0
1747094400,49.56,50.615,49.395,50.46,10427590.0
1747180800,50.36,50.81,50.09,50.31,8949319.0
1747267200,49.79,50.235,49.58,50.12,7286622.0
1747353600,50.11,50.39,49.85,50.37,6099765.0
1747612800,49.71,50.35,49.18,50.03,9406488.0
1747699200,50.26,50.55,49.9,50.21,6565365.0
1747785600,49.88,50.54,49.29,49.37,7515609.0
1747872000,49.35,49.68,48.9,49.28,6378158.0
1747958400,48.37,49.17,48.3121,48.69,5612309.0
1748304000,49.17,49.46,48.5,49.09,8936848.0
1748390400,49.09,49.09,48.015,48.13,8419556.0
1748476800,48.45,48.62,47.965,48.59,8400697.0
1748563200,48.46,49.935,48.29,49.61,17722760.0
1748822400,49.1,49.19,47.035,47.69,13019240.0
1748908800,47.55,49.14,47.285,49.06,12403490.0
1748995200,49.06,49.1,47.6,47.67,9889323.0
1749081600,47.51,47.85,46.815,47.25,10097210.0
1749168000,47.64,47.84,47.195,47.47,7949455.0
1749427200,47.87,48.57,47.73,47.93,6467748.0
1749513600,48.09,49.325,47.84,48.93,7942551.0
1749600000,49.33,50.4,49.27,49.87,10605780.0
1749686400,49.46,49.54,48.6,49.26,6602178.0
1749772800,48.62,49.18,48.405,48.65,8701843.0
1750032000,49.25,49.465,48.65,49.27,5884651.0
1750118400,48.87,49.246,48.25,48.28,9078657.0
1750204800,48.3,48.7,47.94,48.09,8418081.0
1750377600,48.42,48.735,47.785,48.2,22249840.0
1750636800,47.96,48.58,47.63,48.52,10626480.0
1750723200,48.96,49.365,48.85,49.0,12550430.0
1750809600,49.02,49.0999,47.82,48.13,6906761.0
1750896000,48.04,49.19,47.72,49.16,10386260.0
1750982400,49.32,50.14,49.08,49.68,10695840.0
1751241600,49.58,49.62,48.93,49.21,9634888.0
1751328000,48.82,52.125,48.8,52.03,13748030.0
1751414400,52.03,52.77,51.96,52.68,9461786.0
1751500800,52.79,53.9601,52.7,52.89,6612290.0
1751846400,52.28,53.27,51.41,51.82,11028600.0
1751932800,52.16,52.86,52.0,52.19,7523443.0
1752019200,52.63,52.79,52.26,52.57,5322598.0
1752105600,52.435,53.285,52.26,53.15,6402436.0
1752192000,52.82,53.555,52.56,53.39,7698246.0
1752451200,53.35,53.69,52.685,53.33,6933953.0
1752537600,53.46,53.75,52.69,52.71,7702723.0
1752624000,52.74,53.52,52.74,53.18,8242925.0
1752710400,53.3,53.89,52.89,53.21,6826985.0
1752796800,53.41,53.71,52.875,53.22,6497268.0
1753056000,53.35,54.3,53.18,53.21,13055530.0
1753142400,51.72,52.09,48.87,48.89,33792430.0
1753228800,49.9,53.27,49.865,53.13,25657020.0
1753315200,52.97,53.4,52.235,52.34,10219820.0
1753401600,52.86,53.47,52.08,53.4,6491321.0
1753660800,53.215,53.935,53.03,53.45,6954460.0
1753747200,53.79,53.79,52.08,52.11,8442950.0
1753833600,52.39,52.75,51.69,52.11,7854244.0
1753920000,52.57,54.71,52.46,53.34,14455140.0
1754006400,52.15,53.0279,51.88,52.53,9540462.0
1754265600,52.7,53.235,52.475,52.77,7417946.0
1754352000,53.32,53.3299,52.25,52.58,6913097.0
1754438400,52.73,53.125,52.09,52.47,5390488.0
1754524800,52.8,53.43,52.5445,52.95,6029436.0
1754611200,53.1,53.82,53.09,53.53,4126606.0
1754870400,53.95,54.75,53.34,54.01,6690708.0
1754956800,54.32,54.75,53.951,54.16,6782198.0
1755043200,54.48,55.785,54.16,55.58,6942105.0
1755129600,55.63,56.51,54.8201,56.42,6647614.0
1755216000,56.92,56.99,56.3,56.31,5597272.0
1755475200,56.13,56.55,56.09,56.23,6740792.0
1755561600,56.48,57.41,56.31,57.06,5987915.0
1755648000,56.9,57.1899,56.64,56.77,7258199.0
1755734400,56.39,56.6258,55.09,56.51,8192288.0
1755820800,57.05,58.78,56.995,58.37,6320205.0
1756080000,58.2,58.42,57.8845,58.28,3801962.0
1756166400,58.24,58.935,58.1,58.8,7311095.0
1756252800,58.56,59.23,58.42,58.75,9848099.0
1756339200,58.99,59.0,57.76,58.49,7209539.0
1756425600,58.48,58.67,57.86,58.59,4972523.0
1756771200,57.54,58.635,56.99,58.53,5676323.0
1756857600,58.12,58.85,57.7,57.75,6762677.0
1756944000,58.0,58.24,57.48,58.15,5880068.0
1757030400,58.08,58.805,57.755,58.27,7378092.0
1757289600,58.13,58.255,57.4,58.2,6399619.0
1757376000,58.14,58.155,57.6,58.01,4616833.0
1757462400,57.88,57.88,56.605,57.34,7207455.0
1757548800,57.54,58.71,57.47,58.71,5808502.0
1757635200,59.85,60.0,58.475,58.5,12020560.0
1757894400,58.96,59.02,58.32,58.95,4773530.0
1757980800,58.98,59.39,58.16,58.46,6786947.0
1758067200,58.27,59.57,58.22,58.73,6253045.0
1758153600,58.8,59.4,58.475,59.26,5922797.0
1758240000,59.5,59.52,58.73,58.98,13159560.0
1758499200,58.78,59.177,58.46,58.88,7634177.0
1758585600,59.05,59.92,58.455,58.58,5898999.0
1758672000,60.1,60.155,59.06,59.92,10756140.0
1758758400,59.53,60.63,59.11,60.59,7740100.0
1758844800,60.65,61.9833,60.455,61.24,8641382.0
1759104000,61.85,62.14,60.75,61.12,9788442.0
1759190400,61.71,62.06,60.55,60.97,6964798.0
1759276800,60.94,61.585,60.13,61.34,8094432.0
1759363200,61.48,61.5,59.21,59.36,9614624.0
1759449600,59.32,60.61,58.67,60.13,13031920.0
1759708800,59.94,59.94,58.125,58.19,8921528.0
1759795200,58.63,58.66,56.63,57.26,10702890.0
1759881600,57.33,57.7,56.24,56.4,5429993.0
1759968000,56.78,56.865,55.91,55.92,5441819.0
1760054400,56.24,56.55,55.215,55.35,5454388.0
1760313600,55.9,56.2,55.35,55.62,3993580.0
1760400000,54.51,57.25,54.33,57.15,9005010.0
1760486400,57.26,58.25,57.01,57.8,7976919.0
1760572800,57.885,58.4,56.81,57.34,6061258.0
1760659200,57.73,59.17,57.55,58.38,7956170.0
1760918400,58.54,58.555,57.68,58.0,10184610.0
1761004800,63.76,67.55,62.36,66.62,43706530.0
1761091200,67.05,67.585,65.89,67.31,18831870.0
1761177600,67.97,68.48,66.57,66.85,12647200.0
1761264000,67.46,69.7,67.29,69.66,12570970.0
1761523200,69.57,69.63,68.79,69.38,9724755.0
1761609600,69.46,70.19,68.66,69.87,13072230.0
1761696000,69.61,70.24,68.59,69.13,10575890.0
1761782400,68.66,69.78,68.3864,68.67,7559509.0
1761868800,68.78,69.32,68.63,69.09,6993609.0
1762128000,68.89,68.93,67.775,68.22,10252280.0
1762214400,68.0,68.13,66.75,66.87,8478213.0
1762300800,67.04,69.26,67.04,68.77,7807039.0
1762387200,68.685,69.4,68.21,68.84,6086742.0
1762473600,68.95,70.76,68.575,70.75,8408534.0
1762732800,71.0,71.335,69.87,71.05,8592733.0
1762819200,71.12,71.64,70.985,71.22,6164003.0
1762905600,71.17,72.39,70.985,71.84,9167247.0
1762992000,72.16,72.87,71.48,71.89,9004261.0
1763078400,71.36,71.765,70.44,70.52,7100875.0
1763337600,70.31,70.46,67.491,67.91,8032061.0
1763424000,67.83,68.42,67.06,67.93,6092657.0
1763510400,68.0,69.66,67.61,68.5,10557130.0
1763596800,68.94,69.89,67.78,68.04,9385199.0
1763683200,68.29,70.5289,68.19,70.33,10852440.0
1763942400,70.48,71.2201,70.25,71.0,13768140.0
1764028800,71.15,73.105,71.15,72.78,12089670.0
1764115200,72.44,73.445,72.22,72.81,7704267.0
1764288000,72.94,73.86,72.91,73.52,3754998.0
1764547200,73.09,73.9296,72.91,72.95,9826854.0
1764633600,73.15,73.84,72.09,73.66,8973673.0
1764720000,73.61,74.915,73.61,74.69,8392357.0
1764806400,75.0,76.225,74.9,75.29,12659050.0
1764892800,75.08,77.0,75.0,76.05,8817795.0
1765152000,76.32,76.665,75.2,75.71,10018150.0
1765238400,76.08,77.35,75.885,77.16,7970114.0
1765324800,77.16,80.95,77.1,80.8,14421300.0
1765411200,80.33,81.22,80.3,80.85,9686821.0
1765497600,80.86,81.545,80.64,80.89,9649496.0
1765756800,80.65,82.02,80.5778,81.98,14362220.0
1765843200,82.07,83.04,81.18,81.76,10732570.0
1765929600,81.18,81.49,80.385,80.51,8864282.0
1766016000,80.5,81.98,80.39,81.17,9086565.0
1766102400,81.09,82.685,81.09,82.35,23751050.0
1766361600,82.6,83.68,82.5812,83.03,9119903.0
1766448000,82.73,83.43,82.66,82.75,4819949.0
1766534400,82.75,83.15,82.6,82.88,2370122.0
1766707200,82.8,83.08,82.56,83.06,3412031.0
1766966400,83.07,83.36,82.5,82.93,4759435.0
1767052800,83.17,83.21,82.175,82.33,3240511.0
1767139200,82.25,82.27,81.25,81.32,4483839.0
1767312000,81.41,81.485,79.56,80.98,7469184.0
1767571200,80.54,83.38,79.97,83.15,10468370.0
1767657600,82.7,82.8,81.18,82.18,7972856.0
1767744000,82.1,82.7,81.59,81.91,6362021.0
1767830400,82.8,85.18,82.43,85.13,11643380.0
1767916800,83.51,84.41,81.0,82.87,12142890.0
1768176000,82.2,82.9,81.06,82.9,7376393.0
1768262400,82.97,83.86,82.62,83.24,6022818.0
1768348800,83.0,83.69,80.95,81.23,7550036.0
1768435200,81.865,82.16,80.615,80.91,6416751.0
1768521600,81.0,81.64,80.23,80.82,9838714.0
1768867200,79.75,79.99,77.35,77.81,12071690.0
1768953600,79.26,81.26,79.03,80.93,8215394.0
1769040000,81.21,82.28,80.76,81.14,6789311.0
1769126400,80.67,80.75,79.23,79.68,6865566.0
1769385600,79.25,80.615,79.17,79.43,10939170.0
1769472000,83.63,87.31,82.41,86.38,23631950.0
1769558400,86.07,86.07,84.43,84.9,10072750.0
1769644800,86.19,86.62,85.14,86.26,9696216.0
1769731200,86.01,86.425,83.41,84.0,7767165.0
1769990400,84.25,84.53,83.1,84.27,6948391.0
1770076800,85.47,86.63,84.88,85.71,6903009.0
1770163200,86.16,87.62,85.32,86.29,8838891.0
1770249600,85.15,85.71,83.27,83.3,9142737.0
1770336000,83.54,84.7002,82.64,84.24,8052663.0
1770595200,82.27,82.4,80.58,80.68,9766829.0
1770681600,81.05,81.5,79.45,80.27,7425800.0
1770768000,80.49,82.0,79.08,79.82,9654393.0
1770854400,80.21,82.17,79.6,79.93,6863418.0
1770940800,80.49,81.51,80.0501,81.08,6314296.0
1771286400,80.94,81.375,79.6,81.22,7953325.0
1771372800,81.95,83.93,81.7,83.67,8426881.0
1771459200,83.25,83.5,81.015,81.47,6062590.0
1771545600,81.195,82.03,80.6,81.51,8602322.0
1771804800,81.07,81.53,78.44,79.66,7490549.0
1771891200,80.01,82.59,79.75,81.29,5814540.0
1771977600,81.44,83.06,81.3715,82.43,9309327.0
1772064000,82.4,82.92,80.005,80.79,6403670.0
1772150400,79.985,80.08,77.8309,78.71,13351410.0
1772409600,77.36,77.76,75.04,77.76,8948936.0
1772496000,75.42,77.435,74.185,77.27,9271765.0
1772582400,78.22,79.335,78.04,78.6,8510629.0
1772668800,78.0,78.17,75.07,76.2,8642908.0
1772755200,74.74,75.22,73.35,75.21,8190952.0
1773014400,73.4,74.7,71.922,74.69,8829631.0
1773100800,74.84,77.2,74.84,74.93,8915571.0
1773187200,75.46,76.58,74.37,74.79,5637485.0
1773273600,73.24,74.02,73.1,73.45,7340971.0
1773360000,73.59,73.94,72.09,72.39,7229709.0
1773619200,73.32,73.85,72.43,72.95,7471711.0
1773705600,73.59,74.57,73.545,74.04,4690135.0
1773792000,73.53,74.81,73.415,73.53,6000865.0
1773878400,72.5,74.4,72.5,73.79,9495200.0
1773964800,73.52,73.9,72.095,72.81,17760030.0
1774224000,74.75,76.85,74.6,75.72,7694773.0
1774310400,74.98,76.87,74.77,76.57,7122238.0
1774396800,77.9,78.29,76.39,76.61,7191117.0
1774483200,75.97,77.17,74.905,75.6,8471308.0
1774569600,75.21,75.26,72.68,72.98,7563228.0
1774828800,73.71,74.23,72.42,72.76,7192312.0
1774915200,74.05,75.09,73.405,74.5,5778164.0
1775001600,75.2,75.87,74.715,75.04,5147737.0
1775088000,73.34,73.68,71.67,72.54,8182839.0
1775433600,72.52,73.63,72.15,73.43,5065011.0
1775520000,72.98,73.18,71.6,72.76,5904623.0
1775606400,76.015,77.06,75.715,76.74,7248762.0
1775692800,75.59,77.31,75.38,76.73,6674994.0
1775779200,77.11,77.47,76.14,76.42,4069756.0
1776038400,75.61,76.86,75.15,76.83,3970207.0
1776124800,78.63,79.86,78.1039,79.46,5859625.0
1776211200,79.54,79.54,77.76,77.78,6475583.0
1776297600,77.59,78.35,77.0111,78.05,5615113.0
1776384000,79.4,82.67,79.4,81.32,7298218.0
1776643200,80.86,81.16,80.325,80.54,3958857.0
1776729600,80.44,81.2,79.0,79.05,5355884.0
1776816000,79.59,79.7956,78.63,79.0,3170214.0
1776902400,78.94,79.1,77.16,78.52,4741572.0
1776988800,78.23,78.52,76.92,78.05,6123356.0
1777248000,76.61,78.83,76.61,77.96,8322669.0
1777334400,78.015,79.4,74.781,78.95,15041660.0
1777420800,78.2,78.31,75.375,76.62,9250171.0
1777507200,77.12,78.075,76.51,76.89,11020600.0
1777593600,77.12,77.5,75.52,75.77,7161856.0
1777852800,75.91,77.01,75.2106,75.7,7765372.0
1777939200,76.27,77.155,76.02,76.15,5115772.0
1778025600,78.2,79.45,77.825,78.7,5434786.0
1778112000,78.82,79.37,78.17,78.41,6735051.0
1778198400,79.13,79.33,78.0691,78.8,2950299.0
1778457600,78.8,79.0,75.1077,75.29,6366860.0
1778544000,75.4,76.89,74.96,76.44,5272620.0
1778630400,76.22,77.66,75.45,75.81,8101646.0
1778716800,75.88,79.27,75.88,77.75,8034977.0
1778803200,76.6,77.16,74.8,74.86,8477520.0
1779062400,74.82,74.98,73.09,73.1,5651726.0
1779148800,72.24,72.88,70.425,72.63,6995574.0
1779235200,73.39,76.16,73.195,76.14,8069084.0
1779321600,75.38,77.37,75.0,77.21,6362611.0
1779408000,78.0,79.85,77.685,78.79,6446196.0
1779753600,79.3,80.17,78.665,79.79,5022274.0
1779840000,80.65,84.52,80.65,84.12,10371320.0
1779926400,83.6,85.19,83.38,84.35,7658798.0
1780012800,84.8,85.01,81.22,83.24,15553450.0
1780272000,83.43,83.44,80.45,82.68,7510593.0
1780358400,82.89,84.205,81.0241,81.73,10550760.0
1780444800,80.71,84.12,80.34,81.7,9719515.0
1780531200,82.06,83.64,81.64,83.22,6859282.0
1780617600,81.97,83.0999,81.4,82.11,7371585.0
1780876800,81.67,84.17,81.51,83.77,8935329.0
1780963200,84.55,85.1,81.6585,83.76,8987035.0
1781049600,83.51,83.7925,79.0,79.4,11366160.0
1781136000,80.04,81.09,79.085,80.85,6020752.0
1781222400,81.72,82.125,80.5,81.5,4953969.0
1781481600,82.64,84.955,82.64,84.07,7893349.0
1781568000,84.65,85.41,82.2201,82.51,7894204.0
1781654400,82.5,83.175,79.155,79.58,11406040.0
1781740800,80.605,80.95,78.94,79.29,18900850.0
1782086400,80.795,83.315,80.07,80.43,10845610.0
1782172800,79.19,80.21,78.6,78.95,7860765.0
1782259200,79.13,80.569,78.94,78.95,9358993.0
1782345600,79.1,80.43,78.39,78.53,8451125.0
1782432000,78.39,79.5,77.805,78.1,12592040.0
1782691200,78.25,78.46,77.055,77.34,7110997.0
1782777600,77.26,77.26,75.9,77.08,7845303.0
1782864000,76.99,77.515,75.2,75.52,7661967.0
1782950400,76.885,77.2,74.22,76.0,6019423.0
1783296000,76.53,78.07,76.1158,77.85,9015736.0
1783382400,77.72,77.72,75.6418,76.03,7825761.0
1783468800,75.215,76.31,74.58,76.24,5273778.0
1783555200,76.37,76.9,75.45,76.65,4202326.0
1783641600,76.89,78.67,76.875,77.85,4783541.0
1783900800,78.05,78.5,76.43,76.72,3253682.0
1783987200,76.78,77.335,75.955,76.87,4962878.0
1784073600,77.24,78.16,76.79,77.64,6293276.0
1784160000,77.5,77.97,76.615,77.72,5396825.0
1784246400,77.14,77.94,75.99,76.07,5828106.0
1784505600,76.99,77.19,75.36,75.8,8809152.0
1784592000,76.09,80.1,74.8,79.52,11919830.0
1784678400,80.5,84.33,80.04,82.13,13059550.0
1784764800,81.36,81.744,79.0,80.67,9512909.0
1784851200,80.54,83.76,80.43,82.64,5605737.0
1785110400,85.0,87.08,84.095,87.04,9871695.0
1785196800,87.605,91.15,87.21,90.3,13382330.0
1785283200,90.7,91.85,89.105,89.4,7982332.0
1785369600,89.74,89.77,86.605,88.4,6229097.0
1785456000,88.85,89.11,87.04,88.86,6677996.0
1785715200,89.51,90.3,87.285,87.68,4813403.0
1785801600,87.41,88.59,86.03,88.31,5329753.0
1785888000,88.46,89.98,88.255,89.16,6860244.0
1785974400,89.16,89.3,86.5,86.94,5431283.0
1786060800,86.89,87.88,86.331,87.58,4024042.0
1786320000,87.42,88.81,86.38,87.96,3446686.0
1786406400,88.13,89.74,87.88,89.35,4792114.0
1786492800,89.12,89.12,86.72,86.76,4832252.0
1786579200,86.85,87.35,86.225,86.39,3541852.0
1786665600,86.82,87.18,86.15,86.77,3493832.0
1786924800,86.25,86.49,84.34,84.37,4734811.0
1787011200,84.86,84.86,83.59,83.71,3725280.0
1787097600,84.48,86.095,84.117,84.96,4730330.0
1787184000,84.2,86.44,83.73,86.15,4918521.0
1787270400,85.79,88.36,85.79,87.93,5274053.0
1787529600,87.94,88.27,85.71,86.98,4747451.0
1787616000,87.01,87.1,85.64,85.81,4853477.0
1787702400,85.98,86.56,84.9154,86.33,5398295.0
1787788800,85.88,87.09,85.88,86.18,7593936.0
1787875200,87.63,88.27,85.64,86.27,7348559.0
1788134400,86.28,87.19,86.005,86.32,8260227.0
1788220800,86.32,87.19,85.22,85.63,5360435.0
1788307200,85.64,86.64,83.95,84.87,5887896.0
1788393600,85.725,87.38,85.1208,87.22,5216174.0
1788480000,86.41,87.76,85.685,87.76,5440717.0
1788825600,87.38,87.85,85.31,85.79,6239759.0
1788912000,85.22,86.3,83.76,83.76,7780490.0
1788998400,83.8,86.18,82.8582,86.12,6142806.0
1789084800,87.25,87.77,85.31,85.62,7370109.0
1789344000,85.84,87.39,85.48,87.16,5558164.0
1789430400,87.05,87.65,84.9,85.37,6300089.0
1789516800,85.05,85.35,83.47,84.29,6428913.0
1789603200,86.19,87.86,86.15,86.62,8832813.0
1789689600,86.16,86.4868,81.395,82.2,21148050.0
1789948800,82.375,84.88,82.2,83.95,7936516.0
1790035200,84.85,85.2,82.95,83.45,6232948.0
1790121600,83.05,84.565,82.76,83.77,4730304.0
1790208000,83.355,83.7,80.04,80.57,7936246.0
