timestamp,open,high,low,close,volume
1474848000,106.21458266224538,107.22865122087765,105.89521532233753,106.3981293656604,1303229.0
1474934400,106.15032660092157,106.86611950389734,105.73737104345206,106.64588307997072,1844256.0
1475020800,106.88451341458163,107.60947874768529,106.32470087420869,107.51770539597777,1663272.0
1475107200,108.03160673528272,108.03160673528272,106.58162701864691,106.6275382197149,936534.0
1475193600,107.04049377718445,107.37089746350286,106.4990751474958,106.99463162654494,1917965.0
1475452800,106.99463162654494,107.43809655053616,106.64352865940313,107.2163395633263,1098496.0
1475539200,107.14242056758968,107.15169109857456,105.85823129925498,106.13541527066018,1261088.0
1475625600,106.33868024632875,107.00385310710134,106.33868024632875,106.4864691873735,1061462.0
1475712000,106.54189617156884,107.06855062228156,106.24626923905086,106.80985866241764,1623373.0
1475798400,98.87369553421472,99.37258744240128,97.23614697902761,98.7997765384781,10213685.0
1476057600,99.10467400198097,99.74213337065588,98.12538219714914,98.67043055854614,4209017.0
1476144000,98.32859812238922,98.32859812238922,97.2476738297231,97.72807372636838,4171214.0
1476230400,97.77427923000732,99.54813892597218,97.68191727315792,99.2525119934542,3617174.0
1476316800,98.6981931010723,100.40735528185694,98.4395011412084,100.01931734206107,2539591.0
1476403200,101.61762555445502,101.69154455019164,100.28723078248137,100.70298221437493,2651539.0
1476662400,100.57363623444296,101.07252814262952,99.74213337065588,99.8160523663925,1810775.0
1476748800,100.85082020584815,100.86004168640456,99.51120395331812,99.65899289436287,1629396.0
1476835200,99.78833887429482,100.38886327031567,99.23401998191292,100.02853882261746,1561876.0
1476921600,99.85303638947505,100.31494427457905,99.52042543387451,99.90846337367039,2039585.0
1477008000,99.74213337065588,101.25730110675681,99.32643098919083,100.66604724172086,1681652.0
1477267200,101.10024163472718,101.73775005383058,100.52743073080401,100.94318216269757,1724975.0
1477353600,101.16493914990741,101.1741606304638,100.34260871624822,100.76767972955514,1766426.0
1477440000,100.57363623444296,101.39591761767366,100.27800930192498,101.10024163472718,1066841.0
1477526400,101.40513909823005,101.52526359760562,100.16715533353431,100.5459227423453,1455417.0
1477612800,101.07252814262952,102.43524714697902,100.63833374962319,101.46983661341028,1439328.0
1477872000,101.58991206235736,101.78395555746954,101.18804190172689,101.33122010249343,1271180.0
1477958400,101.50677158606435,101.80239851858232,100.5459227423453,100.84159872529176,1465607.0
1478044800,101.06330666207313,101.06330666207313,99.78833887429482,100.20409030618836,2316262.0
1478131200,100.47200374660868,100.53209052151071,99.78833887429482,100.10245781835408,1864238.0
1478217600,100.22258231772965,100.88775517850222,99.78833887429482,100.01009586150468,1570143.0
1478476800,101.46983661341028,102.86487985013565,101.11873364626847,102.78173937384264,2334735.0
1478563200,102.5507609060764,103.02193932216528,102.09807450152879,102.19965793893459,1640815.0
1478649600,102.59696640971535,104.52783652728134,101.37742560613238,103.80723668231343,2283732.0
1478736000,104.50012303518368,105.78431230351836,104.23220959476336,104.57404203092028,3275329.0
1478822400,104.50012303518368,104.86971801386676,104.15829059902674,104.62946901511563,1646369.0
1479081600,104.97130145127255,105.65501537401491,104.25070160630464,104.43547457043194,1338459.0
1479168000,104.45396658197322,104.80502049868653,103.5577662030059,104.50939356616855,1394322.0
1479254400,103.90886917014771,104.24143107531975,103.35455027776582,103.72409620602042,1236182.0
1479340800,104.0197231385384,104.75881499504759,103.87718259334223,104.49090155462727,1097508.0
1479427200,104.3800475862366,104.39849054734938,103.3729932388786,103.5577662030059,1439546.0
1479686400,103.69638271392274,103.91764919684768,103.27136075104431,103.66866922182507,1261627.0
1479772800,103.96429615434306,104.17678261056803,103.56703673399079,103.95507467378665,1076223.0
1479859200,104.18600409112442,105.28542039533181,104.18600409112442,105.16534494638474,1315146.0
1480032000,105.24848542267775,105.65501537401491,104.87893949442315,105.479463890444,415638.0
1480291200,105.47019335945912,105.49795590198528,104.71265854183713,105.18383695792602,1307560.0
1480377600,104.82351251022781,105.77509082296197,104.66645303819818,104.71265854183713,1667226.0
1480464000,105.07293393910685,106.00606929072822,104.65718250721329,105.26697743421903,2948407.0
1480550400,104.62024753455924,105.36860992205331,104.22298811420697,105.0175069549115,1903771.0
1480636800,105.28542039533181,105.32240441841437,103.63168519874252,103.89037715860644,1768498.0
1480896000,104.30612859049998,105.13763145428707,104.13057710692907,104.2876365789587,1513135.0
1480982400,104.71265854183713,105.0082854743551,104.08437160329012,104.46318806252961,1272778.0
1481068800,104.7403720339348,107.91849644718143,104.22298811420697,107.64131247577623,3728357.0
1481155200,107.4842530037466,108.2233939106843,106.08920976702123,106.8467936350717,2605986.0
1481241600,106.3941072305241,107.56744253046811,106.27398273114854,107.38266956634081,1457669.0
1481500800,107.53972903837044,108.47281533956333,106.87450712716937,108.47281533956333,2849042.0
1481587200,108.6760803152319,109.38745867964343,108.37118285172903,109.10105322768185,2100477.0
1481673600,108.8700747599156,109.590723655312,107.42882601955127,107.64131247577623,2077241.0
1481760000,107.45653951164894,108.54673433529994,107.30875057060419,107.4842530037466,1992207.0
1481846400,104.98979346281384,108.62987481159296,104.95285849015977,107.52123702682917,3816950.0
1482105600,108.09404793075234,109.07333973558417,107.90927496662503,108.36196137117264,1798017.0
1482192000,108.50979936264588,109.09644248740364,108.37118285172903,108.74999931096852,1360018.0
1482278400,108.62987481159296,108.92555079453942,108.02935041557211,108.27882089487963,1375480.0
1482364800,108.4081668748116,108.55595581585634,107.73372348305413,108.02012893501572,1620677.0
1482451200,108.38045338271392,108.50979936264588,107.83766134102751,108.08477739976745,713110.0
1482796800,108.10326941130873,108.60216131949528,107.90927496662503,108.12176142285,573470.0
1482883200,108.26032888333836,108.43126962663106,106.89299913871065,106.9392046423496,1284797.0
1482969600,107.28103707850653,107.70600999095646,106.98536109556005,107.17013405968736,833653.0
1483056000,107.35495607424315,107.35495607424315,106.63430717884674,107.031566599199,1142776.0
1483401600,107.7522154945954,108.00163692347444,106.7636531587787,107.33646406270186,1512705.0
1483488000,107.7614369751518,108.06633443865466,107.19789660221352,107.63209099521984,1470811.0
1483574400,107.65980448731752,108.51902084320227,107.37339903535593,107.87229094354248,1325529.0
1483660800,108.03862094655699,109.66925339132682,107.64131247577623,109.507583179019,1805652.0
1483920000,109.26738323069635,109.37823719908704,108.60216131949528,108.60216131949528,1931564.0
1484006400,108.3988963438267,109.42444270272598,107.98319396236165,108.87934529090047,1876244.0
1484092800,108.59293983893889,109.1287667197795,108.21412337969942,109.02713423194523,1443534.0
1484179200,109.02713423194523,109.02713423194523,107.78002708755007,108.6760803152319,1580765.0
1484265600,108.71301528788597,109.30431820335042,108.65758830369063,109.08261026656905,1494189.0
1484611200,108.4820858705482,109.08952637698636,108.10326941130873,108.3065343869773,1680458.0
1484697600,108.57444782739762,109.29509672279403,108.28804237543602,109.07333973558417,1152950.0
1484784000,109.32281021489169,109.71084815468757,108.38045338271392,108.93477227509582,1206576.0
1484870400,109.42444270272598,109.42444270272598,108.20490189914301,108.85163179880281,1471573.0
1485129600,108.91628026355454,109.24889121915507,108.07555591921106,108.47281533956333,1136568.0
1485216000,108.68530179578829,109.09183174712544,108.34346935963137,108.98097777873477,1275057.0
1485302400,109.26738323069635,109.62677572025322,108.75461005124671,108.90705878299815,2145706.0
1485388800,108.99942073984755,109.11493449894492,108.35273989061625,108.99019925929116,3089346.0
1485475200,109.61843714740967,110.04341005985961,108.20490189914301,109.4059506911847,1936924.0
1485734400,109.10105322768185,110.05268059084449,108.79620481460746,110.04341005985961,1579987.0
1485820800,109.92333461091253,110.15431307867878,108.43588036690926,109.31353968390681,2121893.0
1485907200,109.67386413160501,109.87712910727359,108.500528831661,109.01791275138883,1199791.0
1485993600,108.62987481159296,109.1380372507644,108.21412337969942,109.00869127083243,1106911.0
1486080000,109.4983126480341,110.27438852762586,108.93477227509582,110.11732905559623,1430158.0
1486339200,109.96949106412299,110.48687498385083,109.81243159209336,110.25589651608458,1503004.0
1486425600,110.57001546014384,111.01348038413505,110.3298155118212,110.60699948322639,1274425.0
1486512000,110.51458847594849,110.8656914430903,110.2281830239869,110.61622096378278,912056.0
1486598400,110.57928599112871,111.76184277162912,110.53308048748977,111.47543731966753,1092378.0
1486684800,111.59090202833642,112.71342108436329,111.54935631540415,112.57485362387494,1795165.0
1486944000,112.92595659101676,114.38564829249385,112.80583209164118,114.21014585935144,2212685.0
1487030400,114.09924284053227,114.5242648034107,113.76668093536023,114.21014585935144,1555674.0
1487116800,113.96989686060031,114.99544321949959,113.7943944274579,114.81989173592868,1610234.0
1487203200,114.83838374746996,114.96772972740192,113.91446987640498,114.709037767538,2154428.0
1487289600,114.48728078032815,115.0785836957926,113.93296188794625,115.0785836957926,1359352.0
1487635200,115.30029163257396,115.48506459670126,114.74597274019206,115.21715115628095,1184553.0
1487721600,114.57042125662116,115.55206748202059,114.11773485207355,115.52204861978382,1600518.0
1487808000,115.48506459670126,115.87310253649713,114.60279453942552,115.31878364411524,1496102.0
1487894400,114.78295676327461,115.51277808879892,114.21014585935144,115.51277808879892,1262054.0
1488153600,115.11551866844665,115.57747560397915,114.78295676327461,115.38343210886697,2043301.0
1488240000,115.48506459670126,116.15028650790232,114.79217824383102,115.02315671159725,1451410.0
1488326400,115.8176755523018,117.71165974764222,115.8176755523018,117.56382175616898,1984924.0
1488412800,117.11113535162137,117.65618371301838,116.24264846475172,116.71382688084061,1506766.0
1488499200,116.67689190818655,116.99101085224581,116.14101597691744,116.60297291244993,976707.0
1488758400,115.58669708453554,116.92631333706558,115.50355660824253,116.48289746350287,1511479.0
1488844800,116.38126497566857,116.78544050643814,116.02094052797037,116.64917841608889,1026423.0
1488931200,116.78774587657723,117.52683773308642,116.42742142887903,116.95407587959174,1560063.0
1489017600,116.9078703759528,117.54532974462771,116.1687785194436,116.58448090090866,1239742.0
1489104000,117.44369725679341,117.66545424400327,116.86166487231385,117.3697782610568,1343256.0
1489363200,117.44369725679341,117.65618371301838,116.86166487231385,117.08337280909521,1321661.0
1489449600,115.52204861978382,116.95407587959174,114.67205374445544,116.14101597691744,987562.0
1489536000,116.71382688084061,117.81324318504801,116.40897846776625,117.30512979630507,1799140.0
1489622400,117.77630821239394,117.77630821239394,116.61219439300632,116.74154037293829,1371373.0
1489708800,117.19427582791438,117.62847022092072,116.68611338874294,117.48068127987597,1917917.0
1489968000,117.33284328840273,117.48990276043236,116.69538391972783,116.87088635287024,1015392.0
1490054400,117.38827027259808,117.61002725980792,115.86388105594074,116.09485952370699,1180344.0
1490140800,116.28885396839068,116.3535514835709,115.05087020369493,115.94702153223375,1050193.0
1490227200,116.04865402006804,116.39048645622496,115.60518909607683,115.96551354377503,883766.0
1490313600,116.03016200852676,116.43669195986391,114.82249140863873,115.27257814047628,1111172.0
1490572800,114.3487133198398,115.32800512467163,113.68349140863873,115.02315671159725,1664161.0
1490659200,114.75519422074845,116.22420550363894,114.13622686361482,115.74375655656517,986897.0
1490745600,115.4481296240472,115.92852952069246,115.27257814047628,115.76224856810646,770674.0
1490832000,115.60518909607683,116.15303333189786,115.47584311614486,115.86388105594074,890243.0
1490918400,115.58669708453554,115.99322703587269,115.20792967572456,115.36498914775419,1334300.0
1491177600,115.23564316782223,115.69755105292623,113.90524839584859,114.86609723956762,1452096.0
1491264000,114.99544321949959,115.24486464837862,114.42263231557641,114.72748072865079,888838.0
1491350400,115.05087020369493,115.59586951466345,114.09924284053227,114.1639403557125,1290739.0
1491436800,114.32099982774213,114.86609723956762,113.95145389948753,114.40414030403514,1036445.0
1491523200,114.5334862839671,114.99544321949959,114.18243236725378,114.81067025537229,931849.0
1491782400,114.80139972438741,115.64212406873088,114.77368623228973,114.9861726885147,1131051.0
1491868800,114.95845919641704,115.29107015201757,114.20087532836656,115.06009168425132,953621.0
1491955200,115.170945652642,115.26335665991989,113.6096214633306,113.77590241591662,1360262.0
1492041600,113.57263744024804,114.08079987941949,113.16615653933938,113.17537801989577,838800.0
1492387200,113.63733495542827,114.03459437578054,113.08483092890057,114.03459437578054,928704.0
1492473600,113.82210791955558,114.27479432410318,113.35092950346669,113.71125395116489,833068.0
1492560000,114.37642681193746,114.37642681193746,113.30472399982774,113.39713500710563,919917.0
1492646400,114.05308638732181,115.11551866844665,113.66504844752595,114.3487133198398,1987432.0
1492732800,117.40676228413935,118.53389208044442,116.50134042461565,117.40676228413935,3140784.0
1492992000,118.58009758408336,120.78815167305456,118.58009758408336,119.910492356057,2820267.0
1493078400,120.06755182808664,121.34247056543647,118.89421652814262,119.45775690108091,3233409.0
1493164800,119.50396240471986,120.87129214934758,119.30996796003618,120.1968978080186,2345437.0
1493251200,120.41860574479996,120.57566521682959,119.57788140045648,119.99363283235002,1667781.0
1493337600,124.49293053701392,124.72390900478017,120.97292463718186,121.15769760130917,2989736.0
1493596800,121.05606511347487,121.85063300460789,120.5664437362732,120.9359896645278,1582153.0
1493683200,120.77893019249817,121.55495702166144,120.76043818095688,121.2039031049481,1966852.0
1493769600,120.57566521682959,121.51802204900737,120.22461130011627,121.09304913655743,2248461.0
1493856000,121.296314112226,121.41609525860213,120.70501119676155,121.2131245855045,1413661.0
1493942400,121.28704358124112,121.72128702467593,120.79737315361096,121.40716808061667,2216793.0
1494201600,121.46259506481202,121.46259506481202,120.86207066879118,121.14847612075276,1170085.0
1494288000,121.22239511648938,122.05389798027646,121.0191301408208,121.86907596572068,1458437.0
1494374400,121.69357353257826,122.00769247663752,121.22239511648938,121.71201649369107,1213169.0
1494460800,121.84136247362302,122.41417337754619,120.82513569613711,121.85985448516429,1039602.0
1494547200,121.68430300159339,121.74900051677362,121.27782210068472,121.48108707635329,1083704.0
1494806400,121.5642275526463,122.01691395719392,121.36096257697774,121.93377348090091,1079588.0
1494892800,121.93377348090091,122.18319490977994,121.39789754963181,121.96148697299859,940692.0
1494979200,120.77893019249817,121.07455712501616,119.97514082080875,120.04905981654537,1566368.0
1495065600,119.9197138366134,121.1946816243917,119.1806219801042,120.49252474053658,1196899.0
1495152000,121.37018405753413,121.96148697299859,120.75121670040049,121.39789754963181,1240605.0
1495411200,122.22940041341889,122.3033194091555,121.46534188880754,121.80442750096896,1091846.0
1495497600,121.70279501313468,122.3033194091555,121.35174109642134,121.81364898152535,1145517.0
1495584000,122.19246544076483,122.57123284957582,121.70740575341287,122.08161147237414,1085038.0
1495670400,122.7744978252444,123.73534666896344,122.10005443348693,123.56901666594894,1251127.0
1495756800,123.52286021273848,123.91089815253434,122.72829232160545,123.10710878084492,1346161.0
1496102400,122.5989463416735,123.07939528874726,122.53429787692176,122.81143279789846,1349315.0
1496188800,123.31037375651351,123.3195952370699,122.83919534042462,122.8669088325223,1088974.0
1496275200,123.39351423280652,123.66834378364412,122.70984936049267,123.29188174497223,1148466.0
1496361600,123.45816269755825,124.35431402609707,123.2318440204987,123.82770862581285,1316260.0
1496620800,123.73534666896344,123.93861164463202,123.31037375651351,123.3288167176263,1242321.0
1496707200,123.28266026441584,123.4951467206408,122.5897248611171,122.63593036475605,989841.0
1496793600,122.74678433314672,123.19024925713794,122.4479200723483,122.61743835321477,1037837.0
1496880000,122.25711390551656,123.42122772490418,122.09083295293054,123.38424370182163,1283152.0
1496966400,123.4119571939193,123.87391412945179,122.82992480943973,123.60600068903149,1161130.0
1497225600,123.18102777658154,124.02175212092503,122.50751634296542,123.11633026140132,1115404.0
1497312000,123.57828719693381,124.18803307351105,123.20874126867922,124.16031958141338,1347139.0
1497398400,124.2250170965936,124.58529249386332,123.64293566168554,124.02175212092503,1044774.0
1497484800,123.19947073769433,124.36358455708195,123.19947073769433,124.23423857715,1409041.0
1497571200,124.40979006072091,125.02875741785454,124.02175212092503,124.38207656862323,1723713.0
1497830400,124.95483842211792,125.55536281813876,124.73313048533656,125.49993583394341,1412776.0
1497916800,124.94561694156152,125.13038990568882,124.48366000602903,124.64071947805866,965050.0
1498003200,124.76084397743422,124.89018995736618,123.71685465742216,124.03097360148142,1217545.0
1498089600,124.36358455708195,124.36358455708195,123.52286021273848,123.8646926488954,844815.0
1498176000,123.83697915679774,124.04019508203781,123.47665470909953,123.79077365315878,3158233.0
1498435200,124.16954106196977,124.73313048533656,123.85542211791052,124.04019508203781,627847.0
1498521600,124.15109810085698,124.26195206924767,122.7468824340037,122.81143279789846,972174.0
1498608000,123.99403862882735,124.15109810085698,123.33808724861117,123.77228164161751,1205287.0
1498694400,123.77228164161751,123.93861164463202,121.41638956117308,122.24789242496017,916731.0
1498780800,123.26416825287455,123.67991968476811,122.5897248611171,123.14404375349899,883970.0
1499040000,123.73534666896344,124.20652508505233,123.36580074070885,123.53208169329487,452006.0
1499212800,123.43044920546058,123.80926566470006,123.10710878084492,123.61522216958788,935619.0
1499299200,123.17175724559667,123.90162762154947,123.06090327720598,123.21796274923561,715285.0
1499385600,123.52286021273848,124.39129804917962,123.34730872916757,123.91089815253434,831346.0
1499644800,123.87391412945179,125.21353038198183,123.63371418112915,124.43750355281857,1025661.0
1499731200,124.63149799750227,124.63149799750227,123.3288167176263,124.00326010938375,971101.0
1499817600,124.64999000904355,124.94561694156152,124.26195206924767,124.5113734981267,846214.0
1499904000,124.57607101330693,125.22280091296672,124.40051952973602,125.02875741785454,1222772.0
1499990400,125.19508742086904,125.58307631023642,124.84398445372723,125.49071435338702,884873.0
1500249600,125.57385482968003,125.57385482968003,124.72390900478017,124.9641089531028,714227.0
1500336000,124.81627096162957,125.03802794883941,124.50215201757031,124.89941143792258,843213.0
1500422400,125.18581688988417,125.80483329744627,125.00104392575686,125.78634128590501,1024426.0
1500508800,125.81405477800266,126.02654123422762,124.5945630248482,124.67770350114121,1462149.0
1500595200,123.52286021273848,126.95967658584901,123.52286021273848,125.97111425003229,1773986.0
1500854400,126.38686568192583,127.43085500193789,126.33143869773049,127.22759002626931,1934348.0
1500940800,127.49555251711813,127.49555251711813,126.12817372206192,126.80261711381938,1536823.0
1501027200,126.86731462899962,128.13301188579302,126.44229266612118,127.94823892166572,1340120.0
1501113600,127.81889294173378,128.14223336634942,125.97111425003229,126.55319568494036,1835168.0
1501200000,126.55319568494036,126.83033060591706,125.82332530898756,126.37764420136943,923384.0
1501459200,126.95967658584901,127.58791447396752,125.66626583695793,125.75862779380732,1928779.0
1501545600,125.97111425003229,126.62245488997027,125.48149287283063,126.58090917703802,1434647.0
1501632000,126.90424960165366,128.31778484992032,126.44229266612118,128.16072537789069,2401440.0
1501718400,128.03137939795874,128.93680125748244,127.5093847379527,128.93680125748244,1277643.0
1501804800,128.93680125748244,129.40797967357133,128.5302713061453,129.38026618147367,1747354.0
1502064000,129.5373256535033,129.5373256535033,127.44007648249428,128.38243331467206,1771069.0
1502150400,128.27157934628138,129.01072025321906,127.95746040222211,128.11451987425176,1033859.0
1502236800,128.31778484992032,128.7058227897162,127.68032548124542,128.4194173377546,978804.0
1502323200,127.80040093019248,127.94362818138754,126.6086226691357,126.79339563326299,1530102.0
1502409600,126.41457917402352,127.09824404633737,126.17437922570086,126.19287123724216,1173554.0
1502668800,126.71025515696999,128.12379040523663,126.57163864605315,127.74497394599715,1159033.0
1502755200,127.8835414064855,128.0868063821541,126.82110912536066,126.95967658584901,865745.0
1502841600,126.85804409801472,128.00366590586106,126.73796864906764,127.56942246242626,1000921.0
1502928000,127.16294156151758,127.38464949829894,125.5092063649283,125.5092063649283,1510288.0
1503014400,125.39830334610913,125.55536281813876,124.57607101330693,124.67770350114121,1488776.0
1503273600,124.66843297015633,125.43528736919168,124.26195206924767,125.25051440506438,746878.0
1503360000,125.65699530597303,126.71947663752638,125.54614133758237,126.47927668920373,837928.0
1503446400,126.06352525731019,126.59013065759441,125.79561181688987,126.02654123422762,624576.0
1503532800,126.22980620989621,126.61784414969209,125.81866551828087,126.14666573360321,960222.0
1503619200,126.86731462899962,127.18604431333705,126.38686568192583,126.40535769346712,997216.0
1503878400,126.70098462598509,127.00588208948795,126.18360070625725,126.45156319710607,757982.0
1503964800,125.8602602816416,127.23686055725422,125.66626583695793,127.1537200809612,849725.0
1504051200,127.1537200809612,127.6156279660652,126.64555764178975,127.53248748977218,889950.0
1504137600,127.87431992592911,128.01288738641745,127.11673605787864,127.74497394599715,1492653.0
1504224000,127.76346595753844,127.9851738943198,127.1537200809612,127.1537200809612,879569.0
1504569600,126.93196309375135,127.13522806941992,125.80483329744627,126.11895224150553,1425431.0
1504656000,126.78412510227811,126.78412510227811,125.80483329744627,126.1558872141596,1219872.0
1504742400,126.03581176521253,126.95967658584901,125.94340075793463,126.64555764178975,1230189.0
1504828800,126.41457917402352,127.57869299341112,126.26679023297876,127.09824404633737,1464964.0
1505088000,127.8835414064855,129.1492877137074,127.8835414064855,128.4194173377546,1166645.0
1505174400,128.36399035355927,128.48406580250634,127.82026635373153,128.12379040523663,801660.0
1505260800,128.01288738641745,128.21615236208604,127.27840627018647,127.40314150984024,1021782.0
1505347200,127.27379552990826,127.27379552990826,126.44229266612118,126.76568214116533,1711173.0
1505433600,127.37542801774255,128.87573347401062,127.14444954997631,128.37321183411566,2290733.0
1505692800,128.69655225873132,128.73353628181385,126.83955208647346,127.19065505361526,1439638.0
1505779200,127.38464949829894,127.56942246242626,126.73796864906764,127.26457404935186,1710707.0
1505865600,127.55097950131346,128.25313638516857,127.3292225141036,128.13301188579302,1533610.0
1505952000,128.30856336936392,130.57665518280868,128.24386585418372,130.13785004952413,1952102.0
1506038400,129.90687158175788,131.2464878342879,129.81446057448,130.96008238232633,1458358.0
1506297600,130.96008238232633,131.10792037379957,129.7867470823823,130.09164454588517,1471804.0
1506384000,130.32262301365145,130.64596343826707,129.48189866930795,129.56503914560096,1180734.0
1506470400,129.85144459756256,129.88190491365575,128.86288226174582,128.94602273803883,1513805.0
1506556800,128.89981723439988,129.87915808966022,128.68733077817492,129.87915808966022,1041262.0
1506643200,129.13079570216615,130.9785743938676,128.6041903018819,130.95086090176994,1831086.0
1506902400,131.01550936652168,131.80978295508376,130.95086090176994,131.80080672666983,1259156.0
1506988800,131.83779074975237,132.25349313121743,131.40354730631753,131.81007725765468,1120434.0
1507075200,131.994850221782,132.17035265492441,131.2742013263856,131.69917423883552,893372.0
1507161600,132.06872016709013,132.8078610740278,131.57909878988846,132.1796231859093,1122771.0
1507248000,131.93937418715817,132.7247205977348,131.79158524611344,132.68773657465226,1081557.0
1507507200,134.11976383446017,134.23983928340726,132.45518849317426,132.66924456311096,1211532.0
1507593600,133.04806102235045,133.22361250592135,129.5280551225184,132.40133112269066,2048364.0
1507680000,132.21655815856337,132.79859054304293,131.5328932862495,131.85623371086515,1614304.0
1507766400,131.8285202187675,132.50296361052494,131.8285202187675,132.29047715429996,1521826.0
1507852800,133.35295848585332,133.546952930537,132.3643961500366,132.45675810688599,1077052.0
1508112000,132.45675810688599,132.92793652297487,132.12419620171394,132.8078610740278,1000769.0
1508198400,132.57688260626156,132.93720705395978,131.66223926618147,132.51218509108134,1018272.0
1508284800,132.47525011842728,132.77087705094524,132.20733667800698,132.52145562206624,866832.0
1508371200,132.49374212996855,132.88178006976443,131.76387175401575,132.68773657465226,1309076.0
1508457600,134.0920503423625,134.84870225227164,132.4660286378709,134.28604478704622,1635982.0
1508716800,134.90506119460832,135.33925558761467,134.2768233064898,134.81265018733043,1445933.0
1508803200,135.43166659489256,135.81043400370356,134.77571521467638,134.99742315145772,1652226.0
1508889600,135.31154209551698,135.34852611859955,134.28604478704622,134.87734770251066,1388959.0
1508976000,135.34852611859955,135.34852611859955,134.13825584600147,134.7387802420223,1072985.0
1509062400,134.7572232031351,135.25611511132163,134.45237479006073,135.07134214719437,934729.0
1509321600,134.59094225054906,134.65559071530083,133.52846091899573,133.63009340683,902780.0
1509408000,133.3621799664097,134.0273528271823,133.12198001808707,133.18662848283878,1219025.0
1509494400,133.58388790319108,134.13825584600147,133.25132599801904,133.89800684725034,1080632.0
1509580800,133.70401240256663,134.34147177124157,132.9094935618621,134.34147177124157,970757.0
1509667200,134.33225029068515,134.3968987554369,133.75943938676198,133.93499087033288,711917.0
1509926400,134.41539076697816,134.9419961672624,134.0966610826407,134.51702325481244,1019443.0
1510012800,134.71101769949615,135.8520287670643,134.61865574264675,135.78272051160587,1306965.0
1510099200,135.63493157056115,136.28161241979245,135.38546109125363,135.68113707420005,1257359.0
1510185600,135.13603966237457,135.3023206149606,133.61160139528877,134.3691852633392,1177016.0
1510272000,133.8148663709573,135.4686015675466,133.40838547004867,134.65559071530083,1452683.0
1510531200,134.58172076999267,135.8002805650058,134.1936828301968,135.5517910942681,1007086.0
1510617600,134.97898019034494,136.36480194651395,134.65559071530083,136.10610998665004,1155711.0
1510704000,135.51480707118557,136.20774247448432,135.08061267817922,135.228401619224,1260544.0
1510790400,135.18219611558504,135.98598548727446,134.89583971405193,135.69958003531286,1104543.0
1510876800,135.23767215020885,135.8095510959907,135.07134214719437,135.33925558761467,818680.0
1511136000,135.27460712286293,137.01148279574525,135.27460712286293,136.6789208905732,1777129.0
1511222400,136.96532634253478,138.28645058352353,136.96532634253478,137.98155312002066,1514125.0
1511308800,138.11089909995263,138.4065750828991,137.45494771973645,137.64899121484862,907723.0
1511481600,138.00004513156196,138.97938598682228,137.92151539554715,138.26795857198226,598128.0
1511740800,138.4989370397485,139.5983533439559,138.31416407562122,138.97938598682228,1142234.0
1511827200,139.57063985185823,141.47384552775503,139.5244343482193,141.13201309159814,1828073.0
1511913600,141.39992653201844,141.87110494810733,140.7901806554412,141.57547801558934,1673087.0
1512000000,142.21293738426425,144.77209444037723,141.75102949916024,144.0884295680634,2840113.0
1512086400,143.84822961974075,144.38405650058138,141.2428670599888,142.6471808276991,1506737.0
1512345600,143.95908358813145,144.30091602428834,142.0651484432195,142.0651484432195,1625190.0
1512432000,142.11130489642994,143.03521876749494,141.37221303992075,141.40919706300332,1290530.0
1512518400,141.62168351922827,142.03743495112184,141.17821859523707,141.35372102837948,1448210.0
1512604800,141.35372102837948,142.08359140433228,141.19666155634985,141.61241298824342,1022423.0
1512691200,142.19449442315147,142.37926738727876,141.4184185435597,141.96351595538522,741217.0
1512950400,141.9542454244003,142.20371590370786,141.29829404418416,141.54776452349168,1811147.0
1513036800,141.73253748761897,142.85044580336765,141.35372102837948,142.03743495112184,1478733.0
1513123200,141.76947246027305,144.6150349683476,141.46462404719864,143.94059157659015,2531958.0
1513209600,144.03300258386804,144.52267301149823,141.50832797898454,141.56625653503295,1570831.0
1513296000,142.4346943714741,142.86888876448043,141.8895969596486,142.5086133672107,2146916.0
1513555200,143.20149972008096,143.4875127686146,142.27763489944448,142.82273231126996,1787557.0
1513641600,143.34006718056932,143.58953765987684,142.29607786055726,142.37926738727876,2125507.0
1513728000,143.1460727358856,143.3770512036519,142.36999685629388,142.95207829120193,1736205.0
1513814400,143.33084570001293,143.45097019938848,141.81567796391198,142.01894293958057,2429135.0
1513900800,142.47162934412816,142.54554833986478,141.47384552775503,141.8064564833556,1075935.0
1514246400,141.76947246027305,142.6773958916498,141.76947246027305,142.05587791223462,703993.0
1514332800,142.30534839154214,142.36538611601569,141.64939701132596,142.23142939580552,882034.0
1514419200,142.28685638000087,142.63795934714267,141.93580246328753,142.39771034839154,827046.0
1514505600,142.6194673356014,142.9425625080746,141.68633198398,141.68633198398,834656.0
1514851200,142.11130489642994,142.27763489944448,141.08673954610052,142.00967240859566,1431739.0
1514937600,141.26135907153008,141.90808897118987,140.2450832436157,140.83638615908015,3168573.0
1515024000,141.17821859523707,142.73954278454846,141.08580758795918,142.73954278454846,2248221.0
1515110400,143.1830077085397,144.3563430084837,142.74881331553337,143.73737565135008,1239480.0
1515369600,144.12536454071747,144.25446526850695,142.49012135566946,142.96129977175832,1369874.0
1515456000,143.21072120063735,144.83816536755523,143.02594823651006,144.13463507170232,1695193.0
1515542400,144.2824240127471,145.16013238017314,143.21999173162226,145.13241888807545,1281284.0
1515628800,145.16013238017314,145.97314323241892,145.05849989233883,145.89922423668233,1163526.0
1515715200,146.50901916368804,147.34974350803154,145.78837026829163,146.96170556823563,1171855.0
1516060800,147.02635403298737,147.68230541320358,145.30797037164638,145.87151074458464,1655858.0
1516147200,145.68673778045735,146.85085159984496,145.46591275138883,146.3519596916584,1578295.0
1516233600,146.80464609620603,147.49753244907626,145.76065677619397,145.76987825675036,1327894.0
1516320000,146.3519596916584,146.61987313207874,145.60359730416434,146.61060260109383,1876365.0
1516579200,146.61987313207874,146.86929456095774,145.9823647129753,146.4720351406055,1591030.0
1516665600,146.88778657249904,148.13504086817966,146.67530011627406,147.4421054648809,1906818.0
1516752000,148.03340838034538,148.3937328280436,147.01713255243098,147.79320843202274,1326210.0
1516838400,148.3752408165023,149.5670190775591,147.51602446061756,149.52086262434864,2037289.0
1516924800,150.32460294560957,152.53270608500927,148.74478674475688,152.431073597175,2509785.0
1517184000,152.30172761724302,152.56041957710693,149.1143326730115,149.17903018819172,1828241.0
1517270400,148.14426234873608,148.74478674475688,145.9823647129753,146.86929456095774,1940811.0
1517356800,147.81165139313552,148.3105433013221,147.1741920244606,147.51602446061756,1642253.0
1517443200,146.89700805305543,148.569235261186,146.36255458421257,147.49753244907626,1369693.0
1517529600,146.61060260109383,147.36951083071358,144.48568898841566,144.7258889367383,2090549.0
1517788800,143.6172511519745,145.5252637698635,135.80121252314717,138.73913698807115,2841155.0
1517875200,136.43872094225054,140.83172636837344,135.98598548727446,139.8755373153611,2653780.0
1517961600,139.8663158348047,142.76725627664615,139.5152128676629,139.68149382024893,1582562.0
1518048000,139.9586777916541,139.9586777916541,134.62787722320314,134.90506119460832,1672488.0
1518134400,135.82892601524483,137.9446181473666,132.9002230308772,136.64193686749064,2700945.0
1518393600,137.69519671848758,139.16415895094957,135.88435299944015,138.09245613883985,1727739.0
1518480000,137.52886671547307,138.07396412729855,136.82670983161793,137.1962557598725,1406326.0
1518566400,136.55879639119763,139.29350493088154,135.85286262434866,138.93318048318335,1479974.0
1518652800,140.04181826794712,142.15059428965162,139.31194789199432,141.74175896817536,1815975.0
1518739200,141.436910555101,143.22921321217865,141.1597265836958,142.30534839154214,1399282.0
1519084800,141.27058055208647,143.49712665259895,140.94817208561216,142.59175384350374,1856715.0
1519171200,143.1830077085397,144.91993243185047,142.30534839154214,142.32384040308344,2027252.0
1519257600,142.28685638000087,143.01672675595367,141.1597265836958,141.64012648034105,1112218.0
1519344000,142.12979690797124,143.45097019938848,141.92653193230268,143.31235368847163,1582764.0
1519603200,143.73737565135008,144.79058645191853,143.30313220791524,144.58732147624997,1451436.0
1519689600,144.70744597562552,144.99385142758712,142.12979690797124,142.20371590370786,1546002.0
1519776000,142.6471808276991,143.1830077085397,139.48749937556522,139.6076238749408,1762293.0
1519862400,139.81083980018087,139.92174281900006,135.46399082726845,136.00447749881573,2313147.0
1519948800,135.18219611558504,137.46421825072133,135.0066936824426,136.86369385470047,1701804.0
1520208000,136.33708845441626,137.63972068386374,135.36701813014082,137.20552629085742,1699909.0
1520294400,137.99082365100557,138.5082075707334,137.0299748072865,137.96311015890788,1389993.0
1520380800,136.33708845441626,139.82011033116578,136.0321909909134,138.96089397528098,1988742.0
1520467200,139.83855329227856,140.34671573145,138.73913698807115,139.71847784333147,1068738.0
1520553600,140.4390776882994,142.7118292924508,140.06492101976662,142.47162934412816,1442171.0
1520812800,142.66567283924033,142.7026078118944,140.36520774299126,140.64234266396795,1207604.0
1520899200,141.02115912320744,141.92653193230268,139.5799103828431,139.9678992722105,942870.0
1520985600,140.9841751001249,141.02115912320744,138.66526704276302,138.97011545583737,1014189.0
1521072000,139.21031540416004,140.09724525214247,138.69298053486068,139.57063985185823,920709.0
1521158400,139.77390482752682,140.83638615908015,139.77390482752682,140.2265912320744,2164600.0
1521417600,139.57063985185823,139.92174281900006,137.91690465526892,138.76689953059733,1074906.0
1521504000,139.35815339563328,140.3374942508936,138.72991550751476,139.02554244003272,1360543.0
1521590400,139.29350493088154,141.14123457215453,138.63755355066533,139.83855329227856,1294784.0
1521676800,138.21253158778694,138.84076947590543,135.25611511132163,135.69958003531286,1276301.0
1521763200,135.80121252314717,136.85442332371562,132.20733667800698,132.373617630593,1806982.0
1522022400,134.38767727488047,136.1107207269282,133.34368795486841,135.7550070195082,1121955.0
1522108800,136.34630993497265,136.8729153352569,132.6415310710133,133.35295848585332,1540336.0
1522195200,132.94642853451617,134.0089098660695,131.6437472546402,132.3551256190517,2510932.0
1522281600,133.04806102235045,134.7572232031351,132.66095504069594,133.51001795788295,1286572.0
1522627200,132.89100155032082,133.63009340683,129.50034163042073,131.58832027044485,2024744.0
1522713600,132.1149256707291,133.35295848585332,130.84922841393566,133.2790394901167,1602760.0
1522800000,131.02477989750656,134.03196356746048,130.77530941819904,133.8148663709573,1382421.0
1522886400,134.72028823048103,135.7550070195082,134.22139632229445,135.25611511132163,1102220.0
1522972800,134.11976383446017,134.81265018733043,130.71061190301882,131.87472572240642,1433818.0
1523232000,132.41055260324706,134.24910981439214,131.78231471512854,131.95786619869946,975437.0
1523318400,133.98119637397184,135.87513151888376,133.59315843417596,134.54473674691013,1441030.0
1523404800,133.49152594634165,134.62787722320314,132.99297739115457,133.29748245122948,975399.0
1523491200,134.05506631927997,135.9582719951768,134.05506631927997,135.32081262650186,1163800.0
1523577600,135.9952560182593,136.15231549028894,134.31375827914388,134.99742315145772,794262.0
1523836800,136.17075845140175,136.85442332371562,135.2930991344042,135.57950458636577,1282736.0
1523923200,136.63271538693425,137.69519671848758,136.44794242280693,137.38107777442832,921355.0
1524009600,137.99082365100557,138.80383450325135,137.26095327505277,138.00004513156196,1375528.0
1524096000,137.46421825072133,138.53592106283105,136.2908829507773,136.85442332371562,1582168.0
1524182400,139.29350493088154,140.03259678739073,136.6789208905732,139.10873196675422,2634681.0
1524441600,139.2380779466862,140.08802377158608,136.32781792343138,137.3071587786917,2230011.0
1524528000,137.54735872701434,138.65599651177814,133.8241369019422,136.01369897937212,2094664.0
1524614400,136.23545596658198,136.91912083889582,134.0089098660695,135.86591003832737,1438064.0
1524700800,136.10610998665004,136.74356935532492,134.95126669824725,135.62566103957624,1197456.0
1524787200,135.38546109125363,135.98598548727446,134.76649373412,135.74578553895182,1065335.0
1525046400,135.83819654622968,136.46643443434823,133.59315843417596,133.66707742991258,1617531.0
1525132800,133.38067197795098,133.70401240256663,131.3573418026786,133.51001795788295,1215679.0
1525219200,133.52846091899573,134.3045367985875,131.83779074975237,132.0964336591878,1171180.0
1525305600,131.41276878687393,133.1034880065458,128.89152771198485,132.4475366263296,2178096.0
1525392000,131.2557093148443,133.60237991473235,130.77530941819904,132.93720705395978,1319927.0
1525651200,133.23283398647774,133.9072773782352,132.7339420782912,133.18662848283878,913670.0
1525737600,132.62308810990052,133.35295848585332,131.93015270660177,133.25132599801904,1413006.0
1525824000,133.68552039102536,134.637147754188,133.20512049438008,134.60016373110548,1236343.0
1525910400,134.88656918306705,136.18002898238663,134.60943426209036,136.08761797510874,986786.0
1525996800,135.79199104259078,136.99303983463247,135.6626450626588,136.14304495930406,771683.0
1526256000,136.59578041428017,137.1408287756772,135.60721807846346,136.08761797510874,908947.0
1526342400,135.88435299944015,136.43872094225054,135.69035855475647,136.13382347874767,1338356.0
1526428800,135.9397799836355,136.64193686749064,135.5517910942681,136.318596442875,973660.0
1526515200,135.83819654622968,136.37402342707034,135.25611511132163,135.92133702252272,984087.0
1526601600,136.13382347874767,137.4272342276388,135.5887260669222,137.0484668188278,1473207.0
1526860800,138.04625063520092,139.62606683605358,137.6767047069463,139.03481297101763,1223575.0
1526947200,139.6168453554972,140.85482912019293,139.04403445157402,139.38586688773094,1674040.0
1527033600,138.58207751604152,139.8847587959175,138.4065750828991,139.80161831962448,1414688.0
1527120000,139.90325080745876,140.725483140261,138.3973045519142,139.5799103828431,1319573.0
1527206400,139.3304399035356,139.9956127643082,138.3973045519142,139.19187244304726,967194.0
1527552000,138.20331010723055,138.74840751905603,136.25389892769476,136.91912083889582,1174501.0
1527638400,137.44572623918006,139.29350493088154,137.44572623918006,138.98860746737867,1091379.0
1527724800,139.29350493088154,139.29350493088154,136.50984406356315,136.65120739847552,2518854.0
1527811200,137.51964523491668,138.87588958270533,137.45494771973645,138.66526704276302,866736.0
1528070400,138.58207751604152,139.0486451918522,137.8522561905172,138.71142349597346,1048201.0
1528156800,139.01632095947633,139.18029654192324,138.19408862667413,138.46200206709446,843049.0
1528243200,138.6744885233194,139.50599138710652,137.3995207355411,139.50599138710652,1301978.0
1528329600,139.54292635976057,140.8086726669825,139.50599138710652,140.512996684036,991996.0
1528416000,140.2265912320744,140.7901806554412,140.134229275225,140.30051022781103,970782.0
1528675200,140.35593721200638,140.83638615908015,139.9771698031954,140.3097807587959,862467.0
1528761600,140.37442922354765,140.88254261229062,140.02337530683434,140.67005615606564,1115958.0
1528848000,140.37442922354765,140.89181314327547,139.85243456354164,140.27279673571337,934630.0
1528934400,140.75319663235862,140.88254261229062,138.8592614874467,139.69076435123378,1266050.0
1529020800,139.00709947891994,139.00709947891994,137.45494771973645,138.79461302269496,1961030.0
1529280000,137.69519671848758,138.6837100038758,137.24246126351147,138.53592106283105,793007.0
1529366400,137.1500993066621,137.6027857112097,135.7365640583954,136.06912596356747,1238705.0
1529452800,135.98598548727446,136.54030437965636,135.07134214719437,135.38546109125363,967579.0
1529539200,134.8588556909694,135.05289918608156,132.65080160199818,133.0110769992679,1549844.0
1529625600,134.33225029068515,134.33225029068515,132.92793652297487,133.03883954179406,1586830.0
1529884800,132.50296361052494,133.5561744110934,131.14382528745531,133.0757745144481,1787409.0
1529971200,133.50074742689804,134.0920503423625,132.95565001507256,133.04806102235045,1590350.0
1530057600,134.15669880711425,134.71101769949615,132.22577963911976,132.24427165066103,1555611.0
1530144000,132.9002230308772,133.0849959950045,131.49595831359545,132.23505017010464,1428884.0
1530230400,132.42904461478832,134.5724502390078,132.29047715429996,133.0849959950045,1414295.0
1530489600,132.4475366263296,133.925720339348,132.12419620171394,133.78715287885964,1125455.0
1530576000,134.04584483872358,135.45938008699022,133.67629891046897,133.9072773782352,623560.0
1530748800,134.803428706774,134.97898019034494,133.2882609706731,133.88878536669395,983818.0
1530835200,133.52846091899573,135.2099586581112,133.42682843116145,134.62787722320314,945192.0
1531094400,134.84963421041297,136.7528398863098,134.65559071530083,136.1984719434994,998030.0
1531180800,136.53108289909997,136.9468343309935,136.17075845140175,136.77128284742258,862122.0
1531267200,135.7642775504931,135.7642775504931,133.40838547004867,133.51923943843934,1161108.0
1531353600,134.8311421988717,136.7528398863098,134.31375827914388,136.63271538693425,1557330.0
1531440000,136.5865098832953,137.22862904267689,135.8705207786056,136.27239093923606,1283760.0
1531699200,136.25389892769476,136.38790469833341,134.90506119460832,135.25611511132163,887965.0
1531785600,135.24689363076524,137.34409375134575,134.71101769949615,137.18703427931612,1246639.0
1531872000,137.33487227078936,138.1270857413548,137.09467232246675,137.79678015589337,1520455.0
1531958400,136.65120739847552,137.63972068386374,136.08761797510874,136.3093749623186,1510446.0
1532044800,137.83376417897594,142.26836436845957,137.7690666637957,141.47384552775503,3224450.0
1532304000,141.46462404719864,142.08359140433228,139.62606683605358,142.00045092803927,2184212.0
1532390400,142.29607786055726,144.02378110331165,141.52927251195038,143.3493377115542,1908657.0
1532476800,141.82489944446837,146.1764082080875,141.82489944446837,145.99163524396022,1969913.0
1532563200,146.1764082080875,147.5529594332716,146.0655542396968,147.0079110718746,2393623.0
1532649600,147.12798652082165,147.564976788252,146.30575418801948,147.2111269971147,1419206.0
1532908800,147.08178101718272,147.54373795271522,144.7166674561819,144.97535941604582,1559535.0
1532995200,145.548170319969,147.68230541320358,145.548170319969,147.49753244907626,1361905.0
1533081600,147.74700292838378,147.81165139313552,144.5503865035959,144.94764592394816,1687371.0
1533168000,143.82973760819948,144.3471215279273,143.04444024805133,144.03300258386804,1067803.0
1533254400,143.8851645923948,144.2824240127471,142.48551061539123,143.23843469273504,1482680.0
1533513600,142.99823474441237,143.38627268420828,142.09286193531716,143.1737862279833,1536306.0
1533600000,143.53411067568152,144.56882946470867,143.12758072434434,144.45797549631797,814464.0
1533686400,144.42104052366395,144.5503865035959,143.27541871581758,143.38627268420828,848632.0
1533772800,143.06293225959263,143.57639214504113,141.8895969596486,142.2406508763619,1242030.0
1533859200,141.74175896817536,141.93580246328753,140.91952663537316,141.436910555101,770373.0
1534118400,141.54776452349168,141.81567796391198,140.2450832436157,140.75319663235862,1017752.0
1534204800,141.0765861074028,143.0906457516903,140.81328340726066,142.39771034839154,1292498.0
1534291200,141.3038367426037,141.81567796391198,139.69998583179017,141.520051031394,1134241.0
1534377600,141.54776452349168,142.73522634684122,141.40919706300332,142.36999685629388,1050316.0
1534464000,142.31456987209853,143.6264726325309,141.81106722363378,143.3585591921106,1016020.0
1534723200,143.53411067568152,143.95908358813145,143.03521876749494,143.6357431635158,1069180.0
1534809600,144.0884295680634,145.3633973558417,144.079208087507,145.03078640024117,1232904.0
1534896000,144.84601343611388,144.84601343611388,143.10913776323156,144.24548904009302,1019141.0
1534982400,145.84379725248698,146.74921911201068,145.05849989233883,145.89000275612594,1746556.0
1535068800,145.77914878773524,146.39811614486885,145.15091089961675,145.52045682787133,1240119.0
1535328000,145.9177162482236,147.42361345333967,145.9177162482236,147.22039752809957,927788.0
1535414400,147.83014340467682,148.107327376082,147.06333805606994,147.9132838809698,1502947.0
1535500800,147.96871086516515,148.74478674475688,147.66847319236896,148.09805684509712,1081393.0
1535587200,147.7285109168425,148.14426234873608,146.9062785840403,147.31275948494897,760939.0
1535673600,146.8231381077473,147.3774570001292,146.40738667585376,146.95243503725078,1204919.0
1536019200,146.96170556823563,147.52524594117395,146.16713767710263,147.48831096851987,1167998.0
1536105600,147.58994345635415,149.7702840532277,147.54373795271522,149.4746571207097,1600229.0
1536192000,150.0936735282718,152.17885629387192,150.0936735282718,151.52565173765126,2043006.0
1536278400,150.9343978726153,151.59957073338788,149.89040855260325,150.41701395288746,1383472.0
1536537600,151.13761379785538,151.74740872486112,150.69890676542784,150.9343978726153,1163052.0
1536624000,150.55558141337582,151.13761379785538,149.75184109211492,150.64799242065374,1273367.0
1536710400,150.27844649239913,152.08001968046165,150.22301950820378,151.4147977692606,1110612.0
1536796800,152.09846264157443,153.23486296886438,152.09846264157443,153.09624645794753,1039678.0
1536883200,152.9484575169028,153.37343042935274,152.2278086215064,152.54192756556566,969564.0
1537142400,152.44029507773138,153.78918186124628,151.9321816889884,153.1332304810301,1411538.0
1537228800,153.29028995305973,153.62290090866026,152.08001968046165,153.4935549287283,1302370.0
1537315200,153.604408897119,154.00166831747126,153.07780349683475,153.17943598466903,737348.0
1537401600,153.91852784117825,154.18644128159855,152.37564661297964,153.8631008569829,1021818.0
1537488000,154.18644128159855,154.8701061539124,153.64134386977307,154.6021927134921,1570359.0
1537747200,153.93701985271952,154.21415477369624,152.6712735454976,152.8653170406098,973558.0
1537833600,153.19787894578184,153.53048990138237,152.4033601050773,152.9576789974592,1143818.0
1537920000,153.29028995305973,154.0570953016666,152.17238163731105,153.1424519615865,1388934.0
1538006400,153.48428439774344,153.63212238921665,152.51421407346797,152.77290603333188,872606.0
1538092800,152.79139804487318,154.01088979802765,152.597354549761,153.73375487705096,1097247.0
1538352000,153.73375487705096,154.98120537444555,152.93903983463244,153.79840334180267,1094949.0
1538438400,153.30868386374402,153.98322535635847,153.0129588303691,153.41958688256318,1347226.0
1538524800,154.02943085999743,154.09412837517763,152.3569093492959,152.8189153352569,1148372.0
1538611200,152.4678123681151,153.27169984066148,150.4810738124973,152.1998008268378,1489526.0
1538697600,152.45854183713018,153.10536983764695,151.13967391585203,151.60844886094483,1219084.0
1538956800,151.5622433573059,152.4678123681151,150.79529085741356,152.33841733775463,933759.0
1539043200,151.76550833297446,151.76550833297446,148.58679531458594,148.71614129451788,1834809.0
1539129600,148.5313683303906,148.5313683303906,144.6226377847638,144.7242702725981,2267570.0
1539216000,144.66884328840274,146.15654278454846,141.7673142414194,141.95213625597518,2425002.0
1539302400,143.34742474484304,145.3248927694759,142.56202928383792,144.33618328237372,2201649.0
1539561600,143.9018907885104,145.7684557943241,143.6154362861203,144.34540476293012,1660798.0
1539648000,145.13084927436373,147.57949571508547,144.89987080659748,147.44097730502563,1418878.0
1539734400,147.38555032083028,148.30956229275225,145.19554678954395,146.0456888161578,1733731.0
1539820800,145.2417522931829,145.42672145902415,142.33468054778,143.40290077946685,1812262.0
1539907200,144.24377227509584,145.7592343137677,140.82481025795616,141.81351974505836,3394761.0
1540166400,142.09075276689202,142.51582378019896,139.62351621377204,141.01885375306836,2250958.0
1540252800,138.034184229792,140.74162073123466,135.69634270703241,139.16151022781102,2685289.0
1540339200,139.22620774299128,139.3740457344645,133.99144791352654,134.3010051677361,2310516.0
1540425600,136.0012892209638,137.22867809310537,135.1141631712674,136.27847319236898,1401679.0
1540512000,134.67064919684768,136.83293923603634,133.77430166659488,134.94788221868137,1740195.0
1540771200,134.94783316825288,135.75593897764955,129.53580509022007,131.17242168726585,2370624.0
1540857600,131.544420136945,133.06012742775937,130.80979186942855,132.9392671719564,2102318.0
1540944000,134.74329288144352,136.31481955988116,133.9900745015288,134.66888338142198,2327993.0
1541030400,135.24542211791052,135.3384217303303,133.4413964084234,134.32479462555443,1895854.0
1541116800,135.40351164893846,136.2674858963869,133.627395633263,135.282602342707,2392953.0
1541376000,135.38492153654022,137.7747565135007,135.2919219241204,136.86344860255804,2090742.0
1541462400,137.3377171956419,138.9557436802894,137.25403716463546,138.0444357693467,1589196.0
1541548800,139.53228241677792,140.97362925799922,138.3234346066061,139.6717818354076,1092483.0
1541635200,139.52301188579304,140.87135911459455,139.39837474699627,139.99723142844837,1400515.0
1541721600,139.56946264157443,140.14600137806298,138.39779505619913,139.78337156022567,1189214.0
1541980800,139.64387214159598,140.07164092846992,137.54230653287973,137.74684681968907,1130584.0
1542067200,137.57948675767622,140.22041087808446,136.84485849015977,137.3283976142285,1236459.0
1542153600,138.2304349941863,138.73256423065328,136.89135829636967,137.18894724602728,1413096.0
1542240000,135.44069187373498,138.0444357693467,135.03156224968777,137.41212669566343,1514518.0
1542326400,137.1424474398174,138.5465650058137,136.51940889711898,138.1374353817665,1578607.0
1542585600,138.02584565694846,139.2811932733302,136.65616149175315,137.13312785840404,1125583.0
1542672000,135.48719167994486,136.64958873433528,133.2554462340123,133.9528452263038,1789259.0
1542758400,134.78979268765343,135.51510137375652,133.9342551139055,133.99934503251367,1433262.0
1542931200,132.64167822229876,134.01793514491195,132.05586895482537,133.2182169587873,756635.0
1543190400,133.78548516429095,134.45502351319925,132.06513948581028,133.18103673399077,2014544.0
1543276800,132.39990866026443,133.60880552086473,132.1767292106283,132.87417725334825,1829563.0
1543363200,133.60880552086473,134.2969339821713,132.1395489858318,134.18534425735325,2143700.0
1543449600,134.18534425735325,136.5565891219155,133.72966577666767,135.5243719047414,1311788.0
1543536000,135.67319090478446,136.7844283622583,135.14315197450583,136.4635895094957,2696581.0
1543795200,139.48578261056804,140.8899492269928,138.37920494380086,138.5372944748288,2041030.0
1543881600,137.904936350717,138.78838361827655,132.52081796649583,132.67890749752377,2013496.0
1544054400,130.4192033073511,131.78618969897937,127.52719004349512,131.6373706989363,2825224.0
1544140800,130.9585618190431,133.14385650919425,128.42922742345291,128.9871760475432,1581642.0
1544400000,128.9778564661298,129.48003475302528,126.14445846432109,128.28045747383834,1559395.0
1544486400,129.99148357090564,130.3634329701563,126.5787019077559,127.2203305628526,1620880.0
1544572800,129.04294638473795,130.9678814004565,128.54081714827095,128.59658748546573,2094433.0
1544659200,129.35912544679385,130.37270350114122,128.23395766762846,129.08944619094785,1173934.0
1544745600,127.79686929934113,128.68031656690064,126.52293157056111,126.87629085741355,1298900.0
1545004800,126.30902265190993,127.56441931872013,124.21672757417853,124.9606754231084,1564236.0
1545091200,126.42061237672796,127.17383075664269,124.9606754231084,125.70457422160976,1295105.0
1545177600,126.04866297747729,128.10372877998364,122.88697045777529,123.9191876749494,1907370.0
1545264000,123.42632896946729,124.25395684940356,120.30186572499031,121.51071353516214,2259417.0
1545350400,120.8969945738771,123.16596929503466,120.26463644976529,120.36695564359846,3441447.0
1545609600,119.5858275698721,119.9485064381379,115.89409611989147,116.08009534473105,1419396.0
1545782400,116.25677498815728,120.51572559321303,114.82469867792085,120.48781589940141,1713963.0
1545868800,118.67451965892943,122.40343133370655,117.9527426036777,122.34766099651178,1589367.0
1545955200,122.85910981439214,123.7425080315232,121.1201740235132,121.59439356616856,1379540.0
1546214400,122.3383414150984,122.89629003918867,121.32476336075105,122.85910981439214,1099949.0
1546387200,121.06435463588993,122.83120012058052,120.42272598079325,122.58943055854614,1377843.0
1546473600,122.84047065156538,123.65882800051678,120.02286688773094,120.95276491107188,1572208.0
1546560000,123.32405882606261,125.57439438439344,122.7916654752164,125.18385487274449,1784334.0
1546819200,124.92349519831187,126.46711218293787,123.81686848111623,125.88125386503594,1449682.0
1546905600,126.52293157056111,127.28542048146075,124.90485603548512,125.62089419060332,1318075.0
1546992000,126.65311140777743,127.15524064424443,125.59896864906766,126.20675250850523,996471.0
1547078400,125.74180349683476,128.27113789242495,125.2303546789544,128.09445824899876,1074842.0
1547164800,127.16456022565781,128.09445824899876,126.8483811636019,127.73177938073297,945178.0
1547424000,126.78329124499375,128.3638432022738,126.44852207053958,127.96427841178244,1523472.0
1547510400,127.79686929934113,128.46640764824943,126.96929046983334,128.113048361397,920940.0
1547596800,127.88059838077601,128.9778564661298,127.62950923732828,128.3455473924465,1118952.0
1547683200,127.68527957452307,130.77256259420352,127.573689849705,130.07516360191207,1288681.0
1547769600,131.84196003617413,132.52542870677405,130.52152250118428,131.9070499547823,2708790.0
1548115200,131.07947112527455,131.25615076870073,128.9778564661298,130.01934421428876,1545308.0
1548201600,130.94924223762973,131.39099039662372,129.4707151716119,130.8748817880367,1483132.0
1548288000,131.01433215623788,132.04654937341198,130.61447306317555,131.28401141208388,1353344.0
1548374400,132.51149838508246,132.69749760992207,131.50719086172,131.77687011756598,1603175.0
1548633600,130.4936128073726,130.9213815942466,129.13594599715773,130.6331122260023,1739165.0
1548720000,130.97715193144137,132.23715933852978,130.65170233840058,131.80477981137764,1212266.0
1548806400,132.47431816028595,133.6738954394729,131.0608319624478,133.23680707118555,1552856.0
1548892800,132.79049722234186,133.96216480771716,132.2790484044615,133.56230571465485,1735242.0
1548979200,138.2769348003962,138.5558845872271,134.2225244821498,134.5666132380173,2762147.0
1549238400,134.3527043193661,137.635257094871,134.31552409456958,137.56089664527798,2342243.0
1549324800,137.99793596313683,138.2676152189828,137.07735752120925,138.2676152189828,1481356.0
1549411200,138.5465650058137,139.01156306791265,137.89434145816287,138.4628849748073,1573605.0
1549497600,137.31912708324361,138.4628849748073,136.9285385211662,137.76548598251583,1480854.0
1549584000,137.6073964514879,138.22111541277292,136.8727681839714,138.1932057189613,1975902.0
1549843200,138.5465650058137,138.8534735368847,137.67248637009604,138.07234546315834,1488851.0
1549929600,138.74188381206665,139.96005120365186,138.51870436243055,139.8205517850222,1327434.0
1550016000,140.40641010292407,141.97793678136168,140.11814073467983,140.86203953318116,1379224.0
1550102400,140.3505907153008,141.01085853322425,139.44879858748547,139.96932173463676,1055373.0
1550188800,141.3455786572499,142.57306563024846,140.96435872701434,142.57306563024846,1517167.0
1550534400,141.91284686275353,142.9729247233108,141.7082575255157,142.53588540545198,1239793.0
1550620800,142.58238521166186,143.98189203737996,142.28479626200422,143.74478226605228,1311218.0
1550707200,142.7776549674863,142.9729247233108,141.41998815727143,141.91284686275353,1299033.0
1550793600,142.5079757116403,142.83347435510962,141.6989869945308,142.46147590543043,1434232.0
1551052800,143.39137392877137,143.83773282804358,142.95433461091253,143.26119409155507,1156250.0
1551139200,143.1031045605271,143.958642134275,142.85206446750786,143.13101425433877,993163.0
1551225600,143.07524391714395,143.89355221566686,142.377795874424,143.76337237845055,875711.0
1551312000,143.2891037853667,143.7354626846389,142.65674566125492,143.2705136729684,1381552.0
1551398400,144.12600219628783,144.93038017311915,143.80055260324704,144.80486012660953,1668540.0
1551657600,145.79984806855862,145.97652771198486,143.186833641962,143.67037276603074,2034144.0
1551744000,143.67964329701564,144.31200142112743,142.84274488609447,143.34492317298995,1663749.0
1551830400,143.29842336678007,144.1539118900995,142.95433461091253,142.96365419232592,1964403.0
1551916800,142.80556466129798,143.05199401403902,141.01085853322425,141.79193755652213,1789776.0
1552003200,140.6667697773567,141.1688990138237,139.83914189742043,140.96435872701434,1460370.0
1552262400,140.41568063390895,142.48938559924207,139.99723142844837,142.45220537444553,1396411.0
1552348800,142.80556466129798,143.5449998708066,142.08952650617974,142.74047474268983,910963.0
1552435200,143.48437354119116,144.5445004521769,143.0659243357306,144.17250200249774,1265878.0
1552521600,144.46077137074198,144.72118009560313,143.5494634597993,144.3677717583222,1328774.0
1552608000,144.2748211963309,145.07453938245553,144.16323147151286,144.46077137074198,2643648.0
1552867200,144.6467705955816,146.0787978553895,144.04232216528143,145.93002790577495,1184582.0
1552953600,146.57165656087165,147.0738348477671,145.6789387623272,146.2182972740192,1322265.0
1553040000,146.1717974678093,146.6274759484949,144.73977020800137,145.33489905688816,1185157.0
1553126400,145.4093085569097,147.77123384005856,145.15821941346195,147.34351410361313,975930.0
1553212800,146.55306644847334,146.7669263166961,144.71186051418974,144.90713027001422,1215435.0
1553472000,145.000129882434,146.20902674303431,144.70254093277637,145.000129882434,1015364.0
1553558400,145.87425756858016,146.80405749106413,145.60457831273416,146.4414767236553,1107193.0
1553644800,146.30197730502564,147.19469510357004,145.25121902588174,146.09743701821625,1379784.0
1553731200,146.57165656087165,147.54805439042246,146.00443740579647,147.42719413461953,1027129.0
1553817600,148.03164256491968,148.31059235175056,146.9064257353258,147.78055342147192,1270924.0
1554076800,148.7848609448344,150.43079712329356,148.56168149519831,150.1517982860342,1107291.0
1554163200,150.01229886740452,150.2262077860557,148.6546811076181,149.7519391929719,1555808.0
1554249600,150.30056823564877,150.5981571853064,148.93363089444898,149.0545402006804,1907614.0
1554336000,149.0266305068688,150.04020856121613,148.58954213858146,149.77984888678353,945814.0
1554422400,150.29129770466386,150.81201705352913,149.8821190301882,150.3657072046854,872482.0
1554681600,149.90070914258646,150.7376566039361,149.2963097627148,150.70042732871107,926998.0
1554768000,149.8821190301882,150.20761767365747,149.29640786357174,149.57525954954568,943535.0
1554854400,149.52875974333577,149.52875974333577,148.05023267731795,148.7569512510228,1190421.0
1554940800,148.95222100684725,149.76125877438525,148.48727199517677,149.6217593557556,878070.0
1555027200,150.56097696050986,151.2305153094182,150.08670836742604,151.08169630937513,1059420.0
1555286400,151.34210503423625,151.45369475905431,150.44938723569183,150.6446569915163,1196402.0
1555372800,151.18401550320831,151.5001455148357,150.7655662977477,151.44437517764095,1503539.0
1555459200,151.8628243831015,153.10890146849835,151.25837595280134,151.47228487145256,1602392.0
1555545600,155.77773528271823,157.953710391456,154.26197894147538,157.20981159295465,3174374.0
1555891200,156.45654416261144,157.54453171698032,155.76007712846132,156.44727363162656,1632371.0
1555977600,156.45654416261144,159.94368627535422,156.23336471297532,159.76700663192798,2080014.0
1556064000,159.72982640713147,160.04600546918738,159.06028805822316,159.28346750785926,1911192.0
1556150400,158.73483846518238,158.96728844580335,156.80063291847895,158.47447879074974,1670164.0
1556236800,158.2326601782869,160.21336553120022,158.08389022867232,160.17618530640368,1351632.0
1556496000,159.8507357133629,160.9852230739417,159.72982640713147,160.45513509323456,1471432.0
1556582400,160.8829038801085,161.81280190344944,160.3900451746264,161.45944261659704,1825526.0
1556668800,161.5803519228285,162.11971043452047,158.85569872098532,158.9580179148185,1881128.0
1556755200,158.46515920933638,159.51596653890874,157.67476060462513,159.36714753886568,2210860.0
1556841600,159.55314676370529,161.4687621980104,159.38112691098576,161.37576258559065,2064377.0
1557100800,158.5395687093579,161.33392257008742,158.3256597907067,160.51095448085786,1501019.0
1557187200,158.725518883769,159.72982640713147,157.03774268980666,157.94439081004262,2341955.0
1557273600,157.85144024805132,159.42296692648895,157.61894121700186,158.41865940312647,1449842.0
1557360000,157.35858154256923,158.5488392403428,156.39145424400328,158.4465690969381,1479893.0
1557446400,157.86071077903622,160.03668588777398,156.2426842943887,159.59964656991517,1171134.0
1557705600,156.67045308126265,157.0609925929116,153.7226204297834,155.12678704620816,1852583.0
1557792000,155.22910624004132,157.414351879764,155.10819693380992,156.372864131605,1310328.0
1557878400,155.2941961586495,158.0861465483829,154.85803974850353,157.50735149218377,934695.0
1557964800,157.953710391456,159.9901860815641,157.8746901511563,158.8185184961888,1516411.0
1558051200,157.40508134877913,159.20910705826623,157.01449278670168,158.0373904224624,1047685.0
1558310400,157.51667107359717,158.0467100038758,156.23336471297532,156.80063291847895,1030870.0
1558396800,157.94439081004262,158.61392915895095,157.20981159295465,157.71194082942162,1268217.0
1558483200,157.59103152319022,158.53490891865124,157.15399220533138,157.44226157357562,1125731.0
1558569600,155.25696688342447,155.5545558330821,153.74125959261013,154.77342775935577,1358158.0
1558656000,155.99159515094095,156.0939143447741,154.86642737177553,154.99660720899186,1017753.0
1559001600,155.16401632143317,155.870734895138,153.37858072434435,153.67616967400198,1938704.0
1559088000,152.24409336376556,153.55526036777056,151.2770151156281,152.8485417940657,1263972.0
1559174400,153.1182210499117,154.1224795228457,153.05313113130356,153.8528493174282,975880.0
1559260800,152.26268347616383,153.63894039877695,152.1743436544507,152.79272240644246,947775.0
1559520000,152.9508119374704,155.26628646483786,152.80204198785583,154.80133745316738,1192393.0
1559606400,156.27059398820035,156.9679929804918,155.23837677102622,156.36359360062013,1350102.0
1559692800,157.31208173635932,157.78635032944317,156.4286835192283,157.53526118599544,1353754.0
1559779200,157.59103152319022,158.7162483527841,157.07958270530983,158.3256597907067,1114614.0
1559865600,159.06960763963653,161.09681279875974,158.9486983334051,160.18550488781707,1014003.0
1560124800,161.33019473752205,161.77562167865295,159.19978747685283,159.27419697687438,1507884.0
1560211200,160.39936475603977,161.2548532793592,158.4465690969381,159.61823668231344,863346.0
1560297600,159.8135064381379,161.0316738297231,159.42296692648895,160.78063373670386,785384.0
1560384000,161.40367227940226,161.42226239180053,160.25059480642523,161.05031299254986,700352.0
1560470400,160.81781396150035,161.34785289177898,159.10791602428836,160.6969537056974,813794.0
1560729600,161.22699263597605,161.3385823607941,159.96232543818098,160.27845544980838,823232.0
1560816000,161.3943526979889,164.06318651220877,161.00381318633995,163.43087743852547,1441855.0
1560902400,163.32855824469232,163.80282683777614,162.0359813530856,163.11469837646956,1093689.0
1560988800,164.0538669307954,164.92799461694156,162.85428965160847,163.93300667499244,2117192.0
1561075200,164.48163571766935,164.49095529908274,161.3943526979889,162.09180074070883,1906882.0
1561334400,162.0732106283106,163.20769798888938,161.99880112828905,162.37075052753974,897816.0
1561420800,162.75201950820377,163.11469837646956,161.45944261659704,161.7477119848413,921885.0
1561507200,162.31498019034493,162.53815963998105,161.37576258559065,161.42226239180053,907881.0
1561593600,161.87789182205762,162.38007010895308,161.0653714740967,161.6547123724215,905803.0
1561680000,161.9802110158908,163.08678868265793,161.8035313724646,162.35216041514147,1775630.0
1561939200,164.24918573704835,164.58395491150253,163.34714835709056,164.4165457990612,807246.0
1562025600,164.58395491150253,165.03958434175962,163.80282683777614,164.23986615563499,703516.0
1562112000,164.37936557426468,165.96021183411565,163.85859717497095,165.8951219155075,619996.0
1562284800,164.78849519831186,165.01177274880496,162.426569915163,164.21195646182335,604429.0
1562544000,163.94227720597735,163.95159678739074,162.54743017096592,163.35646793850395,786940.0
1562630400,162.73342939580553,163.44014796951035,162.35216041514147,163.21696851987426,797972.0
1562716800,163.7749171439645,164.53745510529262,162.14757107790362,162.23130015933853,932808.0
1562803200,162.57533986477756,162.76133908961717,161.09838241247147,162.3056606089316,1213216.0
1562889600,162.50093036475604,164.76990508591362,162.50093036475604,164.7234052797037,1098635.0
1563148800,164.92799461694156,164.92799461694156,162.29639007794668,162.7426999267904,834018.0
1563235200,162.73342939580553,163.5610572757418,162.08248115929547,162.52884005856768,994479.0
1563321600,162.3335703027432,162.40797980276474,156.7076333060592,156.80063291847895,2737769.0
1563408000,158.6418388527626,161.69194164764653,157.80028065113476,161.69194164764653,2064061.0
1563494400,161.8407115972611,162.73342939580553,160.7992238491021,160.86431376771026,1519030.0
1563753600,160.8922234615219,162.25916080272168,160.34354536841653,161.41294281038714,882101.0
1563840000,162.92869915162998,163.28112648034107,161.31067266698247,162.60324955858923,1040630.0
1563926400,162.0359813530856,163.02169876404977,161.61875840833727,161.7663020972396,875678.0
1564012800,162.31498019034493,162.41725033374962,160.8829038801085,161.58962245381335,879610.0
1564099200,161.35717247319235,161.55244222901683,160.5574542870677,161.4408525041988,879510.0
1564358400,161.67335153524826,162.60324955858923,161.22699263597605,162.29639007794668,759883.0
1564444800,162.00812070970244,162.68692958959562,161.18976336075104,161.71985134145814,716756.0
1564531200,161.31999224839586,161.78494126006632,158.24197975970026,160.37145506222816,1448463.0
1564617600,159.84141613194953,161.62685172903835,157.38237100038756,157.66544102321174,1375922.0
1564704000,157.05172206192668,157.2004920115413,154.95942698419535,156.23336471297532,1077330.0
1564963200,153.60176017398044,154.3549785538952,149.61273407691314,150.65397657292968,1647707.0
1565049600,151.91864377072477,153.92720976702125,151.7791443520951,152.9880412126954,1802406.0
1565136000,151.5373747900607,152.35568308858362,149.7845086774902,151.93723388312304,1539623.0
1565222400,153.05313113130356,155.7033257826967,152.69045226303777,155.30346668963438,1214381.0
1565308800,155.19187696481632,155.91723470134792,153.6668500925886,154.98733667800698,901062.0
1565568000,153.82493962361656,155.173679255846,152.89504160027562,153.14608169329486,745075.0
1565654400,153.3506710305327,158.11179992248395,152.96940204986865,156.2055040695922,1616232.0
1565740800,154.39215877869168,155.09892640282501,152.48586292579992,152.5416823134232,1228672.0
1565827200,151.8721439645149,152.40218289479353,149.80775858059513,150.89574613496404,1110212.0
1565913600,152.32777339477198,153.95511946083286,151.7791443520951,153.46226075535077,874099.0
1566172800,155.48946591447395,155.601055639292,153.8993000732096,154.23406924766374,823593.0
1566259200,154.00161926704274,154.2247987166789,151.93723388312304,152.01159433271607,863113.0
1566345600,153.4343510615391,153.4343510615391,151.3699656776194,152.3091832823737,866104.0
1566432000,153.13681116230998,153.3414004995478,150.25411747986738,151.48155540243744,970011.0
1566518400,150.16111786744756,150.90501666594892,144.5909512079583,145.52089828172777,2171502.0
1566777600,146.8041555919211,146.95292554153568,144.0516417466948,145.9114377933767,1547019.0
1566864000,147.02733504155722,147.11101507256362,145.28839925067825,146.4414767236553,1265131.0
1566950400,146.15320735541104,148.7848609448344,145.4929885879161,148.36641173937386,1181719.0
1567036800,150.16111786744756,152.50445303819816,149.65893958055207,152.1325036389475,1959657.0
1567123200,153.4343510615391,154.0295289608544,152.59745265061798,153.0809917746867,1578301.0
1567468800,152.04882360794107,152.93222182507213,151.24910542181647,152.06741372033935,1399742.0
1567555200,153.60176017398044,155.9730050385427,153.60176017398044,155.4243759958658,1987335.0
1567641600,156.7913133370656,158.97660802721674,156.6983627750743,158.42797898453986,2255781.0
1567728000,158.96728844580335,159.74841651952974,158.56742935274104,159.16260725205635,1663899.0
1567987200,159.84141613194953,160.6225442056759,157.20981159295465,157.7677111666164,2495908.0
1568073600,156.80990344946383,157.74912105421816,155.2011965462297,157.72121136040653,2110799.0
1568160000,157.88862047284786,159.34855742646744,157.33999143017098,159.27419697687438,2023732.0
1568246400,159.50664695749538,159.94368627535422,156.5960435812411,156.80990344946383,1388730.0
1568332800,157.08890228672323,157.32135226734422,155.7405550579217,155.95441492614444,1369779.0
1568592000,155.331376383446,155.67546513931356,154.14111868567244,154.55956789113304,1213861.0
1568678400,154.81992756556565,155.09892640282501,153.67616967400198,154.792017871754,1146564.0
1568764800,154.26197894147538,156.21477460057704,153.90861965462295,156.1961844881788,922033.0
1568851200,156.29850368201195,156.93081275569529,154.85710779036216,155.08028723999828,976526.0
1568937600,155.85214478273977,156.88431294948538,155.00592679040523,156.5123635502347,2539757.0
1569196800,155.05242659661513,156.04741453856423,154.55956789113304,155.4243759958658,1325198.0
1569283200,156.02882442616595,156.642543387451,153.36926114293095,154.14111868567244,1324872.0
1569369600,154.2991591662719,155.5545558330821,153.67616967400198,155.22910624004132,831797.0
1569456000,155.17328685241807,156.22409418199044,154.80133745316738,155.32205680203265,999128.0
1569542400,156.0939143447741,156.67045308126265,154.65227320098185,156.26127440678695,1257389.0
1569801600,156.99590267430344,157.65151070152018,156.27755914904614,157.33999143017098,1044713.0
1569888000,157.66544102321174,158.23109056457517,152.52304315059644,152.68113268162438,1407586.0
1569974400,150.77483682873262,151.41646548382928,148.26409254554068,149.78911941776838,2281708.0
1570060800,149.35208009990959,150.20761767365747,147.7061439214504,150.19829809224407,1555546.0
1570147200,150.6446569915163,152.29059316997544,150.48656746048835,152.16041333275913,1380745.0
1570406400,151.8349146892899,153.0344919684768,151.14678622798328,151.74196412729856,1125115.0
1570492800,150.01229886740452,150.0587986736144,147.47369394082943,147.50155458421256,1719208.0
1570579200,149.37067021230783,149.40789948753283,147.62246389044398,148.63604194479134,849242.0
1570665600,148.6546811076181,150.87715602256577,148.64349760992204,149.68684927436374,906771.0
1570752000,151.58387459627062,153.7598497050084,151.3327854528229,152.06741372033935,1135647.0
1571011200,152.15109375134577,152.7069822574394,151.11892558460016,151.55596490245898,571410.0
1571097600,152.05809413892598,153.2669909995263,151.68614473967529,152.16968386374404,1408821.0
1571184000,152.1418232203609,152.82063210025407,151.2770151156281,152.16041333275913,1731403.0
1571270400,154.64324792213944,157.14467262391798,153.9830291546445,155.77773528271823,1796960.0
1571356800,155.4336465268507,155.73123547650832,151.04451608457862,153.96443904224625,2210949.0
1571616000,155.26628646483786,157.37717165496747,154.89777059558156,157.0982218681366,1350323.0
1571702400,156.8750424185005,158.1862094225055,156.12177498815726,157.0982218681366,1677464.0
1571788800,158.02811989147753,158.08389022867232,157.1493324146247,157.94439081004262,1221794.0
1571875200,158.0467100038758,159.6833266009216,157.11681198053483,159.44155703888723,1144337.0
1571961600,159.23696770164938,160.03668588777398,158.6883386589725,159.59964656991517,975092.0
1572220800,159.91582563197107,161.54312264760344,159.91582563197107,160.576044399466,1183589.0
1572307200,160.03668588777398,161.1619027173679,159.60896615132853,161.0224032987382,1357023.0
1572393600,161.09681279875974,162.73342939580553,160.92013315533353,162.36147999655483,978189.0
1572480000,161.96162090349253,162.36147999655483,159.59964656991517,160.6225442056759,1071623.0
1572566400,162.0732106283106,163.9283468842858,161.73844145385644,163.7749171439645,1417624.0
1572825600,164.22127604323674,167.38296856293871,164.22127604323674,167.38296856293871,2191633.0
1572912000,167.1690596442875,169.08467507859265,166.6669304078205,168.01527763662202,2578115.0
1572998400,168.01527763662202,168.2942764738814,167.1225598380776,168.13618694285347,1371205.0
1573084800,169.05676538478102,169.23344502820723,166.8064298264502,167.06678950088283,1274456.0
1573171200,167.06678950088283,168.5267264545024,166.96447030704965,168.5081363421041,818479.0
1573430400,168.0245972180354,168.72199621032686,167.18764975668577,168.1547770552517,797287.0
1573516800,168.47095611730762,170.2795925670729,168.40586619869947,169.252084191034,908476.0
1573603200,168.11759683045517,169.97312548985832,167.85257736531588,169.19626480341068,929632.0
1573689600,168.00600710563714,168.66063412428406,166.55534068300244,167.05746991946944,1104268.0
1573776000,168.22918655527326,169.19626480341068,167.99668752422377,169.0102655785711,1621476.0
1574035200,168.72199621032686,168.72199621032686,166.8064298264502,167.19696933809914,1202944.0
1574121600,167.8432577839025,168.03386774902026,166.46234107058265,167.49455828775677,1336619.0
1574208000,168.2477766676715,168.95915503208303,164.16545665561344,164.79781477972523,2095451.0
1574294400,164.52813552387923,165.23485409758408,163.1053787950562,164.15618612462856,1567564.0
1574380800,164.48163571766935,165.07676456655614,163.34714835709056,164.39795568666293,926090.0
1574640000,165.39294362861202,165.47662365961847,163.6354177253348,164.1375960122303,1328800.0
1574726400,165.05817445415786,167.09469919469444,164.64904483011068,166.00671164032556,2289658.0
1574812800,166.0718015589337,167.05746991946944,165.6393729813531,166.8436100512467,522376.0
1574985600,166.24848120235995,166.61111102019723,165.2255835665992,166.0345722837087,816555.0
1575244800,166.0345722837087,166.2205715085483,162.08248115929547,162.10107127169374,1527170.0
1575331200,160.48304478704623,161.1619027173679,159.25555781404765,160.45513509323456,1984537.0
1575417600,161.77562167865295,163.6540078377331,161.01308371732483,161.0689031049481,1466681.0
1575504000,161.49667189182205,162.08248115929547,160.5276806769734,161.81280190344944,1171040.0
1575590400,162.6497493647991,163.8771872873692,162.49165983377117,163.16119818267947,1059002.0
1575849600,162.90078945781835,163.4381859523707,162.0359813530856,162.25916080272168,807009.0
1575936000,162.25916080272168,162.54743017096592,161.48642035226734,161.8407115972611,1013893.0
1576022400,162.35216041514147,163.84000706257265,161.9802110158908,163.67264700055983,1087066.0
1576108800,163.97950648120235,165.66728267516473,162.9194286206451,164.9559043107532,1138820.0
1576195200,164.9559043107532,166.2577517333448,164.43513591145944,164.57463533008914,1025103.0
1576454400,164.84431458593514,165.51851272555015,163.79350725636277,164.03527681839714,1603846.0
1576540800,163.89582645019595,164.81640489212353,163.48664777572026,164.3142756556565,1519899.0
1576627200,164.1840958184402,164.62113513629905,162.18480035312862,162.39866022135138,1807354.0
1576713600,162.7426999267904,164.23986615563499,162.25916080272168,164.12827643081695,1340312.0
1576800000,164.73272486111708,165.23485409758408,163.80282683777614,164.0445963998105,2175985.0
1577059200,164.94658472933983,164.94658472933983,163.48664777572026,164.06318651220877,1288870.0
1577145600,164.07250609362214,164.45372602385774,163.4122382756987,163.95159678739074,312739.0
1577318400,164.1840958184402,164.50022583006762,163.40296774471386,164.48163571766935,635025.0
1577404800,164.66763494250893,164.81640489212353,163.93300667499244,164.10968631841868,651973.0
1577664000,164.1840958184402,164.59322544248738,163.44014796951035,164.0538669307954,835029.0
1577750400,164.0910962060204,164.66763494250893,163.16119818267947,164.59322544248738,864438.0
1577923200,165.05817445415786,168.12686736144008,164.7234052797037,168.11759683045517,1428767.0
1578009600,165.83930252788426,167.22487903191077,164.97449442315147,166.32284165195296,1402641.0
1578268800,165.37435351621377,165.87648275268077,164.52813552387923,165.06749403557123,1639018.0
1578355200,164.93731419835493,165.5882133844365,163.2820584384824,165.16049364799105,1501657.0
1578441600,165.21626398518583,166.54602110158908,164.34213629903965,165.29994401619223,1272798.0
1578528000,166.1740717023384,166.84826984195342,165.57894285345162,166.51816045820595,894739.0
1578614400,167.28996895051893,167.28996895051893,165.65330330304465,166.15548158994014,835843.0
1578873600,166.68552052021874,168.62904564833556,166.16475212092502,168.5639066792989,1130940.0
1578960000,167.8385979931958,168.51279613281082,166.92729008225314,167.8014177683993,1095578.0
1579046400,168.58254584212565,169.6519432840963,167.24346914430905,168.06177744283193,1300402.0
1579132800,168.77781559795014,169.69839403987768,168.11759683045517,169.48453417165499,1107694.0
1579219200,170.04248279574523,171.15838004392575,169.73562331510269,170.38652250118426,1304093.0
1579564800,170.20984285775808,170.45156336936395,167.82000788079756,168.2477766676715,1094298.0
1579651200,168.8335859351449,169.13063533008915,167.2062889195125,167.42946836914862,940829.0
1579737600,167.2062889195125,167.8850977994057,166.48093118298092,166.9923800008613,1217026.0
1579824000,167.3085590629172,167.62650394039878,164.11900589983205,164.71413474871883,1368487.0
1580083200,162.05457146548383,163.0496084578614,161.31067266698247,161.37576258559065,1245765.0
1580169600,161.91512109728265,164.3607754618664,161.09681279875974,163.16119818267947,1089300.0
1580256000,164.59322544248738,165.28135390379398,163.3192877137074,163.35646793850395,1099710.0
1580342400,161.61753214762498,166.23916162094656,161.61753214762498,165.83930252788426,1538057.0
1580428800,165.43944343482192,165.43944343482192,159.3256999267904,161.07817363593298,2750038.0
1580688000,162.23130015933853,163.30996813229405,158.70692877137074,159.3113772016709,1771466.0
1580774400,161.87789182205762,163.71914680676974,161.8035313724646,162.92869915162998,1496248.0
1580860800,164.50954541148099,165.17908376038932,163.1053787950562,164.50022583006762,1409059.0
1580947200,165.52312346582835,165.52312346582835,163.81209736876104,163.98877701218726,1213761.0
1581033600,163.52382800051677,164.32820597734806,162.45443055854614,162.99378907023817,1627321.0
1581292800,162.65901989578398,164.70481516730544,161.90580151586926,164.5467256362775,1199884.0
1581379200,165.7556224968778,167.32714917531544,164.779224667327,166.59252090779898,1474274.0
1581465600,166.8993803884415,168.90799543516644,166.4995212953792,168.4802266482925,1475424.0
1581552000,167.68982804358123,168.26989841092114,166.16475212092502,167.49455828775677,992873.0
1581638400,167.85718810559408,169.1125847724043,167.35971865983376,168.13618694285347,1244510.0
1581984000,167.47591912493002,167.83805843848242,166.4065707333879,166.8436100512467,909294.0
1582070400,167.22487903191077,168.94056491968476,166.91801955126826,168.18268674906335,1232327.0
1582156800,168.2477766676715,169.43803436544508,166.46234107058265,168.03386774902026,1168572.0
1582243200,167.02028969467293,168.30354700486626,166.22429934111364,167.27137883812068,970254.0
1582502400,162.21266099651177,164.93731419835493,161.3013530855691,162.98451853925326,1602141.0
1582588800,163.32855824469232,164.17477623702683,155.13610662762153,156.03809495715086,2046167.0
1582675200,156.77272322466735,160.01799767451877,155.08028723999828,155.46155622066232,1706153.0
1582761600,151.58387459627062,155.13610662762153,148.3385020455622,148.36641173937386,1975638.0
1582848000,142.9729247233108,150.80274652254425,140.06232134705652,150.80274652254425,4779183.0
1583107200,151.65823504586365,153.88070996081134,146.53913612678178,152.72763248783428,3372438.0
1583193600,152.76486176305932,156.38875647043625,149.30558029369968,150.54238684811162,3054232.0
1583280000,153.3414004995478,159.87859635674604,152.74754696180182,159.1904678954395,2266298.0
1583366400,154.82924714697904,156.14041415098401,151.7791443520951,153.35999061194607,2697355.0
1583452800,147.67823422763877,153.54594078635716,146.5344763360751,152.53236273200983,2510820.0
1583712000,141.81057671934886,146.2367892855605,139.24401304853365,142.14534589380304,2924586.0
1583798400,144.92572038241246,150.588837603893,142.6056351147668,150.356387623272,2738836.0
1583884800,145.83702829335516,146.4414767236553,140.9364490332027,142.63815554885662,2413908.0
1583971200,133.33912626501873,135.2843681581327,125.01644576030317,125.39771474096723,3585228.0
1584057600,132.18604879204167,139.1882427113389,128.3455473924465,138.93715356789113,3162383.0
1584316800,119.02787894578184,133.19442750096897,115.31755738340296,125.78830330304467,2945530.0
1584403200,126.6810211015891,132.01863967960037,121.06435463588993,122.5615208647345,4262377.0
1584489600,113.37403225528617,115.429147108221,94.01343572628224,111.22596684036002,3816973.0
1584576000,109.49635063089445,113.83898126695664,104.16800258386806,110.62151841005986,3407042.0
1584662400,112.41627358856208,112.66731368158133,103.01492511089101,104.61436148314026,3400595.0
1584921600,99.9555027345937,103.29387489772189,93.99484561388398,96.57995034666897,4100210.0
1585008000,102.28956737435942,111.15155734033848,101.59216838206795,111.13296722794023,2899563.0
1585094400,111.8583249644718,125.85339322165282,111.40264648378623,120.56222539942293,3579611.0
1585180800,122.58943055854614,129.6194851212265,121.96639201584773,127.76900865595798,2797466.0
1585267200,122.20816157788208,125.73248391542138,119.15805878299814,122.0686621592524,1962481.0
1585526400,121.58512303518367,124.38413668661987,121.00691658412644,122.51502105852461,2517861.0
1585612800,122.59870108953102,126.56943137677102,120.88767499246373,124.4120463804315,2648120.0
1585699200,119.28823862021446,122.07798174066578,116.70313388742949,120.61799573661771,2123216.0
1585785600,119.5858275698721,123.81686848111623,118.22350096895053,123.50073846948882,1752136.0
1585872000,123.21246910124457,123.52859911287197,117.66089255415356,118.51643012790147,2015792.0
1586131200,124.16095723698376,125.88125386503594,123.22173963222946,124.60731613625597,2437166.0
1586217600,130.78188217561691,132.25113871064983,125.53721415959691,125.76039360923302,2025848.0
1586304000,127.09015072563628,130.54011261358252,125.73248391542138,129.4893052840102,1945340.0
1586390400,130.18675332673013,136.04514030403516,129.90309469876405,133.37630648981525,2182636.0
1586736000,132.75326794711683,133.1717171525774,126.94250893587702,128.27113789242495,1508170.0
1586822400,130.84697209422507,133.65530532707464,128.8383570475001,130.735382369407,1743323.0
1586908800,127.92704913655744,128.2990475862366,123.22173963222946,125.38844420998234,1626400.0
1586995200,125.14667464794798,125.81989177899315,120.4963997243874,123.05437957021661,2008365.0
1587081600,126.34625192713493,130.37270350114122,126.16025270229534,128.6244971792774,2375407.0
1587340800,126.2718424271134,128.5027540157616,125.43494401619223,126.18816239610696,1264523.0
1587427200,123.7425080315232,124.62590624865423,121.55721334137203,122.7475200895741,1209191.0
1587513600,124.81190547349382,125.2693988200336,122.51408910038327,123.70527875629817,1314875.0
1587600000,125.30471512854744,128.8755863227251,124.75618418672754,125.23962520993929,1393247.0
1587686400,126.18816239610696,126.69029163257396,123.08224021359976,126.02075328366564,1419046.0
1587945600,126.95997088841996,131.19106085009258,126.25791210542181,130.07516360191207,1568951.0
1588032000,133.27403634641055,136.31481955988116,132.15813909823004,132.75326794711683,1688964.0
1588118400,135.30124150553377,137.5050772576547,133.92032479221393,135.91496046681883,1325585.0
1588204800,133.43212587743852,133.897074889109,130.70747267559537,131.9535497609922,2246320.0
1588291200,129.56371478403167,129.72180431505964,124.76540566728393,127.62950923732828,1840545.0
1588550400,124.51431652383619,126.80188135739202,123.50073846948882,125.72321338443652,2061491.0
1588636800,127.48073928771369,127.48073928771369,125.10017484173808,125.41630485336549,1561171.0
1588723200,126.56943137677102,126.56943137677102,123.65882800051678,123.71459833771155,1174767.0
1588809600,125.18385487274449,126.14166258989708,122.75679062055897,123.48209930666208,1548291.0
1588896000,125.2303546789544,127.69459915593644,124.97926553550666,127.31333017527237,1370345.0
1589155200,126.24393273330176,126.39270268291632,124.74681555488566,124.8676758106886,1178304.0
1589241600,125.83480310925455,126.49502187674949,118.56292993411137,118.64660996511778,2435197.0
1589328000,118.21884117824384,118.2281607596572,113.33685203048965,114.350430084837,2893117.0
1589414400,111.83968580164506,118.33975048447526,108.90122178200767,118.14448072865079,2613123.0
1589500800,116.58222458119806,117.7771420696783,115.05719770897032,116.61940480599458,2330187.0
1589760000,121.35262400413419,127.94568829938417,120.59013509323457,126.5042924077344,3202889.0
1589846400,125.7697131906464,125.92775367124585,122.68704091124414,122.7010202833642,2213981.0
1589932800,125.11876495413634,127.09947030704966,124.84908569829035,126.49502187674949,1475056.0
1590019200,127.88986891176091,129.06423427070325,126.73679143878387,128.03863886137546,1187361.0
1590105600,127.83409857456613,129.57298531501658,126.88556138839843,129.424215365402,1479054.0
1590451200,133.69248555187116,136.00330028853193,133.357716377417,134.78047310624004,2185096.0
1590537600,137.9607557383403,140.36084225485553,136.57051944360708,138.174615606563,2145908.0
1590624000,139.48578261056804,140.61099944016192,134.53870354420567,137.21680788941043,1741030.0
1590710400,135.50578179234316,139.39278299814822,134.2132539511649,135.62669109857455,2067753.0
1590969600,135.2919219241204,137.43071680806167,134.74790362172172,135.9335505792171,1035657.0
1591056000,137.43071680806167,138.30479544377934,136.1851792773782,137.95143615692692,1812973.0
1591142400,139.70896206020413,143.5587830412127,139.53228241677792,142.60097532406013,1496341.0
1591228800,141.35489823866328,145.23262891348347,140.5365899401404,144.98153977003574,1884152.0
1591315200,151.49087498385083,154.10388941044744,149.28468481116232,150.0587986736144,2262529.0
1591574400,150.24479789845398,152.78345187545756,149.77984888678353,151.5001455148357,1786851.0
1591660800,149.1196301192886,149.71475896817537,146.4972961112786,147.01801546014383,1839560.0
1591747200,146.66465617329143,146.78556547952283,142.67538482408168,143.3170134791783,1654921.0
1591833600,138.23970552517116,138.39019223978295,133.06012742775937,133.38562607122861,2092449.0
1591920000,137.8212563197106,138.5558845872271,131.25615076870073,134.38061401317773,1806277.0
1592179200,130.29834305154816,137.71898617630592,129.91064846475174,136.35199978467764,1657069.0
1592265600,141.4478978510831,141.72684763791395,135.9242309978037,138.65815473063176,1902271.0
1592352000,139.19751324232374,139.5508725291762,137.44930692045992,137.942165625942,1753805.0
1592438400,136.5565891219155,138.5558845872271,136.0637304164334,137.83984643210886,1290793.0
1592524800,139.91355139744198,140.26691068429437,134.58520335041558,135.18033219930237,2631237.0
1592784000,134.47361362559752,136.23113952887473,133.29262645880885,134.78047310624004,1264967.0
1592870400,136.59376934671204,136.92019994832265,134.5758837690022,134.70606360621852,1154883.0
1592956800,132.8090873347401,133.2814429611128,128.40131772964125,128.652406873089,1685608.0
1593043200,128.35481792343137,132.79049722234186,128.13163847379528,132.47431816028595,2009485.0
1593129600,132.33481874165628,132.33481874165628,127.88986891176091,128.5222270358727,5127865.0
1593388800,130.2890234701348,133.2554462340123,129.5172149778218,133.19962684638907,1485623.0
1593475200,132.28831893544637,135.31983161793207,132.06513948581028,134.45502351319925,1844005.0
1593561600,135.04083278067267,136.21254941647646,132.9485377029413,134.00866461392704,1304755.0
1593648000,135.37560195512683,136.8355389087464,134.4179904396882,134.85488260626158,1379347.0
1593993600,136.9285385211662,137.904936350717,135.88798273114853,136.90067787778304,1168511.0
1594080000,135.76619051720425,135.85914107919555,134.14811498212825,134.80838280005167,1311128.0
1594166400,134.3062045131562,135.7011005985961,133.82266538908746,135.38492153654022,1793942.0
1594252800,134.59447388140046,135.31983161793207,131.42351083071358,131.4606910555101,1583645.0
1594339200,131.70250966797295,133.088037121571,131.02365173765125,132.46499857887258,1162623.0
1594598400,133.51580590844495,135.65460079238622,132.2790484044615,133.43212587743852,1292848.0
1594684800,133.43212587743852,137.9142559321304,132.31622862925798,137.71898617630592,1324878.0
1594771200,140.60167985874855,141.98725636277507,140.294820378106,141.28048873864174,1492488.0
1594857600,140.4250002153223,142.74704750010767,139.7182816416175,142.34988618061237,1848823.0
1594944000,142.74047474268983,144.48868106455365,141.77334744412386,144.13532177770122,2444466.0
1595203200,143.3170134791783,144.02373205288316,141.82916683174713,142.63815554885662,2438197.0
1595289600,143.09383402954222,146.01370793678134,143.09383402954222,143.9121423280651,1197137.0
1595376000,143.30769389776495,144.70254093277637,143.12174372335386,143.77264290943543,899376.0
1595462400,143.54019292881443,144.5909512079583,142.1523110546488,142.95433461091253,1312783.0
1595548800,143.20542375436025,143.43787373498125,138.5930648120236,138.9557436802894,2184229.0
1595808000,138.3698853623875,140.37850040911243,137.5515770638646,140.19250118427286,1689250.0
1595894400,139.9507316222385,141.41998815727143,138.94642409887604,141.35489823866328,1952110.0
1595980800,140.94571956418758,144.53518087076353,140.57583028293354,143.74478226605228,1655750.0
1596067200,142.2104358124112,142.3406156496275,138.5837942810387,138.70465453684164,1374573.0
1596153600,138.48147508720555,139.00224348649928,136.6960885405452,138.89997334309462,2030822.0
1596412800,139.60669191679943,139.7182816416175,136.98435790878943,138.11884526936825,1052707.0
1596499200,136.93785810257958,137.7747565135007,135.9614602730287,137.00294802118773,1523702.0
1596585600,138.36061483140261,140.41568063390895,138.1374353817665,140.24832057189613,2090500.0
1596672000,140.34132018431592,142.18232991688558,139.80196167262392,141.8849371689419,1251352.0
1596758400,141.75475733172559,144.37709133973559,141.21539882003358,144.2375919211059,1260110.0
1597017600,144.2840917273158,148.66861142930966,144.2840917273158,148.2548220145558,1429510.0
1597104000,149.45439929374274,151.80705404590674,148.8778115068257,149.04522061926704,1886868.0
1597190400,151.12819611558504,151.40253516213772,147.8456433400801,148.84995086344256,1335054.0
1597276800,146.6274759484949,148.45936230136516,146.5247153008053,147.8363237586667,1287578.0
1597363200,146.92501584772404,149.59384966194392,146.88783562292753,149.04522061926704,1422529.0
1597622400,148.81272158821756,149.60316924335729,146.97151565393395,147.63178347185737,1408616.0
1597708800,147.8456433400801,148.56168149519831,146.19970716162095,146.3484771112355,934648.0
1597795200,146.52515675466174,147.04592515395547,145.21398975065674,145.85566745618192,1049109.0
1597881600,144.60027078937168,146.01370793678134,144.33059153352568,145.2233093320701,800293.0
1597968000,145.02803957624562,146.70183639808795,145.02803957624562,146.46006683605358,1253946.0
1598227200,147.01801546014383,148.27341212695404,145.539488394126,148.19900262693253,1043505.0
1598313600,152.82063210025407,155.2936075535076,152.05809413892598,152.99731174368029,3700247.0
1598400000,153.248400887128,154.76023319409154,151.89073407691313,153.7226204297834,1733285.0
1598486400,154.54097777873477,156.86572283708713,153.51808014297401,154.3549785538952,2140537.0
1598572800,154.66183803453768,156.8750424185005,153.8621198484131,156.57745346884286,6506045.0
1598832000,156.76345269368244,156.77272322466735,153.14608169329486,153.9457998794195,2280948.0
1598918400,152.3091832823737,156.36820434089833,152.03950402652774,156.1961844881788,1987531.0
1599004800,156.90290306188365,160.80854343051547,156.1450248912622,160.38077464364153,2055934.0
1599091200,161.21767305456268,161.6364165625942,153.49237771844452,154.64324792213944,1763849.0
1599177600,156.89363253089874,157.7677111666164,153.04381154989017,155.00592679040523,1663426.0
1599523200,153.61103070496534,154.76876796864906,151.85085607854958,152.75554218164592,1398393.0
1599609600,153.6668500925886,155.80564497652986,153.3041712243228,154.13179910425907,1403888.0
1599696000,155.57314594548038,155.57314594548038,152.33709297618535,152.75554218164592,1407600.0
1599782400,152.978721631282,155.71264536411007,152.75554218164592,154.78274734076913,1058448.0
1600041600,156.23336471297532,157.65612144179838,155.63823586408856,156.66113349984929,1067110.0
1600128000,157.40508134877913,158.07461969768744,156.2879578398863,156.50304396882134,925753.0
1600214400,157.42367146117738,159.34855742646744,156.6667252486973,158.08389022867232,1576818.0
1600300800,156.26127440678695,159.43223745747383,155.0245169028035,158.40006929072823,1330753.0
1600387200,157.6003511046036,158.52092954653116,155.94509534473104,156.8750424185005,2454123.0
1600646400,153.2669909995263,153.60176017398044,147.47747082382327,150.0587986736144,2229785.0
1600732800,149.57991934025236,151.57455501485725,148.89645066965247,151.2770151156281,1250580.0
1600819200,150.94224594117395,152.41145342577838,146.7669263166961,147.65964411524052,1254011.0
1600905600,147.22260479738168,149.63568967744715,145.85655036389477,147.63178347185737,1119156.0
1600992000,146.59956625468325,150.70042732871107,146.15320735541104,150.17038839843246,1297153.0
1601251200,152.91363171267386,154.50374850350974,151.78841488307998,153.09958188708495,1256497.0
1601337600,153.02522143749192,154.57815800353129,152.01159433271607,152.978721631282,1096389.0
1601424000,154.15038921665735,156.1496846819689,151.5931451272555,153.07172124370183,1441704.0
1601510400,154.55024830971965,155.4243759958658,150.75315653933941,152.20691313896904,1204741.0
1601596800,150.29129770466386,155.2941961586495,150.04020856121613,154.00161926704274,1170063.0
1601856000,155.28487657723613,157.38649123638086,155.05242659661513,156.89363253089874,875057.0
1601942400,157.25626234873607,159.40437681409068,154.94083687179707,155.19187696481632,1172941.0
1602028800,157.14467262391798,160.1250257094871,156.7076333060592,159.52523706989362,1015301.0
1602115200,160.2970946126351,161.68262206623314,159.46014715128547,161.59894203522674,988968.0
1602201600,162.17548077171526,163.71914680676974,161.1200627018647,162.15689065931699,1318512.0
1602460800,162.78919973300032,164.57463533008914,161.91512109728265,163.06819857025968,1698141.0
1602547200,161.73844145385644,162.67299926790406,158.56742935274104,159.52523706989362,1157637.0
1602633600,160.95731338013005,162.696249171009,160.68763412428405,161.31067266698247,1193183.0
1602720000,159.06960763963653,161.37110279488394,158.39074970931486,160.51095448085786,1218727.0
1602806400,161.1525831359545,164.03527681839714,160.68763412428405,162.60324955858923,1814467.0
1603065600,162.35216041514147,162.88219934542008,159.06028805822316,159.56246634511865,1051807.0
1603152000,160.38077464364153,163.40296774471386,160.38077464364153,161.11540291115801,790149.0
1603238400,160.49236436845956,162.93792063218638,160.4505243529564,160.7527240428922,913487.0
1603324800,161.4408525041988,164.8257244735369,160.91081357392017,164.45372602385774,941399.0
1603411200,165.52312346582835,166.1178108608587,161.48735231040868,163.2355586322725,994071.0
1603670400,161.05958352353474,161.05958352353474,155.8494470091727,158.24197975970026,1161867.0
1603756800,157.1911724301279,157.94439081004262,154.9780170965936,155.0616971276,1004792.0
1603843200,151.12819611558504,153.90861965462295,149.68684927436374,149.86352891778992,1616850.0
1603929600,149.1661299254985,154.1224795228457,148.2455024331424,153.06240166228847,1556820.0
1604016000,150.21688820464237,154.14111868567244,149.76125877438525,153.3879003057577,2195004.0
1604275200,157.33999143017098,162.26848038413505,156.3263643253951,161.4408525041988,2099174.0
1604361600,163.22162831058094,167.74559838077602,162.0359813530856,166.64834029542226,1859910.0
1604448000,164.07250609362214,169.64262370268293,161.13399302355626,166.36934145816286,2159316.0
1604534400,167.74559838077602,171.4559199431549,167.58750884974808,170.43302230739417,2292567.0
1604620800,170.66552133844365,172.96240575341287,170.0564131174368,171.3536497997502,1540208.0
1604880000,190.53761573575642,195.28010546488093,179.86228047887687,183.1820625296068,3867613.0
1604966400,185.43239808793763,188.7893603634641,184.24214039016408,187.82228211532663,2941092.0
1605052800,188.11982201455578,188.72427044485596,184.43741014598854,185.32080836311957,1619240.0
1605139200,183.70278187847205,185.33478773523964,181.96384608759314,183.4145125102278,1330386.0
1605225600,184.90235915765902,187.7432128245984,184.90235915765902,187.41310344085093,1177688.0
1605484800,191.55119379010378,194.91742659661514,189.13810891003834,193.96893846087593,2449404.0
1605571200,192.40668231342318,192.40668231342318,189.10553942552,190.93747482881875,1723913.0
1605657600,190.16561728607726,190.60270565436457,186.87374492915893,187.01324434778863,2211188.0
1605744000,187.1713338788166,188.85445028207226,185.87885508806684,188.5104105766332,1631507.0
1605830400,187.62701235950217,189.07762973170836,186.4460251927135,187.84087222772493,1179526.0
1606089600,189.375218681366,190.9095651350071,189.16130976271478,190.24002678609878,1403997.0
1606176000,193.6992592050299,194.1549376857155,192.24864183282375,193.31799022436587,2027256.0
1606262400,193.42030941819905,194.01377055251712,192.07191313896902,193.12272046854142,1217265.0
1606435200,193.1134499375565,194.74074695318893,193.04836001894836,194.73147642220403,717082.0
1606694400,192.64850092588603,193.65275939882005,189.62630782481375,189.62630782481375,3232852.0
1606780800,192.57409142586454,195.12441940484905,191.4953744024805,191.74646354592824,1897746.0
1606867200,191.55119379010378,194.3873876663365,191.5326036777055,193.42030941819905,1230030.0
1606953600,192.1277325265923,194.7593861160157,191.94173330175272,193.6248987554369,1389716.0
1607040000,194.71288630980578,197.96752939149908,194.71288630980578,197.77225963567463,1599419.0
1607299200,196.6842720813057,196.94463175573833,194.67565703458078,196.30300310064166,1297565.0
1607385600,195.57769441453857,198.12561892252702,195.18710585246114,197.20499143017096,1151163.0
1607472000,197.92102958528918,198.83233749623184,195.94498402308255,197.36308096119893,1473242.0
1607558400,195.51260449593042,197.88384936049266,195.48469480211878,197.11204086817966,1493739.0
1607644800,194.86165625942033,200.17141419404848,194.86042999870804,199.5855558761466,1559769.0
1607904000,200.85954265535506,201.51049089186512,196.86095172473193,197.0004511433616,1672738.0
1607990400,198.9997466086732,199.83664501959433,197.02831178674475,199.15783613970115,1251242.0
1608076800,198.43247840316957,199.3066060893157,194.5640673097627,195.56837483312518,1465057.0
1608163200,196.16350368201196,197.08413117436803,195.28010546488093,197.08413117436803,1074297.0
1608249600,197.4095807674088,197.61417010464666,193.99684815468757,195.31728568967745,3343080.0
1608508800,191.21642461564963,196.3588224882649,190.49111592954654,195.89382442616596,1233731.0
1608595200,195.81014439515957,196.40066250376813,193.28080999956936,193.36449003057578,1010029.0
1608681600,194.91742659661514,197.2701303992076,194.57338689117609,195.27078588346757,1023525.0
1608768000,195.77296417036303,195.93105370139097,193.9782580422893,194.84306614702209,377457.0
1609113600,196.21000348822187,196.4239124068731,194.7035667283924,195.22433512768615,857867.0
1609200000,196.58195288747254,196.58195288747254,193.30871969338097,194.47106769734293,763822.0
1609286400,195.28010546488093,196.75868158132724,194.87092679040524,196.16350368201196,801080.0
1609372800,196.21000348822187,198.06984858533224,194.9732459842384,197.79084974807287,703198.0
1609718400,197.92102958528918,198.07911911631712,191.89523349554284,193.37380961198915,1164590.0
1609804800,192.47177223203133,195.45678510830712,192.47177223203133,193.848078205073,1086129.0
1609891200,194.76865664700054,198.9811564962749,194.5640673097627,197.38167107359718,1374084.0
1609977600,197.96752939149908,199.00901713965806,196.02405331381078,197.70716971706645,1028675.0
1610064000,197.88384936049266,198.4487631454287,193.1134499375565,195.30801515869257,1639466.0
1610323200,193.52257956160372,194.92208638732183,193.2622198871711,193.7550785926532,1469457.0
1610409600,193.29012958098272,194.79656634081218,190.87366022135137,194.23861771672193,1249396.0
1610496000,193.68066909263166,193.99684815468757,191.93246277076784,192.5090015072564,1072609.0
1610582400,193.45748964299557,195.07551612764308,192.65777145687093,193.9875285732742,1830749.0
1610668800,192.98322104991172,193.29169919469444,190.81656552258733,191.5326036777055,1943775.0
1611014400,193.64348886783515,194.1270279919039,191.97896257697775,192.267231945222,1328295.0
1611100800,193.3458999181775,194.04334796089745,192.18350286378708,193.49466986779208,1226223.0
1611187200,192.3601825072133,193.2436297747728,190.7235659101675,190.84447521639896,1352947.0
1611273600,189.94243783644114,190.12843706128072,187.27360402222126,188.0733222083459,1751487.0
1611532800,187.22715326643984,188.36159157659017,186.07402674303432,187.71996292149348,2368846.0
1611619200,189.5518983247922,190.416706429525,186.8923840919857,186.96674454157875,1100953.0
1611705600,184.2235502777658,186.68779475474784,182.75429374273287,185.40453744455448,2054284.0
1611792000,186.55761491753154,190.95606494121702,185.63698742517548,188.62200030145127,1865869.0
1611878400,182.73570363033463,186.8551548167607,180.91308780844926,181.67557671934884,2317703.0
1612137600,183.70278187847205,183.90271142500322,181.59189668834244,181.85225636277508,1444563.0
1612224000,183.9631415529047,186.79006489815254,183.66560165367557,186.09266590586105,1384020.0
1612310400,185.63698742517548,185.88807656862323,183.57260204125575,185.1813579949184,955129.0
1612396800,185.82298665001508,187.33869394082942,184.89308862667414,186.5297052237199,1136648.0
1612483200,188.05473209594763,189.57980801860384,187.1688323069635,188.6963607510443,934109.0
1612742400,189.53330821239393,190.53761573575642,188.36159157659017,189.57048843719048,1038005.0
1612828800,189.3287188751561,189.5147180999957,186.985334653977,187.85946234012317,897116.0
1612915200,188.77077025106584,189.09621984410663,187.07833426639678,187.98964217733948,947295.0
1613001600,188.00823228973772,188.86376986348566,186.7993844795659,188.00823228973772,854484.0
1613088000,188.18491193316396,189.50539851858233,187.5154716851126,189.30080918134448,995176.0
1613433600,190.50038646053142,191.16060522802636,187.72928250290684,189.17994892554154,1141750.0
1613520000,187.24574337883814,188.0175518711511,185.8508472933982,187.7478726153051,1470582.0
1613606400,187.37592321605445,190.46320623573487,186.5854755609147,189.2543093751346,882493.0
1613692800,189.81225799922484,192.33222376297317,189.0683592007235,189.2915386503596,1217280.0
1613952000,188.80795047586236,189.97966711166617,188.23141173937387,189.34730898755436,1102695.0
1614038400,190.6398858791611,191.4116943714741,188.7428605572542,190.66779557297272,1229650.0
1614124800,190.52829615434305,197.2701303992076,189.2357192627363,196.2379131820335,1670760.0
1614211200,195.23360565867102,195.7032144610482,189.94243783644114,190.43529654192326,1367504.0
1614297600,191.21642461564963,191.37451414667757,187.90596214633308,188.1663218207657,1832952.0
1614556800,190.00752775504932,193.55980883682872,189.41239890616254,191.7650536583265,1267977.0
1614643200,192.27650247620687,193.41098983678566,190.79797541018905,192.0998228327807,1250100.0
1614729600,191.67205404590675,194.76865664700054,191.67205404590675,192.499681925843,1353195.0
1614816000,192.81586098789887,193.45748964299557,186.45529572369838,188.71499991387105,1399395.0
1614902400,190.19352697988887,192.91813113130357,187.63628289048708,192.0998228327807,1428992.0
1615161600,192.99254063132508,197.55839976745187,192.6717017785625,193.14131058093966,1608008.0
1615248000,194.3408878601266,195.22433512768615,192.01614280177424,193.05763054993326,1321741.0
1615334400,193.12272046854142,198.3208886783515,193.09481077472978,197.98611950389733,2166244.0
1615420800,196.94463175573833,199.70646518237803,196.39600271306145,197.60485052323327,1479852.0
1615507200,198.33947879074975,200.29227444985142,198.25579875974333,199.3531058955256,919622.0
1615766400,198.73006735282718,201.789440678696,197.79084974807287,201.04554188019466,1280605.0
1615852800,201.1943118298092,201.2965819732139,196.5912724688859,196.9632218681366,1288854.0
1615939200,198.53479759700272,199.3996057017355,197.08413117436803,198.0977092287154,1365098.0
1616025600,198.53479759700272,203.6492367253779,198.23720864734508,199.9482347444124,2146975.0
1616112000,200.27368433745318,200.47827367469102,197.29799104259075,197.98611950389733,5055395.0
1616371200,196.31232268205505,197.77225963567463,194.84306614702209,197.26081081779424,1653292.0
1616457600,195.67069402695836,197.46540015503209,193.29940011196763,193.96893846087593,956877.0
1616544000,195.24292524008442,199.97614443822403,195.17783532147624,197.34449084880063,1281099.0
1616630400,197.33522031781578,199.04624641488306,193.65275939882005,198.88815688385512,1108823.0
1616716800,200.04123435683218,203.36096735713363,199.12526665518283,203.21219740751906,1270007.0
1616976000,202.39388910899618,204.2722752680763,201.91962051591233,203.53764700055984,1532019.0
1617062400,203.6492367253779,203.93745704319366,201.8359404849059,202.80301873304336,1224103.0
1617148800,202.89601834546318,203.80732625640584,201.556990698075,201.85453059730415,1225011.0
1617235200,202.68215847724042,202.6914780586538,200.38640222212652,201.60344145385642,1054875.0
1617580800,203.37960651996036,204.681453942552,203.06342745790448,203.90032586882563,1129442.0
1617667200,204.179324706085,205.55558162869818,203.19360729512078,203.82591636880412,897980.0
1617753600,202.92392803927478,204.46759407432927,202.04749498298952,203.18428771370742,858613.0
1617840000,202.88674781447827,204.5419545239223,201.45467150424184,204.44895491150254,1036009.0
1617926400,211.55346802463288,211.67432828043582,207.65714723741442,211.06987985013566,1930966.0
1618185600,209.8238518151673,213.16217492786703,209.74944231514579,212.5763656603936,1330034.0
1618272000,213.14358481546876,213.830781318634,211.64641858662418,212.94831505964427,1375116.0
1618358400,212.01841703630333,214.7988405753413,212.01841703630333,213.30167434649672,1093269.0
1618444800,214.09207295120797,214.53843185048015,212.5437961758753,213.72944313337067,1004796.0
1618531200,215.44046923043797,216.06350777313637,213.92471288919512,215.84032832350027,2049148.0
1618790400,215.46832987382112,215.8356685327936,214.3431620946557,214.78020141251454,1452219.0
1618876800,213.8782130829852,214.05489272641145,209.95403165238363,211.3953784936049,1025333.0
1618963200,211.20937926876536,214.50125162568364,211.02342909435427,214.3431620946557,861268.0
1619049600,214.2501624822359,215.76591882347876,212.7623158348047,213.19008462167866,1258078.0
1619136000,209.4146731406916,211.0420192067525,206.64356918306706,208.76372490418157,2656364.0
1619395200,209.7773520089574,209.9168023771586,205.75085138452263,205.992620946557,1805676.0
1619481600,206.45756995822745,208.0663259118901,205.61135196589294,207.303787950562,1393263.0
1619568000,207.12710830713579,208.42895572972742,206.9039288574997,207.24796856293872,1084027.0
1619654400,208.0290966366651,208.44754584212566,206.1430586107403,208.2057762800913,894969.0
1619740800,207.3874679815684,207.90823638086215,205.54626204728478,207.40605809396666,1108493.0
1620000000,208.5219553421472,209.02413362904267,206.68197566857586,207.55487709400973,1109365.0
1620086400,206.5691596830455,209.7866225399423,205.27658279143878,209.62853300891433,1413480.0
1620172800,210.42825119503897,211.33838189569786,208.81488450109813,210.33525158261918,790381.0
1620259200,211.3209689935834,212.78090594720297,209.6471231213126,212.6321359975884,1026613.0
1620345600,212.1392772921063,213.59926329615436,210.5026606950605,212.75304530381982,978561.0
1620604800,212.94831505964427,216.34245755996727,212.94831505964427,214.7523407691314,1196849.0
1620691200,212.07418737349815,213.19008462167866,208.53127492356057,213.09708500925888,1690145.0
1620777600,210.75374983850824,211.33028857499676,204.47686460531415,204.61636402394385,2098552.0
1620864000,203.49119624477842,209.1078136600491,203.4074671633435,208.00123599328194,1452862.0
1620950400,209.9168023771586,212.2322769045261,209.08922354765085,211.42328818741657,1040654.0
1621209600,211.88823719908703,211.88823719908703,208.98224456311098,210.59566030748027,1029005.0
1621296000,209.57276267171954,210.1446416175014,206.65283971405194,206.73651974505836,1200211.0
1621382400,205.20222234184573,205.94612114034712,201.58485134145815,205.80662172171742,1525108.0
1621468800,205.0320173549804,207.26660772576548,205.01622311700615,206.55984010163215,1103918.0
1621555200,207.36887786917015,209.80987244304725,207.05269880711424,207.55487709400973,1137300.0
1621814400,208.76372490418157,209.70760229964256,207.5269674001981,209.22867391585203,906771.0
1621900800,209.22867391585203,209.88884363291848,207.73155673743594,208.3359561173076,902318.0
1621987200,209.1914936910555,209.21940338486715,207.65714723741442,208.54986503595882,874058.0
1622073600,210.80024964471812,215.49623956763273,210.70725003229836,215.0592002497739,3323587.0
1622160000,215.73800912966712,215.9611885793032,214.16648245122948,214.72443107531976,1264673.0
1622505600,216.56563700960336,217.30958485853324,215.28237969941003,216.62145639722667,1117073.0
1622592000,217.61644433917573,217.61644433917573,214.3431620946557,214.5663415442918,1112695.0
1622678400,214.53843185048015,215.40323995521297,212.45545635416218,213.13431428448388,1160647.0
1622764800,213.65503363334912,214.57566112570518,213.1216592739331,213.92471288919512,649986.0
1623024000,213.42258365272812,214.2129822574394,211.581328668016,212.19509667972955,1016240.0
1623110400,212.3066864045476,214.64075104431333,211.4976486370096,213.70153343955903,860292.0
1623196800,213.7108530209724,214.2501624822359,211.64641858662418,211.84173739287715,986791.0
1623283200,213.05990478446233,213.9340324706085,210.29807135782266,210.39107097024245,1111778.0
1623369600,211.78591800525385,212.32527651694588,208.26159566771457,209.39608302829336,999453.0
1623628800,209.154313466259,209.18217410964215,207.1177887257224,207.5269674001981,1293031.0
1623715200,207.3874679815684,208.16859605529478,206.13212036518667,206.9039288574997,1031617.0
1623801600,206.9039288574997,207.27587825675033,203.2772873261272,203.639966194393,1526171.0
1623888000,203.83523595021745,204.76513397355842,199.6738956978597,201.12922191120106,1212838.0
1623974400,198.62774815899402,200.19932388786012,197.1027212867663,197.60485052323327,2713262.0
1624233600,199.68787506997975,202.18929977175833,199.3158766203006,200.85954265535506,1436178.0
1624320000,200.56195370569742,201.60344145385642,199.81805490719609,200.38527406227124,1055520.0
1624406400,200.55268317471254,201.20358236079412,199.52046595753845,199.61346556995824,1117271.0
1624492800,200.6642728995306,202.75656797726197,199.60414598854484,202.4310693337927,1682247.0
1624579200,202.59847844623403,204.73722427974678,202.09630015933854,203.4074671633435,2609556.0
1624838400,203.76082645019596,204.681453942552,201.13849244218596,201.59417092287154,1180167.0
1624924800,201.81735037250763,203.05410787649112,200.32018414366308,200.81304284914518,1500988.0
1625011200,200.42250333749624,204.44895491150254,200.42250333749624,203.97473536884715,1433202.0
1625097600,205.11849326041084,205.75085138452263,204.26300473709142,205.15572253563585,815146.0
1625184000,205.49976224107488,206.48547965203912,204.3130361741527,205.80662172171742,771781.0
1625529600,204.66286383015375,205.46258201627836,200.7944527367469,203.2401071013307,967925.0
1625616000,202.74724839584857,206.05771086516515,202.72865828345033,205.26731226045388,781680.0
1625702400,203.2401071013307,205.24170793678135,201.9117233969252,203.9468256750355,1202352.0
1625788800,205.53694246587142,208.85672451660136,205.26731226045388,208.61495495456697,1080919.0
1626048000,207.2572881443521,209.8796221523621,206.55984010163215,209.2472640282503,1033132.0
1626134400,210.01912157099179,210.01912157099179,208.0290966366651,208.37318539253263,708704.0
1626220800,208.45465815425692,212.72513561000818,208.45465815425692,211.80450811765215,1315923.0
1626307200,213.8782130829852,217.06776624607036,212.98549528444082,216.49122750958185,2773400.0
1626393600,215.91468877309333,217.4676253391327,213.52485379613282,214.18507256362776,1796416.0
1626652800,209.85171245855045,210.7258401446966,204.5884543301322,205.19290276043236,3053574.0
1626739200,206.10421067137506,215.0592002497739,205.97403083415873,213.56203402092933,14118545.0
1626825600,213.13431428448388,215.80682688084062,212.69722591619654,215.5985587614659,2277325.0
1626912000,216.39827694759055,217.83030420739848,213.99912238921667,216.4261375909737,1840117.0
1626998400,212.94831505964427,214.91970083114424,210.32691300977564,213.24585495887342,1954273.0
1627257600,212.4684547177124,213.65503363334912,209.43326325308988,213.18076504026527,1388431.0
1627344000,212.65072610998664,215.98909827311485,212.10209706730976,214.2129822574394,1083536.0
1627430400,213.9433030015934,215.9984178545282,213.29235476508333,214.33389156367082,856939.0
1627516800,216.56563700960336,216.90040618405754,215.11963037767538,216.55636647861851,750930.0
1627603200,216.4726373971836,217.5420348391542,215.81241862968864,217.40253542052454,1118667.0
1627862400,218.65793208733476,220.257368459584,215.94259846690497,216.12859769174455,1012744.0
1627948800,216.825996684036,217.4618864389992,214.41757159467724,216.34245755996727,891490.0
1628035200,215.55205895525603,216.6493170406098,212.8604166917876,213.49694410232118,1162040.0
1628121600,213.4411737651264,215.31955992420654,212.9018152534344,213.76662335816718,733581.0
1628208000,213.8782130829852,214.70584096292149,212.95758559062918,213.5806241333276,663746.0
1628467200,212.73445519142155,213.24585495887342,211.59996783084276,212.2322769045261,684939.0
1628553600,212.3996860169674,215.80309904827527,212.1300067611214,215.62641940484906,1194547.0
1628640000,216.29595775375736,218.2278579303217,215.6124890831575,217.76521428879033,1049269.0
1628726400,217.15149532750527,217.36069540502132,214.5291613194953,215.68223879247233,958686.0
1628812800,215.5985587614659,216.35177714138067,214.94761052495585,215.51482968003103,702396.0
1629072000,215.60782929245082,217.41185500193788,214.03630261401315,217.35608466474312,897310.0
1629158400,216.84463584686276,217.3188553895181,212.33459609835924,215.22656031178673,1339568.0
1629244800,213.8410328581887,215.26378958701173,212.24159648593945,212.40895654795227,1277652.0
1629331200,211.6278284742259,213.16963059299772,210.19580121441797,211.7673278928556,972564.0
1629417600,212.1392772921063,212.69722591619654,210.63284053227682,211.73941819904397,1040534.0
1629676800,211.3209689935834,215.37537931182982,211.3209689935834,213.05058520304897,1071734.0
1629763200,212.80881564101458,214.72909086602644,212.3066864045476,214.2873917574609,632863.0
1629849600,214.67793126910985,216.05502204900736,212.7623158348047,214.49193204427027,902123.0
1629936000,213.95262258300676,214.97552021876749,213.3481741527066,214.69652138150812,651660.0
1630022400,215.34746961801818,217.1840157615951,214.49193204427027,214.93829094354248,831812.0
1630281600,215.01270044356403,216.4633668661987,214.39898148227897,215.61714887386418,659142.0
1630368000,215.20797019938848,216.34245755996727,214.40825201326385,215.65432909866067,978157.0
1630454400,216.62145639722667,216.84463584686276,213.22726484647518,213.69221385814566,1242287.0
1630540800,214.73375065673315,215.21728978080188,213.6643532147625,214.78020141251454,797275.0
1630627200,214.80811110632618,214.80811110632618,211.80450811765215,212.35318621075749,811215.0
1630972800,211.73941819904397,211.73941819904397,207.1550180009474,207.303787950562,1611436.0
1631059200,207.1363788381207,209.13567430343224,206.27157073338788,208.67072529176176,1214281.0
1631145600,208.21509586150466,209.21008380345376,206.74583932647175,207.303787950562,968943.0
1631232000,207.3409681753585,209.40535355927824,206.63424960165366,206.78301955126824,1178955.0
1631491200,208.59170505146204,209.88894173377545,206.63424960165366,207.92682649326042,1385824.0
1631577600,208.34527569872097,208.41036561732915,204.3095045433013,204.75586344257354,1349965.0
1631664000,205.16499306662072,207.28519783816373,204.70936363636363,206.15071047758497,1010877.0
1631750400,205.7601219155075,205.89035080315233,203.20292687653418,204.25368515567806,1196768.0
1631836800,204.44895491150254,204.44895491150254,202.25458589208046,203.17501718272254,2195879.0
1632096000,200.94322268636148,202.5705687524224,199.1764262520994,200.60845351190733,2004324.0
1632182400,201.59417092287154,201.73367034150124,199.32519620171396,199.83664501959433,1284430.0
1632268800,201.26872132983075,203.11792248395847,201.15713160501272,201.80803079109427,1140548.0
1632355200,202.0684395159554,205.8538572843547,202.0684395159554,204.30018496188794,1090036.0
1632441600,204.33736518668445,205.33240217906206,203.15642707032427,203.82591636880412,974537.0
1632700800,203.59346638818312,204.4210942681194,202.4682986090177,202.62633908961718,1099662.0
1632787200,201.4360813918436,203.0448373455062,199.436785926532,199.90173493820248,1327147.0
1632873600,200.70145312432712,201.24081163601912,199.51119542655354,199.8552351319926,1054527.0
1632960000,201.01763218638303,201.08738189569786,197.2329011239826,197.40031023642393,1467186.0
1633046400,198.05120942250548,201.25130842771628,196.80052159683046,200.53409306231427,1138248.0
1633305600,200.16209461263512,201.4360813918436,198.24652822875845,199.19501636449766,1316140.0
1633392000,198.6370677404074,201.83584238404893,198.6370677404074,200.59918298092242,780092.0
1633478400,198.78583769002196,201.78017014771112,198.18143831015027,201.6592608414797,868011.0
1633564800,202.71933870203694,204.44895491150254,202.44965944619094,203.06342745790448,926425.0
1633651200,203.35169682614875,204.16068554325824,201.54767111666166,202.44038891520609,672440.0
1633910400,202.14279996554842,202.92392803927478,200.17141419404848,200.19932388786012,677607.0
1633996800,200.58059286852418,201.08272210499118,198.93465669006503,199.3066060893157,691905.0
1634083200,200.19932388786012,201.49190077946685,198.01402919770896,200.46900314370612,800101.0
1634169600,201.9382106283106,203.4446964385685,201.35146940269584,203.26801679514233,712778.0
1634256000,204.8581335859782,205.92753102794882,203.8911043882692,205.24867309762715,1090301.0
1634515200,203.25869721372896,205.94612114034712,202.5705687524224,205.16499306662072,941750.0
1634601600,205.84385099694242,206.29020989621463,204.07700551225184,206.23439050859136,799815.0
1634688000,206.65283971405194,208.01050652426682,205.35099229146033,207.96400671805694,828525.0
1634774400,207.94541660565866,209.0984940786357,205.73226127212436,208.78231501657982,1324618.0
1634860800,207.34003621721718,208.2057762800913,202.0126201283321,202.1613900779467,1749296.0
1635120000,201.6127610352698,203.6492367253779,200.5294332716076,202.29161896559148,1355216.0
1635206400,202.90533792687654,205.01622311700615,201.57558081047327,203.01692765169457,1221936.0
1635292800,202.81233831445672,202.87090452607555,200.13290960768268,200.59918298092242,823528.0
1635379200,199.3531058955256,203.44410783342664,199.3531058955256,203.16569760130918,973935.0
1635465600,202.71933870203694,204.8581335859782,201.8452600663193,203.29587743852548,1307683.0
1635724800,203.37028693854703,204.62563455492872,202.78879410878085,204.3560043495112,848923.0
1635811200,205.08131303561433,206.41107015201757,203.8839430257095,205.68576146591448,1148685.0
1635897600,205.42535274105336,207.41537767538003,204.1885952370699,207.18287864433054,1028640.0
1635984000,207.06201838852763,209.07990396623745,206.51338934585075,206.8946092760863,1160083.0
1636070400,208.5219553421472,211.65573816803754,208.13141583049827,210.21439132681624,1164617.0
1636329600,211.83707760217044,212.24159648593945,208.6521351793635,209.90753184617373,857682.0
1636416000,209.8796221523621,212.2601865983377,209.5541725593213,211.78591800525385,1184495.0
1636502400,211.33955910598166,211.93473700529694,209.39608302829336,209.6099428965161,662473.0
1636588800,209.69362292752248,209.69362292752248,205.1324726325309,205.51835235347318,797947.0
1636675200,206.38316045820594,206.9411090822962,204.11418573704836,206.801658714095,1092325.0
1636934400,207.0247891133026,208.33674092416345,206.10421067137506,206.87601916368806,603959.0
1637020800,207.01551858231772,207.62923754360278,205.56485215968303,205.8531215279273,824274.0
1637107200,205.49976224107488,205.7741012876276,204.21081508117652,205.03481322940442,948281.0
1637193600,204.10957499677016,205.46258201627836,203.66787588820466,205.23008298522888,844166.0
1637280000,205.51835235347318,205.69503199689936,201.94753020972394,203.17501718272254,1048067.0
1637539200,203.02619818267948,205.55558162869818,202.74724839584857,202.84951853925327,1226535.0
1637625600,202.12420985315015,203.1471074889109,200.0644842599371,200.85954265535506,2010725.0
1637712000,200.05982446923042,200.77586262434866,196.99113156194824,197.33522031781578,1633017.0
1637884800,190.5840664915378,194.35020744154,188.3709111580035,193.6155791740235,1928889.0
1638144000,195.4753752207054,195.4753752207054,192.49041139485809,193.10413035614317,1299212.0
1638230400,191.77344128159854,191.997552689376,187.01324434778863,188.06405167736102,2840165.0
1638316800,191.2350147280479,191.44892364669911,185.21853821971493,185.44171766935102,1561783.0
1638403200,186.86913418888076,191.0490645536368,185.51612716937257,189.70066827440678,3002426.0
1638489600,189.70998785582015,190.147027173679,186.91097420438396,189.2357192627363,1772931.0
1638748800,190.84447521639896,193.50398944920545,190.50970604194478,191.79296335213814,2188308.0
1638835200,192.79727087550063,194.90815606563024,191.33733392188105,192.6298617630593,2393353.0
1638921600,190.48179634813317,190.93747482881875,188.32450945265063,190.30511670470693,2498701.0
1639008000,190.24002678609878,192.6391813444727,188.72427044485596,191.56046432108866,2496002.0
1639094400,192.34159239481502,195.31728568967745,191.39310425907584,195.10342582145472,1705098.0
1639353600,195.09410624004133,195.97755350760087,193.9782580422893,194.5640673097627,1446152.0
1639440000,194.19211791051205,196.71218177511736,191.47678429008226,192.19282244520048,1895304.0
1639526400,192.9981323801731,195.6520548641316,190.8537457473838,195.0569260152448,1475984.0
1639612800,196.44250251927136,196.470412213083,194.62915722837087,194.91742659661514,1496606.0
1639699200,194.77797622841393,195.38237560828563,190.36088704190172,190.78865582877566,2793388.0
1639958400,187.95246195254296,188.4497842470178,184.21423069635244,185.84157676241333,1693676.0
1640044800,187.05042457258514,188.566180913828,186.26934554928727,187.5340127470824,1314089.0
1640131200,187.1155635416218,187.84087222772493,186.05543663063605,187.69210227811033,1555552.0
1640217600,188.95676947590545,191.84878273976142,188.77077025106584,190.83515563498557,1188055.0
1640563200,191.27219495284442,192.15554411954696,190.54772012402566,191.960323414151,1243243.0
1640649600,191.997552689376,193.52257956160372,191.76544606175443,192.536911201068,985847.0
1640736000,193.33662938719263,193.45748964299557,191.98823310796263,192.98322104991172,857311.0
1640822400,193.5133090306188,194.2572078291202,192.40668231342318,192.59268153826278,636571.0
1640908800,192.3601825072133,194.5268870849662,191.9138726583696,193.8945289608544,768304.0
1641168000,193.29012958098272,194.67555893372378,191.15133469704148,192.30441217001854,1290160.0
1641254400,192.21793626458808,194.86165625942033,191.2350147280479,194.35020744154,1628176.0
1641340800,194.84772593772877,200.46900314370612,194.46179716635805,196.26582287584515,2044272.0
1641427200,196.9539513371517,199.32519620171396,195.85664420136945,196.04264342620903,1635191.0
1641513600,197.27940093019248,202.07771004694027,196.7400424185005,200.62704362430557,1528425.0
1641772800,200.55268317471254,201.28731144222903,197.00972167434648,198.49756832177772,1726958.0
1641859200,199.39028612032214,201.78017014771112,196.6935426122906,201.14781202359933,1764735.0
1641945600,202.2451191593816,203.82591636880412,202.11489027173678,202.95183773308642,1552476.0
1642032000,203.09133715171612,206.33666065199606,202.78442862064512,204.0490958184402,1541374.0
1642118400,202.35670888419963,202.6914780586538,200.26441380646827,202.39388910899618,1671529.0
1642464000,199.81805490719609,200.8037232677318,197.1910611084794,198.61847762800912,1527615.0
1642550400,199.38101558933724,199.7157357133629,195.83805408897118,195.95896339520263,1307383.0
1642636800,196.84236161233366,199.41819581413375,194.09445850738555,194.27579794151845,1284347.0
1642723200,194.59197700357436,194.90815606563024,190.5933860729512,190.7235659101675,2220412.0
1642982400,189.88666749924639,190.4260260109384,185.03253899487532,190.11911747986738,2732414.0
1643068800,186.64129494853796,189.50539851858233,184.03755105292623,188.11982201455578,2618897.0
1643155200,188.91306554411955,191.4535343869773,184.790769432841,186.5854755609147,1693786.0
1643241600,188.835860169674,190.47100525386506,185.29294771973645,186.5854755609147,1377503.0
1643328000,186.33443546789545,187.8873720339348,182.30793484346066,187.83155264631154,1696149.0
1643587200,186.50179552990826,190.61197618534948,185.33939847551787,190.147027173679,1648881.0
1643673600,189.63557835579863,191.39310425907584,187.38519374703932,190.94674535980363,1526638.0
1643760000,191.02115485982517,193.27149041815596,190.29579712329357,193.00186021273848,1417972.0
1643846400,186.1298461306576,186.91097420438396,178.15125438180957,178.30002433142414,4339938.0
1643932800,178.42093363765557,179.276422160975,174.85011149390638,178.07684488178802,2739971.0
1644192000,178.6812933120882,180.95026803324578,177.43521622669138,178.98815279273072,1728919.0
1644278400,178.98815279273072,181.3873073511046,177.65839567632747,180.9223583394341,1367908.0
1644364800,182.37302476206884,183.20531243271176,181.04326764566557,182.8379737737393,1605330.0
1644451200,180.50390913397356,183.16195185392533,177.63048598251584,178.3093439128375,1829796.0
1644537600,178.3651142500323,179.36942177339478,173.47189255415358,173.8829841953404,2661745.0
1644796800,174.2456630636062,175.21274131174368,171.60473894319796,173.60403440850956,1578470.0
1644883200,174.98956186210756,176.61690792816844,173.45521540846647,176.2449585289178,1436730.0
1644969600,176.25422905990266,176.49599862193705,173.7063045519142,175.80787016063047,1542782.0
1645056000,174.338662676026,174.7105139744197,171.38155949356187,171.65123874940787,1537977.0
1645142400,171.03747073769432,172.08827806726669,168.67549640411696,169.36362486542353,2519199.0
1645488000,170.2842523577796,172.29286740450453,168.2570471986564,169.76348395848584,2004061.0
1645574400,170.70270156324017,170.9909709314844,166.2670713147582,166.41584126437274,1791218.0
1645660800,162.68692958959562,169.8843932647173,162.19407088411353,169.5589436716765,2949829.0
1645747200,169.33576422204038,176.2356389475044,169.30785452822875,175.34292114896,2500600.0
1646006400,173.00885650919426,176.62622750958184,173.00885650919426,176.44954786615565,2055529.0
1646092800,173.5668051332845,176.54249842814693,170.10757271435338,170.7306112570518,2731581.0
1646179200,172.34863774169932,175.05465178071572,171.25137965634556,173.37153537746005,2670359.0
1646265600,176.1891391412945,178.39768373455064,174.00389350157184,174.37584290082253,2511456.0
1646352000,172.6369071099436,174.51534231945223,171.5860997803712,174.2921628698161,2542861.0
1646611200,173.92948400155032,174.17125356358468,169.26135472201884,169.3915345592352,1766892.0
1646697600,169.4194442530468,173.91089388915205,169.35435433443865,170.39584208259765,2287512.0
1646784000,173.2971258774385,174.10616364497653,171.93018853623875,172.4044571293226,1449704.0
1646870400,169.7448938460876,172.1347778734766,169.44735394685844,171.43732983075665,1227718.0
1646956800,173.31576504026526,173.82721385814565,169.27067430343223,169.46594405925669,1362786.0
1647216000,170.60970195082038,172.22777748589638,169.91230295852893,170.35866185780114,1501037.0
1647302400,172.15336798587484,174.975631540416,171.83905284010163,174.6269320442703,1961458.0
1647388800,176.31004844752596,177.84439490116702,173.4459448774816,177.6398055639292,2066470.0
1647475200,176.35654825373584,179.10906209896214,175.93809904827526,178.47670397485035,1576755.0
1647561600,178.32793402523578,181.2571275138883,176.49599862193705,181.0711773394772,4374301.0
1647820800,180.00177989750657,180.78290797123293,178.09548404461478,179.4903310796262,1750397.0
1647907200,179.60192080444423,182.18702553722923,179.60192080444423,181.35944670772145,1184729.0
1647993600,180.81076861461608,181.2943567891133,178.55111347487187,178.8579729555144,908029.0
1648080000,179.63910102924078,181.0711773394772,178.5882936996684,181.04326764566557,1098919.0
1648166400,181.6569866069506,184.4560002583868,181.62907691313896,183.9259613281082,1271671.0
1648425600,183.2750130915981,183.5075121226476,180.63408897118987,183.29365225442487,1635286.0
1648512000,185.1255386072951,185.41380797553938,181.17344748288187,183.6935113474872,1675175.0
1648598400,183.30292278540975,184.28864019637396,181.9731656690065,182.76356427371778,1213825.0
1648684800,182.88447357994917,184.3165498901856,180.91308780844926,180.9409484518324,1638011.0
1648771200,182.168435424831,182.36370518065544,179.9366899788984,182.28934473106239,1143345.0
1649030400,181.63839649455235,182.84729335515266,179.88087059127514,182.32652495585893,1025623.0
1649116800,180.99676783945566,182.6984743551096,179.55542099823435,180.05755023470132,1146882.0
1649203200,178.46743344386547,181.396626932518,177.732805176349,180.04827970371647,1471284.0
1649289600,179.006742905129,180.02919908703328,175.23133142414193,179.19274212996856,1100754.0
1649376000,179.47174096722793,179.8305939020714,176.5053182033504,176.8307677963912,1438918.0
1649635200,176.93308699022435,177.84439490116702,175.50101067998793,176.0031889668834,1350383.0
1649721600,177.51889625769778,179.36942177339478,176.68199784677662,177.6026253391327,1549376.0
1649808000,178.38375341285905,181.34080754489472,177.9094848197752,181.19203759528014,1195650.0
1649894400,181.48962654493775,182.9123832737608,181.24785698290341,181.50821665733605,2137894.0
1650240000,180.67131824641487,182.1498453124327,177.7374649670557,178.60688381206666,978983.0
1650326400,179.53683088583608,183.52610223504587,179.0718818741656,183.3773322854313,1670330.0
1650412800,184.28864019637396,185.51612716937257,182.27075461866414,182.5776140993067,1311482.0
1650499200,184.08405085913614,186.5297052237199,181.75930580078378,182.205664700056,1209157.0
1650585600,180.95958761465914,180.9781777270574,177.00744743981738,177.26785616467853,1520400.0
1650844800,176.98885732741914,178.4488433314672,174.19916325739632,178.37443383144566,1198767.0
1650931200,176.2263684165195,177.47705624219455,174.42234270703244,174.51534231945223,1424497.0
1651017600,173.37153537746005,175.54751048619784,172.73922630377677,173.28785534645365,1526736.0
1651104000,174.6176124628569,177.30503638947505,172.2649577106929,176.60758834675508,1714543.0
1651190400,186.1577558244692,187.83155264631154,179.3508316609965,179.9459605098833,3624356.0
1651449600,180.85726842082596,186.83739856164678,178.47670397485035,183.07047280478878,3549813.0
1651536000,182.5590239869084,184.44672972740193,181.5639869945308,183.22851328538823,2679881.0
1651622400,183.6470115412773,191.92780298006116,183.51683170406096,191.42101395288745,2741828.0
1651708800,189.4217184875759,190.3237068171052,182.6984743551096,184.00037082812972,2879513.0
1651795200,183.45169273502432,183.5819216226691,179.6205109168425,181.73139610697214,1812416.0
1652054400,181.4338071573145,182.07543581241117,178.87656306791266,180.36440971534387,1890697.0
1652140800,182.52179471168338,183.4145125102278,178.74638323069635,181.1176280952586,2383739.0
1652227200,181.17344748288187,183.06115322337538,178.002484432195,178.56043305628526,1641973.0
1652313600,177.59330575771932,181.09903798286035,175.4638304551914,179.39733146720639,1995241.0
1652400000,179.8529608974635,181.2850372076999,177.5468059515094,179.96455062228156,1618707.0
1652659200,180.02964054088972,181.6012162697558,178.8487024245295,180.36440971534387,1312123.0
1652745600,182.23352534343914,186.0275759872529,182.07543581241117,185.10694849489687,1361992.0
1652832000,183.89898359243787,184.76285973902932,179.70419094784893,180.28072968433747,1592934.0
1652918400,178.56970358727014,181.5268067697343,174.93379152491278,179.14624232375866,1563135.0
1653004800,179.96455062228156,180.59224895568664,172.75781641617502,176.44954786615565,1942072.0
1653264000,178.4581138624521,178.70920300589984,175.28715081176523,176.2914583351277,1863011.0
1653350400,176.04036919167996,177.38871642048147,171.93018853623875,176.6448176219801,1421180.0
1653436800,175.86368954825372,177.76988730028853,173.6133049394944,177.0911765212523,1256067.0
1653523200,177.8723045949787,180.56899905258172,177.78857551354378,179.56469152921923,1119332.0
1653609600,181.32221743249644,182.62411390551657,180.4388192153654,182.58688463029154,1123237.0
1653955200,179.99246031609317,181.6942158821756,178.1419348003962,180.04827970371647,1751742.0
1654041600,180.86658800223935,181.0711773394772,177.04467671504244,178.4581138624521,1180641.0
1654128000,180.20636923474441,183.3773322854313,178.59761328108178,183.22851328538823,1255412.0
1654214400,181.6569866069506,182.42035842556308,180.03905822316008,181.1641279014685,1127464.0
1654473600,182.81006407992766,183.16342336678008,180.85726842082596,181.50821665733605,793077.0
1654560000,180.05755023470132,184.11196055294775,178.6812933120882,183.7678717970802,1065047.0
1654646400,182.85656388613754,183.07974333577366,180.04818160285947,180.88517811463763,844424.0
1654732800,179.69492041686405,181.8699635674605,178.40234352525732,178.55111347487187,837438.0
1654819200,175.1151309590457,175.4638304551914,173.15767550923732,173.22276542784547,1439361.0
1655078400,169.57753378407475,173.06933568752424,169.54962409026314,171.4931492183799,2382186.0
1655164800,172.16268756728823,173.91089388915205,169.6519432840963,170.43302230739417,1726235.0
1655251200,171.4931492183799,174.15266345118644,169.96807329572368,172.0045980362603,1489646.0
1655337600,169.1032651909909,169.6147140088713,166.4902507643943,167.27137883812068,2214150.0
1655424000,166.82501993884844,169.58680431505965,165.69980310925456,167.10396972567935,2816815.0
1655769600,169.0102655785711,169.1590845786142,166.83429046983335,167.85718810559408,1467780.0
1655856000,165.9508922527023,167.1690596442875,163.8214169501744,165.27208337280908,1453594.0
1655942400,164.80713436113862,166.090391671332,160.7992238491021,162.3335703027432,1666676.0
1656028800,164.11900589983205,167.51314840015502,163.38437763231556,167.401558675337,2077650.0
1656288000,168.30354700486626,168.44304642349596,164.96517484173808,165.79280272167435,1300372.0
1656374400,166.8901098574566,168.7406353731536,163.43087743852547,163.61682761293656,1590594.0
1656460800,163.70982722535635,164.10968631841868,159.39505723267732,161.05958352353474,1214164.0
1656547200,159.25555781404765,162.19407088411353,158.25129934111365,161.62685172903835,1436105.0
1656633600,161.4780327289953,163.07746910124456,159.5438271822919,162.8356995392102,986566.0
1656979200,161.55244222901683,161.55244222901683,157.11681198053483,160.02741535678913,1673015.0
1657065600,160.6597244304724,162.03132156237888,159.08353796132812,161.0689031049481,1100962.0
1657152000,161.99880112828905,161.99880112828905,159.25555781404765,161.6082616166401,1378330.0
1657238400,161.7012121786314,162.1103908531071,159.4973764265105,161.18976336075104,807382.0
1657497600,162.7426999267904,162.7799292020154,160.02741535678913,160.72481434908056,1612343.0
1657584000,159.6833266009216,164.4258653804746,159.6833266009216,161.4408525041988,1378828.0
1657670400,158.8092479652039,160.25059480642523,157.96302997286938,158.89292799621035,998564.0
1657756800,156.89363253089874,157.87930089143447,155.61964575169026,157.62826079841523,912103.0
1657843200,159.0416979458249,160.82713354291374,158.20479953490377,160.68763412428405,1094341.0
1658102400,161.00381318633995,162.0173912406873,158.5767489341544,158.96728844580335,828501.0
1658188800,160.7992238491021,165.23485409758408,160.67370380259248,164.80713436113862,1227687.0
1658275200,164.4165457990612,166.11830136514362,163.8307365315878,165.7648930278627,824383.0
1658361600,165.7648930278627,167.59682843116144,164.69088484561388,167.41082920632186,926891.0
1658448000,167.84791757460917,170.07039248955687,167.56891873734983,168.7499059041385,1163654.0
1658707200,169.02890474139787,169.65184518323932,167.71773773739287,168.55463614831402,970604.0
1658793600,168.9173150165798,170.66552133844365,167.7641884931743,168.7034060979286,1162066.0
1658880000,167.7084181559795,172.05109784247017,166.96756048404464,170.7863815942466,1746223.0
1658966400,175.85436996684035,178.05825476938978,173.77615236208604,177.0911765212523,1826956.0
1659052800,177.12835674604884,179.59260122303087,175.62191998621938,178.96956268033244,1453721.0
1659312000,177.99316485078162,179.6205109168425,177.51889625769778,178.53252336247363,1166669.0
1659398400,177.732805176349,177.93273472288016,175.43592076137978,175.86368954825372,1667775.0
1659484800,176.08686899788984,178.4581138624521,174.63620257525514,178.07684488178802,1267554.0
1659571200,177.732805176349,179.3043318547866,177.0912746221093,178.9509725679342,850603.0
1659657600,178.1419348003962,179.33224154859823,176.94235752120923,178.79288303690626,924456.0
1659916800,180.57831863399508,181.75930580078378,179.55542099823435,180.37372929675723,1038875.0
1660003200,180.9316779208475,181.24319719219673,179.84369036647863,180.48531902157532,1140827.0
1660089600,183.13556272339693,184.4141602428836,182.6090554239697,183.40524197924293,1319809.0
1660176000,183.19133306059172,185.62771689419063,183.19133306059172,184.59549967701648,1196380.0
1660262400,185.35803763834463,186.8923840919857,184.34441053356875,186.79006489815254,1128938.0
1660521600,186.56688544851644,188.49182046423496,185.46030778174926,188.0733222083459,1153934.0
1660608000,186.37161569269196,189.94243783644114,186.0368465182378,189.39380879376426,830593.0
1660694400,187.6641925842987,189.67275858059514,187.14352228586193,188.566180913828,830633.0
1660780800,188.31514082080875,189.70066827440678,188.19423151457733,189.44030859997414,754615.0
1660867200,188.41741096421342,188.59875039834634,186.77613457646098,187.43169355324923,1020344.0
1661126400,185.58582782825889,185.67416764997202,183.5018222729426,183.97246113431805,1293996.0
1661212800,184.4560002583868,184.89308862667414,183.32151289780802,183.70278187847205,803847.0
1661299200,182.94956349855732,184.61408978941475,182.5590239869084,183.9259613281082,675892.0
1661385600,185.25571844451142,186.4460251927135,184.04221084363292,186.38093527410535,815749.0
1661472000,185.2743085569097,186.394375091512,179.41592157960469,179.52751130442272,1418561.0
1661731200,179.26715162999008,180.30863937814908,177.79789509495717,178.93238245553596,1047868.0
1661817600,178.504613668662,179.50426140131776,176.02177907928166,177.33294608328669,1112048.0
1661904000,179.0718818741656,179.15556190517205,175.76141940484905,176.07754941647647,1314660.0
1661990400,175.89159924206535,177.7374649670557,175.32433103656172,177.36085577709832,1121310.0
1662076800,179.55542099823435,179.87160006029023,173.17626562163557,173.78998458292065,1374225.0
1662422400,173.9945739201585,175.22206089315708,171.43732983075665,172.59040730373368,1274444.0
1662508800,172.86940614099308,176.4588183971405,172.80431622238493,175.8357798544421,1172168.0
1662595200,175.13838086215063,175.13838086215063,171.51173933077817,174.65479268765344,1753261.0
1662681600,175.85436996684035,178.55111347487187,175.57542018000947,178.25352452521426,1454957.0
1662940800,179.65769114163905,180.0945833082124,177.96525515697,178.56970358727014,1383389.0
1663027200,175.2964213427501,176.71917807157314,171.679099392791,172.01386856724517,2429233.0
1663113600,172.2649577106929,172.2649577106929,165.69980310925456,167.35505886912708,2474936.0
1663200000,166.5832503768141,167.37364898152535,163.84932664398605,164.46304560527108,1726051.0
1663286400,161.3943526979889,165.18835429137417,160.4272744498514,164.91872408595668,3208951.0
1663545600,163.66332741914647,166.51816045820595,163.4215578571121,166.10898178373026,1208126.0
1663632000,164.63045471771244,165.10467426036777,162.79851931441368,164.60254502390077,1239441.0
1663718400,165.43944343482192,167.0388798070712,162.0732106283106,162.08248115929547,1252769.0
1663804800,161.37576258559065,162.50093036475604,159.96232543818098,161.10608332974462,1114990.0
1663891200,160.6690440118858,162.08248115929547,158.0095297790793,159.36714753886568,1601217.0
1664150400,159.50664695749538,160.25059480642523,157.02381236811507,158.14898014728047,1635819.0
1664236800,158.88360841479695,160.37145506222816,156.57745346884286,158.14898014728047,1346223.0
1664323200,159.8135064381379,162.5102499461694,158.48374932173465,161.64544184143665,1538939.0
1664409600,161.2084025235778,161.2084025235778,156.3263643253951,158.14898014728047,1558493.0
1664496000,158.1768898410921,159.19978747685283,154.95010740278198,155.26628646483786,1905137.0
1664755200,158.14898014728047,162.1522308686103,157.22840170535292,160.91081357392017,1689584.0
1664841600,162.6404297833857,165.9043924464924,162.57533986477756,165.69980310925456,1845693.0
1664928000,164.23986615563499,167.1714140648551,162.7426999267904,165.34644382240214,1470125.0
1665014400,163.93300667499244,165.23485409758408,161.66869174454158,162.77060962060202,1299697.0
1665100800,161.42226239180053,161.95230132207914,158.42797898453986,159.39505723267732,1480824.0
1665360000,160.6969537056974,161.61753214762498,158.19547995349038,159.84141613194953,966062.0
1665446400,159.38578670169244,163.43548817880367,158.8092479652039,161.45017208561217,1454160.0
1665532800,161.85464191895267,162.73342939580553,160.12968550019377,160.67831454287068,1363986.0
1665619200,157.52594160458207,165.88580233409414,157.35858154256923,165.10467426036777,1611722.0
1665705600,165.66262288445802,166.00671164032556,161.64544184143665,161.95230132207914,1485277.0
1665964800,165.20699345420093,166.4530214891693,163.7842367253779,164.63045471771244,1718967.0
1666051200,167.55032862495156,168.46163653589423,165.18835429137417,167.27137883812068,989289.0
1666137600,166.91801955126826,168.1547770552517,165.46735312863356,166.7134302140304,844056.0
1666224000,166.78779066362344,168.14545747383832,164.6955446363206,165.18835429137417,1343748.0
1666310400,164.58395491150253,170.4609320012058,164.1468665432152,169.99598298953532,1479914.0
1666569600,171.57216945867964,174.89656224968778,170.9537907066879,173.79930416433402,1635604.0
1666656000,173.5761247146979,176.5518180095603,173.14369613711727,176.35654825373584,1453559.0
1666742400,178.19775418801947,179.42818418672752,176.4588183971405,176.93308699022435,2101903.0
1666828800,179.8064610912536,185.59048761896557,179.28574174238835,182.71711351793633,2377010.0
1666915200,185.0511291072736,190.77938529779078,182.90306369234744,190.56547637913957,2446378.0
1667174400,188.21748141768228,190.62129576676284,188.10878566814523,189.71925838680505,2216735.0
1667260800,190.11911747986738,190.70497579776927,187.3945133284527,188.86376986348566,2188326.0
1667347200,189.08694931312175,192.38809220102493,186.0275759872529,186.41811549890184,2346465.0
1667433600,186.32511588648205,191.60696412729857,185.20691326816242,190.06334714267257,2326918.0
1667520000,191.83946315834805,193.44821911201066,189.89593803023124,193.28080999956936,2062555.0
1667779200,193.14131058093966,195.50328491451702,192.62059123207442,195.06624559665818,1335915.0
1667865600,194.6570669221825,197.49326079841524,194.2428851040007,196.54477266267602,1315659.0
1667952000,195.28010546488093,196.71218177511736,193.82943904224624,194.00611868567245,1520180.0
1668038400,199.79014521338445,199.99473455062227,196.34950290685157,199.74364540717454,2177352.0
1668124800,199.54837565135009,199.89241535678912,196.62845269368245,197.81875944188448,2113396.0
1668384000,197.8652592480944,200.9339521553766,196.98181198053484,198.06984858533224,1537024.0
1668470400,200.26441380646827,201.03622229878127,198.15352861633866,200.32950372507642,1183692.0
1668556800,200.63636320571896,201.0734025235778,198.3581179535765,198.9997466086732,1223528.0
1668643200,197.3724005426123,200.28300391886654,197.1622194565264,199.47396615132854,1344867.0
1668729600,201.22222152362087,202.11489027173678,198.2186185349468,199.49255626372678,1487366.0
1668988800,199.92964463201412,201.99403001593384,198.8602471900435,201.3803110546488,1173310.0
1669075200,201.91034998492745,203.65855630679127,201.789440678696,203.42605727574178,1258193.0
1669161600,203.45396696955342,205.20683308212395,202.9984356401533,203.56555669437148,1343379.0
1669334400,202.47756914000257,205.47185254726327,202.47756914000257,204.62563455492872,559950.0
1669593600,204.30018496188794,204.7697937642651,200.36668394987296,200.64568278713233,1321413.0
1669680000,200.7851331553335,202.18002924077345,200.09700469402696,201.5290810042634,1050880.0
1669766400,201.15713160501272,205.183583179019,198.7114772404289,204.16068554325824,2337560.0
1669852800,204.83954347357994,205.15572253563585,201.18945583738858,202.15211954696179,1995189.0
1669939200,199.77155510098618,204.44895491150254,199.66928495758148,203.72364622539942,1097129.0
1670198400,202.48688872141594,203.26335700443565,200.11559480642524,200.4875932561044,1539009.0
1670284800,201.1106317988028,201.54767111666166,196.54477266267602,198.24652822875845,1259307.0
1670371200,198.97183691486154,199.0834266396796,197.14922109297618,198.4882977907928,1491769.0
1670457600,198.8602471900435,199.54371586064337,197.33526936824424,198.39529817837303,1084750.0
1670544000,198.39529817837303,199.4553760389303,196.58195288747254,196.79586180612375,1130123.0
1670803200,197.28872051160587,199.54837565135009,196.26582287584515,199.46469562034366,1673516.0
1670889600,204.16068554325824,204.5419545239223,198.20002842254857,199.89241535678912,1724895.0
1670976000,201.0641319925929,202.59847844623403,198.11629934111366,199.66928495758148,1272948.0
1671062400,197.96752939149908,198.73933788381206,193.44821911201066,194.32229774772836,1610803.0
1671148800,192.81586098789887,195.54978472072693,191.7743732397399,195.03833590284657,3564237.0
1671408000,194.59197700357436,197.44681004263384,193.76434912363808,194.73147642220403,1544912.0
1671494400,194.88024637181863,197.84666913569612,194.55479677877784,196.66568196890745,938061.0
1671580800,198.03261931010724,200.20859441884502,197.83734955428278,200.02264424443393,1312618.0
1671667200,199.31126588002238,199.56696576374833,194.3408878601266,197.42817087980708,1110056.0
1671753600,197.13990151156278,199.65530558546143,196.6377722750958,198.87883730244175,650329.0
1672099200,198.9067469962534,200.6549533181172,198.73006735282718,199.82732543818094,730519.0
1672185600,200.7944527367469,201.3338112484389,197.14922109297618,197.31658115498902,803654.0
1672272000,198.15352861633866,200.1619965117781,197.85593966668102,199.69714560096463,939961.0
1672358400,198.9811564962749,199.46469562034366,197.07481159295463,199.27869639550406,799987.0
1672704000,200.0691440506438,200.0691440506438,197.34449084880063,199.27869639550406,1109748.0
1672790400,193.8852584298695,196.43318293785796,192.78795129408724,195.31728568967745,1930157.0
1672876800,193.86666831747127,194.17352779811378,189.75648766203005,190.13775664269411,2028741.0
1672963200,191.997552689376,196.26582287584515,191.44313569613712,195.53119460832866,2028192.0
1673222400,195.53119460832866,198.65565785280566,194.852336678007,195.90314400757936,1313740.0
1673308800,194.81515645321045,196.62845269368245,194.81515645321045,196.52618255027775,887868.0
1673395200,197.12131139916454,197.98611950389733,195.2894250462943,197.41890034882218,1459746.0
1673481600,197.93034916670257,201.99403001593384,197.49326079841524,200.8409525429568,1482134.0
1673568000,199.4553760389303,201.63135114766806,197.97218918220577,201.4267618104302,998545.0
1673913600,201.80803079109427,201.80803079109427,197.07490969381163,197.36308096119893,1640750.0
1674000000,196.1077333448172,196.1077333448172,189.68207816200854,189.92384772404287,2550701.0
1674086400,189.97966711166617,190.0540275612592,186.18561646785236,186.59479514232805,2274578.0
1674172800,185.576557297274,188.45459118900996,184.87444946384738,187.86878192153654,1988748.0
1674432000,188.35232104560527,191.4163541621808,187.26443159209336,190.12843706128072,1399860.0
1674518400,189.66348804961027,193.12272046854142,188.05007230524095,192.42532147624993,1608625.0
1674604800,190.20284656130227,192.63201998191292,189.4774888247707,192.18350286378708,1077427.0
1674691200,193.23431019335948,194.74074695318893,191.458194177684,194.67565703458078,963750.0
1674777600,193.31799022436587,195.122015933853,193.0808804530382,193.54116967400196,1061265.0
1675036800,192.05332302657078,194.71288630980578,191.19783450325136,191.3559240342793,1272853.0
1675123200,192.09055230179578,193.95034834847766,191.10483489083157,193.86666831747127,1149389.0
1675209600,192.87163132509366,193.8387586236596,189.5239886309806,192.230002669997,2696118.0
1675296000,185.00467835149217,193.62666457086257,183.83296171568838,192.84377068171054,3591748.0
1675382400,192.67636156926918,192.67636156926918,187.48751294087248,188.48250088282157,2228907.0
1675641600,188.0733222083459,189.82157758063823,186.68779475474784,189.73789754963178,1427094.0
1675728000,188.77077025106584,191.57910348391542,187.63628289048708,191.06765466603505,1473959.0
1675814400,189.607668661987,190.4538866543215,187.10624396020845,188.04546156496275,1781211.0
1675900800,189.10553942552,189.63091856509195,184.71640898324793,185.25571844451142,1506768.0
1675987200,184.87444946384738,186.752884673356,184.46531983980017,186.41811549890184,1445390.0
1676246400,186.1577558244692,189.45889871237245,185.74857714999354,189.1148590069334,1486594.0
1676332800,188.85445028207226,188.86376986348566,184.74426962663108,186.91097420438396,1499783.0
1676419200,185.79507695620342,187.59910266569054,184.9209492700573,187.5711929718789,1266197.0
1676505600,184.83726923905084,187.41310344085093,184.10264097153438,185.38589828172775,1377471.0
1676592000,185.29294771973645,187.82228211532663,184.73499909564617,187.3015137160329,1425192.0
1676937600,187.4410131346626,187.5154226346841,182.67988424271132,182.96815361095562,1415513.0
1677024000,183.26574256061323,183.6470115412773,180.9781777270574,181.7871664441669,1481647.0
1677110400,182.2986152620473,182.2986152620473,179.0811524051505,181.35012712630808,1223340.0
1677196800,180.29931979673572,180.29931979673572,177.48171603290123,178.5790231686835,1652860.0
1677456000,180.7921785022178,181.3315370139098,178.30002433142414,178.96029214934757,1681628.0
1677542400,178.0861644632014,178.87656306791266,176.3379581413376,178.05825476938978,1555066.0
1677628800,177.26785616467853,180.72708858360966,177.21203677705523,179.3601512424099,1615865.0
1677715200,178.16057396322296,181.44312673872787,178.07684488178802,180.82008819602947,2127142.0
1677801600,181.74066663795702,183.6935113474872,180.60622832780672,183.02397299857887,1558315.0
1678060800,183.3680127040179,185.33939847551787,182.86588346755093,183.22851328538823,1360889.0
1678147200,183.5819216226691,184.30723030877223,181.09903798286035,181.90807575039835,1390566.0
1678233600,182.52179471168338,182.86588346755093,180.5224992463718,181.86157594418844,1032518.0
1678320000,183.07974333577366,183.1448332543818,178.8672925369278,179.3601512424099,1594295.0
1678406400,179.3601512424099,182.89379316136257,178.4395237500538,179.77860044787047,1833671.0
1678665600,179.47174096722793,181.54539688213254,178.69988342448644,179.56469152921923,1611795.0
1678752000,182.31720537444554,182.4231542999871,176.8400873778046,179.4438312734163,2426602.0
1678838400,176.74708776538478,177.62121545153093,171.80927923000732,174.93379152491278,1963141.0
1678924800,174.23634348219284,176.4681379785539,173.24135554024375,175.88227966065202,1948506.0
1679011200,174.64552215666853,174.82686159080143,171.31646957495371,171.6976895051893,3691932.0
1679270400,172.92517647818786,176.90517729641275,172.5067272727273,176.57040812195856,1420423.0
1679356800,177.67698578872572,178.67202278110332,175.89159924206535,177.76071487016063,1566956.0
1679443200,178.28143421902587,178.5417938934585,173.96666422634684,174.04107372636835,1174363.0
1679529600,173.7621239395375,176.13900960337625,172.54390749752378,173.81789427673226,1180065.0
1679616000,173.32503557125017,175.0267911373326,171.66050928039274,174.97097174970932,1166139.0
1679875200,175.40801106756817,176.30529055596227,174.2921628698161,174.81288221868138,1066571.0
1679961600,174.58970276904526,176.31931897851084,174.26425317600447,174.74779230007323,1034880.0
1680048000,176.36581878472074,176.4123185909306,174.6036821411653,175.81718974204387,1342094.0
1680134400,176.31931897851084,177.0911765212523,174.80361168769647,175.86368954825372,999734.0
1680220800,176.79358757159468,177.96525515697,176.0589593040782,177.72348559493562,1351285.0
1680480000,177.21203677705523,180.30863937814908,176.6448176219801,179.73210064166057,1436871.0
1680566400,179.583330692046,179.68560083545069,176.38445794754747,177.55612553292278,1249567.0
1680652800,176.95167710262263,177.62121545153093,176.01245949786832,176.151958916498,1515018.0
1680739200,176.31931897851084,178.64411308729166,175.76141940484905,177.1097666336506,1391145.0
1681084800,177.3701263080832,179.09974251754875,176.97958679643426,178.24425399422935,1270175.0
1681171200,179.3601512424099,179.6205109168425,178.37443383144566,178.71847353688472,1217799.0
1681257600,179.89946070367338,181.2106277076784,178.8487024245295,179.68560083545069,1828456.0
1681344000,179.70419094784893,182.65197454889972,179.09974251754875,182.168435424831,1680367.0
1681430400,181.91734628138323,183.87019099091341,181.5639869945308,182.77288385513114,982029.0
1681689600,183.35874217303302,184.1863210025408,182.94956349855732,183.99105124671635,841374.0
1681776000,184.790769432841,185.48821747556093,182.46602437448863,183.12624314198357,1199976.0
1681862400,184.35373011498214,184.73499909564617,183.39592239782957,183.94455144050644,932065.0
1681948800,183.65628207226217,183.89805163429654,182.26143503725078,182.95888307997072,973537.0
1682035200,183.2750130915981,183.51683170406096,181.7034864131605,182.3358445372723,985347.0
1682294400,183.38660281641617,184.1956405839542,182.5125241806985,182.98674372335387,802820.0
1682380800,184.60481925842987,184.96744907626717,182.13125520003445,182.22425481245423,1122154.0
1682467200,180.29004926575084,180.83867830842772,176.84940695921796,177.51889625769778,1789676.0
1682553600,182.205664700056,184.91167873907239,180.00177989750657,184.6884992894363,1931185.0
1682640000,185.0511291072736,186.73429456095775,184.57690956461823,185.83225718099996,1425787.0
1682899200,185.98107618104302,187.9849823866328,185.94384690581802,186.42743508031523,1112431.0
1682985600,185.6648971189871,185.6648971189871,182.60557284354678,184.363000645967,1294169.0
1683072000,185.84157676241333,186.54829533611814,183.85155182808666,184.08405085913614,1387643.0
1683158400,184.32116063046382,185.0511291072736,181.26644709530166,182.46602437448863,1152424.0
1683244800,183.5075121226476,184.66990917703802,182.98674372335387,184.51181964601008,1044051.0
1683504000,185.74857714999354,185.96243701821626,182.23072946901513,183.1448332543818,747237.0
1683590400,182.22425481245423,184.38625054907197,181.2943567891133,183.3122423668231,1118833.0
1683676800,183.6470115412773,184.80935954523923,180.69917888979802,183.5075121226476,1079239.0
1683763200,182.1963451186426,182.53111429309678,179.65769114163905,180.38304887817063,1435397.0
1683849600,181.27571762628656,181.6569866069506,179.19274212996856,180.04827970371647,1051019.0
1684108800,179.9366899788984,181.77323612247534,179.14624232375866,180.68990835881314,782940.0
1684195200,180.36440971534387,180.36440971534387,177.89089470737693,178.1791640756212,1025403.0
1684281600,179.49960161061108,182.65727199517679,179.0393123896473,182.28002514964902,1210475.0
1684368000,181.74998621937038,184.48390995219845,181.22921782007666,184.35373011498214,1219018.0
1684454400,185.51612716937257,186.2228457430774,183.24715244821496,183.51683170406096,1334762.0
1684713600,183.2378328668016,184.5025000645967,181.53612635114766,183.12624314198357,881872.0
1684800000,183.3773322854313,183.72137199087035,181.22921782007666,181.3036273200982,1079517.0
1684886400,181.26644709530166,181.5174871883209,177.5096257267129,178.4116140562422,872254.0
1684972800,178.42093363765557,179.0532427113389,176.67272731579175,178.79288303690626,1210812.0
1685059200,179.26715162999008,180.69456814951982,178.67663352138152,180.16913995951938,986027.0
1685404800,180.02964054088972,181.12694767667196,177.07258640885405,180.91308780844926,1128299.0
1685491200,180.26213957193917,180.4388192153654,177.01676702123078,178.1698444942078,1827890.0
1685577600,178.40234352525732,180.68058877739978,177.11903716463544,180.27145915335257,954495.0
1685664000,182.67988424271132,185.57189750656732,182.15916489384608,184.91167873907239,1370385.0
1685923200,184.790769432841,185.16271883209163,182.30700288531932,183.35874217303302,831329.0
1686009600,183.71210145988545,184.21423069635244,181.666306188364,182.5776140993067,1147248.0
1686096000,183.15415283579517,184.7721793204427,180.61549885879163,184.48390995219845,1277734.0
1686182400,184.00037082812972,184.8186791266526,183.2447980276474,184.26073050256235,813303.0
1686268800,183.7771913784936,184.82794965763748,182.34511506825717,184.01896094052796,880119.0
1686528000,184.3165498901856,185.0074251754877,182.84263356444598,184.58618009560314,840388.0
1686614400,184.58618009560314,187.1713338788166,183.89344089401834,187.01324434778863,993945.0
1686700800,187.84087222772493,188.59409060763966,184.73499909564617,186.46461530511175,1328421.0
1686787200,187.14342418500493,189.79366788682657,186.37627548339864,189.44957913095905,1233851.0
1686873600,190.63056629774772,191.57444369320874,188.26864101459887,188.7428605572542,2502911.0
1687219200,188.44532065802505,188.7428605572542,185.07903880108523,186.3530255802937,1042584.0
1687305600,185.32080836311957,188.566180913828,184.2235502777658,187.65487300288532,1276741.0
1687392000,187.8036920029284,188.09657211145085,185.63698742517548,186.5854755609147,808473.0
1687478400,185.17203841350502,186.59479514232805,184.72101972352613,186.06475621204945,1661429.0
1687737600,186.2600259678739,188.82658963868911,185.46962736316266,188.3802307394169,1065803.0
1687824000,188.36159157659017,189.76575819301493,188.25932143318548,189.08694931312175,1179410.0
1687910400,189.16130976271478,189.62630782481375,187.84087222772493,188.30582123939536,986021.0
1687996800,188.23141173937387,192.14632263899057,187.59910266569054,191.997552689376,1272041.0
1688083200,193.1134499375565,193.87593884845614,192.3137317514319,192.95536040652857,1504956.0
1688342400,192.29509258860514,194.0154382670858,190.66779557297272,193.6992592050299,607463.0
1688515200,192.86236079410878,193.73182868954825,191.51401356530727,191.960323414151,1168330.0
1688601600,190.60270565436457,190.67706610395763,187.91528172774642,189.70998785582015,1051256.0
1688688000,188.6591805262478,191.30010464665605,187.98964217733948,189.0125398131002,1126892.0
1688947200,189.89593803023124,193.40171930580078,189.34264919684767,193.17853985616466,1551104.0
1689033600,193.82943904224624,194.8429680461651,192.89954101890532,194.09911829809224,1400748.0
1689120000,195.63905650058135,196.08914323241893,193.7457590112398,193.90384854226775,1483595.0
1689206400,193.1134499375565,194.54547719736445,192.66709103828433,194.080528185694,1162130.0
1689292800,193.33662938719263,193.33662938719263,191.0955153094182,191.69069320873345,1080644.0
1689552000,191.16060522802636,194.19211791051205,190.8723358597821,193.578398949227,1075362.0
1689638400,192.21141255759872,192.6390832436157,189.6541684681969,190.8630653287972,1834443.0
1689724800,189.56116885577708,191.61628370871193,189.54257874337884,190.78865582877566,1252977.0
1689811200,191.69996373971836,194.57338689117609,191.17365264200507,193.38308014297402,1266350.0
1689897600,193.7085787864433,195.64278433314672,193.2157200809612,193.9782580422893,3764820.0
1690156800,194.04334796089745,195.4288754144955,193.6155791740235,194.64779639119763,923400.0
1690243200,193.55980883682872,195.40562551139055,192.74145148787736,194.9825165152233,984189.0
1690329600,194.14561810430214,194.7221568407907,192.66709103828433,193.66207898023342,1646527.0
1690416000,189.43098901856078,189.81225799922484,181.93598544421,182.64270401791484,3297770.0
1690502400,183.80510107230526,184.3165498901856,181.34080754489472,181.50821665733605,1968087.0
1690761600,181.44312673872787,181.80114581628698,179.86228047887687,180.5224992463718,1723892.0
1690848000,179.79719056026872,181.14553778907026,179.43451169200293,179.91805081607168,1988472.0
1690934400,180.30863937814908,181.6104868007407,178.91379234313766,179.37874135480814,1498987.0
1691020800,179.26715162999008,179.37874135480814,177.1097666336506,177.15626643986047,1254705.0
1691107200,177.85366543215193,178.37443383144566,175.57542018000947,175.94736957926017,1204338.0
1691366400,176.7843170406098,177.30037659876837,175.38015042418502,176.31004844752596,1421325.0
1691452800,175.38015042418502,175.38015042418502,173.49244468369147,174.49670315662547,1630852.0
1691539200,173.9388035829637,176.93308699022435,173.8923037767538,175.9752792730718,1612339.0
1691625600,175.0267911373326,177.25735937298134,174.87797213728953,175.51033026140132,1405831.0
1691712000,175.00815197450584,178.01641475388655,175.00815197450584,177.30503638947505,1350016.0
1691971200,177.56539606390768,178.3651142500323,175.90086977305026,176.2263684165195,1222095.0
1692057600,174.80361168769647,175.2131337151716,173.4831251022781,174.63620257525514,1125995.0
1692144000,174.49670315662547,175.28715081176523,173.3436256836484,173.41803518366996,1120658.0
1692230400,174.32002351319926,175.0221313466259,172.9437665905861,172.9437665905861,1240566.0
1692316800,172.20913832306962,174.40836333491237,172.0975485982516,173.50171521467635,1026884.0
1692576000,172.97167628439772,174.17125356358468,172.42304724172084,173.8458039705439,965402.0
1692662400,174.2177533697946,174.35259299771758,172.54390749752378,172.97167628439772,856554.0
1692748800,173.42735476508332,174.42234270703244,173.10185612161405,173.96666422634684,949652.0
1692835200,173.83648438913053,175.55683006761123,172.1347778734766,172.1812776796865,1195736.0
1692921600,172.60899741613193,174.05147241720857,171.63725937728782,173.24135554024375,971935.0
1693180800,175.23133142414193,176.3425688816158,174.00389350157184,174.71061207527669,970570.0
1693267200,174.71061207527669,176.5146377847638,174.2177533697946,176.2356389475044,1090247.0
1693353600,176.2356389475044,177.33294608328669,174.55262064510572,175.34292114896,1103474.0
1693440000,175.24065100555532,176.12404922268635,174.74779230007323,174.76638241247147,1299259.0
1693526400,175.77068993583396,176.20772925369278,174.39443301322078,175.18488066836053,797912.0
1693872000,175.36156031178675,175.5661005985961,172.60899741613193,172.68340691615347,1114594.0
1693958400,172.06968795486844,172.80431622238493,170.75852095086344,171.57682924938635,1114463.0
1694044800,171.80000869902244,172.80431622238493,170.38652250118426,171.21415038112053,1043107.0
1694131200,170.9166104818914,172.02318814865853,170.56325119503896,171.5860997803712,884870.0
1694390400,172.89726678437623,173.55846656044096,171.80000869902244,173.15767550923732,1057739.0
1694476800,173.13908539683908,176.62622750958184,172.93449605960123,175.94736957926017,1833783.0
1694563200,176.5146377847638,180.085459928513,176.48206830024546,178.16057396322296,2528648.0
1694649600,178.91379234313766,181.61980638215408,178.48602355626372,179.99246031609317,1841092.0
1694736000,180.88517811463763,181.26041389259723,178.9044727617243,179.50892119202445,3007012.0
1694995200,179.23924193617844,181.6523268162439,178.9509725679342,180.82935872701435,1148481.0
1695081600,179.60192080444423,181.90807575039835,179.60192080444423,181.6569866069506,1436200.0
1695168000,182.39161487446708,183.2750130915981,180.76426880840617,180.81076861461608,1187163.0
1695254400,181.0246775332673,181.0246775332673,177.98389431979672,178.01175496317987,1458859.0
1695340800,177.5468059515094,178.38836415313725,176.30072886611256,176.47740850953878,1412249.0
1695600000,175.7892800482322,178.56970358727014,175.3383104086818,178.4116140562422,1361597.0
1695686400,177.62121545153093,177.93087080659748,174.59902235045863,174.7198826062616,1699767.0
1695772800,175.6962804358124,175.6962804358124,173.28785534645365,174.71061207527669,1117649.0
1695859200,174.571112656647,175.7335097110374,173.59471482709617,173.9945739201585,1456155.0
1695945600,175.0267911373326,175.03606166831747,171.41873971835838,171.79068911760905,1665442.0
1696204800,171.1025606563025,171.8650986176306,168.3779565048878,169.80998376469574,1350468.0
1696291200,169.1125847724043,169.91230295852893,167.60575560914688,168.44304642349596,1245236.0
1696377600,168.71272567934196,170.13082261745834,167.76884828388094,169.70771362129108,1149342.0
1696464000,169.3822640282503,169.63330412126953,166.5739307954007,167.401558675337,1144164.0
1696550400,167.82000788079756,172.3114575169028,167.10396972567935,171.71632866801602,1885445.0
1696809600,172.32072804788768,173.87371366435553,171.80927923000732,173.4459448774816,1139492.0
1696896000,174.82220180009475,174.90588183110117,171.4559199431549,173.27853576504026,1631334.0
1696982400,173.4831251022781,175.09188105594075,172.78567705955817,174.26425317600447,1105173.0
1697068800,174.22707295120796,174.2549335945911,170.00530257094871,171.0467903191077,1207012.0
1697155200,171.89300831144223,171.89300831144223,169.57753378407475,170.69343103225526,1122821.0
1697414400,172.59972688514708,174.3572527884243,172.15336798587484,173.17626562163557,1216551.0
1697500800,172.34863774169932,174.1619830325998,171.9999382455536,173.25994565264202,924457.0
1697587200,172.61831699754532,172.99958597820938,170.20984285775808,170.60970195082038,1131018.0
1697673600,170.33075216398947,172.82933194091555,169.1125847724043,169.49385375306835,1282861.0
1697760000,169.84721303992077,170.89797131906465,168.36863692347444,168.6104064855088,1521728.0
1698019200,168.86149562895656,170.24707213298308,167.74559838077602,167.86650768700747,1036790.0
1698105600,168.8429055165583,170.1912527453598,167.62473812497308,168.7406353731536,1276153.0
1698192000,168.73131579174026,169.03817527238274,165.50453335343008,165.60685254726326,2073714.0
1698278400,166.06248197752035,170.16613892597218,162.62183967098747,163.71914680676974,2408789.0
1698364800,163.33787782610568,166.56461121398735,163.05887898884632,164.59322544248738,1700186.0
1698624000,165.0954037293829,167.66191834976962,164.22127604323674,167.15046953188923,1316919.0
1698710400,166.91801955126826,171.02820020670944,166.6204306016106,170.41443219499592,1885172.0
1698796800,171.27924029972868,171.35252163989492,168.7034060979286,171.0932901253176,1679344.0
1698883200,172.59040730373368,174.01782382326343,171.24206007493217,173.36226484647517,1529779.0
1698969600,174.95238163731105,176.87726760260108,174.80258162869816,175.74278024202232,1480042.0
1699228800,175.44524034279317,175.6591002110159,173.91089388915205,174.3572527884243,1169946.0
1699315200,173.6783948581026,174.1286777916541,172.55322707893717,173.52962490848802,1241126.0
1699401600,173.78071405193575,173.78071405193575,170.89797131906465,171.679099392791,1596762.0
1699488000,170.98170040049956,172.42304724172084,170.35866185780114,170.80502075707332,1359161.0
1699574400,171.66982886180614,173.81789427673226,170.7863815942466,173.6226245209078,1089324.0
1699833600,173.7063045519142,174.36652331940914,172.69272649756687,173.4366252960682,837930.0
1699920000,175.53823995521296,177.30503638947505,175.42665023039493,176.90517729641275,1475828.0
1700006400,177.12835674604884,178.3186144438224,175.54751048619784,176.26354864131605,2038410.0
1700092800,177.8164852073554,178.87656306791266,177.06326682744069,177.34221661427156,1066736.0
1700179200,178.34652413763405,178.5417938934585,176.61690792816844,177.80716562594202,1103911.0
1700438400,177.30503638947505,178.89054244003273,176.74708776538478,178.3558437190474,1000087.0
1700524800,177.69562495155247,178.1791640756212,176.74708776538478,177.83507531975368,938786.0
1700611200,177.70489548253738,179.3508316609965,176.80290715300805,178.83006326170275,940994.0
1700784000,179.583330692046,180.13195973472287,178.92306287412256,179.8529608974635,537253.0
1701043200,179.10906209896214,180.10405004091123,178.8672925369278,179.4438312734163,1240242.0
1701129600,179.46242138581454,181.396626932518,178.92306287412256,180.6526790835881,1664574.0
1701216000,181.82439571939193,182.5590239869084,180.33654907196072,180.64340855260326,1121517.0
1701302400,180.6526790835881,182.37302476206884,180.42949963395202,182.18702553722923,1557022.0
1701388800,182.72638404892123,184.20030037466088,181.62917501399596,183.9166907971233,1556030.0
1701648000,182.74497416131948,184.5489998708066,182.68920382412472,184.4560002583868,1358733.0
1701734400,183.67487218466044,183.97246113431805,181.6393284526937,183.1448332543818,1292131.0
1701820800,184.26073050256235,185.16737862279834,183.45169273502432,183.9259613281082,1115451.0
1701907200,185.0418585762887,185.09762891348348,183.61910184746566,183.9259613281082,1218477.0
1701993600,182.2986152620473,183.40524197924293,179.48101149821284,180.96885814564402,2272666.0
1702252800,182.67988424271132,186.45529572369838,182.30793484346066,186.34370599888032,1853094.0
1702339200,187.84087222772493,188.11982201455578,186.78447314930452,187.38519374703932,1547043.0
1702425600,188.39882085181517,188.91954020068042,186.21352616166402,188.84517975108736,1531699.0
1702512000,189.70066827440678,190.29952495585894,188.26864101459887,189.1520392317299,1892833.0
1702598400,189.56116885577708,190.67240631325095,188.2500018517721,189.14271965031654,3761744.0
1702857600,189.70998785582015,191.0490645536368,189.21712915033805,190.7235659101675,1485343.0
1702944000,190.19352697988887,190.69565621635587,189.22644873175145,190.25861689849702,1298466.0
1703030400,189.43098901856078,190.97465505361527,188.62200030145127,188.67777063864605,1674816.0
1703116800,189.50539851858233,190.821225313294,189.17062934412814,190.67706610395763,1079332.0
1703203200,190.67706610395763,192.6391813444727,190.5933860729512,191.225744197063,944900.0
1703548800,191.69069320873345,193.93175823607942,191.3651945652642,193.45748964299557,930153.0
1703635200,192.6391813444727,194.96392640282502,192.6391813444727,194.36879755393824,1170108.0
1703721600,194.64779639119763,195.2521957710693,194.19211791051205,194.50829697256793,823842.0
1703808000,194.55479677877784,195.43819499590887,194.26652741053357,195.01042620903493,1128222.0
1704153600,194.22002760432366,195.8427138796779,193.7178493174282,194.35020744154,1566342.0
1704240000,193.810848929848,193.810848929848,189.94243783644114,190.19352697988887,1907027.0
1704326400,189.81225799922484,191.7650536583265,189.72857796821842,190.53761573575642,1271009.0
1704412800,190.06334714267257,190.22609646440722,188.08264178975926,189.26362895654796,1341364.0
1704672000,188.8823599758839,189.27755927823952,187.14342418500493,188.45459118900996,2009977.0
1704758400,186.42743508031523,187.58978308427717,184.9581785452823,187.49678347185738,1541140.0
1704844800,186.91097420438396,188.27791154558372,186.37161569269196,188.21282162697557,1186130.0
1704931200,188.1105514835709,188.3895012704018,185.56257792515396,187.5340127470824,970455.0
1705017600,189.13344911933166,189.6913977434219,186.1298461306576,187.00397381680375,1214655.0
1705363200,186.61338525472632,187.0272237199087,183.66560165367557,183.9073712157099,1750185.0
1705449600,182.95888307997072,184.20496016536754,182.26143503725078,184.07473127772275,1255234.0
1705536000,183.86087140950002,186.48320541751,183.436389001335,186.10193643684596,1302314.0
1705622400,186.24143585547566,187.13415365402008,184.71640898324793,186.7063848671461,1544801.0
1705881600,187.22715326643984,189.62630782481375,186.38093527410535,186.94815442918048,1794651.0
1705968000,187.1248340726067,188.91954020068042,186.56688544851644,188.71499991387105,1016913.0
1706054400,188.71499991387105,189.49607893716893,185.68348723138539,185.8601668748116,1741957.0
1706140800,187.59910266569054,188.9288597820938,186.60504668188275,188.36159157659017,1326615.0
1706227200,188.79867994487748,189.59839813100209,187.27360402222126,187.65487300288532,962385.0
1706486400,187.3108332974463,188.82658963868911,186.73890530123597,188.81727005727575,1098425.0
1706572800,187.05974415399854,191.9045530769562,187.05974415399854,191.46751375909736,2823024.0
1706659200,192.67636156926918,193.15063016235302,187.61769277808878,188.08264178975926,2812259.0
1706745600,182.14052573101932,183.72137199087035,176.36581878472074,183.47960242883596,3909550.0
1706832000,183.22390254511004,186.0275759872529,181.8336662503768,182.36370518065544,2158955.0
1707091200,180.36440971534387,181.19203759528014,179.3043318547866,179.48101149821284,2316090.0
1707177600,179.043972180354,180.46206911847034,178.5790231686835,180.06686981611472,1870794.0
1707264000,181.76857633176866,182.09407497523793,180.02037000990484,180.4946386029887,1514944.0
1707350400,180.02037000990484,180.41605981654536,178.774292924508,179.89946070367338,1258075.0
1707436800,179.47174096722793,181.54073709142588,179.3136514362,181.18276706429526,1843149.0
1707696000,180.38304887817063,183.7771913784936,180.18773007191766,183.51683170406096,1413938.0
1707782400,182.94956349855732,183.15415283579517,179.21133224236684,180.41090952155378,2216059.0
1707868800,180.81076861461608,181.8801660565867,180.29004926575084,181.2106277076784,1057644.0
1707955200,182.26143503725078,184.30257051806552,181.90341595969167,184.07473127772275,998262.0
1708041600,183.67487218466044,184.9581785452823,182.67988424271132,183.34942259161966,1165510.0
1708387200,184.07473127772275,185.65557753757375,183.10765302958526,184.9953587700788,1380526.0
1708473600,185.60907773136387,186.33433736703844,184.31189009947892,185.54398781275572,984811.0
1708560000,185.4509882003359,187.43169355324923,184.6884992894363,186.73429456095775,1817540.0
1708646400,186.73429456095775,188.42207075492013,186.47388583609666,186.56688544851644,1225122.0
1708905600,186.00893682442617,186.16712445631111,184.3165498901856,185.2278578011283,1014302.0
1708992000,185.59980720037896,185.70207734378366,183.1448332543818,184.28864019637396,1225989.0
1709078400,184.2235502777658,184.98603918866544,183.42383209164117,183.72137199087035,1332072.0
1709164800,184.39091033977866,186.1763459368675,182.84729335515266,184.80008901425433,1718673.0
1709251200,183.7399621032686,184.9953587700788,182.32652495585893,184.74426962663108,1392731.0
1709510400,184.52109017699496,185.78575737479005,184.2700500839757,185.2743085569097,1074455.0
1709596800,185.17203841350502,185.54398781275572,182.84729335515266,183.51683170406096,1266121.0
1709683200,185.51612716937257,188.22214120838896,184.74539778648636,186.4460251927135,1356695.0
1709769600,188.03614198354938,189.0125398131002,187.58978308427717,188.40809138280005,1223783.0
1709856000,188.89167955729727,189.62164803410707,186.3995253865036,186.67847517333448,1069692.0
1710115200,187.45028366564748,188.36625136729683,185.16271883209163,186.25070638646054,1221592.0
1710201600,185.72998703759527,186.21352616166402,183.8143716032901,185.17203841350502,1469402.0
1710288000,185.9345763748331,187.0318344601869,184.90235915765902,185.72998703759527,1268819.0
1710374400,185.28362813832308,185.72998703759527,181.2943567891133,182.58688463029154,1919106.0
1710460800,182.62411390551657,184.63267990181302,182.168435424831,183.83296171568838,3155077.0
1710720000,185.06044868868696,185.06044868868696,182.61479432410317,182.96815361095562,1240858.0
1710806400,182.96815361095562,185.2743085569097,182.37302476206884,185.0883583824986,2262402.0
1710892800,184.66990917703802,187.5711929718789,184.42809056457517,187.07833426639678,1357212.0
1710979200,187.84087222772493,188.8543521812153,187.18065346022996,187.26433349123639,1405884.0
1711065600,187.3945133284527,187.81296253391326,186.06475621204945,186.6598850609362,1030662.0
1711324800,186.33443546789545,186.64129494853796,184.52109017699496,184.56758998320484,980693.0
1711411200,184.16773089014254,187.34801352224278,183.88878110331166,186.91097420438396,1348659.0
1711497600,188.71499991387105,190.8723358597821,188.03614198354938,190.75147560397917,1380051.0
1711584000,191.0025647474269,192.32300228241678,190.79797541018905,190.8630653287972,1797105.0
1711929600,190.9932451660135,191.458194177684,187.73855303389172,187.85014275870978,1110947.0
1712016000,187.91528172774642,188.11982201455578,185.99966629344127,186.19493604926575,1307669.0
1712102400,185.44171766935102,186.8551548167607,184.0468706343396,184.0933704405495,1248065.0
1712188800,186.61338525472632,186.61338525472632,181.81507613797854,182.30793484346066,1707386.0
1712275200,182.168435424831,184.4932295336118,181.47363610524954,183.3308324792214,1106428.0
1712534400,183.7399621032686,185.22859355755566,183.4981925412342,183.89805163429654,1192359.0
1712620800,184.44672972740193,185.5347172817708,182.28002514964902,184.5025000645967,1020988.0
1712707200,181.86157594418844,182.67988424271132,180.77358838981957,181.93598544421,1453633.0
1712793600,182.27075461866414,183.37267249472458,180.64806834330994,183.07047280478878,1513168.0
1712880000,182.17775500624435,182.67988424271132,180.96885814564402,182.41020498686532,1749760.0
1713139200,184.2235502777658,184.57690956461823,179.63910102924078,180.4388192153654,1589949.0
1713225600,179.60192080444423,180.11336962232463,177.17485655225875,177.35153619568493,1400963.0
1713312000,178.92306287412256,179.02538206795575,176.44954786615565,177.01676702123078,1212194.0
1713398400,177.61189587011756,178.8161329400112,176.67272731579175,177.68630537013908,1071599.0
1713484800,179.10906209896214,180.89449769605096,178.19775418801947,180.64340855260326,1785005.0
1713744000,180.6619986650015,182.54038482408163,180.53181882778517,181.87089552560184,1183479.0
1713830400,182.28934473106239,183.75860126609535,181.95923534731492,182.41020498686532,1278629.0
1713916800,179.99246031609317,182.00107536281814,179.7135105292623,181.13626725808535,1789149.0
1714003200,185.47889789414754,186.10659622755264,177.1376763274622,179.4903310796262,1947165.0
1714089600,176.960996684036,180.07614034709962,176.7843170406098,179.89019017268853,1520769.0
1714348800,179.7135105292623,180.64340855260326,178.74638323069635,180.18773007191766,1296792.0
1714435200,180.3923194091555,182.1126650876362,178.83938284311614,179.2206518237802,1564038.0
1714521600,178.51393325007535,183.35874217303302,178.44977528960854,181.6104868007407,2542422.0
1714608000,182.61479432410317,182.707793936523,179.17881180827698,180.06686981611472,1709350.0
1714694400,181.1176280952586,182.48461448688687,179.97387020369493,182.08475539382454,1125691.0
1714953600,182.6055237931183,183.3773322854313,180.355139184359,181.3315370139098,1128861.0
1715040000,181.35944670772145,183.37193673829722,181.35944670772145,183.05183364196202,1026089.0
1715126400,182.90306369234744,184.4560002583868,182.18815369708452,184.16773089014254,894145.0
1715212800,184.91167873907239,186.7157044485595,184.00037082812972,186.56688544851644,1346088.0
1715299200,186.91097420438396,188.98463011928857,186.65056547952284,188.6963607510443,1159204.0
1715558400,190.10984694888248,192.230002669997,189.45889871237245,189.5147180999957,1752671.0
1715644800,190.63056629774772,190.98392558460014,188.68709022005942,188.9660400068903,1189295.0
1715731200,190.04475703027433,190.95606494121702,188.5569103828431,190.68638568537102,1337906.0
1715817600,190.60270565436457,192.74145148787736,190.24002678609878,192.1370521080057,1283471.0
1715904000,192.38809220102493,192.49041139485809,190.79797541018905,191.5326036777055,1133608.0
1716163200,191.32801434046766,191.73719301494336,189.00326928211533,190.27720701089532,1004150.0
1716249600,190.83515563498557,190.8537457473838,188.90095008828214,189.2450388441497,871430.0
1716336000,188.8823599758839,189.644897937212,187.72928250290684,188.58477102622626,1006651.0
1716422400,187.40383290986608,187.42242302226433,185.25571844451142,185.41380797553938,1308202.0
1716508800,186.3065257740838,186.73429456095775,185.2278578011283,185.69280681279878,1180334.0
1716854400,184.2700500839757,186.7621552043409,184.21423069635244,185.21853821971493,1208658.0
1716940800,183.9631415529047,184.49784027389,183.08906291718702,183.25642297919987,1423107.0
1717027200,183.93528090952157,187.1713338788166,183.56338056069936,186.82729417337754,1157106.0
1717113600,186.28793566168554,188.10123190215754,185.17203841350502,188.0175518711511,1581740.0
1717372800,189.53330821239393,189.53330821239393,186.9016546229706,188.26864101459887,1221834.0
1717459200,186.96674454157875,193.55971073597175,186.96674454157875,192.70427126308084,1680402.0
1717545600,193.35521949959087,194.76772468885923,191.43960406528575,194.60129658498772,1361419.0
1717632000,194.50829697256793,195.4753752207054,193.06695013134663,193.8387586236596,1635424.0
1717718400,193.90384854226775,196.18209379441024,193.10413035614317,194.14561810430214,1281662.0
1717977600,195.06624559665818,196.2648909177038,194.47106769734293,195.9682339261875,1324157.0
1718064000,195.07551612764308,195.14526583695792,192.6298617630593,194.79656634081218,1152450.0
1718150400,195.97755350760087,196.79586180612375,193.17853985616466,193.8852584298695,1235694.0
1718236800,192.57409142586454,194.32229774772836,191.79296335213814,194.00611868567245,979870.0
1718323200,192.67636156926918,194.05261849188236,191.56978390250205,193.91316812368115,1119606.0
1718582400,193.42030941819905,197.29799104259075,192.99254063132508,197.0934017053529,1550364.0
1718668800,196.24723276344687,198.27904866284828,195.67996455794324,197.9489392791008,1221680.0
1718841600,198.4417979845829,200.10632427544033,197.9489392791008,199.1299264458895,2021114.0
1718928000,200.6596131088239,200.9339521553766,198.55348581025797,200.01332466302054,3964524.0
1719187200,200.12491438783857,203.05410787649112,199.8459646010077,200.7572725119504,1466619.0
1719273600,201.63135114766806,201.63135114766806,198.73933788381206,199.41819581413375,1485317.0
1719360000,198.5812974032126,199.06483652728136,196.76795211231214,198.46970767839457,1086932.0
1719446400,199.27869639550406,200.2550942250549,198.07911911631712,199.3531058955256,956609.0
1719532800,199.1299264458895,200.99904207398475,196.3401833254382,198.5719778217992,2402408.0
1719792000,198.20002842254857,200.42250333749624,196.08914323241893,196.16350368201196,1074235.0
1719878400,196.92604164334008,198.33020825976487,196.17282326342536,198.28370845355496,954266.0
1719964800,198.06984858533224,198.3208886783515,197.2058743378838,197.56767029843678,543362.0
1720137600,197.66998949226993,197.98611950389733,195.9682339261875,197.36308096119893,677640.0
1720396800,197.03763136815815,198.28370845355496,196.22859360062012,196.79586180612375,919048.0
1720483200,196.85163214331854,197.2329011239826,195.80087386417466,195.83805408897118,687689.0
1720569600,196.39600271306145,199.87382524439084,195.99148382929243,199.4553760389303,895889.0
1720656000,199.92964463201412,201.4825811980535,198.6742479652039,199.79014521338445,1350776.0
1720742400,200.42250333749624,201.6499412600663,197.44504422720814,200.03191477541878,1044690.0
1721001600,199.37169600792384,201.1664021359976,198.4510685155678,200.59918298092242,866105.0
1721088000,200.72004323672536,203.65855630679127,200.53409306231427,203.15642707032427,1489236.0
1721174400,203.6492367253779,205.23940256664227,202.57522854312907,204.77445355497179,1344071.0
1721260800,204.56054463632057,205.31376301623533,202.27297980276472,202.41247922139442,1082721.0
1721347200,202.4682986090177,202.84951853925327,199.2238580164506,199.56696576374833,1330295.0
1721606400,200.18073377546187,201.89175987252918,198.65565785280566,201.76153098488436,1392309.0
1721692800,201.77085056629775,203.51905688816157,201.05015262047283,202.14279996554842,895624.0
1721779200,202.14279996554842,202.50081904310753,198.19070884113518,198.6742479652039,1762359.0
1721865600,188.57550049524136,190.84158124111795,185.0511291072736,188.25932143318548,3341845.0
1721952000,188.79867994487748,193.23431019335948,184.34441053356875,188.52900068903148,3726266.0
1722211200,189.26362895654796,189.4774888247707,185.17203841350502,187.28292360363463,1437002.0
1722297600,187.79437242151502,189.6541684681969,187.3433537315361,188.4360010766117,1304236.0
1722384000,189.4774888247707,192.267231945222,187.97105206494123,190.39811631712672,1661931.0
1722470400,190.00752775504932,192.267231945222,187.37592321605445,190.24002678609878,1871481.0
1722556800,193.65275939882005,194.31302721674345,187.19384802549416,189.41239890616254,1688889.0
1722816000,188.33373093320702,188.33373093320702,183.09833344817193,185.71139692519702,1957738.0
1722902400,185.70207734378366,188.00823228973772,184.57690956461823,184.86517893286248,1814541.0
1722988800,186.4925249989234,189.65770009904827,183.84228129710175,184.0468706343396,1646088.0
1723075200,184.0468706343396,186.48320541751,184.0468706343396,185.81366706860172,1230568.0
1723161600,185.07437901037855,185.19994810731663,183.67487218466044,184.33514000258384,944076.0
1723420800,184.5489998708066,184.58618009560314,182.75429374273287,182.99606330476723,1536983.0
1723507200,183.43310262262605,183.57417165496747,181.898756168985,182.94024391714396,1869694.0
1723593600,182.26143503725078,183.9259613281082,181.86157594418844,183.74928168468196,1735649.0
1723680000,185.0064932173464,186.19493604926575,184.21423069635244,184.5489998708066,1450116.0
1723766400,183.7399621032686,185.61839731277723,183.03324352956378,184.58618009560314,1405561.0
1724025600,184.5489998708066,185.4463774600577,183.97255923517505,185.0883583824986,1022193.0
1724112000,185.0511291072736,186.45529572369838,184.0561411653245,186.04616609965117,1530210.0
1724198400,186.7621552043409,187.63628289048708,185.87875698720987,187.3015137160329,892467.0
1724284800,186.67847517333448,187.255013909823,185.34965001507257,186.11125601825933,973792.0
1724371200,187.55260285948063,188.566180913828,186.7621552043409,188.2872311269971,1474185.0
1724630400,189.31939929374275,190.46320623573487,188.68709022005942,189.56116885577708,917434.0
1724716800,189.67275858059514,191.83946315834805,189.472829034064,191.66278351492184,1181072.0
1724803200,192.1277325265923,192.5833619568494,189.50539851858233,190.62595555746955,1169401.0
1724889600,191.8580532707463,193.79691860815643,190.10984694888248,192.96463093751348,1184682.0
1724976000,193.40171930580078,194.1177084104905,190.9095651350071,193.33662938719263,961732.0
1725321600,193.09481077472978,193.33662938719263,189.79832767753325,190.50038646053142,1028451.0
1725408000,190.88165544119548,192.61127165066102,190.79797541018905,191.1327445846432,869796.0
1725494400,190.80724594117393,191.03042539081005,187.55260285948063,188.7521801386676,756111.0
1725580800,188.77077025106584,188.86376986348566,183.98178071573145,184.24214039016408,1270328.0
1725840000,185.96243701821626,187.56187339046554,185.19062852590326,187.05974415399854,1150191.0
1725926400,186.2600259678739,187.07833426639678,184.6512700142113,186.86447439817405,697733.0
1726012800,186.7621552043409,190.03543744886093,183.52620033590284,189.73789754963178,1368900.0
1726099200,189.644897937212,190.62129576676284,187.71996292149348,190.3237068171052,972892.0
1726185600,190.13775664269411,191.20710503423626,189.2915386503596,189.84016769303648,986665.0
1726444800,191.56046432108866,192.4439115886482,189.44957913095905,190.33302639851857,781114.0
1726531200,190.63056629774772,191.3186947590543,189.2822190689462,189.92384772404287,720842.0
1726617600,189.92384772404287,190.3701085224581,186.5297052237199,187.50610305327075,1195756.0
1726704000,189.85130214030403,191.13264648378623,188.00823228973772,189.4217184875759,1347676.0
1726790400,189.50539851858233,189.50539851858233,187.8036920029284,189.09621984410663,1914996.0
1727049600,189.70998785582015,189.7471680806167,188.41034770251065,189.48680840618405,1131917.0
1727136000,189.48680840618405,191.56046432108866,188.48250088282157,190.88165544119548,1290926.0
1727222400,191.74646354592824,193.19712996856293,190.8723358597821,192.28582205762024,1429132.0
1727308800,193.15994974376642,193.8852584298695,192.08020266138408,192.51827203824124,798997.0
1727395200,192.95536040652857,196.07128887644805,192.61127165066102,193.0762206623315,1227157.0
1727654400,193.5133090306188,194.15959747642222,189.914577193058,192.22073213901209,1312218.0
1727740800,191.960323414151,193.42030941819905,190.47247676671978,191.6256032901253,1150182.0
1727827200,191.16060522802636,191.60696412729857,189.3844892123509,189.58907854958875,920929.0
1727913600,188.30582123939536,189.30080918134448,187.46892282847423,188.6591805262478,1023787.0
1728000000,190.23070720468542,190.70497579776927,187.50610305327075,189.49607893716893,821742.0
1728259200,188.0342780672667,190.00752775504932,187.5805125532923,189.07762973170836,900688.0
1728345600,194.06193807329572,194.9825165152233,189.50539851858233,192.49041139485809,2066201.0
1728432000,192.5090015072564,199.02760725205633,192.3974117824383,198.7207477714138,2541321.0
1728518400,196.67495249989236,198.69283807760218,196.32208371732483,198.62774815899402,2478856.0
1728604800,200.09700469402696,201.3895815856337,198.74865746522545,200.8502230739417,1904761.0
1728864000,201.08272210499118,202.45897902760433,200.17151229490548,202.34738930278627,924956.0
1728950400,202.71933870203694,203.85382606261575,201.30590155462727,202.04052982214375,1974224.0
1729036800,201.85453059730415,204.21650493088154,201.3803110546488,203.61205650058136,1298264.0
1729123200,203.6492367253779,204.65354424874036,203.04753511907325,204.16068554325824,1567515.0
1729209600,202.45897902760433,206.50406976443736,202.45897902760433,206.45756995822745,2016915.0
1729468800,206.41107015201757,207.35028775677188,204.66286383015375,205.97403083415873,1845041.0
1729555200,205.0906326170277,207.22010791955557,204.35134455880453,206.76442943887,2005906.0
1729641600,206.01121105895527,207.01551858231772,203.80624714697902,204.89531381077472,3091887.0
1729728000,199.34378631411224,201.04554188019466,194.2572078291202,194.44320705395978,4350111.0
1729814400,194.44320705395978,195.61487463933508,192.15564222040393,193.42030941819905,3044079.0
1730073600,193.4760797553938,194.08469747211578,190.54688626674132,191.65346393350845,3047406.0
1730160000,190.65847599155936,193.04836001894836,188.79867994487748,191.54187420869042,3035390.0
1730246400,190.11911747986738,192.14632263899057,188.85445028207226,189.88666749924639,2677076.0
1730332800,190.30511670470693,191.69996373971836,189.12878932862498,191.2629244218595,2327445.0
1730419200,191.8301435769347,194.84306614702209,191.3559240342793,194.5268870849662,2242183.0
1730678400,194.19211791051205,194.19211791051205,191.95105288316608,192.99254063132508,2015018.0
1730764800,193.60625959261014,196.99113156194824,192.1370521080057,194.14561810430214,3688778.0
1730851200,197.19572089918609,201.68717053529133,194.4338874725464,201.23149205460575,3076240.0
1730937600,201.74294087248612,203.0448373455062,200.32018414366308,202.25438969036648,2686638.0
1731024000,202.20788988415657,204.3095045433013,201.3339093492959,204.10491520606345,2847386.0
1731283200,203.83523595021745,209.52626286550966,203.83523595021745,209.45185336548815,3649285.0
1731369600,222.58211351793634,225.75312561905173,213.48767357133627,217.51412514534258,5544330.0
1731456000,218.52775225011843,219.95050897894149,215.90541824210842,216.7330461220447,2765609.0
1731542400,216.65863662202315,218.12789315705612,214.14323254812453,214.50125162568364,1918650.0
1731628800,212.94831505964427,214.99411033116576,212.38104685414064,212.9389954782309,1853947.0
1731888000,213.3946739589165,213.9433030015934,212.2694571293226,212.80881564101458,1723105.0
1731974400,211.3953784936049,212.86463502863788,210.40966108264072,212.20436721071445,1848448.0
1732060800,211.3116984625985,212.84599586581112,209.6099428965161,210.7816104818914,2316521.0
1732147200,212.01841703630333,212.82740575341288,209.0613138538392,210.24230102062788,2815422.0
1732233600,211.78591800525385,213.98980280780327,211.20015778820897,213.05058520304897,1917190.0
1732492800,214.91970083114424,215.7287385986822,213.59926329615436,214.43616170707548,1918849.0
1732579200,215.55205895525603,216.20295814133758,213.73871366435554,214.2501624822359,2101600.0
1732665600,215.90541824210842,216.63072692821154,213.38535437750312,213.54344390853106,1435024.0
1732838400,213.32958404030833,216.9189962964558,213.32958404030833,216.6028172343999,958733.0
1733097600,216.84463584686276,217.33077464364152,213.70153343955903,213.83171327677533,1612690.0
1733184000,212.14859687351964,213.13431428448388,207.51764781878472,211.0512897377374,2011665.0
1733270400,211.45580862150638,214.00839292020154,210.89320020670945,213.68294332716076,1327387.0
1733356800,213.83171327677533,214.00839292020154,209.70304060979285,210.42825119503897,2591864.0
1733443200,211.3581492183799,211.98118776107833,209.88894173377545,210.51198027647388,1590033.0
1733702400,210.75374983850824,211.7719876835623,209.17290357865724,209.31240299728694,1271412.0
1733788800,209.3774929158951,213.45044429611127,208.8381344042031,213.02272455966582,1773966.0
1733875200,215.63573898626242,217.59785422677749,211.88823719908703,213.00408539683906,2191260.0
1733961600,211.78591800525385,213.82244274579045,211.40464902458982,211.7301476680591,1357943.0
1734048000,210.10280160199818,213.03199509065072,210.03771168339003,211.6650577494509,1216172.0
1734307200,216.16577791654106,221.26461900865596,214.0177125016149,219.45765027345936,4098646.0
1734393600,221.4662653201843,221.60571568838552,215.40323995521297,216.78881645923948,2691206.0
1734480000,217.3188553895181,218.24875341285906,210.53984091985703,210.9582901253176,3214433.0
1734566400,212.59495577279188,217.132905215107,210.43757077645233,210.97692928814436,2435552.0
1734652800,209.3774929158951,213.6457631023642,208.8753146289996,212.31595693553248,3416660.0
1734912000,211.80450811765215,212.25086701692433,210.11212118341157,211.21869885017873,1733936.0
1734998400,210.76302036949312,213.2086747340769,209.83312234615218,212.85531544722448,936795.0
1735171200,212.74372572240642,215.74732871108048,212.40895654795227,215.60782929245082,1536092.0
1735257600,214.80811110632618,215.3288795056199,212.7623158348047,213.42258365272812,1526954.0
1735516800,211.2279693811636,211.48837810602473,209.6006723655312,210.71652056328324,1185790.0
1735603200,211.2279693811636,211.59530804013608,209.7866225399423,210.0563017957883,968445.0
1735776000,211.15360893157057,212.00909745488997,208.90322432281124,209.71226209034924,1044954.0
1735862400,210.13998182679472,211.47905852461136,210.02839210197666,210.64216011369018,1318763.0
1736121600,208.9311340166229,211.01410951294088,205.84385099694242,206.19721028379485,1914654.0
1736208000,205.97403083415873,207.4432873691917,204.49221738943197,205.16499306662072,1508211.0
1736294400,204.66286383015375,205.86244110934066,203.83523595021745,204.73722427974678,1560265.0
1736467200,204.5512741053357,204.57918379914733,201.1199023297877,202.89601834546318,1792582.0
1736726400,202.41247922139442,212.92040536583264,202.18002924077345,203.74223633779766,2696160.0
1736812800,204.89531381077472,205.0534033418027,199.55769523276345,203.18428771370742,2010906.0
1736899200,204.37459446190948,205.07199345420094,201.03622229878127,204.15141501227336,2323886.0
1736985600,204.57918379914733,208.7916345979932,204.50830592997718,207.08060850092588,2305872.0
1737072000,210.93970001291933,210.96760970673097,206.7086591016752,206.9783383575212,1674617.0
1737417600,207.7129666250377,211.7673278928556,207.54565561345333,209.29376383446018,2328300.0
1737504000,208.2987758925111,208.80095417940657,207.034108694716,207.45255790017657,1486259.0
1737590400,207.78732707463072,210.22371090822963,207.1363788381207,209.84244192756557,1518411.0
1737676800,209.22867391585203,211.2279693811636,205.76944149692088,205.9833013651436,3166454.0
1737936000,204.8116337797683,210.03771168339003,204.67213436113863,209.88894173377545,1555514.0
1738022400,208.9683142414194,208.9683142414194,204.73722427974678,205.23008298522888,1799746.0
1738108800,205.46258201627836,207.18287864433054,205.183583179019,205.55558162869818,958134.0
1738195200,206.48547965203912,208.94972412902115,206.04839128375176,208.35459528013436,906717.0
1738281600,207.22937845054045,210.11212118341157,206.9457688730029,208.03841621807848,1240908.0
1738540800,206.9039288574997,207.64782765600103,204.2660458636579,206.82024882649324,1610285.0
1738627200,208.82881482278972,209.8796221523621,207.47114801257482,207.8803266870505,1721450.0
1738713600,207.8803266870505,208.48943490805735,203.88173575642736,206.76442943887,2298466.0
1738800000,199.92964463201412,200.15282408165024,191.72787343353,195.1127454028681,6092640.0
1738886400,197.13990151156278,198.4417979845829,190.97931484432195,191.11415447224496,3348291.0
1739145600,192.07191313896902,194.49431760044786,190.70497579776927,193.90384854226775,3314105.0
1739232000,192.09055230179578,194.66638650359587,191.3559240342793,192.43459200723484,1538757.0
1739318400,191.17458460014643,191.8301435769347,189.93316730545627,190.6398858791611,1706611.0
1739404800,192.0347329141725,192.769361181689,190.26793647991042,190.88165544119548,1691202.0
1739491200,190.46320623573487,190.76074613496405,187.41310344085093,188.53832027044487,2675708.0
1739836800,190.08659704577752,193.78293923603636,188.566180913828,193.45748964299557,2448942.0
1739923200,193.35521949959087,196.86095172473193,193.3458999181775,196.03332384479566,2532297.0
1740009600,194.89883648421687,196.67495249989236,194.22929813530854,196.53550213169115,1817995.0
1740096000,196.3588224882649,197.60485052323327,194.7221568407907,197.08413117436803,3111061.0
1740355200,196.9167220619267,200.10632427544033,195.0197457904483,195.1964254338745,3371079.0
1740441600,196.34950290685157,198.83233749623184,196.22859360062012,197.13990151156278,1899213.0
1740528000,196.0519139571939,197.80016932948624,195.05005895525602,196.5168629688644,1563465.0
1740614400,196.94463175573833,199.82271469790277,196.7865422247104,197.39099065501054,1377692.0
1740700800,198.06052900391887,198.78583769002196,195.8287345075578,197.96752939149908,1988323.0
1740960000,198.73933788381206,200.91070225227165,196.2379131820335,197.15854067438954,2666735.0
1741046400,196.86095172473193,197.63276021704493,193.2622198871711,193.42030941819905,3480904.0
1741132800,193.42030941819905,195.67996455794324,192.29509258860514,194.92674617802848,2647902.0
1741219200,194.2943880539167,196.89813194952845,193.33177339477197,196.45177305025624,2521364.0
1741305600,196.44250251927136,200.26441380646827,196.01473373239742,199.4832857327419,2841368.0
1741564800,199.2694258645192,203.1603020541751,198.60915804659575,198.83233749623184,2088545.0
1741651200,198.52547801558933,198.7672475776237,192.41600189483657,193.96893846087593,2621742.0
1741737600,192.57409142586454,193.22503966237457,190.37952620472848,191.88596296455793,1906340.0
1741824000,191.24433430946127,193.32730980577927,190.7328854915809,192.20214202661384,1765484.0
1741910400,193.85734873605787,196.34950290685157,193.31799022436587,194.78724675939884,1942295.0
1742169600,193.82943904224624,196.31232268205505,193.1645604840446,195.67069402695836,2207580.0
1742256000,195.66137444554496,196.6842720813057,194.19211791051205,195.03833590284657,1905696.0
1742342400,195.54978472072693,197.25149123638087,193.7085787864433,194.0247578484992,3204172.0
1742428800,193.039040437535,196.8330420309203,192.7647013909823,196.1077333448172,1791642.0
1742515200,194.47106769734293,196.62845269368245,194.14561810430214,195.39169518969896,3272570.0
1742774400,196.80513233710866,197.77225963567463,195.74505447655142,197.0004511433616,2124108.0
1742860800,196.2936835192283,198.07911911631712,195.53119460832866,197.25149123638087,1905197.0
1742947200,197.81875944188448,201.94184036001894,197.70716971706645,198.18143831015027,2625709.0
1743033600,198.16279914732354,200.12491438783857,197.39099065501054,199.15783613970115,1792180.0
1743120000,199.25078670169245,199.83664501959433,195.2475850307911,195.5962845269368,1626709.0
1743379200,196.0519139571939,197.54908018603848,195.0569260152448,196.9074515309418,1984157.0
1743465600,196.31232268205505,198.65565785280566,194.98290891865122,198.4882977907928,1281906.0
1743552000,197.5955799922484,201.24081163601912,197.44215025192713,200.8502230739417,1711966.0
1743638400,198.61847762800912,201.12922191120106,191.8695801214418,192.19282244520048,3255353.0
1743724800,189.00326928211533,190.2865265923087,177.34221661427156,177.6026253391327,4222849.0
1743984000,177.43521622669138,182.4751968046165,170.53534150122732,174.32002351319926,4676108.0
1744070400,175.04538124973084,177.76998540114553,168.1547770552517,170.04248279574523,3476003.0
1744156800,167.84791757460917,185.77648684380517,166.78779066362344,185.14412871969338,4570652.0
1744243200,183.1820625296068,185.56257792515396,175.5661005985961,179.83437078506523,2910846.0
1744329600,179.26715162999008,185.43239808793763,178.1699425950648,184.63267990181302,2551467.0
1744588800,185.06976827010033,187.24574337883814,184.30723030877223,186.21352616166402,2246094.0
1744675200,186.752884673356,188.17564140217905,184.48390995219845,184.87444946384738,1509758.0
1744761600,183.65628207226217,184.66990917703802,179.01606248654235,179.73210064166057,2064666.0
1744848000,181.5639869945308,184.42809056457517,181.30828711080488,182.81938366134102,1607785.0
1745193600,181.31294690151157,182.07543581241117,178.65338361827656,180.61549885879163,2474318.0
1745280000,182.13125520003445,185.65557753757375,181.7128059945739,184.46531983980017,2173348.0
1745366400,185.63698742517548,187.1713338788166,183.02397299857887,183.47960242883596,2078959.0
1745452800,183.4981925412342,187.46426303776755,182.48471258774384,186.6692046423496,1619865.0
1745539200,185.23712833211317,186.52038564230654,183.9259613281082,185.19994810731663,1819702.0
1745798400,185.58121708798072,187.5805125532923,184.11196055294775,186.59479514232805,2845306.0
1745884800,192.9088606003187,197.53976060462512,192.3601825072133,196.66568196890745,4372294.0
1745971200,196.3215932130399,196.8237714999354,191.3651945652642,195.74505447655142,2515997.0
1746057600,195.6520548641316,196.702862193704,195.06624559665818,195.9682339261875,1795801.0
1746144000,197.30731062400415,199.87382524439084,197.15388088368286,199.12060686447612,2189338.0
1746403200,198.13493850394042,200.43177386848112,197.57698987985015,199.23219658929418,3142603.0
1746489600,197.8140996511778,198.33717342061064,194.80122613151886,195.21501554627278,2564716.0
1746576000,198.9067469962534,201.57558081047327,198.19070884113518,199.56696576374833,2167080.0
1746662400,200.58059286852418,201.47326161664012,198.79515727143536,199.50187584514018,1950928.0
1746748800,199.50187584514018,199.81339511648937,197.76294005426124,198.0977092287154,1197204.0
1747008000,202.71933870203694,204.07700551225184,201.35240136083718,203.96541578743378,2016270.0
1747094400,204.3560043495112,204.9232235045864,202.77515808966024,202.92392803927478,1929172.0
1747180800,201.20358236079412,202.90533792687654,200.69218259334224,201.95684979113733,1617498.0
1747267200,202.44038891520609,207.35028775677188,202.44038891520609,206.7086591016752,2066596.0
1747353600,206.7179296326601,207.35955828775678,205.15758645191855,207.2572881443521,1447983.0
1747612800,206.07630097756342,209.32167352827182,205.15572253563585,209.17290357865724,1707603.0
1747699200,207.6106474312045,209.4704434778864,207.6106474312045,209.2844933034753,1666942.0
1747785600,208.69863498557342,209.1914936910555,205.9833013651436,206.31807053959776,1805713.0
1747872000,205.87171164032557,209.25658360966366,205.68576146591448,207.95473618707203,1457739.0
1747958400,205.34167271004694,207.36887786917015,205.34167271004694,206.46688953964085,1268759.0
1748304000,208.6893644545885,210.8653395633263,206.74583932647175,210.5863407260669,1545510.0
1748390400,210.5863407260669,211.91389057318804,208.46618500495242,208.86604409801473,1291327.0
1748476800,209.7308522027475,210.07489190818654,207.59205731880624,209.40535355927824,3370235.0
1748563200,210.76302036949312,211.10710912536067,208.08025623358165,210.7816104818914,4149781.0
1748822400,209.22867391585203,210.10280160199818,207.39678756298179,209.71226209034924,1265869.0
1748908800,209.22867391585203,211.29305929977176,209.21940338486715,210.87461009431118,1404700.0
1748995200,211.5348779122346,212.73445519142155,210.33525158261918,211.50696821842297,916367.0
1749081600,211.52555833082124,211.94400753628182,210.27016166401103,210.7816104818914,1625065.0
1749168000,212.71120528831662,214.31525240084406,212.15786740450454,212.74372572240642,1107933.0
1749427200,212.66004569140003,212.6693162223849,210.6514306446751,211.20937926876536,1280735.0
1749513600,211.20010873778045,211.65573816803754,209.90753184617373,210.40039055165582,1332774.0
1749600000,210.08421148959994,210.90251978812282,206.11490366478617,209.99121187718015,1246825.0
1749686400,209.25658360966366,210.81883975711642,208.08491602428836,210.20507174540288,799623.0
1749772800,209.13567430343224,210.2794812454244,207.84324456311097,208.56845514835712,1248537.0
1750032000,209.75871284613063,210.53057038887212,207.86173657465227,208.3824559235175,1219485.0
1750118400,207.92682649326042,208.41502540803583,205.95544072176048,206.24371009000473,1552833.0
1750204800,206.58774979544378,207.91750691184703,205.40529111580037,206.31807053959776,1799286.0
1750377600,207.73155673743594,207.74082726842082,204.76513397355842,206.2529806209896,2937540.0
1750636800,207.6664668188278,209.22867391585203,206.19255049308813,208.98690435381766,1290063.0
1750723200,209.7773520089574,210.26089113302612,207.97332629947033,208.85672451660136,1791960.0
1750809600,208.9311340166229,208.9311340166229,205.64853219068948,206.24371009000473,1502006.0
1750896000,207.2015178071573,210.60959062917186,206.55984010163215,210.51198027647388,1314934.0
1750982400,210.31666147022094,212.9111348348478,209.9632040825115,212.80881564101458,2497264.0
1751241600,212.80881564101458,217.1886755523018,212.31595693553248,216.55636647861851,2030570.0
1751328000,217.20726566470006,222.13575461866415,216.8467450152879,222.03348447525946,1960808.0
1751414400,221.4662653201843,223.66083054132037,220.30852805650056,222.48911390551655,2051648.0
1751500800,223.07497222341846,224.38613922742346,222.61002321174797,223.5492408165023,951595.0
1751846400,223.05638211102018,224.01418982817276,221.26167598294646,222.57284298695149,1355296.0
1751932800,222.50309327763662,224.71158882046424,222.27525403729385,222.99129219241203,1384012.0
1752019200,223.8281906033332,224.77672778950088,220.1271886223677,221.98698466904955,1088587.0
1752105600,221.15008625812843,222.5960928900564,219.9319188665432,220.17368842857758,1132267.0
1752192000,217.94189393221652,219.50415007966924,217.59785422677749,219.3925603548512,1208751.0
1752451200,219.92259928512985,222.04280405667285,218.18366349425088,221.37326570776452,1455703.0
1752537600,220.56422794022652,220.95471840144697,218.70443189354464,218.8067020369493,1177626.0
1752624000,218.95552103699237,220.38754829680033,216.67722673442145,220.27595857198227,1412325.0
1752710400,220.02486942853452,221.95907497523794,219.6157398044873,221.6615350760088,1253375.0
1752796800,222.91688269239052,222.91688269239052,218.75093169975452,219.95977950992634,1806985.0
1753056000,219.95977950992634,221.64201300546918,218.69511231213127,218.73234158735627,1447101.0
1753142400,218.65793208733476,220.45263821540848,217.90471370742003,219.9970087851514,1704526.0
1753228800,220.94549692089058,223.65151095990697,220.60140816502303,222.49843348692994,1914528.0
1753315200,210.27016166401103,214.4268421256621,208.11282571809997,208.7451347917833,5597135.0
1753401600,210.4561608888506,210.71652056328324,206.7086591016752,208.5219553421472,2984533.0
1753660800,209.34492343137677,211.78591800525385,208.9683142414194,209.30308341587354,2411543.0
1753747200,209.8703025709487,210.15857193919297,205.73226127212436,206.17862017139657,1882266.0
1753833600,206.801658714095,208.66145476077688,205.71367115972612,206.58774979544378,2373038.0
1753920000,206.0298011713535,208.04768674906336,205.78803160931915,206.76442943887,1527378.0
1754006400,205.84846173722062,206.09955088066835,201.9382106283106,202.44965944619094,1983487.0
1754265600,203.01692765169457,205.33240217906206,202.53338852762585,205.31376301623533,1726151.0
1754352000,204.5977739115456,205.8531215279273,204.12350531846175,205.56485215968303,1239919.0
1754438400,206.11353025278842,206.34598023340942,203.6492367253779,203.86314564402912,1396458.0
1754524800,204.83954347357994,205.0534033418027,200.49686378708927,201.39890116704706,1451241.0
1754611200,201.57558081047327,202.44038891520609,200.85954265535506,201.14781202359933,1529842.0
1754870400,201.14781202359933,201.40351190732528,199.1856967830843,201.27799186081566,1205670.0
1754956800,201.45467150424184,202.04980035312863,200.44109344989448,201.7987602601094,2175315.0
1755043200,202.12886964385686,204.52336441152406,201.98471043452048,204.33736518668445,1814043.0
1755129600,203.7329658068128,203.7329658068128,202.04980035312863,202.90533792687654,1486182.0
1755216000,202.7379288144352,202.7379288144352,200.6549533181172,201.57558081047327,1370608.0
1755475200,201.53835153524827,202.16604986865337,200.7851331553335,201.23149205460575,2056688.0
1755561600,201.10131221738942,202.87742823306488,200.36668394987296,201.54767111666166,1188352.0
1755648000,201.8452600663193,204.12816510916844,201.0641319925929,201.789440678696,2030731.0
1755734400,201.31517208561215,202.50547883381424,199.92964463201412,202.18002924077345,1343717.0
1755820800,204.17000512467163,207.4432873691917,203.35169682614875,207.21078833814218,1641410.0
1756080000,206.19721028379485,206.82951935747815,205.04413281081779,205.14640295422248,1128576.0
1756166400,204.7837240859567,207.19219822574394,204.43036479910424,206.95969919469445,2028596.0
1756252800,206.08562055897679,207.10851819473754,205.220910555101,205.74153180310927,1055918.0
1756339200,206.15998100856982,206.34598023340942,204.37459446190948,205.83453141552906,1300183.0
1756425600,205.57417174109642,206.0670304465785,203.8166458378192,204.11418573704836,995566.0
1756771200,201.81735037250763,202.830928426855,200.3015940312648,202.34738930278627,1625986.0
1756857600,201.95684979113733,201.99868980664053,197.66066991085654,198.9997466086732,1760803.0
1756944000,198.74399767451874,200.51545389948754,197.2329011239826,200.0784145816287,2327753.0
1757030400,199.91105451961587,201.12922191120106,198.41388829077127,199.23219658929418,2052425.0
1757289600,199.76223551957278,200.11559480642524,197.6420797984583,199.69714560096463,2281919.0
1757376000,199.89241535678912,200.2179140002584,197.08413117436803,199.1856967830843,1472724.0
1757462400,198.97183691486154,199.3158766203006,196.55875203479607,196.86095172473193,2142745.0
1757548800,197.06554106196975,201.00831260496966,196.6470918565092,200.2179140002584,2790257.0
1757635200,199.04624641488306,199.5390560699367,196.15246733560141,196.6377722750958,1584603.0
1757894400,196.9167220619267,198.00470961629557,195.9217341199776,196.89813194952845,1895996.0
1757980800,196.84236161233366,198.3673884845614,195.83805408897118,196.16350368201196,1669910.0
1758067200,196.8330420309203,198.6742479652039,195.51260449593042,196.84236161233366,2706167.0
1758153600,196.28907277895007,198.4417979845829,195.3266052710908,195.4661046897205,2226778.0
1758240000,196.30300310064166,196.30300310064166,192.88095090650702,194.69424714697902,5503070.0
1758499200,194.1130976702123,195.7822347013479,192.79727087550063,194.35020744154,2402888.0
1758585600,194.75472632530898,196.22859360062012,194.17352779811378,194.63847680978424,3117654.0
1758672000,194.62915722837087,195.54046513931357,193.6248987554369,193.9782580422893,3079380.0
1758758400,194.2572078291202,194.7035667283924,192.769361181689,193.14131058093966,2036995.0
1758844800,193.810848929848,194.3966091468929,192.81586098789887,193.59698906162527,1775842.0
1759104000,195.17783532147624,195.4288754144955,190.04475703027433,194.6105671159726,2818984.0
1759190400,194.30370763533008,196.31232268205505,193.8387586236596,195.74505447655142,2091374.0
1759276800,195.74505447655142,197.87452977907927,195.26617514318934,195.44751457732224,1943596.0
1759363200,195.74505447655142,198.0884386977305,195.36378549588733,196.21932306963527,2153814.0
1759449600,196.1914133758236,197.16315141466777,193.810848929848,194.3967072477499,2163253.0
1759708800,195.28010546488093,195.74505447655142,193.2296504026528,194.35020744154,2578650.0
1759795200,194.00611868567245,194.9779057749451,193.2436297747728,194.33161732914175,1936701.0
1759881600,194.20143749192542,195.16851574006287,193.32730980577927,195.14060604625124,1407053.0
1759968000,195.27078588346757,195.28010546488093,189.21712915033805,189.914577193058,1877466.0
1760054400,190.60270565436457,191.07692519701996,186.65056547952284,186.82729417337754,2766364.0
1760313600,188.22214120838896,188.99394970070196,186.54829533611814,188.68709022005942,1861748.0
1760400000,187.3015137160329,194.09911829809224,187.23642379742475,193.9875285732742,2025090.0
1760486400,194.14561810430214,194.73147642220403,187.929212049438,188.30582123939536,2215140.0
1760572800,189.4217184875759,190.50970604194478,188.05939188665434,188.9288597820938,1552454.0
1760659200,188.89167955729727,190.63056629774772,187.85946234012317,188.73359002626933,1936692.0
1760918400,190.0168473364627,191.73253322423668,189.99825722406442,191.5883740149003,1954583.0
1761004800,191.69069320873345,195.84727556952757,191.44892364669911,194.4246169415615,1899988.0
1761091200,195.09410624004133,195.45212531760043,191.55585358081046,192.1277325265923,2136170.0
1761177600,199.92964463201412,206.8853387451014,199.23219658929418,205.20222234184573,4734182.0
1761264000,205.44399190388012,205.44399190388012,199.69714560096463,200.98972249257136,4020377.0
1761523200,203.60739670987468,203.84455553163085,199.65064579475475,199.99473455062227,2697043.0
1761609600,199.75296498858793,200.37134374057965,198.22798716678867,199.38101558933724,2120761.0
1761696000,198.42320787218466,199.42746634511863,195.74505447655142,197.96752939149908,2093324.0
1761782400,197.96752939149908,201.32257870031438,196.00551225184103,196.30962490848802,3255603.0
1761868800,195.02450368201198,198.03619999138712,194.87745049739462,197.50645536367944,2033922.0
1762128000,197.50645536367944,197.6241763920589,193.3567891133026,194.01406485508807,2481685.0
1762214400,193.90615391240686,194.24460186899788,190.98274837431634,192.72894362861203,2863492.0
1762300800,192.39540071487016,195.93321192024462,191.60078377330865,193.30773868481117,2103186.0
1762387200,192.26786960079238,193.50394039877696,191.51249300202403,192.18938891520605,1515637.0
1762473600,192.32182507213298,192.70932345721545,190.02135997588388,190.38433314672062,1853474.0
1762732800,191.28686103096337,192.7485638000086,189.94287929029758,192.3463502863787,1910360.0
1762819200,192.7485638000086,197.68303690624865,192.05940527970373,196.60392747943672,2098461.0
1762905600,197.16310236423925,198.43841350501702,195.78969036647862,197.76151759183497,2303437.0
1762992000,197.4475948494897,199.17907497523794,195.7381874165626,196.07418285172903,2081090.0
1763078400,194.69096076827012,195.7651651522329,191.95394685844707,195.25994573877094,1862798.0
1763337600,194.13178588346753,195.56396029456096,191.26724085956678,192.356160372077,1418903.0
1763424000,188.18196890745446,190.15870117565996,186.95080315231903,187.81409069376855,3036451.0
1763510400,187.05380905215108,187.71598983678567,185.41552474053657,186.95080315231903,1697058.0
1763596800,188.77547909220104,189.5750010766117,183.21316050127038,184.56695232763445,1836580.0
1763683200,184.69448344171226,187.45111752293184,184.26774471383663,186.41124843891305,2355858.0
1763942400,186.44067869600792,186.5809629214935,183.48784290082253,185.07707678394556,2652102.0
1764028800,186.2101416820981,187.9906722363378,185.63625166874812,187.3922570087421,1831801.0
1764115200,188.63813789242496,188.63813789242496,186.342577839025,186.3818181818182,1560436.0
1764288000,186.39162826751647,188.74604883510617,185.99922483958485,188.54003703544205,822036.0
1764547200,186.66631066706861,188.51060677834718,186.37200809611988,186.60745015287887,1610264.0
1764633600,187.17643512337972,190.05079023297876,185.93055423969682,189.48180526247793,2238587.0
1764720000,189.65838680504717,191.49287283062745,189.1090220059429,189.79572800482322,2090508.0
1764806400,189.78591791912493,190.23718186124628,187.82390077946687,188.57927737823522,2003076.0
1764892800,189.1090220059429,189.68781706214205,187.02938193876233,187.69636966538908,2147291.0
1765152000,188.4909866069506,188.70190344946383,186.91352482666554,188.34383532147626,1620024.0
1765238400,187.53940829421643,189.03054132035658,186.25428706774042,186.55839972438739,1386022.0
1765324800,186.54858963868912,189.04035140605484,186.51140941389258,188.41250592136427,2784075.0
1765411200,189.02073123465829,190.74142026613842,188.98149089186512,190.16851126135825,1866850.0
1765497600,190.42847853236296,191.02640325567376,188.85395977778734,189.98211963309075,1662272.0
1765756800,191.93923172989966,193.78843288402737,189.6976271478403,193.70014211274275,1731666.0
1765843200,193.74919254123424,194.9852633392188,192.95212307824815,194.4947590543043,2367189.0
1765929600,194.64191033977863,198.61499504758623,194.35741785452822,196.09380302312562,3145762.0
1766016000,197.0159510787649,197.50645536367944,192.92514534257782,194.3181775117351,2084135.0
1766102400,195.05393393910686,197.24158304982558,194.40646828301968,195.32861633865897,3933449.0
1766361600,194.51437922570088,195.95646182334954,191.49287283062745,192.23843934369754,2192007.0
1766448000,192.08147797252488,192.48369148615478,191.0219887171095,191.78717540157615,1210011.0
1766534400,191.78717540157615,193.39602945609576,191.30648120235992,193.19001765643168,740060.0
1766707200,192.99381594246586,193.72957236983763,192.15995865811118,193.62166142715645,728955.0
1766966400,193.60204125575987,193.84729339821712,192.5082167004005,193.34697902760433,1034030.0
1767052800,192.61122260023254,193.82767322682056,191.69888463029153,192.63084277162915,952061.0
1767139200,192.63084277162915,193.30773868481117,191.3457215451531,191.38496188794625,1013637.0
1767312000,191.97356702984368,192.849607682701,189.67800697644373,192.15995865811118,1578202.0
1767571200,192.08147797252488,197.9479092201025,191.2181904310753,197.27101330692045,1923082.0
1767657600,196.59411739373843,201.65612161405625,196.54506696524697,201.04789630076223,2002507.0
1767744000,201.21466775763318,202.08776538478102,194.75423582102405,195.7210197665906,2543529.0
1767830400,195.16184488178803,201.5874510141682,194.77925153955474,201.34219887171096,2596381.0
1767916800,200.76340381551182,204.7757288661126,199.6450540459067,203.44155721114507,2854051.0
1768176000,203.16687481159295,204.7462986090177,200.74868868696439,204.6383876663365,2760777.0
1768262400,205.29566340812198,207.1988200335903,204.36370526678436,206.2864820636493,2060595.0
1768348800,209.78868265793892,210.49500882821584,206.9731880625296,208.9940657163774,2210530.0
1768435200,209.34722880151588,211.4563972266483,207.82666551828086,210.9364626846389,2784722.0
1768521600,215.05669867792085,216.43992076137977,212.41788372593774,215.22347013479177,4264853.0
1768867200,212.5747469962534,214.1934111364713,210.13203565737908,210.98551311313034,4111025.0
1768953600,211.8586107402782,216.21919383316825,211.44658714095,215.0076482494294,2827953.0
1769040000,215.8218853623875,219.19439662374575,215.5177727057405,218.31364712975324,2176636.0
1769126400,217.75447224495068,219.07883381421988,216.3957753757375,217.2541578743379,1909942.0
1769385600,217.15605701735498,217.61713104517463,215.54808587054822,216.95985530338916,1852084.0
1769472000,217.1266267602601,218.55026639679602,215.9297963050687,216.71460316093192,1760394.0
1769558400,215.83169544808578,217.06776624607036,212.07933766848973,212.5256965677619,2553730.0
1769644800,217.03833598897552,223.5326127212437,216.582167004005,222.9243874079497,3472597.0
1769731200,222.4338831230352,225.22975754704794,221.21743249644717,223.19906980750184,3359758.0
1769990400,221.94337883812068,224.02311700615823,220.805408897119,223.238310150295,2257232.0
1770076800,222.23768140906938,227.35854614357692,222.23768140906938,226.52468885922224,2265676.0
1770163200,229.08512122647605,231.8515653933939,228.6240471986564,230.88036690926316,2971548.0
1770249600,229.29113302614013,231.59650316523837,228.13472012402565,229.40885405451962,2508734.0
1770336000,230.30157185306402,234.53952887472548,229.70315662546832,233.85282287584513,1988258.0
1770595200,232.88652943456356,236.37401490030575,232.49903104948106,235.28509538779554,1503372.0
1770681600,235.4126265018733,240.1263726799018,234.7063003315964,238.71862538219716,1944379.0
1770768000,239.35628095258602,240.37643176435122,234.57876921751864,238.09077989750656,2096079.0
1770854400,239.7781146376125,240.96513500710563,234.64743981740665,235.27528530209725,3268041.0
1770940800,235.08889367382972,238.60090435381767,234.42180784634598,236.79584858533224,2665236.0
1771286400,235.1183239309246,240.10184746565608,235.1183239309246,238.0417294690151,1850089.0
1771372800,238.32622195426552,238.5175186253822,234.56895913182035,236.56040652857325,1426578.0
1771459200,236.00123164377072,238.17416562594204,234.64008225313293,236.19743335773654,1180026.0
1771545600,236.24648378622797,239.85659532319883,235.7363593299169,239.33666078118944,1340660.0
1771804800,239.10121872443045,241.32810817794237,237.77685715516128,238.443942982645,1248060.0
1771891200,238.443942982645,240.74921502088625,238.443942982645,238.983497696051,1287736.0
1771977600,240.10184746565608,240.34709960811335,236.0846173722062,237.60027561259204,1684276.0
1772064000,238.12021015460144,239.21893975280994,235.26547521639895,236.30534430041772,1519983.0
1772150400,236.79584858533224,239.29742043839627,235.69221394427458,238.9638775246544,1944166.0
1772409600,238.09077989750656,243.4667068601697,236.63888721415958,243.3293656603936,1817341.0
1772496000,239.29742043839627,242.46607811894407,237.04600577063863,239.21893975280994,3183712.0
1772582400,239.97431635157832,242.57398906162527,234.6376297317084,241.2986779208475,2387541.0
1772668800,238.91482709616295,239.28761035269798,231.48859222255717,233.85282287584513,2154454.0
1772755200,230.85289866930796,232.45880969811807,229.6688213255243,230.8215063950734,1928956.0
1773014400,229.6786314112226,233.86263296154343,226.40696783084277,233.0778261056802,1702680.0
1773100800,232.30282933551527,240.59725679341975,232.1287003143706,236.0404719865639,2544563.0
1773187200,235.2066147022092,237.35502347013477,232.91595969165843,234.89269195986392,1621740.0
1773273600,233.25440764824944,235.2164247879075,228.76138839843244,228.96740019809656,2296375.0
1773360000,231.0128030661901,233.0680160199819,229.38923388312304,230.04650962490848,1558869.0
1773619200,230.537013909823,231.82213513629904,229.2028422548555,230.05631971060677,1588572.0
1773705600,229.9484087679256,231.16221067137505,224.16045820593428,227.02500322983505,2112128.0
1773792000,227.16234442961112,228.64366737005295,224.21931872012402,225.55349037509149,1627609.0
1773878400,223.8367253778907,226.23038628827356,222.68894535119074,224.68039274794367,1515943.0
1773964800,223.6061883639809,225.14146677576332,215.65511390551657,217.29339821713106,4049204.0
1774224000,220.6778777830412,222.19844106627622,218.67662030058997,218.77472115757288,1828815.0
1774310400,216.4203005899832,220.3835752120925,216.39087033288834,217.36206881701906,1663103.0
1774396800,219.5693380991344,223.28736057878646,218.41174798673612,221.50192498169758,2287493.0
1774483200,220.41300546918737,224.30760949140864,220.16775332673012,220.8936996684036,2377285.0
1774569600,221.9139485810258,221.9139485810258,218.4509883295293,218.88263210025409,1658264.0
1774828800,221.5117350673959,222.05128978080185,218.38231772964127,219.23579518539253,1608871.0
1774915200,221.37929891046898,222.37502260884546,217.90162353042504,221.73736703845657,1739700.0
1775001600,222.89495715085485,225.3376684897291,222.3161620946557,223.86615563498557,1918934.0
1775088000,222.5761293656604,226.12247534559236,220.84464923991214,225.09241634727186,1493671.0
1775433600,223.70919426381292,224.4645708625813,222.08072003789673,223.87596572068387,1569947.0
1775520000,222.37502260884546,222.5025537229232,217.2345377029413,219.58895827053098,1859731.0
1775606400,225.16599199000905,228.07468239955213,223.97406657766678,228.05506222815555,1903879.0
1775692800,226.29905688816157,231.8711855647905,224.38609017699494,231.5768829938418,1596038.0
1775779200,231.83194522199733,232.33225959261014,229.6206538047457,230.57625425261617,953491.0
1776038400,229.00664054088972,230.42419792429266,227.3879764006718,229.2028422548555,1328666.0
1776124800,228.8104388269239,230.0268894535119,227.26044528659403,228.8104388269239,1577705.0
1776211200,228.48670599888032,228.4965160845786,224.58229189096076,227.78037982860343,1757255.0
1776297600,227.29968562938717,229.16360191206235,224.63134231945222,225.02374574738383,1462974.0
1776384000,226.74051074458464,231.95947633607508,226.3873476594462,229.11455148357092,2036162.0
1776643200,228.89872959820852,229.17341199776067,224.60191206235734,225.3769088325223,1608921.0
1776729600,222.68894535119074,225.42595926101373,216.93533008914343,217.99972438740795,2447574.0
1776816000,220.03041212695405,221.7079367813617,215.12536927780886,215.79245510529262,2235105.0
1776902400,203.92617544464062,213.85986822272943,203.88301106756816,210.26937685715515,4009575.0
1776988800,208.76843374531674,210.6225399422936,205.83521812152793,209.1215968304552,2303793.0
1777248000,209.30798845872272,210.06336505749107,206.52192412040827,208.02286723224668,1807732.0
1777334400,210.6617802850868,210.85798199905258,206.36496274923562,208.88615477369623,1898434.0
1777420800,208.46432108866975,208.85672451660136,204.33918005253864,206.30610223504587,2251292.0
1777507200,205.5311054648809,210.51462899961243,205.47224495069116,210.2595667714569,2064295.0
1777593600,210.94136772748806,211.4662073123466,207.9836268894535,208.46432108866975,1494125.0
1777852800,207.8855260324706,209.19997941518452,205.25652116618576,205.60958615046727,1410989.0
1777939200,205.9872744498514,207.11052926230568,204.57952715214677,205.08965160845787,1327606.0
1778025600,208.8076740881099,213.93834890831576,208.8076740881099,212.74151845312434,2148632.0
1778112000,212.74151845312434,214.11493045088497,209.94564402911158,211.96652168295938,1786567.0
1778198400,212.36873519658928,212.54531673915852,208.71447827397614,209.07254640196373,1865854.0
1778457600,211.19152491279445,216.83722923216055,210.78931139916455,214.94878773523968,2227014.0
1778544000,214.97821799233452,215.64530381981825,212.30006459670125,214.3896128504371,1795324.0
1778630400,213.85986822272943,215.26271047758496,211.8586107402782,213.82062787993627,1677027.0
1778716800,213.45765470909953,214.791826364067,211.65750398346324,213.58518582317728,1688853.0
1778803200,211.5446879979329,211.5446879979329,207.4833125188407,209.19026743034323,2232342.0
1779062400,210.0437448860945,214.6937255070841,208.97444554498085,213.10449162396105,2923365.0
1779148800,212.88866973859868,214.0609749795444,211.08655699582275,213.02601093837475,2552868.0
1779235200,212.82980922440893,214.17379096507472,210.69121054218166,213.2614529951337,2013709.0
1779321600,213.9334438654666,221.03104086817967,213.12411179535766,219.54971792773785,2366237.0
1779408000,221.2517677963912,224.6411524051505,218.32345721545155,223.59147323543343,2536117.0
1779753600,228.7025278842427,231.43463675121657,226.24019637397183,227.31930580078378,3294038.0
1779840000,229.35980362602817,230.7430257094871,227.06424357262824,227.15253434391286,2239574.0
1779926400,226.51487877352398,229.04588088368286,223.97406657766678,228.57499677016494,2219704.0
1780012800,228.57499677016494,235.38319624477842,227.43702682916327,233.34269841953406,2745550.0
1780272000,229.55600533999396,232.75899832048574,228.2806941992162,232.0477671073597,2507873.0
1780358400,231.42973170836743,234.4708582748374,227.66756384307305,230.76264588088367,2342877.0
1780444800,229.45790448301108,232.97972524869732,217.18548727444983,219.01997330003013,3091696.0
1780531200,221.0555660824254,222.45350329443175,212.65322768183972,213.50670513759096,3381173.0
1780617600,214.70844063563155,214.83106670686018,208.95482537358424,209.9064036863184,2462940.0
1780876800,209.73178416088885,211.71538348908314,207.42445200465096,207.77761508978944,1878877.0
1780963200,208.8272942595065,212.10386288273546,208.10625296068213,211.60354851212264,2258699.0
1781049600,210.1516558287757,210.78931139916455,201.61688127126308,201.97004435640153,2324588.0
1781136000,203.97130183885275,215.33138107747297,203.23554541148098,214.95859782093794,3324347.0
1781222400,217.78390250204555,221.23705266784378,214.9978381637311,216.12599801903448,2329994.0
1781481600,222.68894535119074,226.956332629947,220.77597864002414,223.09115886482064,4168610.0
1781568000,224.6509624908488,227.05443348692992,222.60555962275527,225.13165669006503,2083513.0
1781654400,226.06361483140262,230.24271133887427,223.56204297833855,224.26836914861548,2994394.0
1781740800,227.8784806855863,228.45727574178545,222.58103440850954,224.6607725765471,3327114.0
1782086400,225.41614917531544,227.0052849575815,222.88514706515653,223.77786486370098,2014994.0
1782172800,221.34496361052496,221.49211489599932,216.44973084707806,218.14687567288232,3201257.0
1782259200,219.5693380991344,224.4645708625813,219.46142715645323,223.1009689505189,2050925.0
1782345600,223.4443219499591,232.86200422031783,223.4443219499591,226.84842168726584,2926428.0
1782432000,225.1708970328582,229.2224624262521,221.9924292666121,227.8,5000000.0
1782691200,240.645,252.0,227.16,227.8,7773010.0
1782777600,231.35,232.55,219.33,223.9,6010598.0
1782864000,227.31,227.31,220.6,221.75,6204918.0
1782950400,222.28,230.13,220.22,229.86,5659903.0
1783296000,229.15,231.86,222.85,231.18,7539065.0
1783382400,230.42,234.64,222.05,225.05,4462892.0
1783468800,223.0,223.06,218.7,220.36,4323065.0
1783555200,221.22,223.5,218.1,223.42,3026424.0
1783641600,224.05,228.775,222.11,226.42,2601827.0
1783900800,225.95,226.8699,220.39,222.25,2585826.0
1783987200,223.3,225.775,222.215,222.68,2123931.0
1784073600,222.5,225.91,220.54,222.84,2515112.0
1784160000,221.17,226.4,221.17,226.33,3149560.0
1784246400,225.955,230.47,224.53,225.02,3920400.0
1784505600,225.0,227.77,223.585,226.18,3114056.0
1784592000,227.9,232.84,225.51,229.86,2405638.0
1784678400,232.46,238.1084,231.32,232.99,3798818.0
1784764800,238.0,250.27,237.69,246.27,6306344.0
1784851200,246.89,247.75,239.115,243.15,3822661.0
1785110400,244.5,248.0137,242.53,245.75,4053904.0
1785196800,249.8,252.0,246.09,247.05,2946760.0
1785283200,245.44,246.24,240.32,241.12,2776769.0
1785369600,241.875,242.42,237.36,241.91,2839929.0
1785456000,240.52,246.0,238.02,243.05,3888094.0
1785715200,245.47,249.64,242.2,246.77,3279042.0
1785801600,249.62,250.26,245.0,248.79,3569345.0
1785888000,248.62,251.1564,246.74,248.12,2230404.0
1785974400,248.96,250.0,239.925,240.74,5040954.0
1786060800,240.55,246.73,239.48,246.21,2837537.0
1786320000,245.76,246.25,241.88,242.93,2245106.0
1786406400,242.32,244.81,229.7,230.12,5436293.0
1786492800,231.0,235.67,228.56,235.34,3146197.0
1786579200,235.5,236.35,232.5,233.99,2477597.0
1786665600,232.39,234.795,232.39,233.96,2686572.0
1786924800,232.31,232.77,228.2801,229.45,2599414.0
1787011200,229.29,229.76,227.43,227.71,2505976.0
1787097600,226.902,227.0,221.49,221.73,2306554.0
1787184000,221.09,222.18,218.05,218.32,2438267.0
1787270400,219.38,219.83,215.78,215.9,3470991.0
1787529600,216.005,216.99,213.1,214.77,2687082.0
1787616000,216.51,216.54,214.44,215.68,2266393.0
1787702400,216.52,221.27,216.41,220.67,3214466.0
1787788800,219.68,221.25,217.203,220.39,2247266.0
1787875200,221.45,221.45,215.09,217.43,2109415.0
1788134400,214.735,215.54,212.215,213.53,5081871.0
1788220800,213.17,214.0,208.81,209.98,2345472.0
1788307200,210.63,210.73,204.81,206.07,2912367.0
1788393600,208.36,209.2882,204.91,207.63,2490484.0
1788480000,207.06,210.0,206.9201,209.61,2698795.0
1788825600,209.0,209.79,207.05,208.24,2278418.0
1788912000,207.06,208.225,204.72,204.93,2126477.0
1788998400,202.53,204.21,201.08,202.18,2010065.0
1789084800,203.62,204.2,201.54,202.36,2746572.0
1789344000,199.3,201.54,196.98,201.38,3292637.0
1789430400,201.38,205.22,199.91,203.44,3687387.0
1789516800,204.85,210.59,204.32,207.66,5047106.0
1789603200,209.04,209.575,204.5001,206.49,3382537.0
1789689600,206.49,207.48,204.26,206.46,7046070.0
1789948800,206.9,207.625,204.291,206.48,3436505.0
1790035200,207.92,212.27,206.485,211.85,4840754.0
1790121600,209.0,213.005,209.0,212.57,2480843.0
1790208000,212.2,212.965,209.18,211.79,2144863.0
