timestamp,open,high,low,close,volume
1474848000,36.92,36.94,36.6,36.65,25516460.0
1474934400,36.9,37.22,36.63,37.18,22339130.0
1475020800,37.31,37.5,37.15,37.44,18995340.0
1475107200,37.49,37.53,37.0,37.32,17674920.0
1475193600,37.47,37.92,37.44,37.75,24184680.0
1475452800,37.69,37.95,37.53,37.66,14113150.0
1475539200,37.77,37.94,37.33,37.54,14380380.0
1475625600,37.75,38.31,37.64,37.99,22360110.0
1475712000,37.84,38.16,37.575,38.07,15163710.0
1475798400,38.08,38.22,37.78,38.1,16938230.0
1476057600,38.25,38.36,37.9,38.02,14914780.0
1476144000,37.91,38.0,36.821,37.27,27638470.0
1476230400,37.2,37.25,36.81,37.13,14005890.0
1476316800,36.85,37.13,36.46,36.97,16920150.0
1476403200,37.19,37.7,37.155,37.45,19091290.0
1476662400,37.55,37.7162,37.245,37.29,15749600.0
1476748800,37.97,38.05,37.53,37.75,41281870.0
1476835200,36.07,36.09,35.23,35.51,75210310.0
1476921600,35.41,35.67,35.1,35.43,25649610.0
1477008000,35.21,35.4,34.81,35.15,20355450.0
1477267200,35.43,35.49,35.11,35.26,21509500.0
1477353600,35.14,35.25,35.01,35.1,17843060.0
1477440000,35.04,35.205,34.74,34.92,19974690.0
1477526400,35.1,35.23,34.75,34.81,14626660.0
1477612800,34.87,35.17,34.71,34.74,22295110.0
1477872000,34.92,35.08,34.84,34.87,19185500.0
1477958400,34.9,35.16,34.27,34.52,25353640.0
1478044800,34.6,34.9,34.47,34.6,21391680.0
1478131200,34.45,34.52,33.87,33.93,19383610.0
1478217600,33.53,33.93,33.42,33.61,21894320.0
1478476800,34.24,34.75,34.15,34.69,19259020.0
1478563200,34.6,34.95,34.49,34.74,14795910.0
1478649600,34.13,34.85,33.67,34.75,25993230.0
1478736000,34.95,34.95,34.025,34.5,28249920.0
1478822400,34.57,34.87,34.34,34.61,22655700.0
1479081600,34.56,34.73,34.2,34.48,22544420.0
1479168000,34.64,35.29,34.61,34.91,20652030.0
1479254400,34.9,34.92,34.54,34.84,18544410.0
1479340800,34.81,35.02,34.63,35.02,15746130.0
1479427200,34.9,35.0,34.64,34.95,16803850.0
1479686400,35.1,35.2,34.84,34.98,14241790.0
1479772800,35.18,35.5,35.11,35.48,22315930.0
1479859200,35.48,35.52,35.1,35.2,15843540.0
1480032000,35.11,35.45,35.11,35.44,6372836.0
1480291200,35.43,35.66,35.21,35.51,13513660.0
1480377600,35.64,35.64,35.27,35.31,19581020.0
1480464000,35.2,35.3,34.7,34.7,27012090.0
1480550400,34.86,34.93,33.56,33.76,29615670.0
1480636800,33.72,34.26,33.6,34.16,21490830.0
1480896000,34.31,34.42,33.965,34.39,14454670.0
1480982400,34.39,34.75,34.3,34.72,15297180.0
1481068800,34.67,35.57,34.45,35.5,21704010.0
1481155200,35.48,36.03,35.22,35.7,19964790.0
1481241600,35.75,35.9,35.59,35.76,16326450.0
1481500800,35.78,36.09,35.67,35.97,21961170.0
1481587200,36.01,36.89,35.93,36.8,35424990.0
1481673600,36.7,36.89,36.46,36.55,30817670.0
1481760000,36.74,37.16,36.53,36.79,23717830.0
1481846400,36.72,36.87,36.085,36.31,38212490.0
1482105600,36.34,36.95,36.27,36.89,18736480.0
1482192000,36.95,37.24,36.89,37.21,18549910.0
1482278400,37.25,37.345,36.91,36.98,14322560.0
1482364800,37.23,37.24,36.81,36.93,10783270.0
1482451200,36.93,36.98,36.7709,36.97,6287070.0
1482796800,36.91,37.33,36.91,37.07,9033012.0
1482883200,37.1,37.2,36.58,36.63,12671610.0
1482969600,36.51,36.72,36.43,36.66,8447286.0
1483056000,36.79,36.8,36.2,36.27,17466500.0
1483401600,36.61,36.93,36.27,36.6,20195690.0
1483488000,36.71,36.77,36.34,36.41,15895690.0
1483574400,36.45,36.72,36.305,36.35,13982660.0
1483660800,36.46,36.68,36.19,36.48,15105300.0
1483920000,36.48,36.885,36.4776,36.61,19450030.0
1484006400,36.55,36.93,36.53,36.54,15912670.0
1484092800,36.51,37.0,36.51,36.95,21432170.0
1484179200,36.83,36.83,36.32,36.71,20366570.0
1484265600,36.71,36.86,36.62,36.79,15070760.0
1484611200,36.67,36.83,36.59,36.8,20177630.0
1484697600,36.89,37.01,36.61,36.76,15382100.0
1484784000,36.51,36.91,36.51,36.57,13653360.0
1484870400,36.76,37.03,36.58,36.94,23919500.0
1485129600,37.07,37.21,36.55,36.77,27749870.0
1485216000,36.84,37.74,36.81,37.62,35119050.0
1485302400,37.87,38.0,37.515,37.8,32336350.0
1485388800,37.82,37.925,37.42,37.56,33998180.0
1485475200,38.0,38.45,37.81,37.98,44336930.0
1485734400,37.74,37.84,37.33,37.42,23943530.0
1485820800,37.22,37.37,36.6401,36.82,27054170.0
1485907200,36.82,36.95,36.02,36.52,28344860.0
1485993600,36.26,36.7,36.2,36.68,31879990.0
1486080000,36.69,36.82,36.45,36.52,21035740.0
1486339200,36.51,36.51,36.15,36.27,21420970.0
1486425600,36.45,36.52,36.24,36.35,18581870.0
1486512000,36.34,36.65,36.14,36.38,20796930.0
1486598400,36.5,36.5,35.4,35.46,47750230.0
1486684800,35.26,35.43,34.84,35.34,44069560.0
1486944000,35.57,35.85,35.34,35.8,28114090.0
1487030400,35.84,35.96,35.53,35.93,25729780.0
1487116800,35.98,36.06,35.67,36.05,18451160.0
1487203200,36.18,36.56,36.1,36.41,21303380.0
1487289600,36.32,36.48,36.1,36.48,18714230.0
1487635200,36.53,36.65,36.33,36.52,20554650.0
1487721600,36.34,36.3964,35.79,36.07,29875970.0
1487808000,36.24,36.3,35.9,36.18,22755670.0
1487894400,36.14,36.53,35.95,36.53,18615230.0
1488153600,36.42,36.68,36.27,36.51,14065010.0
1488240000,36.42,36.46,36.0,36.2,24940520.0
1488326400,35.85,36.1,35.44,35.93,34056360.0
1488412800,35.93,36.02,35.65,35.91,23595100.0
1488499200,35.94,36.085,35.67,35.9,17539490.0
1488758400,35.79,35.8,35.42,35.57,24405220.0
1488844800,35.54,35.8,35.385,35.8,23423850.0
1488931200,35.67,35.9,35.525,35.62,20908070.0
1489017600,35.6,35.94,35.5,35.82,23606270.0
1489104000,36.12,36.295,35.78,35.91,25387480.0
1489363200,35.85,36.04,34.94,35.16,52121760.0
1489449600,35.06,35.23,34.66,35.18,28551500.0
1489536000,34.94,35.17,34.68,35.1,27989180.0
1489622400,35.17,35.36,35.07,35.14,19555520.0
1489708800,35.31,35.33,35.1,35.27,30540680.0
1489968000,35.37,35.63,35.26,35.43,17100550.0
1490054400,35.59,35.6,35.0,35.04,22776920.0
1490140800,35.22,35.46,35.0,35.37,19074310.0
1490227200,35.49,35.49,35.02,35.27,20627970.0
1490313600,35.65,35.73,35.12,35.16,22176260.0
1490572800,35.07,35.5,34.94,35.39,16990750.0
1490659200,35.34,35.71,35.21,35.6,18397020.0
1490745600,35.52,35.7,35.435,35.57,17201490.0
1490832000,35.58,35.89,35.52,35.75,16421250.0
1490918400,35.75,36.25,35.74,36.07,21412140.0
1491177600,36.19,36.74,36.12,36.16,32010030.0
1491264000,36.12,36.375,35.99,36.28,18892170.0
1491350400,36.43,36.76,36.17,36.22,22396680.0
1491436800,36.13,36.285,36.03,36.03,20181350.0
1491523200,36.07,36.32,35.985,36.03,15689210.0
1491782400,36.02,36.09,35.61,35.8,19973380.0
1491868800,35.77,35.79,35.21,35.74,22688100.0
1491955200,35.87,36.01,35.5,35.63,19283610.0
1492041600,35.55,35.76,35.25,35.25,15748410.0
1492387200,35.44,35.59,35.33,35.48,12533500.0
1492473600,35.43,35.81,35.295,35.765,12312240.0
1492560000,35.97,36.22,35.89,35.91,16584360.0
1492646400,36.18,36.2653,35.86,36.18,22944280.0
1492732800,36.2,36.42,35.85,36.32,20385580.0
1492992000,36.67,36.85,36.46,36.75,26011790.0
1493078400,36.77,37.0,36.66,36.87,22030970.0
1493164800,36.78,37.23,36.78,36.93,27228890.0
1493251200,36.87,37.5,36.78,37.43,39524720.0
1493337600,36.1,36.485,35.88,36.15,56623470.0
1493596800,36.11,36.4,35.94,36.31,24763730.0
1493683200,36.37,37.03,36.35,36.97,35512050.0
1493769600,36.72,37.17,36.62,36.98,22038830.0
1493856000,36.99,37.11,36.64,36.85,16435680.0
1493942400,36.86,36.93,36.5,36.82,18117340.0
1494201600,36.73,36.85,36.48,36.54,17624950.0
1494288000,36.48,36.75,36.28,36.37,17807950.0
1494374400,36.27,36.38,35.93,36.01,25102980.0
1494460800,35.91,36.0,35.4543,35.69,21497830.0
1494547200,35.72,35.74,35.4,35.53,19708780.0
1494806400,35.535,35.715,35.42,35.63,22024020.0
1494892800,35.75,35.89,35.42,35.82,22288880.0
1494979200,35.67,35.9896,35.02,35.04,26635630.0
1495065600,35.19,35.47,35.08,35.22,17170870.0
1495152000,35.15,35.55,35.13,35.4,18181840.0
1495411200,35.48,36.11,35.38,35.77,14611760.0
1495497600,35.87,35.99,35.56,35.86,16891540.0
1495584000,35.98,36.18,35.89,36.12,20820420.0
1495670400,36.12,36.39,36.06,36.26,13107120.0
1495756800,36.26,36.33,36.13,36.26,11040840.0
1496102400,36.27,36.44,36.09,36.18,13023810.0
1496188800,36.31,36.38,35.87,36.11,17738690.0
1496275200,36.12,36.13,35.8,36.12,17406520.0
1496361600,36.27,36.33,36.0,36.32,19101600.0
1496620800,36.3,36.5,36.2,36.34,11661250.0
1496707200,36.16,36.45,35.98,36.13,18386660.0
1496793600,36.13,36.57,36.1,36.26,17092890.0
1496880000,36.34,36.53,36.16,36.48,17047400.0
1496966400,36.5,36.56,35.31,35.71,33317670.0
1497225600,35.59,36.01,35.41,35.73,28474810.0
1497312000,35.68,35.95,35.53,35.88,20586780.0
1497398400,35.99,36.05,35.22,35.53,19122620.0
1497484800,35.21,35.48,35.14,35.31,20315130.0
1497571200,35.28,35.33,35.01,35.21,30697750.0
1497830400,35.61,35.61,35.32,35.51,21219100.0
1497916800,35.45,35.45,34.84,34.86,21532360.0
1498003200,34.33,34.6,34.09,34.58,26745620.0
1498089600,34.56,34.63,34.29,34.36,23865100.0
1498176000,34.21,34.55,34.095,34.19,28762170.0
1498435200,34.26,34.51,34.03,34.07,18649220.0
1498521600,34.0,34.145,33.65,33.65,27071290.0
1498608000,33.77,34.24,33.74,34.2,25934320.0
1498694400,33.92,34.1,33.34,33.54,25206130.0
1498780800,33.87,33.93,33.535,33.74,24391460.0
1499040000,33.51,34.03,33.43,33.46,12676890.0
1499212800,33.52,34.43,33.485,34.34,30008960.0
1499299200,34.12,34.29,33.56,33.63,20710460.0
1499385600,33.7,34.12,33.7,33.88,17712770.0
1499644800,33.25,33.74,33.23,33.65,29903680.0
1499731200,33.64,33.93,33.4311,33.92,25573980.0
1499817600,34.28,34.39,33.94,34.25,23763690.0
1499904000,34.33,34.4,34.12,34.24,15045730.0
1499990400,34.48,34.71,34.265,34.68,16315110.0
1500249600,34.74,34.74,34.36,34.47,21042400.0
1500336000,34.43,34.58,34.25,34.53,14311960.0
1500422400,34.68,34.68,34.46,34.56,16614250.0
1500508800,34.54,34.84,34.475,34.75,17472220.0
1500595200,34.54,34.82,34.395,34.73,22188050.0
1500854400,34.73,34.8,34.38,34.5,15901930.0
1500940800,34.55,34.735,34.4,34.67,18068850.0
1501027200,34.7,34.97,34.59,34.75,15494790.0
1501113600,34.78,35.25,34.67,34.97,42793930.0
1501200000,35.13,35.86,35.0,35.31,35786520.0
1501459200,35.47,35.74,35.32,35.47,27015040.0
1501545600,35.66,36.43,35.57,36.35,38438900.0
1501632000,36.33,36.67,36.055,36.64,34952030.0
1501718400,36.55,36.59,36.15,36.49,26610230.0
1501804800,36.45,36.56,36.1,36.3,20513750.0
1502064000,36.39,36.55,36.22,36.43,18154610.0
1502150400,36.37,36.7,36.3,36.41,22788600.0
1502236800,36.28,36.66,36.02,36.59,22790550.0
1502323200,36.4,36.56,36.11,36.14,22634270.0
1502409600,36.26,36.4,35.79,35.87,19272140.0
1502668800,36.12,36.47,36.08,36.34,18458990.0
1502755200,36.3,36.32,35.815,36.0,21699760.0
1502841600,35.98,36.07,35.56,35.81,21848290.0
1502928000,35.6,35.68,35.17,35.17,19060120.0
1503014400,35.29,35.31,34.99,35.01,16229270.0
1503273600,35.09,35.28,34.7,34.92,26479700.0
1503360000,35.02,35.19,34.62,34.65,26093400.0
1503446400,34.54,34.81,34.38,34.66,19775620.0
1503532800,34.7,34.89,34.55,34.71,14283180.0
1503619200,34.82,34.93,34.58,34.67,14714810.0
1503878400,34.78,34.8,34.59,34.65,20701860.0
1503964800,34.51,34.75,34.455,34.73,15826220.0
1504051200,34.75,34.96,34.63,34.89,18563830.0
1504137600,34.94,35.18,34.87,35.07,16366400.0
1504224000,35.24,35.39,35.07,35.09,12821410.0
1504569600,35.02,35.33,34.93,35.02,19300040.0
1504656000,35.22,35.94,35.11,35.76,28024020.0
1504742400,35.88,35.95,35.33,35.54,16296440.0
1504828800,35.42,35.54,35.08,35.19,14109600.0
1505088000,35.49,36.0,35.14,35.77,19375690.0
1505174400,35.88,36.34,35.74,36.09,19378830.0
1505260800,36.0,36.4,35.97,36.33,15496920.0
1505347200,36.19,36.695,36.16,36.48,18067010.0
1505433600,36.55,37.08,36.22,37.0,33454530.0
1505692800,37.0,37.33,36.8,37.0,19251720.0
1505779200,37.2,37.295,37.02,37.23,23505770.0
1505865600,37.23,37.29,36.655,37.07,23916420.0
1505952000,36.99,37.27,36.85,37.2,22918960.0
1506038400,36.95,37.22,36.95,37.18,21629840.0
1506297600,37.05,37.23,36.85,37.16,23145180.0
1506384000,37.21,37.64,37.0,37.47,29755090.0
1506470400,37.62,37.69,37.1,37.54,25845770.0
1506556800,37.32,37.88,37.29,37.83,21159800.0
1506643200,37.84,38.15,37.7,38.08,23099060.0
1506902400,38.12,39.09,38.08,39.04,37216110.0
1506988800,38.95,39.7,38.95,39.38,34000180.0
1507075200,39.39,39.4,38.8606,39.34,28352310.0
1507161600,39.5,39.65,39.21,39.53,17708470.0
1507248000,39.6,39.89,39.42,39.63,18883900.0
1507507200,39.68,39.88,39.52,39.86,18456870.0
1507593600,39.93,39.95,39.38,39.65,29879830.0
1507680000,39.48,39.67,39.06,39.3,30714950.0
1507766400,39.35,39.39,38.98,39.19,18532910.0
1507852800,39.44,39.81,39.28,39.67,16828220.0
1508112000,39.71,39.79,39.44,39.76,12486080.0
1508198400,39.56,39.865,39.37,39.79,15519940.0
1508284800,39.8,40.29,39.6,40.25,21421390.0
1508371200,39.88,40.33,39.83,40.09,18887730.0
1508457600,40.33,40.45,40.1,40.43,18310720.0
1508716800,40.55,41.04,40.395,40.83,28600510.0
1508803200,41.0,41.05,40.72,40.95,19394340.0
1508889600,40.89,41.055,40.49,40.78,24026900.0
1508976000,40.91,41.575,40.71,41.35,37778840.0
1509062400,43.3,45.0,43.1,44.4,89971840.0
1509321600,44.48,45.19,43.88,44.37,48136380.0
1509408000,45.2,45.8,44.65,45.49,46844870.0
1509494400,45.97,46.71,45.59,46.71,47759810.0
1509580800,46.61,47.23,46.213,47.1,44580600.0
1509667200,47.2,47.3,45.6,46.34,39277370.0
1509926400,46.6,46.74,46.09,46.7,34001470.0
1510012800,46.7,47.09,46.39,46.78,24421340.0
1510099200,46.62,46.7,46.28,46.7,21556890.0
1510185600,46.05,46.39,45.65,46.3,25562450.0
1510272000,46.04,46.09,45.38,45.58,24086480.0
1510531200,45.26,45.94,45.25,45.75,18992580.0
1510617600,45.7,45.92,45.32,45.86,22190890.0
1510704000,45.39,45.805,45.1725,45.46,17131500.0
1510790400,45.63,46.07,45.46,45.65,22156020.0
1510876800,45.5,45.62,44.62,44.63,63190520.0
1511136000,44.73,45.115,44.5,44.62,22375710.0
1511222400,44.72,45.22,44.71,44.94,21761970.0
1511308800,44.94,44.95,44.535,44.65,19526000.0
1511481600,44.55,44.775,44.43,44.75,6465815.0
1511740800,44.42,44.61,44.2736,44.49,18025330.0
1511827200,44.65,44.84,44.32,44.73,20175000.0
1511913600,44.85,45.09,43.77,43.95,26855700.0
1512000000,44.36,45.2,44.33,44.84,34093420.0
1512086400,44.73,44.84,43.53,44.68,26640750.0
1512345600,45.02,45.3,44.33,44.49,27999480.0
1512432000,44.6,44.9,43.23,43.44,30590060.0
1512518400,43.14,43.72,42.67,43.45,27634260.0
1512604800,43.46,43.6,42.78,43.08,32702960.0
1512691200,43.35,43.58,43.11,43.35,23149800.0
1512950400,43.28,43.78,43.25,43.66,20421350.0
1513036800,43.47,43.62,43.08,43.33,16546120.0
1513123200,43.65,43.66,43.24,43.34,21301470.0
1513209600,43.43,43.57,43.015,43.26,19643620.0
1513296000,43.4,44.84,43.07,44.56,47433970.0
1513555200,45.15,46.35,45.04,46.26,50126380.0
1513641600,46.3,47.26,45.89,47.04,41405690.0
1513728000,47.47,47.64,46.66,47.56,39742400.0
1513814400,47.54,47.59,46.56,46.76,42719680.0
1513900800,46.33,47.02,46.02,46.7,33880780.0
1514246400,46.28,46.47,45.95,46.08,15510910.0
1514332800,46.11,46.36,46.0,46.11,13358970.0
1514419200,46.36,46.36,45.95,46.22,9380506.0
1514505600,46.21,46.49,46.09,46.16,17365120.0
1514851200,46.38,46.9,46.21,46.85,22972240.0
1514937600,45.47,46.21,43.65,45.26,115617400.0
1515024000,43.52,44.65,42.69,44.43,89144860.0
1515110400,44.43,45.15,43.9,44.74,41777780.0
1515369600,44.27,44.84,43.96,44.74,33707600.0
1515456000,44.7,44.84,43.49,43.62,43900140.0
1515542400,43.33,43.6,42.44,42.5,45367970.0
1515628800,42.8,43.58,42.45,43.41,35303590.0
1515715200,43.45,43.6,43.01,43.24,29935150.0
1516060800,43.55,43.79,42.885,43.14,37904730.0
1516147200,43.545,44.45,43.51,44.39,32252830.0
1516233600,44.4,44.735,44.17,44.48,26743940.0
1516320000,44.62,44.89,44.25,44.82,24817410.0
1516579200,44.8,45.79,44.79,45.75,27550350.0
1516665600,45.81,46.09,45.63,46.06,21894840.0
1516752000,45.9,46.13,44.96,45.51,33731400.0
1516838400,45.88,46.37,45.17,45.3,35797450.0
1516924800,48.38,50.15,48.12,50.08,86727500.0
1517184000,49.6,50.85,49.37,49.98,46277780.0
1517270400,49.48,50.06,48.74,48.79,32738210.0
1517356800,49.23,49.25,47.56,48.14,41515080.0
1517443200,47.695,48.47,47.45,47.65,28805560.0
1517529600,47.32,47.79,46.1,46.15,28434120.0
1517788800,46.35,47.26,44.5,44.52,47499540.0
1517875200,44.02,44.93,43.0302,44.91,57728200.0
1517961600,44.58,46.3,44.34,45.2,37453270.0
1518048000,45.28,45.42,42.74,42.75,42432110.0
1518134400,43.5,44.28,42.04,43.95,49182190.0
1518393600,44.15,45.16,44.09,44.83,28188450.0
1518480000,44.59,44.775,44.255,44.46,19449400.0
1518566400,44.07,45.51,44.04,45.38,19883260.0
1518652800,45.88,45.99,44.95,45.92,22260230.0
1518739200,45.815,46.59,45.51,45.56,21472200.0
1519084800,45.46,46.71,45.39,46.32,25383290.0
1519171200,46.67,47.06,45.92,45.94,27496730.0
1519257600,46.14,46.56,45.62,45.8,16640930.0
1519344000,46.34,47.79,46.305,47.73,25717400.0
1519603200,48.2,49.13,48.1,49.11,26437220.0
1519689600,49.37,50.9,49.31,49.91,43159590.0
1519776000,50.18,50.34,49.28,49.29,34511570.0
1519862400,49.5,49.715,47.47,47.84,36270880.0
1519948800,47.2,49.05,46.96,48.98,33220800.0
1520208000,48.57,49.795,48.041,49.75,30674070.0
1520294400,50.16,51.33,50.15,50.71,38857120.0
1520380800,50.18,51.485,50.1,51.32,30649110.0
1520467200,51.79,52.08,50.47,50.74,30133810.0
1520553600,51.27,52.3,51.0,52.19,31947720.0
1520812800,51.86,51.95,50.5,51.52,31653220.0
1520899200,52.52,53.78,51.39,51.78,45427940.0
1520985600,52.06,52.175,51.31,51.86,24873370.0
1521072000,52.23,52.3,50.88,50.88,24774230.0
1521158400,51.17,51.7,50.99,51.17,41381260.0
1521417600,50.74,51.23,49.93,50.83,28838370.0
1521504000,50.88,51.81,50.85,51.55,22096090.0
1521590400,51.55,52.17,51.17,51.56,23233380.0
1521676800,50.74,51.96,50.6,50.83,30703590.0
1521763200,50.59,50.99,49.36,49.36,37372270.0
1522022400,50.74,52.49,50.32,52.48,38852730.0
1522108800,53.01,53.25,50.78,51.19,38079020.0
1522195200,50.5,50.7,49.01,49.6,37959720.0
1522281600,49.98,52.08,49.87,52.08,45121220.0
1522627200,51.69,52.04,47.29,48.92,67058020.0
1522713600,49.0,49.96,48.41,49.75,39415690.0
1522800000,48.1,50.16,48.01,49.99,30274280.0
1522886400,50.01,50.7199,49.97,50.38,24757310.0
1522972800,49.79,50.4,48.5,48.79,28208900.0
1523232000,49.16,51.11,49.16,49.55,31363780.0
1523318400,51.12,51.49,50.34,51.27,26332790.0
1523404800,50.99,51.73,50.82,51.1,17560440.0
1523491200,51.49,53.2689,51.45,52.72,29750460.0
1523577600,53.06,53.21,51.6,51.86,20864040.0
1523836800,52.29,52.53,51.79,52.4,18838800.0
1523923200,52.91,53.7,52.89,53.54,21189610.0
1524009600,53.52,54.355,53.34,53.61,22155870.0
1524096000,52.95,52.96,51.61,52.22,25369040.0
1524182400,52.17,52.28,50.88,51.53,26851880.0
1524441600,51.689,51.89,50.85,51.1,21656930.0
1524528000,51.87,53.64,51.14,51.45,42468290.0
1524614400,51.86,52.1,50.6,51.38,25592280.0
1524700800,52.26,53.27,52.07,53.05,38373340.0
1524787200,55.44,55.79,52.23,52.73,69713580.0
1525046400,52.56,53.37,51.21,51.62,36384090.0
1525132800,51.64,53.42,51.44,53.33,27564850.0
1525219200,53.09,53.2,52.15,52.31,25754240.0
1525305600,51.89,52.56,51.21,52.28,28477800.0
1525392000,51.62,52.84,51.0,52.78,25636750.0
1525651200,52.86,53.58,52.83,53.33,20304880.0
1525737600,53.295,53.63,52.8,53.63,20657760.0
1525824000,53.76,54.37,53.19,54.34,19816890.0
1525910400,54.55,55.0,54.1,54.98,18696150.0
1525996800,54.62,55.19,54.43,54.67,15396720.0
1526256000,54.77,55.2401,54.74,54.9,21831130.0
1526342400,54.58,54.75,53.56,53.92,21698640.0
1526428800,54.17,54.7,53.955,54.64,16093190.0
1526515200,54.55,55.44,54.42,54.81,16868500.0
1526601600,54.53,54.54,53.47,53.5,23659030.0
1526860800,54.36,55.22,53.86,54.32,25157290.0
1526947200,54.73,55.05,54.05,54.45,19007430.0
1527033600,54.0,55.23,53.84,55.21,20512760.0
1527120000,55.18,55.3,54.13,54.75,19472190.0
1527206400,54.8,55.5,54.54,55.44,18508060.0
1527552000,55.12,55.81,54.81,55.32,24176370.0
1527638400,55.89,56.2,55.615,55.68,24556310.0
1527724800,55.67,55.86,55.06,55.2,30934950.0
1527811200,55.84,57.1,55.8,57.08,31153130.0
1528070400,57.01,57.5995,56.775,56.83,22460260.0
1528156800,56.9,57.12,56.215,56.53,21650300.0
1528243200,56.53,57.06,56.08,57.03,22950320.0
1528329600,56.92,57.0,55.62,55.88,27571480.0
1528416000,55.56,55.7,54.66,55.05,30819250.0
1528675200,54.8,55.09,54.26,54.52,25427230.0
1528761600,54.87,55.03,54.22,54.82,23140540.0
1528848000,54.98,55.7,54.91,55.03,22514600.0
1528934400,55.45,55.86,55.18,55.54,23410400.0
1529020800,55.17,55.38,54.58,55.11,39173960.0
1529280000,54.3,54.3,52.34,53.22,40730070.0
1529366400,52.14,52.95,51.88,52.93,31772080.0
1529452800,53.19,53.745,52.69,53.46,21400640.0
1529539200,54.38,54.53,51.94,52.19,44370420.0
1529625600,52.62,53.09,52.3,52.5,34664470.0
1529884800,51.17,51.75,49.91,50.71,45320560.0
1529971200,49.95,50.41,49.36,49.67,37512410.0
1530057600,49.34,50.06,48.75,48.76,33280020.0
1530144000,48.58,49.49,48.5,49.25,29052480.0
1530230400,49.53,50.11,49.5,49.71,28902790.0
1530489600,49.04,50.27,48.83,50.2,23741080.0
1530576000,50.58,50.86,49.43,49.47,16327900.0
1530748800,49.98,50.96,49.75,50.75,26106880.0
1530835200,50.77,51.5,50.4,51.37,19959960.0
1531094400,51.64,51.89,51.0,51.86,21343680.0
1531180800,52.1,52.26,51.84,52.16,17323870.0
1531267200,51.69,51.87,51.19,51.2,18642300.0
1531353600,52.05,52.48,51.73,52.35,20288260.0
1531440000,52.4,52.42,51.76,52.22,13747780.0
1531699200,52.15,52.32,51.87,52.01,15893050.0
1531785600,51.05,51.8785,51.01,51.75,15702030.0
1531872000,51.87,51.97,51.465,51.72,14641310.0
1531958400,51.6,52.01,51.05,51.98,15688590.0
1532044800,51.83,52.07,51.33,51.91,17380050.0
1532304000,51.77,52.495,51.33,52.31,15867890.0
1532390400,52.76,53.3,52.075,52.18,17786160.0
1532476800,52.21,52.45,51.09,52.43,19756140.0
1532563200,52.45,53.18,51.87,52.16,26848630.0
1532649600,48.76,49.2,47.48,47.68,67781420.0
1532908800,47.63,47.99,46.43,47.69,35212830.0
1532995200,48.24,48.6757,47.69,48.1,36406210.0
1533081600,48.055,48.91,48.0,48.81,28054040.0
1533168000,48.5,49.52,48.2,49.48,26387650.0
1533254400,49.5,49.78,49.1701,49.63,22004190.0
1533513600,48.77,49.31,48.32,49.3,26445230.0
1533600000,49.43,49.83,49.41,49.7,28315470.0
1533686400,49.6,50.13,49.44,49.96,21981650.0
1533772800,49.86,50.6,49.72,50.14,23362970.0
1533859200,48.51,49.17,48.3,48.85,28695820.0
1534118400,48.92,49.24,48.38,48.45,17000380.0
1534204800,48.67,48.76,47.65,48.12,22407870.0
1534291200,47.78,48.0,46.9,47.46,26555070.0
1534377600,47.75,47.95,47.05,47.17,24287200.0
1534464000,47.0,47.39,46.33,47.1,26368390.0
1534723200,47.05,47.12,46.19,46.5,24039470.0
1534809600,46.66,47.85,46.64,47.62,18617550.0
1534896000,47.25,47.35,46.92,47.05,23097140.0
1534982400,46.86,47.17,46.71,46.98,31038380.0
1535068800,47.29,47.89,47.08,47.66,17912840.0
1535328000,48.0,48.39,47.63,48.35,17096430.0
1535414400,48.55,48.79,48.31,48.57,13468210.0
1535500800,48.7,48.86,48.4,48.75,13296010.0
1535587200,48.52,48.83,48.09,48.24,16279490.0
1535673600,47.96,48.56,47.92,48.43,16385680.0
1536019200,48.38,48.4267,47.5601,47.96,15669670.0
1536105600,47.75,48.12,47.47,47.72,20798820.0
1536192000,47.76,47.96,47.21,47.26,19315070.0
1536278400,46.91,47.48,46.36,46.45,25792810.0
1536537600,46.56,46.76,46.23,46.3,21264970.0
1536624000,46.0,46.03,44.89,44.93,32438230.0
1536710400,44.56,44.98,44.06,44.93,29723230.0
1536796800,45.68,45.85,45.11,45.57,18498420.0
1536883200,45.78,45.965,45.35,45.54,22697430.0
1537142400,45.29,45.9,45.19,45.42,17242530.0
1537228800,45.58,46.53,45.41,46.1,20366080.0
1537315200,46.09,46.44,45.89,46.15,15829560.0
1537401600,46.78,47.36,46.52,47.2,21765110.0
1537488000,47.12,47.419,46.37,46.66,52262680.0
1537747200,46.31,47.0,46.15,46.91,17831910.0
1537833600,46.22,46.39,45.8,45.91,22027790.0
1537920000,46.04,46.3,45.58,45.7,23412530.0
1538006400,45.91,46.165,45.73,45.88,15287150.0
1538092800,45.62,47.75,45.46,47.29,46200440.0
1538352000,46.79,47.22,46.2,46.45,23653550.0
1538438400,47.51,48.88,47.32,48.1,40746390.0
1538524800,48.62,49.72,48.56,48.76,38872430.0
1538611200,48.84,48.86,47.62,48.13,28662300.0
1538697600,48.23,48.34,46.66,47.03,28893760.0
1538956800,46.96,47.35,46.52,47.03,18524970.0
1539043200,47.18,47.62,46.54,46.55,23272260.0
1539129600,46.06,46.12,44.8,44.8,41642550.0
1539216000,45.15,45.61,43.73,44.23,43483080.0
1539302400,45.27,45.3429,44.23,44.88,31749480.0
1539561600,44.63,45.14,44.44,44.53,21407880.0
1539648000,44.9,46.01,44.825,45.94,21268670.0
1539734400,46.0,46.33,45.54,45.89,23111280.0
1539820800,45.65,45.75,44.83,44.97,26311200.0
1539907200,45.02,45.18,43.86,44.0,28270420.0
1540166400,44.5,45.34,44.1,45.01,34236640.0
1540252800,44.18,45.09,43.91,44.5,38244220.0
1540339200,44.16,44.36,42.36,42.42,33189380.0
1540425600,43.54,44.94,43.28,44.31,47052220.0
1540512000,45.59,46.44,44.7,45.69,67247680.0
1540771200,46.5,46.75,44.44,45.4,35444440.0
1540857600,45.53,47.88,45.46,47.76,43941200.0
1540944000,48.29,48.56,46.83,46.88,33343570.0
1541030400,46.95,48.47,46.86,48.22,28215450.0
1541116800,48.13,48.25,46.75,47.11,30630070.0
1541376000,47.34,48.25,46.92,47.97,23742310.0
1541462400,47.8,47.92,47.03,47.25,23802430.0
1541548800,47.63,48.75,47.59,48.72,29900000.0
1541635200,48.49,49.29,48.46,48.99,26579920.0
1541721600,48.79,49.025,47.87,48.11,21752760.0
1541980800,47.71,47.8,46.6,46.65,24055970.0
1542067200,46.99,48.25,46.99,47.39,29284040.0
1542153600,47.85,47.965,46.89,47.09,25375230.0
1542240000,47.01,48.24,46.72,48.11,28937860.0
1542326400,47.77,49.05,47.69,48.83,31417980.0
1542585600,48.61,49.15,47.78,48.0,26435640.0
1542672000,47.4,48.12,47.09,47.39,29192730.0
1542758400,47.85,47.88,47.02,47.03,18811570.0
1542931200,46.69,47.07,46.52,46.54,8906879.0
1543190400,47.27,47.46,46.7,47.45,19976140.0
1543276800,46.94,48.22,46.59,48.07,27598840.0
1543363200,47.935,48.88,47.65,48.86,27660080.0
1543449600,48.49,48.56,47.63,47.7,23230250.0
1543536000,47.95,49.32,47.56,49.31,43281210.0
1543795200,50.0,50.495,49.53,50.13,29972310.0
1543881600,49.52,49.6,47.675,47.75,33374960.0
1544054400,46.8,48.39,46.52,48.37,31225600.0
1544140800,47.94,48.06,46.23,46.24,33055310.0
1544400000,46.28,47.46,46.01,47.21,22818690.0
1544486400,47.9,48.59,47.13,47.38,20956500.0
1544572800,48.58,48.64,47.41,47.83,31251120.0
1544659200,48.26,48.58,47.855,48.29,19303560.0
1544745600,47.89,48.76,47.85,47.86,26366290.0
1545004800,47.86,48.41,46.66,47.08,26382210.0
1545091200,47.47,48.45,47.36,47.74,28021790.0
1545177600,47.49,47.73,45.38,45.57,39301200.0
1545264000,45.41,46.31,45.01,45.54,37665490.0
1545350400,45.75,46.65,44.8,44.84,52528650.0
1545609600,44.63,45.17,43.54,43.59,19241560.0
1545782400,44.0,46.2,43.51,46.19,28570180.0
1545868800,45.62,46.38,44.67,46.36,28821130.0
1545955200,46.51,47.74,46.3,46.75,24701860.0
1546214400,47.09,47.48,46.55,46.93,20484740.0
1546387200,45.96,47.47,45.77,47.08,18733890.0
1546473600,46.15,46.28,44.39,44.49,31967690.0
1546560000,45.835,47.57,45.54,47.22,35321630.0
1546819200,47.1,47.995,46.75,47.44,22491020.0
1546905600,47.8,48.03,46.78,47.74,22551790.0
1546992000,47.96,48.57,47.78,48.01,22528800.0
1547078400,47.75,48.65,47.41,48.56,27126590.0
1547164800,48.1,49.291,48.05,48.93,21599330.0
1547424000,48.46,48.83,48.3,48.35,19035810.0
1547510400,48.71,49.13,48.44,48.6,22401790.0
1547596800,48.6,48.89,48.08,48.13,18936240.0
1547683200,48.0,48.84,47.905,48.47,17224030.0
1547769600,49.11,49.38,48.69,49.19,29788730.0
1548115200,48.96,48.98,47.87,48.27,25930810.0
1548201600,48.41,48.8,47.52,47.94,18876580.0
1548288000,48.7,50.035,48.6,49.76,49770590.0
1548374400,46.85,47.43,45.75,47.04,86449630.0
1548633600,46.13,46.73,46.05,46.71,35518250.0
1548720000,46.78,46.97,46.33,46.54,20915270.0
1548806400,46.68,47.68,46.45,47.54,26746480.0
1548892800,46.7,47.18,46.1,47.12,41457610.0
1548979200,47.06,49.05,47.01,48.73,37424720.0
1549238400,48.62,49.24,48.24,49.22,20851710.0
1549324800,49.18,50.7159,49.18,50.01,31577230.0
1549411200,49.95,50.64,49.82,49.9,21642300.0
1549497600,49.5,49.85,48.68,49.23,27807690.0
1549584000,48.77,49.02,48.01,48.84,18848690.0
1549843200,49.02,49.32,48.58,48.77,17998810.0
1549929600,49.36,50.14,49.27,50.01,18039220.0
1550016000,50.13,50.81,50.0,50.47,17501310.0
1550102400,50.41,51.04,50.35,50.81,17530450.0
1550188800,51.25,51.67,51.09,51.66,22512380.0
1550534400,51.35,51.71,51.34,51.4,15579990.0
1550620800,51.63,51.73,51.06,51.39,20795430.0
1550707200,51.32,51.84,51.21,51.41,16090480.0
1550793600,52.7,52.975,52.055,52.49,31916620.0
1551052800,53.06,53.61,52.86,53.1,20558900.0
1551139200,53.01,53.37,52.91,53.23,16029950.0
1551225600,52.76,53.38,52.51,53.24,17588260.0
1551312000,52.92,53.18,52.81,52.96,18124460.0
1551398400,53.44,53.68,52.89,53.3,18297780.0
1551657600,53.75,54.1,53.205,53.94,21553130.0
1551744000,53.85,53.99,53.11,53.68,20073560.0
1551830400,53.63,53.65,52.94,52.95,14707390.0
1551916800,52.77,52.985,52.36,52.6,17802960.0
1552003200,51.97,52.56,51.7,52.48,16789600.0
1552262400,52.88,53.65,52.57,53.35,18125150.0
1552348800,53.34,53.96,53.175,53.57,20759890.0
1552435200,54.0,54.57,53.65,54.37,25516130.0
1552521600,54.3,54.45,53.33,53.44,26581850.0
1552608000,53.68,54.69,53.68,54.33,46483390.0
1552867200,54.42,54.505,53.87,54.1,15900080.0
1552953600,54.47,54.645,54.0,54.17,17045060.0
1553040000,54.06,54.4,53.61,53.82,23330720.0
1553126400,53.92,54.99,53.84,54.64,18715860.0
1553212800,54.4,54.615,53.21,53.26,21329170.0
1553472000,52.97,53.545,52.375,52.78,16638820.0
1553558400,53.32,53.77,53.04,53.44,17709670.0
1553644800,53.59,53.86,52.94,53.16,19185200.0
1553731200,53.25,53.44,52.77,53.11,13479770.0
1553817600,53.8,54.04,53.48,53.7,18568690.0
1554076800,54.34,54.57,54.1,54.51,17216940.0
1554163200,54.53,54.8,54.225,54.36,13507980.0
1554249600,55.03,55.99,54.89,55.48,24439760.0
1554336000,55.27,56.14,55.27,55.92,16421070.0
1554422400,55.75,55.95,54.87,55.6,18919000.0
1554681600,55.28,55.74,55.2,55.68,11751750.0
1554768000,55.35,55.43,54.9,55.32,13204510.0
1554854400,55.32,55.86,55.32,55.75,12841760.0
1554940800,55.76,56.07,55.63,55.8,10807340.0
1555027200,56.21,56.49,55.84,56.42,12639630.0
1555286400,56.46,56.555,55.92,56.28,10986910.0
1555372800,56.66,57.47,56.07,56.71,30057100.0
1555459200,58.44,59.59,58.12,58.56,38572210.0
1555545600,58.71,58.88,58.1238,58.49,20014510.0
1555891200,58.15,58.83,57.88,58.82,12313140.0
1555977600,58.89,58.98,58.5,58.78,17016380.0
1556064000,58.52,59.2899,58.14,58.72,17603860.0
1556150400,58.3,58.38,57.23,57.61,27494710.0
1556236800,52.74,53.09,51.52,52.43,72319400.0
1556496000,52.17,52.43,51.0,51.11,38546980.0
1556582400,51.0,51.43,50.87,51.04,25617960.0
1556668800,51.1,51.6,50.74,50.76,20467580.0
1556755200,50.8,51.325,50.12,50.55,22655400.0
1556841600,51.08,51.82,50.73,51.75,25656640.0
1557100800,50.25,51.28,50.19,51.22,26245240.0
1557187200,50.6,50.88,49.93,50.48,29713380.0
1557273600,50.2,50.79,49.07,49.24,36812430.0
1557360000,47.9,48.29,46.05,46.62,59642160.0
1557446400,46.44,46.8,45.1,46.2,42522780.0
1557705600,45.33,45.64,44.7,44.76,39091930.0
1557792000,45.18,45.485,44.87,45.17,24706460.0
1557878400,44.92,45.75,44.76,45.62,23407890.0
1557964800,45.47,45.95,45.42,45.53,19954650.0
1558051200,45.18,45.73,44.7637,44.89,22500360.0
1558310400,44.0,44.52,43.4538,43.56,28674970.0
1558396800,44.34,44.78,44.175,44.46,25543370.0
1558483200,44.15,44.46,43.845,44.0,16932520.0
1558569600,43.37,44.74,42.86,44.53,35783930.0
1558656000,44.59,45.05,44.49,44.57,27168070.0
1559001600,44.66,44.69,43.3,43.57,34779860.0
1559088000,43.35,44.53,43.3333,44.23,28450340.0
1559174400,44.3,45.03,44.23,44.73,21618860.0
1559260800,44.18,44.79,43.93,44.04,25532530.0
1559520000,44.25,44.585,43.2,43.46,31155680.0
1559606400,44.16,44.855,43.77,44.79,28094920.0
1559692800,45.11,45.18,44.19,44.55,20802010.0
1559779200,44.75,45.17,44.505,45.1,19076170.0
1559865600,45.25,46.12,45.1,46.03,24370250.0
1560124800,46.23,47.19,46.2,46.8,20806080.0
1560211200,47.26,47.32,46.52,46.85,18415500.0
1560297600,46.67,46.67,46.25,46.32,15900570.0
1560384000,46.6,46.955,46.53,46.7,12267630.0
1560470400,45.83,46.42,45.5459,46.19,15381080.0
1560729600,46.14,46.53,45.8,46.13,12643340.0
1560816000,46.75,48.0,46.6,47.37,25732290.0
1560902400,47.48,47.58,47.0,47.07,17436380.0
1560988800,47.87,48.05,46.87,47.19,20126780.0
1561075200,46.95,47.73,46.8,47.46,31096250.0
1561334400,47.4,47.8455,47.17,47.63,14479940.0
1561420800,47.56,47.68,46.8,46.85,16665580.0
1561507200,47.65,48.48,47.56,48.19,21886310.0
1561593600,48.15,48.42,47.24,47.46,23062950.0
1561680000,47.77,48.2,47.68,47.87,26646180.0
1561939200,49.29,49.45,47.745,48.05,27505450.0
1562025600,47.91,48.22,47.69,48.12,15384690.0
1562112000,48.18,48.56,47.995,48.52,10739100.0
1562284800,48.03,48.175,47.44,48.08,14339230.0
1562544000,47.62,47.95,47.07,47.82,16564290.0
1562630400,47.36,47.8,47.13,47.75,17853190.0
1562716800,47.92,48.61,47.9,48.21,16032270.0
1562803200,48.56,48.78,48.31,48.6,16615080.0
1562889600,49.0,49.93,48.81,49.92,20148730.0
1563148800,50.0,50.25,49.7693,50.12,14345080.0
1563235200,49.91,50.0,48.96,49.17,17131370.0
1563321600,49.5,49.7,49.24,49.39,11928610.0
1563408000,49.28,49.99,48.89,49.94,15679640.0
1563494400,49.96,50.66,49.91,50.27,29141090.0
1563753600,50.005,51.515,49.89,51.35,21686530.0
1563840000,52.0,52.0,51.3,51.75,18413520.0
1563926400,51.98,52.97,51.8,52.92,20896370.0
1564012800,52.51,52.6,51.88,52.16,27765430.0
1564099200,52.69,53.5,51.53,51.59,36401550.0
1564358400,51.53,52.5599,50.78,52.51,21897460.0
1564444800,51.71,52.31,51.56,51.7,16487690.0
1564531200,51.51,51.72,50.05,50.55,24169750.0
1564617600,50.52,51.89,49.47,49.5,34020780.0
1564704000,49.09,49.36,48.5,48.68,27881620.0
1564963200,47.76,47.9599,46.57,46.97,38936650.0
1565049600,47.15,47.56,46.765,46.96,26119560.0
1565136000,46.3,46.88,45.97,46.73,29440390.0
1565222400,46.16,47.365,45.91,47.17,30643740.0
1565308800,46.94,47.0,45.78,45.98,24975460.0
1565568000,45.76,46.07,45.44,45.6,18494300.0
1565654400,45.49,47.045,45.36,46.84,29374660.0
1565740800,46.06,46.625,45.65,45.87,25650220.0
1565827200,46.1,46.18,45.435,45.7,21992680.0
1565913600,46.34,46.68,46.06,46.5,23335690.0
1566172800,47.46,47.6,47.04,47.23,21404920.0
1566259200,47.03,47.12,46.46,46.6,23115320.0
1566345600,47.11,47.29,46.8901,47.15,15915800.0
1566432000,47.28,47.43,46.69,46.78,19785890.0
1566518400,46.35,46.63,44.8,44.96,32817080.0
1566777600,45.82,45.82,45.25,45.56,22086630.0
1566864000,45.87,46.12,45.5,45.79,16927570.0
1566950400,45.7,45.91,45.37,45.79,14895350.0
1567036800,46.46,47.22,46.4,46.87,17806110.0
1567123200,47.24,47.79,47.16,47.41,16923150.0
1567468800,47.12,47.22,46.495,46.98,15010270.0
1567555200,47.56,48.95,47.54,48.92,23472110.0
1567641600,49.925,51.17,49.87,50.1,30023120.0
1567728000,50.25,50.99,50.07,50.92,17067940.0
1567987200,51.06,52.03,51.02,51.59,20749660.0
1568073600,51.33,51.84,50.825,51.82,18532030.0
1568160000,51.6,52.79,51.38,52.79,18968940.0
1568246400,53.0,53.33,52.065,53.01,23308710.0
1568332800,52.76,53.0,52.2349,52.54,18010810.0
1568592000,51.9,52.285,51.7011,52.2,13354590.0
1568678400,52.05,52.144,51.35,51.95,19888220.0
1568764800,52.13,52.13,51.16,51.74,15029860.0
1568851200,51.7,51.99,51.5,51.57,11849920.0
1568937600,51.6,51.88,50.56,50.72,38632500.0
1569196800,50.83,51.225,50.39,50.9,21574150.0
1569283200,51.1,51.18,49.64,49.82,28472930.0
1569369600,49.75,51.21,49.42,51.02,20120840.0
1569456000,50.98,51.145,50.34,50.92,11482110.0
1569542400,50.63,51.22,50.34,50.78,14846410.0
1569801600,51.19,51.595,50.9384,51.53,14059200.0
1569888000,51.97,52.24,50.43,50.76,18487340.0
1569974400,50.31,50.37,48.98,49.39,21437000.0
1570060800,49.5,50.07,48.532,50.03,17235570.0
1570147200,50.35,50.97,50.03,50.92,12748070.0
1570406400,50.7,51.23,50.56,50.62,12722050.0
1570492800,50.16,50.48,49.61,49.725,17884430.0
1570579200,50.47,50.79,50.15,50.48,12189960.0
1570665600,50.41,51.775,50.4,51.11,14611660.0
1570752000,52.0,52.79,51.82,52.09,24167110.0
1571011200,51.9,51.95,51.44,51.64,16425530.0
1571097600,51.93,53.07,51.83,52.65,18970760.0
1571184000,52.35,52.56,52.12,52.445,15173070.0
1571270400,52.635,52.84,51.38,51.86,16918320.0
1571356800,51.75,51.82,51.0291,51.36,16975160.0
1571616000,51.52,52.17,51.34,52.13,13120650.0
1571702400,51.9,52.32,51.8903,52.01,13347320.0
1571788800,51.37,51.96,51.2,51.72,15961600.0
1571875200,52.09,52.43,51.43,52.23,25654060.0
1571961600,54.19,56.61,53.92,56.46,59767680.0
1572220800,56.38,56.81,56.06,56.76,32307510.0
1572307200,56.37,57.24,56.24,56.34,18155770.0
1572393600,56.32,56.63,55.615,56.6,15248000.0
1572480000,56.33,56.6,55.62,56.53,19249680.0
1572566400,55.94,56.6465,55.62,56.51,17953470.0
1572825600,56.93,57.8,56.85,57.61,19067980.0
1572912000,57.47,58.35,57.21,57.55,20865350.0
1572998400,57.49,57.71,56.98,57.6,17721000.0
1573084800,58.0,58.55,57.855,58.05,16962850.0
1573171200,57.85,58.3,57.31,58.27,11890270.0
1573430400,57.97,58.5,57.9,58.35,11236370.0
1573516800,58.4,58.8,58.03,58.2,11954040.0
1573603200,57.87,57.97,57.35,57.89,15409830.0
1573689600,57.61,58.04,57.57,57.81,12141220.0
1573776000,58.17,58.7,57.62,57.96,16112990.0
1574035200,57.7,58.48,57.57,58.25,16101280.0
1574121600,58.48,58.65,57.75,58.35,17062830.0
1574208000,58.26,58.36,57.3664,57.9,18559090.0
1574294400,57.49,58.3,57.41,58.22,16139030.0
1574380800,58.34,58.65,57.49,57.61,15690160.0
1574640000,58.0,58.84,58.0,58.81,15012420.0
1574726400,58.95,59.13,58.45,58.9,22381500.0
1574812800,58.53,58.59,57.905,58.51,18185510.0
1574985600,58.15,58.295,57.79,58.05,9481129.0
1575244800,58.55,58.69,57.47,57.66,19166770.0
1575331200,56.86,56.86,55.75,56.07,26613650.0
1575417600,56.66,56.66,55.86,56.02,18882730.0
1575504000,56.41,56.41,55.76,56.08,17675580.0
1575590400,56.66,56.99,56.42,56.81,16477410.0
1575849600,56.54,56.96,56.5,56.53,14467820.0
1575936000,56.71,56.83,56.44,56.59,16157980.0
1576022400,56.91,57.17,56.58,57.07,20051870.0
1576108800,56.75,58.05,56.61,57.55,27896160.0
1576195200,57.55,58.34,57.38,57.79,22795850.0
1576454400,58.21,58.57,57.65,57.7,19135290.0
1576540800,58.0,58.1,57.13,57.3,21656380.0
1576627200,57.39,57.455,56.94,57.17,28273060.0
1576713600,57.17,57.99,56.965,57.96,18869000.0
1576800000,58.32,59.05,57.89,58.95,49970820.0
1577059200,59.06,59.78,59.04,59.23,23593190.0
1577145600,59.25,59.48,59.16,59.41,6313179.0
1577318400,59.41,59.85,59.35,59.82,11486640.0
1577404800,59.91,60.48,59.9,60.08,14086150.0
1577664000,59.99,60.05,59.38,59.62,12751110.0
1577750400,59.62,59.93,59.36,59.85,14435830.0
1577923200,60.24,60.97,60.22,60.84,17713400.0
1578009600,59.81,60.7,59.81,60.1,15298580.0
1578268800,59.59,60.195,59.33,59.93,17759140.0
1578355200,59.78,59.8,58.89,58.93,21960520.0
1578441600,58.89,59.32,58.52,58.97,23138270.0
1578528000,59.05,59.51,58.83,59.3,18818490.0
1578614400,59.57,60.075,58.87,58.94,15201930.0
1578873600,59.17,59.775,59.08,59.59,16455830.0
1578960000,59.49,59.74,59.185,59.43,17092450.0
1579046400,59.3,59.65,58.75,58.94,18498800.0
1579132800,59.26,59.84,59.07,59.66,21365530.0
1579219200,59.98,60.0,59.2403,59.6,21803450.0
1579564800,59.81,61.25,59.79,60.55,28358470.0
1579651200,61.04,62.85,60.97,62.73,29475120.0
1579737600,62.86,63.705,62.81,63.32,42778740.0
1579824000,66.57,69.29,66.46,68.47,84711040.0
1580083200,66.72,67.42,65.6,65.69,30764000.0
1580169600,66.5,67.58,65.94,67.31,30915390.0
1580256000,67.63,68.06,66.17,66.33,18076690.0
1580342400,65.64,66.5,64.93,66.47,18522360.0
1580428800,65.8,65.98,63.67,63.93,25268430.0
1580688000,64.455,65.04,64.3,64.42,16654560.0
1580774400,65.77,66.06,64.92,65.46,20970750.0
1580860800,66.69,67.6,66.13,67.34,23401420.0
1580947200,67.3,67.4,66.77,67.09,17408040.0
1581033600,66.86,67.3,66.01,66.02,18134650.0
1581292800,65.56,66.4,65.44,66.39,22299290.0
1581379200,66.83,67.71,66.57,67.41,17975620.0
1581465600,67.6,68.09,67.31,67.46,15586600.0
1581552000,66.99,67.65,66.739,67.44,11602730.0
1581638400,67.52,67.865,66.82,67.27,13405450.0
1581984000,66.66,66.69,65.88,66.14,12766570.0
1582070400,66.39,67.2,66.18,67.11,13551200.0
1582156800,67.04,67.29,64.56,65.45,26452590.0
1582243200,65.18,65.25,64.04,64.34,20780470.0
1582502400,61.614,62.77,61.32,61.76,26903120.0
1582588800,61.99,62.28,59.46,59.73,34495730.0
1582675200,60.11,60.82,59.27,59.65,26217740.0
1582761600,57.93,58.51,55.8,55.83,42226860.0
1582848000,54.3,56.38,53.6,55.52,60728000.0
1583107200,55.79,58.22,54.52,58.18,43140300.0
1583193600,58.03,59.02,55.4,55.97,49740280.0
1583280000,57.01,58.71,56.16,58.68,29223070.0
1583366400,57.06,58.66,56.61,56.96,29099160.0
1583452800,55.18,56.01,54.54,55.77,36259160.0
1583712000,51.92,52.71,50.0,50.85,56196980.0
1583798400,52.76,54.0,50.43,53.98,36568950.0
1583884800,52.39,53.54,51.01,51.66,38573960.0
1583971200,47.99,50.091,45.37,45.54,50661750.0
1584057600,48.26,55.0,47.74,54.43,48805060.0
1584316800,47.51,52.25,43.63,44.61,53878940.0
1584403200,45.755,51.63,45.2,50.08,52085160.0
1584489600,46.71,50.05,45.2,47.61,49309880.0
1584576000,47.84,49.23,45.16,45.94,44538030.0
1584662400,46.51,49.42,45.47,45.83,52344050.0
1584921600,46.02,50.49,45.9132,49.58,46698480.0
1585008000,53.14,54.64,51.35,52.4,50019750.0
1585094400,52.48,53.785,49.91,51.26,41106060.0
1585180800,51.74,55.95,51.66,55.54,41475410.0
1585267200,53.42,54.64,52.065,52.37,31633490.0
1585526400,52.99,56.1,52.83,55.49,31628610.0
1585612800,55.06,55.795,53.22,54.12,48081860.0
1585699200,52.5,54.69,51.43,51.88,29586560.0
1585785600,51.29,54.56,51.22,54.35,27809990.0
1585872000,53.85,55.13,52.73,54.13,23906060.0
1586131200,56.63,58.77,56.12,58.43,32323390.0
1586217600,59.94,61.49,58.21,58.4,41410010.0
1586304000,58.99,59.51,57.91,58.98,26719500.0
1586390400,59.36,59.72,56.06,57.14,40515420.0
1586736000,56.57,58.77,56.57,58.7,23251940.0
1586822400,60.038,60.9,59.51,60.66,25673990.0
1586908800,59.74,59.83,58.385,58.87,22841550.0
1586995200,59.61,60.96,58.81,60.79,24433520.0
1587081600,62.02,62.13,59.825,60.36,27385640.0
1587340800,59.279,60.04,58.89,59.18,26419610.0
1587427200,58.11,58.6,55.93,56.36,25248030.0
1587513600,58.27,60.5,57.81,60.1,23443750.0
1587600000,59.674,60.1,58.81,59.04,35091950.0
1587686400,56.2,59.4,56.1,59.26,50220510.0
1587945600,59.72,59.83,58.385,59.47,25902240.0
1588032000,59.99,60.22,58.26,58.75,28784710.0
1588118400,59.44,62.03,59.32,61.8,30451540.0
1588204800,61.367,61.54,59.75,59.98,26279880.0
1588291200,58.83,59.32,57.31,57.47,21194800.0
1588550400,57.12,58.07,56.31,57.99,18957230.0
1588636800,58.79,59.3,58.35,58.75,17252060.0
1588723200,59.04,59.95,58.94,59.18,17848660.0
1588809600,59.93,60.0969,58.92,59.17,14733520.0
1588896000,59.669,59.78,59.05,59.67,20391090.0
1589155200,59.74,60.84,59.71,60.13,18684440.0
1589241600,60.22,60.64,58.26,58.39,16754900.0
1589328000,58.45,59.23,56.9,57.74,21064970.0
1589414400,57.32,59.15,56.1,59.08,21569350.0
1589500800,57.4,58.37,56.96,58.28,21373270.0
1589760000,59.741,60.28,59.36,59.92,20443710.0
1589846400,60.13,61.77,59.85,60.29,21865010.0
1589932800,61.16,63.489,61.02,63.1,30583990.0
1590019200,63.095,63.8,61.82,61.98,20987740.0
1590105600,61.98,62.32,61.42,62.255,14103010.0
1590451200,63.68,64.14,62.12,62.34,20933560.0
1590537600,62.32,63.59,61.07,63.56,19886270.0
1590624000,63.0,63.45,61.49,61.7,17264130.0
1590710400,61.9,63.66,61.62,62.93,33395740.0
1590969600,62.485,62.66,61.66,61.86,14329040.0
1591056000,61.7,62.17,60.825,62.12,20702350.0
1591142400,62.45,62.54,61.53,61.93,16737270.0
1591228800,61.74,63.47,61.3438,62.97,22010140.0
1591315200,63.36,65.11,63.16,64.34,26813100.0
1591574400,63.97,64.15,62.94,63.67,21546180.0
1591660800,62.994,63.71,62.9,63.04,23594130.0
1591747200,62.79,64.289,62.75,63.87,21367850.0
1591833600,63.07,63.3,59.52,59.7,26998240.0
1591920000,60.11,60.96,58.121,59.33,30419770.0
1592179200,59.33,60.36,58.58,60.1,29651720.0
1592265600,61.49,61.65,59.49,60.4,23226630.0
1592352000,60.74,61.28,60.06,60.49,20454770.0
1592438400,60.35,60.51,59.32,60.08,24899700.0
1592524800,60.65,60.89,59.1,59.62,60324580.0
1592784000,59.73,60.545,58.83,60.09,22846010.0
1592870400,60.19,60.47,59.8612,59.92,22809580.0
1592956800,59.64,59.805,58.67,59.09,27764480.0
1593043200,58.98,59.09,57.48,58.51,21906940.0
1593129600,58.49,58.73,57.07,57.5,38477510.0
1593388800,57.47,58.35,56.76,58.27,22150270.0
1593475200,58.71,59.98,58.54,59.83,31542060.0
1593561600,59.91,60.03,58.76,58.81,14748070.0
1593648000,59.19,59.81,58.97,59.13,15578580.0
1593993600,58.72,59.62,58.6,59.54,20536720.0
1594080000,59.07,59.57,58.14,58.31,15996490.0
1594166400,58.45,58.695,57.93,58.61,13277870.0
1594252800,58.2,58.745,57.7,58.42,20683690.0
1594339200,57.95,59.69,57.83,59.53,17742320.0
1594598400,59.84,60.62,58.39,58.58,19082940.0
1594684800,57.874,59.25,57.345,58.98,24190870.0
1594771200,59.03,59.34,58.42,59.03,19986310.0
1594857600,58.54,59.36,58.4,59.14,12425870.0
1594944000,59.42,60.46,59.28,60.0,16322810.0
1595203200,60.08,61.38,59.34,61.15,16868660.0
1595289600,61.515,61.9275,60.44,60.7,19830310.0
1595376000,61.31,61.765,60.62,61.05,18959920.0
1595462400,61.255,61.74,59.98,60.4,43518550.0
1595548800,52.15,52.18,49.5,50.59,182269900.0
1595808000,51.03,51.14,49.465,49.57,107526500.0
1595894400,49.48,50.23,49.14,49.24,62362610.0
1595980800,49.49,49.5,47.9,48.07,60500810.0
1596067200,47.83,48.5,47.59,47.99,39735190.0
1596153600,48.13,48.3216,46.97,47.73,46569880.0
1596412800,48.27,48.6267,47.74,48.3,31767140.0
1596499200,48.6,49.14,48.5,49.13,29045840.0
1596585600,49.72,49.72,48.66,48.92,29471070.0
1596672000,48.79,48.82,48.1,48.57,23795530.0
1596758400,48.53,48.65,47.7,48.03,36765230.0
1597017600,48.2,49.39,48.06,49.22,37442610.0
1597104000,49.63,49.73,48.06,48.19,35348090.0
1597190400,48.67,49.26,48.24,49.19,30687170.0
1597276800,49.26,49.33,48.385,48.56,24774510.0
1597363200,48.73,49.21,48.65,48.89,22321170.0
1597622400,49.11,49.305,48.73,48.93,20018270.0
1597708800,49.26,49.57,48.62,48.65,19251400.0
1597795200,48.785,48.98,48.25,48.33,27774980.0
1597881600,49.81,50.2,49.0,49.17,55081340.0
1597968000,49.02,49.31,48.65,49.28,34316470.0
1598227200,49.26,49.4,48.82,49.14,36295310.0
1598313600,49.35,49.88,49.21,49.43,38384330.0
1598400000,49.39,49.67,49.23,49.55,28616620.0
1598486400,49.79,49.93,49.17,49.4,24420610.0
1598572800,49.57,50.8,49.46,50.43,35384680.0
1598832000,51.0,51.5,50.32,50.95,46114130.0
1598918400,50.91,51.0,50.22,50.79,30522710.0
1599004800,51.21,52.68,51.09,52.25,53000730.0
1599091200,52.5,52.62,50.135,50.39,47394340.0
1599177600,50.53,51.23,49.49,50.08,43318370.0
1599523200,49.26,49.9,48.85,48.91,39752690.0
1599609600,49.53,49.9684,49.04,49.62,33437270.0
1599696000,50.0,50.09,48.71,48.96,32649150.0
1599782400,49.264,50.05,48.95,49.28,29333570.0
1600041600,48.85,49.72,48.85,49.41,27212490.0
1600128000,49.79,50.6,49.73,50.0,27598260.0
1600214400,50.51,51.03,50.165,50.37,26555280.0
1600300800,49.37,50.485,49.3,50.32,26959930.0
1600387200,50.33,50.5,49.04,49.89,50123500.0
1600646400,49.39,49.745,48.83,49.72,27377120.0
1600732800,49.89,50.21,49.47,49.95,22290860.0
1600819200,49.83,50.145,48.66,48.82,30078800.0
1600905600,48.53,49.64,48.42,49.16,29343400.0
1600992000,48.96,50.28,48.75,49.94,26633410.0
1601251200,50.51,51.46,50.16,51.43,29652250.0
1601337600,51.305,51.735,50.95,51.19,19687450.0
1601424000,51.24,52.38,51.15,51.78,27711350.0
1601510400,52.4,52.72,51.99,52.24,22127580.0
1601596800,51.5,51.9789,50.99,51.01,25811770.0
1601856000,51.3,51.81,51.27,51.69,20883250.0
1601942400,51.71,52.7,51.23,51.37,25642790.0
1602028800,51.85,52.9,51.79,52.67,21978670.0
1602115200,52.91,53.58,52.67,53.37,22369540.0
1602201600,53.55,53.85,52.67,52.82,24343900.0
1602460800,53.55,54.2,53.21,53.88,27303470.0
1602547200,54.27,54.29,53.62,53.83,20005770.0
1602633600,54.01,54.4,53.51,53.55,21885110.0
1602720000,52.75,53.98,52.62,53.85,18272870.0
1602806400,53.9,54.7,53.9,54.16,23421390.0
1603065600,54.47,56.23,53.84,54.58,43537220.0
1603152000,54.6,54.7,53.27,53.43,27224900.0
1603238400,53.14,54.07,52.82,53.5,21866030.0
1603324800,53.12,54.22,53.07,53.9,41522740.0
1603411200,48.35,48.665,47.66,48.2,97322490.0
1603670400,47.85,47.86,46.25,46.72,54161290.0
1603756800,45.98,46.41,45.36,45.64,50130520.0
1603843200,44.89,45.285,44.2,44.25,45066010.0
1603929600,44.24,44.47,43.9201,44.11,36796800.0
1604016000,44.1,44.795,43.61,44.28,46794170.0
1604275200,44.96,45.055,44.24,44.46,33856740.0
1604361600,44.73,45.46,44.7,44.85,33587540.0
1604448000,45.11,46.15,44.78,45.7,34748150.0
1604534400,46.15,46.38,45.525,45.68,31103210.0
1604620800,45.54,45.795,44.9,45.39,36233680.0
1604880000,46.64,47.35,45.54,45.6,48481730.0
1604966400,45.4,46.48,45.25,45.44,39224460.0
1605052800,45.9,46.455,45.86,46.35,31496940.0
1605139200,46.13,46.19,44.55,44.95,42909920.0
1605225600,44.99,45.58,44.97,45.46,30898110.0
1605484800,46.04,46.75,45.79,46.19,36306290.0
1605571200,45.75,46.12,45.405,45.53,31072060.0
1605657600,45.55,45.685,45.04,45.06,32817920.0
1605744000,44.92,45.67,44.7,45.62,29469080.0
1605830400,45.66,45.88,45.33,45.39,24199280.0
1606089600,45.48,46.21,45.45,46.06,35489640.0
1606176000,46.29,47.3,46.01,47.01,33901170.0
1606262400,47.03,47.18,46.57,47.05,28126890.0
1606435200,47.36,48.1,47.36,47.45,15921420.0
1606694400,47.42,48.5,47.265,48.35,46332670.0
1606780800,48.75,50.225,48.71,49.56,57778190.0
1606867200,49.22,50.06,49.18,49.9,33753520.0
1606953600,49.92,51.11,49.78,50.99,50261150.0
1607040000,51.06,52.65,51.0,51.985,39767720.0
1607299200,51.0,51.29,49.56,50.2,51040300.0
1607385600,49.83,50.72,49.81,50.69,28956510.0
1607472000,50.28,50.8383,49.73,50.07,34068390.0
1607558400,49.66,50.72,49.59,50.26,33705980.0
1607644800,50.14,50.14,49.115,49.73,29398840.0
1607904000,49.82,51.34,49.74,50.47,33436400.0
1607990400,50.98,51.01,50.21,50.665,25472990.0
1608076800,50.71,51.46,50.68,51.12,28350980.0
1608163200,51.15,51.32,50.22,50.65,26399020.0
1608249600,50.57,50.68,47.11,47.46,119298400.0
1608508800,46.32,46.45,45.24,46.36,53775700.0
1608595200,46.25,46.34,45.765,46.17,32188770.0
1608681600,46.165,47.03,46.07,46.57,22564230.0
1608768000,46.6,47.09,46.34,47.07,11865640.0
1609113600,47.19,47.635,46.86,47.07,21269170.0
1609200000,47.22,50.6667,46.49,49.39,84531390.0
1609286400,49.11,49.19,48.56,48.75,37385410.0
1609372800,48.75,50.19,48.72,49.82,28576790.0
1609718400,49.89,51.39,49.4016,49.67,46102460.0
1609804800,49.445,50.83,49.33,50.61,24866560.0
1609891200,50.435,52.15,50.2,51.1,36809640.0
1609977600,51.49,52.69,51.3,52.19,32092340.0
1610064000,52.45,52.53,51.27,51.65,34625380.0
1610323200,51.29,52.24,51.25,51.54,32933280.0
1610409600,51.9,53.85,51.56,53.24,39883890.0
1610496000,59.5,60.25,56.9,56.95,124070700.0
1610582400,58.45,60.14,57.84,59.25,74680890.0
1610668800,58.85,59.65,57.5,57.58,50265360.0
1611014400,57.94,58.34,57.1,57.99,35647140.0
1611100800,58.24,59.22,58.09,58.67,28701260.0
1611187200,59.038,63.95,58.2233,62.46,87156460.0
1611273600,58.85,59.62,56.65,56.66,85729320.0
1611532800,56.38,56.5,54.06,55.44,61968550.0
1611619200,55.275,56.2,54.85,55.21,31485880.0
1611705600,54.61,54.8481,53.3,53.59,49722950.0
1611792000,54.79,57.4,54.7,56.065,49202560.0
1611878400,55.98,57.16,55.355,55.51,37256230.0
1612137600,55.95,57.39,55.71,56.69,26926640.0
1612224000,57.19,58.28,56.88,58.0,23580890.0
1612310400,57.894,58.33,57.38,57.68,21893190.0
1612396800,57.61,58.88,57.19,58.79,29853780.0
1612483200,59.0,59.08,58.12,58.18,23432610.0
1612742400,58.375,59.22,57.95,59.16,34358300.0
1612828800,58.77,59.31,57.935,58.78,28754080.0
1612915200,59.3,59.42,58.12,58.86,16325150.0
1613001600,59.095,60.99,58.86,60.66,27539120.0
1613088000,60.6,62.51,60.43,61.81,26214180.0
1613433600,62.0,62.87,61.7,62.47,26326300.0
1613520000,61.49,62.185,61.21,61.85,21065330.0
1613606400,60.645,61.98,60.64,61.61,17846140.0
1613692800,61.91,63.26,61.85,63.01,28290120.0
1613952000,61.88,62.7,60.66,60.71,32288180.0
1614038400,60.48,61.495,59.17,61.12,27374590.0
1614124800,60.53,63.28,60.38,63.19,24669870.0
1614211200,62.405,63.54,60.13,60.4,36393950.0
1614297600,60.89,61.69,59.68,60.78,38216770.0
1614556800,61.72,63.08,61.65,62.88,28503500.0
1614643200,62.8,63.14,61.11,61.24,23320020.0
1614729600,60.64,61.52,59.7,59.9,28740360.0
1614816000,59.83,60.235,57.905,58.33,40210350.0
1614902400,59.26,61.175,58.51,60.74,39511670.0
1615161600,60.468,61.695,59.72,59.85,33112390.0
1615248000,61.18,63.165,60.84,62.67,36387480.0
1615334400,63.22,64.12,62.13,62.25,27160320.0
1615420800,62.94,64.09,62.39,63.31,30701770.0
1615507200,62.65,63.3,62.24,62.9,20172960.0
1615766400,63.61,63.875,62.48,63.79,21251480.0
1615852800,64.15,65.7302,64.08,64.78,30186640.0
1615939200,64.224,66.29,63.71,65.78,32394650.0
1616025600,65.63,65.7,63.65,63.725,30107870.0
1616112000,63.18,64.99,62.92,63.76,54951650.0
1616371200,64.82,66.38,64.56,65.63,34380150.0
1616457600,66.0,66.05,63.17,63.48,35159950.0
1616544000,66.58,67.44,61.99,62.04,74584670.0
1616630400,61.655,62.44,60.975,62.02,35401430.0
1616716800,61.8,64.97,61.77,64.87,34705760.0
1616976000,64.011,65.125,63.61,64.5,26161610.0
1617062400,63.77,64.0,63.15,63.77,20709490.0
1617148800,64.01,64.4899,63.58,64.0,33013230.0
1617235200,64.725,64.89,63.575,64.55,31416250.0
1617580800,64.95,66.74,64.7,66.54,27947520.0
1617667200,66.062,66.575,65.29,65.56,28771400.0
1617753600,65.67,66.57,65.36,66.25,17793260.0
1617840000,66.97,67.29,66.36,67.05,22224220.0
1617926400,66.798,68.4,66.63,68.26,27177100.0
1618185600,68.2,68.49,64.71,65.405,51266880.0
1618272000,65.61,65.6346,64.21,65.22,26821990.0
1618358400,65.31,65.38,63.84,64.19,25768420.0
1618444800,63.97,65.215,63.6799,65.02,24927680.0
1618531200,65.33,65.52,64.57,64.75,24625460.0
1618790400,64.7,64.74,63.07,63.63,23997680.0
1618876800,63.64,63.76,62.41,62.7,19872120.0
1618963200,62.79,63.775,62.3,63.7,24364210.0
1619049600,63.35,63.91,62.28,62.57,38257620.0
1619136000,59.16,60.0,57.9,59.24,77519830.0
1619395200,59.1,59.52,58.46,58.76,39645910.0
1619481600,58.555,58.63,57.77,57.97,38167700.0
1619568000,57.52,58.16,57.15,57.62,30387350.0
1619654400,57.88,58.3,57.47,58.28,23290620.0
1619740800,57.61,58.43,57.07,57.53,30731840.0
1620000000,57.855,57.8768,56.84,57.26,22281700.0
1620086400,56.88,56.98,55.81,56.9,35323620.0
1620172800,56.96,57.3,56.46,56.85,21001930.0
1620259200,56.615,57.25,56.245,57.19,25529250.0
1620345600,57.7,58.01,57.24,57.67,19959040.0
1620604800,57.147,57.23,55.88,55.97,35046470.0
1620691200,55.05,55.63,54.3,55.04,35968050.0
1620777600,54.39,54.65,53.42,53.62,30232250.0
1620864000,54.04,54.39,53.46,54.01,29192470.0
1620950400,54.6046,55.8467,54.255,55.35,28158310.0
1621209600,55.29,55.89,54.76,55.33,19990820.0
1621296000,55.95,56.14,54.8,54.84,18703390.0
1621382400,54.07,55.43,53.8418,55.36,23769650.0
1621468800,55.57,56.24,55.36,55.95,23145170.0
1621555200,56.42,56.71,55.9801,56.08,17723090.0
1621814400,56.648,57.39,56.4,56.96,19164350.0
1621900800,57.56,57.56,56.42,56.87,22309870.0
1621987200,57.05,57.23,56.585,56.92,15173600.0
1622073600,57.11,57.88,57.0,57.73,32387640.0
1622160000,57.55,57.65,56.94,57.12,20309600.0
1622505600,57.61,57.82,56.59,56.89,20326370.0
1622592000,56.91,57.69,56.755,57.48,18483590.0
1622678400,56.98,57.1,56.085,56.24,21831300.0
1622764800,56.55,57.75,56.54,57.37,21493760.0
1623024000,57.41,57.44,56.775,57.09,17364400.0
1623110400,57.45,57.64,56.6,57.0,33254480.0
1623196800,57.36,57.475,56.97,57.0,13904790.0
1623283200,57.15,58.03,56.925,57.38,26738080.0
1623369600,57.47,57.94,56.95,57.85,18119740.0
1623628800,58.02,58.2,57.23,58.19,21784520.0
1623715200,58.21,58.415,57.8001,57.99,20806540.0
1623801600,58.15,58.37,56.765,57.22,21879680.0
1623888000,57.05,57.9,56.7,57.18,21498760.0
1623974400,56.68,56.75,55.1,55.67,55118310.0
1624233600,55.75,56.04,55.37,55.87,19254640.0
1624320000,55.94,56.2799,55.5049,55.87,18682810.0
1624406400,55.87,55.974,55.23,55.26,20287880.0
1624492800,55.49,56.1,55.34,56.07,21209730.0
1624579200,56.02,56.405,55.745,55.91,21101240.0
1624838400,56.36,57.725,56.34,57.48,22480880.0
1624924800,57.55,57.83,55.88,56.75,26359990.0
1625011200,56.34,56.375,55.39,56.14,29891580.0
1625097600,56.13,56.64,55.87,56.01,24871590.0
1625184000,56.55,56.99,56.32,56.76,17223580.0
1625529600,56.92,57.01,55.7,56.09,26186600.0
1625616000,56.37,56.45,55.705,55.96,14857390.0
1625702400,55.31,55.72,54.7901,55.39,19161960.0
1625788800,55.51,56.105,55.31,55.99,18708000.0
1626048000,56.26,56.755,56.11,56.73,15392760.0
1626134400,56.62,57.3,56.34,56.87,15715980.0
1626220800,57.17,57.455,56.3339,56.52,16263610.0
1626307200,56.4,56.4,55.57,55.81,18917050.0
1626393600,56.05,56.9295,54.9,54.97,25263790.0
1626652800,54.41,54.805,53.97,54.64,27007670.0
1626739200,54.915,55.56,54.2684,55.24,19866970.0
1626825600,55.18,56.28,55.01,56.23,18497170.0
1626912000,56.06,56.54,55.68,55.96,36690980.0
1626998400,54.58,54.71,52.32,53.0,67742250.0
1627257600,52.81,54.54,52.76,54.31,32881170.0
1627344000,53.12,53.2,52.31,53.18,39878030.0
1627430400,53.03,53.92,52.94,53.07,28478850.0
1627516800,53.48,54.1,53.32,53.7,16886630.0
1627603200,53.65,53.9,53.25,53.72,16465690.0
1627862400,53.99,54.47,53.535,53.68,18098080.0
1627948800,53.89,54.16,53.26,54.06,16375930.0
1628035200,54.25,54.44,53.7,53.9,17612710.0
1628121600,53.99,54.02,53.58,53.89,15310010.0
1628208000,53.86,54.13,53.73,53.92,19256020.0
1628467200,54.08,54.41,53.83,54.05,14670140.0
1628553600,54.24,54.385,53.51,53.94,16215710.0
1628640000,54.26,54.36,53.84,54.14,18590800.0
1628726400,54.17,54.18,53.255,53.54,15073690.0
1628812800,53.5,53.555,53.055,53.49,15281070.0
1629072000,53.23,53.49,53.0,53.47,17692910.0
1629158400,53.17,53.1784,52.22,52.69,22014900.0
1629244800,52.6,53.03,52.11,52.19,15061740.0
1629331200,52.054,52.67,51.58,52.44,22999390.0
1629417600,52.16,52.38,51.42,52.01,25728330.0
1629676800,52.59,53.535,52.48,53.23,23976260.0
1629763200,53.555,53.97,53.31,53.81,20348800.0
1629849600,54.08,54.23,53.731,53.81,15048390.0
1629936000,53.745,53.745,52.9729,53.13,19569980.0
1630022400,53.36,53.94,52.92,53.89,16524990.0
1630281600,54.26,54.87,53.76,53.94,14581330.0
1630368000,54.44,54.5,53.66,54.06,22350100.0
1630454400,54.11,54.155,53.53,53.67,18615030.0
1630540800,53.8,53.89,53.35,53.73,15880060.0
1630627200,53.44,54.08,53.3193,53.51,13472750.0
1630972800,53.57,53.95,53.44,53.65,13914970.0
1631059200,53.73,53.92,52.99,53.57,18235080.0
1631145600,53.66,53.89,53.34,53.4,13495800.0
1631232000,53.85,54.98,53.81,53.84,20324700.0
1631491200,54.61,55.485,54.41,54.99,22639240.0
1631577600,55.37,55.44,54.27,54.52,22072720.0
1631664000,54.67,55.15,54.42,55.12,18796180.0
1631750400,54.86,54.95,54.24,54.83,19863090.0
1631836800,54.59,54.59,53.665,54.26,35359230.0
1632096000,53.214,53.5,52.32,52.98,35051900.0
1632182400,53.2,53.45,52.83,52.87,17968930.0
1632268800,53.4,53.87,53.0,53.5,18594120.0
1632355200,53.75,54.3,53.6,54.03,16474330.0
1632441600,53.775,54.423,53.73,54.22,12976200.0
1632700800,53.94,54.87,53.82,54.66,13899910.0
1632787200,54.18,54.59,53.96,54.0,24691320.0
1632873600,54.0,54.05,53.18,53.49,20514310.0
1632960000,53.76,53.98,53.26,53.28,20534070.0
1633046400,53.645,54.105,53.05,53.86,19895100.0
1633305600,53.93,54.33,53.08,53.47,27353320.0
1633392000,53.55,54.34,53.475,53.95,18129360.0
1633478400,53.48,54.07,53.07,53.98,20059580.0
1633564800,54.319,54.985,54.12,54.18,20704440.0
1633651200,54.55,54.58,53.7,53.81,16068030.0
1633910400,53.81,54.41,53.42,53.44,14398760.0
1633996800,53.57,53.72,52.01,52.17,32784310.0
1634083200,52.38,52.5784,51.865,52.26,18533960.0
1634169600,52.895,54.0,52.73,53.9,26586650.0
1634256000,54.2,54.49,53.8095,54.46,25231140.0
1634515200,54.185,54.56,53.72,54.47,22407570.0
1634601600,54.626,55.22,54.37,55.21,18392880.0
1634688000,55.25,55.485,55.08,55.37,16850270.0
1634774400,54.925,56.07,54.83,56.0,38390860.0
1634860800,50.39,50.55,49.14,49.46,109971900.0
1635120000,49.825,50.07,49.31,49.41,43178770.0
1635206400,49.4,49.44,47.93,48.28,68405390.0
1635292800,48.52,48.8155,47.87,47.89,41081460.0
1635379200,48.14,48.3599,47.88,48.08,31317180.0
1635465600,48.1,49.28,47.92,49.0,42300970.0
1635724800,49.4,49.6,49.0,49.55,28013740.0
1635811200,49.61,49.895,49.23,49.86,27193260.0
1635897600,49.931,50.45,49.71,50.39,23962120.0
1635984000,50.24,50.35,49.73,50.31,24805960.0
1636070400,50.55,51.58,50.54,50.92,36816160.0
1636329600,51.46,51.99,51.06,51.55,31647840.0
1636416000,51.54,51.77,50.765,51.2,22508420.0
1636502400,50.975,51.3873,50.71,50.76,25040730.0
1636588800,51.01,51.07,50.41,50.53,25419990.0
1636675200,50.595,50.9,50.18,50.31,23884840.0
1636934400,50.41,50.63,50.12,50.32,24695780.0
1637020800,50.37,51.15,50.34,50.61,30927770.0
1637107200,50.6,50.9399,49.98,50.23,23546920.0
1637193600,50.24,50.24,48.97,49.68,30667660.0
1637280000,49.6,49.73,49.24,49.52,27607600.0
1637539200,49.55,50.85,49.41,49.83,33389630.0
1637625600,50.16,50.45,48.64,49.1,44713340.0
1637712000,48.855,49.78,48.63,49.76,26035780.0
1637884800,48.9,49.175,48.115,48.78,25268980.0
1638144000,49.3,50.13,48.72,50.0,31478900.0
1638230400,49.5,50.4,48.68,49.2,49460840.0
1638316800,49.84,50.3062,48.52,48.6,35133400.0
1638403200,48.61,49.7947,48.33,49.5,37240780.0
1638489600,49.675,50.06,48.76,49.25,32224930.0
1638748800,49.48,51.21,49.18,50.99,40335980.0
1638835200,54.66,55.0,52.21,52.57,91731470.0
1638921600,52.57,52.88,51.3838,51.75,37143440.0
1639008000,51.3,51.585,50.43,50.48,31694240.0
1639094400,50.84,51.07,50.05,50.59,23783630.0
1639353600,50.85,51.02,49.95,50.0,35726900.0
1639440000,49.82,50.27,49.32,49.7,34120380.0
1639526400,49.87,50.78,49.325,50.67,32590320.0
1639612800,50.74,51.4,50.575,50.83,33132250.0
1639699200,50.59,51.02,50.01,50.62,50190420.0
1639958400,49.91,50.13,48.96,49.6,30140280.0
1640044800,49.94,50.84,49.94,50.77,31956290.0
1640131200,50.64,51.02,50.21,50.97,23307950.0
1640217600,51.08,51.73,51.05,51.31,25198250.0
1640563200,51.35,52.06,51.3022,51.94,20990720.0
1640649600,51.93,52.12,51.63,51.76,19290440.0
1640736000,51.81,52.14,51.66,51.83,14174780.0
1640822400,51.92,52.14,51.65,51.74,18359360.0
1640908800,51.89,52.159,51.46,51.5,16318970.0
1641168000,51.65,53.23,51.6,53.21,33892930.0
1641254400,53.57,53.935,52.65,53.14,45681380.0
1641340800,54.188,56.17,53.83,53.87,59109320.0
1641427200,54.61,54.67,53.415,54.01,35757880.0
1641513600,54.19,54.39,53.15,53.44,30717220.0
1641772800,53.97,55.31,53.31,55.21,49260830.0
1641859200,55.5,56.08,54.73,55.91,39795190.0
1641945600,56.136,56.28,54.81,55.74,29136790.0
1642032000,56.0,56.21,54.77,54.94,29605350.0
1642118400,54.85,55.77,54.53,55.7,30151530.0
1642464000,55.31,55.65,54.68,54.76,35332590.0
1642550400,54.63,54.85,53.56,53.62,30595110.0
1642636800,53.86,54.085,51.94,52.04,28582610.0
1642723200,52.08,53.1299,51.95,52.04,46372370.0
1642982400,51.48,52.1291,49.88,51.94,64273630.0
1643068800,51.01,51.62,50.25,51.0,44095360.0
1643155200,51.13,52.72,50.75,51.69,54895390.0
1643241600,49.98,50.06,47.78,48.05,89642770.0
1643328000,47.71,48.2,46.3,47.73,61945410.0
1643587200,47.68,48.87,47.305,48.82,51828450.0
1643673600,48.775,49.03,48.36,48.95,35386060.0
1643760000,48.245,49.58,48.09,49.51,37962660.0
1643846400,49.25,49.685,48.25,48.28,42145840.0
1643932800,47.86,48.2399,47.13,48.01,32431490.0
1644192000,48.13,48.66,47.96,48.18,27558470.0
1644278400,47.98,48.94,47.9,48.81,28051190.0
1644364800,49.33,49.97,48.825,49.91,35217300.0
1644451200,49.18,49.9325,48.76,48.86,32762680.0
1644537600,48.95,49.11,47.5,47.63,37208230.0
1644796800,47.92,48.1772,47.1101,47.58,28456930.0
1644883200,47.7,48.46,47.19,48.44,35857520.0
1644969600,48.06,48.49,47.6,48.23,26022940.0
1645056000,47.86,48.26,47.38,47.57,32030620.0
1645142400,46.19,46.21,44.51,45.04,76520100.0
1645488000,44.69,45.405,43.8501,44.69,57093320.0
1645574400,45.17,45.71,44.5514,44.65,38176740.0
1645660800,43.9,46.79,43.625,46.72,72740050.0
1645747200,46.93,47.79,46.25,47.71,39266330.0
1646006400,47.0,47.82,46.85,47.7,41946110.0
1646092800,47.54,47.9,46.22,46.82,53852980.0
1646179200,47.52,48.99,47.48,48.87,46936510.0
1646265600,48.18,48.55,47.6236,47.93,36389880.0
1646352000,47.37,48.265,47.37,48.07,38324990.0
1646611200,48.005,48.54,47.6,47.68,43813750.0
1646697600,47.69,48.72,46.89,47.5,44813950.0
1646784000,48.41,48.46,46.885,47.63,36076460.0
1646870400,47.29,47.31,46.155,46.66,36455950.0
1646956800,47.15,47.275,45.765,45.83,27082090.0
1647216000,45.9,45.98,44.3,44.4,35993900.0
1647302400,44.5,44.9,44.07,44.81,34448890.0
1647388800,45.3,46.63,45.27,46.63,38885500.0
1647475200,46.32,47.2873,45.73,47.14,28554990.0
1647561600,46.82,47.6,46.35,47.45,46237120.0
1647820800,47.46,47.89,47.065,47.39,32910940.0
1647907200,47.5,48.47,47.4,48.39,27923320.0
1647993600,48.46,49.58,48.0601,48.27,37126380.0
1648080000,48.66,51.65,48.59,51.62,51677910.0
1648166400,50.69,51.9783,50.45,51.83,33249490.0
1648425600,51.36,51.57,50.56,51.51,22932370.0
1648512000,52.0,52.29,51.275,52.25,27303710.0
1648598400,52.25,52.51,51.22,51.43,24623260.0
1648684800,51.2,51.26,49.51,49.56,43698250.0
1648771200,49.83,49.9,47.325,48.11,46598560.0
1649030400,48.17,49.23,47.915,49.2,23811320.0
1649116800,48.83,48.98,48.02,48.13,25779170.0
1649203200,47.44,48.17,47.24,47.54,31518750.0
1649289600,47.425,47.91,46.77,47.56,24116970.0
1649376000,47.28,47.58,46.845,47.02,22167260.0
1649635200,46.9,47.295,46.53,46.57,30352480.0
1649721600,47.32,47.91,46.41,46.5,29861380.0
1649808000,46.75,47.2687,46.55,47.01,22171270.0
1649894400,46.745,46.75,45.62,45.67,36181840.0
1650240000,45.53,46.89,45.52,46.64,25593060.0
1650326400,46.6,48.0,46.34,47.93,31483100.0
1650412800,48.36,48.75,47.975,48.11,22787140.0
1650499200,48.62,48.9,47.4,47.5,27316890.0
1650585600,47.45,47.65,46.5,46.54,28219860.0
1650844800,46.21,47.14,46.18,47.06,35999250.0
1650931200,46.69,46.84,45.51,45.52,35356570.0
1651017600,45.48,46.06,45.01,45.22,28320900.0
1651104000,45.785,47.27,45.5408,46.84,41097040.0
1651190400,44.99,45.36,43.5,43.59,70765890.0
1651449600,43.72,44.99,43.51,44.96,45446470.0
1651536000,44.79,45.49,44.23,45.06,40158390.0
1651622400,45.06,46.64,44.41,46.54,44625620.0
1651708800,45.6,45.91,44.13,44.6,52996680.0
1651795200,44.49,45.15,43.84,44.3,40916580.0
1652054400,43.81,44.2,42.87,43.07,44925770.0
1652140800,44.35,44.735,43.5,44.01,42770020.0
1652227200,44.02,44.29,42.78,42.83,40351670.0
1652313600,42.73,42.905,42.01,42.84,42329640.0
1652400000,43.42,43.84,42.97,43.6,32034140.0
1652659200,43.42,43.6099,42.785,43.08,25071910.0
1652745600,43.82,44.42,43.65,44.4,28596630.0
1652832000,43.98,43.98,42.22,42.35,35218390.0
1652918400,42.32,42.7,41.72,42.01,29181010.0
1653004800,42.245,42.29,40.31,41.65,44802290.0
1653264000,41.69,42.25,41.325,42.0,27199490.0
1653350400,41.698,41.89,41.1,41.67,29837490.0
1653436800,41.44,42.515,41.39,42.2,26283080.0
1653523200,42.17,43.68,42.08,43.48,28826680.0
1653609600,43.59,44.55,43.55,44.55,30553320.0
1653955200,44.25,44.75,43.645,44.42,41111480.0
1654041600,44.77,44.93,43.525,44.11,29885540.0
1654128000,44.19,44.88,43.94,44.84,28727640.0
1654214400,44.105,44.2458,43.34,43.39,33174660.0
1654473600,43.81,44.04,43.08,43.34,25437060.0
1654560000,43.06,43.59,42.66,43.53,25168690.0
1654646400,42.25,42.26,41.03,41.23,59649870.0
1654732800,41.01,41.35,40.01,40.01,39047180.0
1654819200,39.85,40.08,39.18,39.18,43084430.0
1655078400,38.55,38.81,37.67,37.77,50335920.0
1655164800,38.01,38.2,37.54,37.93,31351680.0
1655251200,38.56,39.17,37.92,38.65,37652260.0
1655337600,37.695,37.79,36.93,37.34,45576550.0
1655424000,37.48,38.12,36.6,36.97,71393190.0
1655769600,37.36,38.025,37.325,37.73,34004880.0
1655856000,37.33,37.77,37.22,37.38,32591520.0
1655942400,37.61,37.62,36.91,37.41,30162970.0
1656028800,37.845,38.64,37.74,38.61,38159910.0
1656288000,38.87,39.06,38.4701,38.63,29585330.0
1656374400,38.58,39.02,37.74,37.78,37842730.0
1656460800,37.54,37.595,37.02,37.29,25437200.0
1656547200,37.21,38.0,36.725,37.41,35141050.0
1656633600,37.09,37.2,35.88,36.34,40596290.0
1656979200,35.93,36.74,35.54,36.69,33225870.0
1657065600,36.82,37.425,36.46,36.99,26258320.0
1657152000,37.89,38.33,37.73,38.14,33165410.0
1657238400,37.66,38.14,37.3901,37.99,22566350.0
1657497600,37.66,37.675,37.03,37.2,25946880.0
1657584000,37.65,37.7,36.99,37.21,30546280.0
1657670400,36.68,37.4299,36.62,37.21,27059160.0
1657756800,36.99,38.155,36.29,37.71,36690670.0
1657843200,38.27,38.67,37.73,38.62,32892290.0
1658102400,39.1,39.34,38.525,38.71,30814370.0
1658188800,39.32,40.73,39.24,40.22,53095320.0
1658275200,40.21,40.67,39.56,40.56,36387870.0
1658361600,40.51,40.645,39.82,40.61,29661200.0
1658448000,40.37,40.51,38.94,39.2,41349970.0
1658707200,39.285,39.41,38.55,39.16,32263400.0
1658793600,39.1,39.565,38.88,38.96,35925490.0
1658880000,39.27,40.425,39.23,40.18,42571580.0
1658966400,40.09,40.12,39.04,39.71,56662300.0
1659052800,35.605,36.62,35.24,36.31,125292400.0
1659312000,36.05,37.69,36.05,36.96,52513450.0
1659398400,36.59,36.66,36.0,36.01,53929370.0
1659484800,36.09,36.59,35.26,36.52,59513860.0
1659571200,36.012,36.1,35.36,35.66,54046260.0
1659657600,35.345,35.69,35.18,35.39,40205090.0
1659916800,35.36,35.96,35.2,35.38,41601570.0
1660003200,35.22,35.3,34.4,34.52,48202280.0
1660089600,34.99,35.4,34.59,35.37,42243300.0
1660176000,35.64,36.29,35.485,35.59,35569720.0
1660262400,35.8,36.14,35.67,36.11,37675230.0
1660521600,36.1,36.43,35.71,36.34,25400550.0
1660608000,36.16,36.575,35.7,36.19,25000240.0
1660694400,35.81,36.075,35.27,35.78,29176060.0
1660780800,35.68,36.33,35.57,36.2,24598230.0
1660867200,35.8,36.025,35.19,35.38,31425530.0
1661126400,35.0,35.06,33.73,33.84,51006130.0
1661212800,33.98,34.39,33.91,33.95,30687100.0
1661299200,33.97,33.99,33.6,33.86,25105650.0
1661385600,33.87,34.93,33.82,34.89,29799150.0
1661472000,34.95,35.025,33.35,33.36,44851480.0
1661731200,33.225,33.41,32.81,32.94,32976760.0
1661817600,33.04,33.07,32.15,32.26,40182450.0
1661904000,32.385,32.385,31.77,31.92,44074490.0
1661990400,31.572,31.825,31.13,31.76,36440680.0
1662076800,32.21,32.375,31.06,31.22,34893280.0
1662422400,31.39,31.39,30.33,30.36,46989600.0
1662508800,30.42,30.785,30.05,30.65,37329540.0
1662595200,30.37,30.8469,29.91,30.75,37359470.0
1662681600,31.19,31.5,31.075,31.46,34081210.0
1662940800,31.735,31.86,31.1,31.56,38305490.0
1663027200,30.83,30.93,29.25,29.29,71417850.0
1663113600,29.55,29.765,29.01,29.18,40767170.0
1663200000,29.15,29.41,28.71,28.84,39919110.0
1663286400,28.7,29.32,28.42,29.24,72747990.0
1663545600,29.02,29.5,28.9,29.44,33151880.0
1663632000,29.065,29.165,28.71,28.96,31129030.0
1663718400,29.15,29.59,28.46,28.47,39977310.0
1663804800,28.4,28.5,28.04,28.07,36092670.0
1663891200,27.9,27.9,27.19,27.52,43491060.0
1664150400,27.56,27.6995,26.86,26.97,44786410.0
1664236800,27.4,27.595,26.62,26.89,44121430.0
1664323200,26.86,27.28,26.6,27.13,40433350.0
1664409600,26.78,26.78,26.185,26.38,41831290.0
1664496000,26.3,26.57,25.74,25.77,43820960.0
1664755200,26.33,27.25,26.065,26.97,44096180.0
1664841600,27.425,27.795,27.09,27.7,42427480.0
1664928000,27.365,27.84,26.89,27.64,30119960.0
1665014400,27.44,27.76,27.0,27.18,33985130.0
1665100800,26.17,26.275,25.651,25.72,57215510.0
1665360000,25.94,25.99,25.09,25.2,43409340.0
1665446400,25.01,25.48,24.69,25.04,48134930.0
1665532800,25.05,25.52,24.66,25.33,39634060.0
1665619200,24.725,26.835,24.59,26.42,62447040.0
1665705600,26.46,26.63,25.76,25.91,48185370.0
1665964800,26.31,26.75,26.1713,26.42,39416470.0
1666051200,26.74,26.955,25.54,25.87,51126850.0
1666137600,25.735,26.25,25.69,26.0,33882270.0
1666224000,26.15,26.95,25.945,26.08,33247690.0
1666310400,25.85,27.05,25.79,26.97,53058710.0
1666569600,26.75,27.48,26.52,27.18,43831590.0
1666656000,27.18,27.555,27.0,27.41,32205300.0
1666742400,27.19,27.8,26.99,27.21,37153930.0
1666828800,27.45,27.59,26.13,26.27,56305130.0
1666915200,28.175,29.2186,27.86,29.07,91695700.0
1667174400,29.08,29.18,28.05,28.43,59507740.0
1667260800,28.8,28.85,27.89,28.3,44418730.0
1667347200,28.27,28.85,27.41,27.42,51956100.0
1667433600,27.45,27.88,27.17,27.39,39678190.0
1667520000,27.57,28.235,27.41,28.2,43051930.0
1667779200,28.36,28.465,27.89,28.41,34389780.0
1667865600,28.755,28.95,27.93,28.48,36257960.0
1667952000,28.22,28.3,27.52,27.52,30544780.0
1668038400,28.88,29.83,28.645,29.76,62943920.0
1668124800,28.925,30.63,28.87,30.43,49826520.0
1668384000,30.34,30.99,30.18,30.35,39395340.0
1668470400,31.095,31.335,30.165,30.71,40933220.0
1668556800,30.11,30.23,29.44,29.53,35582750.0
1668643200,29.065,29.95,29.0,29.89,31992740.0
1668729600,30.26,30.26,29.61,29.87,27122210.0
1668988800,29.66,29.715,28.91,28.94,36086770.0
1669075200,29.135,29.86,29.0558,29.82,25584060.0
1669161600,29.73,30.08,29.49,29.67,23143870.0
1669334400,29.68,29.68,29.335,29.34,11314880.0
1669593600,29.1,29.19,28.54,28.725,28282120.0
1669680000,28.85,29.18,28.74,28.9,24361490.0
1669766400,28.77,30.08,28.22,30.07,72072530.0
1669852800,30.24,30.48,29.52,29.83,38896310.0
1669939200,29.17,29.43,28.71,29.41,31545960.0
1670198400,29.42,29.75,28.89,29.17,34040380.0
1670284800,29.19,29.31,28.3436,28.6,27701190.0
1670371200,28.28,28.55,28.15,28.33,28239930.0
1670457600,28.32,28.6,28.065,28.44,28486090.0
1670544000,28.39,28.78,28.19,28.24,25641350.0
1670803200,28.13,28.71,27.8588,28.69,35117870.0
1670889600,29.79,30.09,28.37,28.73,58546840.0
1670976000,28.51,29.12,28.01,28.26,37141080.0
1671062400,27.94,28.0,27.12,27.15,45682650.0
1671148800,27.0,27.135,26.4522,26.92,81104230.0
1671408000,26.9,26.97,26.5,26.79,37662460.0
1671494400,26.535,26.87,26.4201,26.44,31863270.0
1671580800,26.59,26.97,26.58,26.83,28100910.0
1671667200,26.45,26.452,25.35,25.97,47478310.0
1671753600,25.92,26.19,25.6835,26.09,23600920.0
1672099200,25.845,26.1,25.65,25.94,29548060.0
1672185600,25.84,26.115,25.5,25.54,26176920.0
1672272000,25.77,26.29,25.75,26.21,30944830.0
1672358400,25.902,26.46,25.8,26.43,31030090.0
1672704000,27.045,27.07,26.37,26.73,31307960.0
1672790400,27.41,27.92,27.16,27.68,37665200.0
1672876800,27.435,27.779,27.38,27.56,33552550.0
1672963200,27.93,28.83,27.38,28.73,31788630.0
1673222400,28.84,29.865,28.84,29.31,37493160.0
1673308800,29.235,29.51,28.915,29.44,23008080.0
1673395200,29.68,29.88,29.0,29.85,30375380.0
1673481600,29.98,30.38,29.47,30.29,28963880.0
1673568000,29.97,30.17,29.81,30.11,31361940.0
1673913600,30.18,30.2557,29.52,29.6,34759080.0
1674000000,29.8,29.82,28.63,28.81,44199580.0
1674086400,28.61,28.755,28.24,28.42,36886620.0
1674172800,28.42,29.23,28.25,29.22,35158500.0
1674432000,29.325,30.49,29.18,30.27,38795840.0
1674518400,29.94,30.19,29.73,29.92,24855130.0
1674604800,29.52,29.885,29.17,29.7,28268020.0
1674691200,30.06,30.11,29.33,30.09,56088080.0
1674777600,27.07,28.24,26.78,28.16,148548200.0
1675036800,27.715,28.51,27.67,27.95,55145770.0
1675123200,27.78,28.29,27.53,28.26,52621580.0
1675209600,27.89,29.43,27.68,29.07,63330570.0
1675296000,29.25,30.3,28.795,30.19,62230660.0
1675382400,29.62,31.17,29.53,30.32,57603100.0
1675641600,29.55,29.65,28.61,28.69,48726360.0
1675728000,28.65,29.27,28.43,29.05,50780780.0
1675814400,28.95,29.12,28.21,28.24,36479120.0
1675900800,28.68,28.82,27.565,27.73,43906380.0
1675987200,27.63,27.99,27.335,27.8,31232540.0
1676246400,27.87,28.55,27.715,28.55,32347470.0
1676332800,28.38,28.72,27.99,28.64,27928930.0
1676419200,28.36,28.88,28.16,28.85,23387680.0
1676505600,28.5,28.825,28.13,28.2,28972480.0
1676592000,28.0,28.07,27.38,27.61,32086220.0
1676937600,27.11,27.27,26.04,26.06,63668360.0
1677024000,25.91,26.9,25.3,25.47,89195320.0
1677110400,25.78,26.08,25.32,25.61,56473240.0
1677196800,25.22,25.35,24.92,25.14,44089880.0
1677456000,25.55,25.58,24.88,24.9,37656960.0
1677542400,24.94,25.12,24.73,24.93,50255300.0
1677628800,25.03,25.92,24.97,25.33,47823400.0
1677715200,25.211,26.3,25.12,26.2,48381070.0
1677801600,26.2,26.475,26.01,26.4,36744860.0
1678060800,26.47,26.54,25.93,25.99,37879840.0
1678147200,25.84,25.99,25.5,25.53,43164610.0
1678233600,25.56,26.01,25.45,25.98,36071930.0
1678320000,25.98,26.9773,25.97,26.44,54886080.0
1678406400,26.55,27.52,26.315,27.22,65187030.0
1678665600,26.74,27.31,26.61,26.95,50977000.0
1678752000,27.35,28.1,27.25,28.01,47689840.0
1678838400,27.73,28.495,27.66,28.41,49322840.0
1678924800,28.39,30.27,28.39,30.18,75804230.0
1679011200,29.92,31.0,29.44,29.81,80628500.0
1679270400,29.8,29.9,28.63,29.16,38780050.0
1679356800,29.0,29.165,27.975,28.46,55650830.0
1679443200,28.48,29.12,28.1,28.13,37415540.0
1679529600,28.38,29.16,28.22,29.03,43785480.0
1679616000,29.04,29.81,28.925,29.36,55931610.0
1679875200,29.37,29.73,29.08,29.18,34758160.0
1679961600,29.075,29.33,28.63,29.29,37407870.0
1680048000,29.77,31.89,29.755,31.52,85556190.0
1680134400,31.85,32.58,31.81,32.09,70077600.0
1680220800,31.8,32.9,31.73,32.67,59764990.0
1680480000,32.94,33.56,32.54,32.89,57038340.0
1680566400,32.85,33.84,32.84,33.1,55714060.0
1680652800,32.795,32.99,32.335,32.83,39615740.0
1680739200,32.6,33.0,32.46,32.81,28551920.0
1681084800,32.6,32.76,32.2,32.52,30534440.0
1681171200,32.66,33.11,32.32,32.35,27059110.0
1681257600,32.77,32.89,31.96,32.02,37070790.0
1681344000,31.82,32.43,31.65,32.13,29722340.0
1681430400,32.0,32.235,31.69,31.89,24623630.0
1681689600,31.95,32.64,31.77,32.14,29601150.0
1681776000,32.43,32.46,31.78,31.83,26041380.0
1681862400,31.1,31.52,31.08,31.15,25746570.0
1681948800,30.76,31.25,30.71,30.86,30255070.0
1682035200,30.84,30.84,30.225,30.3,28655760.0
1682294400,30.13,30.37,29.61,29.66,38732450.0
1682380800,29.44,29.57,28.87,28.88,38289870.0
1682467200,29.2,29.81,28.835,29.05,41218810.0
1682553600,28.75,29.945,28.51,29.86,60186240.0
1682640000,31.975,32.57,30.81,31.06,80252440.0
1682899200,31.11,31.24,30.28,30.3,36918530.0
1682985600,30.3,30.575,29.75,29.77,33463360.0
1683072000,30.64,31.11,30.245,30.65,45554490.0
1683158400,30.435,31.72,30.38,31.24,46104020.0
1683244800,31.38,31.41,30.73,30.99,35024560.0
1683504000,30.7,30.84,30.39,30.77,30882800.0
1683590400,30.38,30.58,29.91,30.1,30706520.0
1683676800,30.29,30.3959,29.49,29.97,40526520.0
1683763200,29.6,29.68,28.82,28.86,47144360.0
1683849600,29.025,29.1,28.72,28.95,24153820.0
1684108800,28.9,29.825,28.88,29.8,28717480.0
1684195200,29.62,29.9,29.21,29.22,22812040.0
1684281600,29.52,29.56,28.68,28.87,41667260.0
1684368000,29.0,29.76,28.87,29.68,36529190.0
1684454400,29.6,30.24,29.5,29.93,40683000.0
1684713600,29.85,30.45,29.815,30.28,28693440.0
1684800000,30.05,30.195,29.49,29.51,29400850.0
1684886400,29.31,29.49,28.82,29.0,28045840.0
1684972800,28.29,28.29,26.855,27.4,78009440.0
1685059200,27.44,29.09,27.1,29.0,71910620.0
1685404800,29.7,30.0399,28.995,29.99,54874790.0
1685491200,29.7,32.29,29.67,31.44,136243800.0
1685577600,31.8,31.94,31.02,31.13,52667370.0
1685664000,31.398,31.5899,30.825,31.31,36520960.0
1685923200,31.31,31.4,29.83,29.86,48244130.0
1686009600,29.77,31.45,29.695,30.96,42295290.0
1686096000,31.03,31.37,30.93,31.28,39097990.0
1686182400,31.43,31.85,31.06,31.82,35198950.0
1686268800,31.93,31.99,30.68,31.34,40227070.0
1686528000,31.4,33.3,31.36,33.07,59926110.0
1686614400,33.77,33.95,33.07,33.91,51990040.0
1686700800,33.87,35.6,33.8,35.58,74404290.0
1686787200,35.28,36.42,35.215,35.82,67676300.0
1686873600,36.36,36.795,35.595,36.37,110240300.0
1687219200,36.77,37.11,34.715,35.0,65970240.0
1687305600,34.915,35.05,32.83,32.9,70973520.0
1687392000,32.69,33.24,32.125,32.71,45740310.0
1687478400,32.21,33.45,32.03,33.0,46327140.0
1687737600,33.19,33.99,33.095,33.34,38952370.0
1687824000,33.22,34.23,33.01,34.1,33038920.0
1687910400,33.61,33.81,33.035,33.57,33906880.0
1687996800,33.34,33.34,32.49,32.91,38312970.0
1688083200,33.359,33.56,33.16,33.44,33811250.0
1688342400,33.54,33.89,33.14,33.62,15731660.0
1688515200,33.31,33.33,32.5,32.51,37664720.0
1688601600,31.9,32.04,31.38,31.97,41711440.0
1688688000,32.0,32.41,31.82,31.85,28356250.0
1688947200,31.87,32.83,31.77,32.74,36305660.0
1689033600,32.82,33.36,32.5,33.3,28148830.0
1689120000,33.69,34.08,33.06,33.98,37762220.0
1689206400,34.15,34.3,33.62,33.87,32745750.0
1689292800,33.78,33.87,33.0,33.15,30438660.0
1689552000,33.16,34.6,33.07,34.37,34111170.0
1689638400,34.28,34.7,33.83,34.5,29679510.0
1689724800,34.4,34.835,34.33,34.46,26486680.0
1689811200,33.704,34.205,33.23,33.37,37878000.0
1689897600,33.725,34.25,33.42,34.02,79736960.0
1690156800,33.84,34.46,33.56,33.63,25283780.0
1690243200,33.7,34.34,33.4,34.1,31771090.0
1690329600,33.72,34.525,33.7,34.36,32643240.0
1690416000,34.82,35.03,34.11,34.55,58890820.0
1690502400,36.75,36.99,35.51,36.83,90863010.0
1690761600,36.87,37.19,35.675,35.77,55630700.0
1690848000,35.82,36.02,35.28,35.8,24743390.0
1690934400,35.15,35.18,34.281,34.39,39051970.0
1691020800,34.29,35.03,34.13,34.87,24864380.0
1691107200,34.48,35.56,34.48,35.14,26674900.0
1691366400,35.41,35.55,34.75,35.23,22486870.0
1691452800,34.67,35.1,33.86,35.02,34753600.0
1691539200,35.0,35.0999,34.23,34.28,28720160.0
1691625600,34.7,35.09,34.48,34.68,30957300.0
1691712000,34.46,34.945,34.36,34.89,28783730.0
1691971200,34.67,35.71,34.47,35.68,36896060.0
1692057600,35.41,35.625,34.75,34.77,27420310.0
1692144000,34.52,34.63,33.46,33.53,35757250.0
1692230400,33.56,33.59,32.35,32.58,39906740.0
1692316800,32.23,32.91,32.18,32.75,23701060.0
1692576000,32.6,33.17,32.02,33.14,43718250.0
1692662400,33.22,33.8,32.83,32.89,23434190.0
1692748800,32.88,34.15,32.8,33.98,32324310.0
1692835200,33.72,34.09,32.49,32.59,37930960.0
1692921600,32.53,33.395,32.35,33.25,27324810.0
1693180800,33.5,33.78,33.21,33.62,22341780.0
1693267200,33.49,34.48,33.47,34.31,29943630.0
1693353600,34.06,34.66,33.775,34.53,26279160.0
1693440000,34.32,35.56,34.3,35.14,48157580.0
1693526400,35.79,36.75,35.73,36.61,43808480.0
1693872000,36.58,37.41,36.46,36.71,43379360.0
1693958400,36.56,37.04,36.03,36.98,39643390.0
1694044800,36.83,38.34,36.7502,38.18,67659680.0
1694131200,38.12,38.83,37.7125,38.01,44265050.0
1694390400,38.24,38.74,37.84,38.59,36349290.0
1694476800,38.65,40.0681,38.65,38.86,55326560.0
1694563200,38.8,39.1499,38.25,38.71,35407780.0
1694649600,38.81,38.9,38.295,38.67,30616490.0
1694736000,38.42,38.52,37.62,37.88,68881240.0
1694995200,37.62,38.39,37.51,37.99,29322150.0
1695081600,38.04,38.1,36.02,36.34,53288070.0
1695168000,36.22,36.25,34.63,34.69,57660830.0
1695254400,34.57,35.25,34.46,34.65,45240630.0
1695340800,34.81,34.885,34.14,34.18,29241610.0
1695600000,34.0,34.37,33.765,34.29,21729420.0
1695686400,34.14,34.78,33.64,33.83,34198290.0
1695772800,33.92,34.825,33.88,34.61,44369070.0
1695859200,34.65,35.6564,34.38,35.18,32265280.0
1695945600,35.648,35.91,35.155,35.55,28763710.0
1696204800,35.61,35.975,34.98,35.46,26086160.0
1696291200,35.265,36.54,35.265,35.69,45292630.0
1696377600,36.52,36.52,35.325,35.93,39842200.0
1696464000,35.97,36.1,35.6,35.89,25771230.0
1696550400,35.87,36.46,35.18,36.19,33262160.0
1696809600,35.7,36.17,35.5,36.06,19376140.0
1696896000,36.14,36.74,35.805,36.43,24044100.0
1696982400,36.62,37.03,36.38,36.88,19262600.0
1697068800,36.8,37.22,36.39,36.84,23639230.0
1697155200,36.74,36.79,35.86,35.97,28408440.0
1697414400,36.14,36.94,36.08,36.56,29555780.0
1697500800,35.92,36.35,35.07,36.06,24993560.0
1697587200,35.524,36.02,35.45,35.64,22085950.0
1697673600,35.96,36.36,35.52,35.67,29201850.0
1697760000,35.65,36.28,34.87,34.92,32303330.0
1698019200,34.6,35.19,33.39,33.85,53924660.0
1698105600,33.64,34.71,33.64,34.59,52673860.0
1698192000,34.18,34.45,32.55,32.83,44658460.0
1698278400,32.89,33.22,32.145,32.52,59142510.0
1698364800,34.66,36.38,34.6,35.54,84128210.0
1698624000,35.465,35.96,34.92,35.69,36656270.0
1698710400,35.66,36.57,35.62,36.5,41185210.0
1698796800,36.5,37.315,36.28,37.29,41710710.0
1698883200,37.58,37.82,36.91,37.7,35439960.0
1698969600,38.0,38.32,37.665,38.14,30502740.0
1699228800,38.02,38.2,37.855,37.95,23877200.0
1699315200,38.24,38.9,37.98,38.77,32052040.0
1699401600,38.85,38.89,37.7492,37.92,33483360.0
1699488000,38.05,38.515,37.77,37.8,48955770.0
1699574400,38.24,38.99,38.24,38.86,38871280.0
1699833600,38.35,38.565,38.14,38.23,24558260.0
1699920000,38.8,39.49,38.07,39.41,45457360.0
1700006400,39.585,40.84,39.58,40.61,47392140.0
1700092800,41.0,43.395,40.82,43.35,86405690.0
1700179200,42.91,43.81,42.56,43.81,49749720.0
1700438400,43.78,44.93,43.78,44.74,44596400.0
1700524800,44.5,44.6612,43.3,43.64,37252060.0
1700611200,44.03,44.63,43.54,43.67,31490550.0
1700784000,43.68,44.0,43.61,43.96,13037110.0
1701043200,43.65,44.545,43.65,44.08,33339940.0
1701129600,43.69,44.3827,43.66,44.23,24548870.0
1701216000,44.6,45.34,44.6,44.94,38982030.0
1701302400,44.65,45.09,44.41,44.7,46262970.0
1701388800,44.36,44.36,42.86,43.74,43928370.0
1701648000,43.3,43.31,41.685,42.35,50417590.0
1701734400,41.91,42.29,41.61,41.92,31859320.0
1701820800,42.48,42.59,41.17,41.27,31992260.0
1701907200,41.75,42.435,41.1801,42.15,29118700.0
1701993600,41.84,42.955,41.81,42.7,42814960.0
1702252800,43.16,44.73,43.08,44.54,48288160.0
1702339200,44.36,44.44,43.63,44.04,31452160.0
1702425600,44.08,44.72,43.33,44.57,35216050.0
1702512000,45.01,47.07,44.65,45.18,70620770.0
1702598400,45.94,47.27,45.67,46.16,84583410.0
1702857600,46.15,46.23,45.4,45.69,27895650.0
1702944000,45.6,46.68,45.51,46.66,35358770.0
1703030400,46.64,46.95,45.7,45.76,38159140.0
1703116800,46.48,47.12,46.02,47.08,28320460.0
1703203200,47.25,48.1557,47.2,48.0,30095730.0
1703548800,48.92,50.515,48.71,50.5,60287410.0
1703635200,50.63,51.28,50.19,50.76,52148040.0
1703721600,50.81,50.87,50.16,50.39,27705230.0
1703808000,50.3,50.5699,49.77,50.25,29288710.0
1704153600,49.2,49.38,47.4527,47.8,45905730.0
1704240000,47.1,47.81,46.8,47.05,35858430.0
1704326400,45.715,47.16,45.24,46.87,47797810.0
1704412800,47.03,47.83,46.635,46.89,34344030.0
1704672000,47.07,48.76,46.97,48.45,42135130.0
1704758400,48.01,48.56,47.795,48.05,30097010.0
1704844800,48.24,48.3,46.94,47.47,31480190.0
1704931200,47.44,47.84,46.73,47.64,31707880.0
1705017600,47.6,47.67,46.61,47.12,27587900.0
1705363200,46.98,47.22,46.38,47.06,43720670.0
1705449600,46.4151,46.4151,45.65,46.06,33488020.0
1705536000,47.03,47.57,46.17,46.74,46681350.0
1705622400,47.0,48.76,46.44,48.15,55979800.0
1705881600,48.85,49.17,47.64,48.22,45639520.0
1705968000,48.12,48.94,47.32,48.89,37224140.0
1706054400,49.17,49.77,48.265,49.09,49375830.0
1706140800,50.0,50.3,48.97,49.55,84845090.0
1706227200,44.18,45.41,43.35,43.65,127665300.0
1706486400,43.71,43.99,42.81,43.84,51790860.0
1706572800,43.67,43.82,42.89,42.92,47958760.0
1706659200,42.57,43.785,42.36,43.08,51584250.0
1706745600,43.15,43.57,42.485,43.36,38819860.0
1706832000,43.0,43.14,41.6,42.6,53683500.0
1707091200,42.62,43.15,42.425,42.77,28890260.0
1707177600,42.7,42.78,42.14,42.74,34068220.0
1707264000,42.89,43.095,42.55,42.78,34269250.0
1707350400,42.72,42.97,42.33,42.5,33206470.0
1707436800,42.55,43.52,42.395,43.31,51192960.0
1707696000,43.39,45.04,43.32,44.03,51107350.0
1707782400,43.0,43.63,42.76,43.16,36622230.0
1707868800,43.82,44.29,43.39,44.19,36186230.0
1707955200,44.755,45.27,44.02,44.05,44024510.0
1708041600,44.03,44.2199,43.12,43.51,29975300.0
1708387200,44.26,45.17,43.42,44.52,61514140.0
1708473600,44.48,44.69,43.08,43.47,57714970.0
1708560000,44.68,44.68,42.53,42.98,62809320.0
1708646400,43.125,43.51,42.66,42.99,33810710.0
1708905600,43.5,43.68,42.82,42.99,27035380.0
1708992000,43.25,43.265,42.51,42.73,25126370.0
1709078400,42.44,42.45,41.91,41.99,26928470.0
1709164800,42.37,43.15,42.3551,43.05,48875120.0
1709251200,43.41,44.2698,43.13,43.82,41426070.0
1709510400,44.27,46.61,43.85,45.61,59990810.0
1709596800,44.56,44.8675,42.69,43.16,56655140.0
1709683200,43.93,45.505,43.555,44.51,52652050.0
1709769600,45.55,46.4199,45.18,46.15,50378150.0
1709856000,46.44,46.6277,44.0,44.0,54916600.0
1710115200,43.87,44.93,43.66,44.86,35050990.0
1710201600,45.06,45.265,44.46,45.24,31795830.0
1710288000,44.51,44.98,43.2,43.23,53195930.0
1710374400,43.23,43.35,42.51,42.75,38100020.0
1710460800,42.45,43.15,42.35,42.64,66952860.0
1710720000,43.09,43.38,42.595,42.71,27668280.0
1710806400,42.25,42.29,41.44,42.05,34672950.0
1710892800,42.99,43.01,41.41,42.2,74864990.0
1710979200,42.99,43.6,42.32,42.42,50807590.0
1711065600,42.25,42.8,42.09,42.57,28503060.0
1711324800,40.89,42.215,40.57,41.83,47276530.0
1711411200,41.95,42.265,41.655,41.99,39109650.0
1711497600,42.54,43.83,42.5,43.77,51017830.0
1711584000,43.76,44.6,43.71,44.17,54204190.0
1711929600,44.29,45.41,44.18,44.52,31712590.0
1712016000,43.925,44.08,43.5,43.94,32748360.0
1712102400,41.4,41.65,40.22,40.33,83717980.0
1712188800,40.59,40.7798,39.7,39.73,57307230.0
1712275200,39.35,39.46,38.51,38.71,67263040.0
1712534400,38.64,38.86,37.91,37.98,56967790.0
1712620800,38.05,38.58,37.325,38.33,78782980.0
1712707200,38.02,38.2211,37.02,37.2,51108380.0
1712793600,37.43,37.67,37.08,37.63,41909090.0
1712880000,36.69,36.7,35.605,35.69,80254790.0
1713139200,36.04,36.7,35.89,36.31,50751560.0
1713225600,36.27,36.51,35.764,36.26,30607500.0
1713312000,36.1,36.1297,35.37,35.68,41173350.0
1713398400,35.42,35.66,34.77,35.04,42334400.0
1713484800,35.13,35.13,34.18,34.2,59070310.0
1713744000,34.415,34.57,34.075,34.41,39909930.0
1713830400,34.335,34.6,34.18,34.28,46834040.0
1713916800,34.86,35.18,34.34,34.5,53261100.0
1714003200,34.56,35.295,34.5,35.11,66549400.0
1714089600,31.78,32.24,30.64,31.88,119742500.0
1714348800,31.86,31.91,31.07,31.36,58533260.0
1714435200,31.04,31.175,30.42,30.47,72346360.0
1714521600,30.17,31.035,30.02,30.37,60654760.0
1714608000,30.59,30.67,30.19,30.51,50899440.0
1714694400,30.98,31.055,30.7,30.9,36794830.0
1714953600,31.115,31.2,30.73,30.97,36185570.0
1715040000,31.09,31.45,30.61,30.68,44683400.0
1715126400,30.0,30.15,29.73,30.0,63734600.0
1715212800,29.93,30.385,29.805,30.09,45003400.0
1715299200,30.33,30.455,29.84,29.85,42931290.0
1715558400,30.03,31.13,30.0,30.51,51459140.0
1715644800,30.62,31.11,30.61,31.05,47759860.0
1715731200,31.38,31.4,30.81,31.27,36992930.0
1715817600,31.63,32.26,31.52,32.03,47752830.0
1715904000,32.06,32.11,31.59,31.83,41449780.0
1716163200,31.85,32.42,31.76,32.1,31989000.0
1716249600,31.98,32.24,31.62,31.74,42975360.0
1716336000,31.91,32.066,31.095,31.42,36706440.0
1716422400,31.445,31.57,29.87,30.08,62014550.0
1716508800,30.29,31.02,30.1301,30.72,42434490.0
1716854400,30.94,31.3695,30.655,31.06,36799150.0
1716940800,30.465,30.67,30.105,30.13,35848610.0
1717027200,30.21,30.5,30.06,30.19,33382760.0
1717113600,30.22,30.96,29.94,30.85,95797530.0
1717372800,31.03,31.065,30.05,30.29,35544900.0
1717459200,30.75,30.75,29.94,30.03,51027180.0
1717545600,30.269,30.835,30.01,30.78,44161660.0
1717632000,30.552,30.59,30.16,30.42,34248120.0
1717718400,30.25,30.78,30.205,30.74,34085530.0
1717977600,30.55,30.95,30.285,30.91,37445810.0
1718064000,30.77,31.03,30.53,30.92,25326850.0
1718150400,31.455,31.48,30.3899,30.76,51323940.0
1718236800,30.38,30.58,30.14,30.46,33787160.0
1718323200,30.285,30.56,30.21,30.45,28125890.0
1718582400,30.34,31.0,30.18,30.98,36235320.0
1718668800,30.99,31.47,30.5,30.63,33294750.0
1718841600,30.555,31.11,30.45,30.62,43826320.0
1718928000,30.85,31.36,30.6701,31.09,92549020.0
1719187200,31.14,31.42,30.53,30.57,40611790.0
1719273600,30.7,30.83,30.2901,30.74,29498580.0
1719360000,30.64,30.68,30.2731,30.54,30742980.0
1719446400,30.42,30.6582,30.285,30.59,30184280.0
1719532800,30.75,31.31,30.72,30.97,41467680.0
1719792000,30.91,31.02,30.61,30.84,32401760.0
1719878400,30.855,31.31,30.585,31.07,35999280.0
1719964800,31.12,31.34,30.91,31.23,24065670.0
1720137600,31.4,32.34,31.3114,32.02,45309450.0
1720396800,33.03,34.09,32.82,33.99,82315940.0
1720483200,35.015,35.22,33.72,34.59,97788840.0
1720569600,34.44,34.97,34.13,34.87,52256200.0
1720656000,35.031,35.15,33.31,33.5,55213670.0
1720742400,33.77,35.475,33.77,34.49,62792650.0
1721001600,34.7,35.225,34.31,34.46,39847920.0
1721088000,34.36,34.45,33.835,34.34,28409910.0
1721174400,36.08,37.16,34.4,34.46,112304200.0
1721260800,34.96,36.3,34.53,34.87,84188610.0
1721347200,34.565,34.58,32.85,32.98,69628650.0
1721606400,33.28,33.41,32.76,33.37,48503750.0
1721692800,32.96,33.23,32.83,32.95,29466370.0
1721779200,32.535,32.8,31.66,31.7,62216670.0
1721865600,31.372,31.985,30.95,31.1,49774030.0
1721952000,31.43,31.56,31.02,31.35,38352540.0
1722211200,31.42,31.47,30.79,30.83,32342200.0
1722297600,30.845,30.91,30.005,30.13,48256630.0
1722384000,30.54,30.87,30.28,30.74,56110610.0
1722470400,30.43,30.71,28.89,29.05,107672500.0
1722556800,21.94,21.98,20.42,21.48,300895900.0
1722816000,20.2,20.385,19.2934,20.11,147385700.0
1722902400,20.32,20.63,19.75,19.83,106670400.0
1722988800,19.92,20.25,18.95,18.99,97972290.0
1723075200,19.1,20.55,18.84,20.49,96836820.0
1723161600,20.08,20.15,19.5,19.71,76394550.0
1723420800,19.87,19.97,19.0,19.36,54677580.0
1723507200,19.48,20.48,19.47,20.47,77511350.0
1723593600,20.485,20.5,19.785,19.92,56758180.0
1723680000,20.32,21.06,20.23,20.69,84814880.0
1723766400,20.53,20.895,20.4101,20.87,48582660.0
1724025600,20.885,21.86,20.835,21.52,65956300.0
1724112000,21.21,21.23,20.82,20.99,84161270.0
1724198400,21.072,21.44,21.07,21.41,57028870.0
1724284800,21.39,21.4,20.04,20.1,81444670.0
1724371200,20.32,20.93,20.26,20.54,73398430.0
1724630400,20.53,20.56,19.95,20.13,58534790.0
1724716800,20.13,20.26,19.84,20.07,43862020.0
1724803200,19.98,20.105,19.51,19.61,50144890.0
1724889600,19.76,20.6,19.75,20.13,64529660.0
1724976000,21.25,22.12,21.0,22.04,177785400.0
1725321600,21.54,21.69,19.99,20.1,115305500.0
1725408000,19.76,20.045,19.28,19.43,85871890.0
1725494400,19.28,19.9,19.24,19.4,65388790.0
1725580800,19.44,19.49,18.64,18.89,92686460.0
1725840000,19.0,19.54,18.95,19.07,64244130.0
1725926400,19.03,19.11,18.51,18.98,55621270.0
1726012800,19.01,19.69,18.52,19.64,71403140.0
1726099200,19.43,19.54,19.04,19.36,51602920.0
1726185600,19.49,19.8,19.49,19.66,44236270.0
1726444800,20.03,21.0699,19.76,20.91,149337000.0
1726531200,21.71,22.58,21.24,21.47,196249800.0
1726617600,21.36,21.74,20.715,20.77,118727900.0
1726704000,21.28,21.69,21.03,21.14,99829170.0
1726790400,20.89,23.14,20.35,21.84,260377900.0
1727049600,22.43,22.82,22.03,22.56,184439100.0
1727136000,22.53,23.105,22.285,22.81,113082500.0
1727222400,22.8,24.055,22.73,23.54,117013400.0
1727308800,24.28,24.42,23.25,23.92,95416940.0
1727395200,24.16,24.66,23.7034,23.91,85883280.0
1727654400,23.74,23.95,23.09,23.46,66460230.0
1727740800,23.46,23.72,22.255,22.69,86344360.0
1727827200,22.67,23.0668,22.35,22.39,59033900.0
1727913600,22.14,22.73,21.65,22.26,49565930.0
1728000000,22.7,22.91,22.3,22.59,49966930.0
1728259200,22.4,22.65,22.0209,22.38,54928670.0
1728345600,22.25,23.42,22.045,23.32,58650460.0
1728432000,23.25,23.48,23.06,23.46,44759020.0
1728518400,23.19,23.53,22.96,23.22,44874580.0
1728604800,23.05,23.82,22.98,23.56,43585250.0
1728864000,23.58,23.77,23.2701,23.44,35403650.0
1728950400,23.41,23.72,22.47,22.66,68900560.0
1729036800,22.38,22.54,21.74,22.31,62151770.0
1729123200,22.72,22.82,22.4,22.44,43807580.0
1729209600,22.61,22.82,22.5,22.77,39971700.0
1729468800,22.61,22.88,22.25,22.84,39726990.0
1729555200,22.73,22.82,22.17,22.4,50160380.0
1729641600,22.3,22.425,21.575,21.98,45799050.0
1729728000,22.09,22.365,21.97,22.34,40554420.0
1729814400,22.42,23.3399,22.41,22.68,67502980.0
1730073600,22.67,23.27,22.56,22.92,41914970.0
1730160000,22.87,23.14,22.41,22.9,83422240.0
1730246400,22.415,22.93,22.26,22.3,50941230.0
1730332800,22.15,22.25,21.47,21.52,112485500.0
1730419200,23.0,23.58,21.91,23.2,173471100.0
1730678400,22.96,23.0,22.0,22.52,84616300.0
1730764800,22.58,23.58,22.4,23.32,59153330.0
1730851200,24.3,25.12,24.05,25.05,116760500.0
1730937600,25.43,26.3799,25.19,26.23,101489300.0
1731024000,26.0,26.43,25.83,26.2,76427980.0
1731283200,25.96,26.2863,24.83,25.05,80185320.0
1731369600,24.66,24.96,23.89,24.16,62539730.0
1731456000,24.06,25.14,24.02,24.92,58201970.0
1731542400,25.12,25.61,24.9346,25.03,49252120.0
1731628800,24.81,24.82,24.23,24.35,55104880.0
1731888000,24.33,25.02,24.16,24.84,59667330.0
1731974400,24.5,24.54,24.095,24.2,61190860.0
1732060800,24.07,24.21,23.55,24.01,50191510.0
1732147200,24.08,24.77,23.83,24.44,58928410.0
1732233600,24.35,24.68,24.14,24.5,36784720.0
1732492800,25.04,25.565,24.76,24.87,91128390.0
1732579200,24.95,24.985,23.81,24.05,69613560.0
1732665600,23.83,23.93,23.06,23.65,53992320.0
1732838400,23.72,24.28,23.6,24.05,36616750.0
1733097600,24.84,25.48,23.44,23.93,150497900.0
1733184000,23.68,23.75,22.44,22.47,138160500.0
1733270400,22.53,22.54,21.81,21.96,104649000.0
1733356800,22.04,22.19,20.66,20.8,167993500.0
1733443200,20.95,21.05,20.66,20.92,78539130.0
1733702400,20.92,21.06,20.73,20.81,68818220.0
1733788800,20.83,20.86,19.96,20.16,90004830.0
1733875200,20.14,20.25,19.87,20.12,75209340.0
1733961600,20.02,20.9,19.92,20.78,77695010.0
1734048000,20.6,20.8,20.25,20.34,55104080.0
1734307200,20.17,21.1,20.0,20.83,73832890.0
1734393600,20.64,20.77,20.2925,20.44,51767150.0
1734480000,20.48,20.58,19.21,19.3,86041240.0
1734566400,19.53,19.69,19.03,19.06,69117810.0
1734652800,18.97,19.76,18.9,19.52,108453700.0
1734912000,19.58,20.23,19.52,20.2,57988380.0
1734998400,20.22,20.4,19.96,20.4,29884030.0
1735171200,20.23,20.665,20.08,20.44,39950380.0
1735257600,20.21,20.605,20.09,20.3,48260830.0
1735516800,20.01,20.115,19.73,19.82,59608130.0
1735603200,19.99,20.4,19.88,20.05,49846660.0
1735776000,20.23,20.43,20.0,20.22,46438530.0
1735862400,20.39,20.665,20.06,20.56,48983940.0
1736121600,20.83,20.98,19.78,19.87,83270990.0
1736208000,20.02,20.34,19.9,20.01,61726060.0
1736294400,19.825,20.12,19.71,19.88,47897070.0
1736467200,19.66,19.66,18.91,19.15,71244580.0
1736726400,18.92,19.249,18.73,19.2,50668970.0
1736812800,19.36,19.52,18.82,19.2,47147530.0
1736899200,19.4,19.77,19.171,19.72,56305990.0
1736985600,19.75,19.95,19.4,19.67,44898060.0
1737072000,21.26,21.62,20.79,21.49,166483900.0
1737417600,22.03,22.41,21.75,21.77,96262180.0
1737504000,21.725,22.285,21.57,21.86,60972580.0
1737590400,21.69,21.75,21.35,21.57,55778160.0
1737676800,21.36,21.41,20.75,20.83,66300610.0
1737936000,20.81,21.06,20.14,20.29,83582100.0
1738022400,20.34,20.342,19.74,19.8,73411390.0
1738108800,19.87,20.08,19.66,19.75,86506820.0
1738195200,19.72,20.1,19.43,20.01,108167000.0
1738281600,20.1,20.33,19.38,19.43,117474900.0
1738540800,18.97,19.75,18.78,19.38,77523140.0
1738627200,19.1,19.53,19.02,19.29,54098200.0
1738713600,19.19,19.77,18.91,19.65,66250250.0
1738800000,19.51,19.7,19.22,19.38,45553770.0
1738886400,19.35,19.36,19.03,19.1,58277920.0
1739145600,19.25,20.08,19.24,19.77,73007270.0
1739232000,19.87,21.88,19.8618,20.97,150960700.0
1739318400,21.98,22.56,20.93,22.48,162631200.0
1739404800,22.84,24.83,22.79,24.13,248661300.0
1739491200,24.36,25.19,22.86,23.6,230254100.0
1739836800,24.6,27.55,24.49,27.39,284292200.0
1739923200,25.98,26.33,25.46,25.72,151881700.0
1740009600,25.56,26.12,24.48,26.09,144939600.0
1740096000,25.96,26.29,24.84,24.87,111630900.0
1740355200,24.55,24.8,23.62,24.27,91358070.0
1740441600,24.21,24.28,22.7701,22.99,88886470.0
1740528000,23.245,23.82,23.21,23.52,67449300.0
1740614400,23.7,24.4,23.07,23.09,97871950.0
1740700800,23.02,24.44,22.64,23.73,104133800.0
1740960000,25.0,25.04,22.52,22.74,141348700.0
1741046400,22.54,22.63,20.76,21.33,152182200.0
1741132800,21.33,21.36,20.18,20.81,127219300.0
1741219200,20.26,21.13,20.0,20.75,96466380.0
1741305600,20.27,21.2,20.11,20.64,81099650.0
1741564800,20.24,20.51,19.65,19.93,82760580.0
1741651200,19.965,20.06,19.29,19.78,80788990.0
1741737600,20.79,21.17,20.21,20.68,128671100.0
1741824000,23.5,24.53,23.13,23.7,243261000.0
1741910400,23.675,24.37,23.52,24.05,116901600.0
1742169600,24.42,26.145,24.37,25.69,160723600.0
1742256000,25.55,26.41,25.39,25.92,132488800.0
1742342400,24.9,25.2299,24.03,24.12,135491400.0
1742428800,23.77,24.31,23.73,23.96,68937580.0
1742515200,23.6,24.7,23.49,24.26,94110710.0
1742774400,24.715,24.99,24.13,24.22,69169030.0
1742860800,24.175,24.75,24.11,24.2,51743280.0
1742947200,24.25,24.4194,23.25,23.42,59678010.0
1743033600,23.285,23.76,22.855,23.62,57720580.0
1743120000,23.35,23.58,22.56,22.71,58365260.0
1743379200,22.38,22.745,21.75,22.71,65832020.0
1743465600,22.56,22.62,21.66,22.05,64060360.0
1743552000,21.89,22.38,21.7,21.98,58878850.0
1743638400,21.4,23.9,20.86,22.43,242972100.0
1743724800,21.7,22.2,19.7,19.85,175014700.0
1743984000,19.14,20.67,18.56,19.57,142491200.0
1744070400,20.06,20.39,17.665,18.13,163982700.0
1744156800,18.07,21.73,17.975,21.53,224183500.0
1744243200,20.675,20.82,19.16,19.88,129064900.0
1744329600,19.245,19.795,18.175,19.74,128425800.0
1744588800,20.59,21.05,19.9801,20.31,101964400.0
1744675200,20.2,20.47,19.81,19.85,64056900.0
1744761600,19.34,19.43,18.72,19.23,89469700.0
1744848000,18.91,19.1,18.56,18.93,85646670.0
1745193600,18.93,18.985,18.25,18.84,72409950.0
1745280000,19.055,19.735,19.04,19.51,83365630.0
1745366400,20.715,21.03,20.31,20.59,97188100.0
1745452800,21.035,21.55,20.88,21.49,117086200.0
1745539200,19.73,20.18,19.34,20.05,147711200.0
1745798400,20.12,21.08,20.05,20.51,96624420.0
1745884800,20.31,20.845,20.22,20.34,70031860.0
1745971200,19.71,20.18,19.55,20.1,68297320.0
1746057600,20.215,20.65,19.94,19.98,72607510.0
1746144000,20.26,20.78,20.21,20.62,63298510.0
1746403200,20.39,20.58,20.235,20.27,44236980.0
1746489600,19.92,20.12,19.77,19.94,51330770.0
1746576000,19.97,20.37,19.82,20.31,61134290.0
1746662400,21.01,21.24,20.64,21.0,71651700.0
1746748800,21.2,21.45,20.83,21.42,51768570.0
1747008000,22.18,22.67,21.88,22.18,94578690.0
1747094400,22.355,22.88,22.3,22.56,76850390.0
1747180800,22.35,22.46,21.46,21.52,91584830.0
1747267200,21.23,21.63,21.185,21.55,66705460.0
1747353600,21.53,21.76,21.35,21.66,55795140.0
1747612800,21.18,21.56,21.05,21.38,64279080.0
1747699200,21.325,21.41,21.12,21.27,48497380.0
1747785600,21.19,21.6292,20.59,20.69,62904700.0
1747872000,20.73,20.9,20.51,20.55,56077470.0
1747958400,20.16,20.27,19.94,20.05,68206060.0
1748304000,20.44,20.67,20.18,20.55,69504560.0
1748390400,20.57,20.64,20.33,20.37,46096480.0
1748476800,20.54,20.595,20.1,20.25,66485210.0
1748563200,20.26,20.26,19.31,19.55,114281900.0
1748822400,19.482,19.82,19.3745,19.74,67885470.0
1748908800,19.75,20.4099,19.4,20.29,80401870.0
1748995200,20.34,20.5,20.01,20.25,71166550.0
1749081600,20.27,20.55,19.85,19.99,72595610.0
1749168000,20.17,20.44,20.03,20.06,70072850.0
1749427200,20.22,20.96,20.22,20.48,92893900.0
1749513600,20.5,22.44,20.28,22.08,171457000.0
1749600000,21.78,21.83,20.38,20.68,146784500.0
1749686400,20.5,20.98,20.41,20.77,78175910.0
1749772800,20.33,20.6,20.1,20.14,87655890.0
1750032000,20.41,20.93,20.3,20.74,86745120.0
1750118400,20.63,21.48,20.62,20.8,87512160.0
1750204800,20.805,21.6,20.66,21.49,94200570.0
1750377600,21.7,21.885,20.88,21.08,133472800.0
1750636800,21.065,21.58,20.73,21.19,81460980.0
1750723200,21.34,22.69,21.325,22.55,130368700.0
1750809600,22.575,22.77,22.125,22.2,64975120.0
1750896000,22.4,22.6201,22.21,22.5,63229340.0
1750982400,22.71,23.38,22.42,22.69,95542380.0
1751241600,22.97,22.97,22.265,22.4,77102420.0
1751328000,22.325,23.155,22.2831,22.85,79094910.0
1751414400,22.525,22.77,21.52,21.88,138245300.0
1751500800,22.15,22.63,21.99,22.49,61175950.0
1751846400,22.205,22.39,21.86,22.0,80725240.0
1751932800,22.18,23.785,22.1323,23.59,119545500.0
1752019200,23.29,23.53,23.13,23.44,70247740.0
1752105600,23.63,24.04,23.48,23.82,54599840.0
1752192000,23.56,23.66,23.16,23.43,49367910.0
1752451200,23.24,23.4,22.88,23.3,48420520.0
1752537600,23.57,23.78,22.9,22.92,66099350.0
1752624000,22.99,23.13,22.25,22.69,58865890.0
1752710400,22.66,23.045,22.5902,22.8,49384040.0
1752796800,23.22,23.59,22.9,23.1,60195600.0
1753056000,23.4,23.83,23.16,23.26,61657990.0
1753142400,23.34,23.535,23.08,23.24,53969850.0
1753228800,23.255,23.62,22.92,23.49,68711720.0
1753315200,23.49,23.575,22.6,22.63,131963300.0
1753401600,20.675,21.045,20.36,20.7,245077700.0
1753660800,20.82,21.29,20.65,20.68,86105580.0
1753747200,20.69,20.845,20.34,20.41,100831500.0
1753833600,20.43,20.6199,20.08,20.34,67420330.0
1753920000,20.17,20.2288,19.66,19.8,90665200.0
1754006400,19.5,19.55,18.965,19.31,86496140.0
1754265600,19.515,19.59,19.35,19.5,69249370.0
1754352000,19.7,20.535,19.68,20.19,97338250.0
1754438400,20.12,20.48,19.87,20.41,67074220.0
1754524800,20.0,20.44,19.6,19.77,131382800.0
1754611200,20.0,20.02,19.61,19.95,75415020.0
1754870400,20.445,21.6,20.44,20.65,175545600.0
1754956800,21.2,21.86,20.76,21.81,134488200.0
1755043200,21.62,22.3,21.36,22.22,86024360.0
1755129600,21.99,24.2,21.9,23.86,188052500.0
1755216000,25.01,25.645,24.11,24.56,310161100.0
1755475200,24.0,24.9,23.21,23.66,212515600.0
1755561600,24.94,26.53,24.94,25.31,297659200.0
1755648000,24.9,24.933,23.3302,23.54,161149400.0
1755734400,23.525,23.57,22.775,23.5,97718290.0
1755820800,23.65,25.23,23.65,24.8,200266800.0
1756080000,25.5,25.88,24.44,24.55,156825600.0
1756166400,24.58,24.735,24.1,24.35,78558230.0
1756252800,24.19,24.99,24.05,24.85,90934420.0
1756339200,24.96,25.14,24.61,24.93,60035090.0
1756425600,24.76,24.97,24.28,24.35,63734420.0
1756771200,23.88,24.24,23.68,24.21,57661840.0
1756857600,24.09,24.0905,23.72,24.0,47822870.0
1756944000,23.85,24.64,23.75,24.61,59056500.0
1757030400,24.6,24.71,24.1701,24.49,55975270.0
1757289600,24.48,24.735,24.12,24.48,51122140.0
1757376000,24.53,24.805,24.27,24.44,42146180.0
1757462400,24.415,24.87,24.28,24.77,61600710.0
1757548800,24.76,24.93,24.57,24.61,55536920.0
1757635200,24.61,24.63,24.05,24.08,52672820.0
1757894400,24.33,25.46,24.2201,24.77,83951620.0
1757980800,24.82,25.34,24.69,25.27,60336570.0
1758067200,25.075,25.26,24.45,24.9,63093680.0
1758153600,31.78,32.3771,30.16,30.57,523908000.0
1758240000,30.38,30.63,29.33,29.58,225702900.0
1758499200,29.67,30.1,28.73,28.76,130314500.0
1758585600,28.99,30.2,28.815,29.34,126317900.0
1758672000,29.38,31.7,29.23,31.22,164458500.0
1758758400,31.61,34.25,31.21,33.99,295709300.0
1758844800,35.015,36.3,34.49,35.5,268583300.0
1759104000,34.52,35.05,33.73,34.48,152605900.0
1759190400,33.93,34.235,33.02,33.55,124818400.0
1759276800,33.53,36.06,33.5,35.94,162649700.0
1759363200,35.76,37.57,35.44,37.3,149361700.0
1759449600,37.95,38.08,36.45,36.83,125359300.0
1759708800,37.19,38.68,36.43,36.59,112086100.0
1759795200,36.64,38.0468,36.3501,37.17,111140200.0
1759881600,36.545,37.79,35.9102,37.43,103202100.0
1759968000,37.53,38.1,36.86,37.8,89884660.0
1760054400,38.46,39.65,36.3,36.37,183063300.0
1760313600,36.44,37.51,36.28,37.22,104020700.0
1760400000,36.0,36.545,34.69,35.63,117908300.0
1760486400,36.4,37.485,35.64,37.15,99242710.0
1760572800,37.15,38.02,36.41,36.84,83357850.0
1760659200,36.36,38.38,36.08,37.01,119394700.0
1760918400,37.57,38.5198,37.56,38.1,80230230.0
1761004800,38.14,38.35,37.67,38.12,73134910.0
1761091200,37.835,37.93,36.0401,36.92,87099910.0
1761177600,36.6,38.4,36.4301,38.16,121974200.0
1761264000,40.02,41.12,37.83,38.28,246380000.0
1761523200,38.39,40.67,38.23,39.54,160007600.0
1761609600,39.59,42.48,39.54,41.53,181256400.0
1761696000,41.6,42.04,40.92,41.34,106962900.0
1761782400,40.97,41.43,40.11,40.16,84855470.0
1761868800,40.68,40.8263,39.79,39.99,80471370.0
1762128000,40.25,40.45,39.05,39.5,61267510.0
1762214400,38.14,38.25,36.63,37.03,102250300.0
1762300800,37.415,38.6898,37.11,38.38,74631600.0
1762387200,38.335,39.8446,36.8,37.24,77629910.0
1762473600,37.26,38.27,36.97,38.13,95521440.0
1762732800,38.93,39.525,37.9659,38.45,77820270.0
1762819200,38.145,38.22,37.49,37.88,53741900.0
1762905600,38.06,38.2,37.3525,37.89,53875960.0
1762992000,37.27,37.31,35.45,35.91,95593170.0
1763078400,35.025,36.1,34.62,35.52,71716180.0
1763337600,35.445,35.73,34.23,34.71,72580120.0
1763424000,34.25,34.76,33.57,34.33,61504800.0
1763510400,34.33,35.7499,34.25,35.11,67115470.0
1763596800,36.0,36.68,33.48,33.62,96389100.0
1763683200,33.51,34.98,32.89,34.5,105641700.0
1763942400,34.97,36.155,34.685,35.79,103804200.0
1764028800,35.55,36.13,34.68,35.83,62203280.0
1764115200,36.2,37.24,36.13,36.81,54563440.0
1764288000,37.4,40.59,37.34,40.56,95799490.0
1764547200,39.86,40.375,39.6,40.01,74534900.0
1764633600,40.47,43.68,40.05,43.47,167205800.0
1764720000,43.385,44.02,42.51,43.76,91957190.0
1764806400,43.26,43.2801,40.14,40.5,107850200.0
1764892800,41.155,42.83,41.15,41.41,103042000.0
1765152000,41.935,42.115,39.7,40.3,93953620.0
1765238400,40.73,41.2622,40.03,40.5,61877160.0
1765324800,40.11,40.99,38.89,40.78,75974890.0
1765411200,40.07,40.19,39.075,39.51,59096760.0
1765497600,39.245,40.03,37.62,37.81,87784470.0
1765756800,38.325,38.48,37.32,37.51,60898470.0
1765843200,37.58,37.96,36.92,37.31,50490260.0
1765929600,37.585,37.84,35.965,36.05,54791950.0
1766016000,37.38,37.485,35.67,36.28,69468390.0
1766102400,36.48,37.58,36.44,36.82,163221300.0
1766361600,37.89,37.9,36.29,36.37,51685390.0
1766448000,36.24,36.8,36.03,36.35,35957950.0
1766534400,35.17,36.175,34.95,36.16,37443760.0
1766707200,36.17,36.49,35.85,36.2,28779400.0
1766966400,36.01,36.795,35.82,36.68,38062300.0
1767052800,36.91,38.26,36.82,37.3,61935280.0
1767139200,37.395,37.58,36.87,36.9,51524680.0
1767312000,37.77,39.86,37.76,39.38,95396450.0
1767571200,41.59,42.1,39.27,39.37,96665360.0
1767657600,39.86,40.31,38.95,40.04,66395140.0
1767744000,40.18,44.57,40.12,42.63,166028400.0
1767830400,42.62,43.34,40.68,41.11,88241960.0
1767916800,41.825,45.7265,41.57,45.55,186691400.0
1768176000,44.24,45.45,43.89,44.06,101989100.0
1768262400,45.89,48.24,45.215,47.29,168656400.0
1768348800,48.95,49.0,47.42,48.72,148225800.0
1768435200,49.35,50.39,47.825,48.32,132328900.0
1768521600,49.27,50.21,46.71,46.96,127314700.0
1768867200,47.3,50.23,47.0,48.56,150153000.0
1768953600,50.32,54.41,50.15,54.25,220565300.0
1769040000,54.21,54.6,53.08,54.32,190066400.0
1769126400,46.86,48.13,44.45,45.07,294675400.0
1769385600,44.28,44.46,42.275,42.49,149407800.0
1769472000,43.97,44.53,43.099,43.93,121832200.0
1769558400,46.6,49.285,46.32,48.78,201995100.0
1769644800,47.56,48.77,46.99,48.66,124256600.0
1769731200,48.975,49.5777,45.96,46.47,114920100.0
1769990400,45.63,49.84,45.5,48.81,101414600.0
1770076800,50.055,51.49,48.43,49.25,122205100.0
1770163200,49.54,49.698,47.0,48.6,128702300.0
1770249600,47.59,50.86,46.785,48.24,114307800.0
1770336000,49.1,51.3,48.83,50.59,115600200.0
1770595200,49.59,51.22,47.59,50.24,94841410.0
1770681600,50.41,50.5393,46.765,47.13,99832890.0
1770768000,48.11,49.55,46.86,48.29,107681200.0
1770854400,47.8,48.95,46.19,46.48,88321150.0
1770940800,45.76,47.69,44.97,46.79,69740420.0
1771286400,45.93,46.8299,45.455,46.18,65802170.0
1771372800,45.915,46.77,44.88,45.46,65306070.0
1771459200,44.95,45.17,43.92,44.62,72724940.0
1771545600,43.89,44.39,42.88,44.11,90743570.0
1771804800,44.09,44.55,43.18,43.63,57130910.0
1771891200,44.095,46.6,43.54,46.12,98872270.0
1771977600,46.09,46.97,45.08,46.88,75645300.0
1772064000,46.77,46.95,44.39,45.46,71457510.0
1772150400,44.46,46.56,44.4,45.61,79327250.0
1772409600,44.2,45.81,43.95,45.5,60705100.0
1772496000,43.44,43.685,42.14,43.1,83971030.0
1772582400,44.07,46.125,43.27,45.58,96628100.0
1772668800,44.87,46.48,44.7,45.95,78229420.0
1772755200,44.67,45.18,43.28,43.42,74698310.0
1773014400,42.74,45.76,41.64,45.58,82937380.0
1773100800,45.41,47.875,45.41,46.78,85233310.0
1773187200,46.815,48.83,46.66,47.98,72480570.0
1773273600,47.4,47.435,45.17,45.25,85110210.0
1773360000,45.97,46.65,45.39,45.77,68386150.0
1773619200,47.91,49.17,45.69,45.76,114199400.0
1773705600,46.08,46.08,43.91,44.06,89061570.0
1773792000,44.2,45.705,44.052,45.03,78056210.0
1773878400,43.99,46.44,43.65,46.18,74051500.0
1773964800,46.95,47.55,43.642,43.87,162814200.0
1774224000,44.5,45.46,43.74,44.01,80772210.0
1774310400,43.535,44.31,43.2,44.06,65323530.0
1774396800,45.85,47.845,45.45,47.18,97467910.0
1774483200,46.295,46.6,43.915,44.1,82841370.0
1774569600,43.62,44.13,42.86,43.13,70002240.0
1774828800,43.72,43.99,40.63,41.19,84596010.0
1774915200,41.95,44.23,41.6,44.13,95294890.0
1775001600,45.0,48.77,44.98,48.03,129598500.0
1775088000,46.06,50.49,46.04,50.38,117134200.0
1775433600,50.88,52.385,49.87,50.78,79978810.0
1775520000,51.905,53.27,51.215,52.91,129543800.0
1775606400,55.365,59.17,54.8,58.95,184599900.0
1775692800,58.4,62.0799,58.39,61.72,155609900.0
1775779200,61.52,63.39,60.75,62.38,98624440.0
1776038400,62.18,65.65,62.18,65.18,112111000.0
1776124800,65.16,65.18,62.089,63.81,112796100.0
1776211200,63.77,65.84,62.875,64.94,92051520.0
1776297600,64.93,68.61,64.272,68.5,108328300.0
1776384000,68.85,70.325,67.735,68.5,118831500.0
1776643200,68.45,69.205,64.47,65.7,96851070.0
1776729600,67.14,67.67,65.64,66.26,91402310.0
1776816000,67.935,68.77,64.98,65.27,90267290.0
1776902400,66.1,68.28,65.42,66.78,155141800.0
1776988800,82.2,85.22,79.62,82.54,281405200.0
1777248000,83.67,87.1,82.61,84.99,178820200.0
1777334400,81.28,84.59,80.8,84.52,147773500.0
1777420800,86.135,94.95,85.87,94.75,235070900.0
1777507200,95.6,95.69,91.5,94.48,160597300.0
1777593600,93.2,100.45,92.61,99.62,158502800.0
1777852800,99.18,99.82,95.6,95.78,119294000.0
1777939200,100.505,110.48,100.08,108.15,198482000.0
1778025600,110.975,113.5,106.5801,113.01,157320100.0
1778112000,111.02,114.51,109.15,109.62,122699900.0
1778198400,111.81,130.57,111.8,124.92,227681300.0
1778457600,130.88,132.75,123.92,129.44,179486500.0
1778544000,124.36,127.79,115.0,120.61,172516500.0
1778630400,124.1,125.0,116.41,120.29,115364400.0
1778716800,114.66,118.57,113.17,115.93,118279800.0
1778803200,109.785,110.57,105.02,108.77,135206000.0
1779062400,113.47,115.54,103.85,108.17,145764000.0
1779148800,106.98,113.0699,102.4,110.8,150234900.0
1779235200,116.22,121.94,114.8,118.96,165086900.0
1779321600,116.58,119.41,113.17,118.5,102452500.0
1779408000,120.34,122.78,118.09,119.84,82663020.0
1779753600,122.095,125.62,117.35,123.52,108167300.0
1779840000,124.39,125.27,117.0,121.77,93323340.0
1779926400,121.445,123.08,116.31,120.89,97320990.0
1780012800,123.85,126.64,113.54,114.68,191676100.0
1780272000,109.43,113.3,106.33,109.33,134900400.0
1780358400,107.45,109.0,104.17,107.93,106336200.0
1780444800,116.42,118.29,110.86,112.71,118928800.0
1780531200,108.4,113.14,107.4801,111.78,77325820.0
1780617600,106.48,106.48,98.33,99.17,145209400.0
1780876800,111.0,112.54,106.66,110.27,136973900.0
1780963200,112.99,113.998,99.46,107.92,149623100.0
1781049600,106.03,111.5,104.92,107.04,122653500.0
1781136000,113.52,119.44,110.5118,116.96,188430300.0
1781222400,117.415,127.6,115.33,124.57,151526800.0
1781481600,129.49,132.61,126.66,127.86,134507500.0
1781568000,125.105,128.7,116.0,117.05,132962600.0
1781654400,121.85,125.2,118.06,121.1,115324900.0
1781740800,131.805,135.48,127.9,133.99,233906600.0
1782086400,139.12,141.45,136.21,140.94,127190600.0
1782172800,129.73,137.98,128.3,132.28,132976700.0
1782259200,133.045,136.08,127.95,131.65,104591700.0
1782345600,139.73,140.72,125.41,132.87,123120200.0
1782432000,128.705,131.23,125.5,128.32,99475350.0
1782691200,127.0,132.05,118.5,131.72,106805300.0
1782777600,131.99,142.35,131.5201,139.63,116996700.0
1782864000,135.0,135.7399,126.6805,127.02,113107200.0
1782950400,128.915,130.74,117.63,120.35,125021700.0
1783296000,122.57,127.3,121.52,122.2,86950210.0
1783382400,116.3,116.47,108.3,110.39,140405900.0
1783468800,108.3,110.49,104.41,110.24,105488100.0
1783555200,114.87,116.7699,111.51,112.54,99352460.0
1783641600,109.575,110.85,107.45,109.84,70846600.0
1783900800,105.98,106.17,101.79,103.12,100988800.0
1783987200,107.98,109.19,103.5905,107.76,91129020.0
1784073600,109.3,109.61,99.2,102.99,120625500.0
1784160000,101.14,101.88,95.48,96.98,107742900.0
1784246400,92.14,98.05,89.59,95.04,126779300.0
1784505600,97.58,100.98,96.92,97.06,89741380.0
1784592000,103.19,106.34,101.22,105.45,105429400.0
1784678400,101.545,106.85,101.48,102.62,78431040.0
1784764800,101.14,104.18,99.235,100.23,140806900.0
1784851200,100.36,101.74,91.58,92.32,181132900.0
1785110400,92.46,94.98,86.94,91.67,133247300.0
1785196800,86.62,88.2799,83.1,86.3,154346700.0
1785283200,86.57,88.47,81.79,81.88,152394600.0
1785369600,86.51,94.1,85.97,91.13,140322600.0
1785456000,96.72,97.9,90.13,90.2,109039500.0
1785715200,88.4,91.68,85.62,91.0,96633640.0
1785801600,95.24,101.39,94.32,100.86,124355100.0
1785888000,99.3,102.83,97.895,101.06,85388370.0
1785974400,98.22,103.3799,95.6,99.81,78088120.0
1786060800,102.33,103.66,98.03,101.65,76760640.0
1786320000,98.26,100.025,96.3,97.52,101153400.0
1786406400,96.78,98.35,95.35,97.71,164063600.0
1786492800,101.33,103.16,100.1232,100.95,162446700.0
1786579200,101.51,107.57,100.33,104.56,116837600.0
1786665600,104.48,106.87,102.05,102.5,95387500.0
1786924800,103.55,105.97,101.8,103.49,88616830.0
1787011200,99.22,99.31,95.25,96.685,121969500.0
1787097600,97.41,98.2,91.28,92.8,110268600.0
1787184000,91.87,92.68,89.85,92.13,85654720.0
1787270400,92.71,92.768,89.75,90.07,91670100.0
1787529600,88.86,88.91,85.14,87.26,96903360.0
1787616000,90.06,90.18,87.29,87.48,81853820.0
1787702400,86.805,88.2799,85.63,88.24,75752760.0
1787788800,89.91,92.95,88.46,92.09,100556800.0
1787875200,90.265,93.7,89.05,89.47,86172590.0
1788134400,90.0,91.85,88.97,89.51,65188220.0
1788220800,86.84,89.41,85.72,88.97,73962060.0
1788307200,88.85,90.43,87.5,90.05,61554550.0
1788393600,89.35,92.37,87.725,91.67,79927770.0
1788480000,92.45,95.94,91.87,95.8,97654330.0
1788825600,100.8,106.0899,100.35,104.47,140269300.0
1788912000,102.7,106.69,102.7,106.24,96891390.0
1788998400,102.45,103.23,99.34,100.32,96887070.0
1789084800,102.47,104.9,101.07,102.94,86990390.0
1789344000,95.82,98.86,94.5233,97.19,96459680.0
1789430400,98.83,100.48,96.5205,97.14,84999320.0
1789516800,101.365,104.42,99.29,101.05,119923600.0
1789603200,104.7,111.37,104.7,108.8,149726000.0
1789689600,109.795,110.49,106.4,108.6,174996700.0
1789948800,116.53,124.727,114.93,121.78,191638400.0
1790035200,120.15,124.09,120.075,123.86,108379400.0
1790121600,123.865,124.25,119.44,122.6,85621060.0
1790208000,120.61,127.44,119.55,127.39,119296700.0
