timestamp,open,high,low,close,volume
1474848000,78.6878,78.8889,78.2278,78.5822,2486187.0
1474934400,78.7778,80.1044,78.5567,80.0211,2558673.0
1475020800,79.98,80.3711,79.3811,79.7522,2010366.0
1475107200,80.4444,80.4444,79.1633,79.9989,2469870.0
1475193600,79.7744,80.7922,79.7055,80.5367,2930958.0
1475452800,80.1733,80.4267,79.4278,79.7711,1581093.0
1475539200,79.7755,80.1278,79.22,79.6244,1686735.0
1475625600,79.6389,80.0811,79.4089,79.7889,1348938.0
1475712000,79.6255,79.89,79.35,79.5767,1746306.0
1475798400,79.9989,79.9989,79.2478,79.7822,1204830.0
1476057600,79.8622,80.8055,79.8622,80.5122,1249614.0
1476144000,80.4589,80.4589,78.4867,78.9222,2125017.0
1476230400,79.1111,79.2478,78.7467,78.9922,1543644.0
1476316800,78.7722,79.5333,78.571,79.2711,2348379.0
1476403200,79.8422,79.8422,78.9667,79.4344,1907181.0
1476662400,79.4755,79.8751,78.68,78.8267,2368377.0
1476748800,79.66,80.3678,78.89,80.1922,4582845.0
1476835200,78.4055,78.4294,75.6111,75.7311,11053036.0
1476921600,75.7767,76.6067,75.3355,75.7578,5041459.0
1477008000,75.6055,75.8255,75.1022,75.3355,3673611.0
1477267200,76.1178,76.3867,75.7544,76.1111,2737368.0
1477353600,76.1111,76.2211,75.1767,75.5,2270061.0
1477440000,75.1867,75.1867,73.8967,73.9689,2644110.0
1477526400,74.1655,74.3959,73.08,73.6922,2956851.0
1477612800,73.6033,75.0611,73.53,74.0611,3108204.0
1477872000,73.9767,74.8267,73.1522,74.6755,2634939.0
1477958400,74.8267,74.8822,73.9167,74.4133,2318652.0
1478044800,74.4867,74.9255,74.0022,74.0633,2390067.0
1478131200,74.4455,74.91,74.1947,74.8111,2627226.0
1478217600,74.6522,75.42,74.5089,74.6022,3082365.0
1478476800,75.3367,75.8643,75.2044,75.3811,2126853.0
1478563200,75.43,76.4633,75.23,76.1255,1952514.0
1478649600,73.7455,74.2055,72.3044,72.3844,7865209.0
1478736000,72.4578,72.7133,70.0711,70.6133,7082614.0
1478822400,70.4967,71.3644,68.5333,69.0844,6357484.0
1479081600,69.0,70.2222,68.7422,69.4,5385070.0
1479168000,69.69,71.3389,69.69,71.1722,2991744.0
1479254400,71.2867,71.7222,70.7778,71.4844,2641671.0
1479340800,71.4789,72.89,71.4789,72.7333,2511702.0
1479427200,72.6822,73.1111,72.5222,72.7655,2370321.0
1479686400,73.1355,73.7378,72.7755,73.5655,3836331.0
1479772800,73.1111,73.1878,70.8422,71.1344,6006835.0
1479859200,71.2355,71.8222,70.8322,71.6978,3319938.0
1480032000,72.0478,73.4778,71.75,72.9455,2208555.0
1480291200,72.9933,73.1817,71.8633,71.9655,3430422.0
1480377600,72.1089,72.7522,72.0,72.2567,2820609.0
1480464000,72.2533,72.58,70.7511,71.5267,7995763.0
1480550400,71.3844,71.5555,69.79,70.2589,4028040.0
1480636800,70.5544,71.5389,70.1244,70.7378,3804471.0
1480896000,70.8111,70.9467,70.4767,70.7722,2644128.0
1480982400,70.6678,70.7678,68.7655,69.0655,3964446.0
1481068800,68.9467,69.13,67.8567,68.7789,5591476.0
1481155200,68.6633,69.2222,68.2644,68.8289,2708478.0
1481241600,68.8711,69.7639,68.7561,69.4678,2608218.0
1481500800,69.3122,70.5611,69.3122,70.4155,3567771.0
1481587200,70.6667,72.4667,70.6367,70.6633,5838679.0
1481673600,70.8489,71.5578,70.4478,70.7322,3518595.0
1481760000,70.7933,71.2889,70.2355,71.0,3099681.0
1481846400,71.0555,71.4311,70.4633,71.2655,4982535.0
1482105600,71.0633,71.275,70.5833,70.8789,2622429.0
1482192000,70.9422,71.0967,70.0033,70.4455,2374578.0
1482278400,70.4533,70.5122,70.0,70.0322,1613403.0
1482364800,70.1911,71.05,69.9955,70.8422,2625606.0
1482451200,71.0089,71.6311,70.9244,71.1944,1699047.0
1482796800,71.4489,71.9111,71.03,71.0567,1074501.0
1482883200,71.0889,71.3789,70.4144,70.6167,1437120.0
1482969600,70.5078,71.0,70.5078,70.7278,1418580.0
1483056000,70.9244,70.9322,70.25,70.4633,2405331.0
1483401600,70.66,71.3533,70.5555,71.31,2380419.0
1483488000,70.8889,70.8889,69.4133,69.9433,4083570.0
1483574400,70.0211,70.8567,69.7167,70.3233,3331755.0
1483660800,70.4444,71.2067,70.4444,70.6789,2650680.0
1483920000,70.5767,71.4733,70.5767,71.2555,3478365.0
1484006400,71.3922,73.7778,71.3044,73.5778,3569013.0
1484092800,75.1,76.5155,74.4544,75.3511,5688190.0
1484179200,75.2855,75.2855,73.45,73.8755,3741597.0
1484265600,74.2222,74.9976,73.6211,73.8567,2621538.0
1484611200,73.8344,74.1489,72.7778,73.7489,2361483.0
1484697600,73.7544,74.2217,73.35,73.6744,1774593.0
1484784000,73.6022,73.7933,72.6778,73.1178,2252970.0
1484870400,73.4689,73.4689,72.6933,72.9722,2322738.0
1485129600,73.06,73.5533,72.3967,72.7811,2451321.0
1485216000,73.0733,74.42,72.6311,74.0055,4219200.0
1485302400,75.0,77.8244,74.6689,77.7778,10207990.0
1485388800,77.3678,77.6666,76.0478,76.3955,4985514.0
1485475200,76.0422,77.2511,75.7933,76.81,3792294.0
1485734400,76.3778,76.7167,75.9617,76.6811,2816982.0
1485820800,76.47,77.5044,76.0622,76.9655,3465603.0
1485907200,76.6722,77.5555,76.4422,77.4467,3225546.0
1485993600,77.0155,77.8878,76.7822,77.7955,3142647.0
1486080000,77.7778,78.1055,77.53,78.0144,2918223.0
1486339200,77.7833,78.45,77.4122,78.3289,2917341.0
1486425600,78.2311,78.48,77.9444,78.2489,3415059.0
1486512000,77.9455,78.2933,77.7022,78.0744,3106053.0
1486598400,77.9955,78.8378,77.805,78.3755,2433429.0
1486684800,78.4355,78.7411,78.1611,78.3911,2419569.0
1486944000,78.3333,79.0322,77.8867,78.9667,2327931.0
1487030400,79.1578,79.7778,78.9167,79.4355,2774754.0
1487116800,79.07,79.9222,78.9455,79.6378,2728314.0
1487203200,79.3811,80.1933,79.1778,80.1633,2605725.0
1487289600,79.8255,80.8172,79.7378,80.5178,3488265.0
1487635200,80.5555,81.4633,80.3967,81.3522,4338504.0
1487721600,81.0889,81.5683,80.9544,81.3422,2506662.0
1487808000,81.2555,81.8478,81.1739,81.7055,2416869.0
1487894400,81.4889,82.0889,81.2589,81.8733,2535012.0
1488153600,81.93,82.1111,81.4011,81.5589,2671155.0
1488240000,81.3333,82.1144,81.0678,81.8889,3558492.0
1488326400,81.8667,82.7322,81.4533,82.3433,2843937.0
1488412800,82.3333,82.8667,82.1905,82.5078,2412612.0
1488499200,82.2711,82.92,82.1022,82.7544,1928160.0
1488758400,82.2978,82.5511,81.6055,81.7444,3598659.0
1488844800,81.4089,81.8155,81.0155,81.1278,3465936.0
1488931200,81.2222,81.6124,80.7544,80.9011,2888136.0
1489017600,80.7922,81.8855,80.7922,81.78,2850381.0
1489104000,82.2222,82.2222,81.4039,81.5733,2207736.0
1489363200,81.4589,81.8122,80.82,81.5433,2358783.0
1489449600,80.9833,82.2555,80.9378,82.2311,4090806.0
1489536000,81.8733,83.4918,81.7767,82.9633,5114611.0
1489622400,83.2278,83.39,82.1667,82.6144,2441169.0
1489708800,83.1278,83.5778,82.8528,83.3144,6020407.0
1489968000,83.0633,83.95,83.0022,83.3367,3360114.0
1490054400,83.7222,84.2205,82.8222,82.8833,3563577.0
1490140800,83.07,83.3522,82.5011,83.1455,1641996.0
1490227200,83.0444,83.4967,82.7267,82.9089,1701324.0
1490313600,83.3078,84.6122,83.0744,84.2222,4008321.0
1490572800,83.9367,85.4578,83.6889,85.2578,3529584.0
1490659200,85.2578,85.5867,84.92,84.9411,2529459.0
1490745600,84.78,85.2805,84.3889,85.0755,2217744.0
1490832000,85.1,85.4428,84.7144,85.14,1599561.0
1490918400,85.0411,85.5533,84.9244,85.1633,2765754.0
1491177600,85.0711,85.73,84.4944,84.9678,2886111.0
1491264000,85.11,85.2511,84.3711,84.7044,1796058.0
1491350400,84.5422,86.2122,84.3844,84.7555,3294171.0
1491436800,84.6822,85.1055,84.4815,84.7522,2342754.0
1491523200,84.8922,85.3711,84.5655,85.2355,2256048.0
1491782400,85.0011,85.49,85.0,85.2267,2052189.0
1491868800,85.1222,85.5055,84.5139,84.9811,2474640.0
1491955200,84.6522,85.0,84.5411,84.9178,2222757.0
1492041600,85.0478,85.4055,84.72,84.9767,2275443.0
1492387200,85.4355,85.9178,85.0367,85.3644,3479004.0
1492473600,85.3333,85.3333,83.7089,84.3711,5280130.0
1492560000,88.8889,90.8,87.8871,89.7444,10188217.0
1492646400,89.6111,90.6011,89.2055,90.4944,3549249.0
1492732800,90.1855,90.5055,89.7,90.3811,3701232.0
1492992000,90.7778,91.5589,90.3522,91.3533,3410613.0
1493078400,91.3555,92.5611,91.1611,91.9155,4374918.0
1493164800,91.77,92.8855,91.7228,92.6689,2804823.0
1493251200,92.7367,93.4167,92.6689,92.9511,2646405.0
1493337600,92.9633,93.8289,92.5289,92.8744,3512376.0
1493596800,93.1755,93.5544,92.9305,93.2855,2205252.0
1493683200,93.0233,93.9389,93.0233,93.8633,1857078.0
1493769600,93.86,94.1944,93.4289,93.9255,1632258.0
1493856000,94.0344,94.28,93.8644,94.1355,1625886.0
1493942400,94.3767,94.5555,93.9723,94.5044,1475640.0
1494201600,94.4444,94.6267,93.2222,93.4211,4042350.0
1494288000,93.2689,93.9267,93.0289,93.6855,2790603.0
1494374400,93.79,93.8889,93.1933,93.6733,2828070.0
1494460800,93.7711,94.0911,93.1333,93.8811,2091051.0
1494547200,94.0311,94.2555,93.7022,93.7467,1898910.0
1494806400,93.5411,94.5889,93.5411,94.5189,1822239.0
1494892800,95.2589,96.0844,94.8316,95.4967,2719026.0
1494979200,95.0311,95.5405,94.5144,94.5533,3508155.0
1495065600,94.7567,95.71,94.5478,95.5533,2388987.0
1495152000,95.9033,97.1711,95.5944,96.7033,3737034.0
1495411200,97.4444,99.7072,97.3433,99.1155,3995028.0
1495497600,99.4689,100.2333,99.2222,99.6711,2767941.0
1495584000,99.69,100.2222,99.1811,99.9855,2413638.0
1495670400,100.4289,101.2678,100.0022,100.8411,1797804.0
1495756800,101.4933,101.64,100.9167,101.1511,1880523.0
1496102400,100.6778,101.7198,100.3444,101.6033,2789253.0
1496188800,101.9833,102.4255,101.1811,101.6311,2813931.0
1496275200,101.6767,102.1422,101.3122,102.12,2278962.0
1496361600,102.5811,103.0555,102.14,102.7433,2193534.0
1496620800,102.3622,102.8844,101.94,102.4455,1967382.0
1496707200,102.0155,103.3022,102.0111,102.7067,1730187.0
1496793600,103.2089,103.6378,102.6911,103.5555,2145870.0
1496880000,103.8889,104.1278,102.9444,103.3167,2417976.0
1496966400,103.8655,103.9222,100.6905,101.8155,3168549.0
1497225600,101.2222,101.6,97.3889,100.3655,5867515.0
1497312000,100.5789,101.6989,100.04,100.9144,2726109.0
1497398400,101.9633,102.0,100.3244,100.6478,2865843.0
1497484800,100.0822,100.186,99.1167,99.8822,2939832.0
1497571200,100.1067,101.9544,100.0633,101.6489,5172535.0
1497830400,102.1011,104.1467,102.0533,104.0444,3666888.0
1497916800,104.3,105.4422,104.2459,104.4844,3322989.0
1498003200,104.6967,106.0422,104.5578,105.9189,3257343.0
1498089600,106.0889,107.06,105.6111,106.0178,2447451.0
1498176000,105.6544,106.0433,104.8833,105.4378,7216192.0
1498435200,105.8178,106.0878,104.1833,104.4933,2769633.0
1498521600,104.5855,104.8812,103.3389,104.0011,3456378.0
1498608000,104.3078,105.3444,103.5533,105.1455,3243564.0
1498694400,104.9689,104.9689,102.6189,103.3889,2820807.0
1498780800,103.8722,104.4322,102.4989,103.93,2246733.0
1499040000,104.5511,104.6167,102.2855,102.4067,1464993.0
1499212800,103.1267,104.4767,103.1267,104.2322,3419010.0
1499299200,103.6089,104.4367,103.2222,103.8667,1955205.0
1499385600,104.27,105.3544,104.1805,104.9189,2039382.0
1499644800,104.8333,105.6465,104.2222,105.25,2710413.0
1499731200,105.49,105.49,104.1278,104.7211,2960586.0
1499817600,105.5555,106.1733,105.2389,105.3711,2468565.0
1499904000,105.73,105.9089,104.2055,104.2822,2797830.0
1499990400,104.4911,106.0089,104.4911,105.75,2558619.0
1500249600,106.1022,106.29,104.8922,105.3433,3664899.0
1500336000,105.3622,105.6211,104.4855,105.1833,2875608.0
1500422400,105.8678,107.4944,105.8488,107.4211,4391757.0
1500508800,107.67,108.2951,106.9733,107.97,5960602.0
1500595200,107.2144,107.5522,102.8555,103.0522,9208954.0
1500854400,102.9767,105.9322,102.9767,105.4633,4510476.0
1500940800,105.7478,105.9622,104.5722,104.9911,3204648.0
1501027200,105.12,105.5744,104.3833,104.8789,2394153.0
1501113600,104.8967,105.1111,102.3333,103.5389,3951324.0
1501200000,103.3889,104.7778,103.0067,104.5778,4382559.0
1501459200,104.8344,105.11,103.7111,104.2511,3425706.0
1501545600,104.33,105.0,103.7922,104.5522,2442654.0
1501632000,104.3778,104.5955,103.0,103.6633,2729196.0
1501718400,103.2589,104.3722,103.1189,103.7955,2534859.0
1501804800,104.2467,104.2467,102.6311,103.4522,2924091.0
1502064000,103.3011,104.1261,103.0689,104.07,2724237.0
1502150400,103.6833,104.2055,103.2778,103.82,2050488.0
1502236800,103.8211,105.0833,103.4444,104.8278,2381328.0
1502323200,104.3867,104.7878,103.0989,103.2644,2288700.0
1502409600,103.3644,104.8889,103.3644,104.6944,2168892.0
1502668800,105.6667,107.4734,105.6667,107.1733,2938914.0
1502755200,107.4689,110.0489,107.2233,109.4855,5289148.0
1502841600,109.5633,110.1711,109.0008,109.8778,2524509.0
1502928000,109.75,110.3333,108.0233,108.1222,2886210.0
1503014400,108.17,110.2555,107.6211,109.3678,3466440.0
1503273600,109.1167,109.4444,108.2683,109.1889,3452229.0
1503360000,109.2111,110.8888,109.1889,110.7333,2855142.0
1503446400,110.4244,110.4244,109.2444,109.63,1853154.0
1503532800,109.6622,110.18,109.2444,110.0644,2080179.0
1503619200,110.1167,110.33,108.4822,108.7367,2463453.0
1503878400,109.1089,109.8522,108.9522,109.5555,1660617.0
1503964800,109.0778,109.8922,108.5567,109.7111,2466864.0
1504051200,109.1233,110.7211,109.0,110.6711,1891557.0
1504137600,110.6678,111.74,110.2644,111.63,4138812.0
1504224000,111.3222,112.0689,110.8189,111.8611,1608399.0
1504569600,111.9933,114.0089,111.8889,113.4933,3115530.0
1504656000,113.7522,114.3333,112.3367,113.5967,1981233.0
1504742400,113.6,115.3167,113.5878,115.1633,1569951.0
1504828800,114.7611,117.1967,113.8889,115.8433,2820465.0
1505088000,115.9055,117.1111,115.1217,116.1644,3333951.0
1505174400,116.0644,116.47,115.7555,116.1111,1769256.0
1505260800,115.7967,115.9878,115.1144,115.8755,1269918.0
1505347200,115.64,116.1211,115.2833,115.6111,1928268.0
1505433600,115.5044,115.8889,115.1389,115.3367,3327687.0
1505692800,115.6855,116.5478,115.1733,116.2544,2222136.0
1505779200,115.8744,117.0,115.6255,116.1633,1801107.0
1505865600,116.1511,116.8889,115.5567,116.2633,1462752.0
1505952000,116.4622,116.5344,114.4167,114.4678,2160126.0
1506038400,114.5,114.7628,113.5778,114.6133,1485369.0
1506297600,114.9755,114.9778,112.6178,113.0378,2056176.0
1506384000,113.55,114.0778,112.5989,112.96,1572966.0
1506470400,113.1944,113.9844,113.17,113.7867,1878336.0
1506556800,113.8155,114.3567,113.4044,113.9867,1607247.0
1506643200,114.2389,116.5283,114.03,116.2089,2050668.0
1506902400,116.5667,118.3,116.3967,117.8311,2566233.0
1506988800,118.2922,119.5555,118.0744,119.3211,2995308.0
1507075200,119.7322,121.11,119.5755,120.5444,2508921.0
1507161600,121.3811,121.6167,119.3333,121.0755,2449800.0
1507248000,120.6967,122.5,120.0667,120.49,2665506.0
1507507200,121.18,121.18,117.96,118.2033,2577291.0
1507593600,118.97,119.1467,117.6,118.33,1701510.0
1507680000,119.0967,120.1733,118.7067,120.0967,1610082.0
1507766400,121.2967,121.6433,120.4267,120.8433,2546151.0
1507852800,121.0,121.9233,120.5667,120.7633,2101860.0
1508112000,119.41,120.56,117.6367,117.85,3666822.0
1508198400,118.67,118.8567,117.7533,118.3333,2635830.0
1508284800,119.09,119.4167,117.9634,118.1233,2030679.0
1508371200,118.4733,119.19,116.6667,119.1533,3119331.0
1508457600,119.16,124.9633,118.9683,123.1933,6063052.0
1508716800,124.1667,126.1067,124.15,124.5067,4022034.0
1508803200,124.2133,124.45,123.11,123.83,2929281.0
1508889600,123.8767,124.57,122.8267,124.14,2118777.0
1508976000,124.5,127.3833,123.8767,124.12,3141384.0
1509062400,124.66,124.88,123.17,124.5933,2286969.0
1509321600,124.6633,125.5233,123.4933,125.3633,1850973.0
1509408000,125.35,126.63,124.8967,125.12,2525166.0
1509494400,125.77,126.13,124.6217,125.3467,2005503.0
1509580800,125.98,128.0667,125.6667,126.5833,2148789.0
1509667200,126.8833,128.8617,126.7167,128.0833,1796889.0
1509926400,127.7133,128.6467,127.6667,128.2767,1778757.0
1510012800,128.7267,130.41,128.6667,130.3467,1896735.0
1510099200,130.3333,131.17,129.0567,130.78,1470537.0
1510185600,130.52,130.78,129.6267,130.0,2373453.0
1510272000,129.9367,130.3833,128.72,129.7167,2060067.0
1510531200,129.6167,130.9267,128.7733,130.7067,2537901.0
1510617600,130.3433,131.0967,129.76,130.3233,1730223.0
1510704000,130.0833,130.96,129.0,129.8967,1737795.0
1510790400,130.2067,131.6333,130.1667,131.2667,1939434.0
1510876800,131.5833,133.3333,130.1667,130.8267,1851285.0
1511136000,130.8267,131.4306,130.0967,131.01,1852989.0
1511222400,132.0733,132.9833,131.6733,132.83,2200440.0
1511308800,132.6667,132.83,131.56,132.1967,1466523.0
1511481600,132.1967,132.9233,132.0567,132.7167,1018332.0
1511740800,133.0,135.0167,132.9967,134.5667,2341020.0
1511827200,134.8267,134.8267,133.4258,134.0767,2549553.0
1511913600,134.1233,134.86,130.34,131.4333,3082074.0
1512000000,132.6667,133.6667,131.1733,133.26,5552746.0
1512086400,132.8667,134.0,129.4167,132.22,4020771.0
1512345600,133.2767,133.3333,123.03,123.3167,6476164.0
1512432000,123.23,125.8507,121.87,123.1667,5592919.0
1512518400,122.93,126.5633,121.8667,126.3467,2848056.0
1512604800,127.2367,128.3067,126.2327,127.9267,2297751.0
1512691200,128.87,129.8,126.1967,126.5367,2046198.0
1512950400,126.1133,126.5653,123.8617,124.5167,3201459.0
1513036800,124.5167,124.9233,122.8367,123.4967,3816813.0
1513123200,123.4967,124.3567,122.8433,123.6933,2720088.0
1513209600,123.3333,124.6233,119.9167,120.1867,3607797.0
1513296000,121.3767,124.4433,120.4067,123.29,4388319.0
1513555200,124.0267,124.7233,122.68,123.9667,2396577.0
1513641600,123.83,125.1,122.15,122.45,2172567.0
1513728000,122.3767,123.1967,121.27,122.4033,1462632.0
1513814400,122.6967,122.8333,120.3567,120.4433,2096280.0
1513900800,120.3333,121.5133,119.9267,121.0533,2422368.0
1514246400,120.63,122.9483,120.0133,121.9433,1326399.0
1514332800,122.0,123.05,121.71,122.6967,1220505.0
1514419200,122.72,123.2433,122.2333,122.9567,1141950.0
1514505600,122.8567,123.1883,121.5933,121.6467,1584855.0
1514851200,122.63,125.27,121.7033,125.0833,2143263.0
1514937600,125.7067,128.0567,125.0033,127.94,2365410.0
1515024000,128.5767,129.8267,125.03,125.64,2696394.0
1515110400,126.96,126.96,125.2667,126.3367,2098728.0
1515369600,126.24,130.88,125.7367,130.62,2901897.0
1515456000,131.2433,134.7067,131.0,132.5333,4117920.0
1515542400,141.17,142.3267,136.15,141.2533,6028822.0
1515628800,140.6667,141.3167,138.7433,140.4567,3824016.0
1515715200,139.71,140.6433,138.585,139.68,2797311.0
1516060800,140.6667,142.2267,139.0013,140.0233,3013668.0
1516147200,141.2,144.0767,140.84,143.7,2683383.0
1516233600,143.7933,144.9667,142.14,144.0233,2364042.0
1516320000,144.6533,145.5233,142.8267,144.41,2250036.0
1516579200,145.0,145.0,142.5003,144.6467,2471952.0
1516665600,144.58,147.1733,143.9353,146.5167,1664187.0
1516752000,147.2467,147.4017,144.09,145.8267,3002754.0
1516838400,147.2733,150.6667,146.67,149.9367,3925044.0
1516924800,145.9567,146.75,139.0,146.7467,5433886.0
1517184000,147.2567,148.6333,144.3367,145.4467,2630868.0
1517270400,144.4,144.6467,141.1967,142.6133,3213306.0
1517356800,143.3333,145.4433,142.44,143.89,2474280.0
1517443200,144.2033,144.3767,141.12,141.9733,2101521.0
1517529600,141.0033,142.0667,138.7567,138.9867,2810472.0
1517788800,138.5567,139.0,133.0033,133.0033,3708834.0
1517875200,130.2267,137.5233,128.5037,136.11,4710354.0
1517961600,135.7067,136.96,132.1133,133.1767,2308635.0
1518048000,133.4933,133.5483,127.2,127.29,3872244.0
1518134400,128.9767,132.2767,126.6667,130.97,3896028.0
1518393600,131.8333,133.96,130.5367,132.8367,2515152.0
1518480000,132.22,134.2983,131.3333,134.0,1432710.0
1518566400,132.5033,137.0691,132.5033,136.63,1504047.0
1518652800,137.6667,139.6033,136.6667,139.52,1552830.0
1518739200,139.52,140.3767,138.1533,138.66,1372599.0
1519084800,138.5033,142.46,138.4867,140.5867,2675448.0
1519171200,140.43,142.27,138.7667,138.8533,1775094.0
1519257600,139.9067,141.9833,139.4633,139.93,1688319.0
1519344000,140.4367,142.5833,139.6573,142.5033,1408404.0
1519603200,143.3333,144.3117,142.0197,144.0,1380540.0
1519689600,144.3333,145.1333,143.1356,143.66,1946013.0
1519776000,143.82,145.4033,142.07,142.15,1829010.0
1519862400,142.8133,142.95,136.63,137.3767,2766450.0
1519948800,136.5233,139.45,135.39,139.13,1629147.0
1520208000,137.74,142.0367,137.4533,141.4167,1568439.0
1520294400,142.0033,144.0367,141.1533,142.1667,1728744.0
1520380800,140.9,144.0533,140.455,143.4867,2310777.0
1520467200,143.6267,144.4433,142.99,144.12,1377978.0
1520553600,144.6667,148.32,144.6667,146.82,2185302.0
1520812800,146.8433,148.3667,146.01,146.3167,2229711.0
1520899200,147.2067,148.2333,145.9867,146.74,1654278.0
1520985600,147.46,148.3,146.3667,146.9233,1881396.0
1521072000,146.6667,148.0533,145.6833,147.3167,1454658.0
1521158400,147.79,148.1667,144.6033,145.2867,2868687.0
1521417600,144.4267,145.3667,140.53,142.2867,1913838.0
1521504000,142.9133,144.3796,142.3533,143.3967,1802514.0
1521590400,143.47,143.9,140.8433,141.6633,1478256.0
1521676800,140.3167,141.3767,137.8733,137.9667,1989720.0
1521763200,138.17,139.3967,132.9367,133.05,3031998.0
1522022400,135.9267,138.49,134.5833,138.3733,3412479.0
1522108800,138.77,139.61,134.0267,135.0733,1965762.0
1522195200,135.4633,136.205,132.4049,134.13,2185341.0
1522281600,134.5567,140.64,133.7767,137.61,2842332.0
1522627200,137.42,138.2883,131.4567,133.63,2259300.0
1522713600,134.2467,135.2464,132.2033,134.49,1863987.0
1522800000,132.6667,134.7367,131.19,133.9733,4882161.0
1522886400,135.4633,136.7,134.4933,135.3733,2934489.0
1522972800,134.5067,135.6,131.3333,132.1833,1843872.0
1523232000,133.63,137.8167,133.3533,135.2167,1562496.0
1523318400,137.2033,140.4367,136.6697,139.5667,2274240.0
1523404800,138.2767,138.9767,136.9233,137.3733,1485558.0
1523491200,138.0233,139.4733,137.62,138.35,2272572.0
1523577600,139.3333,140.22,137.27,138.21,1408707.0
1523836800,139.9,140.9733,139.2267,139.46,1812315.0
1523923200,141.14,145.5667,140.0033,145.15,3933135.0
1524009600,151.25,157.93,149.6372,157.01,10400692.0
1524096000,155.67,156.0,152.7267,154.2367,5126170.0
1524182400,153.2867,153.3967,151.2,152.09,3951189.0
1524441600,152.3333,153.0,148.67,149.28,2757717.0
1524528000,149.6133,150.4867,143.3333,145.49,3402963.0
1524614400,145.3333,146.6,143.0117,145.9867,2217807.0
1524700800,146.5533,149.51,145.7033,148.73,2189349.0
1524787200,149.9467,150.4733,147.6541,149.01,1635561.0
1525046400,149.5367,150.2233,146.8967,146.9267,1993695.0
1525132800,146.67,149.3533,146.67,149.1833,1821321.0
1525219200,149.0767,151.1433,148.4167,149.67,2352555.0
1525305600,148.6667,150.2833,146.0233,149.4133,2414181.0
1525392000,149.0167,153.7733,147.6733,153.4733,2132559.0
1525651200,153.6667,156.1267,153.53,155.1333,2159835.0
1525737600,154.3333,154.68,153.175,154.2,2406453.0
1525824000,154.5967,155.2883,153.08,154.09,2055960.0
1525910400,154.67,156.2133,154.24,156.1333,1482552.0
1525996800,156.03,157.5933,154.7483,156.1167,1846314.0
1526256000,156.52,157.25,154.6633,155.3967,2023908.0
1526342400,153.8667,154.64,151.0367,152.2767,2349093.0
1526428800,152.6633,155.14,151.56,153.68,1522617.0
1526515200,153.6767,154.2567,151.9217,152.64,1946985.0
1526601600,152.9267,153.1867,151.26,152.93,1793349.0
1526860800,154.0333,155.8,153.22,154.46,1614630.0
1526947200,154.6667,154.95,151.2633,151.5367,1808841.0
1527033600,150.0,153.0733,150.0,152.9033,1620213.0
1527120000,153.0733,153.75,151.4167,152.5967,1320849.0
1527206400,153.12,153.6867,150.9167,152.1867,1365219.0
1527552000,151.0967,151.7,149.88,151.5433,2613648.0
1527638400,152.0667,155.1867,151.7267,153.22,3235302.0
1527724800,153.3333,155.4817,152.8533,153.2233,6106018.0
1527811200,153.9367,160.0,153.1433,159.75,3657777.0
1528070400,160.0,161.3733,157.5267,159.31,3014805.0
1528156800,159.3333,164.47,158.73,164.1233,4740087.0
1528243200,164.3333,164.69,161.4583,164.46,2759082.0
1528329600,164.3333,164.3333,158.7437,161.78,2608899.0
1528416000,161.6667,162.8001,160.1357,161.5333,1578732.0
1528675200,161.5333,164.7833,161.3,163.57,2233164.0
1528761600,163.8967,165.41,162.8767,164.9733,1991544.0
1528848000,165.0,165.64,162.5,163.49,2055243.0
1528934400,164.1233,165.5367,164.1233,165.1733,3176835.0
1529020800,164.83,165.3333,163.2118,163.4967,3268524.0
1529280000,162.9067,163.9967,161.7833,163.5567,2050110.0
1529366400,162.29,162.9367,161.0533,162.8667,1831785.0
1529452800,163.6667,164.6663,162.1635,162.4833,1200279.0
1529539200,162.9167,163.84,161.0,162.36,1577784.0
1529625600,162.9067,163.1967,160.72,161.07,1710003.0
1529884800,160.1167,160.8867,155.9933,157.8267,2573223.0
1529971200,157.8567,161.955,157.8567,160.9267,1832535.0
1530057600,162.6667,163.66,158.7033,158.7967,1844469.0
1530144000,158.8,161.7833,157.39,161.2367,1469787.0
1530230400,161.3367,161.8433,159.42,159.4933,1919316.0
1530489600,158.8267,162.8533,157.2667,162.7,1850331.0
1530576000,163.4467,163.4467,160.6633,161.86,1149417.0
1530748800,163.0733,163.9133,161.3133,162.4633,2093922.0
1530835200,162.9933,166.02,162.1167,165.1533,1775169.0
1531094400,166.2433,167.2166,164.1467,166.4733,2251746.0
1531180800,166.6667,167.6233,165.1233,167.37,2694372.0
1531267200,167.1633,168.9733,166.7633,168.0733,2643762.0
1531353600,168.9333,175.04,168.9266,175.0,4357251.0
1531440000,174.5066,177.4333,174.1316,174.78,3188025.0
1531699200,174.7766,174.7766,170.8066,172.6866,2395923.0
1531785600,172.1566,174.9516,171.6666,174.5933,2330385.0
1531872000,175.0,176.1466,172.9466,175.97,1893132.0
1531958400,174.9933,175.9566,173.4333,173.7633,3008316.0
1532044800,178.7166,179.66,172.1166,172.26,6758002.0
1532304000,172.26,173.51,171.1,173.29,2855505.0
1532390400,173.8833,175.88,172.57,174.4066,2780937.0
1532476800,174.9333,179.7666,174.9333,179.3233,2595348.0
1532563200,179.0,179.0166,172.6666,175.6533,2316429.0
1532649600,176.6666,176.68,170.49,173.07,2218374.0
1532908800,172.9033,172.9033,166.2183,167.6666,2972139.0
1532995200,168.2333,170.6666,167.2,169.3966,2005470.0
1533081600,170.1433,172.76,169.9733,172.0966,2218221.0
1533168000,170.3666,175.0,170.0,173.9666,1694301.0
1533254400,174.6166,174.725,171.9033,174.2,1593333.0
1533513600,174.1333,174.61,172.5766,173.6,1350465.0
1533600000,173.3266,174.3333,171.7266,172.6333,1374873.0
1533686400,172.9333,173.9045,172.2066,173.0933,1055622.0
1533772800,173.5233,176.25,173.5233,174.23,1100946.0
1533859200,173.72,175.9533,172.9866,173.6733,1158159.0
1534118400,174.2033,176.5833,173.4066,173.4533,1190292.0
1534204800,174.08,176.77,174.08,176.3333,1382916.0
1534291200,175.0,176.5566,172.7166,174.2566,1542615.0
1534377600,175.4066,176.02,173.5866,174.6333,1150356.0
1534464000,174.3333,175.7766,172.0566,174.9733,1600524.0
1534723200,175.68,176.1733,172.94,175.12,1138596.0
1534809600,175.3333,178.2766,175.3333,176.35,1316745.0
1534896000,176.3333,178.4933,175.86,178.3333,1041897.0
1534982400,178.5,180.6265,178.15,179.07,1135995.0
1535068800,179.6666,180.71,179.3766,180.5066,1175286.0
1535328000,181.22,181.8666,180.3333,181.74,1170600.0
1535414400,182.0833,183.4033,180.2533,181.6366,1085688.0
1535500800,182.2,185.1,182.0033,184.67,1177752.0
1535587200,183.97,186.1533,183.0033,185.0566,1775679.0
1535673600,184.95,186.7966,184.5,186.6666,2052318.0
1536019200,186.3333,186.83,184.1166,185.3433,1641924.0
1536105600,185.5933,185.7033,177.9866,178.9066,2713731.0
1536192000,179.5466,182.7466,178.0966,180.62,1957986.0
1536278400,180.4733,181.7666,178.9666,179.32,1319445.0
1536537600,180.1066,181.7483,179.6666,180.6266,1209840.0
1536624000,180.65,183.5633,180.4633,182.1333,1193538.0
1536710400,183.1433,183.59,180.3,183.1866,1028733.0
1536796800,184.4533,186.3233,182.91,186.2733,1325790.0
1536883200,186.6666,190.9866,186.5666,189.4533,2522454.0
1537142400,188.9833,188.9833,185.1066,186.2166,1616109.0
1537228800,186.2,189.1666,186.1708,188.2733,1411029.0
1537315200,187.2166,187.52,184.21,185.49,1454214.0
1537401600,186.5466,187.3233,185.61,187.06,1160346.0
1537488000,187.4233,188.29,185.49,185.59,2965971.0
1537747200,185.4533,189.8966,184.359,189.7566,1225938.0
1537833600,189.7566,191.8033,188.7566,191.3966,1226127.0
1537920000,191.3333,191.76,188.49,189.8466,1360284.0
1538006400,190.0,190.7383,189.3333,189.8966,1395168.0
1538092800,190.0,191.48,189.7299,191.3333,1968945.0
1538352000,191.7166,193.7066,190.6566,191.58,2231586.0
1538438400,191.4666,191.8833,188.425,190.4933,2327073.0
1538524800,190.9566,191.3833,187.02,187.1566,1490967.0
1538611200,187.1566,187.4033,183.6666,184.8133,2304639.0
1538697600,184.6766,186.56,180.1083,182.9033,2354250.0
1538956800,182.1433,182.6666,171.0533,175.49,3948270.0
1539043200,175.8933,179.33,174.57,177.07,3027801.0
1539129600,178.33,179.1666,170.4266,170.7366,3402513.0
1539216000,169.8333,173.4187,166.6667,169.4066,3872751.0
1539302400,174.0033,179.1466,173.7333,177.34,2883198.0
1539561600,176.3566,176.3566,172.48,173.0966,2107314.0
1539648000,175.17,181.46,175.17,180.97,2062488.0
1539734400,181.3433,182.7016,179.4663,180.97,2317113.0
1539820800,181.5766,181.9566,173.3366,174.0966,4481589.0
1539907200,179.62,179.9933,167.46,168.0866,6388300.0
1540166400,168.2166,171.1933,167.4043,170.47,2618178.0
1540252800,166.3067,169.6833,161.8167,168.9766,4105785.0
1540339200,168.5833,169.9042,160.72,161.0367,2835354.0
1540425600,163.0967,166.1,160.92,164.3067,3315786.0
1540512000,160.6667,164.6833,158.48,162.2967,3405798.0
1540771200,165.1267,166.0,155.69,159.2867,2672187.0
1540857600,159.0133,163.9033,157.4894,163.6067,3281163.0
1540944000,171.2866,175.4433,169.3333,173.7266,4841853.0
1541030400,174.2766,174.5,168.2183,172.87,2895243.0
1541116800,173.3333,176.3333,170.1966,172.0733,1949370.0
1541376000,172.2733,173.33,167.6266,169.1333,2289663.0
1541462400,168.8833,173.4966,168.67,173.23,2281839.0
1541548800,174.4566,182.02,174.432,181.8933,3885870.0
1541635200,180.7833,181.6633,178.77,180.0066,1602552.0
1541721600,178.2233,178.5466,175.0,177.52,1908684.0
1541980800,177.1,177.66,167.8366,168.0,2461617.0
1542067200,168.8333,172.3333,166.68,167.8133,1776045.0
1542153600,169.3333,170.0066,164.4267,166.2133,1812801.0
1542240000,165.7,171.4666,161.8267,171.2133,2298756.0
1542326400,169.3466,174.6833,169.0366,172.8466,2383410.0
1542585600,172.4933,173.1533,160.0067,160.89,3320316.0
1542672000,156.6667,164.29,154.0033,161.7467,3131862.0
1542758400,164.0833,166.2867,161.8367,163.8733,1796712.0
1542931200,162.7367,164.4667,162.5467,163.19,739881.0
1543190400,165.3133,167.95,163.0,167.76,1809357.0
1543276800,166.0867,166.6933,164.35,165.62,1742634.0
1543363200,166.4667,174.0883,166.345,173.9666,2862060.0
1543449600,171.9633,173.97,170.296,173.6566,1609191.0
1543536000,173.6566,178.0,172.4633,176.9566,2964303.0
1543795200,180.62,182.9933,178.6266,182.9766,3133605.0
1543881600,180.73,182.4501,172.1433,172.94,2930610.0
1544054400,168.45,173.0333,165.595,173.03,2914767.0
1544140800,171.22,171.9433,162.71,163.8967,2708076.0
1544400000,163.73,166.94,160.75,166.0367,2201889.0
1544486400,168.85,170.8466,166.2433,169.3533,2029554.0
1544572800,171.9933,175.3833,171.3866,171.8766,2429001.0
1544659200,174.1233,175.1333,169.3516,170.75,1844568.0
1544745600,168.5366,169.31,163.7942,163.9367,2263182.0
1545004800,163.4967,164.0133,158.2067,160.5833,2917194.0
1545091200,162.1067,162.68,159.0826,160.7867,2031168.0
1545177600,161.1133,164.4633,155.28,157.3067,2248236.0
1545264000,156.0,157.55,150.6933,153.2933,3505722.0
1545350400,153.6233,155.0,148.46,148.6733,5443189.0
1545609600,147.17,147.855,143.4133,144.9633,2041878.0
1545782400,145.28,154.16,145.0,153.9933,2602236.0
1545868800,151.5533,156.33,149.7248,156.2333,2138172.0
1545955200,157.3733,159.69,155.18,157.0667,2119200.0
1546214400,159.0467,161.0867,157.7867,159.64,1870113.0
1546387200,156.5,157.7433,153.9233,155.3433,2390694.0
1546473600,153.28,154.5,148.82,150.08,2786307.0
1546560000,152.6933,159.1967,152.2433,157.2267,2711364.0
1546819200,157.3333,161.63,157.2233,159.48,2161665.0
1546905600,161.2333,161.8633,157.0167,160.9967,2205279.0
1546992000,167.0,173.1633,164.6567,172.37,4297383.0
1547078400,170.1566,173.24,170.0633,172.69,2903541.0
1547164800,171.6666,172.1966,167.1067,168.44,2971197.0
1547424000,167.0,168.23,166.3467,167.57,1914657.0
1547510400,167.7066,172.1466,167.7066,171.82,2587992.0
1547596800,172.8166,175.2766,171.9366,171.9766,1881765.0
1547683200,170.97,178.3766,170.41,178.0933,2943882.0
1547769600,179.8,181.25,175.9,180.85,3110385.0
1548115200,179.02,179.8833,177.0833,178.9266,2185548.0
1548201600,178.7466,179.5148,173.8033,176.65,2276412.0
1548288000,178.0,178.9083,176.2206,178.7066,1941261.0
1548374400,172.0,175.3,169.61,171.68,6067249.0
1548633600,169.7,170.3664,165.0133,165.5767,2826642.0
1548720000,165.67,167.4133,162.2133,164.75,2527356.0
1548806400,165.76,169.7666,163.9632,169.4933,2180019.0
1548892800,170.0533,175.32,169.08,174.5466,3024927.0
1548979200,174.2833,176.0,172.6666,174.8833,2147667.0
1549238400,174.19,174.4133,172.4733,174.1433,1292823.0
1549324800,173.9633,175.9406,172.68,174.2966,1520268.0
1549411200,173.7866,174.6233,171.1,173.9833,1458162.0
1549497600,172.2433,173.3333,169.1366,169.7866,2105166.0
1549584000,168.2166,172.4933,167.3307,172.35,1636107.0
1549843200,173.8966,176.9766,173.3333,176.4866,2753058.0
1549929600,177.35,181.5,177.0166,179.9033,1998210.0
1550016000,176.6633,179.9033,175.4533,177.8233,1893327.0
1550102400,176.9466,179.4033,175.0533,178.6933,1400412.0
1550188800,180.31,182.87,179.5533,182.8333,2034120.0
1550534400,181.0233,183.1633,180.4466,182.7233,2000694.0
1550620800,182.5566,183.3333,181.5066,183.2166,1693353.0
1550707200,182.5666,184.12,180.7433,183.29,1710102.0
1550793600,183.8733,185.9233,183.3666,183.9533,1694181.0
1551052800,185.0,186.3172,184.21,184.4633,1489512.0
1551139200,183.7433,183.7433,181.31,182.82,1361466.0
1551225600,181.9366,183.8533,180.5033,183.1366,1506798.0
1551312000,182.45,184.9433,182.1516,182.5366,2271273.0
1551398400,183.93,188.1033,183.1666,186.1833,2248842.0
1551657600,186.3366,187.3333,180.47,183.31,1507938.0
1551744000,183.3733,183.6466,181.9433,182.2033,1140816.0
1551830400,182.3333,182.94,178.1766,178.8366,1527081.0
1551916800,178.79,178.79,174.56,177.72,2131323.0
1552003200,175.3666,178.1766,175.0,177.92,1548090.0
1552262400,178.8966,181.6766,178.34,180.9833,1473678.0
1552348800,181.9,184.0666,180.8,183.3766,1522743.0
1552435200,183.7166,186.8992,183.6666,185.72,1391583.0
1552521600,185.6666,186.4733,183.1566,186.2433,1644525.0
1552608000,186.7966,186.9966,185.0133,186.07,3843930.0
1552867200,186.1566,186.6233,184.3616,186.4966,1723317.0
1552953600,186.6666,188.4733,185.1366,187.5733,1578234.0
1553040000,187.6666,190.5733,186.9966,189.7866,1951362.0
1553126400,189.2633,193.0766,188.91,192.66,1538079.0
1553212800,191.22,191.425,186.9166,187.0866,1686696.0
1553472000,187.0,188.3733,185.8677,187.5733,1185633.0
1553558400,189.4866,191.0766,188.4066,189.2133,1173351.0
1553644800,188.5233,189.21,184.0033,186.09,1426407.0
1553731200,186.1933,187.9949,184.93,187.63,977055.0
1553817600,188.5666,190.6633,187.215,190.1933,1521312.0
1554076800,191.6666,193.2843,190.9366,191.8466,1694031.0
1554163200,193.0,193.2633,191.7033,191.9933,1727265.0
1554249600,192.99,193.4166,191.3466,192.0866,1401522.0
1554336000,192.3866,192.3866,186.6,190.0933,1938669.0
1554422400,191.5066,192.6466,190.8966,191.9066,1356096.0
1554681600,191.4866,192.955,189.1988,192.78,1509678.0
1554768000,192.4566,193.85,192.0133,193.1266,1478616.0
1554854400,193.1966,195.6166,191.67,195.2966,1381326.0
1554940800,195.2966,195.52,192.4766,194.8766,1161894.0
1555027200,195.9933,196.44,193.5833,194.2833,1127691.0
1555286400,195.1466,195.4433,191.6866,192.27,1538133.0
1555372800,194.03,194.1633,185.93,187.1433,2601231.0
1555459200,188.3333,188.5833,173.89,175.0,5046841.0
1555545600,176.6666,179.2683,174.5133,176.02,7192729.0
1555891200,166.6333,168.6233,162.22,163.6867,11249608.0
1555977600,165.3267,167.7666,162.4728,166.8066,5794471.0
1556064000,168.3333,170.5566,167.0,169.38,4625277.0
1556150400,171.0433,173.9333,169.6033,172.5933,4039572.0
1556236800,173.83,174.7956,170.67,173.0366,2105400.0
1556496000,173.3333,174.0,169.9733,170.1133,2165883.0
1556582400,170.59,171.2033,169.4966,170.21,2018529.0
1556668800,170.5366,170.6666,165.51,165.6833,2824338.0
1556755200,165.4867,168.7033,165.3333,167.37,2431563.0
1556841600,168.8233,169.7666,168.11,169.3133,1387365.0
1557100800,165.7133,169.63,165.5633,169.4933,2269701.0
1557187200,167.6,168.3333,163.0717,163.77,3519096.0
1557273600,163.77,166.6667,161.0159,165.2333,2474799.0
1557360000,163.51,165.7133,161.6667,165.3533,2092551.0
1557446400,164.4967,166.0667,160.86,165.1033,2018637.0
1557705600,160.8367,161.97,158.8667,159.5833,2782818.0
1557792000,160.6033,164.23,160.6033,162.45,1688025.0
1557878400,161.8,163.93,161.22,163.0467,1300713.0
1557964800,163.3,166.5967,163.1667,163.91,1792137.0
1558051200,163.04,165.6144,161.6767,163.38,1394343.0
1558310400,162.2167,162.8,160.0433,161.0733,1923843.0
1558396800,162.5433,164.3317,160.955,161.1867,1725504.0
1558483200,161.0067,163.2667,160.1967,161.79,1555686.0
1558569600,160.8367,160.85,155.88,157.9267,3433827.0
1558656000,158.4633,159.6333,157.21,158.8433,2324481.0
1559001600,158.45,161.23,156.99,157.0733,2719212.0
1559088000,156.4333,158.21,155.78,157.31,2087127.0
1559174400,157.5667,160.25,157.3167,159.0733,1434831.0
1559260800,156.1867,157.1617,154.3133,154.95,2552865.0
1559520000,154.28,156.0,151.7167,152.7567,3469752.0
1559606400,154.6,158.26,154.16,158.1433,2300829.0
1559692800,159.79,161.9217,159.18,161.6867,3245685.0
1559779200,161.6867,162.9367,160.1533,161.7467,1766457.0
1559865600,162.1533,166.625,161.7867,166.3467,2534163.0
1560124800,166.8666,172.0233,166.8666,169.9066,4415040.0
1560211200,170.9066,172.1716,167.5266,168.8533,2270775.0
1560297600,168.5933,169.95,166.5767,167.3066,1712535.0
1560384000,167.9633,169.2533,166.965,168.5333,1296030.0
1560470400,167.4933,168.3333,163.6667,165.5133,1925004.0
1560729600,166.1667,169.1133,166.0,169.05,1840707.0
1560816000,170.0,172.9766,169.1866,172.4266,2490240.0
1560902400,172.0766,174.2,170.9333,173.98,1598127.0
1560988800,175.0,177.94,174.67,177.6833,2682876.0
1561075200,176.7033,176.74,173.84,175.7433,3310833.0
1561334400,176.0,176.9566,175.0616,175.2666,1955220.0
1561420800,175.3333,175.69,173.055,173.51,2030469.0
1561507200,174.5133,174.5133,170.2633,171.24,1397070.0
1561593600,172.3766,173.3333,169.8433,172.5866,1246002.0
1561680000,172.6466,174.9966,171.0,174.85,1835184.0
1561939200,177.3333,178.3333,175.3233,176.4366,1204446.0
1562025600,176.34,177.17,174.4033,176.5066,1830780.0
1562112000,176.6666,180.1516,176.1733,179.06,1459749.0
1562284800,177.34,179.6666,175.61,179.0833,1296276.0
1562544000,178.21,178.21,176.4066,177.72,1396035.0
1562630400,176.3366,177.5466,175.4366,176.09,1912851.0
1562716800,176.6666,179.19,176.3566,177.4266,2476896.0
1562803200,178.03,179.2733,177.5466,178.6666,1207485.0
1562889600,177.07,177.07,173.5033,175.4166,2198610.0
1563148800,176.3433,178.0766,175.5333,175.9166,1276647.0
1563235200,175.7066,176.7833,171.42,171.8533,2708034.0
1563321600,172.1733,175.61,172.1733,174.5,2050623.0
1563408000,174.1666,179.0733,173.7966,178.8766,2558022.0
1563494400,177.75,181.6166,175.1233,176.27,4262604.0
1563753600,178.0,179.6366,176.0366,178.5,1962882.0
1563840000,177.38,180.0,176.3731,179.2633,2017590.0
1563926400,178.5766,181.27,177.6366,181.0133,1904100.0
1564012800,179.43,180.0,176.6966,177.23,1751439.0
1564099200,177.8066,178.0,174.6533,175.8766,1377417.0
1564358400,176.1966,176.8633,174.3333,176.5366,1078845.0
1564444800,175.3966,178.3633,175.1833,177.2133,1222803.0
1564531200,177.0066,177.0566,171.67,173.17,1779837.0
1564617600,173.4966,177.6333,172.2166,174.65,1851159.0
1564704000,173.43,173.96,169.8052,171.2,2204799.0
1564963200,167.0833,167.6633,162.2867,163.82,2611191.0
1565049600,164.79,168.16,164.2533,167.9233,1960449.0
1565136000,166.41,169.1116,164.4633,168.4533,1475136.0
1565222400,169.8666,173.2133,169.1366,173.1366,1385427.0
1565308800,172.03,172.88,169.3466,171.8333,1154967.0
1565568000,171.0,172.2533,169.3366,169.96,1089969.0
1565654400,169.3033,173.6566,167.6666,172.6666,1523781.0
1565740800,170.1666,171.0804,166.6667,166.82,1867395.0
1565827200,167.78,169.1666,165.0283,166.6233,1491144.0
1565913600,168.3166,168.3333,164.47,165.15,2912892.0
1566172800,167.8333,167.8333,162.895,165.1667,3060180.0
1566259200,165.88,166.6667,164.1283,165.9433,2085537.0
1566345600,167.1666,168.2733,166.6667,167.0933,1218159.0
1566432000,167.3333,167.938,165.2,166.7566,1107864.0
1566518400,166.3267,167.3266,160.6667,161.5267,2095254.0
1566777600,163.2867,163.7433,160.8651,163.6967,1442208.0
1566864000,165.0,166.63,164.08,165.0067,1638252.0
1566950400,164.0,167.6366,164.0,167.0833,1803996.0
1567036800,168.56,170.1666,167.65,169.3866,1315533.0
1567123200,170.13,171.2166,169.35,170.4466,1750329.0
1567468800,168.41,169.9366,163.3633,164.6467,2682261.0
1567555200,165.78,166.3497,163.1134,165.4067,1452111.0
1567641600,167.2266,171.0,166.3267,169.39,1878060.0
1567728000,169.8166,170.0466,167.3333,168.42,1875639.0
1567987200,168.0266,168.6666,165.31,165.5633,1586154.0
1568073600,165.0,167.6,162.6667,167.4333,2410440.0
1568160000,168.1766,175.0033,167.4333,174.2733,2964117.0
1568246400,174.54,175.9933,173.7541,174.3733,1847274.0
1568332800,174.5466,175.6566,173.1133,174.4066,1150761.0
1568592000,172.9266,174.79,171.3466,174.5466,1266060.0
1568678400,175.0,177.4933,173.7466,176.7233,1856610.0
1568764800,176.1033,177.06,174.51,176.9233,1716219.0
1568851200,176.4533,179.3333,176.0833,176.4833,1370466.0
1568937600,175.68,178.96,175.33,177.0533,2099601.0
1569196800,176.4866,178.1166,175.4733,175.9866,1503531.0
1569283200,177.3333,182.0833,176.0266,180.4866,3743880.0
1569369600,180.0066,181.8066,177.5666,181.67,2386950.0
1569456000,181.6666,182.4766,178.8466,181.0966,1953999.0
1569542400,182.3566,183.0,177.1233,177.91,1449114.0
1569801600,178.6433,181.3533,178.442,179.9766,1440822.0
1569888000,179.98,180.98,176.0666,176.2,1393230.0
1569974400,176.0,176.09,168.765,170.63,2848311.0
1570060800,170.76,173.0766,167.3366,173.0233,1787199.0
1570147200,174.1133,176.5133,173.6566,176.3933,1350681.0
1570406400,176.1466,176.8699,175.21,175.5333,926907.0
1570492800,174.0833,174.7349,169.5133,169.6666,1714656.0
1570579200,171.5866,172.2566,170.368,171.3733,1137669.0
1570665600,170.4733,172.2231,169.5766,170.41,1174704.0
1570752000,172.6666,175.96,172.4283,172.6766,1894629.0
1571011200,172.88,174.6,172.6866,172.96,880203.0
1571097600,173.9633,176.78,173.83,176.07,1283913.0
1571184000,175.64,177.9,175.0,176.7466,1224150.0
1571270400,178.23,178.9966,176.152,176.4666,2263965.0
1571356800,182.3333,189.9933,181.8542,188.75,6992617.0
1571616000,188.07,188.6133,186.3439,187.5666,2666412.0
1571702400,185.7166,186.4766,178.3033,178.5833,2981400.0
1571788800,178.3933,181.4799,178.3933,179.95,1759560.0
1571875200,181.0,183.28,178.72,182.65,1627902.0
1571961600,182.3333,184.5033,180.1966,183.09,1265010.0
1572220800,182.74,187.0966,182.0033,186.2166,1555017.0
1572307200,184.98,188.2366,184.2273,185.39,1284627.0
1572393600,185.1833,186.0,183.3333,185.44,1356183.0
1572480000,184.57,186.3333,182.5583,184.3166,1161972.0
1572566400,185.82,187.6166,184.0016,186.4566,1704414.0
1572825600,187.5033,187.94,186.15,186.9533,1240698.0
1572912000,186.81,189.5966,186.5,187.79,2273466.0
1572998400,187.7033,189.33,184.59,184.72,1462461.0
1573084800,186.07,186.31,182.6766,183.9633,1373793.0
1573171200,183.7766,185.12,182.4333,182.9833,1071243.0
1573430400,181.7,182.6133,180.0583,181.6,1509750.0
1573516800,181.6666,184.5533,181.6666,183.12,1403103.0
1573603200,180.8,183.7366,180.6133,183.51,1670244.0
1573689600,183.4566,186.8766,183.05,184.8133,1781289.0
1573776000,186.4333,189.85,185.6666,189.8466,2543943.0
1574035200,189.6666,192.6666,189.1833,189.6966,2542311.0
1574121600,190.0,193.3866,189.1733,192.6,1977783.0
1574208000,192.2233,194.33,189.4022,190.8433,1630176.0
1574294400,189.3333,190.6633,187.6833,190.6066,1390422.0
1574380800,190.5666,190.6866,187.475,189.83,1223292.0
1574640000,190.7266,193.8633,190.2433,193.8333,1948518.0
1574726400,192.5966,195.5,192.0,195.3333,2954616.0
1574812800,195.52,197.9033,195.52,197.0833,1918008.0
1574985600,196.6666,198.055,196.0033,197.6333,887472.0
1575244800,197.3333,197.6333,194.5,195.7933,1893012.0
1575331200,192.93,193.9166,191.96,193.0766,1597953.0
1575417600,193.4133,194.945,192.74,194.11,1039608.0
1575504000,194.24,195.1906,193.175,193.6033,1424178.0
1575590400,194.8766,196.2166,194.1533,195.19,1566342.0
1575849600,194.58,195.45,190.8566,191.0566,2408238.0
1575936000,191.52,192.64,190.97,191.79,1109541.0
1576022400,192.6733,192.7833,190.9866,191.5966,1067634.0
1576108800,191.8333,194.8733,190.9566,193.6566,1162281.0
1576195200,193.6333,194.7798,192.5275,193.2166,1088862.0
1576454400,195.0,197.108,194.0066,196.68,1759095.0
1576540800,196.9,198.6666,195.7,197.9066,1873506.0
1576627200,197.42,198.6816,196.9534,197.4233,1639338.0
1576713600,198.2066,198.2066,195.4033,196.2366,1729383.0
1576800000,197.15,197.7666,195.82,197.1033,3352173.0
1577059200,197.3333,199.6666,196.1033,199.14,1233681.0
1577145600,198.6666,199.7733,197.77,199.6033,838878.0
1577318400,199.6333,199.6666,197.6666,199.3466,996429.0
1577404800,199.46,200.5328,198.5566,199.2933,1287162.0
1577664000,199.3333,200.33,196.67,197.1066,1133070.0
1577750400,197.0966,197.99,196.08,197.05,1344156.0
1577923200,198.5666,199.2766,196.9283,199.0866,1602672.0
1578009600,196.06,198.1933,194.0533,197.78,1256730.0
1578268800,196.6666,199.2066,195.9833,198.5866,1574277.0
1578355200,196.65,196.65,191.2466,194.2666,3516732.0
1578441600,193.8466,195.1233,192.1966,193.9266,2679198.0
1578528000,195.8366,196.5833,194.0266,195.2633,2996799.0
1578614400,201.8333,205.52,199.2966,199.5733,3848172.0
1578873600,200.1633,202.3066,199.6153,201.04,1845732.0
1578960000,200.9066,201.4336,199.1983,200.8966,1336026.0
1579046400,200.8966,201.83,198.6666,199.08,1296600.0
1579132800,200.53,201.2666,197.6866,199.43,1496730.0
1579219200,200.1833,200.2766,198.0,200.01,1777767.0
1579564800,199.43,200.8333,199.1185,200.55,1504083.0
1579651200,201.6666,204.8316,200.8366,203.4133,2031651.0
1579737600,203.95,205.0,202.1983,205.0,2941503.0
1579824000,201.6,201.6666,194.61,196.4,6267124.0
1580083200,190.6366,190.9966,186.42,189.1666,4479669.0
1580169600,190.11,191.1466,189.1666,189.91,2549982.0
1580256000,191.6666,192.57,189.3333,190.47,1694595.0
1580342400,189.55,191.58,186.06,190.28,2236620.0
1580428800,189.2833,190.07,185.0083,186.5933,2303586.0
1580688000,187.4333,188.7466,186.1966,188.54,2771571.0
1580774400,192.0566,194.9966,190.8866,191.3566,1844643.0
1580860800,193.7866,193.8333,190.9266,192.1866,1548405.0
1580947200,192.6666,194.5433,191.7733,193.85,1329972.0
1581033600,193.78,194.3366,192.781,193.1433,1806585.0
1581292800,192.9566,195.0333,192.231,194.9766,1208901.0
1581379200,196.2166,196.8666,195.2533,195.94,1292904.0
1581465600,197.19,198.3233,196.1266,197.6133,1397931.0
1581552000,199.6666,200.3,197.5033,200.1166,2262096.0
1581638400,200.3333,201.4466,198.1383,201.12,1911300.0
1581984000,200.4433,201.6666,199.9033,201.5566,1629123.0
1582070400,198.7133,206.19,198.7133,204.96,2213355.0
1582156800,203.6633,206.3333,202.5733,206.0966,1909929.0
1582243200,204.12,204.9766,202.2316,204.36,2202420.0
1582502400,196.8166,198.81,192.8433,193.39,2545380.0
1582588800,194.6466,195.0833,185.2933,186.1733,2651991.0
1582675200,188.3333,191.27,186.2733,186.51,2239281.0
1582761600,183.4633,186.83,181.3933,181.54,3200406.0
1582848000,175.97,178.95,172.8526,177.9866,5829706.0
1583107200,178.65,186.5266,177.4066,186.3566,2843415.0
1583193600,185.5733,191.6666,181.265,186.09,3081537.0
1583280000,189.3333,194.5733,187.665,194.3,2202144.0
1583366400,190.5966,192.2578,186.8431,189.4566,2871804.0
1583452800,183.3333,186.4933,179.36,185.0466,3102381.0
1583712000,171.7133,175.9666,167.0,170.22,3455454.0
1583798400,176.89,179.6466,168.52,179.1333,2936052.0
1583884800,173.3333,174.1866,167.5866,169.85,3015279.0
1583971200,162.0933,166.0667,152.02,152.51,5081995.0
1584057600,159.3433,160.7682,144.19,156.9933,5606272.0
1584316800,138.7733,149.17,134.08,134.7633,5371654.0
1584403200,137.6633,143.0133,123.3333,141.8267,5773237.0
1584489600,133.1667,136.12,122.6867,135.5667,6622150.0
1584576000,133.7533,144.63,124.0,136.0667,4805172.0
1584662400,138.9467,144.8033,130.43,131.3967,4265301.0
1584921600,127.3333,130.2633,120.1667,122.5833,4781238.0
1585008000,132.9733,144.545,132.3633,143.9667,5644150.0
1585094400,144.4333,161.3267,143.3333,153.4367,5216671.0
1585180800,154.21,168.2,154.21,167.1566,4961880.0
1585267200,159.5833,168.8,158.8937,163.47,4865604.0
1585526400,163.3333,168.96,161.4333,168.0733,2829783.0
1585612800,166.2833,169.8,164.0967,165.07,3420048.0
1585699200,153.42,158.3333,150.09,152.7533,4517502.0
1585785600,150.0,157.9883,150.0,155.9067,2672544.0
1585872000,154.7733,156.88,150.0,154.1567,3269415.0
1586131200,163.1633,167.8,159.01,166.7466,3802941.0
1586217600,173.3333,174.78,161.9617,163.33,4463673.0
1586304000,165.0,171.5566,162.01,170.1666,3145986.0
1586390400,170.5633,171.7333,163.5833,167.93,4174059.0
1586736000,165.4133,166.6833,162.7233,164.8433,2311611.0
1586822400,167.09,171.48,166.31,169.3133,3236130.0
1586908800,165.2033,171.095,163.6867,170.3333,2517621.0
1586995200,171.6266,171.98,165.1833,170.1466,2806800.0
1587081600,173.3666,176.0333,165.37,175.4433,4097058.0
1587340800,174.5,176.5,172.55,172.7766,2157654.0
1587427200,168.7266,170.4158,162.6667,165.5433,2728674.0
1587513600,167.92,171.4766,166.4367,170.71,2332266.0
1587600000,171.7066,174.6666,170.526,171.0733,2279958.0
1587686400,173.01,173.4966,169.5533,171.6433,1553862.0
1587945600,174.15,174.4016,171.0,172.3666,1280139.0
1588032000,171.9566,173.0,166.6667,167.8166,2001258.0
1588118400,170.8966,175.39,168.68,173.24,2139528.0
1588204800,172.5,172.6666,169.48,170.2933,1687776.0
1588291200,167.6666,168.99,164.0,166.2867,2041539.0
1588550400,165.8,168.1233,165.1833,167.33,1493244.0
1588636800,169.9166,173.0,168.19,170.9533,1518855.0
1588723200,171.77,174.34,169.29,170.6166,1469373.0
1588809600,174.0166,178.8466,172.5466,178.6466,2835981.0
1588896000,180.9733,181.48,178.2466,179.2566,2776233.0
1589155200,177.3333,180.0,176.5,179.7,2318586.0
1589241600,178.6633,180.2333,174.28,174.2866,1482642.0
1589328000,174.08,175.7233,167.3333,169.6433,2297385.0
1589414400,167.26,172.8233,167.0433,172.4233,1605597.0
1589500800,171.3533,173.47,170.3966,173.47,1386369.0
1589760000,177.1733,182.115,176.4766,179.47,1758813.0
1589846400,180.1233,180.9866,176.8666,177.0,1193037.0
1589932800,180.0,185.1533,179.16,184.1033,1965045.0
1590019200,183.4833,184.8,181.27,181.9833,1396038.0
1590105600,182.32,187.71,181.3,187.6,1669485.0
1590451200,191.6666,194.16,186.6666,187.03,2469456.0
1590537600,188.8333,189.0733,183.115,188.2433,1863144.0
1590624000,187.55,195.2033,187.55,190.7966,2467587.0
1590710400,191.3333,193.8633,189.0,193.3433,2686953.0
1590969600,191.6,193.5733,190.2088,191.53,1435176.0
1591056000,191.8933,193.52,189.65,193.27,1488333.0
1591142400,193.1666,194.8666,191.3233,191.4866,1938381.0
1591228800,191.3266,191.3266,186.3933,188.0833,2490984.0
1591315200,189.2866,200.4016,189.1666,197.5866,3038703.0
1591574400,196.8666,197.9066,194.8022,197.5666,1816725.0
1591660800,195.02,197.5833,194.26,194.84,1488738.0
1591747200,191.4566,196.6766,190.428,195.1266,1739208.0
1591833600,191.3233,192.23,182.3766,182.61,2647482.0
1591920000,187.6766,189.78,181.84,186.1366,2017917.0
1592179200,182.1666,190.66,181.6233,190.4266,1846797.0
1592265600,195.96,196.4233,190.8533,191.69,1934571.0
1592352000,193.4466,195.21,192.1933,192.83,1165305.0
1592438400,192.7333,195.2533,192.33,195.18,1237278.0
1592524800,197.2366,198.445,193.2233,195.8433,3468321.0
1592784000,196.0866,196.76,194.1633,196.32,1607313.0
1592870400,197.0,198.7666,195.6666,196.1733,1259940.0
1592956800,194.21,194.3366,184.1433,184.9866,2878995.0
1593043200,185.5666,185.7633,181.01,185.0366,2148870.0
1593129600,185.5233,185.9571,181.6216,183.2833,1975863.0
1593388800,184.5033,184.9966,181.3866,184.59,1342962.0
1593475200,184.8833,191.1266,183.9933,189.9433,2176251.0
1593561600,190.6666,192.33,189.03,191.8466,1394100.0
1593648000,194.0966,194.4807,192.2766,193.4933,1540221.0
1593993600,196.2933,197.1233,193.7,194.88,1486317.0
1594080000,193.2333,195.6433,191.7133,191.78,1151091.0
1594166400,192.9866,194.3566,191.87,193.6533,1145787.0
1594252800,193.0733,194.4066,189.3333,191.49,1448466.0
1594339200,191.5666,192.37,189.17,191.9566,929808.0
1594598400,193.0533,196.2616,190.0,190.43,1550742.0
1594684800,189.88,195.4933,188.7366,195.1133,1654371.0
1594771200,197.0833,203.0,196.86,202.6,2371056.0
1594857600,201.5666,204.2566,198.786,201.4166,2088321.0
1594944000,203.3333,218.2666,202.12,216.9133,4995486.0
1595203200,215.1466,223.8766,210.5233,222.5133,3292125.0
1595289600,222.4106,225.021,217.5166,219.3833,3466341.0
1595376000,223.15,228.2816,220.0066,227.1133,3396519.0
1595462400,228.2633,233.2399,223.9066,228.85,2461986.0
1595548800,221.71,225.7,219.66,225.11,2371146.0
1595808000,224.3566,229.9433,222.6933,228.45,1674993.0
1595894400,226.6666,228.3333,224.75,226.5633,1289151.0
1595980800,227.5733,234.6666,226.6683,231.93,2403180.0
1596067200,229.6533,230.7633,226.7033,229.13,1640937.0
1596153600,229.2833,230.2133,225.24,228.48,1641852.0
1596412800,228.5833,231.08,228.4566,229.6466,1468662.0
1596499200,229.0766,229.8033,227.1666,227.8333,1196556.0
1596585600,229.2166,232.5216,228.44,230.9633,1414086.0
1596672000,230.0666,230.8433,225.3633,230.4166,1010973.0
1596758400,230.34,231.3666,226.6733,228.6166,1110357.0
1597017600,228.2466,228.4466,225.33,227.6666,904830.0
1597104000,228.6633,228.6633,223.8747,225.0,1005990.0
1597190400,225.4133,228.665,224.2566,227.6966,1437663.0
1597276800,227.5733,231.3333,226.696,230.1866,823866.0
1597363200,230.8466,230.8466,227.1166,228.1733,887859.0
1597622400,228.34,231.6866,228.1133,231.3333,1263960.0
1597708800,230.5433,232.065,230.245,230.7966,1216542.0
1597795200,231.6666,233.0,229.8866,230.47,1518534.0
1597881600,229.75,231.735,229.0033,231.0166,868686.0
1597968000,230.18,231.6583,228.8941,231.2933,1589529.0
1598227200,233.0,233.9866,229.7633,231.9133,1582173.0
1598313600,231.9266,233.6166,231.3943,233.1666,1490130.0
1598400000,233.3333,233.8266,230.93,233.33,1538064.0
1598486400,233.61,239.37,230.705,236.4633,2591118.0
1598572800,237.78,243.3166,236.23,242.3366,1940664.0
1598832000,241.0566,244.8166,240.3333,243.6133,1807620.0
1598918400,244.15,247.48,242.4366,247.19,1563933.0
1599004800,247.3366,259.61,246.11,255.0366,3234171.0
1599091200,250.9533,252.3266,241.3766,247.2033,3251790.0
1599177600,247.7033,249.9492,239.2509,245.0933,2487795.0
1599523200,236.6666,239.29,230.675,231.39,3124155.0
1599609600,234.4533,242.2363,234.0516,239.8266,1850718.0
1599696000,239.5,242.8966,233.7566,235.2,1563852.0
1599782400,237.9433,238.51,232.6633,234.18,1300272.0
1600041600,237.47,240.7133,237.0468,238.78,1168830.0
1600128000,241.4166,242.0525,237.045,238.5233,1135533.0
1600214400,240.1066,241.1766,229.8866,230.4633,2312397.0
1600300800,228.4033,230.0966,224.4966,226.9566,2459202.0
1600387200,226.3333,228.382,216.4738,218.5233,4024665.0
1600646400,216.0333,216.0333,211.0966,213.9833,2353020.0
1600732800,216.1533,222.48,213.88,222.0066,3708552.0
1600819200,225.21,225.4,218.3933,219.1366,1876476.0
1600905600,217.38,221.2266,215.8466,219.1766,1244877.0
1600992000,218.22,225.9733,217.6666,224.5766,1566828.0
1601251200,228.3333,231.8533,226.6766,231.0533,1951395.0
1601337600,232.6666,238.63,230.1833,230.9766,1626087.0
1601424000,232.3833,239.2966,230.1833,236.5133,1895343.0
1601510400,237.7033,239.4757,234.6716,236.84,1243953.0
1601596800,233.36,235.8566,230.7003,232.0933,1603341.0
1601856000,233.0333,236.1866,232.274,235.9,1206459.0
1601942400,236.51,238.74,232.0983,233.0066,1235925.0
1602028800,236.1466,240.6633,236.1466,240.0933,1180401.0
1602115200,241.6666,242.8733,240.04,241.0066,1111014.0
1602201600,243.2933,247.09,242.6666,246.0633,1240389.0
1602460800,249.58,253.0083,247.7433,251.89,2265630.0
1602547200,251.9733,253.6833,249.91,251.7833,1633668.0
1602633600,253.1033,255.3933,248.72,250.36,1914933.0
1602720000,247.3566,251.7984,246.6666,247.0,2787534.0
1602806400,241.6666,253.6275,238.76,250.8933,3096705.0
1603065600,251.75,257.2066,243.1233,245.3733,1732989.0
1603152000,245.3733,248.5166,243.3,244.3333,1199367.0
1603238400,243.6,244.8866,240.8633,242.8266,1838574.0
1603324800,243.2066,246.1133,241.2966,244.3133,935100.0
1603411200,246.11,246.665,242.4983,245.16,845040.0
1603670400,242.36,243.2551,233.56,237.2566,1540944.0
1603756800,237.84,242.6833,237.1233,240.3,975012.0
1603843200,234.7733,235.0466,229.2633,229.2666,1691883.0
1603929600,230.0,231.49,227.7888,228.76,2658363.0
1604016000,227.4,228.6666,217.6666,222.36,2990148.0
1604275200,226.8733,227.6666,223.0966,225.3266,1865586.0
1604361600,228.0,232.26,226.94,227.3333,1879389.0
1604448000,236.2266,239.32,233.5691,236.55,2760969.0
1604534400,244.8466,244.93,239.555,242.76,1606095.0
1604620800,243.1366,245.7983,240.0833,244.6233,1218126.0
1604880000,251.9266,264.18,251.9266,257.8166,3383823.0
1604966400,257.0133,257.2366,247.3333,249.8333,1922598.0
1605052800,251.51,253.2767,245.3733,245.85,1555950.0
1605139200,248.0566,250.5933,245.6566,246.9233,1241574.0
1605225600,249.4433,251.7733,248.2433,251.1266,862473.0
1605484800,253.3333,254.68,249.3733,252.73,1561125.0
1605571200,249.3233,250.76,246.8816,249.7166,1152972.0
1605657600,249.08,249.2433,244.3333,244.46,1302039.0
1605744000,243.5866,245.81,241.1633,244.65,1141608.0
1605830400,243.67,245.085,242.21,243.58,1169016.0
1606089600,243.8266,244.6816,237.69,239.6833,1503153.0
1606176000,242.3,242.8833,240.34,241.6133,1761714.0
1606262400,243.1,244.2466,241.6233,242.1233,1029003.0
1606435200,245.1233,245.19,242.0,243.2733,796164.0
1606694400,241.8033,244.63,240.3333,242.0166,2353932.0
1606780800,244.4333,245.5066,240.6166,244.55,1556949.0
1606867200,243.67,251.4,243.67,250.4266,1761141.0
1606953600,250.6633,254.75,249.6233,252.9066,1634346.0
1607040000,251.1566,260.6316,251.1566,260.1133,1661634.0
1607299200,259.3333,260.1766,254.1066,254.7966,1732407.0
1607385600,254.2866,255.86,251.6666,255.1166,1276179.0
1607472000,255.87,255.87,250.0333,251.17,1587465.0
1607558400,251.8666,255.6,249.36,252.69,1488621.0
1607644800,251.3833,253.9666,248.6266,253.3333,1637580.0
1607904000,254.6666,260.21,254.0166,254.93,1794399.0
1607990400,252.3366,257.1866,251.6666,256.1633,1297842.0
1608076800,255.25,256.6533,254.0183,255.3533,1078890.0
1608163200,257.1266,260.415,255.75,259.9266,1306620.0
1608249600,262.2633,263.6,258.3466,263.03,2622879.0
1608508800,259.3366,263.3266,256.06,263.09,1542003.0
1608595200,263.37,272.28,262.7566,271.75,2246193.0
1608681600,272.3366,275.6033,269.51,269.8833,1932915.0
1608768000,270.2366,270.78,267.67,269.0,489804.0
1609113600,272.7366,273.33,265.74,268.3866,1229610.0
1609200000,270.79,273.4333,269.045,271.3566,1120251.0
1609286400,273.33,274.05,270.6783,271.7666,775596.0
1609372800,271.84,273.675,270.1024,272.7,1160664.0
1609718400,275.28,275.28,262.96,266.6666,1781586.0
1609804800,264.63,270.4633,263.13,268.35,1364022.0
1609891200,265.0933,266.6666,262.2866,264.2633,2071377.0
1609977600,266.29,270.135,263.3333,269.4033,1285461.0
1610064000,268.0733,275.1316,268.02,272.9166,1428585.0
1610323200,272.81,272.81,267.9467,271.2166,1644735.0
1610409600,270.4466,271.01,262.7666,262.81,1903857.0
1610496000,262.4566,274.6666,262.0,270.4833,2550423.0
1610582400,271.43,271.9233,265.0166,265.7133,1460775.0
1610668800,266.6866,267.3533,259.0,259.4733,2318544.0
1611014400,261.6966,264.0,258.4737,259.47,1921368.0
1611100800,261.85,267.2233,260.5433,266.19,1648416.0
1611187200,265.4433,267.3333,260.8666,266.2233,1980189.0
1611273600,261.0133,263.0733,247.8433,248.0266,5299339.0
1611532800,249.1366,251.55,245.2133,250.67,3307209.0
1611619200,251.4933,257.5433,251.005,256.55,3036951.0
1611705600,253.4666,256.4633,248.9867,252.91,2317536.0
1611792000,255.6833,259.4133,254.9766,255.12,1721286.0
1611878400,251.4546,253.7233,247.1666,249.2133,1890336.0
1612137600,250.6666,253.6233,246.6666,248.7033,1884078.0
1612224000,251.22,256.1633,251.22,252.6133,1654410.0
1612310400,251.6633,252.5866,248.2033,248.4666,1532115.0
1612396800,250.0,254.88,248.42,252.35,2277081.0
1612483200,254.8666,255.4433,253.5,254.0833,1307157.0
1612742400,256.0866,258.3466,253.9533,256.6633,1287435.0
1612828800,257.6633,262.97,256.9266,259.7833,1516623.0
1612915200,262.3333,264.8366,259.6385,262.6966,1681977.0
1613001600,264.6666,266.8,262.74,266.2766,1283847.0
1613088000,266.42,269.4733,264.5972,269.27,1291338.0
1613433600,270.0,270.93,262.9633,263.9833,2019861.0
1613520000,260.6666,262.8,258.14,260.02,1118193.0
1613606400,258.19,258.8066,252.5966,255.8433,1931970.0
1613692800,257.75,257.75,249.8933,250.05,2239029.0
1613952000,250.5966,250.93,245.6666,247.1333,1911231.0
1614038400,247.3333,249.5433,244.0333,248.2366,2106345.0
1614124800,247.91,253.2233,246.095,252.9033,1320669.0
1614211200,251.62,252.9633,243.9666,247.2633,1336245.0
1614297600,247.9666,249.2347,242.1033,245.6,2007417.0
1614556800,249.68,253.59,248.555,253.07,1677681.0
1614643200,253.3333,253.3333,248.9266,250.0,1172979.0
1614729600,248.6866,248.6866,240.4936,242.3833,1521351.0
1614816000,241.6666,242.4133,233.01,236.39,2427678.0
1614902400,237.4166,239.48,229.08,237.79,2277414.0
1615161600,235.1166,236.8566,227.4666,228.3,1917576.0
1615248000,232.5133,236.75,230.0033,234.2666,2090769.0
1615334400,240.3266,242.5366,237.61,239.9366,2198130.0
1615420800,243.4533,246.3266,241.4523,244.0,1492920.0
1615507200,240.3733,245.47,240.0,244.6633,1467165.0
1615766400,242.44,245.85,241.6833,245.02,1202760.0
1615852800,246.8033,247.1666,240.5033,242.21,1277475.0
1615939200,241.4433,242.99,237.6,241.5466,1056459.0
1616025600,238.5733,239.8566,231.6866,233.1066,1940772.0
1616112000,233.8333,238.24,231.7966,235.83,2377704.0
1616371200,235.9066,240.385,234.38,238.2433,1309698.0
1616457600,238.8366,240.3266,235.8833,236.94,1005012.0
1616544000,237.3333,240.1133,235.1633,237.0233,1452348.0
1616630400,236.883,238.14,231.2066,234.8333,1380102.0
1616716800,235.6933,243.9466,234.9166,243.5833,1707765.0
1616976000,243.15,244.7133,239.1083,241.3166,1351050.0
1617062400,239.7033,242.9966,238.1733,242.1633,1442496.0
1617148800,242.8533,247.9766,242.42,246.3133,1695303.0
1617235200,249.9966,252.69,248.6266,249.2,1357707.0
1617580800,250.07,256.8766,250.07,255.31,1697742.0
1617667200,255.71,258.755,253.6,255.6166,1155801.0
1617753600,255.7966,257.005,253.19,253.6733,1101093.0
1617840000,255.3166,258.0333,255.3166,256.7833,906069.0
1617926400,257.86,262.1066,256.16,261.4933,1065981.0
1618185600,259.3766,261.8866,259.105,259.7533,1008585.0
1618272000,259.65,265.6083,259.65,264.8233,1286346.0
1618358400,264.0,266.7483,261.6,261.9433,1113039.0
1618444800,264.22,269.3333,263.1,268.24,1236984.0
1618531200,269.2166,271.1333,267.2833,270.8566,1618452.0
1618790400,269.59,271.8933,267.5066,270.3966,1557975.0
1618876800,268.8866,274.8433,268.8833,270.37,2079501.0
1618963200,280.3066,297.93,273.3333,297.1266,6293788.0
1619049600,294.9633,295.9616,286.1866,286.5533,3643398.0
1619136000,283.73,294.305,280.9066,291.8433,2500638.0
1619395200,288.8133,290.69,286.7246,288.6466,1753548.0
1619481600,289.0,289.0,286.1666,287.1266,1531086.0
1619568000,287.5233,291.9433,286.9933,289.5966,1712103.0
1619654400,291.2333,291.2333,285.94,287.74,1154505.0
1619740800,285.6566,288.6366,285.09,288.3333,1433007.0
1620000000,291.1566,291.6633,286.7133,289.1833,1133508.0
1620086400,287.24,287.36,278.035,282.9966,1970916.0
1620172800,284.71,286.9933,278.8433,279.4666,1468398.0
1620259200,278.0866,280.8966,275.22,280.82,1263801.0
1620345600,281.7666,287.7583,281.7666,285.6966,1471788.0
1620604800,286.3433,287.3333,277.6866,278.2633,1508385.0
1620691200,274.3866,280.2716,273.6633,278.9166,1454001.0
1620777600,274.6833,275.16,268.09,270.5966,1708374.0
1620864000,271.07,275.69,271.07,273.53,1186506.0
1620950400,274.3226,279.8116,273.8366,277.7933,1086807.0
1621209600,276.26,276.26,270.5333,272.3366,2046159.0
1621296000,273.8866,274.6666,271.19,271.54,1588149.0
1621382400,267.2466,272.3433,265.9033,272.32,1473798.0
1621468800,273.8933,278.97,273.2466,277.5533,3236019.0
1621555200,280.0,281.0033,274.6933,274.9966,1521090.0
1621814400,277.6833,280.12,277.42,278.3066,2175996.0
1621900800,280.0966,282.2533,279.46,282.0033,2029053.0
1621987200,282.37,283.23,278.3983,279.7933,1485432.0
1622073600,279.5666,282.18,276.3983,278.12,3920385.0
1622160000,279.6633,284.7733,279.6633,280.7266,1575882.0
1622505600,284.2566,284.2566,276.25,278.68,1493682.0
1622592000,278.74,279.3,272.9766,273.8466,1195950.0
1622678400,270.9633,274.9466,270.37,272.2166,1261461.0
1622764800,273.8533,278.5966,273.71,277.15,1374498.0
1623024000,278.3866,281.0633,276.27,277.04,1088871.0
1623110400,278.45,280.38,275.3966,277.89,1242825.0
1623196800,278.76,281.3231,278.25,280.08,1085088.0
1623283200,281.0233,286.5433,280.38,286.38,1189263.0
1623369600,286.6666,288.1,285.1233,288.09,1335516.0
1623628800,287.43,291.1366,286.5466,290.93,1264149.0
1623715200,291.6666,291.7816,289.8866,290.7866,1311381.0
1623801600,291.4533,293.8733,288.3333,290.4733,1344558.0
1623888000,289.7466,297.09,288.794,295.0033,1567320.0
1623974400,293.51,295.3333,291.8666,292.9533,2403579.0
1624233600,294.9533,300.3166,291.86,298.0,1424001.0
1624320000,298.4233,301.0,295.6916,300.6533,1349685.0
1624406400,300.0,303.785,299.73,301.8066,1292415.0
1624492800,304.43,304.57,300.12,301.5233,1023033.0
1624579200,301.6666,304.0616,301.2166,302.7833,1303404.0
1624838400,303.26,304.85,301.5,304.1366,1245492.0
1624924800,305.0,308.68,303.66,306.9066,1241304.0
1625011200,306.6833,308.3333,304.0066,306.5466,1619391.0
1625097600,305.8433,309.3333,305.4966,309.1533,1093602.0
1625184000,310.2933,313.1566,309.77,312.72,1015587.0
1625529600,314.1833,316.43,309.1566,316.0133,1726257.0
1625616000,318.0033,320.29,316.2283,318.23,1492857.0
1625702400,313.7466,317.9366,312.1066,317.29,1366020.0
1625788800,317.29,318.3966,312.72,316.9266,1023996.0
1626048000,317.4466,320.2233,315.5066,319.6833,1031124.0
1626134400,320.7733,321.6833,318.2839,318.75,856512.0
1626220800,321.52,321.6516,317.3921,318.36,958296.0
1626307200,317.69,319.6433,315.8516,317.8866,1383852.0
1626393600,318.5466,319.6366,316.4466,316.7033,1055259.0
1626652800,314.6666,314.6666,308.8266,310.73,2106285.0
1626739200,311.65,321.9933,309.6433,318.35,2732631.0
1626825600,328.3333,329.09,308.84,314.98,2541090.0
1626912000,317.07,325.3066,315.44,324.63,1954455.0
1626998400,323.88,326.13,320.84,325.4866,1317837.0
1627257600,323.2766,324.67,318.0833,322.0333,1604451.0
1627344000,322.5433,325.0333,320.0733,325.0266,1072971.0
1627430400,325.0266,326.6666,322.9809,324.1666,971454.0
1627516800,324.3333,327.71,323.47,327.1633,949233.0
1627603200,326.37,331.6966,325.7066,330.4866,1238934.0
1627862400,331.9966,332.89,328.6766,330.85,934920.0
1627948800,331.6766,333.6666,329.68,333.2033,976902.0
1628035200,333.3333,334.0,329.9116,330.2933,1285404.0
1628121600,337.3333,341.3333,332.8933,339.7,1672050.0
1628208000,340.0,343.494,335.7466,343.34,1489266.0
1628467200,344.3633,345.35,341.9333,344.0,1086195.0
1628553600,344.63,345.0333,331.4683,331.8733,1800999.0
1628640000,333.17,335.6733,328.89,331.8833,1326363.0
1628726400,332.92,337.0366,332.16,333.3333,1577292.0
1628812800,333.8966,335.1666,332.1333,334.3466,1465287.0
1629072000,334.7366,339.6866,333.1633,339.4133,1147923.0
1629158400,338.64,346.6666,337.2034,345.0,1512486.0
1629244800,344.4766,349.6666,344.3433,346.46,1252887.0
1629331200,345.94,352.9766,344.2366,351.88,1460046.0
1629417600,352.1203,353.9432,346.97,347.94,1842030.0
1629676800,350.5733,353.2683,344.7775,348.6733,1510836.0
1629763200,350.0,352.97,346.5773,348.8966,1421781.0
1629849600,348.9,349.9999,346.35,347.9866,1324866.0
1629936000,349.3733,350.02,345.3,347.4166,1405356.0
1630022400,348.5133,350.05,344.67,345.5066,1374618.0
1630281600,347.0566,353.3166,347.0566,352.97,889869.0
1630368000,353.0433,353.9233,347.9233,351.1866,1376976.0
1630454400,351.6666,354.7883,349.1766,354.2366,1046637.0
1630540800,355.6,359.0266,355.1633,357.1766,1211598.0
1630627200,357.1033,358.7633,352.6833,357.2566,1013184.0
1630972800,357.7533,359.52,354.3333,359.3866,989019.0
1631059200,359.3333,362.3366,357.4666,360.8533,1048257.0
1631145600,361.0533,361.9533,356.55,356.67,1164024.0
1631232000,359.55,360.6816,337.6666,341.1566,3430995.0
1631491200,343.81,344.1933,337.0,342.6066,1907139.0
1631577600,344.5233,348.9566,342.66,346.3366,1651185.0
1631664000,346.6666,348.9866,343.7066,348.5066,1608339.0
1631750400,348.5266,349.1416,342.92,344.67,1540434.0
1631836800,345.0966,346.82,342.6766,345.7566,1906077.0
1632096000,341.4666,343.9566,333.35,337.9966,1987554.0
1632182400,340.2866,343.2066,337.6666,338.0133,1913778.0
1632268800,340.0,345.7733,338.3333,342.8233,1578345.0
1632355200,343.75,350.6333,343.51,348.28,1916169.0
1632441600,346.86,348.6566,343.49,347.7766,1484958.0
1632700800,346.63,346.6633,334.3333,337.9166,1909506.0
1632787200,335.1766,335.5766,326.1766,330.83,2054856.0
1632873600,331.9666,334.6783,329.67,330.7833,1371648.0
1632960000,332.49,336.7666,331.11,331.3833,1380324.0
1633046400,331.3333,340.52,325.3333,336.5,2251188.0
1633305600,333.3533,333.7159,321.0533,323.5,2108787.0
1633392000,325.93,335.08,323.6,330.07,1478158.0
1633478400,329.54,335.38,327.5,334.94,1850937.0
1633564800,341.36,346.84,337.85,338.34,1906609.0
1633651200,339.69,342.1,328.01,328.54,1368137.0
1633910400,326.5,329.21,323.84,324.18,979371.0
1633996800,328.0,329.1,321.88,324.45,1277058.0
1634083200,325.67,328.72,325.14,326.0,1867136.0
1634169600,328.39,332.78,328.32,330.95,1432563.0
1634256000,332.2,333.45,330.0,331.5,1387247.0
1634515200,330.33,332.38,323.0448,332.3,1530614.0
1634601600,338.11,345.16,332.17,336.3,3642534.0
1634688000,338.0,341.9,327.3865,339.8,2458224.0
1634774400,342.22,343.26,337.44,339.63,1338068.0
1634860800,339.75,342.82,337.64,341.52,1318992.0
1635120000,340.19,347.09,336.76,343.59,1938376.0
1635206400,346.71,351.19,343.59,348.7,1737021.0
1635292800,348.69,350.63,340.85,348.98,1684174.0
1635379200,349.24,356.63,349.24,355.61,1371941.0
1635465600,353.85,362.67,352.92,361.13,1558746.0
1635724800,361.69,365.52,354.53,355.03,1812543.0
1635811200,356.58,361.5,354.55,360.37,1046622.0
1635897600,360.29,362.92,353.96,361.49,1410210.0
1635984000,361.49,364.4,359.01,363.32,1067764.0
1636070400,363.42,369.69,359.49,364.95,1575465.0
1636329600,366.02,368.14,361.97,365.42,908151.0
1636416000,365.0,366.79,362.57,364.15,1123847.0
1636502400,363.0,367.48,357.89,359.49,1082148.0
1636588800,360.0,360.26,348.65,350.79,1376730.0
1636675200,353.68,356.665,350.47,354.93,928160.0
1636934400,355.51,357.1886,351.73,353.56,878392.0
1637020800,351.86,362.82,351.86,361.12,1182221.0
1637107200,361.12,364.22,358.0,361.42,1449220.0
1637193600,361.46,362.66,356.42,359.2,896676.0
1637280000,359.2,359.96,346.0,348.65,1680834.0
1637539200,348.0,349.0,340.43,340.72,2041454.0
1637625600,341.0,341.69,332.81,335.9,2072368.0
1637712000,335.45,340.5,331.79,339.42,993529.0
1637884800,330.67,334.95,328.04,329.23,1491805.0
1638144000,332.814,339.67,328.2,334.74,1763680.0
1638230400,335.22,336.22,321.5,324.34,2414490.0
1638316800,328.61,330.13,319.65,319.93,1673336.0
1638403200,319.93,329.52,318.44,327.32,1350000.0
1638489600,329.2,329.99,313.69,321.63,2485166.0
1638748800,321.24,325.53,314.0,323.77,2954113.0
1638835200,329.91,342.62,329.495,340.49,2138399.0
1638921600,340.85,341.99,337.125,340.8,2094993.0
1639008000,339.73,345.98,338.774,340.34,1296697.0
1639094400,343.16,346.08,341.47,344.96,1316566.0
1639353600,344.74,345.77,339.63,340.36,1530487.0
1639440000,336.51,336.51,325.6,328.24,1482261.0
1639526400,330.35,334.9,323.79,331.66,2192067.0
1639612800,338.01,341.72,333.13,334.53,2004051.0
1639699200,332.4,343.1,332.4,337.4,2633728.0
1639958400,330.38,334.2,326.06,332.11,1560432.0
1640044800,333.45,348.77,332.64,348.09,1699511.0
1640131200,346.96,362.54,346.83,362.21,1410424.0
1640217600,360.65,365.67,357.33,363.94,1022667.0
1640563200,363.46,366.53,361.61,364.58,1136634.0
1640649600,364.58,366.72,362.0259,364.54,931177.0
1640736000,365.36,369.21,364.02,365.27,897461.0
1640822400,366.09,367.65,362.81,363.3,754463.0
1640908800,363.02,366.15,358.79,359.3,1157830.0
1641168000,358.65,360.51,353.13,360.0,1573306.0
1641254400,360.0,362.0,352.57,354.63,1310958.0
1641340800,352.49,355.7,341.65,341.95,1804990.0
1641427200,339.88,341.71,333.38,334.18,1701854.0
1641513600,330.94,333.07,323.23,324.29,1747008.0
1641772800,321.18,325.81,315.25,325.53,2057509.0
1641859200,325.77,328.16,318.7386,328.02,1825352.0
1641945600,324.81,327.14,319.56,323.16,2106970.0
1642032000,324.98,325.01,312.39,313.21,1717808.0
1642118400,310.39,311.505,303.89,307.74,2299939.0
1642464000,301.37,301.48,294.67,295.49,2314658.0
1642550400,296.065,299.625,293.0,293.46,1917851.0
1642636800,296.0,304.43,291.82,292.73,2772287.0
1642723200,275.04,281.58,267.3,269.53,5584178.0
1642982400,264.62,272.78,254.2,271.98,4707679.0
1643068800,261.64,268.4,260.3,264.14,2768237.0
1643155200,269.0,275.01,261.195,264.46,3512670.0
1643241600,267.59,270.83,261.02,262.77,2585585.0
1643328000,264.42,272.04,258.12,271.79,2712774.0
1643587200,276.23,285.23,273.81,284.18,2993400.0
1643673600,285.18,289.7,281.6101,286.51,2098738.0
1643760000,292.08,295.26,289.065,292.94,2328934.0
1643846400,286.84,291.96,284.91,285.6,1920153.0
1643932800,282.85,288.29,280.46,285.73,1634052.0
1644192000,284.41,290.9,283.56,284.89,1721456.0
1644278400,283.65,285.3526,277.81,283.39,2047966.0
1644364800,287.11,292.94,287.11,292.18,2141932.0
1644451200,287.69,294.98,286.74,292.49,2882855.0
1644537600,291.53,294.48,282.2,283.16,2267399.0
1644796800,283.24,286.17,279.03,281.14,1563267.0
1644883200,285.0,290.612,284.8,289.31,1413799.0
1644969600,289.0,292.36,282.72,291.14,1797240.0
1645056000,289.47,290.0,283.5,284.08,1573497.0
1645142400,283.37,286.6,280.235,280.78,1423628.0
1645488000,278.12,287.3156,277.345,284.0,2116945.0
1645574400,284.95,286.45,275.56,276.5,1706036.0
1645660800,266.22,289.29,266.02,288.38,2733731.0
1645747200,289.08,293.62,284.65,293.51,1454887.0
1646006400,290.21,293.33,286.47,290.33,1644643.0
1646092800,289.96,293.79,287.01,291.55,1645661.0
1646179200,294.15,300.72,291.81,299.01,1748339.0
1646265600,301.22,304.2756,298.41,299.82,2098608.0
1646352000,296.71,303.0,294.72,302.28,1995954.0
1646611200,300.5,304.68,291.61,292.69,2866213.0
1646697600,286.66,288.98,268.92,269.32,3452117.0
1646784000,277.45,279.8,272.74,278.82,2080804.0
1646870400,272.89,276.72,271.0,275.72,1331160.0
1646956800,278.25,281.75,273.46,273.69,1842068.0
1647216000,272.34,277.81,262.53,263.8,2722220.0
1647302400,267.65,270.84,265.0,270.0,3024590.0
1647388800,273.55,279.77,268.71,277.85,2429890.0
1647475200,277.74,283.5,276.53,282.95,1799941.0
1647561600,283.31,291.2,278.56,290.11,3152881.0
1647820800,287.66,290.09,279.51,283.28,1645980.0
1647907200,283.11,287.91,281.74,286.44,1529268.0
1647993600,284.52,284.52,274.52,275.2,1639565.0
1648080000,276.82,281.19,273.65,281.08,1513251.0
1648166400,285.09,286.94,282.28,286.87,1435113.0
1648425600,286.04,295.4583,285.32,294.95,1963579.0
1648512000,298.35,302.505,298.35,302.0,1618904.0
1648598400,301.68,306.59,299.52,304.44,1914753.0
1648684800,305.08,307.85,301.59,301.68,2733610.0
1648771200,303.995,306.07,301.2,305.54,1470411.0
1649030400,306.5,308.97,301.09,302.25,1561520.0
1649116800,301.99,303.8,293.34,295.92,1488893.0
1649203200,290.95,291.77,283.25,288.67,1939712.0
1649289600,286.38,293.56,286.12,291.82,1329548.0
1649376000,290.04,293.0,287.08,289.86,959831.0
1649635200,286.28,286.68,278.47,278.96,1391474.0
1649721600,281.06,286.4,276.19,277.85,1138837.0
1649808000,279.17,286.25,278.6001,285.22,1133618.0
1649894400,286.1,287.15,278.95,279.7,1582532.0
1650240000,278.99,280.28,273.41,276.35,1127067.0
1650326400,278.5,295.69,278.04,294.86,2660041.0
1650412800,297.08,307.37,294.93,302.9,2161221.0
1650499200,303.32,308.0,293.81,294.57,2496811.0
1650585600,275.0,276.32,251.52,252.34,6845303.0
1650844800,250.29,259.72,250.29,255.12,3253919.0
1650931200,253.04,255.64,244.44,244.52,2484412.0
1651017600,244.44,247.93,235.07,235.35,3849143.0
1651104000,236.29,244.59,235.95,243.26,3152399.0
1651190400,241.45,246.3,238.5,239.3,2913611.0
1651449600,239.99,242.235,234.15,240.66,2421419.0
1651536000,239.5,242.0,236.14,238.11,1648169.0
1651622400,236.99,246.99,233.82,246.31,2135695.0
1651708800,242.93,244.67,231.13,233.98,3058231.0
1651795200,232.07,232.27,221.07,224.85,3014045.0
1652054400,221.55,221.55,207.18,208.71,3754694.0
1652140800,214.7,217.31,206.6,211.39,2253200.0
1652227200,210.74,217.89,208.48,210.87,2690242.0
1652313600,208.08,214.06,207.24,211.69,2035959.0
1652400000,215.0,224.68,215.0,223.69,2250577.0
1652659200,221.12,223.3,217.57,219.53,1569695.0
1652745600,223.52,226.29,220.61,225.18,1324225.0
1652832000,221.21,223.4,214.31,215.35,2031890.0
1652918400,215.06,221.17,213.96,218.14,1722882.0
1653004800,222.31,223.27,212.905,219.07,1818012.0
1653264000,222.28,222.9899,216.9,221.61,1496350.0
1653350400,219.21,219.69,214.88,218.39,1518961.0
1653436800,216.18,224.26,216.17,222.58,1466130.0
1653523200,223.41,226.06,221.135,223.3,2562930.0
1653609600,226.5,229.89,224.44,229.16,2133035.0
1653955200,228.4,230.0,224.795,227.64,2046533.0
1654041600,227.74,230.0,212.2,216.39,2426279.0
1654128000,216.4,227.34,214.07,227.21,2099595.0
1654214400,224.04,224.505,216.97,217.79,1524403.0
1654473600,221.45,222.84,215.4841,216.43,1374508.0
1654560000,215.29,222.57,214.58,221.95,1351951.0
1654646400,221.04,222.82,218.15,218.6,1104591.0
1654732800,216.35,216.965,209.91,209.95,1595463.0
1654819200,206.8,208.0,203.66,205.27,1602888.0
1655078400,199.0,200.24,193.76,194.97,3539903.0
1655164800,194.63,195.33,188.81,191.1,3184162.0
1655251200,194.0,200.15,192.36,196.13,2409501.0
1655337600,191.87,193.05,186.83,190.71,2449418.0
1655424000,191.8,195.5,189.9,192.08,3802396.0
1655769600,195.635,197.65,193.93,194.32,1859513.0
1655856000,192.91,203.7,191.9,200.62,2582487.0
1655942400,202.9,206.93,201.81,204.5,1611988.0
1656028800,207.61,209.845,203.82,209.67,2270495.0
1656288000,208.8,209.88,205.88,207.94,1900789.0
1656374400,209.02,211.47,201.17,201.99,1662380.0
1656460800,201.85,203.85,197.85,202.59,1655394.0
1656547200,201.46,203.38,197.61,200.71,2224471.0
1656633600,201.07,206.33,200.0,206.1,1459803.0
1656979200,203.06,207.32,200.12,206.75,1432902.0
1657065600,207.78,209.48,204.33,205.35,1654648.0
1657152000,204.79,209.37,204.25,208.71,1396773.0
1657238400,206.05,211.22,205.73,208.81,1149400.0
1657497600,207.48,208.14,202.49,205.72,1197561.0
1657584000,206.59,209.135,201.07,202.13,1519936.0
1657670400,198.3,204.2865,196.1,202.06,1482975.0
1657756800,200.41,204.51,197.3001,204.31,1553657.0
1657843200,207.88,211.17,207.365,210.92,2231082.0
1658102400,211.43,213.66,205.32,206.26,1523247.0
1658188800,210.45,214.615,208.81,214.44,1951975.0
1658275200,215.0,221.085,214.17,219.22,1934449.0
1658361600,220.91,225.44,219.58,224.75,2876925.0
1658448000,207.44,217.49,203.31,211.85,6588323.0
1658707200,213.21,221.8,212.27,219.17,3170937.0
1658793600,218.11,219.92,214.08,216.79,2376861.0
1658880000,219.45,226.57,219.45,225.34,2535409.0
1658966400,224.99,231.26,221.21,230.54,2218437.0
1659052800,228.65,230.95,227.0101,230.17,1941447.0
1659312000,227.31,231.495,226.57,228.54,1333351.0
1659398400,234.425,244.99,233.53,238.48,3274031.0
1659484800,239.04,243.31,236.44,242.18,1802776.0
1659571200,242.07,242.92,239.61,242.46,1180534.0
1659657600,237.68,241.68,236.55,240.32,1861078.0
1659916800,241.0,245.36,238.64,239.13,2216193.0
1660003200,238.16,238.68,232.435,232.88,1532477.0
1660089600,239.76,240.79,236.63,237.85,1942971.0
1660176000,238.38,242.56,235.23,236.02,1625052.0
1660262400,236.75,238.57,234.73,238.37,1744533.0
1660521600,237.03,239.64,235.81,238.26,1384090.0
1660608000,235.9,236.95,231.51,233.71,1646995.0
1660694400,230.71,232.47,228.35,229.71,1355160.0
1660780800,230.79,231.34,226.82,229.59,1356873.0
1660867200,227.36,227.95,223.555,224.78,2033278.0
1661126400,221.13,222.51,217.01,218.54,2130844.0
1661212800,216.99,218.515,214.86,216.81,1912791.0
1661299200,218.19,222.6,217.94,220.47,1798934.0
1661385600,222.84,225.12,220.9,225.02,1302566.0
1661472000,224.57,225.38,210.94,211.09,2475058.0
1661731200,209.27,211.68,207.84,208.9,1871924.0
1661817600,210.12,211.75,205.38,206.5,1562918.0
1661904000,208.51,210.48,205.1875,205.74,1867001.0
1661990400,203.85,206.44,200.187,206.11,1500838.0
1662076800,207.72,209.37,202.04,203.67,1539871.0
1662422400,204.34,205.38,201.15,202.3,1445539.0
1662508800,203.36,211.37,202.44,210.87,1732451.0
1662595200,207.755,217.39,207.755,214.78,1827344.0
1662681600,215.86,221.89,215.45,221.32,1900498.0
1662940800,220.76,223.41,219.41,222.02,1313619.0
1663027200,214.62,216.725,210.88,211.4,2375326.0
1663113600,210.78,212.98,208.555,210.78,1490897.0
1663200000,211.0,215.49,209.17,209.62,2117547.0
1663286400,206.75,207.43,203.455,206.28,2801104.0
1663545600,203.87,204.32,199.48,202.21,2076350.0
1663632000,201.13,201.17,196.71,199.55,1627223.0
1663718400,200.39,203.52,195.0,195.04,1583260.0
1663804800,193.45,194.45,189.08,191.08,1907364.0
1663891200,190.2,191.14,186.95,190.52,1918565.0
1664150400,189.95,192.46,187.02,187.93,1751845.0
1664236800,190.56,191.5,184.9354,186.38,1816038.0
1664323200,188.35,193.63,186.265,192.4,1592731.0
1664409600,189.6,191.2471,187.09,189.06,1719182.0
1664496000,190.12,194.46,187.06,187.44,2094141.0
1664755200,189.4,195.17,187.97,193.36,1644551.0
1664841600,197.87,202.8,197.635,201.54,2079706.0
1664928000,198.27,202.58,196.36,201.38,1647421.0
1665014400,200.09,202.68,197.23,197.7,1502356.0
1665100800,194.65,195.6,187.62,188.68,1897349.0
1665360000,187.94,188.65,184.32,186.55,1635058.0
1665446400,186.22,189.67,183.53,185.9,1663493.0
1665532800,186.56,186.9732,183.57,186.34,1628438.0
1665619200,181.11,192.44,180.07,190.38,2067327.0
1665705600,193.29,194.5,182.56,183.06,2430640.0
1665964800,186.26,190.745,185.82,190.12,2379929.0
1666051200,195.94,199.77,192.395,193.73,2957831.0
1666137600,217.94,220.98,210.36,211.14,5873010.0
1666224000,211.41,221.0,211.12,212.0,3664878.0
1666310400,210.5,219.04,206.77,218.49,3142819.0
1666569600,218.84,221.56,217.64,220.27,2430492.0
1666656000,231.03,238.07,226.11,237.87,4646787.0
1666742400,237.75,249.14,235.94,241.66,3700657.0
1666828800,242.44,244.1,238.32,241.69,2770229.0
1666915200,240.94,248.11,240.395,244.16,2901792.0
1667174400,243.0,248.41,242.79,246.47,2704484.0
1667260800,248.07,251.29,245.185,246.86,2277365.0
1667347200,245.43,247.97,236.0,236.13,2708410.0
1667433600,233.01,236.16,231.07,234.19,2341344.0
1667520000,237.92,240.77,233.7,239.53,1895939.0
1667779200,241.72,244.2,239.8,242.33,2108116.0
1667865600,242.18,245.745,237.56,240.7,1589748.0
1667952000,238.76,241.13,235.58,236.13,1761573.0
1668038400,248.66,258.73,247.03,257.86,3949792.0
1668124800,255.74,267.67,255.74,265.08,3188372.0
1668384000,262.19,263.09,257.84,259.44,2283689.0
1668470400,262.96,266.14,261.09,264.18,2068414.0
1668556800,264.84,265.38,260.99,263.04,1619965.0
1668643200,258.46,262.0,255.4,260.77,1981570.0
1668729600,264.44,266.6,260.05,262.11,1579073.0
1668988800,260.96,264.81,259.64,260.35,1805241.0
1669075200,258.99,263.75,258.48,262.9,1369111.0
1669161600,264.49,267.11,262.825,264.45,1532224.0
1669334400,263.69,265.35,261.41,265.13,788105.0
1669593600,264.54,266.5,261.82,262.64,1408335.0
1669680000,262.04,262.99,257.2,258.8,1497722.0
1669766400,260.48,270.48,260.48,270.39,3377235.0
1669852800,270.39,275.835,269.9,274.49,1870418.0
1669939200,268.15,272.96,267.427,272.25,1629271.0
1670198400,269.14,271.25,267.22,269.72,1505031.0
1670284800,269.0,269.42,264.505,266.31,1477842.0
1670371200,266.19,268.6003,265.14,267.96,1195560.0
1670457600,270.71,274.2,268.63,272.02,1431646.0
1670544000,270.49,273.79,269.94,270.6,2102911.0
1670803200,272.22,274.06,270.0,273.84,1887689.0
1670889600,284.92,285.055,276.88,281.74,2938230.0
1670976000,280.75,285.09,277.39,280.65,2945123.0
1671062400,275.08,275.28,266.34,267.3,2590388.0
1671148800,264.71,265.78,261.06,264.68,5296881.0
1671408000,264.99,264.99,260.39,261.01,2004210.0
1671494400,261.1,262.11,257.76,261.8,2056631.0
1671580800,263.69,267.27,262.535,266.16,1625952.0
1671667200,263.48,264.29,259.0,263.61,2015521.0
1671753600,261.92,263.99,260.51,262.66,1042038.0
1672099200,262.76,265.495,260.59,263.97,957352.0
1672185600,262.94,267.51,261.54,261.65,855775.0
1672272000,263.24,269.8279,261.85,267.79,814875.0
1672358400,265.31,265.47,261.43,265.35,871344.0
1672704000,269.59,270.89,263.67,265.63,1391916.0
1672790400,269.36,271.01,266.84,270.0,1435393.0
1672876800,267.69,271.87,266.51,268.62,1803880.0
1672963200,271.17,273.4,264.68,270.39,1659514.0
1673222400,272.59,273.58,264.21,264.93,1509131.0
1673308800,263.33,271.41,263.33,271.36,1316962.0
1673395200,261.39,265.49,254.56,259.96,3506758.0
1673481600,258.74,260.35,254.98,256.94,1925139.0
1673568000,255.4,259.8,253.7701,258.9,1716105.0
1673913600,258.48,261.97,254.86,261.73,1595346.0
1674000000,261.57,264.89,255.61,256.35,1641591.0
1674086400,254.84,255.675,250.62,252.5,1758537.0
1674172800,252.44,256.84,248.96,256.77,1968527.0
1674432000,256.77,257.87,254.01,255.98,2008569.0
1674518400,254.6,259.405,254.23,257.98,3127241.0
1674604800,241.09,247.0,238.84,243.8,5863584.0
1674691200,246.48,250.82,243.5,250.55,1788514.0
1674777600,248.58,250.21,246.89,247.26,1568605.0
1675036800,245.0,246.8085,241.98,242.23,1642957.0
1675123200,243.2,245.73,241.19,245.69,1782630.0
1675209600,246.8,253.54,244.66,251.19,1646575.0
1675296000,253.85,261.95,252.88,260.9,2197290.0
1675382400,257.81,260.5,252.93,254.68,1691448.0
1675641600,251.76,252.97,248.24,248.98,1329176.0
1675728000,247.81,254.55,246.895,253.06,1359638.0
1675814400,249.15,253.23,248.2,248.85,1318947.0
1675900800,250.52,251.07,243.65,244.18,1425884.0
1675987200,242.91,246.53,242.6,245.27,1199572.0
1676246400,246.09,246.54,244.74,245.13,1277001.0
1676332800,243.42,245.66,239.67,241.09,1799218.0
1676419200,239.75,245.5,239.1,244.77,1341372.0
1676505600,240.77,244.06,238.54,240.16,1615338.0
1676592000,238.95,240.015,236.61,238.91,1595736.0
1676937600,236.55,236.98,232.87,233.58,1852188.0
1677024000,233.88,236.49,232.96,233.55,1456154.0
1677110400,234.85,235.82,231.93,234.9,1427234.0
1677196800,230.61,232.39,229.0401,231.05,1417087.0
1677456000,233.96,233.96,231.0,231.74,1421595.0
1677542400,230.74,231.739,228.74,229.39,1366842.0
1677628800,228.47,229.29,226.28,227.33,1290780.0
1677715200,226.07,229.41,224.48,228.9,1153045.0
1677801600,230.48,235.2,229.29,234.87,1458455.0
1678060800,233.59,236.7791,233.04,234.85,1204946.0
1678147200,235.42,236.14,229.42,230.71,1680628.0
1678233600,230.0,231.7084,227.96,231.09,661804.0
1678320000,232.73,235.26,228.18,228.57,1181781.0
1678406400,228.77,229.76,223.39,224.75,1778632.0
1678665600,224.0,232.45,222.65,227.78,1539277.0
1678752000,232.54,235.62,231.17,235.28,2109659.0
1678838400,232.01,235.81,229.72,234.18,1594099.0
1678924800,232.59,242.37,231.5,240.5,2072127.0
1679011200,240.39,242.0,236.26,237.8,2304603.0
1679270400,238.12,242.03,237.58,240.5,995530.0
1679356800,242.45,247.37,242.115,246.68,1560298.0
1679443200,245.44,248.28,240.54,240.81,1151808.0
1679529600,244.12,247.31,242.29,244.47,1735061.0
1679616000,248.0,257.46,248.0,256.42,3269871.0
1679875200,257.51,259.025,251.8876,252.57,1682686.0
1679961600,253.0,253.37,248.5,249.49,1179536.0
1680048000,250.0,251.545,246.63,250.76,1538323.0
1680134400,254.05,254.2,248.29,251.3,1908912.0
1680220800,253.22,256.74,252.0701,255.47,1575223.0
1680480000,254.3,254.435,250.01,253.53,1554762.0
1680566400,253.58,256.23,253.11,254.71,1354779.0
1680652800,254.23,258.89,253.745,257.99,1366398.0
1680739200,258.33,259.33,255.24,256.9,1026602.0
1681084800,255.6,259.11,252.04,258.94,1160895.0
1681171200,259.6,263.62,259.165,262.77,1620683.0
1681257600,265.0,265.895,261.42,261.77,1154340.0
1681344000,264.0,266.7,262.87,266.56,1444552.0
1681430400,265.54,268.4,264.57,267.02,1319552.0
1681689600,266.99,268.94,265.83,268.89,1231080.0
1681776000,270.0,270.23,266.45,269.28,2632769.0
1681862400,292.0,304.84,292.0,298.57,6178190.0
1681948800,298.96,302.23,296.76,297.41,2809140.0
1682035200,297.87,300.88,296.5,300.22,2180217.0
1682294400,299.11,303.0999,297.7269,300.46,2154748.0
1682380800,299.83,301.57,292.91,294.97,2431201.0
1682467200,293.03,296.95,291.02,294.96,1649628.0
1682553600,295.41,296.31,290.67,295.92,1487111.0
1682640000,297.62,301.57,296.755,301.22,1940778.0
1682899200,301.0,308.46,300.26,303.02,1440458.0
1682985600,300.71,302.894,297.63,301.22,1688444.0
1683072000,302.99,307.76,302.24,305.06,1522365.0
1683158400,303.53,304.99,300.79,303.21,1402161.0
1683244800,303.33,305.48,301.26,304.88,1225578.0
1683504000,304.54,304.6,301.01,303.09,1048955.0
1683590400,303.08,303.08,300.33,301.55,1122213.0
1683676800,303.1,304.0499,300.53,302.59,1274054.0
1683763200,302.0,304.19,300.41,303.47,1305250.0
1683849600,304.28,305.95,303.09,305.27,950388.0
1684108800,305.01,308.28,304.8519,308.05,1308705.0
1684195200,306.67,308.36,306.1,306.61,811989.0
1684281600,307.51,308.78,303.96,308.22,1261772.0
1684368000,307.87,312.65,307.0401,312.23,1391837.0
1684454400,313.0,315.195,311.42,313.61,1371008.0
1684713600,312.83,317.81,312.57,313.62,1046172.0
1684800000,311.23,311.9175,297.8297,301.44,1631283.0
1684886400,300.01,303.65,299.2,302.48,1192557.0
1684972800,299.95,305.24,297.38,303.77,1673136.0
1685059200,302.76,307.855,302.76,306.9,1440697.0
1685404800,308.88,313.13,305.97,307.07,1804713.0
1685491200,307.0,308.26,300.14,307.84,2454744.0
1685577600,308.0,311.33,305.58,310.54,1175644.0
1685664000,310.54,313.47,308.82,312.18,1276220.0
1685923200,311.851,318.62,310.8701,317.49,1514742.0
1686009600,316.9,318.92,313.0,315.72,1132856.0
1686096000,314.67,314.815,306.79,307.24,1368698.0
1686182400,306.32,311.23,304.79,310.82,1126663.0
1686268800,310.82,313.5,308.61,312.76,938699.0
1686528000,313.83,316.28,312.0,313.64,1470499.0
1686614400,313.47,316.98,312.69,315.45,1052757.0
1686700800,323.07,327.415,319.25,323.07,2142534.0
1686787200,322.24,330.53,320.45,328.27,1783883.0
1686873600,331.69,333.14,328.0,329.36,3113224.0
1687219200,328.0,329.6824,324.065,327.83,1726167.0
1687305600,327.83,327.83,322.145,323.74,1445352.0
1687392000,323.69,328.28,322.28,327.615,864439.0
1687478400,324.71,328.6799,323.72,327.26,1589159.0
1687737600,326.6,328.4318,323.2325,325.16,1309314.0
1687824000,329.51,330.99,325.29,330.02,1268247.0
1687910400,330.0,334.51,329.48,332.98,1089029.0
1687996800,335.0,340.59,334.61,338.49,1679348.0
1688083200,341.33,344.08,340.57,341.94,1506104.0
1688342400,339.92,339.92,334.25,336.03,825777.0
1688515200,334.16,336.275,331.44,333.89,1048378.0
1688601600,328.78,331.65,328.02,330.14,1166456.0
1688688000,329.99,332.97,327.62,331.29,2015437.0
1688947200,333.33,341.15,333.33,340.27,2036669.0
1689033600,340.92,342.76,336.64,339.11,1850729.0
1689120000,342.88,348.63,341.4545,347.59,1723521.0
1689206400,348.32,349.58,345.95,346.97,2314677.0
1689292800,347.5,355.38,346.4,354.0,2072816.0
1689552000,354.0,355.54,348.6,353.84,1812580.0
1689638400,351.61,355.495,346.54,354.93,2236757.0
1689724800,357.64,358.07,348.0,349.7,2580076.0
1689811200,350.05,353.46,346.85,347.66,3442616.0
1689897600,335.91,345.4,329.53,336.66,9157647.0
1690156800,336.76,337.85,322.64,323.56,2999129.0
1690243200,322.76,331.555,322.46,330.9,2021416.0
1690329600,328.27,331.02,326.56,329.37,1258762.0
1690416000,331.71,333.68,322.66,323.56,1641631.0
1690502400,327.4,328.7,324.93,326.53,1467929.0
1690761600,325.89,326.27,321.91,324.4,1439063.0
1690848000,322.0,324.52,321.7,323.95,1347004.0
1690934400,320.59,322.615,313.34,313.87,1907204.0
1691020800,310.38,313.285,306.09,311.28,1636155.0
1691107200,311.9,313.27,308.25,309.31,1656890.0
1691366400,310.0,312.86,307.66,309.24,1658934.0
1691452800,306.24,306.27,297.17,302.87,2272431.0
1691539200,302.87,307.4,302.47,304.1,1218971.0
1691625600,305.75,308.6,303.8224,304.67,1054809.0
1691712000,302.93,306.0908,302.52,304.49,933712.0
1691971200,304.86,305.89,303.23,305.08,950822.0
1692057600,306.09,312.3,305.93,306.62,1342268.0
1692144000,305.6,306.27,299.1,299.32,1441637.0
1692230400,298.06,299.57,289.11,290.08,2061638.0
1692316800,287.46,291.06,284.88,285.95,2983657.0
1692576000,286.12,286.88,282.5,286.67,1776761.0
1692662400,287.73,289.08,285.725,287.16,1161420.0
1692748800,287.56,292.7,287.56,290.39,1321796.0
1692835200,292.88,293.49,285.47,285.64,1558938.0
1692921600,287.28,298.36,286.74,297.55,1920616.0
1693180800,301.22,304.91,300.0,301.48,1450309.0
1693267200,301.5,311.08,301.5,310.39,1804716.0
1693353600,312.05,319.525,312.05,318.58,2092079.0
1693440000,319.6,321.31,312.46,312.68,2076948.0
1693526400,317.55,318.2,309.2,310.41,1335739.0
1693872000,310.0,311.38,306.68,307.68,944096.0
1693958400,309.48,309.65,303.8018,307.84,1171433.0
1694044800,305.53,305.97,295.01,297.22,2117376.0
1694131200,297.55,300.22,296.575,298.22,1507751.0
1694390400,300.0,304.185,298.697,302.35,1566542.0
1694476800,300.92,302.88,300.0,301.55,1205376.0
1694563200,301.05,304.95,300.14,302.7,1225361.0
1694649600,305.23,305.87,299.81,303.74,1348461.0
1694736000,303.74,304.04,294.845,295.54,2792093.0
1694995200,296.13,303.795,296.0,298.17,1007141.0
1695081600,298.17,300.48,295.25,299.65,1076576.0
1695168000,303.17,303.39,291.79,291.96,1391844.0
1695254400,290.06,290.66,283.74,284.35,2039755.0
1695340800,286.49,293.92,284.42,288.2,1962444.0
1695600000,286.4,293.39,285.74,293.25,1519437.0
1695686400,291.73,292.85,288.95,290.74,1297599.0
1695772800,292.0,297.455,288.55,291.43,1749135.0
1695859200,292.13,297.4,292.13,296.15,1206565.0
1695945600,297.87,298.35,291.7,292.29,1294334.0
1696204800,291.96,296.3933,290.01,294.98,978189.0
1696291200,291.54,292.83,286.47,288.04,1059949.0
1696377600,289.62,290.82,285.4662,290.28,1123927.0
1696464000,291.85,292.45,284.795,290.09,963159.0
1696550400,286.47,296.73,284.99,295.68,1444071.0
1696809600,293.13,295.13,289.6025,294.49,920385.0
1696896000,295.13,301.07,292.52,297.83,1459776.0
1696982400,298.66,298.72,278.205,281.79,3560364.0
1697068800,281.93,283.265,265.6,266.12,5153342.0
1697155200,266.83,273.72,265.5,273.15,2938452.0
1697414400,276.0,278.61,270.6,274.16,2283273.0
1697500800,272.41,279.62,268.43,275.37,2518811.0
1697587200,275.0,278.7,273.05,275.52,1993131.0
1697673600,277.1,278.13,271.71,273.45,3022847.0
1697760000,260.05,269.49,256.72,266.91,7002531.0
1698019200,268.5,278.18,267.05,272.59,2556159.0
1698105600,271.93,280.02,271.77,277.39,2529146.0
1698192000,280.13,281.88,266.13,266.61,2618054.0
1698278400,264.24,264.24,255.95,259.51,2924876.0
1698364800,263.82,264.77,257.01,258.98,1861819.0
1698624000,260.08,261.15,254.85,258.49,2277841.0
1698710400,260.39,263.95,260.17,262.22,2373380.0
1698796800,262.17,272.18,262.0,270.46,2087263.0
1698883200,274.57,278.15,272.63,277.89,1965926.0
1698969600,280.22,281.58,277.39,278.52,1310940.0
1699228800,278.13,279.52,273.7,277.26,1156013.0
1699315200,277.22,279.62,275.275,278.69,1810265.0
1699401600,280.5,282.4475,276.8,277.93,1620156.0
1699488000,277.98,278.95,271.895,272.4,1095214.0
1699574400,273.41,278.55,269.49,277.49,1536435.0
1699833600,285.328,289.99,281.12,282.48,1772734.0
1699920000,288.37,294.135,287.98,291.62,1847810.0
1700006400,291.39,297.34,291.39,293.22,1889778.0
1700092800,296.79,305.3,295.02,303.95,2296070.0
1700179200,306.34,311.235,304.615,305.28,2993483.0
1700438400,305.44,312.2,305.0,311.34,1746309.0
1700524800,311.0,312.22,308.85,311.82,1461585.0
1700611200,315.0,317.39,313.92,315.8,1199862.0
1700784000,316.95,318.26,316.0,318.01,601268.0
1701043200,314.68,316.0,312.02,314.98,1084261.0
1701129600,311.84,312.76,309.26,310.95,1558995.0
1701216000,312.0,316.305,309.965,310.76,1389053.0
1701302400,310.76,311.99,304.7,310.84,2437496.0
1701388800,310.59,315.64,308.73,315.2,1388826.0
1701648000,311.92,315.93,308.91,311.84,1431186.0
1701734400,312.0,312.0,304.5,309.52,1246409.0
1701820800,311.39,313.6,308.6101,310.26,1182695.0
1701907200,310.97,312.745,307.72,311.56,1313392.0
1701993600,310.52,312.88,308.58,310.42,1222954.0
1702252800,310.0,319.8,309.8,315.43,1731147.0
1702339200,316.965,321.36,314.38,320.71,1371293.0
1702425600,320.68,329.45,320.22,328.96,1446993.0
1702512000,330.0,332.61,324.83,326.18,2068912.0
1702598400,325.83,327.0,322.59,324.35,3637298.0
1702857600,325.73,331.99,325.01,328.42,1937882.0
1702944000,328.42,336.58,328.0,335.72,2276743.0
1703030400,334.05,334.05,325.26,325.43,1845639.0
1703116800,328.97,333.98,327.53,333.45,1969692.0
1703203200,334.52,337.06,333.46,336.26,1025099.0
1703548800,336.92,338.345,335.21,337.39,736795.0
1703635200,337.0,337.67,335.065,337.47,750000.0
1703721600,337.01,340.4899,336.34,338.39,740722.0
1703808000,337.83,339.26,336.62,337.36,1303314.0
1704153600,333.0,336.2,328.38,330.98,1379307.0
1704240000,328.1,328.1,320.68,322.13,1596584.0
1704326400,320.43,326.4071,320.26,323.27,1471767.0
1704412800,322.55,327.5185,321.31,322.5,1042127.0
1704672000,324.5,329.53,324.12,328.86,1463337.0
1704758400,326.03,332.8,325.765,330.56,1421605.0
1704844800,348.0,364.87,345.53,364.45,4868411.0
1704931200,364.45,366.8004,357.63,362.31,2230616.0
1705017600,365.0,366.86,360.96,363.71,1456460.0
1705363200,363.39,364.48,359.395,362.33,1494965.0
1705449600,358.4,361.23,355.17,358.88,1246107.0
1705536000,369.88,374.18,366.7911,371.93,2533109.0
1705622400,374.0,376.9,370.655,374.82,2392529.0
1705881600,377.91,379.39,375.07,375.81,1813143.0
1705968000,377.25,377.8025,367.5,371.41,2393791.0
1706054400,383.93,384.0,362.14,370.07,4949678.0
1706140800,372.61,377.325,370.6,374.97,1873334.0
1706227200,371.6,375.06,368.0101,374.76,2144764.0
1706486400,374.41,379.34,373.06,379.16,1602969.0
1706572800,377.37,381.79,376.42,377.29,1375320.0
1706659200,378.5,383.74,375.595,378.22,1802098.0
1706745600,378.41,384.29,375.67,383.83,1630137.0
1706832000,382.33,385.43,377.9,383.77,1773557.0
1707091200,384.47,388.6199,380.57,383.94,1575287.0
1707177600,385.26,389.79,384.12,389.69,1694266.0
1707264000,390.38,392.0,385.72,391.375,1458965.0
1707350400,389.51,391.6,385.36,386.94,998655.0
1707436800,387.46,389.92,383.05,388.22,1234101.0
1707696000,386.09,387.36,381.0701,382.13,1569858.0
1707782400,375.0,383.245,371.0,378.89,1705296.0
1707868800,380.09,381.91,378.0,381.76,1147614.0
1707955200,382.03,383.0,377.54,380.17,1053098.0
1708041600,378.29,381.15,376.0,378.63,1272001.0
1708387200,379.69,382.88,374.61,377.64,1445682.0
1708473600,376.75,380.47,373.15,380.23,1216678.0
1708560000,382.43,389.68,382.21,389.08,1540785.0
1708646400,389.08,391.25,387.28,389.77,1000527.0
1708905600,389.4,391.81,386.15,388.27,1024539.0
1708992000,386.46,389.4701,385.275,386.46,1042975.0
1709078400,384.6,386.7455,383.56,386.59,902880.0
1709164800,384.41,389.26,383.93,385.6,2134795.0
1709251200,383.48,399.67,382.3201,397.9,2194148.0
1709510400,398.3,403.0,396.51,400.59,1943687.0
1709596800,400.0,400.41,386.3,387.32,1610642.0
1709683200,386.76,393.136,386.76,388.16,1203238.0
1709769600,393.3,396.61,390.35,392.68,1797733.0
1709856000,392.02,395.93,390.79,391.85,1737950.0
1710115200,391.0,391.0,377.44,378.9,1602471.0
1710201600,378.9,390.255,378.52,389.4,1446493.0
1710288000,389.67,390.69,380.985,382.99,1447955.0
1710374400,383.23,384.43,376.6,384.31,1413037.0
1710460800,398.16,398.16,382.63,396.28,3906792.0
1710720000,399.6,401.27,390.79,392.62,1654503.0
1710806400,391.99,392.58,381.77,390.53,1610816.0
1710892800,390.39,390.67,384.4,390.37,930134.0
1710979200,394.0,397.0,391.93,391.96,920837.0
1711065600,392.45,394.51,387.17,394.07,1562713.0
1711324800,393.59,396.9,390.5,391.71,1117411.0
1711411200,394.37,399.5625,392.285,397.63,1543001.0
1711497600,403.02,403.759,397.5,400.1,1374665.0
1711584000,401.45,402.5,397.06,399.09,1124780.0
1711929600,399.0,399.64,392.22,394.87,1159879.0
1712016000,391.99,391.99,380.51,382.36,2334124.0
1712102400,383.77,388.29,382.22,383.42,1634337.0
1712188800,387.76,389.025,378.62,378.92,1603036.0
1712275200,381.12,393.66,379.24,388.39,1404465.0
1712534400,388.39,389.885,383.04,386.93,947434.0
1712620800,389.95,391.18,383.81,390.96,1120631.0
1712707200,387.16,391.46,385.51,388.46,1198861.0
1712793600,387.58,392.8,387.58,392.26,1186680.0
1712880000,387.0,388.26,380.71,384.8,1476001.0
1713139200,392.25,392.29,376.33,377.36,1650717.0
1713225600,376.63,383.85,371.54,378.55,1602985.0
1713312000,378.93,379.71,371.14,374.17,1625645.0
1713398400,372.57,375.3347,369.15,372.63,2320460.0
1713484800,385.27,388.65,364.17,366.34,3975892.0
1713744000,369.54,371.83,364.31,368.93,1603144.0
1713830400,370.88,379.7735,368.68,377.08,1858757.0
1713916800,374.0,383.62,372.83,375.01,1325633.0
1714003200,374.12,375.46,367.66,373.12,1262618.0
1714089600,368.1,377.83,368.1,375.33,927845.0
1714348800,375.39,377.99,372.06,374.14,983225.0
1714435200,373.18,373.68,368.75,370.62,1213211.0
1714521600,369.57,379.5,368.6,371.7,952256.0
1714608000,373.64,377.88,367.385,377.65,1208612.0
1714694400,380.0,384.47,378.87,381.36,1028858.0
1714953600,382.63,384.35,380.6,383.05,878194.0
1715040000,385.005,389.78,383.05,388.65,932790.0
1715126400,384.93,386.01,380.125,380.37,1107975.0
1715212800,381.79,387.33,380.69,385.45,882194.0
1715299200,385.55,389.76,383.88,386.7,853114.0
1715558400,389.16,389.16,380.65,380.88,1070927.0
1715644800,382.4,384.805,379.67,384.19,913529.0
1715731200,387.22,399.66,386.0,399.39,1200770.0
1715817600,398.28,401.36,396.02,396.43,1083935.0
1715904000,396.19,398.96,393.9777,398.82,720293.0
1716163200,398.58,400.41,395.6,400.03,951293.0
1716249600,400.0,403.0,397.1,402.11,1283375.0
1716336000,402.56,408.43,399.17,400.9,1355669.0
1716422400,402.47,405.38,396.38,398.39,1189539.0
1716508800,397.61,407.33,397.01,404.85,1082160.0
1716854400,403.845,405.99,398.29,401.03,964207.0
1716940800,396.59,403.0,396.151,398.4,958223.0
1717027200,405.0,412.29,400.49,403.39,1651082.0
1717113600,404.94,408.9,396.48,402.12,1983052.0
1717372800,402.89,405.33,398.6025,403.86,913144.0
1717459200,402.55,408.01,397.47,406.61,936150.0
1717545600,407.72,418.14,407.33,417.24,2226648.0
1717632000,413.92,419.17,405.08,418.15,1733351.0
1717718400,418.13,420.57,415.8,417.61,1199562.0
1717977600,416.6,419.87,413.5224,418.38,815834.0
1718064000,417.04,420.22,415.2,418.78,907852.0
1718150400,421.06,428.86,420.86,428.1,1251686.0
1718236800,424.74,428.0,422.51,422.9,1142897.0
1718323200,418.8,426.315,413.98,425.78,940996.0
1718582400,425.36,431.6,423.58,430.0,1125221.0
1718668800,429.05,436.94,428.75,435.0,1384583.0
1718841600,435.99,437.2,428.67,432.55,1291429.0
1718928000,436.08,436.08,430.0,432.56,2769405.0
1719187200,432.78,435.7,426.97,429.04,1610409.0
1719273600,431.12,443.81,430.49,442.31,2636985.0
1719360000,441.25,443.83,437.71,442.56,1360337.0
1719446400,442.1,445.79,439.61,445.11,1226026.0
1719532800,444.74,447.11,441.49,444.85,3106192.0
1719792000,445.85,448.1,433.79,436.24,1658861.0
1719878400,436.31,439.6433,432.2,438.81,1091594.0
1719964800,439.0,439.0,432.9,434.81,826374.0
1720137600,437.94,445.05,433.44,443.76,1114523.0
1720396800,442.04,445.96,441.56,444.53,1280739.0
1720483200,447.62,447.62,441.27,442.3,889602.0
1720569600,441.69,445.48,438.85,444.74,1082924.0
1720656000,444.74,449.0,442.7,443.5,1818580.0
1720742400,442.84,447.14,439.61,444.16,1151601.0
1721001600,444.0,444.395,433.9101,437.25,1573083.0
1721088000,440.84,442.0925,433.22,438.01,1436106.0
1721174400,430.01,436.325,426.01,426.23,2388617.0
1721260800,425.0,427.33,413.82,416.14,3856042.0
1721347200,449.43,456.81,439.0,455.01,4201310.0
1721606400,462.33,468.7799,459.18,461.12,2574379.0
1721692800,459.1,462.61,454.36,455.06,1753079.0
1721779200,455.25,460.59,452.25,454.02,2296520.0
1721865600,453.22,457.37,436.2,436.74,1819212.0
1721952000,438.6,446.16,432.87,441.3,1196597.0
1722211200,446.6,448.27,439.41,443.66,1120461.0
1722297600,443.66,448.575,431.56,432.69,1547686.0
1722384000,438.5,447.31,432.405,444.61,1763234.0
1722470400,443.3,452.72,443.3,450.94,2017899.0
1722556800,455.73,455.73,439.89,449.73,2059603.0
1722816000,437.55,444.575,429.6,438.0,2465683.0
1722902400,439.01,456.24,438.66,447.66,1686070.0
1722988800,452.0,461.7099,448.5901,449.26,1713170.0
1723075200,453.6,464.135,451.06,463.61,1289298.0
1723161600,462.59,465.7,460.12,463.425,1022572.0
1723420800,464.76,466.815,458.265,465.53,1013878.0
1723507200,468.23,470.49,463.01,469.23,891659.0
1723593600,468.78,473.75,466.34,471.21,1109652.0
1723680000,476.87,480.54,474.16,480.17,1599862.0
1723766400,478.01,482.4999,477.1,478.98,809102.0
1724025600,475.44,482.78,475.44,482.16,977879.0
1724112000,483.0,488.48,482.326,483.21,885479.0
1724198400,484.2,488.47,482.0001,487.42,886439.0
1724284800,490.0,491.83,486.92,490.43,1137808.0
1724371200,492.62,493.97,478.18,486.55,1155222.0
1724630400,486.88,487.275,476.88,479.19,1170898.0
1724716800,478.44,483.57,477.0,482.35,939971.0
1724803200,482.93,485.36,479.24,482.21,960082.0
1724889600,482.21,491.66,481.25,487.17,939699.0
1724976000,489.16,493.44,485.28,492.63,1097792.0
1725321600,491.67,493.42,480.8,483.44,1356285.0
1725408000,480.96,484.645,478.28,481.73,1321044.0
1725494400,480.32,480.32,468.458,476.69,1194761.0
1725580800,476.92,478.25,466.0,471.82,1700169.0
1725840000,475.0,479.99,473.98,479.39,1121534.0
1725926400,477.5,484.79,477.5,484.24,1006475.0
1726012800,484.18,491.83,477.08,490.93,1239274.0
1726099200,491.91,494.15,486.05,494.01,1128767.0
1726185600,490.28,496.18,489.19,489.86,1238094.0
1726444800,493.47,494.01,488.5683,491.39,921409.0
1726531200,491.27,491.27,482.375,483.32,1162561.0
1726617600,484.21,488.7473,479.58,482.09,982261.0
1726704000,492.0,492.74,486.98,490.01,1225044.0
1726790400,485.11,486.3,480.16,486.2,2734099.0
1727049600,488.5,491.8324,486.27,489.07,927220.0
1727136000,490.51,490.51,482.35,484.4,1120916.0
1727222400,486.0,487.1167,482.29,484.39,897792.0
1727308800,488.25,490.95,484.76,486.33,871630.0
1727395200,490.03,490.03,478.57,479.18,1013377.0
1727654400,480.0,492.25,478.69,491.27,1654679.0
1727740800,492.5,496.48,481.71,484.76,1181142.0
1727827200,482.72,489.71,478.62,486.62,740933.0
1727913600,484.42,486.0,478.5586,479.63,764687.0
1728000000,484.45,484.45,476.5968,481.95,903893.0
1728259200,476.86,479.305,470.06,471.23,1175190.0
1728345600,473.79,482.88,473.79,480.785,1040425.0
1728432000,480.595,490.58,478.49,490.38,1061187.0
1728518400,486.23,488.2627,483.2,483.84,942178.0
1728604800,486.0,487.58,483.12,484.78,1170154.0
1728864000,487.04,488.63,483.9685,487.61,883621.0
1728950400,488.0,489.625,476.675,478.47,1313339.0
1729036800,478.11,479.5199,473.505,476.59,1037657.0
1729123200,481.06,481.06,472.12,473.73,1959034.0
1729209600,496.0,523.34,495.0,521.15,4059157.0
1729468800,519.04,522.665,514.55,518.86,1309589.0
1729555200,515.0,519.18,511.81,517.5,1341519.0
1729641600,513.89,516.0,507.28,512.58,1119984.0
1729728000,510.79,515.31,509.78,511.63,755449.0
1729814400,514.0,516.8928,510.46,511.27,982549.0
1730073600,513.66,514.325,508.28,510.88,842909.0
1730160000,506.52,517.5,504.35,516.31,1065041.0
1730246400,516.56,516.9899,508.01,513.77,1113145.0
1730332800,510.01,511.06,500.67,503.84,1468858.0
1730419200,502.02,510.8094,502.01,506.34,1041997.0
1730678400,504.32,511.205,503.85,507.42,849671.0
1730764800,506.33,518.25,506.33,515.17,1113407.0
1730851200,523.13,525.0,506.8,515.55,1776420.0
1730937600,516.0,524.825,515.58,524.28,1209283.0
1731024000,525.5,538.49,524.0,536.45,1427803.0
1731283200,539.89,542.5899,534.57,535.75,2097917.0
1731369600,534.0,538.905,531.69,537.07,1456091.0
1731456000,535.43,540.02,534.04,536.69,1405226.0
1731542400,537.36,544.38,537.13,537.8,1908430.0
1731628800,533.21,536.98,526.71,527.61,1447901.0
1731888000,527.36,537.53,526.6067,531.64,1268101.0
1731974400,527.57,540.08,526.01,538.82,1143225.0
1732060800,538.78,542.37,533.83,541.82,985389.0
1732147200,544.85,551.78,540.355,550.62,1396346.0
1732233600,549.84,552.0,541.99,547.87,1375537.0
1732492800,548.82,549.31,533.56,536.55,2077227.0
1732579200,542.06,544.9999,537.28,542.1,1152817.0
1732665600,543.08,543.97,538.23,538.55,938549.0
1732838400,539.0,543.17,536.03,542.0,718571.0
1733097600,546.3,546.45,540.1955,542.85,1005366.0
1733184000,537.02,541.99,533.01,541.71,1379372.0
1733270400,542.01,552.08,539.195,549.95,1350440.0
1733356800,548.0,551.81,544.43,547.65,945513.0
1733443200,548.21,556.23,548.21,550.41,1026321.0
1733702400,552.31,553.5607,532.14,538.86,1429189.0
1733788800,540.155,543.325,536.68,538.09,1047954.0
1733875200,538.22,548.5299,538.22,543.6,999713.0
1733961600,543.1,550.47,541.37,544.72,1213291.0
1734048000,542.59,547.1,539.03,539.58,1071762.0
1734307200,539.975,547.9,539.11,541.99,1534879.0
1734393600,539.495,546.01,531.42,545.16,1476040.0
1734480000,543.12,547.189,526.23,526.47,1488083.0
1734566400,532.735,536.5,523.41,523.91,2066806.0
1734652800,521.45,530.9738,516.18,524.43,3934186.0
1734912000,524.88,527.9424,520.03,527.22,1070062.0
1734998400,528.005,537.36,527.26,537.02,629180.0
1735171200,534.86,540.13,533.99,538.83,767024.0
1735257600,536.01,537.34,529.31,534.88,1013217.0
1735516800,528.43,529.02,520.56,526.96,900000.0
1735603200,527.77,529.81,520.0101,521.96,884011.0
1735776000,521.19,528.89,520.9175,524.03,907705.0
1735862400,527.605,536.65,525.345,535.295,1250986.0
1736121600,535.29,543.74,532.15,542.37,1229214.0
1736208000,547.675,550.0,530.45,531.88,1589730.0
1736294400,533.33,547.4727,532.0,544.02,1359579.0
1736467200,540.56,550.18,537.17,547.47,1732379.0
1736726400,543.4,543.7544,530.25,539.75,1461405.0
1736812800,539.28,544.55,535.59,538.88,1355120.0
1736899200,555.05,584.6,549.17,580.11,3553382.0
1736985600,582.6,585.5,573.0,584.08,2119549.0
1737072000,597.68,597.68,583.24,592.64,2635153.0
1737417600,598.11,606.27,593.815,604.12,1993501.0
1737504000,608.025,614.72,602.45,610.45,2100566.0
1737590400,612.0,616.0,602.0,608.66,2322245.0
1737676800,581.9,591.91,573.32,584.05,4357650.0
1737936000,574.68,579.34,563.35,573.48,2441593.0
1738022400,566.6,584.48,563.85,574.14,2332427.0
1738108800,571.11,578.41,569.49,572.71,1597890.0
1738195200,581.24,584.4227,577.35,580.18,1986680.0
1738281600,576.74,586.89,570.86,571.88,1828397.0
1738540800,564.87,583.5759,563.2676,578.55,1830778.0
1738627200,573.21,582.85,573.08,579.65,1416519.0
1738713600,580.46,592.64,580.16,590.9,1521646.0
1738800000,592.78,592.8599,585.4,588.5,1008187.0
1738886400,590.5,594.0807,582.155,582.98,1061378.0
1739145600,590.0,595.96,586.7749,595.7,1248961.0
1739232000,591.23,592.83,587.0,591.65,837339.0
1739318400,586.49,591.82,581.055,589.61,1115443.0
1739404800,590.86,593.17,583.2333,591.39,1270510.0
1739491200,593.16,599.26,588.52,595.55,1189193.0
1739836800,595.455,601.59,586.6141,600.89,1695961.0
1739923200,601.33,609.08,596.47,608.48,1286302.0
1740009600,607.15,608.165,597.77,606.57,1328222.0
1740096000,605.09,607.35,590.365,591.79,1675064.0
1740355200,594.47,600.58,590.66,591.01,1441484.0
1740441600,583.7,584.8766,556.2,573.74,2549482.0
1740528000,570.85,586.74,569.6401,580.93,1098255.0
1740614400,581.83,583.25,562.4,563.77,1482863.0
1740700800,566.95,574.0,556.75,573.15,2401366.0
1740960000,573.78,584.9,563.96,566.98,1708338.0
1741046400,563.69,565.8,545.5366,557.96,2209644.0
1741132800,554.17,569.0,554.17,568.02,2039316.0
1741219200,558.95,561.69,537.5088,538.57,2367225.0
1741305600,533.18,534.24,502.84,518.26,3688221.0
1741564800,503.91,503.91,476.3713,482.61,5517403.0
1741651200,481.23,496.185,478.45,493.72,3223423.0
1741737600,511.06,519.51,496.305,497.3,2558661.0
1741824000,498.71,500.76,474.37,476.78,3645365.0
1741910400,482.69,492.28,476.57,484.44,4239164.0
1742169600,480.0,495.82,474.9,488.8,3211524.0
1742256000,487.34,488.55,478.41,483.95,1728829.0
1742342400,486.0,496.2685,482.8,492.06,2098371.0
1742428800,490.4,500.29,490.28,491.81,2108828.0
1742515200,483.11,492.75,477.275,492.49,3377219.0
1742774400,504.74,510.78,501.8422,508.58,1905501.0
1742860800,514.0,520.39,511.95,519.81,2527061.0
1742947200,520.89,520.89,506.69,509.03,1980609.0
1743033600,505.98,513.05,502.2882,507.9,1472911.0
1743120000,505.06,505.19,488.57,491.84,1967313.0
1743379200,484.46,497.77,479.48,495.27,2290143.0
1743465600,492.26,497.3,486.2389,496.36,1609933.0
1743552000,488.6,508.62,486.43,507.05,1432212.0
1743638400,487.58,504.09,484.88,494.61,2728982.0
1743724800,476.84,480.56,451.02,451.58,4108601.0
1743984000,430.97,479.89,425.0,463.62,4125755.0
1744070400,479.58,488.47,450.91,457.63,3157676.0
1744156800,450.0,529.189,442.9,522.95,6038249.0
1744243200,509.0,510.6,472.02,489.52,4056227.0
1744329600,489.27,496.605,480.29,493.6,2843731.0
1744588800,502.27,506.142,487.2022,490.13,1518495.0
1744675200,487.46,494.64,483.69,488.27,1733370.0
1744761600,483.9,492.04,477.62,481.34,1990811.0
1744848000,484.85,489.245,481.39,482.74,1625851.0
1745193600,475.94,478.9,463.05,468.32,2648532.0
1745280000,475.53,482.59,464.71,478.74,3114427.0
1745366400,500.0,517.31,485.09,487.93,3769985.0
1745452800,490.82,511.755,489.43,508.13,2287128.0
1745539200,513.18,515.36,505.7517,514.59,2016172.0
1745798400,515.91,518.4,508.17,514.01,1388123.0
1745884800,512.9,516.78,507.51,514.89,1321642.0
1745971200,509.99,517.6,501.67,515.8,1652193.0
1746057600,518.12,524.44,512.67,517.18,1673361.0
1746144000,526.74,535.6,525.02,529.42,1440695.0
1746403200,528.32,536.0599,522.945,531.82,1375990.0
1746489600,526.16,533.56,523.59,530.46,1128128.0
1746576000,532.74,539.05,528.87,536.15,1311721.0
1746662400,540.0,546.559,538.01,538.16,1472798.0
1746748800,540.0,542.7403,532.9,536.51,925686.0
1747008000,551.97,561.615,547.68,561.43,2037100.0
1747094400,561.67,568.69,559.88,563.95,1529396.0
1747180800,563.0,566.8,560.29,565.94,1409900.0
1747267200,559.32,564.06,549.55,560.28,1794742.0
1747353600,563.575,563.94,555.62,563.6,1422892.0
1747612800,554.34,562.605,553.94,561.63,1420405.0
1747699200,557.29,558.0,553.0,557.16,1234950.0
1747785600,556.56,558.76,545.525,547.07,1507978.0
1747872000,544.81,546.0356,540.785,542.67,1129129.0
1747958400,535.5,542.0663,529.15,539.54,1138633.0
1748304000,548.66,553.16,547.0858,550.19,1244613.0
1748390400,550.51,556.16,549.43,552.41,1012083.0
1748476800,556.47,559.8,551.4,555.75,1139292.0
1748563200,554.52,555.0,545.73,552.34,2091285.0
1748822400,549.06,554.697,542.52,553.29,1059656.0
1748908800,550.68,555.13,548.015,551.85,1714425.0
1748995200,552.575,559.69,550.9301,557.95,1147608.0
1749081600,560.7,563.9442,557.21,558.06,1243772.0
1749168000,562.18,564.15,555.76,557.08,1104248.0
1749427200,531.5,531.5875,498.1672,526.15,4806226.0
1749513600,525.81,531.93,520.3,529.6,2027596.0
1749600000,529.14,529.3401,521.5,522.41,1676780.0
1749686400,520.255,522.0,511.7601,513.0,2392799.0
1749772800,503.29,518.17,500.29,512.18,2183018.0
1750032000,514.0,523.53,514.0,519.04,1514611.0
1750118400,515.81,517.72,508.99,512.11,1506320.0
1750204800,512.11,513.96,506.535,509.49,1174182.0
1750377600,514.7,515.01,508.76,509.36,2829911.0
1750636800,508.0,515.36,503.18,515.09,1218823.0
1750723200,518.805,523.97,510.78,523.08,1593846.0
1750809600,524.3,528.14,521.26,521.63,1178142.0
1750896000,527.01,539.6342,525.84,534.19,1966309.0
1750982400,536.87,544.24,533.085,533.71,2016530.0
1751241600,534.42,544.5,534.42,543.41,1584282.0
1751328000,542.58,545.81,531.675,537.99,1649400.0
1751414400,535.34,550.7,535.34,540.6,1487572.0
1751500800,543.93,547.0,542.39,544.47,704815.0
1751846400,543.23,544.88,532.88,534.71,1191788.0
1751932800,534.0,539.59,525.665,527.3,1609097.0
1752019200,529.82,530.7099,523.16,528.13,1381024.0
1752105600,527.1,528.55,520.25,526.05,1424680.0
1752192000,522.87,522.87,508.13,512.06,2951555.0
1752451200,509.88,522.1,509.88,516.44,2083003.0
1752537600,519.21,521.28,510.8402,512.23,1674283.0
1752624000,512.51,515.14,506.2105,512.64,1863957.0
1752710400,510.83,517.67,509.25,516.16,2003463.0
1752796800,520.21,520.963,513.27,518.62,1904128.0
1753056000,518.185,523.09,514.955,516.12,1639663.0
1753142400,516.05,519.83,508.27,511.0,2416696.0
1753228800,522.5,530.35,491.855,501.95,4659926.0
1753315200,503.52,505.74,486.54,488.61,2607994.0
1753401600,492.48,497.5,490.76,495.86,1871408.0
1753660800,498.0,502.81,493.22,493.95,2473749.0
1753747200,497.25,502.42,496.17,496.87,1831283.0
1753833600,497.71,503.215,496.9475,500.51,1758836.0
1753920000,497.24,498.965,479.6,481.09,2602193.0
1754006400,475.46,486.06,473.24,483.12,2983128.0
1754265600,486.75,490.0,478.82,483.36,2493666.0
1754352000,483.22,486.51,476.75,477.0,2610355.0
1754438400,477.04,480.9909,473.26,474.06,2191659.0
1754524800,478.42,479.133,463.9,469.81,1777865.0
1754611200,470.74,474.08,469.11,470.08,1446184.0
1754870400,468.16,475.825,468.05,471.85,1418260.0
1754956800,473.57,479.4648,473.0,478.19,1529677.0
1755043200,481.63,482.69,474.9063,482.35,1740620.0
1755129600,482.5,483.6,473.79,477.08,1894945.0
1755216000,480.02,482.035,476.5,480.26,1436548.0
1755475200,480.84,487.2,479.66,481.28,1640809.0
1755561600,480.985,485.53,476.8,479.2,1884868.0
1755648000,479.39,483.635,478.08,480.45,1409563.0
1755734400,478.22,479.32,461.25,469.88,2465614.0
1755820800,473.0,478.9699,469.845,476.16,2024173.0
1756080000,475.25,477.865,467.8,468.44,1662340.0
1756166400,468.64,474.585,464.8,474.26,2931060.0
1756252800,471.35,475.5983,470.13,471.15,1618945.0
1756339200,470.86,474.24,468.0,473.84,1549002.0
1756425600,474.23,475.4,468.775,473.295,1654229.0
1756771200,470.56,472.565,464.75,469.07,2230380.0
1756857600,470.11,471.0,434.8,441.18,5051679.0
1756944000,440.69,455.28,437.41,454.52,3939616.0
1757030400,454.83,467.99,454.78,466.86,2623774.0
1757289600,466.7,470.28,462.62,470.0,1936848.0
1757376000,470.0,472.69,464.36,467.54,1489441.0
1757462400,467.99,468.04,446.53,449.98,2560306.0
1757548800,451.155,463.05,449.75,455.85,2182263.0
1757635200,453.19,454.15,448.15,449.68,2219085.0
1757894400,449.29,450.58,433.02,433.99,3474807.0
1757980800,433.65,437.17,429.72,434.5,2940457.0
1758067200,434.6,438.785,430.59,433.66,1638227.0
1758153600,435.0,436.33,429.8,435.83,1980565.0
1758240000,439.46,440.5,434.74,438.72,3780685.0
1758499200,438.12,447.13,433.81,444.55,2653124.0
1758585600,444.75,450.985,443.17,447.75,2241538.0
1758672000,450.94,451.3373,443.55,443.99,2437212.0
1758758400,440.39,442.17,433.43,438.12,3128958.0
1758844800,441.43,443.455,438.5,441.12,1940782.0
1759104000,442.06,443.26,437.765,439.22,3024768.0
1759190400,439.0,448.19,438.0,447.23,2134616.0
1759276800,447.0,448.31,430.34,438.04,2502301.0
1759363200,437.12,443.36,433.0,443.01,1910760.0
1759449600,443.845,456.59,443.49,452.35,2197723.0
1759708800,459.71,460.3,449.08,449.69,2478907.0
1759795200,449.24,451.0,439.47,440.94,1917506.0
1759881600,442.305,450.53,439.42,448.09,1767294.0
1759968000,447.76,450.29,443.26,443.76,1583787.0
1760054400,444.06,446.99,429.25,429.59,2773352.0
1760313600,432.43,438.1,430.0,435.73,1863239.0
1760400000,430.3,439.205,427.836,436.39,2086064.0
1760486400,437.0,440.82,432.78,435.61,1910711.0
1760572800,438.47,439.49,433.81,434.62,1966367.0
1760659200,437.17,449.09,434.57,446.13,2209171.0
1760918400,452.5,461.83,451.35,458.47,3409962.0
1761004800,459.47,466.9799,456.31,462.74,4779628.0
1761091200,543.0,549.85,522.1656,527.03,8347517.0
1761177600,525.37,552.5,525.0845,551.3,4011322.0
1761264000,547.625,552.45,541.46,546.51,2692341.0
1761523200,544.75,551.63,538.75,551.25,2135936.0
1761609600,546.62,552.2,539.0,545.39,1586355.0
1761696000,543.0,544.95,534.45,537.59,1721812.0
1761782400,534.37,538.0,529.308,530.02,1777005.0
1761868800,528.625,538.14,526.2,534.28,1757590.0
1762128000,532.055,544.84,527.6016,544.21,2075039.0
1762214400,545.09,546.0,535.4,538.82,1780182.0
1762300800,538.0,552.0,536.15,548.55,2863375.0
1762387200,547.03,548.55,538.07,547.78,2052472.0
1762473600,543.24,562.65,541.74,560.0,2712221.0
1762732800,560.0,578.3,560.0,576.2,3070217.0
1762819200,575.06,579.22,570.5,572.17,1609703.0
1762905600,574.13,580.47,569.71,572.45,1633565.0
1762992000,566.86,573.3221,561.0,565.51,2116672.0
1763078400,559.5,560.02,548.92,549.51,1880253.0
1763337600,546.57,554.35,544.11,546.71,1470228.0
1763424000,546.055,549.21,538.83,546.77,2297814.0
1763510400,544.925,566.86,544.19,564.64,2440596.0
1763596800,566.92,574.45,550.0,552.23,1909011.0
1763683200,551.165,564.0,548.042,561.61,2622700.0
1763942400,562.93,570.77,560.0,568.48,2399870.0
1764028800,564.44,580.0,561.29,578.87,1684785.0
1764115200,579.85,582.4147,573.75,574.23,1159299.0
1764288000,571.41,574.0,568.2737,573.48,1003935.0
1764547200,568.99,573.535,566.63,567.37,1206486.0
1764633600,568.6,570.75,561.39,567.72,1749169.0
1764720000,569.48,571.77,563.04,569.71,1090649.0
1764806400,571.98,574.23,564.72,568.63,1147842.0
1764892800,569.5,576.88,569.43,575.34,1097035.0
1765152000,576.15,576.15,562.67,566.89,1298899.0
1765238400,566.5,569.0,557.5,558.13,1229982.0
1765324800,557.76,560.05,546.55,555.92,1563110.0
1765411200,545.465,553.39,542.71,547.36,1573821.0
1765497600,546.0,548.99,537.69,542.32,2116297.0
1765756800,546.05,561.62,546.05,559.52,2928139.0
1765843200,559.05,559.69,546.1301,554.58,1959785.0
1765929600,554.68,561.455,554.0,556.86,1705846.0
1766016000,557.29,566.85,557.255,561.89,1545629.0
1766102400,561.63,574.57,561.31,572.47,4065269.0
1766361600,576.0,583.45,573.295,579.83,1453032.0
1766448000,577.135,579.2,573.6762,577.34,1283068.0
1766534400,577.34,579.85,575.03,577.15,355207.0
1766707200,578.21,579.4,575.96,577.81,494811.0
1766966400,577.81,580.5,574.215,575.4,695203.0
1767052800,572.21,574.77,570.45,572.63,725054.0
1767139200,572.5,573.28,565.77,566.36,992646.0
1767312000,566.78,567.39,555.4,561.98,1298044.0
1767571200,561.15,567.08,558.0,566.38,1394989.0
1767657600,565.0,594.62,564.345,592.85,2629499.0
1767744000,592.89,603.88,590.8,592.27,1863518.0
1767830400,582.685,589.95,582.685,585.08,1491551.0
1767916800,587.32,589.58,579.62,586.24,1490746.0
1768176000,581.97,582.19,566.8,572.745,1825950.0
1768262400,571.45,572.59,556.04,561.82,1515795.0
1768348800,533.96,551.0,528.0,546.76,3602486.0
1768435200,553.74,553.74,535.69,541.34,1909025.0
1768521600,542.0,543.0,532.6301,535.0,3015488.0
1768867200,527.0,532.605,525.23,527.44,2149740.0
1768953600,527.59,530.05,518.64,523.69,2033885.0
1769040000,525.405,532.0,522.72,525.81,2911761.0
1769126400,530.0,540.0,521.18,523.99,2799462.0
1769385600,523.945,533.97,518.65,528.81,2565374.0
1769472000,532.61,535.0,523.54,525.04,1503535.0
1769558400,523.91,529.36,520.24,522.04,1851332.0
1769644800,521.17,522.0,502.48,507.55,2167054.0
1769731200,506.7,511.03,501.385,504.22,1698700.0
1769990400,502.0,504.2,496.15,496.73,2133855.0
1770076800,495.21,499.0,476.79,478.88,3796796.0
1770163200,480.105,481.19,465.689,478.49,3405291.0
1770249600,482.78,489.51,475.17,476.32,2912016.0
1770336000,482.165,491.65,480.07,488.15,2521124.0
1770595200,486.05,493.54,483.9,492.84,2208124.0
1770681600,494.22,500.3756,493.5258,495.15,1813070.0
1770768000,492.75,500.34,490.66,496.12,1933675.0
1770854400,496.12,497.84,475.83,478.6,2966529.0
1770940800,480.5,495.57,479.61,485.84,1984623.0
1771286400,481.215,495.19,481.215,493.35,1583207.0
1771372800,494.24,502.88,490.6401,500.76,1464644.0
1771459200,495.71,503.73,495.25,499.53,1434178.0
1771545600,497.15,504.75,495.23,504.05,1553730.0
1771804800,498.88,502.7,486.45,492.1,1765151.0
1771891200,489.69,496.27,487.51,494.02,1404684.0
1771977600,494.0,506.52,494.0,506.17,2061954.0
1772064000,508.67,511.88,501.4001,506.88,1570742.0
1772150400,499.71,504.95,499.21,503.51,1634184.0
1772409600,492.59,499.623,490.4,496.25,1743459.0
1772496000,487.18,497.96,486.98,497.42,1841403.0
1772582400,495.19,505.4351,492.5,501.18,1501345.0
1772668800,495.2,502.48,488.81,496.7,1542393.0
1772755200,490.19,491.07,478.2,490.16,2088196.0
1773014400,485.01,493.89,480.23,493.56,1651611.0
1773100800,493.95,496.0,484.38,485.85,1547183.0
1773187200,489.23,493.58,479.11,492.87,1538969.0
1773273600,490.55,491.55,473.1,479.27,1805469.0
1773360000,478.0,482.68,458.0,472.16,2490043.0
1773619200,473.32,486.13,472.95,483.46,1297436.0
1773705600,487.54,494.43,482.19,482.76,1057451.0
1773792000,478.54,483.2625,472.34,477.73,1483838.0
1773878400,477.5,483.04,475.81,479.93,1258652.0
1773964800,480.3,484.92,473.19,477.97,2227814.0
1774224000,488.145,489.0,478.03,478.04,1501880.0
1774310400,473.75,476.13,468.3616,471.91,1332742.0
1774396800,474.46,480.18,468.5,469.98,1428431.0
1774483200,469.1,478.25,465.0,468.55,1605507.0
1774569600,465.42,466.2117,451.56,452.66,2107201.0
1774828800,453.046,459.0,450.27,452.775,2195638.0
1774915200,455.03,462.9999,448.4,460.99,1960307.0
1775001600,462.89,468.33,460.76,464.45,1427318.0
1775088000,456.26,463.93,450.4,452.07,1647820.0
1775433600,451.06,458.92,449.73,452.58,1152400.0
1775520000,451.005,453.42,447.775,452.95,1796824.0
1775606400,469.99,471.9799,460.24,462.28,2253941.0
1775692800,459.32,460.65,451.03,454.94,1551480.0
1775779200,455.69,455.79,448.22,450.62,1466335.0
1776038400,448.17,459.25,448.17,458.96,1691011.0
1776124800,459.93,471.24,459.5,467.22,1973628.0
1776211200,469.55,473.99,465.79,468.36,1935050.0
1776297600,469.08,471.8,454.0,458.08,2209623.0
1776384000,463.6,474.28,463.02,469.21,2720734.0
1776643200,471.355,472.5699,463.65,465.6,2442672.0
1776729600,469.05,471.0795,451.29,451.29,3379562.0
1776816000,461.36,491.15,460.01,483.62,4437843.0
1776902400,484.498,489.86,477.1901,478.82,2889652.0
1776988800,480.75,482.84,471.0,482.22,2655157.0
1777248000,481.0,486.7742,469.2,470.99,2028418.0
1777334400,472.42,473.86,463.38,466.64,1836727.0
1777420800,463.5,463.5,449.59,453.83,2059344.0
1777507200,452.68,458.29,449.8298,457.61,2000263.0
1777593600,458.86,463.14,456.355,457.78,1462344.0
1777852800,457.56,461.235,449.23,452.35,1797570.0
1777939200,453.925,458.26,441.98,451.38,2952300.0
1778025600,451.615,455.0,446.9001,451.73,1982748.0
1778112000,453.035,462.4,452.0,453.49,1563343.0
1778198400,454.31,454.32,447.0,450.06,2402326.0
1778457600,446.91,448.75,417.74,420.06,4032891.0
1778544000,425.0,435.56,420.0,431.87,2351616.0
1778630400,430.96,438.78,426.66,432.27,1996719.0
1778716800,432.0,434.91,426.53,428.06,2171880.0
1778803200,430.0,431.98,420.56,421.12,2375097.0
1779062400,421.955,440.61,421.955,439.92,2119623.0
1779148800,440.8,447.8,436.39,441.58,2799088.0
1779235200,440.38,449.77,434.5,449.03,1737920.0
1779321600,446.205,447.57,435.15,439.8,2088407.0
1779408000,439.495,443.8599,434.77,438.1,2010239.0
1779753600,439.42,442.94,434.15,436.64,1690748.0
1779840000,432.22,439.2,414.3,418.55,3125440.0
1779926400,419.575,425.0,414.75,423.63,2185133.0
1780012800,423.79,426.81,419.83,424.64,3441380.0
1780272000,420.465,423.9499,411.83,412.26,3033644.0
1780358400,408.5,414.0,396.68,402.3,3985931.0
1780444800,400.495,407.85,399.44,407.29,2651379.0
1780531200,413.86,423.5,412.62,418.82,2353914.0
1780617600,420.0,428.46,419.5,422.06,2775557.0
1780876800,422.535,424.3851,417.14,418.61,2180420.0
1780963200,421.13,430.85,417.55,426.61,2275496.0
1781049600,424.14,426.2,411.92,412.02,2004818.0
1781136000,412.16,416.1899,406.82,412.9,1998407.0
1781222400,415.01,415.76,402.73,411.06,1777294.0
1781481600,412.94,420.59,412.88,416.55,2601678.0
1781568000,419.0,422.46,412.93,417.07,1845354.0
1781654400,415.0,418.24,400.1,402.18,2239369.0
1781740800,403.6,409.64,400.93,406.78,4404200.0
1782086400,401.33,408.5346,399.5001,402.95,2680659.0
1782172800,403.25,407.33,399.29,403.18,2705176.0
1782259200,406.0,412.54,400.12,401.83,2438789.0
1782345600,403.21,412.47,398.89,399.69,2821276.0
1782432000,399.48,409.78,399.29,404.7,3413593.0
1782691200,409.68,415.99,405.141,405.97,2328653.0
1782777600,405.41,406.5599,397.52,397.68,2585415.0
1782864000,403.0,408.62,399.985,402.38,1939311.0
1782950400,409.81,426.02,406.47,426.01,3141747.0
1783296000,428.93,440.17,420.51,432.83,3412891.0
1783382400,439.5,443.84,424.86,427.3,2492148.0
1783468800,427.3,428.47,414.59,415.1,1614810.0
1783555200,415.1,416.25,409.0,411.55,1953540.0
1783641600,412.9,415.91,403.2501,406.78,1859949.0
1783900800,407.26,414.58,406.82,407.12,1801595.0
1783987200,396.1,397.38,378.5,379.5,5748074.0
1784073600,378.55,393.96,378.5,388.97,4141561.0
1784160000,394.0,405.5,393.675,402.33,5664638.0
1784246400,365.025,367.74,344.55,345.42,11563750.0
1784505600,347.01,355.08,342.1,353.17,5717882.0
1784592000,347.01,362.85,347.0,350.06,5161004.0
1784678400,351.86,355.0,340.61,340.69,4563757.0
1784764800,338.5,340.55,328.57,332.02,4892560.0
1784851200,334.6,341.83,332.15,337.5,3438605.0
1785110400,344.0,359.2599,343.39,356.83,5121010.0
1785196800,365.5,374.7,360.48,361.8,4088169.0
1785283200,361.455,361.8,351.94,353.1,2738061.0
1785369600,346.83,355.06,346.45,352.97,2773454.0
1785456000,350.77,355.093,348.88,353.33,2461906.0
1785715200,361.755,375.85,360.98,375.41,3502071.0
1785801600,376.31,376.31,364.26,368.265,3938805.0
1785888000,372.8,376.625,369.4801,375.2,3286390.0
1785974400,374.39,378.6399,371.68,373.71,2594560.0
1786060800,374.55,379.9,372.6325,378.81,2466037.0
1786320000,379.24,393.63,378.0,393.38,3221560.0
1786406400,392.22,402.14,392.22,401.23,4123941.0
1786492800,403.81,404.98,397.17,401.27,3142556.0
1786579200,403.72,404.69,398.0,401.27,2355574.0
1786665600,401.02,402.46,394.06,394.51,1986189.0
1786924800,392.1,396.99,389.67,390.33,2157790.0
1787011200,394.0,399.8745,390.84,391.18,2384987.0
1787097600,394.55,405.34,394.0,397.72,2125169.0
1787184000,397.225,398.99,372.6,374.48,3970870.0
1787270400,375.125,382.04,367.24,378.81,2010937.0
1787529600,379.25,384.06,373.48,373.57,1519418.0
1787616000,375.25,378.23,367.0701,371.84,1768567.0
1787702400,368.49,372.372,366.73,370.42,1665851.0
1787788800,369.61,372.305,366.9,367.07,1788898.0
1787875200,368.0,373.395,366.735,372.6,1802434.0
1788134400,369.0,377.37,365.3215,376.86,1923582.0
1788220800,375.0,375.4,366.35,369.25,1849101.0
1788307200,369.0,382.41,368.25,371.88,2053566.0
1788393600,374.79,378.99,365.42,369.83,1746254.0
1788480000,367.81,369.55,363.23,366.7,2081783.0
1788825600,361.305,362.53,347.52,350.16,3196294.0
1788912000,350.2,357.99,349.855,353.24,2422950.0
1788998400,347.66,362.475,345.25,360.46,3371482.0
1789084800,363.56,374.48,363.56,369.15,3351568.0
1789344000,374.6,378.58,372.15,377.94,2433856.0
1789430400,374.54,379.11,368.8501,377.16,1983904.0
1789516800,378.0,387.29,377.16,382.29,2135004.0
1789603200,385.57,388.2,378.2801,383.54,2394062.0
1789689600,381.51,394.91,379.5,393.33,4930004.0
1789948800,393.89,403.48,391.04,401.65,2972891.0
1790035200,403.0,403.97,397.72,402.09,1864523.0
1790121600,400.88,404.44,396.05,398.3,1686519.0
1790208000,396.725,404.19,395.18,399.52,1565471.0
