timestamp,open,high,low,close,volume
1474848000,66.6,66.8,65.54,65.78,16407730.0
1474934400,65.41,66.405,65.11,66.36,13711090.0
1475020800,66.58,66.77,65.9939,66.71,11245630.0
1475107200,66.7,67.21,65.35,65.65,18669220.0
1475193600,66.08,67.06,66.08,66.59,21670290.0
1475452800,66.35,66.92,66.26,66.51,14854720.0
1475539200,66.21,67.18,66.1,66.6,17180840.0
1475625600,66.89,68.07,66.8,67.69,16249190.0
1475712000,67.73,67.97,67.05,67.87,17482310.0
1475798400,67.79,68.18,67.4,68.11,18416990.0
1476057600,68.34,69.06,68.23,68.64,12956970.0
1476144000,68.5,68.82,67.93,68.31,15520050.0
1476230400,68.26,68.59,68.05,68.13,11762680.0
1476316800,67.46,67.87,66.82,67.74,17844540.0
1476403200,68.8,69.03,67.3,67.52,24088680.0
1476662400,67.42,67.79,66.735,67.17,14957290.0
1476748800,67.85,68.21,67.54,67.7,11829240.0
1476835200,67.81,68.5,67.81,68.35,12610140.0
1476921600,68.08,68.68,67.94,68.26,14106300.0
1477008000,67.81,68.53,67.7,68.49,11951350.0
1477267200,68.97,69.05,68.495,68.87,10152090.0
1477353600,68.88,68.93,68.38,68.8,9874685.0
1477440000,68.37,69.25,68.37,69.13,9791880.0
1477526400,69.49,69.77,69.1,69.23,14183100.0
1477612800,69.53,69.55,68.465,69.11,12761810.0
1477872000,69.43,69.58,69.23,69.26,14316240.0
1477958400,69.48,69.78,68.33,68.97,15551510.0
1478044800,68.65,68.85,68.01,68.68,12390410.0
1478131200,68.86,69.19,68.22,68.38,10357440.0
1478217600,68.49,68.56,67.64,67.76,13567450.0
1478476800,69.08,69.97,69.0,69.88,16494360.0
1478563200,69.7,70.545,69.24,70.03,17519610.0
1478649600,71.46,74.15,71.32,73.25,50901350.0
1478736000,74.22,77.25,74.22,76.65,56163980.0
1478822400,76.3,76.725,75.77,76.69,27561200.0
1479081600,77.25,80.44,77.25,79.51,45737230.0
1479168000,78.37,79.41,77.78,79.36,28116280.0
1479254400,78.22,78.35,76.88,77.4,25859670.0
1479340800,77.93,78.455,77.6,78.02,19275640.0
1479427200,77.96,78.42,77.55,77.71,19533170.0
1479686400,78.0,78.17,77.29,78.05,11970790.0
1479772800,78.34,78.555,77.76,78.53,14406030.0
1479859200,78.87,79.24,77.89,78.86,13401180.0
1480032000,79.1,79.45,78.47,78.83,6185719.0
1480291200,78.18,78.87,78.02,78.32,12955670.0
1480377600,78.39,79.16,78.39,78.92,14143900.0
1480464000,79.92,80.53,79.7,80.17,25281920.0
1480550400,80.65,82.279,80.65,81.79,23819670.0
1480636800,81.8,81.83,80.9,81.6,16926630.0
1480896000,82.3,83.29,82.29,83.26,18520890.0
1480982400,83.6,83.81,82.43,83.69,16128200.0
1481068800,83.55,84.09,82.85,84.07,18977990.0
1481155200,84.23,85.5,83.94,85.12,20837400.0
1481241600,85.02,85.5,84.14,85.49,14485640.0
1481500800,85.36,85.79,84.29,84.73,14501440.0
1481587200,84.98,85.67,83.82,84.76,16378730.0
1481673600,83.88,86.12,83.76,84.73,22620090.0
1481760000,85.4,86.49,84.9,86.0,19416270.0
1481846400,86.29,86.29,84.89,84.94,22974240.0
1482105600,84.8,85.44,84.19,85.43,21677790.0
1482192000,85.79,86.54,85.545,86.53,14576600.0
1482278400,86.43,86.81,86.03,86.75,11503230.0
1482364800,86.44,87.17,86.21,86.89,13922580.0
1482451200,87.0,87.15,86.4,87.05,10756280.0
1482796800,87.05,87.16,86.75,87.13,6932566.0
1482883200,87.16,87.39,86.35,86.5,9311957.0
1482969600,86.58,86.67,85.04,85.89,14686680.0
1483056000,86.1,86.42,85.66,86.29,13615700.0
1483401600,87.34,87.76,85.98,87.23,20539070.0
1483488000,86.96,87.18,86.4,86.91,15254070.0
1483574400,86.81,87.11,85.2589,86.11,14296000.0
1483660800,86.39,86.62,85.94,86.12,12882710.0
1483920000,85.73,86.77,85.52,86.18,12794220.0
1484006400,86.07,86.9,85.72,86.43,13983480.0
1484092800,86.43,87.08,85.91,87.08,14695730.0
1484179200,86.76,87.27,86.02,86.24,21301690.0
1484265600,87.11,88.17,86.1,86.7,28261840.0
1484611200,84.93,85.22,83.28,83.55,30008910.0
1484697600,83.63,84.23,83.03,83.94,21256180.0
1484784000,84.06,84.67,83.12,83.3,16543450.0
1484870400,83.43,83.83,83.285,83.67,18427620.0
1485129600,83.3,84.0,83.205,83.71,12169560.0
1485216000,83.92,85.0,83.56,84.72,15164580.0
1485302400,85.84,86.17,85.17,86.03,17524020.0
1485388800,85.95,86.95,85.95,86.75,15959340.0
1485475200,86.66,86.98,86.27,86.93,12533650.0
1485734400,86.19,86.5,85.32,86.03,13647020.0
1485820800,85.6,86.15,84.09,84.63,15639240.0
1485907200,85.54,86.1,84.68,84.95,15424860.0
1485993600,84.34,84.91,84.16,84.59,11080030.0
1486080000,86.19,87.31,85.865,87.18,17874820.0
1486339200,86.79,87.45,86.61,86.77,11821920.0
1486425600,87.14,87.4,86.48,86.72,9400056.0
1486512000,86.18,86.31,85.37,85.96,13970180.0
1486598400,86.42,87.33,86.13,87.2,13745750.0
1486684800,87.48,87.48,86.89,87.0,10990300.0
1486944000,87.44,88.74,87.43,88.15,18566120.0
1487030400,88.3,89.7,88.1063,89.56,17929290.0
1487116800,90.08,90.87,89.35,90.59,17342480.0
1487203200,90.4,91.04,89.77,90.53,17654840.0
1487289600,89.82,90.465,89.69,90.23,15719390.0
1487635200,90.51,91.15,90.46,91.01,14067110.0
1487721600,90.52,91.3,90.42,91.06,11829720.0
1487808000,91.18,91.34,90.52,91.13,11058950.0
1487894400,90.18,90.54,89.73,90.33,15054760.0
1488153600,90.32,90.725,90.02,90.43,12347880.0
1488240000,89.845,90.82,89.585,90.62,15180450.0
1488326400,92.79,93.98,92.61,93.6,24449860.0
1488412800,93.87,93.92,92.03,92.14,16813030.0
1488499200,92.23,93.11,92.19,92.8,12821140.0
1488758400,92.25,92.32,91.1,91.92,15052230.0
1488844800,91.64,92.09,91.21,91.41,11149530.0
1488931200,92.68,92.851,91.1,91.21,17373980.0
1489017600,91.6,92.14,91.15,91.57,13719280.0
1489104000,91.95,92.0,90.53,91.28,13728160.0
1489363200,91.31,91.78,90.931,91.36,10001690.0
1489449600,91.02,91.65,90.765,91.51,10224780.0
1489536000,91.8,92.55,91.13,91.73,16595620.0
1489622400,92.03,92.8057,91.57,91.64,14418810.0
1489708800,91.83,92.04,90.65,90.68,21722980.0
1489968000,90.27,91.17,89.79,90.03,14623410.0
1490054400,90.36,90.64,87.06,87.39,33058980.0
1490140800,86.89,88.07,86.01,87.53,21728520.0
1490227200,87.21,88.5,87.09,87.39,16086820.0
1490313600,87.79,88.09,86.77,87.29,16090870.0
1490572800,85.53,87.401,85.23,87.24,16679180.0
1490659200,87.02,89.02,86.98,88.6,16248660.0
1490745600,88.6,88.82,88.08,88.27,10206830.0
1490832000,88.2,89.46,88.12,89.03,11628770.0
1490918400,88.71,88.7397,87.75,87.84,16982580.0
1491177600,87.99,88.17,86.6,87.52,19823640.0
1491264000,86.89,87.67,86.715,87.31,14272880.0
1491350400,88.42,88.54,86.13,86.19,17601320.0
1491436800,85.98,86.91,85.25,86.48,14349040.0
1491523200,85.93,86.81,85.71,86.18,13079920.0
1491782400,86.08,86.69,85.4,85.88,15076260.0
1491868800,85.54,85.79,84.8,85.73,14683600.0
1491955200,85.93,85.95,85.03,85.4,14705880.0
1492041600,85.5,86.99,84.4,84.4,30507690.0
1492387200,84.44,86.08,84.37,85.86,19041960.0
1492473600,85.36,85.63,84.74,85.16,14099770.0
1492560000,85.5,85.92,84.36,84.46,17578440.0
1492646400,84.98,85.78,84.55,85.55,15609030.0
1492732800,85.5,85.68,84.51,84.52,19801590.0
1492992000,86.55,88.05,86.42,87.5,25407580.0
1493078400,88.55,89.13,88.26,88.26,18245360.0
1493164800,88.35,89.05,88.14,88.43,12827000.0
1493251200,88.37,88.37,87.01,87.61,13321400.0
1493337600,87.6,87.85,86.95,87.0,10754410.0
1493596800,87.36,87.74,86.56,87.06,15701860.0
1493683200,86.71,86.88,86.02,86.5,14116010.0
1493769600,86.06,87.1,86.02,87.0,11533590.0
1493856000,87.69,87.73,86.57,87.1,11537500.0
1493942400,87.25,87.34,86.42,87.0,9429564.0
1494201600,87.04,87.3198,86.6481,87.1,8161744.0
1494288000,87.26,87.84,86.5,86.75,10257780.0
1494374400,86.529,87.48,86.47,87.43,8325757.0
1494460800,87.09,87.48,86.35,87.16,10899810.0
1494547200,86.68,87.0484,86.3399,86.92,8737097.0
1494806400,87.1,87.49,86.86,87.34,8777861.0
1494892800,87.36,88.09,87.34,87.61,9786440.0
1494979200,86.11,86.39,83.97,84.27,24664200.0
1495065600,84.07,84.8,83.36,83.96,23342620.0
1495152000,84.21,85.34,84.15,84.78,13390940.0
1495411200,85.18,85.29,84.21,84.7,11627200.0
1495497600,84.75,86.07,84.51,85.76,11749300.0
1495584000,85.88,85.97,85.24,85.71,9915730.0
1495670400,85.99,86.08,85.08,85.35,12237710.0
1495756800,85.11,85.56,85.02,85.36,8111823.0
1496102400,85.13,85.15,83.78,83.9,12591880.0
1496188800,83.73,83.82,81.635,82.15,28308020.0
1496275200,82.46,83.08,81.65,83.06,17098250.0
1496361600,82.29,82.99,81.98,82.64,14973620.0
1496620800,82.64,83.51,82.58,82.79,9069111.0
1496707200,82.29,83.215,82.13,82.96,12187210.0
1496793600,83.31,84.1052,83.1,83.91,13701000.0
1496880000,83.91,85.7302,83.89,84.95,17887320.0
1496966400,85.51,87.05,85.39,86.96,19077040.0
1497225600,87.32,87.74,86.29,86.98,16027580.0
1497312000,87.55,87.85,86.98,87.27,12541830.0
1497398400,86.77,87.31,85.82,87.09,16132440.0
1497484800,86.25,87.08,86.24,86.57,12509680.0
1497571200,86.85,86.96,86.015,86.18,16870540.0
1497830400,86.97,88.23,86.85,88.07,15872500.0
1497916800,87.75,87.92,87.37,87.52,11189920.0
1498003200,87.48,87.545,86.76,87.12,9999202.0
1498089600,86.93,87.36,86.65,87.02,12178690.0
1498176000,87.66,88.0,86.61,86.86,18803420.0
1498435200,87.01,87.67,86.615,87.24,10080920.0
1498521600,87.71,88.94,87.5,88.05,15403620.0
1498608000,88.6,90.07,88.6,89.82,17387500.0
1498694400,92.34,92.65,90.31,91.15,27686330.0
1498780800,91.96,92.0,91.16,91.4,16880080.0
1499040000,91.56,93.48,91.41,92.75,13208090.0
1499212800,93.12,93.79,92.61,93.68,17516980.0
1499299200,93.54,94.51,92.88,93.38,16590710.0
1499385600,93.96,94.17,93.23,93.85,12494720.0
1499644800,93.5,93.68,93.09,93.19,13913110.0
1499731200,93.33,93.33,92.28,92.83,13252240.0
1499817600,92.61,92.83,92.07,92.51,13538860.0
1499904000,92.69,93.38,92.34,93.1,12796040.0
1499990400,90.81,92.605,90.58,92.25,22213380.0
1500249600,91.82,91.99,91.25,91.39,14328720.0
1500336000,90.45,91.58,90.32,91.07,14709530.0
1500422400,91.34,91.6199,91.001,91.2,11642710.0
1500508800,91.15,91.72,90.9,91.2,11556850.0
1500595200,91.06,91.36,90.52,90.89,10970710.0
1500854400,90.96,91.54,90.91,91.28,10719270.0
1500940800,92.37,93.52,92.27,92.8,16443930.0
1501027200,93.1,93.19,91.68,91.93,11810320.0
1501113600,91.83,92.06,91.16,91.55,12324630.0
1501200000,91.45,91.75,90.905,91.28,9351715.0
1501459200,91.51,92.36,91.5,91.8,11513330.0
1501545600,92.49,93.14,92.28,93.03,12467650.0
1501632000,92.865,93.21,92.505,93.11,10156790.0
1501718400,92.7,93.13,92.235,92.5,11072450.0
1501804800,93.5,94.4,93.471,93.66,14314130.0
1502064000,93.89,94.19,93.71,94.02,7971792.0
1502150400,93.95,95.2193,93.6,93.68,13742970.0
1502236800,92.98,93.68,92.83,93.53,11203530.0
1502323200,92.9,93.07,92.07,92.19,13189350.0
1502409600,92.13,92.67,91.24,91.42,10664840.0
1502668800,92.37,92.9,92.33,92.49,10985030.0
1502755200,93.31,93.56,92.65,92.73,8812462.0
1502841600,93.04,93.23,91.88,92.09,11073020.0
1502928000,91.76,91.96,90.5,90.65,13524300.0
1503014400,90.31,91.54,90.19,90.74,12936300.0
1503273600,90.85,90.94,90.16,90.63,10824350.0
1503360000,91.07,91.71,91.0,91.56,9192696.0
1503446400,90.87,92.34,90.84,91.67,8802146.0
1503532800,91.93,92.12,91.41,91.52,8623165.0
1503619200,91.88,92.48,91.8,91.89,11776770.0
1503878400,92.16,92.19,91.13,91.6,7244324.0
1503964800,90.45,91.31,90.31,91.1,10872900.0
1504051200,91.25,91.875,91.19,91.31,9159627.0
1504137600,91.81,91.85,90.8,90.89,13215110.0
1504224000,91.25,92.36,90.95,91.7,9814834.0
1504569600,91.02,91.105,89.0243,89.51,17014020.0
1504656000,90.0,90.5172,89.64,90.11,11774220.0
1504742400,90.11,90.13,88.08,88.53,14591010.0
1504828800,88.31,89.42,88.24,88.42,14232050.0
1505088000,89.39,90.25,88.95,89.79,13215440.0
1505174400,90.17,91.25,90.1,90.89,13995240.0
1505260800,90.61,91.5,90.32,91.15,12475660.0
1505347200,91.2,91.53,90.74,90.97,10552610.0
1505433600,91.08,91.71,90.76,91.62,18159180.0
1505692800,91.93,93.135,91.85,92.92,11317260.0
1505779200,92.71,94.36,92.52,93.94,12621780.0
1505865600,94.1,95.29,93.71,94.6,15307370.0
1505952000,94.46,95.37,94.19,95.03,10843190.0
1506038400,94.7,94.98,94.43,94.83,8350317.0
1506297600,94.51,94.88,93.45,94.12,10456630.0
1506384000,93.78,94.03,93.341,93.7,9346632.0
1506470400,94.97,95.72,94.58,95.18,14997730.0
1506556800,95.59,95.88,94.91,95.38,10270370.0
1506643200,95.3,95.52,95.02,95.51,11385400.0
1506902400,95.77,96.88,95.46,96.84,13761670.0
1506988800,96.83,97.43,96.7739,97.35,9626282.0
1507075200,97.3,97.44,96.28,96.36,12159660.0
1507161600,96.0,97.4,95.55,97.09,14232040.0
1507248000,97.55,97.64,96.47,96.92,10213870.0
1507507200,96.96,97.07,96.14,96.41,7760096.0
1507593600,96.455,97.18,96.24,97.13,10623290.0
1507680000,96.83,97.01,96.14,96.84,14264090.0
1507766400,97.3,97.5,95.62,95.99,18423690.0
1507852800,95.48,96.71,94.96,95.86,13183300.0
1508112000,96.34,97.95,96.34,97.84,12428820.0
1508198400,98.07,98.179,97.32,97.62,10334910.0
1508284800,98.15,98.55,97.63,97.99,10149270.0
1508371200,97.19,98.2,97.09,98.11,9133800.0
1508457600,99.28,99.89,98.7301,99.51,15295510.0
1508716800,99.51,99.99,99.24,99.34,9228003.0
1508803200,99.88,101.19,99.76,100.92,12906300.0
1508889600,101.25,101.45,100.19,101.02,14631320.0
1508976000,101.35,102.4201,101.32,101.74,13050550.0
1509062400,101.43,102.2263,101.05,101.77,10399390.0
1509321600,101.13,101.93,100.87,101.41,8838731.0
1509408000,101.37,101.7,100.57,100.61,8667049.0
1509494400,101.1,101.7,100.73,100.92,8413360.0
1509580800,100.87,101.765,100.16,101.59,8723237.0
1509667200,101.1,101.525,100.73,101.41,7101445.0
1509926400,101.34,101.6874,100.66,100.78,8115897.0
1510012800,100.56,100.75,98.25,98.75,18807990.0
1510099200,98.27,98.37,97.15,97.64,18517300.0
1510185600,97.12,98.215,96.81,97.63,13692330.0
1510272000,97.81,98.34,97.5,97.51,9312305.0
1510531200,96.69,98.05,96.62,97.86,9295198.0
1510617600,97.34,97.78,96.85,97.27,11040270.0
1510704000,96.39,98.74,95.95,98.19,15367530.0
1510790400,98.53,99.06,98.31,98.47,9777011.0
1510876800,97.82,98.41,97.57,98.14,9005339.0
1511136000,98.45,99.145,97.76,99.01,9476149.0
1511222400,99.5,99.55,98.91,98.93,13383660.0
1511308800,99.03,99.5239,98.59,98.64,7341754.0
1511481600,98.83,98.9,98.26,98.32,3680043.0
1511740800,98.31,99.13,97.93,97.93,13070120.0
1511827200,98.21,101.7,97.97,101.36,16758450.0
1511913600,102.41,104.22,101.96,103.73,21066830.0
1512000000,104.74,106.66,104.04,104.52,23931080.0
1512086400,104.9,105.316,102.2,104.79,19678760.0
1512345600,107.73,108.4,106.77,106.95,23563600.0
1512432000,107.17,107.41,104.12,105.72,17185270.0
1512518400,105.41,105.76,104.525,104.93,15329540.0
1512604800,103.95,105.185,103.73,104.62,13370270.0
1512691200,105.08,105.94,104.34,105.93,13501810.0
1512950400,105.72,106.06,105.31,105.62,10587320.0
1513036800,105.92,107.37,105.54,106.85,15491780.0
1513123200,106.7,107.11,105.48,105.51,15016890.0
1513209600,106.12,106.45,104.64,104.66,13030710.0
1513296000,105.79,106.52,105.2,106.14,29348390.0
1513555200,107.19,107.63,106.48,106.96,12698440.0
1513641600,107.35,107.49,106.44,106.51,12146210.0
1513728000,107.6,107.7305,106.09,106.14,13083590.0
1513814400,106.59,108.07,106.56,107.83,12321880.0
1513900800,108.2,108.46,106.805,107.45,14568030.0
1514246400,107.2,107.99,106.4,107.02,7399606.0
1514332800,106.67,107.29,106.67,107.22,9492739.0
1514419200,107.4,107.84,107.1601,107.79,7435961.0
1514505600,108.09,108.28,106.94,106.94,8908518.0
1514851200,107.63,108.02,106.8056,107.95,13571680.0
1514937600,107.86,108.49,107.48,108.06,11895160.0
1515024000,108.36,110.03,108.2,109.04,12951630.0
1515110400,109.26,109.55,107.775,108.34,14144400.0
1515369600,108.15,108.68,107.7,108.5,12466000.0
1515456000,108.72,109.63,108.49,109.05,13182010.0
1515542400,109.47,110.7,109.39,110.25,15829450.0
1515628800,110.67,110.929,110.051,110.84,13628880.0
1515715200,111.65,112.85,110.84,112.67,18879820.0
1516060800,111.51,113.43,111.07,112.27,22700360.0
1516147200,111.89,113.2958,111.31,112.99,14937560.0
1516233600,112.76,113.7226,112.27,113.26,14572370.0
1516320000,113.94,114.34,112.804,113.01,18715620.0
1516579200,112.66,114.39,112.5,114.33,12037860.0
1516665600,113.67,114.64,113.35,114.21,11866030.0
1516752000,114.86,116.0,114.66,115.67,14835340.0
1516838400,116.04,116.17,115.075,115.7,13361400.0
1516924800,115.7,116.32,114.96,116.32,13301640.0
1517184000,116.02,117.3529,116.02,116.2,11675590.0
1517270400,115.53,116.6,114.98,115.11,14029380.0
1517356800,115.65,116.66,115.16,115.67,13135770.0
1517443200,115.77,116.985,115.48,116.87,13697770.0
1517529600,116.49,116.92,114.09,114.28,16428820.0
1517788800,113.0,114.59,103.98,108.8,29050450.0
1517875200,106.85,112.48,106.61,112.11,32560780.0
1517961600,111.55,114.45,111.146,112.87,21764880.0
1518048000,113.11,113.11,107.84,107.88,27135050.0
1518134400,109.1,111.05,106.2299,110.04,28177020.0
1518393600,111.17,112.725,110.07,111.74,18035050.0
1518480000,111.32,113.05,110.8,112.43,16067610.0
1518566400,112.63,115.27,112.53,115.03,15177890.0
1518652800,115.74,115.985,114.22,115.51,11874190.0
1518739200,114.55,116.07,114.5,114.68,13212380.0
1519084800,114.65,115.39,113.97,114.71,13450220.0
1519171200,115.0,117.45,114.67,115.19,14195270.0
1519257600,115.5,116.425,114.76,114.98,17059760.0
1519344000,115.31,117.39,115.31,117.31,11687440.0
1519603200,118.14,118.9,117.32,118.77,16505610.0
1519689600,118.91,119.33,117.35,117.36,17516260.0
1519776000,117.82,118.49,115.34,115.5,17506530.0
1519862400,115.48,116.6427,112.65,113.43,18676020.0
1519948800,112.39,113.56,111.12,113.32,18347580.0
1520208000,112.05,115.925,111.89,115.06,13930760.0
1520294400,115.64,115.82,114.32,115.16,10635780.0
1520380800,113.75,115.1,113.11,114.73,13003700.0
1520467200,115.11,115.23,113.21,114.74,11774330.0
1520553600,116.55,118.08,115.67,118.04,14371270.0
1520812800,118.0,118.75,117.25,117.66,12095670.0
1520899200,118.2,118.47,115.83,116.25,13306450.0
1520985600,116.56,116.59,114.6,114.95,12902220.0
1521072000,115.87,116.0,114.83,115.24,8743922.0
1521158400,115.34,116.6015,115.34,115.44,19876460.0
1521417600,115.1,115.45,113.3,114.53,12970960.0
1521504000,114.87,115.445,114.445,114.64,9918785.0
1521590400,114.81,116.63,114.21,114.74,13631200.0
1521676800,113.2,113.6,109.54,109.95,21867230.0
1521763200,110.27,110.92,106.76,107.01,23051950.0
1522022400,109.19,111.16,108.645,110.31,20069210.0
1522108800,111.07,111.69,107.3,108.17,18030730.0
1522195200,108.28,109.1699,106.65,108.0,19188120.0
1522281600,108.5,110.78,107.78,109.97,13269530.0
1522627200,109.96,110.73,106.08,107.85,18820100.0
1522713600,108.36,109.5025,107.26,109.33,14044580.0
1522800000,107.1,111.21,107.02,110.99,15274570.0
1522886400,111.63,112.83,111.39,111.88,16612410.0
1522972800,110.55,111.55,107.82,109.09,18867090.0
1523232000,110.01,112.98,109.89,110.4,15958300.0
1523318400,112.13,112.87,111.42,112.51,13991460.0
1523404800,111.66,111.81,110.515,110.62,14476240.0
1523491200,111.56,114.39,111.5,113.37,16367580.0
1523577600,115.02,115.15,109.05,110.3,39126730.0
1523836800,110.94,111.47,109.79,110.21,16555770.0
1523923200,111.37,111.92,109.99,110.21,15489280.0
1524009600,110.53,111.07,108.89,109.32,16072650.0
1524096000,109.53,111.87,109.5,111.72,16875590.0
1524182400,112.3,112.74,110.88,111.47,15582480.0
1524441600,111.57,111.95,110.63,110.93,11285020.0
1524528000,111.75,112.9,109.59,110.41,16372250.0
1524614400,110.27,110.53,108.6,109.99,12777120.0
1524700800,109.97,110.82,109.34,110.1,10295240.0
1524787200,109.55,110.1599,109.13,109.4,9376494.0
1525046400,109.75,110.3,108.75,108.78,13736740.0
1525132800,108.45,108.97,107.54,108.78,10495720.0
1525219200,108.11,109.49,107.73,107.92,11391970.0
1525305600,107.59,107.77,105.181,107.24,15371190.0
1525392000,106.43,108.74,105.98,108.43,11966140.0
1525651200,108.76,109.68,108.36,109.37,9357015.0
1525737600,109.53,111.34,109.28,110.99,12542560.0
1525824000,111.44,113.64,111.03,113.41,11356680.0
1525910400,113.19,114.44,112.75,114.29,9157477.0
1525996800,114.49,114.73,113.67,113.86,10252070.0
1526256000,114.11,114.7,113.74,113.9,8707468.0
1526342400,113.91,113.91,112.57,113.03,11532500.0
1526428800,112.89,113.69,112.63,113.34,7423918.0
1526515200,113.2,113.41,112.2,112.96,8599189.0
1526601600,112.75,112.8,110.84,111.13,11804240.0
1526860800,112.05,112.54,111.92,112.15,9011770.0
1526947200,112.35,114.2852,112.29,113.01,11497430.0
1527033600,112.51,112.77,111.12,112.49,11449900.0
1527120000,112.14,112.15,110.115,111.23,14078330.0
1527206400,110.46,111.08,110.195,110.66,8282503.0
1527552000,109.18,109.2,104.955,105.93,30618680.0
1527638400,107.64,108.6,106.65,108.35,17443950.0
1527724800,107.95,108.19,106.42,107.01,19795400.0
1527811200,108.34,108.94,107.8,108.4,13586300.0
1528070400,108.99,109.255,108.27,108.45,8925947.0
1528156800,108.24,108.31,107.07,107.84,10407020.0
1528243200,108.66,110.74,108.48,110.36,15426560.0
1528329600,111.18,111.5,110.025,110.8,13437260.0
1528416000,110.62,111.14,110.06,111.11,10328520.0
1528675200,111.12,111.91,110.77,110.83,12634600.0
1528761600,111.14,111.53,109.52,110.19,10822240.0
1528848000,110.46,111.445,109.58,109.97,14909360.0
1528934400,110.28,110.36,107.78,108.03,20458210.0
1529020800,107.8,108.38,106.27,107.9,25963840.0
1529280000,107.26,108.4,106.69,108.18,9773400.0
1529366400,106.9,107.88,106.6,107.55,12617850.0
1529452800,108.18,108.64,107.44,107.54,8874036.0
1529539200,107.1,108.2061,106.53,107.51,11031630.0
1529625600,108.16,108.37,105.51,105.75,19923870.0
1529884800,105.66,105.7,103.96,104.79,16892740.0
1529971200,104.71,105.21,103.11,104.86,17049230.0
1530057600,104.68,105.92,103.23,103.24,16264030.0
1530144000,103.68,105.46,103.51,104.93,14445870.0
1530230400,106.68,106.9,104.15,104.2,18938710.0
1530489600,103.72,105.09,103.38,105.08,11128710.0
1530576000,105.41,105.775,103.52,103.61,8311680.0
1530748800,104.13,104.38,103.53,103.72,10711060.0
1530835200,103.12,104.5,102.2,104.06,12171570.0
1531094400,104.71,107.46,104.71,107.28,13893090.0
1531180800,108.02,108.4,106.53,106.62,14549070.0
1531267200,106.31,107.06,106.21,106.39,10171790.0
1531353600,107.42,107.56,105.97,106.85,12380920.0
1531440000,107.3,107.8,105.14,106.36,21284700.0
1531699200,107.05,110.77,106.98,110.58,24651960.0
1531785600,110.69,110.93,109.7499,110.5,14810020.0
1531872000,110.42,112.12,110.2,111.53,14238360.0
1531958400,111.06,111.09,109.73,109.89,16768150.0
1532044800,110.0,111.74,109.78,111.28,13577430.0
1532304000,111.06,114.24,110.93,113.35,18124810.0
1532390400,113.55,114.78,113.42,114.15,13997780.0
1532476800,113.88,115.52,113.38,115.18,13325550.0
1532563200,115.42,115.585,114.581,114.85,11895560.0
1532649600,115.18,116.3,114.81,116.03,12802140.0
1532908800,116.28,117.61,116.06,116.73,13400350.0
1532995200,117.08,117.08,114.82,114.95,15837180.0
1533081600,115.75,116.69,115.28,115.66,13530130.0
1533168000,114.57,116.25,114.33,116.15,10157940.0
1533254400,116.0,117.13,115.94,117.09,11014140.0
1533513600,116.79,117.53,116.18,117.12,9421869.0
1533600000,117.74,118.29,117.33,117.55,10560510.0
1533686400,117.33,118.2686,117.28,117.79,8996919.0
1533772800,117.51,117.72,116.695,116.88,9646593.0
1533859200,115.5,115.95,114.6839,115.73,12627850.0
1534118400,115.56,115.878,113.815,113.89,10328380.0
1534204800,114.27,115.04,113.6499,114.65,10596160.0
1534291200,113.82,114.33,112.97,113.7,10148000.0
1534377600,114.35,115.31,114.3,114.77,10053620.0
1534464000,114.64,115.07,114.3,114.77,8503909.0
1534723200,114.59,115.05,114.11,114.62,8618073.0
1534809600,115.37,116.385,114.88,115.32,10956230.0
1534896000,115.31,115.41,114.78,114.97,8314720.0
1534982400,114.96,115.15,114.43,114.73,9265285.0
1535068800,114.98,115.22,114.451,114.68,8843759.0
1535328000,115.22,117.28,115.17,116.71,13757760.0
1535414400,117.0,117.03,115.97,116.14,8302445.0
1535500800,116.35,116.37,115.36,115.76,7218300.0
1535587200,115.59,116.04,114.98,115.19,8991040.0
1535673600,114.83,114.84,113.819,114.58,12964490.0
1536019200,114.34,115.24,113.63,115.15,10169810.0
1536105600,115.0,115.7,114.25,114.59,11461150.0
1536192000,114.5,114.7,113.5,114.1,9877590.0
1536278400,114.5,114.77,113.63,114.32,10954450.0
1536537600,114.85,114.97,113.66,113.71,8276288.0
1536624000,113.54,114.575,113.18,114.43,9332254.0
1536710400,114.25,114.88,112.85,113.08,10798760.0
1536796800,113.37,114.13,112.67,113.52,12415090.0
1536883200,113.81,114.49,113.23,113.5,10231520.0
1537142400,113.79,114.43,113.3,113.84,9554932.0
1537228800,114.33,114.655,113.56,114.3,7940094.0
1537315200,114.44,118.06,114.44,117.62,16046720.0
1537401600,118.5,119.24,118.08,118.63,15575320.0
1537488000,119.13,119.23,117.74,117.85,24745470.0
1537747200,117.76,118.46,116.4315,116.72,12487950.0
1537833600,117.04,117.97,116.32,116.39,9187653.0
1537920000,116.75,116.8699,114.66,115.02,13973420.0
1538006400,115.42,115.76,114.16,114.52,13278480.0
1538092800,113.65,114.24,112.52,112.84,15811150.0
1538352000,113.37,114.61,113.04,113.5,10108580.0
1538438400,113.36,114.12,112.8128,113.97,13675490.0
1538524800,114.94,115.66,114.48,115.04,17139050.0
1538611200,114.55,116.81,114.21,115.27,16353980.0
1538697600,115.83,116.1,114.015,114.62,13774290.0
1538956800,114.25,115.78,113.3534,115.32,13988650.0
1539043200,114.67,115.03,113.67,114.52,13313990.0
1539129600,114.7,114.95,111.47,111.47,22980780.0
1539216000,110.97,111.47,107.38,108.13,33674420.0
1539302400,110.37,110.83,105.6,106.95,32046950.0
1539561600,107.2,108.85,106.32,106.34,18733850.0
1539648000,107.16,108.78,106.73,108.62,19299970.0
1539734400,108.38,110.8,108.23,109.83,18651830.0
1539820800,109.02,109.84,107.81,108.09,17580370.0
1539907200,107.65,109.22,107.27,107.91,15152190.0
1540166400,108.15,108.34,106.1132,106.36,16125130.0
1540252800,104.2,106.16,103.7,105.25,21403520.0
1540339200,104.76,105.03,102.9068,103.29,23151030.0
1540425600,104.18,105.9,103.72,104.86,17454950.0
1540512000,104.0,104.56,102.73,103.42,19162570.0
1540771200,104.46,106.63,103.7,104.85,18243470.0
1540857600,105.71,106.98,104.86,106.7,18015060.0
1540944000,108.08,110.48,107.79,109.02,20847860.0
1541030400,109.62,110.22,108.32,108.98,13060240.0
1541116800,109.9,110.81,107.49,108.38,19008910.0
1541376000,108.61,109.29,108.42,109.09,10273610.0
1541462400,108.67,109.67,107.76,109.6,10821580.0
1541548800,110.37,111.73,109.35,111.48,12667070.0
1541635200,111.01,112.925,111.0,112.38,11658900.0
1541721600,112.23,112.36,110.83,111.29,10430960.0
1541980800,111.42,111.94,108.6,108.95,13279160.0
1542067200,109.1,111.12,109.1,109.59,13744930.0
1542153600,110.23,110.71,105.9836,107.33,18233660.0
1542240000,108.24,110.08,106.81,110.07,19095940.0
1542326400,109.45,110.76,108.55,109.99,13775880.0
1542585600,109.96,111.2,109.5282,110.83,13981330.0
1542672000,109.78,110.49,107.98,108.45,18934620.0
1542758400,109.03,109.61,107.64,107.64,10618340.0
1542931200,106.74,107.39,106.06,106.65,6488406.0
1543190400,107.72,109.98,107.45,109.26,13799430.0
1543276800,108.76,110.03,108.63,109.72,9235380.0
1543363200,109.8,111.4,108.87,110.94,13962650.0
1543449600,110.27,110.795,109.635,110.06,11083530.0
1543536000,109.85,111.32,109.58,111.19,18644560.0
1543795200,112.38,112.89,111.74,112.24,16019140.0
1543881600,111.6,111.6,106.73,107.23,23532750.0
1544054400,105.01,105.36,102.88,105.19,27099460.0
1544140800,105.16,106.9817,102.91,103.29,19245350.0
1544400000,102.87,103.49,99.28,101.36,23535630.0
1544486400,103.13,103.66,100.21,100.37,16838010.0
1544572800,101.66,102.9,100.0603,101.02,22616310.0
1544659200,101.55,101.97,100.67,101.12,17130630.0
1544745600,99.99,101.94,99.86,100.29,18159340.0
1545004800,99.77,100.56,98.435,99.01,25018470.0
1545091200,99.42,100.89,98.12,98.54,20765010.0
1545177600,98.41,100.58,96.6,97.29,28165550.0
1545264000,96.61,98.28,95.69,96.45,31730610.0
1545350400,96.68,98.43,93.685,94.17,41295090.0
1545609600,92.89,94.22,92.14,92.14,17009280.0
1545782400,92.69,95.96,91.11,95.96,22517990.0
1545868800,94.82,97.15,93.55,97.04,20291680.0
1545955200,97.95,98.32,96.44,96.83,17961540.0
1546214400,97.59,98.8085,96.77,97.62,13235430.0
1546387200,95.95,99.78,95.94,99.31,15411710.0
1546473600,98.64,98.89,96.69,97.11,16211830.0
1546560000,99.11,100.93,98.28,100.69,16933390.0
1546819200,100.43,101.47,99.7103,100.76,14531080.0
1546905600,101.63,101.82,99.545,100.57,13567110.0
1546992000,100.81,101.49,99.93,100.4,14225830.0
1547078400,100.02,100.73,99.27,100.39,14301210.0
1547164800,99.89,100.17,98.95,99.91,15393510.0
1547424000,98.87,101.36,98.66,100.94,19161430.0
1547510400,98.89,102.47,98.6,101.68,26490090.0
1547596800,102.25,103.45,101.8,102.5,18484900.0
1547683200,102.11,103.5,101.9208,102.92,14229360.0
1547769600,103.77,104.9,102.83,104.59,16247270.0
1548115200,103.08,103.59,102.13,102.94,17080970.0
1548201600,103.44,103.7,101.965,102.68,12145730.0
1548288000,102.13,103.09,101.94,102.74,11294660.0
1548374400,103.51,104.31,102.74,103.39,14369380.0
1548633600,102.89,104.24,102.59,103.88,12194930.0
1548720000,103.88,105.11,103.7301,104.17,9739436.0
1548806400,104.14,105.24,103.78,104.41,12516290.0
1548892800,103.41,103.8,102.73,103.5,17519450.0
1548979200,104.0,104.8455,103.52,103.88,12788160.0
1549238400,103.79,104.25,103.01,104.25,9806552.0
1549324800,104.52,104.55,103.29,103.79,12561010.0
1549411200,103.71,104.62,103.465,103.74,8691435.0
1549497600,103.25,103.5,101.44,102.38,13156800.0
1549584000,102.08,102.335,100.06,101.36,12890180.0
1549843200,101.76,102.01,100.771,100.88,10930130.0
1549929600,101.95,102.92,101.89,102.6,12834850.0
1550016000,102.9,103.85,102.9,103.09,10746930.0
1550102400,102.47,103.1,101.35,102.42,11504740.0
1550188800,103.9,105.7,103.66,105.55,14633450.0
1550534400,104.91,105.37,103.81,105.18,12763460.0
1550620800,105.21,105.8,104.875,105.69,10028180.0
1550707200,105.45,105.99,104.96,105.47,8393668.0
1550793600,105.7,106.09,104.775,105.0,10642530.0
1551052800,105.75,107.27,105.69,106.1,11186840.0
1551139200,104.5,105.47,103.94,105.29,15464480.0
1551225600,105.18,105.38,104.505,105.16,9967691.0
1551312000,105.01,105.21,104.18,104.36,15141970.0
1551398400,105.1,105.905,104.2,104.43,13639600.0
1551657600,104.92,105.9155,103.2668,104.19,12459050.0
1551744000,104.13,104.55,103.26,104.11,10656790.0
1551830400,103.86,104.57,103.55,103.72,9066748.0
1551916800,103.25,103.47,102.16,102.97,12704980.0
1552003200,101.99,103.23,101.99,103.01,10580580.0
1552262400,103.98,104.545,103.66,104.35,9726139.0
1552348800,104.59,104.79,103.7544,104.04,10216020.0
1552435200,104.19,104.98,103.95,104.39,13012480.0
1552521600,104.5,105.87,104.46,105.34,10925770.0
1552608000,105.41,106.8,105.23,106.55,24702950.0
1552867200,106.55,107.785,106.5,107.19,12842850.0
1552953600,108.2,108.4,106.55,106.8,11966010.0
1553040000,106.43,106.65,104.41,104.52,14912250.0
1553126400,103.49,103.49,102.2804,102.87,19671830.0
1553212800,101.82,102.32,99.52,99.76,31097230.0
1553472000,99.59,100.57,98.09,98.93,21030050.0
1553558400,99.82,100.4,98.82,99.92,15977890.0
1553644800,99.88,100.4499,99.08,99.58,12750350.0
1553731200,100.0,100.8,99.74,100.71,12446920.0
1553817600,101.54,101.99,100.585,101.23,14520100.0
1554076800,102.15,104.68,102.12,104.64,17152120.0
1554163200,104.6,105.44,104.33,105.14,10294430.0
1554249600,105.81,106.36,104.785,105.35,11494200.0
1554336000,104.55,105.73,104.45,105.56,11949780.0
1554422400,105.8,106.11,104.99,105.31,9928430.0
1554681600,105.11,105.65,104.91,105.65,8053490.0
1554768000,105.08,105.2,104.25,104.87,9086705.0
1554854400,105.13,105.715,104.47,105.34,10877640.0
1554940800,105.71,106.73,105.56,106.23,11141720.0
1555027200,109.44,111.85,108.88,111.21,25827420.0
1555286400,110.92,111.0,109.12,109.94,15161420.0
1555372800,109.9,111.39,109.86,111.1,11578910.0
1555459200,111.7,114.66,111.01,114.3,17783930.0
1555545600,114.53,114.945,113.33,113.46,12497420.0
1555891200,112.83,113.93,112.6622,113.6,7974672.0
1555977600,113.0,114.37,112.85,113.74,9192915.0
1556064000,113.26,114.15,112.81,113.55,9243409.0
1556150400,113.01,114.145,112.5,113.61,9199903.0
1556236800,113.95,114.58,113.6,114.47,7888052.0
1556496000,114.6,117.155,114.445,116.12,14238810.0
1556582400,116.43,116.724,115.26,116.05,11371610.0
1556668800,115.72,117.0,115.11,115.16,10412880.0
1556755200,115.17,115.7753,114.58,115.41,8613305.0
1556841600,116.0,116.68,115.67,116.12,8185409.0
1557100800,114.18,115.47,113.72,115.09,9387010.0
1557187200,114.03,114.03,112.285,113.21,15017730.0
1557273600,112.66,113.67,112.46,112.61,9576075.0
1557360000,111.14,112.74,110.58,112.52,12205870.0
1557446400,111.75,112.84,110.54,112.51,13189380.0
1557705600,110.08,110.45,108.98,109.45,13783650.0
1557792000,109.55,111.72,109.5,110.32,10503670.0
1557878400,109.21,110.8958,108.61,109.9,10142050.0
1557964800,110.62,112.17,110.59,111.31,9672729.0
1558051200,110.0,111.75,109.8257,110.77,9570477.0
1558310400,110.58,111.81,110.37,111.35,8518244.0
1558396800,111.44,111.92,111.215,111.73,7967976.0
1558483200,111.4,111.79,110.75,110.82,7918898.0
1558569600,109.64,109.79,107.5,108.64,14557970.0
1558656000,109.52,109.96,109.19,109.71,8537252.0
1559001600,109.2,109.83,108.44,108.52,11665580.0
1559088000,107.45,108.4,107.06,108.22,9966365.0
1559174400,108.65,109.18,106.54,107.06,10367820.0
1559260800,105.56,106.589,104.84,105.96,10952860.0
1559520000,105.8,106.86,105.3,106.46,11680750.0
1559606400,107.85,109.9,107.13,109.74,12858590.0
1559692800,109.86,110.38,108.6376,110.13,8340484.0
1559779200,110.15,110.87,108.9307,110.37,8726664.0
1559865600,109.7,110.02,108.96,109.16,10618930.0
1560124800,110.75,111.21,110.215,110.34,11380600.0
1560211200,110.82,111.57,110.37,110.68,9847999.0
1560297600,110.7,110.9,108.89,109.27,9670511.0
1560384000,109.46,110.16,109.05,109.54,8406903.0
1560470400,109.57,110.3027,108.63,109.82,9077685.0
1560729600,109.7,110.37,109.06,109.22,8128583.0
1560816000,109.01,111.405,108.98,110.71,11057340.0
1560902400,110.82,111.59,109.695,109.91,13126540.0
1560988800,110.88,111.085,109.0331,110.19,13638200.0
1561075200,110.19,111.67,109.09,109.44,27089550.0
1561334400,109.28,109.77,108.535,108.66,13039580.0
1561420800,108.68,108.98,107.67,107.76,18660110.0
1561507200,108.3,109.31,108.16,108.48,10324610.0
1561593600,108.84,109.55,108.44,108.84,10906610.0
1561680000,111.04,112.43,110.9,111.8,21634680.0
1561939200,113.23,114.52,113.08,113.68,12762480.0
1562025600,113.51,114.2,113.22,113.8,10182630.0
1562112000,113.34,113.87,112.26,112.82,6849443.0
1562284800,113.51,114.27,112.92,113.49,7929536.0
1562544000,112.96,113.48,112.5,112.87,6917209.0
1562630400,112.28,113.49,112.1503,113.35,8947322.0
1562716800,113.37,113.83,112.74,113.02,9242253.0
1562803200,113.37,114.355,113.12,114.1,11595170.0
1562889600,114.13,115.35,113.93,115.3,10783400.0
1563148800,115.54,115.57,113.53,113.9,12946600.0
1563235200,113.48,115.5,112.92,115.12,16945000.0
1563321600,114.43,114.94,113.73,113.99,13120920.0
1563408000,113.93,115.07,113.55,114.67,9400654.0
1563494400,114.89,115.12,113.4,113.54,10402770.0
1563753600,112.91,114.45,112.77,114.27,9061487.0
1563840000,114.88,116.45,114.82,116.36,12752170.0
1563926400,115.58,116.88,115.52,116.83,10011030.0
1564012800,116.89,117.24,115.315,115.71,10138370.0
1564099200,115.77,116.51,115.53,116.22,12800360.0
1564358400,116.46,117.18,115.79,115.85,8500370.0
1564444800,115.19,116.08,114.76,115.59,7121146.0
1564531200,116.1,116.18,114.86,116.0,13647970.0
1564617600,115.33,116.8,112.595,112.94,15664530.0
1564704000,112.4,113.43,111.4,112.93,11025530.0
1564963200,110.79,110.98,108.265,109.57,15855330.0
1565049600,110.05,110.5,108.34,110.43,10203490.0
1565136000,108.0,108.28,105.94,108.03,17320870.0
1565222400,109.05,110.08,108.72,109.86,10903330.0
1565308800,109.35,110.445,108.29,109.74,9980834.0
1565568000,108.44,108.5146,107.21,107.68,9393668.0
1565654400,107.95,110.33,107.03,109.34,12236560.0
1565740800,106.3,106.91,104.45,104.8,19491850.0
1565827200,104.82,106.38,104.34,105.2,13365570.0
1565913600,106.37,107.98,105.87,107.72,11830550.0
1566172800,109.63,109.75,108.415,108.69,8265570.0
1566259200,107.85,108.44,107.24,107.31,8376105.0
1566345600,108.21,108.43,107.445,107.61,8189648.0
1566432000,108.37,109.265,107.93,108.72,9343395.0
1566518400,108.0,108.78,105.11,106.02,14764100.0
1566777600,106.62,106.99,106.01,106.87,8211955.0
1566864000,107.35,107.56,104.84,105.74,14335950.0
1566950400,105.08,107.21,105.04,106.8,10593760.0
1567036800,108.14,109.89,108.02,109.22,10002440.0
1567123200,109.84,110.56,109.47,109.86,10170350.0
1567468800,108.98,108.99,107.3167,108.56,9869174.0
1567555200,109.45,110.22,108.56,109.87,6944055.0
1567641600,111.25,113.72,111.2,112.37,13226620.0
1567728000,112.66,112.98,111.9636,112.61,7836735.0
1567987200,113.71,116.055,113.6,115.4,13985140.0
1568073600,116.3,117.27,115.7275,116.87,14333100.0
1568160000,116.89,117.2,115.38,117.19,9919217.0
1568246400,116.55,118.473,115.92,117.91,12283450.0
1568332800,119.0,120.4,118.75,120.23,16257250.0
1568592000,118.9,119.8699,118.38,119.16,11993930.0
1568678400,118.42,118.61,117.24,118.57,10819730.0
1568764800,118.32,120.08,117.75,119.76,10716320.0
1568851200,119.7,120.3396,119.09,119.38,9460470.0
1568937600,119.74,120.34,118.87,118.9,22076820.0
1569196800,117.78,119.12,117.68,118.88,9184038.0
1569283200,118.75,119.26,117.04,117.33,11851900.0
1569369600,117.27,118.36,117.12,118.0,10269020.0
1569456000,117.88,118.05,116.95,117.03,9920613.0
1569542400,117.96,118.635,117.28,117.72,10207960.0
1569801600,118.36,118.77,117.215,117.69,9800755.0
1569888000,118.4,119.0,115.41,115.55,11328620.0
1569974400,114.81,114.9,112.93,113.25,12630340.0
1570060800,112.27,112.91,110.52,112.19,13102110.0
1570147200,112.34,114.94,112.27,114.62,9622741.0
1570406400,114.19,115.5,114.07,114.37,6816951.0
1570492800,113.06,113.06,111.66,111.82,11588320.0
1570579200,112.67,113.16,112.07,112.63,7339861.0
1570665600,113.14,115.4,113.0,114.21,11388900.0
1570752000,116.03,117.99,115.865,116.14,15193770.0
1571011200,115.85,116.87,115.66,116.45,8878537.0
1571097600,118.85,121.59,117.87,119.96,30522340.0
1571184000,119.96,120.62,119.38,119.68,11632040.0
1571270400,120.75,121.57,119.88,120.35,11064910.0
1571356800,120.0,121.02,119.86,120.56,10418380.0
1571616000,122.05,123.77,121.99,123.55,13272680.0
1571702400,123.45,125.1,123.12,124.79,12657090.0
1571788800,124.2,125.15,124.165,125.12,9397328.0
1571875200,125.29,125.66,124.07,125.03,8057164.0
1571961600,125.0,126.65,124.75,126.03,9055690.0
1572220800,126.57,127.21,126.4,126.51,9522184.0
1572307200,126.06,127.42,125.94,126.43,9797283.0
1572393600,126.05,126.26,124.916,125.73,8513704.0
1572480000,125.49,125.73,123.86,124.92,11589070.0
1572566400,126.2,127.9852,126.02,127.8,11682640.0
1572825600,129.08,129.42,128.5601,128.82,9159871.0
1572912000,129.39,130.3,128.84,129.1,13747640.0
1572998400,128.69,129.84,128.58,129.3,11231120.0
1573084800,130.43,131.29,129.92,130.0,13528930.0
1573171200,129.88,130.4,129.25,130.38,9294223.0
1573430400,129.6,130.1,129.35,129.92,8680490.0
1573516800,129.63,130.62,129.01,129.16,9101912.0
1573603200,128.13,128.815,127.42,128.48,8098146.0
1573689600,127.72,128.84,127.59,128.6,8483725.0
1573776000,129.23,129.53,128.4,129.53,10163670.0
1574035200,129.56,130.65,128.99,130.62,8752503.0
1574121600,130.99,131.25,130.18,130.58,8824852.0
1574208000,130.3,130.62,128.94,129.63,11785280.0
1574294400,130.0,130.72,129.39,129.93,7705492.0
1574380800,130.15,131.22,130.1,130.79,8167918.0
1574640000,131.25,132.07,130.865,131.49,10069670.0
1574726400,131.82,131.82,130.3573,131.67,10493860.0
1574812800,132.29,132.43,131.65,132.06,6609027.0
1574985600,131.87,132.41,131.45,131.76,5712035.0
1575244800,132.31,132.74,131.35,131.47,8622886.0
1575331200,129.77,129.96,128.585,129.78,10649450.0
1575417600,130.38,132.47,129.99,132.34,10319310.0
1575504000,132.68,133.31,132.18,133.06,9587878.0
1575590400,134.69,135.78,134.65,135.04,10171250.0
1575849600,134.63,135.46,134.41,134.41,8576380.0
1575936000,133.25,134.77,132.88,134.5,7533000.0
1576022400,134.29,135.02,134.01,134.18,9012476.0
1576108800,134.49,138.47,134.21,138.02,13725740.0
1576195200,137.95,138.83,136.22,136.81,10594950.0
1576454400,138.38,138.84,137.32,137.34,11372790.0
1576540800,137.73,138.6687,137.23,138.18,11547060.0
1576627200,138.15,139.02,137.7151,138.04,10382140.0
1576713600,137.76,138.22,137.1,137.35,9351045.0
1576800000,138.02,138.88,136.9,137.24,29993960.0
1577059200,137.6,137.91,136.88,137.2,9738524.0
1577145600,137.33,137.63,137.0641,137.58,3324291.0
1577318400,137.89,139.1,137.78,139.04,6773034.0
1577404800,139.3,139.77,138.6697,139.14,7868575.0
1577664000,139.9,140.08,138.47,138.63,6963342.0
1577750400,138.51,139.48,138.295,139.4,7201834.0
1577923200,139.79,141.1,139.265,141.09,10811020.0
1578009600,137.5,139.23,137.08,138.34,10387520.0
1578268800,136.56,138.27,136.5,138.23,10266520.0
1578355200,137.28,137.86,135.82,135.88,10576910.0
1578441600,135.7,137.58,135.6,136.94,9697731.0
1578528000,138.05,138.23,137.04,137.44,9470746.0
1578614400,137.21,137.25,135.81,136.07,10192030.0
1578873600,136.19,137.2,135.755,137.2,12381810.0
1578960000,137.94,140.76,137.69,138.8,24942960.0
1579046400,137.85,138.6,136.15,136.72,16293420.0
1579132800,137.45,137.9,136.84,137.25,10783750.0
1579219200,137.54,138.285,137.32,138.2,14697670.0
1579564800,137.19,138.07,136.69,136.84,8474247.0
1579651200,137.24,137.4,136.38,136.68,7549111.0
1579737600,135.71,136.7447,134.72,136.54,9345683.0
1579824000,136.37,136.43,132.32,133.15,15166390.0
1580083200,130.27,132.94,129.71,132.03,12860460.0
1580169600,132.84,134.97,132.4784,134.43,13062790.0
1580256000,134.81,135.54,133.69,134.23,9326173.0
1580342400,132.69,136.13,132.69,135.89,9048887.0
1580428800,134.49,134.83,131.47,132.36,12785240.0
1580688000,132.66,134.24,132.66,133.37,10021370.0
1580774400,135.55,136.6,135.08,135.29,9157126.0
1580860800,136.57,137.73,136.01,137.59,10150710.0
1580947200,138.24,138.29,137.11,137.61,8992592.0
1581033600,136.73,137.67,136.3,137.17,6379784.0
1581292800,136.95,137.851,136.75,137.74,5960700.0
1581379200,138.26,138.82,137.78,138.0,6578649.0
1581465600,138.6,139.285,137.8,138.0,7957984.0
1581552000,137.75,138.34,136.4,137.88,7447535.0
1581638400,137.84,138.19,136.94,137.46,6627891.0
1581984000,137.34,137.705,135.05,135.64,8997247.0
1582070400,136.91,138.39,136.34,137.49,7071399.0
1582156800,137.17,138.36,136.53,137.49,7422800.0
1582243200,136.55,136.92,134.9225,135.81,9772770.0
1582502400,131.44,133.2,130.7988,132.16,13618430.0
1582588800,131.0,132.23,125.59,126.26,20797190.0
1582675200,126.93,128.95,126.34,126.64,24836160.0
1582761600,122.91,125.62,121.3,121.37,23005470.0
1582848000,117.52,118.49,112.66,116.11,45942580.0
1583107200,116.63,121.58,114.46,121.52,27355450.0
1583193600,120.97,122.9469,116.24,116.96,32547740.0
1583280000,118.33,120.19,114.695,119.85,25795870.0
1583366400,115.67,116.43,112.58,113.97,25025630.0
1583452800,106.26,110.3232,105.02,108.08,38159410.0
1583712000,96.57,99.2302,93.0,93.44,40352030.0
1583798400,99.0,101.28,94.58,100.7,31102650.0
1583884800,97.7,100.05,94.55,95.96,38157810.0
1583971200,89.59,96.96,86.32,88.05,49725230.0
1584057600,95.99,103.99,92.0,103.91,38543330.0
1584316800,85.2,93.982,84.55,88.36,38589650.0
1584403200,90.89,97.44,87.5,93.76,35239840.0
1584489600,87.67,90.79,80.36,83.89,41525570.0
1584576000,81.56,88.11,76.91,85.3,32175060.0
1584662400,86.3,89.46,82.48,83.5,30150820.0
1584921600,82.68,83.75,78.09,79.03,32536580.0
1585008000,84.9,90.1,82.9,88.43,34363160.0
1585094400,89.24,95.15,84.54,91.73,38111700.0
1585180800,94.08,98.57,93.5375,98.12,29840430.0
1585267200,93.19,94.84,90.55,91.13,30041460.0
1585526400,90.65,94.09,89.3,93.5,21656930.0
1585612800,92.05,94.17,89.34,90.03,23379300.0
1585699200,85.1,86.56,83.25,84.36,28029570.0
1585785600,83.51,87.91,82.96,87.51,24017960.0
1585872000,86.0,87.48,82.77,84.05,21199450.0
1586131200,88.99,90.99,87.7,89.46,26820850.0
1586217600,94.45,94.5,90.38,90.64,22563810.0
1586304000,92.1,94.86,90.55,94.3,22903260.0
1586390400,96.92,104.39,96.89,102.76,42084670.0
1586736000,103.11,103.11,97.3,98.19,26911950.0
1586822400,101.02,102.0,93.64,95.5,46151260.0
1586908800,91.15,92.03,90.13,90.79,30118620.0
1586995200,90.23,90.57,87.05,87.33,32449620.0
1587081600,92.0,95.7,90.96,95.18,30191900.0
1587340800,92.47,94.71,90.46,91.71,23679430.0
1587427200,88.62,91.3839,88.33,89.05,23035020.0
1587513600,90.69,91.87,89.18,89.34,16706030.0
1587600000,89.74,91.28,89.26,89.39,16638770.0
1587686400,90.64,91.1,88.49,90.71,15815290.0
1587945600,91.94,95.63,91.5449,94.62,22870210.0
1588032000,97.81,98.3599,95.03,95.29,20238900.0
1588118400,99.08,99.45,97.27,97.86,20462560.0
1588204800,95.6,96.84,94.55,95.76,19127630.0
1588291200,93.5,93.74,91.835,93.25,18547740.0
1588550400,92.02,92.67,90.8,92.14,15725880.0
1588636800,93.65,94.21,91.9,92.0,18064120.0
1588723200,92.16,92.76,89.9306,90.27,20978040.0
1588809600,91.34,92.91,90.58,91.21,16771940.0
1588896000,92.8,94.08,92.11,92.7,20494920.0
1589155200,91.11,91.11,89.33,89.97,31907590.0
1589241600,90.15,90.79,86.9,87.03,27962920.0
1589328000,86.38,86.86,83.4,84.03,35451600.0
1589414400,82.72,88.11,82.4,87.52,35152450.0
1589500800,86.85,87.28,85.3,85.9,26099040.0
1589760000,88.69,91.15,87.88,90.45,30528730.0
1589846400,90.05,91.1987,88.59,88.67,19597290.0
1589932800,90.71,92.385,90.37,91.33,20552360.0
1590019200,90.27,91.76,89.67,90.17,14621410.0
1590105600,90.01,90.36,88.72,89.47,13557920.0
1590451200,92.89,97.5,92.61,95.82,41233950.0
1590537600,102.07,102.58,98.8,101.37,39402040.0
1590624000,102.94,102.95,99.4,99.86,24738540.0
1590710400,98.66,99.18,96.775,97.31,26538150.0
1590969600,97.75,99.5115,97.38,98.6,15207500.0
1591056000,100.28,100.42,97.9276,98.93,21194960.0
1591142400,101.58,104.92,101.06,104.27,25941090.0
1591228800,103.82,106.61,102.79,106.44,26784720.0
1591315200,114.93,115.77,109.53,111.23,42230990.0
1591574400,113.41,114.19,111.94,113.45,24881790.0
1591660800,110.65,111.63,109.01,110.54,17031140.0
1591747200,110.46,110.505,105.85,106.06,24913330.0
1591833600,100.03,101.58,96.54,97.21,36259220.0
1591920000,100.71,101.13,97.33,99.87,24856760.0
1592179200,96.42,101.43,95.87,101.25,22153640.0
1592265600,105.37,105.68,99.31,102.06,22193580.0
1592352000,102.53,102.54,99.21,99.48,15639830.0
1592438400,98.67,100.52,98.13,98.94,16591910.0
1592524800,100.53,100.6,96.73,97.81,40371170.0
1592784000,97.25,97.95,96.54,96.75,16216900.0
1592870400,98.97,99.97,97.85,97.93,15381380.0
1592956800,96.75,96.84,94.31,94.66,22919780.0
1593043200,94.35,98.21,94.2622,97.96,25743640.0
1593129600,95.11,95.37,92.0,92.59,41896320.0
1593388800,93.4,94.49,92.18,93.0,18499740.0
1593475200,92.83,94.6598,92.57,94.06,19137010.0
1593561600,94.89,95.705,93.0301,93.26,18755730.0
1593648000,94.74,94.96,91.931,92.66,27845620.0
1593993600,94.43,95.2,93.48,95.0,18625270.0
1594080000,93.82,94.1,92.0,92.32,25757200.0
1594166400,92.29,93.34,91.8,93.3,18762210.0
1594252800,93.52,94.12,90.7764,91.28,25600760.0
1594339200,92.0,96.84,91.8706,96.27,28954230.0
1594598400,98.7303,99.2663,96.225,97.65,32079210.0
1594684800,98.37,99.95,96.64,98.21,42731670.0
1594771200,100.89,101.29,98.65,99.73,22508410.0
1594857600,98.78,101.22,98.55,100.01,16886890.0
1594944000,100.0,100.08,98.14,98.16,16161550.0
1595203200,97.43,98.39,97.26,97.3,14458140.0
1595289600,97.71,100.05,97.64,99.41,17812300.0
1595376000,99.65,100.13,97.53,98.69,14271150.0
1595462400,98.5,99.35,97.97,98.98,12870180.0
1595548800,99.6,99.8,97.94,98.28,12744150.0
1595808000,97.51,97.63,96.17,96.9,11959060.0
1595894400,96.5,97.8854,96.5,97.32,11754270.0
1595980800,97.07,99.71,97.0,99.68,12743520.0
1596067200,97.54,97.74,96.05,97.02,14834790.0
1596153600,96.48,96.93,95.25,96.64,14539500.0
1596412800,97.02,97.57,95.85,96.1,12972560.0
1596499200,95.91,95.95,95.03,95.55,13366150.0
1596585600,95.87,98.47,95.72,97.21,15349690.0
1596672000,97.58,98.1,96.54,97.24,10482060.0
1596758400,96.93,99.49,96.56,99.38,14743680.0
1597017600,100.11,102.04,100.0343,100.64,14989850.0
1597104000,103.86,106.16,103.51,103.82,31518610.0
1597190400,106.16,106.43,101.71,102.94,19250160.0
1597276800,102.0,103.36,101.635,102.37,13598650.0
1597363200,101.5,103.31,101.42,102.41,12134360.0
1597622400,101.5,102.0,99.53,99.71,14987990.0
1597708800,99.91,99.91,98.12,98.32,13246510.0
1597795200,98.92,100.59,98.34,98.55,13533020.0
1597881600,97.26,98.03,96.8,97.37,13672580.0
1597968000,97.27,98.565,96.94,97.32,12228300.0
1598227200,98.45,100.21,97.42,100.06,17898270.0
1598313600,101.27,101.98,99.8,100.5,13648930.0
1598400000,99.94,100.27,99.05,99.09,12052440.0
1598486400,99.0,102.65,99.0,102.35,22163860.0
1598572800,103.14,103.25,101.81,102.77,13756730.0
1598832000,102.12,102.18,100.02,100.19,14219440.0
1598918400,99.55,100.8712,99.04,100.14,11602050.0
1599004800,99.95,101.94,99.56,101.65,14475670.0
1599091200,103.32,104.99,100.64,101.33,23281240.0
1599177600,104.05,105.21,101.37,103.52,26325470.0
1599523200,102.98,103.57,99.48,99.92,22108610.0
1599609600,100.8,101.69,99.56,100.87,13434020.0
1599696000,101.4,102.42,99.64,99.83,15922790.0
1599782400,99.97,101.36,99.59,101.07,13784340.0
1600041600,101.51,103.46,101.37,102.47,19017370.0
1600128000,102.73,102.85,99.14,99.28,23682970.0
1600214400,99.43,101.13,98.76,99.7,19284240.0
1600300800,98.7,99.3433,97.71,98.56,18290100.0
1600387200,97.89,99.49,97.44,98.35,20121580.0
1600646400,95.2,96.05,93.82,95.31,28378770.0
1600732800,94.96,95.66,93.67,94.27,19257000.0
1600819200,94.78,95.35,92.6617,92.74,19952670.0
1600905600,92.32,94.3,91.38,92.66,18366520.0
1600992000,92.05,93.715,91.87,93.47,13293080.0
1601251200,95.06,96.93,94.35,96.16,20894110.0
1601337600,96.03,96.03,94.332,95.35,12854670.0
1601424000,95.35,97.1975,95.26,96.27,16400590.0
1601510400,97.12,97.77,96.03,96.97,15778670.0
1601596800,95.25,98.59,95.09,97.89,15149570.0
1601856000,98.32,99.25,97.53,99.04,13871880.0
1601942400,100.07,100.86,97.5101,98.02,19220440.0
1602028800,98.96,100.35,98.6658,99.73,16358530.0
1602115200,100.51,101.92,99.895,101.78,15659020.0
1602201600,102.0,102.105,100.11,101.2,13689120.0
1602460800,101.1,103.0,100.85,102.44,16057980.0
1602547200,103.0,103.22,100.26,100.78,21697310.0
1602633600,101.03,101.925,100.1,100.22,15214910.0
1602720000,99.1,101.78,99.04,101.72,17171200.0
1602806400,101.41,102.33,100.723,101.51,13276400.0
1603065600,101.6,101.87,99.56,99.8,11725670.0
1603152000,100.31,101.77,100.12,100.37,11257070.0
1603238400,100.36,100.99,99.33,99.37,10730520.0
1603324800,99.32,103.24,99.31,102.88,14837200.0
1603411200,103.5,104.45,102.93,103.81,15087610.0
1603670400,102.65,102.7,100.25,101.24,12410740.0
1603756800,100.51,100.92,99.16,99.33,10391660.0
1603843200,97.5,98.3,96.07,96.54,16389460.0
1603929600,96.12,97.98,95.2397,97.17,14208820.0
1604016000,97.91,98.42,96.23,98.04,15200690.0
1604275200,99.39,100.88,97.86,100.25,15011600.0
1604361600,103.02,104.74,102.69,103.41,17482590.0
1604448000,101.0,102.07,98.93,100.25,18886520.0
1604534400,101.06,105.095,101.0,104.35,17837370.0
1604620800,105.03,105.1,102.39,102.96,12552790.0
1604880000,113.16,118.9,110.35,116.9,47792410.0
1604966400,117.35,117.45,114.69,116.52,20539340.0
1605052800,116.89,116.96,113.96,114.78,14443410.0
1605139200,112.53,113.955,112.055,113.37,22066460.0
1605225600,114.7,114.86,113.5701,114.08,11856870.0
1605484800,117.79,118.61,115.7318,117.3,19858560.0
1605571200,115.39,116.44,114.58,116.11,14553250.0
1605657600,117.34,118.61,115.2,115.25,12571220.0
1605744000,114.18,115.82,113.56,115.56,10202540.0
1605830400,114.43,115.65,114.09,114.57,12720820.0
1606089600,116.05,118.17,115.57,117.87,13209210.0
1606176000,120.07,123.5,119.71,123.32,20121560.0
1606262400,121.37,122.38,120.465,122.03,11715630.0
1606435200,122.0,122.35,121.08,121.22,5983627.0
1606694400,120.0,120.7199,117.77,117.88,14411850.0
1606780800,120.34,121.58,119.6276,119.74,12678220.0
1606867200,119.7,122.31,119.27,122.04,10811260.0
1606953600,121.85,121.885,120.36,121.24,12904410.0
1607040000,122.48,123.29,121.6901,122.34,13583650.0
1607299200,121.15,122.17,120.21,121.88,9724307.0
1607385600,121.04,122.33,120.76,122.0,9592124.0
1607472000,123.17,123.3,120.44,121.05,13073930.0
1607558400,119.99,120.7781,119.56,120.27,13668420.0
1607644800,118.94,120.02,118.37,119.56,9981643.0
1607904000,121.335,121.42,118.105,118.3,12112350.0
1607990400,119.29,120.9,118.62,120.32,12591420.0
1608076800,120.3,121.08,119.86,120.67,11169360.0
1608163200,121.26,121.45,119.58,119.67,11618000.0
1608249600,119.14,119.8837,118.27,119.08,28954760.0
1608508800,123.17,125.0,121.09,123.55,28323640.0
1608595200,123.39,123.52,121.61,121.67,11808880.0
1608681600,122.78,126.52,122.35,125.07,14973230.0
1608768000,125.09,125.55,123.57,124.52,4164948.0
1609113600,125.82,126.65,124.7886,125.34,8072641.0
1609200000,126.2,126.2799,124.89,125.01,8389199.0
1609286400,125.49,125.845,124.9,125.36,7397964.0
1609372800,125.09,127.33,124.82,127.07,8580214.0
1609718400,127.5,127.8579,124.78,125.87,16819920.0
1609804800,124.99,126.2995,123.77,125.65,13731210.0
1609891200,129.88,132.77,127.88,131.55,24909060.0
1609977600,135.69,138.19,134.92,135.87,21940390.0
1610064000,135.97,136.35,134.12,136.02,12035130.0
1610323200,134.58,138.2,134.11,138.05,15949050.0
1610409600,139.44,141.6599,138.8301,140.22,18033460.0
1610496000,138.59,140.79,138.1,140.35,14816760.0
1610582400,140.49,142.75,140.0,141.17,18565600.0
1610668800,137.43,141.65,137.01,138.64,27881020.0
1611014400,139.86,140.7,137.82,138.04,19843780.0
1611100800,137.82,138.17,135.435,135.97,16028850.0
1611187200,135.69,136.16,134.325,134.83,13415020.0
1611273600,132.69,134.4,132.2,133.79,12933230.0
1611532800,132.14,133.17,130.06,132.12,14212760.0
1611619200,132.75,133.17,131.34,131.58,11307820.0
1611705600,129.59,129.85,127.35,127.86,17603850.0
1611792000,129.9,132.17,128.99,130.11,13761760.0
1611878400,131.19,131.72,128.19,128.67,14808110.0
1612137600,129.4,130.0697,128.475,129.62,11080660.0
1612224000,131.94,134.39,131.22,133.61,12253570.0
1612310400,133.65,135.755,133.51,135.14,10600780.0
1612396800,135.47,138.66,135.47,138.25,12419530.0
1612483200,139.39,139.49,137.38,137.98,10051270.0
1612742400,138.2,140.3,138.18,140.14,10136380.0
1612828800,139.43,139.98,138.54,139.58,8614807.0
1612915200,140.0,140.87,139.04,139.66,10323200.0
1613001600,139.66,140.55,138.22,139.27,9200955.0
1613088000,139.05,141.61,139.0,141.25,8324562.0
1613433600,143.55,145.32,142.4,144.65,12130620.0
1613520000,143.95,145.38,143.12,145.1,10834190.0
1613606400,144.0,145.79,143.4,145.59,10590270.0
1613692800,145.86,148.84,145.86,148.02,11969780.0
1613952000,146.87,150.19,146.79,149.41,11488420.0
1614038400,151.51,152.31,149.59,150.61,16234410.0
1614124800,150.11,153.76,150.11,153.26,15061430.0
1614211200,154.27,154.9,150.59,151.18,18127710.0
1614297600,150.3,150.8741,146.51,147.17,19829180.0
1614556800,149.52,151.3799,148.48,150.5,14845480.0
1614643200,150.08,151.78,149.84,150.01,14221720.0
1614729600,151.23,154.98,150.825,152.91,14324100.0
1614816000,152.61,154.3786,148.6201,150.56,20093910.0
1614902400,153.215,153.49,147.97,150.91,18465110.0
1615161600,152.47,155.46,150.75,152.91,17133270.0
1615248000,151.5,154.25,149.82,151.83,16238760.0
1615334400,151.91,156.16,151.51,155.13,14342240.0
1615420800,154.11,156.15,153.36,154.32,11771480.0
1615507200,156.86,157.63,155.0701,156.15,12849530.0
1615766400,156.35,156.92,153.96,155.37,12103260.0
1615852800,154.09,154.6,152.19,153.51,12805570.0
1615939200,155.34,156.88,153.05,155.09,13952380.0
1616025600,157.6,161.69,157.11,157.65,21898470.0
1616112000,155.51,155.94,151.19,155.14,54418830.0
1616371200,152.8,153.97,150.61,150.97,19944850.0
1616457600,150.33,152.12,148.96,149.46,17076300.0
1616544000,150.0,153.18,149.86,150.62,13079790.0
1616630400,150.0,152.97,149.33,152.55,15608340.0
1616716800,154.3,155.45,152.55,155.09,16754400.0
1616976000,152.1201,153.7276,151.04,152.68,17570340.0
1617062400,154.46,155.87,153.88,154.48,13184310.0
1617148800,153.28,154.49,152.12,152.23,16736680.0
1617235200,151.9,153.79,151.55,153.71,16561510.0
1617580800,154.4,154.94,152.6,153.62,13507980.0
1617667200,152.79,154.28,151.86,152.54,13071550.0
1617753600,153.1,155.23,152.65,154.93,16903520.0
1617840000,154.0,155.505,152.31,155.12,12335510.0
1617926400,155.81,157.042,154.97,156.28,12122400.0
1618185600,155.58,157.25,155.57,155.95,12273360.0
1618272000,154.75,155.2,152.43,154.09,16113560.0
1618358400,151.47,153.83,150.93,151.21,19939590.0
1618444800,151.25,152.2,149.32,152.17,17694130.0
1618531200,153.87,154.51,152.69,153.3,13773410.0
1618790400,153.42,153.88,152.22,152.65,11900220.0
1618876800,151.74,151.75,148.65,149.27,13716680.0
1618963200,147.79,150.61,146.79,150.54,12236670.0
1619049600,150.23,150.3,147.26,147.37,15256120.0
1619136000,147.18,151.13,146.685,150.19,14043090.0
1619395200,150.78,152.46,150.38,150.56,10799070.0
1619481600,150.5,151.57,150.11,151.25,12821180.0
1619568000,152.43,152.89,151.4,152.23,8943653.0
1619654400,153.54,155.28,153.2,155.19,12976870.0
1619740800,154.1,154.49,153.01,153.81,11705070.0
1620000000,154.85,155.48,153.13,153.36,11801110.0
1620086400,152.87,155.64,152.14,155.48,12977670.0
1620172800,156.0,158.28,154.63,157.52,6938197.0
1620259200,158.07,160.825,157.16,160.69,13542410.0
1620345600,157.22,161.5,157.02,161.24,14257830.0
1620604800,161.5,163.73,161.12,161.22,14014330.0
1620691200,161.08,162.39,158.04,158.54,15451670.0
1620777600,159.61,160.78,157.03,157.45,14381730.0
1620864000,158.18,162.445,157.68,161.5,15397360.0
1620950400,162.39,164.45,161.99,164.01,10583980.0
1621209600,163.37,164.85,163.03,164.67,9883458.0
1621296000,164.68,165.5,162.24,162.35,11098120.0
1621382400,161.0,161.18,158.64,161.11,13278900.0
1621468800,160.83,161.86,159.52,160.83,10426010.0
1621555200,161.34,163.223,160.94,162.66,10248990.0
1621814400,163.36,164.225,162.1189,163.54,9440290.0
1621900800,163.85,165.7,161.56,161.85,12609080.0
1621987200,163.57,163.74,161.305,161.83,13058340.0
1622073600,163.95,164.75,162.57,164.35,15707510.0
1622160000,164.68,164.94,163.26,164.24,10294700.0
1622505600,165.87,166.91,165.48,166.05,9445366.0
1622592000,167.26,167.44,165.53,166.06,10498570.0
1622678400,165.41,167.245,164.661,166.17,13354650.0
1622764800,166.21,166.67,165.03,166.44,8510831.0
1623024000,167.0,167.1,165.14,165.66,7267196.0
1623110400,164.49,165.76,163.1618,165.0,10370720.0
1623196800,164.14,164.22,162.28,162.94,12377370.0
1623283200,164.36,165.24,160.31,160.4,12119420.0
1623369600,160.43,161.199,159.06,160.29,13683770.0
1623628800,160.15,160.33,156.655,157.57,19917860.0
1623715200,156.7,156.92,154.13,155.18,24485480.0
1623801600,154.73,157.62,153.11,156.27,25321230.0
1623888000,157.1,157.46,151.25,151.76,29722420.0
1623974400,149.3,149.7,147.56,147.92,43595660.0
1624233600,149.08,151.202,149.0201,150.43,18664800.0
1624320000,150.6,150.97,148.66,150.21,14251160.0
1624406400,150.2,152.04,150.09,151.12,12733330.0
1624492800,151.92,153.12,151.22,152.51,13733190.0
1624579200,152.59,154.495,151.6686,154.05,15484920.0
1624838400,153.7,154.48,152.1203,154.33,14125840.0
1624924800,155.0,156.31,153.61,154.14,14528710.0
1625011200,153.75,156.08,153.7097,155.54,12530990.0
1625097600,156.26,157.14,155.415,157.08,10479390.0
1625184000,155.95,156.32,155.12,156.03,11431350.0
1625529600,155.78,155.78,152.345,153.41,15083360.0
1625616000,152.01,154.2829,151.55,153.59,12271790.0
1625702400,151.61,152.53,150.04,150.94,17834570.0
1625788800,153.05,156.15,152.58,155.77,13694520.0
1626048000,154.35,159.1612,153.94,158.0,19940360.0
1626134400,156.05,157.39,153.5001,155.65,22671740.0
1626220800,155.95,157.28,152.95,155.12,14622830.0
1626307200,153.9,156.53,153.7,155.46,11539260.0
1626393600,155.96,156.28,151.02,151.91,14002740.0
1626652800,148.55,149.823,145.71,146.97,22172870.0
1626739200,146.52,151.12,146.3278,149.71,15385160.0
1626825600,152.05,153.65,151.36,152.86,12356690.0
1626912000,152.88,153.44,149.97,150.93,9913322.0
1626998400,151.48,152.84,150.25,150.64,9666101.0
1627257600,150.19,151.96,150.17,151.65,8207990.0
1627344000,150.4,152.49,149.8,151.45,11218730.0
1627430400,152.29,152.77,150.88,151.7,9217294.0
1627516800,153.14,153.87,151.91,153.0,9063531.0
1627603200,152.58,153.67,151.2,151.78,9805241.0
1627862400,152.03,154.45,151.07,151.17,10203160.0
1627948800,151.95,153.32,149.52,152.89,10394800.0
1628035200,151.25,153.37,150.91,151.24,10154970.0
1628121600,152.28,153.69,152.01,153.15,9151499.0
1628208000,155.19,157.82,155.11,157.5,13328750.0
1628467200,157.52,158.55,155.9,157.33,9516867.0
1628553600,156.74,159.975,156.31,159.26,8666998.0
1628640000,160.0,161.5,159.08,161.16,9156458.0
1628726400,161.88,162.37,160.5539,161.79,8849610.0
1628812800,161.79,162.16,159.57,159.98,8980903.0
1629072000,158.94,159.03,156.78,158.93,8759767.0
1629158400,157.57,158.86,155.27,157.01,9347213.0
1629244800,156.31,158.01,155.34,155.58,8065493.0
1629331200,153.16,155.56,153.01,154.28,9517737.0
1629417600,154.35,154.9,153.16,154.72,6974102.0
1629676800,155.33,157.09,155.24,156.7,7934587.0
1629763200,157.0,158.55,156.87,157.67,7670925.0
1629849600,158.51,161.78,157.8,160.92,11335040.0
1629936000,162.26,163.83,161.15,161.75,11027450.0
1630022400,161.75,163.16,161.26,163.05,8780185.0
1630281600,163.21,163.49,159.8801,160.44,7937561.0
1630368000,160.44,161.37,159.35,159.95,12340840.0
1630454400,160.22,160.76,158.97,159.72,8729920.0
1630540800,160.02,161.61,159.43,160.46,8815634.0
1630627200,160.39,160.89,159.145,159.49,7961223.0
1630972800,159.99,161.3814,158.96,159.21,9290968.0
1631059200,158.89,159.58,158.04,158.5,7852678.0
1631145600,158.27,160.8325,158.08,159.19,7904256.0
1631232000,160.56,160.7193,157.22,157.36,8311551.0
1631491200,158.53,160.05,158.07,159.86,10052810.0
1631577600,160.45,161.34,156.26,157.07,11685610.0
1631664000,156.72,158.69,156.47,158.16,11691490.0
1631750400,159.41,160.855,157.22,158.09,10880900.0
1631836800,157.38,159.01,157.0,157.68,25608020.0
1632096000,153.89,154.56,150.49,152.96,15819910.0
1632182400,153.53,154.55,152.5774,152.98,8999860.0
1632268800,155.2,157.25,155.1,155.91,11236150.0
1632355200,158.0,161.71,157.67,161.18,12336140.0
1632441600,161.44,163.59,160.82,163.04,10102430.0
1632700800,165.0,167.4,164.61,166.98,13220870.0
1632787200,167.7,169.3,165.66,166.08,13387890.0
1632873600,166.21,166.9,165.04,165.95,7777078.0
1632960000,166.92,166.99,162.79,163.69,13168020.0
1633046400,164.0,168.3,163.6,167.13,11284980.0
1633305600,166.97,170.437,165.73,166.95,14120040.0
1633392000,167.21,170.14,166.67,168.66,12292880.0
1633478400,167.99,169.1,166.0,169.02,8692607.0
1633564800,171.2,171.51,169.54,170.09,10195440.0
1633651200,170.02,171.34,169.295,170.22,8190144.0
1633910400,170.8,171.29,166.46,166.64,12154740.0
1633996800,165.75,166.6898,164.77,165.36,13032630.0
1634083200,164.07,165.41,160.6,161.0,22753490.0
1634169600,161.75,164.01,160.06,163.47,15180730.0
1634256000,165.35,167.17,164.14,166.61,14267440.0
1634515200,166.48,168.6084,165.91,166.55,12672910.0
1634601600,167.4,168.65,166.58,168.57,8053949.0
1634688000,168.3,170.87,167.46,170.84,8185565.0
1634774400,170.755,171.3293,168.68,169.5,8415166.0
1634860800,170.03,172.09,169.7,171.78,8817895.0
1635120000,172.71,172.96,170.48,170.94,10159200.0
1635206400,171.0,172.4902,170.54,171.4,8015067.0
1635292800,170.32,170.7,167.34,167.83,9846993.0
1635379200,168.3,170.51,167.96,170.36,7212937.0
1635465600,171.18,172.24,169.39,169.89,8140070.0
1635724800,172.04,172.33,169.005,169.8,7435507.0
1635811200,169.8,171.69,168.92,170.47,7173754.0
1635897600,170.13,171.13,169.15,170.53,8402685.0
1635984000,170.0,170.2,166.4901,168.29,9574152.0
1636070400,168.9,170.09,167.41,168.05,7975570.0
1636329600,169.05,170.92,168.74,169.06,6413707.0
1636416000,167.35,168.47,166.595,167.78,7990283.0
1636502400,167.45,168.95,167.09,167.62,6999214.0
1636588800,167.52,168.68,166.9,167.61,5815267.0
1636675200,167.65,167.74,165.72,166.86,8113441.0
1636934400,167.21,167.785,166.0,166.56,6492463.0
1637020800,167.06,167.07,165.12,165.36,9706145.0
1637107200,165.21,165.56,163.39,164.47,9909576.0
1637193600,164.39,164.85,162.56,163.05,8123567.0
1637280000,161.3,162.11,159.45,160.92,12193630.0
1637539200,164.16,165.98,162.99,164.35,14551670.0
1637625600,165.5,168.555,165.37,168.28,12362340.0
1637712000,168.46,169.44,166.44,166.96,9629790.0
1637884800,162.14,162.65,158.82,161.93,13619280.0
1638144000,163.31,164.78,159.817,161.23,12104370.0
1638230400,159.155,160.63,158.29,158.83,18922620.0
1638316800,161.0,163.27,157.8,157.89,12258690.0
1638403200,159.83,163.25,158.8,161.21,12969930.0
1638489600,161.5,161.829,157.19,158.29,12681770.0
1638748800,161.01,162.61,159.46,160.16,11186490.0
1638835200,161.88,163.39,161.16,162.57,9851554.0
1638921600,162.66,163.27,160.17,160.71,11705670.0
1639008000,159.65,160.93,158.65,160.46,11189640.0
1639094400,161.32,161.702,159.13,159.82,10405370.0
1639353600,159.5,159.79,157.2846,157.92,12068990.0
1639440000,157.45,160.89,157.3,159.13,12563560.0
1639526400,159.85,159.85,157.35,157.94,14014170.0
1639612800,160.39,161.825,158.7,160.41,19542760.0
1639699200,159.315,159.38,155.18,156.76,28138030.0
1639958400,154.51,154.7,151.84,153.94,15147980.0
1640044800,155.41,157.18,155.09,156.09,11291340.0
1640131200,155.75,157.055,155.24,156.7,7272989.0
1640217600,157.61,159.12,157.21,157.26,8055154.0
1640563200,157.6,158.2,156.34,158.16,6189234.0
1640649600,158.2,160.15,158.08,158.64,6342743.0
1640736000,158.85,159.63,158.15,158.56,6398927.0
1640822400,159.11,160.24,158.37,158.48,6948171.0
1640908800,158.45,159.29,157.96,158.35,5805902.0
1641168000,159.86,162.64,159.51,161.7,13128120.0
1641254400,164.31,168.58,164.23,167.83,20195800.0
1641340800,167.82,168.3589,163.73,163.78,17539410.0
1641427200,166.91,167.37,163.87,165.52,14047500.0
1641513600,165.665,167.53,165.06,167.16,13913350.0
1641772800,169.07,169.31,165.53,167.32,12922460.0
1641859200,168.26,168.5246,166.31,167.49,11854120.0
1641945600,168.46,169.59,167.18,168.44,12568010.0
1642032000,168.34,169.81,167.89,168.23,13623420.0
1642118400,160.76,161.03,156.895,157.89,40158360.0
1642464000,155.78,155.78,150.54,151.27,32348430.0
1642550400,151.57,152.23,148.55,148.93,22380030.0
1642636800,148.99,150.61,147.36,147.66,14860840.0
1642723200,147.5,147.51,144.27,145.08,20705400.0
1642982400,142.28,145.48,139.57,144.95,28503120.0
1643068800,143.65,146.85,140.79,146.53,18915870.0
1643155200,148.72,150.57,145.96,147.92,20709100.0
1643241600,149.42,150.38,144.13,145.31,17544520.0
1643328000,144.19,146.76,142.17,146.61,14116970.0
1643587200,145.64,148.79,144.67,148.6,13985750.0
1643673600,148.69,151.47,148.3,151.15,14584940.0
1643760000,150.5,150.94,148.07,149.94,12441140.0
1643846400,150.0,151.65,148.285,148.7,12474880.0
1643932800,149.1,153.5,148.7673,152.56,16654410.0
1644192000,153.27,153.62,150.85,153.07,12572280.0
1644278400,155.0,158.48,154.8,155.95,20411390.0
1644364800,156.59,157.4305,155.82,156.6,9131135.0
1644451200,156.66,159.03,155.22,155.95,16455640.0
1644537600,155.61,158.19,152.97,153.92,16830010.0
1644796800,152.73,153.68,150.3178,152.49,17026490.0
1644883200,154.51,155.94,153.85,154.72,9500867.0
1644969600,153.74,156.1,153.74,155.0,9076526.0
1645056000,153.0,153.73,150.665,151.43,11367460.0
1645142400,152.13,154.14,151.13,152.14,11733320.0
1645488000,150.6,153.24,150.41,151.87,11333480.0
1645574400,153.12,153.3,147.97,148.69,11799030.0
1645660800,142.94,144.99,139.78,144.55,25655100.0
1645747200,145.25,150.1269,144.91,147.97,18367680.0
1646006400,143.55,145.06,140.88,141.8,31315340.0
1646092800,140.04,140.48,133.58,136.45,36840450.0
1646179200,137.29,140.04,136.6076,139.28,19405580.0
1646265600,139.84,140.98,137.06,138.29,16640800.0
1646352000,134.94,135.42,132.4,134.4,21020680.0
1646611200,132.17,132.69,128.9513,129.21,27560050.0
1646697600,129.64,131.79,127.27,128.3,19207820.0
1646784000,132.9,135.24,132.44,133.44,17536200.0
1646870400,131.86,133.45,130.325,131.86,15604250.0
1646956800,132.485,134.08,128.4249,128.89,20061790.0
1647216000,129.46,132.92,129.23,130.17,15786900.0
1647302400,131.8,133.55,131.13,132.48,15096600.0
1647388800,134.87,138.49,134.43,138.4,20354900.0
1647475200,136.86,140.19,135.9205,140.15,17050450.0
1647561600,140.19,140.85,138.46,140.1,23656520.0
1647820800,140.35,140.76,138.7301,139.65,12676050.0
1647907200,142.27,143.93,141.7202,142.62,13548590.0
1647993600,140.98,141.585,139.1999,139.78,12093220.0
1648080000,140.3,140.71,139.11,140.69,10017630.0
1648166400,141.09,143.18,140.8,141.92,8386416.0
1648425600,140.0,140.97,137.895,140.87,10818080.0
1648512000,143.35,143.595,140.24,141.18,11316500.0
1648598400,141.9,142.12,139.91,140.54,8771027.0
1648684800,139.83,140.345,136.26,136.32,17353940.0
1648771200,137.4,137.41,133.8,135.31,15721300.0
1649030400,134.12,136.94,132.89,135.91,17422940.0
1649116800,134.07,135.4,133.01,133.34,12110270.0
1649203200,131.58,132.56,130.96,131.49,12914730.0
1649289600,130.95,131.92,128.73,131.09,12994230.0
1649376000,131.67,133.9,131.49,133.49,13126940.0
1649635200,133.0,134.9,132.57,133.0,10466430.0
1649721600,132.14,134.58,130.7,131.54,12989860.0
1649808000,126.94,129.25,126.01,127.3,30838030.0
1649894400,126.5,128.3,125.02,126.12,18835190.0
1650240000,125.67,129.24,125.54,128.46,11834440.0
1650326400,128.45,131.32,128.23,131.12,15015450.0
1650412800,132.52,133.51,131.34,131.58,13430190.0
1650499200,132.22,132.81,129.96,130.56,12174180.0
1650585600,130.28,130.52,126.6879,126.81,14318840.0
1650844800,126.01,127.115,123.11,126.77,17149030.0
1650931200,124.64,126.41,122.87,123.02,17209540.0
1651017600,122.33,123.56,121.22,121.42,17215250.0
1651104000,122.81,123.65,121.14,123.34,13019940.0
1651190400,123.05,123.61,118.9,119.36,14874810.0
1651449600,119.88,120.71,118.22,120.45,18544960.0
1651536000,121.53,124.17,120.78,123.03,15720940.0
1651622400,122.8,127.4,122.74,127.1,17128540.0
1651708800,125.25,126.1,122.16,123.92,15055400.0
1651795200,123.8,124.29,121.18,123.72,14417940.0
1652054400,122.11,123.33,120.5,121.86,14312300.0
1652140800,123.11,123.78,117.56,118.89,16382440.0
1652227200,119.3,122.89,117.94,118.14,14630300.0
1652313600,117.0,118.32,115.37,118.04,16318800.0
1652400000,119.41,120.25,117.96,119.09,10443200.0
1652659200,118.54,119.46,117.23,118.26,10269030.0
1652745600,121.04,122.97,120.81,122.18,11160150.0
1652832000,121.3,121.97,119.53,120.09,12664910.0
1652918400,118.19,119.65,117.63,118.31,12765770.0
1653004800,119.46,119.67,115.02,117.34,13150100.0
1653264000,120.46,126.57,120.45,124.6,24376730.0
1653350400,124.36,127.49,123.11,126.36,19324920.0
1653436800,126.28,127.86,125.17,127.24,12780390.0
1653523200,128.37,130.1939,128.21,129.44,15990940.0
1653609600,130.16,131.27,129.14,131.27,11177760.0
1653955200,130.18,133.15,129.71,132.23,17015040.0
1654041600,132.87,132.87,128.67,129.91,10768020.0
1654128000,129.9,132.01,128.67,132.0,8374794.0
1654214400,131.21,131.77,129.99,130.16,8596022.0
1654473600,131.09,132.39,129.46,129.73,11323460.0
1654560000,128.83,130.32,128.6159,130.07,6722167.0
1654646400,129.0,129.45,126.9,128.0,8422110.0
1654732800,127.37,128.1,125.27,125.31,13565480.0
1654819200,122.59,123.4,119.32,119.55,12951760.0
1655078400,116.86,117.95,115.06,115.99,16805560.0
1655164800,115.55,117.32,113.22,114.06,13357910.0
1655251200,115.62,116.95,113.1683,115.41,14083550.0
1655337600,113.86,114.2593,111.87,113.43,16724860.0
1655424000,113.54,114.63,112.16,113.03,30919870.0
1655769600,115.865,117.03,115.04,115.83,11680490.0
1655856000,114.88,116.1999,114.39,115.18,9848572.0
1655942400,115.01,115.18,111.48,113.92,11851540.0
1656028800,113.23,117.82,112.83,117.32,14841090.0
1656288000,118.06,118.5,115.6417,116.38,11280490.0
1656374400,117.67,119.29,115.6,115.82,11615520.0
1656460800,116.0,116.82,114.73,115.3,9338432.0
1656547200,113.17,114.075,110.93,112.61,15172610.0
1656633600,112.65,114.415,111.16,114.05,10573580.0
1656979200,110.77,112.71,109.3,112.62,12515590.0
1657065600,111.73,112.99,110.785,111.89,10656200.0
1657152000,113.5,114.9,113.4,114.72,10347390.0
1657238400,115.16,115.65,113.61,114.36,8807840.0
1657497600,113.55,114.23,112.215,112.86,7944573.0
1657584000,112.58,115.18,112.26,112.97,11250920.0
1657670400,111.75,112.4769,110.38,111.91,12979880.0
1657756800,107.99,108.23,106.06,108.0,26204850.0
1657843200,109.16,113.88,107.67,112.95,18863890.0
1658102400,114.77,115.8401,111.29,111.79,13977900.0
1658188800,113.13,114.935,112.67,114.56,11862270.0
1658275200,114.1,114.7389,113.48,114.54,11667540.0
1658361600,114.44,115.53,113.37,115.32,11595860.0
1658448000,115.24,116.25,113.67,114.76,7645542.0
1658707200,115.84,116.46,114.77,115.22,9394033.0
1658793600,114.58,115.58,113.03,113.42,10675120.0
1658880000,114.01,115.74,113.3,115.24,9274454.0
1658966400,115.25,115.98,113.53,114.81,10384770.0
1659052800,115.59,116.5,114.785,115.36,12944540.0
1659312000,114.5,115.105,113.07,114.21,14740410.0
1659398400,113.92,114.395,112.27,112.43,14942850.0
1659484800,113.45,114.0976,111.71,113.61,14394500.0
1659571200,112.85,113.32,111.0214,112.36,18033850.0
1659657600,112.53,116.1899,112.05,115.76,14174640.0
1659916800,116.25,116.7,114.18,114.35,10339580.0
1660003200,114.75,115.99,114.37,115.38,10233750.0
1660089600,117.96,119.37,117.5,118.39,12847260.0
1660176000,119.9,121.2,119.31,120.14,11684860.0
1660262400,120.67,122.25,119.44,122.13,9906716.0
1660521600,121.14,122.72,120.6,122.46,8456202.0
1660608000,122.29,124.2389,121.87,123.63,9554966.0
1660694400,122.3,123.16,121.6948,122.59,8149335.0
1660780800,122.24,122.47,120.55,121.64,9531752.0
1660867200,120.62,120.99,118.11,118.63,13464470.0
1661126400,116.75,117.16,115.5,116.67,8967607.0
1661212800,116.69,117.29,115.3827,115.52,7607042.0
1661299200,115.29,116.41,114.45,115.8,9771264.0
1661385600,116.16,118.74,115.68,118.55,10758870.0
1661472000,119.46,119.99,114.6,114.67,11276210.0
1661731200,114.0,114.86,113.46,114.39,8117296.0
1661817600,115.0,115.58,113.36,114.41,10745400.0
1661904000,114.48,115.03,113.339,113.73,10738300.0
1661990400,113.29,114.63,111.91,114.51,9979823.0
1662076800,115.87,117.45,113.185,113.71,10666590.0
1662422400,114.33,114.745,112.07,113.74,9751914.0
1662508800,113.13,116.11,112.76,115.9,10647870.0
1662595200,115.28,118.79,114.63,118.6,11434980.0
1662681600,119.14,120.05,118.67,119.17,9302228.0
1662940800,120.62,121.55,119.79,120.58,8614630.0
1663027200,118.07,118.92,115.78,116.39,12904580.0
1663113600,116.7,117.84,114.88,116.12,9345718.0
1663200000,116.12,119.38,115.755,117.87,10821440.0
1663286400,117.39,117.4,115.37,117.08,14844140.0
1663545600,116.0,118.73,115.51,118.16,8201305.0
1663632000,117.41,117.69,114.64,115.83,9619026.0
1663718400,116.54,116.6,112.42,112.49,12606280.0
1663804800,113.38,113.6,111.07,111.21,11684460.0
1663891200,110.05,110.3399,107.16,109.14,18138570.0
1664150400,108.0,109.605,106.06,106.79,15753580.0
1664236800,107.75,108.17,104.65,105.85,12793610.0
1664323200,105.95,108.73,105.64,107.99,12762600.0
1664409600,106.95,107.28,104.398,106.16,12713930.0
1664496000,106.06,107.62,104.4,104.5,15973420.0
1664755200,105.62,108.36,104.46,107.73,12248140.0
1664841600,110.61,112.99,109.86,112.77,16013590.0
1664928000,109.75,110.95,108.83,110.39,10943500.0
1665014400,109.46,110.19,107.94,108.14,11521420.0
1665100800,107.52,107.71,105.265,105.98,11681090.0
1665360000,106.73,107.31,104.52,104.99,8931729.0
1665446400,104.37,104.54,101.85,101.96,12739700.0
1665532800,101.8,104.73,101.28,103.61,13180960.0
1665619200,101.98,109.9,101.76,109.37,22398710.0
1665705600,111.962,115.24,110.724,111.19,33420140.0
1665964800,115.41,117.01,114.32,115.86,22276270.0
1666051200,119.66,120.14,116.96,118.84,21539680.0
1666137600,117.99,118.83,115.6701,116.51,17072040.0
1666224000,117.16,118.71,115.65,116.13,12207440.0
1666310400,116.46,122.39,116.33,122.23,20593310.0
1666569600,122.07,123.1,121.33,122.38,12624180.0
1666656000,121.85,123.2707,120.89,122.7,11289100.0
1666742400,123.0,125.2,122.88,124.11,11671490.0
1666828800,125.2,126.2,124.21,124.6,10727610.0
1666915200,125.29,126.28,124.05,126.08,11859470.0
1667174400,125.7,127.43,125.59,125.88,13295170.0
1667260800,126.87,128.28,126.33,128.15,13386950.0
1667347200,127.65,130.36,126.64,126.97,16546090.0
1667433600,126.31,128.18,125.91,127.2,12474360.0
1667520000,129.49,130.83,128.46,130.68,14354350.0
1667779200,131.0,132.29,130.4816,131.37,12011160.0
1667865600,131.24,132.06,130.14,131.45,9884053.0
1667952000,131.32,131.43,129.22,129.74,9493961.0
1668038400,132.63,135.25,132.53,135.08,16351590.0
1668124800,135.19,136.17,133.7805,135.3,10704660.0
1668384000,134.8,135.73,133.91,133.91,11085600.0
1668470400,134.68,135.71,131.6,132.94,14038350.0
1668556800,133.0,133.56,132.03,133.12,7893359.0
1668643200,132.0,132.89,131.28,132.54,8824558.0
1668729600,134.57,134.67,132.28,133.84,9468537.0
1668988800,133.74,134.56,132.75,133.05,7800517.0
1669075200,134.0,135.27,133.69,135.04,9185670.0
1669161600,134.94,136.5,134.86,136.48,7316204.0
1669334400,136.48,137.14,136.055,136.74,3220496.0
1669593600,136.07,136.71,134.19,134.35,9907551.0
1669680000,134.66,136.64,134.41,136.56,7925322.0
1669766400,136.09,138.18,133.19,138.18,14761250.0
1669852800,138.18,138.66,135.43,136.24,8858472.0
1669939200,134.49,135.35,133.34,135.16,8932057.0
1670198400,134.24,134.57,130.6,131.37,10154530.0
1670284800,133.39,135.11,129.87,131.59,13966690.0
1670371200,131.31,133.08,130.33,131.5,11739430.0
1670457600,132.33,132.98,131.43,132.88,8907257.0
1670544000,132.2,133.76,132.0,132.16,7957818.0
1670803200,132.4,134.65,131.6,134.21,8841631.0
1670889600,136.885,137.09,133.08,134.08,10025380.0
1670976000,133.78,135.71,132.76,133.41,9966115.0
1671062400,131.145,132.08,129.05,130.1,12090290.0
1671148800,129.15,129.9,128.425,129.29,21133710.0
1671408000,129.65,131.33,129.09,130.06,9017156.0
1671494400,130.97,132.05,130.2,130.69,8549927.0
1671580800,132.18,132.98,131.77,132.16,8051704.0
1671667200,131.1,131.3,128.41,130.66,8651131.0
1671753600,130.58,131.44,129.64,131.28,5091905.0
1672099200,131.57,132.22,130.55,131.74,5410991.0
1672185600,131.85,133.41,131.01,132.46,8827738.0
1672272000,132.93,133.27,132.31,133.22,6585228.0
1672358400,132.81,134.33,132.44,134.1,9292519.0
1672704000,135.24,136.74,133.89,135.12,11054780.0
1672790400,135.99,137.68,135.57,136.38,11687640.0
1672876800,135.66,135.71,133.7004,135.35,8381265.0
1672963200,136.125,138.38,134.49,137.94,10029080.0
1673222400,138.6,138.88,136.88,137.37,8482297.0
1673308800,137.79,138.72,137.31,138.6,9048665.0
1673395200,138.9,139.75,138.1,139.63,8703698.0
1673481600,140.0,140.86,139.22,139.49,11001670.0
1673568000,135.6,143.49,134.8,143.01,20200050.0
1673913600,141.17,141.54,139.225,140.8,14292880.0
1674000000,138.92,140.73,136.41,136.57,13392600.0
1674086400,135.32,135.9,133.59,134.75,13303370.0
1674172800,135.16,135.49,133.55,135.08,13092490.0
1674432000,135.115,137.96,134.82,137.27,10487130.0
1674518400,140.29,140.29,135.0,138.45,6944991.0
1674604800,138.05,139.12,137.25,139.12,8967007.0
1674691200,139.42,140.06,138.36,139.98,7487631.0
1674777600,140.61,141.255,139.7499,140.32,7489946.0
1675036800,139.23,140.09,138.91,139.13,6729255.0
1675123200,139.88,140.07,138.25,139.96,9188738.0
1675209600,138.21,140.875,138.12,139.59,8841846.0
1675296000,140.0,140.46,138.0,138.94,11822060.0
1675382400,138.18,142.33,138.13,141.09,11501230.0
1675641600,140.23,142.24,140.0313,141.92,8406231.0
1675728000,141.38,144.34,141.18,143.65,10447890.0
1675814400,142.65,144.04,142.2763,142.64,6957965.0
1675900800,143.12,143.34,139.87,140.42,6443109.0
1675987200,139.78,141.28,138.59,141.04,6582853.0
1676246400,141.3,142.73,140.74,142.57,7134607.0
1676332800,142.5,143.81,141.595,143.2,9249399.0
1676419200,141.61,143.89,141.3,143.8,6731172.0
1676505600,142.91,143.39,141.676,141.82,8165306.0
1676592000,140.98,142.83,140.07,142.24,7948829.0
1676937600,140.69,141.34,138.75,139.63,9996283.0
1677024000,138.92,139.43,137.435,138.56,11107500.0
1677110400,138.73,140.17,137.94,139.67,8068010.0
1677196800,139.11,141.36,138.93,140.93,9126888.0
1677456000,142.11,143.31,141.7201,142.16,10014650.0
1677542400,142.94,143.76,141.9001,143.35,11019760.0
1677628800,142.1,143.4583,141.8,142.55,7139155.0
1677715200,142.24,142.43,139.54,141.07,11107550.0
1677801600,141.51,143.74,141.08,143.66,9513063.0
1678060800,143.44,144.04,142.66,142.82,9261255.0
1678147200,142.01,142.31,137.81,138.62,11747620.0
1678233600,138.0,138.59,136.885,137.8,10002550.0
1678320000,136.76,137.35,129.215,130.34,25888100.0
1678406400,128.96,135.26,127.82,133.65,37599660.0
1678665600,131.21,133.88,129.41,131.25,42901130.0
1678752000,135.28,135.53,131.29,134.62,29648120.0
1678838400,130.98,130.99,126.73,128.26,34280610.0
1678924800,128.01,131.95,126.02,130.75,24570590.0
1679011200,128.38,128.48,125.45,125.81,38395980.0
1679270400,126.99,129.47,126.01,127.14,22875510.0
1679356800,130.59,131.73,130.19,130.55,17807810.0
1679443200,130.56,130.655,127.08,127.18,17250170.0
1679529600,127.9,129.53,126.02,126.84,16677640.0
1679616000,125.63,125.68,123.11,124.91,22326920.0
1679875200,126.79,129.38,126.29,128.49,18853940.0
1679961600,128.71,129.3417,127.744,128.88,10820470.0
1680048000,130.1,130.22,127.77,129.14,14595260.0
1680134400,129.95,130.12,127.65,128.75,12134680.0
1680220800,129.66,130.34,128.8514,130.31,13105220.0
1680480000,129.91,131.44,129.41,130.16,11775390.0
1680566400,130.5,130.59,127.41,128.42,11579920.0
1680652800,126.8,128.15,126.46,127.61,9614692.0
1680739200,127.0,128.08,126.8553,127.47,8760220.0
1681084800,126.54,128.23,126.22,127.89,9477292.0
1681171200,128.3,128.94,127.54,128.52,10516270.0
1681257600,129.18,130.43,128.0603,128.5,11821000.0
1681344000,128.46,129.04,126.83,128.99,12450240.0
1681430400,135.15,139.12,134.9001,138.73,43931330.0
1681689600,139.95,140.06,137.66,139.83,16050490.0
1681776000,140.27,141.78,139.03,141.4,13760140.0
1681862400,141.23,141.5,140.4,141.22,9158112.0
1681948800,139.91,141.43,139.84,140.81,10586250.0
1682035200,139.74,141.11,138.78,140.54,11842540.0
1682294400,140.455,141.1,140.04,140.73,7567666.0
1682380800,139.6,139.96,137.625,137.67,10629330.0
1682467200,137.62,137.8093,134.0,135.23,14416150.0
1682553600,136.0,137.91,135.66,137.05,9041092.0
1682640000,136.56,138.32,135.67,138.24,9887262.0
1682899200,142.26,143.37,140.83,141.2,20415760.0
1682985600,141.4,142.41,138.43,138.92,14113450.0
1683072000,138.44,138.6687,135.76,135.98,12930910.0
1683158400,134.96,135.72,131.81,134.12,17089160.0
1683244800,136.44,137.88,135.912,136.74,11261390.0
1683504000,137.49,137.97,136.475,137.07,7484872.0
1683590400,135.93,136.95,135.21,136.41,7343573.0
1683676800,137.95,138.06,134.87,136.48,8133416.0
1683763200,135.0,136.81,134.9,136.05,7057277.0
1683849600,136.82,136.99,133.13,134.1,9988598.0
1684108800,134.27,135.67,133.96,135.23,7639451.0
1684195200,135.46,135.9382,133.96,134.32,6483267.0
1684281600,135.9,138.5899,135.46,138.45,12711520.0
1684368000,138.27,139.73,137.76,139.5,10999610.0
1684454400,139.79,140.49,138.125,139.18,13492240.0
1684713600,141.0,141.64,137.66,138.03,11402480.0
1684800000,137.54,139.03,136.455,136.59,9514897.0
1684886400,135.4,136.35,135.08,135.34,8577997.0
1684972800,134.82,136.27,134.58,135.67,8472505.0
1685059200,136.11,137.6,135.63,136.94,8579941.0
1685404800,136.8,137.72,136.02,137.46,7399867.0
1685491200,136.73,136.84,134.4044,135.71,14219910.0
1685577600,136.52,138.23,135.445,137.58,12248090.0
1685664000,139.56,141.48,139.34,140.47,12922470.0
1685923200,140.11,139.31,138.13,139.09,8511902.0
1686009600,138.68,140.1,138.2066,139.34,9329541.0
1686096000,139.55,141.27,138.83,140.69,9281389.0
1686182400,140.67,140.89,139.4807,140.73,7370043.0
1686268800,140.35,141.8,140.21,141.01,7253946.0
1686528000,141.07,141.32,139.76,141.0,7600196.0
1686614400,140.48,142.87,140.14,142.02,7701567.0
1686700800,143.0,143.61,140.7,141.49,9068729.0
1686787200,140.59,143.4,140.03,143.09,9343096.0
1686873600,143.05,143.965,142.5,143.26,13813510.0
1687219200,142.61,143.0,141.04,142.53,8431008.0
1687305600,142.9,144.02,141.691,142.32,9926459.0
1687392000,142.31,142.6,138.95,139.58,10076330.0
1687478400,138.54,139.18,137.62,138.85,9919539.0
1687737600,138.87,140.01,137.69,139.19,8429727.0
1687824000,139.0,139.84,138.54,139.2,8154024.0
1687910400,139.16,139.21,137.96,138.59,7558644.0
1687996800,140.07,143.56,139.85,143.43,15423230.0
1688083200,144.6,146.0,143.66,145.44,14212820.0
1688342400,146.19,147.48,146.0,146.61,8021622.0
1688515200,144.94,145.43,144.36,144.64,8935519.0
1688601600,143.02,143.39,141.4401,143.21,9714100.0
1688688000,143.91,145.8436,143.0,144.34,8981456.0
1688947200,144.5,145.99,144.5,145.15,9100060.0
1689033600,146.335,147.82,145.705,147.42,11265590.0
1689120000,147.45,149.87,147.0,148.15,11323230.0
1689206400,148.7,149.37,147.75,148.87,11234930.0
1689292800,151.55,152.89,148.41,149.77,27028430.0
1689552000,150.35,153.75,150.35,153.38,17262390.0
1689638400,153.38,154.4,152.82,153.66,13491730.0
1689724800,152.75,155.205,152.22,154.25,12510000.0
1689811200,154.53,156.59,154.41,156.15,9935907.0
1689897600,155.8,156.14,154.69,154.95,10636380.0
1690156800,154.97,158.785,154.73,158.0,14381430.0
1690243200,157.3,157.7198,155.96,156.82,9944679.0
1690329600,156.71,158.25,156.275,157.76,8728593.0
1690416000,157.77,158.78,155.5538,156.02,10778410.0
1690502400,157.28,157.6,156.4401,156.91,9105974.0
1690761600,157.18,159.38,157.151,157.96,8894353.0
1690848000,157.43,158.0,156.15,157.18,6855682.0
1690934400,155.56,155.69,153.94,155.4,8303708.0
1691020800,155.0,156.92,154.35,156.35,6087542.0
1691107200,156.4,157.8,155.695,156.02,6209397.0
1691366400,156.6,157.7,156.6,156.76,7251832.0
1691452800,154.32,155.98,152.59,155.88,8623379.0
1691539200,155.32,155.52,153.47,153.79,6277813.0
1691625600,154.38,155.44,153.09,153.56,5995076.0
1691712000,153.03,154.52,152.63,154.45,5180690.0
1691971200,153.61,154.9178,152.92,154.77,5044282.0
1692057600,152.85,153.2664,150.2301,150.83,10300300.0
1692144000,150.6,150.96,149.68,150.19,6978235.0
1692230400,150.88,151.2622,148.4,148.63,9953912.0
1692316800,147.65,149.5,147.4437,148.97,8517460.0
1692576000,149.65,150.105,148.02,149.48,8327018.0
1692662400,149.26,149.6394,145.85,146.38,9681972.0
1692748800,146.35,147.585,145.46,147.37,7858021.0
1692835200,147.5,149.41,146.9875,147.23,6534026.0
1692921600,147.28,148.6199,145.85,147.05,6695537.0
1693180800,147.57,148.61,147.13,147.56,5094201.0
1693267200,147.71,148.85,147.18,148.76,6336962.0
1693353600,148.62,149.15,147.19,148.16,6277318.0
1693440000,148.26,148.35,145.96,146.33,10933940.0
1693526400,146.09,148.08,145.7,146.82,7903496.0
1693872000,147.16,148.2099,145.01,145.2,7854739.0
1693958400,144.7,145.54,144.11,144.96,8629164.0
1694044800,144.13,145.2683,143.39,143.72,8373738.0
1694131200,143.37,144.12,142.65,143.83,7110254.0
1694390400,144.75,145.05,143.69,144.46,6854220.0
1694476800,144.5,147.32,144.05,146.34,8363165.0
1694563200,147.34,147.7,145.82,146.41,8325914.0
1694649600,147.84,149.895,147.52,149.25,10034930.0
1694736000,148.92,149.7256,148.31,148.81,19863380.0
1694995200,148.16,149.14,147.75,149.12,6512360.0
1695081600,149.5,149.72,147.21,148.93,7945606.0
1695168000,149.65,150.25,148.135,148.3,7334257.0
1695254400,147.58,148.855,146.63,147.14,8053410.0
1695340800,147.29,147.51,145.19,145.73,7071975.0
1695600000,145.35,146.52,143.7,146.45,7044672.0
1695686400,144.6,145.84,144.23,144.93,7468405.0
1695772800,145.19,146.09,144.5115,145.78,6717822.0
1695859200,146.28,148.87,146.01,147.59,8868063.0
1695945600,148.6,148.76,144.86,145.02,11917830.0
1696204800,144.83,145.6223,142.63,143.77,9170644.0
1696291200,143.2,143.59,142.355,142.71,9431118.0
1696377600,143.19,143.47,141.93,143.35,8128748.0
1696464000,142.04,143.1,140.83,142.9,8576237.0
1696550400,142.91,145.88,142.14,145.1,10270620.0
1696809600,143.66,145.395,143.5005,144.77,6964907.0
1696896000,145.42,146.77,145.28,145.65,11288770.0
1696982400,146.51,147.23,145.02,146.15,8698175.0
1697068800,146.3,146.96,145.13,145.81,10484440.0
1697155200,148.5,153.11,147.84,148.0,29487200.0
1697414400,149.45,149.52,146.72,147.85,12663460.0
1697500800,147.57,149.31,146.79,147.53,11482740.0
1697587200,146.59,147.48,145.37,145.91,9620257.0
1697673600,145.48,147.02,144.88,145.29,11143630.0
1697760000,144.57,145.14,142.12,142.95,13332870.0
1698019200,142.94,143.68,140.73,141.0,10133410.0
1698105600,141.19,141.73,140.36,141.17,8881354.0
1698192000,140.57,141.18,139.51,140.4,8242565.0
1698278400,139.76,141.665,139.43,140.76,9109431.0
1698364800,138.95,139.1,135.19,135.69,17434720.0
1698624000,136.44,138.04,136.04,137.42,9855540.0
1698710400,137.71,139.24,137.4728,139.06,9672460.0
1698796800,139.25,140.53,138.47,138.94,9432048.0
1698883200,140.09,141.48,139.23,141.42,10186180.0
1698969600,142.19,143.77,141.85,143.0,9538719.0
1699228800,143.17,144.19,142.79,144.08,7625063.0
1699315200,143.51,144.2612,142.82,144.01,6297915.0
1699401600,144.11,144.84,143.62,144.72,7618169.0
1699488000,145.44,145.6499,143.7,144.29,7992477.0
1699574400,144.94,146.48,144.0765,146.43,7983935.0
1699833600,145.7,146.25,145.16,145.78,6676364.0
1699920000,146.68,149.25,146.52,148.44,9927723.0
1700006400,148.46,150.16,148.46,149.74,8365296.0
1700092800,150.09,151.525,150.09,151.45,8126188.0
1700179200,152.2,152.86,151.54,152.82,7814064.0
1700438400,152.08,153.75,151.92,153.29,7020349.0
1700524800,153.2,153.63,152.57,152.97,7083506.0
1700611200,153.41,153.88,152.9,153.33,5175135.0
1700784000,153.59,154.438,153.275,153.54,3496941.0
1701043200,153.43,153.53,152.71,153.19,6259116.0
1701129600,153.22,153.87,152.72,153.54,6582937.0
1701216000,154.17,155.625,154.0,154.32,9126053.0
1701302400,154.91,156.13,154.381,156.08,9869790.0
1701388800,155.82,157.86,155.82,156.84,8916001.0
1701648000,156.02,158.05,155.88,157.99,9607465.0
1701734400,157.26,158.5,156.97,157.97,9135597.0
1701820800,158.84,159.22,156.0,156.31,9366004.0
1701907200,156.69,157.31,156.15,156.79,8130874.0
1701993600,157.26,158.78,156.98,158.52,7369370.0
1702252800,158.52,159.3,158.15,159.1,8093908.0
1702339200,159.23,160.645,158.88,160.52,10222980.0
1702425600,160.52,162.03,159.77,161.06,12379100.0
1702512000,161.83,164.8399,161.705,163.99,13642990.0
1702598400,163.08,165.28,162.39,165.23,20309350.0
1702857600,165.92,167.13,165.63,166.23,8469608.0
1702944000,166.0,168.47,165.55,168.45,10345690.0
1703030400,167.99,169.41,166.45,166.55,10734710.0
1703116800,166.84,168.09,165.675,167.5,7601678.0
1703203200,167.5,168.23,167.23,167.4,6576322.0
1703548800,167.46,168.765,167.18,168.39,4683605.0
1703635200,167.84,169.47,167.58,169.4,6428643.0
1703721600,169.35,170.66,168.995,170.3,6320129.0
1703808000,170.0,170.69,169.63,170.1,6435102.0
1704153600,169.09,172.17,168.91,172.08,9977424.0
1704240000,171.86,172.04,170.37,171.33,9852335.0
1704326400,170.64,173.35,170.54,171.41,11972550.0
1704412800,171.47,173.38,171.47,172.27,10066030.0
1704672000,172.02,172.36,169.485,172.02,11229920.0
1704758400,171.62,171.79,170.095,170.66,9923630.0
1704844800,170.0,171.08,168.95,171.02,9670218.0
1704931200,170.33,170.36,168.6401,170.3,11919500.0
1705017600,173.8,176.31,168.9,169.05,19436500.0
1705363200,164.87,168.09,164.3,167.99,17206420.0
1705449600,167.34,169.07,166.49,167.09,11107470.0
1705536000,167.12,167.53,165.24,167.42,9382255.0
1705622400,167.55,170.57,167.08,170.31,13115660.0
1705881600,170.46,171.9803,169.71,170.11,12837510.0
1705968000,169.67,169.75,168.44,168.99,8360829.0
1706054400,169.36,171.01,168.8627,170.5,9967060.0
1706140800,172.31,172.99,170.905,172.94,8873481.0
1706227200,172.61,173.06,171.78,172.28,7442955.0
1706486400,172.24,172.84,171.3,172.73,6971192.0
1706572800,172.83,176.7603,172.83,176.27,10822080.0
1706659200,176.2,178.3,174.34,174.36,11521820.0
1706745600,173.64,174.84,171.43,173.73,9354798.0
1706832000,173.3,175.8162,173.26,174.73,8607839.0
1707091200,173.86,175.09,172.92,174.5,7820160.0
1707177600,174.61,175.87,173.76,175.1,6765684.0
1707264000,175.69,175.87,173.96,175.43,7225478.0
1707350400,175.0,175.3058,173.57,174.8,6060285.0
1707436800,175.0,175.1,173.6731,175.01,6296729.0
1707696000,174.78,176.808,173.7,175.79,8539316.0
1707782400,175.32,176.2299,172.615,174.26,8397631.0
1707868800,175.07,176.1,174.42,176.03,7056664.0
1707955200,176.15,180.21,176.15,179.87,8723390.0
1708041600,179.61,179.98,178.16,179.03,8152647.0
1708387200,179.19,180.46,178.405,179.73,9667959.0
1708473600,179.95,180.99,178.52,180.9,7027857.0
1708560000,181.82,183.42,181.24,183.07,9296459.0
1708646400,183.81,185.2,183.19,183.99,7105833.0
1708905600,183.75,184.46,182.48,183.36,7145391.0
1708992000,183.31,183.54,182.24,183.45,5717065.0
1709078400,183.43,185.2,182.96,184.38,6131608.0
1709164800,185.66,186.43,183.85,186.06,9643012.0
1709251200,185.7,186.44,185.1,185.29,6311996.0
1709510400,184.71,187.59,184.27,186.68,7063605.0
1709596800,186.36,189.3,186.36,188.55,6617832.0
1709683200,189.25,190.07,187.63,189.53,7572891.0
1709769600,189.91,190.5,186.63,187.87,7618277.0
1709856000,188.44,190.455,187.92,188.22,6172199.0
1710115200,187.28,188.44,186.22,188.29,5762569.0
1710201600,188.95,190.16,187.91,189.84,5708384.0
1710288000,190.36,191.73,189.84,191.38,7795535.0
1710374400,191.03,191.63,187.103,187.97,10310950.0
1710460800,186.48,190.94,186.48,190.3,17214230.0
1710720000,190.63,192.7,189.89,192.66,9013843.0
1710806400,192.71,193.93,192.38,193.79,8478717.0
1710892800,194.19,196.56,193.61,196.33,9367043.0
1710979200,196.52,199.43,196.33,199.06,11203800.0
1711065600,199.01,200.48,196.54,196.62,8108840.0
1711324800,196.6,196.94,194.36,194.82,8620015.0
1711411200,194.59,196.66,194.0554,195.73,5961484.0
1711497600,196.5,199.6,196.38,199.52,8725757.0
1711584000,199.49,200.72,198.54,200.3,8628313.0
1711929600,199.99,200.94,198.565,198.94,7309009.0
1712016000,198.39,199.78,198.08,198.86,7014683.0
1712102400,199.04,199.56,197.7,198.3,9353426.0
1712188800,199.15,199.68,195.55,195.65,9243793.0
1712275200,196.16,198.1224,195.11,197.45,6532278.0
1712534400,197.62,198.98,197.62,198.48,8000963.0
1712620800,198.07,198.88,194.91,197.15,7358631.0
1712707200,195.55,197.07,194.18,195.47,7681377.0
1712793600,196.0,196.57,193.24,195.43,10137700.0
1712880000,188.32,188.93,182.54,182.79,31532310.0
1713139200,184.5,187.46,182.195,182.89,14766590.0
1713225600,182.9,183.16,179.65,180.8,16451800.0
1713312000,181.37,182.4199,179.2,180.08,9017093.0
1713398400,181.1,183.36,179.97,181.25,9557720.0
1713484800,182.4,185.88,181.41,185.8,13402310.0
1713744000,185.99,190.125,185.98,189.41,11529670.0
1713830400,191.13,192.225,190.52,192.14,9144372.0
1713916800,190.53,193.23,190.17,193.08,6964905.0
1714003200,192.25,193.935,191.18,193.37,9802265.0
1714089600,193.57,194.87,193.06,193.49,6413655.0
1714348800,193.48,194.26,192.43,193.28,5411129.0
1714435200,192.81,194.99,191.64,191.74,8153681.0
1714521600,192.27,194.46,190.79,191.86,7446703.0
1714608000,193.07,193.5,189.52,191.66,6501657.0
1714694400,192.0,192.529,188.46,190.51,8922775.0
1714953600,191.73,192.2,189.815,192.0,7911134.0
1715040000,191.7,192.93,191.65,191.75,7688771.0
1715126400,191.0,196.65,191.0,195.65,9227561.0
1715212800,195.17,197.59,195.1,197.5,7977291.0
1715299200,198.54,199.3399,198.27,198.77,7529790.0
1715558400,198.8,199.85,198.04,198.73,7049241.0
1715644800,199.0,201.58,198.16,201.51,8596175.0
1715731200,202.01,202.69,199.77,202.11,8369975.0
1715817600,202.22,204.48,201.9901,202.47,8497927.0
1715904000,203.81,205.05,202.8149,204.79,9260490.0
1716163200,204.39,205.88,195.4,195.58,17373250.0
1716249600,197.0,199.9,196.6,199.52,14420800.0
1716336000,199.0,200.935,197.69,198.31,9425338.0
1716422400,197.81,198.3,196.07,196.92,8069445.0
1716508800,197.75,200.76,197.56,200.71,7356233.0
1716854400,199.86,200.41,198.66,199.5,6910206.0
1716940800,198.0,198.99,196.89,198.11,6120045.0
1717027200,198.56,199.85,198.4,199.33,6829719.0
1717113600,199.3,203.3,198.35,202.63,14417890.0
1717372800,202.31,202.42,199.19,201.82,6444309.0
1717459200,200.16,201.98,198.28,199.16,6848338.0
1717545600,199.76,199.82,196.92,197.26,8351597.0
1717632000,197.26,198.02,195.33,196.91,7640289.0
1717718400,197.43,200.92,197.01,199.95,6964498.0
1717977600,199.24,200.84,198.44,199.61,6071201.0
1718064000,197.91,197.94,193.6,194.36,9235302.0
1718150400,196.0,196.72,191.31,191.53,12751330.0
1718236800,192.32,194.58,190.88,193.66,8587786.0
1718323200,191.45,194.86,191.42,193.78,6874029.0
1718582400,193.48,195.58,192.64,194.98,8725445.0
1718668800,194.6,197.96,194.13,197.0,9022971.0
1718841600,196.39,199.45,196.11,198.67,8731062.0
1718928000,196.71,197.17,194.22,196.3,20972500.0
1719187200,197.81,199.23,197.1,198.88,9785929.0
1719273600,198.09,200.07,197.74,198.07,6915909.0
1719360000,197.45,197.94,196.275,197.43,7758582.0
1719446400,197.44,199.86,196.9,199.17,7913453.0
1719532800,200.01,202.6,199.3018,202.26,15307620.0
1719792000,202.84,207.09,202.66,205.45,10205840.0
1719878400,205.29,208.86,204.77,208.83,7802936.0
1719964800,209.55,210.38,207.65,208.69,5560925.0
1720137600,206.99,207.37,204.52,204.79,8093096.0
1720396800,205.04,206.9,203.97,205.17,8706967.0
1720483200,205.63,209.76,205.45,207.63,9060258.0
1720569600,206.14,207.97,205.58,207.8,8328493.0
1720656000,206.21,208.1,205.38,207.45,10666940.0
1720742400,204.0,207.45,202.1,204.94,15443440.0
1721001600,207.19,211.61,206.72,210.05,10719670.0
1721088000,210.0,213.74,208.08,213.62,11557020.0
1721174400,213.8,217.56,213.27,216.87,11572470.0
1721260800,215.63,216.635,209.235,209.98,12415130.0
1721347200,211.2,212.35,208.92,209.78,8095898.0
1721606400,210.46,212.17,209.71,210.28,7663223.0
1721692800,211.02,211.475,209.3527,210.33,5557262.0
1721779200,209.55,212.03,208.07,208.59,7118957.0
1721865600,208.65,210.19,208.05,208.67,6403774.0
1721952000,209.24,213.16,208.62,212.24,8027787.0
1722211200,212.65,213.61,210.545,210.85,6533636.0
1722297600,213.23,215.79,212.96,215.19,8850705.0
1722384000,214.78,216.39,212.67,212.8,9071637.0
1722470400,213.2,213.83,206.38,207.96,10918640.0
1722556800,203.88,204.67,196.89,199.14,18041680.0
1722816000,194.05,196.1699,190.9,194.9,13927000.0
1722902400,195.4,202.6,194.0,200.34,10605780.0
1722988800,203.51,205.75,200.2,200.4,9204434.0
1723075200,202.47,204.91,201.79,204.06,7761199.0
1723161600,203.47,206.47,202.9,205.8,5540240.0
1723420800,206.41,207.14,203.66,206.19,6935954.0
1723507200,207.73,208.09,205.4,207.94,6387942.0
1723593600,207.74,210.755,207.12,210.24,6999809.0
1723680000,213.0,213.89,211.1,211.55,7001005.0
1723766400,211.69,214.09,211.585,213.97,7931234.0
1724025600,214.0,215.53,213.82,215.45,6090818.0
1724112000,215.0,216.0,213.68,214.52,5640223.0
1724198400,214.43,215.0,212.84,214.6,5202472.0
1724284800,214.58,216.8,214.335,216.63,5247098.0
1724371200,217.6,219.19,216.5,218.31,7213981.0
1724630400,219.01,219.68,218.05,219.17,5105245.0
1724716800,219.51,220.42,219.19,220.18,5185221.0
1724803200,219.25,222.21,219.19,221.29,6506402.0
1724889600,222.15,222.98,218.94,222.21,6416149.0
1724976000,222.5,225.48,221.93,224.8,8574128.0
1725321600,222.3,224.1,219.24,220.3,8956089.0
1725408000,221.04,222.07,217.21,219.33,7389474.0
1725494400,220.15,220.8,216.03,217.63,8067874.0
1725580800,217.6,218.74,211.09,212.46,7776998.0
1725840000,215.19,218.15,214.175,216.81,8935074.0
1725926400,218.6,218.64,200.61,205.56,28406900.0
1726012800,205.25,207.7,201.831,207.23,13658740.0
1726099200,207.65,208.78,204.89,206.6,9055756.0
1726185600,206.86,207.8482,203.02,204.32,10226690.0
1726444800,205.83,208.21,205.59,207.86,8634936.0
1726531200,207.73,209.93,207.66,209.25,7573345.0
1726617600,209.01,211.3361,206.7,207.53,8259876.0
1726704000,209.78,211.91,207.34,210.48,11635170.0
1726790400,209.93,211.415,209.5,211.09,20884970.0
1727049600,211.0,211.8,209.99,211.44,7223491.0
1727136000,211.15,212.95,210.37,211.59,7323239.0
1727222400,211.68,212.24,208.61,210.19,8976520.0
1727308800,211.13,211.7,209.01,209.78,7807480.0
1727395200,210.65,212.44,209.33,210.5,7032450.0
1727654400,206.31,210.96,205.26,210.86,8668314.0
1727740800,208.9,209.09,206.19,207.04,8540064.0
1727827200,207.08,208.95,205.69,207.29,5810931.0
1727913600,206.17,206.49,204.34,205.23,7251325.0
1728000000,209.3,211.67,206.91,211.22,10213420.0
1728259200,211.03,213.33,209.69,210.93,6718898.0
1728345600,210.58,211.33,208.38,210.75,6021772.0
1728432000,209.7,214.24,209.38,213.42,7023998.0
1728518400,214.81,214.81,211.47,212.84,7927051.0
1728604800,215.67,224.6299,215.16,222.29,18320650.0
1728864000,223.2,223.7,218.88,221.48,9048925.0
1728950400,223.66,225.45,221.82,222.39,9235825.0
1729036800,222.33,223.68,221.04,223.64,6382515.0
1729123200,224.27,225.85,223.31,224.42,6470186.0
1729209600,225.0,225.92,223.1,225.37,7000543.0
1729468800,225.22,225.7,222.9,223.0,5869959.0
1729555200,223.02,225.28,221.1,224.12,9586793.0
1729641600,223.66,224.7999,222.53,223.41,6180528.0
1729728000,221.83,225.06,221.66,224.98,6002202.0
1729814400,225.0,225.62,220.875,222.31,6369720.0
1730073600,223.35,225.64,222.95,225.5,6842956.0
1730160000,225.21,226.75,222.81,222.9,6580004.0
1730246400,222.54,226.31,221.58,224.41,7110941.0
1730332800,224.7,225.69,221.82,221.92,7829932.0
1730419200,223.56,226.15,222.7,222.94,6923452.0
1730678400,222.65,223.76,219.17,219.78,8229588.0
1730764800,220.03,221.96,220.0,221.49,5600686.0
1730851200,235.0,248.0,234.77,247.06,23987750.0
1730937600,244.5,244.57,235.22,236.38,16451070.0
1731024000,239.34,239.34,235.78,236.98,9502100.0
1731283200,240.0,242.1,239.0,239.29,9017079.0
1731369600,240.55,241.46,238.76,239.56,6860956.0
1731456000,240.58,244.09,240.31,241.16,11472560.0
1731542400,242.415,244.29,241.05,241.87,10172200.0
1731628800,241.46,246.42,241.46,245.31,11518840.0
1731888000,247.76,247.93,242.68,245.03,9052575.0
1731974400,242.25,245.1509,241.55,243.09,6792660.0
1732060800,244.4,244.61,238.64,240.78,9015290.0
1732147200,243.23,245.49,242.105,244.76,8783516.0
1732233600,243.61,249.15,243.0347,248.55,7997307.0
1732492800,249.59,254.31,249.06,250.29,10295350.0
1732579200,250.49,251.0,248.34,249.97,6212142.0
1732665600,249.35,251.19,248.771,249.79,5472265.0
1732838400,249.86,251.77,249.445,249.72,5494825.0
1733097600,249.55,250.25,245.03,246.25,8899741.0
1733184000,248.23,249.04,244.63,244.82,6657694.0
1733270400,244.7,245.345,242.23,243.4,7346265.0
1733356800,245.39,247.18,244.62,245.48,6572536.0
1733443200,245.7,247.74,244.84,247.36,5519738.0
1733702400,247.13,247.8699,243.76,243.81,7076466.0
1733788800,243.89,247.96,242.22,242.86,9108339.0
1733875200,244.0,244.27,242.18,243.53,7884442.0
1733961600,243.0,244.1,241.04,241.53,6113771.0
1734048000,242.07,242.715,239.1437,239.94,10392750.0
1734307200,240.61,240.67,237.52,239.58,9032044.0
1734393600,238.65,239.02,236.63,238.36,8083635.0
1734480000,239.0,239.07,229.53,230.37,11322360.0
1734566400,232.27,236.36,232.27,232.96,11790770.0
1734652800,231.92,239.21,231.5877,237.6,32348410.0
1734912000,236.07,238.62,234.88,238.39,8611528.0
1734998400,239.43,242.4922,239.07,242.31,3729092.0
1735171200,241.43,243.26,240.79,243.14,4452168.0
1735257600,242.72,243.39,240.04,241.17,5730607.0
1735516800,238.77,240.84,237.11,239.32,5723765.0
1735603200,240.05,241.4393,239.03,239.71,4870971.0
1735776000,240.92,243.276,239.45,240.0,9220914.0
1735862400,243.89,244.88,240.26,243.28,9491053.0
1736121600,243.695,245.69,240.58,240.85,9917836.0
1736208000,242.14,245.26,240.9,243.17,8753357.0
1736294400,242.75,244.25,240.5,243.13,8675284.0
1736467200,243.09,243.81,238.74,239.87,10256830.0
1736726400,239.67,244.54,239.0,244.21,10005320.0
1736812800,242.66,247.72,242.19,247.47,12407390.0
1736899200,250.4,253.6699,243.68,252.35,18448520.0
1736985600,254.0,257.035,252.33,254.27,15292350.0
1737072000,254.14,260.62,252.14,259.16,17678100.0
1737417600,260.07,264.25,259.5037,263.03,13712110.0
1737504000,262.9,263.38,260.25,262.84,9021914.0
1737590400,264.69,266.8599,263.81,265.95,10749680.0
1737676800,263.69,267.1,263.01,264.84,7666261.0
1737936000,264.17,265.97,262.26,265.85,7522258.0
1738022400,265.85,267.33,264.8301,267.14,7375391.0
1738108800,267.21,270.68,265.61,266.58,7684870.0
1738195200,268.63,269.7,266.6201,268.23,8753466.0
1738281600,269.23,270.82,266.96,267.3,7196268.0
1738540800,261.83,268.165,261.7009,266.81,8381361.0
1738627200,269.84,269.84,266.83,267.94,5625972.0
1738713600,268.91,270.64,268.33,270.43,5704431.0
1738800000,272.45,276.98,271.19,276.9,7264371.0
1738886400,277.27,278.55,274.715,275.8,6857875.0
1739145600,276.15,276.18,269.59,271.04,8627352.0
1739232000,270.26,276.22,269.66,274.99,7196376.0
1739318400,274.08,276.45,273.25,275.45,6683894.0
1739404800,275.5,276.97,273.81,276.32,8398667.0
1739491200,277.37,279.2334,276.45,276.59,5688627.0
1739836800,276.76,279.97,276.02,279.95,7919798.0
1739923200,278.38,280.25,277.22,279.25,7007248.0
1740009600,278.675,278.74,265.735,266.8,13846670.0
1740096000,268.32,269.1955,262.84,264.24,12835570.0
1740355200,265.49,267.0,258.61,261.34,10372750.0
1740441600,262.23,263.0,253.35,257.4,9608439.0
1740528000,257.16,260.9115,256.93,258.79,5943585.0
1740614400,260.18,263.64,257.86,259.05,8204447.0
1740700800,260.73,264.81,257.89,264.65,10467130.0
1740960000,264.0,266.32,257.82,260.62,9058307.0
1741046400,255.28,257.23,245.95,250.25,13465630.0
1741132800,251.25,253.05,247.83,251.53,7861424.0
1741219200,248.11,249.36,243.85,246.54,9983235.0
1741305600,245.23,246.72,239.42,242.28,20498730.0
1741564800,236.21,237.51,228.695,232.22,18887190.0
1741651200,231.745,233.32,226.69,229.14,18143000.0
1741737600,234.0,234.32,227.26,227.9,16054020.0
1741824000,229.3,229.5,224.23,225.19,16467850.0
1741910400,228.12,233.143,227.58,232.44,11962110.0
1742169600,231.18,235.6695,230.455,233.93,9586025.0
1742256000,234.32,236.17,233.52,234.97,10344870.0
1742342400,235.74,242.33,234.89,239.11,10120590.0
1742428800,236.56,241.76,236.2,239.01,8328513.0
1742515200,237.81,242.3,236.5,241.63,19326870.0
1742774400,245.48,248.69,244.41,248.06,9422650.0
1742860800,249.31,251.82,247.6247,251.13,9287694.0
1742947200,252.6,254.67,249.78,251.03,12785230.0
1743033600,249.525,250.64,247.18,248.12,8022517.0
1743120000,246.94,249.505,241.11,242.85,11978420.0
1743379200,239.41,245.86,237.3643,245.3,13603000.0
1743465600,242.62,245.69,240.8818,243.66,8054683.0
1743552000,241.6,247.245,241.46,245.82,7758750.0
1743638400,234.27,235.14,227.3,228.69,17188470.0
1743724800,215.305,217.7,208.93,210.28,27170690.0
1743984000,205.77,222.053,202.16,214.44,22914370.0
1744070400,223.52,227.8378,213.25,216.87,19485730.0
1744156800,212.5,237.48,211.0,234.34,24022350.0
1744243200,230.0,230.3499,220.1,227.11,18896440.0
1744329600,226.31,238.575,225.0,236.2,20284450.0
1744588800,237.1,239.78,233.6301,234.72,13017820.0
1744675200,236.1,238.65,232.82,233.13,10912880.0
1744761600,232.0,233.58,227.93,229.61,9322325.0
1744848000,230.8,234.34,230.55,231.96,9557946.0
1745193600,230.63,231.81,226.336,228.99,8716177.0
1745280000,231.98,235.99,231.37,235.59,10701400.0
1745366400,240.22,246.79,240.0,240.88,14126770.0
1745452800,239.74,245.4695,237.58,244.64,9055197.0
1745539200,244.65,245.62,241.75,243.55,8588564.0
1745798400,244.56,246.8437,240.84,243.22,7394297.0
1745884800,242.19,245.25,241.69,244.62,7216788.0
1745971200,241.21,245.22,238.43,244.62,12991700.0
1746057600,242.84,248.45,242.17,246.89,8689579.0
1746144000,251.26,253.6187,249.4629,252.51,7165044.0
1746403200,251.18,255.16,250.5901,252.56,5450744.0
1746489600,250.0,252.65,249.0,249.25,6369934.0
1746576000,249.85,252.45,248.83,249.39,8724267.0
1746662400,251.57,255.88,251.55,253.47,8320118.0
1746748800,254.5,255.51,252.34,253.08,5087639.0
1747008000,262.9,263.6,258.7,260.05,9603892.0
1747094400,261.03,263.67,260.39,263.01,8588961.0
1747180800,263.0,266.64,262.29,265.64,8643060.0
1747267200,266.97,269.52,264.76,267.49,9214641.0
1747353600,267.5,268.4593,264.71,267.56,8932912.0
1747612800,265.55,268.32,261.93,264.88,12145050.0
1747699200,262.52,266.66,262.3,265.68,8436337.0
1747785600,264.35,265.65,260.7263,261.04,7464045.0
1747872000,259.44,262.3,258.8687,260.67,6514113.0
1747958400,256.81,261.99,256.0001,260.71,6671841.0
1748304000,262.04,265.3,261.99,265.29,7506555.0
1748390400,266.24,266.72,262.9,263.49,5535408.0
1748476800,264.8,265.4099,262.53,264.37,5081992.0
1748563200,263.45,265.33,262.725,264.0,10977660.0
1748822400,263.02,265.03,261.9,264.66,6011165.0
1748908800,263.73,266.58,262.88,266.27,6998383.0
1748995200,265.92,267.12,264.18,264.22,5915710.0
1749081600,264.74,264.74,260.31,261.95,8179258.0
1749168000,264.33,266.65,264.26,265.73,7738134.0
1749427200,266.0,267.9,263.35,266.74,8285364.0
1749513600,265.88,268.9,265.85,268.6,7538135.0
1749600000,268.68,269.6199,265.7862,268.15,7434064.0
1749686400,266.86,268.29,265.14,268.24,6618026.0
1749772800,265.08,267.02,262.71,264.95,7098265.0
1750032000,267.0,271.73,266.85,270.36,8566019.0
1750118400,268.17,270.59,267.8,269.52,6739262.0
1750204800,270.0,277.72,269.72,273.96,9586440.0
1750377600,275.57,277.3,273.8119,275.0,13969670.0
1750636800,275.06,278.55,272.1128,278.27,8094559.0
1750723200,280.21,282.715,279.51,281.26,9267941.0
1750809600,281.5,284.28,280.91,284.06,6826901.0
1750896000,284.7,289.41,284.47,288.75,8942062.0
1750982400,285.81,288.6962,285.04,287.11,17868630.0
1751241600,290.4,292.65,288.92,289.91,12689160.0
1751328000,290.89,291.13,286.59,290.41,9338260.0
1751414400,292.04,292.822,289.7,292.0,8158692.0
1751500800,292.15,296.4,291.21,296.0,6541646.0
1751846400,295.25,296.04,290.08,291.97,8825732.0
1751932800,289.275,289.7,280.31,282.78,15440860.0
1752019200,287.18,287.195,282.48,283.16,11273800.0
1752105600,283.0,288.31,283.0,288.19,8413847.0
1752192000,285.52,287.38,283.655,286.86,7384674.0
1752451200,287.07,289.3,285.2556,288.7,9079941.0
1752537600,288.0,291.95,285.48,286.55,12526110.0
1752624000,288.4,290.73,283.01,285.82,9979768.0
1752710400,283.44,290.2965,283.44,289.9,8509504.0
1752796800,289.52,292.5,288.23,291.27,12217020.0
1753056000,291.0,294.18,290.58,290.97,7898141.0
1753142400,291.5,293.625,289.18,291.43,6717461.0
1753228800,292.84,296.99,292.55,296.76,7083510.0
1753315200,297.42,299.5899,296.2,296.55,7001242.0
1753401600,296.7,298.9,295.955,298.62,5918875.0
1753660800,297.66,299.43,296.82,298.28,5840417.0
1753747200,300.0,301.2931,296.2,297.04,7635719.0
1753833600,297.42,300.61,297.38,299.63,8061742.0
1753920000,299.14,300.975,295.5,296.24,14749650.0
1754006400,290.4,291.795,284.2376,289.37,12007110.0
1754265600,290.26,294.32,290.26,294.26,6649542.0
1754352000,294.69,295.785,287.24,291.37,7182333.0
1754438400,292.3,293.29,290.16,291.35,6330155.0
1754524800,292.94,293.46,286.41,286.94,8057109.0
1754611200,288.98,291.23,284.706,288.76,6634506.0
1754870400,289.4,291.32,288.78,289.56,5510113.0
1754956800,291.5,294.75,290.34,292.85,8572034.0
1755043200,293.95,294.55,287.16,290.53,8420407.0
1755129600,290.58,294.2,289.6391,294.16,6322381.0
1755216000,294.84,295.5,289.82,290.49,7340518.0
1755475200,290.0,291.9,288.41,291.53,5386856.0
1755561600,290.83,292.48,289.53,290.66,6031520.0
1755648000,290.81,293.33,287.27,292.24,7374244.0
1755734400,291.94,292.7661,289.4725,291.47,6624161.0
1755820800,293.2,297.16,290.13,296.24,8552847.0
1756080000,296.24,297.3475,294.14,294.9,5856258.0
1756166400,294.16,298.74,293.5001,298.57,6714749.0
1756252800,297.25,301.07,297.04,299.28,6056513.0
1756339200,300.025,301.2399,298.7,301.07,6410535.0
1756425600,302.04,302.95,299.73,301.42,6796380.0
1756771200,300.26,300.455,294.5,299.7,7221855.0
1756857600,300.57,300.57,296.38,299.51,6316911.0
1756944000,300.0,304.43,298.28,303.82,6605797.0
1757030400,303.65,305.15,294.31,294.38,9837709.0
1757289600,294.89,296.46,291.44,292.91,8188506.0
1757376000,292.6,299.0,292.31,297.85,7848196.0
1757462400,296.7,301.54,295.4,300.54,7787303.0
1757548800,301.24,305.73,300.7925,305.56,7942489.0
1757635200,305.0,307.55,303.695,306.91,6846674.0
1757894400,307.17,309.95,307.17,308.9,7122015.0
1757980800,310.0,310.9,307.1347,309.19,10525590.0
1758067200,310.39,312.91,308.7722,311.75,8657765.0
1758153600,311.79,313.44,309.61,313.23,8050671.0
1758240000,313.6,315.8,309.12,314.78,23568550.0
1758499200,309.8,313.7,309.555,312.44,7520190.0
1758585600,311.815,316.3141,310.58,312.74,8584420.0
1758672000,314.05,316.5773,311.665,313.42,7310513.0
1758758400,314.12,315.65,311.8,313.45,7083198.0
1758844800,314.9,317.81,313.704,316.06,7258136.0
1759104000,317.06,318.01,313.66,315.69,6462442.0
1759190400,316.25,317.41,310.11,315.43,11823320.0
1759276800,313.97,314.59,307.41,310.71,9235211.0
1759363200,310.0,310.56,306.14,307.55,7599973.0
1759449600,308.51,311.66,308.21,310.03,6029854.0
1759708800,310.18,311.7474,305.1301,309.18,7214502.0
1759795200,309.35,310.01,304.7,307.69,8454217.0
1759881600,308.21,308.7832,303.55,304.03,6489883.0
1759968000,305.05,308.035,303.3947,305.53,7060332.0
1760054400,305.66,310.47,300.81,300.89,8597384.0
1760313600,305.6,309.46,305.45,307.97,10788680.0
1760400000,305.84,307.0,294.21,302.08,16178760.0
1760486400,306.39,312.1199,305.44,305.69,11354780.0
1760572800,305.35,308.6799,297.07,298.54,10549450.0
1760659200,299.16,299.55,294.2,297.56,10153450.0
1760918400,298.5,303.69,298.1601,302.36,6894943.0
1761004800,301.66,304.05,297.0,297.09,7372671.0
1761091200,297.77,298.0599,290.5448,294.11,8054115.0
1761177600,294.38,296.3699,292.51,294.54,5438810.0
1761264000,296.08,302.6,295.45,300.44,7228330.0
1761523200,302.16,304.53,301.01,304.15,5642222.0
1761609600,304.86,307.9674,303.16,305.36,6335993.0
1761696000,303.51,308.245,303.01,305.51,7520324.0
1761782400,305.79,312.61,305.1,309.44,7514556.0
1761868800,308.54,312.87,307.25,311.12,7721297.0
1762128000,311.0,312.32,306.21,309.35,7770040.0
1762214400,306.71,312.22,305.1,309.25,7085164.0
1762300800,309.61,313.1,305.63,311.68,6865198.0
1762387200,310.99,314.84,310.26,313.42,7206111.0
1762473600,311.89,314.43,307.642,314.21,7302347.0
1762732800,315.0,319.555,314.21,316.89,5794505.0
1762819200,317.5,319.05,315.28,315.62,5030216.0
1762905600,316.26,322.25,316.21,320.41,10578270.0
1762992000,319.23,320.6325,309.1,309.48,8973258.0
1763078400,307.51,307.64,301.23,303.61,10326980.0
1763337600,304.0,305.59,297.6714,300.37,8344046.0
1763424000,299.5,302.945,297.02,299.41,8077315.0
1763510400,299.74,304.4499,299.265,303.27,5546555.0
1763596800,306.34,309.92,298.16,298.38,7501582.0
1763683200,301.29,301.68,292.8101,298.02,11766810.0
1763942400,298.24,299.82,294.51,298.0,10940190.0
1764028800,300.05,304.5,295.56,303.0,8877188.0
1764115200,305.0,308.525,303.2,307.64,7910851.0
1764288000,309.1,313.72,308.24,313.08,4322448.0
1764547200,312.95,314.04,308.54,308.92,7727324.0
1764633600,308.74,310.48,307.09,307.88,7249043.0
1764720000,307.2,312.36,306.8,312.13,8535260.0
1764806400,313.26,318.49,313.0,316.1,9627834.0
1764892800,315.64,318.48,314.68,315.04,6518908.0
1765152000,315.06,316.47,313.3501,315.21,7417191.0
1765238400,314.95,318.8,300.02,300.51,18049220.0
1765324800,300.5,311.19,298.46,310.11,18874090.0
1765411200,309.24,318.0,309.24,317.38,9721859.0
1765497600,319.68,320.27,316.6013,318.52,8982911.0
1765756800,319.59,322.88,318.39,320.02,10864120.0
1765843200,319.09,319.52,314.4,315.55,8331336.0
1765929600,318.43,319.37,314.66,314.98,8718653.0
1766016000,316.0,317.7,312.22,313.0,11444910.0
1766102400,313.79,318.56,313.19,317.21,24494410.0
1766361600,317.51,323.23,317.51,323.09,8354588.0
1766448000,323.61,327.78,323.09,325.93,6668305.0
1766534400,326.24,329.99,325.5014,329.17,4289306.0
1766707200,329.11,330.86,326.54,327.91,4158293.0
1766966400,327.0,327.77,323.53,323.75,8635338.0
1767052800,324.81,324.94,322.49,323.42,7904263.0
1767139200,324.34,324.875,322.04,322.22,5048531.0
1767312000,322.5,325.73,320.74,325.48,8054040.0
1767571200,325.5,337.25,325.19,334.04,10752630.0
1767657600,332.62,335.87,330.65,334.61,7660787.0
1767744000,331.14,332.1499,324.6,326.99,9815240.0
1767830400,326.39,331.4,325.65,329.79,11737070.0
1767916800,329.34,331.9,328.17,329.19,6738143.0
1768176000,321.884,326.02,321.23,324.49,12805060.0
1768262400,324.3,326.86,310.572,310.9,19371170.0
1768348800,308.2,311.76,306.12,307.87,25951460.0
1768435200,308.47,312.94,307.75,309.26,14751450.0
1768521600,310.35,317.21,310.0,312.47,14652510.0
1768867200,306.21,311.15,301.86,302.74,12900620.0
1768953600,303.425,305.4,301.15,302.04,10270140.0
1769040000,304.86,308.2,302.9,303.63,10535820.0
1769126400,302.0,302.37,296.51,297.72,11107930.0
1769385600,297.81,301.775,297.45,301.04,11752670.0
1769472000,301.33,301.97,298.15,300.31,11527450.0
1769558400,300.27,301.92,298.05,300.77,9556743.0
1769644800,302.4,306.83,302.215,306.42,11579990.0
1769731200,305.25,307.93,302.555,305.89,11953180.0
1769990400,304.46,309.3,301.37,308.14,9839360.0
1770076800,309.73,316.25,309.095,314.85,12687960.0
1770163200,314.405,319.305,314.405,317.27,9848802.0
1770249600,315.0,316.01,305.54,310.16,9387999.0
1770336000,314.71,324.245,314.71,322.4,17797440.0
1770595200,321.34,326.4,320.1149,322.1,11477470.0
1770681600,322.55,326.125,315.1201,318.28,9902224.0
1770768000,323.24,325.28,308.7301,310.82,8703519.0
1770854400,312.275,313.615,300.02,302.64,13443360.0
1770940800,298.52,304.29,296.52,302.55,9114526.0
1771286400,302.76,308.24,302.5,307.13,8896753.0
1771372800,308.46,312.28,307.22,308.78,7209556.0
1771459200,307.17,309.18,305.12,308.05,6737705.0
1771545600,308.4,311.0,305.68,310.79,7792735.0
1771804800,308.8,311.0,295.1,297.67,12955430.0
1771891200,296.82,299.75,291.38,297.3,13554130.0
1771977600,298.64,303.6599,297.01,303.3,8095520.0
1772064000,304.58,309.01,303.64,306.13,7007804.0
1772150400,300.0,302.95,294.45,300.3,18620790.0
1772409600,294.81,299.9799,293.21,297.56,8508910.0
1772496000,292.285,302.39,289.5,300.26,10278220.0
1772582400,299.99,301.0,295.82,299.39,8055673.0
1772668800,297.98,301.24,292.43,293.55,12732490.0
1772755200,286.34,289.99,283.71,289.48,13496530.0
1773014400,285.5,291.0999,280.45,289.92,12241050.0
1773100800,289.29,292.75,287.18,288.73,8344876.0
1773187200,288.81,290.4825,284.86,287.52,10204990.0
1773273600,282.83,283.88,279.1,282.89,13760510.0
1773360000,284.665,287.19,282.95,283.44,9091183.0
1773619200,286.34,289.2699,284.61,286.16,8149008.0
1773705600,289.0,291.76,285.95,286.89,8961193.0
1773792000,286.83,289.405,285.1223,287.74,10057040.0
1773878400,286.88,289.51,284.62,287.97,9846696.0
1773964800,288.08,290.71,285.27,286.56,22436490.0
1774224000,294.31,295.75,287.97,289.91,11470840.0
1774310400,286.17,295.48,285.3701,292.4,11092330.0
1774396800,294.15,297.64,292.44,295.42,12188160.0
1774483200,292.58,294.9899,290.73,291.66,8669196.0
1774569600,289.14,290.11,281.75,282.84,9873292.0
1774828800,284.74,287.25,282.33,283.77,11734350.0
1774915200,288.47,295.072,284.945,294.16,12956880.0
1775001600,295.39,298.72,292.91,295.38,11267170.0
1775088000,291.91,295.62,288.72,294.6,6669252.0
1775433600,294.06,296.83,293.195,295.45,7142621.0
1775520000,293.14,298.18,292.6982,297.4,7849083.0
1775606400,307.97,311.26,305.33,307.97,10590170.0
1775692800,306.95,311.26,306.11,310.33,6586601.0
1775779200,310.0,310.35,306.72,309.87,6069693.0
1776038400,307.47,313.74,305.4571,313.68,8318221.0
1776124800,309.82,314.32,308.87,311.12,11455510.0
1776211200,313.95,314.24,304.26,305.93,9885824.0
1776297600,305.35,309.95,305.2,309.95,8208612.0
1776384000,312.47,314.9,310.09,310.29,11082390.0
1776643200,310.85,317.13,310.37,316.99,10772000.0
1776729600,317.49,320.235,312.75,313.0,7084264.0
1776816000,314.85,315.1486,311.9404,313.02,5545909.0
1776902400,313.52,314.99,308.89,311.69,6969656.0
1776988800,311.15,311.15,307.89,308.28,5215321.0
1777248000,306.88,312.58,306.88,311.63,7925317.0
1777334400,315.2,315.45,311.17,311.45,7398596.0
1777420800,310.57,312.045,307.29,309.25,8031805.0
1777507200,307.07,314.1,306.57,313.23,8865387.0
1777593600,313.95,316.08,311.83,312.47,6135359.0
1777852800,310.62,310.65,306.51,307.65,7338179.0
1777939200,307.71,310.97,306.8,309.4,6316845.0
1778025600,311.45,316.2595,311.35,314.9,8629538.0
1778112000,314.65,316.3,306.14,306.27,8359599.0
1778198400,308.25,308.99,300.5,302.1,9464267.0
1778457600,302.1,303.19,298.88,300.0,9511957.0
1778544000,300.02,306.0624,295.55,304.88,9498214.0
1778630400,302.27,303.0,300.0709,300.25,7709525.0
1778716800,302.25,303.7504,298.81,299.91,7364315.0
1778803200,300.205,300.79,296.45,297.81,8699281.0
1779062400,298.0,301.26,297.22,300.73,7546296.0
1779148800,301.09,301.79,295.26,295.7,8066927.0
1779235200,296.7,302.925,293.67,301.98,9327002.0
1779321600,301.23,303.975,300.21,303.0,7874388.0
1779408000,304.68,307.45,303.84,306.38,5978568.0
1779753600,308.49,309.93,305.44,306.74,7731840.0
1779840000,305.0,305.9,295.75,299.28,11785440.0
1779926400,297.57,301.07,295.75,296.73,9766204.0
1780012800,296.4,299.88,295.195,299.31,13973670.0
1780272000,297.69,299.55,295.27,296.58,7929978.0
1780358400,296.5,302.07,295.27,300.96,8296234.0
1780444800,299.92,301.96,296.56,300.85,7003935.0
1780531200,305.74,312.91,304.44,310.89,10345160.0
1780617600,314.29,315.0,309.6,312.37,9118778.0
1780876800,313.25,316.295,310.78,311.11,6827027.0
1780963200,313.51,316.415,309.01,312.7,11594550.0
1781049600,312.56,314.75,309.03,309.14,7446218.0
1781136000,309.56,314.72,308.88,313.49,9116617.0
1781222400,315.97,321.3,315.55,320.72,7426164.0
1781481600,323.92,325.92,318.84,319.4,7988879.0
1781568000,324.3,331.75,324.02,331.14,11094890.0
1781654400,332.18,337.77,331.5,333.46,12246450.0
1781740800,336.95,338.09,324.16,325.22,20111030.0
1782086400,329.7,332.77,326.75,331.48,10182510.0
1782172800,329.47,335.37,327.21,334.14,7582217.0
1782259200,333.07,334.53,329.77,333.45,7907442.0
1782345600,334.96,343.4485,334.76,335.12,10049360.0
1782432000,336.0,336.4,327.5,329.05,17640910.0
1782691200,328.28,332.39,327.2,329.39,7981795.0
1782777600,328.89,330.4372,326.68,327.33,8080064.0
1782864000,328.365,335.64,325.01,334.07,15210190.0
1782950400,338.02,340.0,331.77,334.47,8415407.0
1783296000,335.0,339.715,334.11,337.72,8673530.0
1783382400,340.975,341.4,337.09,339.22,7115819.0
1783468800,336.53,336.53,330.13,330.62,18505240.0
1783555200,331.46,337.0,330.8053,335.47,15570590.0
1783641600,337.47,338.5859,335.77,336.47,6299028.0
1783900800,338.34,338.35,332.5001,334.53,7120251.0
1783987200,327.0,344.73,325.75,342.89,14537910.0
1784073600,345.845,351.24,344.05,346.91,10749990.0
1784160000,349.28,349.34,341.11,343.15,12432390.0
1784246400,339.03,346.125,335.05,341.1,9250854.0
1784505600,341.8,344.26,337.37,338.87,7723269.0
1784592000,340.115,345.735,337.3,345.23,6015334.0
1784678400,345.07,349.07,344.2501,348.21,8040220.0
1784764800,346.58,349.92,345.42,349.9,10913030.0
1784851200,350.64,353.37,347.5,353.21,7520829.0
1785110400,357.89,359.05,352.58,356.2,7888760.0
1785196800,357.3,359.3,354.15,357.31,6538299.0
1785283200,356.5,357.37,343.78,344.71,8272605.0
1785369600,347.54,352.28,345.37,350.85,7607701.0
1785456000,353.3,354.47,349.7,351.79,6603422.0
1785715200,353.75,355.62,350.84,352.64,6436597.0
1785801600,355.0,363.0,353.873,357.52,8477203.0
1785888000,358.97,362.17,358.2,359.24,5269490.0
1785974400,362.81,362.81,354.945,356.3,5820107.0
1786060800,355.76,358.8543,353.33,357.52,4566210.0
1786320000,357.96,359.99,356.5,359.79,5327471.0
1786406400,360.05,363.12,358.6,362.04,4576473.0
1786492800,362.97,366.09,361.3,365.18,4366754.0
1786579200,366.5,366.5,361.52,363.11,5102686.0
1786665600,363.0,365.9,361.45,362.84,5058591.0
1786924800,361.94,365.75,360.96,360.96,5282595.0
1787011200,362.34,363.57,359.27,363.25,5525081.0
1787097600,363.01,363.05,355.645,357.26,6696210.0
1787184000,357.6,357.95,351.55,351.55,6799673.0
1787270400,354.07,356.86,350.3666,351.58,8112130.0
1787529600,353.3,358.28,352.815,356.39,4397594.0
1787616000,357.0,357.37,353.0737,356.69,4298730.0
1787702400,356.5,358.35,354.6001,356.5,5802515.0
1787788800,354.68,357.57,352.225,354.22,5214828.0
1787875200,355.67,358.73,354.22,357.62,3916485.0
1788134400,355.9,357.77,354.7701,356.02,7964106.0
1788220800,355.73,359.93,354.12,354.95,5079819.0
1788307200,357.55,361.47,353.79,356.22,5343789.0
1788393600,358.675,362.85,356.39,362.06,5416619.0
1788480000,361.0,362.86,355.2,358.64,4875394.0
1788825600,357.1,358.55,353.23,353.51,5633145.0
1788912000,352.0,356.33,348.69,354.71,6319796.0
1788998400,353.51,354.22,351.12,353.56,4186391.0
1789084800,358.32,360.05,354.79,356.23,5355273.0
1789344000,354.23,355.28,347.545,350.13,9612162.0
1789430400,351.0,354.7,343.0717,352.49,14030790.0
1789516800,353.38,355.6,344.685,348.92,8307796.0
1789603200,352.245,353.49,345.27,349.31,6485120.0
1789689600,347.89,349.67,345.01,349.67,18312430.0
1789948800,353.67,354.5,350.08,352.04,6414673.0
1790035200,352.0,352.1025,337.3,340.0,11485580.0
1790121600,337.61,341.44,336.981,337.53,7078381.0
1790208000,338.12,339.37,335.28,338.56,6941733.0
