timestamp,open,high,low,close,volume
1474848000,42.71,42.72,42.01,42.05,15035270.0
1474934400,42.19,42.63,42.0,42.59,11899760.0
1475020800,42.63,42.76,42.03,42.15,15503710.0
1475107200,42.02,42.39,41.85,42.03,12629680.0
1475193600,42.21,42.5,42.06,42.32,14333040.0
1475452800,42.31,42.31,41.885,42.03,11141200.0
1475539200,42.34,42.34,41.78,41.84,13679780.0
1475625600,41.93,42.07,41.67,41.81,9593355.0
1475712000,41.68,41.94,41.58,41.71,9722473.0
1475798400,41.83,41.94,41.565,41.73,8108210.0
1476057600,41.92,41.99,41.6,41.73,8983410.0
1476144000,41.66,41.7,41.4,41.54,12249060.0
1476230400,41.63,41.84,41.5,41.78,12216480.0
1476316800,41.65,41.89,41.51,41.76,17637030.0
1476403200,41.85,41.905,41.62,41.67,9873325.0
1476662400,41.73,41.86,41.57,41.6,10777530.0
1476748800,41.81,42.0,41.73,41.97,11288520.0
1476835200,41.93,42.115,41.81,42.05,16365540.0
1476921600,41.97,42.11,41.89,41.93,10620490.0
1477008000,41.85,42.17,41.68,42.13,14390510.0
1477267200,42.32,42.77,42.25,42.56,13392990.0
1477353600,42.64,42.88,42.43,42.54,16443740.0
1477440000,43.0,43.03,42.41,42.44,16872330.0
1477526400,42.63,42.645,41.9,42.12,14515660.0
1477612800,42.26,42.47,42.1,42.23,13396010.0
1477872000,42.12,42.41,42.12,42.4,13316310.0
1477958400,42.4,42.425,41.91,42.12,12211030.0
1478044800,42.1,42.34,42.01,42.05,11996530.0
1478131200,42.22,42.22,41.96,42.03,11238740.0
1478217600,41.85,42.04,41.69,41.69,14448000.0
1478476800,42.04,42.5,42.04,42.46,13999530.0
1478563200,42.37,42.98,42.37,42.88,12016470.0
1478649600,41.76,42.32,41.7,42.27,21223260.0
1478736000,41.86,42.26,40.855,40.94,33225230.0
1478822400,40.95,41.13,40.63,41.03,13403460.0
1479081600,41.13,41.42,40.85,41.17,19513760.0
1479168000,41.18,41.52,41.17,41.44,16543380.0
1479254400,41.4,41.65,41.155,41.26,12671380.0
1479340800,41.28,41.3,41.0,41.12,12398310.0
1479427200,41.03,41.2,40.9,40.91,16324700.0
1479686400,40.74,41.36,40.73,41.36,12291840.0
1479772800,41.45,41.7,41.24,41.37,12743500.0
1479859200,41.22,41.31,41.03,41.12,9293976.0
1480032000,41.39,41.58,41.24,41.53,7402652.0
1480291200,41.51,41.79,41.27,41.75,19389540.0
1480377600,41.52,41.52,41.14,41.15,11399890.0
1480464000,41.0,41.2,40.35,40.35,22390720.0
1480550400,40.31,40.39,39.88,40.17,20397120.0
1480636800,40.3,40.495,40.19,40.36,11163100.0
1480896000,40.34,40.69,40.31,40.62,15958390.0
1480982400,40.75,40.77,40.42,40.57,11303130.0
1481068800,40.54,41.29,40.51,41.29,13710580.0
1481155200,41.07,41.21,40.845,40.98,13069030.0
1481241600,41.5,42.22,41.29,42.0,28113450.0
1481500800,42.0,42.01,41.72,41.9,17545760.0
1481587200,41.72,41.96,41.54,41.76,18687090.0
1481673600,41.89,41.99,41.06,41.21,17920550.0
1481760000,41.095,41.81,41.095,41.55,14263310.0
1481846400,41.61,41.76,41.48,41.74,19673670.0
1482105600,41.69,41.8,41.58,41.67,8668245.0
1482192000,41.7,41.72,41.44,41.66,10598270.0
1482278400,41.6,41.8301,41.52,41.57,9693274.0
1482364800,41.57,41.62,41.08,41.55,11893150.0
1482451200,41.62,41.69,41.35,41.6,6433652.0
1482796800,41.56,41.76,41.54,41.61,6988456.0
1482883200,41.49,41.67,41.39,41.39,8827084.0
1482969600,41.38,41.69,41.38,41.6,6874614.0
1483056000,41.69,41.84,41.35,41.46,11470060.0
1483401600,41.5,41.81,41.28,41.8,14689550.0
1483488000,41.88,41.97,41.59,41.65,9942417.0
1483574400,41.66,41.86,41.525,41.75,8968202.0
1483660800,41.7,41.81,41.54,41.74,10246710.0
1483920000,41.23,41.58,41.21,41.32,14804790.0
1484006400,41.44,41.44,40.86,41.04,19678850.0
1484092800,40.85,41.12,40.83,41.05,9256622.0
1484179200,41.01,41.04,40.8,40.95,8541181.0
1484265600,41.0,41.04,40.69,40.88,8114893.0
1484611200,40.84,41.3,40.8,41.22,12469340.0
1484697600,41.25,41.379,41.14,41.29,10383360.0
1484784000,41.14,41.29,41.03,41.14,10985990.0
1484870400,41.27,41.44,41.13,41.32,14695290.0
1485129600,41.31,41.5,41.21,41.43,11628890.0
1485216000,41.47,41.97,41.47,41.9,17003010.0
1485302400,41.94,42.25,41.9,42.12,12530400.0
1485388800,42.03,42.11,41.79,41.81,8977122.0
1485475200,41.91,41.95,41.42,41.45,12967300.0
1485734400,41.3,41.48,41.205,41.38,11621660.0
1485820800,41.39,41.685,41.36,41.57,12647270.0
1485907200,41.52,41.66,41.25,41.26,11122640.0
1485993600,41.41,41.49,41.25,41.4,9450408.0
1486080000,41.58,41.79,41.455,41.54,11879390.0
1486339200,41.53,41.67,41.4,41.56,15742810.0
1486425600,41.7,41.98,41.67,41.9,13314670.0
1486512000,41.91,42.15,41.84,42.02,14206990.0
1486598400,41.52,41.68,40.72,41.25,27227420.0
1486684800,41.02,41.2,40.55,40.58,28841100.0
1486944000,40.77,40.83,40.5,40.62,23614180.0
1487030400,40.38,40.6,40.22,40.53,32176470.0
1487116800,40.42,40.63,40.395,40.44,26599580.0
1487203200,40.55,41.28,40.5,41.2,22214320.0
1487289600,41.13,41.36,41.05,41.23,15064820.0
1487635200,41.2,41.5,41.2,41.46,17072490.0
1487721600,41.51,41.68,41.4,41.6,11185550.0
1487808000,41.67,42.0,41.62,41.66,12856740.0
1487894400,41.7,41.91,41.6,41.78,13198740.0
1488153600,41.75,41.75,41.585,41.67,12170140.0
1488240000,41.68,42.07,41.64,41.96,15946360.0
1488326400,42.01,42.35,41.88,42.16,14661760.0
1488412800,42.08,42.56,42.07,42.47,15500610.0
1488499200,42.44,42.49,42.25,42.48,11742980.0
1488758400,42.34,42.43,42.12,42.18,16299460.0
1488844800,42.0,42.24,41.95,41.99,11271950.0
1488931200,42.0,42.025,41.74,41.99,14639750.0
1489017600,42.09,42.11,41.92,42.03,14495790.0
1489104000,42.23,42.4,42.15,42.29,16336230.0
1489363200,41.92,42.12,41.84,42.03,12546790.0
1489449600,41.98,42.1,41.83,41.97,9841360.0
1489536000,41.98,42.275,41.97,42.12,22756150.0
1489622400,42.03,42.39,41.9,42.25,16004180.0
1489708800,42.28,42.35,42.01,42.03,37497570.0
1489968000,42.1,42.34,42.0701,42.18,11484230.0
1490054400,42.31,42.63,42.21,42.5,17178350.0
1490140800,42.56,42.7,42.25,42.38,11595670.0
1490227200,42.21,42.39,42.06,42.17,11502350.0
1490313600,42.23,42.25,41.91,42.12,13804410.0
1490572800,42.11,42.34,42.05,42.32,12386370.0
1490659200,42.24,42.56,42.24,42.43,14123720.0
1490745600,42.51,42.525,42.29,42.42,9579224.0
1490832000,42.35,42.6155,42.26,42.6,11987810.0
1490918400,42.55,42.65,42.43,42.44,11543620.0
1491177600,42.58,42.625,42.27,42.41,11239960.0
1491264000,42.51,42.69,42.37,42.68,10945520.0
1491350400,42.65,42.855,42.53,42.57,10126890.0
1491436800,42.58,42.76,42.47,42.67,14583520.0
1491523200,42.64,42.74,42.51,42.61,11010420.0
1491782400,42.73,42.8,42.5566,42.69,9413282.0
1491868800,42.68,42.75,42.515,42.66,8909134.0
1491955200,42.54,42.99,42.51,42.94,13417090.0
1492041600,42.87,43.08,42.78,42.79,9891015.0
1492387200,42.79,43.07,42.78,43.07,11304720.0
1492473600,43.11,43.59,43.09,43.48,13164640.0
1492560000,43.74,43.79,43.19,43.23,13885910.0
1492646400,43.2,43.3,43.05,43.09,10836510.0
1492732800,42.98,43.1,42.89,43.07,13811170.0
1492992000,43.24,43.43,43.15,43.28,16603970.0
1493078400,42.85,43.43,42.82,43.11,18667650.0
1493164800,43.06,43.43,42.98,43.24,13625150.0
1493251200,43.17,43.28,42.92,43.01,10383720.0
1493337600,42.96,43.2,42.85,43.15,10337760.0
1493596800,43.15,43.5,43.1,43.22,13208090.0
1493683200,43.22,43.44,43.16,43.39,11341460.0
1493769600,43.33,43.485,43.15,43.32,10384950.0
1493856000,43.42,43.81,43.4,43.66,10193060.0
1493942400,43.79,43.84,43.56,43.69,8132539.0
1494201600,43.59,43.91,43.54,43.89,14282330.0
1494288000,43.89,43.89,43.38,43.51,8691955.0
1494374400,43.48,43.62,43.36,43.57,7597653.0
1494460800,43.49,43.68,43.43,43.67,6859814.0
1494547200,43.64,43.68,43.455,43.59,7275753.0
1494806400,43.46,43.76,43.46,43.73,7705928.0
1494892800,43.87,44.11,43.77,43.85,10453040.0
1494979200,43.81,44.165,43.71,43.93,14536580.0
1495065600,43.87,43.96,43.64,43.8,13823280.0
1495152000,43.85,44.0,43.76,43.9,11741290.0
1495411200,43.89,44.22,43.81,44.18,12849170.0
1495497600,44.25,44.6,44.21,44.39,11995860.0
1495584000,44.51,45.09,44.51,45.03,12854330.0
1495670400,45.0,45.48,44.97,45.41,16690640.0
1495756800,45.35,45.56,45.33,45.39,11341230.0
1496102400,45.16,45.46,45.11,45.43,13093260.0
1496188800,45.43,45.7,45.37,45.47,14187740.0
1496275200,45.45,45.79,45.2332,45.79,10978750.0
1496361600,45.83,45.89,45.605,45.89,9912847.0
1496620800,45.78,45.99,45.69,45.99,10014970.0
1496707200,45.9,46.06,45.78,45.98,9836716.0
1496793600,45.5,45.7,45.35,45.51,12766290.0
1496880000,45.39,45.51,45.03,45.13,12803850.0
1496966400,45.06,45.35,44.97,45.32,9358785.0
1497225600,45.35,45.48,45.15,45.33,11217810.0
1497312000,45.0,45.11,44.8,45.03,10023160.0
1497398400,45.18,45.47,45.16,45.3,11457070.0
1497484800,45.18,45.34,45.04,45.25,9908518.0
1497571200,45.31,45.35,45.01,45.31,27022700.0
1497830400,45.35,45.38,45.1,45.38,7531218.0
1497916800,45.35,45.865,45.32,45.61,14918860.0
1498003200,45.62,45.68,45.165,45.22,9515844.0
1498089600,45.17,45.28,45.03,45.07,7446299.0
1498176000,45.05,45.38,45.03,45.25,9528777.0
1498435200,45.32,45.51,45.3,45.43,7747057.0
1498521600,45.34,45.395,45.0,45.05,11419080.0
1498608000,45.25,45.5,45.23,45.32,9209241.0
1498694400,45.13,45.24,44.65,44.83,9280793.0
1498780800,44.89,45.12,44.85,44.85,9351684.0
1499040000,45.11,45.27,44.76,44.76,6434460.0
1499212800,44.79,44.99,44.73,44.82,6839183.0
1499299200,44.72,44.85,44.29,44.4,13105290.0
1499385600,44.47,44.52,44.24,44.39,9223957.0
1499644800,44.45,44.575,44.23,44.38,9533873.0
1499731200,44.32,44.48,44.15,44.33,10300690.0
1499817600,44.59,44.77,44.44,44.51,7737298.0
1499904000,44.49,44.525,44.37,44.43,6371854.0
1499990400,44.52,44.72,44.495,44.68,8481027.0
1500249600,44.66,44.785,44.61,44.73,7186727.0
1500336000,44.78,44.85,44.615,44.67,9035946.0
1500422400,44.67,44.84,44.545,44.83,6851751.0
1500508800,44.9,44.98,44.75,44.82,7397453.0
1500595200,44.78,45.07,44.67,45.03,8545560.0
1500854400,45.04,45.045,44.83,44.84,9101569.0
1500940800,45.02,45.29,44.935,45.24,14092450.0
1501027200,44.55,45.79,44.31,45.74,13606580.0
1501113600,45.8,46.425,45.7,46.12,15119740.0
1501200000,46.0,46.12,45.73,46.01,11945230.0
1501459200,46.0,46.0762,45.79,45.84,13621900.0
1501545600,45.97,46.06,45.645,45.7,10277880.0
1501632000,45.6,46.0,45.38,45.59,9899271.0
1501718400,45.65,45.95,45.63,45.67,14260000.0
1501804800,45.67,45.76,45.47,45.5,9523356.0
1502064000,45.52,45.76,45.5,45.64,6226293.0
1502150400,45.64,45.82,45.545,45.6,5685987.0
1502236800,45.56,45.6611,45.325,45.59,9635170.0
1502323200,45.56,45.84,45.46,45.74,8892137.0
1502409600,45.86,45.9,45.57,45.59,8357356.0
1502668800,45.67,45.94,45.62,45.8,8411812.0
1502755200,45.8,46.25,45.8,46.19,9624729.0
1502841600,46.15,46.34,46.12,46.2,8076003.0
1502928000,46.12,46.33,45.85,45.86,8185243.0
1503014400,45.8,45.9,45.63,45.67,10877090.0
1503273600,45.67,45.8,45.5601,45.68,9429536.0
1503360000,45.7,45.75,45.54,45.6,10523860.0
1503446400,45.63,45.66,45.44,45.54,6517657.0
1503532800,45.54,45.61,45.31,45.41,7534364.0
1503619200,45.6,45.76,45.56,45.57,8767112.0
1503878400,45.63,45.69,45.38,45.42,8009386.0
1503964800,45.4,45.57,45.25,45.45,7750959.0
1504051200,45.36,45.54,45.29,45.39,7134877.0
1504137600,45.4,45.65,45.34,45.55,14256010.0
1504224000,45.64,45.8,45.54,45.78,7391249.0
1504569600,45.75,45.93,45.65,45.92,10455170.0
1504656000,45.98,46.04,45.79,45.96,9238704.0
1504742400,46.01,46.32,45.96,46.28,9418120.0
1504828800,46.19,46.37,46.02,46.3,10522650.0
1505088000,46.35,46.59,46.22,46.52,10417180.0
1505174400,46.5,46.75,46.45,46.72,8572870.0
1505260800,46.68,46.98,46.65,46.87,10209150.0
1505347200,46.4,46.465,45.94,46.11,13723330.0
1505433600,46.3,46.36,46.0,46.18,16141410.0
1505692800,46.15,46.24,45.91,46.11,8532869.0
1505779200,46.14,46.19,45.89,45.98,7297932.0
1505865600,45.76,46.145,45.55,45.78,11026430.0
1505952000,45.71,45.79,45.36,45.4,7497911.0
1506038400,45.45,45.63,45.37,45.49,8023173.0
1506297600,45.5,45.76,45.35,45.69,9215026.0
1506384000,45.69,45.87,45.56,45.57,6480138.0
1506470400,45.47,45.5,44.38,44.64,14710570.0
1506556800,44.67,45.0,44.65,44.91,8789462.0
1506643200,44.86,45.11,44.79,45.01,10026020.0
1506902400,45.05,45.265,44.745,44.8,10705710.0
1506988800,44.86,45.26,44.76,45.19,12038100.0
1507075200,45.11,45.56,44.935,45.5,14059810.0
1507161600,45.51,45.745,45.5,45.52,10215320.0
1507248000,45.39,45.52,45.28,45.49,5294141.0
1507507200,45.55,45.65,45.34,45.41,5249376.0
1507593600,45.6,45.9,45.525,45.87,6302478.0
1507680000,45.88,46.2,45.87,46.1,6630144.0
1507766400,45.98,46.14,45.94,46.11,7909742.0
1507852800,46.25,46.38,46.15,46.18,7125633.0
1508112000,46.12,46.75,46.1003,46.62,12708560.0
1508198400,46.53,46.63,46.31,46.52,7697897.0
1508284800,46.41,46.535,46.24,46.4,6259318.0
1508371200,46.37,46.79,46.32,46.59,7515545.0
1508457600,46.58,46.59,46.28,46.38,9623470.0
1508716800,46.38,46.65,46.23,46.32,7139919.0
1508803200,46.26,46.29,45.95,46.18,9438660.0
1508889600,46.37,46.76,45.93,46.05,11993620.0
1508976000,46.32,46.75,46.22,46.23,10563520.0
1509062400,46.13,46.33,45.91,46.07,9987243.0
1509321600,46.0,46.07,45.82,45.86,7201864.0
1509408000,45.92,46.17,45.84,45.98,6560540.0
1509494400,45.75,46.09,45.63,45.8,7035880.0
1509580800,45.81,45.95,45.745,45.88,8317807.0
1509667200,45.97,46.155,45.9166,45.97,4730266.0
1509926400,45.91,45.92,45.42,45.47,7451290.0
1510012800,45.41,45.95,45.31,45.94,9866033.0
1510099200,45.98,46.19,45.87,46.18,7585864.0
1510185600,46.12,46.385,46.02,46.23,6524750.0
1510272000,46.2,46.64,46.135,46.54,8022883.0
1510531200,46.6,46.815,46.54,46.72,7640384.0
1510617600,46.71,47.48,46.62,47.43,17198680.0
1510704000,47.32,47.46,46.78,46.81,12409620.0
1510790400,46.95,46.98,46.51,46.55,12506160.0
1510876800,46.34,46.38,45.25,45.71,19715450.0
1511136000,45.65,45.88,45.42,45.46,19151830.0
1511222400,45.56,45.95,45.54,45.78,10205880.0
1511308800,45.89,45.93,45.54,45.84,8434404.0
1511481600,45.89,46.045,45.86,45.88,2996338.0
1511740800,45.88,45.99,45.81,45.9,5649096.0
1511827200,45.99,46.15,45.78,45.83,8432150.0
1511913600,45.77,45.82,45.21,45.5,16471060.0
1512000000,45.14,45.84,45.03,45.77,17147540.0
1512086400,45.8,46.02,45.21,45.97,12468780.0
1512345600,45.99,46.378,45.77,46.23,17523480.0
1512432000,46.25,46.44,46.06,46.26,13664120.0
1512518400,46.33,46.48,46.2612,46.45,8137857.0
1512604800,46.29,46.32,45.72,45.78,9075654.0
1512691200,45.7,45.73,45.05,45.31,13238080.0
1512950400,45.18,45.41,44.92,45.33,9680377.0
1513036800,45.25,45.52,45.06,45.29,13986050.0
1513123200,45.45,46.05,45.4,45.9,12395070.0
1513209600,45.81,46.17,45.8,46.03,9013212.0
1513296000,46.29,46.42,46.04,46.19,21172990.0
1513555200,46.2,46.38,45.91,45.93,10156760.0
1513641600,46.04,46.38,45.91,46.13,8242609.0
1513728000,46.21,46.3,45.955,46.08,7302907.0
1513814400,46.14,46.22,45.56,45.6,9647069.0
1513900800,45.69,45.73,45.55,45.59,5406200.0
1514246400,45.7,45.855,45.61,45.81,6045659.0
1514332800,45.9,45.94,45.715,45.93,5657412.0
1514419200,45.91,45.99,45.64,45.72,6538769.0
1514505600,45.7,46.18,45.6925,45.88,8371436.0
1514851200,45.91,45.94,45.505,45.54,10863040.0
1514937600,45.49,45.69,45.34,45.44,12338120.0
1515024000,45.56,46.215,45.45,46.08,12701440.0
1515110400,46.02,46.2,45.79,46.07,13113150.0
1515369600,45.95,46.1,45.88,46.0,7035245.0
1515456000,46.0,46.36,45.935,46.23,9962424.0
1515542400,46.23,46.26,45.93,46.07,10700170.0
1515628800,46.23,46.23,45.86,46.04,7583025.0
1515715200,46.28,46.39,46.03,46.15,14562200.0
1516060800,46.15,46.62,46.14,46.53,15589070.0
1516147200,46.58,47.0,46.55,46.82,12118960.0
1516233600,46.75,47.07,46.61,46.88,11416620.0
1516320000,46.99,47.25,46.87,47.16,15977150.0
1516579200,47.14,47.5,47.09,47.38,9548182.0
1516665600,47.21,47.7,47.13,47.45,10591090.0
1516752000,47.53,47.95,47.48,47.83,15949240.0
1516838400,47.7,48.0,47.7,47.84,11743890.0
1516924800,47.78,48.615,47.74,48.53,15948980.0
1517184000,48.21,48.46,47.575,47.7,11653710.0
1517270400,47.73,48.16,47.4,47.41,12013390.0
1517356800,47.45,47.9,47.37,47.59,10960080.0
1517443200,47.41,47.73,47.11,47.45,10274290.0
1517529600,47.35,47.41,46.63,46.73,12877750.0
1517788800,46.65,46.92,44.411,44.89,23187770.0
1517875200,43.87,44.74,43.44,44.67,25157930.0
1517961600,44.58,45.495,44.28,44.56,18019200.0
1518048000,44.62,44.62,43.07,43.1,22872830.0
1518134400,43.36,43.46,42.19,43.13,22852120.0
1518393600,43.56,44.23,43.3721,43.97,14688380.0
1518480000,43.92,44.41,43.69,44.19,13157260.0
1518566400,44.02,44.19,43.63,44.1,13455040.0
1518652800,44.25,44.83,44.12,44.78,13438690.0
1518739200,45.57,45.6401,44.72,44.98,17200790.0
1519084800,44.75,44.83,43.94,43.99,14134740.0
1519171200,44.11,44.26,43.33,43.34,12771240.0
1519257600,43.43,43.82,43.22,43.52,12359750.0
1519344000,43.58,44.06,43.42,44.04,8276106.0
1519603200,44.23,44.39,43.81,44.03,12677030.0
1519689600,44.15,44.311,43.62,43.62,12727800.0
1519776000,43.83,43.91,43.22,43.22,11903520.0
1519862400,43.1,43.64,42.82,43.43,17744820.0
1519948800,43.25,43.8,43.24,43.72,14032580.0
1520208000,43.57,43.935,43.5,43.89,11992250.0
1520294400,43.95,44.05,43.59,43.93,9998249.0
1520380800,43.59,43.92,43.47,43.82,9470169.0
1520467200,43.9,44.46,43.8,44.45,12125860.0
1520553600,44.57,44.82,44.39,44.82,9768476.0
1520812800,44.95,45.09,44.33,44.53,11839300.0
1520899200,44.67,44.825,44.4,44.57,11122330.0
1520985600,44.38,44.43,43.725,43.78,15308600.0
1521072000,43.88,44.0,43.55,43.67,12416530.0
1521158400,43.7,44.02,43.45,43.46,26588700.0
1521417600,43.46,43.71,43.175,43.26,12335250.0
1521504000,43.32,43.48,43.01,43.16,13537000.0
1521590400,43.13,43.45,42.79,43.0,13041720.0
1521676800,42.88,43.365,42.7,42.76,12167490.0
1521763200,42.82,43.1556,42.29,42.33,13459370.0
1522022400,42.61,42.8099,42.25,42.69,11091800.0
1522108800,42.7,43.31,42.525,42.89,11626410.0
1522195200,43.0,43.7,43.0,43.32,16258150.0
1522281600,43.54,43.92,43.29,43.43,10429560.0
1522627200,43.44,43.5,42.473,42.67,14065250.0
1522713600,42.98,43.535,42.84,43.38,15477350.0
1522800000,43.14,44.4,43.11,44.24,13551700.0
1522886400,44.28,44.61,43.94,44.4,11538470.0
1522972800,44.28,44.52,43.71,43.92,11326830.0
1523232000,44.03,44.31,43.78,43.83,11905180.0
1523318400,44.07,44.18,43.715,43.99,10399900.0
1523404800,43.81,44.14,43.76,43.99,8406289.0
1523491200,44.08,44.405,43.95,44.03,8475352.0
1523577600,44.19,44.69,44.14,44.51,10761820.0
1523836800,44.65,44.89,44.4,44.68,8961705.0
1523923200,44.95,45.03,44.65,44.88,8406004.0
1524009600,44.9,44.97,44.325,44.51,7315284.0
1524096000,44.34,44.47,44.015,44.31,10346370.0
1524182400,44.31,44.41,43.58,43.74,14663560.0
1524441600,43.74,43.99,43.56,43.98,11857010.0
1524528000,43.98,44.1,42.73,43.07,18485040.0
1524614400,42.74,42.89,41.905,42.43,19556400.0
1524700800,42.4,43.1,42.26,42.75,13510690.0
1524787200,42.73,43.34,42.71,43.31,9777662.0
1525046400,43.5,43.69,42.97,43.21,16035950.0
1525132800,42.96,42.99,42.18,42.59,11510850.0
1525219200,42.4,42.585,41.94,42.06,13735980.0
1525305600,42.22,42.4,41.52,41.89,18351950.0
1525392000,41.79,42.5,41.77,42.36,10945690.0
1525651200,42.34,42.49,41.9642,42.14,9334870.0
1525737600,41.97,42.09,41.69,41.81,14804870.0
1525824000,41.97,42.23,41.67,41.78,9294084.0
1525910400,41.99,42.36,41.94,42.18,7923039.0
1525996800,42.24,42.47,42.04,42.14,6331802.0
1526256000,42.25,42.315,41.9,42.04,10585080.0
1526342400,41.78,41.92,41.45,41.72,16446840.0
1526428800,41.74,41.94,41.54,41.55,11116460.0
1526515200,42.01,42.35,41.87,42.3,14757350.0
1526601600,42.3,42.38,42.08,42.18,11950070.0
1526860800,42.31,42.52,42.27,42.41,9098893.0
1526947200,42.5,42.6,42.205,42.25,8222694.0
1527033600,42.25,42.45,41.93,42.4,8945441.0
1527120000,42.4,42.47,42.185,42.32,9268373.0
1527206400,42.34,42.58,42.2,42.4,8785376.0
1527552000,42.12,42.85,42.1,42.68,14818010.0
1527638400,42.77,43.28,42.7,43.13,10114170.0
1527724800,43.2,43.21,42.68,43.0,15557850.0
1527811200,43.1,43.32,43.04,43.12,10662070.0
1528070400,43.36,43.59,43.29,43.49,11727410.0
1528156800,43.5,43.54,43.1,43.11,9966098.0
1528243200,43.06,43.46,43.04,43.46,9202814.0
1528329600,43.33,43.73,43.33,43.44,11945740.0
1528416000,43.57,44.0,43.56,43.95,12078230.0
1528675200,43.95,44.245,43.89,44.13,7432807.0
1528761600,44.13,44.42,44.075,44.41,8174183.0
1528848000,44.35,44.52,44.1515,44.18,16413260.0
1528934400,43.75,43.85,43.52,43.58,12694740.0
1529020800,43.56,44.15,43.45,44.12,21544620.0
1529280000,43.88,43.955,43.4,43.55,12156740.0
1529366400,43.3,43.75,43.2,43.6,12929970.0
1529452800,43.62,43.775,43.23,43.26,10893670.0
1529539200,43.27,43.3,42.96,43.09,10390910.0
1529625600,43.15,43.41,43.075,43.25,16018970.0
1529884800,43.16,43.75,43.16,43.58,12091970.0
1529971200,43.56,43.84,43.28,43.33,13957560.0
1530057600,43.33,43.61,42.99,43.07,15330050.0
1530144000,43.24,43.675,43.17,43.47,12666510.0
1530230400,43.57,44.1,43.31,43.86,11484510.0
1530489600,43.78,44.16,43.58,43.75,9232430.0
1530576000,44.06,44.33,43.99,43.99,8214329.0
1530748800,44.16,44.67,44.13,44.66,11617140.0
1530835200,44.67,44.94,44.575,44.64,8733676.0
1531094400,44.54,44.73,44.34,44.4,7360841.0
1531180800,44.51,45.0,44.5,44.97,10593480.0
1531267200,44.99,45.0,44.64,44.79,7706984.0
1531353600,44.83,44.96,44.49,44.67,6329358.0
1531440000,44.7,44.78,44.465,44.74,5585830.0
1531699200,44.73,44.8,44.53,44.73,5831292.0
1531785600,44.75,45.39,44.68,45.25,11586310.0
1531872000,45.19,45.285,44.84,45.12,7351313.0
1531958400,44.99,45.43,44.92,45.11,10097350.0
1532044800,45.02,45.28,44.9,45.28,8588268.0
1532304000,45.28,45.36,44.7742,44.95,8925927.0
1532390400,44.78,45.27,44.61,45.26,13784430.0
1532476800,46.0,46.58,45.75,46.09,21326780.0
1532563200,46.36,46.59,46.2,46.24,12673080.0
1532649600,46.32,46.495,46.06,46.21,10516940.0
1532908800,46.1,46.44,46.05,46.23,8967861.0
1532995200,46.4,46.67,46.31,46.63,12423880.0
1533081600,46.45,46.49,46.17,46.39,9902539.0
1533168000,46.48,46.63,46.18,46.18,12007220.0
1533254400,46.23,46.76,46.14,46.62,11462750.0
1533513600,46.6,46.87,46.55,46.65,10055550.0
1533600000,46.52,46.61,46.13,46.5,8613078.0
1533686400,46.49,46.56,46.1226,46.15,6810027.0
1533772800,46.25,46.42,46.075,46.35,8924053.0
1533859200,46.21,46.42,45.965,46.08,7435576.0
1534118400,46.05,46.13,45.7,45.83,7914108.0
1534204800,45.91,46.1,45.8732,45.89,6831115.0
1534291200,45.77,46.145,45.65,46.08,9669725.0
1534377600,46.11,46.38,45.97,46.22,10600700.0
1534464000,46.29,46.73,46.24,46.6,8465489.0
1534723200,46.68,46.865,46.59,46.73,6257021.0
1534809600,46.73,46.75,46.21,46.22,13618790.0
1534896000,46.34,46.38,45.92,45.93,7147045.0
1534982400,45.89,46.08,45.69,45.7,13013990.0
1535068800,45.65,45.8,45.58,45.63,10719550.0
1535328000,46.05,46.05,45.564,45.69,9581236.0
1535414400,45.65,45.73,45.28,45.37,8476182.0
1535500800,45.25,45.415,45.22,45.33,12410410.0
1535587200,45.28,45.32,44.885,44.95,9705580.0
1535673600,45.0,45.07,44.39,44.57,19834010.0
1536019200,44.6,44.9,44.51,44.76,11138530.0
1536105600,44.66,45.42,44.66,45.38,10554840.0
1536192000,45.4,46.0,45.3,45.77,11395300.0
1536278400,45.6,45.82,45.28,45.72,10172300.0
1536537600,45.91,46.31,45.795,46.06,8558534.0
1536624000,46.1,46.15,45.88,46.02,9278264.0
1536710400,46.16,46.3,46.02,46.24,13199850.0
1536796800,46.01,46.12,45.71,45.83,8228718.0
1536883200,45.92,46.0264,45.61,45.99,7547411.0
1537142400,46.0,46.33,45.91,46.32,8524864.0
1537228800,46.39,46.53,45.93,45.93,9846714.0
1537315200,46.0,46.105,45.865,45.96,7118911.0
1537401600,46.22,46.68,46.15,46.64,9475199.0
1537488000,46.64,46.69,46.375,46.58,19202270.0
1537747200,46.49,46.53,45.84,46.07,10590840.0
1537833600,46.06,46.1754,45.61,45.68,7750868.0
1537920000,45.77,46.07,45.565,45.85,10109490.0
1538006400,45.73,46.18,45.68,46.01,10826780.0
1538092800,46.0,46.19,45.97,46.19,8745871.0
1538352000,46.17,46.35,46.05,46.23,9338966.0
1538438400,46.28,46.555,46.06,46.51,7353675.0
1538524800,46.46,46.55,45.8,45.87,10532770.0
1538611200,45.66,45.895,45.425,45.85,9582257.0
1538697600,45.94,46.16,45.69,45.88,8696592.0
1538956800,45.99,46.58,45.97,46.48,8706227.0
1539043200,46.38,46.55,46.22,46.39,10824150.0
1539129600,46.3,46.7,45.67,45.68,13182670.0
1539216000,45.8,45.97,44.5,44.64,17467290.0
1539302400,44.48,44.8799,44.25,44.68,11158610.0
1539561600,44.64,45.265,44.59,44.91,11052170.0
1539648000,45.02,45.595,44.8626,45.49,10164310.0
1539734400,45.41,45.99,45.36,45.86,10542520.0
1539820800,45.9,46.08,45.455,45.61,11154140.0
1539907200,45.83,46.49,45.83,46.33,13797660.0
1540166400,46.37,46.455,45.81,45.97,14107470.0
1540252800,45.62,46.455,45.45,46.36,17458680.0
1540339200,46.33,47.39,46.24,46.73,21182860.0
1540425600,46.65,46.74,46.12,46.51,14099370.0
1540512000,46.37,46.48,45.43,45.92,21452670.0
1540771200,46.15,46.555,46.05,46.46,20672910.0
1540857600,46.62,47.74,46.0384,47.63,20806340.0
1540944000,47.5,48.08,47.22,47.88,25293280.0
1541030400,47.81,48.15,47.295,47.74,16481110.0
1541116800,47.82,48.0,47.435,48.0,16993150.0
1541376000,48.0,48.775,47.92,48.69,16384380.0
1541462400,48.65,49.13,48.6,49.11,14112070.0
1541548800,49.39,49.55,49.0301,49.37,12224380.0
1541635200,49.12,49.37,49.1,49.33,9601656.0
1541721600,49.39,49.89,49.36,49.68,12397920.0
1541980800,49.61,50.24,49.54,49.87,13872810.0
1542067200,49.81,50.0,49.58,49.86,13778220.0
1542153600,49.85,49.94,49.59,49.76,12100150.0
1542240000,49.66,49.75,49.27,49.74,11999210.0
1542326400,49.66,50.25,49.63,50.17,13388400.0
1542585600,50.31,50.76,50.25,50.51,13043420.0
1542672000,50.82,50.84,49.21,49.38,16255290.0
1542758400,49.23,49.44,48.59,48.73,13559210.0
1542931200,48.75,49.23,48.55,49.02,4792475.0
1543190400,49.01,49.23,48.67,48.87,9120680.0
1543276800,48.88,49.405,48.73,49.37,9177232.0
1543363200,49.21,49.72,49.21,49.71,11367500.0
1543449600,49.28,49.43,48.97,48.98,11494370.0
1543536000,49.0,50.485,48.99,50.4,25515120.0
1543795200,49.87,49.96,48.89,49.69,14867020.0
1543881600,49.97,50.51,49.5,49.58,18907820.0
1544054400,49.51,49.63,48.66,49.38,17071210.0
1544140800,49.57,49.68,48.88,49.09,14929890.0
1544400000,49.45,49.45,48.465,49.24,11585850.0
1544486400,49.59,50.01,49.18,49.54,16543320.0
1544572800,49.95,50.02,49.19,49.22,12247820.0
1544659200,48.72,49.6099,48.57,49.47,12703110.0
1544745600,49.23,49.52,49.02,49.34,13835920.0
1545004800,49.34,49.53,48.02,48.33,18447710.0
1545091200,48.61,48.83,47.85,48.32,14403880.0
1545177600,48.24,48.76,47.62,47.9,17902660.0
1545264000,47.81,48.1331,47.1,47.54,20560100.0
1545350400,47.26,48.75,47.23,47.57,32469090.0
1545609600,47.62,47.87,45.83,45.96,10733720.0
1545782400,45.88,46.96,45.66,46.94,14206790.0
1545868800,46.74,47.55,46.03,47.53,16747670.0
1545955200,47.89,48.01,47.025,47.2,13197690.0
1546214400,47.49,47.54,46.96,47.35,10575210.0
1546387200,46.94,47.215,46.555,46.93,11472440.0
1546473600,46.82,47.37,46.53,46.64,14725710.0
1546560000,46.75,47.57,46.64,47.57,12871860.0
1546819200,47.57,47.75,46.895,46.95,13039170.0
1546905600,47.25,47.57,47.035,47.48,15252630.0
1546992000,47.08,47.28,46.43,46.57,17995500.0
1547078400,46.66,47.09,46.34,47.07,15738180.0
1547164800,47.29,47.355,46.97,47.34,10935960.0
1547424000,47.25,47.3966,46.99,47.15,11389830.0
1547510400,46.89,47.6,46.81,47.57,11319850.0
1547596800,47.4,47.47,46.86,46.92,16797030.0
1547683200,46.92,47.1385,46.88,47.06,11832680.0
1547769600,47.25,47.69,47.12,47.61,12760450.0
1548115200,47.7,47.79,47.205,47.72,11314410.0
1548201600,47.82,48.29,47.65,48.27,11459970.0
1548288000,48.11,48.11,47.375,47.69,10168950.0
1548374400,47.88,48.025,47.24,47.37,12054880.0
1548633600,47.22,47.3,46.94,47.17,9759362.0
1548720000,47.2,47.63,47.13,47.4,11979820.0
1548806400,47.25,47.89,47.19,47.86,12557520.0
1548892800,47.85,48.78,47.47,48.13,32010790.0
1548979200,48.48,48.78,48.4,48.7,18985990.0
1549238400,48.7,49.45,48.54,49.25,15061230.0
1549324800,49.33,49.465,49.1,49.26,12358430.0
1549411200,49.21,49.36,49.02,49.26,8689037.0
1549497600,49.17,49.46,49.0025,49.42,10009370.0
1549584000,49.37,49.5,49.11,49.5,9095377.0
1549843200,49.57,49.88,49.475,49.61,9193115.0
1549929600,49.69,49.8,49.46,49.66,10983210.0
1550016000,49.61,49.94,49.56,49.79,12477120.0
1550102400,46.7,46.96,45.5,45.59,58833910.0
1550188800,45.9,46.255,45.2,45.24,35684790.0
1550534400,45.32,45.59,44.77,44.83,25493830.0
1550620800,44.91,45.2354,44.8,45.1,26902180.0
1550707200,45.0,45.91,44.96,45.86,22898390.0
1550793600,45.76,45.95,45.2,45.28,24725730.0
1551052800,45.44,45.57,44.84,44.94,23764130.0
1551139200,45.1,45.14,44.66,44.69,20460240.0
1551225600,44.6,45.02,44.42,44.94,17827000.0
1551312000,45.12,45.6084,45.11,45.34,22434730.0
1551398400,45.47,45.64,45.2,45.38,16074130.0
1551657600,45.53,45.67,45.3,45.65,13334350.0
1551744000,45.65,45.7,45.4,45.6,12455360.0
1551830400,45.67,45.785,45.44,45.45,14231970.0
1551916800,45.49,45.53,45.125,45.28,11980750.0
1552003200,45.15,45.25,44.61,44.84,15578470.0
1552262400,45.14,46.235,45.1,46.18,22123360.0
1552348800,45.95,46.25,45.9,46.05,19344910.0
1552435200,46.13,46.34,45.91,46.22,16210900.0
1552521600,45.84,46.11,45.63,45.7,18504010.0
1552608000,45.72,45.895,45.14,45.3,47249810.0
1552867200,45.43,45.68,45.36,45.41,20800780.0
1552953600,45.55,45.69,45.34,45.56,14633410.0
1553040000,45.4,45.895,45.18,45.53,13373590.0
1553126400,45.53,45.76,45.44,45.51,20040850.0
1553212800,45.46,46.105,45.46,45.93,18946690.0
1553472000,45.86,46.2,45.79,46.03,11666880.0
1553558400,46.17,46.79,46.17,46.64,11433490.0
1553644800,46.65,46.905,46.33,46.61,11461690.0
1553731200,46.68,46.92,46.48,46.58,9987956.0
1553817600,46.67,46.905,46.4801,46.86,16041810.0
1554076800,46.99,47.165,46.59,46.72,11047950.0
1554163200,46.75,46.93,46.57,46.57,8471553.0
1554249600,46.42,46.59,46.035,46.18,12853550.0
1554336000,46.34,46.54,46.11,46.48,7813951.0
1554422400,46.49,46.58,46.2,46.47,7677534.0
1554681600,46.54,46.57,46.265,46.55,9421189.0
1554768000,46.45,46.72,46.27,46.67,8640877.0
1554854400,46.84,47.0,46.56,46.64,7787526.0
1554940800,46.72,46.75,46.54,46.71,7352279.0
1555027200,46.67,46.9299,46.57,46.74,10688590.0
1555286400,46.88,47.04,46.7,47.0,10261160.0
1555372800,47.05,47.1,46.7,46.95,10804550.0
1555459200,47.2,47.545,47.15,47.28,11849150.0
1555545600,47.33,47.58,47.27,47.48,12166130.0
1555891200,47.4,47.61,47.015,47.4,8952810.0
1555977600,48.09,48.72,47.55,48.21,25327670.0
1556064000,48.03,48.225,47.915,47.98,15053370.0
1556150400,47.74,47.89,47.47,47.84,11444180.0
1556236800,47.99,48.45,47.98,48.26,10153410.0
1556496000,48.17,48.45,48.11,48.42,9730817.0
1556582400,48.53,49.18,48.39,49.06,17912710.0
1556668800,48.95,49.075,48.55,48.59,10551590.0
1556755200,48.53,48.7657,48.27,48.39,8724932.0
1556841600,48.6,48.96,48.52,48.72,7076949.0
1557100800,48.33,48.61,48.26,48.47,8658209.0
1557187200,48.23,48.29,47.77,48.0,12487480.0
1557273600,48.05,48.23,47.82,47.85,9281542.0
1557360000,47.8,47.98,47.07,47.4,11450530.0
1557446400,47.41,48.295,47.4,48.19,9653803.0
1557705600,47.91,48.13,47.73,48.05,11911500.0
1557792000,48.53,49.32,48.35,48.69,16844200.0
1557878400,48.67,49.38,48.6,49.18,11422540.0
1557964800,49.27,49.66,49.21,49.58,17771460.0
1558051200,49.27,49.55,49.174,49.2,11257020.0
1558310400,49.04,49.14,48.76,48.85,13850530.0
1558396800,49.0,49.03,48.445,48.6,10587370.0
1558483200,48.78,49.71,48.72,49.65,16050700.0
1558569600,49.5,49.9,49.4601,49.85,12199510.0
1558656000,49.82,49.89,49.53,49.61,6887900.0
1559001600,49.6,49.67,49.03,49.1,18614230.0
1559088000,48.74,49.03,48.41,48.61,12534850.0
1559174400,48.72,49.31,48.67,49.25,9087412.0
1559260800,49.0,49.31,48.78,49.13,11368640.0
1559520000,49.16,49.98,49.02,49.98,14167450.0
1559606400,50.0,50.28,49.615,50.0,12010730.0
1559692800,50.01,51.14,49.685,50.78,15837550.0
1559779200,50.91,51.54,50.59,51.4,15190440.0
1559865600,51.47,52.185,51.45,51.49,15293560.0
1560124800,51.54,51.54,51.09,51.38,9737469.0
1560211200,51.45,51.59,51.18,51.33,9915822.0
1560297600,51.5,52.135,51.47,51.64,11088120.0
1560384000,51.46,51.7,50.775,51.13,10353650.0
1560470400,51.05,51.53,51.05,51.31,8694261.0
1560729600,51.25,51.48,50.61,50.87,12322610.0
1560816000,51.25,51.3,50.53,50.64,9221096.0
1560902400,50.54,51.24,50.47,51.12,9414126.0
1560988800,51.5,51.785,51.35,51.66,10656580.0
1561075200,51.53,51.89,51.41,51.55,21264420.0
1561334400,51.74,52.2,51.7,51.92,10780170.0
1561420800,52.0,52.1,51.64,51.76,11519910.0
1561507200,51.52,51.64,51.085,51.12,12405070.0
1561593600,51.29,51.4,50.965,51.08,12374920.0
1561680000,51.27,51.4,50.52,50.92,16339870.0
1561939200,51.07,51.63,50.78,51.6,14983240.0
1562025600,51.78,52.05,51.55,51.98,8570397.0
1562112000,52.0,52.329,52.0,52.1,7253702.0
1562284800,51.89,52.12,51.48,52.11,8916270.0
1562544000,52.2,52.33,51.89,52.0,9495084.0
1562630400,51.72,51.97,51.43,51.59,10584930.0
1562716800,51.8,51.97,51.655,51.82,7620933.0
1562803200,51.99,52.06,51.66,52.04,10376530.0
1562889600,52.25,52.29,51.91,52.12,7347728.0
1563148800,52.28,52.29,51.865,52.13,5876139.0
1563235200,51.96,52.47,51.81,52.14,7132540.0
1563321600,52.22,52.26,52.01,52.18,8264361.0
1563408000,52.04,52.1651,51.67,52.03,11912290.0
1563494400,52.14,52.15,51.37,51.39,10355790.0
1563753600,51.52,51.52,51.13,51.22,12095780.0
1563840000,53.25,54.635,52.76,54.33,33417950.0
1563926400,54.12,54.82,53.62,53.78,15633380.0
1564012800,53.63,53.8,52.715,53.07,19134960.0
1564099200,53.34,54.31,53.19,54.17,11452090.0
1564358400,54.17,54.295,53.9001,53.99,12283930.0
1564444800,53.96,54.3,53.565,53.72,8127139.0
1564531200,53.51,53.51,52.04,52.63,16865530.0
1564617600,52.78,53.2,52.01,52.03,19527450.0
1564704000,51.91,52.73,51.91,52.33,13102310.0
1564963200,52.39,52.66,51.4,51.65,19986480.0
1565049600,51.87,52.759,51.61,52.27,19903080.0
1565136000,52.27,53.39,51.77,53.18,17937040.0
1565222400,53.21,53.7835,52.85,53.69,10799080.0
1565308800,53.79,53.9,53.08,53.42,9260870.0
1565568000,53.28,53.435,52.99,53.2,6588611.0
1565654400,52.9,53.61,52.87,53.5,8657591.0
1565740800,53.34,53.965,52.97,52.99,17088930.0
1565827200,53.43,54.0,53.23,53.87,12393220.0
1565913600,53.98,54.49,53.95,54.41,14288690.0
1566172800,54.44,54.78,54.31,54.69,10936540.0
1566259200,54.62,54.68,53.84,53.88,8176977.0
1566345600,54.25,54.41,53.85,54.1,10886650.0
1566432000,54.12,54.64,54.1,54.49,7467949.0
1566518400,54.42,54.71,53.39,53.74,14160660.0
1566777600,54.0,54.54,53.73,54.54,9227331.0
1566864000,54.7,54.945,54.41,54.72,13538720.0
1566950400,54.66,55.15,54.421,55.11,10052410.0
1567036800,55.26,55.34,54.6,55.05,9262980.0
1567123200,55.16,55.22,54.81,55.04,8746708.0
1567468800,54.98,55.33,54.87,55.3,12991500.0
1567555200,55.35,55.92,55.3,55.77,10733810.0
1567641600,55.75,55.77,55.03,55.12,13677160.0
1567728000,55.44,55.44,54.76,55.23,9093514.0
1567987200,55.03,55.08,54.36,54.52,10814950.0
1568073600,54.23,54.44,53.85,54.4,12038560.0
1568160000,54.29,54.8,53.9696,54.77,9740376.0
1568246400,55.1,55.31,54.98,55.11,12357890.0
1568332800,54.48,54.79,54.07,54.26,11486110.0
1568592000,54.1,54.34,53.63,53.96,11172000.0
1568678400,54.1,54.697,53.96,54.24,11402940.0
1568764800,54.2,54.285,53.82,54.23,9786556.0
1568851200,54.23,54.595,54.13,54.52,8088639.0
1568937600,54.69,54.69,53.9,53.91,19349480.0
1569196800,53.91,54.36,53.88,54.14,6837554.0
1569283200,54.25,54.61,54.04,54.3,10336540.0
1569369600,54.44,54.48,54.0,54.17,10289530.0
1569456000,54.47,54.575,54.13,54.39,11252680.0
1569542400,54.56,54.635,54.0,54.31,7941142.0
1569801600,54.15,54.68,54.15,54.44,9822826.0
1569888000,54.53,54.78,54.01,54.65,14650920.0
1569974400,54.21,54.435,52.9,53.08,15384000.0
1570060800,53.5,53.9773,52.8236,53.84,14206690.0
1570147200,54.0,54.54,53.89,54.54,9926618.0
1570406400,54.33,54.36,53.77,53.87,6105344.0
1570492800,53.88,54.07,53.45,53.58,13558240.0
1570579200,54.06,54.065,53.535,53.83,7168098.0
1570665600,53.55,53.88,53.36,53.66,9054321.0
1570752000,53.65,53.7,53.195,53.3,9433728.0
1571011200,53.49,53.68,53.22,53.3,7363270.0
1571097600,53.43,53.68,53.27,53.51,9575426.0
1571184000,53.46,53.57,53.1341,53.49,10675920.0
1571270400,53.69,54.12,53.58,53.79,13336940.0
1571356800,55.0,55.39,54.45,54.78,18122510.0
1571616000,54.45,54.56,53.68,54.23,12879180.0
1571702400,54.23,54.42,53.74,53.85,9618980.0
1571788800,54.06,54.66,54.01,54.64,8648741.0
1571875200,54.57,54.817,54.485,54.61,11069470.0
1571961600,54.55,54.56,53.67,53.75,9782440.0
1572220800,53.74,53.95,53.37,53.57,8866055.0
1572307200,53.39,53.66,53.26,53.41,7999726.0
1572393600,53.52,54.05,53.16,53.94,8620879.0
1572480000,53.96,54.47,53.85,54.43,13981960.0
1572566400,54.63,54.74,53.85,53.9,9889529.0
1572825600,53.96,54.0,52.97,53.14,17515050.0
1572912000,52.89,52.89,52.12,52.42,19283970.0
1572998400,52.53,52.8,52.41,52.8,13288900.0
1573084800,52.88,53.0,51.96,52.29,11725820.0
1573171200,52.46,52.6,52.09,52.21,7141931.0
1573430400,52.33,52.37,51.775,51.84,8198919.0
1573516800,51.91,51.91,51.5831,51.71,12656900.0
1573603200,52.18,52.45,51.9612,52.41,12538460.0
1573689600,52.53,52.67,52.35,52.63,8660825.0
1573776000,52.64,52.68,52.375,52.67,8982554.0
1574035200,52.68,53.44,52.67,53.03,13783410.0
1574121600,53.15,53.31,52.87,53.08,12679740.0
1574208000,53.1,53.4,53.01,53.22,11970310.0
1574294400,53.11,53.34,52.775,52.96,7856139.0
1574380800,52.96,53.1878,52.75,53.03,9113348.0
1574640000,53.28,53.39,52.77,53.22,10965780.0
1574726400,53.31,53.94,53.22,53.9,13240290.0
1574812800,53.93,54.1,53.6,53.95,9596440.0
1574985600,53.7,53.725,53.22,53.4,7222347.0
1575244800,53.32,53.75,52.85,53.75,13182510.0
1575331200,53.71,53.84,53.4,53.8,15847770.0
1575417600,53.8,54.31,53.72,54.29,13624910.0
1575504000,54.21,54.29,53.83,54.19,14069780.0
1575590400,54.31,54.5,54.17,54.42,7843836.0
1575849600,54.3,54.51,54.02,54.07,13925130.0
1575936000,54.04,54.07,53.73,53.77,8994061.0
1576022400,53.94,54.15,53.66,53.95,8879196.0
1576108800,54.01,54.45,53.94,54.14,11233470.0
1576195200,53.94,54.55,53.84,54.42,13072400.0
1576454400,54.69,54.83,54.37,54.42,9538429.0
1576540800,54.4,54.58,54.29,54.42,9230076.0
1576627200,54.53,54.75,53.885,53.91,15132350.0
1576713600,54.04,54.34,53.92,54.32,15150940.0
1576800000,54.94,55.2,54.47,54.97,23833290.0
1577059200,55.0,55.24,54.84,54.91,9300763.0
1577145600,54.8,55.0,54.64,54.71,3359259.0
1577318400,54.92,55.02,54.79,55.02,6228683.0
1577404800,55.01,55.445,55.0,55.35,6895612.0
1577664000,55.18,55.385,55.06,55.27,6432611.0
1577750400,55.2,55.38,54.98,55.35,7982821.0
1577923200,55.32,55.43,54.76,54.99,11099120.0
1578009600,54.32,54.99,54.09,54.69,11354500.0
1578268800,54.65,54.905,54.52,54.67,14698440.0
1578355200,54.45,54.6,54.15,54.25,10230670.0
1578441600,54.27,54.64,54.15,54.35,10676710.0
1578528000,55.0,55.395,54.839,55.34,15410150.0
1578614400,55.48,55.93,55.45,55.53,13041110.0
1578873600,55.53,56.23,55.42,56.13,14303170.0
1578960000,56.24,56.292,55.83,56.0,16347160.0
1579046400,56.0,56.98,56.0,56.7,17735380.0
1579132800,56.85,56.95,56.605,56.82,10234420.0
1579219200,56.87,57.15,56.8,56.94,14264300.0
1579564800,56.85,57.245,56.5745,57.17,11968920.0
1579651200,57.25,57.64,57.1799,57.61,12869730.0
1579737600,57.38,57.845,57.24,57.83,12858950.0
1579824000,57.85,57.87,57.46,57.68,8594325.0
1580083200,57.21,57.85,57.13,57.48,14359940.0
1580169600,57.45,57.75,56.97,57.01,15240430.0
1580256000,57.0,57.2571,56.66,57.01,13173960.0
1580342400,57.93,58.98,57.76,58.86,20225580.0
1580428800,58.97,59.075,58.145,58.4,17685230.0
1580688000,58.75,58.97,58.52,58.58,12336760.0
1580774400,58.75,59.45,58.62,58.84,15417920.0
1580860800,58.9,59.08,58.535,58.85,11414910.0
1580947200,58.98,59.34,58.84,58.99,9347024.0
1581033600,58.88,59.315,58.85,59.19,8757800.0
1581292800,59.32,59.84,59.285,59.75,7984915.0
1581379200,59.72,59.8,59.32,59.59,7431244.0
1581465600,59.48,59.765,59.315,59.41,9179101.0
1581552000,59.38,59.84,59.21,59.61,8173191.0
1581638400,59.63,60.07,59.62,59.95,9965811.0
1581984000,59.81,59.93,59.45,59.53,10076120.0
1582070400,59.51,60.0,59.47,59.77,6265794.0
1582156800,59.68,59.86,59.11,59.72,7597337.0
1582243200,59.51,60.13,59.43,60.13,10842360.0
1582502400,59.11,59.8,58.57,58.65,14415500.0
1582588800,58.7,59.2,57.62,57.82,15915090.0
1582675200,57.98,58.47,57.475,57.6,15839660.0
1582761600,57.15,57.89,54.88,54.93,23754010.0
1582848000,53.83,53.89,51.58,53.49,40891820.0
1583107200,53.93,55.96,53.7,55.92,25698630.0
1583193600,56.76,57.49,55.64,56.06,27099170.0
1583280000,56.41,59.0,56.41,58.92,20526140.0
1583366400,57.8,58.17,56.19,56.74,17948490.0
1583452800,54.94,55.91,53.98,55.26,22353930.0
1583712000,52.05,53.58,51.475,51.86,27898260.0
1583798400,53.22,53.795,51.17,53.66,27457400.0
1583884800,52.35,52.65,51.14,52.21,22660710.0
1583971200,48.54,49.93,46.69,47.16,31913100.0
1584057600,49.51,49.56,46.605,48.47,33697150.0
1584316800,42.24,47.88,41.17,45.26,28682290.0
1584403200,45.88,47.5,45.37,47.18,32106680.0
1584489600,44.74,45.15,41.59,44.85,35408290.0
1584576000,44.36,44.66,41.04,41.83,41956850.0
1584662400,41.95,42.07,37.51,38.3,51513500.0
1584921600,38.755,38.8862,36.27,37.56,44978500.0
1585008000,41.22,41.4,38.83,39.45,49096210.0
1585094400,40.63,43.45,39.91,41.61,42511650.0
1585180800,42.84,45.27,42.45,44.29,37828290.0
1585267200,43.66,44.03,42.4,42.81,23297900.0
1585526400,43.04,45.56,43.04,45.0,23445970.0
1585612800,45.07,45.51,44.06,44.25,25373930.0
1585699200,42.48,43.65,41.8,42.12,21936410.0
1585785600,42.22,44.19,41.8623,43.95,17621880.0
1585872000,43.58,44.335,43.31,43.83,14207110.0
1586131200,45.39,47.01,44.69,46.67,22849980.0
1586217600,48.5,48.6,46.48,46.51,21279570.0
1586304000,46.64,48.09,46.33,47.82,18937130.0
1586390400,48.44,49.73,48.35,49.0,19167280.0
1586736000,48.35,48.64,46.5,46.93,19586020.0
1586822400,47.94,49.25,46.93,48.92,21801880.0
1586908800,47.71,48.4,47.41,47.61,12893170.0
1586995200,47.4,47.85,46.76,47.1,17606780.0
1587081600,48.3,48.3,47.37,48.06,19844640.0
1587340800,47.79,48.0,46.31,46.53,18957920.0
1587427200,45.88,46.9014,44.26,45.38,26863720.0
1587513600,46.05,46.145,45.5,45.68,15815150.0
1587600000,45.95,46.1,44.97,45.07,17668170.0
1587686400,45.5,45.75,45.1201,45.43,15177580.0
1587945600,46.0,46.975,45.71,46.78,19175540.0
1588032000,47.9,48.0,46.57,46.74,17246700.0
1588118400,47.27,47.86,46.88,47.12,15780000.0
1588204800,47.0,47.0,45.7,45.89,20801090.0
1588291200,45.62,46.39,45.21,45.6,14290420.0
1588550400,45.32,45.48,44.6,45.14,22544160.0
1588636800,45.36,46.1,45.15,45.4,13370530.0
1588723200,45.4,45.63,44.72,44.75,11892890.0
1588809600,45.15,45.24,44.5,44.6,16474650.0
1588896000,45.08,46.22,44.88,46.11,13987840.0
1589155200,45.69,46.11,45.52,45.54,10874600.0
1589241600,45.6,45.85,44.8,44.82,13424420.0
1589328000,44.71,44.78,43.5217,43.94,15854780.0
1589414400,43.38,44.06,43.23,43.7,18000820.0
1589500800,43.96,44.69,43.2,43.26,31579430.0
1589760000,44.82,45.39,44.13,44.97,26122330.0
1589846400,45.01,45.33,44.25,44.54,17839920.0
1589932800,45.2,46.17,45.02,45.89,22295930.0
1590019200,46.08,46.09,45.03,45.17,13193530.0
1590105600,45.22,45.305,44.65,45.03,13008410.0
1590451200,46.92,46.93,45.93,46.09,22223100.0
1590537600,47.0,47.09,46.165,46.73,18447620.0
1590624000,47.3,47.46,46.82,47.09,16234420.0
1590710400,46.68,47.19,46.14,46.68,51129920.0
1590969600,46.66,47.23,46.59,46.99,17013040.0
1591056000,47.16,47.28,46.56,46.9,15255150.0
1591142400,47.27,48.115,47.12,47.9,15508290.0
1591228800,47.94,48.265,47.38,47.92,13604670.0
1591315200,48.54,49.49,48.46,49.09,20504800.0
1591574400,49.54,49.97,49.47,49.85,19896660.0
1591660800,49.59,49.59,48.68,49.0,16713660.0
1591747200,49.16,49.265,48.57,48.62,15716570.0
1591833600,47.81,47.92,45.46,45.54,26070380.0
1591920000,46.21,46.25,45.01,45.6,21822740.0
1592179200,44.57,46.45,44.47,46.3,15627070.0
1592265600,47.56,47.685,46.19,46.77,18808010.0
1592352000,46.78,47.06,46.44,46.58,12602790.0
1592438400,46.3,47.04,46.07,46.99,9380779.0
1592524800,47.77,47.79,46.02,46.02,30432090.0
1592784000,46.03,46.15,45.38,45.74,20876170.0
1592870400,46.0,46.29,45.58,45.64,14675300.0
1592956800,45.37,45.44,44.5,44.65,17631820.0
1593043200,44.47,44.98,44.03,44.93,13829650.0
1593129600,44.92,45.01,43.51,43.57,21955060.0
1593388800,44.0,44.57,43.55,44.36,17603890.0
1593475200,44.25,44.83,44.04,44.68,23679840.0
1593561600,44.93,45.53,44.71,44.82,14316520.0
1593648000,45.29,45.43,44.8,44.88,15111890.0
1593993600,45.14,45.27,44.605,45.23,15146040.0
1594080000,45.0,45.495,44.8,45.21,13043560.0
1594166400,45.14,45.18,44.47,45.07,13851200.0
1594252800,45.05,45.05,43.825,43.91,16087070.0
1594339200,43.88,45.25,43.86,45.15,15627760.0
1594598400,45.53,45.675,44.96,45.25,16705350.0
1594684800,44.91,45.94,44.6711,45.87,17080130.0
1594771200,46.3,47.19,46.2,46.4,23738000.0
1594857600,46.26,46.69,45.94,46.15,13306110.0
1594944000,46.47,46.91,46.125,46.82,13906060.0
1595203200,46.72,46.83,45.85,46.12,16633180.0
1595289600,47.52,47.99,46.931,47.2,25686340.0
1595376000,47.93,48.515,47.03,48.48,29831180.0
1595462400,48.47,48.5682,48.03,48.28,15934950.0
1595548800,48.4,48.8,48.07,48.49,16196840.0
1595808000,48.18,48.51,48.18,48.48,17346530.0
1595894400,48.34,49.28,48.1,48.18,13872700.0
1595980800,48.14,48.5,47.82,48.02,13758070.0
1596067200,47.67,48.23,47.2,47.69,17276480.0
1596153600,47.44,47.77,46.73,47.24,14850570.0
1596412800,47.14,47.36,46.23,46.3,14141810.0
1596499200,46.29,46.86,46.22,46.69,11707040.0
1596585600,46.9,47.265,46.81,47.22,10561640.0
1596672000,46.66,47.53,46.6,47.48,10745030.0
1596758400,47.47,48.08,47.21,47.8,11669710.0
1597017600,48.06,48.275,47.66,47.72,11887960.0
1597104000,48.46,48.6527,47.7,47.93,16531560.0
1597190400,48.3,48.69,48.12,48.43,9564025.0
1597276800,48.26,48.73,48.06,48.38,9882909.0
1597363200,48.34,48.69,48.03,48.45,10075810.0
1597622400,48.32,48.75,48.2,48.21,9102364.0
1597708800,48.2,48.5,47.96,48.42,9828985.0
1597795200,48.12,48.38,47.22,47.37,17371040.0
1597881600,47.27,47.6,47.0923,47.35,11308740.0
1597968000,47.34,47.495,46.97,47.28,14734120.0
1598227200,47.43,47.98,47.175,47.97,9257725.0
1598313600,48.0,48.05,47.65,47.91,7827833.0
1598400000,47.76,48.18,47.47,48.16,10124150.0
1598486400,48.25,48.82,48.2,48.23,10931640.0
1598572800,48.75,49.85,48.53,49.83,16420260.0
1598832000,49.8,50.07,49.35,49.53,18510780.0
1598918400,49.31,49.35,48.83,49.12,12590430.0
1599004800,49.36,51.36,49.36,51.19,26332630.0
1599091200,51.4,52.1378,50.1,50.48,22289380.0
1599177600,50.94,51.465,50.28,51.04,21019550.0
1599523200,50.93,51.04,49.36,49.81,17776750.0
1599609600,49.6,50.755,49.55,50.19,15252280.0
1599696000,50.35,50.675,49.95,50.0,15439510.0
1599782400,50.4,51.2,50.1,51.06,18272340.0
1600041600,50.97,51.23,50.57,50.71,10911660.0
1600128000,51.0,51.38,50.84,51.05,12838390.0
1600214400,50.95,51.4462,50.74,50.79,15354680.0
1600300800,50.22,50.63,49.94,50.55,13287140.0
1600387200,50.75,51.155,50.21,50.45,23816600.0
1600646400,49.75,50.02,48.605,49.09,17514770.0
1600732800,49.11,50.035,49.07,49.66,13034620.0
1600819200,49.73,49.92,48.17,48.21,17121210.0
1600905600,48.21,49.1,47.56,48.7,16788100.0
1600992000,48.2,48.76,47.98,48.72,12603380.0
1601251200,49.31,49.71,49.14,49.28,11215710.0
1601337600,49.39,49.555,48.91,48.92,12427770.0
1601424000,49.27,49.62,48.8916,49.37,15755900.0
1601510400,49.44,49.6577,48.59,49.18,17577260.0
1601596800,48.76,49.58,48.55,49.36,13610070.0
1601856000,49.43,49.55,49.12,49.38,10628740.0
1601942400,49.55,49.725,48.83,48.94,10077430.0
1602028800,49.02,49.76,48.95,49.56,10135650.0
1602115200,49.71,50.54,49.535,50.46,12143920.0
1602201600,50.67,51.23,50.6,50.81,11407810.0
1602460800,50.84,51.525,50.83,51.09,11386510.0
1602547200,50.99,50.99,49.9,50.22,14365290.0
1602633600,50.05,50.49,49.65,50.12,10582940.0
1602720000,49.4,50.13,49.3,49.99,9963190.0
1602806400,49.99,50.35,49.87,50.03,13570890.0
1603065600,50.03,50.48,49.46,49.62,9930443.0
1603152000,49.89,50.62,49.79,50.25,10972730.0
1603238400,49.96,50.43,49.77,49.99,12517410.0
1603324800,51.17,51.2,50.38,50.68,20189230.0
1603411200,51.0,51.18,50.465,50.52,13491270.0
1603670400,50.34,50.51,49.2,49.8,14696400.0
1603756800,49.81,50.285,49.5533,49.9,13892110.0
1603843200,49.0,49.15,47.78,47.96,19886160.0
1603929600,47.73,48.475,47.3,48.02,15369880.0
1604016000,47.81,48.1216,47.365,48.06,15805000.0
1604275200,48.75,48.95,48.24,48.62,15156150.0
1604361600,49.22,49.96,49.0,49.35,15285090.0
1604448000,49.43,50.21,49.08,49.17,12930820.0
1604534400,49.76,50.21,49.34,49.44,12452430.0
1604620800,49.65,49.99,49.25,49.45,9294903.0
1604880000,52.5,53.26,52.07,52.57,33441950.0
1604966400,52.57,54.28,52.45,53.98,29706670.0
1605052800,53.93,54.3,53.33,53.58,17399920.0
1605139200,53.05,53.21,52.605,53.01,15026960.0
1605225600,53.25,53.5,52.8901,53.45,12449440.0
1605484800,54.5,54.62,53.28,53.85,14908180.0
1605571200,53.66,53.75,53.025,53.68,14248360.0
1605657600,53.75,54.02,52.56,52.61,15278210.0
1605744000,52.49,53.23,51.95,53.13,17189550.0
1605830400,53.19,53.25,52.59,52.67,15647920.0
1606089600,52.95,53.17,52.2,52.68,13194020.0
1606176000,53.14,53.59,53.02,53.22,13836370.0
1606262400,53.07,53.28,52.79,52.93,10194760.0
1606435200,53.11,53.19,52.61,52.7,8499289.0
1606694400,52.09,52.19,51.08,51.6,43203590.0
1606780800,52.14,52.33,51.785,52.04,18969340.0
1606867200,51.9,52.13,51.635,52.11,14913070.0
1606953600,51.9,52.94,51.9,52.78,17318880.0
1607040000,52.78,53.87,52.76,53.85,18122400.0
1607299200,53.76,53.78,52.7,52.99,16210860.0
1607385600,52.94,53.48,52.785,53.18,12485800.0
1607472000,53.37,53.6,53.0,53.33,11508590.0
1607558400,53.4,53.51,52.98,53.05,12097340.0
1607644800,52.8,53.54,52.78,53.35,10638100.0
1607904000,53.65,53.84,53.18,53.27,22292030.0
1607990400,53.79,54.22,53.595,53.84,16194490.0
1608076800,53.6,53.8,52.94,53.06,15679650.0
1608163200,53.3,53.71,53.15,53.27,12677330.0
1608249600,53.08,53.84,52.62,53.74,35480120.0
1608508800,52.68,53.0,51.98,52.81,14926600.0
1608595200,52.81,53.18,52.39,52.76,9691586.0
1608681600,52.95,53.3861,52.94,53.08,7040628.0
1608768000,53.02,53.55,53.02,53.44,3265532.0
1609113600,53.85,54.435,53.73,54.16,9020482.0
1609200000,54.45,54.49,54.02,54.13,8320600.0
1609286400,54.05,54.63,54.03,54.44,8142749.0
1609372800,54.45,54.93,54.27,54.84,8494972.0
1609718400,54.27,54.63,52.03,52.76,25611100.0
1609804800,52.33,52.62,52.03,52.18,20323820.0
1609891200,51.97,52.02,50.1879,50.52,38724520.0
1609977600,50.09,50.255,49.52,49.96,53225700.0
1610064000,50.03,51.125,49.84,51.08,29673950.0
1610323200,50.62,50.86,49.95,50.2,19310580.0
1610409600,50.04,50.3684,49.76,50.11,18538660.0
1610496000,49.98,50.36,49.9533,50.16,18864150.0
1610582400,50.16,50.18,49.22,49.23,34303580.0
1610668800,49.155,49.1799,48.53,48.7,24366790.0
1611014400,48.74,49.04,48.24,48.51,29114470.0
1611100800,48.54,48.82,48.31,48.68,23115800.0
1611187200,48.78,49.09,48.46,48.95,19707200.0
1611273600,48.81,48.94,48.49,48.49,15400350.0
1611532800,48.42,48.84,48.24,48.78,16604210.0
1611619200,48.91,49.4,48.61,49.29,12922630.0
1611705600,48.89,49.32,48.23,48.53,21242410.0
1611792000,48.69,49.5,48.61,49.15,17498870.0
1611878400,49.03,49.12,48.11,48.15,18670260.0
1612137600,48.27,48.69,48.18,48.48,12183610.0
1612224000,48.8,49.35,48.63,48.96,13319750.0
1612310400,48.95,49.0883,48.67,48.77,12274120.0
1612396800,48.96,49.07,48.65,49.01,20597410.0
1612483200,49.5,49.78,49.27,49.65,12742030.0
1612742400,49.96,50.17,49.49,49.92,17833220.0
1612828800,49.85,50.02,49.63,49.7,14592920.0
1612915200,50.41,50.58,49.53,49.6,22965430.0
1613001600,49.81,50.59,49.8,50.3,21928580.0
1613088000,50.57,50.8481,50.39,50.69,13137060.0
1613433600,50.62,50.72,50.16,50.27,15093410.0
1613520000,50.0,50.485,49.885,50.13,12810510.0
1613606400,50.16,50.845,50.0316,50.77,12749840.0
1613692800,50.79,50.825,49.97,50.11,15968770.0
1613952000,49.85,50.88,49.67,50.63,14370880.0
1614038400,51.0,51.51,50.42,50.54,16222250.0
1614124800,50.39,50.9,50.13,50.71,14442000.0
1614211200,50.47,50.745,49.98,50.17,14211090.0
1614297600,50.2,50.21,48.97,48.99,23638350.0
1614556800,49.44,50.44,49.4,49.9,13904860.0
1614643200,49.84,50.56,49.7,50.1,11755130.0
1614729600,49.72,50.56,49.71,49.98,15410670.0
1614816000,50.31,51.09,49.62,49.94,22036420.0
1614902400,50.05,50.95,49.9,50.79,21310760.0
1615161600,51.47,52.49,51.16,51.64,25084870.0
1615248000,51.72,51.88,50.82,50.86,23082680.0
1615334400,51.18,51.63,50.715,51.44,21331590.0
1615420800,51.41,51.43,50.81,50.88,17417650.0
1615507200,50.59,50.679,50.2,50.36,17598590.0
1615766400,50.5,51.12,50.47,51.03,13414080.0
1615852800,51.2,51.52,51.04,51.22,14214190.0
1615939200,51.25,51.62,51.15,51.24,17502650.0
1616025600,51.06,51.19,50.485,50.57,18007310.0
1616112000,50.46,51.08,50.17,50.81,67845720.0
1616371200,50.32,51.08,50.32,51.0,17911390.0
1616457600,50.99,51.65,50.825,51.39,16936690.0
1616544000,51.17,51.89,51.15,51.52,14997370.0
1616630400,51.7,52.06,51.17,52.02,17091940.0
1616716800,52.14,53.11,51.76,53.04,17126690.0
1616976000,52.73,53.94,52.71,53.85,17514070.0
1617062400,53.75,53.79,52.925,53.15,14871750.0
1617148800,53.03,53.17,52.5,52.71,15826470.0
1617235200,52.96,53.15,52.455,52.51,15834730.0
1617580800,52.35,53.215,52.29,52.81,16368720.0
1617667200,53.04,53.65,52.9,53.19,15614270.0
1617753600,53.28,53.5,53.12,53.28,10062690.0
1617840000,53.17,53.38,52.97,53.12,9695561.0
1617926400,53.17,53.28,52.81,53.18,10828170.0
1618185600,53.33,53.55,53.095,53.35,8565279.0
1618272000,53.04,53.285,52.81,53.09,11071690.0
1618358400,52.98,53.19,52.645,53.08,9787597.0
1618444800,53.13,53.66,53.12,53.33,13078100.0
1618531200,53.74,53.8,53.375,53.68,17974110.0
1618790400,54.0,54.3582,53.3,54.0,19352940.0
1618876800,53.84,54.59,53.81,54.17,14419250.0
1618963200,54.24,54.74,54.24,54.61,13866500.0
1619049600,54.47,54.865,54.315,54.44,12558860.0
1619136000,54.4,54.59,54.17,54.47,9023480.0
1619395200,54.47,54.51,53.58,53.66,11684630.0
1619481600,53.56,53.7,53.32,53.58,9852430.0
1619568000,53.98,54.047,53.435,53.59,10868140.0
1619654400,53.54,54.36,53.43,54.26,15390990.0
1619740800,54.25,54.27,53.69,53.98,14912570.0
1620000000,54.27,54.795,54.16,54.48,10417920.0
1620086400,54.57,54.62,53.94,54.14,14151240.0
1620172800,54.14,54.24,53.745,54.0,6505842.0
1620259200,54.12,54.605,54.05,54.54,11572700.0
1620345600,54.44,54.77,54.16,54.51,10637480.0
1620604800,54.88,55.495,54.831,54.91,15545820.0
1620691200,55.03,55.14,54.045,54.32,12986730.0
1620777600,54.36,54.555,53.875,54.04,15836460.0
1620864000,53.97,54.775,53.83,54.51,15476900.0
1620950400,54.9,55.1,54.69,54.73,11725560.0
1621209600,54.84,55.02,54.5,54.64,12115470.0
1621296000,54.39,54.5599,54.1,54.34,13232500.0
1621382400,54.12,54.18,53.61,54.17,15126120.0
1621468800,54.12,54.8,54.12,54.65,10948430.0
1621555200,54.8,55.115,54.22,54.62,16033220.0
1621814400,54.63,54.93,54.49,54.8,10326140.0
1621900800,54.82,54.82,54.345,54.79,11916450.0
1621987200,54.98,55.05,54.59,55.03,16064280.0
1622073600,55.21,55.57,54.775,55.49,59109570.0
1622160000,55.35,55.71,55.2,55.29,17011950.0
1622505600,55.34,55.65,55.095,55.28,13304330.0
1622592000,55.5,55.56,55.26,55.5,11328700.0
1622678400,55.18,55.74,55.1,55.64,17364320.0
1622764800,55.9,56.48,55.78,56.24,18935060.0
1623024000,56.31,56.34,55.81,56.04,14011110.0
1623110400,56.25,56.25,55.545,55.65,10968280.0
1623196800,55.75,55.92,55.48,55.48,9838835.0
1623283200,55.91,56.12,55.76,55.91,12444370.0
1623369600,55.99,56.21,55.655,56.16,11825800.0
1623628800,55.69,55.71,55.2,55.55,9710829.0
1623715200,55.78,55.79,55.19,55.41,11154220.0
1623801600,55.44,55.46,54.64,54.67,15211720.0
1623888000,54.67,55.15,54.645,54.95,10658390.0
1623974400,54.51,54.62,53.72,53.77,31445560.0
1624233600,54.22,54.43,54.0,54.36,14404310.0
1624320000,54.34,54.85,54.255,54.56,13072840.0
1624406400,54.56,54.6,54.11,54.12,12339160.0
1624492800,54.26,54.415,54.0,54.39,11488440.0
1624579200,54.24,54.47,54.01,54.32,18880340.0
1624838400,54.25,54.37,54.0,54.26,10556910.0
1624924800,54.13,54.34,53.72,53.86,12300920.0
1625011200,53.8,54.18,53.75,54.11,14614200.0
1625097600,54.34,54.48,53.855,53.96,13214700.0
1625184000,54.0,54.45,54.0,54.18,10605050.0
1625529600,53.99,54.09,53.55,53.88,15278170.0
1625616000,53.72,54.375,53.72,54.32,14377870.0
1625702400,54.01,54.165,53.735,54.13,11943920.0
1625788800,54.25,54.52,54.18,54.46,10847010.0
1626048000,54.32,54.595,54.27,54.48,15107580.0
1626134400,54.95,55.295,54.75,55.02,15170810.0
1626220800,55.02,56.3499,54.96,56.26,22002680.0
1626307200,56.24,56.47,55.91,56.44,15068180.0
1626393600,56.46,56.68,56.26,56.4,14860540.0
1626652800,56.08,56.35,55.16,55.73,19526980.0
1626739200,55.73,56.3299,55.52,55.83,16257890.0
1626825600,57.33,57.56,56.425,56.55,20918160.0
1626912000,56.62,56.74,56.05,56.47,13402710.0
1626998400,56.59,57.33,56.45,57.01,12143960.0
1627257600,56.89,57.12,56.56,57.06,8681136.0
1627344000,57.11,57.54,56.92,57.26,12794360.0
1627430400,56.99,57.16,56.629,56.74,9857959.0
1627516800,57.07,57.25,56.86,57.05,9599110.0
1627603200,57.15,57.25,56.9,57.03,11727290.0
1627862400,57.2,57.24,56.705,56.88,9777990.0
1627948800,57.0,57.0,56.745,56.92,8825480.0
1628035200,56.75,56.95,56.0101,56.1,11888360.0
1628121600,56.44,56.59,56.29,56.5,9806780.0
1628208000,56.6,56.74,56.44,56.64,10409250.0
1628467200,56.795,56.88,56.4308,56.65,8859893.0
1628553600,56.84,57.17,56.655,56.8,10906920.0
1628640000,56.89,57.18,56.71,56.73,8370669.0
1628726400,56.73,56.98,56.73,56.84,6169450.0
1628812800,56.81,57.3,56.771,57.23,7714175.0
1629072000,57.2,57.49,57.03,57.48,7973528.0
1629158400,57.46,57.555,57.01,57.28,10346450.0
1629244800,57.19,57.23,56.42,56.5,13873730.0
1629331200,56.06,56.98,55.95,56.86,9223662.0
1629417600,56.84,57.0299,56.58,56.64,10543570.0
1629676800,56.67,56.75,56.38,56.44,8912813.0
1629763200,56.64,56.64,55.9,56.01,12067190.0
1629849600,56.06,56.17,55.73,56.07,11270670.0
1629936000,55.95,55.98,55.51,55.54,10331490.0
1630022400,55.66,55.785,55.45,55.65,8844146.0
1630281600,55.69,56.2,55.64,56.18,10034680.0
1630368000,56.16,56.515,56.0,56.31,14185710.0
1630454400,56.38,56.8,56.28,56.69,9519203.0
1630540800,56.77,57.03,56.41,56.77,11654230.0
1630627200,56.46,56.765,56.245,56.73,13220670.0
1630972800,56.6,56.69,55.51,55.67,20037970.0
1631059200,55.61,56.48,55.61,56.42,12040070.0
1631145600,56.18,56.42,55.8,55.86,12545370.0
1631232000,56.01,56.13,55.515,55.61,10573710.0
1631491200,55.74,56.395,55.74,56.07,20274270.0
1631577600,55.92,55.98,55.55,55.69,13918850.0
1631664000,55.68,56.0,55.42,55.88,15745980.0
1631750400,55.72,55.985,54.82,55.35,17430420.0
1631836800,55.02,55.194,54.37,54.44,33383190.0
1632096000,54.11,54.4,53.7273,54.06,27542450.0
1632182400,54.39,54.82,53.94,54.05,16418160.0
1632268800,54.505,54.56,54.0623,54.13,12719720.0
1632355200,54.26,54.6175,54.0,54.04,13836220.0
1632441600,54.0,54.24,53.86,53.89,9682234.0
1632700800,53.85,54.245,53.57,53.61,12429470.0
1632787200,53.46,53.46,52.43,52.64,19926090.0
1632873600,52.64,53.155,52.56,52.96,13941470.0
1632960000,53.17,53.325,52.43,52.47,17674370.0
1633046400,52.78,53.2,52.5707,53.02,16277410.0
1633305600,53.06,53.525,52.4,52.99,18973450.0
1633392000,53.02,53.47,52.93,53.08,17173140.0
1633478400,52.77,53.765,52.51,53.71,21284530.0
1633564800,53.99,54.28,53.81,53.88,13774370.0
1633651200,54.0,54.39,53.895,54.12,13786820.0
1633910400,54.21,54.39,54.01,54.23,12378520.0
1633996800,54.42,54.83,54.22,54.23,19474370.0
1634083200,54.17,54.43,53.79,54.24,12143660.0
1634169600,54.39,54.805,54.31,54.61,13704290.0
1634256000,54.64,54.88,54.285,54.48,17867140.0
1634515200,54.35,54.39,53.86,53.94,15861790.0
1634601600,54.04,54.2,53.77,54.15,11068620.0
1634688000,54.18,54.76,54.11,54.63,12474870.0
1634774400,54.6,54.67,54.21,54.35,14388310.0
1634860800,54.39,54.53,54.07,54.45,12828800.0
1635120000,54.38,54.47,54.015,54.23,11855030.0
1635206400,54.32,54.58,54.2345,54.47,12086750.0
1635292800,55.97,56.08,55.265,55.52,24019830.0
1635379200,55.75,56.11,55.62,56.04,15927960.0
1635465600,55.87,56.465,55.78,56.37,24463740.0
1635724800,56.39,56.4,55.9,56.17,11651090.0
1635811200,56.47,56.5,55.965,56.1,11498860.0
1635897600,56.0,56.33,55.775,56.29,10788280.0
1635984000,56.11,56.63,56.03,56.6,10820200.0
1636070400,56.84,57.16,56.59,56.84,12886660.0
1636329600,56.75,56.89,56.13,56.33,12827970.0
1636416000,56.41,56.52,56.09,56.49,10155820.0
1636502400,56.54,56.92,56.29,56.72,8813611.0
1636588800,56.825,56.88,56.57,56.74,7257681.0
1636675200,56.75,56.985,56.545,56.61,10162510.0
1636934400,56.53,56.68,56.27,56.62,10289190.0
1637020800,56.62,56.94,56.185,56.22,13756460.0
1637107200,56.04,56.05,55.65,55.91,13288680.0
1637193600,55.83,55.93,55.14,55.41,15380380.0
1637280000,55.44,55.485,54.9047,55.13,15813660.0
1637539200,55.1,56.02,55.08,55.47,16906230.0
1637625600,55.66,56.1064,55.5,55.88,13836260.0
1637712000,55.71,55.835,55.03,55.43,12598980.0
1637884800,54.59,54.75,53.58,53.73,14754340.0
1638144000,54.045,54.73,53.93,54.58,22712470.0
1638230400,53.6,53.625,52.44,52.45,30485170.0
1638316800,52.98,53.52,52.28,52.3,18724140.0
1638403200,52.6,53.34,52.505,53.07,17074170.0
1638489600,53.33,53.61,52.98,53.54,21064350.0
1638748800,54.31,55.25,54.14,54.91,26624140.0
1638835200,55.02,55.415,54.85,55.21,23832720.0
1638921600,55.12,55.35,54.36,55.0,18026450.0
1639008000,54.75,55.13,54.585,54.86,13846420.0
1639094400,55.25,56.32,55.07,56.28,23153570.0
1639353600,56.98,57.93,56.955,57.76,31362830.0
1639440000,57.4,58.17,57.4,57.8,24806570.0
1639526400,57.93,58.25,57.65,58.06,24923790.0
1639612800,57.98,58.88,57.9,58.65,24696860.0
1639699200,58.49,58.92,57.7,57.73,51899380.0
1639958400,57.2,57.78,57.0,57.54,20879480.0
1640044800,57.61,57.965,57.53,57.77,15864890.0
1640131200,57.71,58.19,57.49,58.18,12447440.0
1640217600,58.52,58.61,57.94,58.22,11027340.0
1640563200,58.0,58.69,58.0,58.65,9862192.0
1640649600,58.4,58.94,58.3,58.88,8982271.0
1640736000,58.95,59.095,58.66,58.95,9996046.0
1640822400,59.06,59.23,58.76,58.78,7703896.0
1640908800,58.75,59.35,58.695,59.21,10021250.0
1641168000,58.82,59.31,58.375,59.3,20188380.0
1641254400,59.73,60.535,59.59,60.29,26141580.0
1641340800,60.09,61.195,60.05,60.79,22507260.0
1641427200,60.465,61.115,60.435,60.47,17902350.0
1641513600,60.275,60.72,60.06,60.33,12307900.0
1641772800,60.55,60.82,60.18,60.43,20954350.0
1641859200,60.43,60.49,59.84,60.45,19369590.0
1641945600,60.53,60.685,60.19,60.54,15753810.0
1642032000,60.54,61.04,60.385,60.9,14317990.0
1642118400,60.94,61.45,60.36,61.39,19729630.0
1642464000,61.06,61.19,60.45,60.9,21977600.0
1642550400,60.66,61.18,60.555,61.0,18654750.0
1642636800,61.0,61.44,60.72,60.75,23002350.0
1642723200,61.08,61.3,60.3982,60.45,26643160.0
1642982400,59.9,60.35,58.57,59.96,30207460.0
1643068800,59.36,60.045,58.69,59.82,19027110.0
1643155200,59.79,60.345,59.21,59.6,19190240.0
1643241600,59.88,60.925,59.5,59.65,18898680.0
1643328000,59.39,60.89,58.94,60.84,19101490.0
1643587200,60.3,61.14,60.15,61.01,22045320.0
1643673600,60.91,61.14,60.16,60.56,20841660.0
1643760000,60.62,61.27,60.56,61.18,20225580.0
1643846400,60.94,61.78,60.585,61.61,19440490.0
1643932800,61.49,61.68,60.57,60.96,17403730.0
1644192000,61.38,61.72,60.86,61.6,17846410.0
1644278400,61.83,62.325,61.74,62.0,18771750.0
1644364800,62.17,62.32,60.9,61.04,23595560.0
1644451200,60.36,62.3,60.2,61.38,23561530.0
1644537600,61.77,61.98,60.15,60.29,22781390.0
1644796800,60.16,60.79,59.28,60.68,23641310.0
1644883200,60.955,61.78,60.63,60.91,13409340.0
1644969600,60.86,61.395,60.555,60.9,15484660.0
1645056000,60.55,62.275,60.405,62.12,21468720.0
1645142400,62.12,62.82,61.99,62.54,21975020.0
1645488000,62.43,62.64,61.72,62.28,21731390.0
1645574400,62.24,62.33,61.34,61.59,19248470.0
1645660800,59.97,60.62,59.22,60.51,27207440.0
1645747200,60.94,62.895,60.92,62.85,21487800.0
1646006400,61.65,62.335,61.41,62.24,25879120.0
1646092800,62.14,62.75,61.51,61.97,15871090.0
1646179200,62.23,62.88,61.78,62.43,17319120.0
1646265600,62.61,63.02,62.285,62.47,21262800.0
1646352000,61.46,62.59,61.2,62.57,17164630.0
1646611200,62.01,62.07,60.72,61.08,29151420.0
1646697600,61.45,61.54,58.59,58.66,30242130.0
1646784000,59.82,59.84,58.66,58.96,23022700.0
1646870400,58.48,58.66,57.5,57.88,20887280.0
1646956800,57.96,58.85,57.86,57.92,19855650.0
1647216000,57.97,59.035,57.97,58.54,17799380.0
1647302400,59.08,59.89,58.98,59.62,18607190.0
1647388800,59.78,59.935,58.605,59.46,17347250.0
1647475200,59.46,60.135,59.23,60.09,15586230.0
1647561600,60.3,60.3,59.705,60.1,30197780.0
1647820800,60.5,61.1,60.245,60.58,17440140.0
1647907200,60.93,60.95,60.055,60.8,17559540.0
1647993600,60.75,60.98,59.995,60.4,15529240.0
1648080000,60.64,61.02,60.455,60.98,13151350.0
1648166400,61.12,61.61,61.05,61.53,12260750.0
1648425600,61.53,61.94,61.21,61.92,11485220.0
1648512000,62.21,62.53,61.74,62.16,14720570.0
1648598400,62.01,62.21,61.555,62.21,13641000.0
1648684800,62.22,62.64,62.0,62.0,16822900.0
1648771200,62.33,62.95,62.085,62.87,12644880.0
1649030400,62.6,62.785,61.72,62.54,11506550.0
1649116800,62.4,63.235,62.37,62.47,15721230.0
1649203200,62.77,63.26,62.3,63.1,19267420.0
1649289600,63.13,63.67,62.711,63.44,13960820.0
1649376000,63.48,64.04,63.16,63.83,12703470.0
1649635200,63.905,64.3,63.635,63.81,12720110.0
1649721600,64.38,64.805,63.89,64.56,18089910.0
1649808000,64.44,64.87,64.23,64.73,11882990.0
1649894400,64.96,65.57,64.82,65.02,16388430.0
1650240000,64.77,65.18,64.18,64.44,11679370.0
1650326400,64.5,65.25,64.44,65.07,11993780.0
1650412800,65.44,66.24,65.4,65.96,14827070.0
1650499200,65.98,67.0,65.72,66.21,15120410.0
1650585600,66.08,66.34,65.18,65.25,14902200.0
1650844800,67.0,67.2,64.78,65.94,25082000.0
1650931200,65.52,66.367,65.04,65.05,21982610.0
1651017600,65.0,66.28,65.0,65.56,16971010.0
1651104000,64.66,66.28,64.5,66.19,22020520.0
1651190400,65.87,66.03,64.49,64.61,20137150.0
1651449600,65.28,65.31,62.58,63.44,24970310.0
1651536000,63.72,63.94,62.67,63.08,21686340.0
1651622400,63.0,65.12,62.94,65.03,19780190.0
1651708800,64.69,65.03,64.01,64.51,20155240.0
1651795200,64.2,65.31,64.07,64.74,18984020.0
1652054400,64.47,65.365,64.04,64.61,20055330.0
1652140800,64.5,65.32,63.85,64.01,21322220.0
1652227200,64.33,65.2,63.96,64.31,19648400.0
1652313600,64.16,64.53,63.205,64.51,22574720.0
1652400000,64.81,65.8,64.12,65.72,16166960.0
1652659200,65.44,66.38,65.44,65.96,13223180.0
1652745600,66.1,66.1,65.01,65.78,21300590.0
1652832000,65.42,65.52,60.9639,61.2,31437310.0
1652918400,60.96,60.96,59.66,60.0,31493880.0
1653004800,60.49,61.235,59.66,60.98,29133760.0
1653264000,61.65,63.1,61.59,62.86,19406880.0
1653350400,62.88,64.19,62.75,64.02,16154240.0
1653436800,64.0,64.475,63.6,64.07,15360490.0
1653523200,64.07,65.095,63.96,64.3,16159830.0
1653609600,64.26,64.83,64.14,64.68,17708980.0
1653955200,64.08,64.315,63.05,63.38,43159050.0
1654041600,63.42,63.68,62.13,63.07,15408310.0
1654128000,63.18,63.735,62.11,63.73,14585980.0
1654214400,63.57,63.625,62.81,62.97,13539860.0
1654473600,63.33,63.77,62.66,62.87,15112810.0
1654560000,62.38,63.365,62.22,63.25,17886320.0
1654646400,62.99,63.21,62.555,62.89,10211450.0
1654732800,62.87,63.35,61.78,61.8,13391880.0
1654819200,61.01,61.885,60.4601,61.41,14973490.0
1655078400,60.75,62.291,60.67,61.34,23064190.0
1655164800,60.73,60.89,58.655,59.23,24620020.0
1655251200,60.0,60.635,58.97,59.67,19684700.0
1655337600,58.64,59.52,58.2528,59.07,15053840.0
1655424000,59.7,60.125,59.13,59.43,34781920.0
1655769600,59.49,60.88,59.01,60.7,17705020.0
1655856000,60.6,61.445,60.315,61.15,15209870.0
1655942400,61.3,61.91,61.2263,61.88,17190870.0
1656028800,62.11,63.06,62.11,63.04,18147070.0
1656288000,62.98,63.2867,62.63,62.91,12142110.0
1656374400,63.08,63.76,62.105,62.28,13181560.0
1656460800,62.54,63.11,62.43,62.73,11795510.0
1656547200,62.32,63.1144,62.16,62.91,15514150.0
1656633600,63.12,64.45,62.82,64.38,15143200.0
1656979200,64.18,64.18,62.415,63.28,15925030.0
1657065600,63.6,64.09,63.19,63.41,13450510.0
1657152000,63.26,63.58,62.7,62.91,14828430.0
1657238400,63.03,63.42,62.88,63.14,11311460.0
1657497600,62.99,63.46,62.585,62.94,12704110.0
1657584000,63.0,63.45,62.47,62.67,14731070.0
1657670400,62.33,63.0,61.9811,62.38,13145290.0
1657756800,61.33,62.25,61.3,62.18,14433040.0
1657843200,62.75,62.97,62.07,62.5,21968420.0
1658102400,62.52,62.56,61.51,61.65,10780840.0
1658188800,62.09,62.65,61.925,62.53,10998230.0
1658275200,62.4,62.58,61.145,61.5,11010450.0
1658361600,61.26,61.875,60.79,61.36,11959620.0
1658448000,61.38,61.87,61.32,61.59,11644690.0
1658707200,61.55,62.3,61.31,62.19,14941650.0
1658793600,62.75,63.8,62.53,63.21,20117950.0
1658880000,62.88,63.185,61.785,63.01,12142870.0
1658966400,62.92,64.245,62.89,64.06,10837000.0
1659052800,63.71,64.29,63.63,64.17,13734240.0
1659312000,64.09,65.04,64.03,64.52,12831540.0
1659398400,64.59,64.6,63.43,63.64,15241900.0
1659484800,63.55,64.095,63.31,63.92,11316990.0
1659571200,63.64,63.73,62.92,63.67,11795650.0
1659657600,63.63,63.63,62.67,63.38,10445390.0
1659916800,63.5,63.81,62.75,62.97,9166673.0
1660003200,63.18,63.31,62.85,63.05,7910877.0
1660089600,63.63,63.79,63.1,63.65,8857253.0
1660176000,63.69,63.99,63.08,63.22,8507766.0
1660262400,63.43,63.76,63.09,63.7,9489284.0
1660521600,63.64,64.69,63.57,64.5,9863332.0
1660608000,64.57,65.23,64.33,65.03,9569616.0
1660694400,64.83,65.22,64.76,64.88,8144045.0
1660780800,64.96,65.35,64.71,65.22,6532028.0
1660867200,65.205,65.47,64.96,65.17,8921062.0
1661126400,64.84,64.92,63.99,64.2,9087893.0
1661212800,63.82,64.37,63.68,64.27,8443752.0
1661299200,64.24,64.575,64.05,64.36,6844730.0
1661385600,64.36,64.705,63.9,64.67,7913869.0
1661472000,64.73,64.8,62.98,63.11,10089510.0
1661731200,62.685,63.025,62.41,62.73,9115904.0
1661817600,62.91,62.91,61.9937,62.15,8456837.0
1661904000,62.38,62.53,61.7,61.71,14633570.0
1661990400,61.58,62.04,61.29,62.0,14939680.0
1662076800,62.39,62.77,60.895,61.15,11809820.0
1662422400,61.29,61.965,60.99,61.18,12181820.0
1662508800,61.32,62.49,61.32,62.31,13290710.0
1662595200,62.08,62.3,61.34,62.12,17193460.0
1662681600,62.17,62.88,61.855,62.32,11855890.0
1662940800,62.43,62.81,62.27,62.5,13026940.0
1663027200,62.2,62.22,60.28,60.47,18532830.0
1663113600,60.64,61.08,60.44,60.79,12881590.0
1663200000,60.4,60.4,59.36,59.53,11451930.0
1663286400,59.66,59.795,59.11,59.54,20493540.0
1663545600,59.39,60.1,59.225,59.99,12596250.0
1663632000,59.68,60.03,59.315,59.9,11984610.0
1663718400,60.14,60.7,59.39,59.4,14165340.0
1663804800,59.55,59.73,59.2,59.26,11657600.0
1663891200,58.96,59.1,58.0,58.6,14824050.0
1664150400,58.49,58.57,57.685,57.87,18670050.0
1664236800,58.08,58.37,56.31,56.38,23829350.0
1664323200,56.66,57.25,55.91,56.98,21480150.0
1664409600,57.09,57.29,56.0,56.57,14570700.0
1664496000,56.87,57.13,56.0,56.02,16124620.0
1664755200,56.36,56.85,56.06,56.65,16277620.0
1664841600,56.95,57.81,56.46,56.78,18861430.0
1664928000,56.5,56.65,55.51,56.24,14324850.0
1665014400,56.0,56.1,54.87,55.03,17192840.0
1665100800,54.99,55.09,54.25,54.51,11479800.0
1665360000,54.6,54.96,54.015,54.39,10239120.0
1665446400,54.46,55.22,54.24,54.48,14303920.0
1665532800,55.23,56.0365,55.04,55.14,18377450.0
1665619200,54.48,56.08,54.26,55.87,16220720.0
1665705600,56.29,56.47,54.94,54.98,16001400.0
1665964800,55.63,56.215,55.57,55.69,13721430.0
1666051200,56.31,56.78,56.1009,56.44,11823120.0
1666137600,56.31,56.54,55.73,55.96,10182290.0
1666224000,55.77,55.92,54.96,55.08,16905150.0
1666310400,55.0,56.105,54.985,55.96,15034050.0
1666569600,56.64,57.73,56.57,57.57,17416680.0
1666656000,59.04,59.11,57.75,58.95,28829930.0
1666742400,59.01,59.78,58.86,59.39,15841370.0
1666828800,59.77,59.84,59.375,59.53,16026120.0
1666915200,59.57,60.91,59.47,60.76,12888860.0
1667174400,60.51,60.57,59.67,59.85,14016380.0
1667260800,60.03,60.29,59.37,59.64,10659460.0
1667347200,59.64,60.23,58.77,58.81,14551130.0
1667433600,58.11,58.9972,58.1,58.78,9193970.0
1667520000,59.3,59.585,58.56,59.26,9726126.0
1667779200,59.26,59.77,59.24,59.49,8849704.0
1667865600,59.75,59.79,58.94,59.6,10081650.0
1667952000,59.59,59.64,58.751,58.77,10115160.0
1668038400,60.25,61.04,59.68,60.88,16804850.0
1668124800,61.37,61.45,60.21,61.32,18972080.0
1668384000,61.32,61.715,60.71,60.73,16361030.0
1668470400,61.13,61.45,60.0,60.63,13295840.0
1668556800,60.79,61.03,60.285,60.52,14199490.0
1668643200,60.19,60.74,60.13,60.71,11220300.0
1668729600,60.99,61.37,60.8,61.14,10415640.0
1668988800,61.41,62.21,61.2,62.08,15399350.0
1669075200,62.47,62.5,62.0538,62.35,12319640.0
1669161600,62.49,62.79,62.3008,62.63,8990385.0
1669334400,62.73,62.81,62.38,62.69,5165499.0
1669593600,62.69,63.1,62.56,62.7,12268000.0
1669680000,62.52,62.57,61.98,62.48,10969560.0
1669766400,62.01,63.68,61.75,63.61,30433940.0
1669852800,63.61,64.11,63.43,63.79,12001360.0
1669939200,63.61,64.52,63.4,64.35,13643450.0
1670198400,63.41,63.795,63.26,63.47,9185090.0
1670284800,63.52,63.88,63.225,63.44,10099530.0
1670371200,63.45,63.72,63.25,63.54,12307610.0
1670457600,63.6,63.85,63.345,63.81,9946173.0
1670544000,63.61,63.84,63.09,63.14,13914860.0
1670803200,63.3,64.005,63.01,63.97,11647900.0
1670889600,64.59,64.7,63.8,63.99,17521550.0
1670976000,64.19,64.65,63.57,63.99,12826650.0
1671062400,63.59,63.89,62.49,63.11,12213290.0
1671148800,62.75,63.14,62.325,62.75,33631530.0
1671408000,62.83,63.405,62.47,62.84,10919730.0
1671494400,62.822,63.15,62.75,62.79,10286480.0
1671580800,63.07,64.05,63.07,63.8,10411290.0
1671667200,63.42,63.59,62.645,63.34,9668107.0
1671753600,63.5,63.87,63.2,63.82,6463261.0
1672099200,63.93,64.29,63.71,64.21,7320717.0
1672185600,64.46,64.65,63.485,63.57,7159417.0
1672272000,63.8,64.15,63.7,63.95,7169256.0
1672358400,63.92,63.92,63.17,63.61,7650228.0
1672704000,63.56,63.56,62.175,62.95,12180510.0
1672790400,63.15,63.3294,62.511,62.92,13387920.0
1672876800,62.6,62.8,62.08,62.2,9814674.0
1672963200,62.91,63.67,62.58,63.4,9989986.0
1673222400,63.3,63.72,62.575,62.61,9442623.0
1673308800,62.6,62.73,61.92,62.13,10134610.0
1673395200,62.38,62.56,61.411,62.01,10823000.0
1673481600,62.11,62.18,60.97,61.21,13907330.0
1673568000,60.7,61.46,60.585,61.43,13986360.0
1673913600,61.73,62.38,61.56,61.68,18327780.0
1674000000,61.51,61.59,59.6817,59.81,19679440.0
1674086400,59.725,60.64,59.705,59.72,14894460.0
1674172800,59.72,60.09,59.4,60.08,14237700.0
1674432000,60.28,60.565,60.05,60.23,12613430.0
1674518400,60.08,63.26,59.8,60.55,10103310.0
1674604800,60.2,60.94,59.885,60.93,11265840.0
1674691200,60.81,61.095,60.57,60.81,11884830.0
1674777600,60.84,60.96,60.37,60.49,14087040.0
1675036800,60.54,61.17,60.46,60.64,15632010.0
1675123200,60.98,61.34,60.51,61.32,14344380.0
1675209600,61.14,61.58,60.62,61.33,12535440.0
1675296000,60.8,61.02,59.91,60.28,16947220.0
1675382400,60.35,60.42,59.23,59.83,15404440.0
1675641600,59.79,60.34,59.72,60.17,11330900.0
1675728000,59.67,60.24,59.535,60.07,14922740.0
1675814400,59.92,59.92,59.59,59.72,11012020.0
1675900800,60.15,60.32,59.595,59.62,12515310.0
1675987200,59.72,59.9,58.88,59.62,14420660.0
1676246400,59.9,60.76,59.73,60.6,16191790.0
1676332800,60.21,60.9,59.56,59.59,20505680.0
1676419200,59.9,59.93,59.225,59.59,13172700.0
1676505600,59.23,59.82,58.95,59.22,16538280.0
1676592000,59.5,60.23,59.38,60.12,16814650.0
1676937600,59.99,60.23,59.72,59.8,14278310.0
1677024000,59.85,60.36,59.7539,59.98,12409560.0
1677110400,60.01,60.42,59.81,60.09,12222830.0
1677196800,59.68,59.91,59.385,59.84,9736249.0
1677456000,60.18,60.3,59.74,59.82,8849821.0
1677542400,59.7,59.7,59.14,59.51,16082220.0
1677628800,59.13,59.18,58.37,58.86,13275810.0
1677715200,58.84,59.78,58.8,59.72,11772110.0
1677801600,59.55,59.68,59.205,59.44,13101770.0
1678060800,59.26,60.375,59.215,60.36,16282680.0
1678147200,60.49,60.57,59.75,60.01,13961200.0
1678233600,60.04,60.325,59.725,60.04,10851580.0
1678320000,60.54,60.54,59.275,59.46,13900860.0
1678406400,59.7,60.14,58.99,59.21,13745840.0
1678665600,59.29,60.87,59.25,59.81,21956010.0
1678752000,60.0,60.455,59.35,60.03,19496900.0
1678838400,59.43,60.475,59.24,60.43,21089910.0
1678924800,60.09,60.335,59.7,60.3,15658970.0
1679011200,60.31,60.35,59.635,60.02,27351230.0
1679270400,60.16,60.6,59.97,60.6,12904120.0
1679356800,60.57,60.75,59.88,60.32,13716480.0
1679443200,60.4,60.87,60.03,60.05,10494210.0
1679529600,60.09,60.39,59.72,59.92,15479000.0
1679616000,60.25,61.015,59.91,60.9,12977610.0
1679875200,61.14,61.48,60.95,61.35,12777400.0
1679961600,61.39,61.74,61.27,61.42,10925740.0
1680048000,61.72,61.95,61.59,61.86,9441019.0
1680134400,61.88,62.09,61.66,61.85,9870659.0
1680220800,62.06,62.25,61.87,62.03,14440890.0
1680480000,62.3,62.52,61.86,62.4,12300660.0
1680566400,62.39,62.74,62.075,62.21,11433400.0
1680652800,62.53,63.02,62.5,62.8,12789550.0
1680739200,62.86,63.0399,62.38,62.84,9644204.0
1681084800,62.49,62.69,62.02,62.69,7952575.0
1681171200,62.65,62.71,62.4,62.58,9913049.0
1681257600,62.48,63.03,62.31,62.69,9593704.0
1681344000,62.76,63.16,62.48,63.15,9871424.0
1681430400,63.05,63.15,62.775,63.05,8946011.0
1681689600,63.32,63.53,63.1401,63.46,9452394.0
1681776000,63.51,63.6,63.19,63.56,9035679.0
1681862400,63.73,63.83,63.425,63.68,9769543.0
1681948800,63.63,64.0,63.44,63.96,10706390.0
1682035200,64.0,64.27,63.8,64.05,12931100.0
1682294400,64.75,64.99,63.6237,63.95,15532270.0
1682380800,64.17,64.17,63.63,63.85,12818860.0
1682467200,63.56,63.77,63.39,63.55,13179560.0
1682553600,63.53,63.76,63.1141,63.68,13795820.0
1682640000,63.61,64.16,63.48,64.15,13687620.0
1682899200,64.15,64.69,64.06,64.3,9091540.0
1682985600,64.14,64.14,63.27,64.01,10948420.0
1683072000,64.02,64.18,63.58,63.65,11084590.0
1683158400,63.74,63.93,63.51,63.72,11938310.0
1683244800,63.64,64.205,63.63,64.02,9039023.0
1683504000,63.81,64.055,63.61,63.92,7240719.0
1683590400,63.64,63.75,63.28,63.39,9067653.0
1683676800,63.32,63.64,62.99,63.5,10134030.0
1683763200,63.58,63.93,63.01,63.86,9581525.0
1683849600,63.86,64.19,63.7,64.11,8740752.0
1684108800,64.22,64.25,63.71,63.94,8149993.0
1684195200,63.895,63.895,63.16,63.22,9130361.0
1684281600,63.4,63.42,62.73,63.15,11582950.0
1684368000,63.01,63.04,62.57,62.8,13595050.0
1684454400,63.04,63.1,62.605,62.83,14251360.0
1684713600,62.785,62.865,61.44,61.51,15055370.0
1684800000,61.51,61.67,61.17,61.4,13932720.0
1684886400,61.38,61.43,60.72,60.88,11090130.0
1684972800,60.47,60.73,60.15,60.41,14463630.0
1685059200,60.45,60.64,60.11,60.26,12570280.0
1685404800,60.09,60.195,59.52,59.78,15634210.0
1685491200,59.92,60.28,59.365,59.66,59432170.0
1685577600,59.94,60.165,59.77,60.0,13402680.0
1685664000,60.27,61.32,60.08,61.16,15259850.0
1685923200,61.0,61.44,60.5548,60.75,12915650.0
1686009600,60.95,60.99,60.1244,60.31,10943520.0
1686096000,60.01,60.355,59.82,60.22,16817910.0
1686182400,60.13,60.405,59.98,60.37,15589980.0
1686268800,60.27,60.6667,60.17,60.47,12582570.0
1686528000,60.59,60.65,60.02,60.21,14220960.0
1686614400,60.21,60.67,60.04,60.45,13397780.0
1686700800,60.73,61.08,60.6,60.86,14099680.0
1686787200,60.61,61.2985,60.34,61.23,15271390.0
1686873600,61.6,62.17,61.48,61.67,26737980.0
1687219200,61.59,61.96,61.24,61.26,13973440.0
1687305600,61.31,61.7199,60.98,61.43,13948670.0
1687392000,61.81,62.1,61.585,61.85,15194160.0
1687478400,61.94,61.97,61.18,61.2,25112060.0
1687737600,61.205,61.29,60.39,61.22,12856070.0
1687824000,61.22,61.36,60.98,61.09,9068545.0
1687910400,60.88,61.04,60.4,60.52,11173180.0
1687996800,60.22,60.35,59.765,60.02,17142310.0
1688083200,60.0,60.35,59.87,60.22,19739190.0
1688342400,60.2,60.63,60.03,60.58,9694520.0
1688515200,60.28,61.1,60.16,61.03,14717680.0
1688601600,60.73,61.02,60.5,60.56,12604350.0
1688688000,60.31,60.495,59.73,59.76,14573960.0
1688947200,59.97,60.15,59.14,59.31,15480650.0
1689033600,59.46,59.56,58.84,59.52,15970130.0
1689120000,59.75,60.05,59.445,59.84,14241270.0
1689206400,60.12,60.46,59.98,60.35,11269750.0
1689292800,60.14,61.04,60.09,60.9,11634210.0
1689552000,60.76,61.1,60.49,60.81,10015420.0
1689638400,60.96,61.2488,60.41,60.57,11152930.0
1689724800,60.77,61.79,60.68,61.64,12936040.0
1689811200,61.68,62.41,61.67,62.39,11563020.0
1689897600,62.46,62.68,62.24,62.44,12815070.0
1690156800,62.42,62.81,62.4,62.46,10251140.0
1690243200,62.3,62.39,62.045,62.25,13422660.0
1690329600,61.86,63.17,61.39,63.05,17145520.0
1690416000,63.05,63.265,62.38,62.44,11517110.0
1690502400,62.585,62.77,62.2207,62.48,9723263.0
1690761600,62.45,62.45,61.73,61.93,15584500.0
1690848000,62.09,62.36,61.62,61.77,9283438.0
1690934400,61.56,62.585,61.56,61.96,11061080.0
1691020800,61.87,62.12,61.525,61.64,8039062.0
1691107200,61.68,61.89,60.62,60.71,9359298.0
1691366400,60.79,61.329,60.74,61.19,6982647.0
1691452800,61.19,61.35,60.62,60.92,7956064.0
1691539200,60.91,61.63,60.75,61.06,7904067.0
1691625600,61.35,61.73,60.79,60.92,7870314.0
1691712000,60.84,61.1982,60.69,61.17,8483912.0
1691971200,61.32,61.48,60.75,60.88,7176291.0
1692057600,60.69,60.8999,60.37,60.47,7187444.0
1692144000,60.54,60.82,60.4,60.48,8372266.0
1692230400,60.58,61.02,60.45,60.61,12873500.0
1692316800,60.54,61.085,60.37,60.95,11083770.0
1692576000,60.86,60.93,60.3206,60.43,8648519.0
1692662400,60.34,60.575,59.975,60.06,9412208.0
1692748800,60.2,60.435,60.16,60.27,7749490.0
1692835200,60.27,60.88,60.09,60.11,8955130.0
1692921600,60.41,60.57,60.01,60.39,7629222.0
1693180800,60.55,60.725,60.3692,60.56,6254255.0
1693267200,60.56,60.63,60.15,60.5,8189592.0
1693353600,60.64,60.74,60.2941,60.47,9447912.0
1693440000,60.3,60.47,59.805,59.83,14663460.0
1693526400,60.0,60.13,59.12,59.31,11262280.0
1693872000,59.25,59.32,58.67,58.82,12474640.0
1693958400,58.62,58.83,58.42,58.78,13923550.0
1694044800,58.95,59.16,58.3,58.33,17628590.0
1694131200,58.3,58.41,58.01,58.33,14332810.0
1694390400,58.4,58.99,58.225,58.88,14767420.0
1694476800,58.99,59.0,58.19,58.3,12292720.0
1694563200,58.4,58.68,58.34,58.44,12641370.0
1694649600,58.24,58.59,58.19,58.46,12311580.0
1694736000,58.41,58.635,57.75,57.94,55727510.0
1694995200,57.98,58.3499,57.63,58.3,13617370.0
1695081600,58.26,58.39,57.92,58.18,12000090.0
1695168000,58.3,58.83,58.08,58.44,14767920.0
1695254400,58.37,58.42,57.42,57.54,15945820.0
1695340800,57.85,57.965,57.5,57.6,14645390.0
1695600000,57.4,57.485,56.74,57.0,12358820.0
1695686400,56.73,56.895,56.4,56.53,11194700.0
1695772800,56.42,56.53,55.68,55.95,13766300.0
1695859200,56.23,56.32,55.7,55.81,12484770.0
1695945600,56.14,56.27,55.615,55.98,12271560.0
1696204800,55.91,56.009,55.075,55.48,11792500.0
1696291200,55.16,55.425,54.78,54.88,13604200.0
1696377600,54.89,55.28,54.71,55.04,12100520.0
1696464000,54.74,54.95,52.235,52.38,29878070.0
1696550400,52.04,53.29,51.55,53.14,30298870.0
1696809600,52.96,53.15,52.11,52.88,15704750.0
1696896000,54.13,54.33,53.56,54.03,20909680.0
1696982400,54.22,54.28,53.02,53.71,21138930.0
1697068800,53.76,53.83,52.4299,52.81,19330360.0
1697155200,52.74,53.42,52.64,52.89,14526990.0
1697414400,53.02,53.56,52.84,53.43,12816820.0
1697500800,53.31,54.1,53.21,54.07,16457190.0
1697587200,54.1,54.53,53.92,54.05,12809450.0
1697673600,54.16,54.76,53.86,54.35,16202190.0
1697760000,54.53,55.02,54.44,54.57,15686350.0
1698019200,54.38,54.89,54.045,54.08,21212650.0
1698105600,55.65,56.17,55.3,55.64,25290850.0
1698192000,55.76,56.2178,55.56,56.12,16701020.0
1698278400,56.37,56.625,55.72,55.78,16228390.0
1698364800,55.55,56.135,55.1,55.24,13626520.0
1698624000,55.43,56.275,55.42,56.15,15014290.0
1698710400,56.57,56.72,56.15,56.49,16639380.0
1698796800,56.8,56.88,56.26,56.44,14110800.0
1698883200,56.5,57.15,56.355,57.09,13087240.0
1698969600,57.4,57.59,56.7,56.74,13958730.0
1699228800,56.78,57.275,56.74,56.97,12673190.0
1699315200,56.92,57.3995,56.73,57.18,10449300.0
1699401600,57.32,57.465,56.92,57.09,13744010.0
1699488000,57.03,57.14,56.37,56.66,12021090.0
1699574400,56.87,56.925,56.055,56.72,11680430.0
1699833600,56.62,57.095,56.6,56.93,12798180.0
1699920000,57.02,57.24,56.805,57.1,12697070.0
1700006400,57.3,57.335,56.75,57.21,10201860.0
1700092800,57.25,57.53,56.81,57.15,16010450.0
1700179200,57.19,57.34,56.7,57.26,14476630.0
1700438400,57.05,57.575,56.955,57.4,13053920.0
1700524800,57.46,58.04,57.33,58.03,13891650.0
1700611200,58.26,58.535,58.1271,58.42,11327150.0
1700784000,58.46,58.75,58.335,58.57,4816024.0
1701043200,58.54,58.69,58.27,58.46,16246510.0
1701129600,58.4,58.83,58.36,58.58,13739610.0
1701216000,58.58,58.67,58.1,58.23,11263630.0
1701302400,57.96,58.455,57.6,58.44,22727490.0
1701388800,58.27,58.685,58.24,58.64,15371150.0
1701648000,58.59,58.955,58.44,58.57,14942250.0
1701734400,58.55,58.83,58.415,58.66,11891510.0
1701820800,58.56,58.73,58.205,58.6,14868550.0
1701907200,58.67,58.8901,58.39,58.74,11587870.0
1701993600,58.74,58.75,58.365,58.61,11178670.0
1702252800,58.83,59.09,58.5,59.04,14524770.0
1702339200,59.2,59.42,58.895,59.42,12899010.0
1702425600,59.45,60.02,59.26,59.93,16196750.0
1702512000,59.97,60.04,58.77,59.04,22478310.0
1702598400,58.83,59.17,57.8,58.6,65177380.0
1702857600,58.8,59.49,58.62,59.02,16717660.0
1702944000,59.0,59.2,58.635,58.83,14612200.0
1703030400,58.5,58.67,57.57,57.61,17701000.0
1703116800,57.85,58.07,57.47,57.99,11725120.0
1703203200,58.12,58.46,58.02,58.32,9029440.0
1703548800,58.06,58.705,58.06,58.56,6422531.0
1703635200,58.64,58.77,58.4,58.71,8560060.0
1703721600,58.65,58.87,58.525,58.75,8400138.0
1703808000,58.74,58.98,58.63,58.93,9244339.0
1704153600,58.8,59.88,58.67,59.82,16322590.0
1704240000,59.93,60.2,59.76,59.96,14830630.0
1704326400,60.05,60.26,59.66,59.76,12912930.0
1704412800,59.8,59.95,59.0921,59.67,10412800.0
1704672000,59.68,60.18,59.42,60.11,11554630.0
1704758400,59.99,60.135,59.62,60.0,10493650.0
1704844800,60.22,60.41,59.98,60.2,12257980.0
1704931200,60.25,60.26,59.69,59.81,13754230.0
1705017600,60.08,60.46,59.87,60.39,13218010.0
1705363200,60.39,60.43,59.85,59.99,11826910.0
1705449600,59.86,60.21,59.82,59.99,8982132.0
1705536000,59.69,60.23,59.525,60.16,10397680.0
1705622400,60.26,60.28,59.64,59.83,14392600.0
1705881600,59.755,60.065,59.44,59.57,14314270.0
1705968000,59.53,60.0,59.46,59.85,14481640.0
1706054400,59.8,59.81,58.89,58.91,16370480.0
1706140800,59.01,59.17,58.66,59.16,14899710.0
1706227200,59.25,59.49,59.125,59.37,13025070.0
1706486400,59.34,59.79,59.17,59.73,14547070.0
1706572800,59.85,60.02,59.445,59.9,22061540.0
1706659200,60.1,60.45,59.29,59.49,22837000.0
1706745600,59.57,61.005,59.36,60.98,15870880.0
1706832000,60.82,60.87,60.23,60.54,17544910.0
1707091200,60.38,60.38,59.88,60.04,12759570.0
1707177600,59.96,60.05,59.68,59.94,12777150.0
1707264000,60.07,60.21,59.94,59.99,10259890.0
1707350400,59.89,59.97,59.41,59.83,12874760.0
1707436800,59.47,59.58,59.03,59.56,15235250.0
1707696000,59.66,59.76,58.96,59.7,13516780.0
1707782400,59.5,60.655,58.79,59.35,24195710.0
1707868800,59.17,59.59,59.035,59.29,15872450.0
1707955200,59.42,59.59,59.13,59.4,13695850.0
1708041600,59.35,59.62,58.955,59.39,13947060.0
1708387200,59.595,60.84,59.51,60.7,18339320.0
1708473600,60.99,61.28,60.83,61.24,14378260.0
1708560000,60.99,61.25,60.5,61.15,12982800.0
1708646400,61.09,61.62,61.0,61.2,13612910.0
1708905600,61.24,61.27,60.66,60.71,10336100.0
1708992000,60.54,60.78,60.12,60.34,9931088.0
1709078400,60.37,60.49,60.06,60.4,8076536.0
1709164800,60.35,60.64,59.9,60.02,18152650.0
1709251200,59.9,59.9,59.34,59.53,10927560.0
1709510400,59.23,59.95,59.22,59.81,10150240.0
1709596800,59.91,60.11,59.42,59.52,12309960.0
1709683200,59.52,59.995,59.38,59.55,12378820.0
1709769600,59.69,59.77,59.24,59.44,13686860.0
1709856000,59.3,59.79,58.97,59.52,13239010.0
1710115200,59.78,60.29,59.575,60.24,14114260.0
1710201600,60.32,60.75,60.21,60.5,12684650.0
1710288000,60.88,61.21,60.8001,61.12,13909460.0
1710374400,60.58,60.8,60.4,60.5,13996610.0
1710460800,60.02,60.45,59.64,59.88,36849930.0
1710720000,59.89,60.4,59.801,60.13,15856690.0
1710806400,60.24,60.35,60.06,60.23,15030630.0
1710892800,60.18,60.81,60.155,60.75,15258760.0
1710979200,60.56,60.99,60.32,60.47,13067080.0
1711065600,60.52,60.79,60.43,60.49,11502840.0
1711324800,60.48,60.71,60.12,60.4,13144650.0
1711411200,60.5,60.71,60.38,60.54,13277390.0
1711497600,60.79,61.43,60.7,61.03,12551220.0
1711584000,61.14,61.26,60.995,61.18,13683530.0
1711929600,61.18,61.3,60.63,60.68,11668690.0
1712016000,60.45,60.73,60.11,60.15,13017260.0
1712102400,60.05,60.39,59.78,59.83,13672920.0
1712188800,60.09,60.15,59.17,59.3,14320690.0
1712275200,59.25,59.68,58.9101,59.51,10157760.0
1712534400,59.4,59.47,59.07,59.27,10284540.0
1712620800,59.48,59.74,59.13,59.72,10792140.0
1712707200,59.32,59.39,58.69,58.92,11861880.0
1712793600,59.15,59.37,58.785,59.05,11109010.0
1712880000,58.95,59.01,58.13,58.28,12250950.0
1713139200,58.61,58.805,58.04,58.14,12425050.0
1713225600,58.25,58.38,57.93,58.06,11236840.0
1713312000,58.28,58.555,58.1,58.51,13805070.0
1713398400,58.62,58.98,58.54,58.91,11125870.0
1713484800,59.1,60.355,58.995,60.17,21207850.0
1713744000,60.14,60.63,59.715,60.55,15624550.0
1713830400,60.53,60.675,60.13,60.64,13689130.0
1713916800,60.32,61.65,59.84,61.55,19548320.0
1714003200,61.87,62.59,61.37,61.74,19048540.0
1714089600,61.55,61.93,61.35,61.74,10994260.0
1714348800,61.92,62.05,61.53,62.04,13420750.0
1714435200,62.14,62.83,61.465,61.77,19349150.0
1714521600,61.8,62.57,61.21,61.93,16730830.0
1714608000,62.18,62.3991,61.72,61.99,10991300.0
1714694400,61.99,62.33,61.64,62.17,11628680.0
1714953600,62.3,62.38,61.895,62.35,9310699.0
1715040000,62.76,62.82,62.25,62.62,9807029.0
1715126400,62.85,62.97,62.48,62.85,10484410.0
1715212800,62.81,63.15,62.75,62.88,9113662.0
1715299200,62.92,63.36,62.79,63.26,8371691.0
1715558400,63.24,63.62,63.18,63.58,10137620.0
1715644800,63.58,63.76,62.8,63.1,10852230.0
1715731200,63.06,63.3915,63.0,63.13,9838897.0
1715817600,63.24,63.725,63.07,63.32,10228000.0
1715904000,63.34,63.37,62.935,63.03,11539020.0
1716163200,62.93,63.01,62.46,62.57,11000890.0
1716249600,62.82,62.98,62.44,62.91,9796202.0
1716336000,62.71,63.02,62.66,63.0,7419406.0
1716422400,62.49,62.88,62.05,62.09,9834292.0
1716508800,62.22,62.42,61.97,62.0,8203136.0
1716854400,61.79,62.13,61.4,61.82,12347000.0
1716940800,61.47,61.88,61.07,61.7,11861820.0
1717027200,61.85,62.08,61.6,61.97,9436821.0
1717113600,61.99,63.025,61.69,62.93,19816630.0
1717372800,62.71,63.09,62.445,62.93,9369046.0
1717459200,63.2,63.97,62.94,63.94,11895620.0
1717545600,63.99,64.07,63.35,63.92,9632525.0
1717632000,63.92,64.36,63.84,64.15,8658456.0
1717718400,64.09,64.225,63.81,63.91,9523089.0
1717977600,63.94,63.99,63.365,63.59,15687130.0
1718064000,63.59,63.645,63.07,63.55,8395960.0
1718150400,63.69,63.69,62.685,62.88,9569550.0
1718236800,62.86,63.035,62.45,62.99,9668888.0
1718323200,62.38,62.69,62.09,62.55,8179239.0
1718582400,62.37,62.895,62.18,62.62,10532720.0
1718668800,62.53,62.82,62.44,62.63,10651660.0
1718841600,62.4,62.74,61.945,62.18,13306270.0
1718928000,62.18,63.1,62.18,62.77,28282190.0
1719187200,62.99,64.055,62.91,63.97,13212450.0
1719273600,63.935,64.07,63.51,63.84,10546790.0
1719360000,63.4,64.11,63.23,64.05,9402502.0
1719446400,64.05,64.27,63.62,63.91,8494123.0
1719532800,63.9,64.06,63.52,63.65,17358830.0
1719792000,64.03,64.3,63.12,63.28,10033360.0
1719878400,63.26,63.38,62.855,63.15,8878156.0
1719964800,63.19,63.665,62.93,63.33,9154198.0
1720137600,63.33,63.79,62.995,63.76,11735460.0
1720396800,63.59,63.59,62.84,62.96,11235140.0
1720483200,63.06,63.23,62.59,62.69,11660200.0
1720569600,62.72,62.86,62.285,62.83,11930410.0
1720656000,62.64,63.46,62.395,63.1,11434420.0
1720742400,63.46,64.115,63.385,63.7,9201516.0
1721001600,63.79,63.94,63.35,63.41,8207521.0
1721088000,63.43,64.31,63.39,64.27,9025066.0
1721174400,64.47,65.39,64.405,65.21,12508220.0
1721260800,64.8,65.805,64.72,65.19,11128200.0
1721347200,65.64,65.64,64.82,65.29,13775670.0
1721606400,65.25,65.29,64.315,64.77,11794210.0
1721692800,65.43,66.04,64.845,64.96,11810260.0
1721779200,65.09,65.965,64.835,65.81,13244570.0
1721865600,66.04,66.89,65.86,66.07,16328580.0
1721952000,66.07,67.11,66.01,67.05,13530070.0
1722211200,66.88,67.025,66.39,66.83,12140150.0
1722297600,66.48,67.83,66.36,67.68,13257960.0
1722384000,67.5,67.61,66.61,66.74,15576850.0
1722470400,67.0,68.105,66.7,67.96,16495910.0
1722556800,68.53,69.67,67.69,69.33,22514780.0
1722816000,68.99,69.55,67.73,68.1,25484270.0
1722902400,68.15,68.84,67.77,68.05,12969100.0
1722988800,68.05,69.18,67.83,68.46,13365270.0
1723075200,68.0,68.865,67.85,68.73,15240910.0
1723161600,68.7,68.785,68.245,68.68,12080420.0
1723420800,68.45,68.54,67.83,68.17,11012320.0
1723507200,68.08,68.61,68.01,68.46,9877569.0
1723593600,68.23,68.89,68.13,68.58,14328030.0
1723680000,68.62,68.92,68.5,68.65,11285120.0
1723766400,68.84,69.3,68.64,69.18,12651230.0
1724025600,69.35,69.42,68.845,68.98,9843861.0
1724112000,68.99,69.39,68.765,69.38,11957370.0
1724198400,69.48,70.13,69.335,69.57,8792397.0
1724284800,69.92,69.92,68.79,69.33,12509200.0
1724371200,69.4,69.85,68.935,69.79,11834750.0
1724630400,69.83,70.92,69.73,70.84,12912250.0
1724716800,71.32,71.53,71.05,71.5,16988410.0
1724803200,71.61,71.81,71.295,71.75,13272580.0
1724889600,71.9,72.22,71.23,72.05,17201680.0
1724976000,72.2,72.57,71.78,72.47,18624230.0
1725321600,72.44,73.285,72.245,73.01,14755750.0
1725408000,73.3,73.53,71.91,72.56,18140830.0
1725494400,72.62,72.68,70.98,71.17,23866130.0
1725580800,70.99,71.67,70.89,71.14,17485710.0
1725840000,71.23,72.305,70.98,71.85,12939260.0
1725926400,71.97,72.42,71.52,71.55,10277590.0
1726012800,71.36,71.37,70.5701,71.08,11418230.0
1726099200,71.0,71.38,70.655,71.23,12340780.0
1726185600,70.84,71.465,70.48,71.41,11073850.0
1726444800,71.77,72.24,71.62,72.1,10786530.0
1726531200,71.9,72.35,71.725,71.8,12974380.0
1726617600,71.89,72.38,71.27,71.75,10719710.0
1726704000,71.56,71.94,70.6,70.62,13635650.0
1726790400,70.41,71.8,70.38,71.64,48578480.0
1727049600,71.55,72.2,71.18,71.73,11613020.0
1727136000,71.22,71.815,70.6,71.33,13330640.0
1727222400,71.71,71.92,71.305,71.45,12329130.0
1727308800,70.86,71.61,70.84,71.4,10815220.0
1727395200,71.54,72.2,71.46,71.79,11175710.0
1727654400,72.0,72.2,71.69,71.86,18016010.0
1727740800,72.1,72.745,71.63,71.71,13294500.0
1727827200,71.39,71.43,70.41,71.01,11155480.0
1727913600,70.86,70.99,70.2,70.52,9374794.0
1728000000,69.96,70.28,69.72,70.17,12687290.0
1728259200,70.05,70.1,68.87,69.01,14511960.0
1728345600,69.04,69.44,68.86,69.18,13549700.0
1728432000,69.19,69.74,69.07,69.57,9037735.0
1728518400,69.83,69.91,68.985,69.25,8635150.0
1728604800,69.46,69.59,68.995,69.57,8786318.0
1728864000,69.57,70.47,69.47,70.34,7659318.0
1728950400,70.46,71.21,70.16,70.34,10358730.0
1729036800,70.09,70.7,69.97,70.57,7937347.0
1729123200,70.63,70.69,69.58,69.9,14674630.0
1729209600,69.87,70.55,69.605,70.44,15087520.0
1729468800,70.0,70.325,69.305,69.45,11981160.0
1729555200,69.0,69.745,68.68,69.45,18603250.0
1729641600,66.99,68.7,66.58,68.01,24655200.0
1729728000,67.65,68.04,66.952,67.3,17568830.0
1729814400,67.07,67.7,66.79,66.92,11138130.0
1730073600,66.96,67.395,66.6,66.67,10761420.0
1730160000,66.29,66.34,65.52,65.56,16525920.0
1730246400,65.51,66.535,65.32,65.92,14177770.0
1730332800,65.81,65.99,65.255,65.31,13383720.0
1730419200,65.47,65.66,64.89,65.01,12163090.0
1730678400,65.08,65.42,64.6507,65.11,10984500.0
1730764800,64.64,65.4698,64.64,65.37,8780220.0
1730851200,64.42,64.86,63.18,63.7,22899260.0
1730937600,64.29,64.39,63.6,63.66,14856050.0
1731024000,63.91,64.24,63.74,63.92,14719310.0
1731283200,63.99,64.12,63.2509,63.36,13980870.0
1731369600,63.68,63.75,63.12,63.2,15020980.0
1731456000,63.05,63.26,62.49,63.0,13177640.0
1731542400,63.11,63.11,62.43,62.55,15910820.0
1731628800,62.49,62.63,61.39,61.74,26284330.0
1731888000,61.85,62.14,61.56,61.86,16079360.0
1731974400,61.9,62.62,61.63,62.59,16254830.0
1732060800,62.7,63.01,62.02,62.99,18904910.0
1732147200,63.15,63.81,62.95,63.76,17292300.0
1732233600,64.24,64.48,63.65,63.92,19562230.0
1732492800,64.32,64.71,63.84,64.38,36805250.0
1732579200,64.31,64.64,64.06,64.55,14473270.0
1732665600,64.96,65.1,64.25,64.43,13263400.0
1732838400,64.02,64.25,63.77,64.08,10648350.0
1733097600,64.05,64.19,63.345,63.65,16500100.0
1733184000,63.72,64.08,63.025,63.52,24874490.0
1733270400,63.275,63.35,61.9,62.21,28137660.0
1733356800,62.47,63.12,62.1,62.92,21040360.0
1733443200,62.83,63.36,62.51,62.53,15581150.0
1733702400,62.69,62.929,61.9,62.6,22348330.0
1733788800,62.7,63.04,61.79,62.91,14949420.0
1733875200,63.0,63.63,62.4,62.64,32819010.0
1733961600,63.55,63.92,63.22,63.84,17542090.0
1734048000,63.57,63.835,63.11,63.12,13429030.0
1734307200,63.23,63.86,62.35,62.55,24559740.0
1734393600,62.45,63.55,62.32,63.4,21902380.0
1734480000,62.81,63.64,62.79,62.85,20946090.0
1734566400,62.7,63.17,62.4,62.45,21300650.0
1734652800,62.47,63.06,62.28,62.55,42458100.0
1734912000,62.5,62.76,61.5318,62.38,13010760.0
1734998400,62.2,62.84,62.01,62.84,5019131.0
1735171200,62.62,62.74,62.4,62.57,7945641.0
1735257600,62.45,62.95,62.209,62.45,8542773.0
1735516800,62.34,62.34,61.68,62.03,8972212.0
1735603200,62.02,62.43,61.8,62.26,9256664.0
1735776000,62.35,62.75,61.62,61.84,12990980.0
1735862400,61.9,62.075,61.62,61.75,10403200.0
1736121600,61.5,61.565,60.66,60.81,17924240.0
1736208000,61.11,61.7175,60.615,60.84,17799630.0
1736294400,60.99,61.77,60.93,61.71,14412400.0
1736467200,61.58,61.65,60.73,61.07,22424950.0
1736726400,61.13,61.845,60.71,61.65,18016170.0
1736812800,61.655,62.065,61.3,62.04,16658290.0
1736899200,62.33,62.62,61.68,61.77,16187200.0
1736985600,61.42,62.3,61.32,62.25,12585530.0
1737072000,62.31,62.765,62.17,62.71,17948870.0
1737417600,62.9,63.23,62.3,62.42,19817070.0
1737504000,62.12,62.285,61.66,61.78,18191890.0
1737590400,61.8,61.98,61.37,61.53,16528420.0
1737676800,61.72,62.01,61.435,61.92,19244600.0
1737936000,62.87,64.18,62.473,63.87,20742920.0
1738022400,63.51,64.04,62.28,62.36,14956030.0
1738108800,62.56,63.36,62.55,62.83,11325640.0
1738195200,63.85,64.285,63.23,64.05,13200980.0
1738281600,63.7,63.93,63.39,63.48,12102060.0
1738540800,63.18,63.6299,62.43,63.35,12067880.0
1738627200,63.61,63.63,62.35,62.67,15678000.0
1738713600,62.72,63.29,62.585,63.12,10686750.0
1738800000,63.62,63.74,62.91,63.36,13423410.0
1738886400,63.43,63.92,63.27,63.84,13184670.0
1739145600,64.1,64.65,63.66,64.55,16154300.0
1739232000,67.5,67.67,66.41,67.6,30589150.0
1739318400,66.87,68.82,66.87,68.71,26033760.0
1739404800,69.0,69.61,68.762,69.5,24393150.0
1739491200,69.365,70.03,68.76,68.87,20779090.0
1739836800,68.55,69.37,68.42,69.05,15569120.0
1739923200,69.21,70.13,69.17,70.07,16032270.0
1740009600,69.71,70.07,69.42,70.04,13398010.0
1740096000,70.32,71.6,70.13,71.35,21662250.0
1740355200,70.84,71.73,70.33,70.59,21418440.0
1740441600,70.86,71.7699,70.73,71.49,21555590.0
1740528000,71.27,71.275,70.525,70.8,14531180.0
1740614400,70.72,71.535,70.42,70.87,16789480.0
1740700800,71.45,71.57,70.56,71.21,22167380.0
1740960000,70.24,72.36,69.73,72.32,21717600.0
1741046400,72.07,72.65,69.88,70.19,25411860.0
1741132800,69.9,70.74,69.84,70.08,23933630.0
1741219200,70.41,70.529,69.45,70.46,21694030.0
1741305600,69.65,71.82,69.65,71.43,28393260.0
1741564800,71.96,73.22,71.315,71.45,25251190.0
1741651200,71.875,72.04,70.61,71.04,28076440.0
1741737600,70.37,70.73,69.74,69.94,18923300.0
1741824000,70.25,70.25,69.281,69.62,15746570.0
1741910400,68.51,69.26,68.3803,69.16,14205090.0
1742169600,69.24,70.17,69.08,70.12,15634810.0
1742256000,70.11,70.19,69.3,69.38,12657620.0
1742342400,68.55,69.38,68.54,69.28,14780010.0
1742428800,69.305,69.81,69.09,69.71,16295260.0
1742515200,69.71,69.97,68.18,68.67,47479470.0
1742774400,68.8,69.08,68.33,68.95,12575410.0
1742860800,68.95,69.08,68.6,68.81,12513900.0
1742947200,68.92,70.35,68.9,70.02,14482760.0
1743033600,70.18,70.985,70.07,70.74,11663370.0
1743120000,70.81,71.315,69.53,70.37,17412920.0
1743379200,70.73,71.9375,70.49,71.62,24016870.0
1743465600,71.68,71.91,71.185,71.87,15309150.0
1743552000,71.96,72.36,71.05,71.33,14606520.0
1743638400,72.48,73.95,72.32,73.18,24959590.0
1743724800,72.42,73.01,69.79,69.93,26517290.0
1743984000,66.23,69.38,66.05,68.37,34258360.0
1744070400,68.96,69.9815,67.76,68.42,22774430.0
1744156800,67.92,70.47,67.28,69.95,27918680.0
1744243200,70.19,71.205,68.98,70.76,22450160.0
1744329600,70.905,71.85,70.54,71.43,19988200.0
1744588800,71.3,72.66,70.93,72.45,13930210.0
1744675200,72.62,72.63,71.725,71.86,14965490.0
1744761600,72.36,72.665,71.385,71.68,15276220.0
1744848000,71.9,73.425,71.72,73.0,20754500.0
1745193600,73.38,73.4723,71.82,72.77,16037190.0
1745280000,73.0,74.38,72.92,73.9,15613520.0
1745366400,73.29,73.95,72.38,73.3,16353930.0
1745452800,73.02,73.425,72.3,72.52,16893860.0
1745539200,72.65,72.92,71.125,71.91,16315980.0
1745798400,72.075,72.26,71.31,71.79,15997500.0
1745884800,71.19,72.71,70.28,72.35,16244060.0
1745971200,73.35,73.48,71.685,72.55,21074650.0
1746057600,72.0,72.04,71.23,71.29,18034160.0
1746144000,71.5,71.815,71.095,71.65,12629590.0
1746403200,71.67,71.8,71.01,71.7,11932690.0
1746489600,71.675,71.9,71.16,71.72,12705480.0
1746576000,71.72,72.685,71.67,72.4,15025790.0
1746662400,72.2,72.47,71.13,71.17,14371060.0
1746748800,70.99,71.15,70.46,70.52,11228950.0
1747008000,70.145,70.33,68.7,69.53,21539010.0
1747094400,69.59,69.69,68.87,68.96,14389050.0
1747180800,68.88,69.34,68.58,69.16,16286800.0
1747267200,69.7,71.73,69.6,71.61,19817100.0
1747353600,71.86,72.26,71.43,72.0,18441200.0
1747612800,72.03,72.17,71.64,71.93,13282780.0
1747699200,71.8,72.13,71.43,71.69,12137800.0
1747785600,71.69,72.08,71.585,71.85,12094420.0
1747872000,71.84,71.985,70.96,71.14,11101800.0
1747958400,71.54,71.98,70.685,71.77,12822150.0
1748304000,71.74,72.22,71.56,71.78,10666100.0
1748390400,71.7,71.9,71.05,71.15,8710896.0
1748476800,71.0,71.66,70.46,71.49,10294100.0
1748563200,71.605,72.47,71.605,72.1,28019550.0
1748822400,72.025,72.04,71.36,72.0,10202740.0
1748908800,71.71,71.78,70.475,71.16,20139770.0
1748995200,71.26,71.845,70.68,71.37,13565890.0
1749081600,71.38,71.455,70.835,70.91,13535620.0
1749168000,71.085,71.48,70.9448,71.35,9524036.0
1749427200,71.35,71.83,71.09,71.77,12281340.0
1749513600,71.9,72.685,71.76,72.35,12264970.0
1749600000,72.265,72.36,71.76,72.07,12718510.0
1749686400,72.25,72.3999,71.6,72.24,12806910.0
1749772800,71.77,71.88,70.73,71.02,17467160.0
1750032000,71.2,71.62,70.24,70.52,15045880.0
1750118400,70.38,70.46,69.58,69.62,15437030.0
1750204800,70.0,70.0,69.09,69.21,16227580.0
1750377600,69.09,69.5554,68.78,68.84,40859430.0
1750636800,69.14,69.81,68.97,69.74,21822770.0
1750723200,69.945,70.35,69.685,70.21,15216080.0
1750809600,69.925,70.02,69.43,69.63,12540370.0
1750896000,69.7,69.92,69.145,69.47,14454090.0
1750982400,69.59,70.56,69.47,70.33,23470690.0
1751241600,70.125,70.79,70.09,70.75,15428970.0
1751328000,70.99,72.45,70.9,71.67,21729280.0
1751414400,71.69,71.825,70.735,70.91,13050240.0
1751500800,71.04,71.395,70.45,71.35,9440457.0
1751846400,71.37,71.37,70.8,71.01,16984680.0
1751932800,70.68,70.68,69.88,70.24,17115520.0
1752019200,70.16,70.25,68.97,69.48,33704120.0
1752105600,69.29,69.845,69.16,69.77,14615050.0
1752192000,69.565,70.155,69.25,69.87,12916670.0
1752451200,69.8,70.08,69.2719,69.47,13983250.0
1752537600,69.51,69.55,69.15,69.36,12639810.0
1752624000,69.35,69.5,68.79,69.27,13178290.0
1752710400,69.81,70.685,69.51,70.59,20464660.0
1752796800,70.445,70.7,69.835,69.85,14927950.0
1753056000,70.195,70.62,69.93,70.07,17811720.0
1753142400,69.45,70.2592,68.69,69.66,22339880.0
1753228800,69.66,69.74,68.6,69.16,21029990.0
1753315200,69.255,69.55,68.99,69.1,12511370.0
1753401600,69.13,69.23,68.75,69.17,12574820.0
1753660800,68.74,68.9,68.06,68.09,13668800.0
1753747200,68.34,69.42,68.15,69.38,16223380.0
1753833600,69.11,69.33,68.525,68.75,10448180.0
1753920000,68.15,68.65,67.74,67.89,17193420.0
1754006400,68.595,69.04,68.27,68.86,16107510.0
1754265600,68.715,69.085,68.31,68.96,10701530.0
1754352000,68.9,69.485,68.75,69.05,11993390.0
1754438400,69.12,69.8,68.63,69.51,10782980.0
1754524800,69.46,70.715,69.33,70.43,15790800.0
1754611200,70.365,70.871,70.08,70.34,9232651.0
1754870400,70.3,70.86,69.96,70.75,10909370.0
1754956800,70.815,71.06,70.22,70.71,11065040.0
1755043200,70.69,70.77,70.23,70.46,10356520.0
1755129600,70.38,70.46,69.39,69.55,10722370.0
1755216000,69.74,70.385,69.57,69.92,12381110.0
1755475200,69.98,70.05,69.05,69.13,14094880.0
1755561600,69.3,70.22,69.24,70.13,13862210.0
1755648000,70.74,71.705,70.405,70.7,17530850.0
1755734400,70.6,70.905,70.33,70.66,8840427.0
1755820800,70.96,71.02,69.92,70.13,12999610.0
1756080000,70.11,70.23,68.715,68.93,13634560.0
1756166400,69.04,69.08,68.575,68.73,17964230.0
1756252800,68.82,68.87,68.465,68.83,11562740.0
1756339200,68.88,68.9,68.28,68.36,16209870.0
1756425600,68.67,69.14,68.425,68.99,14601090.0
1756771200,68.96,69.34,68.255,69.06,24770070.0
1756857600,68.66,69.095,67.37,68.99,33581490.0
1756944000,69.11,69.46,68.115,68.25,16736010.0
1757030400,68.01,68.58,67.87,67.96,23978000.0
1757289600,67.855,67.88,67.16,67.43,21671750.0
1757376000,67.28,68.105,67.28,67.86,14120570.0
1757462400,67.79,68.0854,67.21,67.82,16041930.0
1757548800,67.92,68.165,67.58,67.62,15128730.0
1757635200,67.6,67.715,66.935,67.01,18712350.0
1757894400,66.68,66.78,66.1,66.21,15986130.0
1757980800,66.35,66.51,66.055,66.24,18555910.0
1758067200,66.405,67.13,66.405,67.04,17372330.0
1758153600,66.8,67.035,66.35,66.46,17722920.0
1758240000,66.49,66.73,66.045,66.43,31192850.0
1758499200,66.16,66.59,66.08,66.21,13298740.0
1758585600,66.35,66.76,65.9,66.71,15072790.0
1758672000,66.405,66.78,65.96,66.45,14759290.0
1758758400,66.75,66.92,65.95,65.98,14395010.0
1758844800,66.07,66.335,65.5,65.67,17821570.0
1759104000,65.67,66.1,65.3538,66.04,14818530.0
1759190400,66.07,66.64,65.9601,66.32,13814990.0
1759276800,66.505,66.83,66.29,66.78,14877540.0
1759363200,66.525,66.65,65.86,66.1,14350720.0
1759449600,66.1,66.985,66.04,66.65,12249240.0
1759708800,66.49,66.5,65.84,66.1,14333320.0
1759795200,66.225,67.26,65.87,66.79,13328270.0
1759881600,66.665,66.87,66.06,66.12,12606680.0
1759968000,66.29,66.8,66.12,66.37,12705190.0
1760054400,66.52,67.395,66.375,67.04,17991740.0
1760313600,66.23,66.8,66.0,66.8,13690030.0
1760400000,66.87,67.57,66.745,67.51,14245560.0
1760486400,67.265,67.72,66.92,67.08,11193720.0
1760572800,67.175,68.105,67.16,67.59,15707230.0
1760659200,68.0,68.495,67.8,68.44,15541770.0
1760918400,68.425,68.64,67.92,68.44,17786780.0
1761004800,70.565,71.39,70.23,71.22,33651300.0
1761091200,71.36,71.615,70.51,70.81,18292950.0
1761177600,70.81,70.9287,69.72,69.94,13989410.0
1761264000,69.91,70.05,69.645,69.71,15688200.0
1761523200,69.78,70.115,69.25,70.06,13800050.0
1761609600,70.045,70.9,69.95,70.16,12730490.0
1761696000,69.92,70.03,68.155,68.35,19789610.0
1761782400,68.45,69.29,68.3872,68.98,14751740.0
1761868800,68.545,69.07,67.9001,68.9,16742680.0
1762128000,68.8,68.89,67.66,67.97,15660350.0
1762214400,68.47,68.73,68.16,68.66,12743780.0
1762300800,68.66,68.83,68.175,68.51,12850130.0
1762387200,68.3,69.135,67.92,69.06,15906650.0
1762473600,69.81,70.87,69.41,70.55,25108310.0
1762732800,70.01,70.66,69.44,70.52,15317990.0
1762819200,70.98,71.75,70.66,71.61,16160210.0
1762905600,71.49,71.89,71.34,71.51,13612610.0
1762992000,71.415,71.6675,71.0,71.07,14002820.0
1763078400,71.405,71.64,70.6,71.16,13172020.0
1763337600,71.2,71.525,70.62,70.68,14772290.0
1763424000,70.99,71.34,70.57,71.22,12838920.0
1763510400,71.2,71.445,70.8143,71.11,12401530.0
1763596800,70.95,71.48,70.61,71.21,15396540.0
1763683200,71.68,73.19,71.485,72.95,26492530.0
1763942400,73.16,73.16,71.57,72.59,39818550.0
1764028800,72.795,72.925,72.1395,72.61,17451160.0
1764115200,72.6,73.085,72.39,72.88,11795060.0
1764288000,73.0,73.23,72.76,73.12,7423049.0
1764547200,72.6,72.905,71.93,71.95,14388080.0
1764633600,71.8,71.8,70.43,70.67,19871300.0
1764720000,70.88,71.4,70.61,70.81,17001670.0
1764806400,70.83,71.34,70.3701,70.45,17710030.0
1764892800,70.315,70.71,69.8735,70.0,13978240.0
1765152000,69.84,70.38,69.49,70.25,17775100.0
1765238400,70.37,70.625,69.83,70.09,13010620.0
1765324800,70.39,70.53,69.78,70.21,29789360.0
1765411200,70.55,70.69,68.79,69.11,23124160.0
1765497600,69.11,70.6199,69.04,70.52,18444510.0
1765756800,70.43,71.315,70.32,70.97,18660050.0
1765843200,71.3,71.3,70.32,70.37,17370020.0
1765929600,70.57,70.92,70.305,70.67,13672700.0
1766016000,70.27,70.795,70.17,70.36,15524800.0
1766102400,70.06,70.765,70.03,70.06,36911060.0
1766361600,69.93,70.22,69.655,70.21,12828520.0
1766448000,70.2,70.255,69.69,69.87,9471036.0
1766534400,69.895,70.16,69.75,70.11,4515327.0
1766707200,69.95,70.16,69.725,69.87,5711350.0
1766966400,70.0,70.42,69.85,70.16,9686936.0
1767052800,70.0,70.235,69.8,70.07,8610896.0
1767139200,70.07,70.16,69.8801,69.91,8127801.0
1767312000,69.85,69.87,68.975,69.12,12151310.0
1767571200,68.92,68.92,67.92,67.94,21186640.0
1767657600,68.01,68.25,67.59,67.84,21019860.0
1767744000,67.99,68.07,67.274,67.54,20223360.0
1767830400,67.54,69.455,67.45,69.37,19236980.0
1767916800,69.43,70.66,69.12,70.51,19638650.0
1768176000,70.895,70.965,70.235,70.5,20582470.0
1768262400,70.42,71.24,70.27,71.24,18324760.0
1768348800,71.17,71.71,70.81,71.44,16739070.0
1768435200,71.59,71.6,70.365,70.48,15464120.0
1768521600,70.29,70.74,70.04,70.44,20027540.0
1768867200,70.0,71.78,69.79,71.75,22152210.0
1768953600,71.98,72.24,70.83,72.01,21660570.0
1769040000,71.825,72.04,71.44,71.87,13962780.0
1769126400,72.015,73.06,71.775,72.88,18307080.0
1769385600,72.86,73.295,72.54,72.56,14017420.0
1769472000,72.44,73.5551,72.268,73.55,13239180.0
1769558400,73.21,73.62,72.565,73.06,14633680.0
1769644800,73.18,74.085,73.14,73.43,20862070.0
1769731200,73.71,74.895,73.54,74.81,26420470.0
1769990400,75.01,75.695,74.4,75.33,19301500.0
1770076800,75.27,77.5,75.13,76.89,27007050.0
1770163200,77.265,78.105,77.08,77.35,28607290.0
1770249600,77.82,78.855,77.59,78.51,21633460.0
1770336000,78.5,79.2,78.26,79.03,18512360.0
1770595200,78.67,79.11,77.535,77.97,23415620.0
1770681600,76.63,77.51,76.01,76.81,28848180.0
1770768000,76.88,79.05,76.58,78.6,22649710.0
1770854400,78.98,80.41,78.79,79.0,26043530.0
1770940800,78.45,79.4,78.13,78.68,16711870.0
1771286400,78.99,79.635,78.74,79.56,16260200.0
1771372800,79.5,79.84,78.9232,79.49,16304880.0
1771459200,79.46,79.6712,78.59,78.91,14924650.0
1771545600,79.33,79.84,78.89,79.84,17175100.0
1771804800,79.52,80.845,79.5,80.56,17157670.0
1771891200,80.54,81.09,79.85,80.72,16448500.0
1771977600,80.4,80.69,79.555,80.47,18086880.0
1772064000,80.75,80.89,80.021,80.5,12843190.0
1772150400,80.94,82.0,80.82,81.56,28483490.0
1772409600,81.25,81.4,80.15,80.22,18137230.0
1772496000,79.86,80.08,78.555,79.34,20549270.0
1772582400,79.29,79.47,77.75,78.1,21011850.0
1772668800,77.675,77.72,76.495,77.03,23165650.0
1772755200,76.8,77.19,76.35,77.04,15516030.0
1773014400,76.62,78.07,76.53,77.8,18554050.0
1773100800,77.475,78.405,77.1,77.88,17243870.0
1773187200,77.71,77.71,76.595,77.63,11551200.0
1773273600,77.42,78.16,76.895,77.61,16842180.0
1773360000,77.47,78.045,77.19,77.34,11974500.0
1773619200,78.0,78.43,77.74,77.82,11761240.0
1773705600,78.0,78.3,77.451,77.58,14900070.0
1773792000,77.08,77.125,75.85,75.97,13134640.0
1773878400,76.0,76.45,75.525,75.55,13023340.0
1773964800,75.565,76.05,74.39,74.75,33298720.0
1774224000,75.34,75.4471,74.55,75.11,15054920.0
1774310400,74.86,75.685,74.63,74.67,15653730.0
1774396800,74.59,75.645,74.07,75.25,14787910.0
1774483200,75.19,75.745,74.65,74.69,11202130.0
1774569600,74.82,76.05,74.7,75.71,17461030.0
1774828800,75.93,76.995,75.72,76.27,18502820.0
1774915200,76.53,77.015,75.505,76.05,18301810.0
1775001600,76.15,76.36,75.26,76.08,15834260.0
1775088000,76.58,76.958,76.12,76.72,14573420.0
1775433600,76.64,77.275,76.2218,77.22,8259893.0
1775520000,77.2,77.595,75.625,75.91,12769170.0
1775606400,75.81,77.37,75.315,77.29,12331300.0
1775692800,76.65,78.29,76.37,78.18,14310990.0
1775779200,77.98,78.17,77.305,77.47,11081410.0
1776038400,77.32,77.45,75.825,76.41,12696170.0
1776124800,75.97,76.62,75.8,75.9,12397630.0
1776211200,75.74,75.74,74.72,75.31,16212100.0
1776297600,75.03,75.835,74.9,75.18,11501940.0
1776384000,74.95,76.055,74.8,75.74,15033870.0
1776643200,75.82,76.22,75.36,75.48,10141760.0
1776729600,75.475,75.53,74.615,74.7,11806940.0
1776816000,74.9,75.38,74.55,74.63,9352264.0
1776902400,75.44,76.66,75.16,76.28,12060270.0
1776988800,76.71,77.005,76.17,76.63,12008680.0
1777248000,76.71,76.71,75.4,75.44,15812210.0
1777334400,79.52,80.32,78.075,78.35,30710680.0
1777420800,78.37,79.275,78.19,78.87,18294750.0
1777507200,78.795,79.12,78.325,78.76,15142170.0
1777593600,79.29,79.64,78.035,78.58,12610370.0
1777852800,78.06,78.77,77.73,78.19,12672440.0
1777939200,78.19,78.78,77.74,78.48,11637540.0
1778025600,78.78,79.33,78.565,79.23,14060320.0
1778112000,78.79,79.145,78.095,78.43,16531420.0
1778198400,78.565,79.2,78.115,78.42,12447170.0
1778457600,78.16,78.73,77.8423,78.66,10967890.0
1778544000,79.0,80.32,78.28,80.03,19883100.0
1778630400,79.865,81.03,79.84,80.26,12356950.0
1778716800,80.73,80.92,79.91,80.45,10641990.0
1778803200,81.36,81.36,80.45,80.82,17527200.0
1779062400,80.87,81.385,80.39,81.2,12375520.0
1779148800,81.405,82.6635,81.26,81.92,16595250.0
1779235200,82.17,82.4,81.52,81.55,16999670.0
1779321600,81.79,81.8007,80.72,81.17,15708430.0
1779408000,81.18,81.675,80.92,81.48,8244441.0
1779753600,80.84,81.6,80.24,80.46,13012310.0
1779840000,81.1,82.51,80.8,81.62,13212860.0
1779926400,81.32,81.76,80.335,80.41,14691360.0
1780012800,80.04,80.33,78.905,79.01,32476970.0
1780272000,78.575,79.2,78.43,78.64,12776260.0
1780358400,78.88,79.2,78.245,78.41,12533220.0
1780444800,78.285,79.03,78.11,78.76,14964270.0
1780531200,79.78,80.04,76.81,76.82,19361650.0
1780617600,77.51,80.7393,77.48,79.48,25708070.0
1780876800,79.31,79.93,79.1,79.54,12828920.0
1780963200,79.55,81.76,79.38,81.34,20591570.0
1781049600,82.68,83.85,82.12,83.59,20880460.0
1781136000,83.92,84.04,82.485,82.53,14264530.0
1781222400,82.71,82.89,81.87,82.62,11757680.0
1781481600,81.08,81.2,80.25,80.91,20055210.0
1781568000,81.15,81.39,79.84,80.28,17565150.0
1781654400,79.95,80.33,78.99,79.93,17055400.0
1781740800,79.87,80.01,78.74,79.39,46857950.0
1782086400,79.25,80.055,79.06,79.53,21205890.0
1782172800,81.325,81.325,79.83,80.31,16853960.0
1782259200,80.89,81.575,80.56,80.6,20632550.0
1782345600,80.53,81.38,79.97,80.42,16034480.0
1782432000,80.96,82.81,80.695,82.63,53357490.0
1782691200,82.83,83.62,82.205,82.65,15015760.0
1782777600,82.5,82.5381,81.01,81.27,16422120.0
1782864000,81.7,81.975,80.96,81.29,21734810.0
1782950400,81.63,84.14,81.395,84.14,18320540.0
1783296000,84.1,84.56,82.315,82.96,18992640.0
1783382400,84.6,85.68,83.64,84.05,17835230.0
1783468800,84.17,84.83,83.27,83.4,14160010.0
1783555200,82.09,82.815,81.71,82.63,15782460.0
1783641600,82.73,83.735,82.406,83.49,10694620.0
1783900800,83.9,84.68,83.67,84.25,12085770.0
1783987200,84.17,84.6299,83.08,83.08,13775390.0
1784073600,82.93,83.235,82.23,82.45,18383760.0
1784160000,83.5,84.95,83.28,84.92,17889850.0
1784246400,85.37,85.555,80.83,81.56,32902960.0
1784505600,81.55,82.37,81.3,82.12,14967200.0
1784592000,81.97,82.395,81.32,81.97,12949410.0
1784678400,82.85,82.92,81.955,82.2,11701280.0
1784764800,81.67,81.869,80.88,81.17,13755640.0
1784851200,81.57,82.33,80.9,82.25,11980400.0
1785110400,83.075,84.135,82.5,84.07,19937640.0
1785196800,88.295,90.22,86.25,88.27,34982910.0
1785283200,88.65,90.92,88.64,89.08,21711750.0
1785369600,87.63,88.64,87.21,88.49,17626060.0
1785456000,87.66,88.0,86.82,87.59,14725880.0
1785715200,88.48,88.48,86.63,86.86,23197090.0
1785801600,85.79,86.68,85.16,86.56,17085650.0
1785888000,87.05,87.15,86.185,86.83,15868650.0
1785974400,87.86,87.97,86.42,86.85,13568500.0
1786060800,86.51,87.165,86.19,87.05,11221650.0
1786320000,87.11,87.53,86.43,86.87,13710830.0
1786406400,86.62,87.05,86.105,86.48,16017980.0
1786492800,85.78,87.29,85.66,86.71,12651950.0
1786579200,87.14,87.75,86.91,87.42,10140620.0
1786665600,87.3,87.97,87.2,87.71,9166442.0
1786924800,87.3,88.02,86.85,86.98,12056410.0
1787011200,88.4,88.96,87.88,88.82,12524520.0
1787097600,88.59,90.76,88.59,90.35,15993860.0
1787184000,90.18,91.865,89.73,90.5,14928010.0
1787270400,90.85,91.2,90.32,91.1,15595840.0
1787529600,92.12,92.49,91.45,91.99,14787700.0
1787616000,91.57,92.08,91.3001,91.64,11942070.0
1787702400,92.21,92.21,90.0,90.08,17133850.0
1787788800,89.405,90.025,88.955,89.06,13452630.0
1787875200,89.21,90.035,89.07,89.66,9889569.0
1788134400,89.505,89.53,88.6,88.67,23771380.0
1788220800,89.59,89.78,87.81,88.0,14832920.0
1788307200,87.895,88.95,87.73,88.24,18496490.0
1788393600,88.11,89.225,88.01,88.81,13766580.0
1788480000,88.585,88.905,87.85,88.07,17295130.0
1788825600,87.55,88.545,87.55,88.36,19426900.0
1788912000,88.31,88.4,87.41,87.55,12343680.0
1788998400,88.58,88.96,87.795,87.83,12026800.0
1789084800,88.44,88.65,87.805,88.29,9990959.0
1789344000,90.0,90.36,88.865,89.35,14071440.0
1789430400,88.53,88.895,87.804,88.71,13152140.0
1789516800,88.48,88.66,87.74,87.87,17083830.0
1789603200,88.075,88.33,87.51,88.06,16563550.0
1789689600,87.8,88.285,87.52,88.25,28048230.0
1789948800,88.32,88.5,87.12,87.12,18100420.0
1790035200,87.6,88.97,87.455,88.61,17273400.0
1790121600,88.95,88.995,87.605,88.09,13016440.0
1790208000,88.82,89.36,88.1,88.1,13169050.0
