timestamp,open,high,low,close,volume
1474848000,81.0,81.15,79.499,79.52,4332389.0
1474934400,80.62,80.925,79.61,80.88,6888929.0
1475020800,80.84,81.17,80.02,80.71,2467803.0
1475107200,80.35,80.47,79.23,79.74,3267891.0
1475193600,80.1,80.65,80.03,80.26,3622982.0
1475452800,80.0,81.07,79.69,81.0,3983503.0
1475539200,81.06,81.41,80.68,81.11,3184046.0
1475625600,81.35,82.09,81.234,81.75,3556246.0
1475712000,81.25,81.78,80.73,81.47,2994111.0
1475798400,81.57,82.31,81.3,82.09,4241161.0
1476057600,82.13,83.24,82.1,83.06,4600596.0
1476144000,82.6,82.85,81.25,81.81,4218223.0
1476230400,81.81,82.22,80.46,80.51,3622844.0
1476316800,79.93,80.4854,79.6,80.0,3565014.0
1476403200,80.17,80.32,79.21,79.27,3143876.0
1476662400,79.53,79.53,78.01,78.53,3880372.0
1476748800,79.09,79.145,78.5,78.77,3218290.0
1476835200,78.96,79.33,78.53,78.56,2988801.0
1476921600,78.73,79.11,78.39,78.74,2661919.0
1477008000,78.54,78.78,78.08,78.25,3211716.0
1477267200,78.49,78.69,77.44,77.57,4350818.0
1477353600,76.88,78.28,75.5,77.75,8496026.0
1477440000,77.42,77.65,76.37,76.76,2988727.0
1477526400,77.36,77.42,76.13,76.16,3788300.0
1477612800,75.62,75.68,73.86,74.53,5651141.0
1477872000,74.63,74.74,73.8,73.84,3562142.0
1477958400,73.81,73.98,71.85,72.98,8190224.0
1478044800,73.15,73.49,72.64,72.65,4433829.0
1478131200,72.81,73.28,71.88,72.11,4843213.0
1478217600,72.12,73.03,71.67,72.49,3593709.0
1478476800,73.22,73.93,73.05,73.88,4964475.0
1478563200,73.57,74.47,73.36,74.02,2682655.0
1478649600,77.15,79.3,76.576,78.39,7325134.0
1478736000,78.96,79.7,78.0,78.34,6904770.0
1478822400,77.97,78.09,76.79,77.67,3072650.0
1479081600,78.01,78.24,76.69,77.02,3218026.0
1479168000,77.43,77.54,76.18,77.32,3097568.0
1479254400,77.52,77.52,76.82,76.94,1922103.0
1479340800,77.0,77.81,76.73,77.71,4516171.0
1479427200,77.58,77.92,76.52,76.67,4571592.0
1479686400,76.8,77.04,76.1,76.64,4060174.0
1479772800,77.81,77.81,75.5,75.99,5208707.0
1479859200,64.34,68.43,64.18,68.0,53939850.0
1480032000,68.53,69.14,67.7801,69.12,8620682.0
1480291200,68.43,68.43,67.1,67.2,12456690.0
1480377600,67.57,67.64,66.48,67.15,8930019.0
1480464000,67.3,67.82,66.81,67.12,9085283.0
1480550400,67.29,67.3,65.66,65.97,7166156.0
1480636800,66.3,68.39,65.96,67.71,12263980.0
1480896000,68.16,68.31,66.74,67.26,7285932.0
1480982400,67.2,67.925,67.13,67.8,4616681.0
1481068800,67.25,67.38,66.56,67.38,5835478.0
1481155200,67.05,67.27,66.39,67.19,4811270.0
1481241600,67.38,68.17,67.22,67.85,4350639.0
1481500800,67.98,68.54,67.42,67.61,5273087.0
1481587200,67.99,68.89,67.99,68.64,5941522.0
1481673600,68.42,68.92,67.54,67.67,6139799.0
1481760000,70.37,71.59,69.66,71.37,14321210.0
1481846400,72.86,73.71,71.76,73.31,17584190.0
1482105600,73.48,74.49,73.295,73.42,6102447.0
1482192000,73.6476,74.0998,73.0,73.38,6001496.0
1482278400,73.33,73.89,73.1,73.25,5049690.0
1482364800,73.16,73.48,72.68,73.26,4827503.0
1482451200,73.48,74.0,73.26,73.79,2570473.0
1482796800,74.06,74.46,73.68,73.81,2786711.0
1482883200,73.66,73.78,72.97,73.06,3218820.0
1482969600,73.39,73.87,73.24,73.56,3031924.0
1483056000,73.47,73.75,73.23,73.55,2934136.0
1483401600,73.94,74.67,73.54,74.6,3623461.0
1483488000,74.95,75.0,74.3801,74.72,3021517.0
1483574400,74.93,77.87,74.431,75.59,3310765.0
1483660800,75.46,76.065,75.03,75.67,2296638.0
1483920000,75.67,76.6225,75.51,76.27,3204200.0
1484006400,76.44,76.56,75.81,76.27,3559303.0
1484092800,76.51,76.92,74.0,75.26,7701738.0
1484179200,74.85,77.5,74.76,77.15,11901120.0
1484265600,76.92,78.12,76.38,77.4,5602569.0
1484611200,77.06,77.06,75.87,76.85,4909116.0
1484697600,77.32,77.71,76.88,77.53,3360339.0
1484784000,77.47,77.62,76.76,76.84,4438697.0
1484870400,77.02,77.41,76.471,76.81,4366825.0
1485129600,76.24,76.88,76.16,76.32,5054869.0
1485216000,76.2,76.43,74.17,74.85,6587178.0
1485302400,75.07,75.6,74.27,74.85,4825369.0
1485388800,74.98,75.35,74.54,74.58,3743972.0
1485475200,74.92,75.4,74.505,75.38,3127944.0
1485734400,75.09,75.175,74.25,74.7,5909455.0
1485820800,74.25,77.28,74.0,77.03,6964085.0
1485907200,77.9,78.57,76.91,77.6,4959215.0
1485993600,76.99,77.91,76.55,77.39,3830839.0
1486080000,77.47,77.88,76.71,77.23,3619175.0
1486339200,76.92,77.845,76.76,77.83,2835509.0
1486425600,77.68,78.01,77.32,77.7,3346665.0
1486512000,77.44,78.65,77.19,78.11,2821567.0
1486598400,78.12,78.59,77.69,77.7,2962614.0
1486684800,77.87,78.25,77.6,77.79,2598619.0
1486944000,77.57,78.055,77.53,77.77,2097646.0
1487030400,77.5,78.83,77.25,78.81,3310274.0
1487116800,78.34,80.54,78.05,80.25,4269718.0
1487203200,80.05,80.38,79.41,80.04,3630059.0
1487289600,80.14,81.0,80.07,80.39,3106548.0
1487635200,80.17,80.87,80.11,80.36,3178822.0
1487721600,80.42,81.21,80.3301,81.07,3468634.0
1487808000,81.38,82.88,81.14,82.55,6189521.0
1487894400,82.42,83.24,82.24,82.87,4016045.0
1488153600,82.83,83.4,82.66,83.06,3103985.0
1488240000,82.82,83.48,82.58,82.81,3671944.0
1488326400,83.44,84.135,82.97,83.85,3420466.0
1488412800,83.87,83.945,82.835,82.91,3371556.0
1488499200,82.7,83.9,82.6,83.78,2649606.0
1488758400,83.25,84.28,82.95,83.83,3956354.0
1488844800,82.95,83.14,81.37,82.74,5570598.0
1488931200,82.74,83.985,82.67,83.41,4491834.0
1489017600,83.67,84.77,83.51,84.55,5861915.0
1489104000,84.5,84.55,83.901,84.36,3629912.0
1489363200,84.51,84.55,83.83,84.14,2248086.0
1489449600,84.0,84.55,83.918,84.46,2838652.0
1489536000,84.43,86.14,84.37,85.88,4883362.0
1489622400,85.54,85.54,83.8,84.99,4742734.0
1489708800,84.435,84.75,83.83,83.96,5786586.0
1489968000,84.6,84.86,83.965,84.06,3121865.0
1490054400,84.34,84.95,83.63,83.73,4066744.0
1490140800,84.09,84.55,83.47,84.36,2848715.0
1490227200,83.92,85.05,83.92,84.42,3021071.0
1490313600,84.3,84.98,83.8639,84.18,2474111.0
1490572800,83.9,84.44,83.74,84.24,2340427.0
1490659200,84.27,85.0,84.04,84.75,2754894.0
1490745600,84.55,84.76,84.32,84.44,2066642.0
1490832000,84.57,84.95,84.08,84.76,3204718.0
1490918400,84.4,84.94,84.08,84.11,3151923.0
1491177600,84.13,84.81,84.07,84.45,2429899.0
1491264000,84.53,86.39,84.29,86.09,4624860.0
1491350400,85.92,86.72,85.57,85.63,4055728.0
1491436800,85.47,85.9,85.12,85.36,2684636.0
1491523200,85.34,85.66,84.9093,85.32,2808447.0
1491782400,85.46,85.85,85.23,85.47,1986179.0
1491868800,85.47,86.14,85.32,85.93,2699108.0
1491955200,85.74,86.34,85.67,86.25,2545020.0
1492041600,86.03,86.32,85.78,85.88,2172531.0
1492387200,81.3,82.99,81.11,82.38,12423960.0
1492473600,81.91,82.1,80.89,81.2,8210809.0
1492560000,81.12,81.71,79.88,80.89,5503600.0
1492646400,81.19,82.2,80.75,81.94,3267214.0
1492732800,81.82,82.24,81.6726,81.89,3204044.0
1492992000,82.82,83.73,82.72,83.42,4796723.0
1493078400,82.71,82.71,80.5,81.2,9221041.0
1493164800,81.34,81.71,80.93,80.96,4421743.0
1493251200,80.97,81.6,80.695,81.33,3217708.0
1493337600,81.37,82.25,81.2,82.06,3161763.0
1493596800,82.09,82.22,81.75,81.82,2397236.0
1493683200,81.98,81.98,81.5,81.7,3602046.0
1493769600,81.26,81.56,81.24,81.25,3373181.0
1493856000,81.35,83.095,81.29,83.04,3567454.0
1493942400,83.06,83.1119,82.07,82.51,3135276.0
1494201600,82.36,82.41,80.36,80.67,4708112.0
1494288000,80.82,80.94,80.35,80.79,3988112.0
1494374400,80.84,81.11,80.19,81.05,4018549.0
1494460800,80.72,81.0,79.91,80.22,3920395.0
1494547200,80.33,80.61,79.74,80.19,2935078.0
1494806400,80.19,80.49,79.43,80.3,2546515.0
1494892800,80.23,80.3,78.4,78.99,7170066.0
1494979200,78.52,79.03,77.92,78.14,4480285.0
1495065600,78.57,78.94,78.0387,78.3,2928169.0
1495152000,78.5,78.71,77.73,77.8,5086996.0
1495411200,77.9,78.01,76.85,76.98,6936499.0
1495497600,77.19,78.36,77.02,77.99,5884774.0
1495584000,77.99,78.28,77.8,77.96,2254384.0
1495670400,78.31,78.455,77.76,78.34,1737281.0
1495756800,78.12,78.35,77.72,78.05,2238858.0
1496102400,77.95,78.6693,77.745,78.35,3244949.0
1496188800,78.48,79.91,78.48,79.57,5171423.0
1496275200,79.6,80.23,79.38,79.99,3093104.0
1496361600,80.47,81.06,79.9,80.13,4005715.0
1496620800,80.0,80.07,78.98,79.35,2814775.0
1496707200,79.41,79.46,78.75,79.09,2687965.0
1496793600,79.16,79.54,79.09,79.39,2899905.0
1496880000,79.49,80.46,79.34,80.1,4595384.0
1496966400,80.1,81.185,79.7,81.04,4599396.0
1497225600,80.96,81.29,80.61,80.9,2842641.0
1497312000,81.21,81.29,80.24,81.25,4492682.0
1497398400,80.9,81.61,80.771,81.6,4024003.0
1497484800,81.39,82.15,80.961,82.05,3484768.0
1497571200,82.24,82.56,81.66,81.88,4903159.0
1497830400,82.02,82.76,81.87,82.34,2538037.0
1497916800,82.22,83.68,82.22,82.75,3694685.0
1498003200,83.15,83.42,82.38,82.64,3781206.0
1498089600,82.84,84.76,82.84,84.31,4891552.0
1498176000,84.12,84.34,83.71,83.89,3928011.0
1498435200,84.09,84.45,83.66,84.28,2939667.0
1498521600,84.18,84.33,83.04,83.04,2359847.0
1498608000,83.45,83.92,82.9,83.1,3035321.0
1498694400,83.09,83.22,82.3075,82.7,2366333.0
1498780800,82.97,83.13,82.0,82.3,5713901.0
1499040000,82.41,82.91,82.32,82.7,1464738.0
1499212800,82.63,82.76,82.03,82.7,2263553.0
1499299200,82.32,82.57,81.37,81.6,3390396.0
1499385600,81.62,82.35,81.43,82.29,1717322.0
1499644800,82.33,82.57,81.89,82.28,2265940.0
1499731200,82.39,82.84,81.88,82.35,2708880.0
1499817600,82.73,84.02,82.61,83.5,3526733.0
1499904000,83.56,84.23,83.16,84.02,2944146.0
1499990400,84.11,84.5793,83.81,84.35,2005749.0
1500249600,84.31,84.53,83.42,83.64,1989072.0
1500336000,83.51,83.77,83.22,83.7,1704532.0
1500422400,83.52,84.28,83.52,84.23,2285915.0
1500508800,84.53,85.12,84.41,84.75,2980217.0
1500595200,84.62,84.96,84.31,84.66,3055978.0
1500854400,84.66,85.53,84.51,84.74,3947306.0
1500940800,83.74,84.4,80.77,82.19,13318040.0
1501027200,81.57,81.88,81.035,81.84,7030276.0
1501113600,81.76,83.05,81.46,83.02,5577334.0
1501200000,82.87,83.22,82.5,83.1,3820069.0
1501459200,83.34,83.755,82.63,82.66,4082999.0
1501545600,82.86,83.15,82.12,82.37,3438550.0
1501632000,82.06,82.17,81.07,81.82,4574592.0
1501718400,81.58,82.28,81.5,81.93,3688319.0
1501804800,81.9,82.32,81.76,82.31,2802600.0
1502064000,82.31,82.4,81.72,82.07,2764976.0
1502150400,81.87,82.72,81.63,81.97,3292868.0
1502236800,82.13,82.74,81.97,82.57,2392098.0
1502323200,82.54,82.54,81.66,82.05,3366960.0
1502409600,81.8,81.97,81.12,81.15,2440148.0
1502668800,81.34,81.68,81.18,81.49,1879619.0
1502755200,81.5,82.34,81.5,81.71,1949463.0
1502841600,82.14,82.2,80.02,80.69,3970525.0
1502928000,80.4,80.57,77.7,77.8,7246344.0
1503014400,77.7,77.7,76.94,77.07,4061222.0
1503273600,77.12,77.64,76.89,77.38,3593086.0
1503360000,77.53,78.65,77.53,78.26,2131886.0
1503446400,78.2,78.52,78.05,78.15,1801057.0
1503532800,78.33,79.24,78.26,78.86,4188366.0
1503619200,78.96,79.53,78.74,78.79,2171482.0
1503878400,79.1,79.43,78.63,78.84,1908296.0
1503964800,78.54,78.84,78.12,78.55,2153950.0
1504051200,79.1,80.77,78.75,80.49,5036911.0
1504137600,80.77,81.35,80.34,81.29,3939470.0
1504224000,81.54,81.71,79.43,80.08,4345104.0
1504569600,79.47,80.05,79.05,79.82,3697213.0
1504656000,80.21,80.67,79.86,80.51,2689227.0
1504742400,80.62,82.75,80.37,81.54,6249230.0
1504828800,81.61,83.12,81.54,82.92,3961293.0
1505088000,82.94,83.35,81.77,82.63,4384141.0
1505174400,82.6,82.729,81.93,82.17,2567667.0
1505260800,81.96,82.58,81.88,82.43,2454931.0
1505347200,82.33,83.99,82.12,83.07,3370155.0
1505433600,83.3,83.57,82.18,82.44,5353128.0
1505692800,82.55,82.67,82.07,82.52,2200054.0
1505779200,82.64,82.84,81.5501,81.73,2259159.0
1505865600,82.06,82.42,81.39,82.02,2821497.0
1505952000,82.01,83.7,81.88,83.33,4344635.0
1506038400,83.34,84.03,82.74,83.91,3148723.0
1506297600,83.87,84.65,83.8,84.64,4215679.0
1506384000,84.43,85.13,84.01,84.22,2336672.0
1506470400,84.34,84.8,83.97,84.65,3077248.0
1506556800,84.59,85.58,84.15,85.0,2840851.0
1506643200,85.17,85.61,84.391,85.54,3495260.0
1506902400,85.78,86.68,85.7384,86.35,3065688.0
1506988800,86.24,86.56,85.93,86.45,2128845.0
1507075200,86.5,87.16,86.28,86.96,2317698.0
1507161600,86.77,89.09,86.39,87.65,5220809.0
1507248000,87.31,87.49,86.64,87.08,2292371.0
1507507200,87.14,87.28,86.46,87.05,1701368.0
1507593600,85.38,86.7,85.25,86.16,4938130.0
1507680000,86.35,86.66,85.45,86.06,3426847.0
1507766400,86.1,86.45,85.91,86.43,1992046.0
1507852800,86.4,86.7,85.71,86.55,3027028.0
1508112000,86.48,86.735,85.78,85.95,3789514.0
1508198400,85.94,86.5,85.42,86.06,3623533.0
1508284800,86.33,86.56,85.52,85.73,3996871.0
1508371200,85.69,86.38,85.51,86.36,3233622.0
1508457600,86.52,87.38,86.33,87.23,3223192.0
1508716800,87.47,88.19,87.12,87.18,4905819.0
1508803200,87.42,88.33,83.75,85.17,8672750.0
1508889600,85.91,86.37,84.68,84.85,3916037.0
1508976000,84.67,85.11,83.83,84.16,3821069.0
1509062400,84.07,84.81,83.59,83.86,2892945.0
1509321600,83.76,83.76,82.43,82.65,4667763.0
1509408000,82.76,83.1,81.72,81.94,3852791.0
1509494400,82.17,83.82,82.0,82.89,3309260.0
1509580800,82.55,83.92,82.31,83.13,2703844.0
1509667200,82.71,83.59,82.66,83.51,1535373.0
1509926400,83.29,83.43,82.92,82.94,1857972.0
1510012800,83.04,83.415,82.77,83.28,2851917.0
1510099200,83.0,84.39,83.0,84.01,2329113.0
1510185600,83.82,84.26,83.63,83.99,2098553.0
1510272000,83.67,83.87,82.57,83.29,2692486.0
1510531200,83.33,83.33,82.53,82.86,2479441.0
1510617600,82.69,83.11,82.21,82.49,2685020.0
1510704000,82.51,83.14,81.42,82.19,1832042.0
1510790400,82.41,83.63,81.84,83.44,2599667.0
1510876800,83.0,83.48,82.8,82.89,4097511.0
1511136000,83.09,83.32,82.82,83.18,2205779.0
1511222400,83.65,84.53,83.37,83.51,3528645.0
1511308800,83.67,84.26,83.48,83.68,2230876.0
1511481600,83.87,84.17,83.58,84.03,817624.0
1511740800,84.15,85.25,84.03,84.81,2980900.0
1511827200,85.07,85.36,84.74,85.05,2659440.0
1511913600,84.79,85.24,84.45,84.96,2303404.0
1512000000,85.25,85.48,84.32,84.64,5001950.0
1512086400,84.98,85.41,84.18,85.32,2736294.0
1512345600,85.49,86.78,85.36,85.58,4228281.0
1512432000,85.59,86.58,85.21,86.06,3876686.0
1512518400,86.04,86.39,84.53,85.32,3127152.0
1512604800,85.21,85.87,84.65,85.87,4344910.0
1512691200,85.66,86.46,85.47,86.45,3777102.0
1512950400,86.46,86.84,86.07,86.67,3333325.0
1513036800,86.49,86.9,85.991,86.71,4252536.0
1513123200,86.41,89.0899,86.34,87.89,5786811.0
1513209600,88.22,88.33,86.12,86.5,4388368.0
1513296000,86.89,87.605,86.27,86.54,7346414.0
1513555200,86.76,87.45,85.99,86.08,3795991.0
1513641600,86.04,86.77,85.85,86.71,4027559.0
1513728000,86.68,86.94,85.64,85.74,3016844.0
1513814400,86.03,86.18,85.435,85.61,2024252.0
1513900800,85.6,85.78,84.75,85.07,1819655.0
1514246400,85.29,85.43,84.96,84.99,1100241.0
1514332800,85.19,85.459,84.98,85.14,1332826.0
1514419200,85.3,85.44,84.89,85.05,1732037.0
1514505600,85.12,85.44,84.46,84.46,2563626.0
1514851200,84.46,85.0,84.06,84.68,3455645.0
1514937600,84.74,85.415,84.27,85.14,3072663.0
1515024000,85.28,85.8,84.74,85.52,2462402.0
1515110400,86.09,86.75,85.93,86.57,2946228.0
1515369600,86.69,86.709,85.4,86.13,3251430.0
1515456000,86.2,86.42,85.74,86.06,2426331.0
1515542400,85.61,86.17,85.49,86.1,1674588.0
1515628800,86.17,86.59,85.87,86.39,2647480.0
1515715200,86.52,87.408,86.03,86.98,2728878.0
1516060800,85.93,86.59,85.15,85.29,4772240.0
1516147200,85.8,86.361,85.47,86.21,4048634.0
1516233600,86.04,86.14,85.27,85.82,4445813.0
1516320000,86.17,86.28,85.32,85.49,5814670.0
1516579200,83.25,85.57,82.4003,85.44,6373820.0
1516665600,85.18,85.9199,84.24,84.42,5725034.0
1516752000,84.86,85.16,84.28,84.3,5977691.0
1516838400,84.81,85.4,84.56,85.01,5198867.0
1516924800,84.76,87.47,84.76,87.08,6356872.0
1517184000,86.77,88.33,86.65,87.6,5303741.0
1517270400,86.64,86.94,85.21,86.09,5358475.0
1517356800,86.5,86.73,81.27,81.45,10554790.0
1517443200,81.54,82.8737,81.29,82.41,8375379.0
1517529600,81.88,83.03,81.12,81.18,5131565.0
1517788800,80.89,81.61,76.55,77.49,7990505.0
1517875200,76.56,79.11,75.71,77.99,10554340.0
1517961600,77.76,78.56,76.71,76.72,8240119.0
1518048000,77.19,77.65,74.19,74.21,8050319.0
1518134400,75.06,76.82,73.69,76.23,8939578.0
1518393600,76.68,77.1,75.2,76.25,6453492.0
1518480000,76.02,76.5899,75.75,76.21,4041068.0
1518566400,75.41,77.19,75.34,77.03,4361085.0
1518652800,77.75,78.15,77.03,78.02,4800920.0
1518739200,77.95,79.65,77.91,78.97,4699593.0
1519084800,78.18,78.7,77.18,77.55,3195026.0
1519171200,77.59,78.75,77.55,77.55,3871107.0
1519257600,77.19,78.09,76.52,77.19,7683280.0
1519344000,77.73,78.86,77.64,78.75,5144105.0
1519603200,78.99,80.47,78.965,80.18,6011092.0
1519689600,80.15,80.21,78.69,78.7,4842635.0
1519776000,78.78,79.18,77.01,77.02,6119453.0
1519862400,77.06,77.37,75.53,76.5,6258351.0
1519948800,76.38,77.6,76.32,77.23,3216725.0
1520208000,76.9,78.08,76.71,77.7,3816534.0
1520294400,77.86,78.0,76.88,77.19,2963050.0
1520380800,76.58,77.61,76.54,77.44,2266504.0
1520467200,77.65,79.02,77.47,78.89,3641902.0
1520553600,79.28,79.96,78.88,79.61,4395289.0
1520812800,79.83,79.97,78.615,79.04,4764557.0
1520899200,79.08,79.87,78.77,79.15,4859396.0
1520985600,79.39,79.56,78.02,78.49,3163896.0
1521072000,78.58,79.86,78.46,78.75,3910098.0
1521158400,79.2,80.49,79.12,80.49,8326275.0
1521417600,80.12,80.2,78.16,78.73,5103778.0
1521504000,79.04,79.2,77.85,78.37,3943845.0
1521590400,78.46,79.0,78.031,78.24,4051958.0
1521676800,77.56,78.01,76.41,76.53,3808673.0
1521763200,76.77,76.83,74.51,74.76,4298117.0
1522022400,75.61,76.23,74.65,76.18,3488462.0
1522108800,76.09,76.6,75.139,75.66,4070640.0
1522195200,76.06,77.66,76.04,77.01,4257510.0
1522281600,77.46,77.8,76.61,77.37,3424012.0
1522627200,76.88,77.31,75.4,75.7,6282589.0
1522713600,76.25,77.6,75.86,77.54,3606284.0
1522800000,76.82,78.82,76.71,78.6,3022154.0
1522886400,78.52,78.85,78.09,78.62,2170928.0
1522972800,78.18,78.25,76.3,76.85,4012649.0
1523232000,77.27,78.35,76.33,77.34,5377491.0
1523318400,78.09,79.675,78.07,79.22,3657168.0
1523404800,78.35,78.9,78.12,78.73,2829852.0
1523491200,79.19,79.68,78.81,79.29,2121204.0
1523577600,79.88,80.45,79.24,79.72,2652368.0
1523836800,80.46,80.75,79.67,80.12,2743000.0
1523923200,80.57,80.64,79.49,79.92,3782319.0
1524009600,79.96,80.24,79.59,79.72,4261049.0
1524096000,78.96,79.75,78.55,79.75,4988905.0
1524182400,79.64,79.91,78.82,79.06,5424090.0
1524441600,79.43,80.29,79.17,80.2,3944798.0
1524528000,81.17,81.5,78.915,80.09,6394842.0
1524614400,80.27,82.32,80.01,81.14,5379017.0
1524700800,81.42,83.555,81.42,82.55,5049356.0
1524787200,82.5,83.24,82.38,82.73,3209558.0
1525046400,83.09,83.21,81.06,81.07,5480005.0
1525132800,80.68,80.93,78.695,79.07,6306116.0
1525219200,78.68,79.39,78.46,78.83,5166303.0
1525305600,78.65,78.7,77.44,78.04,4468982.0
1525392000,77.42,78.62,77.09,78.4,3367423.0
1525651200,78.41,79.26,78.23,78.63,3725277.0
1525737600,78.48,78.9,78.17,78.88,4572510.0
1525824000,78.96,79.65,78.45,79.27,3325180.0
1525910400,79.46,81.17,79.41,80.86,3718368.0
1525996800,81.15,82.45,81.02,82.45,4393786.0
1526256000,82.6,83.315,82.5,83.07,4736066.0
1526342400,82.72,82.94,81.83,82.21,3662710.0
1526428800,81.8,81.95,80.955,81.18,3614474.0
1526515200,81.04,81.84,81.03,81.66,2808407.0
1526601600,81.49,82.29,81.49,82.07,4002281.0
1526860800,82.29,82.54,81.67,81.83,2471991.0
1526947200,82.14,82.89,81.81,82.22,2620723.0
1527033600,81.71,82.92,81.61,82.68,2516850.0
1527120000,82.71,82.79,82.1,82.71,2481790.0
1527206400,82.79,83.47,82.59,82.77,2338143.0
1527552000,82.11,82.62,81.65,82.44,3459321.0
1527638400,82.92,84.02,82.91,83.86,3473960.0
1527724800,83.88,85.11,83.68,85.04,9525869.0
1527811200,85.2,85.68,84.56,84.85,4057715.0
1528070400,84.65,85.52,84.36,85.07,4263121.0
1528156800,85.25,85.7,84.54,84.82,3657863.0
1528243200,84.88,85.93,84.66,85.93,2720404.0
1528329600,86.2,86.32,85.32,85.88,3123605.0
1528416000,85.83,86.42,85.43,86.08,3172317.0
1528675200,86.31,86.78,85.81,85.86,3489332.0
1528761600,85.76,86.02,85.45,85.49,3000402.0
1528848000,85.76,86.38,85.6,85.72,3047954.0
1528934400,85.67,86.46,85.17,86.35,3115115.0
1529020800,86.13,87.27,86.1,86.88,5575197.0
1529280000,85.98,86.15,85.01,86.11,2906502.0
1529366400,85.89,86.87,85.67,86.82,3044507.0
1529452800,86.74,87.16,86.2,86.28,4674865.0
1529539200,85.82,86.28,85.19,86.07,2856410.0
1529625600,86.02,86.4,85.805,85.92,5785408.0
1529884800,86.0,86.61,85.12,85.77,3414067.0
1529971200,85.54,86.0,84.96,85.11,2840575.0
1530057600,84.91,85.6,84.64,84.67,3005386.0
1530144000,84.85,85.96,84.81,85.49,2564562.0
1530230400,85.84,86.1,85.13,85.33,2963964.0
1530489600,85.06,85.93,84.71,85.86,2345837.0
1530576000,85.81,87.02,85.81,86.51,2163522.0
1530748800,86.91,87.1862,86.13,86.56,2675541.0
1530835200,86.83,87.71,86.82,87.39,2290527.0
1531094400,87.6,88.33,87.52,87.87,2704313.0
1531180800,88.08,88.2299,87.67,88.05,2225657.0
1531267200,87.77,88.07,87.2,87.56,2441258.0
1531353600,88.1,88.99,87.92,88.91,2594599.0
1531440000,88.83,89.87,88.54,89.71,3334987.0
1531699200,89.63,89.84,88.84,89.07,3175249.0
1531785600,89.36,89.97,89.34,89.57,2178323.0
1531872000,89.6,90.13,89.07,90.03,3021444.0
1531958400,89.83,89.98,88.87,89.43,3171005.0
1532044800,89.02,89.37,88.26,88.47,3829795.0
1532304000,88.3,89.16,88.17,88.88,3131920.0
1532390400,91.06,93.76,90.0,93.35,9909892.0
1532476800,93.16,96.65,93.03,96.43,8476774.0
1532563200,96.64,96.959,94.83,95.18,4826081.0
1532649600,95.65,96.96,95.02,96.6,3975477.0
1532908800,96.38,98.115,96.25,98.02,5347348.0
1532995200,98.25,99.2,97.53,98.81,4942445.0
1533081600,98.74,99.35,98.435,98.7,4971798.0
1533168000,97.95,100.39,97.84,99.47,4321033.0
1533254400,99.18,100.694,98.88,100.58,4572145.0
1533513600,100.4,102.59,100.22,102.0,5090940.0
1533600000,101.79,103.81,101.68,101.94,5094874.0
1533686400,101.85,102.67,101.43,102.27,3901584.0
1533772800,102.06,102.72,101.92,102.19,3243839.0
1533859200,102.15,103.19,101.9899,102.25,2782968.0
1534118400,102.45,102.68,102.115,102.44,2816373.0
1534204800,101.77,102.8389,101.27,102.44,3283946.0
1534291200,102.28,103.44,102.08,103.33,3141968.0
1534377600,103.25,104.94,103.25,104.36,4427168.0
1534464000,104.43,105.92,103.96,105.55,3824283.0
1534723200,105.58,106.38,105.58,105.82,2756410.0
1534809600,106.02,106.1299,104.72,105.07,2772148.0
1534896000,104.8,105.63,104.15,105.03,1964353.0
1534982400,104.99,105.25,104.39,104.82,2043366.0
1535068800,105.57,106.04,104.53,105.77,3089852.0
1535328000,106.15,106.49,104.94,105.11,2451678.0
1535414400,105.03,105.59,104.59,105.18,2516832.0
1535500800,104.4,105.59,104.28,105.33,2949508.0
1535587200,105.18,105.735,104.94,105.48,2928551.0
1535673600,105.14,105.86,104.47,105.65,3278193.0
1536019200,105.31,105.7,104.38,104.62,3106984.0
1536105600,104.85,106.11,104.7,105.72,3366435.0
1536192000,105.67,105.75,103.655,105.37,3175814.0
1536278400,105.15,107.24,104.8,107.03,3767248.0
1536537600,107.5,107.84,106.391,106.42,2950799.0
1536624000,106.41,106.62,105.515,105.64,3516025.0
1536710400,105.81,106.49,105.51,105.97,3913725.0
1536796800,106.16,106.71,105.82,106.58,5151482.0
1536883200,106.57,106.69,105.4,105.77,3071883.0
1537142400,105.61,106.765,105.05,105.71,4971564.0
1537228800,105.87,107.19,105.11,106.88,3668773.0
1537315200,106.88,107.07,105.5,105.74,3254454.0
1537401600,105.72,106.11,104.22,106.07,3761998.0
1537488000,106.23,106.87,105.35,106.33,5329293.0
1537747200,105.95,106.67,105.59,105.59,3084748.0
1537833600,106.01,106.755,105.54,105.7,3672595.0
1537920000,106.06,107.37,106.005,106.31,3707259.0
1538006400,106.49,107.17,106.21,106.69,2093219.0
1538092800,106.77,107.74,106.3,107.31,2811809.0
1538352000,107.67,107.705,107.03,107.6,2700812.0
1538438400,107.5,108.14,107.19,107.96,3787914.0
1538524800,108.465,109.61,108.24,108.62,5097152.0
1538611200,113.62,115.68,111.0357,112.99,10940670.0
1538697600,114.09,115.45,114.09,115.02,8328888.0
1538956800,114.85,116.61,114.7705,115.46,5995844.0
1539043200,115.09,116.0,114.23,115.45,4715995.0
1539129600,114.96,115.37,113.25,113.34,5598755.0
1539216000,113.09,113.32,106.58,107.91,7217174.0
1539302400,109.0,111.02,108.43,110.48,4379060.0
1539561600,110.5,111.8099,109.98,110.62,3878031.0
1539648000,110.84,111.22,109.93,111.03,4192834.0
1539734400,110.98,113.765,110.86,113.59,4402121.0
1539820800,113.93,114.25,112.41,113.31,3591624.0
1539907200,112.88,113.36,110.66,111.92,4224048.0
1540166400,112.0,112.715,111.37,112.03,2938281.0
1540252800,110.7,111.46,109.06,110.39,3756882.0
1540339200,110.22,111.15,106.19,106.32,6735074.0
1540425600,106.43,108.82,104.1701,107.89,4114318.0
1540512000,107.05,107.47,105.06,106.39,4464490.0
1540771200,107.45,109.08,106.3,107.4,3486578.0
1540857600,107.23,108.51,107.0813,108.34,3323409.0
1540944000,109.59,110.43,108.35,108.44,4347542.0
1541030400,108.74,109.23,107.33,107.86,3639419.0
1541116800,108.14,108.39,105.93,106.75,3571017.0
1541376000,110.43,112.08,109.76,110.14,7366067.0
1541462400,109.0,109.3,104.95,105.9,6802014.0
1541548800,106.85,110.78,106.72,109.72,5874403.0
1541635200,109.49,110.94,109.01,110.1,3666296.0
1541721600,110.42,112.535,109.7,112.21,5054247.0
1541980800,112.26,114.71,112.26,113.2,5078839.0
1542067200,114.25,114.25,111.83,112.39,4239691.0
1542153600,112.36,112.65,109.74,109.81,5391921.0
1542240000,109.18,112.23,108.54,112.2,4796146.0
1542326400,111.68,114.3,111.67,113.83,4738675.0
1542585600,113.0,116.1,113.0,115.81,4864385.0
1542672000,114.88,116.2,114.32,114.72,4775930.0
1542758400,114.28,114.28,112.13,112.23,3619678.0
1542931200,111.86,113.81,111.4011,112.87,1896989.0
1543190400,111.26,113.6,110.97,112.38,3282735.0
1543276800,112.28,114.25,111.71,114.22,3262412.0
1543363200,114.73,115.83,113.76,115.53,4767083.0
1543449600,115.3,117.93,114.97,117.0,4599102.0
1543536000,117.61,118.71,116.22,118.64,8965613.0
1543795200,118.64,118.69,117.54,118.52,4269737.0
1543881600,118.65,119.84,116.32,116.52,5613041.0
1544054400,115.32,115.99,112.98,115.84,5025370.0
1544140800,115.53,115.78,112.7741,113.58,3810327.0
1544400000,113.6,114.65,111.02,114.09,3832588.0
1544486400,114.84,115.62,113.922,114.5,3763446.0
1544572800,115.48,115.74,114.27,114.34,3386148.0
1544659200,114.62,115.15,113.84,114.86,3486990.0
1544745600,114.29,114.58,111.24,111.93,5237140.0
1545004800,111.21,111.3,107.72,108.36,5890352.0
1545091200,109.43,109.66,105.67,106.5,6488961.0
1545177600,111.54,111.54,107.7,109.11,8298245.0
1545264000,109.1,110.16,108.12,109.29,7997684.0
1545350400,109.29,111.51,108.68,109.42,12928960.0
1545609600,109.35,109.41,106.63,106.75,3283982.0
1545782400,106.76,111.09,106.4301,111.09,3784317.0
1545868800,110.24,112.9,108.73,112.89,3893561.0
1545955200,113.4,115.09,112.59,114.2,3890675.0
1546214400,114.34,115.85,114.2435,115.72,2595294.0
1546387200,114.79,115.43,112.75,114.88,4191109.0
1546473600,114.72,114.74,111.1,111.31,4211545.0
1546560000,112.21,114.84,111.74,114.66,5775106.0
1546819200,112.37,116.44,112.05,115.28,7648302.0
1546905600,115.69,116.42,114.52,116.34,3383195.0
1546992000,116.37,118.22,116.22,117.21,5810395.0
1547078400,117.09,117.22,114.97,115.94,4279634.0
1547164800,115.27,116.21,115.1,116.18,2648795.0
1547424000,115.2,115.25,114.33,114.68,4357990.0
1547510400,113.91,118.22,113.4,117.09,5097613.0
1547596800,116.99,118.07,116.48,116.8,2884188.0
1547683200,116.81,119.2,116.55,119.16,4344936.0
1547769600,115.58,116.9,115.0197,116.59,8881938.0
1548115200,115.69,117.11,115.69,117.09,4353041.0
1548201600,117.11,118.9,116.92,118.79,4006781.0
1548288000,118.22,118.22,114.2,114.99,6945460.0
1548374400,115.34,115.35,114.04,114.97,4599052.0
1548633600,114.72,115.11,113.54,115.03,3590920.0
1548720000,114.39,115.95,113.91,115.71,3767403.0
1548806400,115.53,117.08,115.53,116.94,4337870.0
1548892800,116.94,120.14,116.7274,119.86,5746070.0
1548979200,120.32,120.99,119.13,120.89,4165623.0
1549238400,121.21,121.84,118.69,120.17,4507843.0
1549324800,120.72,121.74,120.4,120.43,7745686.0
1549411200,118.67,120.82,117.74,119.27,7420120.0
1549497600,119.0,119.33,116.86,117.5,7931831.0
1549584000,117.73,121.43,117.45,119.6,16195110.0
1549843200,119.2,119.94,117.04,118.01,7203031.0
1549929600,117.76,119.9,117.5,119.49,6975515.0
1550016000,119.6,120.28,118.11,119.65,12737760.0
1550102400,118.94,121.25,118.8,120.75,17846990.0
1550188800,121.18,122.48,120.4,122.48,10366140.0
1550534400,121.31,123.33,121.3,122.13,17860650.0
1550620800,122.38,123.05,121.61,122.66,19880300.0
1550707200,122.06,123.76,121.8,122.72,20788830.0
1550793600,122.73,124.74,122.65,124.0,19574000.0
1551052800,124.1,124.67,123.47,123.89,13682310.0
1551139200,123.86,125.16,123.32,124.67,20437400.0
1551225600,124.49,126.48,124.08,125.68,32135600.0
1551312000,125.52,127.77,125.2,126.29,35973990.0
1551398400,127.25,129.42,126.58,128.84,43290850.0
1551657600,130.51,130.51,125.34,127.46,58192630.0
1551744000,128.4,128.8728,126.72,128.49,53138430.0
1551830400,128.75,128.79,125.39,126.68,74822420.0
1551916800,126.41,127.19,125.13,126.34,60444510.0
1552003200,126.37,126.98,125.25,126.7,50169280.0
1552262400,122.8,124.91,122.51,123.5,61767800.0
1552348800,122.5,124.5,118.84,123.8862,8039848.0
1552435200,123.9383,126.19,123.5,126.19,68041500.0
1552521600,124.98,124.98,122.51,123.08,40968570.0
1552608000,123.1,124.16,121.96,123.94,47284900.0
1552867200,123.99,125.35,123.5,125.24,16052230.0
1552953600,125.26,126.65,125.14,126.59,13064410.0
1553040000,127.54,129.1,126.83,128.16,7519615.0
1553126400,126.88,128.98,126.64,128.31,5704285.0
1553212800,128.73,129.48,127.43,128.3,15235850.0
1553472000,128.61,130.58,128.41,129.87,5533614.0
1553558400,130.24,132.13,129.7,131.02,5630572.0
1553644800,130.96,131.555,128.52,128.77,5214154.0
1553731200,129.34,129.9,128.87,128.95,5839322.0
1553817600,129.01,129.935,128.98,129.76,5712858.0
1554076800,130.71,131.35,129.05,129.05,5042187.0
1554163200,129.04,129.57,128.235,129.32,3193388.0
1554249600,129.11,129.25,126.84,127.05,4425315.0
1554336000,127.34,127.35,124.61,125.61,5539847.0
1554422400,126.49,127.01,125.61,126.99,4656359.0
1554681600,126.5,127.28,126.0918,127.16,3430908.0
1554768000,126.76,128.12,126.6,127.24,4210703.0
1554854400,127.56,127.97,126.93,127.19,4214850.0
1554940800,126.86,127.32,124.51,125.15,5520678.0
1555027200,125.24,125.24,123.02,123.06,5469802.0
1555286400,123.77,124.35,123.1599,124.08,4496026.0
1555372800,124.93,124.93,119.79,119.96,6572915.0
1555459200,120.0,120.06,115.89,116.5,14820850.0
1555545600,116.23,116.65,114.135,115.2,9707128.0
1555891200,115.04,115.57,113.65,115.47,7517764.0
1555977600,116.04,117.89,115.43,117.49,5051817.0
1556064000,118.29,118.43,117.23,118.0,4253218.0
1556150400,117.75,118.675,116.75,118.23,3424620.0
1556236800,118.83,119.92,118.67,119.87,3372537.0
1556496000,119.9,120.01,119.25,119.6,4096901.0
1556582400,116.61,117.14,114.91,117.04,7548324.0
1556668800,117.05,119.534,116.56,118.18,5392077.0
1556755200,118.44,118.5695,116.86,118.46,4169249.0
1556841600,118.44,118.44,116.535,116.91,5695485.0
1557100800,115.82,117.08,115.3,116.65,5952074.0
1557187200,116.3,116.49,114.46,114.94,5127210.0
1557273600,115.85,116.89,115.23,116.25,2992573.0
1557360000,115.86,116.145,114.775,115.8,5818894.0
1557446400,115.63,116.32,114.22,116.22,3660485.0
1557705600,114.86,115.19,113.87,114.37,4284654.0
1557792000,114.73,115.53,114.53,114.94,3668359.0
1557878400,115.25,115.84,114.32,115.62,3724484.0
1557964800,114.57,117.68,114.57,116.73,3914074.0
1558051200,115.7,116.65,115.22,116.01,3109760.0
1558310400,115.87,116.3,115.0,116.23,3042762.0
1558396800,117.04,117.79,116.53,116.58,2611127.0
1558483200,116.12,118.39,116.12,117.98,3934227.0
1558569600,117.76,117.96,116.48,116.81,3653517.0
1558656000,117.53,117.55,116.45,116.79,2086492.0
1559001600,117.09,118.4054,115.7,115.76,5007231.0
1559088000,115.61,115.8004,114.43,115.49,5915784.0
1559174400,115.49,116.3,114.96,115.9,2392848.0
1559260800,115.34,117.58,114.99,115.94,6098447.0
1559520000,116.53,117.72,116.04,116.77,4722140.0
1559606400,118.08,118.93,117.41,117.56,3122814.0
1559692800,118.03,118.38,116.53,117.02,4175988.0
1559779200,117.52,118.94,117.27,117.5,3882788.0
1559865600,118.19,118.94,117.89,118.35,2726282.0
1560124800,116.0,116.0,113.88,113.93,8172376.0
1560211200,114.78,115.59,111.85,112.21,5681300.0
1560297600,112.5,115.5,112.5,115.24,3793939.0
1560384000,115.4,115.4,110.61,111.82,8477341.0
1560470400,112.13,112.25,111.01,111.74,3188051.0
1560729600,111.64,113.42,111.34,113.4,3032339.0
1560816000,113.65,114.83,113.22,114.65,2868693.0
1560902400,115.02,115.99,114.34,115.23,3320718.0
1560988800,116.35,117.07,115.26,115.56,2840116.0
1561075200,115.74,115.93,114.81,115.49,4024596.0
1561334400,115.08,116.15,114.71,115.63,2570460.0
1561420800,115.51,116.83,115.17,115.36,2110156.0
1561507200,114.81,114.95,110.62,111.34,4677503.0
1561593600,111.74,112.21,111.155,111.47,3615883.0
1561680000,111.8,111.83,110.02,110.79,8958684.0
1561939200,111.31,112.84,110.64,112.74,3238667.0
1562025600,112.82,114.21,112.4,114.2,2344708.0
1562112000,114.87,115.465,113.78,114.42,3707683.0
1562284800,114.05,114.37,112.55,112.82,2444038.0
1562544000,112.47,112.79,110.91,111.52,2998716.0
1562630400,111.85,113.36,111.85,113.08,2717664.0
1562716800,113.27,114.65,112.67,114.53,3339127.0
1562803200,111.53,112.24,109.1,109.82,6589644.0
1562889600,109.47,109.47,105.147,108.29,7211104.0
1563148800,108.3,109.16,107.59,108.47,4405586.0
1563235200,109.0,109.19,107.97,108.82,2206469.0
1563321600,109.35,109.65,107.08,107.09,3507528.0
1563408000,107.83,108.48,107.24,108.34,3232898.0
1563494400,108.5,108.515,106.58,106.79,4821024.0
1563753600,106.92,107.36,105.87,107.27,2894549.0
1563840000,107.5,109.4,106.055,108.22,5098250.0
1563926400,108.35,109.66,107.16,108.52,3762654.0
1564012800,108.57,110.38,107.68,107.82,4597004.0
1564099200,107.92,109.23,107.54,108.27,3470705.0
1564358400,108.07,110.24,108.07,108.72,3192491.0
1564444800,108.3,110.02,107.0,108.69,4664226.0
1564531200,108.06,110.71,107.61,108.95,5535653.0
1564617600,109.02,110.74,108.31,110.51,3678958.0
1564704000,110.96,113.27,110.575,112.42,4477651.0
1564963200,111.38,112.49,107.44,108.71,4765810.0
1565049600,109.47,112.12,109.0401,111.4,5490049.0
1565136000,110.37,111.38,108.53,111.12,4231696.0
1565222400,111.96,114.54,111.64,113.97,4815896.0
1565308800,113.24,114.55,112.35,113.77,2788109.0
1565568000,112.9,114.06,112.29,113.6,2318433.0
1565654400,113.53,116.14,113.43,115.7,5322106.0
1565740800,114.86,114.87,110.22,110.29,4937899.0
1565827200,110.42,111.312,109.21,110.23,3939890.0
1565913600,110.94,111.33,109.29,110.52,3497595.0
1566172800,111.05,112.94,110.79,112.53,2903526.0
1566259200,112.33,112.88,110.91,111.01,2074810.0
1566345600,112.0,112.44,110.0,111.46,2207306.0
1566432000,111.44,112.27,110.79,111.61,1840186.0
1566518400,111.46,112.56,108.88,109.51,3870286.0
1566777600,110.61,111.82,110.25,111.78,2565480.0
1566864000,112.31,112.88,110.73,110.73,2945278.0
1566950400,110.33,111.54,109.79,110.97,1744383.0
1567036800,111.81,112.38,110.6,112.25,2708553.0
1567123200,112.82,114.17,111.9208,112.97,2870678.0
1567468800,112.54,114.02,112.19,113.96,3710342.0
1567555200,114.38,114.5,112.45,113.25,3758039.0
1567641600,113.96,115.44,113.26,114.6,4045864.0
1567728000,114.78,114.99,113.84,114.05,2904651.0
1567987200,114.52,114.52,110.35,111.07,4982379.0
1568073600,108.37,111.13,106.4,111.1,6589495.0
1568160000,111.78,112.0,110.29,111.69,3404057.0
1568246400,111.92,112.42,111.12,111.47,3578469.0
1568332800,111.74,112.15,110.235,110.89,2842551.0
1568592000,110.42,110.53,109.21,110.13,1728877.0
1568678400,110.33,111.19,109.63,111.12,2489451.0
1568764800,111.44,112.91,111.17,112.72,3165105.0
1568851200,112.86,115.11,112.39,114.35,3947358.0
1568937600,115.93,117.23,114.47,116.16,7543885.0
1569196800,116.0,116.54,113.97,114.18,2933808.0
1569283200,114.36,114.55,111.94,113.25,3578773.0
1569369600,112.88,113.85,111.31,111.39,3117780.0
1569456000,112.04,112.66,110.69,111.82,2684304.0
1569542400,112.35,113.37,111.38,112.37,1906299.0
1569801600,112.4,113.45,111.685,111.83,2580818.0
1569888000,111.94,112.45,110.405,110.96,2493452.0
1569974400,110.33,110.64,106.66,107.0,4556003.0
1570060800,107.09,108.1,106.21,107.29,2875446.0
1570147200,107.49,108.26,107.0,108.2,2889307.0
1570406400,108.31,108.65,107.57,107.83,1506055.0
1570492800,106.89,108.325,105.95,107.19,2841693.0
1570579200,107.56,108.15,106.88,107.3,1637391.0
1570665600,107.03,107.485,106.58,106.92,2797589.0
1570752000,107.75,109.14,107.59,108.36,2558319.0
1571011200,108.52,109.13,107.88,107.9,1371611.0
1571097600,108.35,110.1,108.22,109.7,1761041.0
1571184000,109.18,109.48,107.79,107.95,2316857.0
1571270400,109.22,109.46,108.26,108.46,2268095.0
1571356800,108.31,108.94,107.9,108.64,2207095.0
1571616000,108.87,109.0,107.77,107.91,4079997.0
1571702400,109.98,111.46,108.89,109.84,5750365.0
1571788800,106.0,107.75,101.36,107.4,9115337.0
1571875200,107.5,108.21,106.25,107.84,3315208.0
1571961600,108.08,110.59,107.54,110.2,4234636.0
1572220800,110.62,113.19,110.62,112.99,4168518.0
1572307200,112.5,112.81,111.5,111.67,2987828.0
1572393600,111.37,113.21,111.26,112.72,2424676.0
1572480000,112.36,114.665,112.0,113.95,4124383.0
1572566400,114.07,114.51,112.3148,112.51,2629123.0
1572825600,113.24,114.33,112.865,113.11,3002129.0
1572912000,112.95,113.08,110.51,111.25,3357293.0
1572998400,111.57,114.29,111.51,113.82,3973691.0
1573084800,114.23,114.63,112.03,112.77,3076343.0
1573171200,112.65,113.57,112.1,113.53,2224211.0
1573430400,113.46,114.21,112.22,112.8,1770222.0
1573516800,112.77,114.04,112.45,113.17,2273221.0
1573603200,112.87,113.53,112.25,112.79,3275038.0
1573689600,112.19,112.36,111.0,111.39,2627138.0
1573776000,111.33,113.82,111.33,113.19,4857381.0
1574035200,113.02,114.13,112.86,114.07,3361591.0
1574121600,114.03,116.12,113.75,115.1,3781612.0
1574208000,114.96,115.92,114.05,114.61,3638226.0
1574294400,114.7,115.52,113.29,114.75,2909502.0
1574380800,115.09,116.68,114.71,116.2,3120074.0
1574640000,116.6,118.46,116.6,117.47,2939682.0
1574726400,117.47,118.11,117.0,117.09,4705350.0
1574812800,117.73,117.9,116.62,117.44,1798268.0
1574985600,117.23,118.04,117.17,117.35,1243926.0
1575244800,117.52,118.25,116.1,116.74,2200267.0
1575331200,116.4,117.92,115.92,117.61,3052711.0
1575417600,118.28,118.84,117.57,118.67,2597005.0
1575504000,118.4,119.92,117.54,119.77,3003189.0
1575590400,119.97,120.705,119.58,119.64,2462830.0
1575849600,119.53,120.84,118.94,120.24,2344005.0
1575936000,120.56,121.15,120.11,120.65,3592725.0
1576022400,120.56,121.2,119.98,120.78,3438106.0
1576108800,120.56,121.9325,120.56,121.7,2959433.0
1576195200,121.98,122.19,120.72,121.53,3343900.0
1576454400,123.07,124.26,122.06,122.85,3468563.0
1576540800,124.0,127.03,123.31,125.33,6723678.0
1576627200,127.88,129.98,127.69,129.48,8173458.0
1576713600,129.08,130.99,128.34,130.85,4423412.0
1576800000,132.49,137.0,131.24,132.43,9230757.0
1577059200,132.39,132.58,131.0287,131.15,2473592.0
1577145600,131.07,131.21,130.13,131.11,1215797.0
1577318400,131.0,131.7,130.66,131.14,1272183.0
1577404800,131.57,131.77,130.84,131.52,2161345.0
1577664000,131.52,131.93,130.87,131.3,1856229.0
1577750400,131.18,131.52,130.5,131.43,1549861.0
1577923200,131.77,132.26,130.73,132.21,1927432.0
1578009600,130.3,132.47,130.23,131.77,1963912.0
1578268800,131.42,132.56,130.94,132.26,2102920.0
1578355200,131.7,132.925,131.7,132.51,2448943.0
1578441600,132.46,134.21,132.01,133.71,5188559.0
1578528000,134.55,136.36,134.01,135.92,4524048.0
1578614400,135.78,138.27,135.53,138.0,4177719.0
1578873600,138.2,139.99,137.89,138.94,5117116.0
1578960000,138.99,140.9,138.12,140.65,4685251.0
1579046400,140.58,141.69,140.01,141.11,3676480.0
1579132800,141.83,141.97,139.85,141.43,3794808.0
1579219200,140.88,141.74,139.36,139.58,5393587.0
1579564800,139.5,141.57,138.43,140.91,4849620.0
1579651200,141.25,142.25,140.6915,141.56,2742065.0
1579737600,141.25,141.74,139.88,141.21,3138694.0
1579824000,141.85,141.99,138.7,139.07,3183268.0
1580083200,137.34,139.1,137.34,138.31,2826627.0
1580169600,138.69,139.88,138.23,139.26,2649056.0
1580256000,139.51,141.14,138.97,139.92,2816298.0
1580342400,138.18,143.72,138.1,142.67,5243822.0
1580428800,142.85,142.85,139.47,139.64,3913487.0
1580688000,140.53,141.57,139.68,141.0,5137780.0
1580774400,142.3,144.07,141.78,143.44,3177572.0
1580860800,144.78,147.36,144.53,147.35,4061100.0
1580947200,147.74,147.87,146.81,147.3,3285190.0
1581033600,147.22,147.22,145.38,146.41,2670411.0
1581292800,141.5,145.55,141.12,145.51,4892179.0
1581379200,145.73,145.86,143.18,144.25,2976514.0
1581465600,144.67,144.9,143.49,143.51,3953354.0
1581552000,142.86,143.74,141.79,141.8,3455635.0
1581638400,142.25,142.3162,140.565,141.12,2274126.0
1581984000,141.02,141.96,140.53,141.01,2858223.0
1582070400,141.62,141.84,140.36,140.83,3082771.0
1582156800,141.63,142.805,141.195,142.0,3416988.0
1582243200,141.34,142.65,140.33,142.04,2900958.0
1582502400,139.28,141.59,137.87,138.15,4727778.0
1582588800,138.94,139.23,134.62,135.41,3401770.0
1582675200,136.03,137.02,133.31,133.53,4659289.0
1582761600,133.33,134.6699,129.05,129.19,4292823.0
1582848000,126.38,126.8,121.51,126.13,7898390.0
1583107200,127.74,133.0,126.21,132.84,7355667.0
1583193600,133.28,135.65,128.69,130.31,6936631.0
1583280000,133.03,140.86,133.0,140.38,5301949.0
1583366400,138.38,141.91,137.53,140.15,6882129.0
1583452800,136.12,142.36,135.55,141.46,8010654.0
1583712000,134.02,140.93,133.31,135.72,5351578.0
1583798400,139.23,141.93,134.72,141.19,5961351.0
1583884800,139.46,141.84,137.3942,140.02,7211964.0
1583971200,130.79,136.5,125.93,126.02,7836650.0
1584057600,132.95,139.37,128.505,139.37,6841696.0
1584316800,131.0,138.68,128.2514,129.38,6619710.0
1584403200,133.21,143.59,131.1,143.2,8909251.0
1584489600,136.34,144.0,134.08,143.09,6734850.0
1584576000,142.49,142.98,131.12,133.09,6555120.0
1584662400,132.16,132.25,120.2315,122.4,9113640.0
1584921600,120.95,126.88,117.06,119.05,7299342.0
1585008000,123.24,124.6,117.41,122.89,6827409.0
1585094400,120.12,126.14,119.21,121.94,6472192.0
1585180800,123.29,135.7396,121.94,134.35,6723870.0
1585267200,130.65,137.61,130.1966,134.11,4717376.0
1585526400,133.87,141.77,133.51,138.44,5057365.0
1585612800,136.96,142.02,134.52,138.72,7561617.0
1585699200,134.0,137.19,132.98,136.42,3297943.0
1585785600,135.35,142.8,133.03,142.18,4725051.0
1585872000,140.92,144.6,138.46,139.66,4013280.0
1586131200,142.27,143.5,140.3,141.61,4159869.0
1586217600,143.13,144.8,140.05,141.88,3900683.0
1586304000,142.05,147.25,140.5,146.22,4006811.0
1586390400,144.51,146.4,143.55,145.73,4415537.0
1586736000,144.97,146.59,142.88,144.42,2289127.0
1586822400,147.28,151.5483,144.05,151.11,3809624.0
1586908800,148.94,153.4,148.51,151.18,3614430.0
1586995200,152.89,155.59,152.0,154.73,3512945.0
1587081600,155.42,157.67,153.03,157.29,3709893.0
1587340800,156.63,160.1974,155.61,157.79,2562267.0
1587427200,155.41,155.8,151.41,152.67,4270235.0
1587513600,154.61,157.28,153.57,156.71,3279266.0
1587600000,157.18,162.56,154.0,159.93,5692905.0
1587686400,162.0,164.9,160.61,162.93,4414235.0
1587945600,164.0,164.5,160.72,161.29,3210509.0
1588032000,160.94,161.9803,156.59,157.3,3270605.0
1588118400,157.76,158.03,154.67,155.16,3241034.0
1588204800,155.2,156.9785,153.28,154.64,4175767.0
1588291200,153.72,154.605,151.57,153.63,2576671.0
1588550400,154.65,156.0,151.26,153.28,2228949.0
1588636800,153.8,159.22,152.75,157.89,2862645.0
1588723200,158.46,158.94,156.35,156.68,1964792.0
1588809600,157.5,157.69,152.72,152.97,2330591.0
1588896000,154.2,154.42,152.55,153.51,1967688.0
1589155200,153.47,159.47,153.08,158.55,3196292.0
1589241600,159.87,161.4,157.59,157.72,2329658.0
1589328000,157.03,159.35,156.04,157.93,2649972.0
1589414400,155.94,158.95,153.81,158.38,2393935.0
1589500800,158.63,159.51,156.03,159.23,2824638.0
1589760000,161.34,162.37,157.11,157.96,2703730.0
1589846400,156.85,159.13,155.28,156.7,2339430.0
1589932800,155.27,157.43,151.61,153.13,3780795.0
1590019200,153.15,153.15,149.7208,152.28,3049756.0
1590105600,152.22,152.56,150.1672,151.16,2354972.0
1590451200,151.11,151.76,147.16,147.96,5013422.0
1590537600,148.17,148.17,143.62,145.7,5376334.0
1590624000,147.43,152.1,146.51,150.65,3983510.0
1590710400,151.66,153.64,149.94,152.95,9466743.0
1590969600,154.47,154.99,150.891,152.45,5235562.0
1591056000,152.08,154.08,151.04,153.86,3269734.0
1591142400,153.34,154.39,150.85,152.53,3190321.0
1591228800,152.21,153.54,149.711,150.71,3328760.0
1591315200,149.7,151.76,148.34,149.21,4579125.0
1591574400,146.75,149.25,146.52,149.21,4076682.0
1591660800,149.75,151.75,149.11,149.13,4302321.0
1591747200,149.96,152.4,149.84,151.0,4940240.0
1591833600,151.85,152.24,143.05,144.08,4547384.0
1591920000,145.54,146.38,141.47,143.54,3973250.0
1592179200,142.0,142.9,139.68,141.52,3710714.0
1592265600,156.32,167.43,155.0,163.71,15029910.0
1592352000,164.23,164.36,159.4,159.97,4711157.0
1592438400,159.2,162.97,158.2,161.07,3631610.0
1592524800,162.23,162.48,158.26,159.94,6004898.0
1592784000,159.18,161.48,158.92,160.45,2647611.0
1592870400,160.89,162.87,158.95,159.34,2771597.0
1592956800,158.55,159.79,156.33,157.03,3095967.0
1593043200,157.64,163.39,156.71,162.86,3735845.0
1593129600,162.33,163.7888,160.18,162.83,5290721.0
1593388800,163.85,164.205,161.03,162.72,2640297.0
1593475200,163.11,165.17,162.3,164.18,3296344.0
1593561600,164.32,165.47,162.52,163.3,2065209.0
1593648000,164.07,164.77,162.37,163.87,1960202.0
1593993600,164.46,168.92,164.01,166.89,2760124.0
1594080000,166.12,168.38,165.27,166.75,3273315.0
1594166400,166.84,169.82,166.84,169.13,2782025.0
1594252800,169.88,170.75,163.71,166.45,2955246.0
1594339200,166.14,166.14,162.74,163.36,2245221.0
1594598400,164.61,167.0,161.04,162.08,3455741.0
1594684800,162.88,164.77,161.53,163.88,2642956.0
1594771200,165.19,166.48,163.895,165.45,2346191.0
1594857600,164.95,165.44,162.6,165.0,1486791.0
1594944000,166.04,167.26,165.11,165.96,3027743.0
1595203200,166.49,167.71,165.73,167.04,1806386.0
1595289600,166.87,167.23,164.76,165.3,1540685.0
1595376000,165.54,165.85,162.33,164.84,1686461.0
1595462400,165.26,165.46,160.79,161.52,2408773.0
1595548800,161.47,161.47,158.45,159.54,2247922.0
1595808000,159.6,161.74,158.59,160.5,2709788.0
1595894400,161.67,165.41,161.345,162.65,3483155.0
1595980800,162.53,163.025,161.1,161.75,3108858.0
1596067200,158.45,158.5,150.45,153.0,6638127.0
1596153600,153.13,153.335,148.74,150.29,5342109.0
1596412800,152.8,153.85,151.22,152.84,3618435.0
1596499200,153.38,156.0,153.09,154.85,3260042.0
1596585600,157.31,157.49,153.3,154.34,2476460.0
1596672000,153.85,155.5,151.0,152.88,2176543.0
1596758400,152.96,153.5,151.58,152.93,2017370.0
1597017600,152.93,153.49,151.53,153.0,1745207.0
1597104000,153.14,153.14,150.2,150.63,2103351.0
1597190400,150.79,153.17,150.6,152.55,2430758.0
1597276800,150.82,151.69,149.79,150.46,2077861.0
1597363200,149.8,151.69,149.15,150.09,1538044.0
1597622400,150.92,152.7,150.36,151.53,2704741.0
1597708800,152.15,153.15,151.15,153.11,1960131.0
1597795200,153.81,154.41,152.01,152.29,1939000.0
1597881600,152.55,152.85,150.85,151.34,1830243.0
1597968000,151.34,151.35,147.95,149.26,3111979.0
1598227200,150.05,150.4,148.25,149.52,2268439.0
1598313600,150.36,151.31,149.31,149.68,2216224.0
1598400000,149.19,149.46,147.41,149.26,3029691.0
1598486400,150.58,150.94,148.94,148.97,3146090.0
1598572800,148.84,149.1518,146.98,147.34,2102621.0
1598832000,147.35,148.795,147.03,148.39,4430706.0
1598918400,148.61,149.2,146.645,147.3,2359277.0
1599004800,146.79,150.0,146.51,149.55,2407127.0
1599091200,152.19,153.37,147.46,149.02,4226126.0
1599177600,148.77,152.58,147.95,150.91,4361833.0
1599523200,150.95,151.31,148.5,149.31,4351532.0
1599609600,150.62,154.12,150.31,151.97,2328525.0
1599696000,149.88,150.6,145.715,146.22,3961343.0
1599782400,147.56,149.185,146.88,148.09,3001470.0
1600041600,149.09,150.505,147.47,149.0,3072507.0
1600128000,149.96,151.87,149.415,150.08,2923507.0
1600214400,151.72,152.68,150.79,150.96,3619715.0
1600300800,150.13,152.68,149.455,152.47,3620831.0
1600387200,152.04,154.5,152.04,154.17,13210110.0
1600646400,153.17,153.66,149.06,151.18,3501584.0
1600732800,150.91,151.57,149.15,149.86,2926393.0
1600819200,150.05,151.59,148.7,149.81,3546101.0
1600905600,149.26,149.66,147.37,148.81,3424319.0
1600992000,148.39,150.4,147.85,150.26,2440587.0
1601251200,151.0,151.58,147.9,148.1,2427522.0
1601337600,147.98,148.44,145.93,146.26,3308955.0
1601424000,146.4,148.445,145.06,148.02,5083858.0
1601510400,148.33,148.705,144.06,144.29,3809247.0
1601596800,143.67,146.94,143.27,145.21,3879999.0
1601856000,145.07,147.47,144.18,146.63,2790616.0
1601942400,146.93,147.83,143.93,144.13,2409309.0
1602028800,148.52,149.89,146.85,148.96,4602829.0
1602115200,152.4,153.94,150.5,153.5,4686102.0
1602201600,154.09,157.15,154.07,156.88,4590567.0
1602460800,156.83,157.15,154.42,154.49,3242667.0
1602547200,153.0,154.3269,148.55,150.08,5963891.0
1602633600,150.38,150.6,147.71,148.46,2710585.0
1602720000,146.51,146.91,145.38,146.78,3785950.0
1602806400,147.11,148.38,146.0,146.12,2919724.0
1603065600,147.0,147.4088,142.21,142.8,3158872.0
1603152000,143.36,144.12,142.11,143.59,2188844.0
1603238400,142.29,143.33,141.21,141.31,1983653.0
1603324800,141.53,142.265,140.8,141.65,3057821.0
1603411200,142.24,144.7,141.72,142.38,2427462.0
1603670400,141.9,142.2899,140.05,141.7,2947097.0
1603756800,133.02,136.08,131.87,131.9,11374610.0
1603843200,130.455,134.1008,130.31,131.31,6188028.0
1603929600,132.0,133.13,130.38,132.55,4099914.0
1604016000,131.76,133.105,129.21,130.46,4336046.0
1604275200,132.54,133.95,129.99,131.63,3449595.0
1604361600,133.64,134.07,130.7,130.98,3628832.0
1604448000,134.905,151.98,134.905,148.59,12211680.0
1604534400,147.68,148.81,144.7,145.52,5730964.0
1604620800,145.05,147.39,139.1,142.74,6229782.0
1604880000,142.54,144.75,140.6,142.33,5493775.0
1604966400,147.6,149.2,143.79,146.56,5376964.0
1605052800,147.76,147.76,143.37,144.76,3046843.0
1605139200,142.93,143.46,139.86,141.03,3464669.0
1605225600,142.43,143.21,141.3201,142.38,2144882.0
1605484800,143.06,144.3,140.0,140.59,4957963.0
1605571200,139.57,141.96,138.61,141.2,3619448.0
1605657600,141.9,142.42,140.13,140.17,2795172.0
1605744000,140.25,143.89,138.92,143.41,4626099.0
1605830400,142.84,147.09,142.84,145.49,5064305.0
1606089600,145.54,145.62,141.16,143.38,3794513.0
1606176000,143.39,145.64,143.11,144.9,4127874.0
1606262400,144.9,145.34,142.61,144.75,3223766.0
1606435200,145.65,147.92,145.36,147.44,1753995.0
1606694400,146.34,148.17,144.9,145.65,5842198.0
1606780800,146.69,148.06,145.26,145.56,3954412.0
1606867200,145.36,147.09,144.38,145.16,3757360.0
1606953600,145.7,146.5,143.13,144.11,4059610.0
1607040000,144.07,148.72,144.0,148.45,3058757.0
1607299200,147.3,148.33,146.48,147.42,2637180.0
1607385600,146.98,150.14,146.91,149.3,2754502.0
1607472000,154.59,158.94,153.68,158.0,8364372.0
1607558400,159.87,162.0,158.18,161.0,6430596.0
1607644800,159.72,161.18,159.06,160.04,3435693.0
1607904000,160.69,162.2871,157.83,157.91,4390109.0
1607990400,159.43,168.23,158.05,167.43,6976079.0
1608076800,169.69,173.19,166.75,172.05,6009932.0
1608163200,171.73,173.895,171.1,172.63,3473825.0
1608249600,172.52,172.89,169.0,171.4,7356515.0
1608508800,168.88,169.0,165.8,168.78,3656017.0
1608595200,167.71,168.39,165.87,166.72,2448907.0
1608681600,167.45,167.9997,165.47,165.48,1697282.0
1608768000,165.85,167.94,165.85,166.66,627229.0
1609113600,167.21,167.6028,165.21,166.5,1482012.0
1609200000,166.63,167.75,165.91,166.58,1712024.0
1609286400,167.44,168.39,166.68,167.01,1413465.0
1609372800,167.07,169.135,166.29,168.84,1643767.0
1609718400,169.02,169.4776,163.105,165.5,3164894.0
1609804800,165.19,166.66,163.2,166.32,2322787.0
1609891200,162.98,167.28,162.97,164.32,3619696.0
1609977600,164.18,167.12,161.78,165.83,3025518.0
1610064000,166.22,166.86,164.64,166.41,3438248.0
1610323200,185.0,189.3012,182.02,185.94,11402290.0
1610409600,182.79,184.24,177.438,178.8,7179275.0
1610496000,179.83,187.62,179.34,185.5,7303875.0
1610582400,185.27,188.96,184.58,186.69,4413184.0
1610668800,186.8,191.78,186.8,190.77,6624572.0
1611014400,196.0,199.5199,194.07,198.48,7729052.0
1611100800,198.77,201.7731,198.68,201.26,5335808.0
1611187200,203.7,204.72,198.01,202.35,8702898.0
1611273600,202.04,206.54,200.56,206.14,6128788.0
1611532800,208.24,212.53,208.0879,212.35,5959055.0
1611619200,212.55,213.23,210.6,212.72,6601482.0
1611705600,211.07,212.02,205.1,207.57,7358032.0
1611792000,208.0,211.84,207.57,210.12,5460392.0
1611878400,211.96,218.0,204.46,207.97,8401721.0
1612137600,209.46,209.89,203.1,203.14,5383786.0
1612224000,204.38,205.9,197.35,197.56,5314567.0
1612310400,197.81,200.59,196.89,196.96,3679090.0
1612396800,196.81,201.88,195.64,201.62,2924329.0
1612483200,201.62,202.9199,200.85,201.77,2732210.0
1612742400,202.38,206.43,201.91,205.77,2909487.0
1612828800,203.75,204.9499,200.32,201.71,2661320.0
1612915200,204.47,205.55,201.64,204.39,3062709.0
1613001600,202.87,204.18,201.62,202.58,3544689.0
1613088000,201.65,208.22,201.15,207.29,2611297.0
1613433600,205.98,207.49,203.61,205.76,2741949.0
1613520000,205.01,206.69,204.265,206.46,3339286.0
1613606400,205.3,205.415,200.95,201.12,3919791.0
1613692800,201.13,202.8789,200.3301,200.92,3434858.0
1613952000,199.18,201.61,197.96,200.68,2263632.0
1614038400,200.31,204.31,198.68,202.48,3287678.0
1614124800,201.67,206.455,201.63,204.52,2848792.0
1614211200,203.57,205.55,201.75,203.82,2386804.0
1614297600,206.7,206.99,202.06,204.89,3887878.0
1614556800,205.78,208.24,204.78,206.47,2797548.0
1614643200,208.89,209.95,204.1,204.14,3445286.0
1614729600,203.37,204.31,199.705,202.0,3660317.0
1614816000,203.79,204.74,198.61,200.54,4308430.0
1614902400,201.02,207.67,200.88,206.92,3876160.0
1615161600,207.0,210.8896,206.32,207.03,3300343.0
1615248000,208.34,212.16,206.06,206.11,4227322.0
1615334400,206.885,208.04,204.39,205.45,3400164.0
1615420800,206.51,207.25,204.27,205.21,4037377.0
1615507200,204.89,208.4599,202.28,208.08,4541373.0
1615766400,193.01,193.18,188.2,189.16,12405560.0
1615852800,191.537,191.62,187.23,190.9,6194240.0
1615939200,189.73,189.83,186.56,186.73,5134224.0
1616025600,186.02,187.09,183.8,183.93,4239983.0
1616112000,184.7,185.8,183.88,184.29,6048561.0
1616371200,184.05,185.91,183.2,185.84,2666600.0
1616457600,185.35,186.655,183.25,183.68,3284889.0
1616544000,183.7,183.835,179.82,180.17,3931458.0
1616630400,181.0,183.64,180.22,183.09,2630505.0
1616716800,184.05,185.91,182.63,185.31,2868368.0
1616976000,184.66,187.6696,183.505,186.34,3002626.0
1617062400,185.53,186.86,184.71,185.5,2523602.0
1617148800,185.57,187.94,185.26,186.82,3621314.0
1617235200,186.82,188.07,184.66,185.24,2340366.0
1617580800,185.59,185.9,183.1,184.89,2864920.0
1617667200,184.69,185.63,182.49,182.8,2488379.0
1617753600,182.9,183.18,181.22,182.32,3406606.0
1617840000,182.95,183.97,182.47,182.61,2393198.0
1617926400,182.53,185.14,182.41,184.49,2611218.0
1618185600,183.43,183.94,180.88,181.82,2876088.0
1618272000,181.18,183.64,181.18,182.53,3089142.0
1618358400,182.59,184.469,182.05,183.0,2002075.0
1618444800,183.79,187.72,183.41,185.92,2586643.0
1618531200,187.38,190.3,186.88,189.25,3732096.0
1618790400,189.24,190.88,188.07,189.64,2966439.0
1618876800,190.41,193.5,190.17,190.61,2461129.0
1618963200,191.56,193.01,189.8,190.95,2219772.0
1619049600,190.0,191.27,186.75,187.05,2982838.0
1619136000,187.03,189.13,187.03,188.72,2483203.0
1619395200,188.57,188.65,186.06,187.22,2797528.0
1619481600,184.0,185.87,180.79,182.21,6838740.0
1619568000,181.45,182.0,178.5779,180.55,4682764.0
1619654400,181.06,182.63,180.0,182.2,2432461.0
1619740800,181.84,183.95,181.19,182.77,3103881.0
1620000000,182.99,186.35,182.92,185.92,3196957.0
1620086400,187.53,190.08,186.78,188.2,3703540.0
1620172800,188.65,193.57,188.17,192.81,2773684.0
1620259200,191.55,194.1,189.3227,193.89,3101937.0
1620345600,194.82,196.2668,193.9,195.42,2526753.0
1620604800,196.17,196.61,193.5,194.76,2242047.0
1620691200,193.39,195.75,193.01,194.75,1850449.0
1620777600,194.75,195.65,192.73,193.2,2397601.0
1620864000,192.25,196.11,191.75,194.94,2175323.0
1620950400,195.71,197.27,194.92,196.21,1823874.0
1621209600,196.48,199.61,195.09,195.53,2464669.0
1621296000,195.0,196.35,193.58,194.63,2369384.0
1621382400,193.61,197.39,193.11,196.51,3070497.0
1621468800,197.16,201.08,196.17,199.53,3494708.0
1621555200,200.0,201.92,199.47,199.88,2579208.0
1621814400,201.0,203.615,200.04,201.02,2074926.0
1621900800,201.43,201.85,199.14,199.22,2919227.0
1621987200,199.23,202.44,198.25,200.99,2891438.0
1622073600,200.65,201.38,195.5,199.2,9340280.0
1622160000,199.12,202.28,198.53,199.74,2386024.0
1622505600,200.32,200.89,196.68,198.42,3070326.0
1622592000,199.01,200.92,198.25,199.13,2030286.0
1622678400,198.99,203.64,198.61,202.7,3066605.0
1622764800,202.79,204.45,201.2902,202.02,2817826.0
1623024000,201.99,233.33,201.83,222.52,17231370.0
1623110400,221.71,222.27,217.37,220.7,4618467.0
1623196800,221.35,226.73,220.26,226.0,4934884.0
1623283200,226.97,235.847,226.25,233.54,5598166.0
1623369600,227.03,229.59,221.56,224.09,5635964.0
1623628800,224.23,226.66,223.02,226.1,2720733.0
1623715200,226.1,226.66,222.87,223.52,2188900.0
1623801600,223.53,224.36,220.2,220.76,2548827.0
1623888000,220.27,223.095,220.27,222.21,1891008.0
1623974400,220.43,221.05,218.32,218.55,4016656.0
1624233600,219.1,223.77,218.08,222.67,3671287.0
1624320000,222.63,223.61,220.5128,221.44,1658943.0
1624406400,222.19,222.24,217.0,217.1,2419664.0
1624492800,234.92,239.37,230.42,232.97,12290460.0
1624579200,233.12,233.4899,229.39,230.22,6992228.0
1624838400,229.0,229.88,226.8784,228.22,2507615.0
1624924800,228.25,231.4,227.85,229.37,1621247.0
1625011200,230.09,230.8459,229.06,229.52,1786736.0
1625097600,229.51,231.5,228.66,231.13,1977362.0
1625184000,231.97,234.21,231.33,233.96,1994140.0
1625529600,233.63,235.575,233.2301,235.42,3125526.0
1625616000,234.68,236.59,233.46,235.82,3141508.0
1625702400,233.83,237.27,232.1,237.12,2431482.0
1625788800,237.17,238.4717,232.75,234.99,4030341.0
1626048000,235.17,238.0,235.15,236.01,2928611.0
1626134400,235.98,236.65,234.03,235.3,1974044.0
1626220800,235.79,237.23,234.73,236.35,2103449.0
1626307200,235.01,235.99,230.69,231.47,3611300.0
1626393600,232.5,233.04,231.21,232.46,2229059.0
1626652800,231.88,234.3,230.57,234.14,2305943.0
1626739200,235.0,237.75,233.935,235.02,2297813.0
1626825600,236.38,237.37,233.59,237.29,1651502.0
1626912000,237.28,239.7,236.37,238.49,1703495.0
1626998400,239.28,244.55,238.56,244.15,2448303.0
1627257600,242.57,245.28,242.57,243.21,2678920.0
1627344000,243.71,244.06,242.66,243.58,2116551.0
1627430400,243.37,248.4,242.64,246.51,1688130.0
1627516800,247.5,248.24,242.2401,245.33,1924383.0
1627603200,244.9,245.95,242.63,243.5,1905119.0
1627862400,245.73,247.885,244.25,246.6,1958943.0
1627948800,244.75,259.37,243.5,255.99,5406183.0
1628035200,256.0,270.65,255.42,262.47,3892600.0
1628121600,263.28,265.51,261.33,264.19,2262446.0
1628208000,263.51,264.27,260.74,263.44,2155214.0
1628467200,264.58,273.04,264.5,267.16,3238463.0
1628553600,266.75,271.08,266.18,269.45,2060223.0
1628640000,269.59,270.94,262.66,264.1,2813289.0
1628726400,263.2,264.535,261.49,263.47,2100876.0
1628812800,263.15,265.69,263.02,264.21,1482410.0
1629072000,264.88,270.26,264.265,269.94,2623287.0
1629158400,271.16,275.87,267.18,272.71,2096073.0
1629244800,272.01,274.76,268.03,268.52,2527494.0
1629331200,266.15,271.8475,265.43,270.4,1901013.0
1629417600,269.38,272.8665,269.06,270.91,1536829.0
1629676800,272.3,272.91,267.7,267.82,2438890.0
1629763200,266.2,267.44,261.78,262.77,3736297.0
1629849600,262.78,264.52,261.29,263.87,2388585.0
1629936000,264.0,265.59,260.58,261.32,1732985.0
1630022400,262.52,263.1257,258.58,259.75,1839899.0
1630281600,261.03,264.07,259.61,262.31,1300723.0
1630368000,262.84,263.635,257.86,258.29,2733435.0
1630454400,258.54,258.77,254.49,257.4,2956822.0
1630540800,257.41,259.73,256.47,259.57,1469713.0
1630627200,260.83,260.99,256.7836,259.53,1124527.0
1630972800,259.0,260.82,254.41,254.8,2403689.0
1631059200,254.6,255.71,253.68,254.84,1542529.0
1631145600,253.29,254.02,239.67,240.0,4976593.0
1631232000,242.2,243.89,238.57,239.5,4633548.0
1631491200,240.04,241.15,235.15,237.96,2832834.0
1631577600,238.72,239.7939,231.98,233.09,3825977.0
1631664000,233.58,239.38,233.06,233.73,2802576.0
1631750400,234.08,234.69,229.73,231.04,2958684.0
1631836800,229.71,230.83,228.23,230.1,4480241.0
1632096000,228.09,232.73,227.29,231.64,2803437.0
1632182400,232.06,233.72,229.74,230.17,2172825.0
1632268800,230.0,231.03,227.58,228.3,2529635.0
1632355200,229.3,234.2,229.01,232.18,1912322.0
1632441600,232.77,235.385,231.34,231.68,1642578.0
1632700800,229.97,231.06,225.613,226.4,2785922.0
1632787200,226.39,226.4,220.2,221.6,3583251.0
1632873600,225.41,231.44,224.56,230.36,3971031.0
1632960000,232.78,237.16,230.8,231.05,3787048.0
1633046400,231.0,231.68,225.45,229.59,2215772.0
1633305600,227.8,230.19,224.22,224.85,4784747.0
1633392000,226.44,232.56,226.1747,230.93,2802025.0
1633478400,230.56,230.85,226.05,227.85,2462722.0
1633564800,229.12,234.11,229.0,233.18,2001803.0
1633651200,233.42,235.81,231.55,233.94,2563117.0
1633910400,236.7,237.99,233.6,233.67,1892511.0
1633996800,234.7,235.07,231.98,232.78,1719458.0
1634083200,234.07,237.92,232.8,236.44,2105892.0
1634169600,237.01,238.44,234.11,236.69,1824765.0
1634256000,237.42,239.2986,235.82,237.88,2598357.0
1634515200,237.95,242.66,236.7,238.98,2545987.0
1634601600,239.06,242.55,239.06,242.31,1573492.0
1634688000,243.73,245.9,243.04,243.72,1537772.0
1634774400,244.95,244.95,239.834,241.17,1717891.0
1634860800,240.96,244.04,239.56,243.75,1960703.0
1635120000,244.66,246.2667,240.52,245.05,2763099.0
1635206400,244.5,248.92,237.09,248.44,4532952.0
1635292800,248.61,254.46,248.32,250.17,3181498.0
1635379200,250.16,256.75,250.08,253.35,3386510.0
1635465600,253.78,256.47,251.77,254.76,3152015.0
1635724800,255.11,256.48,248.05,249.31,2735846.0
1635811200,251.25,259.3,249.4,256.85,3987869.0
1635897600,257.77,266.79,257.76,266.26,4382930.0
1635984000,265.48,271.11,265.27,271.0,4133581.0
1636070400,268.99,269.49,258.56,265.0,3745717.0
1636329600,263.99,266.91,259.155,260.53,2386204.0
1636416000,260.53,262.16,258.39,262.02,1963849.0
1636502400,262.0,266.0,261.6,264.65,2215238.0
1636588800,262.32,264.32,261.95,262.63,1739439.0
1636675200,261.78,262.52,258.93,259.65,1964191.0
1636934400,259.39,259.61,257.16,258.43,1903164.0
1637020800,256.96,260.35,255.99,257.72,2565741.0
1637107200,256.81,264.55,256.07,261.18,2873559.0
1637193600,262.0,263.8,259.82,261.33,1689635.0
1637280000,266.43,270.8,260.3,260.7,2788210.0
1637539200,262.22,263.9899,259.13,260.44,1997790.0
1637625600,259.47,262.76,259.25,261.96,1986326.0
1637712000,262.77,264.94,260.05,262.0,2518580.0
1637884800,261.8,265.88,259.03,260.37,1495480.0
1638144000,260.02,262.32,254.5,254.83,4041677.0
1638230400,253.27,254.0,246.48,248.04,8265918.0
1638316800,249.44,255.2991,247.89,249.13,3241515.0
1638403200,246.52,249.98,245.12,247.88,3817784.0
1638489600,252.13,253.48,243.08,245.58,4169687.0
1638748800,245.92,246.94,241.53,246.33,3491184.0
1638835200,244.24,245.435,241.45,245.11,4035797.0
1638921600,246.61,248.1815,239.47,244.32,3636201.0
1639008000,244.49,245.91,242.75,242.9,2291050.0
1639094400,241.2,244.585,241.2,244.14,2380759.0
1639353600,245.51,250.7,245.46,248.53,3016836.0
1639440000,247.74,250.01,246.39,249.38,3423994.0
1639526400,262.07,275.54,257.2098,275.28,10016680.0
1639612800,275.67,283.905,272.05,279.04,5546435.0
1639699200,276.67,276.67,265.3346,267.42,7588876.0
1639958400,269.23,270.005,260.35,263.48,3479415.0
1640044800,264.0,265.95,260.57,264.88,2702522.0
1640131200,264.74,266.56,262.85,266.5,2720994.0
1640217600,269.05,275.27,266.68,273.1,2632221.0
1640563200,275.04,280.3,274.72,278.41,1677639.0
1640649600,279.34,279.4,275.8901,276.43,1034224.0
1640736000,275.82,279.36,275.74,278.42,1112299.0
1640822400,279.19,280.65,276.37,277.25,1181480.0
1640908800,277.47,278.73,276.01,276.22,1315736.0
1641168000,274.41,274.41,267.0637,271.73,2621415.0
1641254400,269.0,269.875,263.58,266.81,2340621.0
1641340800,268.16,268.77,260.42,260.65,3004151.0
1641427200,260.1,261.295,255.46,259.33,2863297.0
1641513600,259.74,261.25,256.71,259.5,2245240.0
1641772800,258.19,260.16,255.89,260.11,2576704.0
1641859200,261.59,262.41,257.06,262.32,2294001.0
1641945600,252.9,257.4376,250.97,255.92,6562799.0
1642032000,254.07,255.5,248.55,249.67,3726509.0
1642118400,250.15,250.54,242.9,244.12,2894255.0
1642464000,242.75,248.52,242.09,247.07,3241277.0
1642550400,246.33,250.4091,244.725,245.05,2487565.0
1642636800,245.58,247.95,242.5,243.13,2655380.0
1642723200,246.88,247.875,242.12,243.06,2788638.0
1642982400,242.55,243.76,232.68,240.42,3716587.0
1643068800,236.81,241.53,235.12,239.46,2525106.0
1643155200,239.63,242.43,235.91,237.86,2913234.0
1643241600,239.98,243.27,235.76,236.72,2178965.0
1643328000,237.49,245.22,235.05,245.1,3081139.0
1643587200,243.27,245.49,241.915,245.39,3237085.0
1643673600,247.05,248.84,243.2621,248.28,2449373.0
1643760000,245.35,251.8756,244.025,250.83,2586720.0
1643846400,247.5,248.12,241.1,244.81,3473574.0
1643932800,242.72,244.1,241.22,242.27,3569451.0
1644192000,242.41,244.03,240.3038,243.55,3948368.0
1644278400,241.9,242.89,237.47,239.91,2614999.0
1644364800,241.26,244.46,241.06,243.27,1759921.0
1644451200,239.9,244.09,238.11,239.64,2283142.0
1644537600,239.23,240.63,234.85,235.74,2054452.0
1644796800,234.0,236.88,231.87,234.69,2572055.0
1644883200,236.65,244.79,236.65,243.84,3409708.0
1644969600,242.58,247.02,242.58,245.58,2458988.0
1645056000,245.58,245.585,240.41,240.97,2059125.0
1645142400,238.02,242.43,238.02,240.31,2518105.0
1645488000,239.21,240.86,237.52,239.13,2936714.0
1645574400,240.55,242.68,238.015,238.31,2296253.0
1645660800,235.18,243.93,234.0,243.08,3272267.0
1645747200,243.84,252.9,243.725,250.85,2442360.0
1646006400,246.14,250.06,244.59,249.95,3188813.0
1646092800,247.56,250.34,245.44,249.5,2873291.0
1646179200,249.88,256.48,249.055,254.17,2452100.0
1646265600,254.83,259.58,254.385,258.64,3153842.0
1646352000,256.21,263.455,255.52,262.87,3497133.0
1646611200,259.86,263.63,257.86,261.64,3074955.0
1646697600,259.93,265.3,258.91,259.93,3482650.0
1646784000,263.3,267.79,262.07,262.79,2965866.0
1646870400,262.84,267.73,262.84,266.02,2797440.0
1646956800,265.07,271.72,265.07,266.3,2469637.0
1647216000,268.99,270.9,267.32,269.0,2713824.0
1647302400,269.87,276.48,269.87,275.46,4396863.0
1647388800,277.85,278.61,273.01,276.44,3148591.0
1647475200,277.01,285.8882,276.45,285.51,3270105.0
1647561600,285.84,291.35,284.86,287.64,4557921.0
1647820800,287.76,295.33,287.76,289.64,3495714.0
1647907200,289.67,290.56,283.39,285.02,3791830.0
1647993600,284.42,288.18,283.35,284.19,3149382.0
1648080000,286.29,288.85,284.66,287.69,2412353.0
1648166400,288.5,291.65,286.58,289.02,2400056.0
1648425600,291.328,292.45,288.31,291.66,2195001.0
1648512000,292.03,293.14,287.58,288.39,2798056.0
1648598400,290.58,292.29,287.99,289.89,2220148.0
1648684800,289.37,291.8,285.92,286.37,3227759.0
1648771200,286.15,293.14,284.0,292.67,3066159.0
1649030400,292.75,294.98,290.95,291.42,3014182.0
1649116800,291.72,295.83,289.1,292.49,2324254.0
1649203200,296.09,306.56,294.77,305.84,4672935.0
1649289600,305.0,314.0,305.0,308.43,4270824.0
1649376000,308.0,312.38,307.95,311.69,3024679.0
1649635200,313.09,313.76,308.05,308.96,2178073.0
1649721600,306.58,309.61,304.18,308.08,2688230.0
1649808000,307.28,308.3,300.41,302.67,2528740.0
1649894400,303.75,304.47,300.19,301.86,1898106.0
1650240000,301.07,302.06,296.8,298.82,1581398.0
1650326400,298.41,299.69,293.8,297.01,2021659.0
1650412800,297.02,299.0,292.3,292.92,2608630.0
1650499200,292.92,293.4525,286.66,289.61,2716751.0
1650585600,289.3,289.62,278.4,278.73,2772584.0
1650844800,278.75,285.95,276.83,285.2,2410175.0
1650931200,286.18,290.21,282.7919,282.83,2166647.0
1651017600,283.1,288.13,280.59,285.09,2352078.0
1651104000,295.99,300.51,288.56,297.27,5887534.0
1651190400,295.79,297.31,289.14,292.13,3910872.0
1651449600,291.23,292.84,284.28,289.56,2790024.0
1651536000,288.63,289.81,284.11,288.07,2109522.0
1651622400,288.5,296.98,284.12,294.9,2743561.0
1651708800,293.42,294.99,288.3,292.37,3120381.0
1651795200,290.17,298.25,288.52,296.9,2931169.0
1652054400,293.51,294.93,286.65,289.23,3460544.0
1652140800,292.0,293.43,285.0,285.7,3140981.0
1652227200,283.67,294.5,283.0,286.69,2625192.0
1652313600,283.325,291.99,283.325,291.8,2369996.0
1652400000,292.63,292.8,286.51,291.63,2337673.0
1652659200,292.11,309.44,291.6,299.38,5118315.0
1652745600,300.0,303.4,293.39,301.4,2552984.0
1652832000,300.0,302.6,294.03,295.19,2161429.0
1652918400,293.58,293.58,284.37,286.27,3157441.0
1653004800,290.73,299.24,288.92,298.85,3129140.0
1653264000,300.6,304.92,299.35,302.6,2873617.0
1653350400,303.71,307.67,299.8,305.96,2804943.0
1653436800,307.0,310.42,304.64,307.01,3195708.0
1653523200,305.23,313.91,303.61,313.46,3284351.0
1653609600,312.65,324.08,311.26,323.48,3694287.0
1653955200,316.63,318.46,309.03,313.44,6298904.0
1654041600,313.44,313.9,305.59,311.08,2731736.0
1654128000,310.57,310.665,298.165,302.43,3703312.0
1654214400,302.16,305.81,300.7,301.65,2490022.0
1654473600,315.13,315.13,303.09,303.36,3734398.0
1654560000,303.992,312.15,303.02,312.1,3652818.0
1654646400,312.43,315.5,310.81,313.49,2684523.0
1654732800,311.6,311.92,303.11,303.25,1965302.0
1654819200,299.23,301.66,296.87,297.01,2471662.0
1655078400,290.432,293.16,288.51,291.28,2898757.0
1655164800,289.17,292.0,287.29,290.79,2422560.0
1655251200,291.6,296.34,288.53,292.99,1970129.0
1655337600,290.2,290.2,283.11,288.07,2628808.0
1655424000,290.01,300.99,289.68,290.9,6900000.0
1655769600,292.38,299.28,290.31,297.34,2821331.0
1655856000,296.96,309.65,296.43,306.69,4536148.0
1655942400,309.5,313.19,307.19,312.72,3729325.0
1656028800,319.55,325.82,319.01,325.62,5449892.0
1656288000,324.23,330.85,322.0,327.27,3219127.0
1656374400,326.52,329.065,316.76,317.62,2748331.0
1656460800,318.16,324.7,317.65,323.0,2562542.0
1656547200,322.13,327.05,320.01,324.23,2732891.0
1656633600,323.88,325.4,317.76,324.71,1817810.0
1656979200,322.44,327.43,318.93,327.18,2109663.0
1657065600,328.0,332.74,326.75,330.15,2252491.0
1657152000,327.25,330.5,326.24,327.95,2395046.0
1657238400,326.55,334.52,326.16,330.47,1898294.0
1657497600,330.61,332.68,329.4276,331.07,1342949.0
1657584000,330.0,331.99,323.36,323.59,2058398.0
1657670400,322.01,324.68,320.83,322.46,2564310.0
1657756800,317.54,327.76,315.51,326.89,2615713.0
1657843200,331.97,335.33,328.17,331.6,3340336.0
1658102400,330.12,331.97,319.71,321.77,2116414.0
1658188800,324.09,327.38,321.84,326.2,1628234.0
1658275200,327.09,327.82,320.31,322.03,2051072.0
1658361600,321.45,328.05,319.71,326.92,1692104.0
1658448000,326.95,329.22,325.83,328.75,1850862.0
1658707200,328.75,332.27,328.06,331.55,1741726.0
1658793600,330.99,332.57,328.61,331.56,1812283.0
1658880000,328.98,330.87,325.1901,328.94,1643193.0
1658966400,330.24,333.59,321.74,330.8,2351047.0
1659052800,331.06,331.06,326.82,329.69,3399855.0
1659312000,327.51,330.43,323.46,324.15,2464276.0
1659398400,327.19,328.98,319.36,320.2,3405692.0
1659484800,320.63,320.98,310.22,313.83,5152196.0
1659571200,310.2,310.25,302.24,305.79,4696250.0
1659657600,302.48,305.32,300.31,301.32,2814275.0
1659916800,300.65,306.12,296.53,302.5,3219472.0
1660003200,305.09,306.6973,301.3,303.02,2123056.0
1660089600,304.5,307.13,302.59,304.61,2351049.0
1660176000,301.03,305.42,299.63,301.17,2198999.0
1660262400,302.92,308.49,301.3,308.08,2305105.0
1660521600,309.21,314.61,307.31,313.94,2795795.0
1660608000,313.93,314.365,309.63,310.31,2247979.0
1660694400,310.01,320.6,310.01,316.82,2747228.0
1660780800,316.75,318.96,314.2,316.72,2261691.0
1660867200,317.51,325.75,317.5,322.77,3393325.0
1661126400,322.28,325.77,320.39,323.1,2488026.0
1661212800,321.24,321.84,313.87,315.1,2962108.0
1661299200,316.47,320.86,315.22,318.87,1826987.0
1661385600,320.6,323.37,315.83,323.14,1977925.0
1661472000,323.59,324.5899,315.265,315.56,1857980.0
1661731200,313.34,314.87,309.6801,310.15,1696996.0
1661817600,310.14,311.97,306.01,307.04,1980254.0
1661904000,307.14,308.82,301.11,301.23,3183504.0
1661990400,301.0,309.41,300.5,309.13,2939177.0
1662076800,310.11,310.22,299.76,301.33,2525421.0
1662422400,302.95,312.8331,302.23,306.82,2322342.0
1662508800,308.77,312.4,304.88,311.6,2228255.0
1662595200,311.95,315.73,307.59,315.5,2212547.0
1662681600,316.45,320.17,315.22,317.7,2177390.0
1662940800,318.89,320.45,314.88,315.22,2077414.0
1663027200,310.01,312.31,304.99,306.48,2272439.0
1663113600,307.21,311.8129,305.9,309.61,2002888.0
1663200000,309.71,312.28,305.75,309.47,2348077.0
1663286400,307.97,311.96,306.7375,308.89,4380422.0
1663545600,306.48,306.52,297.65,305.09,2515481.0
1663632000,303.82,303.82,298.94,301.73,1816772.0
1663718400,301.0,304.53,296.32,296.48,2241157.0
1663804800,300.8,312.61,299.96,310.87,5918287.0
1663891200,311.87,315.18,305.12,311.46,4572588.0
1664150400,308.8,311.73,304.88,307.5,3759990.0
1664236800,309.15,313.95,308.32,311.1,3019604.0
1664323200,333.53,341.7,328.1,334.38,9436333.0
1664409600,333.97,334.68,327.27,330.01,3743066.0
1664496000,327.15,329.5072,322.42,323.35,4474113.0
1664755200,325.99,329.345,317.05,321.55,3340749.0
1664841600,322.18,330.1,321.78,329.89,2622532.0
1664928000,328.3,333.85,327.52,331.78,2186065.0
1665014400,327.94,339.26,326.87,332.95,4299153.0
1665100800,332.97,333.07,324.9,326.66,2601643.0
1665360000,326.23,327.0068,320.24,323.89,1956232.0
1665446400,320.0,329.03,319.43,327.6,2599113.0
1665532800,327.38,333.65,323.88,324.57,1764724.0
1665619200,319.12,333.374,319.1001,332.1,2657403.0
1665705600,331.56,335.2874,328.2269,331.39,2231710.0
1665964800,332.79,337.58,331.75,332.76,2230039.0
1666051200,334.14,335.33,330.37,335.03,2087263.0
1666137600,335.25,335.63,325.97,329.29,2419015.0
1666224000,331.15,331.435,325.9,329.07,1761387.0
1666310400,329.07,342.43,326.77,340.77,3274712.0
1666569600,344.22,351.77,344.22,347.9,3375901.0
1666656000,346.52,352.3299,343.0501,351.31,2513137.0
1666742400,352.5,361.48,350.44,357.86,2373741.0
1666828800,358.99,361.1175,355.32,356.33,2347623.0
1666915200,360.32,362.0,357.04,359.9,2942083.0
1667174400,358.65,363.9199,350.46,362.09,4258199.0
1667260800,345.83,358.99,340.75,352.58,7012953.0
1667347200,354.16,363.1467,350.21,354.96,3775944.0
1667433600,354.06,362.83,351.51,361.68,2602543.0
1667520000,365.2,365.8754,353.335,357.41,3004733.0
1667779200,358.0,367.0,357.5,365.07,2560290.0
1667865600,365.15,368.75,361.9333,366.66,3278611.0
1667952000,368.44,369.8,361.91,363.27,2323699.0
1668038400,367.24,369.0,363.0001,368.72,2993994.0
1668124800,366.16,367.83,344.52,352.3,6646279.0
1668384000,359.07,360.8,340.12,356.06,4717434.0
1668470400,356.94,356.99,346.355,349.95,4180693.0
1668556800,350.0,356.88,349.96,352.93,3563981.0
1668643200,352.91,362.3,352.71,360.77,2931146.0
1668729600,362.55,364.67,359.35,361.67,2421110.0
1668988800,360.39,363.76,355.37,361.17,1999399.0
1669075200,362.0,362.8,357.3,360.88,2460356.0
1669161600,361.34,362.47,358.63,361.72,1993218.0
1669334400,362.9,365.83,361.55,365.25,1039094.0
1669593600,363.45,369.51,361.0,365.77,2481988.0
1669680000,364.62,366.11,360.64,363.95,2207038.0
1669766400,365.07,372.35,361.8,371.08,5556445.0
1669852800,374.79,375.185,368.49,370.33,2516098.0
1669939200,366.08,375.04,365.0,374.76,1925568.0
1670198400,373.76,375.25,368.28,369.29,2296532.0
1670284800,367.0,370.64,365.5193,368.54,1970992.0
1670371200,369.32,375.235,368.76,371.97,1629084.0
1670457600,373.26,373.26,366.5,371.79,2090943.0
1670544000,373.0,374.0,360.81,360.99,2787175.0
1670803200,362.93,367.8299,362.5,367.25,2639333.0
1670889600,361.63,372.74,358.32,358.66,5032632.0
1670976000,359.01,369.425,357.055,363.5,5095457.0
1671062400,360.66,363.965,356.69,360.01,3437854.0
1671148800,357.93,360.48,355.17,359.87,6612417.0
1671408000,357.81,359.7,354.6101,357.78,2658425.0
1671494400,358.5,361.45,356.34,359.64,2276011.0
1671580800,362.63,370.68,361.21,368.01,2211291.0
1671667200,367.32,369.76,362.29,365.31,1958287.0
1671753600,364.82,367.9,362.47,367.9,1030267.0
1672099200,369.5,369.73,364.33,364.88,1372062.0
1672185600,366.17,368.01,363.94,365.22,995966.0
1672272000,368.1,370.95,366.46,367.02,1077852.0
1672358400,367.49,367.95,362.113,365.84,1388100.0
1672704000,366.26,369.0,361.46,364.99,2006686.0
1672790400,364.64,367.115,360.34,363.1,1886196.0
1672876800,360.95,361.49,352.96,358.92,2008524.0
1672963200,360.0,366.7,357.5815,362.94,2131283.0
1673222400,364.0,364.97,348.79,349.83,2980570.0
1673308800,349.0,353.21,343.34,352.75,2465191.0
1673395200,354.34,361.76,351.0,360.41,2602845.0
1673481600,359.25,360.4962,353.08,359.12,2019744.0
1673568000,359.57,363.31,358.64,361.62,1690881.0
1673913600,361.62,362.0,356.55,357.74,2435381.0
1674000000,356.32,359.0,351.58,352.01,2302261.0
1674086400,352.37,355.8,350.42,351.08,2658332.0
1674172800,347.0,349.065,341.58,346.07,5391878.0
1674432000,346.61,346.61,340.22,342.21,3403129.0
1674518400,384.44,384.44,302.14,346.39,2242466.0
1674604800,345.55,349.78,345.1,349.73,2503326.0
1674691200,351.0,352.18,346.73,348.01,2576176.0
1674777600,346.11,348.09,341.5255,342.1,2363613.0
1675036800,344.33,347.8,339.46,340.5,2647724.0
1675123200,340.68,344.4,339.38,344.15,2406652.0
1675209600,342.79,345.94,337.52,342.57,2990949.0
1675296000,334.0,335.3,317.0,330.7,13036610.0
1675382400,332.95,342.329,329.37,339.08,5670711.0
1675641600,341.98,343.42,334.62,337.66,3055672.0
1675728000,336.05,340.96,332.69,339.68,2464138.0
1675814400,338.56,342.87,337.82,340.73,2399385.0
1675900800,340.89,347.35,340.5,341.79,3072770.0
1675987200,343.27,348.43,342.73,345.12,1980013.0
1676246400,346.47,350.81,346.0,350.4,2291589.0
1676332800,350.54,353.815,347.28,347.56,2028850.0
1676419200,345.85,346.8673,334.35,335.01,3603468.0
1676505600,331.0,332.935,325.72,326.07,3654165.0
1676592000,323.15,331.585,320.5,328.4,3695750.0
1676937600,327.15,331.72,326.33,327.51,2515648.0
1677024000,328.71,332.6,326.33,329.07,2380008.0
1677110400,328.01,332.83,325.69,327.52,2229544.0
1677196800,326.0,327.2255,320.09,321.64,2594624.0
1677456000,322.6,323.4,315.9,316.62,3043472.0
1677542400,315.49,315.49,309.64,311.22,3966856.0
1677628800,310.0,316.9055,309.2,314.17,3580764.0
1677715200,311.79,316.3,310.53,315.05,2885235.0
1677801600,316.37,320.16,315.2407,318.43,3002947.0
1678060800,316.94,320.24,316.5,318.96,2673717.0
1678147200,319.0,320.35,309.6,310.63,2620827.0
1678233600,310.5,313.03,309.32,312.54,2313238.0
1678320000,312.31,318.7699,312.31,316.85,3920329.0
1678406400,318.85,326.53,314.34,315.02,4597335.0
1678665600,317.24,331.8,317.24,324.49,5275659.0
1678752000,324.05,327.28,321.44,327.07,4214331.0
1678838400,326.0,331.36,324.5,329.47,4743547.0
1678924800,327.64,331.6999,325.04,329.53,3498500.0
1679011200,331.5,334.9457,328.1,329.18,8679808.0
1679270400,329.18,333.94,329.0125,333.6,3540866.0
1679356800,334.39,334.44,328.0763,331.08,3240628.0
1679443200,331.77,335.6,330.65,330.97,2472342.0
1679529600,330.89,335.34,330.21,332.64,2703482.0
1679616000,332.99,336.93,328.77,336.13,2792171.0
1679875200,327.8,336.22,323.26,334.6,3102495.0
1679961600,335.8,338.83,334.715,337.65,2433281.0
1680048000,339.0,339.77,334.58,335.87,2743787.0
1680134400,336.07,341.31,336.07,340.69,2146899.0
1680220800,342.0,343.65,340.69,343.42,2933578.0
1680480000,343.24,351.535,342.3,350.74,3039568.0
1680566400,352.07,359.0,351.27,354.62,3585862.0
1680652800,358.08,364.85,357.93,362.24,3442690.0
1680739200,364.85,369.5,364.25,368.29,3531707.0
1681084800,368.18,368.345,363.038,367.0,1868149.0
1681171200,367.76,368.8,363.59,364.04,2026953.0
1681257600,364.02,372.44,363.33,369.05,2672766.0
1681344000,372.62,375.56,370.31,375.15,2839943.0
1681430400,374.24,376.31,372.51,374.73,2287924.0
1681689600,375.0,375.895,371.16,372.35,2059925.0
1681776000,373.0,374.26,369.66,369.91,1925398.0
1681862400,370.55,371.28,367.35,370.47,2173205.0
1681948800,371.39,376.06,369.755,374.81,2766506.0
1682035200,378.01,386.27,378.0,385.24,3682470.0
1682294400,385.24,387.05,381.625,383.35,2059833.0
1682380800,385.05,390.48,384.0,384.84,2648590.0
1682467200,381.12,381.5,370.68,376.27,3161235.0
1682553600,391.26,398.53,380.771,390.35,4981319.0
1682640000,398.0,404.3131,392.505,395.86,5350064.0
1682899200,397.26,407.35,392.255,405.81,4091129.0
1682985600,407.0,411.54,399.26,404.2,3884642.0
1683072000,415.03,434.2,414.31,431.19,10129760.0
1683158400,431.45,432.7,425.22,428.44,4070697.0
1683244800,428.1,431.27,424.56,427.81,2753370.0
1683504000,426.2,435.0,423.0,432.72,2478575.0
1683590400,431.77,435.6,428.045,428.38,2601781.0
1683676800,426.06,438.39,426.06,435.92,2766347.0
1683763200,436.7,436.85,431.1155,435.55,2595934.0
1683849600,440.16,445.54,434.42,434.43,3939247.0
1684108800,435.37,436.0,430.67,434.51,2234778.0
1684195200,434.2,438.475,430.66,436.65,2129191.0
1684281600,438.8,438.95,432.73,437.47,2274225.0
1684368000,436.505,439.52,433.5948,437.89,2268104.0
1684454400,439.0,447.51,439.0,442.38,3442937.0
1684713600,444.31,454.95,432.39,433.99,4398012.0
1684800000,432.92,435.89,421.51,423.21,4492062.0
1684886400,424.0,428.9574,420.26,425.77,3133017.0
1684972800,426.38,428.2,419.8,427.31,2882190.0
1685059200,424.9,431.67,423.67,425.79,2338607.0
1685404800,423.79,428.73,422.0601,427.24,2595731.0
1685491200,427.0,430.56,424.01,429.46,3950859.0
1685577600,430.27,436.79,428.13,436.49,2914606.0
1685664000,439.96,444.7,436.7849,442.33,2499045.0
1685923200,443.0,447.8,441.71,444.26,2113753.0
1686009600,447.83,448.87,440.02,443.07,1495431.0
1686096000,440.2,446.69,435.68,436.37,2458343.0
1686182400,435.88,447.47,432.34,445.66,2040858.0
1686268800,449.3,449.3,442.6,446.04,2082341.0
1686528000,446.15,446.99,438.68,445.31,2566696.0
1686614400,443.67,447.4006,442.25,445.72,1766345.0
1686700800,444.29,448.78,443.54,447.72,2163490.0
1686787200,448.0,456.575,447.69,453.93,2287108.0
1686873600,455.8,456.98,447.5,447.71,4295714.0
1687219200,445.86,454.88,445.11,451.95,2507676.0
1687305600,454.5,455.34,450.2122,453.0,2347588.0
1687392000,455.0,462.26,453.82,457.68,2913524.0
1687478400,457.0,460.01,452.32,458.84,4832135.0
1687737600,465.26,465.26,448.92,452.76,3214677.0
1687824000,462.5,467.98,451.7,464.5,4138716.0
1687910400,468.51,468.53,457.32,458.7,2854710.0
1687996800,459.06,465.83,457.5062,464.49,2112385.0
1688083200,464.65,469.87,464.0,468.98,3173216.0
1688342400,466.26,466.26,457.37,461.42,2113173.0
1688515200,462.1,467.2525,460.0,465.7,2130392.0
1688601600,463.12,467.6,461.62,463.21,2193610.0
1688688000,462.33,463.61,451.24,452.08,2914742.0
1688947200,452.96,454.67,449.71,453.16,2011375.0
1689033600,450.0,450.56,437.61,439.39,3573117.0
1689120000,438.47,444.3,435.01,440.6,3107830.0
1689206400,440.23,442.24,434.34,434.7,2865139.0
1689292800,441.1,450.45,440.87,449.46,2955014.0
1689552000,449.45,450.62,443.26,447.14,2349068.0
1689638400,446.95,453.3224,445.04,451.2,2237938.0
1689724800,451.4,455.0,448.56,453.56,2212841.0
1689811200,455.15,465.22,455.0,463.82,2624224.0
1689897600,465.41,467.04,461.97,462.04,2226909.0
1690156800,462.0,465.64,457.67,459.32,2190663.0
1690243200,457.76,460.92,456.6,457.54,1737804.0
1690329600,455.0,455.0,446.56,453.59,1959809.0
1690416000,453.32,458.68,452.2529,454.99,1883510.0
1690502400,455.13,459.57,451.7801,458.48,1438327.0
1690761600,459.02,459.02,450.8,454.55,2110442.0
1690848000,455.35,457.37,451.4501,453.09,1739519.0
1690934400,455.23,461.64,451.32,454.48,2367147.0
1691020800,450.775,454.095,448.26,449.16,2414179.0
1691107200,449.24,452.47,446.89,449.49,1870352.0
1691366400,453.25,455.0,450.58,454.08,2446374.0
1691452800,506.0,538.0,502.71,521.6,15094500.0
1691539200,520.37,532.53,516.89,526.23,5376561.0
1691625600,523.47,528.74,519.99,521.34,4108545.0
1691712000,523.72,531.81,520.0,528.28,2524300.0
1691971200,531.28,542.3,529.25,538.0,3981105.0
1692057600,537.73,547.29,533.78,546.62,2826844.0
1692144000,547.4,552.87,542.5012,546.24,2597094.0
1692230400,543.21,548.805,537.39,537.66,2549857.0
1692316800,535.03,547.77,533.9001,546.43,2958610.0
1692576000,546.99,553.5,545.75,550.05,2305424.0
1692662400,549.53,556.095,547.28,553.66,1937059.0
1692748800,556.72,557.4,548.21,553.36,2121301.0
1692835200,552.7,556.98,547.3,548.0,1776666.0
1692921600,549.63,556.095,547.08,553.65,1847649.0
1693180800,550.13,556.23,550.12,553.92,1373698.0
1693267200,553.45,556.345,549.86,553.9,1701224.0
1693353600,555.01,557.75,547.04,547.99,2191120.0
1693440000,547.02,557.41,543.0,554.2,3043443.0
1693526400,556.32,559.205,553.51,557.11,2030842.0
1693872000,559.23,561.93,556.71,558.19,2257195.0
1693958400,561.02,561.59,552.7,559.95,2424252.0
1694044800,564.19,576.31,562.6207,573.23,3707122.0
1694131200,572.33,587.55,571.22,586.46,4311028.0
1694390400,587.15,598.16,584.48,595.56,3876545.0
1694476800,590.97,601.13,587.85,599.3,3212110.0
1694563200,594.66,600.75,591.7,598.88,3126627.0
1694649600,599.24,601.84,590.01,591.61,3244807.0
1694736000,592.0,594.06,575.06,575.66,5941215.0
1694995200,578.0,578.0,564.41,571.28,2723628.0
1695081600,571.62,578.41,570.63,574.96,2186004.0
1695168000,573.42,575.25,569.19,569.64,1870727.0
1695254400,567.19,568.0,542.5,550.13,4051388.0
1695340800,548.81,555.49,547.6273,550.54,2354187.0
1695600000,550.1,552.662,545.7501,552.29,1686515.0
1695686400,550.7,554.13,548.0,550.01,1864471.0
1695772800,549.89,551.69,543.665,549.76,2004174.0
1695859200,551.32,551.68,541.395,544.45,2178763.0
1695945600,545.49,546.085,532.2,537.13,2967708.0
1696204800,536.01,540.64,526.81,538.29,2810131.0
1696291200,536.0,537.34,516.57,525.19,3266118.0
1696377600,525.56,536.175,523.6301,531.46,2220627.0
1696464000,533.54,542.5,531.61,541.48,2950691.0
1696550400,544.0,566.3592,542.71,565.22,4745172.0
1696809600,564.02,579.79,563.58,571.76,4208115.0
1696896000,570.0,585.95,569.73,579.31,3526745.0
1696982400,596.2,608.79,585.01,605.28,5850640.0
1697068800,605.46,613.0,602.2,610.5,4063499.0
1697155200,617.89,629.97,602.56,609.2,3972073.0
1697414400,610.99,621.9823,608.43,616.64,2941520.0
1697500800,619.0,620.4,602.53,608.31,2911669.0
1697587200,607.24,615.875,603.2401,607.24,2049105.0
1697673600,605.0,605.0,578.34,590.8,3493655.0
1697760000,590.0,596.92,580.88,584.64,3666851.0
1698019200,586.06,588.34,576.14,576.65,2781927.0
1698105600,580.0,594.523,579.105,592.43,2632972.0
1698192000,596.94,599.7,585.87,586.46,2283296.0
1698278400,580.0,581.0,566.16,568.1,2846495.0
1698364800,563.01,570.81,556.6401,560.23,2717360.0
1698624000,571.21,573.2099,562.55,565.71,2290889.0
1698710400,568.97,569.61,547.61,553.93,3661447.0
1698796800,555.0,558.43,551.26,554.46,2935938.0
1698883200,578.33,597.4399,571.99,580.29,5181296.0
1698969600,578.43,582.995,567.18,567.81,3056541.0
1699228800,571.1,597.7096,571.01,595.19,3978451.0
1699315200,597.0,601.94,590.125,599.93,3168249.0
1699401600,607.66,625.87,592.18,619.13,7776448.0
1699488000,614.76,615.65,583.43,591.32,6279799.0
1699574400,595.0,598.86,586.0,597.71,3650068.0
1699833600,594.35,618.75,578.15,612.71,5744828.0
1699920000,608.22,616.04,602.67,610.82,3827645.0
1700006400,610.88,612.91,584.4165,588.54,4287011.0
1700092800,591.5,595.0899,581.7501,588.75,3030535.0
1700179200,592.45,596.1785,587.21,591.71,2628620.0
1700438400,591.44,604.86,590.69,597.6,2831258.0
1700524800,598.44,601.56,591.77,592.6,1851562.0
1700611200,595.4,599.18,586.75,595.09,2052682.0
1700784000,598.36,603.5,596.9813,601.1,1341674.0
1701043200,601.17,603.69,591.14,591.53,2630713.0
1701129600,592.0,595.38,589.36,591.6,1793933.0
1701216000,592.2,594.5399,584.4401,591.86,1908649.0
1701302400,591.46,596.23,586.21,591.04,5658350.0
1701388800,591.7,601.97,583.0,584.04,3638565.0
1701648000,582.13,587.09,574.33,585.68,2577122.0
1701734400,583.28,591.8,579.373,588.15,2157343.0
1701820800,590.74,593.9,584.4,589.25,2093105.0
1701907200,588.28,588.8699,577.61,588.27,2095042.0
1701993600,589.0,598.3,584.77,598.05,2446790.0
1702252800,598.66,601.19,567.41,584.04,5614106.0
1702339200,582.0,585.85,578.1663,584.76,2846097.0
1702425600,583.26,598.6699,582.31,597.5,3112544.0
1702512000,594.5,594.5,568.69,573.67,5275911.0
1702598400,572.1,573.71,561.65,572.04,5317020.0
1702857600,576.47,583.05,575.7,579.76,3033944.0
1702944000,580.25,585.11,577.25,579.81,2192689.0
1703030400,576.48,579.86,570.03,570.21,2647100.0
1703116800,571.41,574.9999,567.02,572.0,1786473.0
1703203200,573.02,575.9,567.42,570.39,2226069.0
1703548800,569.5,572.7722,567.64,570.67,1678898.0
1703635200,570.5,583.68,570.5,581.51,2163409.0
1703721600,581.98,586.69,580.0,580.85,1973512.0
1703808000,582.85,586.1704,579.47,582.92,2000055.0
1704153600,580.41,592.72,579.05,592.2,3226661.0
1704240000,600.0,619.84,598.8,617.7,5130330.0
1704326400,625.26,636.41,613.27,614.5,6272532.0
1704412800,614.0,619.94,610.19,618.55,2403955.0
1704672000,622.43,626.0599,609.59,626.03,2453931.0
1704758400,630.105,634.425,623.72,625.48,2918891.0
1704844800,628.49,637.0541,625.76,630.19,2679074.0
1704931200,634.39,639.76,628.14,635.72,2690341.0
1705017600,638.2,644.0,633.0101,642.92,2067773.0
1705363200,643.91,647.73,633.67,634.57,2413610.0
1705449600,639.45,640.52,625.19,628.91,2124096.0
1705536000,621.28,623.8799,612.7,623.35,3384999.0
1705622400,622.39,629.59,620.0,628.58,3125030.0
1705881600,630.0,632.64,625.0,630.88,2030201.0
1705968000,627.69,630.0,614.82,629.68,2524983.0
1706054400,633.52,643.165,632.0,633.7,2276855.0
1706140800,627.37,632.613,624.68,627.62,2407930.0
1706227200,637.35,639.6,630.5,639.25,2410349.0
1706486400,641.5,645.65,639.77,645.0,2718484.0
1706572800,645.7,646.8,641.0,644.98,2006101.0
1706659200,650.38,663.5499,637.0,645.61,4719039.0
1706745600,647.33,660.52,643.17,660.43,2494287.0
1706832000,662.38,672.615,659.735,667.65,3019223.0
1707091200,691.02,711.8763,682.53,706.2,7602392.0
1707177600,742.0,742.0,691.1,705.03,8199902.0
1707264000,710.38,740.9899,707.02,725.38,5797966.0
1707350400,728.32,741.0,725.75,735.68,4636885.0
1707436800,735.5,745.7,733.61,740.16,2833894.0
1707696000,740.8,740.8,726.45,737.26,2932304.0
1707782400,730.18,742.98,730.18,742.97,2860265.0
1707868800,745.82,764.05,745.0,757.31,3394326.0
1707955200,755.8,762.99,750.01,757.78,2507030.0
1708041600,771.03,794.47,763.5,782.06,5009368.0
1708387200,790.0,793.38,753.2001,755.66,4701094.0
1708473600,738.08,749.5,733.24,745.91,3548650.0
1708560000,763.58,775.12,756.27,769.64,3167403.0
1708646400,774.0,777.6499,762.26,769.54,2394805.0
1708905600,771.3,780.22,769.12,771.92,2243779.0
1708992000,754.9,772.95,745.44,765.0,2716745.0
1709078400,762.25,763.0,751.66,757.64,2716307.0
1709164800,753.08,756.46,744.025,753.68,3905355.0
1709251200,769.02,784.08,764.13,782.12,4247527.0
1709510400,796.44,800.78,786.1623,792.28,3855649.0
1709596800,785.31,788.53,769.275,777.59,3168689.0
1709683200,784.29,787.85,774.0,779.77,2518587.0
1709769600,771.835,792.99,761.12,780.16,3977376.0
1709856000,780.0,780.0,755.0,762.14,4054925.0
1710115200,752.21,756.8,727.62,734.37,3968854.0
1710201600,740.96,755.97,738.01,754.95,2701718.0
1710288000,757.0,760.77,745.71,757.84,2357486.0
1710374400,764.95,768.0,749.4,760.73,2647549.0
1710460800,755.38,760.89,747.7065,754.17,3730053.0
1710720000,762.28,769.68,758.25,762.66,2521351.0
1710806400,758.44,773.85,755.0,772.78,2557079.0
1710892800,770.11,773.16,756.64,772.86,2038008.0
1710979200,774.0,780.5399,758.88,770.26,3013157.0
1711065600,770.0,777.0,767.28,770.61,1981019.0
1711324800,771.1,778.49,768.15,773.14,1806584.0
1711411200,774.2,778.3299,769.0,774.9,2099042.0
1711497600,778.71,785.2599,767.38,778.18,2297713.0
1711584000,780.32,793.67,776.44,777.96,3209424.0
1711929600,776.0,777.5,753.82,760.55,2921338.0
1712016000,755.07,765.07,753.5,763.96,2596789.0
1712102400,765.69,787.2475,765.41,775.99,3044910.0
1712188800,781.54,787.8969,767.82,768.08,2353992.0
1712275200,765.47,786.705,763.09,784.21,2113429.0
1712534400,785.02,785.195,773.35,777.29,1664153.0
1712620800,777.64,777.82,750.65,757.24,2464837.0
1712707200,751.28,765.26,746.83,761.98,1700296.0
1712793600,759.78,763.33,750.67,759.59,1594834.0
1712880000,759.57,763.5,749.785,751.64,2495037.0
1713139200,760.07,768.0,749.52,750.77,2358569.0
1713225600,751.68,753.14,743.0,746.74,2569799.0
1713312000,759.2,771.83,744.8776,750.77,3069367.0
1713398400,749.42,752.1988,743.77,745.95,1717347.0
1713484800,749.16,750.01,722.07,726.31,3505526.0
1713744000,729.74,737.88,725.42,731.33,2354096.0
1713830400,741.2,746.16,731.44,745.69,2042029.0
1713916800,752.64,752.64,728.785,732.2,2133427.0
1714003200,725.0,727.9915,718.3,724.87,2608752.0
1714089600,723.48,737.45,721.0,733.51,2009249.0
1714348800,735.75,740.58,729.61,737.2,2732584.0
1714435200,775.0,795.4975,767.66,781.1,7437105.0
1714521600,774.755,782.605,768.25,776.75,2804838.0
1714608000,777.34,777.34,754.29,755.91,3205628.0
1714694400,743.0,745.0,730.34,734.97,4595138.0
1714953600,738.04,766.99,736.0,766.68,3398280.0
1715040000,768.9,779.09,762.11,777.77,2879447.0
1715126400,779.1,781.3499,772.2,775.0,2089934.0
1715212800,777.0,784.0,769.2,771.55,2522085.0
1715299200,774.02,777.42,760.0,760.0,2082289.0
1715558400,763.5,763.55,750.53,757.7,1848926.0
1715644800,751.52,764.5,751.52,763.98,1956229.0
1715731200,764.15,787.66,763.1,787.02,3038253.0
1715817600,784.71,786.48,770.14,771.12,2299653.0
1715904000,772.89,774.87,767.1,770.0,1670317.0
1716163200,766.9,784.325,766.12,783.18,2188818.0
1716249600,792.46,816.61,791.39,803.17,4334499.0
1716336000,801.0,804.88,795.25,802.91,1767519.0
1716422400,810.0,820.605,802.155,808.45,3025781.0
1716508800,808.0,810.12,804.15,807.43,1778120.0
1716854400,809.0,809.0,788.25,807.86,2483454.0
1716940800,803.0,815.61,802.09,811.53,2380041.0
1717027200,812.79,819.99,806.11,815.06,1986290.0
1717113600,818.8,826.21,811.1,820.34,4472119.0
1717372800,823.83,838.28,818.5,831.26,2537239.0
1717459200,834.0,835.47,825.31,832.59,1748288.0
1717545600,830.49,838.45,817.62,831.76,2169003.0
1717632000,834.88,846.9742,831.88,837.29,2108975.0
1717718400,837.76,856.81,837.01,849.99,2468834.0
1717977600,853.98,871.63,849.39,865.0,3444498.0
1718064000,882.14,882.14,852.23,865.82,4109073.0
1718150400,872.0,872.0,853.85,867.3,2594601.0
1718236800,869.025,885.06,861.5,883.33,2243419.0
1718323200,882.33,884.61,876.0,878.45,2023264.0
1718582400,878.0,892.2,876.86,885.01,2532240.0
1718668800,887.0,894.87,884.0,891.46,2437038.0
1718841600,893.0,905.45,870.13,885.99,3359987.0
1718928000,885.66,891.97,879.8,883.88,3448680.0
1719187200,889.975,903.5786,882.94,890.11,2878199.0
1719273600,891.77,909.42,891.5,904.61,2839806.0
1719360000,904.0,906.345,897.84,901.26,2232075.0
1719446400,903.53,909.57,899.72,909.04,1948132.0
1719532800,911.31,915.54,905.38,905.38,3375426.0
1719792000,911.77,916.83,904.31,914.37,2546119.0
1719878400,902.71,912.0,878.5,906.71,4584602.0
1719964800,911.0,918.5,884.0,898.1,3078367.0
1720137600,898.425,916.4595,896.9,914.57,2880863.0
1720396800,917.89,928.605,912.0,918.0,2364556.0
1720483200,929.05,935.0,920.775,932.5,2419859.0
1720569600,936.57,945.69,933.0,939.78,2683255.0
1720656000,934.09,942.88,918.62,934.14,2858281.0
1720742400,937.0,950.79,936.03,948.4,2315131.0
1721001600,956.2,966.1,948.09,950.46,2358671.0
1721088000,955.75,956.39,938.38,941.6,2111799.0
1721174400,910.01,925.0,902.64,905.59,4200582.0
1721260800,907.03,909.87,836.66,848.9,7649625.0
1721347200,867.66,880.21,853.0,857.47,3782167.0
1721606400,864.8,874.42,856.82,865.97,2904548.0
1721692800,870.0,887.72,864.08,878.29,2087749.0
1721779200,872.5,878.34,854.27,859.88,2726144.0
1721865600,847.0,851.62,806.38,821.19,5467973.0
1721952000,811.87,822.01,801.3,804.62,4173942.0
1722211200,814.01,824.77,804.0,807.79,2473684.0
1722297600,815.18,821.9,775.81,790.21,3848581.0
1722384000,800.17,811.14,792.0901,804.27,2961662.0
1722470400,833.62,840.89,820.18,832.44,4060732.0
1722556800,816.67,820.19,787.02,804.46,3515933.0
1722816000,758.0,792.9399,747.55,775.26,4661810.0
1722902400,789.14,806.2735,785.0,793.18,3437567.0
1722988800,778.3,786.58,763.0201,772.14,4407687.0
1723075200,875.0,877.78,825.24,845.31,9434851.0
1723161600,860.0,908.49,860.0,891.68,6587628.0
1723420800,904.21,904.72,883.0,884.38,4206064.0
1723507200,894.08,914.6943,890.33,908.05,3506767.0
1723593600,910.0,934.38,903.79,931.68,3562910.0
1723680000,936.0,937.955,920.0,931.58,3079984.0
1723766400,928.39,936.2969,919.39,922.12,2364894.0
1724025600,922.12,926.0,916.5001,921.81,2374554.0
1724112000,932.1,967.0,930.51,949.97,4961498.0
1724198400,955.615,956.5,939.17,951.97,2616984.0
1724284800,951.98,972.53,948.135,954.17,3183727.0
1724371200,955.44,960.5,943.11,952.74,2063309.0
1724630400,949.2,955.0,942.77,950.53,2166043.0
1724716800,952.5,972.48,949.95,954.48,2912853.0
1724803200,954.15,958.3399,943.26,948.94,1701760.0
1724889600,955.0,957.515,936.0,940.2,1762847.0
1724976000,945.0,961.0,940.51,960.02,2555073.0
1725321600,957.77,969.6499,951.5801,956.53,2529442.0
1725408000,949.75,954.0,938.005,946.31,1891673.0
1725494400,941.16,943.0,906.17,912.75,3201148.0
1725580800,917.76,927.9022,893.0,902.71,3439999.0
1725840000,912.57,915.4299,895.915,908.27,2405908.0
1725926400,914.11,915.11,895.0001,901.25,1930385.0
1726012800,902.15,921.54,897.2032,920.89,2721114.0
1726099200,924.31,937.62,918.63,935.02,2511788.0
1726185600,937.01,942.35,922.1,923.71,2045356.0
1726444800,931.13,932.605,920.43,923.54,1760296.0
1726531200,921.5,921.5,902.3,906.18,2248019.0
1726617600,906.31,915.5,903.46,904.97,1776976.0
1726704000,912.85,916.81,903.86,915.04,2446531.0
1726790400,921.99,939.86,913.2,921.49,9921754.0
1727049600,921.0,922.0,909.45,918.52,2291963.0
1727136000,922.12,925.68,909.2,924.43,2767434.0
1727222400,931.79,939.3,921.19,924.56,1805080.0
1727308800,920.255,921.85,905.3,909.32,2692979.0
1727395200,893.62,901.21,875.61,877.79,4377346.0
1727654400,864.52,887.4299,858.81,885.94,3246793.0
1727740800,888.83,891.2699,878.87,884.48,2455232.0
1727827200,880.0,893.3499,878.7,891.07,1751600.0
1727913600,889.54,892.0,880.88,885.55,1974677.0
1728000000,885.91,888.97,876.89,887.16,1971436.0
1728259200,890.51,905.275,889.565,898.4,2915667.0
1728345600,903.0,921.9682,902.225,913.72,2200027.0
1728432000,916.285,921.35,912.0,919.74,1820128.0
1728518400,920.0,922.0,905.15,910.69,1682053.0
1728604800,916.04,932.24,911.1845,932.06,2293874.0
1728864000,936.0,937.0,926.0,929.51,1550385.0
1728950400,924.44,926.52,907.8001,913.32,2284189.0
1729036800,910.03,917.805,897.835,916.42,1645364.0
1729123200,921.0,930.51,916.04,917.12,2191188.0
1729209600,917.18,920.9199,905.62,917.97,2286912.0
1729468800,917.98,918.86,904.56,906.13,1592229.0
1729555200,901.675,911.12,900.2001,909.15,1391776.0
1729641600,905.62,907.9499,891.73,903.25,2646589.0
1729728000,898.33,900.0,888.28,891.32,1797145.0
1729814400,899.73,900.96,889.4501,892.7,2228327.0
1730073600,894.87,898.2099,890.78,895.59,2084102.0
1730160000,898.21,907.98,898.21,903.58,3187510.0
1730246400,798.5,860.5,769.0,846.83,18257230.0
1730332800,836.51,853.5,825.24,829.74,6582820.0
1730419200,828.0,833.0,816.73,818.93,5266277.0
1730678400,805.0,820.19,803.68,806.14,3918122.0
1730764800,803.825,809.21,797.49,806.06,3733279.0
1730851200,817.33,820.73,767.61,776.38,8257862.0
1730937600,784.65,802.55,778.19,797.45,4557575.0
1731024000,803.5,847.27,801.26,831.54,7212870.0
1731283200,831.3,844.0,824.625,832.44,3342750.0
1731369600,830.2,833.99,810.7201,818.86,3378563.0
1731456000,820.32,829.105,811.29,811.81,3059268.0
1731542400,809.19,809.19,783.51,786.23,3998847.0
1731628800,775.19,777.98,744.2,746.2,7334562.0
1731888000,733.19,734.0,711.4001,727.2,9154351.0
1731974400,716.31,730.0,712.42,729.73,5832480.0
1732060800,735.785,757.37,735.46,753.41,5158855.0
1732147200,746.12,752.9999,735.0,749.92,4143204.0
1732233600,757.05,761.2799,745.0812,748.01,4015450.0
1732492800,750.0,755.0,740.01,755.0,5690465.0
1732579200,785.2,807.0,773.95,789.32,6622610.0
1732665600,788.12,794.83,780.3,788.19,2714656.0
1732838400,791.33,800.33,789.331,795.35,2206918.0
1733097600,798.11,805.35,795.2201,799.8,2895629.0
1733184000,802.93,817.13,801.61,813.33,2782067.0
1733270400,828.1,846.4629,820.5,829.84,3871090.0
1733356800,827.78,831.13,817.46,825.62,2423388.0
1733443200,827.68,841.0,825.6901,826.71,3047127.0
1733702400,823.7,823.7,801.28,803.58,3175956.0
1733788800,809.265,813.9999,797.0,799.58,2695247.0
1733875200,795.25,799.4999,786.3701,796.03,3510878.0
1733961600,796.73,801.8365,778.3901,782.35,2823840.0
1734048000,777.13,794.245,772.99,789.12,3059403.0
1734307200,792.0,799.7826,775.25,779.0,3426211.0
1734393600,777.86,788.0,772.43,778.62,3924764.0
1734480000,775.0,779.0,762.5,764.71,3354209.0
1734566400,765.1,772.97,752.395,757.54,4036350.0
1734652800,811.35,811.35,766.61,767.76,9942293.0
1734912000,785.17,799.36,773.07,796.28,3622297.0
1734998400,791.37,797.75,787.1,795.67,1165383.0
1735171200,794.12,803.9099,791.5,794.14,1274993.0
1735257600,790.0,793.295,779.22,783.17,2096535.0
1735516800,777.915,779.76,771.0,773.84,1719073.0
1735603200,771.0,773.91,764.3,772.0,2327004.0
1735776000,780.59,787.0,771.77,778.07,1941191.0
1735862400,778.17,785.84,775.53,781.98,1799992.0
1736121600,783.715,784.765,763.35,765.1,3991077.0
1736208000,764.9,783.96,761.6202,773.29,3576092.0
1736294400,773.83,792.56,770.665,787.22,3478440.0
1736467200,791.93,800.0,784.86,799.9,3973129.0
1736726400,794.4,805.34,783.61,797.48,3683849.0
1736812800,784.225,784.225,729.0,744.91,10372980.0
1736899200,749.0,754.6,735.265,746.74,5736908.0
1736985600,747.5,765.51,746.4,757.6,3070254.0
1737072000,747.83,755.2799,725.01,725.72,5560101.0
1737417600,731.27,743.28,726.53,742.35,5122833.0
1737504000,745.575,760.37,739.05,753.98,3737751.0
1737590400,747.66,766.6,744.25,766.6,3127173.0
1737676800,761.95,789.29,760.49,785.41,4170616.0
1737936000,778.71,809.25,778.71,808.17,3915247.0
1738022400,807.24,816.15,800.11,804.99,2808766.0
1738108800,806.99,809.1199,799.0,804.08,1827645.0
1738195200,808.41,824.62,805.0,823.23,2642984.0
1738281600,823.0,827.35,811.03,811.08,2562617.0
1738540800,804.27,817.96,801.75,810.43,2808849.0
1738627200,811.05,829.04,805.935,826.07,4299729.0
1738713600,835.15,846.9,831.0558,842.18,4578885.0
1738800000,839.52,887.7368,835.61,870.37,7138547.0
1738886400,876.53,889.36,869.6186,878.31,4426107.0
1739145600,877.725,880.0,859.37,868.88,3065624.0
1739232000,867.03,874.19,860.5,865.0,1944467.0
1739318400,856.93,877.78,856.11,872.97,2533391.0
1739404800,877.07,883.4999,867.8,871.86,2472948.0
1739491200,869.1,873.4999,841.49,844.27,3222324.0
1739836800,856.42,862.73,851.36,857.2,4289381.0
1739923200,857.175,881.3268,857.175,867.05,3205482.0
1740009600,866.84,880.32,864.0,873.12,2990281.0
1740096000,880.62,894.4,873.43,873.68,3940432.0
1740355200,879.29,893.11,870.0175,881.4,3017053.0
1740441600,890.74,911.9999,890.74,901.8,5111285.0
1740528000,898.365,922.4299,896.6,915.01,3032835.0
1740614400,915.72,925.5,904.06,905.16,3085359.0
1740700800,901.84,921.22,892.6129,920.63,4071129.0
1740960000,912.8,935.625,910.0,929.72,3979760.0
1741046400,922.235,929.16,902.7901,911.06,3343495.0
1741132800,904.8,930.49,901.64,929.72,3109456.0
1741219200,920.42,931.38,898.28,912.76,3273078.0
1741305600,905.39,908.0,861.39,869.58,4818093.0
1741564800,853.91,863.19,825.78,829.76,5962920.0
1741651200,827.2,832.35,811.64,824.06,3796512.0
1741737600,814.95,834.65,813.26,821.86,3014828.0
1741824000,818.24,821.1059,795.38,801.65,3566282.0
1741910400,803.11,815.21,800.0,813.48,3102321.0
1742169600,816.95,828.9999,814.57,824.76,2546593.0
1742256000,833.42,836.29,812.615,822.51,2355028.0
1742342400,821.72,842.13,819.5,837.01,3790546.0
1742428800,839.03,854.3899,832.4647,842.57,4402727.0
1742515200,837.8,850.425,825.32,837.57,5963841.0
1742774400,845.32,866.87,837.76,864.9,3102378.0
1742860800,869.55,874.92,847.92,852.35,2670595.0
1742947200,845.69,851.41,826.4,826.76,2564074.0
1743033600,822.815,826.77,815.29,821.67,2128215.0
1743120000,820.0,829.78,817.43,822.51,2125058.0
1743379200,808.98,828.01,789.4,825.91,3737328.0
1743465600,818.6,820.66,797.0,805.23,2987721.0
1743552000,795.04,819.85,795.04,818.22,2683841.0
1743638400,810.51,818.79,787.06,789.09,2675092.0
1743724800,762.11,768.27,734.6975,738.21,5299446.0
1743984000,697.93,748.0,677.0912,723.73,6274432.0
1744070400,754.98,763.504,713.2837,726.24,4115191.0
1744156800,704.4,754.83,689.0,753.71,6618978.0
1744243200,738.9,741.95,691.765,720.91,4182699.0
1744329600,722.89,735.8394,711.975,732.41,3603402.0
1744588800,750.45,759.56,734.5201,754.35,3461155.0
1744675200,755.57,765.31,751.49,757.18,2458145.0
1744761600,755.64,756.3,730.34,734.9,3302584.0
1744848000,840.8,858.0,821.84,839.96,10853390.0
1745193600,841.51,843.91,807.0,818.02,3326647.0
1745280000,821.88,832.0,814.0,827.54,3086504.0
1745366400,836.96,846.01,818.64,829.42,2714595.0
1745452800,836.0,862.25,829.21,859.73,2939516.0
1745539200,859.66,885.58,851.0688,884.54,3398884.0
1745798400,870.44,882.25,864.4101,877.29,3457569.0
1745884800,877.7,892.47,874.03,885.2,2454441.0
1745971200,888.2,902.4999,882.12,898.95,4374094.0
1746057600,844.0,850.93,792.07,794.1,12601090.0
1746144000,825.115,831.53,807.585,823.62,6059361.0
1746403200,817.0,829.64,812.025,821.46,2889574.0
1746489600,816.89,818.42,770.35,775.12,5981971.0
1746576000,780.5,784.34,772.26,776.72,3818272.0
1746662400,765.0,769.979,739.08,751.45,6162033.0
1746748800,752.01,762.01,733.0,734.57,4072561.0
1747008000,727.87,765.3299,722.18,755.57,9176065.0
1747094400,755.55,759.4999,740.8501,746.06,4523911.0
1747180800,749.24,759.5,714.03,715.56,7558516.0
1747267200,725.7,738.68,712.21,733.29,5212870.0
1747353600,740.0,758.87,738.0,757.39,4645121.0
1747612800,753.0,758.72,747.56,755.11,4062745.0
1747699200,756.0,763.495,743.0001,747.01,3873473.0
1747785600,747.05,750.52,723.97,724.95,4059969.0
1747872000,717.1,722.1883,711.55,715.2,4249900.0
1747958400,710.0,719.64,709.0,713.71,2635706.0
1748304000,717.03,731.31,714.33,725.22,3792652.0
1748390400,725.22,729.99,714.74,719.39,2948772.0
1748476800,719.23,727.327,716.955,722.57,2786929.0
1748563200,725.0,745.9,717.11,737.67,6106236.0
1748822400,732.5,747.37,730.695,747.12,2946864.0
1748908800,746.25,757.0,741.46,750.78,3056488.0
1748995200,756.39,772.62,756.0,765.84,3135930.0
1749081600,769.5,770.0,753.05,765.68,3638629.0
1749168000,768.48,772.6,765.2,769.88,2069864.0
1749427200,771.95,779.29,767.5929,773.71,2262158.0
1749513600,777.09,808.63,777.0,807.19,4744424.0
1749600000,809.65,820.7178,805.0272,808.61,3125380.0
1749686400,810.33,818.555,806.35,812.03,2271087.0
1749772800,810.335,825.0,808.1001,819.36,2754603.0
1750032000,821.68,825.0,805.7575,807.58,2821770.0
1750118400,805.16,805.16,788.935,791.24,2875634.0
1750204800,789.95,790.625,779.44,785.03,2442938.0
1750377600,786.0,786.0,755.56,762.73,6210647.0
1750636800,770.53,793.21,763.83,770.64,3951536.0
1750723200,772.89,784.44,763.02,778.08,2788473.0
1750809600,779.0,798.95,773.595,792.3,3023134.0
1750896000,793.95,798.8,788.25,795.12,3118189.0
1750982400,795.8,802.5,774.64,775.45,4115147.0
1751241600,778.54,785.0,774.0,779.53,3041492.0
1751328000,779.53,790.0,773.0,775.9,2733978.0
1751414400,776.5,779.84,768.0,779.28,1978285.0
1751500800,780.46,783.55,773.0,780.67,1450772.0
1751846400,780.68,781.1481,762.03,772.87,2576881.0
1751932800,774.85,792.69,768.8001,777.66,3301776.0
1752019200,783.8,794.0,781.99,786.92,2703085.0
1752105600,789.67,799.4922,786.43,790.65,3131256.0
1752192000,786.35,795.73,777.2,793.01,2852544.0
1752451200,790.0,800.88,787.36,799.34,2401422.0
1752537600,801.67,805.42,764.38,771.75,4174059.0
1752624000,773.5,796.0354,772.16,789.8,3255436.0
1752710400,786.79,790.0,760.0201,761.5,4107259.0
1752796800,763.86,775.96,760.5,771.71,3357745.0
1753056000,768.17,772.0,760.5,762.18,3058007.0
1753142400,763.34,778.29,762.5,776.44,2496628.0
1753228800,780.0,800.09,777.08,798.89,2683557.0
1753315200,801.36,810.14,797.65,805.43,2786773.0
1753401600,809.0,815.19,802.37,812.69,2976879.0
1753660800,812.65,820.22,802.5,808.11,2587722.0
1753747200,774.5,779.49,755.18,762.95,7100711.0
1753833600,774.0,778.1,758.41,760.08,4338667.0
1753920000,747.3,766.4468,735.44,740.07,5810267.0
1754006400,746.82,768.0,745.99,762.33,4859455.0
1754265600,759.97,774.48,752.57,769.0,3353421.0
1754352000,765.57,769.94,759.5197,765.95,3615197.0
1754438400,756.56,763.0,740.19,746.37,4752116.0
1754524800,675.66,678.2868,633.2,640.86,26101620.0
1754611200,655.0,656.18,623.78,625.65,14125130.0
1754870400,629.415,654.44,625.9,635.22,11294200.0
1754956800,639.5,646.18,629.398,639.43,6925000.0
1755043200,650.4,661.75,644.5,660.49,6310033.0
1755129600,662.0,685.48,655.1,684.43,8395905.0
1755216000,694.2,706.79,685.8001,701.23,8224629.0
1755475200,695.02,707.75,693.5,698.05,4997259.0
1755561600,706.61,714.2661,698.55,703.21,5941004.0
1755648000,701.52,705.8,685.1503,705.44,4139402.0
1755734400,705.2,718.4,705.2,709.82,3617326.0
1755820800,715.04,719.4628,709.4301,711.68,3222726.0
1756080000,711.0,713.4999,694.23,695.33,2898115.0
1756166400,716.24,736.18,713.0952,736.03,7695621.0
1756252800,736.96,746.5899,731.55,734.17,4326154.0
1756339200,735.8,738.59,726.34,731.96,3116995.0
1756425600,732.315,737.42,728.5001,732.58,2551151.0
1756771200,727.99,737.14,723.64,735.19,3222500.0
1756857600,732.02,737.83,729.02,737.83,2222479.0
1756944000,736.315,747.0,735.33,742.91,2423422.0
1757030400,744.7,744.7,722.57,727.21,3958249.0
1757289600,729.71,742.7,719.2183,738.64,4534603.0
1757376000,734.18,752.8394,733.87,750.61,2986919.0
1757462400,748.09,755.8015,742.485,754.62,2477423.0
1757548800,752.48,761.13,750.37,756.28,2197534.0
1757635200,760.17,761.6,748.0,755.39,2198276.0
1757894400,753.07,756.335,742.11,748.19,2790856.0
1757980800,745.405,770.3799,744.54,764.71,3881298.0
1758067200,761.485,776.96,756.344,760.13,3471175.0
1758153600,761.38,772.535,759.0101,762.93,3463976.0
1758240000,765.0,765.0,749.2,751.99,7349452.0
1758499200,748.56,762.04,746.265,754.95,2527396.0
1758585600,750.57,752.9999,743.17,746.98,2910123.0
1758672000,745.99,746.94,736.16,741.85,2243014.0
1758758400,737.67,740.0,712.05,714.59,5136364.0
1758844800,724.12,729.0,717.08,724.54,3559673.0
1759104000,725.55,727.8585,716.0778,726.51,3309245.0
1759190400,726.96,766.3499,725.3101,763.0,6234280.0
1759276800,763.3,833.3,763.3,825.42,10124470.0
1759363200,814.355,834.46,812.81,819.85,4291766.0
1759449600,824.94,848.13,816.1,839.87,5088509.0
1759708800,839.95,856.57,838.66,845.05,3651387.0
1759795200,845.0,848.5361,836.58,843.63,2610798.0
1759881600,850.0,856.0,844.99,845.72,2180943.0
1759968000,851.69,860.25,845.7,855.35,3071666.0
1760054400,858.0,864.35,830.11,833.49,3430964.0
1760313600,832.68,835.32,817.35,819.4,2167468.0
1760400000,822.09,822.09,806.0,812.35,1928371.0
1760486400,812.5,830.19,808.58,826.57,2355840.0
1760572800,825.07,834.7,815.37,819.38,2272909.0
1760659200,788.96,804.44,783.8454,802.83,3982950.0
1760918400,805.6,809.41,799.77,808.96,2279715.0
1761004800,806.93,812.99,798.71,799.57,2099488.0
1761091200,798.4,815.94,793.82,812.43,2930642.0
1761177600,806.4,824.7,806.02,821.04,2632946.0
1761264000,815.21,834.15,812.5001,825.45,2211150.0
1761523200,825.0,826.42,811.48,826.41,2114752.0
1761609600,826.0,829.4599,814.053,820.1,2493547.0
1761696000,827.31,830.29,809.63,813.53,3591234.0
1761782400,837.5,853.0,812.25,844.5,6037167.0
1761868800,839.16,869.91,834.19,862.86,5015016.0
1762128000,866.53,901.3393,862.62,896.53,5401481.0
1762214400,891.41,915.22,883.64,906.86,5911474.0
1762300800,911.0,955.46,907.86,925.81,7272941.0
1762387200,928.0,949.9,916.263,937.44,6417358.0
1762473600,931.17,932.0,900.9,924.37,4373438.0
1762732800,939.74,981.99,938.405,966.64,5696640.0
1762819200,966.55,999.95,965.285,988.62,4166380.0
1762905600,993.12,1022.42,990.1,1017.78,5185236.0
1762992000,1010.085,1032.95,1010.085,1022.87,4153595.0
1763078400,1009.0,1033.6185,1007.785,1025.28,3862267.0
1763337600,1003.72,1032.141,998.3015,1021.7,4719957.0
1763424000,1014.01,1040.7245,1014.01,1030.05,3430529.0
1763510400,1029.64,1055.59,1026.25,1049.6,3571220.0
1763596800,1045.5,1057.0,1038.25,1043.29,3135742.0
1763683200,1041.0,1066.65,1038.0,1059.7,4266704.0
1763942400,1056.77,1075.72,1049.38,1070.16,5497189.0
1764028800,1075.825,1111.11,1073.25,1109.94,4181487.0
1764115200,1102.0,1111.99,1098.1,1104.34,3093673.0
1764288000,1096.72,1099.05,1067.69,1075.47,2732168.0
1764547200,1074.38,1084.15,1055.0,1057.89,3070153.0
1764633600,1052.57,1068.18,1040.36,1046.12,3279960.0
1764720000,1046.39,1051.4781,1022.32,1033.56,3447003.0
1764806400,1032.625,1032.625,1007.1828,1014.49,3854911.0
1764892800,1023.84,1027.3899,1004.0,1010.31,2502066.0
1765152000,1010.74,1014.2,988.88,997.59,3088557.0
1765238400,1002.84,1011.9999,979.1801,982.22,2569724.0
1765324800,985.0,1003.0,977.12,993.64,2966270.0
1765411200,1008.15,1031.5608,987.0,1009.38,4516960.0
1765497600,1008.76,1028.9,1003.5,1027.51,3275239.0
1765756800,1032.55,1065.0,1032.55,1062.19,4648449.0
1765843200,1063.5,1068.25,1036.23,1054.29,4024473.0
1765929600,1064.3,1064.3,1036.41,1041.79,3726575.0
1766016000,1041.8,1079.26,1039.54,1056.88,3848624.0
1766102400,1059.01,1075.38,1059.01,1071.44,5829051.0
1766361600,1076.72,1083.48,1063.0,1076.48,2625621.0
1766448000,1063.5,1088.48,1063.5,1071.64,2108561.0
1766534400,1074.64,1085.73,1072.71,1076.98,932804.0
1766707200,1076.98,1081.39,1068.3,1077.75,1014640.0
1766966400,1077.95,1085.5,1074.38,1078.73,1653011.0
1767052800,1078.96,1082.37,1072.07,1079.75,1251498.0
1767139200,1079.76,1083.5,1074.43,1074.68,1646696.0
1767312000,1076.4,1080.66,1052.08,1080.36,2469097.0
1767571200,1069.23,1085.38,1033.3801,1041.51,4084836.0
1767657600,1044.11,1070.8299,1039.93,1064.04,2690707.0
1767744000,1077.0,1117.66,1075.96,1108.09,4652779.0
1767830400,1113.69,1133.95,1070.15,1085.19,3156034.0
1767916800,1086.825,1104.52,1063.03,1063.56,2561927.0
1768176000,1058.0,1083.36,1058.0,1081.0,2380245.0
1768262400,1083.0,1090.2229,1069.09,1077.19,2194166.0
1768348800,1081.75,1083.9999,1061.12,1073.29,1912603.0
1768435200,1062.56,1067.65,1012.57,1032.97,4183400.0
1768521600,1024.43,1049.94,1018.0,1038.4,3828963.0
1768867200,1028.145,1045.85,1015.96,1041.29,2484927.0
1768953600,1043.86,1081.33,1042.02,1078.52,3685876.0
1769040000,1078.52,1095.48,1071.74,1087.38,2478217.0
1769126400,1083.73,1084.32,1063.0218,1064.29,2592850.0
1769385600,1062.21,1067.08,1043.32,1062.75,2244862.0
1769472000,1064.11,1073.39,1034.81,1039.51,2587863.0
1769558400,1029.11,1029.69,1004.14,1023.8,3300244.0
1769644800,1025.36,1039.9999,1018.0,1024.14,2293016.0
1769731200,1033.3,1048.569,1020.0,1037.15,3303144.0
1769990400,1037.57,1057.41,1037.57,1044.13,2757079.0
1770076800,1040.75,1048.8,993.58,1003.46,5483921.0
1770163200,1075.12,1114.0,1065.0,1107.12,7119387.0
1770249600,1065.5,1075.0,1005.83,1020.84,7742385.0
1770336000,1056.0,1060.02,1033.27,1058.18,4887117.0
1770595200,1077.09,1106.94,1042.92,1044.67,3423770.0
1770681600,1050.66,1055.65,1023.875,1025.0,3539394.0
1770768000,1026.5,1030.1,1012.6179,1015.21,2599875.0
1770854400,1024.87,1059.84,1012.0,1038.27,3592172.0
1770940800,1039.98,1064.34,1033.69,1040.0,2698728.0
1771286400,1045.61,1067.0,1034.88,1036.05,2984593.0
1771372800,1032.36,1037.54,1011.31,1020.56,3236905.0
1771459200,1010.82,1025.225,1007.0,1023.22,2145764.0
1771545600,1023.86,1028.65,1002.46,1009.52,3249409.0
1771804800,1047.02,1064.4499,1034.0001,1058.56,4767602.0
1771891200,1042.95,1058.9,1024.08,1042.15,2803100.0
1771977600,1036.58,1053.625,1027.0,1028.83,2481897.0
1772064000,1024.08,1026.915,1007.3801,1022.02,2666432.0
1772150400,1019.17,1053.0,1017.36,1051.99,4325931.0
1772409600,1044.62,1056.2,1013.0,1017.97,3094287.0
1772496000,1015.0,1020.01,995.07,1007.73,2845962.0
1772582400,1011.63,1015.6599,993.66,1003.57,1965539.0
1772668800,990.0,993.56,965.6,983.26,3774397.0
1772755200,975.0,991.22,966.0901,990.33,2627805.0
1773014400,986.89,1008.93,980.58,1008.39,2802169.0
1773100800,1006.0,1012.0,994.0,1001.35,1663668.0
1773187200,1000.03,1002.93,990.3,999.84,1448032.0
1773273600,993.45,994.5,973.16,977.25,2340074.0
1773360000,980.13,1003.22,978.0,985.08,1984353.0
1773619200,991.98,998.17,975.51,989.12,2289888.0
1773705600,978.92,981.165,925.25,930.35,5637508.0
1773792000,925.0,929.0,905.11,918.05,3443808.0
1773878400,914.0,924.53,910.86,917.5,2378979.0
1773964800,910.55,925.375,899.29,906.7,4818789.0
1774224000,913.49,926.775,907.23,910.55,2817548.0
1774310400,907.0,908.6699,895.61,903.02,2572679.0
1774396800,912.49,922.15,909.09,916.31,2177748.0
1774483200,912.38,916.3499,896.29,897.0,2163159.0
1774569600,896.0,900.8299,877.11,878.24,2740802.0
1774828800,888.48,897.43,883.11,886.63,3070244.0
1774915200,893.49,924.1439,892.14,919.77,3464240.0
1775001600,926.88,976.6799,925.99,954.52,6267884.0
1775088000,945.0,957.6875,930.02,935.58,2727128.0
1775433600,932.04,936.0,919.78,927.06,1821082.0
1775520000,924.5,932.655,898.4501,931.09,2726863.0
1775606400,941.52,961.1352,933.13,953.3,2567998.0
1775692800,948.47,963.755,939.29,955.19,1672549.0
1775779200,963.69,963.94,935.54,939.47,1958925.0
1776038400,939.97,945.9,927.17,929.55,2089567.0
1776124800,925.0,939.93,915.04,922.5,2360236.0
1776211200,923.5,930.0,888.03,905.03,4233418.0
1776297600,911.665,920.0,898.15,903.99,2836574.0
1776384000,917.8,929.99,917.8,927.03,3266094.0
1776643200,926.9,929.64,912.5,919.9,1926259.0
1776729600,910.2,913.05,881.11,903.02,4062792.0
1776816000,906.4,922.54,902.2301,921.48,2623775.0
1776902400,929.49,930.0,911.89,917.65,2149232.0
1776988800,900.01,900.42,871.731,883.96,4463678.0
1777248000,878.13,891.2029,868.04,868.27,2700286.0
1777334400,871.9,878.15,863.35,874.0,2561280.0
1777420800,866.04,869.0232,850.51,851.21,3904584.0
1777507200,898.78,945.4999,896.8,934.6,8236718.0
1777593600,948.95,984.45,943.8,963.33,4352441.0
1777852800,960.0,974.215,951.76,967.93,3696945.0
1777939200,971.885,992.8,964.41,988.87,2955528.0
1778025600,991.35,996.485,983.5,987.05,3921221.0
1778112000,985.37,989.0,967.1,974.96,3494856.0
1778198400,974.07,980.0,947.51,948.45,3559161.0
1778457600,949.0,995.0,943.26,966.99,3517454.0
1778544000,974.44,997.52,971.175,989.87,3037467.0
1778630400,994.75,1022.821,992.0,1015.75,3486425.0
1778716800,1017.49,1018.17,996.01,1006.7,1751682.0
1778803200,1006.98,1014.38,997.41,1004.92,2820726.0
1779062400,1000.61,1003.0,978.87,988.09,2015971.0
1779148800,989.51,1021.8,984.6,1021.41,3796015.0
1779235200,1024.99,1037.88,1003.69,1018.87,2998810.0
1779321600,1024.3,1047.295,1022.0,1041.65,2705204.0
1779408000,1049.81,1070.3399,1047.07,1065.0,3472924.0
1779753600,1075.0,1082.0,1060.36,1064.74,2983414.0
1779840000,1072.26,1093.0,1069.9,1082.92,2587481.0
1779926400,1096.64,1149.1,1092.01,1126.8,4605822.0
1780012800,1127.0,1132.66,1089.005,1105.0,4603028.0
1780272000,1095.0,1106.17,1071.6,1082.2,2693447.0
1780358400,1067.37,1078.22,1052.15,1064.15,2408537.0
1780444800,1059.5,1093.2775,1053.51,1078.78,2655644.0
1780531200,1108.6,1140.46,1101.62,1125.27,4046733.0
1780617600,1142.97,1166.29,1131.03,1131.42,4126160.0
1780876800,1159.0,1182.73,1143.595,1149.15,4504437.0
1780963200,1165.0,1174.595,1137.7531,1144.68,3822027.0
1781049600,1152.5,1166.415,1133.53,1136.37,2700635.0
1781136000,1139.71,1170.12,1125.64,1160.95,2764934.0
1781222400,1165.0,1169.99,1132.81,1133.0,2438390.0
1781481600,1134.0,1137.4923,1112.01,1129.35,3167157.0
1781568000,1138.82,1146.685,1115.5,1122.5,2260747.0
1781654400,1116.7,1121.49,1104.9025,1112.0,2383254.0
1781740800,1120.49,1122.33,1088.655,1098.57,4470535.0
1782086400,1112.24,1119.45,1093.15,1102.08,3015040.0
1782172800,1117.0,1122.02,1079.22,1107.08,3316278.0
1782259200,1129.41,1135.14,1100.98,1117.26,2908248.0
1782345600,1126.99,1145.43,1114.0,1127.69,2760164.0
1782432000,1128.8,1215.76,1128.0,1208.12,7725847.0
1782691200,1222.78,1238.0,1203.1431,1229.93,3684723.0
1782777600,1228.88,1230.05,1190.2,1199.43,3723583.0
1782864000,1217.505,1217.505,1173.93,1191.74,2720449.0
1782950400,1193.01,1232.0,1180.3,1213.91,3297441.0
1783296000,1208.0,1213.79,1183.34,1200.06,2348798.0
1783382400,1232.88,1249.45,1222.77,1235.56,2933770.0
1783468800,1221.095,1241.89,1204.16,1215.83,2608556.0
1783555200,1211.64,1230.0,1200.37,1216.95,2088071.0
1783641600,1210.31,1212.96,1178.32,1188.58,2010190.0
1783900800,1180.11,1196.29,1166.01,1181.87,2072666.0
1783987200,1166.01,1166.01,1140.74,1152.54,2642940.0
1784073600,1145.5,1160.82,1134.4,1156.63,2552230.0
1784160000,1162.27,1189.0699,1141.2,1169.17,2791060.0
1784246400,1159.445,1187.95,1151.01,1179.11,2757541.0
1784505600,1179.65,1187.12,1144.43,1146.9,2644242.0
1784592000,1143.0,1177.58,1139.0,1175.41,2092000.0
1784678400,1173.905,1175.0,1153.5,1163.01,1555768.0
1784764800,1146.615,1189.59,1141.78,1185.87,1909944.0
1784851200,1194.35,1206.94,1187.4983,1196.03,1983288.0
1785110400,1201.0,1205.045,1183.4454,1197.53,1593652.0
1785196800,1217.6,1232.0,1205.01,1220.66,2379981.0
1785283200,1215.18,1229.19,1204.8,1210.02,2173483.0
1785369600,1174.03,1186.65,1153.14,1154.97,3030710.0
1785456000,1148.51,1150.63,1119.0,1148.84,2884613.0
1785715200,1152.0,1161.9403,1109.15,1121.36,2934021.0
1785801600,1117.38,1135.83,1109.16,1115.68,4097186.0
1785888000,1174.0,1216.94,1138.4301,1169.86,6445689.0
1785974400,1196.55,1230.88,1173.5,1191.94,3422379.0
1786060800,1188.0,1196.8,1161.2001,1185.71,2898528.0
1786320000,1185.01,1231.94,1184.405,1231.94,3011882.0
1786406400,1230.65,1237.9999,1209.53,1215.02,2113241.0
1786492800,1201.73,1226.5,1191.08,1220.28,1941576.0
1786579200,1238.3,1240.1,1206.0,1209.0,1927272.0
1786665600,1194.01,1199.0,1171.1956,1180.16,2274505.0
1786924800,1175.2,1198.52,1163.5,1183.16,1807037.0
1787011200,1200.0,1228.47,1194.01,1225.73,2509057.0
1787097600,1245.81,1292.65,1240.54,1280.34,4541762.0
1787184000,1274.13,1280.28,1243.2301,1244.4,2621394.0
1787270400,1232.0,1271.22,1230.0,1255.4,2503262.0
1787529600,1262.14,1262.14,1230.95,1246.93,1665577.0
1787616000,1249.0,1264.73,1229.79,1233.66,2143184.0
1787702400,1234.0,1235.775,1180.01,1189.41,3006472.0
1787788800,1182.25,1190.11,1171.71,1176.1,2735051.0
1787875200,1172.66,1180.0,1162.93,1174.61,2451810.0
1788134400,1168.47,1171.4479,1147.0,1156.73,3057885.0
1788220800,1188.0,1188.325,1156.8501,1160.0,2522522.0
1788307200,1164.15,1187.83,1158.0,1160.08,2446970.0
1788393600,1170.0,1171.66,1137.5,1159.6,2553292.0
1788480000,1150.61,1158.44,1138.306,1149.36,2220270.0
1788825600,1133.0,1134.53,1113.55,1123.91,2403019.0
1788912000,1127.61,1138.79,1119.0,1124.21,2045995.0
1788998400,1126.08,1133.79,1120.52,1123.0,1996501.0
1789084800,1129.405,1131.44,1113.2919,1115.7,1838397.0
1789344000,1142.2,1153.95,1130.5001,1138.28,2131112.0
1789430400,1156.63,1161.0,1131.59,1136.11,1887653.0
1789516800,1137.31,1151.23,1132.63,1137.82,1476270.0
1789603200,1150.27,1159.75,1138.26,1152.44,1898237.0
1789689600,1150.0,1157.6,1140.27,1152.93,4549953.0
1789948800,1144.495,1170.8999,1134.41,1164.89,2480051.0
1790035200,1146.15,1180.53,1139.26,1170.14,2454096.0
1790121600,1174.71,1188.88,1145.98,1150.99,2156320.0
1790208000,1156.67,1197.79,1151.0,1181.89,2418656.0
