timestamp,open,high,low,close,volume
1474848000,245.71,247.48,245.01,245.53,880701.0
1474934400,246.04,247.02,245.3,245.79,946531.0
1475020800,246.13,246.96,244.86,245.75,1352627.0
1475107200,246.08,246.08,240.96,242.34,1134098.0
1475193600,243.06,243.47,237.33,239.72,2167009.0
1475452800,238.71,241.2999,237.54,240.58,1339004.0
1475539200,240.96,241.05,236.5,237.1,1407658.0
1475625600,239.05,239.05,236.5,236.6,1170607.0
1475712000,237.0,237.02,234.48,234.72,1899766.0
1475798400,233.2,233.99,231.57,233.53,2183925.0
1476057600,233.82,234.93,233.12,233.29,990190.0
1476144000,233.0,233.63,231.6415,231.85,1060443.0
1476230400,231.93,233.12,231.37,232.1,1255977.0
1476316800,231.66,233.4199,231.05,232.99,1112115.0
1476403200,233.38,234.09,231.93,232.57,1081034.0
1476662400,232.68,234.33,232.6,232.77,793257.0
1476748800,234.29,239.6,232.58,232.79,867910.0
1476835200,233.08,233.74,231.58,232.33,992555.0
1476921600,232.15,232.71,230.72,231.83,922754.0
1477008000,231.07,231.16,228.5,230.52,1553133.0
1477267200,231.5,232.49,230.92,232.16,1304383.0
1477353600,241.08,249.79,238.64,249.26,3130850.0
1477440000,248.6,252.0,247.49,250.09,2112342.0
1477526400,250.28,251.24,248.05,248.53,1293900.0
1477612800,248.72,250.1682,247.69,248.0,1118799.0
1477872000,248.24,248.81,245.68,246.38,1320757.0
1477958400,247.19,247.19,244.23,244.98,1081137.0
1478044800,244.95,247.65,244.2,245.11,954121.0
1478131200,242.55,243.4,237.11,238.7,1694744.0
1478217600,238.85,239.7,236.2064,236.28,1512075.0
1478476800,239.83,239.92,237.52,239.27,1375966.0
1478563200,239.0,240.915,238.6,239.19,1257819.0
1478649600,256.59,257.48,250.0,253.46,4184128.0
1478736000,257.5,258.19,252.77,257.27,2625884.0
1478822400,257.96,259.73,255.06,259.17,1997356.0
1479081600,261.23,267.81,260.8,267.24,2454134.0
1479168000,268.79,269.74,261.85,265.93,2014569.0
1479254400,265.87,266.17,261.46,263.35,1463915.0
1479340800,263.5,264.47,262.39,263.28,914187.0
1479427200,263.14,264.46,261.58,263.09,1197083.0
1479686400,264.05,264.33,262.64,263.42,965439.0
1479772800,264.49,265.64,263.42,264.66,1244570.0
1479859200,264.91,265.82,263.56,264.4,1039660.0
1480032000,265.34,266.49,264.65,265.92,653602.0
1480291200,265.73,266.23,264.86,265.93,1338029.0
1480377600,264.5,267.767,263.71,266.58,1209460.0
1480464000,267.55,267.95,265.25,265.25,1467893.0
1480550400,265.29,266.53,264.31,266.4,874888.0
1480636800,266.58,268.15,266.01,267.62,1089801.0
1480896000,268.95,269.9,266.31,266.93,1268827.0
1480982400,265.83,266.795,264.01,266.0,1141409.0
1481068800,266.07,267.0,264.35,266.38,1269383.0
1481155200,266.38,266.38,258.6101,259.25,2766991.0
1481241600,258.6,260.22,258.06,259.53,1545958.0
1481500800,251.78,253.7,245.5,253.11,7078760.0
1481587200,254.67,255.5,250.12,251.69,2500958.0
1481673600,252.31,254.83,252.08,252.3,1844320.0
1481760000,252.34,253.31,250.41,250.65,1855022.0
1481846400,251.28,252.79,249.03,250.08,2137961.0
1482105600,249.54,252.46,249.54,252.18,1045578.0
1482192000,252.18,253.78,252.1,253.73,900162.0
1482278400,254.5,254.5,252.28,252.52,816716.0
1482364800,252.01,253.5,251.1,252.8,814667.0
1482451200,248.17,251.88,247.01,249.59,2086636.0
1482796800,250.78,251.75,250.2,250.86,788798.0
1482883200,250.44,251.0,248.52,249.58,997754.0
1482969600,250.19,251.915,249.45,250.59,900895.0
1483056000,250.53,251.32,248.78,249.94,1058119.0
1483401600,251.2,254.11,250.76,253.31,1667666.0
1483488000,254.1,254.9,253.34,253.99,1077644.0
1483574400,254.37,258.02,254.1,255.98,1279404.0
1483660800,255.48,258.57,255.48,257.85,1246019.0
1483920000,258.0,258.99,257.43,257.81,1067078.0
1484006400,258.16,258.96,256.17,256.17,1146198.0
1484092800,256.3,257.0,251.71,255.13,1613776.0
1484179200,254.91,255.33,251.31,252.62,1153334.0
1484265600,252.74,255.95,252.02,254.53,1161014.0
1484611200,253.46,254.34,252.06,254.12,1431473.0
1484697600,254.1,254.73,252.9401,254.07,925337.0
1484784000,255.57,257.44,255.19,257.03,1074943.0
1484870400,257.96,258.08,256.1,257.73,1182285.0
1485129600,258.15,259.74,255.02,257.48,1605219.0
1485216000,250.38,253.45,249.02,252.91,2984848.0
1485302400,253.06,254.3299,248.0,251.0,2329637.0
1485388800,250.0,254.99,249.55,254.97,1956178.0
1485475200,254.98,259.12,250.13,253.5,2597603.0
1485734400,254.33,256.28,251.88,252.83,1536806.0
1485820800,252.32,252.5,249.96,251.33,1276307.0
1485907200,250.83,252.56,249.98,250.9,1210084.0
1485993600,250.9,252.165,250.34,251.97,1044580.0
1486080000,252.67,256.46,251.5,254.46,1803009.0
1486339200,254.43,257.07,254.11,255.31,980816.0
1486425600,256.0,257.3,255.58,256.37,977790.0
1486512000,256.93,257.809,256.4,256.74,973415.0
1486598400,256.8,259.04,256.8,258.2,869478.0
1486684800,258.48,260.916,258.0,260.55,749401.0
1486944000,261.05,263.11,261.02,262.35,906753.0
1487030400,262.19,263.16,261.85,262.56,824097.0
1487116800,262.0,263.76,261.07,263.46,1063781.0
1487203200,263.92,265.4,262.73,265.33,858990.0
1487289600,264.71,265.43,263.5,265.35,882728.0
1487635200,264.81,266.07,264.19,265.66,957253.0
1487721600,265.0,266.02,264.21,265.92,712565.0
1487808000,266.31,266.31,263.77,264.85,1008178.0
1487894400,264.57,266.0,263.18,266.0,929019.0
1488153600,265.0,270.0,264.2,269.36,1500137.0
1488240000,269.64,269.72,266.45,266.58,2048683.0
1488326400,269.09,270.0,267.33,268.38,1125411.0
1488412800,269.0,269.0,266.22,266.99,953388.0
1488499200,267.07,268.33,266.251,267.76,771928.0
1488758400,267.43,268.48,266.8,267.72,778300.0
1488844800,267.31,269.38,267.3,269.04,884220.0
1488931200,269.0,269.045,267.31,267.72,820091.0
1489017600,268.0,269.0,267.54,268.68,729406.0
1489104000,269.9,269.9,267.27,268.66,687343.0
1489363200,268.51,269.26,268.0049,269.19,730835.0
1489449600,268.93,269.15,267.38,268.0,701640.0
1489536000,268.0,269.87,267.75,269.44,748495.0
1489622400,270.68,270.68,267.13,267.94,981126.0
1489708800,268.78,272.18,268.3,271.98,2127064.0
1489968000,272.16,274.57,271.625,272.03,1324995.0
1490054400,272.35,273.02,268.36,269.0,1359509.0
1490140800,268.83,270.28,267.91,269.42,1020740.0
1490227200,269.42,271.47,268.98,269.5,804097.0
1490313600,269.83,269.978,266.725,267.42,870483.0
1490572800,265.65,267.8799,264.041,267.16,994382.0
1490659200,266.63,270.7899,266.02,269.12,1021275.0
1490745600,268.92,268.92,267.26,268.24,813955.0
1490832000,268.56,270.93,268.21,270.54,562405.0
1490918400,270.47,270.47,267.6,267.6,1213915.0
1491177600,267.6,269.3,267.35,268.68,799096.0
1491264000,268.54,270.05,268.25,269.56,567988.0
1491350400,269.84,270.95,266.81,266.98,949303.0
1491436800,266.87,267.79,266.32,267.11,740487.0
1491523200,272.34,272.34,268.18,270.23,1020727.0
1491782400,270.19,271.36,268.835,269.03,788772.0
1491868800,269.0,270.52,268.18,270.27,744436.0
1491955200,269.89,270.475,268.04,268.51,955388.0
1492041600,268.14,270.28,268.0,268.0,763704.0
1492387200,268.13,269.9,267.91,269.88,811635.0
1492473600,269.88,270.7,268.22,268.78,762905.0
1492560000,269.69,270.0484,268.67,269.63,816649.0
1492646400,270.15,273.199,269.665,271.85,814408.0
1492732800,272.2,274.49,272.0,273.09,955483.0
1492992000,275.54,276.64,274.31,276.21,1097758.0
1493078400,273.9,274.5,267.675,270.02,2963499.0
1493164800,270.59,272.51,269.54,270.35,1475784.0
1493251200,270.84,272.77,269.94,271.14,953765.0
1493337600,271.07,271.542,268.62,269.45,1003849.0
1493596800,269.55,270.11,268.37,268.43,841671.0
1493683200,268.19,269.87,268.0,269.49,732041.0
1493769600,268.75,269.95,268.2,269.6,636526.0
1493856000,269.87,270.71,268.86,270.51,691113.0
1493942400,270.68,273.1,270.21,273.03,812336.0
1494201600,272.92,274.0,272.1,272.5,674829.0
1494288000,273.0,274.22,272.268,273.87,897905.0
1494374400,272.88,273.71,270.17,271.74,934840.0
1494460800,271.14,272.2499,270.2,272.09,605410.0
1494547200,270.91,271.7,270.75,271.26,599643.0
1494806400,271.28,272.47,271.05,272.35,612664.0
1494892800,272.08,273.26,271.43,271.65,614702.0
1494979200,270.1,270.73,268.9101,269.24,943179.0
1495065600,268.54,269.0,266.01,267.32,1245780.0
1495152000,268.7,272.88,268.11,272.79,1252363.0
1495411200,280.79,280.79,276.22,277.03,1600354.0
1495497600,278.0,278.62,276.1,278.36,874522.0
1495584000,278.22,280.56,278.11,280.05,872148.0
1495670400,281.0,282.33,280.56,282.06,832993.0
1495756800,282.04,284.0,281.54,283.65,852121.0
1496102400,281.83,282.84,279.73,280.09,902005.0
1496188800,279.47,281.28,279.27,281.13,1506836.0
1496275200,281.18,281.7,279.5,280.96,829219.0
1496361600,281.28,282.89,280.75,281.76,749121.0
1496620800,281.5,282.3,280.09,280.13,623048.0
1496707200,279.54,279.9477,276.72,276.88,889933.0
1496793600,277.41,277.85,276.24,277.38,658854.0
1496880000,278.0,278.69,276.67,277.62,1112528.0
1496966400,277.66,279.1899,276.61,277.0,1021395.0
1497225600,277.09,277.225,273.73,276.89,835958.0
1497312000,276.9,278.94,275.48,278.36,638691.0
1497398400,278.1,282.32,278.0,280.3,828899.0
1497484800,279.75,281.57,277.773,280.93,617749.0
1497571200,282.13,282.2799,280.68,281.11,1287185.0
1497830400,281.75,284.4799,281.39,282.3,1063664.0
1497916800,282.95,284.98,282.395,282.89,967621.0
1498003200,283.68,284.21,282.21,282.99,754720.0
1498089600,282.73,283.71,280.38,280.43,665746.0
1498176000,280.03,281.48,280.03,280.64,1026843.0
1498435200,281.17,283.2,279.49,279.7,887131.0
1498521600,279.32,280.21,277.83,277.83,739174.0
1498608000,279.08,280.92,278.37,280.02,955895.0
1498694400,279.85,279.85,274.69,276.73,905051.0
1498780800,277.62,278.92,276.32,277.61,1085613.0
1499040000,277.39,280.48,277.2,278.92,462790.0
1499212800,279.5,283.72,279.4,282.4,868027.0
1499299200,282.0,283.475,280.4,280.96,765967.0
1499385600,281.66,286.95,281.5,285.2,1175032.0
1499644800,285.5,287.91,284.22,285.57,1348114.0
1499731200,285.57,287.75,285.06,286.42,915639.0
1499817600,287.15,288.77,286.36,286.36,812344.0
1499904000,287.12,287.85,285.78,286.76,705408.0
1499990400,287.05,288.77,286.71,288.13,881860.0
1500249600,288.5,290.06,287.61,288.49,1312780.0
1500336000,290.64,292.97,286.03,286.79,1806993.0
1500422400,287.68,291.28,287.04,290.67,1139807.0
1500508800,290.58,290.74,288.941,289.67,1147860.0
1500595200,288.3,290.07,286.86,289.12,1230071.0
1500854400,289.47,291.24,289.2,290.28,768388.0
1500940800,291.48,292.07,289.72,289.83,804937.0
1501027200,290.82,290.99,288.77,289.85,882409.0
1501113600,290.2,290.49,286.17,288.13,1090864.0
1501200000,288.07,290.7699,286.58,290.41,1086205.0
1501459200,291.42,293.84,291.03,292.13,1143739.0
1501545600,293.93,294.33,291.895,292.65,1037249.0
1501632000,292.73,294.84,292.15,294.7,983727.0
1501718400,294.0,295.91,292.8001,295.82,983539.0
1501804800,296.27,297.0,295.04,297.0,786126.0
1502064000,297.31,297.73,296.6,297.15,768637.0
1502150400,297.79,300.42,297.335,300.1,1008527.0
1502236800,301.2,305.54,301.0001,305.22,1749122.0
1502323200,306.55,307.1,303.0,303.25,1310364.0
1502409600,302.84,306.45,302.58,303.75,987047.0
1502668800,305.45,308.06,304.26,307.58,1202834.0
1502755200,307.97,308.48,305.52,306.2,1019240.0
1502841600,305.88,306.8072,305.35,305.8,1033045.0
1502928000,305.26,305.65,301.27,301.42,1047043.0
1503014400,300.87,301.26,298.821,299.2,1204680.0
1503273600,300.0,302.23,297.77,301.88,955337.0
1503360000,303.51,305.48,302.97,304.8,958597.0
1503446400,304.0,304.56,302.53,302.84,696672.0
1503532800,303.51,304.05,301.25,302.6,574442.0
1503619200,303.92,304.68,302.71,302.8,569421.0
1503878400,303.73,303.85,302.51,303.61,821067.0
1503964800,304.5,308.18,304.5,308.14,1277351.0
1504051200,306.42,307.22,305.5,306.3,1272145.0
1504137600,306.86,306.86,304.97,305.39,982248.0
1504224000,305.96,306.34,302.19,302.19,1188050.0
1504569600,304.45,304.53,301.91,302.2,1387900.0
1504656000,303.41,303.94,301.31,301.45,1217354.0
1504742400,301.45,302.77,300.24,302.35,923332.0
1504828800,301.52,303.66,301.52,302.9,1161639.0
1505088000,303.7,304.5925,302.21,304.48,916104.0
1505174400,304.45,304.76,302.91,303.73,641196.0
1505260800,303.06,303.06,300.11,300.2,1142266.0
1505347200,300.2,301.39,298.4,301.34,1506270.0
1505433600,302.34,303.35,301.03,302.3,2025922.0
1505692800,302.86,304.33,302.4,303.8,1005479.0
1505779200,304.29,307.26,303.66,305.65,1365091.0
1505865600,305.36,307.96,305.24,307.9,1264999.0
1505952000,308.1,308.91,307.3866,308.01,860309.0
1506038400,308.65,311.36,308.26,308.54,1018453.0
1506297600,308.48,308.974,304.71,306.85,1072032.0
1506384000,308.55,310.69,308.21,309.58,1025804.0
1506470400,309.7,311.32,309.01,310.13,967851.0
1506556800,309.01,310.37,306.58,309.13,824179.0
1506643200,308.95,310.36,308.69,310.29,908631.0
1506902400,310.79,311.38,309.27,311.33,1007651.0
1506988800,311.38,314.02,311.3,312.86,803293.0
1507075200,313.28,314.1,312.46,313.02,903735.0
1507161600,312.82,315.285,312.64,314.58,950396.0
1507248000,315.0,316.46,314.28,316.46,857807.0
1507507200,316.62,318.34,315.5,317.3,880340.0
1507593600,318.32,318.32,316.22,317.71,941547.0
1507680000,317.65,318.8,317.05,318.59,706111.0
1507766400,318.35,321.56,318.28,321.15,879756.0
1507852800,321.62,322.19,319.14,319.39,1095677.0
1508112000,319.74,320.67,317.74,318.94,588223.0
1508198400,318.7,318.925,317.02,318.27,617658.0
1508284800,318.33,318.815,314.7,315.57,1131109.0
1508371200,315.57,317.07,313.02,316.84,727769.0
1508457600,317.93,320.0,316.6,320.0,933019.0
1508716800,321.06,321.56,319.87,320.73,1228598.0
1508803200,314.69,317.0,310.61,313.15,2560990.0
1508889600,312.86,315.955,311.31,312.43,1658712.0
1508976000,313.44,314.42,303.31,307.89,1598318.0
1509062400,307.95,310.375,307.75,308.0,998650.0
1509321600,308.5,310.42,307.82,308.63,1157359.0
1509408000,309.16,309.835,308.14,308.16,693791.0
1509494400,309.05,309.66,306.23,306.6,1014991.0
1509580800,306.11,310.86,306.11,310.86,868900.0
1509667200,310.92,311.8522,309.035,309.99,652239.0
1509926400,309.72,311.93,308.68,310.08,717284.0
1510012800,310.08,313.37,310.08,313.29,874379.0
1510099200,313.44,315.7,313.3,315.64,729698.0
1510185600,314.85,315.06,310.28,311.08,889458.0
1510272000,310.3,311.68,309.76,311.17,630850.0
1510531200,311.0,313.28,310.31,312.95,702811.0
1510617600,312.0,314.0,310.7,313.74,605687.0
1510704000,313.1,313.78,310.54,310.64,753841.0
1510790400,311.09,312.8028,311.0,312.65,635588.0
1510876800,311.59,312.43,309.5,309.7,692208.0
1511136000,310.2,315.57,310.0101,314.65,902073.0
1511222400,315.24,317.62,314.61,316.94,858007.0
1511308800,316.31,316.86,314.3472,314.87,685727.0
1511481600,315.09,316.23,315.02,315.82,320919.0
1511740800,316.0,316.89,315.045,316.7,657817.0
1511827200,316.78,319.43,316.17,319.01,966894.0
1511913600,319.5,321.21,318.33,320.76,1190557.0
1512000000,319.62,320.94,318.475,319.12,2625543.0
1512086400,319.06,319.63,311.1301,313.57,1707274.0
1512345600,315.94,316.52,311.61,311.78,1365560.0
1512432000,314.5,314.5,310.07,310.14,1170560.0
1512518400,310.25,313.07,310.25,311.97,824637.0
1512604800,311.83,315.36,311.81,314.42,972340.0
1512691200,316.56,316.56,313.45,315.85,853726.0
1512950400,315.45,317.235,315.15,316.17,765759.0
1513036800,316.38,316.9,314.91,315.89,1082368.0
1513123200,316.66,319.835,316.3,317.79,856537.0
1513209600,318.21,319.03,316.42,317.01,867618.0
1513296000,318.69,323.38,318.43,322.82,1929259.0
1513555200,323.59,323.94,319.0,322.76,1254384.0
1513641600,322.76,323.13,319.78,319.97,930800.0
1513728000,319.84,321.255,317.65,317.72,932282.0
1513814400,319.0,319.2,317.01,317.19,868458.0
1513900800,318.3,319.24,317.6,318.03,542839.0
1514246400,318.36,319.77,317.97,318.51,517368.0
1514332800,319.67,319.67,318.0701,319.44,574579.0
1514419200,319.83,322.3,319.71,322.1,721714.0
1514505600,322.22,323.15,321.02,321.05,731126.0
1514851200,322.0,322.62,317.5,318.54,1188483.0
1514937600,318.98,321.52,318.63,321.21,893473.0
1515024000,321.19,326.9,320.99,326.72,1441407.0
1515110400,325.99,330.18,325.98,329.68,1241109.0
1515369600,328.96,330.41,327.81,328.16,1084471.0
1515456000,329.0,331.83,328.415,330.51,865671.0
1515542400,331.07,333.74,330.005,331.05,1504553.0
1515628800,331.85,332.08,330.16,331.13,1151241.0
1515715200,331.35,336.35,331.03,336.25,1428012.0
1516060800,336.35,336.6699,330.0,330.11,1371316.0
1516147200,331.46,335.74,330.32,334.86,1000322.0
1516233600,334.11,335.92,332.99,333.0,973474.0
1516320000,334.24,334.89,331.78,332.0,1478147.0
1516579200,331.77,332.7,328.97,329.0,1459638.0
1516665600,329.99,331.15,328.51,328.7,1033444.0
1516752000,328.87,332.48,327.42,330.49,1236399.0
1516838400,331.04,335.185,330.21,334.72,1773340.0
1516924800,336.87,345.11,334.74,344.9,2053899.0
1517184000,350.0,354.32,342.15,351.42,2880569.0
1517270400,346.52,352.72,345.05,350.39,2032296.0
1517356800,353.28,358.52,352.45,354.85,1885945.0
1517443200,354.26,361.79,354.01,357.38,1579182.0
1517529600,355.0,358.0,351.52,352.66,1956657.0
1517788800,348.63,353.99,326.11,336.46,2918677.0
1517875200,328.71,340.01,327.23,337.59,2595121.0
1517961600,338.29,350.34,337.82,345.43,2044371.0
1518048000,350.21,350.99,334.01,334.3,2612384.0
1518134400,338.1,344.88,332.25,341.42,2363662.0
1518393600,344.54,348.4705,340.1,345.81,1828940.0
1518480000,345.2,351.0625,344.51,350.23,1278193.0
1518566400,348.81,355.39,348.2,354.66,1651444.0
1518652800,357.4,361.02,354.74,361.0,1165638.0
1518739200,361.0,363.0,357.84,360.53,1082634.0
1519084800,359.15,362.67,357.23,358.69,1102623.0
1519171200,359.0,362.98,357.0,357.06,1390878.0
1519257600,358.44,358.97,354.51,355.41,1432423.0
1519344000,356.25,358.69,353.84,358.69,902449.0
1519603200,360.0,361.32,357.08,358.7,1156138.0
1519689600,359.35,362.32,358.09,358.17,1379181.0
1519776000,357.36,359.195,352.42,352.44,988071.0
1519862400,352.46,353.58,337.58,339.69,2306758.0
1519948800,337.5,342.85,335.05,341.72,1666585.0
1520208000,339.83,342.7828,337.62,342.36,1803874.0
1520294400,342.9,343.99,337.95,339.5,1302044.0
1520380800,336.23,343.19,334.1,342.2,1350908.0
1520467200,343.12,343.7,339.34,341.78,1036635.0
1520553600,341.78,342.559,338.08,340.49,1568316.0
1520812800,341.0,341.3546,333.04,333.1,2278172.0
1520899200,334.78,335.91,332.0801,333.46,1620569.0
1520985600,335.71,336.375,327.58,331.68,1711923.0
1521072000,331.94,334.43,328.78,333.23,1874898.0
1521158400,333.38,334.35,329.23,331.4,4717986.0
1521417600,330.3,336.23,330.25,335.25,1499551.0
1521504000,335.73,339.5,335.22,335.6,1153813.0
1521590400,336.26,338.73,332.49,335.47,1270474.0
1521676800,333.18,335.47,325.7868,327.15,1529359.0
1521763200,327.0,344.1401,326.7658,336.31,2897927.0
1522022400,342.4,344.6,339.27,343.93,1477985.0
1522108800,345.3,345.94,336.6,338.85,1294416.0
1522195200,340.0,340.66,333.22,335.33,1422002.0
1522281600,336.04,341.0,335.39,337.93,1039299.0
1522627200,337.06,337.9,328.75,333.0,1296912.0
1522713600,334.97,337.03,330.68,334.71,1296846.0
1522800000,328.88,341.97,327.5,341.79,1448770.0
1522886400,344.23,346.93,340.01,346.65,1588765.0
1522972800,343.59,344.6847,332.835,334.66,1417192.0
1523232000,337.48,340.835,335.46,335.91,981254.0
1523318400,340.63,341.05,337.1,339.36,996426.0
1523404800,338.51,346.25,337.98,339.44,1480840.0
1523491200,340.62,344.5,340.52,342.88,1090726.0
1523577600,344.08,345.06,340.69,342.6,762399.0
1523836800,344.87,347.74,344.55,345.7,1141306.0
1523923200,347.79,350.12,346.13,349.14,1060500.0
1524009600,351.3,352.25,349.34,351.15,842269.0
1524096000,351.6,354.21,350.18,353.38,780411.0
1524182400,354.53,355.0,351.13,351.99,1184956.0
1524441600,352.79,358.62,352.45,358.6,1983631.0
1524528000,360.02,361.99,330.64,336.49,3776974.0
1524614400,336.68,337.15,320.56,329.5,3023772.0
1524700800,330.0,334.86,324.13,330.4,1847336.0
1524787200,329.95,330.23,321.7,322.03,1577960.0
1525046400,322.35,325.46,320.2,320.84,1449384.0
1525132800,320.49,321.2358,302.09,308.46,3879004.0
1525219200,307.28,313.4,305.2,305.7,2643266.0
1525305600,303.95,310.5,300.5,309.93,2889786.0
1525392000,308.11,312.7,307.255,311.44,1675253.0
1525651200,312.23,317.92,312.09,317.71,1816862.0
1525737600,317.71,325.39,317.3,324.19,2948731.0
1525824000,325.62,328.55,324.7,326.12,1699928.0
1525910400,328.48,329.019,322.9508,324.49,1261334.0
1525996800,324.69,325.86,322.76,324.04,844912.0
1526256000,323.25,323.98,317.44,319.08,1399660.0
1526342400,317.75,320.35,317.0,319.77,1130946.0
1526428800,320.1,321.71,318.84,319.33,882643.0
1526515200,319.0,321.5,317.405,320.42,961614.0
1526601600,320.76,322.0,319.8,320.45,1012153.0
1526860800,322.5,324.53,321.16,324.28,1001476.0
1526947200,323.26,323.6,317.0401,317.13,1501793.0
1527033600,315.83,325.53,314.13,325.32,1601927.0
1527120000,324.66,329.13,323.336,326.35,1210693.0
1527206400,326.0,327.22,319.86,320.8,1020242.0
1527552000,319.67,320.69,315.36,317.2,1159716.0
1527638400,319.03,321.81,317.16,321.04,899150.0
1527724800,319.24,320.28,314.47,314.54,1452143.0
1527811200,316.92,317.8,315.47,316.63,886682.0
1528070400,317.11,319.25,316.22,318.17,667302.0
1528156800,318.11,321.24,317.4938,320.02,872962.0
1528243200,320.77,321.88,318.51,319.91,1083311.0
1528329600,320.5,322.15,318.935,321.95,1087279.0
1528416000,321.73,322.6,318.1,322.31,1153893.0
1528675200,322.12,322.62,319.16,319.3,910862.0
1528761600,319.63,320.03,311.25,315.16,1742572.0
1528848000,314.67,317.8,312.67,314.35,1990094.0
1528934400,314.54,315.795,310.01,310.59,1395628.0
1529020800,309.62,310.97,306.34,310.14,1768028.0
1529280000,307.38,310.0,306.0,309.52,1261042.0
1529366400,306.72,307.63,301.65,302.52,1821320.0
1529452800,302.37,304.97,301.23,302.86,1620638.0
1529539200,302.65,302.86,298.1,300.38,1517054.0
1529625600,301.38,301.81,298.69,299.38,1403493.0
1529884800,297.35,303.33,296.07,298.77,1944787.0
1529971200,298.81,300.43,297.08,299.08,1670813.0
1530057600,299.39,302.12,294.54,294.78,1521403.0
1530144000,295.0,296.71,291.52,295.24,1423592.0
1530230400,297.48,299.98,295.26,295.43,1266696.0
1530489600,294.17,299.3,292.315,299.12,968492.0
1530576000,300.0,302.59,298.6157,299.46,650973.0
1530748800,300.28,303.16,297.19,299.19,986256.0
1530835200,298.41,301.51,296.215,299.19,1103446.0
1531094400,301.0,307.47,300.3596,306.48,1244361.0
1531180800,308.11,310.91,307.21,308.83,1522773.0
1531267200,307.83,309.38,305.93,306.58,895659.0
1531353600,309.4,314.47,308.8,313.31,1283165.0
1531440000,313.68,319.5,313.52,318.37,1662458.0
1531699200,319.38,323.38,317.58,319.05,1303339.0
1531785600,319.89,320.98,316.12,317.5,867589.0
1531872000,317.71,320.58,316.5,319.77,860262.0
1531958400,319.3,320.86,318.18,319.6,759915.0
1532044800,318.35,322.85,317.44,322.55,1563942.0
1532304000,322.55,323.5,316.79,318.33,1578061.0
1532390400,325.0,329.65,313.0,322.57,3253158.0
1532476800,323.05,324.97,316.67,324.36,2104036.0
1532563200,324.83,325.87,321.17,322.94,2011767.0
1532649600,324.4,325.14,321.79,324.09,1009890.0
1532908800,324.1,325.99,319.62,320.11,1269820.0
1532995200,321.38,326.43,321.38,326.1,986334.0
1533081600,325.59,326.07,322.57,324.93,1392222.0
1533168000,322.53,323.15,320.24,322.02,820321.0
1533254400,322.62,322.62,319.11,320.55,945411.0
1533513600,318.61,318.61,313.68,316.92,1736650.0
1533600000,317.24,318.24,313.58,317.41,1088520.0
1533686400,317.5,317.78,314.21,315.31,922641.0
1533772800,314.79,316.5003,312.67,315.71,1045254.0
1533859200,314.9,314.9,311.39,313.12,1081660.0
1534118400,312.51,315.26,312.0,313.64,790265.0
1534204800,314.89,320.215,314.63,318.59,974471.0
1534291200,318.37,318.91,314.44,317.7,1321366.0
1534377600,320.0,326.62,319.81,325.86,1195214.0
1534464000,325.86,327.418,324.72,325.23,1389616.0
1534723200,325.26,325.97,323.81,324.22,876515.0
1534809600,324.4,325.41,323.13,324.39,1164410.0
1534896000,324.05,324.5229,321.8,321.92,690515.0
1534982400,322.08,322.15,318.87,320.01,717669.0
1535068800,320.0,321.39,318.72,321.29,773168.0
1535328000,322.07,325.0,322.0,324.34,737053.0
1535414400,324.66,325.0,322.3,324.34,819972.0
1535500800,324.46,324.92,322.2,324.32,965941.0
1535587200,324.0,326.49,320.93,321.85,1408033.0
1535673600,318.56,320.89,317.005,320.41,1055485.0
1536019200,320.0,322.25,317.596,321.91,947319.0
1536105600,320.89,321.67,319.51,321.33,892718.0
1536192000,321.56,329.54,321.3,328.91,1326540.0
1536278400,328.03,330.88,326.89,328.53,1291968.0
1536537600,328.72,329.18,322.66,322.95,1423980.0
1536624000,322.04,323.85,320.3,322.23,798190.0
1536710400,321.38,325.84,321.38,325.28,1324659.0
1536796800,326.72,331.86,326.59,331.28,1290358.0
1536883200,331.31,336.5,329.5,335.8,1303276.0
1537142400,336.5,339.68,336.0,339.34,1117296.0
1537228800,340.0,344.845,339.4801,343.22,1142258.0
1537315200,343.22,345.77,336.51,339.3,1768431.0
1537401600,339.86,340.3,329.01,333.13,1973479.0
1537488000,334.07,337.91,334.07,337.66,1849068.0
1537747200,336.81,339.32,334.3,337.58,1176745.0
1537833600,338.48,345.33,337.45,343.54,1360504.0
1537920000,343.0,344.86,342.3888,342.88,1159931.0
1538006400,344.16,346.79,342.41,346.05,1169997.0
1538092800,345.72,348.0,344.71,345.96,1827529.0
1538352000,347.09,348.327,344.87,347.93,790244.0
1538438400,348.62,349.88,346.37,349.07,959833.0
1538524800,350.0,351.3519,347.22,347.44,1237431.0
1538611200,346.82,349.66,345.59,349.46,1200882.0
1538697600,348.3,350.9,345.65,347.21,889042.0
1538956800,346.89,350.485,346.27,349.93,825069.0
1539043200,348.62,349.46,346.16,347.31,966827.0
1539129600,346.85,347.25,336.75,336.75,1786019.0
1539216000,334.73,338.0,325.01,326.26,1931635.0
1539302400,330.59,331.47,322.6,327.62,1291985.0
1539561600,327.93,333.98,327.93,331.24,1003635.0
1539648000,332.47,337.4,331.14,337.13,860235.0
1539734400,335.72,337.19,333.32,333.4,1181603.0
1539820800,331.35,333.32,325.04,328.0,1322451.0
1539907200,327.2,330.04,326.06,328.14,1097498.0
1540166400,331.62,331.62,324.47,326.78,1393756.0
1540252800,325.23,334.77,315.589,321.35,2995008.0
1540339200,328.11,328.11,310.42,311.13,2377532.0
1540425600,313.21,316.55,305.45,306.41,2351739.0
1540512000,303.4,308.97,301.66,305.05,1909599.0
1540771200,309.5,309.5,283.21,286.67,3249182.0
1540857600,285.61,292.5,283.7232,291.07,2869824.0
1540944000,294.36,299.1,293.53,293.85,1979900.0
1541030400,295.73,301.44,295.01,299.42,1526841.0
1541116800,301.04,302.7532,297.75,299.28,1587425.0
1541376000,302.0,304.3,300.59,303.21,1650508.0
1541462400,304.05,308.759,304.05,306.56,1105652.0
1541548800,308.06,309.96,304.16,309.82,982817.0
1541635200,310.0,311.02,306.36,308.56,878961.0
1541721600,307.19,314.16,307.14,313.12,1294279.0
1541980800,313.2,314.23,304.6,305.12,1114417.0
1542067200,304.81,308.855,302.23,305.74,1120968.0
1542153600,308.27,309.68,303.01,303.39,1192787.0
1542240000,302.17,308.0,299.74,305.48,1233102.0
1542326400,303.84,305.25,299.865,301.24,1319486.0
1542585600,301.09,301.09,293.2204,294.59,1555713.0
1542672000,291.36,295.2499,288.5578,293.86,1281074.0
1542758400,295.0,297.85,294.23,294.29,1355621.0
1542931200,293.06,297.94,291.93,295.38,434298.0
1543190400,297.04,298.85,292.9184,295.28,1375239.0
1543276800,293.9,295.66,289.6047,295.29,1477286.0
1543363200,297.85,300.5278,293.94,299.94,1281224.0
1543449600,301.0,304.9793,300.28,302.42,2770436.0
1543536000,300.75,303.533,297.88,300.43,3666151.0
1543795200,304.94,305.325,295.9,296.79,1763714.0
1543881600,295.72,295.72,286.03,286.73,2198685.0
1544054400,282.9,286.8908,277.2,286.35,2785766.0
1544140800,285.4,290.3459,285.21,285.4,1406624.0
1544400000,289.93,298.93,289.19,298.4,2416123.0
1544486400,302.68,303.25,290.33,292.15,1764498.0
1544572800,295.99,296.8,292.01,292.5,1121484.0
1544659200,293.27,295.27,291.0,292.23,1118741.0
1544745600,290.0,291.24,286.62,287.7,1881525.0
1545004800,286.2,286.79,277.84,279.23,1645223.0
1545091200,281.55,283.84,278.045,279.47,1706519.0
1545177600,279.75,283.81,271.52,273.96,1715889.0
1545264000,271.99,273.82,261.41,265.29,2314143.0
1545350400,260.78,262.64,255.3,256.55,3738641.0
1545609600,253.03,254.63,245.01,245.22,1515428.0
1545782400,246.31,251.89,241.1796,251.62,1795371.0
1545868800,249.25,259.79,248.2,259.79,2188148.0
1545955200,263.01,264.8298,260.14,261.26,1983707.0
1546214400,262.15,265.1084,259.85,261.84,1184934.0
1546387200,258.36,265.3,256.79,264.73,1064502.0
1546473600,262.32,264.0,257.38,258.08,1152431.0
1546560000,261.92,265.49,260.34,265.04,1438700.0
1546819200,266.0,270.0,263.8625,268.08,1449473.0
1546905600,271.13,271.75,267.81,269.87,1791371.0
1546992000,270.13,272.2167,269.13,270.54,1235821.0
1547078400,269.62,277.68,269.5,277.5,1830750.0
1547164800,275.79,277.76,272.43,277.73,1157745.0
1547424000,276.67,279.52,274.43,277.51,1330680.0
1547510400,278.23,278.335,273.51,276.0,1193442.0
1547596800,275.4,275.69,270.63,272.39,1321686.0
1547683200,271.17,279.99,270.84,278.8,1241952.0
1547769600,281.18,285.37,279.72,282.87,2073468.0
1548115200,281.39,284.62,278.0,279.59,1885039.0
1548201600,282.11,285.73,280.5,283.51,1630885.0
1548288000,284.59,288.24,282.59,285.25,1017531.0
1548374400,288.17,289.3,286.13,287.04,1050417.0
1548633600,285.0,288.41,282.885,287.87,1165731.0
1548720000,281.11,292.8619,281.0,292.05,2037108.0
1548806400,293.95,293.99,286.77,291.67,1778510.0
1548892800,290.17,292.83,287.785,289.69,1311052.0
1548979200,290.85,292.58,289.195,290.58,1357956.0
1549238400,290.9,299.06,290.11,298.77,1325906.0
1549324800,300.0,302.98,297.23,299.46,1454763.0
1549411200,299.99,302.68,299.01,299.83,1114254.0
1549497600,298.79,300.36,296.14,300.13,1145547.0
1549584000,299.22,301.63,296.995,301.5,1021359.0
1549843200,301.78,302.75,298.8,300.04,1076116.0
1549929600,301.47,304.32,300.8576,304.11,840609.0
1550016000,305.0,305.95,303.68,304.42,957686.0
1550102400,303.36,304.0,300.91,301.0,888227.0
1550188800,304.01,307.33,304.01,307.23,844416.0
1550534400,305.97,306.59,303.76,305.18,929461.0
1550620800,305.0,307.2,304.29,307.2,869731.0
1550707200,307.06,307.17,303.28,304.51,1042922.0
1550793600,305.91,307.36,303.9,307.13,581798.0
1551052800,308.89,309.4027,305.55,305.97,1087676.0
1551139200,305.6,308.08,305.01,305.88,869760.0
1551225600,305.02,307.94,304.11,307.58,1120846.0
1551312000,307.44,311.75,306.12,309.41,1837089.0
1551398400,311.56,311.56,306.4439,309.47,1421750.0
1551657600,311.78,311.78,303.48,304.69,1063165.0
1551744000,306.01,307.22,304.2201,305.76,878056.0
1551830400,306.48,308.3458,303.32,303.32,878714.0
1551916800,302.9,303.2,297.42,303.01,1255426.0
1552003200,300.57,301.69,298.77,300.95,1053985.0
1552262400,299.62,304.58,298.63,304.4,1293922.0
1552348800,304.6,305.305,300.79,301.92,1248354.0
1552435200,303.06,304.56,301.12,303.45,1132817.0
1552521600,303.42,304.46,298.32,298.51,1178346.0
1552608000,298.86,299.23,293.77,296.15,4516483.0
1552867200,295.87,298.36,293.27,297.64,1793639.0
1552953600,299.48,302.14,295.44,296.6,1497933.0
1553040000,296.91,298.71,295.0635,295.98,1321706.0
1553126400,295.37,300.068,295.0,299.01,1143016.0
1553212800,297.65,298.4034,293.88,294.01,940643.0
1553472000,294.41,295.8195,292.53,294.12,779652.0
1553558400,296.09,297.6,292.69,294.92,882292.0
1553644800,295.62,297.8939,292.85,293.95,834258.0
1553731200,295.03,295.94,293.65,295.6,565422.0
1553817600,297.5,300.59,296.74,300.16,1211942.0
1554076800,302.56,306.11,301.84,304.29,1128393.0
1554163200,304.87,306.78,302.87,303.1,870585.0
1554249600,303.61,304.4,296.14,297.27,1176885.0
1554336000,298.16,302.05,297.89,299.67,755582.0
1554422400,299.91,302.66,299.71,302.58,705214.0
1554681600,301.99,305.86,300.67,305.66,1121380.0
1554768000,304.36,304.575,301.19,302.68,864956.0
1554854400,302.23,302.35,297.33,299.12,1222319.0
1554940800,300.23,305.83,300.0,305.59,829126.0
1555027200,307.0,309.78,306.0301,309.7,891849.0
1555286400,309.96,310.0,307.54,308.71,864757.0
1555372800,309.22,310.6292,308.1,310.06,833913.0
1555459200,311.22,312.43,309.78,310.5,1041422.0
1555545600,311.03,314.57,309.47,314.26,1107108.0
1555891200,314.25,316.26,313.27,315.26,1317523.0
1555977600,326.52,337.315,324.52,333.1,3424124.0
1556064000,333.9,335.78,327.84,330.12,2089310.0
1556150400,330.25,334.23,328.46,328.87,1506375.0
1556236800,329.6,330.75,327.08,328.33,873148.0
1556496000,328.4,331.15,327.21,328.59,969009.0
1556582400,329.52,333.86,328.4622,333.33,989978.0
1556668800,334.25,337.21,331.58,331.85,1104397.0
1556755200,332.01,332.7,328.24,332.55,962542.0
1556841600,333.58,335.64,331.2,334.07,806766.0
1557100800,330.5,336.53,330.1669,335.72,812813.0
1557187200,334.74,334.74,328.8449,330.9,1176417.0
1557273600,330.9,336.88,330.35,334.18,1083968.0
1557360000,334.0,340.33,331.94,339.36,1496527.0
1557446400,337.41,341.62,335.27,341.35,1205014.0
1557705600,335.25,339.745,333.2,335.37,1503998.0
1557792000,336.01,340.915,334.75,336.17,1171595.0
1557878400,335.29,335.71,329.93,334.15,1126981.0
1557964800,335.92,339.65,334.85,339.39,1092362.0
1558051200,336.46,340.95,336.46,337.99,1268411.0
1558310400,337.24,344.29,337.24,342.01,1388296.0
1558396800,343.6,344.8,339.5,343.95,1097997.0
1558483200,343.29,343.29,339.88,341.3,1049320.0
1558569600,339.72,341.44,336.08,340.07,1461463.0
1558656000,340.67,341.62,337.265,338.78,1293099.0
1559001600,338.96,341.28,337.1,337.89,3559638.0
1559088000,336.78,340.36,335.2805,339.34,1184632.0
1559174400,340.0,343.48,339.75,341.96,859051.0
1559260800,337.59,341.14,337.485,338.54,1024169.0
1559520000,338.08,344.78,337.901,344.57,1345296.0
1559606400,345.88,349.68,345.88,349.35,1573475.0
1559692800,349.99,352.86,348.51,352.7,1750507.0
1559779200,353.37,354.34,350.15,352.52,1149785.0
1559865600,353.45,356.15,352.4,355.23,1125847.0
1560124800,357.97,358.63,350.73,351.6,1356231.0
1560211200,352.01,352.55,340.87,344.04,1684428.0
1560297600,344.23,346.14,342.32,345.51,1132227.0
1560384000,347.58,349.705,344.4,349.08,1203880.0
1560470400,349.08,352.46,348.44,350.14,1059494.0
1560729600,351.22,352.41,346.76,348.69,904169.0
1560816000,349.49,354.28,348.39,353.52,826400.0
1560902400,353.76,356.545,353.19,355.73,816682.0
1560988800,357.77,363.33,357.71,362.8,1049080.0
1561075200,362.23,362.74,357.57,359.36,1544872.0
1561334400,360.44,362.88,359.74,359.98,1766730.0
1561420800,360.0,362.795,359.74,360.56,1169114.0
1561507200,361.64,362.0,357.0,359.5,977659.0
1561593600,359.93,360.52,357.255,359.09,826517.0
1561680000,359.48,363.75,357.67,363.54,1369653.0
1561939200,365.41,366.77,361.05,361.47,1004359.0
1562025600,361.58,367.57,361.0666,367.57,1053033.0
1562112000,367.94,370.47,365.35,370.38,742109.0
1562284800,369.88,370.83,366.6736,369.92,716882.0
1562544000,368.54,369.92,366.775,369.18,646804.0
1562630400,367.75,370.25,366.0955,369.73,650988.0
1562716800,370.0,373.37,367.84,368.16,818745.0
1562803200,368.16,369.38,366.21,368.23,1358023.0
1562889600,369.2,369.51,366.83,369.45,1148702.0
1563148800,369.84,370.01,366.9,367.69,1010704.0
1563235200,368.0,368.42,365.16,365.35,1027121.0
1563321600,365.35,365.47,357.85,358.47,1866997.0
1563408000,358.29,358.38,352.79,356.21,1704944.0
1563494400,357.64,359.1,355.85,356.96,1463296.0
1563753600,357.44,358.4699,355.56,357.63,1145622.0
1563840000,363.0,363.0,350.81,357.8,2344066.0
1563926400,358.2,368.99,357.995,368.9,1900584.0
1564012800,368.76,372.7112,367.15,370.32,1143372.0
1564099200,369.61,370.7063,367.78,369.46,791383.0
1564358400,369.41,370.11,367.95,369.62,659196.0
1564444800,368.63,370.67,365.325,365.99,701602.0
1564531200,365.91,368.71,359.29,362.17,1037053.0
1564617600,361.72,367.34,359.19,363.09,1220648.0
1564704000,364.13,364.31,359.4899,361.91,836256.0
1564963200,356.55,361.1,353.9655,358.43,1464608.0
1565049600,361.28,366.8923,358.835,366.78,1124866.0
1565136000,364.02,370.93,362.02,369.3,1242993.0
1565222400,370.01,378.4,370.01,377.17,1185864.0
1565308800,376.1,379.36,373.33,377.01,871962.0
1565568000,375.0,378.05,373.6,377.0,706121.0
1565654400,377.99,381.51,375.275,377.22,1060897.0
1565740800,376.0,376.0,367.36,368.94,1469057.0
1565827200,369.15,374.57,367.165,373.46,1066914.0
1565913600,376.1,378.34,373.37,377.0,821356.0
1566172800,379.75,381.6818,378.5203,380.47,799914.0
1566259200,380.5,384.1,379.5,381.75,920614.0
1566345600,384.0,384.275,379.29,383.0,791496.0
1566432000,383.0,386.65,380.72,385.88,742580.0
1566518400,385.28,386.93,374.6146,376.89,1393141.0
1566777600,380.0,380.56,375.5,380.32,688219.0
1566864000,381.75,382.21,377.25,379.99,760325.0
1566950400,379.04,383.0,376.774,380.97,820584.0
1567036800,384.53,385.78,380.8001,384.43,1063524.0
1567123200,383.25,384.74,381.51,384.11,760901.0
1567468800,380.99,385.18,379.79,384.69,891668.0
1567555200,387.31,389.7,385.9,389.08,792243.0
1567641600,390.48,393.4284,384.98,385.15,941775.0
1567728000,387.28,388.45,385.81,386.56,701065.0
1567987200,387.95,388.29,380.04,380.21,1146949.0
1568073600,377.29,381.32,370.46,381.32,1297959.0
1568160000,381.2,385.8,380.055,381.55,1125255.0
1568246400,384.49,388.51,383.27,386.63,855144.0
1568332800,387.77,387.77,383.6,384.86,898638.0
1568592000,388.9,394.6,386.89,392.66,1689923.0
1568678400,392.47,399.96,388.4321,393.98,978401.0
1568764800,394.78,397.23,391.5506,397.04,784503.0
1568851200,397.14,398.5,393.03,393.43,1046876.0
1568937600,394.49,395.44,388.05,388.25,2132356.0
1569196800,388.07,390.06,386.11,387.67,1155542.0
1569283200,390.0,392.99,387.21,389.17,1187707.0
1569369600,390.58,390.9,387.71,390.43,1337184.0
1569456000,391.25,394.64,388.93,392.92,881099.0
1569542400,395.94,395.95,386.43,387.87,751895.0
1569801600,388.56,393.82,388.4218,390.06,1293800.0
1569888000,391.43,392.48,383.89,384.19,1240345.0
1569974400,382.74,383.06,374.0676,378.16,1763814.0
1570060800,378.87,381.19,374.33,380.06,928845.0
1570147200,380.21,385.24,379.49,384.95,771915.0
1570406400,385.01,386.68,382.69,383.78,864344.0
1570492800,381.06,385.8,379.29,382.12,1001446.0
1570579200,384.83,386.33,382.5,384.61,712573.0
1570665600,383.99,388.5071,383.2,386.88,700457.0
1570752000,389.79,390.73,381.25,381.47,1329367.0
1571011200,382.77,385.37,381.39,382.61,623447.0
1571097600,383.69,385.7,382.07,382.75,851382.0
1571184000,382.39,384.385,380.23,382.84,855112.0
1571270400,383.55,384.21,376.29,377.06,1005147.0
1571356800,376.72,377.71,368.0,372.48,1935666.0
1571616000,374.01,375.89,372.73,374.05,1174602.0
1571702400,363.0,377.5,363.0,373.68,2595285.0
1571788800,373.78,374.99,368.73,373.09,1289629.0
1571875200,373.76,377.46,372.0,374.74,1137189.0
1571961600,374.38,374.885,369.54,370.73,1173479.0
1572220800,371.39,375.45,370.12,371.84,1322105.0
1572307200,371.65,375.25,370.04,371.1,1298549.0
1572393600,373.22,378.99,371.47,378.64,1064902.0
1572480000,377.92,380.18,375.26,376.68,911811.0
1572566400,378.11,380.95,376.935,379.17,915629.0
1572825600,379.93,380.78,372.18,374.48,1117519.0
1572912000,374.06,375.77,371.31,373.63,1364210.0
1572998400,374.49,379.93,374.03,379.79,1505809.0
1573084800,380.34,382.74,377.91,378.75,1157244.0
1573171200,377.6,382.88,377.6,381.86,783576.0
1573430400,379.51,383.41,379.31,381.38,580913.0
1573516800,381.56,387.5,381.56,386.3,910737.0
1573603200,385.94,390.52,385.09,387.69,962410.0
1573689600,387.28,392.3,387.28,390.16,915586.0
1573776000,392.27,394.49,390.28,393.55,1533552.0
1574035200,393.0,395.675,391.95,392.76,827764.0
1574121600,394.0,395.8232,390.53,390.81,800294.0
1574208000,391.06,393.54,390.25,392.7,907757.0
1574294400,390.86,392.25,389.32,390.26,1416867.0
1574380800,390.19,391.3894,387.82,390.74,758654.0
1574640000,391.6,393.1,387.49,389.98,801371.0
1574726400,390.6,395.95,389.98,392.5,1206645.0
1574812800,393.63,394.48,391.62,394.24,770302.0
1574985600,392.0,392.1951,390.042,391.03,401529.0
1575244800,390.71,391.53,383.44,383.62,1283565.0
1575331200,381.43,384.64,380.141,381.62,1502875.0
1575417600,383.53,387.95,382.28,384.58,1081122.0
1575504000,386.06,386.5,383.01,385.94,1203937.0
1575590400,387.17,388.9,385.1,386.86,709743.0
1575849600,386.22,387.42,383.23,383.34,833635.0
1575936000,383.5,386.77,383.25,384.44,862109.0
1576022400,385.51,386.612,384.03,386.24,579709.0
1576108800,386.0,387.7899,383.45,384.05,736539.0
1576195200,384.0,387.78,383.995,386.47,658026.0
1576454400,387.9,388.35,384.048,385.95,847464.0
1576540800,385.0,388.0,385.0,386.89,730134.0
1576627200,387.4,387.64,379.66,380.57,1526018.0
1576713600,380.99,384.68,380.23,383.15,899285.0
1576800000,385.03,386.6373,383.0,386.47,1599765.0
1577059200,387.66,394.69,387.59,391.9,1050417.0
1577145600,392.35,392.35,389.53,390.17,516250.0
1577318400,390.9,392.45,390.48,392.3,711713.0
1577404800,393.99,394.5,391.94,393.6,729315.0
1577664000,393.65,393.76,390.8672,391.9,776966.0
1577750400,391.75,391.98,387.07,389.38,775368.0
1577923200,392.86,399.37,390.95,399.37,1149985.0
1578009600,404.02,417.17,403.0,413.74,2990531.0
1578268800,417.99,417.99,407.69,413.11,2478943.0
1578355200,411.25,416.12,408.29,414.5,1081521.0
1578441600,417.06,418.1803,409.72,411.03,1709701.0
1578528000,410.49,416.0,410.0,414.93,1064337.0
1578614400,415.0,415.6,412.48,413.83,987835.0
1578873600,414.94,420.96,414.6601,419.02,986889.0
1578960000,417.59,418.27,415.0669,416.14,967466.0
1579046400,416.42,421.48,416.14,420.95,833271.0
1579132800,423.13,425.74,420.67,425.7,1085567.0
1579219200,426.61,427.54,424.5,425.66,1195646.0
1579564800,424.42,427.78,423.01,426.15,1071421.0
1579651200,427.5,428.4976,424.36,424.42,919041.0
1579737600,424.06,429.56,424.0,428.78,978485.0
1579824000,429.9,433.522,429.69,432.5,1087074.0
1580083200,425.86,434.45,425.86,432.38,1737869.0
1580169600,434.77,438.99,426.27,437.17,2063247.0
1580256000,437.72,437.99,431.02,433.84,1268927.0
1580342400,430.344,437.0,430.34,435.9,1210345.0
1580428800,434.93,435.57,426.1,428.12,1650244.0
1580688000,429.52,430.0,422.04,423.86,1795998.0
1580774400,425.46,431.99,425.46,430.78,1216258.0
1580860800,433.32,435.92,429.02,435.19,1251783.0
1580947200,435.56,439.86,434.9131,438.97,833514.0
1581033600,438.14,441.21,437.29,439.17,883793.0
1581292800,439.0,441.52,437.82,439.76,870420.0
1581379200,441.36,442.5322,437.47,439.85,744852.0
1581465600,439.01,439.69,434.6,436.6,1419473.0
1581552000,435.8,439.29,434.3,434.7,800252.0
1581638400,434.98,438.47,434.31,437.85,948768.0
1581984000,437.0,438.95,434.01,435.55,776502.0
1582070400,437.0,438.27,434.4,434.48,787230.0
1582156800,433.63,434.99,424.1562,425.97,1190564.0
1582243200,425.12,428.72,422.66,427.8,1055800.0
1582502400,419.65,424.2,418.1,419.35,1117774.0
1582588800,420.1,421.73,397.53,400.36,1600075.0
1582675200,400.31,410.52,399.34,400.9,1678581.0
1582761600,393.52,399.01,384.33,384.6,1894460.0
1582848000,369.86,373.82,360.34,369.87,3364321.0
1583107200,371.35,383.1,360.57,381.35,2859878.0
1583193600,384.84,396.9,376.59,377.4,2531514.0
1583280000,385.42,402.96,383.185,402.03,2025808.0
1583366400,393.92,397.85,382.22,384.7,1967451.0
1583452800,372.09,384.95,368.4631,382.47,2161008.0
1583712000,359.98,369.47,351.27,352.03,3086724.0
1583798400,363.01,367.67,350.6,367.17,2505975.0
1583884800,356.57,365.89,349.79,356.93,1951466.0
1583971200,322.0,339.42,310.08,311.38,3892633.0
1584057600,327.33,329.16,303.1,328.59,3877770.0
1584316800,295.01,311.5615,285.0,287.94,2351530.0
1584403200,293.0,319.47,287.15,318.83,2626228.0
1584489600,296.92,339.23,296.04,333.41,3589404.0
1584576000,333.41,334.1,311.205,314.2,2836722.0
1584662400,314.2,315.84,288.21,291.22,3040087.0
1584921600,285.0,287.06,266.11,276.8,3172086.0
1585008000,287.97,294.99,280.241,288.91,3088354.0
1585094400,300.62,329.82,293.61,319.67,2950520.0
1585180800,326.0,352.1,324.0116,350.33,2681161.0
1585267200,339.99,365.09,335.01,348.38,3562975.0
1585526400,351.49,356.48,342.2794,348.85,1756317.0
1585612800,344.81,346.9173,336.24,338.95,2169674.0
1585699200,324.83,340.99,322.0101,338.52,2082566.0
1585785600,335.25,354.0,334.545,353.96,1896286.0
1585872000,352.0,355.84,349.61,350.5,2113228.0
1586131200,361.91,369.95,361.91,367.95,2525354.0
1586217600,380.5,381.9,354.05,355.28,2101620.0
1586304000,361.37,372.65,358.59,361.41,1447756.0
1586390400,369.74,376.325,363.52,371.0,1629395.0
1586736000,370.95,373.9899,365.71,369.94,1237455.0
1586822400,378.29,386.58,374.5509,380.03,1653386.0
1586908800,376.75,376.75,367.36,374.38,1251454.0
1586995200,373.61,381.295,372.5001,377.88,1568405.0
1587081600,387.42,402.45,384.83,401.51,1768381.0
1587340800,394.08,399.968,383.21,383.21,1487184.0
1587427200,383.01,392.54,371.01,373.44,2041994.0
1587513600,383.49,383.94,375.328,380.4,1188744.0
1587600000,382.75,384.8671,376.185,376.73,1164387.0
1587686400,378.72,384.057,372.9798,381.77,1029269.0
1587945600,383.91,384.04,378.0,378.57,1457366.0
1588032000,381.86,387.83,380.42,384.73,1314033.0
1588118400,388.16,393.506,379.5,387.91,1500637.0
1588204800,383.1,391.44,380.44,389.06,1343303.0
1588291200,385.64,387.41,381.09,383.47,911670.0
1588550400,382.02,382.97,374.13,380.16,1078298.0
1588636800,382.41,392.78,381.59,390.3,1271196.0
1588723200,390.89,390.89,378.41,378.58,1089821.0
1588809600,383.01,384.13,376.0,376.54,1462008.0
1588896000,378.03,381.13,376.25,378.4,1130673.0
1589155200,375.0,379.5,374.14,376.56,1288199.0
1589241600,378.0,382.44,371.03,371.11,1448022.0
1589328000,371.28,372.46,362.01,364.18,1287444.0
1589414400,360.99,361.54,352.26,356.28,1776414.0
1589500800,352.53,361.51,352.32,360.4,1854733.0
1589760000,371.21,380.4921,366.02,377.54,1879761.0
1589846400,378.07,382.46,371.24,371.48,1087518.0
1589932800,372.44,374.0,362.11,362.51,1880508.0
1590019200,362.69,370.025,362.6,368.82,1179171.0
1590105600,369.86,370.1595,365.62,369.0,752632.0
1590451200,376.95,376.95,370.57,372.2,1596081.0
1590537600,376.78,397.12,376.575,397.12,1986894.0
1590624000,401.46,404.2619,398.16,398.44,1488858.0
1590710400,396.04,396.235,384.77,388.44,1734084.0
1590969600,388.94,394.0,387.31,388.96,1090489.0
1591056000,388.64,393.23,386.99,389.77,1404816.0
1591142400,393.65,403.6,392.59,402.63,1382257.0
1591228800,401.78,404.8697,399.0,403.67,1261970.0
1591315200,410.0,416.0,406.45,410.75,1702784.0
1591574400,415.0,417.62,411.745,414.3,1294898.0
1591660800,410.53,411.94,407.0,408.56,1188452.0
1591747200,406.5,409.095,403.4503,403.77,1188244.0
1591833600,392.69,397.31,383.57,383.88,1698839.0
1591920000,393.33,394.425,376.47,381.87,1788398.0
1592179200,373.28,377.1525,367.5501,373.28,2273477.0
1592265600,386.56,391.79,379.58,382.77,2038769.0
1592352000,382.5,386.235,376.92,382.11,1519042.0
1592438400,379.68,381.32,376.07,378.39,1561989.0
1592524800,383.34,383.59,372.0,372.2,4318735.0
1592784000,372.26,376.84,370.44,375.96,1370570.0
1592870400,378.25,378.78,371.0375,371.7,1469289.0
1592956800,370.9,371.23,358.32,359.82,2302816.0
1593043200,357.86,363.31,353.33,362.82,1391683.0
1593129600,359.56,367.42,355.01,356.76,2008720.0
1593388800,360.39,367.5,359.49,367.5,1073214.0
1593475200,365.35,367.25,362.41,364.92,1482412.0
1593561600,366.34,368.29,360.31,360.42,1430254.0
1593648000,363.53,366.0699,360.69,362.0,1395968.0
1593993600,366.48,367.115,360.84,362.59,1202394.0
1594080000,362.59,362.9225,352.78,353.27,1395868.0
1594166400,353.5,357.3,348.63,350.23,1965068.0
1594252800,348.0,349.485,339.18,339.96,1823849.0
1594339200,342.33,349.33,341.66,349.25,1514159.0
1594598400,353.6,357.02,348.6006,353.06,2031471.0
1594684800,349.13,355.92,349.0,355.66,1651882.0
1594771200,361.64,365.58,360.56,364.56,1617526.0
1594857600,362.3,365.94,359.02,365.88,955809.0
1594944000,366.3,369.0,362.85,368.5,1137227.0
1595203200,369.0,369.0,362.427,365.53,1444498.0
1595289600,377.98,378.9,370.58,375.12,1998090.0
1595376000,376.71,394.67,375.6159,394.08,2280690.0
1595462400,393.77,394.15,385.71,387.62,1442823.0
1595548800,388.0,393.49,383.61,386.21,1305844.0
1595808000,384.73,385.99,380.11,382.09,1047198.0
1595894400,382.0,390.21,382.0,386.66,1132400.0
1595980800,389.56,390.4701,384.63,387.3,1209630.0
1596067200,382.71,385.844,380.86,381.72,983373.0
1596153600,380.55,381.37,373.675,378.97,1101905.0
1596412800,376.84,378.41,371.44,377.1,923365.0
1596499200,379.08,380.8424,376.29,377.99,900732.0
1596585600,380.0,384.87,378.27,383.5,1018673.0
1596672000,381.78,383.19,378.09,379.74,698536.0
1596758400,380.01,386.66,378.76,385.62,924890.0
1597017600,386.02,391.11,385.96,389.26,856011.0
1597104000,391.51,399.49,391.33,391.96,1312906.0
1597190400,394.02,396.52,391.29,392.44,878821.0
1597276800,390.35,394.05,387.0,389.24,1053647.0
1597363200,388.64,394.2,388.02,391.42,648605.0
1597622400,393.98,395.19,387.73,388.96,864415.0
1597708800,389.17,391.91,388.3434,390.26,806128.0
1597795200,390.08,391.97,388.84,390.05,717523.0
1597881600,388.28,389.2,383.577,387.88,1203695.0
1597968000,387.71,390.79,386.8596,389.57,996274.0
1598227200,390.83,395.57,389.9,395.04,1006398.0
1598313600,395.72,402.375,392.4,394.84,987415.0
1598400000,393.0,397.66,390.56,395.44,908779.0
1598486400,396.84,400.085,394.88,395.02,700460.0
1598572800,395.51,396.0,391.73,395.59,728261.0
1598832000,392.17,395.0,388.47,390.26,1030838.0
1598918400,387.82,389.185,385.0,386.81,908902.0
1599004800,385.15,398.9,384.11,398.07,1214735.0
1599091200,399.5,401.8755,383.38,386.29,1500784.0
1599177600,388.51,391.55,379.58,385.02,933794.0
1599523200,383.99,385.285,378.36,380.23,1071648.0
1599609600,382.69,389.42,381.0101,385.24,1218293.0
1599696000,386.02,388.5323,378.33,379.11,716427.0
1599782400,381.47,390.4999,380.75,389.45,933979.0
1600041600,393.37,396.67,391.62,393.75,991054.0
1600128000,395.65,396.0,386.89,392.55,955899.0
1600214400,391.11,399.6,390.93,395.58,1052509.0
1600300800,392.0,398.55,389.54,395.94,959548.0
1600387200,394.15,399.0,394.15,395.14,2636802.0
1600646400,388.5,389.8658,377.23,379.61,1447716.0
1600732800,381.88,392.48,381.3443,388.42,1286535.0
1600819200,389.23,394.4271,381.99,383.24,1223324.0
1600905600,383.25,384.49,375.095,378.76,1295262.0
1600992000,377.45,388.4,376.45,386.7,1375385.0
1601251200,390.0,396.61,389.65,390.51,980091.0
1601337600,389.61,393.15,387.51,388.74,1121387.0
1601424000,389.47,389.76,380.51,383.28,1410264.0
1601510400,384.0,390.0,379.0,380.89,1103853.0
1601596800,376.0,383.4766,374.28,380.58,1217172.0
1601856000,383.24,385.8891,378.86,383.96,825249.0
1601942400,386.03,386.11,376.02,376.46,954931.0
1602028800,378.6,383.84,378.56,382.94,826844.0
1602115200,383.9,389.19,382.2784,388.59,695156.0
1602201600,388.41,390.1,385.29,385.93,675020.0
1602460800,386.0,390.51,383.26,388.92,807358.0
1602547200,386.14,390.56,385.12,388.95,973378.0
1602633600,387.14,395.46,387.14,390.72,1090394.0
1602720000,387.33,388.87,383.22,386.12,792113.0
1602806400,388.49,389.78,386.09,386.5,952117.0
1603065600,387.24,389.6,381.671,383.71,1180993.0
1603152000,382.59,385.79,371.8,372.21,1783180.0
1603238400,372.21,375.0,365.0,367.14,1931194.0
1603324800,367.5,371.11,365.15,368.96,1255370.0
1603411200,371.34,376.19,369.01,374.33,1178882.0
1603670400,369.43,369.87,362.5016,368.55,1387270.0
1603756800,367.0,367.98,360.805,362.43,977417.0
1603843200,356.87,360.0,350.45,350.86,1680134.0
1603929600,350.0,356.225,348.29,352.44,1547977.0
1604016000,350.64,353.73,345.65,350.13,1310167.0
1604275200,356.12,359.91,350.72,352.42,1707749.0
1604361600,357.13,366.2,356.21,363.44,1484628.0
1604448000,371.07,381.46,369.51,372.16,2146525.0
1604534400,374.55,376.5,363.77,364.7,1709297.0
1604620800,363.3,363.73,357.95,361.27,1401617.0
1604880000,379.6,381.52,363.73,363.95,1956921.0
1604966400,365.0,373.435,363.94,371.28,1708205.0
1605052800,372.87,373.33,365.68,369.28,1115361.0
1605139200,367.5,370.57,365.51,367.89,856345.0
1605225600,370.57,376.0,369.23,375.14,921474.0
1605484800,378.05,380.69,376.08,377.13,1306768.0
1605571200,375.66,380.48,375.25,375.9,1321480.0
1605657600,377.49,383.4699,376.24,377.56,1066781.0
1605744000,375.0,377.75,372.17,376.46,1075405.0
1605830400,375.97,377.2373,367.62,368.02,1117931.0
1606089600,371.54,374.53,369.86,370.85,929449.0
1606176000,375.28,378.48,373.06,378.48,959456.0
1606262400,377.09,381.95,376.23,378.34,854993.0
1606435200,378.81,378.81,373.45,374.34,612298.0
1606694400,370.79,372.44,363.39,365.0,1608390.0
1606780800,368.47,373.29,364.87,364.99,1300793.0
1606867200,364.99,365.9899,360.01,361.36,2519989.0
1606953600,362.12,369.5,360.96,362.03,1758402.0
1607040000,363.12,367.73,362.11,366.61,1222573.0
1607299200,366.9,366.9,360.54,362.13,1390470.0
1607385600,360.98,363.17,358.835,359.23,1783602.0
1607472000,359.85,362.59,356.945,361.35,1522393.0
1607558400,359.52,364.215,355.195,355.39,1378723.0
1607644800,354.55,363.12,354.19,361.71,1410012.0
1607904000,363.5,365.62,357.44,357.66,1370771.0
1607990400,358.73,359.89,355.445,357.57,1521203.0
1608076800,357.25,357.899,353.65,354.57,1986456.0
1608163200,355.93,357.66,351.88,352.6,1658146.0
1608249600,352.04,356.79,350.01,356.03,4342035.0
1608508800,353.16,353.94,346.6,349.35,2128723.0
1608595200,349.35,350.62,347.385,347.92,1822762.0
1608681600,349.95,354.995,349.4,351.6,1307538.0
1608768000,352.83,354.0561,350.4,351.97,508779.0
1609113600,353.11,357.82,351.71,354.18,1023404.0
1609200000,356.0,357.35,351.8,353.9,1056162.0
1609286400,353.0,356.61,353.0,354.16,840790.0
1609372800,353.82,356.03,352.23,354.98,1318520.0
1609718400,354.98,354.98,341.065,344.64,1887470.0
1609804800,344.64,351.19,343.3,348.79,1479063.0
1609891200,343.0,351.92,342.7826,348.03,1897475.0
1609977600,344.36,347.8499,341.3398,342.55,2048908.0
1610064000,341.88,343.47,335.01,336.1,3226305.0
1610323200,335.0,339.0,333.32,337.68,3203959.0
1610409600,336.52,343.37,335.63,341.85,3002223.0
1610496000,341.41,347.2,339.165,345.49,1648145.0
1610582400,348.0,354.79,346.85,347.44,1965626.0
1610668800,347.09,350.5,344.278,347.27,1853095.0
1611014400,350.74,350.97,341.48,341.5,2017205.0
1611100800,342.54,343.78,339.215,341.67,1780036.0
1611187200,341.67,343.61,338.96,339.67,1662714.0
1611273600,338.74,341.84,337.21,339.88,1557608.0
1611532800,339.36,346.89,337.9,343.51,1976590.0
1611619200,339.0,343.98,330.69,330.69,3542394.0
1611705600,332.28,335.73,329.674,332.51,2666254.0
1611792000,332.14,334.68,327.1784,327.93,1837783.0
1611878400,327.1,328.98,321.72,321.82,2101146.0
1612137600,324.88,325.65,319.81,324.03,1615460.0
1612224000,327.43,335.2,326.69,332.7,2065380.0
1612310400,331.68,333.4,328.3,332.39,2683133.0
1612396800,333.99,338.42,332.18,337.23,2174109.0
1612483200,339.59,341.42,336.5,337.04,1454717.0
1612742400,339.01,339.5,335.2,337.84,1549852.0
1612828800,338.54,344.51,336.57,342.34,1677472.0
1612915200,343.22,343.74,339.15,342.19,1728882.0
1613001600,340.78,344.61,338.03,339.14,1181566.0
1613088000,338.4,340.6445,336.56,337.73,1207347.0
1613433600,339.25,340.0,333.8169,335.03,1668384.0
1613520000,334.7,339.27,332.79,337.0,2021788.0
1613606400,336.88,339.58,335.28,337.92,1296402.0
1613692800,339.07,339.09,335.25,335.42,1849154.0
1613952000,333.8,343.5599,333.21,340.47,1657245.0
1614038400,345.13,347.47,338.33,346.23,2400011.0
1614124800,347.28,350.3,344.61,346.53,2068730.0
1614211200,345.8,349.1,340.67,341.69,1568044.0
1614297600,338.0,338.76,330.0,330.25,2023977.0
1614556800,334.0,337.72,332.82,333.47,1655133.0
1614643200,333.27,340.01,332.67,338.59,2076290.0
1614729600,339.61,346.3312,338.59,340.91,4052270.0
1614816000,340.48,344.35,334.15,338.25,2196693.0
1614902400,338.47,341.17,335.13,340.43,1451254.0
1615161600,343.5,346.06,338.44,341.45,1599138.0
1615248000,341.41,342.85,337.27,337.5,1448767.0
1615334400,339.41,343.19,335.69,340.84,1760331.0
1615420800,341.0,343.63,338.46,339.73,1673477.0
1615507200,339.64,343.65,338.62,340.19,2151903.0
1615766400,344.38,346.64,342.6,346.41,2056734.0
1615852800,346.51,349.0,342.3,347.13,1687736.0
1615939200,347.83,355.55,347.13,351.02,2082960.0
1616025600,353.87,359.0,352.5428,358.45,2272188.0
1616112000,359.43,359.43,350.1,355.07,5739094.0
1616371200,352.0,358.37,352.0,357.66,2190894.0
1616457600,357.11,359.245,352.6719,353.61,1474639.0
1616544000,354.99,362.68,354.99,356.12,1592280.0
1616630400,354.77,361.79,354.22,361.22,1598138.0
1616716800,362.31,365.25,359.75,364.71,2010519.0
1616976000,365.0,374.24,365.0,372.79,2245475.0
1617062400,373.25,374.13,368.61,370.54,1518830.0
1617148800,370.75,372.61,367.38,369.5,1375493.0
1617235200,368.99,372.99,368.3439,371.02,1261845.0
1617580800,372.06,380.4,372.06,378.75,1489323.0
1617667200,376.51,380.104,376.315,378.97,1036026.0
1617753600,378.74,380.4,376.07,380.19,977184.0
1617840000,379.6,387.42,378.31,386.02,1863516.0
1617926400,386.88,390.26,383.6619,386.23,1400872.0
1618185600,387.13,388.7056,384.288,387.85,1067582.0
1618272000,386.56,388.2,384.3398,387.11,1124303.0
1618358400,387.4,391.2407,387.0,388.67,1078789.0
1618444800,388.67,392.0,387.7,390.63,1289354.0
1618531200,392.82,394.335,389.8,391.81,1499667.0
1618790400,392.0,392.39,386.62,391.73,1317625.0
1618876800,388.0,391.5,384.62,387.33,1370268.0
1618963200,387.52,390.885,384.95,387.24,1358517.0
1619049600,386.77,386.77,378.4,380.09,1670498.0
1619136000,378.59,378.59,373.32,377.29,1298269.0
1619395200,374.28,375.31,370.72,371.98,1518126.0
1619481600,371.5,374.24,370.142,373.22,1564899.0
1619568000,373.46,373.88,370.95,372.94,1110353.0
1619654400,375.0,381.98,374.84,380.35,1385925.0
1619740800,378.86,382.0,377.6,380.56,1103881.0
1620000000,379.77,386.39,379.06,385.31,1347374.0
1620086400,387.25,390.15,384.54,387.48,1509589.0
1620172800,386.34,387.48,381.705,386.37,759842.0
1620259200,387.99,389.3,386.0,387.34,1079568.0
1620345600,387.0,392.6,385.89,390.34,1203659.0
1620604800,391.36,396.99,391.29,393.14,1578569.0
1620691200,391.03,391.68,384.41,387.82,1353302.0
1620777600,387.97,390.35,380.2,380.62,1633728.0
1620864000,381.78,390.38,380.95,387.77,1106033.0
1620950400,390.17,392.1,388.59,390.78,799836.0
1621209600,389.63,392.03,388.715,391.12,979106.0
1621296000,391.27,394.17,387.08,387.22,1172060.0
1621382400,385.0,385.73,381.35,385.54,994987.0
1621468800,386.79,389.54,386.07,388.32,1094677.0
1621555200,389.3,392.19,385.56,387.22,892481.0
1621814400,389.5,389.75,385.9624,387.71,931421.0
1621900800,387.9,389.5,385.18,385.85,978570.0
1621987200,385.57,386.0659,382.2101,384.13,999616.0
1622073600,387.4,387.95,384.28,387.39,3979331.0
1622160000,384.7,386.0,381.52,382.2,936255.0
1622505600,384.23,384.43,381.13,381.92,962235.0
1622592000,382.01,385.5,380.63,385.09,1007639.0
1622678400,383.76,387.54,383.095,387.35,1649900.0
1622764800,388.0,395.52,387.61,394.1,1836215.0
1623024000,395.04,395.72,389.6101,391.51,1088039.0
1623110400,391.51,392.66,387.07,388.53,1064965.0
1623196800,389.27,389.27,385.12,386.8,1046135.0
1623283200,389.14,389.74,386.09,387.72,913818.0
1623369600,388.78,389.15,385.17,387.72,751226.0
1623628800,387.61,389.455,385.88,389.11,868503.0
1623715200,390.0,392.045,389.06,389.8,943906.0
1623801600,390.81,391.0028,383.2,383.6,1524204.0
1623888000,384.28,385.52,379.57,382.9,1246494.0
1623974400,380.17,382.1,379.0,379.19,2416444.0
1624233600,381.23,385.44,380.61,382.5,1186964.0
1624320000,381.54,383.88,379.65,382.48,636199.0
1624406400,382.21,382.51,377.26,377.33,1023970.0
1624492800,379.52,379.99,376.85,377.73,1032939.0
1624579200,376.89,383.42,376.89,382.01,1708141.0
1624838400,381.67,382.733,378.82,380.07,778201.0
1624924800,379.876,380.4,373.245,373.42,1224084.0
1625011200,374.5,379.439,373.615,378.35,1077635.0
1625097600,377.31,381.115,377.215,380.22,752932.0
1625184000,381.75,383.19,378.95,381.49,778835.0
1625529600,380.0,380.34,373.6843,378.67,1142741.0
1625616000,378.41,384.6,377.4101,383.48,953150.0
1625702400,379.53,381.69,377.93,379.92,894589.0
1625788800,382.7,384.39,380.77,383.11,543061.0
1626048000,381.9,383.315,376.23,379.07,1008180.0
1626134400,379.0,380.685,377.535,377.84,709475.0
1626220800,377.84,378.3914,375.21,376.82,699001.0
1626307200,375.12,378.65,375.0,378.25,713408.0
1626393600,378.62,379.72,375.28,377.14,891008.0
1626652800,375.15,376.82,367.56,372.02,1357581.0
1626739200,373.01,380.64,373.0,379.98,1268431.0
1626825600,379.98,384.7,379.4,380.89,923120.0
1626912000,380.75,381.545,377.8301,379.93,688440.0
1626998400,381.97,382.5,380.19,380.77,796294.0
1627257600,373.0,374.36,366.4,368.05,2720664.0
1627344000,368.25,375.55,368.25,374.73,1460581.0
1627430400,376.0,376.242,370.59,372.81,775211.0
1627516800,374.85,375.86,371.35,372.6,754760.0
1627603200,372.07,373.64,370.11,371.67,798759.0
1627862400,372.3,375.04,368.08,368.3,1176463.0
1627948800,369.38,369.91,366.0,369.45,872936.0
1628035200,364.49,365.36,359.61,361.64,1608105.0
1628121600,362.44,363.02,359.88,360.78,912917.0
1628208000,362.3,363.46,360.56,362.05,704471.0
1628467200,360.7,362.4246,359.78,361.04,945120.0
1628553600,360.19,363.06,360.1,362.24,842087.0
1628640000,362.45,364.35,361.0,363.3,900275.0
1628726400,362.33,364.3,358.8,359.75,1006041.0
1628812800,360.25,361.065,357.51,357.98,1222334.0
1629072000,357.98,360.51,355.56,360.25,1625931.0
1629158400,359.05,362.53,358.665,361.6,1571156.0
1629244800,359.5,360.5,356.56,356.6,960963.0
1629331200,355.23,359.895,353.57,354.03,1345883.0
1629417600,354.74,358.81,353.57,357.17,904545.0
1629676800,357.94,359.07,356.41,357.35,828025.0
1629763200,358.97,360.49,357.92,359.0,822751.0
1629849600,359.69,360.65,357.991,358.75,953589.0
1629936000,359.1,361.98,357.2416,361.62,1172433.0
1630022400,363.29,364.33,361.18,361.99,1203851.0
1630281600,362.25,363.96,361.75,362.05,986040.0
1630368000,359.4,360.85,358.1,359.8,1084123.0
1630454400,358.3,359.51,356.54,356.66,1116268.0
1630540800,356.81,358.735,355.52,358.05,2071599.0
1630627200,358.05,358.27,355.625,356.0,893685.0
1630972800,354.72,354.72,349.07,349.2,2034671.0
1631059200,350.39,353.58,349.46,351.46,1215491.0
1631145600,350.51,351.7,347.86,348.93,1099019.0
1631232000,349.44,350.08,345.82,345.88,1222611.0
1631491200,347.91,349.28,342.75,346.31,1489315.0
1631577600,348.0,348.3,342.48,344.34,1325937.0
1631664000,344.8,346.93,343.91,345.07,1149756.0
1631750400,345.48,345.9436,340.75,341.5,1451607.0
1631836800,339.95,342.81,339.15,340.98,2108086.0
1632096000,338.7,340.65,335.89,338.46,1709991.0
1632182400,338.74,340.065,335.1001,336.05,1316981.0
1632268800,338.14,343.2,338.02,341.73,1335925.0
1632355200,340.29,344.775,340.11,344.2,1366181.0
1632441600,348.97,352.94,347.51,349.52,1692975.0
1632700800,352.14,357.235,351.32,353.36,1865989.0
1632787200,353.36,355.31,349.92,352.15,1140435.0
1632873600,348.13,352.58,344.97,350.29,1547732.0
1632960000,351.53,352.3,344.9,345.1,1054430.0
1633046400,347.31,349.68,342.77,347.8,960373.0
1633305600,347.69,350.2724,343.7,345.99,1127402.0
1633392000,346.0,350.45,344.82,347.75,889373.0
1633478400,347.03,350.14,344.2,349.99,995895.0
1633564800,350.17,354.48,350.17,351.78,1042648.0
1633651200,352.08,355.16,350.8,353.75,768502.0
1633910400,354.9,359.33,354.12,357.08,996832.0
1633996800,356.98,360.38,356.0101,358.12,840239.0
1634083200,359.62,362.39,353.4498,361.76,1102227.0
1634169600,362.02,364.16,360.355,362.07,974240.0
1634256000,364.1,366.24,363.51,365.62,952985.0
1634515200,364.33,367.88,361.875,365.0,1014628.0
1634601600,366.5,371.18,363.65,371.07,1051527.0
1634688000,371.78,372.57,369.8,371.13,955188.0
1634774400,371.63,373.26,367.14,373.14,803738.0
1634860800,373.93,377.02,372.25,374.6,1092043.0
1635120000,375.91,378.1,374.61,376.33,1350320.0
1635206400,348.33,351.2,326.0,331.91,9439687.0
1635292800,333.0,336.434,330.54,330.94,2822940.0
1635379200,330.0,334.855,325.14,331.39,2874550.0
1635465600,330.0,334.3641,328.84,332.32,1821510.0
1635724800,330.47,334.198,330.07,330.93,1865020.0
1635811200,331.45,332.0407,325.31,326.31,2745016.0
1635897600,325.5,333.1,324.2278,331.35,1902646.0
1635984000,331.3,335.7396,331.3,335.5,1847897.0
1636070400,336.95,340.52,336.35,339.89,2145291.0
1636329600,341.625,343.02,337.58,341.78,1733007.0
1636416000,341.38,342.0,337.0997,338.17,1769211.0
1636502400,338.77,340.7,337.5,337.63,1268788.0
1636588800,337.14,337.21,333.3,335.89,1216473.0
1636675200,335.62,340.39,335.03,339.06,1097665.0
1636934400,339.55,341.65,339.43,340.92,1068912.0
1637020800,341.89,343.64,339.76,340.37,1307549.0
1637107200,339.48,343.545,339.48,341.99,1751113.0
1637193600,342.72,343.11,340.21,342.08,1431476.0
1637280000,340.88,343.0,339.35,341.44,1426637.0
1637539200,341.73,347.59,341.48,344.98,1229647.0
1637625600,344.98,348.09,344.67,345.18,1212807.0
1637712000,344.86,347.0,343.05,343.58,1134598.0
1637884800,339.29,343.23,338.08,342.72,1079864.0
1638144000,344.0,344.6,339.2,341.23,1492254.0
1638230400,337.2,338.355,333.03,333.32,2763187.0
1638316800,335.0,335.95,328.2,328.42,2249186.0
1638403200,330.0,333.91,328.33,330.53,1804208.0
1638489600,331.35,334.3775,330.34,333.81,1603414.0
1638748800,337.25,342.41,337.25,339.96,1946921.0
1638835200,340.0,342.11,338.8,339.17,1540927.0
1638921600,339.71,342.38,339.0244,341.08,1376911.0
1639008000,339.94,345.11,338.27,343.6,1591713.0
1639094400,345.84,347.24,344.6,344.88,1180685.0
1639353600,344.4,346.795,341.51,345.55,1740728.0
1639440000,343.75,348.4,343.75,345.64,1786033.0
1639526400,345.39,345.64,340.0,344.42,1208943.0
1639612800,345.67,347.96,343.67,344.84,1185928.0
1639699200,345.55,347.155,342.92,344.14,2749535.0
1639958400,341.0,341.19,333.42,337.42,2315457.0
1640044800,338.77,343.38,338.65,340.77,2352563.0
1640131200,341.16,344.35,341.03,343.14,1311507.0
1640217600,343.78,348.32,343.78,347.02,1061270.0
1640563200,347.1,350.81,347.0,350.28,966003.0
1640649600,350.06,355.17,349.5114,353.75,827730.0
1640736000,353.44,355.5,352.69,354.27,771816.0
1640822400,355.0,357.83,353.51,353.58,778617.0
1640908800,353.17,357.06,351.555,355.41,887171.0
1641168000,354.68,356.59,353.03,354.36,1206138.0
1641254400,355.53,363.54,355.21,361.99,1361119.0
1641340800,363.0,364.0,357.87,358.14,1682213.0
1641427200,360.0,361.24,357.55,358.0,1368996.0
1641513600,359.08,362.99,358.15,360.14,1634647.0
1641772800,363.0,369.46,361.41,363.25,2389886.0
1641859200,364.01,365.0379,361.27,364.14,1128134.0
1641945600,363.38,366.155,359.45,361.3,1477143.0
1642032000,362.06,367.36,360.12,365.18,1243975.0
1642118400,365.18,372.99,363.97,372.62,2164983.0
1642464000,370.45,377.36,368.86,376.54,2472313.0
1642550400,375.5,381.45,374.1765,377.33,3336687.0
1642636800,377.01,381.15,374.01,375.13,2109142.0
1642723200,374.0,377.1,369.68,371.2,2795405.0
1642982400,369.55,374.54,365.34,373.33,3023288.0
1643068800,377.845,388.0,370.78,387.17,3182423.0
1643155200,388.0,393.63,383.7,391.24,3640696.0
1643241600,389.39,395.6,384.735,389.08,2566244.0
1643328000,389.1,393.33,384.78,393.15,2145264.0
1643587200,390.5,390.99,384.68,389.13,2363525.0
1643673600,390.22,390.51,386.21,387.01,1951392.0
1643760000,386.11,388.35,385.01,387.34,1620605.0
1643846400,388.18,392.1666,386.39,389.7,1648970.0
1643932800,388.0,392.84,385.32,389.33,1645777.0
1644192000,392.0,395.58,388.3,392.34,1242964.0
1644278400,395.68,396.835,390.6,396.04,1311373.0
1644364800,395.5,397.6171,393.69,394.54,1541931.0
1644451200,393.04,395.66,383.93,385.43,2301132.0
1644537600,386.76,398.85,385.35,396.19,3276387.0
1644796800,393.98,395.5199,383.79,386.97,2799981.0
1644883200,381.91,387.3,378.32,382.22,2418999.0
1644969600,382.85,388.7078,382.0,386.9,1776794.0
1645056000,386.12,391.69,385.77,388.77,1249040.0
1645142400,389.14,391.08,385.705,386.46,1459949.0
1645488000,391.27,393.42,385.07,386.2,1680920.0
1645574400,389.17,390.28,384.5,388.9,1839516.0
1645660800,398.23,398.98,387.42,395.71,4140943.0
1645747200,395.23,414.45,395.22,409.49,3376337.0
1646006400,413.81,433.9,413.5,433.8,5808648.0
1646092800,435.0,458.53,435.0,456.61,5719257.0
1646179200,445.37,451.56,429.28,450.0,5003398.0
1646265600,444.72,455.9,437.4435,447.82,4603471.0
1646352000,450.05,462.66,443.07,458.15,3322792.0
1646611200,463.01,479.99,463.0,466.15,5210148.0
1646697600,463.78,468.0,448.36,448.99,4133678.0
1646784000,437.5,455.735,432.43,448.72,3477455.0
1646870400,450.63,456.9599,442.24,444.36,3049605.0
1646956800,442.0,448.685,438.61,439.04,2649146.0
1647216000,449.44,449.78,439.21,444.45,2475664.0
1647302400,444.75,450.42,440.28,448.67,1778690.0
1647388800,435.05,436.89,411.36,421.34,5815501.0
1647475200,427.06,431.78,424.8,428.59,2947717.0
1647561600,434.67,437.49,421.7001,426.18,5215744.0
1647820800,431.63,447.93,431.63,440.0,3245174.0
1647907200,439.45,443.84,434.19,440.59,2113816.0
1647993600,444.0,447.5,442.35,445.25,1715074.0
1648080000,445.3,451.5,443.23,449.73,1375374.0
1648166400,450.03,457.53,450.0,453.66,1646550.0
1648425600,449.32,450.46,443.31,444.98,1676187.0
1648512000,433.25,438.12,429.32,437.15,2451105.0
1648598400,439.32,447.06,439.305,445.95,1719608.0
1648684800,441.96,448.8699,441.0,441.4,1660687.0
1648771200,442.22,448.99,438.8177,445.98,1174396.0
1649030400,447.48,448.0,439.55,444.01,1166477.0
1649116800,445.0,454.81,443.38,447.24,2240156.0
1649203200,446.38,457.56,446.38,454.58,1941375.0
1649289600,453.0,467.4,450.79,465.51,2032701.0
1649376000,467.72,471.59,459.61,461.52,1710860.0
1649635200,463.79,474.45,462.19,464.25,1911179.0
1649721600,466.2,471.7399,461.38,467.55,1502527.0
1649808000,471.0,474.61,466.25,469.19,1212375.0
1649894400,471.91,473.73,466.04,467.66,1965159.0
1650240000,467.0,471.9699,459.11,467.44,1638891.0
1650326400,462.49,475.5,458.425,459.9,2044006.0
1650412800,459.88,461.36,452.78,453.87,1636172.0
1650499200,455.0,455.95,438.85,439.54,1937573.0
1650585600,440.89,450.9,438.3924,445.79,1451796.0
1650844800,443.0,444.82,433.27,442.89,1499844.0
1650931200,447.04,452.32,443.1803,446.09,1440435.0
1651017600,446.23,452.0,439.2655,444.98,1017592.0
1651104000,449.0,449.0,437.52,441.71,1349467.0
1651190400,444.43,445.01,430.38,432.12,1479532.0
1651449600,429.6,437.49,426.15,430.81,1397135.0
1651536000,434.38,437.6,430.955,434.77,1331984.0
1651622400,437.03,445.99,434.885,445.74,1172615.0
1651708800,445.74,447.47,438.6091,443.15,1183765.0
1651795200,441.53,449.58,439.91,449.43,1409797.0
1652054400,447.03,448.78,437.12,438.84,1354467.0
1652140800,439.94,446.5,437.5,439.13,978706.0
1652227200,437.5,444.99,436.615,440.41,1018188.0
1652313600,439.26,441.32,428.35,434.59,1390225.0
1652400000,435.36,437.705,429.0,435.17,1114755.0
1652659200,435.0,440.365,432.155,437.55,1004671.0
1652745600,439.81,442.22,431.26,441.0,798112.0
1652832000,441.0,442.07,433.1034,434.33,986895.0
1652918400,430.85,432.99,419.285,425.62,1539795.0
1653004800,428.0,428.0,417.29,424.15,1632492.0
1653264000,427.44,435.645,427.44,433.03,1038386.0
1653350400,433.0,443.31,433.0,442.78,1034278.0
1653436800,443.48,448.63,441.3,447.54,1032343.0
1653523200,450.0,454.06,447.765,447.99,1143164.0
1653609600,451.14,451.47,444.46,450.56,1265926.0
1653955200,443.0,445.0,438.41,440.11,2539099.0
1654041600,443.03,443.85,436.49,439.3,1199127.0
1654128000,441.76,442.54,430.4401,441.11,1209973.0
1654214400,440.0,446.578,439.16,442.69,928107.0
1654473600,443.82,446.0007,441.56,443.41,689983.0
1654560000,442.0,456.67,441.3989,456.3,1126120.0
1654646400,452.0,454.64,442.91,443.41,1151604.0
1654732800,443.42,443.5493,432.5,432.72,995196.0
1654819200,431.0,434.35,425.75,430.19,1166079.0
1655078400,424.4,428.36,421.522,423.93,1483046.0
1655164800,424.01,424.16,411.11,416.17,1498032.0
1655251200,417.56,419.0,408.87,414.1,1241740.0
1655337600,410.43,412.89,403.02,404.79,1580297.0
1655424000,403.57,405.4,394.66,404.01,3757111.0
1655769600,412.0,420.5,409.0101,418.96,1474357.0
1655856000,414.06,420.42,411.79,415.45,1073621.0
1655942400,415.37,416.27,407.18,410.62,988848.0
1656028800,415.84,419.48,410.68,419.04,1767980.0
1656288000,419.04,423.19,417.47,419.25,779026.0
1656374400,423.0,427.56,419.35,420.71,953621.0
1656460800,423.06,424.4063,416.43,418.89,733833.0
1656547200,418.16,430.32,416.88,429.96,1269511.0
1656633600,429.74,434.96,424.48,433.52,1296938.0
1656979200,424.79,425.77,407.21,415.25,1713202.0
1657065600,416.9,427.86,415.28,425.89,1044956.0
1657152000,424.48,427.995,419.55,422.19,1177278.0
1657238400,425.54,426.965,419.97,420.35,681978.0
1657497600,417.9,423.0,415.38,419.07,602659.0
1657584000,419.47,419.89,412.6,413.99,680454.0
1657670400,409.11,417.77,407.73,408.0,1155525.0
1657756800,403.19,405.37,397.52,400.31,1160735.0
1657843200,403.71,403.71,397.81,398.38,1223234.0
1658102400,399.97,400.0,387.03,387.28,2759730.0
1658188800,378.82,390.57,373.67,390.38,3023792.0
1658275200,390.66,397.48,385.665,395.22,1560459.0
1658361600,394.32,395.55,389.64,395.2,941017.0
1658448000,399.95,401.97,393.46,394.74,769437.0
1658707200,394.37,403.725,393.625,399.8,1038252.0
1658793600,400.18,402.98,396.57,396.81,992431.0
1658880000,397.79,399.25,394.0,398.54,838642.0
1658966400,399.15,406.77,396.14,406.08,1014819.0
1659052800,406.49,414.15,402.0,413.81,1493633.0
1659312000,418.24,428.5,416.64,419.28,1721893.0
1659398400,425.01,432.835,419.1,428.78,2453931.0
1659484800,427.27,431.76,419.6423,429.3,1330652.0
1659571200,430.71,434.6525,426.89,428.13,1126420.0
1659657600,425.26,427.8431,419.53,426.41,932609.0
1659916800,427.5,429.37,421.675,423.86,815818.0
1660003200,426.95,431.88,425.7001,428.55,747479.0
1660089600,430.07,432.25,426.34,429.99,1409345.0
1660176000,429.24,432.49,427.2,428.85,949367.0
1660262400,428.9,434.29,427.19,434.24,978009.0
1660521600,432.68,439.97,429.855,438.01,885044.0
1660608000,436.92,445.0,436.92,440.16,851050.0
1660694400,436.13,445.49,435.001,441.59,996600.0
1660780800,441.908,444.5799,436.87,439.35,866540.0
1660867200,438.48,440.92,436.04,440.03,1013644.0
1661126400,438.51,441.64,431.84,432.33,1086763.0
1661212800,432.93,434.73,430.3,433.12,915242.0
1661299200,433.99,435.45,430.94,433.71,740243.0
1661385600,433.71,438.84,432.43,438.64,727686.0
1661472000,440.4,442.775,430.94,431.13,876348.0
1661731200,427.66,433.9,426.48,429.68,868264.0
1661817600,429.44,430.37,424.01,425.11,976123.0
1661904000,422.36,424.74,420.019,420.11,909298.0
1661990400,418.24,423.5821,417.8,422.61,948908.0
1662076800,424.99,425.69,417.55,418.57,869980.0
1662422400,419.01,423.27,415.78,417.78,962529.0
1662508800,415.35,420.9,412.26,420.14,1255723.0
1662595200,419.57,421.065,414.77,419.65,1112677.0
1662681600,420.69,423.62,419.015,421.53,1284687.0
1662940800,421.0,421.49,417.5,418.64,1349659.0
1663027200,417.32,420.8,407.36,409.33,1621432.0
1663113600,410.19,418.4,408.3,416.63,1004293.0
1663200000,414.83,414.83,410.725,413.59,1189166.0
1663286400,411.25,415.77,410.01,414.29,2023341.0
1663545600,414.0,417.64,412.73,416.52,695575.0
1663632000,416.0,421.41,412.34,420.58,1112250.0
1663718400,427.99,433.786,420.03,420.2,2106395.0
1663804800,419.83,424.72,413.0,422.08,1409886.0
1663891200,419.78,420.01,407.5796,413.07,1874579.0
1664150400,411.69,412.205,406.51,407.65,1208273.0
1664236800,409.2,410.315,398.365,399.74,1052147.0
1664323200,397.2,402.09,391.1,400.0,1161708.0
1664409600,398.98,399.41,385.885,389.79,1127761.0
1664496000,381.63,389.9,381.55,386.29,1343719.0
1664755200,389.74,402.83,389.08,399.74,1273772.0
1664841600,403.11,407.84,399.83,406.11,1060128.0
1664928000,406.11,407.66,400.78,402.51,828365.0
1665014400,401.62,403.595,398.08,399.61,746670.0
1665100800,398.56,404.67,396.01,403.96,1124719.0
1665360000,407.59,418.6299,406.15,409.99,1112472.0
1665446400,405.66,416.155,405.66,411.06,1013559.0
1665532800,406.93,408.9,397.14,397.42,921846.0
1665619200,393.0,407.05,391.2242,405.96,1012657.0
1665705600,404.33,405.38,388.1,389.41,1370491.0
1665964800,393.0,400.605,392.145,397.31,1617203.0
1666051200,403.15,435.5094,401.54,431.84,4588540.0
1666137600,433.97,447.565,430.35,439.96,2623664.0
1666224000,439.62,445.31,437.95,444.34,1781303.0
1666310400,443.72,454.69,440.15,454.61,1620175.0
1666569600,459.08,466.1771,455.5601,457.46,2013669.0
1666656000,454.05,463.535,452.19,460.15,1536954.0
1666742400,462.17,470.64,460.46,462.56,1554812.0
1666828800,464.58,474.175,464.4,471.93,1513809.0
1666915200,474.0,491.14,472.3,484.87,2045544.0
1667174400,480.45,488.23,479.4343,486.68,1288421.0
1667260800,486.03,491.155,483.87,485.63,1229929.0
1667347200,484.54,488.88,481.5,482.06,1292138.0
1667433600,479.77,489.97,478.55,484.82,1291110.0
1667520000,485.16,486.5,472.57,481.67,1447171.0
1667779200,482.48,489.96,480.96,488.63,944759.0
1667865600,488.88,494.66,486.8441,494.12,1220973.0
1667952000,489.75,492.44,484.24,485.18,1383237.0
1668038400,488.26,491.22,479.7,490.77,1601072.0
1668124800,480.74,483.83,462.61,463.86,3061838.0
1668384000,467.35,471.98,459.37,462.04,2286803.0
1668470400,465.84,474.99,458.05,467.25,3272823.0
1668556800,465.24,469.2599,461.59,466.24,1022748.0
1668643200,465.0,474.78,464.26,472.77,1403073.0
1668729600,473.63,480.87,472.77,476.82,2160399.0
1668988800,478.49,483.96,478.23,480.94,1730774.0
1669075200,482.97,484.26,479.2775,479.5,838407.0
1669161600,479.78,482.99,478.72,481.07,1020415.0
1669334400,484.3,484.5,481.415,483.46,321504.0
1669593600,480.11,485.24,480.0,483.21,939150.0
1669680000,483.1,485.095,481.74,484.1,802623.0
1669766400,480.0,485.95,477.73,485.19,1469962.0
1669852800,486.52,488.0,480.67,483.69,913652.0
1669939200,481.81,498.95,481.81,496.23,1744461.0
1670198400,490.87,494.98,488.32,490.67,1357208.0
1670284800,491.32,491.32,482.2,484.0,1076620.0
1670371200,484.3,489.24,480.475,481.2,999948.0
1670457600,485.26,488.81,481.55,485.38,762292.0
1670544000,485.64,490.36,483.21,483.58,856508.0
1670803200,484.95,487.17,482.5,486.32,1129195.0
1670889600,490.0,490.37,478.67,480.22,1731061.0
1670976000,481.19,488.27,480.14,485.19,1071788.0
1671062400,481.0,485.1,475.12,478.79,1067653.0
1671148800,475.63,482.61,473.665,481.79,2590742.0
1671408000,481.78,487.98,479.93,481.79,929944.0
1671494400,482.88,491.4499,481.815,486.15,1014530.0
1671580800,487.88,490.57,485.69,487.65,988276.0
1671667200,486.5,486.82,473.95,479.3,1520980.0
1671753600,479.5,484.1835,478.36,483.29,661647.0
1672099200,485.0,489.24,483.5,485.5,788966.0
1672185600,486.15,489.0,482.9,483.22,810358.0
1672272000,484.0,489.57,483.3,487.05,764234.0
1672358400,488.0,489.81,481.235,486.49,910037.0
1672704000,483.39,484.25,474.01,477.53,1657329.0
1672790400,473.25,479.7,469.3,476.5,1391458.0
1672876800,475.69,478.1371,469.9,477.07,1210096.0
1672963200,480.0,488.0,465.765,473.24,1969440.0
1673222400,467.79,470.79,455.3001,458.99,2376959.0
1673308800,462.18,465.47,456.895,462.29,1003543.0
1673395200,463.37,465.55,461.04,463.0,1056366.0
1673481600,462.99,465.88,459.19,461.74,936688.0
1673568000,446.5,453.711,444.74,449.83,2208772.0
1673913600,450.3,453.5,446.6701,447.16,1753149.0
1674000000,447.16,448.2321,440.65,441.27,1645124.0
1674086400,442.76,445.92,439.03,439.31,1470078.0
1674172800,441.34,443.35,437.62,443.28,1409967.0
1674432000,443.11,446.8313,440.86,441.28,1739634.0
1674518400,442.17,450.96,437.69,449.23,2865003.0
1674604800,448.0,455.81,444.8401,454.16,2352520.0
1674691200,455.35,463.76,452.83,459.81,2169006.0
1674777600,460.86,466.68,457.45,459.6,1587800.0
1675036800,462.0,466.6999,459.9,460.59,1641993.0
1675123200,462.28,463.48,459.01,463.26,2062014.0
1675209600,462.51,465.28,459.8,462.25,1242598.0
1675296000,458.37,460.43,453.92,457.19,2104724.0
1675382400,459.27,462.6,454.94,459.08,1303069.0
1675641600,463.58,469.77,462.75,469.1,1393473.0
1675728000,472.55,472.99,463.1459,468.33,1334786.0
1675814400,464.97,471.38,463.32,469.65,865028.0
1675900800,472.43,474.3407,468.195,470.09,799047.0
1675987200,472.38,481.86,472.38,480.83,1436296.0
1676246400,485.19,489.5,480.1,481.97,1203050.0
1676332800,482.45,485.0,479.6636,481.58,875679.0
1676419200,480.83,484.2499,477.4,480.51,927174.0
1676505600,477.0,477.58,466.1,471.25,1939493.0
1676592000,471.79,475.66,470.84,475.63,1184204.0
1676937600,480.51,482.4,475.2,479.19,1379425.0
1677024000,478.81,481.67,477.47,479.53,900548.0
1677110400,480.0,483.09,475.53,479.08,917415.0
1677196800,479.46,481.8,477.3,480.4,1009522.0
1677456000,480.53,484.1,477.19,479.49,1149228.0
1677542400,477.04,478.53,471.82,474.26,1155631.0
1677628800,473.27,477.215,471.29,474.33,957722.0
1677715200,472.98,479.17,472.97,478.31,835810.0
1677801600,478.9,479.5361,476.38,477.89,1060540.0
1678060800,476.82,481.8,476.82,480.17,905744.0
1678147200,481.5,485.09,478.0,478.66,1137895.0
1678233600,481.04,487.6403,476.71,479.5,1253138.0
1678320000,483.0,483.26,474.61,475.85,1035072.0
1678406400,475.71,482.3,474.42,475.5,1335057.0
1678665600,471.87,478.9044,470.795,477.33,1701202.0
1678752000,480.29,481.27,474.87,478.87,1761423.0
1678838400,475.0,475.13,464.5707,473.31,2273507.0
1678924800,470.94,478.05,467.74,473.24,1633150.0
1679011200,474.12,474.92,463.29,465.87,6525176.0
1679270400,468.22,477.765,465.21,475.7,1515475.0
1679356800,478.87,479.25,471.3,474.76,1069059.0
1679443200,475.44,476.7699,468.32,468.9,1261876.0
1679529600,468.63,470.95,466.5,467.9,1168501.0
1679616000,467.9,475.67,467.1484,474.54,1126060.0
1679875200,477.11,477.56,472.41,473.39,1273024.0
1679961600,474.0,475.61,471.16,471.44,1076126.0
1680048000,471.26,474.3,470.68,474.19,1146490.0
1680134400,474.54,475.8,471.73,473.18,950392.0
1680220800,474.19,475.35,471.03,472.73,1409664.0
1680480000,473.0,487.9004,472.75,486.62,1656866.0
1680566400,485.59,490.63,484.75,488.54,1081320.0
1680652800,488.0,493.825,487.03,489.99,1305943.0
1680739200,491.47,496.975,489.01,490.17,1093500.0
1681084800,491.77,498.415,491.77,496.75,1024500.0
1681171200,496.38,496.75,487.01,487.84,1224239.0
1681257600,482.8,491.25,481.69,488.1,1105640.0
1681344000,486.82,493.51,485.979,492.14,909542.0
1681430400,489.94,491.5,485.11,487.99,843217.0
1681689600,486.57,492.257,486.57,489.64,1287772.0
1681776000,499.0,508.1,498.0,501.41,2561788.0
1681862400,502.0,503.33,493.88,495.16,962227.0
1681948800,495.83,495.83,489.06,490.6,839984.0
1682035200,491.24,491.2834,480.61,482.55,1382714.0
1682294400,482.39,483.53,478.72,480.92,955282.0
1682380800,480.7,480.92,475.56,475.58,839245.0
1682467200,473.95,473.95,459.6,461.62,1571857.0
1682553600,461.85,466.33,461.15,465.0,1491502.0
1682640000,464.82,466.16,462.395,464.45,1040270.0
1682899200,465.04,471.08,464.55,469.43,1524523.0
1682985600,468.38,468.53,457.25,458.89,1105493.0
1683072000,458.2,459.4748,452.69,453.07,1116729.0
1683158400,453.66,454.04,446.21,451.93,962887.0
1683244800,452.69,457.1,452.08,455.54,930634.0
1683504000,456.49,458.3,450.065,450.96,808318.0
1683590400,452.9,453.9099,450.1001,452.04,623917.0
1683676800,452.81,453.29,448.71,453.15,851078.0
1683763200,450.58,452.2195,448.54,450.69,645427.0
1683849600,452.8,453.87,447.8,450.79,696606.0
1684108800,450.79,453.35,449.42,451.92,668310.0
1684195200,452.09,452.44,447.66,447.73,569703.0
1684281600,450.0,458.41,449.94,457.3,1101942.0
1684368000,455.41,456.74,449.4,455.75,1456533.0
1684454400,457.03,458.27,452.86,454.49,804256.0
1684713600,454.0,457.365,451.5903,454.72,628089.0
1684800000,452.11,456.4,450.0,452.63,1027289.0
1684886400,453.24,456.7431,451.18,452.72,858759.0
1684972800,451.5,451.5,439.7,442.83,1205011.0
1685059200,442.86,451.77,442.1,448.45,1135533.0
1685404800,448.08,449.05,444.24,447.97,1163307.0
1685491200,444.62,445.93,443.0,444.01,1673655.0
1685577600,445.6,450.78,443.4201,449.67,878675.0
1685664000,452.12,456.355,450.555,454.49,894658.0
1685923200,456.14,456.76,452.48,454.69,807333.0
1686009600,456.52,459.34,454.3944,458.63,816865.0
1686096000,458.12,463.75,455.01,461.75,893317.0
1686182400,462.18,466.42,461.46,464.17,863512.0
1686268800,465.39,465.39,460.39,462.69,713249.0
1686528000,462.79,462.87,458.18,459.87,954660.0
1686614400,456.01,456.9699,445.89,452.37,1486493.0
1686700800,451.41,453.42,448.57,452.55,945891.0
1686787200,454.0,458.5059,453.92,455.95,892547.0
1686873600,457.73,461.77,456.6,459.17,1642807.0
1687219200,459.48,461.89,457.48,458.38,775250.0
1687305600,461.06,467.17,458.01,466.04,907074.0
1687392000,465.52,466.05,461.5,463.43,688681.0
1687478400,463.52,465.42,458.13,459.36,1348206.0
1687737600,455.94,456.16,446.68,452.8,997176.0
1687824000,452.79,455.63,452.42,453.15,671166.0
1687910400,453.58,453.76,447.46,449.66,848995.0
1687996800,449.92,457.53,448.78,457.44,684263.0
1688083200,459.24,462.67,456.79,460.38,982764.0
1688342400,460.0,463.33,457.55,462.58,385446.0
1688515200,461.57,463.3499,458.935,462.76,625509.0
1688601600,463.0,463.0,459.34,461.64,675968.0
1688688000,460.0,461.89,458.1,458.71,642167.0
1688947200,458.5,462.59,458.05,460.38,718374.0
1689033600,461.27,467.1,459.79,466.29,709253.0
1689120000,467.2,467.22,461.12,461.96,1067254.0
1689206400,461.0,467.44,460.33,466.38,821864.0
1689292800,466.0,466.52,462.36,464.31,933202.0
1689552000,466.29,473.9899,465.62,469.97,1890261.0
1689638400,474.37,479.5,454.2841,455.7,3122613.0
1689724800,457.0,459.2832,448.11,451.51,2141500.0
1689811200,452.63,458.2,452.0001,456.01,1354029.0
1689897600,454.81,456.935,453.35,454.76,934414.0
1690156800,456.0,457.945,454.0364,456.8,892432.0
1690243200,452.43,454.76,447.42,454.15,1207812.0
1690329600,454.33,457.05,451.87,452.81,1322292.0
1690416000,451.5,452.42,445.32,448.64,1603778.0
1690502400,448.0,450.65,446.49,449.0,1163175.0
1690761600,449.71,449.71,444.63,446.37,1806448.0
1690848000,447.03,453.12,446.9,451.28,1048012.0
1690934400,451.28,453.13,447.91,448.56,905975.0
1691020800,447.32,450.2,445.98,447.92,1240780.0
1691107200,448.58,450.29,445.31,445.72,846951.0
1691366400,447.32,450.47,446.276,449.78,746803.0
1691452800,449.0,450.51,447.57,449.47,791637.0
1691539200,450.08,454.05,449.99,452.81,1211810.0
1691625600,452.0,453.97,449.26,450.05,688916.0
1691712000,451.18,454.09,450.52,454.05,690706.0
1691971200,454.59,455.61,449.66,450.08,752307.0
1692057600,448.0,450.0,443.28,443.58,725274.0
1692144000,442.86,447.03,442.3,445.13,821965.0
1692230400,446.64,450.22,446.435,446.68,635778.0
1692316800,445.42,455.365,445.38,450.06,1075714.0
1692576000,449.84,453.03,449.0,451.49,573502.0
1692662400,451.74,453.89,450.46,452.94,671893.0
1692748800,454.58,454.89,452.085,454.57,1043311.0
1692835200,453.26,457.67,452.44,452.55,697790.0
1692921600,455.26,455.26,449.06,451.09,785305.0
1693180800,450.81,453.33,450.2701,452.32,641013.0
1693267200,452.32,453.26,444.49,448.4,1053749.0
1693353600,449.44,455.92,448.485,452.41,876092.0
1693440000,450.82,453.62,448.14,448.35,826499.0
1693526400,450.32,451.89,447.78,448.18,668746.0
1693872000,448.0,448.33,445.05,445.19,854110.0
1693958400,440.24,441.34,423.66,423.94,2547965.0
1694044800,424.0,427.775,422.0,425.94,1195778.0
1694131200,426.33,426.44,422.25,423.09,1162522.0
1694390400,422.22,422.725,416.515,420.66,1618480.0
1694476800,419.54,420.1125,415.94,417.83,1307739.0
1694563200,419.82,422.25,418.5801,420.99,971568.0
1694649600,420.73,426.655,420.73,425.89,992409.0
1694736000,423.91,428.88,423.71,424.05,1681583.0
1694995200,427.66,431.45,426.6,429.86,951207.0
1695081600,430.25,431.075,425.06,425.31,862437.0
1695168000,426.95,430.85,426.67,426.95,1044263.0
1695254400,425.73,426.61,417.19,417.54,1669759.0
1695340800,415.94,417.5,413.225,413.65,1453371.0
1695600000,413.23,413.95,411.51,412.9,748376.0
1695686400,410.63,411.27,407.7472,408.75,1107966.0
1695772800,409.18,410.0,405.72,408.72,1317558.0
1695859200,409.9,412.86,408.815,410.96,819809.0
1695945600,410.96,411.4469,407.59,408.96,764063.0
1696204800,408.96,410.9899,405.89,407.82,733257.0
1696291200,407.39,407.5,402.59,403.83,899181.0
1696377600,400.66,402.0,397.105,401.33,1243459.0
1696464000,400.96,401.4299,394.62,397.35,1162794.0
1696550400,395.4,402.415,393.77,400.73,1135594.0
1696809600,428.72,436.6,423.39,436.53,5343747.0
1696896000,441.52,442.62,432.53,435.1,2626166.0
1696982400,434.72,438.8,433.3,436.65,1419534.0
1697068800,438.05,439.09,430.1098,434.14,1122110.0
1697155200,438.53,443.12,434.67,441.06,1520907.0
1697414400,439.42,443.4995,434.39,440.41,1931317.0
1697500800,436.56,452.79,435.13,441.13,3103947.0
1697587200,443.31,447.89,440.2668,446.07,2024122.0
1697673600,443.66,449.67,442.1915,449.18,2012401.0
1697760000,451.37,452.6,444.01,444.17,1715061.0
1698019200,444.21,452.06,443.49,446.16,1502365.0
1698105600,449.13,450.61,440.34,440.9,1367136.0
1698192000,444.34,449.38,443.68,447.69,1228868.0
1698278400,448.01,451.09,443.68,445.97,1432131.0
1698364800,443.42,447.6587,440.235,443.39,1288649.0
1698624000,444.42,446.86,442.8,445.84,948802.0
1698710400,447.3,455.13,445.41,454.64,1418804.0
1698796800,456.33,456.7,451.46,452.38,1267032.0
1698883200,450.75,458.224,450.75,458.04,1242239.0
1698969600,455.11,457.76,451.13,453.34,1365625.0
1699228800,454.84,454.84,450.64,451.16,1440995.0
1699315200,453.16,453.16,449.69,450.15,1220143.0
1699401600,450.15,451.7713,444.03,444.66,1386408.0
1699488000,445.41,445.61,439.6754,442.46,1775623.0
1699574400,444.01,445.83,440.97,444.87,1525619.0
1699833600,445.0,448.57,443.29,445.03,1003947.0
1699920000,443.0,446.73,441.86,444.22,1336811.0
1700006400,443.47,448.01,443.47,445.14,1098462.0
1700092800,445.8,447.67,443.55,445.59,912979.0
1700179200,446.64,447.23,444.22,444.68,898624.0
1700438400,444.03,445.59,440.76,443.81,982113.0
1700524800,445.0,448.57,444.155,448.15,1177877.0
1700611200,447.5,451.7,447.5,450.4,833765.0
1700784000,451.69,452.59,449.74,452.01,326644.0
1701043200,451.86,452.8299,445.43,445.49,1497004.0
1701129600,447.86,450.88,446.0,448.27,1124950.0
1701216000,449.54,449.54,443.91,445.01,1272912.0
1701302400,443.0,447.86,442.51,447.77,1514694.0
1701388800,448.4,450.66,448.15,449.41,856928.0
1701648000,447.37,450.96,446.11,450.69,1265775.0
1701734400,450.29,450.6437,445.9,446.24,1055774.0
1701820800,445.5,450.44,445.5,449.41,864227.0
1701907200,450.42,451.39,446.29,447.11,861191.0
1701993600,448.57,450.53,447.4595,448.02,761176.0
1702252800,451.88,453.26,449.51,451.26,1021581.0
1702339200,451.68,453.75,450.37,451.63,1008242.0
1702425600,452.95,454.19,450.5,451.44,1300265.0
1702512000,450.51,450.87,441.44,445.27,1891203.0
1702598400,441.0,444.545,438.71,441.81,3973469.0
1702857600,442.71,447.26,442.27,446.91,1197385.0
1702944000,447.68,448.59,446.15,447.79,695031.0
1703030400,448.04,448.5499,442.57,442.6,1306864.0
1703116800,444.24,448.1,444.215,448.02,637239.0
1703203200,450.0,451.74,448.11,448.22,623775.0
1703548800,448.15,451.44,447.82,450.18,516985.0
1703635200,448.55,451.0185,448.41,448.97,699955.0
1703721600,448.97,451.825,448.46,451.23,741854.0
1703808000,452.0,453.5,451.148,453.24,832537.0
1704153600,454.3,462.05,454.3,456.12,1206678.0
1704240000,458.79,464.1,457.805,459.12,1174302.0
1704326400,462.31,463.95,457.77,457.87,1087809.0
1704412800,460.04,460.11,453.27,456.5,705324.0
1704672000,454.41,458.69,453.5301,458.6,716216.0
1704758400,458.55,458.61,453.27,456.29,733045.0
1704844800,456.2,459.655,454.78,455.4,666085.0
1704931200,456.56,457.8,449.36,453.13,784784.0
1705017600,457.37,463.38,456.53,463.18,966475.0
1705363200,466.27,466.27,456.36,457.84,814920.0
1705449600,457.67,462.79,455.08,456.47,920830.0
1705536000,456.1,459.98,453.54,459.57,780470.0
1705622400,460.56,460.85,455.96,457.76,866575.0
1705881600,457.59,460.825,455.44,458.76,1216791.0
1705968000,458.59,459.0,433.89,439.67,3613453.0
1706054400,439.52,443.2,431.545,431.65,1768872.0
1706140800,430.0,433.9427,425.75,431.04,1813860.0
1706227200,431.97,433.4226,426.71,429.91,1260544.0
1706486400,431.0,432.03,425.57,428.01,1903320.0
1706572800,431.27,431.85,427.775,431.68,1016375.0
1706659200,432.35,433.72,429.0574,429.41,1120062.0
1706745600,430.23,431.77,426.7,429.77,1175196.0
1706832000,428.14,428.895,424.38,425.97,973880.0
1707091200,424.0,424.37,419.83,421.7,1379621.0
1707177600,421.98,429.02,420.36,426.95,1065843.0
1707264000,426.54,430.29,426.54,430.1,980872.0
1707350400,429.36,429.7516,425.73,427.0,972223.0
1707436800,427.53,427.665,424.47,426.5,1038785.0
1707696000,426.75,430.55,426.0,428.07,1007277.0
1707782400,429.34,431.9,423.24,426.52,1089533.0
1707868800,427.68,428.5,413.92,418.19,2503797.0
1707955200,418.58,423.35,418.58,423.12,1136780.0
1708041600,423.12,425.16,422.54,424.07,805983.0
1708387200,425.19,428.29,423.7701,424.27,1364125.0
1708473600,426.21,428.22,424.37,427.55,970022.0
1708560000,425.09,429.48,423.8325,428.89,1236978.0
1708646400,428.87,431.43,428.2,431.12,842229.0
1708905600,431.5,432.45,426.79,429.18,980642.0
1708992000,428.68,431.23,426.5,430.43,886991.0
1709078400,431.88,435.02,430.8401,432.48,1029529.0
1709164800,429.33,430.75,427.56,428.24,1503319.0
1709251200,427.9,428.91,424.0001,426.46,1059046.0
1709510400,428.57,433.88,426.95,431.94,1271868.0
1709596800,433.74,436.01,429.76,431.98,1038169.0
1709683200,431.98,433.81,430.915,433.48,775393.0
1709769600,434.0,435.58,429.48,429.99,1086001.0
1709856000,428.5,432.98,427.57,432.9,763168.0
1710115200,434.31,436.01,432.6,434.75,950995.0
1710201600,432.92,435.775,432.35,434.91,825086.0
1710288000,435.71,437.79,433.74,434.6,987112.0
1710374400,436.36,437.61,433.3,435.77,1153598.0
1710460800,433.15,438.21,433.15,435.82,5151336.0
1710720000,435.82,436.09,431.68,433.2,965427.0
1710806400,435.25,437.29,433.98,437.19,898856.0
1710892800,437.03,440.958,436.56,440.41,844995.0
1710979200,441.36,443.89,439.3301,443.16,912244.0
1711065600,444.5,446.25,443.67,445.88,1008295.0
1711324800,447.86,448.55,444.813,446.31,775124.0
1711411200,446.5,448.62,445.855,445.99,766716.0
1711497600,447.88,457.11,447.86,456.78,1277694.0
1711584000,456.8,457.11,453.95,454.87,1119541.0
1711929600,454.14,455.36,451.22,452.79,717234.0
1712016000,453.63,455.69,452.56,453.24,837966.0
1712102400,452.92,454.1469,447.59,447.9,758767.0
1712188800,450.26,455.98,447.145,454.04,1398347.0
1712275200,452.41,455.5732,449.85,455.38,892120.0
1712534400,456.0,457.0,452.27,452.38,751180.0
1712620800,448.69,452.06,446.18,447.57,842962.0
1712707200,444.69,452.61,442.835,451.71,1247755.0
1712793600,451.5,453.75,448.945,452.32,942782.0
1712880000,454.11,457.9799,450.11,450.4,1251154.0
1713139200,458.99,459.3001,451.63,453.08,2442119.0
1713225600,454.71,458.85,453.6251,454.31,1452309.0
1713312000,456.71,457.24,451.7301,456.05,848290.0
1713398400,454.84,458.05,454.2675,456.09,715044.0
1713484800,457.8,465.36,457.28,463.87,1388020.0
1713744000,465.23,469.54,460.41,461.33,1820925.0
1713830400,466.11,473.54,457.66,460.08,1789487.0
1713916800,462.7,463.69,456.06,459.14,1018853.0
1714003200,457.95,465.6,457.5263,464.78,927710.0
1714089600,463.9,466.0,459.17,461.29,857964.0
1714348800,461.99,467.65,461.955,467.55,951555.0
1714435200,467.08,467.975,463.615,464.93,711757.0
1714521600,462.61,465.4,460.56,461.73,995050.0
1714608000,461.1,463.6,459.0,463.2,1011394.0
1714694400,462.93,462.93,457.1701,461.91,910781.0
1714953600,463.16,463.4999,460.18,462.78,796391.0
1715040000,464.0,466.81,463.16,466.68,723436.0
1715126400,467.5,468.0,463.78,466.16,599051.0
1715212800,466.08,468.76,465.2101,468.39,595046.0
1715299200,469.0,470.62,467.975,468.88,482564.0
1715558400,469.88,472.345,469.5,470.56,634358.0
1715644800,471.11,471.11,466.8,467.18,565691.0
1715731200,466.28,467.4,463.51,464.08,804062.0
1715817600,463.6,468.32,453.0,464.83,1130786.0
1715904000,465.84,467.0,463.15,466.2,677219.0
1716163200,467.77,468.77,464.92,467.08,735291.0
1716249600,468.0,469.12,466.84,468.31,558976.0
1716336000,467.47,469.9,466.78,469.71,548809.0
1716422400,468.09,469.68,466.23,467.08,866955.0
1716508800,467.67,468.66,465.47,467.35,513802.0
1716854400,465.61,466.0,457.25,458.48,1150758.0
1716940800,455.98,456.0,451.8,452.72,1267964.0
1717027200,455.0,462.94,455.0,460.94,1173703.0
1717113600,460.9,470.36,459.49,470.34,1651560.0
1717372800,466.0,470.52,465.01,467.6,990132.0
1717459200,467.51,470.16,466.16,468.89,845778.0
1717545600,468.42,468.85,463.618,465.23,915412.0
1717632000,465.23,469.79,464.35,468.62,768313.0
1717718400,468.81,475.29,468.62,470.13,1042800.0
1717977600,470.75,470.75,465.755,467.46,900460.0
1718064000,465.68,466.5834,462.575,462.8,908416.0
1718150400,462.3,463.23,457.665,459.11,1026596.0
1718236800,458.64,459.75,456.01,458.56,742025.0
1718323200,456.5,458.56,454.44,458.34,702880.0
1718582400,457.75,459.19,456.305,459.01,669784.0
1718668800,459.8,460.7,457.39,460.0,658084.0
1718841600,460.0,467.4899,459.16,466.34,1041412.0
1718928000,467.15,469.8,463.65,467.6,3365244.0
1719187200,468.96,475.69,467.82,471.51,1031607.0
1719273600,470.82,471.62,466.66,468.07,715816.0
1719360000,467.0,468.1,463.72,466.99,932061.0
1719446400,468.88,468.88,465.305,467.13,871215.0
1719532800,470.05,471.7499,464.87,467.1,3472549.0
1719792000,470.77,471.68,464.76,466.44,562562.0
1719878400,465.6,466.67,464.0201,465.7,502492.0
1719964800,465.49,466.47,464.1298,466.03,313283.0
1720137600,464.98,465.0,459.69,462.16,631595.0
1720396800,462.68,464.57,461.12,461.76,447867.0
1720483200,461.7,462.6199,459.76,460.3,537209.0
1720569600,460.37,461.39,457.25,461.01,655973.0
1720656000,459.92,465.77,456.11,460.38,1132976.0
1720742400,462.36,464.9,459.53,463.73,579436.0
1721001600,466.71,467.25,462.78,463.88,783092.0
1721088000,463.75,469.19,463.75,468.58,736547.0
1721174400,470.0,476.775,469.7045,476.07,1123060.0
1721260800,474.5,480.86,473.015,476.0,981061.0
1721347200,479.54,479.54,472.8143,474.92,889361.0
1721606400,475.0,476.13,472.85,474.59,881562.0
1721692800,488.84,501.77,482.86,501.29,2579132.0
1721779200,505.0,519.59,501.41,515.2,2580066.0
1721865600,515.0,526.69,512.87,521.4,1923901.0
1721952000,522.29,528.64,520.011,524.8,1141310.0
1722211200,523.0,529.46,519.26,527.64,961345.0
1722297600,527.95,538.46,525.03,537.66,1234234.0
1722384000,543.0,547.0,538.18,541.92,1481529.0
1722470400,544.04,549.12,540.69,548.86,1271748.0
1722556800,551.12,561.12,541.39,548.77,1484756.0
1722816000,553.16,562.6,538.24,545.38,1683773.0
1722902400,545.98,549.48,541.14,541.56,1033745.0
1722988800,539.87,552.17,536.7374,548.51,1306584.0
1723075200,545.51,553.685,543.69,551.62,846337.0
1723161600,552.16,553.6107,548.1295,551.58,825286.0
1723420800,551.07,557.56,550.4,556.91,793920.0
1723507200,556.9,559.69,552.31,559.42,793610.0
1723593600,558.08,564.22,557.0,563.22,796727.0
1723680000,561.8,564.08,558.83,560.29,974590.0
1723766400,561.3,562.425,557.0,560.13,912022.0
1724025600,555.32,562.76,555.25,558.39,709735.0
1724112000,557.97,558.9,550.96,557.01,972254.0
1724198400,558.38,559.9899,553.31,553.76,883062.0
1724284800,554.18,558.1801,553.2701,557.03,774578.0
1724371200,558.0,558.87,552.78,555.01,870355.0
1724630400,556.11,560.14,556.11,558.1,795360.0
1724716800,559.45,562.1901,557.02,560.41,749831.0
1724803200,562.2,568.73,561.78,563.98,829310.0
1724889600,564.0,568.57,563.0,566.85,662462.0
1724976000,564.97,569.09,562.55,568.1,1082809.0
1725321600,567.33,572.0,565.19,567.22,1267110.0
1725408000,569.34,578.73,568.72,574.78,941774.0
1725494400,575.2,575.92,564.41,568.59,841029.0
1725580800,569.05,572.11,564.95,566.63,976688.0
1725840000,567.51,578.0,567.48,576.57,810168.0
1725926400,577.56,577.8525,570.42,572.19,756528.0
1726012800,571.2,572.41,561.0701,566.96,809242.0
1726099200,565.0,568.97,563.9,568.27,739418.0
1726185600,567.0,572.4554,564.53,569.91,638809.0
1726444800,574.41,577.0,568.9901,572.92,597813.0
1726531200,566.66,568.11,563.6001,567.01,739890.0
1726617600,566.32,569.54,562.28,565.49,731817.0
1726704000,566.47,567.525,562.1629,565.18,917669.0
1726790400,563.08,573.5,562.94,571.92,3794353.0
1727049600,571.5,581.75,570.82,580.51,884699.0
1727136000,578.93,581.16,576.15,578.63,690123.0
1727222400,581.56,583.75,576.8648,577.94,844517.0
1727308800,575.0,582.53,574.44,577.4,746294.0
1727395200,577.65,584.0734,575.33,582.36,848122.0
1727654400,584.14,584.95,579.21,584.56,975501.0
1727740800,586.12,611.49,581.91,605.86,2356212.0
1727827200,604.94,610.0,601.4225,603.2,1192488.0
1727913600,604.44,609.0,601.0001,605.82,856577.0
1728000000,603.66,606.29,599.32,605.13,560051.0
1728259200,607.0,611.59,604.0,605.54,1102382.0
1728345600,607.22,610.7499,603.09,608.05,571794.0
1728432000,606.71,607.14,603.02,605.11,543837.0
1728518400,606.11,607.29,596.22,597.49,853770.0
1728604800,600.58,604.55,600.0871,604.17,526025.0
1728864000,606.0,611.99,603.7752,610.87,562291.0
1728950400,612.5,614.62,603.72,605.0,849839.0
1729036800,603.0,613.01,602.62,612.83,549404.0
1729123200,612.83,614.4799,607.24,609.62,617493.0
1729209600,611.39,613.3699,608.49,611.81,864086.0
1729468800,615.64,618.95,611.36,614.61,1017480.0
1729555200,606.9,608.34,574.0001,576.98,2259193.0
1729641600,577.02,582.18,571.0,571.1,1402177.0
1729728000,570.73,573.93,564.18,564.21,1102782.0
1729814400,566.7,569.9799,561.1,562.29,1077563.0
1730073600,563.0,563.155,554.495,555.17,1278667.0
1730160000,552.8,553.4,546.41,546.8,1041740.0
1730246400,546.9,551.26,543.2,545.94,1005163.0
1730332800,547.04,551.6799,542.675,546.05,1245472.0
1730419200,548.0,549.33,544.62,545.35,792756.0
1730678400,545.7,548.81,540.41,543.1,827556.0
1730764800,545.0,547.17,542.0,546.75,610142.0
1730851200,561.4,561.4,540.0001,551.82,1751305.0
1730937600,555.0,556.9999,549.67,551.84,818596.0
1731024000,555.47,566.8099,554.72,564.56,1166089.0
1731283200,570.22,576.1499,569.8,570.58,1171364.0
1731369600,574.32,576.43,564.8,565.96,1133912.0
1731456000,564.0,565.0,556.3301,557.73,1118648.0
1731542400,561.35,561.35,533.785,538.99,1972732.0
1731628800,537.87,542.54,531.4237,534.83,1757312.0
1731888000,536.4,537.98,528.738,530.96,1298755.0
1731974400,537.08,539.32,531.21,533.26,936050.0
1732060800,534.18,535.23,529.2,534.73,994374.0
1732147200,535.14,544.68,533.715,542.01,1321954.0
1732233600,545.0,546.0,539.92,542.22,1311155.0
1732492800,532.98,534.16,514.9,521.89,3613491.0
1732579200,519.39,524.06,519.39,521.45,1345788.0
1732665600,523.54,529.99,523.17,525.75,890394.0
1732838400,527.77,529.48,524.59,529.41,658246.0
1733097600,525.25,526.785,519.3,520.34,1115967.0
1733184000,520.14,521.5,516.2501,517.0,1188389.0
1733270400,516.13,519.826,513.14,517.5,1543010.0
1733356800,517.42,520.56,514.01,517.48,1113691.0
1733443200,515.72,517.44,509.6,513.03,1285011.0
1733702400,511.19,516.3608,508.55,510.01,1170477.0
1733788800,509.16,514.6099,508.1,512.94,1178870.0
1733875200,513.8,514.0,503.305,504.24,1307967.0
1733961600,500.0,501.095,488.71,496.58,1863009.0
1734048000,495.57,499.2222,492.18,494.65,990249.0
1734307200,494.8,494.8,490.15,491.65,1483720.0
1734393600,489.055,493.0,487.76,490.61,1354504.0
1734480000,489.5,490.24,482.41,482.94,1424702.0
1734566400,480.0,484.0,477.305,479.66,1250426.0
1734652800,479.45,489.02,477.77,489.02,3973490.0
1734912000,487.43,488.8534,481.83,486.49,1053854.0
1734998400,486.06,488.73,484.01,488.13,375892.0
1735171200,488.0,493.4699,486.27,489.98,662456.0
1735257600,488.38,493.4,486.38,488.97,820791.0
1735516800,486.0,486.55,481.85,483.37,887811.0
1735603200,484.38,486.53,482.0,485.94,731985.0
1735776000,485.94,489.72,481.4201,482.25,953946.0
1735862400,481.42,483.9224,480.91,481.82,817601.0
1736121600,478.75,480.0,465.86,466.0,1698606.0
1736208000,465.72,473.415,462.94,463.96,1276844.0
1736294400,463.5,469.22,461.24,468.85,998673.0
1736467200,468.0,471.59,465.73,468.05,1127790.0
1736726400,469.0,484.8199,468.8,483.16,1435205.0
1736812800,485.0,485.2012,477.97,484.46,1162107.0
1736899200,487.76,487.76,480.37,483.97,882406.0
1736985600,481.8,486.9999,481.5,486.86,956516.0
1737072000,487.54,492.045,484.1948,490.32,1337574.0
1737417600,495.0,509.5499,494.72,506.29,1615890.0
1737504000,503.24,505.53,495.18,499.34,1325048.0
1737590400,503.52,506.0,493.98,497.28,913142.0
1737676800,495.0,497.29,494.6048,496.96,759695.0
1737936000,500.09,507.11,496.78,503.69,1948555.0
1738022400,473.7,479.73,457.27,457.45,4023939.0
1738108800,460.0,462.49,449.4,454.36,2396823.0
1738195200,456.58,459.89,451.32,459.65,1911777.0
1738281600,460.0,464.23,457.15,462.95,1474589.0
1738540800,458.8,461.332,453.575,455.42,1476323.0
1738627200,454.0,455.41,451.26,453.68,1234237.0
1738713600,457.0,457.1,448.77,449.87,1139696.0
1738800000,450.0,452.1685,444.63,448.52,1292115.0
1738886400,449.9,451.4999,443.78,444.39,1347367.0
1739145600,444.8,448.94,440.7104,448.22,1427815.0
1739232000,447.9,451.8,444.995,449.36,906230.0
1739318400,447.26,449.14,441.05,441.97,1283227.0
1739404800,442.5,445.295,432.01,434.72,2400020.0
1739491200,433.55,435.16,419.7,423.19,3252806.0
1739836800,429.69,432.93,423.5,428.54,2812914.0
1739923200,431.0,438.0,425.58,432.95,2802115.0
1740009600,429.58,438.0,429.31,436.29,1357981.0
1740096000,436.39,443.73,435.67,440.72,1652401.0
1740355200,442.0,448.28,438.5401,440.27,1946160.0
1740441600,441.75,451.6671,441.0,448.46,1715745.0
1740528000,445.83,448.0,439.34,441.5,1467161.0
1740614400,442.19,447.08,441.45,446.46,1458062.0
1740700800,447.0,450.8,445.03,450.37,1433568.0
1740960000,452.87,454.43,448.83,451.94,1579417.0
1741046400,450.78,463.739,448.49,448.82,2268654.0
1741132800,451.13,463.48,449.37,460.42,2060073.0
1741219200,461.32,463.5,453.41,461.5,1395779.0
1741305600,458.0,477.49,458.0,473.65,2169135.0
1741564800,475.46,494.2,473.7,479.17,2284410.0
1741651200,476.71,478.65,466.54,468.88,1457086.0
1741737600,465.14,466.82,456.0001,461.5,1271506.0
1741824000,460.05,468.53,459.86,467.93,1159511.0
1741910400,465.92,469.0,461.96,466.17,972659.0
1742169600,463.84,472.27,462.83,467.61,1051563.0
1742256000,468.12,471.625,465.39,469.28,881956.0
1742342400,471.23,475.69,466.7698,470.55,1122652.0
1742428800,469.16,469.9024,464.21,466.74,922084.0
1742515200,478.09,481.5,432.51,439.7,7141725.0
1742774400,425.63,435.7699,424.3,434.98,3015364.0
1742860800,436.77,444.01,433.0,442.07,1600166.0
1742947200,444.28,451.1999,443.0,445.17,1349944.0
1743033600,446.03,448.1435,440.22,442.28,1559606.0
1743120000,442.23,445.76,439.56,441.49,1595839.0
1743379200,441.565,451.06,440.74,446.71,1690178.0
1743465600,448.0,451.25,444.48,448.64,1042421.0
1743552000,446.22,455.92,445.01,452.87,1270320.0
1743638400,453.51,461.8765,450.8001,454.78,1814160.0
1743724800,450.0,454.925,432.13,432.15,2392742.0
1743984000,422.2,438.91,418.88,430.82,1968379.0
1744070400,448.435,451.39,437.43,443.36,2151484.0
1744156800,439.245,468.33,435.38,462.24,2291550.0
1744243200,460.0,469.1,450.38,463.7,1832891.0
1744329600,464.33,478.175,460.32,474.9,1452289.0
1744588800,472.8,478.75,467.5941,475.34,1079637.0
1744675200,474.27,475.34,468.0,469.58,1224466.0
1744761600,477.33,482.8156,474.53,477.08,1530125.0
1744848000,461.64,469.6699,448.39,464.08,3052804.0
1745193600,459.26,463.23,452.79,458.33,1532920.0
1745280000,458.05,470.77,442.35,462.08,2877958.0
1745366400,467.0,471.39,457.6533,463.55,1352902.0
1745452800,465.77,467.59,460.16,466.81,1105038.0
1745539200,469.985,478.46,467.9,477.64,1521687.0
1745798400,479.31,483.79,474.29,476.29,1159942.0
1745884800,475.98,479.3,473.3501,475.88,897221.0
1745971200,478.27,478.61,471.13,477.75,1095139.0
1746057600,476.0,479.45,473.0001,477.72,986353.0
1746144000,484.75,491.07,467.51,472.8,2090480.0
1746403200,474.0,474.49,469.34,471.56,1150283.0
1746489600,469.77,471.16,463.46,468.21,1135393.0
1746576000,468.4,474.9,467.06,471.32,1204634.0
1746662400,473.0,479.0,471.73,474.53,1093134.0
1746748800,475.27,476.625,468.08,473.52,979219.0
1747008000,473.5,475.685,465.775,473.16,1364863.0
1747094400,472.81,472.81,459.135,459.83,1859414.0
1747180800,460.84,461.8,445.06,449.18,2129688.0
1747267200,458.97,465.41,455.0311,465.14,1758661.0
1747353600,466.21,468.49,462.66,468.32,1319203.0
1747612800,469.41,474.4399,467.78,473.06,1200022.0
1747699200,471.23,477.095,470.89,475.82,1058518.0
1747785600,480.835,480.93,470.05,470.28,1435110.0
1747872000,468.79,472.87,467.12,470.45,885138.0
1747958400,467.96,469.55,465.56,468.88,866694.0
1748304000,470.8,476.85,468.655,476.85,1548007.0
1748390400,477.54,478.975,469.0,469.98,956931.0
1748476800,467.93,474.56,465.32,473.69,851603.0
1748563200,473.67,482.38,471.06,482.38,2196347.0
1748822400,478.26,479.73,474.0,478.82,1154508.0
1748908800,479.0,481.125,476.54,480.17,1032298.0
1748995200,481.99,486.86,481.685,482.21,1274033.0
1749081600,484.37,485.13,471.75,478.03,1063462.0
1749168000,477.805,481.96,476.9666,481.69,714571.0
1749427200,480.28,482.84,476.62,480.83,1064298.0
1749513600,480.0,481.65,475.64,476.9,1150649.0
1749600000,464.15,464.15,443.409,456.6,3618239.0
1749686400,457.31,469.27,456.5,469.27,1700596.0
1749772800,478.97,488.3,473.35,486.45,2729692.0
1750032000,482.01,482.73,464.5224,467.06,2766611.0
1750118400,470.76,481.5844,467.5,479.34,2191204.0
1750204800,478.45,482.36,467.96,468.6,1871162.0
1750377600,469.0,474.31,461.11,470.56,2419367.0
1750636800,472.93,482.37,468.53,472.46,2666358.0
1750723200,467.85,468.7,457.68,460.2,1970232.0
1750809600,464.21,464.88,456.5,458.39,1265509.0
1750896000,459.31,464.072,456.635,457.9,1590105.0
1750982400,455.64,459.18,451.46,458.59,1996362.0
1751241600,459.45,463.82,457.875,463.14,1205616.0
1751328000,463.0,469.44,460.0,465.94,1242775.0
1751414400,466.0,466.925,458.61,462.55,1127591.0
1751500800,463.71,465.35,460.97,462.52,707859.0
1751846400,464.5,470.5499,461.37,469.06,1224120.0
1751932800,464.2,466.6236,460.65,463.01,1242958.0
1752019200,465.38,465.9855,460.205,463.06,892696.0
1752105600,458.68,466.48,456.0,464.31,1255293.0
1752192000,464.75,468.21,461.82,467.51,1209186.0
1752451200,470.0,474.76,468.0,473.57,1488005.0
1752537600,473.29,473.94,468.51,470.12,1039511.0
1752624000,469.67,472.6,466.4106,471.47,935241.0
1752710400,470.5,474.4,467.71,469.2,926150.0
1752796800,469.22,471.21,460.97,463.96,1845269.0
1753056000,464.64,467.36,460.53,460.53,1577788.0
1753142400,422.75,437.45,410.11,410.74,8886507.0
1753228800,413.755,423.37,411.0,419.39,4578552.0
1753315200,421.0,426.8838,420.13,420.55,3083942.0
1753401600,421.54,425.67,418.51,421.17,2461751.0
1753660800,425.9,428.86,421.17,421.34,2423723.0
1753747200,422.74,423.65,417.35,420.13,2428781.0
1753833600,420.13,422.8,417.15,418.68,1632102.0
1753920000,417.13,422.5847,412.5501,420.98,2178023.0
1754006400,420.76,423.96,417.0,421.01,2006314.0
1754265600,420.0,424.6,419.0,423.7,1548178.0
1754352000,423.33,430.07,421.86,428.24,1643922.0
1754438400,427.765,436.62,427.6601,434.85,2032345.0
1754524800,430.43,434.85,428.05,430.75,1490332.0
1754611200,431.19,433.59,423.91,425.63,1478047.0
1754870400,426.0,427.82,424.12,426.26,1462070.0
1754956800,425.92,431.59,425.0,431.56,1493389.0
1755043200,432.52,443.45,431.42,442.57,1890577.0
1755129600,436.04,443.9,434.84,437.32,1733619.0
1755216000,437.84,441.425,436.46,437.56,1501663.0
1755475200,440.55,443.77,439.12,440.64,1154395.0
1755561600,439.86,444.5,438.6,441.1,1248122.0
1755648000,440.14,447.08,440.14,446.0,1282792.0
1755734400,444.99,448.49,444.7,447.2,1026288.0
1755820800,449.99,452.56,444.8601,446.2,1890334.0
1756080000,447.07,448.75,445.1,447.72,985189.0
1756166400,450.52,456.37,447.0,455.46,2051502.0
1756252800,456.87,459.47,454.0,454.47,1294214.0
1756339200,453.87,456.55,450.36,456.18,1386030.0
1756425600,457.52,459.9,454.875,455.63,1373187.0
1756771200,453.8,455.77,447.5901,452.5,1645554.0
1756857600,451.07,452.0,446.69,449.06,1541829.0
1756944000,450.96,457.17,449.5,456.85,1449229.0
1757030400,456.765,463.98,456.765,463.9,1465197.0
1757289600,462.925,462.925,452.765,459.11,1477595.0
1757376000,457.61,457.87,452.42,457.06,1008428.0
1757462400,456.21,464.38,455.71,463.87,1076857.0
1757548800,463.85,472.4,462.99,470.73,1623736.0
1757635200,468.93,472.98,467.17,471.31,1041423.0
1757894400,471.47,474.29,468.99,473.25,1148734.0
1757980800,473.59,478.44,471.665,474.32,1156857.0
1758067200,474.93,477.1885,472.635,473.12,1016718.0
1758153600,471.12,474.36,467.99,473.62,1108002.0
1758240000,474.23,477.0,471.38,472.94,2839217.0
1758499200,473.67,482.0745,473.01,480.39,1410218.0
1758585600,480.9,486.78,479.34,486.67,1135459.0
1758672000,487.15,495.24,485.51,486.25,1424205.0
1758758400,489.58,490.7448,484.06,484.34,1205694.0
1758844800,487.91,490.7499,484.57,487.44,914275.0
1759104000,497.0,498.986,489.22,491.98,1391134.0
1759190400,492.58,499.89,491.14,499.21,1312722.0
1759276800,496.17,504.07,495.0,499.0,1187448.0
1759363200,499.24,503.6,497.01,499.36,915832.0
1759449600,499.42,506.81,499.245,504.49,1006534.0
1759708800,506.63,515.43,506.63,514.24,1389696.0
1759795200,514.2,515.98,509.135,511.07,922414.0
1759881600,515.25,516.0,511.22,514.02,798430.0
1759968000,513.89,515.1912,503.81,507.76,1185975.0
1760054400,508.83,513.45,500.54,505.05,1313768.0
1760313600,502.3,507.43,500.0001,503.83,926722.0
1760400000,501.25,506.9999,499.0,505.18,1078265.0
1760486400,503.0,505.0,485.48,499.41,1678496.0
1760572800,500.74,501.31,492.0,493.25,1099659.0
1760659200,490.48,496.68,488.1,495.15,1915507.0
1760918400,496.43,505.9,496.43,505.9,1433308.0
1761004800,482.71,506.6,482.71,489.5,2869991.0
1761091200,491.47,492.4108,482.54,487.14,1726057.0
1761177600,488.12,493.98,486.52,488.05,1446086.0
1761264000,490.28,491.82,484.075,485.41,1368445.0
1761523200,484.08,487.31,479.87,486.91,1423236.0
1761609600,486.37,489.4,483.62,485.77,1220554.0
1761696000,485.0,488.817,483.6662,485.33,971473.0
1761782400,485.57,494.46,485.5,489.72,1080955.0
1761868800,489.0,493.61,486.0501,491.88,1185204.0
1762128000,491.0,491.51,484.75,487.94,846724.0
1762214400,484.46,488.5,481.0,484.98,1169694.0
1762300800,483.02,485.845,473.14,473.14,1708024.0
1762387200,473.11,474.18,466.1147,468.92,1094022.0
1762473600,468.9,469.405,456.2,458.35,2514529.0
1762732800,456.0,457.1,448.48,452.1,1630052.0
1762819200,451.77,461.77,451.0,457.07,1322089.0
1762905600,456.14,459.77,455.2245,457.04,935756.0
1762992000,458.01,460.91,455.1,455.85,819819.0
1763078400,455.85,466.39,454.0,465.77,1177328.0
1763337600,467.28,471.6,464.72,470.78,1822363.0
1763424000,475.22,485.0,471.1958,474.72,1242107.0
1763510400,472.0,472.42,468.3,469.91,861612.0
1763596800,473.88,477.43,465.02,468.26,1044904.0
1763683200,468.595,469.4,459.96,460.78,1575475.0
1763942400,459.43,461.19,450.0605,451.06,1411197.0
1764028800,451.06,454.03,448.48,452.41,1615925.0
1764115200,453.3,457.26,452.98,454.16,1299839.0
1764288000,454.54,457.86,452.61,457.86,748020.0
1764547200,453.28,454.085,438.5,439.19,1659207.0
1764633600,440.98,442.75,437.25,441.82,1535584.0
1764720000,443.41,448.47,439.05,446.8,1751846.0
1764806400,448.18,449.53,445.43,448.35,1283664.0
1764892800,447.78,452.82,446.41,452.2,1290903.0
1765152000,453.5,465.56,451.48,465.38,1390663.0
1765238400,466.28,472.81,465.0,466.89,1102519.0
1765324800,465.21,473.08,455.88,467.94,2313731.0
1765411200,470.29,479.7,470.29,474.88,1293962.0
1765497600,475.66,480.84,470.79,480.25,1384459.0
1765756800,478.99,484.77,477.235,484.42,1002652.0
1765843200,479.61,479.785,473.86,477.06,1262401.0
1765929600,471.0,476.89,462.25,474.79,1989183.0
1766016000,472.41,476.2,469.0,470.14,1364004.0
1766102400,466.34,475.72,464.88,474.13,2826455.0
1766361600,474.96,485.02,474.96,483.57,1120783.0
1766448000,484.0,484.95,481.0,482.55,864247.0
1766534400,485.0,491.18,484.45,485.75,581596.0
1766707200,485.2,487.0599,481.18,483.03,606016.0
1766966400,483.83,489.43,483.29,488.87,933384.0
1767052800,489.34,491.7,487.94,488.0,996445.0
1767139200,489.0,489.68,483.52,483.67,670337.0
1767312000,483.25,497.16,476.54,497.07,1126471.0
1767571200,503.93,515.88,503.0,511.57,1982594.0
1767657600,517.06,538.73,517.06,522.04,2813074.0
1767744000,525.31,532.3754,496.001,496.87,4084938.0
1767830400,531.89,542.87,513.01,518.44,4108772.0
1767916800,525.88,546.07,525.88,542.92,2647693.0
1768176000,548.96,554.27,540.31,551.24,2970017.0
1768262400,560.02,563.3,550.84,558.3,2012997.0
1768348800,556.99,578.04,556.12,572.7,2643085.0
1768435200,568.66,579.6,559.73,577.89,1763376.0
1768521600,578.21,582.93,577.42,582.43,2375721.0
1768867200,580.0,586.85,573.39,576.06,1522344.0
1768953600,576.06,588.97,576.06,586.23,1817740.0
1769040000,585.18,595.945,582.495,593.91,1493620.0
1769126400,594.64,596.225,586.01,590.82,1271698.0
1769385600,590.0,590.4,575.63,581.66,1460532.0
1769472000,580.0,595.87,573.8192,594.95,1710669.0
1769558400,592.9,599.32,583.0001,597.27,1323994.0
1769644800,609.24,645.67,607.56,622.51,3931918.0
1769731200,621.0,641.19,615.509,634.22,2099633.0
1769990400,620.0,640.9799,615.1802,636.0,1967841.0
1770076800,640.0,646.59,618.45,628.26,2300697.0
1770163200,630.82,632.05,596.23,602.76,2654783.0
1770249600,602.73,614.0,595.0,609.18,1684393.0
1770336000,614.59,624.09,611.2,623.58,1095768.0
1770595200,625.28,638.97,625.01,638.29,1589847.0
1770681600,637.47,638.29,626.51,629.56,1211685.0
1770768000,631.23,633.59,621.675,628.7,1024589.0
1770854400,630.0,644.25,630.0,637.43,1745649.0
1770940800,639.0,656.34,639.0,652.58,1490800.0
1771286400,653.0,656.22,642.0,649.58,1169583.0
1771372800,657.17,660.55,647.19,649.81,1350276.0
1771459200,656.5,669.75,655.5,666.51,1370273.0
1771545600,666.77,668.25,648.41,658.26,1447700.0
1771804800,655.62,663.27,653.69,660.62,1196310.0
1771891200,658.29,669.1,652.57,664.43,1361463.0
1771977600,662.44,663.55,634.035,647.5,1664449.0
1772064000,646.46,647.5,638.03,641.63,1269242.0
1772150400,648.09,662.47,647.1,658.08,2599949.0
1772409600,685.5,692.0,664.01,676.7,3246470.0
1772496000,682.0,686.47,657.56,667.82,2142139.0
1772582400,670.0,671.0,652.54,664.48,1650894.0
1772668800,662.1,663.0,647.2288,655.0,1721536.0
1772755200,661.65,672.86,656.4,671.77,1895091.0
1773014400,675.58,676.075,657.345,664.15,2369743.0
1773100800,657.95,659.89,646.2,651.22,1653018.0
1773187200,645.32,656.9999,644.13,649.47,1365219.0
1773273600,651.95,661.0,646.63,652.83,1411169.0
1773360000,652.67,660.0,640.5,646.0,1071344.0
1773619200,645.225,651.55,639.0,645.2,1180980.0
1773705600,644.96,645.0,632.789,636.33,1389066.0
1773792000,641.11,645.85,636.45,642.28,1026183.0
1773878400,639.06,640.0,623.75,637.51,1540841.0
1773964800,635.86,638.5099,622.37,627.43,6511253.0
1774224000,629.07,629.6579,610.63,616.25,1386641.0
1774310400,612.95,615.3,605.0001,610.17,1078188.0
1774396800,612.5,626.93,612.42,624.2,1190275.0
1774483200,619.8,632.92,619.8,627.33,1262434.0
1774569600,625.7,631.445,613.6551,615.84,1061125.0
1774828800,621.03,623.32,593.88,598.57,1849318.0
1774915200,604.5,610.0,598.7,604.39,1327800.0
1775001600,608.82,619.1,606.11,617.64,1118050.0
1775088000,616.7,626.51,616.01,622.79,1116763.0
1775433600,623.11,637.92,621.365,637.9,1128782.0
1775520000,635.6,636.8,625.8201,627.7,732124.0
1775606400,612.27,630.67,605.5,628.5,1283649.0
1775692800,627.99,636.88,623.0891,623.87,911060.0
1775779200,619.28,621.7,607.1598,613.72,874037.0
1776038400,617.87,622.51,615.01,619.69,678726.0
1776124800,617.0,617.0,609.06,611.58,905708.0
1776211200,611.0,615.59,607.34,611.1,879314.0
1776297600,610.71,613.0,601.41,607.49,853841.0
1776384000,604.33,609.3811,588.41,592.19,1701585.0
1776643200,593.6,598.0,578.23,581.28,1722026.0
1776729600,580.29,580.975,568.84,571.95,1603536.0
1776816000,575.88,576.07,550.19,555.43,2289028.0
1776902400,533.91,538.81,522.26,529.79,3212539.0
1776988800,525.0,526.8,503.6003,513.45,3089157.0
1777248000,514.05,527.66,511.91,513.35,2111366.0
1777334400,518.44,518.68,507.56,512.29,1456050.0
1777420800,513.97,516.0,501.945,509.81,1619246.0
1777507200,511.08,518.23,507.9,517.97,1588435.0
1777593600,517.95,519.58,512.118,512.77,1403285.0
1777852800,513.41,524.5,512.0,518.15,1370934.0
1777939200,520.0,520.0,507.49,508.93,1365225.0
1778025600,508.945,514.47,500.31,514.26,1590381.0
1778112000,515.025,515.5,503.03,512.41,2056298.0
1778198400,508.59,512.0,504.5001,506.51,1293823.0
1778457600,505.0,515.63,502.45,512.25,1363642.0
1778544000,512.5,522.51,512.5,521.0,1162979.0
1778630400,517.47,520.87,510.785,519.94,824645.0
1778716800,520.74,521.43,515.25,520.41,856596.0
1778803200,521.36,524.9299,514.73,516.01,1299211.0
1779062400,517.81,528.39,512.76,528.31,1382813.0
1779148800,527.505,530.26,523.48,526.63,1107577.0
1779235200,526.63,526.85,517.0,522.59,1018868.0
1779321600,523.24,529.48,517.02,522.79,1639660.0
1779408000,524.86,534.27,524.0001,533.24,1051763.0
1779753600,536.0,536.02,529.0,532.9,1347430.0
1779840000,531.98,533.57,524.25,531.14,1046931.0
1779926400,534.16,541.21,531.14,537.21,1138891.0
1780012800,536.24,537.25,527.95,530.45,2248598.0
1780272000,523.98,525.99,515.8801,516.5,1374642.0
1780358400,514.5,516.71,510.1,513.43,1079209.0
1780444800,512.25,524.54,510.54,512.03,1044037.0
1780531200,517.74,522.702,514.14,519.05,851276.0
1780617600,520.0,528.01,519.95,523.76,903137.0
1780876800,523.0,527.11,516.85,520.07,847800.0
1780963200,519.0,530.18,518.87,530.13,1020652.0
1781049600,534.25,535.2,524.81,525.02,934255.0
1781136000,528.62,550.99,528.26,548.68,1378089.0
1781222400,547.0,550.8616,538.31,540.33,1029367.0
1781481600,535.42,535.7999,528.59,530.36,1197437.0
1781568000,531.26,538.5,527.01,535.95,848111.0
1781654400,530.25,539.47,528.9,532.32,1142532.0
1781740800,535.56,536.9,505.18,510.95,3978809.0
1782086400,508.5,510.0,490.05,493.6,1704872.0
1782172800,498.83,504.3,496.53,503.67,827468.0
1782259200,502.935,503.34,491.49,491.64,1288399.0
1782345600,495.95,512.57,494.25,505.02,1378500.0
1782432000,505.25,518.24,503.9,507.4,3672390.0
1782691200,508.5,510.135,501.75,502.07,997483.0
1782777600,504.0,509.46,498.3,509.46,1157173.0
1782864000,517.0,524.24,514.345,521.82,1277984.0
1782950400,529.0,545.99,529.0,545.91,1397901.0
1783296000,545.0,545.91,535.17,538.0,937944.0
1783382400,546.0,547.47,531.77,535.38,847563.0
1783468800,537.63,537.63,525.35,527.96,927702.0
1783555200,522.5,525.01,515.55,518.26,989603.0
1783641600,516.42,523.9995,513.812,523.22,662789.0
1783900800,525.01,527.4534,517.26,520.68,714611.0
1783987200,518.36,526.2643,514.87,514.99,698463.0
1784073600,514.83,520.68,512.78,514.46,816488.0
1784160000,514.995,520.13,511.31,513.52,758097.0
1784246400,519.0,527.33,507.68,508.77,1274477.0
1784505600,510.63,515.84,507.74,509.54,998388.0
1784592000,501.0,507.75,487.15,507.09,1316427.0
1784678400,515.79,521.0,512.0,514.36,1141923.0
1784764800,545.0,575.9995,545.0,568.59,3275485.0
1784851200,568.59,588.41,568.59,582.6,1738879.0
1785110400,581.88,587.99,578.0,580.0,1083089.0
1785196800,589.0,593.7699,576.7303,581.31,1278112.0
1785283200,585.0,587.0,568.735,569.2,1606539.0
1785369600,565.76,574.76,556.5501,574.11,1514660.0
1785456000,574.11,583.885,570.89,582.74,1424688.0
1785715200,583.5,589.41,579.03,586.29,1236804.0
1785801600,587.19,592.5,578.3,589.33,1181220.0
1785888000,593.0,593.6899,577.13,577.6,954712.0
1785974400,584.31,588.488,577.81,582.85,738799.0
1786060800,581.11,588.386,577.0,587.95,749587.0
1786320000,591.77,606.65,589.7194,603.16,1185751.0
1786406400,600.31,602.7453,592.89,597.77,924968.0
1786492800,595.485,610.36,588.01,606.72,1036834.0
1786579200,609.78,609.78,596.48,598.01,798419.0
1786665600,603.0,609.24,599.11,608.68,862626.0
1786924800,605.5,607.03,593.56,593.74,880690.0
1787011200,600.07,612.7505,600.07,607.17,1024053.0
1787097600,605.0,606.065,589.04,589.15,1006498.0
1787184000,586.67,591.6804,569.54,571.48,1555028.0
1787270400,571.48,572.9521,563.07,563.57,1100119.0
1787529600,563.5,567.5,558.53,564.14,1080705.0
1787616000,564.14,567.98,555.265,556.52,1290802.0
1787702400,559.0,569.9595,556.4493,565.62,844675.0
1787788800,564.81,566.03,560.02,565.89,823593.0
1787875200,567.97,568.425,560.72,563.85,619906.0
1788134400,563.73,563.73,558.4,561.23,945428.0
1788220800,557.51,564.98,541.55,544.5,1046016.0
1788307200,545.65,548.0,530.15,531.55,1238407.0
1788393600,536.0,537.92,527.28,532.95,775700.0
1788480000,529.79,533.72,524.03,525.28,946582.0
1788825600,532.0,541.59,531.37,536.15,1692605.0
1788912000,538.91,543.59,524.37,524.46,1548934.0
1788998400,526.01,531.0,524.094,530.12,1145282.0
1789084800,532.24,533.99,521.87,524.19,987773.0
1789344000,526.6,532.34,525.425,529.38,971364.0
1789430400,532.13,537.19,525.88,533.46,919119.0
1789516800,534.8,539.9899,531.01,537.25,912115.0
1789603200,539.18,542.6137,520.42,538.09,1344476.0
1789689600,536.98,538.1,527.1001,533.38,2860825.0
1789948800,532.295,537.82,530.01,535.4,967050.0
1790035200,536.87,537.0,515.598,522.34,1427486.0
1790121600,524.57,534.93,523.21,524.68,1134593.0
1790208000,523.76,531.0,523.32,523.7,833627.0
