timestamp,open,high,low,close,volume
1474848000,71.92,72.08,70.76,70.81,7549511.0
1474934400,71.01,71.7,70.73,71.5,4806386.0
1475020800,71.88,72.419,71.26,71.76,8168165.0
1475107200,72.47,73.5799,72.01,72.01,6399099.0
1475193600,72.06,72.48,71.38,72.21,6713922.0
1475452800,72.06,72.44,71.95,72.19,5354543.0
1475539200,72.24,73.05,72.18,72.7,6379144.0
1475625600,72.66,73.22,72.21,72.25,4499101.0
1475712000,70.49,72.27,70.29,72.09,6658636.0
1475798400,72.0,72.87,71.09,71.3,5418199.0
1476057600,71.75,71.85,70.9,70.97,4323597.0
1476144000,70.9,70.98,69.97,70.09,4897297.0
1476230400,70.27,71.78,70.25,71.32,5729519.0
1476316800,71.07,71.36,70.335,71.1,4395749.0
1476403200,71.57,71.93,71.24,71.35,5651026.0
1476662400,70.65,71.08,69.935,69.98,4954738.0
1476748800,70.53,70.66,69.57,70.24,5949071.0
1476835200,70.22,70.24,68.89,69.59,6749680.0
1476921600,69.53,70.12,69.37,69.89,6155336.0
1477008000,69.46,70.92,69.39,70.65,5702742.0
1477267200,71.06,71.55,70.8,70.98,4514671.0
1477353600,69.41,69.59,68.31,68.47,8631625.0
1477440000,67.19,68.0153,67.0,67.37,9070604.0
1477526400,67.75,68.0,66.96,67.16,5299007.0
1477612800,67.16,67.67,66.71,67.03,8565140.0
1477872000,66.71,66.98,66.38,66.65,6228152.0
1477958400,66.44,66.69,65.18,65.63,6364357.0
1478044800,65.72,67.27,65.66,66.56,5408665.0
1478131200,67.06,67.08,66.42,66.59,4572028.0
1478217600,66.74,67.12,66.22,66.25,4740324.0
1478476800,67.11,67.665,67.01,67.23,4513872.0
1478563200,67.12,67.25,66.635,66.81,6778211.0
1478649600,65.5,68.16,64.87,67.84,7594004.0
1478736000,68.4,70.48,68.25,69.46,9723760.0
1478822400,69.32,70.055,69.155,69.73,6565386.0
1479081600,70.04,70.45,69.685,70.01,9012638.0
1479168000,68.84,69.85,68.04,69.05,11225110.0
1479254400,66.23,68.84,65.12,67.02,17528890.0
1479340800,67.02,68.04,66.55,67.95,9501825.0
1479427200,67.92,69.58,67.77,69.31,10588840.0
1479686400,69.42,69.7,68.8299,69.41,6052027.0
1479772800,70.19,71.97,69.7,71.59,10666160.0
1479859200,71.83,72.37,71.62,71.77,5499947.0
1480032000,71.9,72.34,71.6,72.21,2710550.0
1480291200,71.84,72.18,71.15,71.2,5276013.0
1480377600,71.34,71.69,70.55,70.71,5870279.0
1480464000,70.75,71.11,70.445,70.55,6377326.0
1480550400,70.34,71.02,69.92,71.0,7626839.0
1480636800,71.14,72.81,71.08,72.31,7211996.0
1480896000,72.42,73.14,72.39,72.66,7490893.0
1480982400,72.58,73.11,72.34,72.46,6478549.0
1481068800,72.62,76.465,72.521,76.4,9268094.0
1481155200,75.47,76.37,74.97,75.24,7711492.0
1481241600,75.1,75.39,74.53,74.69,5537932.0
1481500800,74.29,74.96,74.06,74.51,6036541.0
1481587200,74.87,75.19,74.37,74.65,6295343.0
1481673600,74.71,75.23,73.45,73.56,6790049.0
1481760000,73.73,74.49,73.5,73.67,6210671.0
1481846400,73.88,74.16,72.65,72.96,7638850.0
1482105600,72.62,73.52,72.56,72.92,5056299.0
1482192000,73.05,74.48,72.8,74.27,5348531.0
1482278400,74.09,74.32,73.8,74.19,2936784.0
1482364800,73.55,74.09,72.88,73.01,4008261.0
1482451200,73.1,73.29,72.241,72.3,3591768.0
1482796800,72.59,72.75,71.96,72.23,3788788.0
1482883200,72.45,72.47,71.46,71.57,4193340.0
1482969600,71.5,71.9,71.24,71.34,4009802.0
1483056000,71.63,72.08,70.78,71.12,3877713.0
1483401600,71.71,71.92,70.49,70.95,6411938.0
1483488000,71.18,72.23,71.05,71.81,5845793.0
1483574400,71.44,71.79,70.76,71.07,4420248.0
1483660800,71.2,71.4,70.54,70.95,4643752.0
1483920000,70.93,71.32,70.9,71.07,3563619.0
1484006400,70.95,71.7,70.67,71.21,4133974.0
1484092800,71.16,71.37,70.56,71.26,3417526.0
1484179200,71.25,71.64,70.795,71.58,4310547.0
1484265600,71.4,72.615,71.39,72.15,5531557.0
1484611200,71.62,73.21,71.39,72.38,5468495.0
1484697600,72.1,72.1,71.06,71.38,8783803.0
1484784000,71.29,72.65,71.15,71.6,6274008.0
1484870400,71.63,71.93,71.26,71.76,5581257.0
1485129600,71.24,72.84,71.24,72.58,5361054.0
1485216000,72.61,74.03,72.505,74.0,5728389.0
1485302400,74.291,74.75,73.04,73.06,5354044.0
1485388800,73.38,73.83,72.8675,73.23,5268762.0
1485475200,73.29,73.43,72.72,73.25,4183467.0
1485734400,73.09,73.6397,72.57,73.57,3856043.0
1485820800,72.84,73.54,72.745,73.08,4537446.0
1485907200,72.91,73.03,72.32,72.35,4006537.0
1485993600,72.73,72.79,71.9,71.95,3538280.0
1486080000,72.12,73.4,71.79,73.29,5685154.0
1486339200,72.96,73.2,72.4,72.61,5166819.0
1486425600,72.85,72.99,72.11,72.24,3749125.0
1486512000,72.61,72.77,72.21,72.45,4029600.0
1486598400,72.71,73.695,72.43,73.53,4040872.0
1486684800,73.42,74.04,73.11,73.97,3661291.0
1486944000,74.08,74.2625,73.58,73.9,3007985.0
1487030400,74.06,75.89,73.96,75.72,8106823.0
1487116800,75.47,77.475,75.35,76.91,10410200.0
1487203200,76.91,77.4,75.66,76.32,4686163.0
1487289600,76.16,76.74,75.94,76.74,5442653.0
1487635200,77.5,77.52,76.46,77.25,5293925.0
1487721600,77.33,77.45,76.6,76.8,3707186.0
1487808000,77.15,77.21,75.73,75.8,5663203.0
1487894400,75.91,76.3353,75.405,76.1,11147640.0
1488153600,76.2,76.45,75.69,76.42,4005511.0
1488240000,75.91,75.93,74.17,74.37,10696140.0
1488326400,81.28,82.85,80.6,81.45,21442680.0
1488412800,81.37,81.4,80.28,80.4,8423504.0
1488499200,80.6,81.87,80.56,81.68,6554390.0
1488758400,81.27,81.5,81.02,81.02,6611917.0
1488844800,81.0,81.32,80.65,80.84,4718040.0
1488931200,80.84,81.72,80.84,81.33,4869179.0
1489017600,81.36,81.81,81.07,81.17,3806749.0
1489104000,81.56,82.0,81.44,81.58,4091048.0
1489363200,81.58,81.985,81.36,81.58,3794553.0
1489449600,81.68,82.18,81.31,81.94,4383366.0
1489536000,82.0,83.32,81.98,83.27,4786308.0
1489622400,83.32,84.0,83.07,83.22,4804578.0
1489708800,83.62,83.74,82.98,83.53,5706464.0
1489968000,83.53,83.53,82.144,82.35,6067455.0
1490054400,82.82,83.3,81.71,81.92,5110952.0
1490140800,82.25,82.93,81.79,82.35,4567683.0
1490227200,82.35,83.05,82.12,82.45,3407356.0
1490313600,82.52,82.89,81.885,82.21,3456869.0
1490572800,81.32,82.06,81.04,81.56,4498113.0
1490659200,81.52,82.65,81.47,82.4,4350450.0
1490745600,82.26,82.62,81.72,82.21,3968337.0
1490832000,82.09,82.545,81.885,82.3,3741424.0
1490918400,82.01,82.55,81.81,82.21,4556952.0
1491177600,83.11,83.14,81.75,82.04,5423090.0
1491264000,81.91,82.08,81.26,81.59,4994405.0
1491350400,81.75,82.69,81.57,81.62,4081106.0
1491436800,81.87,82.46,81.79,81.97,3471785.0
1491523200,81.91,82.4,81.91,82.14,3243588.0
1491782400,82.08,82.9905,82.08,82.42,2987594.0
1491868800,82.28,82.75,81.76,82.41,3111658.0
1491955200,81.85,82.17,81.29,81.87,3713700.0
1492041600,81.63,81.92,81.05,81.06,3846277.0
1492387200,81.06,81.98,81.05,81.95,3308129.0
1492473600,81.8,82.32,81.65,82.13,3036512.0
1492560000,82.49,82.74,81.96,81.99,3937277.0
1492646400,82.42,83.56,82.33,83.29,4538850.0
1492732800,83.26,83.695,82.97,83.47,5232922.0
1492992000,84.0,84.47,83.58,84.17,4553407.0
1493078400,84.78,85.305,84.0701,84.51,5825162.0
1493164800,84.61,85.65,84.41,85.23,4404842.0
1493251200,85.45,85.76,84.86,85.27,6586303.0
1493337600,85.16,85.29,84.05,84.88,4794990.0
1493596800,84.84,85.1,84.225,84.4,3839301.0
1493683200,84.76,85.43,84.19,85.38,4241906.0
1493769600,85.41,86.0,85.14,85.53,3711767.0
1493856000,85.77,85.86,85.0,85.4,3429397.0
1493942400,85.7,86.0,85.09,86.0,3027779.0
1494201600,86.0,86.18,85.41,86.0,4110978.0
1494288000,86.2,86.25,85.61,85.85,5666160.0
1494374400,85.87,86.13,85.45,86.06,5151911.0
1494460800,85.75,85.815,84.18,84.7,6382034.0
1494547200,84.7,85.03,84.29,84.82,3569151.0
1494806400,85.19,86.06,84.85,85.19,7242234.0
1494892800,86.0,86.2,85.03,85.36,5682324.0
1494979200,84.57,84.9,83.67,83.75,4971884.0
1495065600,83.75,84.44,83.63,84.05,4554120.0
1495152000,84.16,84.92,83.8968,84.59,3765412.0
1495411200,84.83,84.92,83.98,84.05,7372500.0
1495497600,84.14,84.19,82.15,82.34,9490381.0
1495584000,79.33,80.28,78.4,79.85,18998600.0
1495670400,80.06,81.655,79.98,81.33,10283680.0
1495756800,81.26,81.48,80.56,80.91,4571171.0
1496102400,80.77,80.81,79.28,79.41,6941846.0
1496188800,79.52,79.64,78.1,78.77,8678546.0
1496275200,78.77,80.43,78.29,80.43,6339809.0
1496361600,80.03,80.74,80.03,80.22,4387707.0
1496620800,80.25,80.33,79.41,79.44,3426435.0
1496707200,78.86,79.19,78.52,78.7,7232977.0
1496793600,78.8,78.93,77.7,77.79,5741465.0
1496880000,77.99,78.4808,77.55,77.64,7217574.0
1496966400,77.77,78.85,77.71,78.65,5978948.0
1497225600,78.47,79.795,78.36,79.03,6262739.0
1497312000,79.04,79.81,78.91,79.65,4459009.0
1497398400,79.81,81.04,79.32,80.56,5194876.0
1497484800,80.1,80.49,79.7,80.39,6004778.0
1497571200,80.14,80.36,79.24,79.8,7739672.0
1497830400,80.23,81.35,79.565,81.08,4477752.0
1497916800,81.0,81.4499,80.37,80.46,4234266.0
1498003200,80.48,80.81,79.04,79.14,4751774.0
1498089600,79.2,79.35,78.3,78.34,8240900.0
1498176000,78.38,78.41,75.8302,76.07,13573530.0
1498435200,76.33,76.9464,76.3,76.7,5210483.0
1498521600,76.48,77.11,75.79,76.33,7801680.0
1498608000,76.63,77.215,76.52,77.02,4368383.0
1498694400,77.1,77.19,76.16,76.6,3876836.0
1498780800,76.53,77.94,76.53,77.53,4681304.0
1499040000,78.0,78.45,77.99,78.26,2287863.0
1499212800,78.24,78.39,77.03,77.37,3929977.0
1499299200,77.07,77.3,76.43,76.59,4439156.0
1499385600,76.73,77.2999,76.65,77.15,3828539.0
1499644800,77.3,77.47,76.85,76.92,4611890.0
1499731200,76.98,77.12,76.015,76.25,5139131.0
1499817600,76.6,76.92,76.025,76.22,4379323.0
1499904000,76.51,76.905,76.28,76.52,4611490.0
1499990400,76.53,76.7,75.74,76.06,4778219.0
1500249600,76.06,76.67,75.94,76.43,3959193.0
1500336000,76.24,76.41,75.88,75.96,3173891.0
1500422400,76.24,77.15,76.21,76.83,4233606.0
1500508800,75.96,76.14,71.58,72.56,23851730.0
1500595200,72.75,74.11,72.72,73.84,9743645.0
1500854400,73.5,74.76,73.06,74.31,7749241.0
1500940800,74.69,76.18,74.51,75.69,6505935.0
1501027200,75.69,76.325,75.3,75.98,4480828.0
1501113600,75.83,77.68,75.81,77.0,6934778.0
1501200000,76.96,77.35,76.2,76.48,5000589.0
1501459200,76.57,77.52,76.37,77.4,6824530.0
1501545600,77.27,77.96,76.25,77.83,3731130.0
1501632000,77.57,78.15,77.5,77.86,3688005.0
1501718400,78.14,78.91,77.86,77.91,3833165.0
1501804800,78.46,78.57,77.68,78.37,2493044.0
1502064000,78.5,78.84,78.09,78.32,4236408.0
1502150400,78.27,78.33,77.125,77.21,4401736.0
1502236800,77.0,78.36,76.6,78.34,3507912.0
1502323200,77.8,77.99,76.62,77.01,4028520.0
1502409600,76.76,77.51,76.67,77.26,3089325.0
1502668800,77.8,78.125,77.18,77.72,3602793.0
1502755200,77.9,77.9,74.18,74.3,9111846.0
1502841600,74.66,75.55,74.61,75.35,4900370.0
1502928000,75.27,75.53,74.11,74.12,5943163.0
1503014400,74.02,74.19,73.22,73.64,5092174.0
1503273600,73.87,74.49,73.34,73.85,8130827.0
1503360000,74.08,75.93,73.91,75.82,7446230.0
1503446400,71.95,73.41,70.76,73.01,26360570.0
1503532800,73.2,73.87,72.32,72.61,10577370.0
1503619200,72.63,73.63,72.53,73.35,6424631.0
1503878400,74.4,75.23,73.63,73.8,6496841.0
1503964800,73.72,74.1701,73.28,73.45,6832554.0
1504051200,73.5,74.27,73.41,73.91,6597866.0
1504137600,74.5,74.83,73.89,73.89,9008850.0
1504224000,74.19,74.78,73.72,74.65,4816692.0
1504569600,75.27,76.14,75.03,75.68,8553627.0
1504656000,76.5,77.5169,76.42,77.47,8121597.0
1504742400,78.33,78.74,76.5,77.68,10402890.0
1504828800,78.05,79.35,77.63,78.56,11612190.0
1505088000,77.94,78.25,76.59,77.5,7581514.0
1505174400,77.88,78.8,77.53,78.66,5240222.0
1505260800,78.83,79.43,77.715,77.86,7471000.0
1505347200,77.9,78.59,77.9,78.46,5600576.0
1505433600,78.43,78.78,77.95,77.99,14470600.0
1505692800,77.83,78.195,77.31,77.67,8310963.0
1505779200,77.75,78.15,77.2,77.49,5988659.0
1505865600,77.23,78.08,77.2,77.91,6672056.0
1505952000,78.0,78.205,77.49,78.04,6175513.0
1506038400,78.08,78.44,78.0,78.23,5981210.0
1506297600,78.26,79.52,78.26,79.34,8822431.0
1506384000,79.54,79.82,78.94,79.29,5227628.0
1506470400,79.56,79.8,78.63,79.23,5084099.0
1506556800,79.1,79.69,78.9,79.45,4553247.0
1506643200,79.58,80.15,79.33,79.94,4360194.0
1506902400,80.04,81.27,79.85,80.79,7171299.0
1506988800,80.89,81.61,80.86,81.35,3967673.0
1507075200,81.32,81.74,81.06,81.46,4277328.0
1507161600,81.38,82.74,81.28,82.26,5202496.0
1507248000,82.15,82.64,81.59,81.86,4074342.0
1507507200,81.9,82.41,81.53,81.74,3815352.0
1507593600,81.64,81.87,81.02,81.1,4069816.0
1507680000,81.17,81.56,81.04,81.21,4911671.0
1507766400,81.2,81.83,80.741,81.57,3505039.0
1507852800,81.72,82.52,81.57,82.33,5529865.0
1508112000,82.24,82.44,81.1,81.2,4586470.0
1508198400,81.28,81.68,80.2301,81.11,5134643.0
1508284800,81.16,81.315,80.71,80.75,4060952.0
1508371200,80.68,81.399,80.43,81.27,3339370.0
1508457600,81.56,81.64,79.935,80.04,6087082.0
1508716800,80.23,81.2,80.12,80.41,5817347.0
1508803200,79.86,81.16,79.74,81.16,4909239.0
1508889600,81.14,81.55,80.53,80.99,4258806.0
1508976000,81.11,82.48,80.96,81.53,5133794.0
1509062400,80.75,81.02,79.42,80.61,7316931.0
1509321600,80.27,80.32,79.4,79.41,7204504.0
1509408000,79.5,80.21,79.45,79.95,5066524.0
1509494400,79.62,80.5,79.42,79.92,4524373.0
1509580800,79.2,79.3,75.361,76.65,11436560.0
1509667200,76.99,78.11,76.62,77.92,5412001.0
1509926400,78.31,78.37,77.27,77.41,3870929.0
1510012800,77.71,78.32,77.22,77.63,4611890.0
1510099200,77.5,78.52,77.19,78.09,4745683.0
1510185600,77.9,78.305,77.39,78.08,4536362.0
1510272000,77.93,78.02,77.28,77.49,7451823.0
1510531200,77.5,77.8769,77.191,77.53,6962307.0
1510617600,77.17,79.26,77.14,79.23,6498323.0
1510704000,79.0,79.04,78.27,78.37,5194895.0
1510790400,78.7,79.55,78.23,79.47,5524435.0
1510876800,79.51,80.495,79.17,80.22,6964596.0
1511136000,80.66,81.9,80.38,81.46,7482580.0
1511222400,79.7,82.22,79.5,80.59,13040550.0
1511308800,80.84,81.18,79.55,79.56,7000422.0
1511481600,79.93,79.95,79.11,79.24,2842050.0
1511740800,79.95,80.7799,79.54,79.83,6650967.0
1511827200,79.69,81.74,79.69,81.68,7636099.0
1511913600,81.75,84.36,81.6,83.3,10573470.0
1512000000,83.45,84.68,83.1,83.37,9106052.0
1512086400,83.24,84.42,82.1153,84.23,4935341.0
1512345600,84.94,88.48,84.71,88.04,13046040.0
1512432000,88.03,88.55,86.28,86.31,9665449.0
1512518400,84.94,86.09,82.37,82.4,12119250.0
1512604800,82.41,83.74,82.23,83.63,10391110.0
1512691200,83.85,85.73,83.85,85.6,7679123.0
1512950400,85.58,86.1,85.21,85.54,6773081.0
1513036800,85.53,85.71,84.88,84.99,7125575.0
1513123200,85.35,85.79,85.11,85.6,5722849.0
1513209600,86.04,86.35,85.376,85.58,3880581.0
1513296000,85.98,87.14,85.97,86.69,7932880.0
1513555200,87.12,88.09,87.04,87.44,7188363.0
1513641600,87.85,89.33,87.23,88.86,5653819.0
1513728000,89.23,90.94,88.93,90.19,6527421.0
1513814400,89.96,91.03,89.9,90.73,5132217.0
1513900800,90.91,91.25,90.19,91.19,3554473.0
1514246400,91.3,92.08,91.11,91.89,2754976.0
1514332800,91.96,92.4,91.89,92.11,2761191.0
1514419200,92.54,92.94,92.165,92.86,3561024.0
1514505600,93.41,93.55,92.91,92.94,3371577.0
1514851200,93.02,93.46,91.52,91.62,6572041.0
1514937600,91.75,92.09,91.17,92.02,4571744.0
1515024000,92.19,92.82,91.575,92.74,3542777.0
1515110400,94.0,94.8,93.76,94.74,5517945.0
1515369600,94.38,95.13,93.67,93.71,6191494.0
1515456000,94.32,94.917,93.56,94.55,4106880.0
1515542400,94.46,94.829,93.85,94.17,2771570.0
1515628800,94.54,95.78,94.01,95.74,3172593.0
1515715200,96.01,102.28,95.63,100.86,14244790.0
1516060800,101.5,105.6,100.09,100.97,13556640.0
1516147200,101.26,102.2855,100.56,101.68,5289480.0
1516233600,102.02,102.13,100.81,101.36,5955805.0
1516320000,104.28,105.35,102.47,104.95,9555111.0
1516579200,107.0,107.38,105.35,107.11,6935605.0
1516665600,107.0,108.31,106.15,107.11,6117851.0
1516752000,107.39,107.6407,105.9,106.72,3996429.0
1516838400,108.94,108.98,106.11,106.38,4864849.0
1516924800,106.64,107.4,105.53,107.4,4011471.0
1517184000,108.0,108.38,106.68,106.84,3787109.0
1517270400,105.71,106.14,104.63,105.18,6356170.0
1517356800,105.67,106.2,104.54,104.73,7081988.0
1517443200,103.84,105.08,103.25,103.86,4918633.0
1517529600,103.85,103.86,101.15,101.5,6241579.0
1517788800,101.38,103.11,97.04,97.58,8248746.0
1517875200,95.29,100.915,94.81,100.22,9028174.0
1517961600,100.0,102.32,99.745,99.92,5241876.0
1518048000,99.92,100.11,94.89,95.01,7647405.0
1518134400,96.19,98.16,92.51,97.17,9662929.0
1518393600,98.25,99.0,97.17,97.78,7998652.0
1518480000,96.96,97.61,94.87,96.06,5538410.0
1518566400,95.09,97.4,94.4,96.93,8395724.0
1518652800,98.18,98.19,95.62,96.51,5696666.0
1518739200,96.48,97.665,95.785,96.31,5331213.0
1519084800,96.55,97.68,95.43,95.65,6647654.0
1519171200,96.0,97.1983,95.22,95.34,4240717.0
1519257600,96.02,97.18,95.73,96.89,4360302.0
1519344000,97.33,97.62,96.62,97.49,4354804.0
1519603200,97.92,97.98,96.705,97.51,4732016.0
1519689600,97.62,98.4066,95.481,95.79,8480830.0
1519776000,87.4,92.2199,86.75,89.59,34093010.0
1519862400,89.57,89.7,87.11,87.96,15152420.0
1519948800,86.88,87.34,85.08,85.34,12431840.0
1520208000,85.06,87.02,85.05,86.33,8324283.0
1520294400,86.5,87.2,86.29,87.12,6346132.0
1520380800,86.49,86.81,85.51,86.11,6408196.0
1520467200,86.44,86.81,85.46,86.16,4812910.0
1520553600,86.75,87.33,86.23,87.28,6370224.0
1520812800,87.25,88.06,87.01,87.68,5793226.0
1520899200,87.73,88.02,85.9,86.14,5758961.0
1520985600,86.74,86.92,85.26,86.38,7038811.0
1521072000,86.55,86.65,85.29,85.54,4727171.0
1521158400,85.53,87.34,85.53,87.0,8707209.0
1521417600,86.61,87.02,85.3,85.79,6711106.0
1521504000,86.19,86.45,85.0694,85.73,4797608.0
1521590400,85.89,87.98,85.67,87.25,6807860.0
1521676800,86.5,87.27,85.65,85.7,11973250.0
1521763200,85.94,86.65,83.74,83.77,7383528.0
1522022400,88.36,90.33,87.65,89.3,13637670.0
1522108800,89.0,89.0,85.51,85.96,10935380.0
1522195200,86.09,86.929,85.08,85.88,7724858.0
1522281600,86.23,88.0,85.97,87.75,8515644.0
1522627200,87.35,87.55,83.08,84.59,9588750.0
1522713600,85.02,86.01,84.34,85.45,7352909.0
1522800000,84.32,88.27,84.15,88.06,7860319.0
1522886400,88.51,89.05,88.23,88.75,5078088.0
1522972800,88.14,89.15,87.22,88.24,8742765.0
1523232000,88.46,88.6,85.07,85.24,7342710.0
1523318400,85.89,87.29,85.38,87.14,5633756.0
1523404800,86.36,87.77,86.23,86.65,4551813.0
1523491200,86.93,87.296,86.67,87.04,3928453.0
1523577600,87.35,87.63,85.7714,86.23,4674371.0
1523836800,86.75,86.98,85.86,86.06,5093332.0
1523923200,86.58,86.93,86.04,86.16,5044193.0
1524009600,86.35,87.45,86.06,86.41,5118118.0
1524096000,86.3,86.3,83.98,84.88,5698403.0
1524182400,85.38,85.56,83.28,83.62,7568400.0
1524441600,84.17,84.57,83.45,84.35,5083655.0
1524528000,84.73,85.07,82.56,82.91,5437119.0
1524614400,82.56,82.76,81.31,81.48,10635130.0
1524700800,81.75,84.075,81.64,83.28,9154176.0
1524787200,83.16,84.45,82.91,84.0,3985555.0
1525046400,84.3,84.381,82.43,82.43,4193707.0
1525132800,81.75,82.98,81.16,82.96,3967402.0
1525219200,82.66,85.22,82.51,83.96,6419325.0
1525305600,83.51,83.56,81.36,82.83,5679071.0
1525392000,82.59,84.74,82.21,84.23,3242653.0
1525651200,84.38,84.52,83.34,83.85,4806614.0
1525737600,83.43,84.28,83.0,84.25,3725667.0
1525824000,84.01,85.13,83.27,84.42,4222340.0
1525910400,84.81,85.5,84.09,85.07,5140763.0
1525996800,85.2,87.74,85.2,87.45,6844485.0
1526256000,87.69,87.93,86.06,86.58,5065335.0
1526342400,85.7,86.65,85.21,85.69,4735042.0
1526428800,86.01,86.125,85.1799,85.51,3975077.0
1526515200,85.6,86.18,85.21,85.47,3180772.0
1526601600,85.31,86.87,85.22,86.34,5824104.0
1526860800,86.84,87.55,86.59,87.39,4309694.0
1526947200,90.05,90.35,85.58,85.75,10758900.0
1527033600,90.7,95.14,90.52,94.69,26243340.0
1527120000,93.85,96.75,93.07,96.49,10065120.0
1527206400,96.7,97.49,96.05,96.69,7641823.0
1527552000,95.5,96.75,95.4,95.78,5032612.0
1527638400,96.31,97.98,96.05,97.42,4926659.0
1527724800,97.4,97.825,94.86,95.01,7596677.0
1527811200,95.44,96.3401,95.16,95.83,4784581.0
1528070400,95.95,97.9,95.89,97.59,4990588.0
1528156800,97.12,97.69,96.74,97.5,3833640.0
1528243200,97.98,98.64,97.14,98.49,4136658.0
1528329600,98.68,99.645,98.68,99.27,4235609.0
1528416000,99.11,100.3,98.51,100.22,3680355.0
1528675200,100.44,100.93,100.0,100.5,3553537.0
1528761600,101.25,101.33,99.86,100.5,3336075.0
1528848000,100.6,100.83,99.44,99.46,4139679.0
1528934400,99.5,99.98,98.66,99.16,3965214.0
1529020800,98.36,99.67,98.17,99.18,6197751.0
1529280000,98.43,99.3883,98.31,98.59,3765103.0
1529366400,97.96,98.75,97.64,98.16,6225787.0
1529452800,98.0,98.94,97.68,98.44,4419737.0
1529539200,98.34,99.39,97.87,99.06,4253656.0
1529625600,99.36,99.47,98.0,98.22,5613897.0
1529884800,97.76,98.48,96.21,96.85,4213828.0
1529971200,97.36,97.67,96.94,97.13,4443438.0
1530057600,97.28,98.24,96.21,96.31,3293288.0
1530144000,96.02,96.74,95.2,96.0,3945068.0
1530230400,96.6,97.43,95.57,95.57,4212889.0
1530489600,95.36,95.55,93.96,94.87,6036289.0
1530576000,95.25,96.2,94.89,95.06,2193134.0
1530748800,95.42,95.68,94.8,95.52,3081417.0
1530835200,95.25,96.51,94.51,96.14,3818556.0
1531094400,96.56,97.725,96.26,96.96,2645015.0
1531180800,97.99,99.41,97.64,99.01,4546758.0
1531267200,98.5,98.9,97.57,98.61,3795138.0
1531353600,99.02,99.07,97.91,98.3,2961165.0
1531440000,99.0,100.74,98.87,99.58,5197381.0
1531699200,99.67,99.85,98.75,99.63,2502123.0
1531785600,99.6,100.4553,99.38,100.25,2865125.0
1531872000,100.34,101.1,100.23,101.05,2826229.0
1531958400,101.0,101.98,100.82,101.39,2656525.0
1532044800,101.11,101.25,100.45,100.66,5424699.0
1532304000,100.16,101.48,100.13,101.16,3617745.0
1532390400,101.27,101.48,99.58,100.0,3017408.0
1532476800,99.89,100.06,97.84,99.02,4288477.0
1532563200,99.1,99.42,97.98,98.52,3063385.0
1532649600,99.0,99.4,97.54,98.0,3718948.0
1532908800,98.07,99.535,98.05,99.28,4518363.0
1532995200,99.39,100.16,98.96,99.34,3239393.0
1533081600,98.99,99.32,97.71,97.96,2942138.0
1533168000,97.7,97.89,96.74,97.44,4156773.0
1533254400,97.83,98.45,97.48,97.63,3546783.0
1533513600,97.52,98.03,97.35,97.75,3247198.0
1533600000,97.66,99.0,97.38,98.78,2754777.0
1533686400,98.81,99.3,98.52,98.87,1816100.0
1533772800,99.43,100.58,98.881,99.94,4205911.0
1533859200,99.17,99.62,98.025,98.31,3067518.0
1534118400,98.31,98.61,97.04,97.09,3399270.0
1534204800,97.45,98.57,96.24,98.4,3754079.0
1534291200,97.75,97.95,96.26,96.83,3979111.0
1534377600,97.26,98.23,97.1584,97.68,4324543.0
1534464000,97.67,98.23,97.33,97.98,2575837.0
1534723200,97.98,99.14,97.91,98.97,3466949.0
1534809600,99.29,100.29,98.81,99.74,5590171.0
1534896000,104.97,109.8,104.27,105.52,24927870.0
1534982400,106.93,107.64,106.2,107.15,7492657.0
1535068800,106.84,108.01,106.6601,106.8,5107041.0
1535328000,107.41,107.99,106.77,106.97,3119400.0
1535414400,106.89,108.39,106.89,108.27,3794632.0
1535500800,108.25,108.86,107.62,108.68,3297721.0
1535587200,108.29,108.49,107.59,107.88,2533309.0
1535673600,107.78,108.833,107.69,108.75,4257855.0
1536019200,108.39,110.23,108.03,109.93,3883834.0
1536105600,109.66,110.78,108.38,108.41,4722860.0
1536192000,108.44,109.68,108.28,109.38,3621561.0
1536278400,108.99,110.49,108.82,109.59,3826213.0
1536537600,110.72,112.89,110.24,112.39,6208354.0
1536624000,112.95,114.53,112.1,114.18,5712343.0
1536710400,114.31,114.5398,112.84,114.34,5507647.0
1536796800,113.49,113.7,112.01,112.75,4815176.0
1536883200,113.26,114.23,112.16,113.89,5253909.0
1537142400,113.68,114.15,113.41,113.74,4763959.0
1537228800,113.3,115.72,113.22,115.55,4438011.0
1537315200,115.69,116.5,115.48,116.26,3587072.0
1537401600,116.02,116.86,116.02,116.7,4650968.0
1537488000,116.94,117.35,116.34,116.84,9122319.0
1537747200,116.21,116.58,114.83,115.01,5641420.0
1537833600,115.32,116.0,114.94,115.2,3761281.0
1537920000,115.78,116.19,114.77,114.79,4099984.0
1538006400,114.59,115.18,113.57,114.5,4419873.0
1538092800,116.63,117.7,114.675,114.82,5722908.0
1538352000,115.58,115.6271,114.04,114.07,4394284.0
1538438400,114.38,114.77,112.57,112.59,4791697.0
1538524800,113.0,113.51,111.54,111.75,5732562.0
1538611200,111.75,111.83,110.02,110.78,5608303.0
1538697600,110.64,111.11,108.39,109.74,5277107.0
1538956800,109.52,110.09,108.77,109.9,4127735.0
1539043200,110.09,110.98,109.145,109.17,3425729.0
1539129600,110.93,111.105,106.06,106.29,5252354.0
1539216000,106.39,108.74,103.81,104.23,6018132.0
1539302400,105.75,107.03,104.02,105.36,4395145.0
1539561600,105.36,105.91,104.64,104.67,3721441.0
1539648000,105.05,106.56,104.23,105.98,3637261.0
1539734400,102.37,103.32,101.39,102.44,5958038.0
1539820800,102.16,102.37,99.52,99.71,7071781.0
1539907200,99.78,100.56,98.95,99.59,4686437.0
1540166400,99.89,100.26,98.18,98.39,3770535.0
1540252800,96.84,98.88,95.6,98.12,6968495.0
1540339200,98.32,100.71,96.32,96.53,5723803.0
1540425600,97.06,98.78,95.76,97.95,4534026.0
1540512000,96.36,96.63,93.1,93.78,6599990.0
1540771200,94.86,95.55,91.61,92.86,4244932.0
1540857600,93.11,95.02,92.99,94.74,4913000.0
1540944000,95.82,97.5452,95.04,95.22,5790222.0
1541030400,95.29,97.81,94.6,97.44,4440244.0
1541116800,98.42,99.11,95.8,96.82,4528258.0
1541376000,96.65,97.64,95.69,97.07,3309700.0
1541462400,96.78,97.59,96.33,97.51,2432237.0
1541548800,98.1,100.66,96.9,100.6,6632559.0
1541635200,99.39,100.69,98.98,99.47,4857268.0
1541721600,98.95,99.05,96.43,96.82,5166219.0
1541980800,96.6,97.66,95.4,95.65,6183358.0
1542067200,94.95,96.2,93.77,95.59,5170333.0
1542153600,96.67,97.4,94.39,94.91,4380767.0
1542240000,94.11,94.44,91.58,93.68,6465981.0
1542326400,92.84,93.47,92.01,93.25,4073208.0
1542585600,93.31,93.9,90.58,91.35,5868228.0
1542672000,85.86,89.62,84.75,86.18,10060920.0
1542758400,86.55,89.02,86.21,88.37,7344491.0
1542931200,88.02,88.6,87.54,87.81,3008423.0
1543190400,88.67,89.48,87.3,89.31,5003494.0
1543276800,89.11,91.64,89.11,91.64,5608113.0
1543363200,92.04,93.74,90.62,93.69,6960306.0
1543449600,93.35,93.55,91.96,93.2,5280373.0
1543536000,92.95,94.53,92.46,94.37,6872141.0
1543795200,95.49,96.06,93.84,94.29,5596244.0
1543881600,94.52,95.1,89.93,90.33,5850747.0
1544054400,88.84,91.02,87.48,90.95,5824474.0
1544140800,90.37,92.29,89.05,89.4,4895813.0
1544400000,89.74,90.28,87.3,89.43,3262653.0
1544486400,90.35,92.08,89.0,89.48,4134634.0
1544572800,89.99,93.74,87.67,92.11,10834920.0
1544659200,92.8,94.5,92.14,94.29,7974386.0
1544745600,93.68,94.95,92.97,93.36,7075651.0
1545004800,92.79,92.89,89.8,90.45,6043571.0
1545091200,91.37,92.9637,90.75,91.46,4516758.0
1545177600,91.76,93.96,89.68,90.33,5108689.0
1545264000,89.61,90.9489,87.43,89.16,6748467.0
1545350400,89.51,91.46,87.54,87.64,8070292.0
1545609600,87.07,88.38,85.9,85.96,3121748.0
1545782400,86.51,91.05,86.48,91.04,4194102.0
1545868800,89.57,91.92,88.33,91.86,3849000.0
1545955200,92.23,93.21,91.19,91.87,3304727.0
1546214400,92.8,93.64,91.52,92.36,4034076.0
1546387200,91.22,92.8365,90.78,92.27,4191474.0
1546473600,91.65,92.52,90.65,91.17,3540160.0
1546560000,91.95,94.43,91.89,93.87,4106876.0
1546819200,93.68,96.7989,93.68,95.65,4883276.0
1546905600,96.66,97.855,95.61,97.63,4632041.0
1546992000,97.38,98.22,96.68,97.03,5692228.0
1547078400,96.36,96.53,94.67,95.98,4450914.0
1547164800,95.72,97.61,95.4,97.3,3682103.0
1547424000,96.34,97.19,96.18,96.91,2711436.0
1547510400,95.77,95.77,94.26,94.91,4921143.0
1547596800,94.82,95.39,93.85,93.96,4566075.0
1547683200,92.63,92.72,91.21,92.05,6944559.0
1547769600,92.83,95.03,92.68,94.98,7206525.0
1548115200,93.41,93.41,90.75,91.56,5949995.0
1548201600,91.16,92.24,90.23,91.83,4800213.0
1548288000,91.84,92.17,91.11,91.8,4047179.0
1548374400,92.55,93.86,92.55,93.82,4750863.0
1548633600,93.08,93.36,92.01,93.15,3610975.0
1548720000,92.41,93.53,92.15,93.43,3125486.0
1548806400,93.76,96.4,93.52,95.75,4959524.0
1548892800,95.29,97.49,94.91,96.16,5399481.0
1548979200,96.205,97.16,95.84,97.11,5324106.0
1549238400,97.64,98.01,96.91,97.87,2791656.0
1549324800,97.67,98.58,97.48,98.1,3667013.0
1549411200,97.92,98.23,96.85,97.19,2952339.0
1549497600,96.49,97.14,95.93,96.88,3987022.0
1549584000,96.46,97.35,95.98,97.17,6217136.0
1549843200,97.19,97.44,96.65,96.88,3045634.0
1549929600,97.55,99.89,97.26,99.47,3553231.0
1550016000,99.95,101.76,99.89,101.46,6576398.0
1550102400,100.8,101.96,99.8,101.51,3009756.0
1550188800,102.74,104.495,102.43,104.24,4658316.0
1550534400,104.02,105.71,103.8,105.06,3342782.0
1550620800,105.66,105.91,104.795,105.66,3298899.0
1550707200,105.51,106.35,105.035,105.52,3357893.0
1550793600,105.89,106.35,105.4,106.27,2734640.0
1551052800,107.0,107.0,104.63,105.01,4664052.0
1551139200,103.23,105.079,102.74,105.03,7950540.0
1551225600,109.01,109.92,105.21,107.62,8873839.0
1551312000,107.51,107.51,104.1,105.09,8123203.0
1551398400,105.9,106.1,103.25,103.96,4649247.0
1551657600,104.66,104.89,102.31,103.19,4015258.0
1551744000,103.45,103.75,102.44,103.01,3406968.0
1551830400,103.26,103.54,102.2101,102.34,2717869.0
1551916800,102.03,102.06,100.41,100.71,4648447.0
1552003200,99.78,100.56,98.0,99.33,6025440.0
1552262400,99.83,100.7,97.55,100.4,4598900.0
1552348800,100.4,101.24,99.58,100.86,4928428.0
1552435200,101.1,101.92,100.61,101.17,6259049.0
1552521600,100.98,101.26,100.25,100.81,5393350.0
1552608000,101.07,101.15,99.43,100.14,6677536.0
1552867200,99.99,101.98,99.99,101.88,4433028.0
1552953600,102.49,104.35,102.44,103.45,5784679.0
1553040000,103.78,104.38,102.12,103.59,4636004.0
1553126400,103.88,106.69,103.7,106.35,4785502.0
1553212800,106.05,107.03,104.92,104.95,4106376.0
1553472000,104.76,106.795,104.76,106.03,3994479.0
1553558400,106.86,107.22,105.51,105.96,4633234.0
1553644800,106.04,108.04,105.99,107.39,4225975.0
1553731200,107.88,108.89,107.72,108.37,3947569.0
1553817600,108.78,109.94,108.44,109.47,5318646.0
1554076800,110.21,111.21,105.84,108.93,10324950.0
1554163200,108.9,110.03,108.86,109.91,3722286.0
1554249600,110.55,112.205,110.0,111.93,4127131.0
1554336000,112.14,113.35,111.714,113.32,3007758.0
1554422400,113.63,115.25,113.63,114.98,3776747.0
1554681600,115.0,116.17,114.9,115.79,4988087.0
1554768000,115.23,115.26,112.88,113.14,3538986.0
1554854400,113.82,113.85,111.9,113.76,4424580.0
1554940800,113.87,115.22,113.36,115.13,2540497.0
1555027200,115.58,116.81,115.36,116.26,3213580.0
1555286400,116.42,117.42,116.23,117.18,3053198.0
1555372800,117.5,117.94,116.56,117.03,2687807.0
1555459200,117.5,118.23,116.92,117.12,3736111.0
1555545600,117.02,117.07,113.7,113.74,6321401.0
1555891200,113.52,115.31,113.05,113.43,4670684.0
1555977600,112.99,114.74,112.04,113.54,4033842.0
1556064000,113.82,114.82,113.55,113.97,2936549.0
1556150400,113.58,114.15,112.63,113.6,4104869.0
1556236800,113.49,113.865,112.06,112.48,4064462.0
1556496000,112.02,112.51,110.59,112.22,3179722.0
1556582400,111.57,113.3,111.2,113.14,3367100.0
1556668800,113.04,113.04,110.7,110.7,2953077.0
1556755200,110.6,112.17,110.37,112.11,3206036.0
1556841600,112.62,113.13,112.15,112.36,2575243.0
1557100800,111.04,111.67,110.1,111.35,2730551.0
1557187200,110.0,110.0,106.17,107.12,4885507.0
1557273600,107.08,107.71,106.21,106.73,3366516.0
1557360000,105.74,106.5,104.6298,106.29,2919723.0
1557446400,105.69,107.26,103.75,106.64,3795277.0
1557705600,104.75,105.02,103.52,104.66,4714889.0
1557792000,105.01,106.56,104.6,105.75,2961971.0
1557878400,105.41,108.045,105.125,107.62,5104231.0
1557964800,108.27,109.6,108.05,108.59,2860528.0
1558051200,107.64,110.04,107.5,109.02,3712866.0
1558310400,108.09,110.14,108.09,109.2,4452366.0
1558396800,107.75,111.71,107.62,111.1,6415472.0
1558483200,101.25,102.51,95.41,97.94,22721530.0
1558569600,97.19,97.5,94.22,94.8,12687500.0
1558656000,95.43,95.755,94.39,95.37,7096188.0
1559001600,95.19,95.68,91.67,91.87,11747170.0
1559088000,91.79,93.755,91.6,93.23,9281782.0
1559174400,93.84,94.73,93.39,93.88,5709933.0
1559260800,92.5,94.06,92.29,93.28,6530391.0
1559520000,93.03,95.06,92.9,93.84,8393931.0
1559606400,95.01,97.05,95.01,96.83,5560500.0
1559692800,97.54,97.54,95.29,96.25,5137114.0
1559779200,96.3,96.77,95.1347,96.24,4569636.0
1559865600,96.98,97.615,96.7,96.76,3974720.0
1560124800,97.5,98.42,96.14,96.31,5789543.0
1560211200,97.28,97.63,96.12,96.35,3256229.0
1560297600,96.21,97.04,96.14,96.33,2878911.0
1560384000,96.85,98.67,96.73,98.62,3617561.0
1560470400,98.99,99.99,98.5,99.63,4437205.0
1560729600,99.77,100.75,99.33,100.08,4212725.0
1560816000,100.69,101.57,99.2,99.31,3960933.0
1560902400,99.19,99.33,97.53,98.73,5558055.0
1560988800,99.91,101.83,99.75,101.44,5355382.0
1561075200,101.81,102.96,100.78,100.84,7188197.0
1561334400,100.7,101.04,98.99,99.02,4920158.0
1561420800,99.65,100.19,98.1,98.22,4767924.0
1561507200,98.61,100.03,98.09,99.24,4399905.0
1561593600,99.29,99.96,98.9,99.36,3395753.0
1561680000,99.39,101.18,99.31,100.91,4298887.0
1561939200,102.1,103.77,101.44,102.2,4073827.0
1562025600,102.25,102.95,101.82,102.69,2560358.0
1562112000,103.05,103.625,102.64,103.15,1851187.0
1562284800,102.79,104.365,102.72,104.22,2536419.0
1562544000,104.12,105.18,103.79,104.66,3882856.0
1562630400,103.82,105.16,103.82,104.86,3719691.0
1562716800,104.66,104.66,102.12,103.08,4302209.0
1562803200,104.12,105.13,103.604,104.87,2977779.0
1562889600,105.4,107.76,105.36,107.4,4814239.0
1563148800,107.72,108.31,107.24,107.97,4492340.0
1563235200,107.48,108.22,106.44,106.5,4722809.0
1563321600,106.36,106.71,104.88,104.93,5159198.0
1563408000,104.06,104.3,103.34,103.75,5149568.0
1563494400,104.19,104.3124,102.47,102.5,4190920.0
1563753600,102.79,103.2599,101.96,102.55,4501160.0
1563840000,102.44,103.505,102.28,102.6,5064163.0
1563926400,102.45,103.99,102.22,102.8,5989181.0
1564012800,102.47,103.47,101.77,102.05,4215087.0
1564099200,102.29,103.9,101.59,103.53,4785832.0
1564358400,103.68,104.39,103.64,103.96,3909648.0
1564444800,103.4,104.23,102.97,103.77,3981449.0
1564531200,103.22,103.8,100.836,101.4,5533366.0
1564617600,101.74,102.97,99.21,99.49,5469572.0
1564704000,99.45,100.14,98.85,99.23,3917864.0
1564963200,97.59,97.6582,96.11,97.04,4685062.0
1565049600,97.2,98.0853,95.9,97.92,4167823.0
1565136000,97.0,98.76,96.01,98.38,3686654.0
1565222400,99.69,100.48,99.16,100.47,3495843.0
1565308800,100.37,100.75,98.18,98.55,5370930.0
1565568000,97.67,97.895,95.95,96.08,2878757.0
1565654400,95.27,98.39,95.15,96.58,5133010.0
1565740800,94.8,95.32,93.54,93.59,5746305.0
1565827200,94.32,94.56,91.82,93.38,4745131.0
1565913600,94.2,94.98,93.38,93.92,4368316.0
1566172800,95.27,96.03,94.65,95.05,7211985.0
1566259200,95.82,99.12,95.38,97.87,9301559.0
1566345600,110.02,110.24,107.11,108.0,19756400.0
1566432000,108.38,108.605,106.93,108.16,7264735.0
1566518400,107.09,107.84,105.755,106.39,5520765.0
1566777600,107.6,107.6,105.55,106.4,4720441.0
1566864000,107.08,107.53,105.98,106.04,3722670.0
1566950400,105.6,108.58,105.32,108.18,4188054.0
1567036800,109.37,112.86,109.06,112.59,5997472.0
1567123200,113.24,113.24,111.84,112.2,4611660.0
1567468800,111.37,112.52,110.65,111.18,3893604.0
1567555200,111.57,112.04,109.5,111.92,4114047.0
1567641600,113.19,115.25,113.02,114.21,3662707.0
1567728000,114.73,115.4,114.09,114.71,3462662.0
1567987200,114.89,115.4,114.04,114.79,3782239.0
1568073600,114.47,115.96,112.95,115.28,4771653.0
1568160000,115.45,115.67,113.145,113.49,4073659.0
1568246400,114.08,115.14,113.86,113.88,3471363.0
1568332800,114.47,115.15,113.15,113.36,3476547.0
1568592000,112.65,113.89,112.14,112.63,2433439.0
1568678400,111.72,112.88,110.88,112.73,2833220.0
1568764800,112.48,113.1418,111.56,112.6,2358126.0
1568851200,112.64,112.88,111.68,111.87,2425078.0
1568937600,112.93,113.19,110.95,110.96,6261592.0
1569196800,110.19,112.02,109.59,110.44,5644597.0
1569283200,111.26,112.22,109.75,110.02,3947625.0
1569369600,110.21,111.25,109.96,110.75,2915149.0
1569456000,111.08,111.42,109.39,110.72,3993389.0
1569542400,111.48,111.84,108.81,109.54,3939603.0
1569801600,109.83,110.3,108.96,109.96,4028065.0
1569888000,110.09,111.925,108.85,109.52,3969748.0
1569974400,109.31,109.31,105.92,106.35,5055502.0
1570060800,106.28,106.7,104.59,106.37,5027743.0
1570147200,106.92,107.79,106.29,107.42,4323319.0
1570406400,107.63,108.96,107.2,108.23,3690282.0
1570492800,106.89,108.23,106.48,106.5,3385135.0
1570579200,107.19,107.66,105.64,106.3,3228483.0
1570665600,106.46,108.5,106.45,108.19,3301010.0
1570752000,109.89,111.65,109.4,110.81,4511822.0
1571011200,110.45,111.241,110.26,110.67,2156990.0
1571097600,111.61,113.0,111.2,112.42,3346517.0
1571184000,112.21,112.78,111.72,112.33,2915472.0
1571270400,112.86,113.42,111.96,112.6,2711541.0
1571356800,112.16,113.12,112.05,112.84,3713073.0
1571616000,113.32,113.81,111.4,111.95,2907836.0
1571702400,111.71,113.53,111.61,112.47,3655344.0
1571788800,111.96,112.265,110.76,111.51,2261579.0
1571875200,111.67,112.9173,110.46,110.87,2167238.0
1571961600,110.59,112.55,110.35,111.58,2260022.0
1572220800,111.97,112.49,111.025,111.64,2489342.0
1572307200,111.27,111.52,109.21,109.53,3034818.0
1572393600,109.88,111.46,109.19,111.28,3064933.0
1572480000,112.34,112.99,110.8,111.61,3413101.0
1572566400,111.92,112.97,110.145,112.95,2801801.0
1572825600,113.06,113.64,111.71,112.62,2517961.0
1572912000,112.66,112.745,111.03,112.2,2360415.0
1572998400,113.0,113.81,111.42,112.67,3229238.0
1573084800,113.45,114.16,112.12,112.6,2656481.0
1573171200,112.74,114.07,112.2626,114.0,2792509.0
1573430400,113.22,114.49,112.72,114.45,2936827.0
1573516800,114.38,115.54,114.1911,114.32,4174632.0
1573603200,112.97,114.41,111.94,112.85,4331526.0
1573689600,113.52,114.84,112.7,114.54,2852445.0
1573776000,115.12,115.7,113.5,115.52,3623193.0
1574035200,115.74,116.8,115.02,115.02,5513349.0
1574121600,115.12,115.12,112.8751,113.4,7160251.0
1574208000,118.28,121.22,116.96,117.83,16114960.0
1574294400,118.99,119.0,116.68,117.02,5747806.0
1574380800,117.09,118.2,116.75,118.2,4473303.0
1574640000,118.82,119.15,116.6884,117.0,4468956.0
1574726400,117.56,118.34,116.95,117.78,4752658.0
1574812800,118.06,118.9573,117.7,118.46,2947744.0
1574985600,118.45,118.75,117.0901,117.31,1596032.0
1575244800,117.6,117.89,115.96,116.0,3324769.0
1575331200,114.8,115.26,113.61,114.55,5149269.0
1575417600,115.0,117.46,114.87,115.46,4147399.0
1575504000,115.97,116.28,114.96,115.58,2651218.0
1575590400,116.18,117.32,116.03,116.28,2463219.0
1575849600,116.33,118.33,116.14,117.87,2628654.0
1575936000,117.78,117.86,116.3815,116.48,2561763.0
1576022400,115.7,117.67,115.23,117.66,3611154.0
1576108800,117.67,118.785,117.2,118.2,2533231.0
1576195200,117.67,118.61,116.82,118.5,3119506.0
1576454400,119.47,121.17,119.275,120.08,3749106.0
1576540800,120.69,121.46,119.23,119.32,3534180.0
1576627200,119.66,120.19,119.27,119.31,3309526.0
1576713600,119.33,120.57,118.9,120.21,4501980.0
1576800000,119.73,120.2772,119.3,119.73,5996119.0
1577059200,120.03,120.5775,119.31,119.59,3190548.0
1577145600,119.59,120.13,119.385,119.77,1126013.0
1577318400,119.93,120.3,119.48,119.73,1714839.0
1577404800,119.86,120.68,119.62,120.23,2419847.0
1577664000,120.55,120.75,118.94,120.05,2327858.0
1577750400,119.57,119.83,118.4437,119.76,2651251.0
1577923200,120.05,120.46,119.26,120.46,2788927.0
1578009600,118.71,119.82,118.05,119.6,2774182.0
1578268800,118.65,120.39,118.3032,120.35,3636175.0
1578355200,120.49,120.6609,119.2067,119.63,4221371.0
1578441600,120.15,122.73,119.58,121.53,4030145.0
1578528000,121.57,122.88,121.5,122.05,2932420.0
1578614400,121.7,121.962,120.93,121.0,2391285.0
1578873600,120.97,121.71,120.7,121.05,3817242.0
1578960000,120.85,121.68,119.622,120.07,3823426.0
1579046400,119.95,120.19,119.195,119.52,3673751.0
1579132800,119.94,120.05,118.88,119.27,3780956.0
1579219200,119.75,122.49,119.58,122.36,5913778.0
1579564800,121.17,121.75,120.16,120.93,3478130.0
1579651200,121.2,122.9,120.7,121.91,4843517.0
1579737600,121.23,123.14,121.05,122.71,3365431.0
1579824000,122.58,122.87,119.48,120.23,3670596.0
1580083200,118.25,120.86,118.25,119.76,3497366.0
1580169600,120.06,121.68,119.22,121.15,3228550.0
1580256000,121.4,122.41,120.36,120.42,2566974.0
1580342400,119.53,120.37,118.57,119.72,3471763.0
1580428800,119.47,119.67,116.09,116.24,4370319.0
1580688000,117.0,119.22,116.715,117.18,3979612.0
1580774400,118.81,120.31,118.32,119.35,4119670.0
1580860800,120.52,122.35,119.93,122.13,3215539.0
1580947200,122.44,122.87,121.5,121.51,2469155.0
1581033600,121.65,121.96,120.79,121.48,2068771.0
1581292800,120.9,121.82,120.455,121.21,2976076.0
1581379200,121.31,123.19,121.16,123.03,2316260.0
1581465600,123.9,125.2,123.62,125.03,2727460.0
1581552000,124.24,125.27,123.97,124.77,2532130.0
1581638400,125.15,125.56,124.49,125.42,2774739.0
1581984000,124.64,125.91,122.82,123.23,3430099.0
1582070400,123.67,124.475,123.16,123.44,3170623.0
1582156800,123.77,126.73,123.01,126.57,4696018.0
1582243200,125.75,126.2,124.42,125.31,3861552.0
1582502400,122.32,124.42,122.01,122.91,5399788.0
1582588800,124.39,124.39,118.52,118.52,6522646.0
1582675200,120.3,120.45,111.96,113.3,12740490.0
1582761600,110.1,112.5371,107.53,107.62,8830090.0
1582848000,104.07,107.17,102.93,106.57,9987816.0
1583107200,107.2,111.18,105.09,111.04,8793951.0
1583193600,111.31,113.03,107.15,108.56,8337606.0
1583280000,110.71,113.55,109.56,113.29,5207114.0
1583366400,110.28,111.2351,106.88,107.52,6619108.0
1583452800,103.95,106.05,102.172,105.31,7887195.0
1583712000,97.82,99.82,93.1501,94.22,8188181.0
1583798400,98.25,104.14,95.05,104.02,9289533.0
1583884800,100.33,103.31,97.759,99.15,6206639.0
1583971200,91.21,94.9,89.11,89.92,9903372.0
1584057600,93.66,96.56,88.38,96.49,10007080.0
1584316800,85.55,87.6,71.18,72.59,14770820.0
1584403200,73.55,75.62,64.25,73.79,15323890.0
1584489600,68.51,70.12,61.0,65.02,11133920.0
1584576000,64.41,73.21,60.0,69.87,12141240.0
1584662400,72.25,72.98,65.53,66.36,11541390.0
1584921600,65.22,69.11,63.05,67.8,9594423.0
1585008000,72.76,77.59,72.05,77.3,9004114.0
1585094400,80.11,86.99,78.315,83.72,9907535.0
1585180800,86.08,90.94,85.95,88.11,10105800.0
1585267200,84.08,89.72,83.4,86.98,6885783.0
1585526400,87.4,89.535,85.43,88.71,5717052.0
1585612800,88.07,88.94,85.53,86.05,5526239.0
1585699200,80.74,83.92,79.08,80.42,8115372.0
1585785600,79.85,83.27,79.25,82.86,8246667.0
1585872000,82.13,84.24,81.15,82.2,6448510.0
1586131200,87.09,89.37,84.0,88.77,9422337.0
1586217600,94.96,96.18,90.75,90.96,7854933.0
1586304000,91.45,94.77,90.59,94.35,4715922.0
1586390400,96.44,98.395,94.77,95.31,6543908.0
1586736000,95.39,95.84,93.04,95.2,5489697.0
1586822400,97.84,99.82,96.82,99.07,5654981.0
1586908800,94.89,95.9,92.56,94.34,7379578.0
1586995200,94.0,96.08,91.79,92.44,9034704.0
1587081600,96.5,98.67,95.34,97.1,7136331.0
1587340800,95.25,97.81,94.53,95.13,5271887.0
1587427200,92.09,93.7,91.49,92.62,5541463.0
1587513600,93.8,96.03,93.161,94.95,4772293.0
1587600000,95.26,96.6616,94.82,94.9,4096215.0
1587686400,96.07,99.66,95.72,98.75,5432695.0
1587945600,99.32,102.97,99.31,101.97,5336463.0
1588032000,105.45,106.57,102.43,103.52,5588369.0
1588118400,106.73,107.8,105.18,106.16,5205478.0
1588204800,104.71,106.722,103.47,104.75,4814059.0
1588291200,102.5,104.69,102.31,104.46,3811309.0
1588550400,103.41,107.38,102.83,107.35,4088055.0
1588636800,108.93,111.69,108.8799,110.15,5237018.0
1588723200,110.29,111.53,108.9461,109.62,4435194.0
1588809600,111.15,113.13,111.07,111.92,3207222.0
1588896000,113.77,114.63,112.1,114.23,3951912.0
1589155200,113.1,114.75,112.5733,113.39,3863707.0
1589241600,114.82,115.05,111.18,111.24,3685234.0
1589328000,111.89,113.39,108.81,110.43,6643319.0
1589414400,107.25,110.42,106.1972,110.39,6097865.0
1589500800,108.71,114.16,108.42,113.78,8950421.0
1589760000,118.0,118.4,116.45,116.73,7741506.0
1589846400,116.0,118.6,115.45,116.87,7040980.0
1589932800,122.61,122.69,115.52,116.99,19289690.0
1590019200,118.9,121.25,117.0011,120.64,9727918.0
1590105600,121.0,122.535,119.07,122.25,6064702.0
1590451200,124.94,125.84,123.3358,123.59,7683963.0
1590537600,125.31,128.46,123.26,128.01,7615454.0
1590624000,128.9,131.4,126.71,128.12,8011337.0
1590710400,128.1,130.53,127.69,130.35,7402414.0
1590969600,129.89,130.14,128.3,129.32,5141545.0
1591056000,131.16,132.46,130.22,131.98,6023238.0
1591142400,132.5,133.39,131.34,132.84,4585179.0
1591228800,131.35,131.87,127.93,128.68,7448654.0
1591315200,130.23,131.39,128.46,130.97,5550395.0
1591574400,130.12,131.24,129.43,130.81,4951579.0
1591660800,129.56,131.43,129.21,129.57,4472629.0
1591747200,130.31,131.24,128.97,130.1,3708386.0
1591833600,127.23,128.805,123.25,123.94,5998558.0
1591920000,126.76,128.39,123.47,126.05,4463104.0
1592179200,123.4,127.97,123.09,127.73,5063425.0
1592265600,131.84,132.15,128.6,131.74,5024975.0
1592352000,133.29,136.78,133.13,135.65,7238823.0
1592438400,135.22,136.04,133.305,134.55,3898088.0
1592524800,137.29,137.29,132.35,133.83,6684331.0
1592784000,132.92,135.02,132.7805,134.72,3449218.0
1592870400,136.39,136.7062,134.17,134.28,3384224.0
1592956800,133.27,134.4507,128.97,131.98,4150138.0
1593043200,131.35,132.01,129.65,131.77,4022797.0
1593129600,132.12,132.84,128.93,129.41,5710869.0
1593388800,130.37,133.54,129.312,133.52,3327977.0
1593475200,134.3,135.94,133.13,135.12,4462362.0
1593561600,135.4,136.29,134.75,135.63,4802519.0
1593648000,137.24,138.179,135.11,135.71,3523089.0
1593993600,137.42,138.25,135.26,135.76,3698717.0
1594080000,134.51,136.76,134.341,135.02,2991690.0
1594166400,135.67,136.36,134.42,135.75,2754018.0
1594252800,136.33,136.94,134.05,135.61,3397972.0
1594339200,136.26,137.64,134.82,137.43,3252341.0
1594598400,138.45,140.79,135.9,136.55,4227187.0
1594684800,136.09,140.17,135.8,140.06,4360894.0
1594771200,142.28,142.34,139.12,141.22,3496199.0
1594857600,141.22,144.94,140.84,142.75,4125056.0
1594944000,144.29,144.63,141.885,144.39,3901389.0
1595203200,143.33,144.71,142.9,144.1,2769027.0
1595289600,143.95,145.9199,143.51,145.0,2628433.0
1595376000,145.16,149.15,145.16,148.54,4612952.0
1595462400,149.3,149.65,145.4,146.5,3664786.0
1595548800,146.79,147.62,145.4,147.03,3740089.0
1595808000,147.23,149.43,147.23,149.12,2791065.0
1595894400,149.3,149.779,147.43,147.71,3571838.0
1595980800,148.04,149.81,148.0,148.71,2732768.0
1596067200,147.87,149.9,146.9,149.2,2575043.0
1596153600,149.47,149.92,146.61,148.91,3928596.0
1596412800,149.9,151.35,149.5,150.27,3137355.0
1596499200,149.75,150.74,148.78,149.67,2381645.0
1596585600,149.94,150.46,148.71,150.26,3050364.0
1596672000,150.25,152.24,149.64,151.19,2450175.0
1596758400,151.95,154.12,151.7,152.78,2904970.0
1597017600,153.23,154.71,153.02,153.72,3065394.0
1597104000,155.06,155.42,152.87,153.87,3722973.0
1597190400,156.13,157.98,154.555,156.63,3792902.0
1597276800,156.36,157.148,155.14,155.7,2272323.0
1597363200,155.57,156.08,153.91,154.34,3404870.0
1597622400,157.26,158.72,155.845,158.41,5159599.0
1597708800,159.8,160.6046,157.0,157.91,5741440.0
1597795200,161.0,162.89,156.26,158.28,9727137.0
1597881600,156.58,159.1627,156.5,158.58,4288539.0
1597968000,159.09,162.08,158.465,161.72,4568809.0
1598227200,163.69,165.65,163.01,165.63,4872703.0
1598313600,166.39,167.43,164.3687,165.92,3490852.0
1598400000,167.66,170.5,167.0306,170.39,5319007.0
1598486400,170.7,171.32,165.34,166.31,4425020.0
1598572800,166.08,166.89,164.09,165.51,3291367.0
1598832000,165.77,166.37,163.6808,164.69,3421317.0
1598918400,164.41,167.64,164.11,167.59,4285439.0
1599004800,167.86,170.83,166.6,170.49,4262700.0
1599091200,169.7,170.48,160.36,161.52,5734405.0
1599177600,162.93,163.17,153.44,156.39,6303827.0
1599523200,153.94,156.86,151.89,153.74,4892810.0
1599609600,155.89,161.19,155.1,159.53,4382558.0
1599696000,160.09,162.93,157.06,158.33,4129178.0
1599782400,160.35,162.59,159.44,161.89,4870777.0
1600041600,163.17,165.8,163.0,165.19,3583326.0
1600128000,167.44,169.88,166.615,169.03,3998096.0
1600214400,170.37,171.72,166.11,166.71,3815603.0
1600300800,163.11,165.92,161.92,163.78,3717813.0
1600387200,161.36,163.85,158.51,160.1,5485112.0
1600646400,157.95,159.62,155.2,159.6,3929497.0
1600732800,160.03,161.79,159.64,161.55,3526263.0
1600819200,162.44,162.91,157.755,158.61,3245543.0
1600905600,158.77,160.8497,156.81,158.52,3889008.0
1600992000,157.9,160.2,156.6,159.55,2828842.0
1601251200,161.59,163.1,160.51,162.59,2815732.0
1601337600,163.48,163.97,162.21,162.26,2212820.0
1601424000,162.98,167.62,162.48,165.86,4198617.0
1601510400,167.34,168.28,165.3698,167.17,2677248.0
1601596800,164.47,167.46,164.05,166.49,2026575.0
1601856000,168.11,168.97,167.01,168.54,2437416.0
1601942400,168.48,168.98,164.42,164.99,2765645.0
1602028800,167.72,169.81,166.635,168.47,2587682.0
1602115200,169.49,171.61,168.2441,170.87,3105667.0
1602201600,171.37,175.0,171.37,173.23,4594018.0
1602460800,174.84,174.84,172.37,172.73,3377890.0
1602547200,172.86,175.94,172.6318,175.33,2987766.0
1602633600,175.12,175.9,171.21,173.61,3476180.0
1602720000,171.56,176.4,171.01,176.15,3632100.0
1602806400,176.79,180.67,176.73,177.7,3879396.0
1603065600,178.23,179.91,174.82,175.13,4073635.0
1603152000,175.5,179.27,174.51,177.09,3604505.0
1603238400,177.04,179.61,174.32,174.5,3431813.0
1603324800,174.94,175.25,170.71,171.25,3267591.0
1603411200,171.46,172.17,169.22,172.14,2963323.0
1603670400,169.97,171.23,165.855,168.13,4380849.0
1603756800,169.05,169.45,165.013,165.14,4425735.0
1603843200,161.29,164.47,159.42,161.42,4947684.0
1603929600,162.26,164.05,160.64,160.75,3697758.0
1604016000,159.87,160.7,155.77,158.1,3949225.0
1604275200,159.89,162.71,158.14,160.23,2978889.0
1604361600,162.37,165.47,161.3,164.65,2908208.0
1604448000,165.41,171.44,165.25,168.22,5006468.0
1604534400,171.42,173.56,168.4,169.25,4088125.0
1604620800,169.4,169.51,167.438,168.52,2673017.0
1604880000,169.5,170.25,152.93,153.45,10765250.0
1604966400,155.6,157.34,153.01,155.71,5925070.0
1605052800,157.64,159.62,157.0,158.0,4551682.0
1605139200,159.28,160.0,156.635,157.98,3894652.0
1605225600,158.43,159.98,157.76,159.23,4079036.0
1605484800,159.07,162.0,158.66,161.9,5005435.0
1605571200,159.8,161.5,156.56,159.86,5642100.0
1605657600,150.37,154.31,146.719,146.74,18087830.0
1605744000,148.59,151.25,148.0,149.6,9393703.0
1605830400,149.33,150.96,148.89,149.93,6015151.0
1606089600,150.28,154.14,150.11,153.67,6987844.0
1606176000,154.45,156.0,153.71,154.96,7192821.0
1606262400,155.33,156.46,154.01,154.88,5228333.0
1606435200,155.69,157.3713,154.06,154.67,2081323.0
1606694400,154.46,155.86,151.39,155.82,7292382.0
1606780800,155.82,156.78,152.72,153.4,6105759.0
1606867200,152.4,153.0,150.44,151.81,5133113.0
1606953600,151.99,153.15,151.36,151.97,4870135.0
1607040000,151.75,152.4,149.83,150.0,4709070.0
1607299200,150.11,152.58,149.31,151.99,7306753.0
1607385600,152.66,153.03,150.46,151.24,6737305.0
1607472000,159.5,160.98,157.22,160.13,11093280.0
1607558400,159.49,161.45,158.0,160.22,6647403.0
1607644800,159.77,160.11,157.48,157.82,5292644.0
1607904000,158.77,162.44,158.37,160.09,4654327.0
1607990400,161.13,164.2931,160.94,163.33,4766801.0
1608076800,164.12,166.19,162.57,163.2,4443487.0
1608163200,164.64,165.405,163.08,163.54,4471539.0
1608249600,163.14,165.32,161.8901,163.2,11916930.0
1608508800,162.02,165.8636,161.27,164.33,5153058.0
1608595200,164.02,165.86,163.6201,164.61,3275626.0
1608681600,165.0,165.63,162.3,162.43,3613660.0
1608768000,162.43,163.2,162.1,162.77,1044638.0
1609113600,163.25,163.83,161.61,162.04,2634983.0
1609200000,162.95,163.3,159.48,160.54,3326108.0
1609286400,160.6,161.6899,160.175,160.56,3227031.0
1609372800,160.61,160.86,159.255,160.51,2335557.0
1609718400,160.77,161.38,157.13,160.38,7243433.0
1609804800,159.44,162.08,159.1249,160.92,3911928.0
1609891200,158.37,165.15,158.0,163.07,4937017.0
1609977600,163.45,164.84,162.7861,163.71,4144388.0
1610064000,163.74,166.25,163.04,165.05,4971508.0
1610323200,164.91,167.4,164.3,166.32,3005368.0
1610409600,166.29,170.24,165.16,168.99,4036911.0
1610496000,170.13,171.69,169.22,169.83,3291825.0
1610582400,170.35,172.58,169.97,170.39,4090919.0
1610668800,168.49,172.01,168.0,171.34,3727244.0
1611014400,172.9,173.81,170.64,170.76,4683073.0
1611100800,171.24,174.05,169.65,172.39,3899972.0
1611187200,173.59,175.07,172.26,172.34,5323189.0
1611273600,171.89,174.12,171.0301,172.4,3612323.0
1611532800,172.91,175.145,171.44,174.1,4764237.0
1611619200,174.29,174.9,173.0,173.7,2496297.0
1611705600,171.04,171.86,167.04,167.71,4762674.0
1611792000,168.89,173.73,167.76,172.34,3816635.0
1611878400,171.55,171.8,166.5,166.85,4400488.0
1612137600,167.12,168.19,162.14,163.37,3898535.0
1612224000,163.88,167.79,163.44,166.66,3182202.0
1612310400,166.26,170.22,166.11,169.88,2996757.0
1612396800,170.53,173.14,169.81,173.03,2679813.0
1612483200,174.68,175.2,173.19,175.03,2562845.0
1612742400,175.98,179.21,175.51,179.17,3422083.0
1612828800,178.83,179.46,177.38,177.78,2724077.0
1612915200,179.0,179.0,175.14,177.24,2837880.0
1613001600,176.99,177.6386,174.88,175.73,2783923.0
1613088000,175.77,177.67,175.41,177.16,2035571.0
1613433600,176.27,177.3,173.93,174.06,2947651.0
1613520000,173.85,177.47,173.4962,177.13,2278889.0
1613606400,175.96,178.05,175.345,177.16,2758921.0
1613692800,177.51,179.095,176.78,177.54,2841998.0
1613952000,176.22,176.485,172.2,172.41,3767706.0
1614038400,170.75,170.91,165.0,168.59,5149516.0
1614124800,168.66,169.61,160.11,162.31,9972310.0
1614211200,163.49,163.5,157.95,158.52,6639320.0
1614297600,160.34,162.42,159.13,159.75,6030418.0
1614556800,160.76,163.5,160.76,161.94,3361327.0
1614643200,162.43,164.79,162.4,163.05,4330969.0
1614729600,162.19,162.83,158.23,158.29,5238504.0
1614816000,157.17,158.28,150.84,153.77,7792734.0
1614902400,154.95,159.09,151.07,158.58,5143052.0
1615161600,159.74,165.3,159.29,162.92,4613427.0
1615248000,165.74,169.2199,165.0,165.99,4585161.0
1615334400,167.0,170.395,166.46,168.46,3394910.0
1615420800,170.82,173.13,170.3608,170.75,4989587.0
1615507200,170.08,171.83,169.23,171.55,3638686.0
1615766400,172.56,175.31,172.56,174.2,3745517.0
1615852800,174.02,176.52,173.97,175.33,3737227.0
1615939200,174.81,175.9199,173.88,174.44,3119925.0
1616025600,172.91,176.63,172.31,174.87,3888064.0
1616112000,174.24,180.55,174.24,179.49,8525104.0
1616371200,179.55,183.6,178.34,181.89,4700154.0
1616457600,181.25,183.8,179.94,180.4,3324449.0
1616544000,181.12,184.15,180.65,180.68,3555416.0
1616630400,179.71,186.17,179.5195,185.17,4543280.0
1616716800,185.84,191.85,185.34,191.61,4795152.0
1616976000,192.0,192.91,187.79,188.62,3970939.0
1617062400,186.89,191.02,186.7,190.02,3547575.0
1617148800,190.99,192.18,189.17,190.18,3564357.0
1617235200,191.2,191.88,189.69,191.32,3192229.0
1617580800,191.86,194.67,191.25,193.73,3507184.0
1617667200,192.89,194.97,192.49,194.2,2917930.0
1617753600,193.5,194.7499,192.68,193.67,3276259.0
1617840000,194.27,195.11,193.285,194.21,2684463.0
1617926400,195.4,198.67,194.3,198.51,3168770.0
1618185600,198.16,200.9772,198.16,200.65,3647875.0
1618272000,200.71,201.22,199.02,199.72,2964525.0
1618358400,201.05,204.18,200.72,201.52,3371879.0
1618444800,200.65,205.07,200.61,204.57,3656292.0
1618531200,206.57,208.9807,205.27,208.25,6359772.0
1618790400,206.01,207.2946,203.49,204.01,3828801.0
1618876800,203.42,204.0,200.43,202.77,3006194.0
1618963200,203.8,204.93,203.22,203.91,2716757.0
1619049600,203.88,204.85,199.24,201.3,3712957.0
1619136000,201.79,201.89,199.51,200.93,3634022.0
1619395200,200.83,200.93,198.3,199.19,3017006.0
1619481600,200.07,201.13,198.68,199.05,3453852.0
1619568000,199.74,199.84,195.7,196.06,4939169.0
1619654400,197.31,199.43,196.93,198.44,3860273.0
1619740800,197.8,198.255,195.27,196.25,4255564.0
1620000000,198.75,200.075,197.87,199.2,4629549.0
1620086400,198.7,200.49,196.78,200.3,4150088.0
1620172800,201.54,203.1,198.8,200.0,2512020.0
1620259200,201.3,206.06,200.43,205.94,4525204.0
1620345600,206.06,209.24,204.7,208.4,3695125.0
1620604800,209.54,215.22,208.51,211.31,4476915.0
1620691200,208.01,209.66,201.2201,205.34,4449217.0
1620777600,203.2,203.97,194.8,195.54,5406645.0
1620864000,197.83,202.75,197.6,200.34,4495509.0
1620950400,201.71,202.22,197.22,198.91,3742979.0
1621209600,197.64,198.7,192.13,194.13,5794274.0
1621296000,194.0,196.0,191.72,192.75,5691482.0
1621382400,189.54,191.65,186.38,190.72,6797914.0
1621468800,191.76,194.89,191.3801,193.41,4397664.0
1621555200,194.35,195.87,191.33,192.47,4032744.0
1621814400,193.24,193.52,190.51,190.66,3396434.0
1621900800,191.17,193.33,190.61,193.02,4089275.0
1621987200,192.59,194.25,192.52,193.6,3565939.0
1622073600,194.34,195.62,193.57,193.77,5126469.0
1622160000,197.0,197.84,194.68,194.83,3619589.0
1622505600,195.0,196.1,191.54,191.85,4105632.0
1622592000,192.3,193.18,190.0634,190.77,3997711.0
1622678400,190.0,190.83,188.48,190.3,3469466.0
1622764800,190.38,191.39,188.29,189.91,4210681.0
1623024000,189.95,191.11,188.54,190.25,2913482.0
1623110400,191.16,192.69,190.25,191.4,3604841.0
1623196800,192.0,192.5,190.36,190.6,3638947.0
1623283200,190.87,191.65,187.35,188.78,3905835.0
1623369600,189.88,191.69,189.3,190.81,3127773.0
1623628800,190.12,190.5,188.21,189.66,3257722.0
1623715200,189.47,189.65,186.75,187.88,4472613.0
1623801600,188.0,188.2,184.58,186.2,4176146.0
1623888000,186.5,188.16,184.4649,186.84,4260944.0
1623974400,184.73,187.9,184.49,186.88,9316869.0
1624233600,187.97,190.54,187.69,188.88,4539680.0
1624320000,189.92,192.68,189.57,191.72,3995715.0
1624406400,191.15,192.17,190.845,191.14,2836086.0
1624492800,192.68,193.09,190.93,191.75,2768003.0
1624579200,192.12,192.86,191.2,192.66,4149785.0
1624838400,192.59,194.17,191.375,193.21,2510639.0
1624924800,193.04,195.845,193.04,194.2,2628892.0
1625011200,194.13,195.26,193.85,193.97,2716109.0
1625097600,194.5,196.1,193.8478,195.82,2456346.0
1625184000,196.39,196.52,195.21,195.71,2553453.0
1625529600,195.8,196.38,192.78,194.75,2588629.0
1625616000,193.67,196.46,193.29,195.88,3647371.0
1625702400,193.39,194.15,191.16,192.8,3993821.0
1625788800,194.18,196.75,194.18,195.33,2436359.0
1626048000,194.9,196.42,194.31,195.57,2405689.0
1626134400,195.93,196.15,193.7363,194.28,3192075.0
1626220800,195.17,195.4,192.6,192.74,2943386.0
1626307200,191.52,195.93,191.52,195.75,3187979.0
1626393600,196.94,198.86,195.82,196.14,4920693.0
1626652800,191.98,193.6659,190.04,192.9,5213961.0
1626739200,191.68,195.41,191.17,194.11,2882733.0
1626825600,194.56,195.43,193.93,195.13,2112874.0
1626912000,196.11,196.96,194.79,196.77,3244279.0
1626998400,198.0,201.42,197.61,200.84,3358116.0
1627257600,196.31,197.91,193.84,197.74,3422176.0
1627344000,197.68,197.72,191.49,193.51,4106073.0
1627430400,193.67,195.3854,192.0,192.39,2152764.0
1627516800,193.25,194.3199,191.96,193.62,2532817.0
1627603200,192.6,195.3,192.42,192.69,2841591.0
1627862400,193.81,194.22,190.85,190.96,3051665.0
1627948800,191.58,194.61,191.47,193.95,2335367.0
1628035200,193.06,194.28,189.81,189.9,3162398.0
1628121600,190.97,192.58,189.99,190.68,2335758.0
1628208000,191.73,192.6,189.82,190.16,2855017.0
1628467200,189.75,190.16,187.84,187.99,2296182.0
1628553600,188.14,190.86,187.37,189.73,2548402.0
1628640000,191.29,194.71,191.0,194.52,3367253.0
1628726400,194.26,194.9188,190.79,192.0,2754081.0
1628812800,191.93,192.35,189.76,190.51,2400926.0
1629072000,189.94,193.89,189.14,193.48,3486642.0
1629158400,187.43,187.85,182.08,182.26,8256370.0
1629244800,189.25,203.7199,188.5,199.73,16992720.0
1629331200,198.75,203.32,198.46,202.59,5378332.0
1629417600,202.75,208.89,202.56,208.21,4915661.0
1629676800,208.81,209.49,205.73,206.06,4195205.0
1629763200,206.16,206.45,202.85,203.39,4110644.0
1629849600,203.41,206.83,203.07,206.18,2628833.0
1629936000,205.29,206.98,204.05,205.65,3250430.0
1630022400,205.37,207.53,204.75,205.9,3128212.0
1630281600,208.45,209.41,204.89,204.99,3986280.0
1630368000,206.37,206.59,203.325,203.89,4877879.0
1630454400,204.55,205.04,201.55,203.43,2835036.0
1630540800,203.77,206.63,203.7,206.15,2656307.0
1630627200,204.9,206.83,204.15,205.98,2260908.0
1630972800,205.7,207.24,204.905,205.15,2591895.0
1631059200,204.35,204.4192,201.5,204.09,3344859.0
1631145600,204.47,204.7167,202.49,203.01,2566245.0
1631232000,204.78,206.58,204.16,204.33,2505756.0
1631491200,205.72,207.2399,204.75,206.05,3159040.0
1631577600,206.55,207.405,203.92,204.17,2488582.0
1631664000,204.17,206.21,201.48,205.61,2956611.0
1631750400,205.66,209.33,205.66,208.48,3365599.0
1631836800,207.36,211.98,207.36,209.03,5835397.0
1632096000,206.52,208.46,203.03,205.27,3640389.0
1632182400,206.66,208.23,205.36,206.27,2681274.0
1632268800,208.05,210.28,206.73,208.89,3169203.0
1632355200,210.0,211.65,207.79,207.98,3128815.0
1632441600,208.07,208.8,206.89,207.87,2275876.0
1632700800,207.63,212.25,207.5,210.63,2886211.0
1632787200,209.1,209.46,204.6942,205.43,4030423.0
1632873600,206.16,208.35,205.92,207.1,2678368.0
1632960000,206.93,207.4568,202.27,202.86,3829021.0
1633046400,203.73,205.41,201.83,203.7,3016400.0
1633305600,202.84,204.59,201.58,204.51,5195641.0
1633392000,205.87,207.75,204.16,204.27,3483142.0
1633478400,202.9,205.1894,201.91,204.0,3079628.0
1633564800,205.92,209.61,205.615,207.9,3001146.0
1633651200,205.59,207.76,204.4502,206.16,3042044.0
1633910400,208.11,211.74,207.84,208.85,3267889.0
1633996800,209.85,211.7299,209.73,209.8,2793550.0
1634083200,210.63,213.63,210.6,212.12,3275725.0
1634169600,214.34,216.56,213.44,216.45,3177235.0
1634256000,218.76,219.99,217.39,219.16,2930548.0
1634515200,218.4,222.71,218.27,221.74,2785992.0
1634601600,221.85,223.77,221.512,222.91,2976253.0
1634688000,224.0,225.2999,222.6895,225.01,2293870.0
1634774400,224.91,227.66,224.51,227.42,2883245.0
1634860800,227.48,229.86,227.48,228.77,2207451.0
1635120000,228.55,232.1822,228.11,231.82,3018519.0
1635206400,233.11,233.67,230.5,231.07,2801056.0
1635292800,231.62,234.96,231.62,231.77,2801745.0
1635379200,232.96,234.6828,231.25,231.76,2421697.0
1635465600,230.78,234.7399,230.5,233.82,3316325.0
1635724800,235.0,235.9,230.21,231.75,3861604.0
1635811200,232.32,234.14,231.29,233.03,2167348.0
1635897600,232.89,234.68,232.08,234.3,2629344.0
1635984000,235.0,238.93,234.94,237.78,2508823.0
1636070400,239.0,239.27,235.05,235.54,2356480.0
1636329600,236.55,238.075,233.161,234.79,2797387.0
1636416000,235.055,237.27,233.04,233.91,2307588.0
1636502400,232.62,235.779,231.31,232.55,2403123.0
1636588800,234.32,234.7301,231.295,232.32,1921436.0
1636675200,234.43,236.715,232.06,236.32,2462903.0
1636934400,236.1,237.15,234.33,234.92,2219943.0
1637020800,240.6,246.7172,239.3925,244.78,5223229.0
1637107200,250.02,255.22,245.25,245.73,6823898.0
1637193600,246.45,250.0,245.23,247.38,3468889.0
1637280000,247.77,250.74,245.75,249.52,3685521.0
1637539200,250.26,256.39,249.847,252.35,4460971.0
1637625600,251.14,252.67,248.6,251.91,2550700.0
1637712000,249.42,253.41,249.0,252.63,1952637.0
1637884800,249.62,252.11,247.15,247.69,1890971.0
1638144000,250.31,252.49,248.38,248.58,3209064.0
1638230400,247.76,250.44,244.51,244.59,6236008.0
1638316800,248.3,252.37,245.22,245.34,4019688.0
1638403200,247.01,251.68,245.84,250.39,3706711.0
1638489600,252.52,253.8499,247.07,248.69,3972165.0
1638748800,252.49,254.3299,250.42,251.18,3008545.0
1638835200,253.505,257.54,252.3987,256.91,3405621.0
1638921600,256.59,258.63,254.55,256.74,3820799.0
1639008000,255.77,260.815,254.86,258.15,3812705.0
1639094400,258.41,261.48,257.72,261.38,2547664.0
1639353600,262.85,263.31,256.29,257.24,3915269.0
1639440000,255.92,256.815,250.51,252.46,5100578.0
1639526400,249.6,258.34,249.25,257.54,4939283.0
1639612800,259.23,259.5,253.1,253.24,4457213.0
1639699200,252.34,253.29,247.45,248.09,10175910.0
1639958400,245.22,245.94,242.3,245.62,3900882.0
1640044800,247.71,248.41,243.58,246.98,2963847.0
1640131200,247.11,249.95,246.13,249.7,1772047.0
1640217600,250.24,251.71,249.04,250.09,2060478.0
1640563200,251.14,253.78,251.14,253.7,1590318.0
1640649600,254.0,254.89,252.82,254.02,1531542.0
1640736000,255.01,258.54,254.96,257.57,1617702.0
1640822400,258.35,259.25,256.06,256.39,1488100.0
1640908800,256.15,259.77,255.85,258.48,1774222.0
1641168000,259.2,260.195,253.07,255.51,5305697.0
1641254400,255.64,260.83,255.595,259.81,3638211.0
1641340800,258.71,259.44,254.72,254.75,3808574.0
1641427200,257.64,258.45,255.0,257.79,3616309.0
1641513600,255.7,257.38,250.7125,251.09,4945544.0
1641772800,247.89,248.1,240.565,247.69,6292571.0
1641859200,247.91,249.95,244.675,249.5,3414950.0
1641945600,251.19,254.71,249.94,250.72,2825576.0
1642032000,253.08,253.75,250.09,250.7,2243611.0
1642118400,247.3,248.7,241.47,243.4,3258477.0
1642464000,239.2,239.595,234.27,238.41,4612577.0
1642550400,239.63,241.16,234.27,234.7,4146791.0
1642636800,236.27,237.59,223.34,223.93,5946565.0
1642723200,222.89,229.85,221.5,225.02,5724411.0
1642982400,220.53,232.71,220.2,232.35,4912593.0
1643068800,227.5,231.94,224.51,230.01,4099153.0
1643155200,232.56,234.9999,225.74,228.1,4349153.0
1643241600,230.66,233.17,223.95,225.93,3426116.0
1643328000,227.99,235.14,224.48,234.99,3215463.0
1643587200,233.99,237.61,232.66,237.35,4486036.0
1643673600,238.45,239.4799,233.815,238.35,2723824.0
1643760000,238.61,240.71,236.45,239.11,2442894.0
1643846400,236.0,239.49,233.81,234.11,2512234.0
1643932800,234.15,234.15,225.17,229.07,3456689.0
1644192000,230.52,230.98,224.53,227.02,2990056.0
1644278400,227.2,232.62,225.86,231.76,2572444.0
1644364800,234.52,236.48,232.84,233.66,2115334.0
1644451200,230.69,232.86,225.79,227.4,3053766.0
1644537600,227.52,229.72,224.76,225.91,2192806.0
1644796800,223.77,227.02,223.115,225.95,2025703.0
1644883200,228.31,230.06,226.98,228.1,1846100.0
1644969600,226.52,228.17,223.51,227.01,2461400.0
1645056000,225.93,227.22,223.25,223.79,2482353.0
1645142400,222.95,225.72,220.415,222.69,4241661.0
1645488000,218.29,221.45,210.76,214.59,7641105.0
1645574400,222.0,227.75,214.13,215.09,8936864.0
1645660800,209.69,214.26,206.24,213.41,5749345.0
1645747200,214.27,219.69,210.21,219.18,4613281.0
1646006400,217.26,221.3,215.82,221.06,5440555.0
1646092800,221.38,224.44,220.23,221.5,3953236.0
1646179200,220.6,230.01,220.11,228.66,4513727.0
1646265600,229.12,230.72,225.06,226.28,3180721.0
1646352000,224.58,226.685,221.75,224.07,3145816.0
1646611200,224.03,227.98,222.08,222.26,4022744.0
1646697600,222.26,229.62,222.08,223.26,3726146.0
1646784000,227.98,230.28,225.59,225.88,3428704.0
1646870400,223.0,224.39,219.09,224.17,3318890.0
1646956800,223.9,227.56,221.99,222.21,2616309.0
1647216000,223.98,227.71,221.08,226.51,3607706.0
1647302400,227.8,232.345,227.51,231.07,3413674.0
1647388800,233.13,234.43,226.79,231.33,3497382.0
1647475200,230.0,234.41,228.315,234.38,3323855.0
1647561600,231.65,236.26,229.93,235.67,9149965.0
1647820800,236.5,238.37,225.69,227.6,4349172.0
1647907200,227.65,229.87,225.355,228.47,3248750.0
1647993600,227.0,227.95,219.8301,220.92,3728128.0
1648080000,220.83,221.96,217.96,219.17,3399162.0
1648166400,220.73,220.96,211.39,212.92,6832850.0
1648425600,211.38,213.9,207.42,213.78,6579600.0
1648512000,217.76,221.335,216.54,219.57,4993689.0
1648598400,215.75,217.15,208.93,209.49,7090934.0
1648684800,206.85,208.74,201.99,202.19,7318469.0
1648771200,204.1,204.16,201.4,202.4,4827182.0
1649030400,201.545,204.26,199.77,204.12,5427547.0
1649116800,203.21,208.14,201.67,204.87,4707282.0
1649203200,201.2,202.85,196.64,200.65,6356121.0
1649289600,199.11,204.2,197.55,202.64,4411564.0
1649376000,201.03,207.72,200.54,206.66,5065517.0
1649635200,204.66,208.45,203.35,204.59,3576161.0
1649721600,209.01,210.59,203.4,204.14,4354856.0
1649808000,203.63,206.85,203.22,205.51,2803473.0
1649894400,206.23,207.3,201.03,201.28,4001575.0
1650240000,200.62,202.0,197.33,198.52,3800438.0
1650326400,198.17,203.51,197.7,203.04,3392926.0
1650412800,205.84,210.06,205.188,208.74,3906051.0
1650499200,210.42,210.845,204.28,205.03,3797609.0
1650585600,204.12,204.31,196.1,197.06,4216309.0
1650844800,197.05,200.74,194.67,200.38,3895913.0
1650931200,198.91,204.37,198.24,199.59,3959126.0
1651017600,199.25,203.455,198.97,199.57,3028244.0
1651104000,201.62,207.145,200.03,205.14,3250689.0
1651190400,203.49,205.18,197.08,197.73,4217600.0
1651449600,198.12,204.65,197.72,203.14,3697789.0
1651536000,202.47,204.93,200.21,201.63,3002576.0
1651622400,200.73,207.96,198.25,207.16,4452366.0
1651708800,203.91,204.61,193.52,195.92,4262901.0
1651795200,194.17,195.45,189.66,192.29,3910713.0
1652054400,189.59,198.47,188.25,196.07,3998316.0
1652140800,198.11,199.04,190.25,192.13,3638724.0
1652227200,192.84,195.19,187.3,187.77,4598202.0
1652313600,187.77,194.835,187.23,191.7,4292960.0
1652400000,191.27,197.41,190.35,194.0,2911878.0
1652659200,192.57,196.22,189.495,194.73,4405388.0
1652745600,198.92,199.47,187.8688,194.03,8209965.0
1652832000,187.5,191.46,179.755,183.82,7847561.0
1652918400,182.68,191.81,182.68,187.86,5132247.0
1653004800,188.93,189.26,179.22,184.69,5722556.0
1653264000,186.5,186.83,181.39,186.25,3546848.0
1653350400,184.98,187.8,182.39,184.62,4486453.0
1653436800,182.6,189.89,182.26,188.55,3986461.0
1653523200,190.57,197.045,190.28,195.53,3338117.0
1653609600,196.72,199.66,195.87,199.63,2779220.0
1653955200,197.6,198.75,194.39,195.3,4733916.0
1654041600,196.39,197.14,191.64,191.72,3290348.0
1654128000,192.56,196.22,191.75,196.13,3359184.0
1654214400,193.97,197.95,193.25,195.45,2262787.0
1654473600,196.0,198.78,194.2029,196.77,2691594.0
1654560000,190.35,196.2,189.01,195.65,3269772.0
1654646400,193.9,194.71,191.38,192.45,2775810.0
1654732800,192.11,198.74,191.9,194.28,2999674.0
1654819200,189.3,192.24,186.15,186.33,3565302.0
1655078400,182.33,184.5,180.11,181.26,3899277.0
1655164800,180.83,182.86,176.43,177.94,4037325.0
1655251200,179.4,181.015,176.3,179.01,4127799.0
1655337600,174.5,174.93,170.48,171.61,5536507.0
1655424000,170.935,175.275,170.14,172.47,8498950.0
1655769600,176.09,176.415,171.39,172.38,4753347.0
1655856000,171.34,175.37,170.12,173.6,4437993.0
1655942400,174.52,176.44,173.6,176.33,3611682.0
1656028800,177.76,182.94,177.13,182.84,5346188.0
1656288000,183.0,185.32,182.125,184.22,2829378.0
1656374400,184.48,185.61,174.57,174.72,4992125.0
1656460800,174.97,177.39,174.16,176.1,2802682.0
1656547200,172.04,176.08,170.76,174.67,4415419.0
1656633600,175.83,178.59,174.64,177.36,3095545.0
1656979200,175.05,179.935,174.48,179.88,3227129.0
1657065600,180.78,182.95,177.44,179.06,2177656.0
1657152000,179.87,182.08,178.825,181.57,2935689.0
1657238400,180.9,182.96,179.42,181.63,2024782.0
1657497600,181.224,183.0,179.66,180.11,2285164.0
1657584000,181.99,185.395,180.095,181.0,3184728.0
1657670400,178.77,183.77,177.55,182.37,2935421.0
1657756800,179.41,182.95,178.69,182.66,3262080.0
1657843200,185.71,186.14,183.96,185.0,2901426.0
1658102400,186.605,189.08,185.19,185.79,2965993.0
1658188800,186.57,189.56,184.82,188.78,2683876.0
1658275200,188.39,191.44,187.99,191.03,2427275.0
1658361600,191.24,193.78,189.42,193.56,3266101.0
1658448000,194.82,199.12,194.24,195.58,3329487.0
1658707200,195.7,195.85,193.17,194.8,2492199.0
1658793600,188.18,190.97,187.605,188.6,3647204.0
1658880000,188.7,190.89,183.7,189.92,3714121.0
1658966400,187.49,191.72,183.74,190.8,6034590.0
1659052800,189.81,192.485,188.72,191.53,4507128.0
1659312000,191.55,195.26,191.28,194.09,3349467.0
1659398400,193.27,193.4,187.87,187.95,3401823.0
1659484800,189.63,195.978,189.63,195.42,3292746.0
1659571200,195.76,199.05,195.42,197.16,3534251.0
1659657600,195.89,199.23,195.33,199.08,2409730.0
1659916800,200.0,204.31,199.78,201.84,3042755.0
1660003200,200.75,200.75,193.72,195.2,3914537.0
1660089600,199.27,201.66,198.6,201.43,4094417.0
1660176000,200.1,204.289,200.07,202.18,3337506.0
1660262400,203.35,206.6,201.73,206.47,3014054.0
1660521600,206.0,209.02,204.9,208.04,4075486.0
1660608000,206.66,217.39,206.5,214.12,5892219.0
1660694400,212.01,221.19,211.5,215.37,8082124.0
1660780800,215.11,218.0945,214.57,216.47,3011833.0
1660867200,215.5,215.8365,209.85,211.36,3347472.0
1661126400,209.21,212.5776,208.48,209.99,4136594.0
1661212800,210.0,211.36,207.28,207.47,2533885.0
1661299200,206.81,210.545,205.78,208.41,2634446.0
1661385600,208.59,211.17,207.95,210.96,2634866.0
1661472000,211.73,212.63,200.94,200.99,3720486.0
1661731200,200.12,203.609,199.08,201.07,3273815.0
1661817600,202.46,203.3,196.41,197.22,3906978.0
1661904000,197.1,197.425,194.0,194.14,5145146.0
1661990400,193.79,195.95,192.61,195.76,3462176.0
1662076800,197.4,199.03,194.2948,195.51,3165925.0
1662422400,196.17,196.81,191.25,192.96,3128847.0
1662508800,193.71,201.94,193.58,201.3,4086611.0
1662595200,200.65,204.51,198.73,204.38,3564194.0
1662681600,203.98,206.53,203.3207,205.65,3176502.0
1662940800,206.0,209.415,205.5,206.4,3218785.0
1663027200,201.26,202.89,192.95,193.63,4441373.0
1663113600,194.55,195.22,190.21,192.39,3963670.0
1663200000,193.32,194.49,190.01,191.04,3309679.0
1663286400,189.0,193.0677,188.75,191.81,10187850.0
1663545600,190.91,195.9,190.67,195.1,3351878.0
1663632000,192.62,194.18,188.68,190.41,3650226.0
1663718400,191.91,194.805,188.32,188.36,2925726.0
1663804800,188.0,189.78,186.5102,188.12,2864643.0
1663891200,186.75,189.1599,185.562,188.13,3382504.0
1664150400,188.06,190.0,185.69,186.02,2938703.0
1664236800,187.94,190.855,186.2106,187.67,3866498.0
1664323200,192.45,195.47,190.14,194.53,5384929.0
1664409600,192.0,192.43,188.81,190.46,3622750.0
1664496000,189.43,191.085,185.9605,187.81,6049011.0
1664755200,191.61,195.8,191.03,193.92,4346473.0
1664841600,196.97,199.66,196.33,197.42,4139074.0
1664928000,195.32,200.32,194.0,199.03,3196077.0
1665014400,198.45,202.29,198.32,199.98,3305087.0
1665100800,198.02,198.51,195.34,197.21,3467037.0
1665360000,195.95,196.96,192.705,194.9,2449746.0
1665446400,194.94,198.365,193.97,196.43,2765991.0
1665532800,197.79,198.375,193.78,193.87,2354000.0
1665619200,189.83,194.93,185.48,193.16,4851092.0
1665705600,194.84,196.96,188.73,188.96,4143263.0
1665964800,192.25,195.215,192.09,194.09,3504756.0
1666051200,196.2,198.565,192.56,193.2,3804253.0
1666137600,187.28,188.47,180.22,183.94,5362452.0
1666224000,183.39,185.4,177.47,178.3,4095592.0
1666310400,178.14,182.67,176.5,182.37,3583575.0
1666569600,183.58,188.51,183.58,187.61,3705003.0
1666656000,189.9,195.08,188.89,193.85,3245708.0
1666742400,194.23,195.61,191.28,193.55,2567321.0
1666828800,195.24,196.48,192.53,193.66,2457637.0
1666915200,193.5,199.74,192.85,198.73,3292225.0
1667174400,196.99,197.965,194.36,194.95,3550336.0
1667260800,198.0,199.74,192.28,193.55,3260207.0
1667347200,193.19,194.68,185.53,185.71,4539660.0
1667433600,180.85,182.86,178.71,179.82,4187460.0
1667520000,182.78,187.85,178.3,182.15,4623564.0
1667779200,183.57,187.8,181.04,186.56,2715511.0
1667865600,188.06,190.01,185.78,188.36,2880906.0
1667952000,187.31,191.27,186.305,186.63,3007351.0
1668038400,195.31,204.74,195.3,204.32,4837244.0
1668124800,205.09,211.26,204.51,209.02,4272464.0
1668384000,208.43,210.47,204.23,204.66,4164981.0
1668470400,206.75,211.25,203.82,208.84,5127810.0
1668556800,212.09,221.42,211.6,215.13,8173082.0
1668643200,212.5,212.99,205.37,208.4,3509736.0
1668729600,211.82,211.84,206.41,209.93,2912756.0
1668988800,210.13,210.8096,208.23,210.27,2326785.0
1669075200,211.65,215.53,211.07,214.47,2845905.0
1669161600,215.23,215.7,210.02,211.02,2593950.0
1669334400,211.36,211.83,210.01,210.97,975678.0
1669593600,210.39,211.47,208.515,209.04,2202367.0
1669680000,208.0,208.6506,206.62,207.47,1980888.0
1669766400,206.11,212.965,203.25,212.55,4701568.0
1669852800,214.79,216.715,212.71,215.48,2735131.0
1669939200,212.4,216.6,211.5,214.84,3242449.0
1670198400,210.91,211.605,205.4,206.18,3308476.0
1670284800,205.21,205.71,199.0,201.91,3627519.0
1670371200,202.76,209.99,202.26,206.89,3999395.0
1670457600,205.0,206.41,202.46,203.56,3150188.0
1670544000,201.0,204.61,200.2,201.77,3226910.0
1670803200,202.29,205.1,201.04,205.08,2720027.0
1670889600,216.71,217.83,208.92,211.22,4168645.0
1670976000,210.95,216.63,210.06,212.11,3727712.0
1671062400,208.61,209.72,205.49,208.02,3374053.0
1671148800,206.36,207.36,203.32,206.14,9543471.0
1671408000,205.35,205.94,201.99,203.17,2442444.0
1671494400,201.19,202.13,197.69,200.86,2372187.0
1671580800,202.93,203.62,200.27,202.43,2345410.0
1671667200,198.52,200.225,195.27,199.15,2414946.0
1671753600,198.42,202.32,197.02,201.88,1469299.0
1672099200,201.69,203.99,201.31,201.71,2076600.0
1672185600,201.96,203.4999,199.63,200.06,1419898.0
1672272000,201.68,203.12,201.3,202.26,1270947.0
1672358400,200.03,200.5,197.21,199.24,2154647.0
1672704000,201.49,202.3,197.14,199.04,2602208.0
1672790400,201.43,202.35,197.51,201.39,2507434.0
1672876800,199.3,201.44,197.48,200.77,1942252.0
1672963200,200.73,201.79,194.45,200.97,3121509.0
1673222400,202.42,204.1299,199.34,199.44,2748474.0
1673308800,199.92,201.67,198.54,201.4,2200918.0
1673395200,202.16,208.72,202.15,208.59,2780964.0
1673481600,210.26,211.57,206.59,210.26,2690152.0
1673568000,207.81,213.556,207.81,212.16,3875862.0
1673913600,212.17,214.98,209.2475,209.52,2943807.0
1674000000,210.72,214.18,208.11,208.5,3575106.0
1674086400,207.505,207.9,201.19,202.13,3508807.0
1674172800,201.36,204.99,198.665,204.53,3517607.0
1674432000,203.52,206.91,201.79,205.11,3473698.0
1674518400,202.61,206.58,202.61,206.41,2862499.0
1674604800,204.52,206.289,201.84,206.11,2283441.0
1674691200,204.35,208.77,201.6394,201.81,3426079.0
1674777600,201.45,203.42,200.435,202.49,2907889.0
1675036800,201.97,204.56,201.15,201.91,2786376.0
1675123200,203.25,208.33,202.5,208.25,3415828.0
1675209600,207.455,215.14,204.39,213.56,3363932.0
1675296000,216.05,223.31,215.98,221.56,4156769.0
1675382400,217.14,218.39,214.82,215.97,3047868.0
1675641600,214.25,216.84,214.06,215.87,2380640.0
1675728000,212.89,215.57,210.42,214.73,2552300.0
1675814400,214.21,214.21,211.07,212.76,2421051.0
1675900800,214.77,215.24,207.96,208.64,2386806.0
1675987200,207.46,208.93,206.33,208.78,1836457.0
1676246400,209.3,214.3,207.43,214.14,2363984.0
1676332800,212.03,215.12,211.14,213.76,2316568.0
1676419200,212.35,215.5,211.27,215.03,1851560.0
1676505600,210.2,216.0682,209.62,214.01,2479039.0
1676592000,213.24,213.71,208.9,212.75,3462070.0
1676937600,205.27,206.9,201.22,201.85,3942873.0
1677024000,201.21,204.44,200.06,202.63,2667375.0
1677110400,202.56,203.75,199.13,202.21,2332267.0
1677196800,199.79,202.59,198.46,201.54,2163697.0
1677456000,204.33,206.49,203.44,204.24,2765044.0
1677542400,203.98,208.275,203.3,205.75,4391371.0
1677628800,205.44,205.64,191.2714,194.31,9814299.0
1677715200,192.66,195.4489,192.03,195.1,4097297.0
1677801600,195.78,200.55,195.0593,199.73,3483230.0
1678060800,200.3,203.71,200.06,201.57,3160916.0
1678147200,202.49,202.49,197.26,197.41,3320205.0
1678233600,198.215,202.08,197.69,201.14,2670533.0
1678320000,202.09,204.05,198.54,199.05,2440684.0
1678406400,199.12,201.69,196.09,196.66,2986817.0
1678665600,195.735,201.39,194.73,197.55,3116451.0
1678752000,199.4,200.09,193.82,196.83,3909236.0
1678838400,195.84,200.45,194.61,198.59,3794220.0
1678924800,197.57,200.08,196.435,199.67,3154009.0
1679011200,199.79,201.3,195.7933,197.36,7271376.0
1679270400,197.01,197.89,195.41,196.79,2405200.0
1679356800,198.5,198.7688,195.18,196.79,2940356.0
1679443200,196.89,197.49,191.36,191.57,3275746.0
1679529600,192.72,193.1,188.07,189.69,3346503.0
1679616000,188.75,190.27,187.44,189.46,2692548.0
1679875200,190.07,191.94,188.9,190.53,2488490.0
1679961600,190.46,192.44,189.62,190.15,1872337.0
1680048000,190.95,191.99,190.0,191.94,2436492.0
1680134400,194.075,195.2,192.3,192.65,2157103.0
1680220800,194.09,200.23,193.65,199.97,3151577.0
1680480000,201.07,204.23,200.97,203.99,3471080.0
1680566400,203.5,204.275,200.75,203.0,2500147.0
1680652800,203.005,203.35,198.65,199.43,2417870.0
1680739200,198.115,199.48,195.5,198.57,2403332.0
1681084800,197.6,201.17,196.21,199.78,2387668.0
1681171200,200.99,202.94,200.7552,201.34,2458989.0
1681257600,203.4,204.7091,199.41,199.77,2665419.0
1681344000,199.77,201.84,196.235,201.47,2778705.0
1681430400,201.52,203.88,201.1,202.18,2028284.0
1681689600,202.5,205.03,202.41,205.0,2420060.0
1681776000,206.28,208.63,205.75,208.1,2685246.0
1681862400,207.17,209.05,206.26,208.83,2488819.0
1681948800,208.48,212.37,208.45,209.76,2948979.0
1682035200,211.34,212.5,210.01,211.04,2864183.0
1682294400,210.3,212.03,210.09,211.04,2758708.0
1682380800,210.99,211.24,205.78,205.88,2723867.0
1682467200,205.49,205.71,200.1,200.8,3409008.0
1682553600,200.625,204.83,200.625,204.53,2498982.0
1682640000,204.6,207.88,204.34,207.83,2451890.0
1682899200,207.83,208.92,207.135,208.22,2282164.0
1682985600,208.5,208.5,203.24,205.97,2201912.0
1683072000,206.38,210.32,205.15,205.31,2386576.0
1683158400,205.24,206.6299,201.27,202.8,2375943.0
1683244800,204.05,206.52,203.31,205.81,2495636.0
1683504000,205.6,206.12,203.03,204.05,1586594.0
1683590400,204.1,207.18,203.24,207.12,2249984.0
1683676800,207.95,208.76,201.98,204.32,2715621.0
1683763200,204.0,204.44,201.84,203.3,3015622.0
1683849600,203.32,204.5046,201.255,203.26,2261757.0
1684108800,202.45,202.9499,199.35,201.55,2971473.0
1684195200,196.465,199.965,193.5917,199.22,4685913.0
1684281600,199.365,207.43,198.75,207.2,3756108.0
1684368000,207.5,209.255,205.5,209.16,2275344.0
1684454400,208.34,208.525,204.94,206.27,2768457.0
1684713600,206.7,208.37,202.91,203.15,3536961.0
1684800000,202.83,209.7499,202.44,206.65,6507459.0
1684886400,206.75,208.9202,202.1,203.63,2829807.0
1684972800,203.0,204.01,200.9,201.04,3030425.0
1685059200,202.06,206.78,201.215,206.52,3072744.0
1685404800,207.0,207.44,203.775,205.7,2534120.0
1685491200,204.12,204.12,199.5,201.13,3894803.0
1685577600,200.96,204.735,197.48,203.92,2764765.0
1685664000,205.5,210.3,205.5,209.81,2834616.0
1685923200,208.3,208.6,206.27,206.78,2345664.0
1686009600,206.54,208.501,205.63,207.16,2804958.0
1686096000,208.0,211.85,208.0,211.21,3334704.0
1686182400,211.85,213.79,210.26,210.46,2409775.0
1686268800,211.26,211.49,208.77,209.12,2093011.0
1686528000,210.2,213.85,209.2,213.36,2465152.0
1686614400,215.0,217.48,214.09,217.35,3056105.0
1686700800,216.785,218.28,213.75,214.86,3080477.0
1686787200,215.8,219.6,215.79,218.93,3186992.0
1686873600,219.34,219.485,216.85,217.08,6874356.0
1687219200,215.83,216.75,214.415,215.46,3058345.0
1687305600,215.64,215.81,213.86,214.25,3364501.0
1687392000,213.79,215.37,211.62,214.82,2781938.0
1687478400,213.92,216.4,213.1,215.22,3997351.0
1687737600,215.96,219.03,215.56,217.96,2498941.0
1687824000,218.99,223.99,218.99,223.56,4223483.0
1687910400,222.25,224.15,221.55,222.52,3372676.0
1687996800,223.23,223.81,221.82,222.82,3058232.0
1688083200,224.1,226.49,223.58,225.7,3633322.0
1688342400,224.62,226.05,223.4903,224.59,1498445.0
1688515200,224.41,226.95,224.12,225.49,2876405.0
1688601600,222.8,223.555,221.28,221.42,3012138.0
1688688000,221.05,223.9,220.73,221.94,2345358.0
1688947200,223.12,229.16,222.88,229.12,2536242.0
1689033600,231.27,231.27,228.855,229.43,2219693.0
1689120000,231.75,235.07,231.1,232.11,2256058.0
1689206400,232.57,233.26,228.44,229.54,1882917.0
1689292800,229.95,230.86,228.485,228.74,1536023.0
1689552000,228.71,230.1,227.25,227.97,1951534.0
1689638400,227.75,231.12,226.55,229.91,1858121.0
1689724800,229.6,232.23,229.48,230.89,1649635.0
1689811200,231.38,231.38,228.42,230.99,1959688.0
1689897600,232.45,235.02,231.72,233.78,3348441.0
1690156800,234.2,235.81,233.58,234.0,2018959.0
1690243200,232.38,234.385,231.19,233.94,1547780.0
1690329600,233.7,235.16,232.83,234.07,1720191.0
1690416000,236.08,237.205,234.4,234.9,1973004.0
1690502400,236.96,237.2,234.45,235.09,1767327.0
1690761600,235.08,235.94,232.73,234.27,2614906.0
1690848000,232.94,234.97,232.11,232.35,2030978.0
1690934400,229.76,231.95,229.28,229.49,2298063.0
1691020800,228.87,229.2,226.55,226.72,2436264.0
1691107200,224.0,226.21,222.42,223.12,2549633.0
1691366400,224.2,225.04,222.61,223.3,1902580.0
1691452800,220.0,221.39,217.42,220.91,2152115.0
1691539200,220.58,221.16,218.5,219.64,2061312.0
1691625600,221.47,223.25,219.21,220.86,1815543.0
1691712000,221.02,225.2,220.58,223.69,2356325.0
1691971200,224.37,226.47,223.65,225.89,2927365.0
1692057600,223.53,226.76,223.26,223.84,2079076.0
1692144000,224.79,226.86,222.11,222.15,1403585.0
1692230400,223.23,223.87,217.72,218.15,1791189.0
1692316800,217.46,219.95,216.59,219.35,2250674.0
1692576000,218.62,220.62,216.25,217.59,2804770.0
1692662400,222.06,227.285,221.23,225.74,4084562.0
1692748800,225.96,227.5,224.84,227.19,2390719.0
1692835200,226.79,228.94,222.96,222.97,1994762.0
1692921600,223.81,226.16,221.745,223.07,1805094.0
1693180800,223.99,225.58,221.4,222.72,1726208.0
1693267200,222.74,226.69,222.67,226.41,1800713.0
1693353600,227.5,230.85,227.18,230.31,2839645.0
1693440000,230.85,231.83,230.33,230.48,3433327.0
1693526400,232.3,233.97,231.975,232.51,2562017.0
1693872000,233.54,233.64,229.94,230.43,2569274.0
1693958400,230.24,231.19,228.78,229.61,2123857.0
1694044800,230.15,234.37,230.15,233.61,2576666.0
1694131200,232.73,233.25,230.68,231.29,2166312.0
1694390400,232.69,233.62,231.38,231.91,1658010.0
1694476800,231.775,233.85,230.38,230.44,2192622.0
1694563200,229.51,230.94,228.14,228.82,2769395.0
1694649600,230.1,231.2347,228.5,230.87,2621766.0
1694736000,228.36,228.36,219.61,220.02,9188534.0
1694995200,220.09,221.8,217.21,217.72,3447255.0
1695081600,216.43,217.9875,214.2101,217.5,3450363.0
1695168000,218.33,219.24,214.38,214.91,2490529.0
1695254400,213.01,213.6797,210.18,210.61,2959624.0
1695340800,209.54,211.23,209.23,210.49,2940143.0
1695600000,210.37,212.86,210.01,212.5,3971609.0
1695686400,210.9,211.71,208.16,208.54,2782536.0
1695772800,209.08,210.26,206.27,206.96,2860083.0
1695859200,206.83,210.39,206.3,207.78,2379053.0
1695945600,208.79,210.38,207.3,207.84,2304858.0
1696204800,207.38,208.48,204.85,205.74,2265031.0
1696291200,204.89,205.01,198.71,200.16,3532600.0
1696377600,200.33,201.145,198.47,199.59,2569581.0
1696464000,198.85,200.05,197.53,199.8,2233663.0
1696550400,198.01,202.04,197.56,199.54,2251010.0
1696809600,197.62,200.97,196.46,200.74,1649705.0
1696896000,201.26,203.81,200.27,202.75,2209863.0
1696982400,203.79,204.13,200.94,203.29,2178927.0
1697068800,203.3,203.5,196.7656,196.9,2488525.0
1697155200,197.02,197.95,194.77,195.75,2220612.0
1697414400,197.4,199.25,196.23,198.25,2139996.0
1697500800,197.48,198.87,196.97,198.15,1698871.0
1697587200,196.37,196.37,193.39,193.46,2694918.0
1697673600,193.55,193.84,189.82,190.46,2944234.0
1697760000,190.19,191.76,188.69,190.5,2776180.0
1698019200,190.41,191.59,187.93,188.38,2322199.0
1698105600,188.16,189.175,185.03,186.24,2107639.0
1698192000,185.55,187.265,184.66,186.09,2406238.0
1698278400,186.95,188.51,184.5,184.73,2855560.0
1698364800,184.86,185.45,181.85,183.62,2371503.0
1698624000,184.8,188.38,183.79,187.72,2683263.0
1698710400,188.47,191.075,187.77,190.57,3181233.0
1698796800,191.18,192.2,188.7,191.29,3070168.0
1698883200,193.73,196.655,193.41,194.32,2220134.0
1698969600,194.89,197.22,193.88,194.94,2755531.0
1699228800,194.55,195.796,193.28,194.23,1913066.0
1699315200,194.26,195.2,193.42,194.58,2150319.0
1699401600,194.84,196.87,192.88,194.68,3077543.0
1699488000,192.3,194.885,190.39,190.49,3270987.0
1699574400,190.93,194.84,189.05,194.6,2381673.0
1699833600,193.0,194.43,192.095,193.84,3155792.0
1699920000,203.445,204.7929,199.22,202.24,4237647.0
1700006400,202.44,206.26,202.43,204.85,2848609.0
1700092800,203.93,205.69,200.85,202.28,2705728.0
1700179200,203.29,204.165,202.25,203.7,2217015.0
1700438400,203.5,205.0,203.09,204.44,3170080.0
1700524800,197.52,201.74,196.62,198.06,5880551.0
1700611200,198.49,199.7,196.705,198.48,3232363.0
1700784000,198.0,199.41,196.2301,199.07,1322235.0
1701043200,198.38,200.94,197.85,199.82,2345824.0
1701129600,199.54,201.01,197.975,200.05,2651067.0
1701216000,201.07,201.67,199.66,199.92,2119035.0
1701302400,200.18,200.22,196.32,198.83,3812156.0
1701388800,199.2,204.36,198.52,203.92,2965668.0
1701648000,203.75,208.77,203.7218,207.55,3429689.0
1701734400,205.71,206.86,203.85,205.92,2552139.0
1701820800,207.0,209.76,207.0,208.7,2595419.0
1701907200,208.97,209.17,207.4,208.3,3069321.0
1701993600,208.06,208.46,206.18,207.83,2210351.0
1702252800,208.22,209.17,206.31,206.34,3390140.0
1702339200,206.805,208.86,205.84,208.7,3552247.0
1702425600,208.77,215.56,206.08,215.45,5170140.0
1702512000,220.42,225.94,220.04,225.54,7636601.0
1702598400,225.32,227.0,223.77,225.59,9581221.0
1702857600,226.19,227.0,223.51,224.06,3132449.0
1702944000,224.625,226.33,224.51,225.42,3101105.0
1703030400,222.48,224.733,221.24,222.01,3727327.0
1703116800,223.79,224.44,222.23,223.55,2640254.0
1703203200,224.035,225.08,221.9901,223.0,2368842.0
1703548800,222.9,223.695,222.63,222.82,1656417.0
1703635200,222.52,223.36,221.72,222.89,1449441.0
1703721600,223.41,223.42,221.97,222.9,1543404.0
1703808000,222.94,223.98,220.935,222.55,2631431.0
1704153600,220.25,222.6,218.46,218.65,3277952.0
1704240000,216.37,216.9,212.13,212.27,3285533.0
1704326400,211.9,213.33,211.09,211.22,2487196.0
1704412800,210.62,214.325,210.415,212.51,2577946.0
1704672000,213.14,217.42,212.64,217.14,2462748.0
1704758400,215.39,217.525,215.33,217.01,2025015.0
1704844800,217.75,220.56,217.65,220.21,2311541.0
1704931200,220.12,220.86,218.14,220.16,1864818.0
1705017600,220.26,221.06,218.08,218.91,1603978.0
1705363200,219.06,220.6,217.7,220.43,2594522.0
1705449600,218.98,221.0,216.48,218.05,2824029.0
1705536000,219.0,220.22,215.83,218.23,3121889.0
1705622400,218.58,221.56,216.86,220.01,2851899.0
1705881600,217.81,220.37,216.27,219.86,2540988.0
1705968000,218.76,218.76,213.84,214.47,2375886.0
1706054400,215.16,215.3,210.4,210.55,3514766.0
1706140800,211.57,212.72,209.5548,212.08,2892223.0
1706227200,212.32,213.01,210.78,211.98,1912592.0
1706486400,211.78,212.6958,209.81,211.84,2194778.0
1706572800,210.87,216.37,210.1,214.52,2742541.0
1706659200,215.11,216.58,212.71,212.84,3429347.0
1706745600,213.02,220.56,212.37,220.23,3265383.0
1706832000,217.54,220.94,212.51,219.49,3305043.0
1707091200,217.33,218.33,214.88,218.01,2303718.0
1707177600,217.8,219.92,216.22,218.12,2147574.0
1707264000,219.32,222.3525,218.88,221.69,3303149.0
1707350400,222.0,223.59,219.25,220.39,1909727.0
1707436800,220.81,222.31,219.1701,222.26,1359165.0
1707696000,226.37,230.94,225.88,229.86,3258428.0
1707782400,224.93,227.81,223.65,225.43,3388592.0
1707868800,226.0,227.17,222.87,226.93,2002276.0
1707955200,227.75,228.61,226.39,228.33,1925111.0
1708041600,227.27,228.94,225.3747,226.85,2388390.0
1708387200,222.99,226.43,221.77,225.51,2580058.0
1708473600,225.71,228.1,225.03,227.79,1701034.0
1708560000,228.32,231.29,227.63,230.51,2115687.0
1708646400,231.45,233.09,231.1575,232.56,2112698.0
1708905600,232.98,234.23,230.98,231.32,2928025.0
1708992000,232.43,239.49,230.02,235.39,5076660.0
1709078400,238.0,241.44,237.35,238.8,3288573.0
1709164800,238.97,241.39,238.55,240.67,3107636.0
1709251200,240.27,245.09,239.76,244.69,2712535.0
1709510400,244.22,245.29,242.03,242.1,2321570.0
1709596800,241.76,243.025,240.11,240.82,2514736.0
1709683200,241.33,242.47,239.86,241.12,2367655.0
1709769600,242.13,244.15,241.42,241.72,1792912.0
1709856000,241.61,243.99,241.51,241.95,1503062.0
1710115200,241.32,242.16,238.92,240.96,2058978.0
1710201600,241.69,244.47,241.11,243.26,2095414.0
1710288000,244.24,248.55,244.24,247.41,2238060.0
1710374400,246.66,247.8,242.49,244.63,2492732.0
1710460800,244.23,247.25,243.61,244.73,5692794.0
1710720000,245.7,246.33,243.01,243.48,2480954.0
1710806400,244.5,248.2,244.47,248.02,2408500.0
1710892800,248.535,252.42,247.42,251.96,1882575.0
1710979200,252.96,261.34,252.95,261.0,3418453.0
1711065600,261.13,262.49,258.37,258.5,2493244.0
1711324800,258.72,259.4617,253.73,254.0,2024658.0
1711411200,253.47,255.04,251.28,251.42,3048905.0
1711497600,252.37,253.36,251.24,253.33,2351859.0
1711584000,252.81,255.29,250.98,254.73,2631256.0
1711929600,253.35,255.315,248.52,249.28,2362999.0
1712016000,246.28,247.02,243.48,244.45,2819734.0
1712102400,241.06,244.14,240.49,240.7,3144468.0
1712188800,243.56,245.35,237.81,238.01,2343670.0
1712275200,238.0,240.425,237.825,239.32,1680813.0
1712534400,238.26,242.72,237.97,242.59,2389245.0
1712620800,243.79,244.81,240.88,244.39,2126476.0
1712707200,238.14,239.285,235.07,237.16,2955194.0
1712793600,239.0,240.29,233.19,235.44,2494647.0
1712880000,233.37,233.915,230.74,232.05,2117498.0
1713139200,234.76,234.85,229.17,230.01,1933112.0
1713225600,228.93,229.845,227.32,228.35,2201031.0
1713312000,230.24,230.89,227.24,228.86,1982302.0
1713398400,229.87,232.29,227.55,228.79,1993307.0
1713484800,229.49,232.11,228.89,230.24,2112314.0
1713744000,231.73,233.04,229.56,231.23,1872903.0
1713830400,231.23,234.205,230.22,233.56,2189892.0
1713916800,232.2,232.37,228.83,230.29,1485099.0
1714003200,227.77,230.645,224.68,229.96,1996750.0
1714089600,229.97,233.24,229.72,229.87,2001196.0
1714348800,230.01,231.85,229.84,230.94,1540518.0
1714435200,230.0,231.28,227.69,227.99,2435401.0
1714521600,227.37,230.99,225.47,227.52,1713954.0
1714608000,230.13,230.23,226.38,229.58,1672867.0
1714694400,233.6,238.15,231.98,232.13,1834728.0
1714953600,234.83,234.95,231.19,231.7,1714000.0
1715040000,232.46,234.83,231.22,231.46,1912475.0
1715126400,229.58,233.005,229.0,232.07,1689183.0
1715212800,232.08,236.96,232.08,236.13,1652674.0
1715299200,235.77,237.34,234.43,235.03,1336848.0
1715558400,236.3,236.88,231.69,232.98,1983692.0
1715644800,232.86,235.1519,229.86,231.58,2763197.0
1715731200,235.08,237.32,234.83,236.08,2103795.0
1715817600,234.36,234.98,231.72,232.26,1847420.0
1715904000,232.67,233.05,230.15,231.11,1968856.0
1716163200,230.21,231.08,228.24,229.17,2684427.0
1716249600,231.8,231.8,221.41,224.86,5397725.0
1716336000,224.16,225.43,220.21,221.13,2769766.0
1716422400,221.76,221.85,216.82,217.48,2636560.0
1716508800,217.74,218.27,214.75,215.21,2632395.0
1716854400,214.78,216.8,213.97,215.37,3072477.0
1716940800,213.63,214.62,212.78,214.27,2359893.0
1717027200,215.31,216.75,213.43,215.46,2778340.0
1717113600,216.5,221.42,216.025,221.29,4598591.0
1717372800,219.69,221.02,216.0,216.73,2480480.0
1717459200,215.3,218.33,215.11,216.53,2291245.0
1717545600,216.79,219.65,215.76,219.47,1727902.0
1717632000,219.23,220.195,217.99,218.45,2033971.0
1717718400,216.29,218.23,214.75,216.67,1602454.0
1717977600,216.45,218.39,216.1,218.1,1851477.0
1718064000,217.84,218.53,215.01,218.35,1910339.0
1718150400,221.82,226.985,221.82,225.02,3609499.0
1718236800,225.97,227.4,223.38,226.86,2116751.0
1718323200,224.81,225.75,221.42,223.35,1936610.0
1718582400,222.36,227.23,221.61,226.77,1700868.0
1718668800,227.51,229.2,226.95,227.77,2073005.0
1718841600,226.8,228.365,225.1,227.53,2377813.0
1718928000,227.68,230.1,226.55,228.59,3627458.0
1719187200,228.76,230.0099,227.745,228.39,3463050.0
1719273600,226.8,227.06,216.975,217.25,3906630.0
1719360000,216.46,219.16,215.865,218.78,2601170.0
1719446400,219.55,220.32,218.08,219.8,2654556.0
1719532800,220.17,221.56,218.37,220.46,12630450.0
1719792000,219.44,220.5,213.48,213.56,2569227.0
1719878400,212.69,214.85,211.8,213.7,2173766.0
1719964800,215.83,217.0,213.05,213.3,1423518.0
1720137600,212.69,214.84,212.53,213.89,1907546.0
1720396800,215.0,218.3,214.79,217.15,2947581.0
1720483200,215.97,217.1899,215.205,216.33,2571702.0
1720569600,217.57,220.91,216.89,220.74,2007164.0
1720656000,225.61,229.98,223.54,229.75,3007619.0
1720742400,231.12,238.06,230.34,234.08,3180752.0
1721001600,234.0,235.09,230.63,232.17,2074765.0
1721088000,232.82,241.01,232.1,240.97,2356646.0
1721174400,239.45,245.63,237.74,243.04,3958797.0
1721260800,241.95,246.97,237.905,239.37,2606757.0
1721347200,239.395,241.031,237.85,238.52,2739484.0
1721606400,239.45,241.4,236.57,240.27,2308501.0
1721692800,241.09,241.98,237.52,238.31,2211185.0
1721779200,236.49,239.09,231.45,231.67,2756937.0
1721865600,231.82,238.68,231.04,234.77,2142842.0
1721952000,236.25,242.52,236.07,238.87,1942530.0
1722211200,238.27,240.98,237.33,239.8,2082253.0
1722297600,240.19,242.38,238.3,241.4,1782458.0
1722384000,242.64,248.99,241.24,245.51,3054929.0
1722470400,246.83,248.27,239.02,241.36,2022760.0
1722556800,238.27,240.52,235.2,240.42,2258921.0
1722816000,236.33,240.99,232.74,237.02,3058061.0
1722902400,235.67,244.21,235.67,240.65,2319611.0
1722988800,241.7,243.34,231.1,231.59,3355604.0
1723075200,232.19,236.81,231.0,236.33,2084303.0
1723161600,235.78,237.75,234.3,235.83,1675460.0
1723420800,234.75,234.75,229.38,231.07,2592251.0
1723507200,228.8,236.79,227.63,236.19,2860834.0
1723593600,235.83,239.645,235.795,237.64,2098680.0
1723680000,242.28,242.94,238.26,240.06,3029526.0
1723766400,240.43,242.16,239.14,241.15,1725785.0
1724025600,242.26,243.54,240.15,243.21,2708565.0
1724112000,240.0,245.87,238.65,240.33,3910428.0
1724198400,241.5,242.7,239.85,242.37,2676588.0
1724284800,243.0,243.3236,239.685,240.31,1979879.0
1724371200,241.645,251.23,240.84,250.07,2685374.0
1724630400,251.88,253.2,250.12,250.5,2790685.0
1724716800,249.86,249.93,247.625,248.57,1772536.0
1724803200,248.48,250.43,246.92,248.94,1372125.0
1724889600,250.0,250.7469,246.385,246.77,1612885.0
1724976000,247.845,249.06,245.4,248.5,2587136.0
1725321600,247.2,249.435,243.62,245.46,2460263.0
1725408000,244.86,245.84,242.1,245.45,2094745.0
1725494400,246.35,246.35,241.59,244.11,2083344.0
1725580800,244.85,247.46,243.14,243.81,1889727.0
1725840000,245.25,245.74,242.335,244.73,1823006.0
1725926400,244.47,248.38,242.61,247.38,2112914.0
1726012800,245.06,247.84,240.0,247.38,1841498.0
1726099200,248.59,252.2,247.52,252.05,2223687.0
1726185600,252.99,257.41,252.61,255.41,2118111.0
1726444800,257.05,258.13,254.22,256.64,1591253.0
1726531200,256.39,259.49,256.0,256.72,1343594.0
1726617600,257.13,261.97,255.55,256.63,1625278.0
1726704000,260.89,262.28,259.55,261.0,2261448.0
1726790400,259.28,261.55,257.95,260.14,4470317.0
1727049600,260.8,262.46,258.28,262.29,2131018.0
1727136000,265.33,268.09,263.445,266.04,3414069.0
1727222400,266.15,266.6,263.92,264.97,1815547.0
1727308800,266.14,266.73,259.29,265.61,2254578.0
1727395200,267.75,268.71,265.74,267.14,1852410.0
1727654400,268.43,271.275,267.07,270.85,2033056.0
1727740800,270.01,274.16,268.22,272.64,2552393.0
1727827200,271.78,272.9,270.75,271.86,2244216.0
1727913600,271.48,272.3,268.62,270.21,1634627.0
1728000000,270.0,270.46,263.1601,267.76,2245752.0
1728259200,265.15,269.9099,263.59,268.54,2302061.0
1728345600,270.48,274.26,269.81,273.27,1947866.0
1728432000,278.1,278.1,273.28,277.18,2431030.0
1728518400,272.82,275.05,270.99,273.21,1714497.0
1728604800,274.01,276.73,274.01,275.76,1303706.0
1728864000,275.69,281.4,275.51,280.73,1760290.0
1728950400,281.92,287.01,281.37,281.83,2369110.0
1729036800,281.09,284.4,280.81,284.05,1754965.0
1729123200,284.0,285.24,281.01,281.31,1574212.0
1729209600,281.8,282.3799,279.09,281.64,2031301.0
1729468800,280.58,282.7,275.67,276.84,2438280.0
1729555200,272.02,273.42,268.17,272.22,3102498.0
1729641600,270.66,272.6077,269.24,270.11,2109433.0
1729728000,270.7,272.3785,269.79,271.36,2025982.0
1729814400,270.47,271.18,266.26,267.64,1788117.0
1730073600,270.2,271.19,267.6,267.97,2140445.0
1730160000,263.2,265.065,260.52,262.97,2311324.0
1730246400,262.53,265.4398,260.21,261.39,2356532.0
1730332800,261.4,263.54,260.96,261.83,2950658.0
1730419200,265.55,266.77,261.57,261.94,2262390.0
1730678400,262.41,267.57,262.38,264.98,1741746.0
1730764800,264.06,269.27,264.06,269.18,1562891.0
1730851200,266.15,266.15,257.25,261.73,4439548.0
1730937600,262.79,267.14,262.5,266.3,1972519.0
1731024000,268.98,271.9,267.9055,271.1,2102467.0
1731283200,273.54,276.3,272.29,274.51,2252308.0
1731369600,275.75,276.77,269.44,269.9,2634640.0
1731456000,272.72,274.3,270.82,272.32,1820019.0
1731542400,272.66,273.39,269.81,270.35,2324168.0
1731628800,269.9,271.95,268.46,269.4,2264979.0
1731888000,268.425,273.62,267.33,271.77,2603906.0
1731974400,263.09,264.99,258.46,259.26,4214007.0
1732060800,259.3,263.66,258.9516,263.03,2864500.0
1732147200,264.06,265.69,262.26,265.22,1844990.0
1732233600,266.11,266.91,262.92,264.68,2411086.0
1732492800,268.94,275.619,268.49,275.32,3691744.0
1732579200,274.63,274.78,270.9724,274.47,2422271.0
1732665600,275.15,276.39,272.56,273.19,2263842.0
1732838400,272.71,274.1674,271.93,272.43,1526387.0
1733097600,273.44,273.8,269.45,272.05,2202719.0
1733184000,272.92,275.425,269.94,274.39,2459327.0
1733270400,272.42,274.1195,270.26,272.27,2081231.0
1733356800,271.63,272.83,269.54,270.07,1959856.0
1733443200,271.89,276.93,271.125,273.43,1746084.0
1733702400,274.0,280.64,272.71,274.15,2647022.0
1733788800,272.48,272.925,268.59,270.11,2214706.0
1733875200,271.36,273.3465,267.24,267.9,3297336.0
1733961600,268.32,268.39,263.05,263.5,2391562.0
1734048000,263.13,264.7499,262.07,262.39,1999384.0
1734307200,262.77,264.01,259.95,260.1,1964717.0
1734393600,258.44,259.97,256.32,257.75,2402264.0
1734480000,257.41,259.64,249.64,249.81,3084382.0
1734566400,249.0,250.63,244.14,244.52,4159534.0
1734652800,244.535,249.2068,244.0,247.72,5693222.0
1734912000,246.25,247.92,245.2256,247.37,2079337.0
1734998400,247.98,250.22,247.195,250.22,992143.0
1735171200,248.24,250.14,247.82,249.43,1435255.0
1735257600,248.35,250.08,247.295,248.34,1581279.0
1735516800,247.9,247.93,244.5322,246.73,1622871.0
1735603200,247.25,248.2,245.79,246.8,1397897.0
1735776000,248.27,249.87,245.24,246.98,2740993.0
1735862400,248.12,248.77,245.92,248.48,1889257.0
1736121600,248.74,252.7,247.29,249.74,2573514.0
1736208000,250.13,251.66,246.13,246.57,1803534.0
1736294400,245.44,247.24,242.96,246.89,2364932.0
1736467200,247.0,250.0,244.5,247.9,2537988.0
1736726400,248.08,251.155,246.74,248.66,2689830.0
1736812800,250.01,252.37,249.28,251.19,2055084.0
1736899200,257.83,259.75,256.05,256.72,2880607.0
1736985600,256.8,259.5284,255.91,258.78,1882336.0
1737072000,259.96,262.02,258.39,261.06,2758748.0
1737417600,263.0,266.84,262.69,264.35,2804420.0
1737504000,262.55,262.55,257.74,258.0,2074468.0
1737590400,257.8,261.5,257.8,261.32,2614254.0
1737676800,260.9,262.98,259.38,262.2,2021679.0
1737936000,263.13,269.1867,263.0,268.42,2179059.0
1738022400,266.25,266.95,263.6084,264.41,1459359.0
1738108800,265.195,266.6,261.41,261.73,2092380.0
1738195200,263.65,266.555,262.45,264.0,1630364.0
1738281600,262.28,264.18,259.605,260.04,1735528.0
1738540800,256.04,258.68,252.38,256.5,1862407.0
1738627200,255.95,258.23,255.12,257.23,1976333.0
1738713600,258.91,259.44,254.87,258.47,1693310.0
1738800000,260.105,260.6103,255.71,256.95,2397540.0
1738886400,256.82,257.35,251.35,251.94,2163802.0
1739145600,255.32,256.86,252.56,256.44,1980690.0
1739232000,256.0,257.925,255.6,257.03,1549889.0
1739318400,250.75,251.0,246.51,250.26,2634154.0
1739404800,251.635,253.31,250.14,252.66,1832103.0
1739491200,254.5,256.42,251.25,251.79,1805890.0
1739836800,250.47,251.36,248.39,250.71,1989472.0
1739923200,247.25,248.88,245.12,246.68,2513461.0
1740009600,246.18,246.68,244.11,246.42,2025714.0
1740096000,247.375,247.74,238.75,239.17,3164990.0
1740355200,238.84,239.455,235.93,237.08,4871363.0
1740441600,238.0,244.44,238.0,242.39,4380914.0
1740528000,251.93,252.95,241.07,247.07,4664256.0
1740614400,247.08,248.45,244.93,245.5,2702063.0
1740700800,248.17,249.71,244.3,248.64,3011114.0
1740960000,248.68,249.68,243.8,246.16,2741104.0
1741046400,244.605,244.67,239.084,239.85,2791892.0
1741132800,238.0,243.0,237.8,242.96,3176013.0
1741219200,241.82,245.31,240.04,243.5,2596562.0
1741305600,242.06,243.051,238.355,242.66,2570621.0
1741564800,242.5,246.615,241.07,242.38,2497539.0
1741651200,241.82,242.03,231.59,232.67,3294820.0
1741737600,233.01,234.75,226.4,228.33,2825523.0
1741824000,227.73,228.355,220.167,222.66,3193636.0
1741910400,224.34,224.76,221.02,224.44,2672429.0
1742169600,225.0,226.6337,223.4,225.85,2821389.0
1742256000,224.87,225.58,222.57,222.95,1811857.0
1742342400,223.8,225.89,222.42,225.51,1944280.0
1742428800,225.54,229.56,224.01,226.26,1924206.0
1742515200,224.34,227.19,221.0,227.07,6353432.0
1742774400,228.38,233.13,228.38,232.89,2485260.0
1742860800,232.31,233.15,228.07,230.69,2476805.0
1742947200,230.8,233.57,230.66,232.05,1790641.0
1743033600,232.74,233.88,230.86,232.17,2425105.0
1743120000,232.49,232.625,227.44,228.42,2118307.0
1743379200,226.74,234.98,226.74,233.23,3465666.0
1743465600,232.4,234.51,230.48,234.01,2212787.0
1743552000,232.14,236.11,232.14,235.28,2534399.0
1743638400,222.785,226.17,220.61,222.52,4475436.0
1743724800,220.65,229.8294,219.0412,223.29,4830075.0
1743984000,218.05,225.65,211.695,216.94,4478135.0
1744070400,220.02,223.88,207.58,211.69,3294379.0
1744156800,208.795,224.31,206.385,223.2,4106221.0
1744243200,220.96,223.4,213.36,221.2,3482549.0
1744329600,219.35,221.17,213.83,220.35,2903959.0
1744588800,222.92,225.6,220.5,224.14,2766285.0
1744675200,224.0,225.03,218.8,220.51,2805296.0
1744761600,219.35,221.35,213.3,214.41,1916389.0
1744848000,217.02,220.69,215.78,219.0,2166915.0
1745193600,217.67,218.17,210.4144,212.77,2769651.0
1745280000,214.795,220.55,214.565,219.07,2223981.0
1745366400,222.125,225.66,217.15,217.76,2382524.0
1745452800,217.76,222.94,216.29,222.05,2243202.0
1745539200,222.205,222.34,218.76,220.91,1493759.0
1745798400,220.5,223.54,219.3,221.15,2046830.0
1745884800,219.31,223.88,219.31,223.27,1604037.0
1745971200,221.93,224.0,218.19,223.56,3455615.0
1746057600,223.49,225.54,221.19,222.32,2067991.0
1746144000,224.52,227.73,223.94,227.19,2318855.0
1746403200,226.01,227.11,224.0901,225.19,1878347.0
1746489600,223.145,224.68,221.96,223.01,2175713.0
1746576000,222.95,225.0645,221.695,223.51,2924153.0
1746662400,224.565,226.63,222.44,224.48,2405726.0
1746748800,223.68,225.18,221.375,222.26,2054235.0
1747008000,231.0,233.76,230.27,232.78,3496589.0
1747094400,235.14,235.35,229.58,230.77,2963449.0
1747180800,229.5,231.17,228.04,228.51,2291184.0
1747267200,227.19,232.65,226.97,232.45,2489195.0
1747353600,232.6,234.29,231.9,234.23,1818413.0
1747612800,230.36,236.0,229.96,234.43,3386956.0
1747699200,237.0,237.54,230.15,231.25,3459469.0
1747785600,232.7,233.14,225.18,227.37,4541950.0
1747872000,226.08,227.45,222.97,223.75,3116840.0
1747958400,220.91,222.97,220.26,221.07,2958799.0
1748304000,223.3,225.82,222.0,225.81,3418212.0
1748390400,225.0,226.76,224.36,224.52,2214549.0
1748476800,225.54,226.0,221.66,224.93,2739534.0
1748563200,223.91,226.27,222.41,225.73,4127344.0
1748822400,224.09,225.89,221.33,225.52,3890535.0
1748908800,225.9,229.3178,225.23,228.8,2456189.0
1748995200,228.665,230.1,227.85,228.39,2301525.0
1749081600,228.92,229.81,227.04,227.59,1985188.0
1749168000,228.81,229.125,224.77,225.27,2217181.0
1749427200,225.69,225.69,223.125,223.61,2523409.0
1749513600,224.05,225.93,222.14,224.89,2174476.0
1749600000,226.64,226.64,220.66,221.6,2377958.0
1749686400,221.6,224.33,219.75,223.5,2486061.0
1749772800,221.25,223.25,216.33,217.27,2426030.0
1750032000,218.36,218.605,214.81,216.08,2392491.0
1750118400,215.05,215.78,211.1221,211.92,2518595.0
1750204800,212.56,213.6899,210.41,210.83,2528356.0
1750377600,211.655,212.93,210.33,212.75,6148480.0
1750636800,212.79,218.79,211.79,218.57,2639485.0
1750723200,219.0,220.41,217.71,219.98,2210033.0
1750809600,219.5,221.61,218.19,220.7,2082949.0
1750896000,221.25,222.81,220.05,221.23,2254661.0
1750982400,221.42,225.22,221.27,223.63,3256659.0
1751241600,224.07,224.84,219.65,221.87,2735369.0
1751328000,219.52,232.1666,219.14,228.64,3974824.0
1751414400,229.13,229.3861,225.56,226.94,2174540.0
1751500800,226.98,228.53,224.04,228.31,1777904.0
1751846400,227.74,228.27,222.65,224.99,2740527.0
1751932800,224.05,226.8285,223.4,223.67,2672036.0
1752019200,224.2,225.66,222.1125,225.57,2339394.0
1752105600,224.76,230.36,224.495,227.91,2417270.0
1752192000,225.58,226.705,223.44,224.13,1840323.0
1752451200,223.27,224.1832,219.8,222.4,2767371.0
1752537600,223.01,223.06,214.91,215.01,2947168.0
1752624000,215.5,216.65,212.559,216.6,3604675.0
1752710400,216.35,219.03,215.85,218.58,2474059.0
1752796800,219.305,219.85,217.56,219.16,2399245.0
1753056000,220.03,222.74,219.62,220.91,2904702.0
1753142400,222.65,227.24,221.5,226.83,2880001.0
1753228800,226.68,228.985,225.77,228.61,2337300.0
1753315200,228.06,229.48,225.51,225.56,2083634.0
1753401600,226.5,227.3258,225.09,226.8,2053537.0
1753660800,226.75,231.85,225.5,229.99,3302385.0
1753747200,230.33,230.84,228.15,230.04,1853163.0
1753833600,230.25,231.13,225.5161,227.43,2047634.0
1753920000,225.9,228.32,222.98,223.57,2778602.0
1754006400,223.51,228.15,221.755,226.4,3400947.0
1754265600,226.405,234.55,226.28,233.81,3871305.0
1754352000,234.385,238.29,234.125,237.46,3107407.0
1754438400,237.56,239.71,236.57,238.29,2448844.0
1754524800,240.0,241.26,236.61,238.56,1948334.0
1754611200,239.1,242.14,238.3025,241.15,2746407.0
1754870400,241.55,243.17,237.81,239.85,2689705.0
1754956800,241.94,245.36,240.9389,244.87,2973350.0
1755043200,247.5,258.5,246.73,256.33,6030329.0
1755129600,252.01,253.78,251.57,253.05,3635195.0
1755216000,254.17,254.17,249.425,252.06,3026801.0
1755475200,251.7,253.0,250.47,250.89,2977124.0
1755561600,254.76,258.38,254.76,256.36,4702560.0
1755648000,265.395,267.52,256.4525,257.14,5226000.0
1755734400,256.08,258.6686,254.3201,255.65,2697253.0
1755820800,257.35,265.4999,254.64,263.73,3796690.0
1756080000,262.06,262.645,258.75,258.87,2336749.0
1756166400,258.47,258.76,256.1401,258.33,2865352.0
1756252800,258.84,260.635,258.075,258.67,2149071.0
1756339200,259.2,259.435,255.6939,257.54,1779192.0
1756425600,257.77,258.8099,255.96,258.06,2177733.0
1756771200,256.45,259.01,255.61,258.74,1783660.0
1756857600,257.45,261.39,257.0,260.68,2002463.0
1756944000,263.04,264.71,261.47,264.57,2258933.0
1757030400,267.37,270.68,265.23,269.97,4488357.0
1757289600,269.21,273.22,268.68,273.02,4465199.0
1757376000,272.28,272.28,267.595,269.03,3120808.0
1757462400,268.41,269.0,265.08,266.55,1918258.0
1757548800,267.84,273.41,267.2101,272.4,2253586.0
1757635200,270.06,272.6,269.53,271.83,2906277.0
1757894400,271.48,272.65,269.1,272.09,2648353.0
1757980800,272.93,273.275,269.41,270.52,1940749.0
1758067200,272.6,274.98,266.86,267.95,2854562.0
1758153600,269.07,270.57,267.49,267.57,2301723.0
1758240000,267.53,267.63,265.11,265.2,4079150.0
1758499200,265.0,265.41,260.36,260.39,3435420.0
1758585600,259.56,260.78,257.25,259.81,2972901.0
1758672000,258.29,259.51,256.34,257.33,3156029.0
1758758400,254.92,257.43,254.17,255.53,2877910.0
1758844800,255.61,257.69,254.2,257.12,1923595.0
1759104000,257.13,257.335,250.73,253.32,3282140.0
1759190400,252.81,253.6,249.63,251.31,3114495.0
1759276800,251.11,251.26,246.455,247.99,3106631.0
1759363200,246.63,248.9999,246.35,247.33,1952309.0
1759449600,246.56,247.73,245.53,246.35,2023559.0
1759708800,246.12,246.49,240.5275,241.67,3307704.0
1759795200,241.11,241.34,237.945,239.89,2597807.0
1759881600,239.41,239.41,237.24,237.59,1995689.0
1759968000,237.6,237.96,234.48,234.67,2285086.0
1760054400,235.35,236.13,231.61,232.22,2158590.0
1760313600,233.0,235.98,232.64,234.48,3072070.0
1760400000,233.92,241.74,233.23,240.75,3130340.0
1760486400,241.51,246.075,240.5235,241.53,2569572.0
1760572800,242.34,243.2,240.44,243.1,2258714.0
1760659200,243.21,245.22,243.21,244.7,2549749.0
1760918400,244.98,246.1,242.26,242.27,2110566.0
1761004800,241.88,247.0,241.0,245.27,2056175.0
1761091200,244.28,246.14,242.52,243.53,2508352.0
1761177600,242.11,244.78,239.99,243.87,2234799.0
1761264000,245.34,246.03,242.71,242.71,1804093.0
1761523200,243.45,244.47,241.74,243.65,1939596.0
1761609600,242.26,246.625,242.09,244.07,1613082.0
1761696000,242.5,243.57,236.87,238.49,3121386.0
1761782400,238.07,243.32,237.01,239.82,2077030.0
1761868800,238.08,239.335,236.45,238.13,2404946.0
1762128000,236.41,237.315,232.98,235.64,2333965.0
1762214400,235.52,238.0099,233.47,237.76,2632642.0
1762300800,236.55,238.13,231.62,234.35,2749755.0
1762387200,233.08,234.97,231.12,231.35,3272655.0
1762473600,231.84,234.18,231.115,233.16,3054223.0
1762732800,232.61,234.11,229.18,233.03,2588023.0
1762819200,233.75,236.86,233.68,235.34,1968302.0
1762905600,234.39,236.71,232.88,234.7,2587556.0
1762992000,234.45,236.65,230.91,231.47,3108986.0
1763078400,230.27,232.14,226.97,227.85,2692002.0
1763337600,227.2,228.77,224.96,225.0,4411473.0
1763424000,219.05,223.72,218.8,219.57,6260404.0
1763510400,230.01,232.97,224.26,228.41,7728854.0
1763596800,228.08,230.45,225.78,228.43,4769495.0
1763683200,230.54,236.56,228.96,234.29,6089987.0
1763942400,234.0,234.46,228.73,228.76,4212622.0
1764028800,230.72,238.91,230.29,238.1,3330346.0
1764115200,237.5,243.05,236.65,241.61,2303332.0
1764288000,241.59,243.03,240.8,242.48,1289922.0
1764547200,242.0,249.44,241.2622,246.39,4083176.0
1764633600,246.31,247.2186,242.6,243.17,3886111.0
1764720000,243.175,247.99,243.175,246.94,3275647.0
1764806400,246.6,248.16,245.0,246.17,4092878.0
1764892800,246.15,248.68,245.6572,248.47,2642080.0
1765152000,247.11,248.095,244.82,244.82,3935356.0
1765238400,243.81,245.98,240.89,242.67,2865544.0
1765324800,242.81,248.435,242.38,246.2,4778877.0
1765411200,248.63,251.89,247.5131,248.08,2832185.0
1765497600,249.15,250.73,245.9301,247.29,2046922.0
1765756800,247.74,249.44,243.86,248.78,3108604.0
1765843200,250.21,250.97,246.04,246.47,2692238.0
1765929600,246.0,249.61,245.08,247.96,2030706.0
1766016000,250.76,254.04,247.46,247.71,2553447.0
1766102400,247.04,247.13,240.33,240.44,5458224.0
1766361600,240.58,242.75,239.63,242.07,1776590.0
1766448000,241.5,242.21,239.54,242.15,1863854.0
1766534400,241.75,243.98,241.34,243.0,787860.0
1766707200,242.73,244.705,242.3,244.49,1179670.0
1766966400,245.11,245.36,242.63,243.83,1597154.0
1767052800,242.64,243.64,241.04,243.18,1371370.0
1767139200,242.41,243.39,241.03,241.16,1615256.0
1767312000,241.5,247.225,239.97,246.89,2595209.0
1767571200,245.08,247.83,243.95,244.75,2835846.0
1767657600,241.49,248.3,240.02,246.49,2573598.0
1767744000,251.88,256.8,247.1,247.12,2423334.0
1767830400,245.125,257.82,243.9102,256.21,3163372.0
1767916800,259.95,268.045,259.13,267.21,4092150.0
1768176000,266.49,271.53,263.61,270.89,3269848.0
1768262400,273.14,274.74,270.35,274.25,2946729.0
1768348800,272.2,278.1,272.2,274.95,3207683.0
1768435200,275.145,278.2095,273.44,277.01,2620735.0
1768521600,276.32,278.44,274.07,277.55,2916044.0
1768867200,272.2,275.24,267.77,268.4,3956162.0
1768953600,267.44,278.33,267.01,277.11,4022055.0
1769040000,277.37,281.36,274.88,274.95,2883572.0
1769126400,275.0,277.285,273.98,276.73,2204185.0
1769385600,278.83,279.5,275.62,277.91,2021973.0
1769472000,277.01,277.01,272.32,273.94,2493257.0
1769558400,273.72,274.0,268.06,269.42,2952407.0
1769644800,268.71,270.98,265.71,266.64,3264816.0
1769731200,266.055,267.56,262.6701,267.06,3199361.0
1769990400,266.66,270.33,262.69,269.06,2763532.0
1770076800,267.94,280.505,267.61,274.85,3450220.0
1770163200,276.32,280.17,273.29,275.85,2774043.0
1770249600,275.64,277.08,272.24,274.89,2683482.0
1770336000,276.58,279.665,275.0201,278.38,2211839.0
1770595200,278.33,279.0,274.45,276.89,2471135.0
1770681600,279.0,285.725,277.375,284.67,2820186.0
1770768000,282.39,287.34,280.78,287.04,2945350.0
1770854400,289.39,293.06,285.07,285.53,3659837.0
1770940800,285.42,289.87,282.15,287.39,2241885.0
1771286400,287.025,289.86,278.25,281.16,2304987.0
1771372800,280.42,283.87,278.0,282.13,2018694.0
1771459200,281.44,282.105,276.725,278.18,1997055.0
1771545600,277.67,283.81,276.87,280.36,2810019.0
1771804800,280.76,281.975,272.34,274.36,3058332.0
1771891200,278.11,281.17,277.09,278.59,3284689.0
1771977600,266.25,274.19,262.56,263.02,5565667.0
1772064000,263.34,266.15,261.94,264.39,3428368.0
1772150400,261.69,265.5,260.1,264.57,3252503.0
1772409600,260.0,261.45,256.19,257.17,3024046.0
1772496000,253.48,258.98,251.3,257.7,2758431.0
1772582400,258.01,258.91,255.485,258.62,2175270.0
1772668800,256.4,257.02,252.63,254.71,2273956.0
1772755200,250.56,252.98,248.11,251.89,3127034.0
1773014400,250.12,251.45,243.59,250.22,2896485.0
1773100800,248.92,254.61,247.32,251.11,2091996.0
1773187200,250.07,251.3625,246.26,246.88,1896591.0
1773273600,244.24,245.865,238.8201,239.45,3009054.0
1773360000,240.85,241.8213,236.99,237.59,2754950.0
1773619200,240.71,243.95,239.385,242.11,2315371.0
1773705600,242.44,244.0,239.52,239.71,1969320.0
1773792000,237.08,238.78,230.35,231.09,2742753.0
1773878400,230.46,230.77,226.165,229.71,4129184.0
1773964800,229.235,229.8589,224.15,224.63,3643980.0
1774224000,231.56,236.75,230.16,234.25,3830601.0
1774310400,230.36,235.17,228.45,234.43,2133358.0
1774396800,237.34,238.79,233.3801,236.18,2322846.0
1774483200,234.17,238.525,233.865,236.03,2113704.0
1774569600,235.29,235.88,229.29,230.31,2999793.0
1774828800,232.74,234.22,231.12,232.58,2905515.0
1774915200,236.57,238.775,232.44,236.28,2636443.0
1775001600,236.76,238.46,235.06,235.98,2378478.0
1775088000,231.13,235.5125,228.0,231.03,2760193.0
1775433600,229.8,235.76,228.88,235.2,1949863.0
1775520000,232.79,233.845,229.32,231.61,2522362.0
1775606400,244.36,247.0,242.61,243.66,2539946.0
1775692800,241.0,248.99,238.18,247.81,2283335.0
1775779200,248.46,249.25,243.64,244.22,1840301.0
1776038400,243.84,247.275,241.23,247.08,2484525.0
1776124800,246.88,248.68,244.5591,248.44,1959902.0
1776211200,247.8,248.44,242.87,243.99,1757539.0
1776297600,243.83,245.8,241.76,242.42,2374295.0
1776384000,246.29,255.52,246.29,251.72,3773573.0
1776643200,250.8,254.65,248.0101,253.29,3852227.0
1776729600,254.17,257.1,250.67,251.19,2493573.0
1776816000,252.02,252.02,243.7628,245.19,2256136.0
1776902400,244.86,247.615,244.02,246.54,1775823.0
1776988800,245.13,247.2699,243.13,244.45,2098409.0
1777248000,243.35,246.88,242.1,242.55,2854459.0
1777334400,244.05,245.5,238.99,240.32,1700950.0
1777420800,237.88,238.43,231.27,233.5,3205436.0
1777507200,234.48,239.27,233.9,238.79,2959163.0
1777593600,238.35,239.165,233.07,233.33,1879729.0
1777852800,231.63,232.49,223.6,223.72,3578482.0
1777939200,224.5,227.865,223.0,225.23,2745049.0
1778025600,230.505,234.03,228.935,233.37,3095517.0
1778112000,233.22,235.595,230.51,230.88,2175198.0
1778198400,232.96,232.96,228.15,229.2,1746408.0
1778457600,228.0,229.0,224.5,226.06,1948558.0
1778544000,228.96,229.1003,224.1265,224.52,3269874.0
1778630400,223.0,223.18,218.085,220.45,3080212.0
1778716800,222.78,224.22,221.23,223.61,2142592.0
1778803200,222.31,222.52,218.22,218.42,3019336.0
1779062400,218.42,222.65,217.33,218.02,3714145.0
1779148800,216.01,220.05,213.5,218.37,3343884.0
1779235200,213.98,221.54,208.0,221.05,6111577.0
1779321600,217.75,219.44,214.57,217.41,3267041.0
1779408000,217.22,217.22,213.57,215.03,2801668.0
1779753600,215.98,217.31,211.05,212.08,3715496.0
1779840000,215.07,220.34,214.6331,216.84,3052519.0
1779926400,217.0,218.51,214.5,217.92,2127544.0
1780012800,217.03,219.07,214.145,214.36,3624017.0
1780272000,213.0,213.95,207.55,207.7,3295678.0
1780358400,208.06,208.5,204.51,206.64,2959860.0
1780444800,203.57,207.85,203.4,207.65,3873467.0
1780531200,212.23,213.13,206.89,207.53,3173690.0
1780617600,207.995,211.86,207.445,210.74,2424006.0
1780876800,208.77,212.4,207.91,207.97,2343322.0
1780963200,209.26,217.4,208.695,217.37,3779781.0
1781049600,217.89,218.4999,214.78,216.19,2656206.0
1781136000,216.51,221.65,215.7,221.05,2705714.0
1781222400,222.77,223.56,219.28,220.78,2434402.0
1781481600,225.0,226.2,219.99,220.19,2861155.0
1781568000,221.9,225.46,221.56,224.02,2156769.0
1781654400,222.97,227.3199,216.455,217.27,3889157.0
1781740800,219.49,224.815,219.49,222.2,6813321.0
1782086400,217.5,219.08,213.9,214.4,3169208.0
1782172800,213.85,216.5,212.14,213.54,2766580.0
1782259200,215.78,222.8999,215.34,221.45,3183152.0
1782345600,221.57,226.33,220.11,221.93,3063845.0
1782432000,222.54,224.2599,220.98,222.48,3337870.0
1782691200,221.22,221.79,219.05,219.65,2373007.0
1782777600,219.69,221.0,216.6,220.49,3015865.0
1782864000,222.76,226.49,220.7,221.92,2864707.0
1782950400,223.515,227.5,221.18,227.5,2333306.0
1783296000,228.0,228.81,218.56,223.78,2479714.0
1783382400,226.58,226.59,219.35,220.9,2074518.0
1783468800,217.08,217.08,212.335,212.85,2994734.0
1783555200,213.32,215.17,212.0753,213.0,1704399.0
1783641600,213.12,214.82,211.41,211.63,2166063.0
1783900800,212.99,213.655,206.76,207.7,4265141.0
1783987200,209.31,210.8,207.55,207.68,3032661.0
1784073600,207.77,212.16,207.54,209.66,2993451.0
1784160000,209.6,216.23,209.6,216.16,4230869.0
1784246400,217.95,220.49,208.42,208.73,3475863.0
1784505600,209.56,209.995,203.62,204.71,3266010.0
1784592000,203.92,204.99,201.88,203.51,3390014.0
1784678400,203.5,205.07,202.2109,204.35,3248136.0
1784764800,201.75,203.0,199.4,201.92,4132516.0
1784851200,202.6,207.83,201.955,207.64,3427919.0
1785110400,211.3,213.14,209.31,211.55,2981997.0
1785196800,216.16,220.15,215.72,218.24,3970002.0
1785283200,215.95,220.285,213.74,215.68,2420404.0
1785369600,214.35,214.88,208.53,210.08,2756036.0
1785456000,207.75,210.09,206.0215,207.81,3976950.0
1785715200,212.0,214.9,207.66,212.06,2271080.0
1785801600,211.75,218.79,211.0301,218.08,2852947.0
1785888000,218.04,220.125,217.08,219.94,2360231.0
1785974400,220.0,220.06,216.26,218.4,2137984.0
1786060800,218.82,223.58,218.315,223.35,2360392.0
1786320000,220.25,221.23,217.0,218.88,2116894.0
1786406400,219.0,223.91,218.94,221.25,2138728.0
1786492800,219.55,220.91,214.195,215.97,2136930.0
1786579200,218.29,218.66,215.36,218.22,2755030.0
1786665600,218.52,218.7,215.84,218.47,1737283.0
1786924800,215.75,216.345,213.56,215.81,2955790.0
1787011200,219.26,220.4999,214.62,215.64,3127996.0
1787097600,217.0,225.79,212.38,220.0,4957529.0
1787184000,215.96,220.31,212.38,217.34,5891892.0
1787270400,218.72,218.72,215.13,216.09,2928841.0
1787529600,217.325,219.82,215.45,216.98,2552867.0
1787616000,216.99,217.625,213.27,214.6,1990534.0
1787702400,215.09,215.39,210.21,210.36,3778605.0
1787788800,208.53,208.9416,205.78,206.74,3084610.0
1787875200,207.99,208.702,205.7,208.05,2791791.0
1788134400,206.0,207.13,204.6,204.7,4341035.0
1788220800,203.75,204.39,199.39,200.05,3507532.0
1788307200,201.0,202.18,199.34,199.84,2789920.0
1788393600,201.0,203.37,199.35,201.9,3397146.0
1788480000,201.03,205.48,200.51,204.45,2436937.0
1788825600,204.0,204.75,200.72,200.8,2869278.0
1788912000,200.0,201.14,197.14,198.6,2445208.0
1788998400,198.1,198.1,195.06,196.59,2488243.0
1789084800,199.0,199.85,196.705,196.82,3293411.0
1789344000,196.17,199.78,195.99,198.17,2368380.0
1789430400,197.73,197.76,194.09,194.61,4093663.0
1789516800,196.27,197.77,193.35,194.1,2985119.0
1789603200,198.61,199.35,193.93,194.19,2339074.0
1789689600,193.3,194.64,192.09,192.49,5886336.0
1789948800,192.54,193.09,188.22,190.98,3559478.0
1790035200,194.77,196.75,192.62,196.08,3446548.0
1790121600,194.15,195.51,191.31,191.36,2936827.0
1790208000,190.97,192.69,187.5,188.49,3742859.0
