timestamp,open,high,low,close,volume
1474848000,116.8,116.94,116.28,116.53,3022152.0
1474934400,116.95,117.2,116.37,116.88,3741777.0
1475020800,116.38,116.53,114.46,115.18,5638752.0
1475107200,115.2,115.97,114.73,114.79,4922865.0
1475193600,114.69,115.71,114.69,115.36,4188182.0
1475452800,115.01,115.15,114.41,114.64,3085750.0
1475539200,114.99,115.51,113.42,113.5,4741281.0
1475625600,113.91,114.83,113.38,113.41,3716383.0
1475712000,113.25,114.22,112.4,113.92,3899605.0
1475798400,113.97,114.34,113.22,113.45,4149812.0
1476057600,114.21,114.99,114.16,114.71,3290050.0
1476144000,114.65,115.23,113.56,113.68,3939325.0
1476230400,113.6,115.23,113.54,114.71,3339986.0
1476316800,114.14,115.74,114.07,115.41,4464728.0
1476403200,114.9,115.11,114.07,114.09,5307311.0
1476662400,113.91,114.395,112.1,112.41,5653985.0
1476748800,112.89,113.09,111.23,111.25,6195339.0
1476835200,111.71,111.77,111.12,111.26,6430108.0
1476921600,111.3,111.3,110.33,110.57,7223062.0
1477008000,113.27,114.5,112.75,113.93,10107630.0
1477267200,114.25,114.5,112.64,113.57,6173441.0
1477353600,113.5,113.54,112.67,112.72,4878630.0
1477440000,112.27,112.7,111.4,112.11,3763113.0
1477526400,112.17,112.49,111.78,112.08,2959347.0
1477612800,112.26,112.35,111.53,112.1,3304384.0
1477872000,112.46,112.73,111.79,112.57,4177750.0
1477958400,112.65,112.7699,111.95,112.25,3932484.0
1478044800,112.1,112.77,111.82,112.39,3508668.0
1478131200,112.74,112.85,111.52,111.72,3886409.0
1478217600,111.99,112.0,110.83,111.04,3457103.0
1478476800,112.0,113.28,111.88,112.82,3842328.0
1478563200,113.01,114.25,113.0,114.11,3299307.0
1478649600,112.09,115.42,111.8,114.98,5099197.0
1478736000,115.03,115.04,113.7834,114.51,4437689.0
1478822400,114.67,114.96,114.17,114.22,4331098.0
1479081600,114.99,118.75,114.72,117.86,7090380.0
1479168000,117.58,118.48,117.02,118.32,4443611.0
1479254400,118.86,119.6,118.465,119.21,5370460.0
1479340800,118.89,119.5,118.28,119.45,2835537.0
1479427200,119.26,120.24,118.907,120.0,3650547.0
1479686400,119.8,120.5,118.96,119.5,3603192.0
1479772800,119.5,120.29,118.88,119.69,3694735.0
1479859200,119.73,120.76,119.73,120.14,2869494.0
1480032000,120.08,120.99,119.92,120.66,1709105.0
1480291200,120.38,121.87,120.23,121.82,5919997.0
1480377600,120.38,120.79,119.02,120.68,6157235.0
1480464000,120.22,120.49,119.27,119.27,5695596.0
1480550400,118.96,118.96,117.87,118.47,4444871.0
1480636800,118.0,118.5,117.71,118.24,3348723.0
1480896000,119.45,120.34,119.03,119.29,5191314.0
1480982400,119.29,119.65,118.6,119.25,3367980.0
1481068800,119.41,120.13,118.465,119.92,4059855.0
1481155200,120.05,121.15,119.5,120.45,3255585.0
1481241600,120.57,121.27,120.21,121.26,2623206.0
1481500800,121.57,122.25,121.26,121.74,4172007.0
1481587200,121.78,122.92,121.76,122.68,4244094.0
1481673600,122.87,123.4,122.39,122.84,4967405.0
1481760000,122.97,123.36,121.77,122.36,4402189.0
1481846400,122.89,123.84,122.54,123.24,10793790.0
1482105600,123.23,123.66,122.77,122.99,3545480.0
1482192000,123.18,123.9,122.71,123.33,2768820.0
1482278400,123.15,123.76,123.1,123.18,2762783.0
1482364800,123.12,123.995,123.09,123.72,3037108.0
1482451200,123.37,123.83,123.07,123.14,2164291.0
1482796800,123.3,123.65,122.97,123.07,1919627.0
1482883200,122.93,123.35,122.61,122.68,1947720.0
1482969600,122.76,123.36,122.76,122.79,1943434.0
1483056000,122.79,123.16,121.44,121.72,3573900.0
1483401600,121.86,122.0,118.96,119.62,5117987.0
1483488000,119.0,119.74,118.18,119.48,3780757.0
1483574400,119.34,120.2,119.1,119.7,3727615.0
1483660800,118.93,121.5,118.52,120.76,4089121.0
1483920000,120.76,121.06,120.33,120.43,3021789.0
1484006400,120.46,120.85,119.73,120.25,3108187.0
1484092800,120.93,121.5,120.62,120.88,3564135.0
1484179200,120.3,122.31,120.2,122.1,3480798.0
1484265600,122.24,122.24,121.1,121.5,2877498.0
1484611200,120.75,122.8,120.7,122.75,4073581.0
1484697600,122.81,123.0,121.8,122.71,3390837.0
1484784000,122.24,123.0,122.04,122.18,3155067.0
1484870400,122.26,122.95,122.015,122.26,4877632.0
1485129600,121.69,122.08,119.82,121.38,7022479.0
1485216000,121.97,122.06,120.52,121.05,3492030.0
1485302400,121.49,121.92,120.95,121.79,3968250.0
1485388800,121.86,122.38,121.76,121.88,2497464.0
1485475200,122.27,122.99,121.48,122.86,3592676.0
1485734400,122.81,123.21,122.3,123.02,3777782.0
1485820800,123.02,123.34,122.095,122.57,3733219.0
1485907200,121.9,122.5,121.7,122.42,3233572.0
1485993600,122.54,123.98,122.26,123.22,3236564.0
1486080000,123.31,124.51,123.28,124.24,3183378.0
1486339200,124.09,124.9,123.95,124.45,2759996.0
1486425600,124.95,125.42,124.59,124.59,2847171.0
1486512000,124.58,125.36,124.49,124.67,2835032.0
1486598400,124.47,125.0,124.36,124.48,2493605.0
1486684800,124.68,126.1124,124.5201,125.82,3663729.0
1486944000,126.02,126.68,125.49,125.54,2980300.0
1487030400,125.5,126.07,125.27,125.81,2663072.0
1487116800,125.66,126.79,125.45,126.48,2974703.0
1487203200,126.75,127.82,126.31,126.7,3005457.0
1487289600,126.78,127.875,126.68,127.8,3675275.0
1487635200,127.16,128.32,127.16,128.04,4493759.0
1487721600,127.52,128.11,126.4,127.85,3669469.0
1487808000,127.93,128.9,127.44,128.27,3177942.0
1487894400,128.36,128.74,127.75,128.65,3536820.0
1488153600,127.68,127.75,126.78,126.99,5183808.0
1488240000,127.08,127.93,126.58,127.65,4617576.0
1488326400,128.02,130.0,127.62,129.05,5471493.0
1488412800,129.05,129.81,128.15,128.23,6730008.0
1488499200,128.19,128.66,127.44,127.9,4071511.0
1488758400,127.9,128.34,127.4,128.03,3269559.0
1488844800,128.06,128.31,127.34,128.07,3331835.0
1488931200,128.07,128.36,127.47,128.09,3571803.0
1489017600,127.95,128.72,127.69,128.14,3265927.0
1489104000,128.56,128.59,127.72,127.98,3178923.0
1489363200,128.01,128.273,127.35,127.61,3060806.0
1489449600,127.65,128.23,127.5001,127.8,2486404.0
1489536000,128.21,128.3,127.47,127.88,3529186.0
1489622400,128.3,128.9,127.93,127.98,3945567.0
1489708800,128.57,129.9815,128.42,128.64,12531480.0
1489968000,128.99,129.4799,128.47,128.78,3415501.0
1490054400,129.22,129.75,128.18,128.52,4062870.0
1490140800,128.58,129.15,128.41,129.1,3172866.0
1490227200,129.14,129.59,128.81,129.0,2774527.0
1490313600,129.38,129.68,129.16,129.34,3568230.0
1490572800,129.08,129.82,129.02,129.49,2540415.0
1490659200,129.46,129.77,128.94,129.45,3487418.0
1490745600,129.0,129.67,128.63,128.84,3197028.0
1490832000,128.75,129.53,128.6,129.32,2017763.0
1490918400,129.39,130.19,129.3,129.61,3041671.0
1491177600,129.5,129.71,128.86,129.61,3287107.0
1491264000,129.14,129.53,128.65,129.29,3413863.0
1491350400,129.89,131.58,129.65,130.41,4051443.0
1491436800,130.31,130.66,129.96,130.15,3856952.0
1491523200,130.02,130.4,129.62,129.96,2176597.0
1491782400,129.95,130.65,129.52,129.98,2709285.0
1491868800,130.62,131.24,129.8,131.2,3677631.0
1491955200,131.31,131.56,130.87,131.26,3195534.0
1492041600,131.0,131.14,130.57,130.76,2401079.0
1492387200,131.25,131.87,130.91,131.35,3236365.0
1492473600,132.01,132.8,131.8,132.3,3611839.0
1492560000,132.64,133.0,132.34,132.64,3132315.0
1492646400,132.65,133.44,132.64,133.27,2697230.0
1492732800,133.55,133.88,133.15,133.41,3465088.0
1492992000,134.24,134.76,133.26,134.23,5017681.0
1493078400,138.14,141.99,137.1836,141.7,10883080.0
1493164800,141.7,142.0,140.34,140.84,7131386.0
1493251200,141.88,142.79,140.85,140.87,5181422.0
1493337600,140.39,140.76,139.78,139.93,4779816.0
1493596800,139.86,141.45,139.84,141.15,3744988.0
1493683200,140.98,141.81,140.72,141.23,3751265.0
1493769600,142.2,142.7,141.4,142.62,4278509.0
1493856000,142.62,143.67,142.26,143.45,4172371.0
1493942400,143.42,143.975,142.58,143.96,2452521.0
1494201600,143.93,144.5,143.66,144.24,2813263.0
1494288000,144.09,144.98,144.0,144.36,3051826.0
1494374400,143.86,144.64,143.73,144.52,2273019.0
1494460800,144.08,144.405,143.4,144.21,1941935.0
1494547200,144.5,145.5,144.46,145.36,2747717.0
1494806400,145.43,146.4,145.43,146.28,3299475.0
1494892800,146.55,147.6686,146.28,147.29,3535947.0
1494979200,146.635,147.46,146.24,146.41,3875545.0
1495065600,146.41,147.24,145.81,147.01,2703434.0
1495152000,147.25,148.83,146.84,148.15,4063928.0
1495411200,148.3,148.88,147.93,148.19,3294546.0
1495497600,148.22,148.53,147.65,147.82,3259307.0
1495584000,147.94,149.99,147.0,149.5,3388799.0
1495670400,149.81,149.95,149.27,149.78,3408013.0
1495756800,149.87,150.24,149.25,149.86,3258228.0
1496102400,149.95,150.33,149.52,149.93,3113840.0
1496188800,150.12,151.145,149.6,150.89,6424091.0
1496275200,150.79,152.39,150.35,152.39,4348400.0
1496361600,152.52,153.9,152.15,153.74,4311175.0
1496620800,153.63,153.66,152.76,152.79,2633039.0
1496707200,152.37,152.59,151.21,151.23,3661594.0
1496793600,151.23,152.01,150.7256,151.94,2922708.0
1496880000,152.0,152.15,151.01,151.43,3696988.0
1496966400,151.88,151.995,150.9,151.48,4135360.0
1497225600,151.0,151.08,148.04,148.47,5901538.0
1497312000,148.86,150.2499,148.62,149.82,4267682.0
1497398400,150.32,151.08,149.91,150.68,2675032.0
1497484800,149.9,151.52,149.65,151.17,2516967.0
1497571200,150.98,152.89,150.92,151.99,5443905.0
1497830400,152.39,153.18,151.84,153.14,3171114.0
1497916800,154.27,155.28,153.84,154.07,3613796.0
1498003200,154.18,154.42,153.61,153.73,2447751.0
1498089600,153.78,154.91,153.68,154.8,2003441.0
1498176000,155.0,155.45,154.43,154.64,2214694.0
1498435200,155.18,155.46,153.52,153.96,2360263.0
1498521600,154.0,154.8152,153.46,153.72,2137826.0
1498608000,154.04,154.68,153.74,154.3,1301925.0
1498694400,154.58,154.58,152.15,153.13,1975536.0
1498780800,153.3,153.77,152.72,153.16,2507813.0
1499040000,153.44,153.87,152.475,152.5,1100668.0
1499212800,152.82,153.57,151.99,153.07,2497334.0
1499299200,152.7,153.46,152.33,153.09,2018670.0
1499385600,153.37,156.56,153.15,156.27,4045179.0
1499644800,156.28,156.53,155.16,155.52,2402179.0
1499731200,155.09,155.88,154.01,154.91,2008680.0
1499817600,155.41,156.75,155.27,156.58,2094759.0
1499904000,156.49,156.54,154.34,155.04,3169725.0
1499990400,154.99,155.5,154.73,155.28,2433137.0
1500249600,155.43,155.44,154.7,155.26,2408743.0
1500336000,155.0,155.27,153.37,153.96,3890485.0
1500422400,154.13,154.46,153.48,153.89,3071480.0
1500508800,154.03,155.22,153.55,154.21,2239718.0
1500595200,154.06,154.7,153.29,153.92,3517080.0
1500854400,154.0,154.215,151.77,151.85,5299131.0
1500940800,157.75,159.98,156.54,159.07,9509801.0
1501027200,158.76,159.0,155.68,156.51,4674116.0
1501113600,156.42,157.43,155.54,156.95,4622655.0
1501200000,156.36,156.66,155.07,155.85,3964206.0
1501459200,155.92,156.42,154.85,155.14,4280364.0
1501545600,154.98,155.9,153.71,154.04,4165990.0
1501632000,153.76,156.65,153.71,156.59,3320665.0
1501718400,156.56,156.77,154.411,154.72,3665560.0
1501804800,154.61,154.8217,153.23,153.82,4429379.0
1502064000,154.14,155.39,154.0,154.97,3251753.0
1502150400,154.67,155.245,154.1,154.92,4215920.0
1502236800,155.3,155.68,154.35,154.92,3006402.0
1502323200,154.33,157.2,154.25,156.62,3869534.0
1502409600,156.88,158.399,156.63,157.3,2924659.0
1502668800,157.45,157.9,156.46,157.26,2808907.0
1502755200,157.84,158.58,157.34,157.62,2159239.0
1502841600,157.89,159.38,157.604,158.9,2921712.0
1502928000,158.75,159.53,157.81,157.89,3010571.0
1503014400,157.99,158.28,157.021,157.76,2595670.0
1503273600,158.17,158.64,157.54,158.36,2187100.0
1503360000,158.5,159.94,158.39,159.64,2122578.0
1503446400,159.3,159.37,158.38,158.81,2182142.0
1503532800,159.11,159.679,158.3321,158.41,1634754.0
1503619200,158.89,159.34,158.53,158.82,2003532.0
1503878400,159.04,159.96,158.66,159.67,2024733.0
1503964800,159.2,159.76,158.73,159.38,3279742.0
1504051200,158.4,159.64,158.32,159.53,2236471.0
1504137600,159.77,160.0,159.35,159.97,2716767.0
1504224000,159.87,160.2,159.5,159.81,1878054.0
1504569600,159.0,159.78,158.07,159.1,4004904.0
1504656000,159.23,159.37,158.22,158.22,4142926.0
1504742400,158.47,160.065,158.33,159.9,2965376.0
1504828800,159.53,160.38,159.18,159.71,2984123.0
1505088000,160.0,161.72,159.92,161.53,2330962.0
1505174400,160.21,160.72,155.77,156.33,10320390.0
1505260800,156.74,157.78,156.0,157.0,4705600.0
1505347200,157.0,157.35,156.05,157.0,3109505.0
1505433600,157.79,158.0,156.88,156.92,7400662.0
1505692800,157.72,157.79,156.35,156.68,3832237.0
1505779200,157.27,157.9,156.33,157.43,3554491.0
1505865600,157.9,159.89,157.765,159.88,3640977.0
1505952000,159.87,160.09,158.51,159.03,2503435.0
1506038400,158.88,159.74,158.56,158.91,2442594.0
1506297600,158.47,158.687,156.1,156.26,3661080.0
1506384000,156.25,156.84,153.27,153.35,6186245.0
1506470400,153.51,154.69,153.44,154.05,3897431.0
1506556800,156.16,158.31,155.48,157.49,4209314.0
1506643200,157.51,158.04,156.12,156.68,3660869.0
1506902400,156.0,157.18,155.8009,156.96,2405661.0
1506988800,156.75,157.459,156.36,156.86,2187705.0
1507075200,156.83,157.42,156.65,157.21,1789463.0
1507161600,157.3,158.92,157.3,158.8,2795851.0
1507248000,158.58,160.1342,158.58,159.6,3546364.0
1507507200,159.61,160.49,159.5,160.12,2117921.0
1507593600,159.69,161.58,159.59,160.58,2910440.0
1507680000,160.9,163.24,160.58,163.15,3569994.0
1507766400,162.99,164.4,162.77,163.91,3063988.0
1507852800,164.45,165.51,164.08,165.37,2957447.0
1508112000,165.44,165.74,164.44,165.01,2132652.0
1508198400,164.92,166.02,164.75,165.4,2379687.0
1508284800,165.29,166.25,163.89,165.77,2798259.0
1508371200,165.82,166.95,164.92,166.5,2478220.0
1508457600,167.23,167.9,165.5,166.3,5577494.0
1508716800,166.1,166.1,163.09,163.34,6201355.0
1508803200,165.26,166.485,163.59,163.88,7837910.0
1508889600,163.41,165.12,163.0,163.58,3716067.0
1508976000,164.14,164.65,163.75,164.01,2934312.0
1509062400,164.09,165.85,163.77,165.39,2298236.0
1509321600,165.0,166.56,164.665,166.23,2050099.0
1509408000,166.25,167.41,166.1295,166.91,2873004.0
1509494400,165.72,167.99,165.57,166.37,2185974.0
1509580800,166.99,168.47,166.5,168.1,2289430.0
1509667200,168.0,169.45,167.6008,168.65,1959700.0
1509926400,168.9,170.42,168.6,170.07,3088382.0
1510012800,170.1,170.82,169.52,170.77,2505295.0
1510099200,170.17,170.92,169.45,170.1,2605086.0
1510185600,168.72,169.2,166.1,167.0,4218356.0
1510272000,166.4,166.8,163.52,165.59,4225689.0
1510531200,165.47,167.95,165.08,167.37,2602641.0
1510617600,166.84,168.42,166.5701,168.11,2180089.0
1510704000,167.69,168.69,167.15,167.32,1974274.0
1510790400,167.68,168.89,167.53,168.09,2291316.0
1510876800,167.54,167.7001,166.16,166.72,2221317.0
1511136000,167.33,167.85,166.76,166.93,2442259.0
1511222400,167.55,169.26,167.51,168.3,2651448.0
1511308800,169.27,170.35,168.6692,169.05,2719456.0
1511481600,168.88,169.56,168.82,169.11,963233.0
1511740800,168.9,169.18,168.09,168.96,2082510.0
1511827200,169.23,171.38,169.04,171.34,2909353.0
1511913600,171.7,172.02,169.05,170.43,4585501.0
1512000000,170.24,173.17,169.34,171.97,6021625.0
1512086400,172.77,173.15,170.39,172.87,4278043.0
1512345600,173.27,173.48,170.43,170.65,3942690.0
1512432000,173.39,174.25,172.46,172.99,3228566.0
1512518400,173.39,174.44,173.0,173.48,2619210.0
1512604800,172.55,173.29,171.92,172.91,2283365.0
1512691200,173.05,173.5429,172.51,173.15,2241049.0
1512950400,172.94,173.25,172.22,173.25,2340625.0
1513036800,173.0,173.2,171.85,172.23,2802572.0
1513123200,172.44,173.96,172.4,173.55,2553974.0
1513209600,173.66,174.08,172.83,173.14,2666925.0
1513296000,174.3,175.09,173.68,174.06,7431192.0
1513555200,174.87,175.78,174.11,174.2,2426217.0
1513641600,174.39,174.9,173.08,173.39,3122060.0
1513728000,173.83,173.88,171.71,172.17,2749381.0
1513814400,172.6,172.75,171.67,171.85,2337435.0
1513900800,171.82,172.04,170.55,171.42,3234099.0
1514246400,171.09,171.64,170.82,171.29,1280127.0
1514332800,171.33,172.74,170.845,172.67,1596297.0
1514419200,173.26,173.55,172.62,173.1,1800068.0
1514505600,172.98,172.98,171.92,172.12,2201758.0
1514851200,173.73,174.4799,172.66,173.22,3696390.0
1514937600,173.23,173.64,172.0,172.49,3789382.0
1515024000,173.24,174.13,172.73,173.7,2756158.0
1515110400,174.0,175.0,173.4,174.05,3737690.0
1515369600,173.74,174.21,172.93,173.93,2060258.0
1515456000,174.23,174.23,173.01,173.54,2673967.0
1515542400,173.5,174.0,172.47,173.51,2173176.0
1515628800,173.56,174.55,172.1,173.39,3071283.0
1515715200,173.36,173.79,172.88,173.57,2900567.0
1516060800,173.62,174.41,172.88,173.68,3662028.0
1516147200,174.35,175.69,173.88,174.98,4129337.0
1516233600,175.19,175.445,173.9,174.57,2151129.0
1516320000,174.99,176.64,174.38,176.12,3687685.0
1516579200,175.97,176.83,175.605,176.21,3216373.0
1516665600,175.57,177.75,174.85,176.81,2978705.0
1516752000,177.3,177.3,175.25,176.12,2750647.0
1516838400,176.4,176.62,174.66,175.66,2815718.0
1516924800,175.67,178.4,175.0101,178.36,3951120.0
1517184000,178.3,178.7,177.24,177.77,6078121.0
1517270400,177.1,177.67,170.85,172.48,9422173.0
1517356800,173.6,174.295,170.27,171.14,7002675.0
1517443200,170.27,173.54,168.8945,171.9,4748363.0
1517529600,170.8,172.7299,168.99,169.38,4602394.0
1517788800,168.61,169.455,153.86,163.85,7243080.0
1517875200,158.35,166.05,158.25,165.18,6809320.0
1517961600,164.86,168.26,164.52,165.71,4973623.0
1518048000,165.69,165.7329,158.76,158.97,5429057.0
1518134400,159.98,161.98,155.23,160.8,7185570.0
1518393600,162.37,165.89,161.5,163.9,5254872.0
1518480000,163.0,163.83,161.72,162.4,5403220.0
1518566400,161.44,162.02,159.68,159.99,5856345.0
1518652800,161.14,161.52,158.81,160.78,5003805.0
1518739200,159.47,159.9,157.76,157.79,7160663.0
1519084800,157.0,159.16,156.275,157.16,5207497.0
1519171200,157.76,161.32,157.6,158.64,7829722.0
1519257600,158.95,161.4,158.9,160.66,4394307.0
1519344000,161.44,163.31,161.44,163.06,4266490.0
1519603200,164.0,164.75,162.3,163.58,4523815.0
1519689600,164.19,164.5,160.64,160.66,4900961.0
1519776000,160.43,161.21,157.72,157.74,6101333.0
1519862400,157.8,160.43,155.21,155.7,5608164.0
1519948800,148.91,150.45,146.84,148.27,11749150.0
1520208000,148.28,151.48,147.92,151.03,6266698.0
1520294400,151.25,151.71,150.13,151.2,5006260.0
1520380800,149.86,152.74,149.68,152.38,4381173.0
1520467200,152.73,154.61,152.65,154.44,4428515.0
1520553600,155.62,157.73,154.84,157.24,5076404.0
1520812800,157.74,159.45,157.505,157.74,4243240.0
1520899200,158.56,159.89,158.21,158.22,4332373.0
1520985600,159.0,159.51,157.24,158.24,3878757.0
1521072000,158.71,162.15,158.59,161.61,5923368.0
1521158400,161.88,163.23,161.58,162.36,14293390.0
1521417600,162.0,162.36,158.21,159.01,4253662.0
1521504000,159.75,160.67,159.25,159.38,3105127.0
1521590400,160.0,160.41,158.29,158.66,3657845.0
1521676800,157.85,159.12,156.85,157.04,3658765.0
1521763200,157.59,158.08,154.92,154.98,3443438.0
1522022400,156.21,158.2,156.21,158.01,3475933.0
1522108800,158.5,159.7655,156.47,157.48,3208196.0
1522195200,157.84,159.76,157.82,158.41,3891493.0
1522281600,159.0,159.83,156.38,156.38,5285851.0
1522627200,158.27,160.16,155.25,157.72,6956336.0
1522713600,157.98,160.53,157.3,160.4,4719249.0
1522800000,158.5,162.15,157.88,161.73,4883491.0
1522886400,162.4,164.5615,161.75,163.95,4457268.0
1522972800,162.42,163.78,160.91,161.25,4275936.0
1523232000,162.22,163.57,161.06,161.23,3581348.0
1523318400,162.83,163.9632,162.05,162.77,3922753.0
1523404800,162.5,164.06,162.275,163.34,2699607.0
1523491200,163.59,165.4,161.54,161.62,5176861.0
1523577600,162.16,163.16,161.26,161.73,2449089.0
1523836800,161.3,162.44,160.86,161.63,3112744.0
1523923200,162.39,163.48,162.06,162.55,2748421.0
1524009600,162.59,163.31,161.74,161.81,2503021.0
1524096000,161.61,162.1,158.78,159.53,3272847.0
1524182400,159.33,160.73,158.51,158.77,3961012.0
1524441600,158.97,159.69,158.15,158.99,2992570.0
1524528000,159.75,159.83,156.761,157.32,2833268.0
1524614400,157.09,157.34,155.01,155.94,3687913.0
1524700800,156.46,159.46,155.65,158.9,3668251.0
1524787200,159.48,159.85,158.21,158.3,4128608.0
1525046400,164.69,167.95,163.75,167.44,12936180.0
1525132800,166.38,166.5,162.1,163.44,6559208.0
1525219200,162.15,163.195,160.44,160.68,4244850.0
1525305600,160.6,160.84,159.08,160.08,3370672.0
1525392000,159.95,165.45,159.9,165.03,4283225.0
1525651200,166.77,167.3,164.65,165.0,3381383.0
1525737600,164.44,165.59,163.75,164.77,2741610.0
1525824000,165.0,165.21,163.05,164.24,2759127.0
1525910400,164.45,165.64,164.31,165.07,1675033.0
1525996800,165.0,165.98,164.85,165.39,2258254.0
1526256000,165.65,165.98,164.32,164.72,2537284.0
1526342400,164.27,164.65,162.33,163.06,3471278.0
1526428800,163.24,163.94,161.74,162.87,2400741.0
1526515200,162.63,163.23,160.73,161.31,2912980.0
1526601600,161.68,162.84,160.55,160.98,2312723.0
1526860800,161.78,161.97,160.61,161.48,2390960.0
1526947200,162.06,162.09,159.16,159.45,3223891.0
1527033600,159.7,161.65,159.1586,161.62,3829513.0
1527120000,161.11,162.6,160.44,162.39,3374345.0
1527206400,162.44,163.95,162.1,163.21,2582090.0
1527552000,162.43,162.72,160.2124,160.62,3195346.0
1527638400,161.41,162.1,160.8175,161.82,2387741.0
1527724800,161.18,161.63,159.94,160.01,4878429.0
1527811200,159.9,160.05,159.02,159.16,3203401.0
1528070400,160.08,160.49,159.54,160.22,3168812.0
1528156800,159.97,160.99,158.98,159.48,2949927.0
1528243200,159.79,162.39,159.33,162.38,3585294.0
1528329600,163.75,170.0,163.69,169.48,8287528.0
1528416000,169.02,171.56,168.46,168.91,5053920.0
1528675200,169.04,169.04,166.26,166.49,3246011.0
1528761600,166.82,167.24,166.2301,166.73,2940748.0
1528848000,166.99,167.61,166.55,166.58,2893544.0
1528934400,167.04,167.94,166.68,167.05,2289549.0
1529020800,166.1,166.6,164.59,166.46,7382007.0
1529280000,165.53,166.58,163.81,166.28,4122543.0
1529366400,164.62,165.51,164.24,164.97,3340527.0
1529452800,164.91,165.53,162.37,162.56,3645195.0
1529539200,163.29,163.6,159.541,160.53,4544333.0
1529625600,161.27,165.14,161.26,164.55,10925080.0
1529884800,163.0,163.0,158.95,159.81,6067944.0
1529971200,160.01,161.855,159.8,160.91,3374176.0
1530057600,159.05,160.49,157.38,157.42,4950858.0
1530144000,157.25,157.33,155.1,156.32,4135165.0
1530230400,156.76,157.95,156.07,156.69,4023121.0
1530489600,155.99,156.87,155.45,156.87,2924449.0
1530576000,157.36,157.82,156.31,156.48,1437699.0
1530748800,156.9,157.67,156.5,157.32,2165627.0
1530835200,157.77,160.57,157.45,159.42,3298416.0
1531094400,160.47,160.8,159.37,159.94,2387131.0
1531180800,159.83,160.98,159.46,160.62,2175999.0
1531267200,158.89,159.71,157.7,158.62,3125468.0
1531353600,159.15,159.775,158.82,159.12,2345944.0
1531440000,157.4,158.76,155.28,158.51,5184917.0
1531699200,158.62,159.28,157.96,158.78,2817982.0
1531785600,158.56,160.0,158.56,159.75,1875387.0
1531872000,159.85,159.87,157.81,157.93,3823411.0
1531958400,157.59,158.64,157.11,157.41,4865678.0
1532044800,157.2,158.35,156.28,157.97,2693888.0
1532304000,157.8,158.83,157.04,158.75,2752991.0
1532390400,159.24,159.58,157.52,157.94,3385421.0
1532476800,157.69,158.99,157.41,158.89,4192236.0
1532563200,158.23,158.89,154.71,156.14,7408945.0
1532649600,156.58,158.01,156.4,157.48,4233877.0
1532908800,157.39,160.02,157.09,158.64,3273085.0
1532995200,158.7,159.0,157.23,157.54,3530029.0
1533081600,156.57,157.22,155.66,156.92,4252751.0
1533168000,156.65,156.9297,153.13,155.41,6201868.0
1533254400,155.7,156.97,154.29,156.21,3673117.0
1533513600,156.03,157.41,155.46,156.72,2375186.0
1533600000,156.91,157.2,155.84,156.04,1929316.0
1533686400,156.49,158.93,156.17,158.92,2988036.0
1533772800,158.84,159.62,157.96,159.3,2729712.0
1533859200,158.34,159.51,157.87,158.68,3342512.0
1534118400,158.48,158.99,157.25,158.14,2879589.0
1534204800,158.35,161.43,158.19,160.6,3111614.0
1534291200,159.81,160.46,158.37,159.88,3355473.0
1534377600,160.15,162.28,160.15,161.73,2822083.0
1534464000,161.9,161.9,160.24,161.15,2526821.0
1534723200,161.29,162.16,161.1,161.68,2659490.0
1534809600,161.46,161.95,161.02,161.04,1885660.0
1534896000,161.41,161.51,160.08,160.55,2317191.0
1534982400,160.56,160.79,158.37,159.05,2755526.0
1535068800,158.74,159.86,158.3,159.38,2199399.0
1535328000,160.23,160.52,159.2,160.48,2620121.0
1535414400,160.55,161.67,160.155,161.64,2137861.0
1535500800,161.92,163.34,161.69,163.11,3168222.0
1535587200,163.03,163.29,162.3728,162.8,3038213.0
1535673600,161.53,162.91,161.53,162.23,3646447.0
1536019200,161.81,161.98,160.07,161.72,3296270.0
1536105600,161.6,163.4,161.19,163.24,2749159.0
1536192000,163.04,164.3,162.7,163.74,3124752.0
1536278400,163.58,164.2,163.14,163.9,2868309.0
1536537600,164.48,166.02,164.24,165.07,3080061.0
1536624000,164.88,165.93,164.201,164.62,2913274.0
1536710400,164.32,165.42,163.74,164.74,2541037.0
1536796800,165.45,165.46,161.7,162.4,3625147.0
1536883200,163.0,163.11,160.25,160.84,3905416.0
1537142400,159.55,159.82,156.56,158.14,5357385.0
1537228800,158.17,159.08,157.58,157.77,3708060.0
1537315200,158.71,159.49,157.72,159.18,2813183.0
1537401600,160.21,161.05,159.37,160.79,3116064.0
1537488000,162.71,165.3,162.51,165.3,8789456.0
1537747200,163.9,164.08,161.12,163.31,4372117.0
1537833600,164.59,167.18,164.07,166.41,5237098.0
1537920000,166.4,167.51,165.55,165.76,3027987.0
1538006400,165.62,167.27,165.3,166.53,2361257.0
1538092800,166.74,167.83,166.51,167.29,3095342.0
1538352000,168.37,168.95,166.66,166.67,3100781.0
1538438400,166.35,167.0377,165.18,165.18,2970171.0
1538524800,166.1,167.6,164.37,164.66,3727804.0
1538611200,164.89,166.07,164.5,165.8,3229270.0
1538697600,166.24,167.49,165.79,166.57,2822493.0
1538956800,166.25,168.17,166.12,167.77,2487928.0
1539043200,168.16,170.56,167.81,169.83,4157715.0
1539129600,171.99,172.0,168.22,168.37,4135049.0
1539216000,166.41,167.67,161.82,162.97,5419346.0
1539302400,163.93,164.96,161.86,163.82,3402822.0
1539561600,164.69,165.47,163.64,163.67,4252559.0
1539648000,163.44,164.46,162.9,164.07,4070578.0
1539734400,164.47,167.73,164.11,166.77,3607479.0
1539820800,166.64,167.9938,165.766,166.81,3376602.0
1539907200,166.39,168.15,166.3,167.49,3484629.0
1540166400,167.98,169.81,166.19,166.63,5686942.0
1540252800,171.2,177.87,170.5,177.15,12914730.0
1540339200,176.13,178.0,174.43,177.35,7860646.0
1540425600,177.56,178.27,174.6029,175.31,4556225.0
1540512000,174.6,174.93,172.6,173.34,4736309.0
1540771200,175.0,176.16,172.22,173.23,3471369.0
1540857600,173.51,178.59,173.44,178.49,5555549.0
1540944000,178.81,178.96,176.37,176.9,5423391.0
1541030400,176.67,177.35,174.7,174.88,3683191.0
1541116800,176.45,176.99,174.0,176.75,4175302.0
1541376000,177.41,181.1,177.0,180.39,4703847.0
1541462400,180.03,182.86,179.49,182.71,4863546.0
1541548800,183.0,184.48,181.88,184.25,4250885.0
1541635200,184.29,186.04,184.08,185.48,3302497.0
1541721600,186.0,186.58,185.07,185.94,3236312.0
1541980800,185.95,187.42,183.78,184.37,3056696.0
1542067200,183.94,184.92,183.32,184.01,2353001.0
1542153600,184.22,185.09,183.36,183.85,3400427.0
1542240000,182.97,183.98,181.52,183.56,3350815.0
1542326400,183.5,187.77,183.42,187.59,3694139.0
1542585600,187.74,188.9,185.79,186.72,3707962.0
1542672000,185.67,186.63,183.03,183.71,3708232.0
1542758400,183.21,185.57,182.7,182.72,3410621.0
1542931200,182.52,183.0,181.07,181.93,1747670.0
1543190400,182.4,184.09,182.07,183.89,3666518.0
1543276800,183.33,184.64,183.19,184.63,2190880.0
1543363200,185.97,188.05,184.72,187.85,3278899.0
1543449600,190.72,190.88,188.61,189.26,4610851.0
1543536000,188.34,189.23,186.76,188.51,6631771.0
1543795200,188.1,188.42,184.67,185.37,4394763.0
1543881600,185.79,188.08,184.9,185.04,4113268.0
1544054400,182.74,185.75,182.1,185.45,4808147.0
1544140800,185.33,187.2,182.67,182.96,3084950.0
1544400000,182.96,185.09,180.55,184.65,3084901.0
1544486400,186.57,186.83,182.87,183.59,2669676.0
1544572800,183.93,184.84,182.35,183.48,3024645.0
1544659200,184.0,186.76,183.81,186.43,2613231.0
1544745600,185.26,185.26,182.2,183.29,4449968.0
1545004800,182.8,183.62,180.2,180.79,4525694.0
1545091200,182.24,182.61,179.06,179.71,4224478.0
1545177600,180.95,182.98,178.58,179.16,3873687.0
1545264000,178.21,178.8122,172.54,173.68,5638681.0
1545350400,173.53,177.65,173.53,174.15,8510725.0
1545609600,174.24,175.27,170.17,170.28,2400878.0
1545782400,170.09,174.04,169.04,174.03,4014787.0
1545868800,173.29,175.71,170.73,175.71,3912836.0
1545955200,176.3,177.5,174.85,175.56,2890778.0
1546214400,175.96,177.8,175.6,177.57,2482576.0
1546387200,175.41,176.3,174.168,176.06,2547222.0
1546473600,175.45,176.45,174.41,174.9,3719301.0
1546560000,176.03,179.2,175.6901,178.28,3179133.0
1546819200,178.14,181.88,178.14,180.22,3145109.0
1546905600,181.96,182.29,179.91,180.6,2892406.0
1546992000,180.56,180.9,179.19,180.29,2677850.0
1547078400,179.84,181.875,179.3201,181.55,2481865.0
1547164800,180.59,182.4,180.46,182.37,2347641.0
1547424000,181.42,181.75,180.69,181.22,1882717.0
1547510400,181.47,183.21,180.74,181.02,3856139.0
1547596800,180.94,181.53,179.14,179.35,3365719.0
1547683200,179.25,181.11,179.03,181.11,3010955.0
1547769600,183.04,183.26,180.94,182.57,3487954.0
1548115200,182.25,185.48,182.25,184.57,3187090.0
1548201600,184.78,186.17,184.11,186.09,2485889.0
1548288000,186.86,187.88,185.94,187.37,3213548.0
1548374400,188.77,189.42,183.93,184.0,4401268.0
1548633600,183.06,183.72,181.83,183.6,4116860.0
1548720000,183.28,183.72,180.97,182.17,3400159.0
1548806400,182.92,187.7923,178.67,181.77,9486888.0
1548892800,180.25,181.85,176.87,178.78,10427580.0
1548979200,179.55,180.49,176.48,176.72,6513837.0
1549238400,177.29,177.78,175.66,177.55,4525268.0
1549324800,177.71,179.42,177.22,177.57,4179576.0
1549411200,177.55,177.55,175.99,176.18,3964063.0
1549497600,176.0,176.26,174.31,175.28,4134112.0
1549584000,174.77,175.47,174.4,174.75,4002810.0
1549843200,175.24,175.9,174.17,174.26,3181235.0
1549929600,174.79,175.28,173.8,173.97,4691250.0
1550016000,174.0,174.66,173.75,174.15,5282956.0
1550102400,173.93,176.44,173.41,175.87,4428779.0
1550188800,177.28,179.98,177.0142,179.97,4640450.0
1550534400,181.11,181.9,179.16,179.25,4764865.0
1550620800,179.47,180.92,179.34,180.49,3313101.0
1550707200,180.45,183.34,180.4,182.81,4296217.0
1550793600,182.98,183.41,182.0,183.17,3073494.0
1551052800,183.93,184.705,182.41,182.61,3088136.0
1551139200,183.44,183.81,182.47,183.21,2219067.0
1551225600,183.07,184.06,182.84,183.36,2261197.0
1551312000,182.13,183.98,182.01,183.84,3297847.0
1551398400,184.59,185.65,184.07,185.05,2687862.0
1551657600,184.55,184.73,179.7,180.59,4814106.0
1551744000,180.6,181.75,180.35,181.35,3250749.0
1551830400,182.0,183.46,181.9,182.03,2051573.0
1551916800,182.12,182.39,179.95,180.52,3171200.0
1552003200,179.75,180.0,178.27,179.5,2757217.0
1552262400,180.0,181.12,179.8,181.08,2070140.0
1552348800,181.67,182.1,180.66,181.83,2119156.0
1552435200,182.52,183.18,181.7,182.06,2609162.0
1552521600,181.99,182.78,180.67,182.74,2375340.0
1552608000,183.27,185.46,182.11,185.33,6007965.0
1552867200,185.98,186.26,183.41,183.95,3489008.0
1552953600,184.06,184.37,182.53,183.11,3998156.0
1553040000,183.38,185.36,182.32,184.97,3521487.0
1553126400,184.44,186.63,184.43,186.37,2786808.0
1553212800,185.96,188.65,185.935,186.81,3305879.0
1553472000,186.25,186.46,184.01,185.72,2643507.0
1553558400,186.65,188.88,186.35,187.48,2582674.0
1553644800,187.64,188.66,187.03,187.51,1657902.0
1553731200,187.97,189.445,187.93,189.39,1974500.0
1553817600,190.25,190.52,188.9101,189.9,2951472.0
1554076800,190.5,190.85,187.74,188.39,3114813.0
1554163200,188.91,188.95,186.7,188.35,1797712.0
1554249600,188.88,189.24,187.62,188.35,2512114.0
1554336000,189.05,190.73,188.9,189.87,2324868.0
1554422400,190.35,191.24,190.07,190.71,2438151.0
1554681600,190.71,191.5,189.6,189.85,2289372.0
1554768000,189.4,190.28,188.44,190.08,2279476.0
1554854400,190.56,191.3,188.76,189.22,2375588.0
1554940800,189.28,189.4799,188.05,188.88,1740341.0
1555027200,189.59,192.28,189.57,191.6,3238055.0
1555286400,191.77,192.35,190.85,191.85,1973446.0
1555372800,192.5,193.07,191.39,191.7,1559170.0
1555459200,192.0,192.35,191.37,191.61,1823587.0
1555545600,191.77,195.0,191.66,194.91,2880164.0
1555891200,194.0,194.73,193.3799,193.92,1738184.0
1555977600,194.31,195.95,194.12,195.26,2192868.0
1556064000,195.57,198.26,195.34,197.63,3069957.0
1556150400,196.49,198.02,195.62,197.93,2040805.0
1556236800,198.47,198.6,196.54,197.42,2256626.0
1556496000,197.98,198.36,195.4001,197.12,3433342.0
1556582400,198.85,200.0,195.5,197.57,6151042.0
1556668800,195.87,197.19,193.95,194.17,4059612.0
1556755200,194.19,195.15,193.32,194.61,2417953.0
1556841600,195.34,197.97,194.75,197.52,2915210.0
1557100800,196.53,199.18,195.94,198.9,2371253.0
1557187200,197.96,199.62,196.73,198.04,3072542.0
1557273600,197.71,199.09,196.75,198.03,2040919.0
1557360000,197.12,198.31,196.41,197.73,1923655.0
1557446400,197.06,200.36,197.02,199.99,2668932.0
1557705600,198.0,199.91,197.28,199.03,2809429.0
1557792000,198.83,199.61,197.64,198.01,2787732.0
1557878400,197.66,199.73,197.5,199.07,1898987.0
1557964800,199.36,200.63,198.89,199.99,2520899.0
1558051200,198.86,200.37,198.8,199.22,2239574.0
1558310400,199.22,200.68,198.28,198.99,2217366.0
1558396800,200.89,201.1462,199.07,199.84,2264591.0
1558483200,199.52,200.17,198.5,199.96,1760440.0
1558569600,198.81,199.43,198.1,198.97,3560545.0
1558656000,199.87,199.9,197.33,197.77,2105755.0
1559001600,198.28,199.38,196.38,196.67,3675164.0
1559088000,195.85,196.7,194.85,196.02,2925087.0
1559174400,196.01,199.42,195.775,199.24,2685006.0
1559260800,197.41,200.03,197.25,198.27,3669172.0
1559520000,198.36,199.1,197.32,198.78,3211789.0
1559606400,199.0,200.3,198.79,199.63,3829903.0
1559692800,200.08,200.56,199.25,200.13,4294736.0
1559779200,200.12,203.38,200.03,203.05,4657847.0
1559865600,203.5,206.39,203.5,205.48,4345037.0
1560124800,206.1,206.1,199.74,201.3,4647536.0
1560211200,202.3,203.65,201.39,203.26,2991501.0
1560297600,204.49,205.49,203.7,204.93,2874338.0
1560384000,205.2,205.4,203.6599,204.49,2277781.0
1560470400,204.0,205.805,203.78,205.29,2715937.0
1560729600,205.75,205.75,203.09,203.81,2694576.0
1560816000,205.0,205.4,203.9192,204.51,2470933.0
1560902400,204.62,205.0,202.61,204.55,2328409.0
1560988800,205.0,205.39,204.1,205.12,2162164.0
1561075200,205.58,205.94,203.98,204.26,4267398.0
1561334400,204.75,205.25,203.63,203.92,2486835.0
1561420800,204.8,206.39,204.72,205.71,3020965.0
1561507200,205.49,205.6699,204.01,204.55,2576000.0
1561593600,204.67,206.35,204.2,206.27,2253671.0
1561680000,206.9,207.99,206.32,207.66,3658196.0
1561939200,208.86,209.43,206.19,206.3,2692857.0
1562025600,206.75,209.58,206.32,209.58,3120250.0
1562112000,209.82,212.87,209.7,212.81,2306040.0
1562284800,212.3,213.01,210.25,211.24,1876180.0
1562544000,211.24,212.53,211.23,212.16,1818123.0
1562630400,211.99,212.692,211.47,212.09,1619149.0
1562716800,212.25,213.46,211.95,213.0,1842288.0
1562803200,214.47,214.8,211.61,212.69,1922802.0
1562889600,212.69,213.4,211.265,212.99,1960149.0
1563148800,213.63,214.7,212.69,214.21,2408827.0
1563235200,213.53,214.9,212.15,213.72,2380836.0
1563321600,213.98,214.9,213.355,213.71,1698600.0
1563408000,214.08,215.95,213.33,215.91,2261628.0
1563494400,215.58,216.26,213.8,213.87,2860462.0
1563753600,213.79,215.33,212.52,215.0,2580634.0
1563840000,215.74,216.25,212.64,214.31,2503582.0
1563926400,213.84,214.95,212.27,212.78,2971648.0
1564012800,212.36,214.604,212.31,214.44,3788976.0
1564099200,217.95,218.9599,214.49,215.58,5029324.0
1564358400,216.0,217.42,214.3,214.98,4278616.0
1564444800,214.29,215.205,211.58,212.34,2808503.0
1564531200,212.08,212.71,209.37,210.72,4048787.0
1564617600,211.18,213.13,210.11,211.25,3232059.0
1564704000,211.3,215.09,210.89,214.48,3517803.0
1564963200,213.64,214.605,209.425,210.45,3685561.0
1565049600,210.5,214.55,209.88,214.08,2970342.0
1565136000,213.26,217.56,211.34,216.83,3767220.0
1565222400,217.31,219.74,216.17,218.01,3724277.0
1565308800,218.08,221.93,218.08,221.15,3783954.0
1565568000,220.44,220.6499,216.37,217.16,2338365.0
1565654400,220.0,220.22,218.04,219.73,2923623.0
1565740800,218.95,219.74,216.38,216.48,3233712.0
1565827200,216.0,218.48,215.665,218.27,2774122.0
1565913600,219.18,219.82,217.3,218.47,2475934.0
1566172800,219.99,220.21,217.11,218.78,2721167.0
1566259200,218.86,219.92,218.35,218.47,2334864.0
1566345600,219.9,220.79,218.73,220.71,2053321.0
1566432000,220.54,220.89,217.88,219.49,2551256.0
1566518400,219.17,219.47,213.89,214.66,3662483.0
1566777600,216.08,217.18,214.21,216.91,2553406.0
1566864000,217.58,217.9,216.05,216.05,2070202.0
1566950400,216.62,218.21,215.4,218.07,2152034.0
1567036800,219.83,221.015,218.37,220.54,2730740.0
1567123200,219.8,220.0,216.935,217.97,2734180.0
1567468800,217.93,218.67,216.28,217.13,3183134.0
1567555200,217.5,219.2614,216.5,218.5,2267061.0
1567641600,220.21,220.33,218.4,219.49,2752112.0
1567728000,219.81,220.84,219.45,220.03,1976463.0
1567987200,220.5,220.5,217.16,217.26,2569578.0
1568073600,215.43,215.43,208.28,209.68,6407631.0
1568160000,209.69,211.55,208.54,210.2,3393286.0
1568246400,211.9,214.0259,211.3,212.15,3439063.0
1568332800,212.5,212.7786,208.95,209.81,3791827.0
1568592000,209.3,209.86,207.33,207.4,3437739.0
1568678400,208.0,210.84,207.49,209.85,3692802.0
1568764800,210.65,210.88,208.285,210.43,2547415.0
1568851200,210.38,211.83,209.87,210.52,2614128.0
1568937600,210.34,211.78,209.37,209.39,6008065.0
1569196800,209.06,212.47,209.06,211.54,3359064.0
1569283200,212.5,213.52,211.55,212.02,3092687.0
1569369600,212.02,213.15,211.0,212.63,2430656.0
1569456000,214.22,215.67,212.48,212.6,3057795.0
1569542400,213.06,213.63,212.285,213.16,2333187.0
1569801600,213.16,215.36,212.805,214.71,2496973.0
1569888000,211.13,211.7,208.46,209.02,5002976.0
1569974400,207.93,208.48,205.5928,206.27,4185866.0
1570060800,206.82,210.03,206.33,210.03,3535247.0
1570147200,210.83,211.71,210.04,211.69,2226999.0
1570406400,211.1,212.87,211.1,211.92,3061220.0
1570492800,210.98,213.14,209.97,211.11,2565838.0
1570579200,211.7,213.47,211.62,212.83,1758556.0
1570665600,211.76,213.13,211.5,211.76,2490729.0
1570752000,213.03,213.27,208.67,209.02,3962687.0
1571011200,208.0,210.02,207.7883,208.38,3098066.0
1571097600,209.56,209.72,206.5217,207.22,3815888.0
1571184000,207.0,208.9329,206.81,208.3,2910045.0
1571270400,208.5,209.49,206.84,206.85,3354558.0
1571356800,206.8,209.05,206.73,208.5,3521237.0
1571616000,209.7,210.76,208.4427,209.85,3741843.0
1571702400,205.09,205.25,199.15,199.27,10332750.0
1571788800,200.11,201.1371,198.02,199.21,7966978.0
1571875200,199.54,199.55,195.7906,196.02,5006419.0
1571961600,196.1,196.65,194.4013,194.61,4773651.0
1572220800,194.98,195.32,191.5,191.78,7711396.0
1572307200,192.0,193.2,191.64,192.62,4454632.0
1572393600,193.29,197.0,191.68,196.89,6332596.0
1572480000,197.4,198.0,195.6302,196.7,4960993.0
1572566400,197.78,197.97,193.7,193.94,4192395.0
1572825600,190.16,190.75,187.55,188.66,17662060.0
1572912000,189.65,192.995,189.45,192.18,10496020.0
1572998400,193.3,195.27,193.05,194.18,6473508.0
1573084800,195.72,196.0,192.32,193.08,4820241.0
1573171200,194.6,194.78,193.2201,193.61,3499866.0
1573430400,193.63,194.25,192.5,192.64,2747002.0
1573516800,193.0,193.856,192.77,193.28,2933091.0
1573603200,193.77,195.09,193.51,195.0,3443994.0
1573689600,195.23,195.5,193.16,194.0,3175846.0
1573776000,194.57,194.79,193.309,193.97,2991719.0
1574035200,194.2,195.72,193.86,194.28,3421599.0
1574121600,194.2,194.4,193.01,193.44,2910580.0
1574208000,193.59,194.97,193.5401,194.13,3131923.0
1574294400,194.28,194.66,192.26,192.35,3509470.0
1574380800,193.19,193.4156,192.15,193.14,2418119.0
1574640000,193.94,194.315,191.6,191.89,4000371.0
1574726400,192.0,194.03,191.95,194.01,3879977.0
1574812800,194.26,196.6699,193.92,196.3,4136783.0
1574985600,196.51,196.54,194.27,194.48,2815480.0
1575244800,195.38,195.59,193.78,195.18,3198902.0
1575331200,194.3,195.035,192.35,193.12,4078751.0
1575417600,193.59,194.4695,192.8901,194.31,2217253.0
1575504000,194.5,194.5,193.14,194.21,2820099.0
1575590400,194.55,195.74,194.11,195.35,3608361.0
1575849600,195.66,196.35,194.29,194.68,2244059.0
1575936000,194.62,195.385,194.28,194.95,2470123.0
1576022400,195.67,195.75,194.26,194.72,2490694.0
1576108800,195.25,197.17,194.91,196.31,3024971.0
1576195200,196.04,197.33,195.34,197.12,2078090.0
1576454400,197.59,198.16,196.475,197.88,3650140.0
1576540800,197.6,198.7199,196.45,196.52,3341019.0
1576627200,196.6,196.79,194.7101,195.63,4288485.0
1576713600,195.46,197.175,195.25,197.06,3346806.0
1576800000,198.55,199.0,196.65,197.14,6415590.0
1577059200,197.54,197.54,196.03,196.2,2389543.0
1577145600,195.93,197.14,195.67,196.67,1152517.0
1577318400,196.61,197.16,196.1627,197.06,1810616.0
1577404800,197.33,198.47,197.175,198.17,2264927.0
1577664000,197.58,197.8,195.94,196.91,2242905.0
1577750400,196.8,197.95,196.5579,197.61,2278794.0
1577923200,198.0,200.8,197.81,200.79,3554837.0
1578009600,199.39,200.55,198.85,200.08,2767663.0
1578268800,199.6,202.7673,199.35,202.33,4660792.0
1578355200,201.87,202.68,200.51,202.63,4054726.0
1578441600,202.62,206.69,202.2,205.91,5286482.0
1578528000,206.86,209.3748,206.1,208.35,5974942.0
1578614400,208.44,208.95,207.2688,207.27,2336721.0
1578873600,207.38,207.78,205.76,206.51,2784618.0
1578960000,205.46,207.65,205.46,207.32,2623410.0
1579046400,207.32,210.35,207.32,209.77,3369381.0
1579132800,210.11,211.11,209.22,210.85,2726936.0
1579219200,211.42,212.77,211.35,211.98,3540424.0
1579564800,211.37,212.26,210.2208,211.16,4100505.0
1579651200,213.16,213.6598,211.39,211.44,2757509.0
1579737600,210.54,213.5,208.62,213.42,3378229.0
1579824000,214.18,214.18,210.9,211.24,3106346.0
1580083200,207.84,210.61,207.3,209.34,3389321.0
1580169600,209.89,212.21,209.86,210.39,3855185.0
1580256000,211.69,216.4168,210.8,214.44,5735460.0
1580342400,214.0,216.74,212.83,216.18,3560701.0
1580428800,215.52,217.1,213.14,213.97,3920820.0
1580688000,214.99,216.88,214.23,215.18,3539429.0
1580774400,216.11,216.69,214.2496,214.62,3367933.0
1580860800,215.64,215.78,213.012,214.37,2911520.0
1580947200,214.72,214.82,212.64,212.87,2903328.0
1581033600,212.56,212.84,211.09,211.61,2421602.0
1581292800,211.34,213.28,211.25,213.21,2318962.0
1581379200,214.0,215.86,213.65,215.73,2694622.0
1581465600,216.0,217.47,215.11,217.46,2844944.0
1581552000,216.71,218.385,216.19,217.42,2853360.0
1581638400,217.5,217.84,216.3832,217.09,1720400.0
1581984000,215.92,217.04,215.67,216.15,2714047.0
1582070400,216.81,216.92,215.61,215.63,2229508.0
1582156800,216.15,216.65,212.7813,215.08,2869429.0
1582243200,215.24,216.37,214.3,215.87,2791392.0
1582502400,210.58,215.18,210.11,213.52,4219147.0
1582588800,214.58,216.83,211.149,212.1,5053726.0
1582675200,212.89,214.56,209.75,210.1,4191398.0
1582761600,207.7,210.0,200.93,201.0,6406211.0
1582848000,196.0,198.44,188.81,194.17,11377780.0
1583107200,193.81,202.55,193.18,202.55,6154168.0
1583193600,202.0,205.67,197.16,199.51,5115171.0
1583280000,201.93,207.16,200.9,207.02,4260634.0
1583366400,202.64,203.91,196.33,198.32,4107234.0
1583452800,192.9,199.58,191.21,198.86,6360268.0
1583712000,187.67,194.47,184.1,186.86,7788507.0
1583798400,190.95,200.0,187.89,199.86,5835234.0
1583884800,192.94,195.74,185.83,188.25,5627804.0
1583971200,174.78,179.84,169.38,170.13,9079339.0
1584057600,178.26,179.47,168.2,177.13,8042646.0
1584316800,157.1,161.92,147.6283,149.01,9341340.0
1584403200,148.02,149.48,135.0,147.62,13708250.0
1584489600,137.5,141.71,124.23,137.3,12627580.0
1584576000,135.2,154.8403,128.21,149.5,12773390.0
1584662400,153.59,161.54,147.77,148.49,12000040.0
1584921600,142.95,153.21,136.5,137.1,10660440.0
1585008000,149.0,162.98,146.1,161.95,11678380.0
1585094400,165.0,171.36,159.22,162.98,9708701.0
1585180800,163.99,170.93,161.0,167.35,8264901.0
1585267200,162.78,169.735,159.2164,164.01,6441366.0
1585526400,164.92,170.31,163.57,168.13,5621669.0
1585612800,166.84,169.51,165.0,165.35,4522292.0
1585699200,160.22,161.44,156.35,158.17,4668869.0
1585785600,155.0,161.95,155.0,161.5,4803514.0
1585872000,160.31,162.23,156.15,160.33,5050441.0
1586131200,169.2,177.87,168.24,177.04,8330914.0
1586217600,184.53,185.19,175.16,175.59,7848299.0
1586304000,175.01,179.42,174.1,177.49,5665728.0
1586390400,180.73,185.46,179.62,183.7,4901856.0
1586736000,182.68,182.8506,176.91,180.12,3182573.0
1586822400,183.75,184.49,181.84,183.99,3864204.0
1586908800,178.74,180.97,177.27,177.84,4961463.0
1586995200,177.0,179.91,172.27,179.5,7120833.0
1587081600,182.32,186.81,180.2275,186.1,6467814.0
1587340800,184.45,185.78,181.55,181.65,3856456.0
1587427200,177.37,179.39,176.1,177.58,4758289.0
1587513600,180.75,187.73,180.75,186.48,4245902.0
1587600000,186.16,187.33,181.32,182.04,5050147.0
1587686400,183.26,184.35,180.86,184.02,3319849.0
1587945600,185.15,188.365,184.77,185.89,4048222.0
1588032000,190.0,190.0,185.57,185.93,3804981.0
1588118400,188.53,190.41,186.88,187.82,3465196.0
1588204800,182.0,188.31,180.76,187.56,7127221.0
1588291200,184.0,185.54,182.15,182.66,3764754.0
1588550400,181.31,182.46,178.87,181.87,4027063.0
1588636800,183.53,183.86,179.11,179.24,3828424.0
1588723200,180.6,181.12,176.86,176.97,3916862.0
1588809600,179.5,181.56,178.3,181.12,3039953.0
1588896000,183.2,183.43,179.9102,181.23,3411874.0
1589155200,179.37,182.88,178.52,180.88,2631295.0
1589241600,181.97,182.592,176.44,176.54,3610581.0
1589328000,176.18,176.565,171.01,172.82,4729120.0
1589414400,170.2,175.66,167.85,175.41,4868360.0
1589500800,173.05,174.71,171.68,173.81,6879617.0
1589760000,180.06,181.15,178.11,179.83,4653306.0
1589846400,180.12,181.46,178.07,179.57,3365030.0
1589932800,182.0,184.6,180.57,184.1,4920793.0
1590019200,184.18,185.48,182.106,185.08,2913846.0
1590105600,184.48,185.35,183.18,184.41,2475190.0
1590451200,189.59,190.66,184.24,184.84,3990870.0
1590537600,188.74,188.75,185.27,187.72,3993447.0
1590624000,189.42,190.48,186.72,188.73,3568464.0
1590710400,187.43,188.7,185.7101,186.32,5719059.0
1590969600,186.71,187.84,185.6,187.41,2169455.0
1591056000,188.4,188.56,186.085,187.59,3125455.0
1591142400,188.47,193.81,188.09,193.29,3881453.0
1591228800,192.32,194.26,191.62,193.24,3469436.0
1591315200,198.0,200.15,196.27,197.16,4728306.0
1591574400,195.68,202.73,195.64,202.65,4443911.0
1591660800,200.37,201.57,199.01,199.52,3728614.0
1591747200,199.13,199.555,195.6699,195.8,3459865.0
1591833600,190.9,192.91,186.33,187.51,5795967.0
1591920000,191.67,191.67,185.45,189.17,4108594.0
1592179200,184.6,190.1199,184.13,189.49,4500420.0
1592265600,192.0,193.5,187.51,190.32,5434776.0
1592352000,191.92,192.88,190.42,190.79,3154073.0
1592438400,190.01,190.74,187.89,189.49,3153262.0
1592524800,192.29,192.3565,186.53,186.56,6264833.0
1592784000,186.0,187.77,184.89,187.46,3223215.0
1592870400,189.55,189.73,186.32,186.62,2951916.0
1592956800,184.96,185.71,181.34,184.29,4146579.0
1593043200,183.51,184.08,180.325,182.76,3145191.0
1593129600,182.37,182.81,178.88,179.74,5107359.0
1593388800,180.57,182.83,179.17,182.8,2622177.0
1593475200,182.92,185.2,181.89,184.47,3163190.0
1593561600,184.95,186.44,183.72,184.66,2193762.0
1593648000,187.0,187.0,182.86,183.52,2690150.0
1593993600,186.0,188.72,184.14,188.5,3171467.0
1594080000,187.37,187.85,185.25,185.82,2399567.0
1594166400,185.5,187.23,184.75,185.85,2776400.0
1594252800,186.22,186.59,182.62,184.33,2333500.0
1594339200,183.78,185.44,183.01,184.88,2714444.0
1594598400,185.6,188.95,184.71,184.92,3221622.0
1594684800,185.09,190.84,184.73,190.72,4138567.0
1594771200,193.9,194.0,189.88,191.77,3735433.0
1594857600,191.12,192.76,190.15,190.92,2111107.0
1594944000,191.34,191.9,190.13,191.48,1972966.0
1595203200,190.9,192.77,190.37,191.61,2157480.0
1595289600,192.33,194.9,192.0,192.98,3505717.0
1595376000,193.21,199.65,193.05,198.62,3484707.0
1595462400,198.46,199.27,196.01,197.55,2702178.0
1595548800,196.89,198.91,195.725,198.72,2200026.0
1595808000,199.04,202.52,198.71,201.25,4541727.0
1595894400,198.6,199.89,195.5,196.24,6051015.0
1595980800,196.3,198.46,195.71,196.21,3342859.0
1596067200,195.0,196.4019,192.9201,195.41,2705661.0
1596153600,194.15,194.675,191.6403,194.28,3195486.0
1596412800,194.33,195.6,193.59,194.4,3143754.0
1596499200,194.95,199.7,194.34,199.36,3700233.0
1596585600,200.0,200.5,197.91,199.26,2281830.0
1596672000,198.78,203.6,198.37,203.18,3159323.0
1596758400,203.36,205.16,203.285,204.6,2979950.0
1597017600,204.35,205.16,202.5367,204.12,2783695.0
1597104000,205.0,207.42,204.25,205.0,2478383.0
1597190400,206.86,207.4,205.38,206.02,2167353.0
1597276800,205.96,207.25,205.35,206.49,1795023.0
1597363200,205.95,207.33,205.2,207.03,2060237.0
1597622400,206.94,209.5,206.85,208.67,2619046.0
1597708800,209.26,210.43,207.23,210.32,2921676.0
1597795200,210.22,211.17,208.64,209.51,2711113.0
1597881600,208.12,210.99,208.1,209.88,2085063.0
1597968000,209.96,212.185,209.26,211.57,3484853.0
1598227200,212.26,213.5,210.93,212.62,2463937.0
1598313600,213.96,214.185,212.22,212.65,2302456.0
1598400000,212.09,214.42,211.6,213.76,2316855.0
1598486400,214.34,216.1,212.1,212.19,3226762.0
1598572800,212.82,216.71,211.77,214.91,3212491.0
1598832000,213.52,214.99,212.81,213.52,2900867.0
1598918400,210.84,213.61,210.5816,212.69,2926889.0
1599004800,213.25,217.13,212.69,216.23,4091998.0
1599091200,218.11,218.11,211.9,213.8,3126675.0
1599177600,215.29,217.78,210.76,211.73,3828823.0
1599523200,211.18,216.3,211.06,213.58,4107917.0
1599609600,215.0,218.17,214.44,215.71,3213195.0
1599696000,215.72,219.48,215.72,217.24,3325601.0
1599782400,217.69,219.18,216.28,218.0,3616483.0
1600041600,219.72,222.59,219.34,220.56,2544140.0
1600128000,221.76,223.64,221.4,222.37,2640872.0
1600214400,222.17,226.72,221.3,224.81,3464160.0
1600300800,223.7,223.73,220.5,222.58,3376985.0
1600387200,221.62,223.57,220.13,220.27,3861750.0
1600646400,217.14,218.045,213.4,216.41,2831750.0
1600732800,216.43,216.96,214.55,216.41,2475978.0
1600819200,217.67,219.685,214.24,214.97,2777715.0
1600905600,214.75,218.41,213.59,216.12,1727041.0
1600992000,215.3,219.25,213.65,218.18,2196831.0
1601251200,220.0,221.98,219.02,220.26,2112107.0
1601337600,220.42,220.955,218.4783,218.68,1732275.0
1601424000,218.87,222.2,218.41,219.49,3034100.0
1601510400,221.59,223.0,217.79,219.59,2443348.0
1601596800,217.51,223.3499,217.1,222.67,3833110.0
1601856000,224.86,226.5,224.01,226.07,2913824.0
1601942400,226.83,228.66,223.6,224.09,2453627.0
1602028800,225.58,228.41,225.125,226.48,1972777.0
1602115200,226.09,227.08,224.29,225.8,3195785.0
1602201600,226.94,227.22,223.12,224.83,3237709.0
1602460800,224.81,226.51,223.12,226.11,2412627.0
1602547200,225.7,228.58,224.93,227.35,2098972.0
1602633600,228.41,229.4803,227.35,227.62,1862687.0
1602720000,226.15,230.0,225.59,229.64,2178247.0
1602806400,229.77,231.91,229.1501,229.37,2162939.0
1603065600,229.55,231.02,225.17,226.0,2009635.0
1603152000,226.74,230.0,226.43,227.45,1883639.0
1603238400,227.23,229.49,227.21,228.19,1518200.0
1603324800,227.76,229.4,226.875,229.15,1961450.0
1603411200,230.41,230.41,227.8,228.71,2278124.0
1603670400,226.78,227.25,220.97,224.27,2538058.0
1603756800,224.47,225.23,222.72,222.97,1801922.0
1603843200,218.39,220.5916,214.46,214.69,3273074.0
1603929600,214.69,217.65,213.07,214.95,2477582.0
1604016000,213.6,215.22,209.905,213.0,3451419.0
1604275200,215.88,216.32,210.79,212.56,2983362.0
1604361600,215.59,218.1,213.95,216.8,2615017.0
1604448000,215.0,219.47,213.3,214.87,3360836.0
1604534400,216.07,218.2,214.68,216.31,3622023.0
1604620800,216.0,217.885,214.25,216.56,3916076.0
1604880000,226.79,227.8477,207.17,213.22,7981211.0
1604966400,215.75,215.99,211.34,213.32,4255577.0
1605052800,214.81,219.25,214.3,218.02,4127212.0
1605139200,217.56,217.82,210.88,213.07,4257495.0
1605225600,213.76,214.39,212.34,213.28,3072628.0
1605484800,215.5,216.75,213.6301,216.73,3702131.0
1605571200,215.6,217.39,214.02,216.01,2443547.0
1605657600,216.1,217.84,215.41,215.52,3095154.0
1605744000,214.84,215.48,213.33,215.11,2840460.0
1605830400,214.39,215.215,213.625,214.09,3932954.0
1606089600,215.14,217.6,214.65,217.0,3011272.0
1606176000,219.01,221.25,218.25,219.71,3872224.0
1606262400,219.98,220.59,217.92,219.34,1889200.0
1606435200,219.02,220.4,217.66,218.33,1394366.0
1606694400,216.46,217.57,214.43,217.44,3413588.0
1606780800,218.88,218.93,215.53,216.14,4226275.0
1606867200,214.0,214.4,209.13,210.86,6223661.0
1606953600,210.94,213.23,210.5581,211.51,3732543.0
1607040000,211.6,213.38,210.1,210.74,3151060.0
1607299200,208.53,209.11,206.19,208.89,3826001.0
1607385600,206.55,209.1,206.41,208.39,2709447.0
1607472000,209.49,209.5271,207.33,208.69,3011056.0
1607558400,208.5,208.76,207.07,208.04,2956368.0
1607644800,207.47,208.94,206.73,207.76,2770817.0
1607904000,210.73,214.74,210.21,211.92,4744960.0
1607990400,213.22,216.21,212.7392,214.86,3799294.0
1608076800,214.88,217.51,213.66,213.8,2681984.0
1608163200,215.39,215.785,213.53,214.25,2558810.0
1608249600,215.15,216.85,213.82,215.08,7929060.0
1608508800,210.62,212.55,208.01,211.67,4342480.0
1608595200,211.2,212.905,210.37,211.92,2773709.0
1608681600,212.3,213.4338,211.79,212.02,1658765.0
1608768000,212.12,212.74,211.14,211.39,1047650.0
1609113600,212.99,214.88,212.19,214.02,2550104.0
1609200000,214.64,215.78,212.45,212.71,1665725.0
1609286400,212.96,213.36,211.28,211.56,1854990.0
1609372800,211.25,214.93,210.78,214.58,2610914.0
1609718400,214.49,214.72,208.22,210.22,4055409.0
1609804800,210.18,211.95,209.62,211.48,2576065.0
1609891200,211.3,211.7083,209.03,211.0,3083426.0
1609977600,213.22,213.22,210.56,211.98,3142014.0
1610064000,212.9,216.12,212.23,215.87,2639146.0
1610323200,215.09,216.12,213.1234,214.23,2545893.0
1610409600,213.69,214.33,210.94,211.6,2951952.0
1610496000,210.91,213.13,210.9046,212.09,2069926.0
1610582400,212.1,212.67,208.0,208.5,3666716.0
1610668800,207.97,210.7,207.4203,209.91,3593732.0
1611014400,210.68,211.0,207.88,209.09,3331595.0
1611100800,210.15,214.41,209.63,213.63,4077731.0
1611187200,214.06,215.96,213.32,213.53,2676309.0
1611273600,212.51,214.14,211.17,213.38,2196479.0
1611532800,212.22,214.05,210.56,213.34,2615384.0
1611619200,212.51,215.51,212.17,215.38,2907817.0
1611705600,212.39,213.15,207.0,207.0,5464011.0
1611792000,208.63,210.36,205.13,206.82,5401592.0
1611878400,205.11,209.4,203.11,207.84,5203314.0
1612137600,208.48,209.69,206.6,207.93,2812476.0
1612224000,208.09,212.63,207.645,209.76,2786000.0
1612310400,208.35,209.99,207.93,208.71,3020703.0
1612396800,210.0,212.11,208.67,211.03,2777644.0
1612483200,212.59,214.18,212.01,212.58,2600218.0
1612742400,212.53,212.99,209.96,211.58,2696298.0
1612828800,212.07,216.18,211.77,215.98,3047287.0
1612915200,216.88,217.31,213.81,214.4,3161598.0
1613001600,214.54,214.8,212.4,214.27,2583649.0
1613088000,214.0,214.7,212.99,213.9,2781322.0
1613433600,214.37,216.94,213.83,215.03,2893080.0
1613520000,213.96,214.89,212.63,213.45,3304816.0
1613606400,213.29,215.8601,212.65,215.43,2190987.0
1613692800,215.29,215.73,211.97,212.24,3181592.0
1613952000,211.5,213.0,209.69,212.06,2911052.0
1614038400,214.5,215.7,210.43,211.32,3243046.0
1614124800,210.84,214.1,210.42,213.27,2887130.0
1614211200,212.7,212.92,209.74,210.95,3131399.0
1614297600,210.75,211.635,206.14,206.14,5333957.0
1614556800,207.35,210.38,207.35,208.25,2827891.0
1614643200,208.0,209.9,206.19,208.67,3016563.0
1614729600,207.52,208.99,205.61,205.82,3488639.0
1614816000,206.16,207.49,202.73,204.84,3926187.0
1614902400,205.75,208.23,202.9592,207.37,3608200.0
1615161600,207.7,210.591,207.14,209.11,3157129.0
1615248000,210.63,211.2,208.28,208.55,3646703.0
1615334400,208.72,213.63,208.24,213.31,3447188.0
1615420800,214.7,215.23,211.49,211.57,3618040.0
1615507200,212.04,214.24,211.42,212.34,2818192.0
1615766400,213.65,220.55,213.5,220.46,5483461.0
1615852800,219.58,221.3,217.16,219.86,3583426.0
1615939200,224.56,224.9,220.01,224.11,5240638.0
1616025600,223.68,225.35,221.41,222.9,3254846.0
1616112000,222.76,225.1828,221.0,222.44,7719379.0
1616371200,223.39,226.91,222.65,225.07,4220655.0
1616457600,223.96,226.4,223.7513,224.37,2794029.0
1616544000,225.32,227.02,224.04,224.05,2442483.0
1616630400,225.15,225.32,222.44,224.2,3249784.0
1616716800,224.2,225.28,222.42,225.21,3263234.0
1616976000,224.83,227.875,224.3,227.35,3621281.0
1617062400,226.13,227.02,224.22,224.98,2419008.0
1617148800,224.01,226.49,224.0,224.14,3564051.0
1617235200,224.67,226.22,223.276,225.21,2441261.0
1617580800,226.6,229.5,226.19,228.85,2866411.0
1617667200,229.71,232.27,228.72,231.91,3230903.0
1617753600,231.68,232.81,231.24,232.61,2551332.0
1617840000,232.61,232.8,229.2,230.25,2772285.0
1617926400,230.19,231.61,228.87,231.48,2729039.0
1618185600,231.48,232.38,230.49,230.96,2292729.0
1618272000,230.44,231.6626,229.69,231.32,2571032.0
1618358400,231.22,231.29,229.59,230.31,2129184.0
1618444800,229.81,231.3599,229.2,231.28,2063107.0
1618531200,233.65,234.26,232.31,233.08,2694295.0
1618790400,233.12,233.295,230.83,231.81,2254849.0
1618876800,231.24,233.21,231.08,233.01,1885666.0
1618963200,233.3,233.86,231.85,232.26,2065818.0
1619049600,232.83,234.04,231.94,232.96,1839671.0
1619136000,233.79,235.24,233.1,234.58,2137862.0
1619395200,234.78,235.35,231.91,232.31,2490387.0
1619481600,232.57,235.63,232.408,234.98,2623876.0
1619568000,235.2,235.45,232.26,232.41,2776969.0
1619654400,233.99,235.8,232.62,235.21,3146671.0
1619740800,234.0,236.29,233.87,236.08,2640589.0
1620000000,237.99,238.18,235.38,235.56,2458195.0
1620086400,234.63,236.13,233.24,233.86,2529912.0
1620172800,234.12,235.35,231.56,235.04,1524055.0
1620259200,235.54,235.65,233.17,234.86,1832704.0
1620345600,235.0,235.72,233.99,234.84,1406816.0
1620604800,235.1,237.92,235.1,237.11,2031468.0
1620691200,237.74,237.8,232.2,233.86,3028848.0
1620777600,232.11,233.5716,227.57,227.94,3198197.0
1620864000,228.0,231.076,227.88,229.77,2819534.0
1620950400,230.71,232.64,230.47,231.72,1943122.0
1621209600,230.81,232.3,230.25,231.68,1630842.0
1621296000,231.89,233.25,231.65,231.93,2913221.0
1621382400,230.23,230.62,228.18,230.15,2967215.0
1621468800,230.72,234.02,230.56,232.18,1890474.0
1621555200,232.42,233.4,230.31,231.24,2601267.0
1621814400,231.52,232.65,231.02,231.91,1823438.0
1621900800,232.17,232.77,230.71,232.14,2682023.0
1621987200,233.79,233.79,232.16,232.35,1564344.0
1622073600,233.01,235.08,232.4,234.86,5243094.0
1622160000,234.13,234.41,232.45,233.89,2853674.0
1622505600,235.98,235.99,232.74,233.24,2574575.0
1622592000,233.97,234.33,232.81,233.78,3172033.0
1622678400,232.57,232.76,230.15,232.45,3249444.0
1622764800,233.44,233.8,232.07,233.38,1615437.0
1623024000,234.0,234.07,231.16,231.69,1877063.0
1623110400,231.5,233.98,231.34,232.64,2106462.0
1623196800,232.98,234.32,231.45,231.47,1982276.0
1623283200,232.05,234.9,231.9301,234.59,2534059.0
1623369600,235.0,237.5,234.71,236.93,2654270.0
1623628800,237.18,237.7699,234.8132,236.98,1836842.0
1623715200,237.525,237.8099,235.66,236.35,1948582.0
1623801600,237.21,237.28,233.78,235.58,2951814.0
1623888000,235.08,236.27,233.28,233.88,1895716.0
1623974400,231.47,232.89,228.82,229.62,4408221.0
1624233600,230.63,233.225,229.47,232.9,2193090.0
1624320000,233.49,234.86,232.43,233.88,1758423.0
1624406400,233.3,234.45,232.7,233.24,1701512.0
1624492800,234.1,235.1571,232.735,233.33,1840079.0
1624579200,232.74,233.41,232.34,232.42,3000115.0
1624838400,232.67,232.75,230.01,231.09,2902037.0
1624924800,231.53,231.71,230.05,230.37,1932185.0
1625011200,230.92,232.25,230.6,230.99,2450791.0
1625097600,231.41,232.3999,230.75,232.27,2210460.0
1625184000,233.08,234.11,232.44,233.63,1851575.0
1625529600,233.66,233.9,231.0,232.75,1762707.0
1625616000,231.92,234.99,231.72,234.63,2069409.0
1625702400,232.95,233.83,231.94,232.84,1932661.0
1625788800,234.07,236.23,233.06,235.68,2560714.0
1626048000,234.59,236.24,234.5,235.61,2158655.0
1626134400,235.66,237.47,235.195,236.17,1884568.0
1626220800,237.03,239.05,236.6401,237.13,1993375.0
1626307200,236.59,237.39,234.92,236.88,2165952.0
1626393600,237.79,237.88,234.38,234.75,1681193.0
1626652800,232.51,233.315,226.42,229.26,3774949.0
1626739200,230.65,235.52,230.2149,234.27,3275605.0
1626825600,235.98,238.11,235.22,235.93,2147029.0
1626912000,235.65,239.685,235.16,238.67,2538299.0
1626998400,240.13,245.05,239.6,242.96,3996402.0
1627257600,242.0,244.57,241.5953,243.98,2638431.0
1627344000,244.17,247.05,244.06,246.35,3135186.0
1627430400,242.5,243.8,239.35,241.78,4948543.0
1627516800,243.32,245.2,242.9787,244.02,2572291.0
1627603200,243.85,245.41,242.21,242.71,2336831.0
1627862400,244.24,244.676,239.69,240.1,2693869.0
1627948800,239.56,239.95,235.25,236.95,3300009.0
1628035200,236.45,236.6,233.05,234.83,2240575.0
1628121600,235.74,236.8099,234.34,236.42,2230520.0
1628208000,236.68,237.14,235.67,236.26,1558759.0
1628467200,235.79,236.07,234.03,234.68,2093074.0
1628553600,235.1,235.1,233.235,233.45,2027812.0
1628640000,234.19,235.939,233.75,235.55,1969137.0
1628726400,236.0,236.76,235.05,236.67,1491013.0
1628812800,236.79,239.0,236.27,238.82,1699655.0
1629072000,239.0,241.05,238.56,240.97,2175409.0
1629158400,240.35,240.84,238.21,240.28,1651984.0
1629244800,239.44,239.76,237.78,238.08,2215750.0
1629331200,236.68,238.12,236.065,237.23,1455420.0
1629417600,236.96,239.39,236.32,238.49,1989849.0
1629676800,239.46,240.07,237.9875,239.66,2086876.0
1629763200,240.39,240.39,238.32,238.43,1687672.0
1629849600,237.93,239.6,237.84,238.83,1668152.0
1629936000,238.79,238.915,235.92,236.95,2008052.0
1630022400,237.43,238.369,236.3735,237.48,1784024.0
1630281600,237.34,237.76,235.855,236.59,2245565.0
1630368000,235.75,237.73,234.67,237.46,2938351.0
1630454400,237.88,239.04,237.21,238.15,2197240.0
1630540800,239.2,239.95,238.38,239.87,2140253.0
1630627200,238.39,239.65,237.51,238.82,1339289.0
1630972800,238.61,238.61,235.95,236.19,1820118.0
1631059200,236.8,239.46,236.0,238.62,2718376.0
1631145600,238.42,241.43,237.77,238.61,2992467.0
1631232000,240.32,241.32,239.04,239.18,2035199.0
1631491200,240.83,241.8,239.84,241.21,2294796.0
1631577600,241.73,242.25,239.5,241.13,2013793.0
1631664000,240.47,241.27,238.18,240.98,2507196.0
1631750400,240.29,243.59,239.95,243.21,3410681.0
1631836800,243.84,244.63,241.88,242.49,4756852.0
1632096000,239.88,241.96,236.64,239.09,4549932.0
1632182400,240.0,242.35,239.4,240.5,2008293.0
1632268800,241.8,245.86,241.465,243.13,3361958.0
1632355200,243.74,245.95,243.53,244.78,2941662.0
1632441600,246.64,247.38,245.24,246.42,2508923.0
1632700800,246.0,248.9,245.275,248.11,2463273.0
1632787200,247.29,247.71,242.91,243.77,3007728.0
1632873600,244.38,245.71,243.15,244.28,1719144.0
1632960000,244.77,245.4208,240.82,241.11,3137256.0
1633046400,243.07,244.69,240.25,242.93,2076087.0
1633305600,242.06,244.81,241.86,243.08,2236513.0
1633392000,243.97,246.88,243.01,245.22,2463265.0
1633478400,244.56,247.16,243.02,247.1,2107922.0
1633564800,248.0,249.95,247.68,248.32,2423878.0
1633651200,249.25,249.63,247.11,247.7,1687649.0
1633910400,248.1,249.14,246.45,246.58,1503978.0
1633996800,247.73,248.6,244.175,244.52,2346972.0
1634083200,243.27,243.872,239.9,242.65,3214784.0
1634169600,242.88,245.42,242.04,244.55,2512501.0
1634256000,245.24,246.38,241.99,242.25,2564768.0
1634515200,242.42,243.45,241.13,242.26,2484874.0
1634601600,243.22,243.93,241.53,242.77,2071598.0
1634688000,240.4,242.645,239.285,239.72,3040188.0
1634774400,240.17,241.9096,239.31,241.4,2702367.0
1634860800,240.71,242.24,238.0,238.44,3283657.0
1635120000,239.23,239.25,236.5,237.34,3178536.0
1635206400,237.47,238.4,236.14,236.42,3066386.0
1635292800,241.05,244.62,238.85,242.73,5249422.0
1635379200,243.4,246.08,242.53,245.5,3448483.0
1635465600,243.0,246.09,242.47,245.55,4329465.0
1635724800,245.8,251.69,245.34,250.58,4456549.0
1635811200,251.76,252.22,248.1646,249.24,2624333.0
1635897600,247.99,251.125,247.91,250.4,2399239.0
1635984000,251.12,254.18,250.2,253.46,2711311.0
1636070400,254.69,257.53,254.62,254.71,3224285.0
1636329600,254.78,255.65,251.93,253.1,2471271.0
1636416000,252.91,253.69,250.45,252.65,2258953.0
1636502400,250.81,253.72,250.81,253.13,1794531.0
1636588800,253.33,253.33,249.26,250.16,1640596.0
1636675200,250.15,251.01,248.89,250.67,1625338.0
1636934400,250.67,253.76,250.67,252.94,1709216.0
1637020800,253.5,254.19,252.38,252.46,2195461.0
1637107200,252.41,253.335,250.52,252.69,1412025.0
1637193600,253.16,253.49,251.08,253.48,1751189.0
1637280000,253.29,253.32,250.225,251.95,2743402.0
1637539200,252.67,255.45,252.21,253.48,2438758.0
1637625600,254.81,255.79,253.05,255.65,2770596.0
1637712000,254.5,257.79,254.05,257.11,2642849.0
1637884800,252.51,253.16,248.27,250.01,2573259.0
1638144000,251.85,252.32,249.83,250.3,2084612.0
1638230400,247.38,247.9,243.95,244.6,3836063.0
1638316800,245.76,250.9,244.11,244.18,3275507.0
1638403200,245.66,250.34,245.0,248.8,3290454.0
1638489600,250.32,250.68,247.57,249.33,3229856.0
1638748800,252.4,256.93,252.37,255.79,3616912.0
1638835200,256.95,260.38,256.445,259.91,2596340.0
1638921600,260.0,262.81,259.09,259.58,3453106.0
1639008000,259.5,263.1,258.36,262.34,2955143.0
1639094400,263.88,265.27,262.43,264.97,2529819.0
1639353600,264.22,265.86,262.4,263.09,2878831.0
1639440000,263.0,263.59,261.75,262.52,3695552.0
1639526400,262.16,265.67,261.41,264.52,2641814.0
1639612800,265.56,266.89,264.09,265.55,2347749.0
1639699200,264.0,264.85,260.88,261.7,5967187.0
1639958400,259.63,261.96,258.43,261.73,2824534.0
1640044800,264.29,266.48,263.42,264.39,2851827.0
1640131200,264.32,265.44,264.07,264.94,1795157.0
1640217600,265.92,267.37,265.45,265.95,1509875.0
1640563200,266.47,268.26,266.0,268.24,1486007.0
1640649600,267.58,269.22,267.25,267.88,1303973.0
1640736000,268.45,269.7198,267.95,268.49,1318828.0
1640822400,269.0,269.255,266.7,267.21,1714555.0
1640908800,268.0,269.12,267.21,268.07,1519162.0
1641168000,269.49,270.73,265.56,268.58,2750906.0
1641254400,269.5,271.15,268.27,268.51,2506018.0
1641340800,269.3,270.28,266.9,267.19,2473043.0
1641427200,268.12,270.76,267.8,269.69,2908568.0
1641513600,268.56,270.17,267.0,267.06,2209088.0
1641772800,266.715,266.72,262.01,264.41,3122526.0
1641859200,263.49,263.95,260.32,262.12,3206162.0
1641945600,263.37,263.95,260.28,260.92,3043954.0
1642032000,261.41,263.85,260.5883,261.41,2371250.0
1642118400,261.14,261.24,257.16,257.71,3460060.0
1642464000,256.96,257.1,254.31,256.48,3076591.0
1642550400,257.55,257.95,255.08,255.22,2304696.0
1642636800,256.62,258.11,252.9,253.13,2602190.0
1642723200,254.04,258.46,253.685,254.59,3738309.0
1642982400,252.38,253.9176,247.775,253.61,5155195.0
1643068800,250.83,252.53,247.0701,250.68,3908580.0
1643155200,253.0,254.21,247.86,249.85,3838994.0
1643241600,249.6,252.464,245.25,248.74,5201054.0
1643328000,250.0,256.3453,247.16,256.09,3833241.0
1643587200,255.02,259.5,254.44,259.45,3174167.0
1643673600,259.75,259.9,255.58,258.99,2496547.0
1643760000,258.83,262.61,258.49,262.28,2371460.0
1643846400,262.0,262.8,260.07,260.64,2242396.0
1643932800,259.87,261.73,257.79,260.06,1989682.0
1644192000,261.0,261.58,259.17,259.85,1959336.0
1644278400,260.5,262.38,259.1,260.08,2920071.0
1644364800,261.99,262.88,259.41,259.86,2379345.0
1644451200,258.595,260.44,255.965,256.87,3246762.0
1644537600,256.87,258.76,254.73,255.16,3592716.0
1644796800,255.91,256.25,251.675,253.39,2825835.0
1644883200,254.82,256.92,253.56,253.81,2171763.0
1644969600,253.77,254.6,251.2,253.09,2941810.0
1645056000,251.48,252.88,250.0,250.93,2831886.0
1645142400,250.34,252.2891,250.01,250.6,2813521.0
1645488000,250.01,254.7,249.6,252.7,3980514.0
1645574400,253.53,253.85,247.08,247.79,3497365.0
1645660800,242.93,245.58,239.61,245.03,4856005.0
1645747200,246.0,249.53,243.6288,249.45,4549747.0
1646006400,244.44,245.7199,242.36,244.77,4410429.0
1646092800,242.3,243.5975,238.3,239.63,3910650.0
1646179200,240.85,242.74,239.61,240.94,4482140.0
1646265600,241.01,242.3368,235.68,236.65,4707353.0
1646352000,234.62,236.394,231.641,235.81,4186494.0
1646611200,234.31,234.31,224.19,224.33,5425045.0
1646697600,224.33,229.7369,222.2,222.79,5258764.0
1646784000,226.79,227.25,222.01,222.47,5630456.0
1646870400,220.2,222.05,217.675,222.0,5444938.0
1646956800,224.74,229.11,224.195,226.87,6126339.0
1647216000,226.78,228.44,223.16,226.18,4436285.0
1647302400,227.98,234.565,227.98,232.57,5087427.0
1647388800,234.87,238.21,234.36,238.14,4173223.0
1647475200,236.44,237.47,234.54,237.47,3752945.0
1647561600,237.23,239.19,235.99,238.92,5336491.0
1647820800,239.58,240.09,234.07,235.32,3704020.0
1647907200,237.04,238.44,236.47,238.12,2938142.0
1647993600,237.13,238.01,235.95,236.12,2200593.0
1648080000,237.56,241.04,236.47,240.26,2337661.0
1648166400,240.54,241.85,239.43,241.58,2135024.0
1648425600,241.91,242.95,239.86,242.94,2041783.0
1648512000,246.35,248.65,244.77,248.17,2657596.0
1648598400,247.51,250.5,247.51,249.03,2227261.0
1648684800,249.72,251.35,247.28,247.28,3803454.0
1648771200,248.12,249.43,246.18,249.25,2023154.0
1649030400,246.79,247.265,242.38,246.83,2501545.0
1649116800,246.1,249.739,245.43,248.51,2532511.0
1649203200,247.64,252.38,245.98,251.46,2885998.0
1649289600,250.79,255.475,249.54,254.36,4041798.0
1649376000,253.04,255.07,250.92,251.46,2551093.0
1649635200,251.25,252.938,249.93,250.45,2326660.0
1649721600,250.73,252.29,248.8,249.17,2725083.0
1649808000,249.36,251.66,249.02,251.33,2133851.0
1649894400,251.33,253.73,250.43,250.51,2105884.0
1650240000,249.63,252.49,249.13,251.06,1426617.0
1650326400,250.04,255.955,250.04,255.4,2324504.0
1650412800,256.0,257.79,254.82,255.85,2278773.0
1650499200,257.65,259.605,254.88,255.25,2477103.0
1650585600,255.0,255.0,249.94,250.17,2643584.0
1650844800,249.45,253.13,247.93,252.88,2522972.0
1650931200,250.13,252.41,248.33,248.58,2948548.0
1651017600,247.98,250.965,247.05,247.14,2706541.0
1651104000,249.94,256.38,248.08,254.19,3549490.0
1651190400,254.28,254.85,248.8,249.16,3388214.0
1651449600,250.86,251.5495,242.2572,246.64,3418657.0
1651536000,247.39,247.84,242.28,245.87,2562085.0
1651622400,246.16,254.78,246.16,254.32,3289277.0
1651708800,252.89,254.49,246.78,248.92,2925873.0
1651795200,248.19,252.45,247.7,250.78,2964684.0
1652054400,247.0,249.9,246.79,247.49,2918862.0
1652140800,248.99,250.88,244.93,245.68,3070804.0
1652227200,245.27,246.79,243.2132,244.43,2833269.0
1652313600,245.32,246.38,241.12,244.19,2860983.0
1652400000,247.15,247.18,242.28,245.04,3255435.0
1652659200,244.46,245.475,240.73,244.04,2147127.0
1652745600,246.0,247.0,239.46,241.63,3205114.0
1652832000,239.46,240.08,230.37,231.05,3946143.0
1652918400,229.5,232.15,228.34,229.0,3518259.0
1653004800,231.38,234.06,228.585,233.91,3208225.0
1653264000,235.76,238.89,233.5,238.0,3053463.0
1653350400,237.5,245.8,237.45,244.52,5258233.0
1653436800,242.58,245.7,241.59,244.01,2641667.0
1653523200,246.0,249.3269,245.595,248.09,1972341.0
1653609600,249.5,251.87,248.78,251.87,2063755.0
1653955200,250.0,254.28,248.6289,252.21,3924700.0
1654041600,253.19,253.4158,248.19,249.28,2264141.0
1654128000,249.6,250.44,246.22,250.38,2089654.0
1654214400,248.43,250.27,248.17,248.36,1838859.0
1654473600,249.08,249.525,247.33,248.07,1569322.0
1654560000,246.0,249.79,245.53,248.94,2782196.0
1654646400,247.9,248.48,244.89,245.61,2101295.0
1654732800,243.62,246.0,242.03,242.16,2682889.0
1654819200,239.18,239.51,237.16,237.38,1994336.0
1655078400,232.79,240.1,232.68,238.47,4697049.0
1655164800,239.96,242.9,238.62,238.76,3564777.0
1655251200,239.86,241.58,236.12,238.9,3152171.0
1655337600,236.08,237.3223,233.82,235.19,3271976.0
1655424000,234.22,235.49,232.17,234.38,7236261.0
1655769600,236.22,240.1,234.14,239.59,3263514.0
1655856000,238.79,244.55,238.36,243.06,3054788.0
1655942400,243.7,245.085,240.455,243.58,1937201.0
1656028800,245.26,248.0,244.49,247.9,3104842.0
1656288000,247.9,248.77,246.565,247.03,2059304.0
1656374400,247.06,249.96,242.52,242.83,2381745.0
1656460800,246.14,248.87,245.105,247.74,2997210.0
1656547200,248.25,248.59,245.4506,246.88,2786218.0
1656633600,246.35,253.14,246.0,252.96,2531474.0
1656979200,251.15,253.0,249.66,252.29,2392617.0
1657065600,252.47,252.86,249.37,251.46,1948691.0
1657152000,253.26,254.92,251.18,252.94,2396689.0
1657238400,252.6,254.62,252.32,253.24,1450519.0
1657497600,252.08,255.4025,252.08,253.28,1478345.0
1657584000,252.97,255.62,250.76,251.48,2112805.0
1657670400,248.96,254.8,248.26,252.67,2205342.0
1657756800,249.89,253.1,249.62,252.6,2371030.0
1657843200,254.02,256.39,253.45,255.01,2627237.0
1658102400,255.24,255.59,252.07,252.42,2164571.0
1658188800,253.88,256.62,252.97,256.5,2181323.0
1658275200,256.78,256.91,253.47,254.58,2183656.0
1658361600,253.99,254.8,252.32,253.47,2056470.0
1658448000,253.75,254.53,252.45,253.99,2226576.0
1658707200,254.57,254.8,248.655,250.38,2860421.0
1658793600,249.56,259.22,248.7,257.09,5272297.0
1658880000,255.8,259.91,254.69,258.89,2718471.0
1658966400,258.8,264.0,257.56,263.46,2849053.0
1659052800,263.65,264.3505,262.095,263.37,2653895.0
1659312000,262.54,265.46,262.41,264.23,2383975.0
1659398400,264.62,265.45,260.89,261.05,2375235.0
1659484800,261.05,262.92,259.755,262.09,2305469.0
1659571200,261.7,262.18,258.69,260.64,2089596.0
1659657600,259.64,260.0299,257.07,259.23,1818555.0
1659916800,260.0,260.91,255.34,256.8,2253706.0
1660003200,256.9,260.205,256.36,260.06,2315836.0
1660089600,262.0,263.71,260.5,261.36,2967962.0
1660176000,263.2,263.27,258.63,259.28,2007282.0
1660262400,259.55,262.51,259.55,262.18,1530824.0
1660521600,262.21,265.62,261.25,265.44,2342816.0
1660608000,265.04,267.13,264.26,266.29,1828116.0
1660694400,265.96,267.97,265.58,266.82,1699066.0
1660780800,266.0,267.36,265.42,266.58,1591923.0
1660867200,265.94,267.75,265.54,266.54,1833797.0
1661126400,264.5,265.79,262.37,262.95,1986909.0
1661212800,262.62,263.35,260.53,260.54,2211064.0
1661299200,260.71,262.0,259.86,260.86,1777334.0
1661385600,261.99,262.68,260.2,262.56,1330619.0
1661472000,262.8,263.2,256.39,256.95,2357840.0
1661731200,255.5,256.71,254.59,255.66,2017475.0
1661817600,256.0,256.72,252.57,253.49,2051259.0
1661904000,254.17,255.68,252.2,252.28,3119229.0
1661990400,251.82,256.53,251.76,256.47,2577843.0
1662076800,257.41,258.58,253.36,254.51,1791551.0
1662422400,254.47,256.73,253.38,254.39,2645735.0
1662508800,255.14,259.82,254.96,258.42,4185152.0
1662595200,257.85,261.085,257.33,260.08,2448912.0
1662681600,260.26,260.74,258.21,259.52,2007248.0
1662940800,260.0,261.4,259.42,260.37,2204324.0
1663027200,257.74,258.95,253.67,254.33,2604856.0
1663113600,255.0,258.265,254.37,255.72,2745402.0
1663200000,255.02,255.23,252.49,253.47,2289465.0
1663286400,251.85,255.82,251.75,254.91,4304082.0
1663545600,254.0,257.55,253.35,257.01,2196034.0
1663632000,256.1,256.49,252.78,255.4,2140264.0
1663718400,255.13,256.91,251.08,251.08,2438811.0
1663804800,250.39,250.43,247.65,247.94,2300536.0
1663891200,247.21,249.095,244.19,245.95,2672105.0
1664150400,245.94,246.245,242.44,243.76,3179136.0
1664236800,244.58,244.93,236.56,236.7,4193797.0
1664323200,236.13,238.53,233.76,236.94,4202520.0
1664409600,236.32,237.66,232.46,234.4,3053196.0
1664496000,233.32,234.83,230.58,230.74,3629346.0
1664755200,233.52,236.85,231.705,235.34,3286854.0
1664841600,236.71,241.045,236.21,238.5,3685899.0
1664928000,236.91,240.41,236.14,239.09,3032973.0
1665014400,239.34,239.88,234.455,234.75,2999161.0
1665100800,233.96,234.6,232.08,233.19,2294343.0
1665360000,233.41,236.2625,233.41,234.95,2668736.0
1665446400,234.16,239.12,233.93,237.05,3169249.0
1665532800,237.27,240.035,237.06,237.06,2709329.0
1665619200,234.46,249.3,234.46,246.75,5027008.0
1665705600,249.08,249.43,242.41,243.16,2918634.0
1665964800,245.8,247.22,243.53,246.48,2758210.0
1666051200,249.37,250.42,247.25,249.19,3123554.0
1666137600,250.0,252.52,249.115,250.75,3021325.0
1666224000,249.55,251.75,249.05,249.77,2410780.0
1666310400,250.21,255.36,249.5,254.55,3254868.0
1666569600,255.28,256.8699,253.07,255.32,4125185.0
1666656000,254.57,257.28,254.4,255.73,2688965.0
1666742400,257.84,260.69,256.12,256.61,3584203.0
1666828800,263.0,266.99,262.26,265.11,4145682.0
1666915200,267.51,274.81,265.99,274.52,4647609.0
1667174400,273.06,273.63,270.81,272.66,3336099.0
1667260800,273.69,273.79,269.66,272.95,2740902.0
1667347200,273.0,276.67,270.31,270.37,3070720.0
1667433600,269.33,274.68,268.38,272.95,3225427.0
1667520000,275.6,275.71,272.13,274.62,3256637.0
1667779200,275.07,278.0761,275.07,276.41,3029606.0
1667865600,276.86,279.52,276.5,278.4,2629039.0
1667952000,278.51,280.25,277.68,277.79,2610819.0
1668038400,281.49,281.67,272.58,275.88,4510912.0
1668124800,276.33,277.0,269.18,271.39,4742826.0
1668384000,270.93,274.71,270.58,272.27,3357448.0
1668470400,270.25,271.03,266.34,267.84,5429117.0
1668556800,268.92,274.43,268.92,272.51,4132650.0
1668643200,272.07,274.35,270.56,273.36,2467904.0
1668729600,273.92,275.1,272.12,273.37,2699237.0
1668988800,274.65,274.98,273.1,274.52,2974548.0
1669075200,275.0,275.3,274.3,274.76,2770631.0
1669161600,275.55,275.65,272.88,273.27,2514942.0
1669334400,274.51,275.315,272.86,275.0,1596579.0
1669593600,274.88,275.94,272.375,272.88,3160615.0
1669680000,271.0,271.92,269.47,271.41,2873619.0
1669766400,269.62,273.31,268.83,272.79,5196674.0
1669852800,273.16,274.24,271.39,273.4,2599642.0
1669939200,269.81,273.445,269.62,273.4,2807524.0
1670198400,271.02,272.57,270.0034,271.59,2586940.0
1670284800,271.8,273.37,270.03,271.77,3573035.0
1670371200,272.5,273.98,269.67,270.34,2766448.0
1670457600,271.0,273.57,270.62,273.39,3022742.0
1670544000,273.61,274.16,271.72,272.04,1677358.0
1670803200,272.19,276.71,271.22,276.62,3230450.0
1670889600,278.68,279.9,273.64,274.28,3390149.0
1670976000,275.22,277.08,272.3,274.53,2660859.0
1671062400,273.79,274.3799,269.21,271.73,2735847.0
1671148800,270.41,271.02,265.76,266.12,5932459.0
1671408000,266.25,268.42,264.67,265.83,2160779.0
1671494400,266.92,267.94,264.54,267.25,1785563.0
1671580800,267.48,269.94,267.31,268.16,2366831.0
1671667200,267.27,268.12,263.65,265.77,2366827.0
1671753600,265.9,268.345,264.79,267.57,1269060.0
1672099200,268.66,268.87,266.6,266.84,1674718.0
1672185600,268.0,268.14,265.07,265.11,1427815.0
1672272000,265.94,267.81,264.88,265.93,1393998.0
1672358400,265.2,265.38,261.4,263.53,1720151.0
1672704000,263.53,264.35,259.51,264.33,2743957.0
1672790400,266.25,266.55,262.89,264.39,2584148.0
1672876800,264.76,264.76,261.375,262.16,1945566.0
1672963200,263.76,269.885,263.392,269.47,2855559.0
1673222400,269.93,269.95,266.77,267.25,2654561.0
1673308800,266.98,269.095,266.96,268.91,1718418.0
1673395200,269.52,269.735,266.96,268.81,2391463.0
1673481600,269.5,269.92,266.19,266.69,1933090.0
1673568000,266.39,268.95,265.88,268.89,2169133.0
1673913600,270.02,275.3873,270.02,274.11,3640221.0
1674000000,273.51,274.37,265.72,266.04,3276469.0
1674086400,266.72,269.14,263.53,263.58,2845599.0
1674172800,264.43,268.65,262.83,268.58,2588648.0
1674432000,268.84,271.17,267.76,269.29,2434026.0
1674518400,236.77,270.16,236.77,269.56,2517081.0
1674604800,270.33,273.07,268.82,273.0,3097376.0
1674691200,273.0,274.75,271.7,274.72,2222673.0
1674777600,275.0,275.305,271.97,272.46,2203174.0
1675036800,271.67,272.57,270.06,270.89,2862378.0
1675123200,265.09,267.51,263.25,267.4,5477850.0
1675209600,267.02,268.455,263.5,266.27,3557746.0
1675296000,264.89,265.98,262.02,263.21,3735643.0
1675382400,262.63,265.22,261.35,264.23,3008496.0
1675641600,264.99,268.2,264.36,267.92,2863920.0
1675728000,265.02,267.77,263.63,267.34,2513954.0
1675814400,265.09,265.89,262.45,262.82,2801986.0
1675900800,263.69,263.945,260.19,260.66,3534565.0
1675987200,260.87,262.69,260.29,262.42,3049897.0
1676246400,263.7,266.79,263.0,266.2,2418349.0
1676332800,266.65,267.52,264.5921,266.61,2202289.0
1676419200,266.27,267.6771,265.15,266.56,1862678.0
1676505600,265.07,267.71,263.28,265.83,2785588.0
1676592000,266.3,270.0,265.33,269.99,3055817.0
1676937600,269.29,270.24,267.61,268.55,2824326.0
1677024000,268.2,270.48,267.66,268.64,2192035.0
1677110400,267.7,267.87,263.96,266.78,4216978.0
1677196800,265.91,266.28,262.25,263.68,2645314.0
1677456000,265.03,266.3,263.535,264.78,2024791.0
1677542400,263.14,264.58,262.81,263.91,2853396.0
1677628800,262.54,263.53,261.68,262.72,2058920.0
1677715200,262.45,268.46,262.31,267.57,2386008.0
1677801600,268.42,269.38,266.2,269.07,2725884.0
1678060800,269.15,270.78,268.9,270.64,2217669.0
1678147200,271.52,273.15,266.82,267.13,2766688.0
1678233600,265.86,266.16,263.14,265.33,2313951.0
1678320000,267.09,267.61,260.865,261.63,2339345.0
1678406400,263.73,266.5799,261.26,262.03,3093072.0
1678665600,260.37,267.4,260.37,263.08,3552410.0
1678752000,263.12,266.94,262.6,265.9,3194391.0
1678838400,264.58,266.41,262.565,266.34,3419419.0
1678924800,265.78,270.68,265.505,270.57,3098073.0
1679011200,269.57,269.97,265.71,267.2,5075300.0
1679270400,267.84,271.38,267.84,270.74,2109113.0
1679356800,270.0,270.8675,267.62,270.21,3120195.0
1679443200,270.04,271.98,267.71,267.87,2240797.0
1679529600,267.99,271.475,267.99,269.62,2263814.0
1679616000,270.37,271.83,268.84,271.33,2229368.0
1679875200,272.0,274.95,270.57,273.84,2799118.0
1679961600,273.99,276.22,273.51,275.85,2035971.0
1680048000,277.0,278.15,276.45,277.44,2053558.0
1680134400,277.26,278.4,276.5,277.79,1788868.0
1680220800,278.92,280.635,278.5,279.61,2902491.0
1680480000,280.99,282.87,279.68,282.14,2352716.0
1680566400,281.41,283.42,280.39,282.28,2282434.0
1680652800,283.49,284.98,281.78,282.02,2600775.0
1680739200,282.43,283.4881,281.57,282.89,1730953.0
1681084800,283.18,284.1686,281.99,283.78,1942019.0
1681171200,283.17,285.535,282.75,284.48,2732890.0
1681257600,283.85,286.79,283.5,285.3,2557446.0
1681344000,286.57,289.5399,286.11,289.07,3229280.0
1681430400,289.29,289.94,287.62,288.98,2054679.0
1681689600,289.84,290.51,288.18,289.31,2370988.0
1681776000,289.4,291.19,289.0,290.91,2086719.0
1681862400,290.91,291.6,290.19,291.27,2254075.0
1681948800,290.96,291.67,289.88,291.0,2274152.0
1682035200,292.32,292.53,290.51,292.06,2171180.0
1682294400,292.83,293.43,291.7101,293.2,2995244.0
1682380800,295.0,295.0,289.43,291.51,5845217.0
1682467200,289.98,291.5,289.76,289.76,3289959.0
1682553600,290.72,295.0499,290.0,294.72,3142286.0
1682640000,294.83,296.18,293.91,295.75,2838198.0
1682899200,295.72,298.8,295.65,297.58,2124401.0
1682985600,297.37,298.46,295.58,298.07,2083769.0
1683072000,296.76,297.2562,294.65,295.22,2425452.0
1683158400,296.06,296.31,293.47,295.16,2005472.0
1683244800,295.77,297.02,294.4625,296.6,1815841.0
1683504000,297.1,297.37,295.57,296.69,2969801.0
1683590400,298.63,298.86,296.3,296.66,1637587.0
1683676800,296.38,298.0,293.8401,296.57,1849297.0
1683763200,296.5,296.94,293.36,294.79,1955152.0
1683849600,295.19,296.43,294.31,296.14,1801866.0
1684108800,295.77,296.64,294.66,295.9,1700450.0
1684195200,295.94,296.19,293.98,294.15,2859744.0
1684281600,295.52,295.52,292.65,293.46,2802296.0
1684368000,293.25,294.43,291.13,294.05,2410912.0
1684454400,293.84,296.0,292.4732,295.55,2371249.0
1684713600,295.55,296.64,289.14,289.35,2514744.0
1684800000,288.15,288.5,285.44,286.37,2943889.0
1684886400,286.45,287.115,284.58,285.92,2262065.0
1684972800,286.79,286.9065,284.71,285.52,2748258.0
1685059200,285.68,288.75,285.68,286.04,2148422.0
1685404800,283.93,286.345,283.675,284.92,3385240.0
1685491200,284.88,285.695,283.35,285.11,3104929.0
1685577600,284.92,288.0399,283.6,287.87,2605265.0
1685664000,286.7,290.2,286.14,289.91,2869403.0
1685923200,290.0,290.5,288.03,288.43,1974537.0
1686009600,289.86,290.23,281.98,284.54,2771493.0
1686096000,284.45,284.7399,281.31,281.9,3614835.0
1686182400,280.97,286.06,280.0,285.78,3043997.0
1686268800,285.52,287.2757,284.74,286.79,1976684.0
1686528000,288.16,288.75,286.5,288.57,1885237.0
1686614400,288.5,289.6855,287.545,288.55,2027785.0
1686700800,288.1,289.56,287.31,288.44,1964468.0
1686787200,289.65,293.48,288.26,292.61,2619166.0
1686873600,294.51,296.565,293.14,293.7,4891171.0
1687219200,293.65,297.18,292.68,293.04,2729976.0
1687305600,293.32,295.1575,292.81,294.52,2837179.0
1687392000,294.62,295.08,291.525,293.3,1800804.0
1687478400,291.35,292.45,289.64,289.91,3720646.0
1687737600,289.64,289.75,287.07,289.09,1851773.0
1687824000,290.31,292.49,289.65,291.3,1815134.0
1687910400,291.45,291.82,289.05,291.74,1666616.0
1687996800,291.55,294.66,290.21,294.47,1743969.0
1688083200,295.14,299.1,294.89,298.41,2644801.0
1688342400,297.79,298.4,294.8,294.84,1601266.0
1688515200,295.11,297.31,294.59,296.9,2356221.0
1688601600,295.32,296.58,293.44,294.92,2569643.0
1688688000,293.72,294.355,291.55,292.1,2586623.0
1688947200,292.4,295.62,292.33,294.49,1703743.0
1689033600,295.29,295.5,291.77,294.74,1529673.0
1689120000,296.83,297.1,295.2,295.61,2156022.0
1689206400,295.39,296.66,295.01,295.22,1657134.0
1689292800,295.25,296.05,294.0134,294.94,1550122.0
1689552000,295.08,296.86,294.55,294.68,1670416.0
1689638400,294.47,295.75,292.464,293.82,1991753.0
1689724800,295.0,295.4,293.22,294.13,1969215.0
1689811200,294.31,297.56,294.11,297.13,2104322.0
1689897600,297.66,299.35,295.32,295.61,2835490.0
1690156800,296.0,296.9476,294.855,295.31,2034581.0
1690243200,294.2,294.93,291.65,292.36,2780605.0
1690329600,292.25,292.58,289.5,291.75,2896877.0
1690416000,292.0,298.9,291.51,295.19,4698527.0
1690502400,295.8,297.7,292.95,294.03,2843512.0
1690761600,293.61,294.24,290.05,293.2,3296143.0
1690848000,293.0,293.91,290.25,291.07,1916689.0
1690934400,290.26,293.45,289.38,289.62,2390094.0
1691020800,288.8,291.27,288.6486,291.02,1910814.0
1691107200,292.41,292.82,286.7605,287.02,2520494.0
1691366400,287.88,291.4,287.8645,291.4,2176903.0
1691452800,291.05,291.599,288.54,289.58,1948498.0
1691539200,289.0,289.72,287.88,288.23,1895857.0
1691625600,288.81,290.37,286.78,287.6,2436537.0
1691712000,287.25,288.96,286.76,288.62,1761803.0
1691971200,288.79,289.85,287.62,288.81,1712569.0
1692057600,287.95,289.085,287.12,288.3,1883806.0
1692144000,287.57,288.88,285.03,285.4,1829562.0
1692230400,286.15,286.54,281.78,281.86,2148388.0
1692316800,281.72,283.74,280.3,281.74,2624502.0
1692576000,281.7,282.29,278.675,280.04,2682569.0
1692662400,280.76,280.82,279.09,280.31,2052393.0
1692748800,282.02,283.15,280.645,281.87,2308755.0
1692835200,281.74,284.75,281.74,282.35,2006481.0
1692921600,284.76,286.14,283.51,284.58,3725184.0
1693180800,284.58,286.2,283.51,283.68,2317623.0
1693267200,283.95,284.57,280.43,283.59,2348500.0
1693353600,283.8,285.98,283.29,284.24,2410679.0
1693440000,283.21,283.8,280.88,281.15,2979992.0
1693526400,282.54,283.14,279.131,280.94,2136591.0
1693872000,281.0,281.64,279.06,279.16,2410330.0
1693958400,278.0,278.6476,275.0,275.44,2705819.0
1694044800,277.25,278.99,276.0987,278.33,3732754.0
1694131200,278.08,280.35,277.85,279.22,2351438.0
1694390400,279.69,280.13,278.56,279.76,2433249.0
1694476800,279.49,281.495,277.685,280.71,1450296.0
1694563200,281.67,282.89,280.61,281.77,1724297.0
1694649600,283.33,285.6,282.57,284.76,2219694.0
1694736000,283.86,283.86,277.73,278.23,5730667.0
1694995200,278.72,280.27,276.93,277.72,2884929.0
1695081600,276.44,278.255,276.44,278.13,2128275.0
1695168000,278.74,280.27,277.14,277.2,1979858.0
1695254400,276.94,277.19,271.02,271.22,2370338.0
1695340800,271.4,273.64,270.83,272.22,1958486.0
1695600000,270.45,271.76,268.91,269.78,1895538.0
1695686400,268.82,269.3,266.58,267.72,2251605.0
1695772800,267.72,267.94,262.285,263.64,2734864.0
1695859200,264.23,266.305,263.1311,265.59,2182553.0
1695945600,267.15,267.37,261.75,263.44,3367111.0
1696204800,262.0,262.065,257.455,257.75,4425045.0
1696291200,257.21,258.3,253.87,254.49,3408128.0
1696377600,255.33,256.25,254.01,255.81,2819983.0
1696464000,256.0,257.85,251.58,252.23,3799645.0
1696550400,250.0,250.8229,245.73,248.22,5130674.0
1696809600,247.72,249.99,247.26,249.92,2782286.0
1696896000,251.72,253.43,250.5,251.52,3129625.0
1696982400,252.59,252.6925,249.3862,250.92,2919421.0
1697068800,251.69,252.15,245.88,246.19,3528336.0
1697155200,246.82,248.809,246.0,248.31,2647124.0
1697414400,249.22,250.49,248.07,249.94,2774674.0
1697500800,250.09,251.4,249.38,251.14,2627508.0
1697587200,252.85,257.09,252.3439,256.03,4559192.0
1697673600,256.26,262.56,256.26,258.38,5646173.0
1697760000,258.96,260.34,257.56,258.11,3779195.0
1698019200,256.61,257.235,254.54,254.75,3409763.0
1698105600,254.68,257.76,254.68,257.27,2467986.0
1698192000,258.12,259.43,256.94,258.03,2759053.0
1698278400,258.36,259.54,255.68,255.83,2702639.0
1698364800,256.55,259.38,254.87,255.76,3209027.0
1698624000,260.1,262.06,254.6,260.15,6305078.0
1698710400,263.46,263.69,259.75,262.17,3990553.0
1698796800,263.0,263.385,259.835,261.97,3542997.0
1698883200,263.59,267.42,263.51,266.85,4109728.0
1698969600,267.56,268.61,265.485,267.87,3126467.0
1699228800,268.01,269.105,267.3,268.91,3090714.0
1699315200,268.8,269.79,268.11,268.67,2360790.0
1699401600,268.83,270.06,267.28,267.49,2223517.0
1699488000,268.24,268.34,265.94,266.91,2501652.0
1699574400,267.33,268.125,265.21,267.79,2665049.0
1699833600,267.4,269.72,267.255,269.2,2591880.0
1699920000,270.0,271.66,269.35,271.49,2647793.0
1700006400,272.43,273.1,269.025,270.39,2576075.0
1700092800,271.07,276.16,271.03,276.12,3593676.0
1700179200,276.55,277.12,275.15,275.75,2604865.0
1700438400,275.35,279.795,275.02,279.03,3499648.0
1700524800,279.87,280.67,278.43,280.47,2941040.0
1700611200,281.25,282.41,281.2,281.93,2285961.0
1700784000,282.0,282.59,281.03,282.54,1217950.0
1701043200,282.66,283.9,281.09,281.84,3703855.0
1701129600,281.5,283.54,281.345,282.09,2199591.0
1701216000,282.21,282.47,279.5,280.38,2433432.0
1701302400,280.42,282.28,278.06,281.84,5030565.0
1701388800,283.25,286.86,283.0,285.96,4967526.0
1701648000,284.99,287.4,284.99,286.13,3522889.0
1701734400,286.55,288.76,285.205,286.54,3005333.0
1701820800,286.73,287.37,283.4,286.86,2765101.0
1701907200,287.49,288.15,285.64,286.79,3131914.0
1701993600,287.33,287.895,285.05,285.53,3623843.0
1702252800,285.56,289.31,285.56,289.15,3353037.0
1702339200,289.12,291.7,288.51,291.42,2252223.0
1702425600,291.69,295.97,291.5487,295.93,3312275.0
1702512000,294.6,295.27,288.01,290.02,4626777.0
1702598400,290.41,291.75,285.72,287.27,6328510.0
1702857600,288.65,290.59,287.56,290.23,2490110.0
1702944000,290.67,291.72,289.59,290.73,2054430.0
1703030400,290.73,291.67,288.72,288.99,2398593.0
1703116800,290.57,291.53,289.2883,291.39,2313127.0
1703203200,290.7,292.47,290.5,291.7,1700320.0
1703548800,291.22,293.05,290.89,292.86,1381655.0
1703635200,292.5,294.63,292.465,294.55,1892081.0
1703721600,294.47,296.47,294.0,295.84,1907271.0
1703808000,295.83,296.85,295.31,296.51,2227806.0
1704153600,295.05,297.28,295.05,297.04,4458519.0
1704240000,297.0,297.99,294.25,294.39,3114788.0
1704326400,295.32,297.27,290.92,291.74,4615370.0
1704412800,289.21,290.33,287.2,288.99,3407310.0
1704672000,288.51,292.0,287.52,291.9,3097218.0
1704758400,289.63,290.87,287.52,290.87,2176451.0
1704844800,291.0,294.39,290.87,294.09,2199689.0
1704931200,294.45,294.95,290.65,294.15,2047352.0
1705017600,295.46,295.75,292.84,293.47,1714818.0
1705363200,293.47,294.25,289.98,291.09,2859014.0
1705449600,290.14,292.34,290.125,291.16,2008289.0
1705536000,292.09,294.48,291.31,294.36,2221156.0
1705622400,298.0,301.08,296.525,300.53,4250885.0
1705881600,300.95,302.39,297.7375,298.41,3250224.0
1705968000,297.44,300.21,297.125,300.05,1873976.0
1706054400,300.0,302.035,299.31,300.44,3209675.0
1706140800,300.74,301.31,296.09,297.21,3219625.0
1706227200,295.33,295.98,291.7,292.26,4210521.0
1706486400,291.64,292.76,288.31,292.31,3899706.0
1706572800,292.14,294.92,290.2,294.65,2524205.0
1706659200,295.9,297.44,291.655,292.72,3476264.0
1706745600,291.7,298.13,290.28,298.08,3380568.0
1706832000,296.07,298.17,293.35,297.05,3971607.0
1707091200,287.01,291.44,283.33,285.97,7581895.0
1707177600,282.97,284.68,281.54,284.65,5928192.0
1707264000,285.05,290.53,284.11,287.33,3954659.0
1707350400,286.2,293.15,284.2,291.93,4605245.0
1707436800,292.15,292.51,288.92,289.47,3323000.0
1707696000,289.0,291.19,288.76,289.44,2392314.0
1707782400,288.63,289.9,285.67,287.11,2756190.0
1707868800,287.32,288.32,286.59,288.17,2139326.0
1707955200,287.9,292.1,287.28,291.86,2401617.0
1708041600,290.79,293.7,289.26,292.02,2837573.0
1708387200,292.0,295.4999,291.84,292.65,2263994.0
1708473600,293.09,295.2,292.25,293.91,2076811.0
1708560000,294.0,296.67,293.245,295.92,3146598.0
1708646400,296.0,298.74,295.07,297.75,2199138.0
1708905600,298.21,298.68,296.4,297.12,2595344.0
1708992000,296.8,296.8,293.32,293.76,2811237.0
1709078400,294.03,296.1,292.72,295.19,2507286.0
1709164800,294.2,294.75,291.71,292.28,3601848.0
1709251200,291.39,292.67,289.53,290.73,3028869.0
1709510400,289.37,291.24,288.5,290.94,2832011.0
1709596800,291.56,293.51,288.92,292.54,2969609.0
1709683200,293.33,295.14,292.15,292.93,2347965.0
1709769600,294.2,294.915,291.03,291.11,2237730.0
1709856000,290.04,293.48,288.83,292.55,2482336.0
1710115200,292.15,295.45,291.87,294.82,2893336.0
1710201600,295.68,296.355,293.54,294.31,2233076.0
1710288000,292.26,293.47,282.6,282.86,5441262.0
1710374400,282.42,282.52,277.829,281.73,4659308.0
1710460800,281.89,284.23,278.38,279.14,5071675.0
1710720000,279.47,280.3,278.07,278.58,3319435.0
1710806400,279.2,284.4,278.585,282.87,4055380.0
1710892800,283.5,284.6,281.37,284.45,2867302.0
1710979200,284.5,285.58,282.64,283.53,3653332.0
1711065600,283.88,284.385,282.12,282.63,2556320.0
1711324800,280.0,280.58,277.64,278.62,2985467.0
1711411200,279.22,279.45,277.17,278.62,2572061.0
1711497600,278.1,282.3,278.1,282.02,2604991.0
1711584000,282.25,283.3799,281.2525,281.95,3454073.0
1711929600,281.5,281.55,278.64,280.22,2408799.0
1712016000,280.0,280.48,277.45,277.74,2907899.0
1712102400,276.57,277.96,275.15,275.54,2747979.0
1712188800,276.24,276.24,269.92,270.09,4095144.0
1712275200,269.42,270.62,266.36,266.69,6816035.0
1712534400,267.24,268.6892,265.87,267.56,3753206.0
1712620800,266.22,269.67,265.5,269.44,3935142.0
1712707200,266.97,268.99,265.11,268.67,3817458.0
1712793600,269.5,269.88,267.15,268.62,2519172.0
1712880000,267.91,268.23,266.58,267.39,2708630.0
1713139200,267.86,268.525,266.05,266.23,3686881.0
1713225600,266.13,266.99,265.15,265.43,2912853.0
1713312000,266.5,270.12,265.52,269.95,3383099.0
1713398400,270.98,271.29,268.845,270.98,3402674.0
1713484800,272.01,272.22,270.48,271.99,3017097.0
1713744000,273.75,276.5,272.32,275.58,3129435.0
1713830400,276.82,277.4,274.24,276.88,3275678.0
1713916800,275.54,277.03,272.89,276.75,4071571.0
1714003200,277.02,279.82,274.72,275.6,4179755.0
1714089600,271.23,276.11,270.3701,273.09,3636458.0
1714348800,273.83,274.43,272.595,273.55,3187813.0
1714435200,264.33,276.8699,262.63,273.04,6894367.0
1714521600,271.38,276.43,270.05,274.43,4843553.0
1714608000,274.51,276.31,272.71,273.28,3083956.0
1714694400,274.14,274.62,268.89,270.32,2642344.0
1714953600,271.06,271.875,269.04,269.3,2481336.0
1715040000,270.04,270.67,266.99,267.5,3160026.0
1715126400,267.5,268.93,266.06,268.49,3259842.0
1715212800,268.46,268.48,267.02,267.95,3139960.0
1715299200,268.17,275.38,267.84,275.0,4983501.0
1715558400,275.38,276.74,271.14,271.32,3840670.0
1715644800,272.12,272.77,268.7124,270.66,3143235.0
1715731200,271.11,274.37,270.231,273.87,2982621.0
1715817600,274.51,275.56,272.92,273.51,2339864.0
1715904000,274.06,274.06,270.92,272.38,2454570.0
1716163200,271.74,272.125,267.28,267.87,2651117.0
1716249600,268.51,269.0793,265.44,265.87,2362574.0
1716336000,265.87,266.82,264.55,265.77,1906061.0
1716422400,265.13,265.62,257.6,257.93,5636170.0
1716508800,258.74,260.46,257.52,258.11,3382879.0
1716854400,257.39,258.81,252.645,253.54,4324728.0
1716940800,253.36,253.8,249.16,249.37,4029317.0
1717027200,250.61,252.96,250.0975,252.07,3599768.0
1717113600,254.19,259.25,253.505,258.89,6125399.0
1717372800,257.93,259.95,255.6,259.75,4342771.0
1717459200,259.34,263.09,259.25,262.72,4592727.0
1717545600,261.5,261.735,258.66,259.99,4136828.0
1717632000,260.91,261.785,258.93,260.72,3354270.0
1717718400,260.07,261.395,255.34,256.21,2290085.0
1717977600,256.0,256.0,253.15,253.81,2867127.0
1718064000,253.01,254.6889,252.1,254.28,2729439.0
1718150400,254.88,256.31,253.41,254.48,3169566.0
1718236800,253.59,254.74,251.18,253.7,3152985.0
1718323200,252.86,253.62,250.614,253.58,2806560.0
1718582400,252.3,254.52,251.88,253.51,2532906.0
1718668800,253.95,254.35,249.35,250.79,2956314.0
1718841600,250.27,255.69,249.511,253.8,4046527.0
1718928000,258.28,261.46,255.61,259.39,8426647.0
1719187200,259.0,261.37,257.8,260.38,3901231.0
1719273600,260.13,260.13,255.59,257.38,4252250.0
1719360000,256.65,258.17,254.68,257.83,2796088.0
1719446400,258.0,258.83,256.97,258.17,2650996.0
1719532800,257.54,259.49,252.86,254.84,8958712.0
1719792000,254.83,255.34,249.72,249.99,3817576.0
1719878400,249.68,251.03,247.41,247.79,3944881.0
1719964800,248.5,250.98,248.18,250.0,2026070.0
1720137600,251.0,251.415,248.81,251.09,2814312.0
1720396800,251.76,252.575,247.06,247.85,3163853.0
1720483200,247.23,247.4,243.53,245.82,4930592.0
1720569600,247.0,250.56,245.9,250.49,4092739.0
1720656000,251.22,255.65,249.87,254.8,5548256.0
1720742400,254.25,256.92,251.81,253.9,4543006.0
1721001600,253.64,255.73,251.19,251.53,3393612.0
1721088000,251.0,257.31,250.1,257.27,4172974.0
1721174400,258.97,262.05,257.8587,261.0,3711520.0
1721260800,258.03,262.33,257.6003,259.52,3421839.0
1721347200,260.39,260.44,255.03,257.28,3470585.0
1721606400,258.3,259.79,256.4,259.54,2759527.0
1721692800,259.68,260.1378,253.5096,254.05,2653141.0
1721779200,246.32,254.33,246.12,253.37,5983281.0
1721865600,254.19,256.09,251.1,251.46,3323080.0
1721952000,252.9,254.045,250.75,252.0,4002852.0
1722211200,253.55,263.93,250.23,261.42,9380960.0
1722297600,261.0,267.37,260.31,266.44,4936596.0
1722384000,265.42,267.67,263.2,265.4,4652053.0
1722470400,266.82,268.77,262.4,268.75,4935952.0
1722556800,269.4,276.81,268.8,276.69,9585900.0
1722816000,274.04,277.87,267.6796,268.45,6794876.0
1722902400,269.86,273.2,268.08,270.06,3369337.0
1722988800,269.56,273.14,268.58,269.37,3539980.0
1723075200,268.93,273.65,268.08,271.19,3227234.0
1723161600,271.7,271.7,266.96,267.91,2664877.0
1723420800,267.46,269.53,265.33,269.46,3008100.0
1723507200,270.31,272.0,267.54,270.31,2603592.0
1723593600,269.86,271.5075,268.5,271.15,2242138.0
1723680000,272.0,275.76,271.85,274.87,2445218.0
1723766400,274.75,279.5,274.7,278.49,3286217.0
1724025600,282.33,288.32,281.72,287.55,5268793.0
1724112000,286.5,290.265,285.21,285.63,3697631.0
1724198400,287.15,289.97,286.265,289.71,2686435.0
1724284800,289.55,290.5,287.55,289.21,1746359.0
1724371200,290.38,290.78,287.13,289.52,2145946.0
1724630400,289.25,292.21,287.87,288.68,2018540.0
1724716800,289.08,290.3,288.06,289.64,2897582.0
1724803200,289.95,290.96,285.26,287.05,2603793.0
1724889600,287.78,289.11,284.78,287.86,1797229.0
1724976000,287.56,288.88,286.29,288.66,2528549.0
1725321600,286.36,288.21,283.71,285.52,2902782.0
1725408000,286.55,288.97,285.99,288.03,2558502.0
1725494400,289.0,289.545,286.24,287.97,2412493.0
1725580800,287.82,292.19,287.5692,289.51,3863559.0
1725840000,290.03,291.74,287.8,291.29,3208635.0
1725926400,292.81,296.23,291.04,291.27,2497109.0
1726012800,290.83,291.435,285.83,290.23,2747627.0
1726099200,290.17,292.69,288.26,292.35,2274712.0
1726185600,294.49,296.74,292.62,296.53,2205535.0
1726444800,297.42,300.11,295.04,296.69,2916205.0
1726531200,297.0,297.39,292.17,293.75,2997493.0
1726617600,293.88,295.1,290.37,292.03,1788384.0
1726704000,294.25,295.08,290.9,293.85,2271388.0
1726790400,292.94,298.05,292.835,296.83,5817302.0
1727049600,299.0,300.22,296.89,299.06,2312365.0
1727136000,299.06,301.45,297.7,300.27,2408175.0
1727222400,300.33,301.8,298.4,300.47,1986241.0
1727308800,301.15,304.29,300.735,303.65,1971134.0
1727395200,303.52,306.96,303.52,303.69,3402999.0
1727654400,303.75,305.03,302.1,304.51,2286978.0
1727740800,304.51,305.23,302.25,302.98,3036208.0
1727827200,300.58,304.08,299.5801,303.76,2352436.0
1727913600,303.5,304.02,301.26,303.45,1802561.0
1728000000,303.05,305.89,301.38,303.76,2432634.0
1728259200,303.76,305.1199,300.0,300.85,2091776.0
1728345600,302.64,303.35,300.36,301.9,2038348.0
1728432000,302.94,305.01,301.965,303.83,1854155.0
1728518400,304.03,305.75,302.93,304.04,1739458.0
1728604800,304.42,305.5,302.97,305.04,1775710.0
1728864000,305.15,310.42,304.5,309.84,2376310.0
1728950400,312.0,315.36,311.01,313.34,3067090.0
1729036800,313.32,313.725,310.11,312.92,1821486.0
1729123200,313.98,315.05,312.48,314.7,3095192.0
1729209600,315.57,317.18,314.2299,316.56,2531197.0
1729468800,317.13,317.9,314.41,314.89,2404056.0
1729555200,314.09,315.74,313.3,314.69,5889115.0
1729641600,292.77,301.6,290.83,298.57,18791950.0
1729728000,299.12,302.3899,298.28,301.58,5522591.0
1729814400,301.0,301.6,292.2,292.61,8863234.0
1730073600,299.2,299.92,296.5368,296.79,6655971.0
1730160000,297.598,302.7,295.0,295.0,9048877.0
1730246400,294.5,295.37,289.84,291.52,4924013.0
1730332800,292.25,294.38,291.17,292.11,4277428.0
1730419200,294.51,296.88,293.28,295.21,4131804.0
1730678400,294.74,294.96,291.801,292.85,2583053.0
1730764800,293.75,297.38,292.56,297.32,3032122.0
1730851200,300.28,300.33,292.72,294.0,4646422.0
1730937600,294.84,296.54,293.81,294.66,3357377.0
1731024000,295.6,301.8321,295.25,298.97,3279284.0
1731283200,300.49,303.81,300.02,301.53,2872440.0
1731369600,300.14,301.405,297.52,298.65,2453194.0
1731456000,298.9,299.13,295.2172,297.35,2327101.0
1731542400,298.0,300.11,296.5901,298.56,1932557.0
1731628800,297.72,299.495,289.72,292.63,4039432.0
1731888000,293.01,295.44,290.7886,291.1,2866132.0
1731974400,290.0,292.072,287.6,290.73,2353251.0
1732060800,290.62,291.3199,288.255,290.91,2525012.0
1732147200,285.0,288.6,283.46,288.47,4475662.0
1732233600,288.47,290.6,288.14,290.28,2879063.0
1732492800,291.765,296.61,291.765,296.19,5021843.0
1732579200,297.0,297.28,294.83,296.33,2254326.0
1732665600,297.0,299.5,294.98,295.08,2240280.0
1732838400,294.16,297.05,294.018,296.01,1655907.0
1733097600,293.5,294.23,290.94,292.44,3150151.0
1733184000,292.32,294.85,290.29,294.5,3030992.0
1733270400,292.28,296.04,291.82,295.09,3742938.0
1733356800,295.54,299.74,294.9331,299.47,2594816.0
1733443200,300.56,303.7971,298.605,298.98,4158690.0
1733702400,297.585,302.6178,297.09,301.37,2391898.0
1733788800,300.13,302.82,295.84,300.71,3522974.0
1733875200,301.34,301.9,295.97,296.1,3037616.0
1733961600,296.2,298.55,295.09,296.63,2040653.0
1734048000,296.29,299.2,295.43,296.6,2547703.0
1734307200,297.18,302.12,297.17,297.71,3180071.0
1734393600,297.62,300.0,294.82,296.08,3295881.0
1734480000,295.02,298.9761,290.67,290.88,3800945.0
1734566400,290.88,292.86,288.847,290.23,3438533.0
1734652800,289.52,296.1,289.3001,292.68,7677952.0
1734912000,292.255,293.1,289.73,291.29,2492226.0
1734998400,291.28,294.27,290.791,293.99,1460985.0
1735171200,293.0,295.435,292.6,294.8,1434337.0
1735257600,293.34,296.4795,292.74,293.62,1617399.0
1735516800,291.47,291.47,289.0,289.6,1936678.0
1735603200,290.08,291.24,288.58,289.89,1915847.0
1735776000,290.95,295.7625,290.25,292.51,3118262.0
1735862400,292.83,294.96,290.7,294.78,2240254.0
1736121600,293.28,295.6,291.74,292.18,2838933.0
1736208000,293.78,294.93,288.28,289.34,3419450.0
1736294400,288.97,289.14,286.55,286.9,2724217.0
1736467200,287.5,287.77,281.78,282.31,3946002.0
1736726400,282.94,284.5,280.35,283.63,3394291.0
1736812800,285.02,285.35,279.38,281.58,2238889.0
1736899200,284.33,284.65,280.61,282.3,2867781.0
1736985600,280.24,280.945,276.53,279.74,3403681.0
1737072000,280.98,284.08,280.0,280.95,3312793.0
1737417600,280.76,282.9,278.73,282.61,3858590.0
1737504000,283.3,283.53,280.405,281.35,3660600.0
1737590400,280.75,285.0,280.6501,284.43,2279408.0
1737676800,284.505,286.85,283.28,285.46,2523397.0
1737936000,286.605,293.43,285.81,293.09,4343019.0
1738022400,292.4,294.49,290.0,291.15,3180370.0
1738108800,291.38,293.14,290.0,290.11,2358272.0
1738195200,290.91,292.08,289.36,290.32,2125150.0
1738281600,289.83,291.25,287.35,288.7,2557033.0
1738540800,287.02,290.9,284.19,290.05,3049143.0
1738627200,289.76,290.64,288.37,289.77,2977102.0
1738713600,290.0,290.27,286.34,288.83,2363168.0
1738800000,291.59,297.15,290.3201,294.36,3589988.0
1738886400,294.36,296.85,293.82,294.3,2858016.0
1739145600,302.27,310.28,301.51,308.42,8051997.0
1739232000,307.37,311.59,306.17,310.21,4180762.0
1739318400,309.58,310.09,305.77,307.6,3110228.0
1739404800,307.5,311.53,305.63,310.02,3097175.0
1739491200,310.2,311.0,307.78,308.55,2674354.0
1739836800,307.35,307.35,303.54,304.83,3368090.0
1739923200,303.32,303.79,299.51,301.94,2990851.0
1740009600,300.83,303.13,298.15,303.05,3020024.0
1740096000,303.92,305.96,301.59,304.81,3036654.0
1740355200,305.0,310.44,304.12,307.57,3397553.0
1740441600,309.18,311.71,307.991,310.72,3891555.0
1740528000,311.7,314.55,303.68,304.27,4140908.0
1740614400,305.19,311.7799,304.22,309.95,3350723.0
1740700800,307.605,308.52,303.88,308.33,4972872.0
1740960000,308.11,309.49,302.43,304.29,4371634.0
1741046400,304.59,312.93,304.59,305.77,3954691.0
1741132800,304.0,308.46,303.37,307.45,2327472.0
1741219200,307.8,311.35,304.38,310.37,2954920.0
1741305600,310.82,323.17,310.35,321.29,7607616.0
1741564800,320.09,326.32,315.74,317.25,4707592.0
1741651200,317.62,317.7,306.31,306.76,4513135.0
1741737600,303.69,306.43,296.35,299.4,4546240.0
1741824000,300.43,303.465,297.27,297.5,4178882.0
1741910400,296.97,300.67,295.71,299.83,2696979.0
1742169600,301.3,305.23,300.03,303.97,2758628.0
1742256000,304.97,304.97,302.27,303.6,2435418.0
1742342400,303.99,308.08,303.63,306.92,2812212.0
1742428800,308.03,309.66,305.51,307.0,2723487.0
1742515200,306.39,307.0,301.64,305.44,6016138.0
1742774400,306.3,307.95,304.53,305.67,3443511.0
1742860800,306.93,308.66,304.03,306.92,2657170.0
1742947200,307.9,314.06,307.79,313.58,2624998.0
1743033600,315.16,316.64,310.68,312.69,3119455.0
1743120000,309.0,310.0,305.985,307.09,3211862.0
1743379200,305.0,313.2,304.44,312.37,4418823.0
1743465600,313.08,314.78,310.95,313.63,2411454.0
1743552000,312.71,313.93,309.83,311.58,2776755.0
1743638400,311.38,319.72,311.2975,318.27,7023851.0
1743724800,314.57,314.96,299.3,300.11,8831090.0
1743984000,292.6,304.88,290.5,299.89,7725857.0
1744070400,303.78,308.25,294.92,299.83,5562462.0
1744156800,297.41,311.65,296.715,303.96,8265701.0
1744243200,301.34,307.63,296.915,306.78,6049543.0
1744329600,306.47,310.89,303.9601,309.9,4440059.0
1744588800,312.43,318.2,311.13,316.07,4068713.0
1744675200,316.13,317.195,311.84,312.48,2901367.0
1744761600,313.57,314.29,307.37,309.1,3099078.0
1744848000,309.22,312.99,307.13,311.3,2728460.0
1745193600,311.0,311.28,305.115,308.72,2669905.0
1745280000,311.76,320.0,311.19,319.08,4200708.0
1745366400,318.5,319.895,314.79,318.48,3210134.0
1745452800,318.43,318.89,313.53,316.22,2479485.0
1745539200,316.5,321.78,315.03,316.74,2283147.0
1745798400,317.7,318.02,314.25,316.81,2578256.0
1745884800,316.06,316.7277,313.0,314.5,3164531.0
1745971200,316.79,321.0,313.1,319.65,5564594.0
1746057600,313.155,319.25,311.6,313.64,5186858.0
1746144000,313.55,315.97,310.68,311.96,3994578.0
1746403200,313.0,317.4,310.7,315.72,3534301.0
1746489600,315.11,317.24,312.87,316.79,2691660.0
1746576000,316.48,319.24,316.12,318.13,2726245.0
1746662400,318.08,319.66,313.18,313.49,2131496.0
1746748800,312.9,314.25,311.1675,313.68,1917830.0
1747008000,312.01,312.18,305.01,311.92,4137861.0
1747094400,311.65,312.165,308.4499,308.69,3018600.0
1747180800,308.24,308.9086,305.69,307.5,2657043.0
1747267200,307.8,315.13,307.8,314.48,2928718.0
1747353600,314.37,318.66,313.37,318.61,2637287.0
1747612800,318.11,321.61,318.03,321.23,2749002.0
1747699200,321.22,321.72,318.85,319.8,2034967.0
1747785600,317.52,318.67,315.17,316.44,2386740.0
1747872000,316.12,316.62,312.63,314.31,2642001.0
1747958400,315.07,315.65,313.03,314.57,2701615.0
1748304000,314.51,315.6165,312.16,314.95,2527016.0
1748390400,314.95,315.65,312.19,312.84,1935645.0
1748476800,312.37,313.4959,310.04,311.86,2248937.0
1748563200,312.0,315.29,310.58,313.85,4062917.0
1748822400,310.73,313.245,309.3901,312.68,2577048.0
1748908800,311.84,314.39,309.15,312.39,3028181.0
1748995200,313.0,314.2499,309.48,311.57,2069546.0
1749081600,312.0,312.0,307.77,308.98,3817236.0
1749168000,307.15,309.86,306.81,307.36,2622767.0
1749427200,303.73,305.23,299.8464,304.78,4059771.0
1749513600,300.01,302.409,299.45,300.43,4698701.0
1749600000,300.2,303.2,297.19,301.72,3312510.0
1749686400,301.67,303.18,300.066,303.16,2584667.0
1749772800,301.81,305.11,301.15,301.91,2435628.0
1750032000,303.14,304.0,295.75,296.29,4045666.0
1750118400,296.0,296.01,291.79,292.31,3378975.0
1750204800,293.0,293.11,288.6,289.63,4008675.0
1750377600,289.77,290.61,285.57,287.46,7084966.0
1750636800,288.52,289.52,285.87,289.52,5172494.0
1750723200,289.62,292.1,288.5818,291.47,4461222.0
1750809600,290.86,291.0757,284.305,285.55,4259763.0
1750896000,285.95,286.79,283.47,285.63,5354904.0
1750982400,286.01,292.19,285.24,291.55,7422178.0
1751241600,290.88,293.575,290.88,292.17,5054752.0
1751328000,292.5,299.65,292.35,297.49,5121903.0
1751414400,298.08,298.08,292.6,294.63,4021460.0
1751500800,294.67,294.83,292.605,294.08,1678645.0
1751846400,294.115,295.68,292.485,293.53,3404279.0
1751932800,293.01,293.02,290.26,291.67,3123607.0
1752019200,292.25,293.82,291.34,293.02,3266050.0
1752105600,296.3,300.78,295.025,298.39,5368072.0
1752192000,298.14,302.74,297.2901,299.91,4524080.0
1752451200,299.18,302.07,294.83,301.88,5707576.0
1752537600,301.3,302.79,299.24,299.62,2937595.0
1752624000,299.78,300.48,296.21,298.9,2804844.0
1752710400,299.77,302.45,298.42,300.37,3134529.0
1752796800,299.74,300.395,296.43,297.07,3481263.0
1753056000,298.11,298.8,295.28,295.74,3037506.0
1753142400,295.86,300.1,295.05,299.17,2672021.0
1753228800,299.49,299.88,296.92,298.12,2467609.0
1753315200,296.91,297.4599,294.41,294.48,4426029.0
1753401600,296.81,298.64,294.9,298.47,3401033.0
1753660800,297.06,299.91,294.99,299.22,3070470.0
1753747200,298.95,302.83,298.3,302.67,3148084.0
1753833600,302.57,305.4308,301.08,303.61,2805919.0
1753920000,301.025,303.47,300.0,300.07,3639588.0
1754006400,303.5,303.7,301.38,302.89,3344793.0
1754265600,300.53,306.345,300.53,304.23,4734465.0
1754352000,303.0,304.6,298.37,298.77,4222907.0
1754438400,307.0,310.395,301.74,307.66,6474304.0
1754524800,309.16,310.165,304.35,307.91,3603475.0
1754611200,307.0,308.55,303.89,305.45,2622369.0
1754870400,305.5,307.295,303.78,304.36,2648956.0
1754956800,305.17,305.5,299.8875,301.64,3440070.0
1755043200,301.7,305.31,301.395,305.07,2999334.0
1755129600,305.5,309.29,302.7,308.95,4699435.0
1755216000,310.16,310.16,306.5,308.93,3416604.0
1755475200,308.37,309.98,306.56,308.7,3272917.0
1755561600,308.7,314.22,308.45,310.93,2893574.0
1755648000,313.67,316.155,312.3875,313.08,3880218.0
1755734400,311.87,313.595,311.17,313.22,2282444.0
1755820800,314.63,316.8,313.155,314.07,2796930.0
1756080000,313.73,315.55,311.95,313.44,2944405.0
1756166400,313.43,315.12,312.3,312.94,2807730.0
1756252800,313.36,315.72,311.34,311.43,3234836.0
1756339200,311.12,312.52,309.3473,312.22,3471683.0
1756425600,312.23,313.9,311.43,313.54,2492471.0
1756771200,313.05,316.13,312.325,315.76,3228651.0
1756857600,315.02,316.87,312.98,316.39,3219733.0
1756944000,317.82,319.425,316.48,316.99,2881528.0
1757030400,317.365,318.04,313.27,314.38,2533259.0
1757289600,312.82,313.08,309.76,312.8,2873797.0
1757376000,311.21,313.7,310.725,312.52,2310842.0
1757462400,312.09,312.09,304.61,305.94,3479927.0
1757548800,306.23,308.94,305.25,308.43,2761496.0
1757635200,307.62,308.5099,305.25,305.4,2072848.0
1757894400,305.14,305.71,300.5114,302.07,3584545.0
1757980800,303.5,305.9999,302.7,303.29,3578515.0
1758067200,304.9,306.58,303.91,304.97,2681606.0
1758153600,301.47,302.6886,297.88,301.14,4654057.0
1758240000,301.7,304.8,300.75,302.38,5696853.0
1758499200,302.32,304.25,300.42,302.99,3657877.0
1758585600,303.74,304.45,300.315,303.19,2976905.0
1758672000,302.49,305.98,302.01,304.33,2427617.0
1758758400,305.88,306.33,301.95,302.3,2558353.0
1758844800,303.37,305.78,302.01,305.24,2284795.0
1759104000,305.88,306.105,301.85,302.99,3073835.0
1759190400,302.75,304.48,302.0,303.89,2640436.0
1759276800,303.26,304.77,298.3,300.52,3055347.0
1759363200,299.6,302.38,298.95,299.88,2690402.0
1759449600,298.9,301.39,298.663,300.98,2599053.0
1759708800,299.04,299.645,294.91,296.04,3814151.0
1759795200,295.0,298.065,294.1337,296.32,2516057.0
1759881600,296.38,296.66,293.43,294.4,2464566.0
1759968000,293.65,295.12,292.04,293.81,2802739.0
1760054400,294.7,297.9483,292.89,297.01,4016226.0
1760313600,294.6,300.42,294.0,300.11,3369584.0
1760400000,300.16,305.52,300.1101,304.56,2992849.0
1760486400,303.63,309.1,303.63,305.25,2522103.0
1760572800,305.79,307.28,304.715,305.33,2021608.0
1760659200,306.8,308.33,306.3075,308.09,2194185.0
1760918400,307.95,308.6999,305.84,307.77,2329755.0
1761004800,308.55,308.55,306.39,307.48,2461407.0
1761091200,308.22,312.79,307.145,310.11,2735723.0
1761177600,311.97,311.97,306.22,306.97,2081527.0
1761264000,307.63,307.7,305.0152,305.79,1994545.0
1761523200,305.9,310.09,305.34,310.0,2139674.0
1761609600,308.54,310.58,306.325,306.4,2336495.0
1761696000,304.7,304.78,301.215,302.35,2502261.0
1761782400,300.5,304.39,300.1042,302.43,3128398.0
1761868800,300.0,300.71,297.0,298.43,3582719.0
1762128000,297.67,297.92,294.435,296.37,3899313.0
1762214400,298.21,299.75,296.42,299.21,4151259.0
1762300800,299.555,310.17,299.21,305.67,6070334.0
1762387200,304.26,306.41,297.51,298.41,3544869.0
1762473600,300.34,302.55,298.33,299.66,3250197.0
1762732800,299.0,300.02,296.04,299.1,3824334.0
1762819200,300.86,307.285,300.845,306.83,2755799.0
1762905600,306.78,309.09,305.78,306.94,2818642.0
1762992000,307.3,310.1,306.5,307.58,2294288.0
1763078400,308.45,310.75,303.33,307.03,3112574.0
1763337600,307.17,307.7,304.1,304.9,2435713.0
1763424000,305.68,308.44,304.16,304.59,2774197.0
1763510400,304.59,304.8399,302.04,302.74,2008521.0
1763596800,302.445,305.64,301.87,304.16,4205133.0
1763683200,306.27,310.535,306.155,309.35,3348908.0
1763942400,308.99,310.34,304.03,304.9,3687330.0
1764028800,306.75,311.4589,306.75,310.45,4189915.0
1764115200,311.57,312.87,309.7246,312.4,2786843.0
1764288000,312.37,313.3,310.69,311.82,1850687.0
1764547200,309.48,309.5,303.37,303.57,3354081.0
1764633600,303.8,303.82,299.59,300.72,3947816.0
1764720000,302.4,308.7499,302.06,307.71,4986897.0
1764806400,308.525,313.8,307.32,308.54,4632369.0
1764892800,308.66,312.05,308.2,311.23,3147587.0
1765152000,312.0,313.75,309.05,309.79,3575017.0
1765238400,310.685,312.7,308.42,310.79,2355256.0
1765324800,309.5,311.32,306.01,310.53,4104201.0
1765411200,311.5,312.98,309.06,309.71,4844183.0
1765497600,310.53,317.79,310.3667,316.72,3771935.0
1765756800,316.7,319.6599,315.8,318.73,3814860.0
1765843200,319.11,320.58,314.31,314.5,2972523.0
1765929600,315.55,319.2,315.0,318.69,3329002.0
1766016000,319.375,321.79,318.35,319.65,3335221.0
1766102400,318.7,319.33,315.75,315.84,7128705.0
1766361600,315.0,318.27,314.47,316.22,2514579.0
1766448000,312.1,314.12,310.63,310.84,2922808.0
1766534400,310.68,313.4,310.28,313.33,1011483.0
1766707200,312.98,313.26,309.87,310.68,1308854.0
1766966400,310.46,311.1,308.22,308.53,2148502.0
1767052800,307.08,308.64,306.77,308.03,1678742.0
1767139200,307.78,308.21,305.35,305.63,1903701.0
1767312000,305.29,305.55,300.2919,303.26,3124487.0
1767571200,301.25,302.325,299.615,299.86,4573300.0
1767657600,299.07,304.22,298.33,302.77,3769102.0
1767744000,305.325,307.0,303.31,304.16,4100536.0
1767830400,303.44,309.0,302.63,308.88,3268280.0
1767916800,309.04,309.52,304.6,307.32,2971973.0
1768176000,307.44,307.48,304.17,306.75,3206608.0
1768262400,305.23,309.66,305.2,309.44,2967887.0
1768348800,309.44,311.18,305.93,308.13,2949126.0
1768435200,308.93,308.93,303.8,308.62,3189620.0
1768521600,306.89,308.525,305.84,307.43,2590593.0
1768867200,306.44,306.55,302.45,302.84,3017998.0
1768953600,303.34,305.71,303.14,305.69,3630850.0
1769040000,306.15,307.63,304.95,306.03,2809356.0
1769126400,306.1,309.51,305.36,309.25,2350447.0
1769385600,310.0,314.36,309.97,312.95,3385352.0
1769472000,312.32,314.56,311.04,314.13,2506830.0
1769558400,315.0,316.2799,311.61,312.8,2184937.0
1769644800,312.905,317.4,312.26,315.51,3211259.0
1769731200,315.66,316.05,311.5682,315.0,2983277.0
1769990400,319.0,319.52,315.21,318.53,3309834.0
1770076800,315.51,322.89,315.51,319.48,4043582.0
1770163200,321.11,326.945,319.7001,323.69,4805925.0
1770249600,325.08,328.06,322.95,323.48,3936775.0
1770336000,322.9,327.54,321.24,327.16,2831866.0
1770595200,325.94,327.32,323.18,325.6,2674131.0
1770681600,325.43,328.0,323.505,325.97,3502928.0
1770768000,323.58,325.2,320.81,323.21,4553181.0
1770854400,329.83,333.38,320.15,332.08,6499731.0
1770940800,332.5,335.67,326.53,327.58,3587877.0
1771286400,330.0,332.08,325.0,327.62,3367458.0
1771372800,327.27,328.8,323.83,327.89,3661833.0
1771459200,328.46,333.0,326.95,327.11,4032263.0
1771545600,328.03,330.28,325.957,329.23,3862815.0
1771804800,330.43,335.58,330.25,334.56,3806207.0
1771891200,335.31,336.0,332.33,333.05,2757121.0
1771977600,332.0,334.15,330.0,333.01,2812679.0
1772064000,334.87,336.94,333.11,334.53,2425874.0
1772150400,335.57,341.35,335.57,341.06,4269118.0
1772409600,341.06,341.75,334.4101,334.82,4555391.0
1772496000,330.09,332.17,327.7,332.17,2901086.0
1772582400,331.74,332.83,329.605,331.74,2455854.0
1772668800,329.8,330.81,324.12,327.45,4324376.0
1772755200,326.29,328.33,321.32,328.06,3341442.0
1773014400,325.8,331.7,324.58,330.8,3407454.0
1773100800,328.34,329.65,326.71,327.94,2391384.0
1773187200,327.03,327.65,322.415,325.21,2202029.0
1773273600,323.25,327.315,322.01,323.91,2639948.0
1773360000,324.98,326.96,324.48,326.46,2449753.0
1773619200,327.84,328.7099,326.51,326.65,2584631.0
1773705600,327.34,330.4899,326.12,326.3,2437814.0
1773792000,323.77,324.5,315.24,315.73,3038355.0
1773878400,315.99,316.73,309.33,309.58,3362267.0
1773964800,309.8,311.37,307.62,308.85,6436566.0
1774224000,313.47,313.99,308.05,308.47,3003246.0
1774310400,306.39,311.19,304.78,307.84,2955311.0
1774396800,310.06,312.94,308.11,311.7,3714395.0
1774483200,310.75,312.71,308.8,308.93,3025715.0
1774569600,309.75,309.97,305.33,305.9,3137152.0
1774828800,308.7,310.79,307.64,308.53,3569617.0
1774915200,310.23,311.68,307.54,310.79,3021254.0
1775001600,310.17,311.0,304.0,307.29,3887414.0
1775088000,306.83,307.5,303.03,307.14,2649053.0
1775433600,306.06,310.31,305.805,309.76,1815978.0
1775520000,310.27,310.3,304.215,304.85,2033746.0
1775606400,307.16,308.25,303.1,307.01,4155111.0
1775692800,305.19,311.1,303.99,309.55,2484731.0
1775779200,307.3,308.703,304.18,305.68,2708591.0
1776038400,304.22,304.8999,302.1,304.51,2872060.0
1776124800,303.02,303.58,301.53,303.22,3150078.0
1776211200,303.27,306.94,303.0,306.26,2976505.0
1776297600,306.58,308.27,304.57,306.96,2334795.0
1776384000,307.31,312.54,307.2,311.36,3225453.0
1776643200,312.15,312.53,305.95,306.94,2395212.0
1776729600,305.55,306.15,300.97,301.84,2708133.0
1776816000,302.05,302.91,299.83,300.07,2845610.0
1776902400,302.5,304.89,301.92,302.53,3064344.0
1776988800,302.29,302.59,299.22,299.36,3847761.0
1777248000,297.79,298.53,290.19,290.21,4984980.0
1777334400,292.2,294.65,291.03,292.39,4087066.0
1777420800,291.3,292.51,289.3,290.08,3492958.0
1777507200,290.55,294.52,290.23,293.59,4137678.0
1777593600,294.7,295.575,286.3635,286.64,3761818.0
1777852800,286.32,289.75,283.69,284.1,3750521.0
1777939200,284.4,286.5598,283.02,285.17,4007062.0
1778025600,287.17,288.5,282.4,284.1,4807877.0
1778112000,287.83,291.4,282.15,283.7,6613751.0
1778198400,285.0,286.5,274.83,275.75,6044095.0
1778457600,275.83,276.74,271.975,274.6,5848956.0
1778544000,278.2,279.25,274.77,274.84,4366573.0
1778630400,274.5,277.5,273.24,275.7,3450992.0
1778716800,277.8,277.8,274.3,274.97,3428211.0
1778803200,276.0,277.5,275.02,276.39,3866439.0
1779062400,275.82,282.8,275.15,282.47,3969349.0
1779148800,283.4,285.32,280.29,280.8,4087481.0
1779235200,280.29,281.02,276.4,280.27,4056893.0
1779321600,281.05,285.15,279.945,284.18,5116300.0
1779408000,283.0,283.73,280.405,282.27,3059029.0
1779753600,281.02,282.02,278.71,279.26,4230583.0
1779840000,280.24,283.55,279.85,280.92,3810511.0
1779926400,280.01,280.22,277.52,277.97,4121605.0
1780012800,277.78,281.42,277.42,279.2,4906052.0
1780272000,278.118,278.89,273.4,276.11,4594565.0
1780358400,273.33,278.01,272.95,276.36,4211584.0
1780444800,275.77,276.85,273.29,273.29,5011102.0
1780531200,277.8,278.5,271.85,272.72,3541623.0
1780617600,274.4,280.7624,274.4,279.84,5428103.0
1780876800,278.105,280.18,277.145,277.78,3842279.0
1780963200,277.61,285.31,276.0401,282.25,5431682.0
1781049600,284.32,286.45,282.3,282.52,4152714.0
1781136000,282.84,286.25,281.04,284.77,4565419.0
1781222400,286.0,287.6628,284.027,284.81,4028820.0
1781481600,284.23,288.235,283.6,286.12,4388454.0
1781568000,288.0,289.29,285.085,287.93,3874281.0
1781654400,285.5,287.29,282.97,283.82,3591036.0
1781740800,284.38,284.76,277.93,278.61,8106427.0
1782086400,277.0,277.545,270.08,270.1,4891108.0
1782172800,273.89,274.25,270.5101,271.66,3783450.0
1782259200,272.17,276.06,271.22,273.88,4698722.0
1782345600,272.69,273.34,264.53,264.54,6199621.0
1782432000,264.77,270.79,264.55,269.76,7422837.0
1782691200,270.19,272.5,265.6,267.18,4521968.0
1782777600,268.2,271.19,267.39,270.31,4752618.0
1782864000,270.25,272.45,268.9,269.43,3902056.0
1782950400,271.8,280.63,269.86,280.63,6875860.0
1783296000,280.06,281.02,273.58,279.5,6743955.0
1783382400,283.8,287.1,281.38,282.21,3688504.0
1783468800,281.27,281.62,276.24,278.25,4735877.0
1783555200,276.06,277.58,272.92,276.49,3605407.0
1783641600,278.21,278.4,272.495,274.6,2980793.0
1783900800,276.015,276.015,271.33,272.61,4169604.0
1783987200,272.0,273.8098,268.3175,268.94,3834474.0
1784073600,268.0,270.28,264.09,264.95,6050880.0
1784160000,266.75,273.59,265.99,273.46,4812000.0
1784246400,275.0,276.36,267.19,267.71,3782038.0
1784505600,269.75,270.0,266.26,267.64,3693397.0
1784592000,266.52,266.8677,263.65,263.91,3539481.0
1784678400,265.7,265.97,261.85,263.57,4524366.0
1784764800,261.58,264.02,260.96,262.8,5105736.0
1784851200,263.79,266.46,262.9,264.76,3703505.0
1785110400,267.5,271.165,266.8,270.67,4875820.0
1785196800,276.21,278.7,271.63,273.02,5264051.0
1785283200,272.63,273.03,270.2501,271.52,3654546.0
1785369600,270.49,271.8,266.31,268.44,4043084.0
1785456000,267.12,271.07,265.52,270.64,4965185.0
1785715200,275.71,276.33,265.23,265.23,7440520.0
1785801600,270.33,271.53,264.305,268.34,7485981.0
1785888000,271.64,275.3,269.01,274.0,4775330.0
1785974400,276.0,276.83,271.76,276.26,4214853.0
1786060800,274.51,276.87,273.285,274.48,4909675.0
1786320000,274.14,275.75,270.36,273.72,4742134.0
1786406400,273.23,274.21,271.32,274.15,3030625.0
1786492800,271.93,276.2,268.76,275.7,4351711.0
1786579200,277.38,278.37,272.15,272.25,4023311.0
1786665600,272.33,275.34,271.27,272.83,2735392.0
1786924800,270.22,270.82,265.14,265.53,4911774.0
1787011200,267.47,270.21,266.84,266.99,3089165.0
1787097600,266.35,271.87,266.0898,267.45,5351586.0
1787184000,267.57,271.88,266.91,269.13,3526269.0
1787270400,269.3,271.25,268.11,270.95,3779916.0
1787529600,272.15,273.42,270.5912,272.54,4118235.0
1787616000,272.46,272.6,267.98,268.1,3196777.0
1787702400,268.5,269.0572,266.11,266.93,4188883.0
1787788800,265.49,265.73,259.85,260.06,5980415.0
1787875200,261.33,265.1,260.32,265.0,3891302.0
1788134400,265.0,266.07,263.385,263.54,5244145.0
1788220800,262.75,264.5,260.74,261.11,3704420.0
1788307200,261.96,262.7752,260.18,260.95,5110078.0
1788393600,261.57,262.09,256.121,259.63,4581563.0
1788480000,258.01,258.5,255.49,255.69,4225531.0
1788825600,254.39,256.805,254.28,255.81,4206173.0
1788912000,255.5,256.5,253.3458,253.48,4439046.0
1788998400,255.04,255.56,252.54,253.05,4351900.0
1789084800,253.98,254.73,252.15,252.53,4104896.0
1789344000,254.28,258.45,254.28,257.49,4172171.0
1789430400,257.78,257.78,252.7,252.78,4788906.0
1789516800,252.26,253.16,247.83,248.56,7134150.0
1789603200,250.3,250.5995,248.1,248.48,4948820.0
1789689600,248.27,250.4499,247.65,248.24,9577429.0
1789948800,249.41,250.38,246.5209,247.88,6334647.0
1790035200,250.68,252.06,249.37,250.35,5016757.0
1790121600,250.29,250.32,234.03,238.32,16605660.0
1790208000,239.7,242.56,237.02,237.02,7387514.0
