timestamp,open,high,low,close,volume
1474848000,60.3459,60.3941,59.7186,59.9792,6977290.0
1474934400,60.1336,60.51,59.6704,60.3845,7340756.0
1475020800,60.7995,61.2628,60.3122,61.089,11782740.0
1475107200,60.8188,60.8188,59.4098,59.7476,10915980.0
1475193600,59.7283,60.539,59.6993,60.2301,13600060.0
1475452800,60.0468,60.3845,59.516,60.3363,7520012.0
1475539200,60.2977,60.7513,59.7765,60.2784,7896897.0
1475625600,60.51,60.8333,60.2977,60.6065,7871322.0
1475712000,60.3073,60.5004,59.5835,60.4714,11429840.0
1475798400,60.5776,60.7899,59.8634,60.5776,10768970.0
1476057600,61.9673,62.5897,61.2242,61.6681,20254800.0
1476144000,61.311,61.3303,59.5932,59.7669,13932310.0
1476230400,60.2205,60.4424,59.4291,59.5063,10112630.0
1476316800,60.0757,60.7513,59.7765,60.3266,14530540.0
1476403200,60.5293,60.6644,59.9599,59.9696,12199690.0
1476662400,59.8827,59.8827,58.6764,59.3712,13047800.0
1476748800,59.7379,60.4328,59.6704,59.9213,9984627.0
1476835200,59.9599,60.124,59.6511,59.709,5578768.0
1476921600,59.7862,60.0902,59.5353,59.7572,6316175.0
1477008000,59.4002,59.7379,58.8983,59.0624,7395151.0
1477267200,59.2554,59.3326,58.5171,58.6281,9911257.0
1477353600,58.1649,60.0178,57.47,59.7862,15179920.0
1477440000,59.5835,59.6897,58.4351,58.7439,9947711.0
1477526400,59.0141,59.8924,58.8694,59.1493,10346270.0
1477612800,58.8887,58.9369,56.4084,56.7848,20261240.0
1477872000,57.0261,57.084,56.3269,56.669,14254830.0
1477958400,56.9392,57.5038,56.4664,57.2288,14314280.0
1478044800,56.9971,57.4314,56.698,56.7848,10678530.0
1478131200,57.1129,57.1516,56.254,56.3891,11293030.0
1478217600,56.6401,57.195,56.5629,56.7655,11312730.0
1478476800,57.4411,58.107,57.4025,57.9526,10458870.0
1478563200,57.7306,58.6571,57.4411,58.3965,7929411.0
1478649600,61.726,62.7297,60.5679,61.9383,27790560.0
1478736000,62.2857,63.1736,62.2664,62.6911,17842290.0
1478822400,61.8418,62.2568,61.3593,61.7163,13999310.0
1479081600,61.7646,61.8515,61.0311,61.311,10099540.0
1479168000,61.4558,61.504,60.8767,61.4268,7289834.0
1479254400,61.4751,61.7163,60.2687,60.4424,10760130.0
1479340800,60.3266,60.5969,59.9454,60.51,8360668.0
1479427200,60.3845,60.4328,59.5739,59.709,7683978.0
1479686400,59.7765,60.2108,59.5642,60.124,6835678.0
1479772800,60.317,60.4617,59.0672,59.5449,9592213.0
1479859200,58.2228,59.5449,57.7306,59.487,10242930.0
1480032000,59.6607,60.2205,59.5932,60.0371,3501268.0
1480291200,59.6221,59.8924,59.4677,59.6414,7331259.0
1480377600,59.7862,60.2784,59.7524,60.0178,10034850.0
1480464000,60.1336,60.1433,58.8597,59.0527,12530610.0
1480550400,59.1589,59.2265,58.5316,58.6378,8387405.0
1480636800,58.9176,59.3712,58.5075,58.9948,7992839.0
1480896000,59.3712,59.3809,57.7499,58.1456,12964340.0
1480982400,58.078,58.2807,57.5279,58.1745,10650070.0
1481068800,57.6148,57.9622,56.5725,57.9622,14040520.0
1481155200,57.6437,58.2469,57.4218,58.0201,8586550.0
1481241600,58.3772,59.3616,58.2903,59.0913,10496950.0
1481500800,59.294,59.931,59.1589,59.5642,8240190.0
1481587200,59.6414,59.7958,59.1106,59.6318,7628982.0
1481673600,59.6897,60.5679,59.4388,59.6414,11079900.0
1481760000,59.8345,60.4473,59.68,60.1915,8493028.0
1481846400,60.4714,60.8285,59.8827,60.2591,17070690.0
1482105600,59.6414,60.095,58.7439,59.0045,11938540.0
1482192000,59.0527,59.5256,58.2614,58.3868,10364020.0
1482278400,58.4737,58.6812,57.2674,57.3542,12044490.0
1482364800,57.5376,57.9043,57.0936,57.499,10091810.0
1482451200,57.6823,57.7692,57.1805,57.4797,7591218.0
1482796800,57.7788,58.0394,57.4797,57.7016,5809710.0
1482883200,57.6341,57.7692,57.1419,57.1998,6057884.0
1482969600,57.2191,57.5038,56.9199,56.9778,6520112.0
1483056000,56.7269,56.891,56.5146,56.8138,10772540.0
1483401600,57.084,58.271,56.9875,58.0491,11988240.0
1483488000,58.3868,58.6667,57.9429,58.0298,9411911.0
1483574400,58.1166,58.464,57.9043,58.0105,8996409.0
1483660800,57.9912,58.3482,57.4507,58.1649,10238610.0
1483920000,58.1938,59.3326,57.9815,58.9659,9727324.0
1484006400,59.0624,59.101,57.7982,57.8271,15250100.0
1484092800,60.1626,60.9539,58.6281,59.4774,32662680.0
1484179200,60.3459,61.0311,59.9503,60.0371,24872100.0
1484265600,60.1529,60.4907,59.931,60.1626,9954955.0
1484611200,59.7572,59.902,59.0624,59.3326,10592670.0
1484697600,59.2361,59.6221,58.9466,59.0334,8123119.0
1484784000,58.9176,58.9466,57.9719,58.2228,11285190.0
1484870400,60.2205,60.7223,59.9792,60.3459,25239800.0
1485129600,59.6511,60.2205,59.4774,59.6511,10183330.0
1485216000,59.4388,59.5353,58.6126,59.072,10484670.0
1485302400,59.1782,59.2361,58.6378,58.9466,14556720.0
1485388800,58.8887,59.212,58.4254,59.0624,12707420.0
1485475200,59.2361,59.8248,59.1589,59.5932,6652209.0
1485734400,59.3712,59.5546,58.797,59.2844,7849314.0
1485820800,58.9273,60.0661,58.7922,59.8248,9817869.0
1485907200,59.8924,60.095,59.4098,59.931,11014990.0
1485993600,60.4521,61.9673,60.3459,61.9383,18989660.0
1486080000,61.6295,62.0831,61.0601,62.0445,11650330.0
1486339200,61.6874,62.6814,61.6681,62.6718,9147459.0
1486425600,62.498,62.6621,61.8128,61.9576,8430373.0
1486512000,61.6681,62.2278,61.6005,62.0734,5906828.0
1486598400,62.0927,62.556,62.0493,62.141,7051610.0
1486684800,62.0734,62.3147,61.726,61.9094,8531370.0
1486944000,62.0059,62.5656,61.9769,62.5077,7150839.0
1487030400,62.3822,63.4245,62.1796,63.3666,10130630.0
1487116800,62.6332,63.5693,62.5849,62.8841,17806980.0
1487203200,62.8648,63.1253,62.2085,62.9806,12346270.0
1487289600,62.9227,63.2701,62.5946,63.106,9048256.0
1487635200,62.6332,63.4824,62.6332,63.1929,7386072.0
1487721600,63.2122,63.4535,62.8165,63.0095,8679633.0
1487808000,63.2315,63.8009,63.0626,63.55,6855171.0
1487894400,63.357,63.8492,63.3377,63.8492,8444053.0
1488153600,63.4824,63.6368,63.2701,63.55,7134113.0
1488240000,63.5114,63.8395,63.357,63.5693,7739882.0
1488326400,63.7623,64.4668,63.5886,63.8974,10680710.0
1488412800,64.0615,64.2545,63.6947,63.7719,8647426.0
1488499200,63.5596,64.2931,63.5114,64.2545,8322924.0
1488758400,63.7719,64.4475,63.5982,64.1483,6768856.0
1488844800,63.1446,63.9939,62.913,63.6561,8327845.0
1488931200,63.6561,63.8105,62.9902,63.5017,8418316.0
1489017600,63.6658,63.7237,63.2267,63.5886,7735148.0
1489104000,63.7623,63.8848,63.2122,63.3087,8821705.0
1489363200,62.9613,63.0095,61.7742,61.9094,14001290.0
1489449600,61.8901,62.2568,61.8128,61.9576,7893624.0
1489536000,62.1506,62.7007,61.9769,62.4401,9024954.0
1489622400,62.3147,62.527,61.7549,61.9383,9613223.0
1489708800,62.0059,62.4356,61.6584,61.6681,14447910.0
1489968000,61.8997,62.0541,61.7646,61.8708,12971170.0
1490054400,62.0348,62.3485,61.3979,61.6777,9380280.0
1490140800,61.7453,61.8708,61.0408,61.2821,9543005.0
1490227200,61.1469,61.5909,60.9829,61.0697,9459658.0
1490313600,60.9539,61.311,60.6644,60.9732,9136520.0
1490572800,60.7223,61.1951,60.6162,60.9829,8015894.0
1490659200,60.9925,61.1856,60.6837,61.1276,10184990.0
1490745600,61.4461,61.8659,61.2435,61.4172,8135333.0
1490832000,61.2821,61.4558,61.1035,61.2338,5321965.0
1490918400,61.0504,61.4075,61.0408,61.3207,7614005.0
1491177600,61.2145,61.4847,61.0118,61.2531,6643587.0
1491264000,61.3689,61.5378,61.1566,61.4461,6345621.0
1491350400,61.4654,61.9094,61.2917,61.3496,7704650.0
1491436800,61.2628,61.7356,60.9829,61.0311,7552664.0
1491523200,61.0697,61.1196,60.7464,60.925,7716057.0
1491782400,61.0601,61.118,60.3459,60.3652,7247668.0
1491868800,60.3073,60.5631,60.0082,60.3942,6544754.0
1491955200,60.1915,61.0022,60.1047,60.8478,9509164.0
1492041600,60.5969,60.7995,60.3749,60.4231,5932538.0
1492387200,60.5197,60.6451,60.2108,60.6065,5334236.0
1492473600,60.2784,60.2784,59.8248,60.095,7394699.0
1492560000,60.0854,60.4521,59.8345,60.4521,10349050.0
1492646400,60.4704,60.5583,60.0757,60.3652,8962257.0
1492732800,60.1819,60.4424,59.709,59.7283,10498140.0
1492992000,60.317,60.3363,59.8538,59.9696,8797541.0
1493078400,60.3073,60.732,60.0757,60.124,10691840.0
1493164800,60.4424,60.6837,60.2494,60.51,8838576.0
1493251200,60.5872,60.7127,60.2687,60.3942,6600829.0
1493337600,60.3942,60.4617,59.9696,60.1529,9451294.0
1493596800,60.0757,60.3122,59.931,60.2012,10213700.0
1493683200,60.3266,61.0311,60.1336,60.51,12744880.0
1493769600,60.317,61.4461,60.2012,61.4075,11420540.0
1493856000,61.4461,61.6584,61.0118,61.1663,8609668.0
1493942400,61.2821,61.8515,61.2145,61.7356,9345749.0
1494201600,61.6777,62.2568,61.6005,61.7742,11149510.0
1494288000,61.9383,62.0203,60.9539,61.0794,10207630.0
1494374400,60.925,61.7163,60.8864,61.7067,9581502.0
1494460800,62.4884,62.9709,62.0589,62.1796,18515720.0
1494547200,62.141,62.4112,61.0601,61.3496,10341930.0
1494806400,61.2049,61.3786,61.1276,61.2917,7483866.0
1494892800,61.2242,61.6391,60.9346,61.5619,7869877.0
1494979200,61.1663,61.3593,60.6837,60.7995,7911805.0
1495065600,60.7127,62.2471,60.7127,61.6584,11952350.0
1495152000,61.8032,61.8032,61.2821,61.5523,9225688.0
1495411200,61.4751,62.1892,61.3496,61.8032,6226549.0
1495497600,61.7646,62.334,61.7646,62.2954,5729429.0
1495584000,62.5077,62.9227,62.2857,62.6621,7057745.0
1495670400,62.6911,62.8455,62.4015,62.7683,7089267.0
1495756800,62.7297,62.9275,62.556,62.6525,3685720.0
1496102400,62.4594,62.8648,62.2761,62.6139,4885484.0
1496188800,62.8069,63.1977,62.7586,62.8358,7789530.0
1496275200,62.8165,62.9806,62.5946,62.9806,7531824.0
1496361600,63.1736,63.2894,62.9034,63.1833,6278113.0
1496620800,63.0674,63.1059,62.4401,62.7972,5968507.0
1496707200,62.7297,62.7683,62.2085,62.4112,6669026.0
1496793600,62.3436,62.3919,61.7598,61.8225,7606580.0
1496880000,61.9962,62.0059,60.6355,60.9925,18472250.0
1496966400,60.9925,62.1892,60.9346,62.141,10738770.0
1497225600,62.305,62.4208,61.9576,62.141,9391455.0
1497312000,61.504,61.6102,60.8285,61.0601,12040700.0
1497398400,60.8188,61.4123,60.8188,61.1566,10331610.0
1497484800,61.089,61.2242,60.6789,60.9829,7865747.0
1497571200,61.0504,61.4842,60.5004,60.7706,14892300.0
1497830400,60.8864,61.5812,60.8188,61.4558,8334035.0
1497916800,61.4558,62.6911,61.3544,62.2761,10263030.0
1498003200,62.305,63.3087,62.305,63.1736,10940910.0
1498089600,63.2219,64.0518,63.0964,63.714,13052590.0
1498176000,63.7333,64.0702,63.5403,63.8492,13509410.0
1498435200,63.8395,64.0808,63.5307,63.6175,7565897.0
1498521600,63.9553,63.9553,63.2508,63.2508,8112688.0
1498608000,63.4631,63.5982,62.8648,62.8841,6733156.0
1498694400,62.7393,62.8069,61.8515,62.0927,8349019.0
1498780800,62.2375,62.4691,61.7646,61.8515,8351824.0
1499040000,61.6198,62.3726,61.6198,62.0252,4671419.0
1499212800,62.2182,62.5367,61.6874,61.919,6493891.0
1499299200,61.5426,61.6777,60.7899,60.896,11342400.0
1499385600,61.0022,61.1228,60.6162,60.9539,6999920.0
1499644800,61.1759,61.1856,60.4231,60.6355,6615495.0
1499731200,60.6258,60.7802,60.0661,60.1626,6877466.0
1499817600,60.4714,60.925,60.4714,60.5872,8215883.0
1499904000,60.5969,60.7899,60.1012,60.6934,6796850.0
1499990400,60.732,61.1807,60.6644,60.8574,5940294.0
1500249600,60.9443,61.0987,60.3459,60.4231,7386413.0
1500336000,60.317,60.4424,60.095,60.2301,6098994.0
1500422400,60.317,60.6355,60.2543,60.4328,5545382.0
1500508800,60.7127,61.0311,60.6596,60.7416,6595280.0
1500595200,60.5969,60.7995,60.3942,60.4424,6900870.0
1500854400,60.3556,60.703,60.317,60.3845,7780922.0
1500940800,60.6548,60.7995,60.0756,60.1819,5950629.0
1501027200,60.1336,60.1626,59.5642,59.6414,9366722.0
1501113600,61.4461,62.2954,60.6065,61.4654,21802370.0
1501200000,61.5812,62.112,61.0118,61.8708,13342140.0
1501459200,62.0059,62.0638,61.2917,61.6488,11703210.0
1501545600,61.8032,62.0252,61.5426,61.6874,6465959.0
1501632000,61.7163,61.726,60.9636,61.2242,7034295.0
1501718400,61.0022,61.504,60.9732,61.3014,6851166.0
1501804800,61.4075,61.4654,60.7416,60.896,5339160.0
1502064000,60.7513,60.8864,60.4666,60.6451,6692892.0
1502150400,60.3556,60.5293,60.0275,60.1433,7635494.0
1502236800,60.2687,60.5293,60.0468,60.3073,6552276.0
1502323200,60.1915,60.3942,59.9985,60.0082,7625741.0
1502409600,60.2398,60.7609,60.0854,60.2012,6050985.0
1502668800,60.7127,60.7995,60.4038,60.481,5491305.0
1502755200,60.539,60.8285,60.3073,60.317,6315931.0
1502841600,60.2494,60.732,60.15,60.51,6057700.0
1502928000,60.5583,60.8188,59.6511,59.68,8952349.0
1503014400,59.6125,59.6559,59.0238,59.3423,8421089.0
1503273600,59.3326,59.8731,59.2844,59.8055,7070479.0
1503360000,59.8055,60.317,59.7572,60.2398,5499980.0
1503446400,60.0757,60.4135,59.9792,59.9792,6041593.0
1503532800,60.0757,60.7127,60.0178,60.5197,7744083.0
1503619200,60.6741,61.0794,60.5776,60.7416,5263496.0
1503878400,60.9057,61.2435,60.7802,61.1083,7494285.0
1503964800,60.925,61.0022,60.5293,60.9153,6564689.0
1504051200,60.9346,60.9636,60.703,60.9153,4915759.0
1504137600,61.1373,61.6874,60.7513,61.6295,12902960.0
1504224000,61.5619,61.8563,61.3786,61.6005,6185056.0
1504569600,61.5233,61.8756,61.2435,61.3979,8140392.0
1504656000,61.6584,62.0831,61.5378,61.7646,6980404.0
1504742400,61.8515,62.1699,61.5571,62.0734,6856376.0
1504828800,61.7549,62.2761,61.7067,62.0252,7365717.0
1505088000,62.6718,63.0288,62.4208,62.8551,10291630.0
1505174400,62.8455,63.328,62.8455,63.1736,7357863.0
1505260800,63.0771,63.2605,63.0192,63.1639,5628692.0
1505347200,62.72,63.8588,62.6428,63.8105,9958959.0
1505433600,63.8588,64.0615,63.4535,63.8492,14685770.0
1505692800,63.714,64.0904,63.5065,63.6851,10540020.0
1505779200,63.714,63.8492,63.3859,63.6465,7005252.0
1505865600,63.7623,63.9939,62.913,63.4921,9426373.0
1505952000,63.55,63.6272,63.2315,63.3087,5876902.0
1506038400,63.3377,63.4052,62.7924,62.8551,7465379.0
1506297600,62.8841,63.1157,62.7683,62.9034,5571999.0
1506384000,62.8262,63.0385,62.4594,62.498,6139748.0
1506470400,62.4208,62.4884,62.0734,62.3147,6663296.0
1506556800,62.0252,62.4015,61.9287,62.0445,7022769.0
1506643200,62.0445,62.2761,61.118,61.7935,11418940.0
1506902400,61.9673,62.4208,61.6584,62.2954,6526702.0
1506988800,62.2954,62.3233,61.5523,62.1217,6500862.0
1507075200,62.1699,62.3629,62.0831,62.3436,6414724.0
1507161600,62.1699,62.5318,62.0831,62.3436,9149673.0
1507248000,62.4401,62.6332,62.1217,62.2954,7172775.0
1507507200,62.4112,62.4787,61.8804,62.0831,5448728.0
1507593600,62.0638,62.223,61.9528,62.2085,4920949.0
1507680000,62.0927,62.0927,61.3014,61.5523,10096150.0
1507766400,61.5619,61.7453,61.3351,61.6005,6297207.0
1507852800,61.7163,61.9237,61.1663,61.1759,7341380.0
1508112000,61.2724,61.504,61.0504,61.1276,7448945.0
1508198400,61.0022,61.0987,60.6837,61.0118,6954135.0
1508284800,61.8515,61.8708,61.1952,61.2917,7880769.0
1508371200,61.4172,61.7935,61.3689,61.5233,9287235.0
1508457600,61.6198,61.7549,61.3496,61.6488,10300500.0
1508716800,61.7935,62.2664,61.089,61.1856,11573940.0
1508803200,61.0987,61.0987,60.1867,60.9057,10159760.0
1508889600,60.896,60.9202,60.1529,60.2687,10224140.0
1508976000,60.1143,60.5004,59.6463,59.8248,10734650.0
1509062400,58.4351,58.4351,55.8005,56.2058,29543120.0
1509321600,53.8028,54.0923,52.5096,52.7991,38972510.0
1509408000,53.243,53.8414,53.1079,53.1658,18122290.0
1509494400,53.6001,53.851,53.3492,53.4071,16112640.0
1509580800,53.5422,53.629,53.1127,53.436,12318280.0
1509667200,53.3685,54.3094,53.2575,54.1019,9807181.0
1509926400,54.0826,54.2129,53.658,53.9282,8709381.0
1510012800,53.9282,54.2226,53.4457,53.6483,14319550.0
1510099200,53.5615,54.7389,53.5229,54.6038,15131980.0
1510185600,54.5748,54.681,53.6725,54.2467,14139830.0
1510272000,54.3239,54.3239,53.2237,53.5422,16743780.0
1510531200,53.3781,53.5808,53.1369,53.1755,13487930.0
1510617600,53.05,53.2527,52.8377,53.0693,12704560.0
1510704000,52.8473,53.1755,52.4999,52.8859,11717020.0
1510790400,52.9438,53.436,52.8377,53.243,11983300.0
1510876800,53.0789,53.4939,52.8377,53.272,9884066.0
1511136000,52.1525,52.4903,51.7568,52.2104,17141030.0
1511222400,52.4613,52.9342,52.2876,52.3744,13709540.0
1511308800,52.3358,52.664,52.2779,52.471,7375983.0
1511481600,52.5964,52.7219,52.22,52.4517,4341296.0
1511740800,52.5096,52.6929,52.3069,52.6447,10099570.0
1511827200,53.0114,53.1996,52.5096,53.0114,12829730.0
1511913600,53.1176,53.7107,53.0114,53.4264,10456250.0
1512000000,53.4843,53.9379,53.1079,53.3395,15301900.0
1512086400,53.465,54.0199,53.2913,53.9186,12083870.0
1512345600,53.9765,54.7292,53.9186,54.2563,13425220.0
1512432000,54.1888,54.5362,53.7738,53.8221,11837190.0
1512518400,53.6097,53.9765,52.2924,52.4517,20241700.0
1512604800,53.4457,53.8896,52.7701,52.857,16460530.0
1512691200,53.1948,53.629,52.7508,53.629,10423370.0
1512950400,53.629,54.6568,53.6194,54.3721,9726871.0
1513036800,54.8836,55.1732,54.652,55.0766,13784250.0
1513123200,54.9512,55.3662,54.6665,54.9222,13332280.0
1513209600,54.43,54.7562,54.0006,54.0537,10133170.0
1513296000,54.266,54.4011,53.8028,54.2756,22577920.0
1513555200,54.4107,54.7099,54.237,54.2563,11592930.0
1513641600,54.2563,54.6383,54.0537,54.266,9466235.0
1513728000,54.3142,54.5169,54.0247,54.1502,13118660.0
1513814400,54.1212,54.8113,54.1212,54.6231,9956970.0
1513900800,54.6231,54.845,54.1695,54.3914,11345730.0
1514246400,54.5169,54.6231,54.3046,54.3721,4405098.0
1514332800,54.4204,54.6472,54.2949,54.3721,5659475.0
1514419200,54.3721,54.8161,54.3335,54.6231,5782118.0
1514505600,54.845,54.9994,54.3046,54.3046,8435725.0
1514851200,54.6134,54.763,54.0923,54.2563,10071810.0
1514937600,54.266,54.2949,54.0054,54.1791,10580220.0
1515024000,54.4687,55.4144,54.4107,55.0573,15029840.0
1515110400,55.3855,55.3855,54.6134,54.9994,9498753.0
1515369600,55.2118,55.2504,54.5266,54.681,11108520.0
1515456000,54.8257,55.1056,54.5941,54.8161,10631540.0
1515542400,54.5748,55.3662,54.488,55.2986,9055841.0
1515628800,55.2986,55.5978,55.1635,55.5881,7106185.0
1515715200,55.9259,56.7559,55.868,56.6111,12227810.0
1516060800,59.5932,61.5523,59.1106,59.902,48079850.0
1516147200,60.1143,60.4038,59.7283,59.8634,21889700.0
1516233600,59.8345,59.9503,58.5075,58.9948,19903690.0
1516320000,59.3326,59.3326,58.522,59.1396,12123480.0
1516579200,58.8211,59.294,58.5992,59.1106,12246800.0
1516665600,58.8983,59.9599,58.7439,59.5449,10434290.0
1516752000,59.8441,59.9406,58.8308,59.0431,13533490.0
1516838400,59.1589,59.2361,58.8211,59.1589,9400865.0
1516924800,59.3423,59.9117,59.1975,59.8731,10247790.0
1517184000,59.7862,59.9696,59.4098,59.4774,8764102.0
1517270400,58.6667,59.1106,58.3289,58.5316,13005990.0
1517356800,58.6474,58.6764,56.8427,57.1805,14857780.0
1517443200,57.1033,58.2324,57.0068,57.7692,13350580.0
1517529600,57.3349,57.8754,56.2444,56.5146,12242630.0
1517788800,56.2347,56.891,53.8703,54.43,19197900.0
1517875200,53.2141,54.7871,52.437,53.5229,30876270.0
1517961600,53.243,54.7292,53.1658,53.9282,13574390.0
1518048000,54.0826,54.488,52.7991,52.8184,20808260.0
1518134400,53.2237,53.4746,51.4962,52.9535,18571830.0
1518393600,53.4167,53.9379,53.0355,53.4939,12641540.0
1518480000,53.3009,53.436,52.857,52.9824,17012410.0
1518566400,52.413,53.1755,52.3262,52.9824,11428480.0
1518652800,53.4939,54.0344,52.9149,54.0344,10077830.0
1518739200,54.0151,54.9994,53.9668,54.3239,11722250.0
1519084800,54.1598,54.1791,53.0307,53.0596,13464900.0
1519171200,53.1079,53.5036,52.6447,52.6447,10727930.0
1519257600,52.6929,53.1417,52.5192,52.664,10528810.0
1519344000,52.9052,53.0789,52.664,52.9535,9018396.0
1519603200,53.0789,54.2274,53.0789,54.1019,11336110.0
1519689600,53.9572,54.0054,52.7894,52.8087,9249610.0
1519776000,53.1369,53.243,52.3165,52.3262,11263660.0
1519862400,52.3648,52.8908,51.5541,51.8244,13022900.0
1519948800,51.612,52.5289,51.2646,52.4613,8919469.0
1520208000,52.3455,52.7991,52.1863,52.4999,12486630.0
1520294400,52.5868,52.7991,51.9402,52.4034,9247655.0
1520380800,51.9595,52.6736,51.8726,52.5675,11292250.0
1520467200,52.6157,52.9052,52.4565,52.8473,7794013.0
1520553600,53.1079,53.2623,52.7894,53.2141,8816745.0
1520812800,53.7835,54.1695,53.3102,53.4264,10737950.0
1520899200,53.7931,53.8028,53.0789,53.436,11709430.0
1520985600,53.3395,53.4891,52.413,52.8859,11148250.0
1521072000,53.0307,53.7835,52.9728,53.3202,10076460.0
1521158400,53.2623,53.9025,53.1562,53.7255,21002330.0
1521417600,53.7159,53.7352,52.3455,52.7219,11252810.0
1521504000,52.8377,53.021,52.4613,52.7315,7773504.0
1521590400,52.8473,53.3492,52.5144,52.7798,10009240.0
1521676800,52.3455,53.0596,52.138,52.2297,12533210.0
1521763200,52.4227,52.7991,51.4769,51.5445,11840250.0
1522022400,52.1621,52.2635,51.1199,52.1525,9970153.0
1522108800,52.1042,52.6495,51.6024,51.8726,16179820.0
1522195200,52.1621,53.4022,52.1332,53.1658,12672660.0
1522281600,53.4264,53.4746,52.5675,52.5675,9513938.0
1522627200,52.4999,52.7412,51.1102,51.4094,13388860.0
1522713600,51.4769,52.2586,50.9847,52.2007,9244681.0
1522800000,51.6024,52.7798,51.5348,52.635,8890423.0
1522886400,53.1369,53.4457,52.5385,52.6254,12475270.0
1522972800,52.3841,52.6736,51.0533,51.4962,12491050.0
1523232000,53.0789,55.4096,52.6495,54.1984,23234370.0
1523318400,54.7003,54.8064,54.0826,54.5169,12884150.0
1523404800,54.1019,54.5652,53.9379,54.237,9012441.0
1523491200,54.6231,55.1925,54.1828,54.7582,11938390.0
1523577600,55.0863,55.3227,54.6617,55.1732,9414651.0
1523836800,55.7522,57.1805,55.1732,56.6015,22530810.0
1523923200,57.7499,57.8657,56.9006,57.1998,15317440.0
1524009600,57.3349,57.5376,56.5436,56.862,11226990.0
1524096000,56.862,57.2481,56.3795,56.5918,10501800.0
1524182400,56.8041,57.1998,56.6111,56.7752,9644657.0
1524441600,57.9526,58.5027,57.3542,58.1456,19799950.0
1524528000,58.3,58.8694,57.6823,57.9912,12994890.0
1524614400,57.8078,57.8271,56.8669,57.5472,9901638.0
1524700800,57.7306,57.9863,57.0454,57.3349,13496860.0
1524787200,57.2674,57.5665,57.2384,57.3928,7665628.0
1525046400,57.5665,57.885,56.8138,56.8138,13087400.0
1525132800,56.9392,57.1709,54.8933,55.9549,13125630.0
1525219200,55.6653,55.9742,55.0236,55.2986,9813132.0
1525305600,55.1442,55.7812,54.4011,55.5206,11233350.0
1525392000,55.1249,55.8825,54.845,55.7329,7985598.0
1525651200,55.7522,56.0707,55.0863,55.3758,9833005.0
1525737600,55.3662,55.4144,54.2901,54.7775,10257220.0
1525824000,54.9801,56.3698,54.845,55.9259,8286273.0
1525910400,56.0996,56.6787,55.9066,56.0321,8228938.0
1525996800,56.1286,57.8754,56.0996,57.6051,12733250.0
1526256000,57.6823,57.9767,57.3494,57.5955,9455402.0
1526342400,57.3639,57.7065,56.8427,57.1323,6807241.0
1526428800,57.2481,57.914,57.0454,57.663,8530727.0
1526515200,57.4604,57.6922,56.8234,57.0068,7829603.0
1526601600,56.9006,57.3832,55.482,57.0743,9686235.0
1526860800,57.1129,57.2481,56.3505,56.5243,8260845.0
1526947200,56.7269,57.0743,56.3602,56.4084,8572336.0
1527033600,56.4084,57.4121,56.3891,57.1033,9895827.0
1527120000,57.1805,57.3349,56.7559,57.0647,6535385.0
1527206400,57.0743,57.3832,56.7848,57.0261,6652799.0
1527552000,56.5339,56.8307,55.9983,56.3602,8804864.0
1527638400,56.6015,57.7113,56.476,57.6341,11011260.0
1527724800,57.5472,57.7885,57.2384,57.4507,12195040.0
1527811200,57.7982,58.686,57.5376,58.4447,11015500.0
1528070400,59.4002,60.3459,59.0431,59.8538,19059550.0
1528156800,59.8345,60.1529,58.9273,59.2458,12478660.0
1528243200,59.3616,59.7765,59.0859,59.7669,7549481.0
1528329600,59.8345,59.8731,59.3616,59.8248,7543844.0
1528416000,59.8441,60.4617,59.8055,60.3942,9673103.0
1528675200,60.5776,60.6644,59.9117,60.1529,7196609.0
1528761600,60.1915,60.4231,59.8441,60.2591,7861381.0
1528848000,60.3845,60.7609,60.1722,60.4038,9407170.0
1528934400,59.902,60.1964,59.0817,59.4098,11954380.0
1529020800,59.4388,59.931,59.0817,59.8634,16450160.0
1529280000,59.2072,59.2168,58.4737,58.8597,9542385.0
1529366400,58.5316,59.1686,58.5123,58.8983,9958366.0
1529452800,58.9273,59.3326,58.6667,59.1396,12171290.0
1529539200,59.1299,59.1299,58.686,59.0431,8754619.0
1529625600,59.1396,59.7572,59.0817,59.323,12912890.0
1529884800,59.2651,59.4677,58.522,58.9466,10225190.0
1529971200,58.7053,58.8887,58.493,58.5992,11994220.0
1530057600,58.5799,58.9466,57.7113,57.7885,10418140.0
1530144000,58.0105,58.6281,57.8947,58.1938,10191980.0
1530230400,58.4158,59.3181,58.2421,58.5799,14271850.0
1530489600,58.4351,58.4447,57.8271,58.3482,8753505.0
1530576000,58.6185,59.1589,58.4351,58.5895,4872655.0
1530748800,59.2554,59.791,58.9562,59.487,9062510.0
1530835200,59.6414,60.3218,59.6318,60.0275,8151935.0
1531094400,60.2784,60.5004,59.8345,59.8538,8321430.0
1531180800,60.2108,60.4424,59.9406,60.124,10662780.0
1531267200,59.9696,60.0275,59.4388,59.7379,5766412.0
1531353600,60.2591,60.6451,59.9696,60.4714,8038428.0
1531440000,60.095,60.8381,60.0757,60.6934,7352246.0
1531699200,60.732,60.7513,60.1529,60.4038,4506091.0
1531785600,60.3459,60.6162,60.2784,60.3459,5040866.0
1531872000,60.4135,60.7802,60.1915,60.7416,6336010.0
1531958400,60.5486,60.7416,60.0709,60.3266,7271337.0
1532044800,59.8924,60.3556,59.8393,60.3363,6874689.0
1532304000,60.3845,60.5872,60.3266,60.5004,6925301.0
1532390400,60.703,61.2242,60.6258,61.2049,9417678.0
1532476800,61.2145,62.3147,61.1469,62.2375,10518680.0
1532563200,62.3533,62.9227,61.7501,61.7742,11137030.0
1532649600,60.2687,61.7839,60.2017,61.2724,8411588.0
1532908800,61.5619,62.6332,61.311,62.5463,9645104.0
1532995200,62.6332,63.8105,62.6139,63.5693,15424460.0
1533081600,63.4149,63.8298,63.1639,63.2026,7585518.0
1533168000,63.0192,63.1446,62.6042,62.942,6895404.0
1533254400,62.9227,63.714,62.7007,63.6272,6997182.0
1533513600,63.7816,64.158,63.3956,63.9071,8106507.0
1533600000,63.7816,64.6502,63.7237,64.2545,8083261.0
1533686400,64.1869,64.6502,63.8395,64.3606,6509314.0
1533772800,64.5344,64.5344,63.5017,63.6947,6972451.0
1533859200,63.5982,64.1773,63.3859,63.7623,7437485.0
1534118400,63.8202,64.5537,63.7623,64.3896,9357223.0
1534204800,64.2834,64.6116,63.9408,64.1387,6596039.0
1534291200,64.3992,65.2099,64.1483,65.0169,10890860.0
1534377600,65.2389,66.59,65.0169,66.4452,18330960.0
1534464000,66.3776,66.8167,66.3004,66.6479,7843209.0
1534723200,66.59,67.7637,66.5224,67.7191,10397080.0
1534809600,67.7577,67.7963,66.6768,66.754,9808818.0
1534896000,66.7637,66.976,66.4452,66.6286,5893333.0
1534982400,66.4645,66.7692,66.339,66.561,5525351.0
1535068800,66.59,66.8312,66.3632,66.6286,4956240.0
1535328000,66.9181,67.0049,66.1364,66.5803,5083684.0
1535414400,66.4452,66.4645,65.9916,66.2329,5934447.0
1535500800,65.9916,66.4886,65.8855,66.4066,5489281.0
1535587200,66.2618,66.532,65.9578,66.146,4744437.0
1535673600,65.9627,66.3487,65.7793,66.1943,5735562.0
1536019200,65.982,66.0206,65.5573,65.5766,5768324.0
1536105600,65.5766,66.2908,65.538,66.2232,6351346.0
1536192000,66.561,67.1111,66.4162,66.9567,9628648.0
1536278400,66.7444,67.3427,66.4452,67.2366,9513702.0
1536537600,67.555,68.1244,67.1014,67.1304,7266703.0
1536624000,67.362,67.362,66.6575,66.6672,5814168.0
1536710400,66.976,67.5743,66.7058,67.4199,6080234.0
1536796800,67.7094,68.4622,67.1497,68.356,10210340.0
1536883200,68.2692,68.2692,67.2269,67.5357,7353918.0
1537142400,67.4103,67.999,67.2173,67.9604,6697275.0
1537228800,67.9507,68.4236,67.4537,67.9604,6800396.0
1537315200,67.6998,68.1051,67.2076,67.5357,7944187.0
1537401600,67.8928,68.356,67.6033,68.3078,6140196.0
1537488000,68.4332,69.075,68.4284,68.6166,17031970.0
1537747200,68.4429,68.8096,68.163,68.3078,6438808.0
1537833600,68.3753,68.8868,68.0569,68.1823,5386634.0
1537920000,68.4525,68.6649,67.7287,67.8735,6885058.0
1538006400,67.8735,68.6938,67.6371,68.2499,6026164.0
1538092800,68.2499,68.7131,68.1823,68.4622,6378526.0
1538352000,68.5877,69.379,68.1437,69.0316,7628528.0
1538438400,69.4562,69.6492,68.607,69.2439,9376679.0
1538524800,69.572,69.8905,68.8579,68.8772,8631529.0
1538611200,68.6359,68.8675,67.999,68.7324,9394627.0
1538697600,68.7421,69.186,68.1148,68.549,7433449.0
1538956800,68.4525,69.1911,68.4139,68.964,7968300.0
1539043200,68.964,70.1173,68.4911,69.8133,7792336.0
1539129600,69.9484,70.3441,67.9314,67.9893,11717510.0
1539216000,67.9121,68.0675,65.4512,65.982,12867440.0
1539302400,66.3004,67.612,66.0302,67.3717,9113692.0
1539561600,66.7733,67.7577,66.5224,67.0339,6565031.0
1539648000,67.4103,68.8193,67.3138,68.7324,9197999.0
1539734400,68.607,69.4272,68.3271,69.3115,8293966.0
1539820800,69.6299,69.8712,68.9254,69.6878,11163650.0
1539907200,69.7747,70.1173,69.4224,69.8229,13675930.0
1540166400,70.4213,70.9231,69.3404,70.0353,11834220.0
1540252800,69.6396,69.8857,68.7324,69.5817,11418260.0
1540339200,69.3115,70.0983,67.777,68.0762,14425170.0
1540425600,64.6019,68.1051,63.7912,67.5164,20498270.0
1540512000,67.3331,68.3078,66.4741,67.9411,16945400.0
1540771200,68.8772,70.4792,68.0858,68.9544,18366200.0
1540857600,69.186,70.4068,69.0026,70.3248,18732010.0
1540944000,70.8459,71.8882,70.2283,71.0389,15856870.0
1541030400,71.2223,71.4539,70.1269,70.5661,13671190.0
1541116800,71.0003,71.1258,69.1184,69.7457,12898640.0
1541376000,69.4466,71.0003,67.6708,70.5661,12304450.0
1541462400,70.3923,71.2223,70.209,70.7494,10245400.0
1541548800,71.5118,72.6989,71.2609,72.4576,18599680.0
1541635200,72.2742,73.0415,72.0137,72.8436,13004580.0
1541721600,73.2103,73.3358,72.1825,72.2453,14656310.0
1541980800,72.5058,72.641,71.4443,72.0812,13709300.0
1542067200,72.5927,72.641,71.425,72.004,15695130.0
1542153600,72.3321,72.3418,71.1065,71.5022,9448316.0
1542240000,70.9328,72.2549,70.5757,72.226,11860160.0
1542326400,72.1295,73.5867,71.9461,73.4034,13527460.0
1542585600,73.5578,73.9342,72.9498,73.6832,16409460.0
1542672000,73.3551,73.6929,72.0426,72.1681,13587800.0
1542758400,72.3032,72.4431,71.589,72.1777,9054234.0
1542931200,71.5408,72.6699,71.425,72.0619,3521792.0
1543190400,72.3707,73.1042,72.1777,72.805,10870810.0
1543276800,72.4479,73.8425,72.4479,73.6736,14548470.0
1543363200,74.1175,74.658,73.606,74.5325,12047370.0
1543449600,74.4939,75.7388,74.4167,75.1887,10865190.0
1543536000,75.1212,76.7136,75.0044,76.5688,21350640.0
1543795200,76.7425,76.7956,75.5458,76.453,12577610.0
1543881600,76.5302,77.3891,75.3721,75.4783,14602880.0
1544054400,74.2719,75.6327,73.1717,75.6327,16397900.0
1544140800,75.4879,75.5651,73.442,74.0403,12622630.0
1544400000,74.7448,75.0633,73.2103,74.7159,15423280.0
1544486400,75.1984,75.5748,73.8618,74.4167,13183920.0
1544572800,75.0536,76.0091,75.0054,75.2853,10701220.0
1544659200,75.5169,76.3179,75.2756,76.2503,10739790.0
1544745600,75.1115,75.3046,73.5674,73.8087,13259860.0
1545004800,73.3165,74.2044,72.2453,72.6024,15084080.0
1545091200,72.9594,73.1331,70.9859,71.7338,15406950.0
1545177600,72.0716,72.6168,70.5178,71.1933,18859830.0
1545264000,70.8845,71.5437,70.1028,70.9231,19155110.0
1545350400,70.402,71.8496,69.6975,70.3537,36183010.0
1545609600,69.9967,70.3537,68.4139,68.6649,11036140.0
1545782400,68.4911,71.4443,68.4911,71.4153,13405830.0
1545868800,70.7205,72.7471,70.2186,72.7471,12784360.0
1545955200,73.2296,73.91,72.2163,72.7375,12576950.0
1546214400,73.1717,74.021,73.0173,73.7411,9243600.0
1546387200,72.6603,73.3358,71.9944,72.9498,14354090.0
1546473600,72.9208,73.3165,71.2706,71.4539,13288690.0
1546560000,72.1295,73.828,72.033,73.606,14043570.0
1546819200,73.4902,73.799,72.7761,72.7954,14917420.0
1546905600,73.22,73.5481,72.6554,73.3358,11325870.0
1546992000,73.2393,73.6446,72.6892,72.7761,11370510.0
1547078400,73.0366,73.0366,70.9038,71.8785,18255540.0
1547164800,72.0909,72.3225,71.5601,72.2839,9425588.0
1547424000,71.6952,71.8399,70.5467,70.8073,14912450.0
1547510400,70.5467,72.2742,70.5467,71.8978,12460470.0
1547596800,72.1295,73.1235,71.8689,72.004,14539840.0
1547683200,71.7145,73.1235,71.7145,72.9594,16179570.0
1547769600,73.4806,73.6591,72.834,73.22,14290720.0
1548115200,72.9305,73.5385,72.723,73.1814,10071120.0
1548201600,72.9112,73.0656,72.1295,72.805,13711080.0
1548288000,72.5348,72.5348,69.8519,70.6143,20968820.0
1548374400,71.2416,71.2609,69.601,70.402,13410130.0
1548633600,69.9677,70.5178,69.5334,70.373,12764030.0
1548720000,70.3537,71.1065,70.1028,70.6722,11417050.0
1548806400,70.8942,71.2319,70.4647,70.8073,13288000.0
1548892800,70.595,72.2067,70.5564,71.8303,16022860.0
1548979200,73.3165,74.7834,72.6989,73.7797,15044220.0
1549238400,73.2972,74.2044,73.0366,74.1851,11250740.0
1549324800,74.6773,75.6375,74.3684,74.4553,12361130.0
1549411200,74.1561,75.0102,73.9535,74.6869,7810223.0
1549497600,74.2526,74.436,73.4516,74.1368,8855294.0
1549584000,74.0693,74.8317,73.8955,74.8124,8842495.0
1549843200,75.0826,75.1212,73.5481,74.0307,12962120.0
1549929600,74.5904,76.1693,74.4215,75.7774,13037530.0
1550016000,75.816,76.4047,75.7099,76.26,10085120.0
1550102400,76.3661,76.7666,75.9373,76.1828,8053922.0
1550188800,76.8776,77.3312,76.5012,77.0224,10384970.0
1550534400,77.0031,77.3264,76.3179,76.4723,9206390.0
1550620800,76.2407,76.7618,76.0573,76.6557,7842467.0
1550707200,76.4144,77.2347,76.3854,77.0417,7379678.0
1550793600,76.9838,78.0357,76.9838,77.9488,7955620.0
1551052800,78.0357,78.1612,77.1961,77.5725,9219210.0
1551139200,77.7076,78.2673,77.2057,77.9199,8518983.0
1551225600,77.7269,78.4507,77.6207,77.8041,7493305.0
1551312000,77.7172,78.9043,77.7172,78.4507,11050600.0
1551398400,78.9043,79.0635,78.3349,78.7981,10135880.0
1551657600,79.1648,79.2517,77.7172,78.5279,8128024.0
1551744000,78.6341,79.1648,78.3831,78.8464,8254322.0
1551830400,78.7499,78.9043,77.4904,77.9392,7792409.0
1551916800,78.1998,78.2721,77.2395,77.64,10369290.0
1552003200,77.4084,77.7848,76.2889,77.0127,11179740.0
1552262400,77.5532,78.1998,77.2733,78.0454,8708565.0
1552348800,78.3349,78.7113,77.9585,78.3928,8837043.0
1552435200,78.7595,79.1455,78.3542,78.7499,7431647.0
1552521600,78.47,78.9043,78.1063,78.6437,8139651.0
1552608000,78.6534,79.0442,77.9778,78.7209,16546760.0
1552867200,78.4314,78.9718,78.0936,78.5086,13700310.0
1552953600,78.692,79.1359,78.1322,79.049,9508269.0
1553040000,78.9911,79.8307,78.5375,79.2131,11349790.0
1553126400,79.2324,80.265,78.9911,80.0527,9039378.0
1553212800,80.0141,80.5352,79.1517,79.4158,10077520.0
1553472000,79.2034,79.8597,79.0587,79.4737,7517829.0
1553558400,79.8693,80.5545,79.686,80.0238,8790211.0
1553644800,80.0238,80.1589,78.9525,79.4158,9516808.0
1553731200,79.8983,80.0045,79.3048,79.7439,6831725.0
1553817600,80.101,80.3905,79.8211,80.265,9683202.0
1554076800,80.8055,80.9213,80.0431,80.3905,8039545.0
1554163200,80.5449,80.7958,80.0045,80.3036,5528343.0
1554249600,80.3615,80.7331,79.8597,80.2747,6250395.0
1554336000,80.1106,80.294,78.3735,78.9911,9786606.0
1554422400,79.1069,79.2903,78.277,78.3156,9849495.0
1554681600,78.1322,78.4217,77.5435,78.1226,10101370.0
1554768000,77.7558,78.1515,77.4567,77.9778,10291310.0
1554854400,78.0357,78.4796,77.833,77.9971,6163256.0
1554940800,78.1033,78.1033,76.6171,77.0513,9932747.0
1555027200,77.2154,77.6256,76.5302,76.6557,9698302.0
1555286400,76.5398,76.7136,75.7292,75.7871,13188730.0
1555372800,76.4626,76.5205,74.7159,74.851,11957280.0
1555459200,74.8992,74.9089,71.174,71.3381,30938060.0
1555545600,70.9135,71.4636,69.7071,70.6336,31266020.0
1555891200,70.6047,71.2271,70.1993,70.8942,13781390.0
1555977600,71.1258,72.6217,70.8363,71.9944,17838000.0
1556064000,72.1198,72.4865,71.396,72.1198,12056400.0
1556150400,71.9751,74.1368,71.8592,73.6736,13349980.0
1556236800,73.9631,74.3009,73.4323,73.9535,8343025.0
1556496000,73.9148,74.4842,73.8087,74.0982,7054212.0
1556582400,74.851,76.1442,73.3455,75.9608,10725970.0
1556668800,75.9415,76.9452,75.6906,75.9705,14588370.0
1556755200,75.8643,77.0417,75.8643,76.7425,11048800.0
1556841600,76.7618,77.3455,76.4819,77.2057,7578765.0
1557100800,75.7871,77.0031,75.5628,76.7039,9452824.0
1557187200,76.1345,76.5205,74.711,75.1791,10041380.0
1557273600,75.5941,75.9608,75.1791,75.4493,10083520.0
1557360000,74.9668,75.7678,74.5446,75.5941,7734636.0
1557446400,75.3528,75.5892,74.1272,75.459,8613669.0
1557705600,74.1368,74.822,74.1368,74.4746,9200151.0
1557792000,74.9089,75.3528,74.658,74.7159,7742178.0
1557878400,74.1851,75.1598,74.1175,74.8413,6950935.0
1557964800,75.0536,77.0996,75.015,76.3661,9457190.0
1558051200,75.6713,76.3034,75.1308,75.9705,7881431.0
1558310400,75.623,76.5012,75.5169,76.1249,7901949.0
1558396800,76.3179,76.9452,75.7823,76.7232,10375810.0
1558483200,76.5784,78.3156,76.5398,78.1515,12873870.0
1558569600,77.7848,78.3542,77.6014,78.1901,9381160.0
1558656000,78.4603,79.0779,78.277,78.3349,5793580.0
1559001600,78.5375,79.0732,77.4277,77.4567,13148600.0
1559088000,77.3216,77.5628,75.9994,76.5881,10762270.0
1559174400,76.7811,77.032,76.424,76.8969,7140974.0
1559260800,76.5591,77.1285,76.0477,76.4433,6815619.0
1559520000,76.868,78.0888,76.7425,77.4567,8795855.0
1559606400,77.9295,78.4893,77.3167,78.248,8939947.0
1559692800,78.5375,79.3965,78.248,78.8367,9372442.0
1559779200,79.2903,79.5605,78.5858,78.5954,10872130.0
1559865600,78.9622,79.9852,78.9622,79.5798,8394496.0
1560124800,79.7921,79.7921,78.7981,79.5991,7191129.0
1560211200,79.9948,80.4966,79.5653,80.0817,7432946.0
1560297600,80.2361,81.3266,80.2361,80.7862,10551350.0
1560384000,81.1239,81.2397,79.6474,80.0045,9727147.0
1560470400,79.8211,80.458,79.5798,79.8886,7623999.0
1560729600,79.8114,80.4194,79.6474,80.3905,6132987.0
1560816000,80.3229,81.7126,80.3229,81.5389,10901830.0
1560902400,81.3073,82.5715,81.2687,82.3785,9375476.0
1560988800,82.9769,83.4787,81.3749,81.6451,11918400.0
1561075200,81.4907,81.8091,80.7186,81.6161,14345660.0
1561334400,82.0022,83.0251,81.7802,82.5233,7530022.0
1561420800,82.5619,83.2471,81.8477,82.2627,8920696.0
1561507200,82.2048,82.2241,80.1878,80.6221,12027130.0
1561593600,80.7476,81.7319,80.487,80.902,11184840.0
1561680000,81.0371,81.51,80.0817,80.9213,44546980.0
1561939200,81.3845,81.9587,80.955,81.7898,9812650.0
1562025600,81.51,82.5233,81.1595,82.5233,9906155.0
1562112000,83.0541,84.0288,82.9865,83.8647,6234048.0
1562284800,83.6524,83.7682,82.504,82.6101,8365913.0
1562544000,82.0408,82.5136,80.5835,81.1046,13066050.0
1562630400,81.2976,82.2338,81.1529,81.896,8102230.0
1562716800,81.8381,82.1373,81.4038,81.8574,5721518.0
1562803200,80.5835,80.7476,76.9934,78.1708,21131820.0
1562889600,78.0261,78.0743,75.8836,76.9452,18044840.0
1563148800,77.7848,78.4314,77.3216,78.1322,10422290.0
1563235200,78.4796,78.9236,78.0647,78.7402,8061677.0
1563321600,79.0973,79.464,78.7257,79.0587,9398166.0
1563408000,79.5316,80.0624,78.7499,79.8018,8084732.0
1563494400,79.8114,79.9272,78.3156,78.5472,11501690.0
1563753600,78.8271,78.9622,78.2191,78.3735,6929056.0
1563840000,78.6341,79.5509,78.0647,79.1648,7080551.0
1563926400,79.1359,79.4315,78.2866,78.8946,7366635.0
1564012800,78.6051,80.1589,78.2191,78.8946,9227478.0
1564099200,78.7267,78.7788,78.084,78.5858,7289078.0
1564358400,79.2276,79.9079,78.7595,79.6088,10614210.0
1564444800,81.0564,82.1981,79.9272,80.3615,13632610.0
1564531200,80.0045,81.6933,79.9465,80.0913,11873540.0
1564617600,80.1589,81.5437,79.7535,80.7669,10066760.0
1564704000,80.9502,81.8083,80.6362,81.5196,10413950.0
1564963200,80.9213,81.3942,79.2855,80.2168,11341230.0
1565049600,80.2168,81.5296,80.1975,81.4038,10520350.0
1565136000,81.2687,81.7319,79.9079,81.3073,10982470.0
1565222400,81.7898,82.0794,81.3749,81.7705,8301405.0
1565308800,82.1276,83.0975,81.7512,82.5329,8557455.0
1565568000,82.2531,82.9286,81.5679,82.0504,8360797.0
1565654400,82.475,83.7586,82.475,83.0734,8062372.0
1565740800,82.3882,82.8418,80.4387,80.487,10888670.0
1565827200,80.6028,80.9164,79.9948,80.5449,9106523.0
1565913600,81.5003,82.3785,81.2108,82.089,8736862.0
1566172800,82.6005,83.5118,82.4654,83.1795,7304657.0
1566259200,83.0058,83.6959,82.5908,82.6584,5893708.0
1566345600,83.276,84.2025,83.1216,83.8744,6188981.0
1566432000,83.72,84.1543,83.2374,83.691,6287209.0
1566518400,83.2085,83.9033,81.5293,81.9732,10122860.0
1566777600,82.3978,82.8997,82.1083,82.8804,5765198.0
1566864000,83.4015,83.884,82.4654,82.5329,6228176.0
1566950400,82.282,83.5463,82.0697,83.4594,5883941.0
1567036800,84.0288,84.299,83.1699,83.691,6031551.0
1567123200,84.0771,84.1736,83.1602,83.4498,6483921.0
1567468800,83.2278,83.9709,83.0348,83.6235,6389718.0
1567555200,84.0964,84.1253,82.4364,83.0444,7521822.0
1567641600,83.6138,83.6331,82.5136,83.0927,7180308.0
1567728000,83.5173,83.8937,83.2953,83.5463,6724961.0
1567987200,83.4787,83.498,80.0238,80.5545,11489290.0
1568073600,79.5123,79.5123,76.0959,78.8367,17258990.0
1568160000,79.0008,80.2071,78.7692,80.0238,10116590.0
1568246400,80.5642,81.1384,79.8983,80.4001,8031245.0
1568332800,80.072,80.6511,79.2517,79.7246,7176955.0
1568592000,79.5702,79.5702,78.8367,79.1648,5907730.0
1568678400,79.2613,80.5835,79.2613,79.6281,7066989.0
1568764800,79.7825,80.3664,79.5026,80.1203,6656690.0
1568851200,80.1203,81.3556,79.9852,81.0371,6663726.0
1568937600,81.7802,82.8707,81.3749,82.1855,22713260.0
1569196800,81.9442,82.2434,81.3942,81.4135,9165778.0
1569283200,81.5968,81.9153,80.4725,80.68,8988157.0
1569369600,80.5545,81.095,80.0527,80.1975,7040327.0
1569456000,80.6993,81.1529,80.1347,80.9502,7762171.0
1569542400,80.9502,81.0564,79.6956,80.0141,7468756.0
1569801600,80.307,82.1276,80.307,81.2397,9546413.0
1569888000,81.2397,81.6451,80.6221,80.6897,6751481.0
1569974400,80.1685,80.3036,77.7269,78.7692,8552960.0
1570060800,79.0683,79.9852,78.7807,79.85,5689851.0
1570147200,80.5063,82.1445,80.2554,82.0311,7242620.0
1570406400,82.0601,82.1353,81.0178,81.4424,4913867.0
1570492800,80.8634,81.4617,80.1782,80.3808,6163731.0
1570579200,81.2301,81.5389,80.6124,81.2397,4519505.0
1570665600,81.2011,81.8815,80.6655,80.8344,8426533.0
1570752000,81.3556,82.4557,81.3169,81.3942,5967463.0
1571011200,81.4231,82.1373,81.3411,81.7319,5545251.0
1571097600,81.9346,82.1276,81.6354,82.0697,4979292.0
1571184000,82.089,82.118,81.4714,81.5003,5461542.0
1571270400,81.4714,81.6933,80.8116,80.873,6883391.0
1571356800,80.7862,81.9442,80.7379,81.7223,7522217.0
1571616000,82.0022,82.089,81.1432,81.5679,5126837.0
1571702400,79.1359,79.7921,77.447,78.4603,18223430.0
1571788800,78.4507,79.9755,78.3252,79.9755,8180852.0
1571875200,80.2071,80.7186,79.1745,79.6956,5008802.0
1571961600,79.3965,79.9562,79.1648,79.3868,7508048.0
1572220800,79.8404,80.5545,77.5339,79.3289,14845140.0
1572307200,81.1143,82.7742,79.8114,82.1276,16575390.0
1572393600,82.0311,83.4691,81.3749,83.2085,9567580.0
1572480000,83.0927,83.9516,82.5233,83.6331,11850580.0
1572566400,84.0288,84.1929,81.8284,81.9732,8856175.0
1572825600,82.6005,82.7067,80.9502,80.9695,8537398.0
1572912000,80.7476,80.8248,79.8404,80.0238,9482775.0
1572998400,80.6414,81.0226,80.2265,80.3422,9289741.0
1573084800,80.3229,81.0564,79.7825,79.9852,8827599.0
1573171200,80.0141,80.7862,79.8211,80.6704,6349726.0
1573430400,80.2554,80.7186,80.0624,80.3712,3554858.0
1573516800,80.6607,81.8574,80.6607,81.1818,8222086.0
1573603200,81.5968,82.1373,81.1722,81.8574,6259256.0
1573689600,81.9539,82.2048,80.7765,81.5968,7549428.0
1573776000,81.7319,82.6053,81.6867,81.9346,9233008.0
1574035200,81.703,81.8574,80.9213,81.1915,10211800.0
1574121600,81.4521,81.9828,81.0371,81.6933,9247540.0
1574208000,81.5775,82.4943,81.5003,82.2917,7786740.0
1574294400,82.7067,82.7742,81.3266,82.475,6865971.0
1574380800,82.6584,83.3388,82.3399,82.4654,7443118.0
1574640000,83.0348,83.5656,82.3592,82.7067,8608275.0
1574726400,82.9962,84.3859,82.9093,84.2894,18366850.0
1574812800,84.3473,84.8009,83.9516,84.5499,5761367.0
1574985600,84.1253,84.7044,83.9902,84.135,4656715.0
1575244800,84.4824,84.9118,83.527,83.9998,5342618.0
1575331200,83.6524,84.41,83.4787,84.328,9604427.0
1575417600,84.4727,85.6308,84.135,85.5729,6959801.0
1575504000,85.6308,85.6887,84.8974,85.6501,7889018.0
1575590400,85.8914,86.123,85.6501,85.7466,6915991.0
1575849600,85.7949,85.8914,85.1193,85.6212,7730032.0
1575936000,85.5054,86.4029,85.4185,85.9879,8266992.0
1576022400,86.0265,86.3617,85.7466,85.8721,6510233.0
1576108800,85.93,86.8179,85.8045,86.4415,6549616.0
1576195200,86.0844,86.4608,85.3509,86.0748,7224978.0
1576454400,86.5187,86.8516,86.0651,86.1713,9880891.0
1576540800,86.2099,86.3257,85.4233,85.9107,11155190.0
1576627200,86.2292,86.8565,86.0168,86.4897,11048250.0
1576713600,86.7503,86.9433,86.3643,86.8468,7610966.0
1576800000,88.2655,89.4043,87.6671,88.3813,17033370.0
1577059200,88.6225,88.8059,88.2462,88.5357,7534460.0
1577145600,88.4392,88.526,87.8891,88.2462,2235893.0
1577318400,88.4006,88.5164,87.8891,88.1497,2922730.0
1577404800,88.4778,88.4971,88.0821,88.3041,3586776.0
1577664000,88.333,88.4874,87.561,87.8505,3752838.0
1577750400,87.7443,87.8119,87.2811,87.7733,4495095.0
1577923200,87.8987,88.9217,87.2087,88.8252,7877027.0
1578009600,87.5127,88.8542,87.3486,88.0628,5633388.0
1578268800,88.0435,88.5309,87.8119,88.4392,7179428.0
1578355200,87.6285,87.9373,86.0072,86.0844,10629560.0
1578441600,85.9782,86.3739,85.322,85.5054,14505080.0
1578528000,85.8431,86.9047,85.6791,86.2581,9269803.0
1578614400,86.5862,86.9626,86.3208,86.4029,5673065.0
1578873600,86.3932,86.4994,85.9107,86.3836,9792380.0
1578960000,86.152,86.7889,85.7659,86.7889,8231645.0
1579046400,86.953,88.4102,86.9433,88.3427,9173676.0
1579132800,88.6515,88.8401,87.8698,87.9952,6920322.0
1579219200,88.0918,88.4295,87.6864,87.7926,9667383.0
1579564800,87.5513,87.7926,86.5766,86.8275,9563099.0
1579651200,87.0205,87.3004,86.4897,86.5187,7443497.0
1579737600,86.5283,86.5283,85.1772,85.4668,12593990.0
1579824000,85.5343,85.7225,82.5908,82.9769,14270280.0
1580083200,82.1276,83.4835,81.7512,83.0927,10350740.0
1580169600,83.4208,83.6814,82.8997,83.2374,9061461.0
1580256000,83.5752,85.0807,83.4112,84.1929,8121480.0
1580342400,83.913,84.0867,83.1892,83.4787,10511860.0
1580428800,83.3629,83.6428,82.0311,82.4557,9180904.0
1580688000,83.0348,85.1386,83.0348,84.2894,9286129.0
1580774400,85.3413,86.0844,84.9842,85.2737,14400110.0
1580860800,81.7223,83.7103,81.066,82.8321,27948600.0
1580947200,83.0155,83.2133,82.282,82.6874,15372330.0
1581033600,82.89,82.9383,81.867,82.1083,10896600.0
1581292800,82.1083,82.9769,81.9732,82.6681,10106100.0
1581379200,82.8611,82.9962,81.978,82.2724,9783063.0
1581465600,82.0697,82.2531,80.0045,80.3422,18731830.0
1581552000,80.0334,80.0334,78.6051,79.1069,18500740.0
1581638400,79.3579,79.9079,78.8174,79.7632,8342959.0
1581984000,79.9852,80.2071,79.382,79.5798,9560516.0
1582070400,80.1782,80.2071,78.7209,79.1359,11202470.0
1582156800,79.3482,79.9369,78.8657,79.6088,10440210.0
1582243200,79.3193,79.7439,78.856,79.464,8870220.0
1582502400,77.7944,79.7034,77.7558,78.4893,13105390.0
1582588800,78.6823,79.078,77.0641,77.4663,12568410.0
1582675200,77.8427,78.7788,76.9838,77.1478,11394320.0
1582761600,77.8909,78.8946,75.2756,75.3528,15013630.0
1582848000,74.0017,74.7834,71.589,73.8859,27922050.0
1583107200,74.436,78.7016,74.3877,78.5279,17977600.0
1583193600,78.5568,79.5219,75.1887,76.3661,16598140.0
1583280000,78.6534,80.1685,77.0899,80.072,19298040.0
1583366400,78.6823,79.879,78.1129,78.7306,14330040.0
1583452800,77.1768,79.7342,76.6557,79.3289,13557820.0
1583712000,75.2756,77.9054,74.3009,76.2021,18075230.0
1583798400,77.669,79.3096,74.7931,79.1552,16724740.0
1583884800,77.0417,77.3602,75.3046,76.4819,13623740.0
1583971200,71.8013,75.3335,70.7012,71.8496,21626660.0
1584057600,73.5578,74.5325,69.7361,74.0693,24672800.0
1584316800,68.2981,73.4323,64.7756,67.4778,19855330.0
1584403200,69.1474,73.413,68.8868,71.8785,23612430.0
1584489600,68.9544,72.0523,66.4259,69.1281,17708450.0
1584576000,68.8579,70.3151,66.5031,68.2595,18386200.0
1584662400,67.1207,69.9677,66.1074,68.8675,22019170.0
1584921600,67.8156,69.1088,62.9709,64.0808,17533430.0
1585008000,66.5803,67.3138,64.8432,66.6382,18990360.0
1585094400,66.0206,67.9218,64.4185,65.8372,17472810.0
1585180800,65.76,71.589,65.7214,70.9617,17229090.0
1585267200,69.2922,70.8652,68.7614,69.2246,11896220.0
1585526400,71.0486,74.8799,70.3344,74.2623,15079480.0
1585612800,73.5867,74.8896,72.8822,74.2526,14390490.0
1585699200,72.0523,72.834,70.4406,71.2223,11130990.0
1585785600,73.3262,74.4263,71.4443,74.1851,12255540.0
1585872000,73.6157,74.7352,72.6892,73.5867,9579423.0
1586131200,75.5941,78.0261,75.1791,77.5049,13658510.0
1586217600,78.8271,79.1069,75.6616,75.816,10169820.0
1586304000,76.4144,80.101,75.6037,78.7692,10955970.0
1586390400,78.3349,80.3808,77.3795,79.6088,13241570.0
1586736000,78.9622,79.5895,77.0417,77.7269,7353681.0
1586822400,79.4544,80.294,77.9102,79.9465,11598640.0
1586908800,78.3928,80.0624,77.7462,79.2034,10314030.0
1586995200,79.7632,80.4194,79.3868,80.101,8726155.0
1587081600,81.0178,81.2204,79.5605,80.5449,14726300.0
1587340800,79.9272,81.1915,77.9392,80.1975,11140980.0
1587427200,78.7692,79.4254,75.4783,75.816,17057770.0
1587513600,76.4337,77.833,76.0766,77.1864,11387460.0
1587600000,77.3891,79.0153,77.3698,78.055,7779088.0
1587686400,78.7499,79.2324,78.1901,78.5858,7334926.0
1587945600,78.3928,81.7126,78.0068,81.0467,12201140.0
1588032000,78.3445,79.3579,77.3698,78.3445,19345010.0
1588118400,79.3193,79.3193,76.2696,77.9488,13060350.0
1588204800,77.032,77.5918,76.3758,76.5688,11105840.0
1588291200,76.1056,76.1056,74.243,74.9571,9082822.0
1588550400,75.2949,75.2997,73.5554,74.1754,8445155.0
1588636800,74.5518,76.0501,74.0886,75.2853,7062437.0
1588723200,75.6134,75.8932,74.3877,74.4263,11846260.0
1588809600,74.3105,74.4263,72.7954,72.9594,12025920.0
1588896000,73.828,74.2719,73.3165,73.7315,8389200.0
1589155200,73.3744,75.3434,73.2683,75.1887,10135970.0
1589241600,75.4204,75.9512,74.4263,74.4939,9107471.0
1589328000,73.9824,76.0428,73.9052,75.1694,10434270.0
1589414400,74.5807,77.3312,74.5614,77.254,10885100.0
1589500800,77.3119,77.7365,76.0766,76.9934,8938291.0
1589760000,78.1708,78.1708,76.4626,76.9355,11977800.0
1589846400,76.6943,76.9452,74.6483,74.8413,10106720.0
1589932800,75.3046,75.5072,74.0017,74.2044,10522560.0
1590019200,74.0789,74.3395,73.606,73.8762,8588091.0
1590105600,73.5095,73.9824,73.413,73.7025,6066320.0
1590451200,75.5265,75.8546,74.2237,74.5614,18269100.0
1590537600,74.3105,74.9282,73.3455,74.8413,12241380.0
1590624000,75.8546,77.4856,75.7678,76.2793,12585990.0
1590710400,76.6846,78.1129,75.5748,77.9006,12900690.0
1590969600,77.3795,77.6497,76.3661,76.7811,5991955.0
1591056000,76.7618,78.0405,76.0756,78.0164,10832970.0
1591142400,78.1708,79.4688,78.0357,79.1938,13049080.0
1591228800,78.4314,79.2903,78.0164,78.7016,8867324.0
1591315200,79.242,80.2264,78.6437,79.3868,9936408.0
1591574400,78.3156,80.294,78.3156,80.0045,9500801.0
1591660800,80.2843,80.5931,79.2517,79.3868,8440980.0
1591747200,79.5605,79.8886,78.1612,78.9139,8664952.0
1591833600,77.9875,78.8078,74.6483,74.6483,13648720.0
1591920000,75.1694,75.208,72.834,73.635,16221990.0
1592179200,72.2935,72.7375,71.0023,71.4346,16882250.0
1592265600,72.7471,74.7062,72.2163,74.2816,20460690.0
1592352000,74.658,74.7448,72.9836,73.6253,13342640.0
1592438400,72.9884,73.6157,72.7278,73.5578,7395912.0
1592524800,74.436,75.2563,73.1573,75.1791,16855540.0
1592784000,74.6676,74.9185,73.7604,74.0693,7131940.0
1592870400,74.7931,75.8739,74.2044,74.4263,10905230.0
1592956800,74.05,74.2044,72.8147,73.22,7714623.0
1593043200,73.0077,74.2671,72.6796,73.8955,7236011.0
1593129600,73.6832,74.05,72.3804,72.5637,11764590.0
1593388800,73.2489,73.8376,72.8822,73.4613,6899781.0
1593475200,74.0693,74.9475,73.5385,74.629,9485530.0
1593561600,74.7255,76.1827,74.4263,75.3914,9493099.0
1593648000,75.8257,76.5398,75.4831,76.0284,6515116.0
1593993600,76.4723,77.227,76.1442,76.8004,7689223.0
1594080000,76.2407,76.8969,75.845,75.9705,6637905.0
1594166400,75.8836,76.2061,74.7738,75.1984,7831109.0
1594252800,75.2177,75.6134,73.3841,74.0114,7601213.0
1594339200,74.0693,74.6483,73.7315,74.05,4925037.0
1594598400,74.3105,75.8353,74.05,74.6483,7742624.0
1594684800,74.8317,75.8643,74.658,75.5169,8012490.0
1594771200,76.4723,77.172,76.0847,76.6653,7356574.0
1594857600,76.9934,77.0224,75.9994,76.6267,5582878.0
1594944000,76.9355,77.447,76.5398,77.0803,7817460.0
1595203200,77.0803,77.3988,76.3034,76.6364,5185257.0
1595289600,76.9355,77.3216,76.038,76.1345,8557094.0
1595376000,76.5495,76.9693,75.2949,76.0284,11795940.0
1595462400,76.3854,76.4337,74.8027,75.3335,11029500.0
1595548800,75.1308,75.2659,73.6929,74.407,8653360.0
1595808000,73.7411,76.3758,73.6446,76.1731,10456550.0
1595894400,76.424,77.4084,76.2117,76.9066,8105844.0
1595980800,76.4819,76.9548,75.9898,76.5784,6105298.0
1596067200,75.9801,76.5109,74.9185,76.231,6824952.0
1596153600,78.0647,78.8271,76.3854,77.4374,11726440.0
1596412800,79.2806,80.873,79.0008,79.657,10118570.0
1596499200,79.6667,79.6667,78.2384,78.8174,6888062.0
1596585600,79.2034,79.5895,78.3156,78.7885,6198438.0
1596672000,78.6147,79.5123,77.7655,78.2191,6924188.0
1596758400,77.9682,78.1901,77.2347,78.1901,6657998.0
1597017600,78.1805,78.3735,77.4953,78.084,5517577.0
1597104000,78.8946,79.0104,77.8137,78.084,7287065.0
1597190400,78.5279,80.0141,78.4989,79.7921,6962679.0
1597276800,79.2613,80.709,79.1487,80.6221,7113849.0
1597363200,80.4677,81.481,80.265,80.5642,7051978.0
1597622400,81.3363,82.2048,81.0757,81.7995,8362948.0
1597708800,81.9249,82.0408,80.8441,81.6065,6251773.0
1597795200,81.6065,82.7163,81.6065,82.0601,6580198.0
1597881600,81.8381,82.3303,81.4381,82.0601,6088218.0
1597968000,82.1276,82.2048,81.1818,82.0118,6574964.0
1598227200,82.2241,82.4847,81.5293,82.4364,7234978.0
1598313600,82.9093,83.276,82.2241,82.6874,9776744.0
1598400000,82.3303,82.6874,81.703,82.5522,7485169.0
1598486400,82.4654,83.1506,82.1083,82.8225,6168751.0
1598572800,82.8804,82.8804,81.9441,82.6584,5853145.0
1598832000,82.6101,82.9286,82.1662,82.2917,7566416.0
1598918400,82.3689,82.8032,80.9888,81.481,6486619.0
1599004800,81.5293,84.1639,81.3266,83.8937,11041570.0
1599091200,84.6271,84.7333,81.9732,82.504,12389020.0
1599177600,82.5619,83.8551,81.3112,82.2627,8931420.0
1599523200,82.9383,82.9383,80.101,80.4194,8679014.0
1599609600,80.8441,82.8225,80.7405,81.9153,8456456.0
1599696000,81.7705,81.9153,80.3712,80.6511,6591165.0
1599782400,80.9116,81.9153,80.8537,81.5293,6842757.0
1600041600,81.259,82.1228,80.8055,81.2204,8183210.0
1600128000,81.7705,82.1903,80.7283,81.2687,10330790.0
1600214400,81.5486,83.0879,81.5486,82.5812,9905007.0
1600300800,82.3978,82.7742,81.5003,82.6487,7719928.0
1600387200,82.5812,83.2857,81.9732,82.8128,11744660.0
1600646400,81.9539,82.3592,79.2227,80.2264,9967055.0
1600732800,80.1975,80.6511,79.3289,80.0431,7770238.0
1600819200,80.1878,80.8919,79.6956,79.7439,6761636.0
1600905600,79.2324,80.5642,78.9911,80.2457,7484953.0
1600992000,79.2806,80.3326,78.9429,80.0334,6614914.0
1601251200,80.294,80.7765,79.6763,79.8693,5843200.0
1601337600,79.7873,80.2457,78.8464,79.0394,6433703.0
1601424000,79.3868,80.4098,79.1552,80.0527,11062670.0
1601510400,80.2747,80.4291,78.4121,78.7885,8025113.0
1601596800,77.9778,78.885,77.64,77.9778,5014677.0
1601856000,78.3928,78.692,77.8041,78.4024,8403789.0
1601942400,78.2963,78.3059,76.7425,76.8487,9802689.0
1602028800,77.2926,77.5435,76.7329,77.2443,9394697.0
1602115200,77.5821,78.9767,77.3602,77.669,8794989.0
1602201600,78.055,78.2528,77.254,77.5532,5683662.0
1602460800,77.6979,77.9006,77.1189,77.5532,7897288.0
1602547200,77.4953,78.1033,77.2443,77.8909,8707834.0
1602633600,78.0261,78.1033,77.2733,77.6979,8747128.0
1602720000,77.0127,77.1458,76.0284,76.2986,8734836.0
1602806400,76.5302,77.4953,76.3468,77.0417,7541600.0
1603065600,77.3216,77.6786,75.5989,75.9222,8219894.0
1603152000,76.2117,76.2117,75.3528,75.5362,10634330.0
1603238400,75.5265,76.0959,75.3046,75.3432,9245995.0
1603324800,75.3721,76.675,75.3721,76.4433,5797777.0
1603411200,76.4916,77.8041,76.4916,77.0417,6974613.0
1603670400,76.5591,77.0127,75.5265,76.0863,8704988.0
1603756800,76.1731,77.4277,75.2659,75.2659,11680720.0
1603843200,74.436,75.015,73.3648,73.5192,8578153.0
1603929600,73.5095,73.9148,72.0619,73.2393,8887664.0
1604016000,72.7471,73.2393,71.3574,72.5831,10589120.0
1604275200,73.7797,74.1706,72.998,74.0307,7772711.0
1604361600,74.7641,75.4976,74.0789,74.2333,7341151.0
1604448000,77.1478,79.9948,76.7618,77.8041,14056690.0
1604534400,79.1938,80.0045,77.6304,77.6497,8852325.0
1604620800,76.675,78.3059,76.675,77.5532,6627470.0
1604880000,81.8188,82.1952,77.5435,77.6883,10671820.0
1604966400,78.9236,79.16,78.1805,78.277,8200334.0
1605052800,79.0104,79.0104,77.7751,78.2287,5478680.0
1605139200,77.7365,78.1708,76.2696,77.0706,7124692.0
1605225600,77.4374,78.9911,76.9355,78.2577,7343207.0
1605484800,78.3928,79.0297,76.9162,77.3795,9068171.0
1605571200,78.2287,79.0973,77.6014,78.6534,9073571.0
1605657600,78.5858,79.1069,77.4277,77.447,8280683.0
1605744000,77.9488,77.9488,76.5591,77.5821,6714806.0
1605830400,77.6593,77.9875,76.9452,77.64,8031403.0
1606089600,77.7944,78.3252,76.6074,77.476,9063500.0
1606176000,77.225,78.0647,76.8873,77.3409,12206440.0
1606262400,77.3409,77.6496,76.815,77.2636,5747728.0
1606435200,77.4953,77.862,76.7811,77.0706,5386008.0
1606694400,77.2057,77.7269,76.6364,77.5821,13837650.0
1606780800,78.1226,79.5798,77.9971,78.7016,9701506.0
1606867200,79.078,79.85,78.4507,78.9718,6837583.0
1606953600,79.078,79.1069,77.9971,78.6051,6760629.0
1607040000,78.3059,79.0973,78.277,79.078,8255332.0
1607299200,79.1938,80.5545,79.1841,79.6281,8424766.0
1607385600,79.4158,80.8151,79.3868,80.2747,8268076.0
1607472000,80.8923,80.9502,79.657,80.5545,6839992.0
1607558400,80.7379,81.0081,79.8307,80.0913,7012586.0
1607644800,79.9562,80.5063,79.6377,80.0624,7613715.0
1607904000,79.7439,80.1782,77.2443,77.5146,12537470.0
1607990400,77.6883,78.2094,77.2057,77.669,9626717.0
1608076800,77.476,77.9295,76.868,77.0417,9053075.0
1608163200,77.5821,77.7462,76.8969,77.032,11173680.0
1608249600,76.9259,77.3795,75.7099,76.7522,31642850.0
1608508800,76.0477,76.5591,75.0199,76.5205,10630520.0
1608595200,76.231,77.1961,75.5073,76.646,8641615.0
1608681600,76.8101,77.6207,76.7908,76.9741,5778679.0
1608768000,77.2057,77.6207,77.0803,77.3409,2822033.0
1609113600,77.833,78.3059,77.3312,77.64,4584159.0
1609200000,77.9778,78.7402,77.9392,78.5761,5446607.0
1609286400,78.8078,78.8753,77.7269,77.7751,5661572.0
1609372800,77.8234,79.078,77.5725,78.9429,5258719.0
1609718400,79.1359,79.2227,77.0899,78.1322,10021560.0
1609804800,77.8523,78.552,77.1189,78.2673,10454680.0
1609891200,77.7655,79.8471,77.5049,79.5026,10039530.0
1609977600,79.6667,81.4231,79.2034,81.0853,9969438.0
1610064000,81.4231,81.4231,79.6667,80.1299,9125149.0
1610323200,80.5835,82.6101,80.3422,82.0311,12871440.0
1610409600,82.1469,82.1662,79.6667,80.1878,9664704.0
1610496000,80.458,80.458,79.3482,79.464,9631524.0
1610582400,79.5412,79.9031,79.0201,79.2999,10845850.0
1610668800,78.9815,80.5835,78.7154,80.4677,9736212.0
1611014400,80.6511,80.9647,79.7728,80.2843,8079485.0
1611100800,80.3422,80.6317,79.3916,79.5798,10589560.0
1611187200,78.9525,79.4254,78.1322,78.3445,8631277.0
1611273600,78.0647,78.5858,77.9392,78.1515,9004702.0
1611532800,77.8909,78.3542,77.2684,78.3156,9501581.0
1611619200,78.3156,78.3156,77.3312,77.447,7393373.0
1611705600,77.0706,77.2733,74.1561,74.3781,15487020.0
1611792000,74.3877,75.7678,74.3781,75.1984,12377890.0
1611878400,75.2659,75.6327,73.7218,74.3781,10182720.0
1612137600,75.2659,75.5941,74.6387,74.658,7847914.0
1612224000,75.0729,76.1635,74.9861,75.0536,9414792.0
1612310400,74.9282,75.4204,74.4553,74.6194,9575218.0
1612396800,74.2816,74.3202,72.9015,73.3744,18003420.0
1612483200,73.7604,74.2912,72.7761,73.1524,13265130.0
1612742400,73.2007,73.5288,72.0523,72.419,15952830.0
1612828800,72.4769,72.5444,71.7627,72.419,12867000.0
1612915200,72.6892,72.7471,71.9365,72.2742,11184720.0
1613001600,72.197,72.4769,71.6373,72.1295,8378774.0
1613088000,72.1102,72.4865,71.9365,72.3804,6429473.0
1613433600,72.7375,72.7954,71.4587,71.6566,9288555.0
1613520000,71.8592,73.4034,71.7724,72.9015,13249700.0
1613606400,72.641,73.2296,72.419,72.7761,9552880.0
1613692800,72.805,72.8726,71.6662,71.7145,11820810.0
1613952000,71.8978,72.4383,71.1547,72.3128,8217998.0
1614038400,72.6603,73.3059,71.8592,71.9365,10401220.0
1614124800,72.1874,72.641,71.7917,71.9654,9388197.0
1614211200,71.6132,72.3804,71.4925,72.0137,10407380.0
1614297600,71.8399,72.1005,70.0063,70.0835,16836660.0
1614556800,70.6529,70.8266,69.6589,69.8519,12024860.0
1614643200,70.2958,70.9231,69.8712,70.3055,15312320.0
1614729600,70.2765,71.1518,69.8905,70.7398,13301490.0
1614816000,70.624,70.7591,69.2101,69.6492,15243450.0
1614902400,69.9774,70.8459,69.4948,70.5757,11680510.0
1615161600,71.7724,72.9208,70.8363,71.5794,14686380.0
1615248000,71.9558,72.8243,71.5408,71.5504,13540000.0
1615334400,72.1488,72.6024,71.5118,72.1488,12239760.0
1615420800,72.2742,72.7278,71.9847,72.0233,12600540.0
1615507200,71.4443,72.2742,71.4057,71.9944,10967460.0
1615766400,72.8629,73.8859,72.4576,73.5674,17182630.0
1615852800,73.4902,74.4746,73.4806,74.1272,14978940.0
1615939200,74.05,74.7931,73.3165,74.6001,16730810.0
1616025600,74.5614,75.459,74.5132,74.5711,13620350.0
1616112000,74.5518,75.5169,73.3671,74.8027,55558410.0
1616371200,73.1524,75.2756,72.9015,74.8027,10832900.0
1616457600,74.3974,74.6194,73.3744,73.606,11117560.0
1616544000,73.413,74.0017,73.2586,73.5771,8717012.0
1616630400,73.7508,73.9342,72.6796,73.413,10210790.0
1616716800,73.4902,74.7641,73.2008,74.6869,9913875.0
1616976000,74.6194,75.8016,74.4746,75.5651,10924190.0
1617062400,75.2756,75.3528,74.1079,74.2719,9659673.0
1617148800,74.407,74.9716,73.9631,74.3974,12975420.0
1617235200,74.4649,74.7496,74.132,74.3974,8703565.0
1617580800,74.8124,75.1887,74.0973,74.3105,9378045.0
1617667200,74.2237,74.2526,72.998,73.1428,12781170.0
1617753600,73.4227,73.7315,73.0704,73.4613,8559722.0
1617840000,73.4227,73.7315,72.6506,72.8533,11457980.0
1617926400,72.8726,73.7122,72.7905,73.6446,7802854.0
1618185600,73.7025,73.9245,73.3262,73.5578,9513983.0
1618272000,73.3165,74.0789,73.22,73.7604,8232240.0
1618358400,73.635,74.1036,73.3648,73.7315,8030134.0
1618444800,73.3937,74.629,73.3937,73.9824,13875690.0
1618531200,74.5518,75.0343,74.132,74.7641,11939690.0
1618790400,74.9861,75.0729,74.2816,74.9475,8145884.0
1618876800,74.9668,76.3758,74.9668,75.8257,10505110.0
1618963200,76.1731,76.7136,75.9222,76.4626,11276010.0
1619049600,76.2407,76.2986,74.851,75.237,12720330.0
1619136000,75.1405,75.4686,74.7496,75.1598,8205628.0
1619395200,75.1405,75.1887,74.6001,74.822,7475389.0
1619481600,74.711,75.2177,74.5228,74.658,8679155.0
1619568000,74.8992,75.2997,74.1754,74.3974,11095790.0
1619654400,72.8629,73.0945,70.3055,71.1065,29201070.0
1619740800,71.01,72.4576,70.9135,71.8978,17225330.0
1620000000,71.6662,73.3648,71.6276,73.3262,11968800.0
1620086400,73.4227,73.7944,72.887,73.3358,9941398.0
1620172800,73.442,75.015,73.0945,74.9861,12167090.0
1620259200,74.7352,75.1357,74.0065,75.0633,12282050.0
1620345600,75.2853,75.9125,75.1646,75.6713,11677010.0
1620604800,76.067,76.4144,75.43,75.4397,10438730.0
1620691200,75.1115,75.9077,74.4553,74.7545,11591970.0
1620777600,74.9957,75.7871,74.6001,75.2756,12766850.0
1620864000,75.1694,76.231,74.9233,75.9415,10335810.0
1620950400,76.2986,76.3854,75.4879,75.5555,7894197.0
1621209600,75.9222,77.3698,75.845,77.0803,11948350.0
1621296000,76.5688,77.0127,76.1345,76.6074,7579289.0
1621382400,76.1683,76.6267,75.2273,76.5881,8714507.0
1621468800,76.1731,77.1913,76.1442,76.8776,7008821.0
1621555200,77.1382,77.5339,76.3179,76.4144,10366390.0
1621814400,76.7522,76.868,76.2021,76.2696,8337703.0
1621900800,76.2407,76.4819,74.7545,74.7931,13675260.0
1621987200,74.8413,75.0488,74.2816,74.5325,9242847.0
1622073600,74.7931,74.8896,73.2296,73.2683,16865620.0
1622160000,73.3648,73.7315,73.1524,73.2393,13332930.0
1622505600,73.4034,73.4806,72.4093,72.5541,15075320.0
1622592000,72.6796,73.4323,72.641,73.22,11288610.0
1622678400,73.22,74.0,72.9,73.91,15974410.0
1622764800,74.2,74.48,73.9,74.11,12728540.0
1623024000,74.14,74.2,72.78,72.8,16794400.0
1623110400,72.95,73.17,72.075,72.4,13657660.0
1623196800,73.0,74.3,72.95,74.04,12258680.0
1623283200,75.23,76.47,74.74,76.14,17236720.0
1623369600,76.71,76.86,15.32,76.27,13928360.0
1623628800,75.74,75.8,74.88,75.45,7841406.0
1623715200,75.5,75.77,74.72,75.7,14185980.0
1623801600,76.22,77.55,76.19,76.61,17576910.0
1623888000,76.34,77.465,75.985,77.23,14233210.0
1623974400,76.74,77.22,76.155,76.61,19351900.0
1624233600,76.89,77.285,76.55,76.75,10880840.0
1624320000,76.59,76.74,76.01,76.19,10957480.0
1624406400,75.85,76.26,75.55,75.58,9539365.0
1624492800,75.73,76.635,75.73,76.36,8601896.0
1624579200,76.06,77.97,76.05,77.2,50285190.0
1624838400,77.25,77.74,76.79,76.86,8796211.0
1624924800,77.0,77.33,76.82,77.21,7696607.0
1625011200,77.4,78.09,77.23,77.77,13811940.0
1625097600,77.65,78.15,77.51,77.99,9211970.0
1625184000,78.04,78.77,77.76,78.6,7669229.0
1625529600,78.14,78.35,77.56,78.11,6720806.0
1625616000,78.41,78.61,78.13,78.56,8275127.0
1625702400,77.77,78.3,77.305,78.12,8400613.0
1625788800,78.42,78.69,77.94,77.99,6006523.0
1626048000,77.55,78.43,77.39,77.55,11087930.0
1626134400,77.4,77.77,77.24,77.61,6465847.0
1626220800,77.6,77.715,76.88,77.62,7163388.0
1626307200,77.62,78.04,77.21,77.9,7041312.0
1626393600,78.01,78.38,77.63,78.02,7638639.0
1626652800,77.81,78.3384,76.15,77.05,9830562.0
1626739200,77.19,78.13,75.9532,76.17,11627620.0
1626825600,76.32,76.46,75.64,76.39,7429319.0
1626912000,76.6,76.79,76.08,76.53,8708912.0
1626998400,76.8,77.675,76.73,77.54,6560761.0
1627257600,77.46,77.605,76.955,77.24,5071815.0
1627344000,77.17,78.125,76.74,77.85,8135978.0
1627430400,77.86,78.665,77.47,78.33,11037870.0
1627516800,77.55,77.92,76.81,76.93,11583020.0
1627603200,77.12,77.76,76.77,76.87,13004470.0
1627862400,76.93,77.26,76.14,76.18,9083431.0
1627948800,76.36,76.81,76.19,76.41,9952401.0
1628035200,76.49,76.49,75.46,75.48,10893440.0
1628121600,75.52,75.69,74.9314,75.59,8701587.0
1628208000,75.62,75.66,74.992,75.44,8670676.0
1628467200,75.85,76.22,75.0,75.32,7866983.0
1628553600,75.15,75.36,74.815,75.19,11243130.0
1628640000,75.58,75.765,75.135,75.21,6952193.0
1628726400,75.12,76.06,75.06,76.04,6078793.0
1628812800,76.36,76.77,76.22,76.72,6810408.0
1629072000,76.73,78.01,76.635,77.93,9372238.0
1629158400,77.9,79.06,77.83,78.83,10311640.0
1629244800,78.88,79.07,77.745,77.79,7459063.0
1629331200,77.71,79.14,77.71,78.46,8865607.0
1629417600,78.53,79.2,78.22,78.68,6284199.0
1629676800,79.11,79.23,78.34,78.38,6492550.0
1629763200,78.27,78.27,77.54,77.72,8698105.0
1629849600,77.81,77.81,76.4,77.07,7045832.0
1629936000,77.11,77.32,76.505,76.57,6640397.0
1630022400,76.81,76.97,76.165,76.3,6010006.0
1630281600,76.3,76.84,76.21,76.5,7339727.0
1630368000,76.79,77.1,76.03,76.29,10949500.0
1630454400,76.22,76.8,75.835,76.18,9187160.0
1630540800,76.48,77.14,76.17,77.12,6560377.0
1630627200,77.26,77.38,76.695,77.26,6630368.0
1630972800,76.59,76.87,75.17,75.98,13981150.0
1631059200,75.97,75.97,74.8,75.36,8243029.0
1631145600,75.19,75.19,73.6,73.82,14628700.0
1631232000,73.98,74.21,73.12,73.45,11084530.0
1631491200,73.77,73.83,72.865,73.18,11245230.0
1631577600,73.05,73.14,72.06,72.11,15202820.0
1631664000,72.075,73.15,71.88,72.81,12555910.0
1631750400,73.02,73.02,71.69,71.97,14818920.0
1631836800,71.19,72.0,70.89,71.68,43419640.0
1632096000,71.16,72.615,71.12,71.93,15989370.0
1632182400,72.48,72.68,71.77,71.97,11995900.0
1632268800,72.33,72.4106,71.86,72.04,9028738.0
1632355200,72.68,74.04,72.57,73.05,12813490.0
1632441600,73.59,74.63,73.35,73.61,14714660.0
1632700800,73.51,74.2661,73.34,73.36,8630563.0
1632787200,73.55,73.82,72.66,73.32,11836180.0
1632873600,73.61,75.7,73.575,75.09,16054520.0
1632960000,75.58,76.65,75.1,75.11,16251260.0
1633046400,81.56,84.34,80.63,81.4,102497300.0
1633305600,84.17,84.56,82.42,83.1,53553290.0
1633392000,82.78,83.39,81.3,81.6,28977810.0
1633478400,81.5,81.68,80.15,80.66,17607980.0
1633564800,81.54,82.6699,81.03,81.94,14190490.0
1633651200,81.67,81.8,80.525,80.63,12121050.0
1633910400,81.635,81.635,79.87,79.93,11279700.0
1633996800,80.18,80.18,79.245,79.59,10945000.0
1634083200,79.59,79.6605,78.78,78.95,9466859.0
1634169600,78.97,79.67,77.98,78.33,14607940.0
1634256000,78.2,79.06,77.98,78.33,12866850.0
1634515200,78.74,78.74,77.11,77.15,13075460.0
1634601600,78.73,79.52,78.11,79.49,15577150.0
1634688000,79.32,81.25,79.31,81.07,11465510.0
1634774400,81.11,81.261,80.28,81.17,9893617.0
1634860800,81.15,81.48,80.88,81.15,7543598.0
1635120000,81.03,81.725,79.95,81.66,9365857.0
1635206400,81.9,82.36,81.71,82.25,9352548.0
1635292800,82.48,82.48,81.3,81.54,8465377.0
1635379200,83.38,86.855,83.165,86.55,28854690.0
1635465600,86.485,88.46,86.17,88.05,18678600.0
1635724800,88.05,88.63,87.29,87.84,10943920.0
1635811200,88.225,90.42,87.4842,89.02,14671450.0
1635897600,88.77,89.4198,88.209,88.68,10883910.0
1635984000,90.37,91.4,89.27,90.54,19519780.0
1636070400,82.29,84.0,81.35,81.61,37623910.0
1636329600,80.41,82.88,79.881,82.68,18655690.0
1636416000,83.62,83.71,81.91,82.72,10512010.0
1636502400,83.31,84.02,82.7,84.01,9855932.0
1636588800,83.92,84.26,83.53,84.02,5761473.0
1636675200,83.84,84.195,83.0526,84.0,8206735.0
1636934400,84.15,84.18,83.4038,83.69,7108225.0
1637020800,83.67,84.69,83.248,84.11,10565240.0
1637107200,84.37,84.67,82.59,82.6,10286330.0
1637193600,82.3,83.135,82.02,83.05,9834838.0
1637280000,82.37,82.75,80.62,80.7,17584800.0
1637539200,81.0,82.07,80.54,81.64,10884130.0
1637625600,81.49,83.59,81.34,82.8,12131940.0
1637712000,82.8,82.9,81.96,82.28,8537014.0
1637884800,78.73,79.93,77.11,79.16,18022030.0
1638144000,76.42,77.5,74.0,74.89,34192410.0
1638230400,74.75,75.03,73.84,74.91,30179890.0
1638316800,75.53,76.91,74.39,74.44,21442240.0
1638403200,74.38,74.775,73.3,73.89,15345280.0
1638489600,74.09,74.25,72.66,73.34,14508930.0
1638748800,73.3,73.85,72.8,73.42,13506810.0
1638835200,72.03,72.72,71.5,72.28,17635100.0
1638921600,72.54,73.4076,72.08,73.21,14331440.0
1639008000,73.44,73.56,72.69,72.86,11937970.0
1639094400,73.12,73.23,72.25,72.62,11398780.0
1639353600,72.37,73.45,71.97,73.42,17486080.0
1639440000,72.36,74.04,72.16,73.72,18949700.0
1639526400,73.71,75.385,73.71,75.29,14263450.0
1639612800,75.5,76.53,75.27,75.91,16601710.0
1639699200,76.56,77.74,75.5,75.69,28134450.0
1639958400,75.7,76.5,74.95,76.41,11818760.0
1640044800,76.25,76.28,74.885,75.54,14947810.0
1640131200,75.44,76.5597,75.13,76.16,9256013.0
1640217600,76.3,76.3,75.35,75.73,9894892.0
1640563200,76.0,76.605,75.77,76.57,6335928.0
1640649600,76.68,77.14,76.212,76.81,5731591.0
1640736000,76.8,77.175,76.47,76.95,5926117.0
1640822400,77.12,77.61,76.97,77.14,5859102.0
1640908800,77.14,77.55,76.62,76.64,6019496.0
1641168000,76.58,76.94,75.35,76.87,9443499.0
1641254400,76.4,77.27,75.8894,77.01,11981660.0
1641340800,77.26,79.81,77.26,78.88,17447910.0
1641427200,78.79,79.58,77.95,78.83,11359160.0
1641513600,78.86,80.53,78.46,80.3,15211970.0
1641772800,80.54,82.45,79.67,82.37,19636810.0
1641859200,82.42,82.56,80.65,81.67,11585110.0
1641945600,81.08,81.42,80.67,81.2,13056970.0
1642032000,80.93,81.72,80.33,81.32,9678145.0
1642118400,81.6,81.8521,80.765,81.38,9478020.0
1642464000,81.1,82.16,80.805,81.54,14494400.0
1642550400,80.98,81.98,80.4801,81.29,11448180.0
1642636800,80.73,81.86,80.52,80.75,12069580.0
1642723200,81.27,81.52,79.24,79.98,18461740.0
1642982400,79.77,80.11,76.65,78.83,17293350.0
1643068800,78.42,79.775,77.775,79.46,13662390.0
1643155200,79.39,80.34,78.73,79.14,13046600.0
1643241600,78.42,81.595,78.42,80.58,20189660.0
1643328000,79.54,80.99,79.18,80.9,13915290.0
1643587200,81.02,81.72,80.8,81.48,13034990.0
1643673600,81.96,82.115,81.075,81.92,10803330.0
1643760000,81.795,82.295,81.26,82.01,13988210.0
1643846400,81.65,81.8,78.4,79.01,19181350.0
1643932800,78.51,79.55,78.2,78.56,10716240.0
1644192000,78.79,78.92,77.44,77.58,23615280.0
1644278400,77.1,77.33,75.82,76.91,17486480.0
1644364800,77.17,77.33,76.41,76.53,15183110.0
1644451200,76.36,76.77,75.93,76.56,12437550.0
1644537600,76.4,77.8997,76.17,76.64,9342303.0
1644796800,76.63,76.7,75.11,76.47,9881111.0
1644883200,77.51,78.19,77.32,77.81,11426140.0
1644969600,77.2,77.795,76.9345,77.22,9981458.0
1645056000,76.85,76.93,76.0,76.36,8889342.0
1645142400,76.32,76.86,75.89,76.37,8780451.0
1645488000,76.46,76.86,75.61,75.95,9052499.0
1645574400,76.19,76.44,75.62,75.84,9659085.0
1645660800,75.1,75.32,72.875,73.51,21135640.0
1645747200,74.2,77.29,74.17,76.32,13665850.0
1646006400,75.83,76.76,74.78,76.58,14126140.0
1646092800,76.5,77.76,75.95,76.34,9807533.0
1646179200,76.31,77.22,76.06,76.67,9697506.0
1646265600,76.77,77.54,76.405,77.15,8191074.0
1646352000,76.68,77.86,76.02,77.83,12217430.0
1646611200,77.01,78.29,76.08,77.73,14008420.0
1646697600,77.25,78.09,76.56,76.95,10184060.0
1646784000,77.62,78.225,77.05,77.79,9745966.0
1646870400,77.63,78.2,77.335,77.89,8972190.0
1646956800,78.32,79.625,78.2,78.26,9424532.0
1647216000,77.9,78.6077,77.31,77.78,10085370.0
1647302400,77.68,79.005,77.4,78.64,11403010.0
1647388800,78.96,79.11,77.65,78.12,10943960.0
1647475200,78.15,79.37,78.0593,78.94,10279400.0
1647561600,79.18,79.735,78.63,79.11,21064810.0
1647820800,79.67,80.45,78.91,79.06,10478270.0
1647907200,79.27,79.78,78.765,79.3,10016780.0
1647993600,79.3,80.58,79.23,79.73,8470362.0
1648080000,80.04,80.6694,79.72,80.41,7605002.0
1648166400,80.59,81.38,80.45,81.34,7126077.0
1648425600,81.37,81.665,80.73,81.21,7071913.0
1648512000,81.66,81.76,80.74,81.57,7398712.0
1648598400,81.84,82.7,81.665,82.4,9326610.0
1648684800,82.9,83.375,81.94,82.05,12466820.0
1648771200,82.19,83.58,81.64,83.52,10086740.0
1649030400,83.5,83.89,82.73,83.49,9040033.0
1649116800,83.66,85.43,83.51,83.72,12040940.0
1649203200,84.36,85.555,84.12,84.97,13924320.0
1649289600,85.75,87.11,84.96,86.8,13104250.0
1649376000,86.64,87.835,86.26,87.68,11409270.0
1649635200,88.32,89.48,86.18,86.63,14380990.0
1649721600,86.0,86.545,85.22,85.63,12542960.0
1649808000,85.8,86.24,84.83,86.13,12743810.0
1649894400,86.13,87.51,85.41,86.91,22096120.0
1650240000,86.42,87.4502,85.68,86.07,7995077.0
1650326400,85.97,86.09,85.12,85.79,8494733.0
1650412800,85.52,86.82,85.48,86.46,8719368.0
1650499200,86.41,87.225,85.39,86.23,8562645.0
1650585600,85.86,86.14,84.5,84.59,7913957.0
1650844800,84.59,85.81,83.53,85.44,10573430.0
1650931200,85.76,86.195,84.39,84.48,9009648.0
1651017600,84.3,85.13,83.6,84.41,10781320.0
1651104000,85.75,89.365,85.0,88.58,21097860.0
1651190400,88.66,90.01,88.085,88.69,15914160.0
1651449600,88.72,88.84,86.63,87.65,12124950.0
1651536000,86.99,88.24,86.43,87.1,8425755.0
1651622400,86.57,88.77,86.36,88.52,10763480.0
1651708800,88.42,88.66,87.03,88.01,9548286.0
1651795200,87.74,88.92,87.4809,88.39,12227370.0
1652054400,87.5,88.06,86.91,87.64,11901500.0
1652140800,88.12,89.29,87.27,87.81,12370800.0
1652227200,87.42,90.81,87.42,89.19,16338580.0
1652313600,89.85,90.85,88.36,90.83,14210200.0
1652400000,90.7,91.05,89.2639,90.41,10308070.0
1652659200,90.79,92.87,90.68,92.32,13999040.0
1652745600,92.31,94.56,91.51,93.0,17582780.0
1652832000,92.56,93.16,91.77,92.1,12717630.0
1652918400,91.25,92.61,90.88,92.09,11121550.0
1653004800,92.45,94.08,92.45,93.55,11757110.0
1653264000,93.59,94.92,93.4,93.83,9067012.0
1653350400,94.25,94.8,93.565,94.64,9020989.0
1653436800,94.36,94.755,93.14,93.75,11177680.0
1653523200,94.24,94.25,91.0,92.31,17249480.0
1653609600,92.28,93.11,91.75,93.08,9801988.0
1653955200,91.91,92.62,90.87,92.03,22860770.0
1654041600,91.67,91.93,90.04,91.14,10492640.0
1654128000,91.13,91.14,88.74,90.0,11066230.0
1654214400,89.74,90.68,89.68,89.91,7051596.0
1654473600,90.17,90.655,89.69,89.84,8336893.0
1654560000,90.15,90.82,89.58,90.48,10243290.0
1654646400,90.58,90.645,89.265,89.48,10266160.0
1654732800,89.25,89.785,87.92,88.0,7381312.0
1654819200,87.17,88.04,86.71,87.18,8862136.0
1655078400,85.71,86.51,84.63,85.0,12016130.0
1655164800,84.77,85.04,83.87,84.5,11226990.0
1655251200,84.56,85.365,83.75,84.63,11357090.0
1655337600,83.77,85.19,83.05,84.89,12925200.0
1655424000,84.64,85.76,83.39,84.62,32989060.0
1655769600,86.05,88.36,85.27,88.03,11778630.0
1655856000,88.04,90.34,88.03,89.16,11937860.0
1655942400,90.0,92.15,89.56,92.0,14718410.0
1656028800,93.25,93.79,91.7,93.13,25248420.0
1656288000,93.2,95.72,93.05,94.41,11949010.0
1656374400,94.11,94.33,91.47,91.89,13524020.0
1656460800,92.31,92.98,91.8875,92.51,8657054.0
1656547200,91.65,92.9,90.91,91.17,18551430.0
1656633600,91.3,92.49,90.385,92.42,11413770.0
1656979200,92.44,92.95,90.53,92.64,9576118.0
1657065600,93.31,94.5099,92.7,93.13,10455340.0
1657152000,92.94,93.95,92.55,93.01,8140093.0
1657238400,92.91,93.815,92.41,92.78,7161691.0
1657497600,92.88,94.78,92.83,94.3,9508992.0
1657584000,93.78,94.24,93.14,93.6,7826543.0
1657670400,93.59,94.3599,93.02,93.77,6415637.0
1657756800,92.55,94.055,92.06,93.88,6270976.0
1657843200,94.85,95.35,94.37,94.96,9731879.0
1658102400,94.9,95.1,91.92,92.34,8653654.0
1658188800,93.15,93.39,92.12,92.36,8233636.0
1658275200,92.36,92.425,89.22,89.65,11844020.0
1658361600,89.15,90.41,88.91,90.14,8197208.0
1658448000,90.11,90.45,89.455,90.11,6354709.0
1658707200,90.2,90.729,89.75,90.53,6364514.0
1658793600,91.4,91.95,90.6,91.29,6414143.0
1658880000,90.5,91.37,90.01,91.23,6966277.0
1658966400,91.04,91.13,87.42,89.94,13909820.0
1659052800,90.075,91.08,88.28,89.34,14938570.0
1659312000,89.34,90.015,88.35,88.53,7343370.0
1659398400,89.06,89.59,87.55,87.61,7442984.0
1659484800,87.25,88.015,86.76,87.62,8187599.0
1659571200,87.81,87.89,86.64,86.82,7993784.0
1659657600,86.53,87.53,86.02,87.41,8801196.0
1659916800,87.3,88.7798,86.92,88.49,8151171.0
1660003200,88.75,90.2434,86.81,89.52,13215460.0
1660089600,90.03,90.13,88.185,89.19,8140239.0
1660176000,87.81,89.8165,87.36,88.93,7396827.0
1660262400,88.99,91.03,88.95,91.02,12317660.0
1660521600,90.825,90.84,89.89,90.6,6339835.0
1660608000,89.96,90.9,89.87,90.59,5661371.0
1660694400,90.34,91.89,90.3,91.04,6485998.0
1660780800,91.5,91.835,90.53,91.4,6111608.0
1660867200,91.55,93.02,91.53,92.08,8828912.0
1661126400,91.805,92.22,91.01,91.16,6652090.0
1661212800,90.88,90.99,89.715,90.2,5209038.0
1661299200,90.2,90.32,89.5431,90.01,5553318.0
1661385600,90.505,90.505,89.07,90.27,5884260.0
1661472000,90.28,90.74,89.09,89.26,5695502.0
1661731200,88.83,89.0,87.56,87.59,7850226.0
1661817600,87.47,87.5651,86.58,86.88,6753997.0
1661904000,87.04,87.13,85.16,85.36,11601970.0
1661990400,85.64,87.46,85.36,87.15,7528627.0
1662076800,87.24,87.775,85.875,86.23,6997519.0
1662422400,86.58,87.27,86.16,86.42,8244266.0
1662508800,86.56,87.0,85.07,86.87,6121660.0
1662595200,86.5,87.45,86.13,87.42,8109379.0
1662681600,87.59,88.17,87.27,87.34,7481322.0
1662940800,88.13,89.165,87.82,88.16,6351490.0
1663027200,87.32,87.605,86.11,86.28,7650025.0
1663113600,87.0,87.64,86.38,86.95,9418733.0
1663200000,87.15,87.43,86.2,86.75,8006837.0
1663286400,86.6,87.8702,86.4,87.72,14842460.0
1663545600,86.85,86.94,85.64,86.64,7748617.0
1663632000,86.07,86.45,85.59,86.0,5454784.0
1663718400,86.25,86.495,84.52,84.53,7190830.0
1663804800,84.55,88.15,84.55,87.51,12329690.0
1663891200,87.4,88.01,86.09,86.78,9038536.0
1664150400,86.12,86.71,85.29,86.18,8841196.0
1664236800,86.82,87.63,85.67,85.84,6532113.0
1664323200,86.99,87.25,86.2,86.78,6840088.0
1664409600,87.0,87.42,86.23,86.64,6601358.0
1664496000,87.25,87.62,86.1,86.12,9035613.0
1664755200,86.72,87.9,86.02,87.55,9187014.0
1664841600,87.54,88.65,87.0,88.39,7372977.0
1664928000,88.58,88.78,88.02,88.39,6065661.0
1665014400,87.76,88.01,87.23,87.44,8055542.0
1665100800,87.88,88.3,87.115,87.6,8837393.0
1665360000,89.93,91.5857,89.71,90.48,14485000.0
1665446400,90.43,91.98,90.2,91.05,9743682.0
1665532800,91.25,91.72,90.365,90.42,8522211.0
1665619200,89.5,92.72,89.27,92.49,9382759.0
1665705600,92.27,93.36,91.74,92.18,9847759.0
1665964800,92.84,94.37,92.45,94.12,12139900.0
1666051200,94.42,95.32,94.02,94.61,9530386.0
1666137600,94.91,94.91,93.1,93.26,8546296.0
1666224000,93.2,93.4,92.36,92.94,7626055.0
1666310400,92.84,95.96,92.64,95.67,10297180.0
1666569600,96.45,98.42,96.27,97.37,11414860.0
1666656000,96.86,98.29,96.35,97.71,8747864.0
1666742400,98.29,99.275,98.0,98.41,10376410.0
1666828800,99.84,101.5,99.5,99.74,12218410.0
1666915200,100.24,101.14,98.55,100.77,11227980.0
1667174400,99.95,101.355,99.31,101.2,11043810.0
1667260800,100.65,101.07,98.945,99.76,11079290.0
1667347200,99.65,101.03,98.98,99.4,9506519.0
1667433600,99.0,99.24,98.0,98.75,9912669.0
1667520000,99.0,99.375,97.96,99.2,8877566.0
1667779200,98.5,100.36,97.67,100.07,8644727.0
1667865600,100.07,101.97,99.53,101.5,8503869.0
1667952000,101.3,103.76,101.28,101.59,10602860.0
1668038400,102.7,102.81,100.6,101.89,9555950.0
1668124800,100.53,100.81,97.33,97.96,13342840.0
1668384000,98.7,101.69,98.7,100.35,8958225.0
1668470400,100.4,100.74,98.71,99.6,7965873.0
1668556800,99.58,100.8,99.49,99.93,8757702.0
1668643200,100.41,102.35,100.27,102.31,8501262.0
1668729600,102.63,104.6,102.63,104.23,11626270.0
1668988800,105.0,105.87,104.23,105.61,8899302.0
1669075200,106.125,107.1,106.05,106.9,8296027.0
1669161600,106.75,107.3,106.3003,106.82,5750005.0
1669334400,106.56,107.5,106.56,107.5,3163683.0
1669593600,107.125,108.9,107.125,108.45,9525703.0
1669680000,108.0,109.06,107.55,108.84,9352617.0
1669766400,108.7,110.33,107.63,110.12,20305780.0
1669852800,109.75,110.98,108.77,109.8,10110640.0
1669939200,109.0,110.09,108.71,110.04,6943575.0
1670198400,109.81,110.23,109.21,110.01,6961938.0
1670284800,110.36,110.76,108.42,108.93,7458708.0
1670371200,109.15,110.71,109.0,110.09,8270442.0
1670457600,110.28,111.02,110.12,110.85,7354829.0
1670544000,110.98,111.37,108.745,108.78,9667825.0
1670803200,107.93,109.1,107.32,108.97,10956630.0
1670889600,111.26,111.26,109.0,110.91,15836860.0
1670976000,110.52,112.17,110.04,111.55,10788330.0
1671062400,110.24,110.7735,109.2278,109.63,9871439.0
1671148800,109.24,109.7,108.27,109.2,29466110.0
1671408000,109.19,110.1,108.77,109.44,6949497.0
1671494400,109.94,110.66,109.16,109.71,8022008.0
1671580800,110.095,111.19,109.5379,111.11,6640940.0
1671667200,110.9,111.685,110.205,111.24,8374396.0
1671753600,111.25,112.13,110.87,111.86,4547396.0
1672099200,112.41,112.59,111.53,112.12,5125848.0
1672185600,112.89,112.89,111.06,111.08,5107810.0
1672272000,111.39,111.7,110.75,110.82,4467319.0
1672358400,111.23,111.42,110.12,110.95,5498607.0
1672704000,110.41,111.2,109.49,111.14,8062576.0
1672790400,112.32,112.61,111.24,112.08,8698604.0
1672876800,111.59,113.91,111.4198,113.64,9578885.0
1672963200,114.32,115.49,114.05,114.84,8632267.0
1673222400,114.88,114.93,109.935,110.38,12858770.0
1673308800,110.56,112.01,109.88,110.81,12122830.0
1673395200,109.34,111.31,108.75,111.07,8626549.0
1673481600,110.915,112.1,110.03,111.77,8914774.0
1673568000,111.2,112.44,110.95,112.25,5757914.0
1673913600,112.03,112.49,110.32,110.45,10241100.0
1674000000,109.92,110.1014,108.58,108.79,8799536.0
1674086400,108.44,110.18,108.1,109.9,6772883.0
1674172800,109.38,109.99,108.65,109.94,9216530.0
1674432000,109.93,110.36,109.17,109.88,8998829.0
1674518400,110.0,110.0,96.36,108.52,7424168.0
1674604800,108.71,109.93,108.325,108.59,6167973.0
1674691200,108.53,108.55,105.82,106.87,9672675.0
1674777600,106.21,106.68,105.11,105.38,7784913.0
1675036800,105.57,106.5,105.5,106.09,6476627.0
1675123200,106.1,107.44,105.9,107.41,7938881.0
1675209600,106.97,107.4262,106.08,106.98,10103250.0
1675296000,104.02,105.81,101.75,103.46,16229880.0
1675382400,103.22,103.79,102.48,102.94,11210820.0
1675641600,103.43,104.62,102.84,104.03,9054519.0
1675728000,103.7,105.93,103.56,105.68,7904862.0
1675814400,105.81,107.515,105.32,106.64,8596312.0
1675900800,106.86,107.84,106.54,106.72,7976951.0
1675987200,106.97,108.765,106.865,108.57,7609649.0
1676246400,108.705,109.57,108.35,109.55,7383109.0
1676332800,109.95,110.0,108.19,108.74,6983936.0
1676419200,108.53,108.79,107.56,107.68,6418118.0
1676505600,106.82,107.46,106.23,106.51,5959497.0
1676592000,106.33,109.54,105.52,109.52,9474620.0
1676937600,108.9,109.88,108.63,109.07,6741476.0
1677024000,110.21,110.32,108.92,109.16,7213905.0
1677110400,109.26,111.2432,109.1,110.59,6922790.0
1677196800,110.09,110.325,108.885,109.89,5787857.0
1677456000,110.03,110.13,108.52,109.36,5654820.0
1677542400,108.825,108.835,106.16,106.24,10209910.0
1677628800,105.96,107.55,105.96,106.65,6099042.0
1677715200,106.625,107.37,106.1,107.01,5097741.0
1677801600,107.375,107.39,106.1295,106.88,6124326.0
1678060800,107.66,111.24,107.45,111.1,17776590.0
1678147200,111.77,112.18,110.715,111.27,13805310.0
1678233600,110.93,111.28,107.59,108.28,8440829.0
1678320000,109.3,109.9,107.11,107.6,5842822.0
1678406400,107.44,110.72,107.34,107.69,9738504.0
1678665600,104.47,108.84,104.4,105.73,10687100.0
1678752000,105.45,107.13,104.52,106.97,9806917.0
1678838400,106.48,108.03,105.57,107.63,10942660.0
1678924800,106.5,107.705,104.225,107.34,9442519.0
1679011200,107.15,107.31,103.485,104.1,26402080.0
1679270400,104.82,106.91,104.82,105.85,12865870.0
1679356800,106.0,106.425,104.76,105.54,11571760.0
1679443200,105.47,106.0012,104.39,104.4,5705811.0
1679529600,104.1,104.63,103.46,104.23,6801669.0
1679616000,104.09,105.01,102.44,104.8,6661846.0
1679875200,106.08,107.61,105.99,106.93,7563141.0
1679961600,106.61,107.03,105.435,105.53,6679667.0
1680048000,105.62,105.87,104.53,104.92,6310152.0
1680134400,105.12,106.2,104.54,105.92,5017385.0
1680220800,106.23,106.53,105.52,106.39,7184258.0
1680480000,105.95,109.48,105.57,108.87,6964147.0
1680566400,108.7,109.34,108.155,108.83,6108276.0
1680652800,109.91,112.34,109.58,111.91,8006050.0
1680739200,113.0,114.165,111.64,112.33,6894455.0
1681084800,112.955,113.0916,111.174,112.61,6446468.0
1681171200,112.72,113.31,112.32,112.49,5639881.0
1681257600,112.25,114.31,111.875,113.75,6136747.0
1681344000,114.97,115.82,113.65,115.58,7332285.0
1681430400,115.74,116.1703,114.66,115.31,5005131.0
1681689600,115.69,116.445,114.2,115.01,6575517.0
1681776000,114.48,115.12,113.73,114.83,5454462.0
1681862400,114.49,115.39,114.01,114.13,4683360.0
1681948800,114.18,114.52,113.0,114.17,4657866.0
1682035200,114.87,115.65,114.59,115.37,6554577.0
1682294400,115.635,116.28,114.77,115.94,4299113.0
1682380800,116.215,116.86,115.91,116.53,5662787.0
1682467200,115.2,115.2,112.72,113.43,6607877.0
1682553600,114.6,115.36,110.655,115.16,9975174.0
1682640000,114.36,115.53,113.46,115.47,8050414.0
1682899200,115.8,116.6,115.27,116.34,5238899.0
1682985600,116.67,118.39,115.81,117.89,8175623.0
1683072000,118.35,119.65,117.93,118.22,6738610.0
1683158400,118.0,118.0,116.49,117.37,6490177.0
1683244800,117.38,117.89,116.56,117.68,4534249.0
1683504000,117.08,118.44,116.4398,118.38,5157265.0
1683590400,118.25,118.625,117.34,117.43,4933333.0
1683676800,117.41,118.17,116.42,117.9,5605474.0
1683763200,117.58,117.786,116.382,117.55,5596774.0
1683849600,118.0,118.55,116.695,117.14,5233088.0
1684108800,117.14,117.74,115.49,116.37,5697236.0
1684195200,115.88,116.76,115.29,116.08,4278281.0
1684281600,116.37,116.655,113.48,114.76,7210383.0
1684368000,114.14,115.07,113.33,114.0,6437144.0
1684454400,114.33,116.24,114.1,115.49,7647080.0
1684713600,115.48,117.08,114.33,114.49,5607422.0
1684800000,113.97,114.79,113.05,113.27,7733023.0
1684886400,114.11,114.32,112.55,113.6,4509534.0
1684972800,113.5,113.5,111.09,112.3,7037608.0
1685059200,112.0,113.19,110.6501,111.07,6378339.0
1685404800,110.13,110.71,108.97,109.17,7768105.0
1685491200,108.47,111.15,108.47,110.41,14563540.0
1685577600,110.66,111.59,109.88,110.93,6960063.0
1685664000,111.11,112.73,110.72,112.52,5792792.0
1685923200,113.0,114.48,112.91,113.11,5185464.0
1686009600,113.55,113.72,109.28,110.01,6960217.0
1686096000,109.63,109.674,106.87,108.61,12420450.0
1686182400,108.31,111.07,108.0,110.32,8354102.0
1686268800,110.185,111.51,109.02,110.71,6522058.0
1686528000,110.19,110.99,108.6,109.86,7468602.0
1686614400,108.59,110.64,108.05,109.99,7304236.0
1686700800,109.72,109.93,108.35,108.66,6137498.0
1686787200,108.4,109.9,108.34,109.4,7305677.0
1686873600,109.5,110.455,109.06,109.32,15844490.0
1687219200,109.08,110.86,109.025,110.23,7744533.0
1687305600,110.11,111.52,109.52,111.16,6854766.0
1687392000,111.6,113.84,111.6,113.72,7884931.0
1687478400,114.16,114.91,113.02,114.6,16407860.0
1687737600,114.44,114.6,111.78,113.08,7685064.0
1687824000,112.83,113.71,111.87,113.32,7093955.0
1687910400,113.45,113.57,111.435,112.44,8173944.0
1687996800,112.25,113.88,111.805,113.54,6281901.0
1688083200,113.785,115.61,113.43,115.39,8090648.0
1688342400,114.47,114.62,113.53,114.33,2834639.0
1688515200,114.04,114.43,113.42,113.7,5861763.0
1688601600,112.9,113.44,111.71,111.75,7257797.0
1688688000,111.07,111.5,108.76,109.0,11316600.0
1688947200,109.14,110.6,109.1,109.96,5949179.0
1689033600,109.48,110.02,108.25,108.7,6084941.0
1689120000,108.37,109.05,107.185,107.47,8376714.0
1689206400,107.33,107.91,106.26,106.32,9764428.0
1689292800,106.26,107.68,106.26,107.34,7209939.0
1689552000,107.04,107.44,105.29,105.57,7376876.0
1689638400,105.88,107.025,105.345,105.95,7499104.0
1689724800,106.155,107.38,105.91,105.95,6608597.0
1689811200,106.55,108.95,106.06,108.46,8073043.0
1689897600,108.73,110.615,108.38,110.39,8193967.0
1690156800,109.99,110.34,108.5,108.79,6045523.0
1690243200,107.64,108.72,107.32,107.53,6498699.0
1690329600,106.8,108.005,106.06,107.14,7042702.0
1690416000,107.24,107.62,105.17,105.27,9813268.0
1690502400,105.43,106.65,105.24,106.34,6904144.0
1690761600,106.55,106.77,105.67,106.65,7400965.0
1690848000,109.6,109.6,105.14,105.28,10012170.0
1690934400,106.03,108.14,104.88,105.7,10875380.0
1691020800,105.08,105.78,104.874,105.73,6039386.0
1691107200,105.64,106.42,104.51,105.0,6701060.0
1691366400,105.29,106.28,104.42,106.09,8259212.0
1691452800,105.69,107.19,105.69,106.41,10152160.0
1691539200,106.27,106.79,105.79,106.1,6479562.0
1691625600,106.21,107.04,105.42,105.57,6525745.0
1691712000,105.95,107.705,105.59,107.44,5904518.0
1691971200,107.92,109.43,107.31,108.91,8427260.0
1692057600,108.89,109.42,108.42,108.66,5118737.0
1692144000,108.5,109.47,108.28,108.73,5332948.0
1692230400,108.655,110.28,108.32,108.92,6457951.0
1692316800,108.97,109.5,108.21,109.2,6711426.0
1692576000,109.09,110.0,108.945,109.64,6012683.0
1692662400,109.6,109.6,107.2,107.23,6026068.0
1692748800,109.99,111.89,109.82,111.3,10588370.0
1692835200,110.95,112.02,109.09,109.45,6487808.0
1692921600,109.94,110.33,108.98,110.21,4839050.0
1693180800,110.23,110.61,108.65,108.93,4335768.0
1693267200,109.28,110.52,108.93,109.99,5673320.0
1693353600,110.3,110.795,109.72,110.21,4785070.0
1693440000,110.12,110.54,108.89,108.98,9212051.0
1693526400,109.65,110.37,109.25,109.84,4941343.0
1693872000,109.46,109.72,107.49,107.51,6379919.0
1693958400,106.76,107.0,104.9201,106.49,7926130.0
1694044800,106.91,108.69,106.86,107.94,8532636.0
1694131200,107.54,109.14,107.54,109.05,6807513.0
1694390400,109.325,109.44,108.34,108.6,5069348.0
1694476800,108.42,109.48,107.55,109.02,4605423.0
1694563200,108.98,109.67,107.67,107.81,6761746.0
1694649600,107.69,108.51,106.955,108.24,6872401.0
1694736000,108.12,108.925,107.26,107.52,9638992.0
1694995200,107.77,107.94,106.85,107.82,3911543.0
1695081600,107.65,108.1799,106.91,107.36,5818324.0
1695168000,108.21,108.4,107.25,107.31,4594165.0
1695254400,107.27,107.88,106.42,106.73,5856602.0
1695340800,107.22,107.22,105.96,106.34,5027400.0
1695600000,106.05,106.19,105.11,105.84,6052222.0
1695686400,105.12,106.55,105.11,105.39,5400608.0
1695772800,105.45,105.52,103.295,103.94,5635035.0
1695859200,104.57,104.965,103.78,104.3,4758881.0
1695945600,104.36,104.68,102.71,102.95,7232722.0
1696204800,102.83,102.83,101.35,102.55,7079859.0
1696291200,102.24,102.44,100.92,101.77,5924010.0
1696377600,101.58,102.43,101.33,102.17,6720526.0
1696464000,102.36,103.71,102.34,103.6,6449076.0
1696550400,103.73,104.43,102.92,103.88,6854948.0
1696809600,103.5,105.19,103.31,104.5,5061149.0
1696896000,104.32,104.46,103.16,103.61,7177194.0
1696982400,104.0,104.21,102.853,103.46,5375241.0
1697068800,103.52,103.95,102.93,103.59,5124130.0
1697155200,103.61,104.52,102.78,104.01,5787618.0
1697414400,104.2,105.37,104.06,104.14,6473527.0
1697500800,104.0,104.49,103.15,104.17,5827151.0
1697587200,104.11,104.46,101.905,101.99,7136408.0
1697673600,101.655,101.73,99.14,100.43,7647567.0
1697760000,99.99,103.36,99.99,102.67,12467510.0
1698019200,102.83,104.15,102.67,103.35,8492971.0
1698105600,103.315,104.06,102.68,103.03,6347902.0
1698192000,103.35,104.61,102.95,103.63,7849169.0
1698278400,103.1,107.225,102.99,105.55,11335690.0
1698364800,105.32,105.57,102.22,102.82,8933870.0
1698624000,103.28,104.5,102.61,102.68,6915539.0
1698710400,102.77,103.55,101.4,102.7,7522713.0
1698796800,103.55,104.23,102.73,102.85,5838081.0
1698883200,102.74,103.06,101.65,102.85,5379126.0
1698969600,103.37,104.25,102.78,103.38,6005966.0
1699228800,104.08,104.37,103.14,104.34,5951276.0
1699315200,104.35,104.72,103.73,104.0,6616423.0
1699401600,103.98,105.17,103.84,104.4,8152228.0
1699488000,104.71,104.71,102.15,102.38,7376967.0
1699574400,102.84,103.36,100.6,101.39,7627360.0
1699833600,101.09,102.55,100.58,102.47,5878212.0
1699920000,102.66,103.22,101.9,102.17,6944430.0
1700006400,101.88,102.17,100.72,101.35,7392556.0
1700092800,101.83,102.06,101.03,101.99,7889718.0
1700179200,102.0,102.42,100.96,101.75,6767096.0
1700438400,100.97,102.93,100.89,102.68,7449968.0
1700524800,103.0,103.63,101.845,102.21,7403611.0
1700611200,102.2,102.68,101.11,101.68,5724130.0
1700784000,102.26,102.5136,101.44,101.87,3167952.0
1701043200,101.91,102.15,100.7,101.43,7356536.0
1701129600,101.31,101.35,100.01,100.18,8738483.0
1701216000,100.28,101.17,99.8,101.13,10286780.0
1701302400,100.84,102.685,100.28,102.48,29299670.0
1701388800,102.85,103.6761,102.66,103.46,6863429.0
1701648000,103.73,105.3791,103.73,105.06,10169910.0
1701734400,104.92,106.4,104.18,106.23,10789090.0
1701820800,106.25,106.57,105.43,105.63,9954925.0
1701907200,105.585,105.6,103.725,103.88,9602210.0
1701993600,103.79,104.01,102.65,103.75,7530274.0
1702252800,104.85,105.47,103.57,104.37,7429918.0
1702339200,104.48,104.785,103.42,104.36,7933546.0
1702425600,104.16,107.11,103.97,107.11,10994980.0
1702512000,106.68,107.21,105.14,105.88,10722970.0
1702598400,104.89,106.27,104.26,105.11,26393300.0
1702857600,106.16,107.21,105.63,106.04,12805560.0
1702944000,106.05,106.655,105.44,106.49,8043141.0
1703030400,107.14,107.14,105.24,105.36,8441602.0
1703116800,105.785,106.61,105.34,106.39,5919489.0
1703203200,107.15,108.06,106.835,107.7,6028695.0
1703548800,107.5,108.09,107.22,107.63,4727766.0
1703635200,107.31,108.07,107.01,107.98,5387031.0
1703721600,108.3,109.06,108.13,108.77,5530591.0
1703808000,108.99,109.24,108.79,109.02,5889238.0
1704153600,109.16,113.32,109.16,113.24,11920150.0
1704240000,114.27,115.9,114.16,114.77,10721920.0
1704326400,115.92,117.65,115.86,117.01,11492210.0
1704412800,117.1,117.445,116.64,117.22,6861542.0
1704672000,117.59,117.89,116.18,117.38,8193116.0
1704758400,117.51,119.94,117.21,118.43,8822254.0
1704844800,118.19,119.17,117.74,118.86,7129082.0
1704931200,118.8,118.9,117.08,118.43,5754423.0
1705017600,118.07,118.67,117.65,118.63,6823300.0
1705363200,118.49,119.34,117.94,118.49,6832442.0
1705449600,119.18,119.399,117.605,118.13,5591406.0
1705536000,117.645,118.62,116.62,118.54,10524720.0
1705622400,118.21,119.018,117.7238,118.89,7605594.0
1705881600,119.04,119.97,118.86,119.43,8786168.0
1705968000,118.14,119.99,117.27,119.84,6501448.0
1706054400,119.7,119.95,118.44,118.88,5859881.0
1706140800,118.66,120.18,118.66,120.13,6689818.0
1706227200,120.51,121.02,120.08,120.82,8300304.0
1706486400,121.345,121.4646,120.49,121.28,9138402.0
1706572800,121.28,121.76,120.18,121.66,7469479.0
1706659200,122.53,122.85,120.5,120.78,10779040.0
1706745600,123.65,126.43,122.77,126.38,11650730.0
1706832000,126.71,127.555,126.105,126.41,10175600.0
1707091200,126.98,127.8,125.7,126.18,8027717.0
1707177600,126.605,127.52,126.07,126.88,6152994.0
1707264000,126.9,128.06,126.5,127.47,6742760.0
1707350400,127.32,127.48,125.945,126.61,6308268.0
1707436800,126.22,126.69,125.04,125.45,7891392.0
1707696000,125.0,125.48,124.3995,125.34,5257536.0
1707782400,125.98,126.858,124.48,125.43,7273434.0
1707868800,125.61,126.03,124.82,125.82,6622438.0
1707955200,125.97,127.23,125.9501,126.54,5756747.0
1708041600,126.5,128.09,126.17,127.79,6266778.0
1708387200,128.13,129.285,127.205,127.37,6952764.0
1708473600,127.44,128.16,126.8,128.12,4849322.0
1708560000,128.15,129.72,127.65,129.26,6517381.0
1708646400,129.79,130.24,128.86,129.45,5177378.0
1708905600,129.38,129.7,128.47,128.84,5158398.0
1708992000,128.26,129.16,127.8,129.03,4780340.0
1709078400,129.34,129.4,127.7,128.19,5697212.0
1709164800,128.1,128.8525,127.06,127.15,11246130.0
1709251200,126.87,127.85,126.42,126.96,6023528.0
1709510400,124.46,126.54,123.29,124.05,12706170.0
1709596800,124.68,125.04,122.39,122.83,8277870.0
1709683200,122.84,124.76,122.51,123.75,8251362.0
1709769600,123.36,124.53,122.82,123.99,8982273.0
1709856000,123.23,124.035,122.06,123.5,9822679.0
1710115200,124.65,124.65,121.84,122.77,7769251.0
1710201600,123.0,123.21,121.43,122.66,11621800.0
1710288000,123.16,123.21,120.8,122.16,9186104.0
1710374400,121.32,121.32,119.66,120.51,10132540.0
1710460800,119.84,121.94,119.23,121.52,46477420.0
1710720000,121.85,122.51,121.125,121.44,8311895.0
1710806400,121.44,122.26,120.4275,122.2,11696820.0
1710892800,121.28,123.91,120.38,123.85,9793420.0
1710979200,123.69,124.19,123.06,123.62,8156305.0
1711065600,123.79,124.49,123.22,123.85,7022502.0
1711324800,124.08,125.58,123.77,125.31,7605755.0
1711411200,125.78,126.08,124.85,125.52,8864402.0
1711497600,132.87,133.1,130.11,131.75,16061580.0
1711584000,132.0,132.42,131.08,131.95,10189650.0
1711929600,131.68,131.93,130.11,130.99,5377645.0
1712016000,130.1,130.76,129.28,130.35,6584174.0
1712102400,130.35,132.3,129.425,129.9,7741435.0
1712188800,130.83,130.94,127.335,127.66,6753178.0
1712275200,127.65,128.6,127.0,127.99,5692896.0
1712534400,127.64,127.92,125.88,126.56,6282534.0
1712620800,126.58,127.0,125.51,126.71,4696726.0
1712707200,125.86,127.0,125.05,126.75,5787733.0
1712793600,126.55,127.14,125.46,126.15,6187364.0
1712880000,127.035,127.11,125.1,125.74,7369989.0
1713139200,126.69,127.82,125.87,126.19,6241069.0
1713225600,126.56,126.8,125.03,125.06,5587332.0
1713312000,125.67,126.19,124.71,125.37,6122908.0
1713398400,125.52,125.52,124.5,125.23,5992700.0
1713484800,125.65,126.12,124.89,125.78,8404345.0
1713744000,126.71,128.08,126.22,126.94,7805992.0
1713830400,128.1,128.1,126.74,126.88,7743961.0
1713916800,126.815,127.59,125.35,127.0,7128300.0
1714003200,129.69,132.8,128.76,130.72,12750050.0
1714089600,130.13,131.91,130.13,131.2,7758230.0
1714348800,131.72,132.2,129.33,130.12,6829373.0
1714435200,130.92,130.92,128.98,129.22,6944968.0
1714521600,128.61,129.93,127.8,128.8,5895807.0
1714608000,129.06,129.69,127.985,128.26,7422542.0
1714694400,128.01,128.48,127.18,127.51,6221928.0
1714953600,127.18,127.73,126.76,127.57,6551962.0
1715040000,127.1,130.425,127.07,130.38,6682316.0
1715126400,130.58,131.51,129.33,129.55,6659121.0
1715212800,128.94,130.5,128.94,130.23,9216740.0
1715299200,130.82,130.88,129.95,130.06,5722627.0
1715558400,129.51,129.71,128.02,129.29,7109912.0
1715644800,129.2,129.2,128.0269,128.66,6154340.0
1715731200,128.88,131.965,128.72,131.73,7237125.0
1715817600,131.37,131.78,130.79,130.88,5518302.0
1715904000,130.69,131.32,129.81,131.19,8281595.0
1716163200,130.81,131.74,130.65,130.99,4860410.0
1716249600,131.68,132.79,130.48,130.76,6254679.0
1716336000,130.17,131.6,130.15,131.1,4407644.0
1716422400,130.9,131.92,130.31,131.09,6830987.0
1716508800,131.45,131.45,129.16,129.49,5983846.0
1716854400,128.84,129.08,125.74,126.09,10263380.0
1716940800,126.14,126.45,125.275,125.9,8527837.0
1717027200,125.98,127.85,122.7,124.53,13003480.0
1717113600,125.13,126.61,124.55,125.54,18150450.0
1717372800,125.77,128.95,125.77,128.42,7702676.0
1717459200,127.15,129.3599,126.88,128.71,6440167.0
1717545600,128.48,129.94,128.07,129.45,5009502.0
1717632000,129.16,130.93,128.9,130.52,8088641.0
1717718400,130.35,131.37,130.21,130.67,4945599.0
1717977600,130.63,131.68,129.65,131.49,6033808.0
1718064000,131.0,132.17,129.74,131.84,11453200.0
1718150400,132.7,132.71,130.1631,130.2,5821965.0
1718236800,130.02,130.12,128.5901,129.37,5004226.0
1718323200,129.16,129.87,128.65,129.48,7338462.0
1718582400,128.21,128.94,127.37,127.5,8524031.0
1718668800,128.27,128.73,127.0901,127.99,6532400.0
1718841600,127.39,130.4263,126.75,129.67,10348370.0
1718928000,130.17,131.2,129.09,130.72,17182700.0
1719187200,131.27,133.31,130.925,132.96,8554044.0
1719273600,133.12,134.63,132.6039,132.92,6758429.0
1719360000,133.38,133.43,131.49,131.5,8492119.0
1719446400,131.99,132.29,126.78,129.82,11927600.0
1719532800,129.54,130.97,120.87,123.8,57055460.0
1719792000,125.38,129.19,125.1,127.9,11532970.0
1719878400,128.21,128.24,126.66,127.72,5645359.0
1719964800,127.69,127.94,125.3,125.85,4002054.0
1720137600,126.53,126.6,124.91,126.45,6786713.0
1720396800,126.8,127.455,125.33,125.78,5743436.0
1720483200,125.24,126.095,123.7,126.04,6339265.0
1720569600,125.88,127.48,125.83,127.3,4588745.0
1720656000,127.61,129.12,127.59,128.97,7052117.0
1720742400,129.4,129.93,127.32,127.76,7022250.0
1721001600,128.0,128.34,127.2,128.12,6918594.0
1721088000,127.87,129.03,125.2,125.44,8194439.0
1721174400,125.47,126.69,124.56,125.89,7627972.0
1721260800,125.3,125.595,122.37,124.25,9501529.0
1721347200,125.3,126.99,125.18,125.77,6848758.0
1721606400,125.95,126.49,125.03,125.69,4341784.0
1721692800,124.99,125.62,124.18,124.38,4285426.0
1721779200,124.97,126.17,124.675,125.92,6338450.0
1721865600,126.03,127.85,125.71,125.85,7357140.0
1721952000,127.235,128.73,125.05,125.26,6467036.0
1722211200,125.775,127.99,124.92,127.78,9139540.0
1722297600,123.48,123.94,113.9101,115.25,35509390.0
1722384000,116.0,117.84,112.22,113.13,22732990.0
1722470400,113.125,114.47,111.405,113.82,14117460.0
1722556800,115.16,117.3,114.36,115.2,16562290.0
1722816000,114.95,115.12,111.34,112.31,13333990.0
1722902400,112.3,113.08,110.92,111.15,9761855.0
1722988800,111.68,112.545,110.72,112.49,9756450.0
1723075200,112.92,114.23,112.57,113.92,8278156.0
1723161600,113.78,114.72,112.87,114.55,5914321.0
1723420800,114.71,114.71,113.11,113.48,6536044.0
1723507200,113.57,114.865,112.84,114.39,9040343.0
1723593600,113.66,113.93,111.51,113.58,11029420.0
1723680000,114.17,114.5,112.565,113.31,9685136.0
1723766400,113.61,113.72,112.62,113.67,10102340.0
1724025600,113.66,114.6,113.31,114.42,6177499.0
1724112000,114.76,115.3,114.55,115.14,5392280.0
1724198400,114.78,116.6,114.55,116.03,8144127.0
1724284800,116.3,116.72,115.22,116.55,8201177.0
1724371200,116.8,116.805,115.92,116.6,8368151.0
1724630400,116.73,117.9,116.16,116.27,6518834.0
1724716800,116.27,116.62,115.2501,116.5,5502645.0
1724803200,116.6,118.02,116.235,117.4,5403225.0
1724889600,117.93,118.395,116.7901,117.46,7202452.0
1724976000,117.27,118.75,117.15,118.45,8876478.0
1725321600,118.26,118.84,116.42,116.58,7640303.0
1725408000,116.66,116.73,114.47,115.8,7693362.0
1725494400,116.61,120.07,116.35,118.59,12009660.0
1725580800,119.095,120.3,117.65,117.84,8577276.0
1725840000,113.15,116.9,112.41,115.41,14880190.0
1725926400,115.21,116.09,113.33,115.33,12734520.0
1726012800,114.94,115.89,114.27,114.71,7836628.0
1726099200,114.47,115.505,114.04,115.25,8331083.0
1726185600,116.09,116.77,115.0,115.86,6709621.0
1726444800,115.8,118.37,115.8,117.96,7846101.0
1726531200,118.97,119.14,117.73,118.29,7915148.0
1726617600,118.2,119.38,117.87,118.64,11135560.0
1726704000,118.9,119.2,116.29,117.23,9963048.0
1726790400,117.27,117.5,116.41,117.17,21200970.0
1727049600,117.2,118.16,115.52,115.63,6665286.0
1727136000,115.85,116.26,114.32,114.96,9840382.0
1727222400,115.3,116.02,114.62,114.73,7902444.0
1727308800,113.88,114.0,112.93,113.09,11132090.0
1727395200,113.17,114.34,113.0,113.69,11920110.0
1727654400,113.61,114.01,112.7,113.56,10949980.0
1727740800,113.96,114.79,113.11,114.74,7715526.0
1727827200,114.55,114.6,111.98,112.08,9041754.0
1727913600,111.82,112.08,109.825,110.18,10280550.0
1728000000,109.49,110.3,109.39,109.77,9721325.0
1728259200,109.695,110.98,108.18,108.59,8654772.0
1728345600,107.97,108.75,107.81,108.52,8832415.0
1728432000,108.41,110.3,108.2,110.27,8627785.0
1728518400,110.7,110.83,109.17,109.4,6006681.0
1728604800,109.1,109.915,107.9,109.73,8578442.0
1728864000,109.43,110.065,108.68,109.69,8130716.0
1728950400,109.96,111.58,109.89,111.53,9109498.0
1729036800,111.0,111.2,109.02,110.42,8729248.0
1729123200,110.135,110.19,109.5,109.75,8541678.0
1729209600,109.9,109.92,108.555,108.7,9523037.0
1729468800,109.08,109.17,106.18,106.34,11444860.0
1729555200,105.91,106.9,105.71,106.64,11576050.0
1729641600,106.74,107.3623,106.2,106.38,8271659.0
1729728000,106.05,106.62,105.26,105.88,8295933.0
1729814400,106.49,106.49,103.86,103.98,9625498.0
1730073600,104.6,105.0,103.93,104.23,6968944.0
1730160000,104.315,105.11,103.7,103.73,9296241.0
1730246400,103.46,105.0,102.9,104.83,13897190.0
1730332800,100.93,103.23,98.6,102.32,17413050.0
1730419200,101.78,102.72,101.21,101.88,10180980.0
1730678400,102.0,102.53,100.945,101.87,9182560.0
1730764800,101.36,101.73,100.52,101.65,6741403.0
1730851200,103.18,103.23,100.6,100.73,9551335.0
1730937600,101.44,101.69,100.85,101.17,8676105.0
1731024000,101.48,103.23,101.0,102.92,9208036.0
1731283200,102.53,103.4,100.46,100.73,10075260.0
1731369600,100.76,100.77,98.5,98.58,12282890.0
1731456000,98.51,99.45,97.9,98.5,8869661.0
1731542400,99.18,99.4,97.95,98.36,8704483.0
1731628800,97.92,97.92,94.48,96.31,16464510.0
1731888000,96.56,97.29,95.42,96.56,14140330.0
1731974400,96.73,97.55,95.26,96.54,13093070.0
1732060800,96.98,98.84,96.66,97.44,12136770.0
1732147200,97.72,100.48,96.95,99.86,15670300.0
1732233600,100.33,101.785,98.93,99.18,14031190.0
1732492800,100.085,101.74,99.51,101.16,34659090.0
1732579200,101.48,101.8,99.7,101.62,9324084.0
1732665600,101.65,103.45,101.64,103.12,9802172.0
1732838400,102.875,103.04,101.53,101.64,6081177.0
1733097600,101.73,101.85,100.46,100.61,13703140.0
1733184000,100.75,102.45,100.62,101.85,11395590.0
1733270400,102.03,102.09,101.05,101.37,11314990.0
1733356800,101.49,104.14,101.35,103.55,11062660.0
1733443200,103.605,103.945,102.69,103.09,11470670.0
1733702400,102.86,105.0681,102.33,103.79,19162470.0
1733788800,103.77,103.77,100.74,101.0,11359440.0
1733875200,100.7,101.45,99.26,99.75,21612980.0
1733961600,101.69,103.0,100.12,101.25,9554399.0
1734048000,101.13,102.57,100.53,102.0,10118230.0
1734307200,101.253,102.28,100.05,100.06,11701060.0
1734393600,99.9,100.8,99.36,100.06,13975080.0
1734480000,100.19,101.5,98.27,98.34,11993420.0
1734566400,98.56,99.935,97.82,99.52,12110780.0
1734652800,98.83,99.68,97.9,98.05,29289740.0
1734912000,99.09,99.59,98.2009,99.37,8460460.0
1734998400,99.22,99.64,98.795,99.45,3713479.0
1735171200,99.09,99.94,98.92,99.87,4760750.0
1735257600,99.5,100.35,99.24,99.7,6173658.0
1735516800,99.57,99.57,98.27,98.37,6848715.0
1735603200,98.5,99.53,98.434,99.48,6598522.0
1735776000,100.28,100.35,98.83,99.17,6153261.0
1735862400,99.34,99.75,98.69,99.14,6072551.0
1736121600,98.77,100.33,98.42,99.72,10111140.0
1736208000,100.13,102.97,100.05,101.02,10890890.0
1736294400,100.7,100.77,98.05,99.85,8654722.0
1736467200,99.21,100.405,98.81,99.25,11328770.0
1736726400,99.46,101.159,98.99,100.98,8168081.0
1736812800,101.26,101.49,99.01,99.65,10927440.0
1736899200,100.095,100.82,99.61,100.09,9170335.0
1736985600,100.44,100.895,99.95,100.7,7749642.0
1737072000,100.47,100.47,97.92,97.92,16181960.0
1737417600,98.08,98.27,95.76,96.24,17756060.0
1737504000,95.955,97.0,95.15,95.68,13070880.0
1737590400,96.11,97.155,95.22,96.63,11522810.0
1737676800,96.79,97.1,95.405,95.55,12244790.0
1737936000,96.63,98.62,95.98,97.94,15093380.0
1738022400,97.35,98.88,96.59,97.45,12840950.0
1738108800,97.42,99.15,97.39,98.28,10225480.0
1738195200,99.41,99.41,98.23,98.95,10164720.0
1738281600,99.1,100.0599,98.58,98.82,11421620.0
1738540800,98.13,100.15,98.0,99.79,13363890.0
1738627200,89.0,91.23,87.33,90.74,50837560.0
1738713600,90.39,90.74,87.995,89.67,21670600.0
1738800000,89.41,89.5713,87.84,88.05,19509700.0
1738886400,87.52,88.6,87.12,87.28,15814970.0
1739145600,87.2,87.98,86.27,86.4,21212050.0
1739232000,86.06,86.99,85.73,86.54,20922340.0
1739318400,86.07,86.67,85.61,85.67,14785260.0
1739404800,85.585,85.7,84.31,84.42,20415060.0
1739491200,84.415,84.78,82.0939,83.01,26778990.0
1739836800,81.13,83.59,81.04,83.29,25897770.0
1739923200,83.24,85.63,82.85,85.6,17435060.0
1740009600,85.9,87.7,85.9,87.68,14851550.0
1740096000,88.0,89.53,87.01,89.5,15678890.0
1740355200,89.71,91.85,88.93,91.27,19452300.0
1740441600,91.75,93.055,90.44,91.43,18417270.0
1740528000,91.3,91.37,88.86,89.38,13534230.0
1740614400,89.35,90.97,89.25,90.58,10717470.0
1740700800,90.705,92.35,90.705,92.25,15482080.0
1740960000,91.775,93.21,91.775,93.15,13636060.0
1741046400,93.57,95.36,92.32,92.56,15072990.0
1741132800,91.08,93.45,90.5,93.19,13117130.0
1741219200,93.13,94.05,91.78,94.0,11300180.0
1741305600,94.26,97.37,93.85,94.65,24100870.0
1741564800,94.685,97.0,94.685,95.23,20897610.0
1741651200,94.98,95.38,93.58,94.73,21734790.0
1741737600,94.07,94.4,92.8575,93.35,11896010.0
1741824000,93.4,96.34,93.4,94.71,16570140.0
1741910400,94.28,94.875,93.45,94.57,12681130.0
1742169600,93.645,95.2956,93.08,94.79,12237910.0
1742256000,95.225,95.41,93.84,94.72,8670307.0
1742342400,95.25,95.43,93.64,94.02,11355880.0
1742428800,93.995,95.16,93.68,94.73,12970170.0
1742515200,94.58,94.68,93.07,93.11,68435790.0
1742774400,92.9,93.11,91.56,92.31,16950120.0
1742860800,92.31,92.31,87.08,87.87,20640190.0
1742947200,88.24,89.32,87.31,88.11,13810070.0
1743033600,88.5,88.555,87.38,87.6,12931940.0
1743120000,88.2,90.14,87.6701,89.23,12393480.0
1743379200,89.25,90.265,88.37,89.76,15002990.0
1743465600,89.75,89.75,86.61,87.12,13922110.0
1743552000,86.88,87.07,85.32,86.6,10590840.0
1743638400,88.73,88.9,86.26,86.39,12684130.0
1743724800,86.12,86.27,81.08,81.47,22965750.0
1743984000,81.01,83.21,79.3,81.18,26581980.0
1744070400,83.21,83.27,77.54,78.95,20571570.0
1744156800,76.76,81.99,76.0,81.91,22928260.0
1744243200,80.61,81.12,75.96,77.55,19466860.0
1744329600,77.87,79.44,76.35,79.18,16194430.0
1744588800,80.02,80.02,78.36,79.17,15796690.0
1744675200,79.55,79.96,77.72,78.39,16042490.0
1744761600,78.47,78.69,75.93,76.46,16551290.0
1744848000,76.89,78.75,76.88,78.0,21416490.0
1745193600,78.08,78.19,76.99,77.85,11009960.0
1745280000,78.025,79.04,77.66,78.97,12918170.0
1745366400,78.5,80.2,78.0,78.74,17935740.0
1745452800,78.28,79.97,76.03,79.84,18471540.0
1745539200,80.17,83.28,78.06,82.74,28377960.0
1745798400,83.0,83.68,82.4,83.19,14240980.0
1745884800,83.78,85.69,82.75,84.71,18802900.0
1745971200,85.27,85.83,83.79,85.2,13825120.0
1746057600,84.505,84.575,83.17,83.26,10036430.0
1746144000,84.19,84.71,82.95,83.18,11755590.0
1746403200,83.23,83.58,81.91,82.84,8688011.0
1746489600,82.47,82.48,78.2901,79.04,16991070.0
1746576000,79.62,79.9,78.76,79.12,12227180.0
1746662400,78.5,78.8,76.93,77.65,15059050.0
1746748800,77.96,78.45,75.82,75.97,15614540.0
1747008000,75.92,81.27,75.83,80.43,21761070.0
1747094400,76.95,78.55,76.56,76.63,23353180.0
1747180800,77.46,77.46,73.32,73.47,23721800.0
1747267200,73.77,74.81,73.31,74.8,15274780.0
1747353600,74.985,76.165,74.3675,76.06,15021780.0
1747612800,75.96,77.25,75.69,77.23,11682620.0
1747699200,77.545,79.18,77.4216,77.97,13262430.0
1747785600,77.765,78.1,76.87,76.98,11879470.0
1747872000,76.72,78.36,76.68,77.84,11799980.0
1747958400,77.545,77.9,77.08,77.58,10902220.0
1748304000,78.015,78.2,77.05,77.59,11884520.0
1748390400,77.43,77.725,75.59,76.17,12293150.0
1748476800,75.69,77.0,75.69,76.4,10787280.0
1748563200,76.94,77.56,75.59,76.84,20641470.0
1748822400,77.02,77.02,75.4,76.25,11271830.0
1748908800,75.995,77.185,75.435,77.14,18139180.0
1748995200,77.474,79.135,77.33,78.27,13009330.0
1749081600,78.41,78.545,77.25,77.62,13996570.0
1749168000,78.3,79.49,78.21,78.97,9863134.0
1749427200,79.61,80.405,78.67,79.33,18305760.0
1749513600,79.34,81.88,79.33,81.35,13254090.0
1749600000,81.35,81.68,79.98,80.32,11803340.0
1749686400,80.19,82.11,80.07,81.82,13169180.0
1749772800,81.65,82.44,81.45,81.71,14550530.0
1750032000,80.88,81.35,79.71,80.96,12569440.0
1750118400,80.28,80.7,78.185,78.28,14040590.0
1750204800,78.05,80.31,77.1,79.29,23803430.0
1750377600,79.245,79.915,78.6,79.06,34052300.0
1750636800,79.24,80.22,78.99,80.16,18553810.0
1750723200,80.37,81.46,79.09,80.32,15906440.0
1750809600,79.64,80.1158,79.16,79.67,12753180.0
1750896000,79.84,80.25,78.37,78.83,13760100.0
1750982400,79.06,79.54,78.135,79.1,60202470.0
1751241600,79.25,79.39,78.38,79.16,13895180.0
1751328000,78.96,83.07,78.6,81.81,21800790.0
1751414400,82.06,82.81,81.8935,82.39,16052700.0
1751500800,82.55,82.6048,80.7,80.93,7734538.0
1751846400,80.95,81.54,80.15,80.9,15777350.0
1751932800,80.94,82.38,80.34,81.37,12752910.0
1752019200,82.38,84.48,81.89,83.71,18394620.0
1752105600,83.64,85.0,83.17,84.02,14728600.0
1752192000,84.02,84.13,82.26,83.36,9717398.0
1752451200,83.425,84.3,83.11,83.67,10368750.0
1752537600,83.78,84.36,81.301,81.52,10826960.0
1752624000,81.455,82.635,81.455,82.43,11517790.0
1752710400,81.98,82.66,81.3355,81.52,8984797.0
1752796800,81.7,81.9206,79.855,79.96,11823600.0
1753056000,80.155,80.31,78.95,79.31,11620840.0
1753142400,79.87,81.765,79.87,81.61,10570990.0
1753228800,82.62,84.14,82.41,83.98,11542090.0
1753315200,84.2,84.51,83.52,84.11,8016947.0
1753401600,84.16,85.22,83.84,84.71,10058810.0
1753660800,84.47,84.97,83.87,84.06,12881970.0
1753747200,79.85,82.885,76.66,82.63,27826420.0
1753833600,82.91,83.58,81.515,81.75,13055190.0
1753920000,80.8,81.485,77.85,78.12,19813300.0
1754006400,78.02,79.87,77.53,79.29,11900300.0
1754265600,79.06,79.99,78.43,79.86,13380720.0
1754352000,79.9,81.125,79.565,80.79,9984272.0
1754438400,80.29,81.32,79.27,79.44,13028690.0
1754524800,79.65,80.8199,78.65,80.37,10830080.0
1754611200,80.115,81.17,80.115,80.69,6882894.0
1754870400,80.96,81.6434,79.63,80.03,8210702.0
1754956800,80.465,80.94,79.67,80.3,7857120.0
1755043200,80.75,82.84,80.2,82.71,11043790.0
1755129600,82.01,83.4,81.6035,82.76,10217600.0
1755216000,83.72,84.7372,83.36,84.21,10481380.0
1755475200,84.26,85.145,84.08,84.22,8273573.0
1755561600,84.375,85.8,84.375,84.93,14307710.0
1755648000,85.31,86.25,84.55,84.66,8904738.0
1755734400,84.88,87.32,84.6,86.08,13889010.0
1755820800,87.5,87.835,86.76,87.37,11977430.0
1756080000,87.21,87.39,84.95,85.31,9417659.0
1756166400,85.56,85.59,84.665,84.99,14062690.0
1756252800,85.07,85.48,83.875,84.07,10588090.0
1756339200,84.25,84.25,82.65,83.21,14485300.0
1756425600,83.42,84.2399,83.28,84.12,10872920.0
1756771200,84.5,85.5,84.34,85.48,11642710.0
1756857600,85.37,85.805,84.0716,84.18,12714390.0
1756944000,84.2,84.41,83.0,84.05,12554840.0
1757030400,83.79,85.27,83.25,84.71,13231140.0
1757289600,84.16,84.32,82.82,84.09,13111170.0
1757376000,84.18,84.8,84.13,84.61,9767468.0
1757462400,84.27,84.57,83.535,84.03,13073270.0
1757548800,84.34,85.55,84.0,85.15,9667174.0
1757635200,84.62,85.18,82.8,82.81,9939451.0
1757894400,82.11,82.75,80.92,81.02,10229750.0
1757980800,81.01,81.48,80.535,81.09,10065900.0
1758067200,80.98,82.245,80.8004,81.14,12642100.0
1758153600,81.22,81.685,80.82,81.53,10458880.0
1758240000,81.805,82.4,81.0,81.51,25627810.0
1758499200,81.76,81.94,80.26,80.4,11986450.0
1758585600,80.09,81.1091,79.665,79.96,13145290.0
1758672000,79.9,80.115,79.33,79.67,11804180.0
1758758400,79.78,79.88,77.58,77.6,14923790.0
1758844800,78.76,78.96,77.6944,78.56,12205420.0
1759104000,78.6,78.8,78.03,78.58,12739030.0
1759190400,78.415,84.0,78.395,83.93,21636630.0
1759276800,85.19,90.75,85.19,90.13,33460880.0
1759363200,89.95,91.0,88.22,89.51,14575380.0
1759449600,89.625,90.7,88.1,89.19,12970580.0
1759708800,88.83,90.31,88.55,88.8,11648300.0
1759795200,88.67,88.94,87.14,87.61,9449085.0
1759881600,87.93,87.93,86.2,86.4,9696200.0
1759968000,86.96,87.8,86.64,87.5,10938200.0
1760054400,87.935,88.24,85.92,85.99,11230690.0
1760313600,85.655,86.46,85.24,85.7,6553942.0
1760400000,85.38,85.68,84.15,84.7,9675036.0
1760486400,84.19,84.69,83.61,84.11,9168705.0
1760572800,84.41,85.5,83.6,83.92,11709060.0
1760659200,83.275,84.89,83.1632,84.79,10758920.0
1760918400,85.245,87.0,85.03,86.32,8611782.0
1761004800,86.96,87.67,86.23,87.62,9852403.0
1761091200,87.68,88.7898,87.0139,87.61,10926340.0
1761177600,87.56,88.105,86.91,87.18,7687450.0
1761264000,87.33,88.06,87.1083,87.49,7902072.0
1761523200,87.51,88.295,87.0301,88.0,7226555.0
1761609600,88.105,88.105,86.93,87.03,8345943.0
1761696000,86.945,87.84,86.0715,86.58,10921910.0
1761782400,84.62,87.3,83.3,86.28,16678840.0
1761868800,85.415,86.46,84.56,85.98,12384990.0
1762128000,85.765,86.1,82.34,82.49,13875810.0
1762214400,82.7,84.96,82.01,83.86,12846090.0
1762300800,84.03,85.38,82.9117,84.39,9440157.0
1762387200,84.48,86.17,84.35,85.78,10601450.0
1762473600,85.95,86.585,85.24,86.28,9214301.0
1762732800,86.69,87.37,85.8,86.75,8319573.0
1762819200,87.35,91.065,87.26,90.95,15436040.0
1762905600,91.41,92.91,91.16,91.45,13218930.0
1762992000,91.31,94.26,90.9,92.93,16086080.0
1763078400,92.2,95.075,91.4901,92.92,19632020.0
1763337600,93.23,94.75,92.675,92.86,14345820.0
1763424000,94.11,97.66,92.11,96.43,28153550.0
1763510400,96.0,97.14,94.09,95.05,14641310.0
1763596800,94.97,96.0,93.9,94.97,12554220.0
1763683200,95.48,100.27,95.36,97.76,23183280.0
1763942400,99.12,102.355,99.12,100.4,28320940.0
1764028800,100.73,105.84,100.705,105.66,22225530.0
1764115200,104.595,105.752,104.2,104.63,12624020.0
1764288000,104.835,105.405,104.12,104.83,6154508.0
1764547200,104.72,105.68,101.71,101.83,14178310.0
1764633600,101.53,101.8,100.31,101.03,11794980.0
1764720000,101.895,103.09,101.52,102.27,12541640.0
1764806400,102.1,102.6,100.54,100.89,12770710.0
1764892800,101.4,102.09,99.19,99.72,16430390.0
1765152000,99.38,99.67,97.81,98.93,12902590.0
1765238400,99.32,99.85,96.055,96.89,16283950.0
1765324800,98.05,98.17,96.47,97.62,18077710.0
1765411200,98.44,99.14,97.578,99.01,11808180.0
1765497600,98.96,100.66,98.315,100.3,11810790.0
1765756800,99.99,100.94,98.0,100.26,16735870.0
1765843200,100.3,100.34,96.79,98.27,16663610.0
1765929600,98.18,100.135,98.06,99.18,13180990.0
1766016000,99.27,101.37,98.86,100.69,14312770.0
1766102400,100.6,102.195,100.11,101.09,44980250.0
1766361600,100.63,104.95,100.4,104.72,17136250.0
1766448000,104.56,105.3899,104.325,105.04,13587460.0
1766534400,105.365,106.95,105.28,106.45,5335048.0
1766707200,106.45,107.05,106.0301,106.78,6280701.0
1766966400,106.85,107.59,106.425,106.62,8086890.0
1767052800,106.73,106.88,105.64,106.06,6498303.0
1767139200,105.935,106.1,104.99,105.26,7557325.0
1767312000,105.53,106.6248,104.43,106.45,9992435.0
1767571200,107.01,108.44,105.8,107.44,15863320.0
1767657600,107.68,110.17,107.68,108.87,14478960.0
1767744000,109.505,111.46,107.95,108.6,16322350.0
1767830400,110.61,112.9,109.25,110.99,20278830.0
1767916800,110.87,112.4799,110.22,110.53,11040800.0
1768176000,110.97,111.46,108.78,109.19,10671910.0
1768262400,109.05,109.31,107.22,108.26,9338579.0
1768348800,108.97,111.225,107.95,111.01,11964630.0
1768435200,110.62,111.58,108.45,110.97,11775840.0
1768521600,110.715,110.73,108.43,108.83,14852070.0
1768867200,108.11,109.64,106.93,109.45,15241140.0
1768953600,109.19,111.97,108.73,111.11,12844380.0
1769040000,110.78,111.32,108.585,109.18,9362585.0
1769126400,109.09,109.09,107.21,108.18,10489490.0
1769385600,107.8,108.42,107.06,107.4,9903240.0
1769472000,107.5,108.35,106.84,107.92,7907088.0
1769558400,106.85,107.93,106.03,106.9,7491691.0
1769644800,107.325,109.93,107.1,108.34,13572810.0
1769731200,108.59,110.535,107.95,110.27,19060600.0
1769990400,110.12,113.89,109.9472,113.37,18000110.0
1770076800,111.67,118.46,111.44,115.84,25793560.0
1770163200,116.9,120.39,116.5,118.33,21954560.0
1770249600,118.305,122.43,118.305,119.75,24010550.0
1770336000,120.76,122.66,120.44,121.93,13083320.0
1770595200,121.41,121.88,116.98,117.65,16158730.0
1770681600,117.69,118.18,116.1,117.15,11849550.0
1770768000,117.04,119.36,116.31,119.31,10885290.0
1770854400,119.01,121.61,118.1248,119.24,13453270.0
1770940800,121.5,123.33,121.03,121.41,10102320.0
1771286400,122.355,123.08,120.795,121.57,9899761.0
1771372800,121.25,121.81,120.39,121.66,7803418.0
1771459200,121.4,122.6,120.5,121.86,8933309.0
1771545600,122.64,122.695,120.6,122.26,9442855.0
1771804800,122.31,124.19,121.503,123.82,9661094.0
1771891200,123.41,124.84,122.6301,123.93,8460699.0
1771977600,124.01,125.14,122.2601,122.46,11082460.0
1772064000,122.4,122.5,119.0,119.3,10327290.0
1772150400,119.68,124.0,119.68,123.82,17636440.0
1772409600,123.51,123.7,121.04,121.41,11564490.0
1772496000,119.67,120.97,118.61,119.83,9334139.0
1772582400,119.43,120.87,117.86,120.28,6700910.0
1772668800,119.11,119.525,114.45,116.07,14524750.0
1772755200,115.155,116.36,113.82,115.79,12809310.0
1773014400,114.98,117.26,114.11,117.11,8321571.0
1773100800,117.24,119.0,116.67,117.09,9739257.0
1773187200,116.76,116.95,115.285,116.21,6769631.0
1773273600,115.465,116.6,114.3,115.91,8349180.0
1773360000,116.92,117.8947,115.53,115.61,7111035.0
1773619200,115.34,116.06,114.22,115.43,8785305.0
1773705600,115.78,116.8,114.38,115.87,7952157.0
1773792000,115.06,115.56,113.345,114.5,6736269.0
1773878400,114.66,115.76,113.75,114.2,8383761.0
1773964800,114.245,115.18,112.72,114.18,36355420.0
1774224000,116.17,116.47,114.77,115.68,9096367.0
1774310400,114.7,116.54,114.02,116.37,7411878.0
1774396800,117.3,120.12,116.7952,119.37,10220310.0
1774483200,118.955,120.06,118.65,118.93,6497238.0
1774569600,119.285,121.07,118.6,119.63,8345762.0
1774828800,120.565,121.64,117.22,118.1,11083960.0
1774915200,119.03,121.27,118.77,120.29,10713330.0
1775001600,120.88,122.19,120.27,120.84,6351678.0
1775088000,120.37,121.65,119.22,120.87,6387888.0
1775433600,120.41,121.48,120.04,120.85,4890475.0
1775520000,119.56,119.56,116.5,119.28,11376370.0
1775606400,119.6,123.63,117.94,123.18,9256857.0
1775692800,122.9,124.0,121.35,122.68,8666348.0
1775779200,122.96,123.01,120.95,121.42,9706972.0
1776038400,121.03,121.3,119.055,120.15,6357339.0
1776124800,119.03,120.36,118.15,119.96,12449440.0
1776211200,119.795,120.25,116.635,117.9,7689371.0
1776297600,117.13,117.85,114.71,115.46,11399890.0
1776384000,115.56,119.2,115.56,119.07,16194900.0
1776643200,119.15,119.36,116.75,117.1,7392032.0
1776729600,116.49,116.525,111.91,112.56,12769520.0
1776816000,112.605,113.51,111.54,112.89,8037515.0
1776902400,113.365,115.0199,113.1001,114.62,6826250.0
1776988800,113.74,114.03,111.5,111.9,7060014.0
1777248000,111.22,112.7487,110.14,110.23,9133637.0
1777334400,111.52,111.905,109.705,110.03,7157568.0
1777420800,108.55,111.225,107.9,110.95,9769879.0
1777507200,109.34,112.24,108.63,109.18,17131230.0
1777593600,112.33,114.54,111.88,112.16,11953720.0
1777852800,111.41,114.62,110.75,113.11,7659082.0
1777939200,113.67,114.07,112.83,113.15,7910399.0
1778025600,113.15,114.485,112.74,113.56,7256078.0
1778112000,113.51,113.75,111.1001,112.3,7329028.0
1778198400,112.38,113.01,111.18,111.38,5725143.0
1778457600,112.153,113.68,111.01,111.28,7750595.0
1778544000,111.5,113.69,111.39,112.37,9117391.0
1778630400,112.25,114.065,112.04,113.45,8110464.0
1778716800,113.63,113.9,112.565,113.41,5284176.0
1778803200,113.9,113.93,110.94,111.38,10028860.0
1779062400,111.43,112.885,110.97,112.56,8047204.0
1779148800,112.56,115.1,112.13,114.24,7555354.0
1779235200,114.63,114.95,112.903,113.0,9130578.0
1779321600,112.79,115.98,112.09,115.88,7402732.0
1779408000,120.55,122.655,120.075,122.41,14754580.0
1779753600,122.9,123.13,119.41,119.72,10012130.0
1779840000,119.82,122.4,119.78,120.24,7163192.0
1779926400,120.26,121.5,119.355,119.89,9260174.0
1780012800,119.65,120.67,118.19,118.72,16599390.0
1780272000,117.545,117.96,114.36,115.17,9406727.0
1780358400,114.5,116.7799,114.5,115.65,8311471.0
1780444800,115.445,117.33,114.7,114.7,8225149.0
1780531200,117.16,120.55,117.09,120.26,15933950.0
1780617600,120.935,123.46,120.36,120.79,15967210.0
1780876800,120.85,122.6,118.69,119.52,12312220.0
1780963200,120.03,120.5,118.0,119.6,9669142.0
1781049600,119.78,120.04,117.2601,119.09,10302110.0
1781136000,120.04,122.71,119.95,120.76,13180280.0
1781222400,121.5,121.8999,118.83,119.05,10927110.0
1781481600,118.71,118.95,114.865,114.9,15395720.0
1781568000,115.88,115.9,113.57,115.17,10665450.0
1781654400,114.86,115.99,114.02,115.44,10459870.0
1781740800,114.64,114.94,111.57,113.87,29521620.0
1782086400,113.97,115.63,112.995,115.48,10521230.0
1782172800,116.525,119.8,116.525,119.6,10469260.0
1782259200,120.9,121.81,119.51,120.6,10478130.0
1782345600,121.63,125.9599,121.0,125.45,14049630.0
1782432000,125.83,128.78,125.83,128.66,18891530.0
1782691200,127.645,129.965,126.74,129.38,9584596.0
1782777600,129.215,130.29,126.68,128.5,11837220.0
1782864000,128.01,128.4199,124.71,125.37,10761470.0
1782950400,126.175,129.61,125.99,129.56,7833991.0
1783296000,129.31,130.0033,125.624,126.78,9499257.0
1783382400,128.77,129.69,127.885,128.86,10174350.0
1783468800,128.34,128.99,125.14,125.99,7910217.0
1783555200,125.48,128.07,124.445,125.07,6975495.0
1783641600,125.12,125.56,122.9001,123.54,8388685.0
1783900800,123.58,124.74,122.44,124.03,5225798.0
1783987200,123.3,123.66,120.16,120.78,9932947.0
1784073600,124.25,124.9,122.75,123.61,9053781.0
1784160000,124.33,128.93,124.0,127.63,13038760.0
1784246400,128.45,131.74,127.03,127.5,13472720.0
1784505600,127.285,127.89,124.22,124.4,7729047.0
1784592000,124.8,126.77,124.095,126.26,7344785.0
1784678400,127.32,128.83,126.6208,127.47,7792422.0
1784764800,127.82,131.04,127.82,130.48,8531273.0
1784851200,131.44,131.71,130.24,131.07,6154380.0
1785110400,131.01,132.53,130.45,130.76,6910338.0
1785196800,132.88,135.05,131.14,131.82,10265060.0
1785283200,132.37,132.69,129.65,130.36,7539454.0
1785369600,128.195,130.21,127.25,129.79,7833237.0
1785456000,128.92,131.04,128.14,130.2,7738762.0
1785715200,129.87,131.47,126.72,127.77,11153830.0
1785801600,128.46,129.99,126.22,128.0,11816860.0
1785888000,129.41,131.09,127.555,128.33,10501870.0
1785974400,130.96,131.08,127.8,128.37,7052064.0
1786060800,127.84,128.75,126.68,128.58,7347555.0
1786320000,128.29,130.98,128.235,130.92,6007618.0
1786406400,129.93,132.8399,129.7,130.42,6342169.0
1786492800,130.25,134.06,128.91,132.92,10447090.0
1786579200,133.86,135.68,133.055,135.55,8895212.0
1786665600,134.43,135.97,133.4,135.84,6869004.0
1786924800,134.95,137.17,134.55,135.97,8477590.0
1787011200,137.24,137.98,134.88,135.17,10284240.0
1787097600,146.94,153.5,144.9,152.2,32776270.0
1787184000,150.78,152.515,148.516,148.99,16204660.0
1787270400,149.12,154.49,148.59,152.55,15976210.0
1787529600,150.72,151.52,149.14,150.66,15032010.0
1787616000,151.0,156.9199,150.66,156.45,14005080.0
1787702400,154.35,155.19,152.6109,153.1,8634975.0
1787788800,149.53,152.08,149.02,149.54,8530989.0
1787875200,146.72,149.0078,145.75,148.35,8067848.0
1788134400,147.0,148.689,145.95,147.76,11126600.0
1788220800,150.23,151.6776,148.55,149.86,9866566.0
1788307200,151.5,152.69,149.97,151.64,8970603.0
1788393600,152.8,152.8,148.9,152.34,6498969.0
1788480000,150.83,152.22,150.085,150.33,4397467.0
1788825600,148.41,149.6,146.281,148.46,11187300.0
1788912000,148.96,149.41,147.18,147.53,8546447.0
1788998400,147.94,148.0,144.1,144.71,7544530.0
1789084800,145.52,145.9,143.68,143.93,8679443.0
1789344000,146.42,147.09,144.1,144.85,7414159.0
1789430400,143.85,144.15,142.32,143.79,8292750.0
1789516800,143.96,144.97,143.5,144.91,7230927.0
1789603200,145.74,147.65,145.323,147.15,11063790.0
1789689600,147.08,147.84,145.74,146.87,31159670.0
1789948800,146.785,150.49,145.6,149.5,7996433.0
1790035200,148.69,153.57,148.04,150.91,11173540.0
1790121600,151.315,152.01,146.89,148.08,9703729.0
1790208000,148.165,151.46,147.9,147.98,10312770.0
