timestamp,open,high,low,close,volume
1474848000,9.538,9.538,9.404,9.456,67378520.0
1474934400,9.504,9.764,9.5,9.707,96705870.0
1475020800,9.71,9.759,9.602,9.748,72335810.0
1475107200,9.731,9.831,9.66,9.667,62140340.0
1475193600,9.69,9.953,9.679,9.855,98047390.0
1475452800,9.8,10.339,9.8,10.263,153297300.0
1475539200,10.319,10.444,10.186,10.234,121265500.0
1475625600,10.35,10.697,10.343,10.628,129171100.0
1475712000,10.497,10.547,10.388,10.507,65852710.0
1475798400,10.398,10.65,10.355,10.482,86579470.0
1476057600,10.318,10.453,10.276,10.333,66955710.0
1476144000,10.231,10.29,9.986,10.059,90276450.0
1476230400,10.088,10.247,9.922,9.95,74066270.0
1476316800,9.801,10.05,9.763,10.023,83159560.0
1476403200,10.159,10.2099,10.035,10.147,95177200.0
1476662400,10.05,10.073,9.838,9.98,255753400.0
1476748800,11.663,11.982,11.65,11.879,421164500.0
1476835200,11.825,12.245,11.8,12.187,219304600.0
1476921600,12.197,12.375,12.106,12.335,144776300.0
1477008000,12.25,12.785,12.231,12.75,188111900.0
1477267200,12.742,12.929,12.615,12.733,159629600.0
1477353600,12.652,12.806,12.575,12.651,82292100.0
1477440000,12.629,12.872,12.575,12.697,85972710.0
1477526400,12.743,12.818,12.593,12.647,68998850.0
1477612800,12.608,12.893,12.6012,12.657,70638920.0
1477872000,12.685,12.69,12.44,12.487,65054840.0
1477958400,12.498,12.583,12.18,12.33,69679600.0
1478044800,12.283,12.407,12.183,12.234,47818160.0
1478131200,12.231,12.372,12.184,12.214,50398670.0
1478217600,12.2,12.343,12.162,12.203,48261460.0
1478476800,12.426,12.575,12.337,12.458,58229730.0
1478563200,12.412,12.581,12.322,12.434,46744240.0
1478649600,12.184,12.365,12.0861,12.219,77049050.0
1478736000,12.276,12.297,11.37,11.542,196933200.0
1478822400,11.49,11.663,11.311,11.478,110762900.0
1479081600,11.475,11.59,11.068,11.338,99284720.0
1479168000,11.455,11.641,11.3091,11.359,74359340.0
1479254400,11.296,11.612,11.181,11.519,59281870.0
1479340800,11.513,11.681,11.356,11.503,62273320.0
1479427200,11.573,11.642,11.351,11.521,67424710.0
1479686400,11.62,11.872,11.619,11.796,70547530.0
1479772800,11.832,11.946,11.698,11.804,70059270.0
1479859200,11.776,11.889,11.731,11.769,45186100.0
1480032000,11.764,11.839,11.718,11.741,16162600.0
1480291200,11.705,11.762,11.571,11.693,52673210.0
1480377600,11.73,11.918,11.7132,11.751,70813120.0
1480464000,11.9,12.037,11.6391,11.7,76922930.0
1480550400,11.752,11.868,11.395,11.722,86329910.0
1480636800,11.675,12.098,11.675,12.081,89371340.0
1480896000,12.073,12.075,11.84,11.916,76205600.0
1480982400,12.01,12.479,11.942,12.457,114983800.0
1481068800,12.448,12.575,12.325,12.539,81885700.0
1481155200,12.54,12.635,12.216,12.324,89850300.0
1481241600,12.378,12.43,12.173,12.288,46975220.0
1481500800,12.284,12.403,12.23,12.283,39115110.0
1481587200,12.351,12.509,12.2781,12.378,55282300.0
1481673600,12.343,12.44,12.25,12.344,61056200.0
1481760000,12.344,12.743,12.295,12.5,73741660.0
1481846400,12.639,12.668,12.401,12.422,78641620.0
1482105600,12.43,12.644,12.287,12.545,48637480.0
1482192000,12.546,12.63,12.464,12.512,39331710.0
1482278400,12.553,12.7737,12.5,12.65,64990330.0
1482364800,12.684,12.75,12.518,12.558,41607670.0
1482451200,12.561,12.628,12.508,12.559,20101210.0
1482796800,12.624,12.905,12.57,12.835,52806240.0
1482883200,12.907,12.907,12.576,12.589,43685230.0
1482969600,12.595,12.614,12.42,12.533,34440660.0
1483056000,12.624,12.657,12.36,12.38,44527710.0
1483401600,12.496,12.819,12.431,12.749,94277060.0
1483488000,12.749,13.017,12.655,12.941,78333400.0
1483574400,12.922,13.275,12.89,13.181,96533790.0
1483660800,13.208,13.388,12.981,13.107,106519300.0
1483920000,13.148,13.199,12.989,13.095,57672170.0
1484006400,13.127,13.222,12.929,12.989,59824690.0
1484092800,13.091,13.15,12.9248,13.05,56109630.0
1484179200,13.063,13.085,12.85,12.918,53838390.0
1484265600,13.115,13.393,13.058,13.37,104931200.0
1484611200,13.504,13.54,13.209,13.289,121935300.0
1484697600,13.321,13.365,13.106,13.326,157483000.0
1484784000,14.201,14.346,13.825,13.841,231818600.0
1484870400,13.936,14.079,13.766,13.86,94746550.0
1485129600,13.865,13.949,13.731,13.739,74287550.0
1485216000,13.811,14.093,13.703,14.011,77466400.0
1485302400,14.08,14.139,13.905,13.952,76075490.0
1485388800,14.045,14.121,13.851,13.896,60345540.0
1485475200,13.946,14.249,13.9,14.245,83069350.0
1485734400,14.177,14.1967,13.88,14.122,81158840.0
1485820800,14.055,14.183,13.97,14.071,44045570.0
1485907200,14.12,14.241,13.93,14.078,60193000.0
1485993600,14.061,14.104,13.905,13.92,34578030.0
1486080000,13.951,14.064,13.91,14.025,35097640.0
1486339200,14.0,14.1,13.916,14.097,35432040.0
1486425600,14.149,14.428,14.105,14.4,85338460.0
1486512000,14.357,14.507,14.256,14.474,68809370.0
1486598400,14.498,14.509,14.358,14.414,45497600.0
1486684800,14.468,14.5299,14.397,14.482,55296720.0
1486944000,14.519,14.595,14.305,14.32,47873380.0
1487030400,14.32,14.411,14.005,14.082,83641460.0
1487116800,14.072,14.243,14.051,14.227,52898760.0
1487203200,14.242,14.244,14.107,14.201,28439420.0
1487289600,14.175,14.29,14.127,14.222,45854960.0
1487635200,14.299,14.338,14.181,14.26,35632090.0
1487721600,14.292,14.4,14.217,14.386,34787360.0
1487808000,14.445,14.449,14.152,14.278,46655640.0
1487894400,14.188,14.356,14.155,14.325,32996190.0
1488153600,14.312,14.392,14.238,14.341,39058190.0
1488240000,14.33,14.357,14.185,14.213,38600160.0
1488326400,14.284,14.326,14.21,14.265,41679690.0
1488412800,14.215,14.27,13.909,13.953,61145800.0
1488499200,13.969,14.091,13.826,13.914,54006670.0
1488758400,14.1,14.284,14.054,14.194,71112480.0
1488844800,14.199,14.24,14.038,14.143,42394180.0
1488931200,14.147,14.206,13.977,14.032,40889400.0
1489017600,14.004,14.124,13.974,14.053,26473740.0
1489104000,14.139,14.18,14.028,14.089,33159030.0
1489363200,14.09,14.371,14.0321,14.352,49150570.0
1489449600,14.295,14.331,14.17,14.319,46567870.0
1489536000,14.42,14.552,14.323,14.525,59841010.0
1489622400,14.55,14.65,14.422,14.439,52772140.0
1489708800,14.405,14.576,14.34,14.511,62166400.0
1489968000,14.545,14.625,14.458,14.583,33963610.0
1490054400,14.675,14.77,14.21,14.242,76553860.0
1490140800,14.2545,14.38,14.076,14.265,64740860.0
1490227200,14.214,14.289,14.126,14.184,37031930.0
1490313600,14.236,14.28,14.158,14.202,35458750.0
1490572800,14.083,14.439,14.0,14.406,47681970.0
1490659200,14.41,14.611,14.392,14.517,46363000.0
1490745600,14.55,14.718,14.4909,14.647,38479770.0
1490832000,14.681,14.829,14.653,14.806,44521680.0
1490918400,14.8,14.8225,14.733,14.781,38806820.0
1491177600,14.67,14.8005,14.574,14.692,46047310.0
1491264000,14.684,14.709,14.489,14.55,43452840.0
1491350400,14.619,14.625,14.326,14.362,45845780.0
1491436800,14.4,14.414,14.301,14.374,33060320.0
1491523200,14.379,14.389,14.271,14.311,30325710.0
1491782400,14.304,14.465,14.121,14.385,57964460.0
1491868800,14.428,14.454,14.198,14.435,46192630.0
1491955200,14.485,14.574,14.355,14.383,43835240.0
1492041600,14.425,14.455,14.276,14.292,36761270.0
1492387200,14.443,14.732,14.443,14.725,159934600.0
1492473600,14.734,14.74,14.0,14.336,196626400.0
1492560000,14.337,14.4,13.866,13.976,123874000.0
1492646400,14.03,14.18,13.927,14.118,72445790.0
1492732800,14.139,14.303,14.0903,14.287,62466130.0
1492992000,14.361,14.45,14.34,14.383,47929320.0
1493078400,14.746,15.352,14.622,15.216,206551200.0
1493164800,15.153,15.215,14.89,15.017,92628660.0
1493251200,15.06,15.349,14.93,15.308,77060600.0
1493337600,15.271,15.297,15.094,15.22,63593270.0
1493596800,15.191,15.77,15.161,15.535,90150420.0
1493683200,15.576,15.65,15.461,15.645,50952950.0
1493769600,15.629,15.654,15.488,15.559,39265160.0
1493856000,15.559,15.79,15.455,15.725,55568210.0
1493942400,15.855,15.859,15.59,15.66,53234380.0
1494201600,15.655,15.764,15.53,15.638,48156980.0
1494288000,15.61,15.785,15.597,15.746,39085710.0
1494374400,15.782,16.11,15.656,16.028,68615010.0
1494460800,16.033,16.052,15.755,15.854,56741440.0
1494547200,15.911,16.084,15.851,16.081,50901910.0
1494806400,16.025,16.178,15.976,16.002,49625250.0
1494892800,16.05,16.118,15.933,15.941,34530540.0
1494979200,15.809,15.878,15.3,15.32,81636060.0
1495065600,15.361,15.689,15.324,15.57,62853530.0
1495152000,15.615,15.805,15.591,15.702,40662310.0
1495411200,15.786,15.86,15.643,15.716,37366700.0
1495497600,15.775,15.831,15.68,15.795,33660490.0
1495584000,15.835,15.848,15.717,15.775,29875830.0
1495670400,16.1,16.41,16.055,16.305,85465340.0
1495756800,16.284,16.305,16.112,16.243,48270590.0
1496102400,16.36,16.475,16.271,16.322,48245570.0
1496188800,16.361,16.4,16.074,16.307,53404870.0
1496275200,16.352,16.3932,16.17,16.299,38867720.0
1496361600,16.342,16.536,16.28,16.518,42540600.0
1496620800,16.549,16.55,16.343,16.506,38691080.0
1496707200,16.495,16.682,16.451,16.517,43728860.0
1496793600,16.56,16.64,16.4409,16.561,33503860.0
1496880000,16.612,16.687,16.484,16.588,37027470.0
1496966400,16.627,16.627,15.45,15.803,102847400.0
1497225600,15.53,15.553,14.831,15.144,140937500.0
1497312000,15.438,15.568,15.013,15.272,84754330.0
1497398400,15.434,15.5615,15.028,15.22,64527650.0
1497484800,14.944,15.256,14.73,15.176,70010460.0
1497571200,15.145,15.353,15.039,15.238,68072270.0
1497830400,15.429,15.558,15.241,15.34,65235510.0
1497916800,15.368,15.45,15.14,15.205,48766830.0
1498003200,15.25,15.538,15.226,15.503,57951320.0
1498089600,15.513,15.52,15.37,15.489,37655170.0
1498176000,15.501,15.819,15.376,15.802,62480420.0
1498435200,15.878,15.997,15.656,15.75,60087320.0
1498521600,15.662,15.6977,15.072,15.103,74181090.0
1498608000,15.164,15.42,15.012,15.341,55853460.0
1498694400,15.282,15.282,14.8,15.009,71402470.0
1498780800,14.976,15.071,14.842,14.941,52103810.0
1499040000,14.98,15.045,14.58,14.617,39082150.0
1499212800,14.658,14.826,14.558,14.761,46217120.0
1499299200,14.613,14.727,14.425,14.625,54833580.0
1499385600,14.665,15.075,14.665,15.018,54940830.0
1499644800,15.034,15.323,14.965,15.267,52017280.0
1499731200,15.237,15.523,15.155,15.433,48873260.0
1499817600,15.577,15.88,15.577,15.875,82834520.0
1499904000,15.851,16.013,15.698,15.821,66944180.0
1499990400,15.93,16.135,15.797,16.112,55201000.0
1500249600,16.291,16.355,16.002,16.17,166819100.0
1500336000,17.612,18.5,17.424,18.36,415255900.0
1500422400,18.297,18.717,18.175,18.386,172409900.0
1500508800,18.384,18.592,18.27,18.36,78731100.0
1500595200,18.272,19.15,18.271,18.854,92583370.0
1500854400,18.8685,19.025,18.701,18.791,87877970.0
1500940800,18.779,18.866,18.581,18.697,53707770.0
1501027200,18.77,18.9704,18.751,18.908,44639270.0
1501113600,18.989,19.0,17.938,18.268,112151600.0
1501200000,18.2,18.503,18.118,18.404,62001630.0
1501459200,18.426,18.4974,18.065,18.166,48655550.0
1501545600,18.249,18.462,18.143,18.203,50575340.0
1501632000,18.222,18.257,17.7815,18.074,57597540.0
1501718400,18.053,18.1225,17.802,17.923,46213460.0
1501804800,17.96,18.1,17.85,18.027,44882470.0
1502064000,18.1,18.227,17.91,18.133,46079850.0
1502150400,18.137,18.191,17.745,17.836,59511390.0
1502236800,17.143,17.596,17.001,17.578,96582490.0
1502323200,17.403,17.445,16.76,16.914,96222030.0
1502409600,16.986,17.258,16.9,17.14,50208230.0
1502668800,16.98,17.245,16.88,17.1,74632170.0
1502755200,17.153,17.188,16.825,16.85,55315800.0
1502841600,16.75,17.05,16.625,16.998,70087910.0
1502928000,16.923,17.058,16.572,16.609,51920680.0
1503014400,16.595,16.997,16.58,16.654,73820330.0
1503273600,16.691,16.899,16.423,16.676,64751770.0
1503360000,16.776,16.993,16.704,16.934,48815450.0
1503446400,16.835,16.964,16.67,16.906,46302860.0
1503532800,16.986,17.1236,16.615,16.813,53585880.0
1503619200,16.858,16.875,16.55,16.595,40602830.0
1503878400,16.643,16.867,16.56,16.712,36448350.0
1503964800,16.5,16.968,16.473,16.881,46150610.0
1504051200,16.95,17.485,16.937,17.469,80266460.0
1504137600,17.545,17.624,17.386,17.471,69318940.0
1504224000,17.555,17.648,17.392,17.474,38105980.0
1504569600,17.34,17.588,17.244,17.452,45952450.0
1504656000,17.525,17.946,17.373,17.925,87368600.0
1504742400,17.88,18.035,17.71,17.9,60155990.0
1504828800,17.845,18.039,17.625,17.642,45891460.0
1505088000,17.81,18.247,17.803,18.174,59740550.0
1505174400,18.255,18.533,18.0644,18.515,66814050.0
1505260800,18.407,18.45,18.255,18.364,43124310.0
1505347200,18.325,18.5288,18.207,18.263,45007010.0
1505433600,18.273,18.493,18.143,18.235,55770620.0
1505692800,18.361,18.545,18.273,18.462,53552280.0
1505779200,18.498,18.623,18.417,18.568,49630880.0
1505865600,18.61,18.65,18.32,18.551,46135910.0
1505952000,18.582,18.995,18.451,18.878,71416600.0
1506038400,18.84,18.985,18.639,18.735,54560480.0
1506297600,18.646,18.655,17.77,17.855,93597100.0
1506384000,18.07,18.095,17.655,17.938,55998750.0
1506470400,18.101,18.334,18.07,18.197,49885150.0
1506556800,18.125,18.195,17.936,18.07,40743950.0
1506643200,18.073,18.29,18.065,18.135,42211120.0
1506902400,18.211,18.28,17.658,17.701,73359490.0
1506988800,17.765,17.97,17.755,17.919,39521850.0
1507075200,18.141,18.67,18.125,18.445,91905130.0
1507161600,18.565,19.449,18.449,19.439,193609600.0
1507248000,19.43,19.892,19.205,19.802,152538900.0
1507507200,19.91,19.94,19.656,19.687,69663840.0
1507593600,19.785,19.83,19.21,19.508,62311960.0
1507680000,19.557,19.622,19.381,19.495,64380600.0
1507766400,19.675,19.862,19.471,19.586,77651110.0
1507852800,19.97,20.082,19.7187,19.949,120460300.0
1508112000,20.195,20.283,19.786,20.268,217779400.0
1508198400,20.011,20.438,19.777,19.948,238558500.0
1508284800,19.999,20.001,19.425,19.554,111881900.0
1508371200,19.301,19.525,19.116,19.513,70308730.0
1508457600,19.59,19.638,19.377,19.416,59895950.0
1508716800,19.417,19.49,19.1035,19.247,69756510.0
1508803200,19.275,19.6735,19.14,19.602,70521660.0
1508889600,19.538,19.7055,19.301,19.377,53130360.0
1508976000,19.466,19.761,19.408,19.521,51732120.0
1509062400,19.72,20.065,19.622,19.954,81223380.0
1509321600,19.962,20.1099,19.7072,19.837,54348440.0
1509408000,19.821,19.859,19.5218,19.643,55119250.0
1509494400,19.724,19.9199,19.6,19.8,50070210.0
1509580800,19.745,19.944,19.709,19.932,35960490.0
1509667200,19.98,20.055,19.799,20.001,36767660.0
1509926400,20.0,20.248,19.809,20.013,58451810.0
1510012800,20.0,20.061,19.48,19.589,64605870.0
1510099200,19.6,19.709,19.474,19.644,42333430.0
1510185600,19.446,19.449,19.081,19.39,59592140.0
1510272000,19.161,19.259,18.95,19.202,66196130.0
1510531200,19.112,19.605,19.1,19.508,46052850.0
1510617600,19.364,19.588,19.3,19.571,34403820.0
1510704000,19.454,19.542,19.153,19.212,41988680.0
1510790400,19.433,19.77,19.375,19.551,56697990.0
1510876800,19.574,19.595,19.265,19.32,39023830.0
1511136000,19.33,19.432,19.19,19.41,37488240.0
1511222400,19.504,19.752,19.4971,19.623,46182810.0
1511308800,19.658,19.675,19.363,19.632,58923210.0
1511481600,19.665,19.69,19.533,19.575,21605350.0
1511740800,19.556,19.585,19.4,19.505,32002070.0
1511827200,19.534,19.968,19.401,19.918,69754160.0
1511913600,19.891,19.9029,18.432,18.815,141804500.0
1512000000,19.031,19.086,18.668,18.758,66155160.0
1512086400,18.699,18.98,18.5,18.682,62160250.0
1512345600,18.936,18.972,17.838,18.404,90668970.0
1512432000,18.35,18.814,18.119,18.421,57817830.0
1512518400,18.338,18.6484,18.288,18.53,53551260.0
1512604800,18.571,18.734,18.322,18.52,46567000.0
1512691200,18.65,18.942,18.63,18.854,49641880.0
1512950400,18.785,18.942,18.591,18.622,52534420.0
1513036800,18.601,18.785,18.4818,18.573,41658260.0
1513123200,18.61,18.869,18.541,18.786,47021650.0
1513209600,18.798,19.264,18.72,18.956,77588830.0
1513296000,18.961,19.143,18.801,19.012,72728990.0
1513555200,19.12,19.165,18.89,19.042,50079150.0
1513641600,19.018,19.0298,18.575,18.702,70254280.0
1513728000,18.794,18.911,18.526,18.882,64084320.0
1513814400,18.944,19.095,18.758,18.862,35483720.0
1513900800,18.833,19.095,18.68,18.994,37728230.0
1514246400,18.978,18.994,18.64,18.776,30444440.0
1514332800,18.78,18.81,18.522,18.624,39907820.0
1514419200,18.718,19.449,18.685,19.271,100970400.0
1514505600,19.251,19.395,19.122,19.196,51805390.0
1514851200,19.61,20.165,19.542,20.107,108918300.0
1514937600,20.205,20.621,20.15,20.505,85858080.0
1515024000,20.62,20.705,20.4001,20.563,60199370.0
1515110400,20.725,21.002,20.559,20.999,70032410.0
1515369600,21.002,21.25,20.844,21.205,55509090.0
1515456000,21.211,21.298,20.859,20.931,61116400.0
1515542400,20.757,21.364,20.691,21.252,59482470.0
1515628800,21.429,21.775,21.335,21.724,69889800.0
1515715200,21.718,22.255,21.6,22.123,81905310.0
1516060800,22.424,22.607,21.72,22.153,134952600.0
1516147200,22.1,22.115,21.632,21.75,90704030.0
1516233600,22.034,22.058,21.655,22.033,82120940.0
1516320000,22.275,22.349,21.85,22.046,103562100.0
1516579200,22.2,22.7785,22.12,22.758,171280900.0
1516665600,25.505,25.771,24.802,25.029,276371700.0
1516752000,25.088,26.171,24.9311,26.13,171937800.0
1516838400,26.3,27.23,26.023,26.97,153115600.0
1516924800,27.1485,27.46,26.876,27.46,109323700.0
1517184000,27.42,28.681,27.392,28.459,173773400.0
1517270400,27.7,28.273,27.27,27.88,120558200.0
1517356800,28.194,28.2289,26.958,27.03,116535300.0
1517443200,26.641,27.195,26.338,26.507,96511610.0
1517529600,26.3,27.062,26.271,26.743,90306000.0
1517788800,26.2,26.7899,25.003,25.426,118164900.0
1517875200,24.77,26.67,24.5,26.572,124122400.0
1517961600,26.658,27.245,26.4325,26.456,87292090.0
1518048000,26.708,26.762,25.0,25.01,92677070.0
1518134400,25.385,25.58,23.611,24.947,168990600.0
1518393600,25.214,25.915,24.9,25.795,85185640.0
1518480000,25.729,26.141,25.47,25.827,68057450.0
1518566400,26.047,26.988,26.033,26.6,109487400.0
1518652800,27.003,28.05,26.763,28.027,107240100.0
1518739200,27.873,28.196,27.569,27.852,83028830.0
1519084800,27.774,28.5812,27.661,27.855,77547590.0
1519171200,28.207,28.664,28.001,28.104,93481090.0
1519257600,28.388,28.45,27.445,27.814,88783370.0
1519344000,28.1,28.6,27.781,28.593,72927890.0
1519603200,28.875,29.5648,28.701,29.416,102568300.0
1519689600,29.477,29.736,29.059,29.061,92474140.0
1519776000,29.31,29.575,29.078,29.138,75014440.0
1519862400,29.275,29.525,28.383,29.039,118929900.0
1519948800,28.465,30.118,28.323,30.105,132785000.0
1520208000,30.285,31.691,29.76,31.5,189577700.0
1520294400,31.988,32.579,31.65,32.522,182454500.0
1520380800,32.0,32.374,31.455,32.116,171107400.0
1520467200,32.22,32.2918,31.413,31.7,113667000.0
1520553600,32.133,33.144,32.023,33.144,143202400.0
1520812800,33.356,33.398,31.86,32.13,202774200.0
1520899200,32.387,32.5841,31.3278,31.588,128787500.0
1520985600,31.816,32.388,31.77,32.155,104638400.0
1521072000,32.317,32.34,31.814,32.109,54654670.0
1521158400,32.142,32.411,31.837,31.845,73152680.0
1521417600,31.58,31.7,30.734,31.348,98442010.0
1521504000,31.326,31.95,31.28,31.75,59832400.0
1521590400,31.635,31.94,31.4511,31.648,50618690.0
1521676800,31.307,31.412,30.566,30.67,79597140.0
1521763200,30.741,31.073,30.036,30.094,95041810.0
1522022400,30.936,32.103,30.2,32.035,119706400.0
1522108800,32.249,32.29,29.7,30.069,120282400.0
1522195200,29.839,29.88,28.161,28.577,189495200.0
1522281600,28.7,29.535,27.59,29.535,191158500.0
1522627200,29.194,29.287,27.505,28.029,133433100.0
1522713600,28.545,29.125,27.801,28.367,126692700.0
1522800000,27.363,29.031,27.1224,28.894,128926700.0
1522886400,29.315,29.916,28.911,29.397,105691800.0
1522972800,28.91,29.885,28.565,28.885,113628900.0
1523232000,29.177,29.955,28.912,28.993,98330680.0
1523318400,29.768,29.895,29.169,29.807,106698400.0
1523404800,30.2885,31.164,30.182,30.367,148390400.0
1523491200,30.9719,31.113,30.675,30.925,102066600.0
1523577600,31.729,31.749,30.823,31.165,120018500.0
1523836800,31.599,31.61,30.4,30.778,197822500.0
1523923200,32.966,33.862,32.377,33.606,338111800.0
1524009600,33.63,33.882,33.11,33.452,111751900.0
1524096000,33.288,33.531,32.677,33.27,84200320.0
1524182400,33.222,33.651,32.6,32.777,91169410.0
1524441600,32.915,33.122,31.708,31.869,88716310.0
1524528000,31.9217,32.0249,30.231,30.702,138734500.0
1524614400,30.637,30.998,29.2615,30.576,147639400.0
1524700800,31.0,31.663,30.558,31.398,92237070.0
1524787200,31.625,31.745,30.65,31.176,70701180.0
1525046400,31.107,31.788,31.0118,31.246,60667640.0
1525132800,31.036,31.348,30.669,31.33,60148380.0
1525219200,31.165,31.71,31.0403,31.336,55776130.0
1525305600,31.259,31.259,30.573,31.169,60373860.0
1525392000,30.871,32.098,30.767,32.009,82042030.0
1525651200,32.1995,32.9023,31.934,32.626,71211980.0
1525737600,32.59,32.7348,32.305,32.689,46949530.0
1525824000,32.879,33.195,32.751,33.03,56234070.0
1525910400,33.15,33.2055,32.7344,32.96,52327840.0
1525996800,32.965,33.126,32.487,32.646,45844300.0
1526256000,32.725,33.0504,32.704,32.853,40862500.0
1526342400,32.594,32.694,32.2434,32.613,47392630.0
1526428800,32.628,32.972,32.514,32.819,36643260.0
1526515200,32.753,33.045,32.3173,32.522,49278560.0
1526601600,32.49,32.642,32.28,32.418,35749610.0
1526860800,32.711,33.188,32.545,33.182,65964460.0
1526947200,33.405,33.663,33.115,33.162,59166430.0
1527033600,32.904,34.5,32.809,34.472,100212100.0
1527120000,34.434,35.4,34.112,34.929,144931300.0
1527206400,34.99,35.436,34.883,35.129,78016020.0
1527552000,35.15,35.61,34.671,34.973,97004130.0
1527638400,35.237,35.4,34.926,35.354,56581690.0
1527724800,35.38,35.553,35.021,35.16,69068130.0
1527811200,35.388,35.999,35.282,35.993,71024210.0
1528070400,36.2685,36.3,35.551,36.181,76628650.0
1528156800,36.332,36.983,36.1412,36.58,83468860.0
1528243200,36.7785,36.968,36.333,36.745,77000330.0
1528329600,36.854,36.87,35.78,36.14,82603230.0
1528416000,35.806,36.239,35.625,36.057,52228730.0
1528675200,36.188,36.567,36.091,36.145,44157760.0
1528761600,36.36,36.598,36.2,36.383,42200720.0
1528848000,36.753,38.4254,36.411,37.993,181860200.0
1528934400,38.427,39.503,38.325,39.287,145495400.0
1529020800,39.071,39.886,38.751,39.198,135692100.0
1529280000,38.772,39.316,38.65,39.04,68009840.0
1529366400,38.95,40.529,38.85,40.498,166738100.0
1529452800,41.515,41.9468,40.96,41.676,164533700.0
1529539200,42.138,42.3206,40.637,41.544,180485700.0
1529625600,41.998,42.05,40.9651,41.109,104105800.0
1529884800,40.469,40.599,37.875,38.448,224582400.0
1529971200,39.328,40.478,38.905,39.939,151656300.0
1530057600,40.756,41.1587,39.0,39.039,164952000.0
1530144000,39.5,39.69,38.71,39.542,122026300.0
1530230400,39.919,40.133,39.055,39.143,92286780.0
1530489600,38.545,39.838,38.0,39.818,81256550.0
1530576000,39.949,39.998,38.95,39.052,52803440.0
1530748800,39.38,39.924,39.086,39.839,84181160.0
1530835200,39.745,40.865,39.5523,40.825,85683820.0
1531094400,41.595,41.912,41.11,41.897,110913400.0
1531180800,41.724,41.944,41.308,41.563,92059020.0
1531267200,41.134,41.977,41.06,41.865,96350600.0
1531353600,41.5155,41.679,40.78,41.35,127039400.0
1531440000,40.919,41.0,39.5081,39.58,156951100.0
1531699200,39.898,40.3355,39.175,40.048,222254600.0
1531785600,34.695,38.5,34.4,37.948,583036400.0
1531872000,38.124,38.313,37.2355,37.513,217068400.0
1531958400,37.106,37.5749,36.3,36.423,168296300.0
1532044800,36.492,37.05,36.014,36.105,150894200.0
1532304000,35.9145,36.39,35.36,36.266,114634900.0
1532390400,36.694,36.74,35.456,35.732,128293600.0
1532476800,35.757,36.328,35.565,36.287,83824410.0
1532563200,35.819,36.554,35.6625,36.309,69615060.0
1532649600,36.685,36.7,35.165,35.521,89385230.0
1532908800,35.193,35.203,33.402,33.496,182278100.0
1532995200,33.151,34.25,32.8,33.745,140394400.0
1533081600,33.587,34.441,33.402,33.838,77619860.0
1533168000,33.723,34.5,33.471,34.45,71116700.0
1533254400,34.775,34.786,33.8477,34.309,88363080.0
1533513600,34.2865,35.198,34.174,35.092,81865870.0
1533600000,35.323,35.731,34.901,35.183,79525550.0
1533686400,35.221,35.229,34.661,34.761,53927150.0
1533772800,34.796,35.2439,34.5816,34.936,46808890.0
1533859200,34.691,34.91,34.4423,34.587,43275810.0
1534118400,33.989,34.719,33.907,34.131,68844550.0
1534204800,34.209,34.241,33.625,33.749,57917230.0
1534291200,33.403,33.5496,32.1,32.64,117465000.0
1534377600,32.99,33.117,32.1214,32.244,66742190.0
1534464000,31.901,32.4365,31.296,31.678,103702800.0
1534723200,31.464,33.16,31.0928,32.773,135644800.0
1534809600,33.1,34.15,32.97,33.802,145018800.0
1534896000,33.849,34.621,33.7406,34.444,89125480.0
1534982400,34.811,35.008,33.765,33.917,113121700.0
1535068800,34.6,35.915,34.4541,35.882,147056300.0
1535328000,36.7145,37.449,36.0,36.458,173719100.0
1535414400,36.723,36.999,36.038,36.849,91904090.0
1535500800,36.72,36.986,36.291,36.804,81035920.0
1535587200,36.5,37.6809,36.354,37.098,109695000.0
1535673600,37.066,37.6,36.7077,36.768,79180450.0
1536019200,36.647,36.888,36.126,36.36,75906050.0
1536105600,36.0,36.339,33.583,34.118,130729400.0
1536192000,34.744,35.6,34.199,34.646,130299300.0
1536278400,34.22,35.575,34.125,34.868,90947000.0
1536537600,35.227,35.25,34.308,34.841,57322000.0
1536624000,34.467,35.615,34.39,35.593,61903910.0
1536710400,35.908,37.043,35.624,36.995,103601400.0
1536796800,37.191,37.409,36.684,36.815,83499380.0
1536883200,36.855,37.109,36.346,36.456,47358930.0
1537142400,36.422,36.733,34.957,35.035,70173060.0
1537228800,35.367,36.815,35.156,36.765,103874200.0
1537315200,37.395,37.761,35.917,36.696,118421500.0
1537401600,37.026,37.026,36.317,36.536,67563100.0
1537488000,36.659,37.222,36.074,36.119,118946500.0
1537747200,35.9,37.364,35.433,36.961,92845610.0
1537833600,37.023,37.134,36.4492,36.943,67757100.0
1537920000,37.359,38.2,37.088,37.788,135402200.0
1538006400,37.987,38.32,37.6,38.071,72951230.0
1538092800,37.924,38.08,37.373,37.413,71040660.0
1538352000,37.585,38.611,37.559,38.143,83398870.0
1538438400,38.438,38.68,37.383,37.714,86208810.0
1538524800,37.853,38.093,37.4881,37.705,57916860.0
1538611200,37.588,37.592,36.04,36.365,90523620.0
1538697600,35.977,36.35,34.3,35.135,135124100.0
1538956800,34.518,35.2945,33.811,34.91,123675100.0
1539043200,34.848,35.872,34.709,35.571,87309760.0
1539129600,35.352,35.515,32.539,32.589,170636600.0
1539216000,32.494,33.42,31.581,32.11,160206900.0
1539302400,33.957,34.13,32.89,33.956,148068600.0
1539561600,33.763,33.9206,32.693,33.313,111775100.0
1539648000,33.724,34.795,33.0555,34.64,196705600.0
1539734400,37.833,38.0,35.65,36.47,325641900.0
1539820800,36.0673,36.22,34.605,34.671,180677600.0
1539907200,35.1,35.58,33.22,33.267,166962200.0
1540166400,33.31,33.58,32.034,32.954,170813500.0
1540252800,31.8,33.658,31.677,33.316,148808700.0
1540339200,33.228,33.3,30.073,30.183,189261300.0
1540425600,30.712,31.994,30.525,31.287,132850400.0
1540512000,30.051,31.399,29.23,29.983,195916900.0
1540771200,30.526,30.789,27.54,28.484,216623200.0
1540857600,27.557,29.0525,27.1209,28.581,236226800.0
1540944000,29.777,31.15,29.505,30.178,200929700.0
1541030400,30.459,31.845,29.667,31.738,150316900.0
1541116800,31.8,32.188,30.833,30.91,133561300.0
1541376000,31.11,31.753,30.374,31.544,102474300.0
1541462400,31.476,32.022,30.53,31.084,96597850.0
1541548800,31.29,32.856,31.1,32.75,133080300.0
1541635200,32.8,33.205,31.661,31.792,110080200.0
1541721600,31.107,31.298,29.801,30.347,134631700.0
1541980800,30.0,30.249,29.063,29.407,108864900.0
1542067200,29.5,30.355,28.91,29.44,121171700.0
1542153600,30.04,30.184,27.8297,28.673,168073900.0
1542240000,28.551,29.25,28.216,29.006,98745460.0
1542326400,28.714,29.172,28.1,28.621,90845890.0
1542585600,28.379,28.509,26.915,27.06,124869200.0
1542672000,25.463,27.634,25.0,26.698,166765400.0
1542758400,27.442,27.534,26.151,26.213,110142900.0
1542931200,26.011,26.55,25.684,25.882,52451230.0
1543190400,26.055,26.625,25.38,26.143,124903300.0
1543276800,25.924,26.908,25.614,26.663,109564800.0
1543363200,27.198,28.4,26.334,28.265,147739900.0
1543449600,28.232,29.049,27.55,28.875,150165200.0
1543536000,28.8,29.081,28.3061,28.613,118356700.0
1543795200,29.319,29.872,28.458,29.03,140981000.0
1543881600,28.813,29.574,27.472,27.533,127623200.0
1544054400,26.833,28.322,26.714,28.288,130438300.0
1544140800,28.248,28.4209,26.338,26.514,124547200.0
1544400000,26.419,27.118,26.0609,26.97,95825490.0
1544486400,27.408,27.45,26.276,26.532,98237450.0
1544572800,26.766,28.177,26.648,27.488,114391800.0
1544659200,27.764,27.932,27.185,27.602,83732190.0
1544745600,27.181,27.7666,26.5,26.684,99089300.0
1545004800,26.651,27.298,26.1075,26.28,96163010.0
1545091200,26.33,27.575,26.329,27.094,103304500.0
1545177600,26.996,28.087,26.377,26.677,137679400.0
1545264000,26.464,26.99,25.188,26.058,167693400.0
1545350400,26.383,26.45,24.129,24.639,213593300.0
1545609600,24.2,25.065,23.368,23.388,95476160.0
1545782400,23.392,25.45,23.123,25.367,142037000.0
1545868800,25.011,25.559,24.01,25.5565,121244300.0
1545955200,25.794,26.1914,24.98,25.608,109729200.0
1546214400,26.016,27.01,26.0,26.766,134968800.0
1546387200,25.928,26.975,25.658,26.766,116129700.0
1546473600,27.02,27.579,26.443,27.12,149469700.0
1546560000,28.188,29.78,27.854,29.757,192994500.0
1546819200,30.21,31.68,30.165,31.534,185862600.0
1546905600,31.998,32.0593,30.801,32.027,152795500.0
1546992000,31.771,32.3351,31.35,31.996,133079800.0
1547078400,31.457,32.537,31.25,32.466,133981800.0
1547164800,33.096,34.109,32.852,33.759,194586900.0
1547424000,33.424,33.548,32.913,33.294,104604200.0
1547510400,34.96,35.722,34.7,35.464,211334500.0
1547596800,35.4,35.885,34.811,35.139,153456700.0
1547683200,34.95,35.579,34.641,35.319,182383500.0
1547769600,35.197,35.3,33.673,33.91,265833400.0
1548115200,33.489,33.688,32.103,32.516,179094400.0
1548201600,32.825,33.175,31.86,32.199,134562600.0
1548288000,32.06,33.18,31.9,32.667,111150400.0
1548374400,32.872,34.0,32.851,33.805,111470400.0
1548633600,33.47,33.63,32.888,33.566,86394030.0
1548720000,33.587,33.822,32.8151,32.89,76198080.0
1548806400,33.275,34.178,33.08,34.066,90812660.0
1548892800,33.968,34.599,33.8092,33.95,84937250.0
1548979200,33.718,34.684,33.65,33.985,98226150.0
1549238400,34.26,35.2,34.13,35.134,90240970.0
1549324800,35.32,36.0,35.29,35.581,90307200.0
1549411200,35.7,35.704,34.719,35.219,67072790.0
1549497600,34.79,34.875,33.902,34.471,78503530.0
1549584000,33.8,34.8,33.8,34.757,75502680.0
1549843200,35.0,35.287,34.481,34.573,54381190.0
1549929600,34.809,36.0,34.652,35.997,103881900.0
1550016000,35.73,35.96,35.028,35.177,105297100.0
1550102400,35.175,36.045,34.833,35.907,92803930.0
1550188800,35.847,36.44,35.55,35.687,92180660.0
1550534400,35.58,36.5,35.532,36.192,73796830.0
1550620800,36.485,36.671,35.67,35.991,81014120.0
1550707200,36.003,36.285,35.388,35.697,62171850.0
1550793600,36.034,36.613,36.005,36.302,70777530.0
1551052800,36.701,37.149,36.379,36.391,75375070.0
1551139200,36.298,36.57,35.933,36.497,49246160.0
1551225600,36.35,36.803,35.98,36.287,56216150.0
1551312000,36.247,36.639,35.7709,35.81,61572850.0
1551398400,36.226,36.287,35.4692,35.732,54661020.0
1551657600,35.972,36.225,34.8044,35.104,74789140.0
1551744000,35.146,35.617,34.825,35.43,59199360.0
1551830400,35.36,35.988,35.17,35.961,61941890.0
1551916800,36.016,36.286,35.05,35.26,61444010.0
1552003200,34.575,34.992,34.247,34.96,68912510.0
1552262400,35.2,35.898,35.003,35.886,53426090.0
1552348800,35.937,36.013,35.38,35.627,51617060.0
1552435200,35.581,36.248,35.2765,36.121,63991410.0
1552521600,36.05,36.384,35.8101,35.882,52639470.0
1552608000,36.102,36.4,35.889,36.146,84380900.0
1552867200,36.247,37.0971,36.186,36.344,71877420.0
1552953600,36.64,36.696,35.68,35.878,72347570.0
1553040000,35.891,37.59,35.701,37.522,107846800.0
1553126400,37.4,37.9,37.061,37.787,85229900.0
1553212800,37.595,37.643,36.004,36.101,86271850.0
1553472000,35.9,36.704,35.744,36.623,84645120.0
1553558400,36.787,36.838,35.802,35.997,76482490.0
1553644800,36.1,36.247,35.037,35.337,78264260.0
1553731200,35.4485,35.594,34.92,35.461,43498200.0
1553817600,35.716,35.825,35.371,35.656,47006830.0
1554076800,35.9,36.833,35.851,36.696,69740450.0
1554163200,36.625,36.842,36.222,36.772,51144660.0
1554249600,36.926,37.3411,36.619,36.975,53664980.0
1554336000,37.007,37.205,36.24,36.788,46219650.0
1554422400,36.9,36.98,36.466,36.549,38988880.0
1554681600,36.511,36.594,35.993,36.141,46488770.0
1554768000,36.054,36.674,35.9,36.471,54314670.0
1554854400,36.579,36.8848,36.225,36.392,45379630.0
1554940800,36.5,37.012,36.081,36.765,64161550.0
1555027200,36.069,36.175,34.936,35.114,156055800.0
1555286400,35.071,35.221,34.227,34.887,88190810.0
1555372800,35.5,36.4479,35.272,35.946,184164500.0
1555459200,36.505,36.8764,35.06,35.474,180093500.0
1555545600,35.5,36.041,35.164,36.035,83464700.0
1555891200,35.97,37.769,35.9,37.734,119599400.0
1555977600,37.545,38.48,37.4707,38.189,99920220.0
1556064000,38.107,38.19,37.327,37.423,65199780.0
1556150400,37.449,37.476,36.57,36.833,62425180.0
1556236800,36.835,37.514,36.624,37.485,56158140.0
1556496000,37.368,37.4575,36.9115,37.183,37649110.0
1556582400,36.956,37.45,36.8348,37.054,38639730.0
1556668800,37.4,38.599,37.3175,37.881,92572840.0
1556755200,37.8,38.35,37.451,37.906,53981670.0
1556841600,38.153,38.503,37.8272,38.503,51303010.0
1557100800,37.769,38.135,37.6,37.867,57931440.0
1557187200,37.7,37.991,36.581,37.046,69749240.0
1557273600,36.792,36.9,36.136,36.437,65719570.0
1557360000,36.09,36.42,35.275,36.275,58825720.0
1557446400,36.162,36.5258,35.306,36.104,56571230.0
1557705600,35.229,35.426,34.31,34.526,80266970.0
1557792000,34.871,34.995,34.25,34.561,53530290.0
1557878400,34.334,35.65,34.139,35.499,63401180.0
1557964800,35.637,36.4,35.3935,35.931,64414630.0
1558051200,35.639,35.962,35.3785,35.445,47254480.0
1558310400,35.123,35.2418,34.54,34.811,46215150.0
1558396800,35.095,35.6425,34.993,35.427,40263690.0
1558483200,35.801,37.046,35.73,35.973,62293890.0
1558569600,35.55,35.742,34.77,35.221,56304430.0
1558656000,35.541,35.944,35.3791,35.439,38309630.0
1559001600,35.439,36.12,35.364,35.478,47171440.0
1559088000,35.36,35.3848,34.59,34.919,56589130.0
1559174400,35.055,35.421,34.83,35.185,40080420.0
1559260800,34.722,34.934,34.292,34.328,50234490.0
1559520000,34.356,34.766,33.265,33.663,78495890.0
1559606400,34.5,35.361,34.325,35.34,78916320.0
1559692800,35.438,35.788,34.871,35.573,50200810.0
1559779200,35.484,35.821,35.209,35.713,37099550.0
1559865600,35.739,36.515,35.569,36.087,47773210.0
1560124800,36.365,36.71,34.9285,35.201,78102610.0
1560211200,35.5,35.758,34.85,35.127,53967120.0
1560297600,35.182,35.361,34.323,34.556,45847040.0
1560384000,34.723,34.85,33.925,34.343,62093470.0
1560470400,34.163,34.34,33.6155,33.973,50190110.0
1560729600,34.269,35.177,34.206,35.062,53582190.0
1560816000,35.557,36.15,35.375,35.712,54285420.0
1560902400,36.172,36.474,35.612,36.352,56671560.0
1560988800,36.591,37.012,36.1215,36.521,58994670.0
1561075200,36.5,37.145,36.5,36.921,74483560.0
1561334400,37.027,37.5,37.02,37.104,48302400.0
1561420800,37.075,37.0999,35.829,36.03,57503830.0
1561507200,36.16,36.679,36.16,36.22,36696770.0
1561593600,36.32,37.085,36.32,37.002,41385750.0
1561680000,37.026,37.1545,36.487,36.732,45927060.0
1561939200,37.35,37.666,37.2,37.46,50015180.0
1562025600,37.489,37.6,37.031,37.543,36289620.0
1562112000,37.669,38.199,37.584,38.172,37990090.0
1562284800,37.829,38.14,37.5555,38.055,37321620.0
1562544000,37.819,37.825,37.536,37.616,31134020.0
1562630400,37.906,38.476,37.75,37.993,69328220.0
1562716800,38.277,38.434,37.74,38.1,58787900.0
1562803200,38.11,38.454,37.88,37.95,43362870.0
1562889600,37.868,37.9738,37.2792,37.325,66369370.0
1563148800,37.294,37.368,36.23,36.66,79446800.0
1563235200,37.009,37.134,36.492,36.599,58632220.0
1563321600,36.625,36.65,36.175,36.244,136395400.0
1563408000,32.376,32.985,32.03,32.521,313059000.0
1563494400,32.34,32.585,31.423,31.51,163024800.0
1563753600,31.2,31.454,30.581,31.062,177253300.0
1563840000,31.144,31.35,30.6,30.73,91710680.0
1563926400,31.051,31.999,30.725,31.794,119618200.0
1564012800,31.886,32.769,31.63,32.646,107985000.0
1564099200,32.879,33.6,32.75,33.578,108475000.0
1564358400,33.598,33.64,32.877,33.27,57828170.0
1564444800,32.92,32.965,32.323,32.593,60293200.0
1564531200,32.516,33.177,31.853,32.299,62594940.0
1564617600,32.425,32.858,31.8735,31.95,65631560.0
1564704000,31.749,31.941,31.18,31.883,62803430.0
1564963200,31.096,31.3418,30.4677,30.763,86924850.0
1565049600,31.058,31.188,30.53,31.01,61790900.0
1565136000,30.256,30.5,29.6813,30.429,93224330.0
1565222400,31.103,31.6365,30.663,31.59,59058650.0
1565308800,31.374,31.664,30.568,30.893,53490590.0
1565568000,30.546,31.289,30.324,31.083,65317220.0
1565654400,30.977,31.643,30.816,31.228,53387610.0
1565740800,30.801,30.841,29.8005,29.911,73557530.0
1565827200,29.95,30.063,28.8,29.576,96833840.0
1565913600,29.886,30.355,29.627,30.28,70907570.0
1566172800,30.625,31.175,30.475,30.938,49517330.0
1566259200,30.457,30.5,29.7681,29.899,73521620.0
1566345600,30.161,30.288,29.62,29.781,56897460.0
1566432000,29.865,30.033,29.315,29.693,49770420.0
1566518400,29.5,29.901,29.032,29.144,63311890.0
1566777600,29.524,29.695,29.25,29.498,46969820.0
1566864000,29.454,29.677,28.7197,29.103,63145590.0
1566950400,28.947,29.282,28.775,29.177,39580430.0
1567036800,29.5,29.993,29.499,29.678,43925320.0
1567123200,29.878,29.894,29.085,29.375,44479900.0
1567468800,29.082,29.39,28.806,28.929,36841770.0
1567555200,29.125,29.238,28.651,29.152,46536650.0
1567641600,28.532,29.397,28.2785,29.325,89723560.0
1567728000,29.335,29.335,28.703,29.017,51665560.0
1567987200,29.481,30.155,29.06,29.434,82327440.0
1568073600,29.116,29.717,28.2663,28.799,123202500.0
1568160000,28.57,29.265,28.461,28.827,74059490.0
1568246400,28.81,29.273,28.66,28.886,50109270.0
1568332800,29.061,29.662,29.004,29.415,65831240.0
1568592000,29.423,29.743,28.978,29.429,53073860.0
1568678400,29.45,29.915,29.179,29.86,48171190.0
1568764800,29.499,29.605,28.745,29.156,78415390.0
1568851200,29.156,29.381,28.34,28.66,85457610.0
1568937600,28.026,28.25,26.6,27.075,239541900.0
1569196800,26.8345,27.339,26.189,26.592,136102900.0
1569283200,26.25,26.5,25.228,25.459,163928100.0
1569369600,25.571,26.66,25.37,26.475,118467500.0
1569456000,26.642,26.805,26.02,26.331,76968580.0
1569542400,26.6175,26.744,26.039,26.308,73674910.0
1569801600,26.4,26.888,26.278,26.762,68231000.0
1569888000,26.735,27.22,26.403,26.958,87862840.0
1569974400,26.361,26.935,26.219,26.803,77732990.0
1570060800,26.778,26.8843,25.701,26.815,90688100.0
1570147200,26.82,27.5485,26.647,27.279,99927740.0
1570406400,27.199,27.668,27.128,27.446,67968110.0
1570492800,27.303,27.553,27.0643,27.072,63022690.0
1570579200,27.002,27.1,26.457,26.753,68434880.0
1570665600,26.597,28.053,26.5034,28.048,109611900.0
1570752000,28.48,28.787,27.5895,28.293,88173010.0
1571011200,28.393,28.693,28.2,28.553,55431200.0
1571097600,28.382,28.587,27.94,28.425,77281610.0
1571184000,28.312,28.817,28.0743,28.628,184133400.0
1571270400,30.449,30.875,28.83,29.335,384623400.0
1571356800,28.936,29.09,27.336,27.53,234496400.0
1571616000,27.289,27.994,26.9,27.805,126339600.0
1571702400,27.1159,27.541,26.58,26.669,118655900.0
1571788800,26.806,27.392,26.663,27.127,71544300.0
1571875200,27.181,27.402,26.88,27.15,49110330.0
1571961600,27.068,27.777,27.018,27.682,47478290.0
1572220800,27.805,28.575,27.735,28.186,62484330.0
1572307200,28.187,28.441,27.7545,28.121,43561810.0
1572393600,28.434,29.349,28.3,29.145,93455620.0
1572480000,29.1,29.145,28.478,28.741,50900210.0
1572566400,28.87,28.912,28.302,28.681,55942930.0
1572825600,28.8,29.539,28.716,29.286,55662130.0
1572912000,28.999,29.119,28.631,28.803,40623700.0
1572998400,28.819,29.056,28.584,28.859,34382570.0
1573084800,29.07,29.819,28.8268,28.957,59284710.0
1573171200,28.873,29.399,28.7505,29.157,45095880.0
1573430400,28.916,29.636,28.85,29.418,39458850.0
1573516800,29.532,29.5345,28.87,29.201,57748330.0
1573603200,29.103,29.341,28.114,28.311,92330660.0
1573689600,28.325,29.063,28.322,28.962,65397710.0
1573776000,29.059,29.5819,28.7568,29.503,63377790.0
1574035200,29.6,30.499,29.328,30.257,86215660.0
1574121600,30.401,30.567,29.852,30.26,59197100.0
1574208000,30.101,30.825,30.1,30.516,51155460.0
1574294400,30.6,31.269,30.4262,31.169,74883730.0
1574380800,30.91,31.14,30.441,31.048,59700560.0
1574640000,30.883,31.573,30.525,31.555,78789430.0
1574726400,31.5,31.65,31.169,31.249,53283480.0
1574812800,31.393,31.682,31.275,31.593,41009750.0
1574985600,31.578,31.662,31.334,31.466,24117490.0
1575244800,31.439,31.439,30.375,30.999,62231350.0
1575331200,30.222,30.736,30.188,30.616,52724470.0
1575417600,30.843,30.843,30.3273,30.432,35135510.0
1575504000,30.527,30.648,29.881,30.286,46188670.0
1575590400,30.47,30.7849,30.26,30.735,44596840.0
1575849600,30.735,31.149,30.244,30.25,57660060.0
1575936000,29.612,29.894,29.202,29.312,104812400.0
1576022400,29.449,29.943,29.42,29.893,56071550.0
1576108800,29.567,29.9165,29.506,29.844,47714040.0
1576195200,29.85,30.18,29.725,29.85,38830690.0
1576454400,30.085,30.571,29.863,30.421,46601660.0
1576540800,30.736,31.68,30.66,31.548,104371300.0
1576627200,31.626,32.536,31.56,32.08,112107400.0
1576713600,32.45,33.283,32.418,33.222,98333550.0
1576800000,33.5,33.8,33.06,33.69,99232600.0
1577059200,33.776,33.795,33.102,33.31,57679370.0
1577145600,33.401,33.57,33.16,33.32,20193220.0
1577318400,33.46,33.6462,33.201,33.263,35958540.0
1577404800,33.296,33.382,32.601,32.909,50371560.0
1577664000,32.908,32.9185,32.286,32.331,43152670.0
1577750400,32.2,32.4916,32.109,32.357,37148370.0
1577923200,32.61,32.998,32.478,32.981,43484930.0
1578009600,32.678,32.986,32.553,32.59,37954660.0
1578268800,32.312,33.636,32.12,33.583,56685770.0
1578355200,33.647,33.67,33.03,33.075,47424580.0
1578441600,33.149,34.27,33.105,33.926,71091170.0
1578528000,34.2,34.342,33.461,33.566,47174300.0
1578614400,33.713,33.85,32.727,32.905,47205400.0
1578873600,33.18,34.085,33.151,33.892,62961740.0
1578960000,34.44,34.538,33.552,33.869,72015440.0
1579046400,33.868,34.317,33.66,33.907,51580350.0
1579132800,34.35,34.3555,33.585,33.862,50159970.0
1579219200,34.1,34.157,33.738,33.967,60665470.0
1579564800,34.0,34.1,33.259,33.811,143503200.0
1579651200,33.255,33.63,32.36,32.6,217299600.0
1579737600,32.604,34.988,32.501,34.96,182002900.0
1579824000,34.846,35.985,34.588,35.316,179396800.0
1580083200,34.595,35.19,34.102,34.288,77094820.0
1580169600,34.588,35.24,34.278,34.852,68215810.0
1580256000,34.9,34.94,33.855,34.316,76491830.0
1580342400,34.11,34.82,33.925,34.774,53281360.0
1580428800,34.739,34.739,34.098,34.509,52300010.0
1580688000,34.724,35.963,34.628,35.8,66748850.0
1580774400,36.1,36.957,35.6096,36.901,71614510.0
1580860800,37.5125,37.525,36.23,36.967,64370260.0
1580947200,36.96,37.155,36.2505,36.695,39204280.0
1581033600,36.504,37.18,36.357,36.677,43852270.0
1581292800,36.5,37.48,36.252,37.107,52941380.0
1581379200,37.375,37.811,36.972,37.369,47728700.0
1581465600,37.718,38.062,37.588,38.001,46247720.0
1581552000,37.696,38.537,37.651,38.14,44853830.0
1581638400,38.147,38.515,37.9434,38.04,37362660.0
1581984000,37.93,38.954,37.919,38.778,51804000.0
1582070400,38.812,39.295,38.49,38.619,48963680.0
1582156800,38.656,38.97,37.668,38.6,40794250.0
1582243200,38.533,38.732,37.7901,38.007,39356180.0
1582502400,36.476,37.282,36.1,36.87,69364180.0
1582588800,37.2,37.565,35.772,36.009,64812430.0
1582675200,36.631,38.2,36.5,37.924,89611260.0
1582761600,37.146,39.1562,37.0596,37.171,109677000.0
1582848000,36.421,37.677,35.68,36.903,111785700.0
1583107200,37.311,38.136,36.4502,38.105,69978910.0
1583193600,38.103,39.352,36.74,36.877,83646230.0
1583280000,37.777,38.401,37.051,38.379,54873400.0
1583366400,38.1,39.14,36.864,37.278,87469850.0
1583452800,36.77,37.131,35.685,36.897,81471650.0
1583712000,34.386,35.747,34.1721,34.649,74054580.0
1583798400,35.6425,36.454,34.785,36.413,76044440.0
1583884800,35.892,36.298,34.479,34.992,60587820.0
1583971200,32.65,33.572,30.732,31.525,120715900.0
1584057600,33.051,33.642,30.739,33.6295,94581970.0
1584316800,30.663,33.435,29.475,29.884,105599400.0
1584403200,30.619,32.29,29.025,31.975,100139100.0
1584489600,30.2395,33.1579,30.0,31.547,125936500.0
1584576000,32.433,34.851,31.682,33.203,106159600.0
1584662400,34.231,35.049,33.2,33.283,108538500.0
1584921600,34.789,36.611,34.0884,36.027,134493800.0
1585008000,36.999,37.293,35.303,35.732,116386800.0
1585094400,36.102,36.2,33.917,34.239,87671710.0
1585180800,34.4,36.384,34.173,36.299,72350160.0
1585267200,35.909,36.856,35.3,35.712,79487750.0
1585526400,36.3,37.78,36.117,37.096,86219640.0
1585612800,36.793,38.301,36.644,37.55,93664640.0
1585699200,37.605,38.0233,36.102,36.408,66724540.0
1585785600,36.408,37.099,36.006,37.008,45924770.0
1585872000,36.747,37.09,35.751,36.176,48607680.0
1586131200,36.522,38.029,36.171,37.996,81839210.0
1586217600,38.0,38.133,36.934,37.228,70464380.0
1586304000,37.401,37.839,36.831,37.112,69088790.0
1586390400,37.106,37.21,36.303,37.072,77112960.0
1586736000,37.131,40.051,36.77,39.672,116929200.0
1586822400,39.75,41.782,39.4847,41.355,115809800.0
1586908800,41.3,43.498,41.225,42.675,135612200.0
1586995200,43.7,44.952,43.161,43.917,161286700.0
1587081600,43.1,43.2,41.4695,42.296,126162600.0
1587340800,43.517,44.449,43.056,43.749,126558200.0
1587427200,44.477,44.7,42.56,43.383,231775500.0
1587513600,42.9725,43.3,41.3,42.142,211237700.0
1587600000,41.926,43.8413,41.926,42.67,139523300.0
1587686400,42.5,42.717,41.588,42.499,86703620.0
1587945600,42.5,42.9,42.084,42.138,62774800.0
1588032000,41.999,42.1,40.291,40.383,101012300.0
1588118400,39.953,41.586,39.36,41.189,96931370.0
1588204800,41.031,42.444,40.8,41.985,79539750.0
1588291200,41.51,42.797,41.173,41.527,82998580.0
1588550400,41.778,42.854,41.487,42.815,77990580.0
1588636800,42.7555,43.1,42.156,42.468,62862930.0
1588723200,42.93,43.977,42.6385,43.426,66607370.0
1588809600,43.689,43.888,43.066,43.653,56502810.0
1588896000,43.414,44.2,43.3639,43.555,50543080.0
1589155200,43.633,44.489,43.556,44.052,54860370.0
1589241600,44.2,44.417,43.136,43.182,45982110.0
1589328000,43.569,44.7,42.727,43.827,70145630.0
1589414400,44.49,45.238,43.282,44.195,90074670.0
1589500800,44.07,45.5,43.751,45.419,72439980.0
1589760000,45.116,45.636,44.335,45.258,77803090.0
1589846400,45.3397,45.897,45.0465,45.104,48104870.0
1589932800,45.425,45.581,44.4,44.767,56072570.0
1590019200,44.856,44.896,43.025,43.625,91173250.0
1590105600,43.7,43.909,42.718,42.932,54223340.0
1590451200,42.777,42.85,41.314,41.477,78811150.0
1590537600,41.038,42.002,39.786,41.989,104463400.0
1590624000,41.724,42.2372,41.15,41.344,56601600.0
1590710400,41.746,42.0295,41.185,41.973,52704840.0
1590969600,41.883,42.672,41.598,42.592,37485730.0
1591056000,42.587,42.759,41.946,42.731,34948010.0
1591142400,42.695,42.71,41.805,42.197,43160440.0
1591228800,42.239,42.871,41.003,41.433,54105290.0
1591315200,40.729,42.0239,40.425,41.96,50995610.0
1591574400,41.6,42.08,40.65,41.949,58514530.0
1591660800,42.165,43.473,42.031,43.405,67969990.0
1591747200,43.6,43.969,43.055,43.448,48968930.0
1591833600,42.82,44.557,42.416,42.556,74628680.0
1591920000,42.9,43.406,41.245,41.807,64611270.0
1592179200,42.14,42.649,41.5424,42.55,44714990.0
1592265600,42.576,43.796,42.518,43.613,55140160.0
1592352000,44.182,45.046,43.922,44.777,65295680.0
1592438400,44.873,45.276,44.28,44.987,42776270.0
1592524800,44.912,45.397,44.56,45.372,59336510.0
1592784000,45.501,46.859,45.421,46.804,62721050.0
1592870400,46.65,47.401,46.45,46.626,59484360.0
1592956800,46.854,47.236,45.4,45.785,48261910.0
1593043200,45.886,46.701,45.4,46.591,41345130.0
1593129600,46.639,46.803,44.224,44.34,68047260.0
1593388800,44.523,44.767,43.214,44.724,48439780.0
1593475200,45.002,45.759,44.7,45.504,41985450.0
1593561600,45.4,48.823,45.4,48.564,97058700.0
1593648000,48.564,49.228,47.5526,47.689,63514850.0
1593993600,48.077,49.95,47.98,49.381,78389900.0
1594080000,49.7311,50.482,49.083,49.316,56698700.0
1594166400,49.8576,50.51,49.381,50.278,56916820.0
1594252800,50.84,51.0,49.578,50.776,58405410.0
1594339200,51.973,55.588,51.128,54.873,216055900.0
1594598400,56.798,57.537,52.096,52.55,183990200.0
1594684800,51.708,52.55,49.049,52.488,150833000.0
1594771200,51.63,52.9,51.018,52.326,100666500.0
1594857600,52.648,53.554,50.4363,52.739,244989900.0
1594944000,49.487,50.359,48.414,49.299,249913500.0
1595203200,48.914,50.45,48.42,50.241,119403100.0
1595289600,50.6,50.622,48.861,49.01,91272180.0
1595376000,49.219,49.72,48.72,48.982,69540780.0
1595462400,49.113,49.19,47.202,47.758,77220340.0
1595548800,46.877,48.717,46.754,48.045,77462470.0
1595808000,48.451,49.692,48.231,49.565,78630690.0
1595894400,49.602,49.7793,48.776,48.851,59867270.0
1595980800,49.225,49.492,48.413,48.448,66117690.0
1596067200,48.0707,48.835,47.751,48.58,66085690.0
1596153600,48.829,49.48,48.45,48.888,59243100.0
1596412800,49.086,50.309,49.023,49.862,58761900.0
1596499200,49.865,51.0444,49.865,50.964,56079680.0
1596585600,50.868,51.0102,50.12,50.211,43135260.0
1596672000,50.411,51.082,49.87,50.908,37258610.0
1596758400,50.545,50.829,48.668,49.473,59103480.0
1597017600,49.335,49.7458,47.8627,48.338,46911850.0
1597104000,47.975,48.092,46.655,46.693,73292260.0
1597190400,47.134,48.249,47.018,47.547,54412430.0
1597276800,47.84,48.445,47.645,48.133,30089330.0
1597363200,48.282,48.8325,48.021,48.268,29434870.0
1597622400,48.419,48.624,47.91,48.235,24235450.0
1597708800,48.435,49.53,48.28,49.187,35055180.0
1597795200,49.393,49.4498,48.35,48.453,31562180.0
1597881600,48.469,49.894,48.389,49.79,51324800.0
1597968000,49.646,49.813,49.0,49.231,39212930.0
1598227200,49.5438,50.1,48.316,48.881,47621830.0
1598313600,48.819,49.247,48.509,49.058,57277210.0
1598400000,49.25,54.904,49.2075,54.753,203736800.0
1598486400,53.7775,54.1,52.1247,52.627,90629120.0
1598572800,53.2,53.9,52.2,52.389,44175170.0
1598832000,52.116,53.199,51.758,52.956,49414090.0
1598918400,53.26,55.739,53.245,55.655,95819070.0
1599004800,55.378,55.65,53.7369,55.284,58869300.0
1599091200,54.5,55.4,52.132,52.575,90710890.0
1599177600,52.018,52.736,48.598,51.605,82701180.0
1599523200,49.84,52.2,49.5,50.702,55726840.0
1599609600,51.921,52.0,49.2574,50.019,68481270.0
1599696000,50.335,50.629,47.884,48.067,62401810.0
1599782400,48.6485,49.373,47.681,48.203,50352000.0
1600041600,48.062,48.899,47.13,47.626,73591260.0
1600128000,48.4,49.747,48.163,49.599,53369920.0
1600214400,49.999,50.466,48.331,48.386,44014120.0
1600300800,47.516,47.84,46.327,47.02,53793010.0
1600387200,47.251,47.94,45.86,46.996,67177110.0
1600646400,46.7692,48.7775,46.632,48.735,54575390.0
1600732800,48.901,49.182,47.926,49.117,34823240.0
1600819200,49.104,49.104,46.9,47.061,37264230.0
1600905600,47.053,47.7,46.782,47.308,37272010.0
1600992000,47.439,48.487,46.8026,48.288,37694360.0
1601251200,48.9109,49.2,47.788,49.065,47734970.0
1601337600,48.95,49.6287,48.653,49.348,35431930.0
1601424000,49.257,50.463,48.927,50.003,46341110.0
1601510400,50.603,52.955,50.36,52.751,81537100.0
1601596800,51.643,52.6371,50.27,50.306,60711650.0
1601856000,50.68,52.099,50.17,52.065,40880690.0
1601942400,51.872,52.182,50.416,50.587,41990340.0
1602028800,51.8,53.649,51.5815,53.466,79886830.0
1602115200,53.348,53.5,52.415,53.179,53864880.0
1602201600,53.7834,54.428,53.5,53.944,47812590.0
1602460800,54.881,55.181,53.824,53.981,53910740.0
1602547200,54.056,55.765,53.72,55.409,56024980.0
1602633600,56.261,57.249,54.1,54.145,95100810.0
1602720000,54.552,55.122,53.51,54.194,51131260.0
1602806400,54.95,55.433,53.003,53.079,63473630.0
1603065600,53.707,54.18,52.538,53.072,75675060.0
1603152000,52.814,53.378,52.226,52.542,100471800.0
1603238400,50.103,50.685,48.825,48.905,174057100.0
1603324800,49.469,49.514,48.2,48.523,69979220.0
1603411200,48.811,49.006,48.135,48.828,49278620.0
1603670400,48.7025,49.682,47.89,48.824,61860870.0
1603756800,49.001,49.049,48.293,48.893,36271750.0
1603843200,48.636,49.4,48.328,48.624,59927310.0
1603929600,48.85,51.39,47.934,50.421,111206900.0
1604016000,50.201,50.588,47.221,47.574,78138970.0
1604275200,47.887,48.63,47.5,48.412,44081930.0
1604361600,48.493,49.5305,47.876,48.722,36902130.0
1604448000,49.536,50.773,49.398,49.695,51373300.0
1604534400,50.656,51.8734,50.345,51.376,53727810.0
1604620800,51.5,51.521,50.251,51.473,42363490.0
1604880000,48.554,49.585,46.726,47.05,104196800.0
1604966400,47.095,48.46,46.341,48.024,83061420.0
1605052800,48.3,49.168,47.826,49.076,54605320.0
1605139200,49.1,49.652,48.0426,48.677,50711550.0
1605225600,48.677,48.894,47.78,48.284,30065100.0
1605484800,48.0,48.558,47.73,47.91,39535630.0
1605571200,48.012,48.751,47.8853,48.063,36980820.0
1605657600,48.195,48.861,47.7721,48.179,36292370.0
1605744000,48.2,48.78,48.047,48.467,22546530.0
1605830400,48.522,49.476,48.157,48.824,42559240.0
1606089600,49.046,49.115,47.584,47.662,54165710.0
1606176000,47.884,48.405,47.589,48.288,35578940.0
1606262400,48.513,48.69,47.8919,48.5,35986290.0
1606435200,48.658,49.325,48.1845,49.136,28057620.0
1606694400,49.008,49.255,48.1268,49.07,35309400.0
1606780800,49.234,50.947,49.1981,50.458,50632340.0
1606867200,50.162,50.6795,49.35,50.338,30283580.0
1606953600,50.299,50.877,49.604,49.752,28261160.0
1607040000,49.75,50.45,49.364,49.831,36662430.0
1607299200,50.001,51.776,49.777,51.578,42892930.0
1607385600,51.79,52.1491,50.555,51.266,42289500.0
1607472000,51.053,51.45,49.129,49.36,41787680.0
1607558400,49.456,50.377,49.291,50.109,30182030.0
1607644800,49.5,50.334,49.485,50.322,32109280.0
1607904000,50.544,52.416,50.118,52.242,57704240.0
1607990400,51.85,52.47,51.356,51.978,33982090.0
1608076800,52.011,52.738,51.769,52.483,36823920.0
1608163200,52.9,53.549,52.644,53.29,31933770.0
1608249600,53.32,53.637,52.602,53.445,45026920.0
1608508800,53.005,53.262,52.115,52.891,38939640.0
1608595200,52.769,53.04,52.05,52.733,19085290.0
1608681600,52.476,52.632,51.42,51.448,23931870.0
1608768000,51.512,51.9345,51.221,51.397,11439520.0
1609113600,51.643,52.366,50.713,51.912,28918670.0
1609200000,51.99,53.6548,51.548,53.087,40223580.0
1609286400,53.013,53.3258,52.369,52.459,18762860.0
1609372800,52.553,54.55,52.315,54.073,53923220.0
1609718400,53.9,54.08,51.5085,52.286,44444070.0
1609804800,52.155,52.678,51.589,52.08,31338720.0
1609891200,51.197,51.31,49.95,50.049,53462100.0
1609977600,50.828,51.644,50.642,50.889,36864480.0
1610064000,51.131,51.324,50.451,51.04,29739490.0
1610323200,50.784,51.0725,49.795,49.91,38127200.0
1610409600,50.0,50.109,48.567,49.425,59904250.0
1610496000,49.5501,51.2354,49.301,50.779,50320990.0
1610582400,50.735,51.45,49.958,50.086,41773570.0
1610668800,50.0,50.632,49.51,49.798,58957880.0
1611014400,50.1,50.925,49.3543,50.177,123158100.0
1611100800,56.542,59.3288,55.686,58.634,326374500.0
1611187200,58.245,58.875,57.04,57.984,118406300.0
1611273600,58.21,58.399,56.435,56.517,75508220.0
1611532800,56.7,56.975,54.865,55.678,72073290.0
1611619200,55.473,56.799,55.406,56.193,50238470.0
1611705600,55.071,55.6419,51.573,52.328,86702770.0
1611792000,53.588,55.3148,53.074,53.86,59689780.0
1611878400,53.8,54.1,53.018,53.239,43252640.0
1612137600,53.679,54.506,53.173,53.904,35475070.0
1612224000,54.201,55.548,53.8935,54.816,37675690.0
1612310400,55.017,55.048,53.8243,53.945,31722880.0
1612396800,53.981,55.948,53.751,55.216,51645370.0
1612483200,55.226,55.444,54.5478,55.079,23761750.0
1612742400,55.5,55.5,54.37,54.792,27917210.0
1612828800,54.6,56.6,54.3,55.907,37034990.0
1612915200,56.25,56.665,55.3463,56.359,39912640.0
1613001600,56.4442,56.593,55.422,55.759,27305870.0
1613088000,55.694,56.125,55.085,55.652,21971280.0
1613433600,55.7286,56.363,55.273,55.728,26240970.0
1613520000,55.099,55.525,54.303,55.134,20715900.0
1613606400,54.9,55.0,53.8227,54.822,24576040.0
1613692800,54.8,54.899,53.8813,54.022,28414570.0
1613952000,53.499,54.179,53.079,53.378,30785940.0
1614038400,52.5004,54.854,51.828,54.615,41365320.0
1614124800,53.98,55.685,53.9065,55.341,32450380.0
1614211200,55.027,55.648,53.575,54.67,42528790.0
1614297600,54.651,55.309,53.8,53.885,37555740.0
1614556800,54.5573,55.214,54.2,55.064,30421800.0
1614643200,55.334,55.699,54.602,54.782,30422260.0
1614729600,54.593,54.8005,51.781,52.07,53624430.0
1614816000,52.15,53.15,50.768,51.129,50347920.0
1614902400,51.198,51.776,49.879,51.639,50699730.0
1615161600,51.446,51.884,49.285,49.333,39817580.0
1615248000,50.731,51.311,50.3822,50.644,34700420.0
1615334400,51.35,51.897,50.425,50.454,37714840.0
1615420800,51.2205,53.0235,51.071,52.306,47144690.0
1615507200,51.25,52.651,50.659,51.802,39817430.0
1615766400,51.632,52.0729,50.803,52.025,34855190.0
1615852800,52.447,53.342,52.321,52.403,32388880.0
1615939200,52.2,52.8365,51.43,52.444,28173760.0
1616025600,51.6396,51.79,50.385,50.479,40966060.0
1616112000,50.496,51.319,50.163,51.218,43863600.0
1616371200,50.913,52.931,50.913,52.311,33605870.0
1616457600,52.987,54.312,52.94,53.509,55834610.0
1616544000,53.378,53.442,52.0,52.081,41022110.0
1616630400,51.699,51.853,49.7,50.286,49267640.0
1616716800,50.282,50.872,49.668,50.805,34677970.0
1616976000,50.566,51.8,50.44,51.395,33300490.0
1617062400,51.0505,51.441,50.691,51.339,24181290.0
1617148800,51.5675,52.813,51.544,52.166,35031110.0
1617235200,52.993,54.05,52.703,53.942,39386370.0
1617580800,54.001,54.285,52.923,54.067,33559040.0
1617667200,54.481,55.4165,54.33,54.453,34742050.0
1617753600,54.35,54.964,54.145,54.699,21513190.0
1617840000,55.113,55.6899,54.757,55.458,43098290.0
1617926400,55.269,55.69,54.711,55.531,28940340.0
1618185600,55.105,55.798,54.958,55.278,29440600.0
1618272000,55.7,55.975,55.03,55.373,27203440.0
1618358400,55.487,55.487,53.853,54.002,37402940.0
1618444800,54.417,55.349,54.266,54.922,31390500.0
1618531200,55.054,55.198,53.951,54.654,32090750.0
1618790400,54.69,55.644,54.553,55.444,42887150.0
1618876800,55.442,56.356,54.63,54.957,112576500.0
1618963200,50.8,51.546,50.36,50.89,228974500.0
1619049600,51.382,51.396,50.055,50.878,90610620.0
1619136000,50.901,50.97,50.07,50.555,73146590.0
1619395200,50.676,51.048,50.3,51.03,43888390.0
1619481600,51.262,51.299,50.4581,50.555,37613270.0
1619568000,50.52,50.8395,50.334,50.652,31929830.0
1619654400,50.76,50.929,49.9,50.9,51277920.0
1619740800,50.5,51.455,50.5,51.347,44132420.0
1620000000,51.265,51.895,50.52,50.911,40918950.0
1620086400,51.078,51.163,49.679,50.318,43495020.0
1620172800,50.499,50.7784,49.463,49.608,31293660.0
1620259200,49.599,49.955,49.137,49.955,37836980.0
1620345600,50.462,50.855,50.112,50.384,31327860.0
1620604800,50.2,50.315,48.611,48.669,51316320.0
1620691200,47.975,49.799,47.863,49.508,44010000.0
1620777600,48.683,49.354,48.27,48.498,41215400.0
1620864000,48.913,49.0775,48.271,48.666,27165610.0
1620950400,48.786,49.485,48.659,49.337,28824640.0
1621209600,48.559,49.271,48.281,48.894,27010570.0
1621296000,48.8395,49.3478,48.619,48.628,23504960.0
1621382400,48.1625,48.857,47.854,48.77,33499300.0
1621468800,48.955,50.27,48.8975,50.167,37212180.0
1621555200,50.312,50.54,49.726,49.789,33229250.0
1621814400,50.105,50.425,49.951,50.29,24125950.0
1621900800,50.6,50.6365,49.922,50.134,26994590.0
1621987200,50.234,50.414,50.05,50.236,24653030.0
1622073600,50.18,50.51,49.854,50.386,32537730.0
1622160000,50.44,51.176,50.253,50.281,29112970.0
1622505600,50.401,50.541,49.7744,49.908,24825550.0
1622592000,49.982,50.322,49.582,49.924,22689790.0
1622678400,49.519,49.666,48.725,48.943,38874450.0
1622764800,49.2,50.186,49.095,49.474,31604870.0
1623024000,49.2917,49.67,49.055,49.466,27919320.0
1623110400,49.7,49.882,48.937,49.239,23740370.0
1623196800,49.45,49.609,48.465,48.581,30550290.0
1623283200,48.7165,49.021,48.214,48.727,43829280.0
1623369600,49.0,49.141,48.778,48.877,31239690.0
1623628800,48.968,50.35,48.691,49.989,44002220.0
1623715200,50.123,50.123,49.04,49.19,31040730.0
1623801600,49.5,49.646,48.628,49.241,35332060.0
1623888000,49.025,50.18,49.015,49.834,31982730.0
1623974400,49.64,50.449,49.524,50.077,51975760.0
1624233600,50.164,50.205,49.228,49.7,52772970.0
1624320000,49.854,51.355,49.5795,50.882,58092710.0
1624406400,50.848,51.663,50.82,51.274,39447820.0
1624492800,51.796,52.096,51.44,51.806,33612020.0
1624579200,52.884,53.306,52.5,52.707,52990720.0
1624838400,52.812,53.394,52.456,53.303,28202270.0
1624924800,53.355,53.613,52.857,53.35,23146470.0
1625011200,53.4055,53.438,52.682,52.821,27734450.0
1625097600,52.572,53.704,52.572,53.354,28054020.0
1625184000,53.55,53.8535,52.939,53.398,19803160.0
1625529600,53.3,54.286,53.3,54.164,27750510.0
1625616000,54.424,54.464,53.166,53.596,27224980.0
1625702400,53.093,53.55,52.909,53.076,32689880.0
1625788800,53.1,53.826,52.858,53.598,27772310.0
1626048000,54.03,54.065,53.292,53.731,17807380.0
1626134400,53.576,54.533,53.576,54.068,27515930.0
1626220800,54.101,55.41,54.101,54.795,46595350.0
1626307200,55.397,55.754,53.82,54.295,57138730.0
1626393600,54.181,54.406,52.705,53.031,34421010.0
1626652800,52.605,53.4913,52.224,53.228,38857640.0
1626739200,52.607,53.664,52.03,53.105,69304400.0
1626825600,52.613,53.099,50.561,51.363,119067900.0
1626912000,51.0206,51.368,50.7,51.177,43280610.0
1626998400,51.216,51.741,50.466,51.541,38204780.0
1627257600,51.438,52.113,50.901,51.649,22545380.0
1627344000,51.808,52.195,51.205,51.891,27590370.0
1627430400,52.182,52.447,51.698,51.93,23904660.0
1627516800,51.996,52.078,51.3793,51.425,17360140.0
1627603200,51.269,51.979,51.0964,51.757,25371070.0
1627862400,51.9,51.985,51.051,51.515,20966320.0
1627948800,51.439,51.563,50.537,51.082,25794270.0
1628035200,51.3,51.798,51.037,51.735,20393740.0
1628121600,51.713,52.541,51.402,52.489,25566870.0
1628208000,52.4,52.684,51.939,52.055,19197980.0
1628467200,52.1147,52.267,51.799,51.997,13677820.0
1628553600,52.0,52.079,51.2965,51.584,19605440.0
1628640000,51.7,51.957,50.977,51.24,16739040.0
1628726400,51.186,51.3,50.7201,51.072,16861700.0
1628812800,51.264,52.144,51.151,51.592,21777360.0
1629072000,51.524,52.338,51.23,51.792,20331760.0
1629158400,51.5465,52.079,51.42,51.891,23098030.0
1629244800,52.0,52.638,51.865,52.187,25820460.0
1629331200,52.274,54.839,52.187,54.371,74972920.0
1629417600,54.509,55.1388,53.91,54.688,37764290.0
1629676800,54.598,55.555,54.374,55.333,26020100.0
1629763200,55.1484,55.5314,54.927,55.341,21095250.0
1629849600,55.016,55.284,54.545,54.758,20656210.0
1629936000,54.616,55.2604,54.59,55.012,15954990.0
1630022400,55.16,56.417,54.925,55.892,32525950.0
1630281600,55.725,56.7165,55.645,56.618,24348390.0
1630368000,56.612,56.948,56.1611,56.919,24318860.0
1630454400,56.9,59.1,56.9,58.207,56262140.0
1630540800,58.368,59.8757,58.368,58.855,61847820.0
1630627200,58.58,59.1878,58.314,59.053,26840050.0
1630972800,59.469,61.385,59.399,60.671,58309790.0
1631059200,60.384,61.56,59.571,60.605,54245030.0
1631145600,60.647,60.944,59.655,59.754,29542140.0
1631232000,59.816,60.945,59.367,59.872,39507640.0
1631491200,59.857,59.857,58.2775,58.929,30628710.0
1631577600,58.489,58.728,57.556,57.776,34569580.0
1631664000,57.817,58.462,57.537,58.287,27556150.0
1631750400,58.43,58.748,57.772,58.65,18320280.0
1631836800,58.785,59.028,58.085,58.935,41451450.0
1632096000,58.679,59.153,56.808,57.543,37322270.0
1632182400,57.831,58.188,56.937,57.314,22508840.0
1632268800,57.969,59.565,57.969,59.065,40218450.0
1632355200,59.079,59.932,58.913,59.326,25261610.0
1632441600,59.25,59.298,58.364,59.239,21262460.0
1632700800,58.795,59.358,57.693,59.264,25047380.0
1632787200,58.9,59.9535,58.016,58.385,44310510.0
1632873600,58.901,60.988,58.801,59.906,62210260.0
1632960000,60.805,61.9,60.805,61.034,66160400.0
1633046400,60.424,61.499,59.7505,61.315,40908470.0
1633305600,61.339,62.6125,59.468,60.335,49959320.0
1633392000,60.694,64.039,60.689,63.481,95342930.0
1633478400,62.818,63.987,62.636,63.91,45804340.0
1633564800,64.2225,64.684,63.045,63.185,35568860.0
1633651200,63.4165,64.38,63.086,63.266,32720930.0
1633910400,63.3195,63.942,62.678,62.704,28624700.0
1633996800,63.302,63.7655,62.199,62.494,32273490.0
1634083200,63.2179,63.2179,62.21,62.976,24246380.0
1634169600,63.223,63.688,62.679,63.38,26725350.0
1634256000,63.8,63.942,62.516,62.829,41168740.0
1634515200,63.21,63.841,62.059,63.797,46690710.0
1634601600,63.6969,64.1,63.23,63.9,76331470.0
1634688000,62.5573,63.74,61.715,62.514,106220000.0
1634774400,62.889,65.401,62.865,65.316,84370700.0
1634860800,65.181,66.546,65.181,66.478,61860160.0
1635120000,66.374,67.588,65.707,67.166,38335260.0
1635206400,67.376,67.649,66.277,66.852,29048400.0
1635292800,66.9,67.141,66.185,66.292,22769140.0
1635379200,67.0949,67.68,66.803,67.405,28594090.0
1635465600,67.306,69.097,67.124,69.031,38252790.0
1635724800,68.906,68.997,67.654,68.117,31109110.0
1635811200,68.311,68.768,67.382,67.772,38885970.0
1635897600,67.727,68.939,67.727,68.829,23348520.0
1635984000,68.589,68.594,66.55,66.84,48650230.0
1636070400,66.397,66.564,64.501,64.572,52834880.0
1636329600,65.029,65.6,64.379,65.145,28875230.0
1636416000,65.37,66.05,65.052,65.599,24156300.0
1636502400,65.301,66.0331,64.211,64.691,24057850.0
1636588800,65.024,66.582,64.9705,65.758,28683110.0
1636675200,66.001,68.334,65.382,68.261,41984100.0
1636934400,68.1235,68.526,67.149,67.933,28721860.0
1637020800,67.827,68.836,67.69,68.74,20773870.0
1637107200,69.0,70.0989,68.609,69.169,27328310.0
1637193600,69.161,69.174,67.9735,68.202,20149920.0
1637280000,69.235,69.416,67.5,67.88,26148520.0
1637539200,67.602,67.948,65.647,65.92,27653180.0
1637625600,65.818,66.643,64.605,65.406,23209170.0
1637712000,65.801,66.144,65.11,65.829,18672820.0
1637884800,67.5,67.6405,66.067,66.564,28725130.0
1638144000,66.32,66.799,65.829,66.384,25293640.0
1638230400,66.8198,67.538,64.001,64.19,56089190.0
1638316800,64.948,65.452,61.707,61.777,38970190.0
1638403200,61.71,62.536,61.288,61.647,33311310.0
1638489600,62.275,62.55,59.4,60.213,48292820.0
1638748800,60.601,61.729,60.1,61.269,30756720.0
1638835200,61.983,62.889,61.14,62.558,31251900.0
1638921600,63.0,63.2455,62.32,62.808,22203080.0
1639008000,62.758,63.024,61.044,61.1,23763210.0
1639094400,61.678,61.774,60.588,61.166,27487740.0
1639353600,61.2,61.264,59.952,60.456,25179150.0
1639440000,59.871,60.229,58.813,59.799,29845360.0
1639526400,59.818,60.569,58.451,60.504,28661960.0
1639612800,59.709,60.2831,58.8,59.106,31432170.0
1639699200,59.161,59.325,58.174,58.673,44337060.0
1639958400,58.643,60.2885,58.426,59.374,33584040.0
1640044800,59.7543,60.782,59.3861,60.492,23193900.0
1640131200,60.336,61.482,60.263,61.424,23357450.0
1640217600,61.64,61.688,60.757,61.409,16211460.0
1640563200,61.5,61.5,60.925,61.312,20622330.0
1640649600,61.495,61.841,60.969,61.071,18841160.0
1640736000,61.071,61.398,60.468,61.054,12875130.0
1640822400,61.299,62.061,61.124,61.209,16250930.0
1640908800,61.001,61.4075,60.205,60.244,19959180.0
1641168000,60.561,60.999,59.056,59.737,30688080.0
1641254400,59.991,60.041,58.16,59.115,43931350.0
1641340800,59.2,59.284,56.688,56.752,41487490.0
1641427200,55.434,56.336,54.201,55.329,57117950.0
1641513600,54.946,55.343,53.8218,54.106,33828730.0
1641772800,53.849,54.369,52.632,53.985,44861450.0
1641859200,53.699,54.391,53.007,54.084,30778360.0
1641945600,54.427,54.427,53.202,53.722,37873720.0
1642032000,53.706,54.079,51.826,51.92,44750630.0
1642118400,51.76,53.837,51.188,52.569,78611090.0
1642464000,52.008,52.175,50.868,51.08,48444180.0
1642550400,51.5,52.321,51.051,51.586,43535080.0
1642636800,51.775,52.664,50.693,50.825,126589900.0
1642723200,40.0425,40.915,37.999,39.75,589042700.0
1642982400,38.391,38.726,35.146,38.715,323867800.0
1643068800,37.914,38.771,36.513,36.642,151458200.0
1643155200,37.827,38.266,35.662,35.97,126839800.0
1643241600,38.206,39.48,37.81,38.67,243247500.0
1643328000,38.676,38.7,37.208,38.436,119666100.0
1643587200,40.197,42.77,39.82,42.714,200474500.0
1643673600,43.296,45.848,42.554,45.713,225681000.0
1643760000,44.825,45.198,42.648,42.948,143460100.0
1643846400,42.144,42.926,40.428,40.56,99052100.0
1643932800,40.731,41.277,39.6639,41.017,77897980.0
1644192000,41.017,41.235,39.355,40.21,82328590.0
1644278400,39.818,40.661,39.583,40.353,68185430.0
1644364800,40.865,41.298,39.879,41.289,77382270.0
1644451200,40.21,40.8,39.636,40.627,84529150.0
1644537600,40.533,41.161,38.765,39.131,75589390.0
1644796800,38.759,40.936,38.6891,39.657,72021550.0
1644883200,40.379,40.9162,40.101,40.746,53956410.0
1644969600,40.153,40.156,39.0384,39.808,52776500.0
1645056000,39.4235,39.911,38.57,38.667,46692220.0
1645142400,39.253,40.287,38.9047,39.129,68016680.0
1645488000,38.895,39.242,37.302,37.738,66975150.0
1645574400,38.272,38.6,36.666,36.746,46142900.0
1645660800,35.509,39.073,35.472,39.003,70687240.0
1645747200,38.661,39.129,37.558,39.08,48416360.0
1646006400,38.733,39.775,38.213,39.452,50350460.0
1646092800,39.16,39.5,38.3705,38.624,32904390.0
1646179200,38.893,38.922,37.521,38.003,53568090.0
1646265600,38.6,38.612,36.465,36.807,60768360.0
1646352000,36.8,37.4819,35.717,36.173,53291800.0
1646611200,36.041,36.1995,35.02,35.026,57083830.0
1646697600,34.98,35.886,34.067,34.176,64286550.0
1646784000,35.7685,36.414,35.0509,35.879,65201860.0
1646870400,35.62,36.702,35.33,35.677,48077670.0
1646956800,36.119,36.336,34.0,34.032,48199250.0
1647216000,33.872,34.132,32.982,33.101,59078170.0
1647302400,33.51,34.536,33.236,34.375,54606400.0
1647388800,34.82,35.999,34.306,35.753,69824690.0
1647475200,35.97,37.331,35.488,37.14,58183480.0
1647561600,37.2,38.18,36.847,38.06,83248250.0
1647820800,37.802,38.182,36.894,37.459,48664630.0
1647907200,37.114,38.666,36.676,38.292,42427620.0
1647993600,37.977,38.246,37.449,37.449,37289540.0
1648080000,37.976,37.976,36.89,37.571,38884610.0
1648166400,37.707,37.764,36.643,37.385,35759530.0
1648425600,37.523,38.028,36.673,37.851,43234350.0
1648512000,38.439,39.65,38.033,39.182,58807230.0
1648598400,38.955,39.27,37.8625,38.147,40233010.0
1648684800,38.359,38.4,37.361,37.459,41347200.0
1648771200,37.68,38.087,36.85,37.347,46442370.0
1649030400,37.355,39.602,37.313,39.15,70092350.0
1649116800,38.93,39.0,37.7305,38.015,42345080.0
1649203200,37.415,37.647,36.273,36.835,43548850.0
1649289600,36.5,36.854,35.369,36.215,49489090.0
1649376000,36.196,36.25,35.4865,35.588,40251830.0
1649635200,35.0,35.478,34.52,34.8,37770960.0
1649721600,35.591,35.941,34.225,34.41,38242610.0
1649808000,34.392,35.2,34.1155,35.043,32309500.0
1649894400,35.095,35.2,33.986,34.113,43438370.0
1650240000,34.0,34.236,33.1615,33.786,51050410.0
1650326400,33.322,35.168,33.322,34.861,209068900.0
1650412800,24.52,24.87,21.251,22.619,1333875000.0
1650499200,22.0,22.768,21.152,21.822,535016000.0
1650585600,22.018,22.627,21.005,21.552,375151300.0
1650844800,21.381,21.666,20.451,20.991,281520500.0
1650931200,20.88,20.915,19.8277,19.84,203180900.0
1651017600,19.4005,20.019,18.777,18.854,222983900.0
1651104000,19.156,20.148,18.56,19.952,213631600.0
1651190400,19.868,20.471,19.0,19.036,163918900.0
1651449600,19.171,20.0214,19.001,19.946,145916000.0
1651536000,19.829,20.32,19.477,19.987,118394300.0
1651622400,19.765,20.438,19.101,20.401,122187800.0
1651708800,20.045,20.071,18.6,18.832,139713300.0
1651795200,18.675,18.721,17.581,18.097,171854800.0
1652054400,17.7655,18.32,17.23,17.31,140313300.0
1652140800,17.601,18.1871,17.057,17.766,138839100.0
1652227200,17.609,18.092,16.555,16.637,126655200.0
1652313600,16.396,17.758,16.271,17.431,176621200.0
1652400000,17.716,18.777,17.601,18.764,131363300.0
1652659200,19.33,19.589,18.57,18.651,161450100.0
1652745600,18.917,19.14,18.517,19.056,98766850.0
1652832000,18.672,18.77,17.627,17.719,96656320.0
1652918400,17.8045,18.63,17.571,18.348,104485100.0
1653004800,18.5867,19.019,17.977,18.635,104294000.0
1653264000,18.615,18.766,17.789,18.744,96020270.0
1653350400,18.2,18.4,17.717,18.034,77063720.0
1653436800,18.028,18.887,18.017,18.783,85220920.0
1653523200,18.649,19.234,18.3092,19.14,80499330.0
1653609600,19.319,19.525,19.0372,19.519,85859870.0
1653955200,19.618,19.995,19.08,19.744,113984600.0
1654041600,19.87,20.274,19.1661,19.291,84161510.0
1654128000,19.202,20.547,19.172,20.509,96231210.0
1654214400,20.014,20.295,19.805,19.898,71917750.0
1654473600,20.209,20.387,19.538,19.714,53720430.0
1654560000,19.487,19.96,19.3,19.861,48394910.0
1654646400,19.795,20.738,19.764,20.283,72441210.0
1654732800,20.065,20.169,19.254,19.277,69489670.0
1654819200,18.264,18.586,18.085,18.294,130742800.0
1655078400,17.707,17.909,16.8957,16.969,102224100.0
1655164800,16.975,17.2062,16.428,16.754,115553200.0
1655251200,16.9258,18.3845,16.853,18.011,123960400.0
1655337600,17.4,17.627,17.156,17.335,82013060.0
1655424000,17.363,17.965,17.334,17.551,121333700.0
1655769600,17.76,17.8619,16.98,17.091,121775900.0
1655856000,17.075,18.282,17.02,17.889,120106200.0
1655942400,18.05,18.276,17.587,18.171,95382260.0
1656028800,18.35,19.119,18.184,19.085,124239700.0
1656288000,19.177,19.178,18.239,18.914,83638790.0
1656374400,18.92,19.22,17.937,17.96,72018970.0
1656460800,17.955,18.0665,17.51,17.836,57668470.0
1656547200,17.707,17.945,17.03,17.487,78947100.0
1656633600,17.649,18.01,17.427,17.995,52015830.0
1656979200,17.628,18.592,17.268,18.588,73390230.0
1657065600,18.52,18.622,18.082,18.406,57533850.0
1657152000,18.427,19.021,18.35,18.927,63345450.0
1657238400,18.602,18.991,18.275,18.6975,58356800.0
1657497600,18.473,18.499,17.689,17.734,60484470.0
1657584000,17.733,17.9784,17.342,17.445,68452640.0
1657670400,17.05,17.918,16.9702,17.656,127344200.0
1657756800,17.556,17.752,17.182,17.478,90394570.0
1657843200,17.558,18.922,17.456,18.911,163191200.0
1658102400,19.25,19.967,18.98,19.092,163228500.0
1658188800,19.302,20.197,18.84,20.163,281787200.0
1658275200,20.817,21.697,20.01,21.644,539202700.0
1658361600,21.43,22.432,21.15,22.388,234301200.0
1658448000,22.238,22.935,21.844,22.044,178054500.0
1658707200,22.131,22.523,21.635,21.851,109352500.0
1658793600,21.666,21.939,21.164,21.391,95085320.0
1658880000,21.648,22.778,21.458,22.675,105083900.0
1658966400,22.46,22.81,21.967,22.602,89727380.0
1659052800,22.329,23.075,22.24,22.49,90649370.0
1659312000,22.3095,22.839,22.1,22.621,55250440.0
1659398400,22.276,22.82,22.088,22.142,63613270.0
1659484800,22.479,22.81,22.242,22.673,64007010.0
1659571200,22.768,23.207,22.505,22.991,71427410.0
1659657600,22.53,22.862,22.287,22.678,55397330.0
1659916800,22.749,24.196,22.641,23.349,109974100.0
1660003200,23.162,23.22,22.465,22.994,61811940.0
1660089600,23.699,24.454,23.6596,24.411,92547600.0
1660176000,24.468,25.162,24.151,24.27,87800620.0
1660262400,24.481,24.941,24.376,24.93,60985310.0
1660521600,24.811,25.199,24.751,24.911,65273910.0
1660608000,24.716,24.929,24.403,24.569,51368060.0
1660694400,24.118,24.424,23.756,24.115,56272240.0
1660780800,24.196,24.6479,23.928,24.517,52803870.0
1660867200,24.095,24.329,23.568,24.116,75047070.0
1661126400,23.255,23.3475,22.459,22.654,86300940.0
1661212800,22.646,22.99,22.43,22.455,52769450.0
1661299200,22.566,23.41,22.394,22.961,54263160.0
1661385600,23.024,23.416,22.9,23.398,37668670.0
1661472000,23.3625,23.695,22.315,22.328,53498480.0
1661731200,22.193,22.987,22.152,22.457,71093970.0
1661817600,22.666,22.979,21.874,22.065,57404340.0
1661904000,22.7,23.3879,22.343,22.356,86159060.0
1661990400,22.072,23.037,21.947,23.004,72929170.0
1662076800,23.103,23.3881,22.504,22.611,81648830.0
1662422400,22.559,22.685,21.469,21.839,74690160.0
1662508800,22.021,22.933,21.8268,22.896,81493290.0
1662595200,22.416,22.8735,22.13,22.744,67374360.0
1662681600,22.962,23.478,22.962,23.357,67020600.0
1662940800,23.361,23.949,23.337,23.653,60474250.0
1663027200,22.65,22.769,21.772,21.813,80001280.0
1663113600,21.982,22.8,21.58,22.412,82303400.0
1663200000,23.047,24.2287,22.91,23.538,194541200.0
1663286400,23.122,24.1355,22.783,24.013,189141800.0
1663545600,24.505,24.525,23.575,24.363,179123700.0
1663632000,24.037,25.049,23.966,24.285,160374300.0
1663718400,24.267,24.83,23.668,23.687,91667720.0
1663804800,23.535,24.05,23.166,23.705,100179700.0
1663891200,23.514,23.645,22.143,22.641,112072300.0
1664150400,22.56,23.27,22.301,22.407,82342850.0
1664236800,22.863,23.064,22.072,22.436,77622230.0
1664323200,22.969,24.665,22.738,24.52,175796700.0
1664409600,24.161,24.698,23.568,23.971,189949400.0
1664496000,23.7,24.244,23.326,23.544,118486100.0
1664755200,23.785,24.154,23.285,23.904,86574430.0
1664841600,24.484,24.58,23.325,24.074,139258500.0
1664928000,23.876,24.159,22.738,23.673,108256300.0
1665014400,23.668,24.428,23.391,24.002,91889400.0
1665100800,23.577,23.733,22.428,22.475,98061280.0
1665360000,22.564,23.383,22.423,22.998,99911450.0
1665446400,22.605,23.044,21.37,21.429,152824100.0
1665532800,21.43,22.367,21.264,22.087,129526400.0
1665619200,21.269,23.447,21.173,23.251,175050100.0
1665705600,23.78,23.88,22.951,23.0,152934000.0
1665964800,23.441,24.9922,23.44,24.51,210578200.0
1666051200,24.98,25.037,23.773,24.086,257767300.0
1666137600,26.5,27.93,26.266,27.238,466852600.0
1666224000,27.278,27.8376,26.638,26.816,172071000.0
1666310400,26.895,29.075,26.568,28.957,248890600.0
1666569600,29.023,29.049,28.036,28.245,133264200.0
1666656000,28.695,29.759,28.555,29.102,151007200.0
1666742400,29.004,30.563,28.804,29.862,157492500.0
1666828800,29.833,30.521,29.478,29.694,146125900.0
1666915200,29.77,30.119,29.2292,29.572,99605470.0
1667174400,29.513,29.762,28.95,29.188,75051330.0
1667260800,29.617,29.97,28.642,28.675,69164240.0
1667347200,28.64,28.733,27.284,27.3,103676200.0
1667433600,27.125,27.629,26.88,26.906,70573500.0
1667520000,27.202,27.497,25.532,26.079,111246900.0
1667779200,26.106,26.1155,25.209,25.86,79270330.0
1667865600,25.992,26.608,25.688,26.346,76838260.0
1667952000,25.966,26.09,25.422,25.466,72659940.0
1668038400,26.599,27.536,26.009,27.497,96673230.0
1668124800,27.447,29.066,27.1558,29.013,95738340.0
1668384000,29.0,31.1,28.819,29.927,179734000.0
1668470400,30.92,31.271,30.255,31.02,146269300.0
1668556800,30.994,31.049,30.361,30.602,80385560.0
1668643200,29.472,29.982,29.1,29.528,98382200.0
1668729600,29.733,29.8,28.7,28.798,84001080.0
1668988800,29.1,29.187,28.266,28.505,72565070.0
1669075200,28.499,28.698,27.734,28.669,62451190.0
1669161600,28.591,29.247,28.376,29.15,59189880.0
1669334400,28.9,28.921,28.417,28.554,32359530.0
1669593600,28.4,28.955,28.053,28.117,47070490.0
1669680000,28.25,28.296,27.594,28.096,57868740.0
1669766400,28.137,30.826,28.041,30.553,160701200.0
1669852800,30.399,31.98,30.303,31.695,146648700.0
1669939200,31.049,32.199,31.0,32.041,126906000.0
1670198400,31.646,32.277,31.092,31.259,84230290.0
1670284800,31.1,31.3223,30.313,30.556,71953950.0
1670371200,30.65,30.961,30.21,30.842,78216340.0
1670457600,30.911,31.238,30.481,31.026,72053260.0
1670544000,32.145,32.9,31.952,32.001,143640300.0
1670803200,32.0,32.318,30.885,31.518,101486100.0
1670889600,32.8,33.2724,31.7199,32.034,107564300.0
1670976000,31.897,32.471,31.442,31.783,75432910.0
1671062400,30.212,30.339,28.655,29.041,177245600.0
1671148800,28.876,29.472,28.87,29.071,140800500.0
1671408000,28.973,29.225,28.613,28.83,61636670.0
1671494400,28.124,28.928,28.081,28.819,69181140.0
1671580800,28.999,30.066,28.65,29.796,63761730.0
1671667200,29.809,29.888,29.0813,29.775,78561920.0
1671753600,29.618,29.8461,29.191,29.4965,42511080.0
1672099200,29.319,29.357,28.213,28.417,57780980.0
1672185600,28.192,28.519,27.341,27.688,59643690.0
1672272000,28.318,29.55,28.101,29.112,95885270.0
1672358400,28.553,29.501,28.322,29.488,75668920.0
1672704000,29.806,29.839,28.87,29.495,67639640.0
1672790400,29.824,31.1135,29.551,30.941,93450540.0
1672876800,30.7,31.418,30.4545,30.97,83283900.0
1672963200,31.157,31.677,30.369,31.555,89598390.0
1673222400,31.683,32.17,31.322,31.517,67666280.0
1673308800,31.107,32.935,31.107,32.754,130722900.0
1673395200,32.65,32.888,32.135,32.726,95796810.0
1673481600,33.25,33.295,32.314,33.013,108562500.0
1673568000,32.997,33.665,32.8885,33.282,82868160.0
1673913600,33.108,33.25,32.36,32.622,92469870.0
1674000000,32.675,33.008,32.125,32.633,78141150.0
1674086400,32.257,32.489,31.339,31.578,180082000.0
1674172800,33.679,34.4,33.2625,34.25,284303400.0
1674432000,34.1715,36.2245,34.0633,35.742,156468500.0
1674518400,35.753,36.565,35.514,36.383,117965300.0
1674604800,36.057,36.89,35.8501,36.796,77669070.0
1674691200,36.877,36.902,36.17,36.487,82568440.0
1674777600,36.32,36.592,36.059,36.077,67035480.0
1675036800,35.844,36.095,35.2855,35.311,51275930.0
1675123200,34.998,35.595,34.871,35.386,56607380.0
1675209600,35.386,36.5385,34.991,36.199,80051700.0
1675296000,36.516,36.832,35.843,36.689,78569520.0
1675382400,35.908,37.943,35.9,36.59,94020340.0
1675641600,36.3642,36.845,36.068,36.148,49949420.0
1675728000,35.851,36.418,35.418,36.295,62893680.0
1675814400,36.002,36.8193,35.831,36.683,62531790.0
1675900800,37.241,37.383,36.1744,36.25,69011000.0
1675987200,35.916,36.214,34.714,34.736,72910960.0
1676246400,34.95,35.9703,34.425,35.857,71344450.0
1676332800,35.755,36.375,35.34,35.996,46247580.0
1676419200,35.663,36.288,35.424,36.142,39699450.0
1676505600,35.5,36.15,35.031,35.071,52157260.0
1676592000,34.7905,34.9,34.244,34.796,52947270.0
1676937600,34.285,34.4125,33.6418,33.75,57102920.0
1677024000,33.75,34.191,33.282,33.488,45462490.0
1677110400,33.123,33.128,31.43,32.365,132386700.0
1677196800,31.93,32.15,31.452,31.715,68306920.0
1677456000,32.387,33.0,32.2121,32.303,61425800.0
1677542400,32.37,32.762,32.117,32.213,36760750.0
1677628800,32.155,32.66,31.236,31.348,49113110.0
1677715200,31.096,31.557,31.038,31.188,49210530.0
1677801600,31.545,31.749,31.082,31.518,59533190.0
1678060800,31.7,32.33,31.1841,31.203,56607430.0
1678147200,31.2675,31.43,30.6623,30.847,45530820.0
1678233600,30.929,31.183,30.575,31.179,34794740.0
1678320000,31.208,31.251,29.488,29.778,74433500.0
1678406400,29.7905,29.879,28.9,29.276,57593150.0
1678665600,28.734,29.924,28.533,29.351,62923850.0
1678752000,29.597,29.745,29.031,29.494,59566920.0
1678838400,29.251,30.631,29.228,30.379,92153400.0
1678924800,30.475,31.66,30.171,31.006,79123710.0
1679011200,31.006,31.076,30.0,30.35,69187770.0
1679270400,29.979,30.75,29.6,30.513,51134300.0
1679356800,30.632,30.792,30.043,30.579,48862790.0
1679443200,30.631,30.645,29.354,29.39,58080350.0
1679529600,30.468,32.278,30.414,32.037,156533500.0
1679616000,32.063,33.183,32.063,32.839,130040900.0
1679875200,32.755,33.644,32.441,32.766,86257630.0
1679961600,32.606,33.332,32.128,32.352,64893880.0
1680048000,32.629,33.285,32.573,33.203,62873360.0
1680134400,34.027,34.329,33.53,33.843,71314680.0
1680220800,34.005,34.584,33.72,34.548,56101610.0
1680480000,34.183,34.858,34.04,34.828,44136500.0
1680566400,34.849,34.98,34.395,34.675,32980720.0
1680652800,34.53,34.543,33.6253,34.235,42055450.0
1680739200,33.934,34.048,33.263,33.933,46605420.0
1681084800,33.527,33.988,33.336,33.899,26578980.0
1681171200,34.345,34.714,33.7635,33.821,40447780.0
1681257600,34.081,34.28,33.004,33.103,39654400.0
1681344000,33.999,34.643,33.875,34.619,74064370.0
1681430400,34.294,34.4853,33.641,33.863,53505080.0
1681689600,33.8,33.839,32.75,33.272,61360470.0
1681776000,33.5,33.719,33.05,33.37,179445000.0
1681862400,32.421,32.575,31.61,32.312,221282700.0
1681948800,32.039,33.143,31.833,32.535,99478000.0
1682035200,32.3,32.829,31.95,32.798,63480000.0
1682294400,33.02,33.466,32.675,32.902,55866270.0
1682380800,32.85,32.8655,32.11,32.255,54266420.0
1682467200,32.136,32.59,32.047,32.115,46232380.0
1682553600,32.43,32.745,31.744,32.585,56187680.0
1682640000,32.524,33.0808,32.4,32.993,42283740.0
1682899200,32.9435,33.123,31.809,32.412,53414840.0
1682985600,32.5,32.607,31.562,31.755,43186120.0
1683072000,31.755,32.462,31.585,31.93,50640570.0
1683158400,31.901,32.361,31.795,32.078,38796570.0
1683244800,32.361,32.415,31.944,32.276,39906370.0
1683504000,32.299,33.256,32.203,33.121,54885930.0
1683590400,33.067,33.632,32.974,33.214,55448520.0
1683676800,33.521,33.711,32.951,33.542,42898970.0
1683763200,33.498,34.547,33.184,34.476,80335310.0
1683849600,34.476,34.8166,33.7364,33.989,60823600.0
1684108800,34.062,34.19,33.554,33.589,36529700.0
1684195200,33.4,33.517,33.191,33.375,33348630.0
1684281600,33.176,34.138,32.9615,33.996,39588070.0
1684368000,34.725,37.587,34.637,37.129,209252400.0
1684454400,36.986,36.999,36.381,36.536,78597030.0
1684713600,36.536,37.201,36.25,36.301,54064200.0
1684800000,36.024,36.417,35.431,35.599,68660780.0
1684886400,35.693,36.7151,35.6625,36.485,79733160.0
1684972800,35.961,36.745,35.742,35.9,62631050.0
1685059200,36.11,38.376,35.6,37.888,93604360.0
1685404800,39.748,40.511,38.579,39.298,108649900.0
1685491200,39.189,39.626,38.891,39.523,69880470.0
1685577600,39.741,40.752,39.308,40.313,71601450.0
1685664000,40.289,40.658,39.59,40.047,59023810.0
1685923200,40.047,41.386,40.015,40.354,72474130.0
1686009600,40.5,40.512,39.693,39.929,49915320.0
1686096000,41.043,41.895,39.923,39.977,119323900.0
1686182400,39.977,40.954,39.634,40.937,59910870.0
1686268800,42.45,42.59,41.476,42.002,123728300.0
1686528000,41.883,42.47,41.6567,42.397,59677120.0
1686614400,43.001,43.727,42.84,43.573,78205350.0
1686700800,43.499,44.733,43.35,44.086,84130890.0
1686787200,44.41,44.865,43.95,44.527,70999150.0
1686873600,44.615,44.751,43.09,43.196,87537400.0
1687219200,43.018,44.0,43.0,43.47,47623130.0
1687305600,43.265,43.455,42.254,42.445,51464410.0
1687392000,42.293,42.471,41.868,42.248,48722460.0
1687478400,41.859,42.582,41.773,42.402,82986000.0
1687737600,42.2435,43.096,41.49,41.594,46400220.0
1687824000,41.739,42.0879,41.15,41.708,48180660.0
1687910400,42.31,43.7292,42.289,42.984,88113420.0
1687996800,43.433,43.785,42.615,42.824,49323100.0
1688083200,43.11,44.412,43.11,44.049,73463940.0
1688342400,43.976,44.1545,43.162,44.144,37284610.0
1688515200,44.491,45.097,43.9624,44.59,68754140.0
1688601600,44.0,44.28,43.072,43.884,49448920.0
1688688000,43.86,44.2325,43.5835,43.81,41651440.0
1688947200,43.852,44.441,43.682,44.171,42517370.0
1689033600,43.865,44.08,43.1042,44.021,45745590.0
1689120000,44.455,44.5409,43.7749,44.405,57316570.0
1689206400,44.7,45.167,44.1177,45.038,61574750.0
1689292800,45.2785,45.648,43.97,44.191,71958600.0
1689552000,44.557,45.668,44.5105,45.005,69011410.0
1689638400,45.1,47.815,44.878,47.48,131968800.0
1689724800,47.686,48.5,47.0,47.759,209964800.0
1689811200,44.7,44.85,43.2,43.742,239897100.0
1689897600,43.737,43.824,42.319,42.75,173400300.0
1690156800,42.5,42.864,41.919,42.837,82824340.0
1690243200,42.718,43.088,42.613,42.77,48598430.0
1690329600,42.42,42.526,41.559,42.267,60092420.0
1690416000,42.69,42.752,41.188,41.317,65944660.0
1690502400,41.556,42.747,41.376,42.578,64280730.0
1690761600,42.651,43.913,42.63,43.897,65876190.0
1690848000,43.737,44.525,43.14,43.862,57255440.0
1690934400,43.523,43.556,42.656,42.97,49217810.0
1691020800,42.78,44.193,42.719,43.1,62593090.0
1691107200,43.306,43.65,42.627,43.16,54418110.0
1691366400,43.6455,44.111,42.8906,44.076,47813030.0
1691452800,44.036,44.357,43.51,43.83,37671950.0
1691539200,43.974,44.062,42.759,42.89,38466390.0
1691625600,43.112,43.812,42.869,42.998,54676070.0
1691712000,42.898,43.0632,42.1328,42.166,39279140.0
1691971200,42.199,42.8845,41.878,42.778,39659630.0
1692057600,42.441,42.912,42.104,42.37,33679980.0
1692144000,42.373,42.451,41.525,41.545,39670210.0
1692230400,41.5,41.524,40.1582,40.3,60314690.0
1692316800,39.933,40.652,39.815,40.453,43121960.0
1692576000,40.223,40.961,39.95,40.829,38615790.0
1692662400,40.9,41.574,40.74,41.317,36032730.0
1692748800,41.84,43.702,41.771,42.755,81747320.0
1692835200,42.541,42.759,40.6165,40.693,56877990.0
1692921600,41.2,41.925,40.7564,41.603,53909330.0
1693180800,41.804,41.983,41.327,41.806,29286130.0
1693267200,41.6,43.217,41.45,42.999,44867030.0
1693353600,43.085,43.816,42.835,43.467,36253800.0
1693440000,43.123,43.715,43.123,43.368,38029540.0
1693526400,43.7725,44.55,43.593,43.988,47933790.0
1693872000,43.839,45.345,43.8,44.868,61558650.0
1693958400,44.861,45.139,44.049,44.576,38622740.0
1694044800,44.115,44.46,43.67,44.314,29226760.0
1694131200,44.356,44.681,43.885,44.28,27043530.0
1694390400,44.307,44.989,44.275,44.536,29137670.0
1694476800,44.285,44.544,43.412,43.469,31240240.0
1694563200,43.55,43.84,41.069,41.224,118430300.0
1694649600,41.04,41.139,40.0,40.049,107090400.0
1694736000,40.1,40.47,39.503,39.694,91167450.0
1694995200,39.55,39.9465,39.26,39.44,47047060.0
1695081600,39.284,39.823,39.0245,39.62,40800540.0
1695168000,39.705,39.7985,38.612,38.63,38666190.0
1695254400,38.65,39.59,38.342,38.415,55563880.0
1695340800,38.5,38.688,37.836,37.981,36997960.0
1695600000,38.29,38.662,38.081,38.48,37572780.0
1695686400,38.288,38.456,37.7355,37.925,40893920.0
1695772800,38.24,38.4223,37.625,37.759,38435210.0
1695859200,37.56,37.896,37.11,37.636,43699060.0
1695945600,38.0,38.258,37.535,37.76,42052980.0
1696204800,37.748,38.4808,37.68,38.033,31021010.0
1696291200,37.711,39.49,37.2849,37.675,88781340.0
1696377600,37.65,38.022,37.358,37.69,43036580.0
1696464000,37.801,37.86,36.724,37.259,50347730.0
1696550400,36.843,38.252,36.777,38.151,47781180.0
1696809600,37.805,38.717,37.7755,38.595,32998020.0
1696896000,38.558,38.87,37.225,37.332,72889390.0
1696982400,37.2775,37.781,36.534,36.593,91513950.0
1697068800,36.648,36.883,35.905,36.12,73760860.0
1697155200,35.564,35.893,35.205,35.568,63163200.0
1697414400,35.621,36.308,35.477,36.082,51289470.0
1697500800,36.11,36.2705,35.389,35.572,59084120.0
1697587200,35.1,35.479,34.473,34.619,114296400.0
1697673600,40.474,40.895,39.226,40.177,280744200.0
1697760000,40.563,41.064,39.801,40.096,127829200.0
1698019200,40.332,40.754,39.852,40.684,73900320.0
1698105600,40.968,41.669,40.839,41.373,64592470.0
1698192000,41.602,41.884,41.011,41.125,62995870.0
1698278400,41.142,41.731,40.1544,40.354,68497020.0
1698364800,40.642,41.021,39.562,39.787,49976120.0
1698624000,40.235,41.282,39.941,41.008,53171470.0
1698710400,40.924,41.252,40.463,41.169,38776230.0
1698796800,41.477,42.06,41.418,42.019,48061080.0
1698883200,42.117,42.669,41.71,42.471,44759840.0
1698969600,42.876,43.4815,42.553,43.236,36670510.0
1699228800,43.438,43.503,42.961,43.474,30032350.0
1699315200,43.618,43.764,43.1,43.461,32910640.0
1699401600,43.5,43.807,43.368,43.665,23568450.0
1699488000,43.803,44.038,43.435,43.515,27355070.0
1699574400,43.748,44.748,43.551,44.724,44432840.0
1699833600,44.725,44.843,44.26,44.462,28961430.0
1699920000,44.878,45.4075,44.564,44.865,40608840.0
1700006400,45.281,46.275,45.245,46.194,50352830.0
1700092800,46.3,46.728,45.965,46.695,36559740.0
1700179200,46.695,46.765,46.276,46.591,28002140.0
1700438400,46.54,47.6756,46.54,47.447,36210950.0
1700524800,47.263,47.702,47.121,47.495,29977230.0
1700611200,47.68,48.27,47.656,47.8,28438910.0
1700784000,47.711,48.04,47.52,47.956,14047320.0
1701043200,47.903,48.2,47.535,47.917,36259240.0
1701129600,47.811,48.05,47.595,47.9,28901640.0
1701216000,47.9,48.0988,47.449,47.719,28555400.0
1701302400,47.531,47.8591,47.042,47.397,42873490.0
1701388800,47.317,47.523,46.46,46.574,43414710.0
1701648000,46.099,46.12,45.12,45.39,51577130.0
1701734400,45.07,45.639,44.958,45.515,33806740.0
1701820800,46.0,46.05,44.573,44.673,41787550.0
1701907200,45.085,45.2885,44.832,45.2,35067220.0
1701993600,45.076,45.55,45.076,45.376,34583840.0
1702252800,45.936,47.065,45.721,45.989,49296620.0
1702339200,46.523,46.561,45.9196,46.3,33026600.0
1702425600,46.198,48.125,46.198,47.998,58201920.0
1702512000,48.036,48.076,46.476,46.983,51764370.0
1702598400,46.73,47.3,46.73,47.206,78409920.0
1702857600,47.63,49.204,47.5095,48.612,64106600.0
1702944000,48.84,49.614,48.406,49.502,38490140.0
1703030400,49.2,50.089,48.839,48.927,45636900.0
1703116800,49.266,49.44,48.677,49.161,27562250.0
1703203200,49.4,49.602,48.545,48.676,27026720.0
1703548800,48.939,49.148,48.638,49.119,20345170.0
1703635200,49.124,49.4015,48.925,49.179,25613300.0
1703721600,49.2,49.289,48.907,49.051,17104920.0
1703808000,49.037,49.223,48.1935,48.688,27405550.0
1704153600,48.3185,48.465,46.186,46.85,50494230.0
1704240000,46.732,47.505,46.5773,47.026,34436940.0
1704326400,47.298,48.0739,46.653,47.467,36365130.0
1704412800,47.65,47.9545,47.1804,47.406,26312500.0
1704672000,47.389,48.524,47.365,48.503,36757750.0
1704758400,47.553,48.5085,47.38,48.209,35267570.0
1704844800,48.16,48.7,47.295,47.833,43424480.0
1704931200,49.254,50.341,48.382,49.223,79932650.0
1705017600,50.051,50.079,49.061,49.216,50037180.0
1705363200,49.0,49.415,47.802,48.124,46789740.0
1705449600,48.45,48.621,47.5264,48.033,48945930.0
1705536000,48.003,48.577,47.802,48.531,40543990.0
1705622400,48.498,48.567,47.606,48.295,56723510.0
1705881600,48.755,48.98,47.99,48.571,52123090.0
1705968000,49.2,49.896,48.14,49.219,155060200.0
1706054400,53.775,56.25,53.707,54.487,264328000.0
1706140800,55.195,56.346,54.846,56.2,94519150.0
1706227200,56.181,57.964,55.8432,57.042,127705700.0
1706486400,57.135,57.855,56.268,57.579,69053900.0
1706572800,56.732,57.088,56.082,56.285,61817980.0
1706659200,56.285,57.215,56.2045,56.411,48575990.0
1706745600,56.702,57.266,56.383,56.751,31740020.0
1706832000,56.452,56.78,56.237,56.464,40328430.0
1707091200,56.247,57.575,55.7195,56.206,41430990.0
1707177600,56.412,56.634,55.437,55.588,28403000.0
1707264000,55.816,56.78,55.498,55.93,43735910.0
1707350400,56.055,56.37,55.574,55.853,31754680.0
1707436800,56.5,56.6,55.81,56.132,30556980.0
1707696000,56.036,56.844,55.7,55.785,36084870.0
1707782400,55.08,55.92,54.9,55.452,35114530.0
1707868800,56.726,58.1248,56.434,57.933,56342260.0
1707955200,58.191,59.377,58.032,59.346,52209380.0
1708041600,59.695,59.7,57.746,58.395,43256890.0
1708387200,58.018,58.6,56.966,57.513,31242360.0
1708473600,57.351,57.5775,56.732,57.335,22811430.0
1708560000,58.275,59.085,57.8885,58.847,35265970.0
1708646400,58.64,59.243,57.982,58.356,25688520.0
1708905600,58.356,59.075,58.327,58.765,23937120.0
1708992000,59.5,60.536,59.233,60.167,44893550.0
1709078400,59.579,59.817,59.001,59.648,26052420.0
1709164800,60.425,60.4516,59.516,60.292,35720820.0
1709251200,59.981,62.028,59.95,61.934,42703050.0
1709510400,62.156,62.442,61.508,61.583,30203060.0
1709596800,61.01,61.091,59.2,59.85,38495630.0
1709683200,60.299,60.793,59.3556,59.769,24695920.0
1709769600,59.934,61.053,59.59,60.851,27428050.0
1709856000,60.827,61.609,60.084,60.482,27772430.0
1710115200,60.808,61.1,60.037,60.093,25009400.0
1710201600,60.021,61.53,59.627,61.108,28216310.0
1710288000,61.337,61.485,60.721,60.945,21920940.0
1710374400,61.5,62.08,60.735,61.301,31204520.0
1710460800,62.292,62.292,60.382,60.588,66716290.0
1710720000,61.356,62.741,61.0448,61.839,33442440.0
1710806400,61.562,62.128,60.8,62.074,21426130.0
1710892800,61.995,62.9505,61.834,62.769,26395090.0
1710979200,63.065,63.4362,62.233,62.271,25076710.0
1711065600,62.416,62.905,62.1,62.801,21356880.0
1711324800,62.79,63.046,62.316,62.746,18032640.0
1711411200,62.52,63.439,61.9184,62.924,28044530.0
1711497600,62.901,63.135,61.073,61.353,26282670.0
1711584000,61.499,61.5,60.159,60.733,37088030.0
1711929600,60.8,61.511,60.5571,61.431,21159250.0
1712016000,61.1,61.503,60.551,61.421,20292170.0
1712102400,61.2745,63.041,61.15,63.008,29312310.0
1712188800,63.321,63.8,61.658,61.714,30643490.0
1712275200,62.492,63.791,62.271,63.618,33788420.0
1712534400,63.639,63.9,62.811,62.841,21457310.0
1712620800,63.199,63.199,61.5635,61.82,21466350.0
1712707200,61.097,62.014,60.934,61.858,28062480.0
1712793600,62.442,63.166,61.724,62.878,26626620.0
1712880000,62.823,63.312,61.8915,62.283,29592690.0
1713139200,63.017,63.017,60.3871,60.715,30853940.0
1713225600,60.75,62.245,60.75,61.752,35191220.0
1713312000,62.097,62.097,60.771,61.369,33122220.0
1713398400,61.21,62.133,60.5435,61.056,84684070.0
1713484800,56.788,57.9,55.216,55.504,164497000.0
1713744000,55.066,55.861,54.201,55.46,85976510.0
1713830400,55.649,57.921,55.528,57.775,49755200.0
1713916800,57.431,57.6907,55.13,55.512,53553120.0
1714003200,54.946,56.654,54.5705,56.48,38071010.0
1714089600,55.821,56.292,55.319,56.123,43325930.0
1714348800,55.918,55.964,55.424,55.949,25088820.0
1714435200,56.0,56.0,54.9375,55.064,33614920.0
1714521600,54.784,56.039,54.425,55.171,34732330.0
1714608000,55.602,56.546,55.559,56.515,30682280.0
1714694400,56.6,58.026,56.516,57.934,33075240.0
1714953600,58.182,59.734,58.025,59.697,36863370.0
1715040000,59.628,60.605,59.132,60.6,36140920.0
1715126400,60.163,61.822,60.163,60.947,30939040.0
1715212800,61.44,61.572,60.575,61.209,20653750.0
1715299200,61.9,62.398,60.506,61.087,26535860.0
1715558400,61.43,61.8219,60.683,61.659,20861970.0
1715644800,61.517,62.148,60.84,61.366,27923580.0
1715731200,61.857,62.41,60.91,61.352,56706070.0
1715817600,61.575,61.834,60.909,61.052,30563500.0
1715904000,61.7,62.579,61.4714,62.11,37827080.0
1716163200,62.04,64.437,61.952,64.082,38578530.0
1716249600,63.676,65.088,63.422,65.061,29201550.0
1716336000,64.714,64.925,63.812,64.047,21761740.0
1716422400,64.234,64.271,63.0,63.567,23139390.0
1716508800,63.94,65.2,63.76,64.675,26152600.0
1716854400,64.705,64.975,64.303,64.9,26094510.0
1716940800,64.413,66.425,64.389,65.462,36959350.0
1717027200,65.352,65.649,64.473,64.766,23933540.0
1717113600,64.401,64.858,62.83,64.162,40710230.0
1717372800,64.5215,64.678,62.727,63.379,23235060.0
1717459200,63.378,63.523,62.644,63.162,30081510.0
1717545600,63.402,65.125,62.825,65.027,26826140.0
1717632000,64.489,65.799,64.4237,64.852,24666640.0
1717718400,64.938,65.04,64.024,64.147,18766310.0
1717977600,64.101,64.479,63.559,64.45,20667590.0
1718064000,64.072,65.019,64.052,64.855,21674170.0
1718150400,65.221,65.578,64.311,65.006,20943810.0
1718236800,64.4,65.525,64.235,65.326,18635870.0
1718323200,65.505,67.558,65.264,66.938,44471160.0
1718582400,66.911,68.271,66.511,67.583,36311840.0
1718668800,67.563,68.706,67.464,68.567,29437750.0
1718841600,68.18,68.988,67.372,67.903,25850890.0
1718928000,68.326,68.69,67.81,68.612,45570860.0
1719187200,68.5,68.55,66.45,66.902,39163350.0
1719273600,67.344,67.3665,66.23,67.241,22787680.0
1719360000,67.241,68.296,67.002,67.769,35458150.0
1719446400,67.935,68.857,67.814,68.434,24048490.0
1719532800,67.9,68.7,67.308,67.488,34123910.0
1719792000,67.489,67.502,66.378,67.361,22128260.0
1719878400,67.354,68.174,67.007,67.958,24114260.0
1719964800,67.748,68.375,67.55,68.251,14035450.0
1720137600,68.251,69.749,67.723,69.065,26590650.0
1720396800,68.7,68.886,68.1485,68.574,19307860.0
1720483200,69.0,69.527,68.472,68.574,25994740.0
1720569600,68.502,68.722,67.316,67.765,26519280.0
1720656000,67.2485,67.2485,64.744,65.275,51119280.0
1720742400,65.275,65.592,64.3708,64.76,33551970.0
1721001600,64.75,66.754,64.663,65.645,32087630.0
1721088000,66.18,66.3675,64.913,65.632,26857060.0
1721174400,65.0,65.045,63.947,64.746,40172770.0
1721260800,65.66,65.704,63.9165,64.304,75757630.0
1721347200,66.064,67.897,62.912,63.334,98156310.0
1721606400,63.95,65.629,63.26,64.75,52190770.0
1721692800,64.75,64.991,64.1,64.276,24635790.0
1721779200,63.574,65.242,63.2674,63.599,48881630.0
1721865600,64.1,64.998,62.17,63.409,45545390.0
1721952000,64.5,64.699,62.977,63.137,31206590.0
1722211200,63.461,63.461,62.393,62.696,24005370.0
1722297600,63.017,63.469,61.7,62.258,34966090.0
1722384000,62.657,63.36,62.258,62.835,31348770.0
1722470400,62.925,64.671,61.761,62.485,37205730.0
1722556800,62.098,62.527,60.835,61.364,35230030.0
1722816000,58.704,60.4563,58.704,59.855,40442350.0
1722902400,60.062,62.245,60.062,60.957,43190570.0
1722988800,61.6065,63.2,61.064,61.148,31877910.0
1723075200,62.199,63.229,61.602,63.035,32835420.0
1723161600,62.299,63.662,62.299,63.394,19808360.0
1723420800,63.1,63.9,62.707,63.314,23317120.0
1723507200,63.856,65.097,63.55,64.802,26395710.0
1723593600,64.87,66.357,64.87,66.168,40143440.0
1723680000,66.849,67.319,65.98,66.322,32101730.0
1723766400,66.943,68.023,66.536,67.407,35110140.0
1724025600,67.407,68.884,67.291,68.853,30162270.0
1724112000,68.886,71.133,68.8245,69.854,48131180.0
1724198400,69.7,70.1,69.138,69.712,22353430.0
1724284800,69.1,70.15,68.624,68.896,27293890.0
1724371200,69.413,69.607,67.863,68.673,23544500.0
1724630400,68.726,69.059,68.1638,68.844,13541540.0
1724716800,68.853,70.789,68.692,69.572,31648780.0
1724803200,69.583,69.667,67.71,68.384,24305830.0
1724889600,69.0,69.98,68.607,69.248,21869740.0
1724976000,70.036,70.186,68.816,70.135,32667230.0
1725321600,70.01,70.386,67.101,67.532,31609640.0
1725408000,67.331,68.465,67.306,67.968,17853370.0
1725494400,67.314,68.731,67.186,68.362,18100720.0
1725580800,68.186,68.3152,66.234,66.577,29912650.0
1725840000,67.4,68.35,67.214,67.542,26831110.0
1725926400,67.687,68.059,66.5805,67.362,20791820.0
1726012800,67.746,68.297,66.08,68.147,23919240.0
1726099200,68.492,69.488,68.22,68.68,25884370.0
1726185600,68.001,69.964,68.0,69.706,22764820.0
1726444800,70.0,70.302,68.8632,69.65,18437450.0
1726531200,70.082,70.763,69.837,70.691,22986300.0
1726617600,70.755,70.755,68.8,69.047,29844110.0
1726704000,70.5,71.566,69.537,70.432,42284800.0
1726790400,70.555,70.6673,69.631,70.103,39980620.0
1727049600,70.239,71.225,69.916,70.537,32243440.0
1727136000,70.6625,72.244,70.445,72.226,35657310.0
1727222400,72.1,72.512,71.621,72.156,22597750.0
1727308800,72.473,72.526,70.172,71.143,28329620.0
1727395200,70.836,71.071,70.1251,70.735,23956130.0
1727654400,70.7,71.121,70.2819,70.927,17115080.0
1727740800,71.364,71.776,69.859,70.613,28134820.0
1727827200,70.613,71.621,70.4688,71.109,17581670.0
1727913600,70.426,70.881,70.0,70.68,22564490.0
1728000000,71.332,72.101,70.882,71.97,22301390.0
1728259200,71.4755,71.588,69.643,70.192,33605200.0
1728345600,70.388,72.506,70.3546,72.176,31874020.0
1728432000,71.925,72.859,71.887,72.743,19810700.0
1728518400,72.329,73.385,72.25,73.029,27678620.0
1728604800,73.49,73.6,72.122,72.279,22995250.0
1728864000,72.5,72.662,71.1311,71.3,27970710.0
1728950400,71.251,71.34,69.9781,70.598,29327520.0
1729036800,70.343,70.559,69.782,70.2,24942760.0
1729123200,70.435,70.4412,67.788,68.765,89266720.0
1729209600,73.764,76.6281,73.623,76.389,159741200.0
1729468800,76.576,77.3,75.66,77.207,60570930.0
1729555200,76.527,76.97,76.112,76.424,29872520.0
1729641600,76.283,76.379,74.426,74.929,37490070.0
1729728000,75.197,75.582,74.625,75.455,26429620.0
1729814400,75.617,76.85,75.353,75.468,28194730.0
1730073600,75.868,75.868,74.788,74.912,28624050.0
1730160000,75.113,76.388,74.801,75.944,36604330.0
1730246400,75.808,75.979,75.2278,75.374,17220020.0
1730332800,75.393,76.079,75.223,75.603,30577090.0
1730419200,75.348,76.38,74.777,75.61,29968290.0
1730678400,75.314,76.248,74.969,75.551,19021940.0
1730764800,75.735,76.753,75.627,76.391,22006450.0
1730851200,77.15,78.149,75.738,78.021,36908170.0
1730937600,78.137,79.822,77.994,79.654,32950740.0
1731024000,79.736,79.906,78.865,79.504,19106260.0
1731283200,79.59,80.6823,79.5565,80.544,23991500.0
1731369600,80.75,82.037,80.375,81.95,28140640.0
1731456000,82.2615,83.699,82.0537,83.047,27677720.0
1731542400,83.367,84.1,83.002,83.726,30382310.0
1731628800,83.204,83.204,81.649,82.396,36737200.0
1731888000,81.55,84.845,80.933,84.705,40840810.0
1731974400,83.975,87.449,83.916,87.132,38142270.0
1732060800,87.998,89.06,86.84,88.385,40938430.0
1732147200,88.393,90.8,87.724,89.748,45112630.0
1732233600,89.6,90.6,89.3,89.779,32140200.0
1732492800,90.205,90.205,86.422,86.559,60142030.0
1732579200,86.749,88.636,86.725,87.26,31382590.0
1732665600,87.206,88.095,85.891,87.734,25782220.0
1732838400,88.217,89.241,87.668,88.681,20272370.0
1733097600,88.751,90.234,88.412,89.774,23889660.0
1733184000,89.436,90.269,88.8025,90.217,24016340.0
1733270400,89.805,91.597,89.805,91.106,26896290.0
1733356800,91.785,92.7,91.1107,91.787,28353070.0
1733443200,91.523,93.527,91.271,93.474,29553830.0
1733702400,92.8,93.03,90.259,91.369,33500820.0
1733788800,91.376,92.288,90.958,91.335,23885750.0
1733875200,92.471,94.175,92.308,93.656,35016910.0
1733961600,93.335,93.4089,92.26,92.555,24861970.0
1734048000,91.681,92.555,90.961,91.887,24858290.0
1734307200,92.394,92.894,91.95,92.108,26748920.0
1734393600,92.154,92.845,91.642,91.913,24594560.0
1734480000,91.913,92.244,88.656,88.955,29381940.0
1734566400,90.818,91.2622,89.9,90.204,28155120.0
1734652800,89.321,91.9924,89.0487,90.905,45305190.0
1734912000,91.342,91.5,89.91,91.145,23393750.0
1734998400,91.5,93.585,91.17,93.212,23202930.0
1735171200,92.84,93.049,91.53,92.414,23424180.0
1735257600,91.601,91.813,89.45,90.755,32261580.0
1735516800,89.451,90.823,88.971,90.043,22029700.0
1735603200,90.18,90.268,88.947,89.132,18758970.0
1735776000,89.55,89.858,87.7,88.673,23156850.0
1735862400,89.313,89.883,87.989,88.105,29700190.0
1736121600,88.876,89.283,87.169,88.179,34576560.0
1736208000,87.938,88.8,86.911,87.919,26498230.0
1736294400,88.0,88.6215,87.3,87.5,23479490.0
1736467200,86.64,86.641,83.44,83.769,48033120.0
1736726400,83.1525,84.707,82.914,84.029,30245170.0
1736812800,84.32,84.4893,82.3519,82.84,30376500.0
1736899200,83.644,85.084,83.041,84.826,31813830.0
1736985600,86.096,86.898,84.202,84.237,40285370.0
1737072000,85.979,86.5,85.213,85.81,36175650.0
1737417600,86.353,91.64,85.4745,86.968,98513510.0
1737504000,99.8025,99.9,95.076,95.399,142732100.0
1737590400,95.781,98.5,95.39,98.486,77521370.0
1737676800,98.441,98.628,96.768,97.759,45503970.0
1737936000,97.11,98.227,96.026,97.189,46342040.0
1738022400,96.671,97.7934,95.73,97.183,34339720.0
1738108800,98.0,98.764,96.8235,97.815,29307280.0
1738195200,98.675,99.459,97.001,97.324,38678250.0
1738281600,97.4,99.0289,97.4,97.676,36187180.0
1738540800,97.3,98.7689,96.4375,97.894,37241970.0
1738627200,98.047,100.8,97.851,99.487,60001370.0
1738713600,98.773,101.1825,98.668,101.111,39977330.0
1738800000,100.787,101.635,100.261,101.568,31342930.0
1738886400,101.7,102.776,100.567,101.393,32128530.0
1739145600,102.305,103.285,101.588,102.76,32965660.0
1739232000,102.079,102.269,100.295,100.808,33317970.0
1739318400,100.549,102.774,99.8347,102.731,33889660.0
1739404800,102.6625,104.599,102.51,104.369,34760680.0
1739491200,104.495,106.45,104.169,105.86,31454300.0
1739836800,106.0,106.2,102.3749,103.585,42293390.0
1739923200,103.518,104.5,102.451,104.333,26000480.0
1740009600,104.2,104.5,101.5594,102.454,31118310.0
1740096000,102.942,103.238,99.939,100.315,37387100.0
1740355200,100.8,101.517,98.448,98.847,44262270.0
1740441600,98.94,99.44,95.5,97.724,47383040.0
1740528000,97.76,100.089,97.69,99.006,33972050.0
1740614400,99.5,100.0726,96.1825,96.307,37665660.0
1740700800,96.956,98.227,95.817,98.056,47174090.0
1740960000,98.3,99.493,96.481,97.37,39074470.0
1741046400,97.161,98.6313,94.821,97.258,43928140.0
1741132800,97.362,99.56,96.948,99.092,38079350.0
1741219200,97.299,97.369,89.9,90.636,78525590.0
1741305600,89.764,90.4886,85.807,89.111,77374880.0
1741564800,87.507,88.127,85.45,86.668,69953090.0
1741651200,86.741,91.068,86.6,89.51,73989340.0
1741737600,91.46,92.718,90.1,91.968,68658370.0
1741824000,91.3,92.1889,88.751,89.017,50016980.0
1741910400,90.146,91.9625,90.1,91.8,52006840.0
1742169600,93.995,96.763,93.442,95.002,75431460.0
1742256000,94.0,94.825,91.63,92.998,60094000.0
1742342400,93.577,96.8,92.4,95.949,66623610.0
1742428800,95.001,96.7,94.55,95.084,44663050.0
1742515200,94.1635,96.3653,94.095,96.029,59054290.0
1742774400,96.967,97.7,95.155,97.199,46778710.0
1742860800,97.818,99.87,97.711,99.728,37822450.0
1742947200,99.381,99.679,96.632,97.065,35347070.0
1743033600,97.422,98.9,96.6366,97.672,30472370.0
1743120000,97.2,97.498,92.923,93.385,44227170.0
1743379200,92.053,93.448,90.059,93.253,46340750.0
1743465600,92.75,93.229,91.15,92.838,35199560.0
1743552000,92.3,94.9548,91.611,93.552,32568860.0
1743638400,90.18,94.6592,90.047,91.705,58646220.0
1743724800,89.65,90.6628,85.387,85.586,67988060.0
1743984000,82.7845,90.674,82.11,86.783,66568230.0
1744070400,91.244,92.242,85.77,87.04,56253820.0
1744156800,85.593,95.143,85.44,94.547,74979740.0
1744243200,93.194,94.1235,89.4,92.117,51297550.0
1744329600,92.0,94.486,90.668,91.829,40736380.0
1744588800,93.27,94.898,91.9498,93.128,40358950.0
1744675200,95.0,99.345,94.8,97.628,77119820.0
1744761600,97.628,98.121,94.9165,96.163,60661130.0
1744848000,96.9,98.4702,95.6,97.303,88937350.0
1745193600,98.44,101.9,97.305,98.791,97757470.0
1745280000,100.53,106.497,100.452,104.034,93688730.0
1745366400,104.7225,106.125,103.2,104.959,64718760.0
1745452800,104.8,110.1,104.702,109.687,63818960.0
1745539200,109.704,110.6798,109.1,110.153,39500080.0
1745798400,110.0,111.4,108.262,111.038,38310880.0
1745884800,110.392,112.781,109.548,112.564,37773290.0
1745971200,111.265,113.32,110.111,113.172,42666760.0
1746057600,112.252,114.242,111.183,113.347,34994970.0
1746144000,113.666,115.944,113.332,115.649,37742820.0
1746403200,111.4795,114.402,110.701,113.406,56623170.0
1746489600,112.943,114.766,112.64,113.769,32566820.0
1746576000,113.9175,116.4,113.8,115.541,43523940.0
1746662400,116.162,116.2294,113.92,114.443,37608720.0
1746748800,114.71,115.1,113.322,114.022,25696330.0
1747008000,112.426,113.0,110.293,111.0,64790790.0
1747094400,111.446,114.788,110.63,113.844,39978690.0
1747180800,112.9595,115.29,112.84,115.099,39101470.0
1747267200,114.774,118.7802,114.7647,117.798,44640410.0
1747353600,119.314,119.65,117.939,119.153,46983530.0
1747612800,117.3575,119.164,117.171,119.164,28534150.0
1747699200,118.679,119.3,117.902,119.202,21330660.0
1747785600,118.65,121.122,118.65,119.463,29766100.0
1747872000,119.24,119.875,118.7208,118.797,18615880.0
1747958400,118.4,119.145,117.944,118.539,21864830.0
1748304000,119.533,121.177,119.309,121.157,29204690.0
1748390400,121.027,121.591,120.602,120.855,18558500.0
1748476800,120.8,120.9,117.628,118.486,33030790.0
1748563200,119.833,121.181,118.0925,120.723,46967560.0
1748822400,120.12,121.94,119.625,121.898,22942160.0
1748908800,121.987,122.957,121.118,121.794,23637620.0
1748995200,122.0735,124.256,121.988,123.966,23593810.0
1749081600,124.06,126.281,123.729,125.052,28217970.0
1749168000,125.941,126.0,123.555,124.1475,25569560.0
1749427200,123.888,123.888,122.157,122.446,24031170.0
1749513600,122.752,122.752,118.061,120.362,44544470.0
1749600000,120.26,122.829,119.601,121.988,23822800.0
1749686400,122.259,123.0,121.1965,121.503,20846020.0
1749772800,120.659,122.062,120.189,121.215,22102530.0
1750032000,121.22,122.625,121.22,122.535,21127970.0
1750118400,121.995,123.2357,121.609,122.067,18921260.0
1750204800,122.999,124.2,122.05,122.229,22810470.0
1750377600,123.445,124.85,122.4349,123.141,53481930.0
1750636800,123.8025,125.484,121.501,125.354,26673180.0
1750723200,126.0545,128.2571,125.5,127.911,26633070.0
1750809600,128.684,129.8,127.381,127.525,21465100.0
1750896000,128.0,130.734,128.0,130.667,26058700.0
1750982400,130.688,133.1345,130.1,132.312,40708570.0
1751241600,133.1,134.115,132.121,133.913,32829080.0
1751328000,133.823,133.8774,128.222,129.36,49935670.0
1751414400,129.696,129.995,127.159,128.486,30488010.0
1751500800,129.2,130.226,127.976,129.718,20062240.0
1751846400,129.5,129.5,127.602,128.962,22737370.0
1751932800,129.09,129.325,126.0,127.531,32925250.0
1752019200,127.399,128.829,126.624,128.828,23844770.0
1752105600,128.55,128.96,124.601,125.059,42364940.0
1752192000,125.9786,126.1,123.13,124.511,39571500.0
1752451200,124.491,127.049,124.0,126.195,27810480.0
1752537600,126.2,127.122,124.3245,126.027,28017310.0
1752624000,126.171,127.1,124.982,125.031,32270220.0
1752710400,125.3,127.75,124.48,127.417,64698770.0
1752796800,124.196,124.65,120.101,120.924,106933100.0
1753056000,120.6,123.71,119.8,123.327,56275910.0
1753142400,123.038,123.237,118.75,119.008,50629700.0
1753228800,118.981,119.2619,117.36,117.678,45042640.0
1753315200,117.78,118.35,116.266,118.076,38455700.0
1753401600,117.8415,118.732,117.4383,118.049,26292600.0
1753660800,118.12,119.779,116.853,117.46,34469580.0
1753747200,117.9,117.96,116.329,116.874,27524890.0
1753833600,116.855,118.485,116.61,118.42,29227310.0
1753920000,118.48,119.0,115.774,115.94,37129490.0
1754006400,116.301,117.8505,115.285,115.86,38909500.0
1754265600,116.765,117.7,116.2615,117.099,22447020.0
1754352000,117.1,117.171,114.471,114.787,26607350.0
1754438400,115.352,118.1375,115.187,117.848,33621610.0
1754524800,118.176,119.122,116.82,118.037,26283210.0
1754611200,118.319,121.411,118.037,121.164,38166890.0
1754870400,121.401,122.307,120.193,121.831,24556480.0
1754956800,122.5,123.199,120.6505,122.528,22826270.0
1755043200,123.4,123.712,120.3,120.444,27623550.0
1755129600,120.989,124.409,120.703,123.056,39046680.0
1755216000,123.404,124.6941,122.788,123.895,27678040.0
1755475200,123.563,125.116,123.545,124.509,21110870.0
1755561600,124.02,124.1,119.279,121.415,37077310.0
1755648000,121.8,122.3,119.331,121.386,24343980.0
1755734400,121.143,122.14,119.7635,120.621,20471780.0
1755820800,120.888,121.362,119.823,120.465,31281330.0
1756080000,120.165,123.38,119.9,121.807,28120360.0
1756166400,122.021,123.15,121.22,122.609,19857140.0
1756252800,122.361,122.921,121.3,122.35,16645260.0
1756339200,122.279,123.7891,121.4268,123.145,19503360.0
1756425600,122.797,122.879,120.115,120.825,32098170.0
1756771200,119.7,121.54,118.28,121.411,23032690.0
1756857600,120.514,122.7,120.338,122.618,24714950.0
1756944000,122.32,125.748,122.309,125.748,30235060.0
1757030400,126.0,126.71,123.902,124.382,23796730.0
1757289600,124.854,125.2041,123.2,124.476,19150530.0
1757376000,124.667,126.5721,124.667,126.325,22196550.0
1757462400,126.3975,126.7,124.6355,124.771,27010150.0
1757548800,125.1,125.3445,119.2,120.35,56822860.0
1757635200,120.3055,121.178,118.24,118.844,37849440.0
1757894400,118.84,120.724,117.3208,120.226,29092770.0
1757980800,120.564,120.9,119.728,120.051,24046860.0
1758067200,122.102,123.393,120.6605,122.85,34597960.0
1758153600,122.082,123.3,120.55,120.778,31691050.0
1758240000,121.862,122.995,120.81,122.697,49475900.0
1758499200,122.19,122.976,121.4243,122.737,25468140.0
1758585600,122.733,122.779,120.847,121.847,24991460.0
1758672000,121.861,122.15,119.42,120.395,27731270.0
1758758400,120.309,121.684,119.151,120.824,19977830.0
1758844800,120.542,121.4,120.0,121.061,19449570.0
1759104000,120.5,122.449,118.754,120.641,30331740.0
1759190400,120.641,120.85,117.8,119.892,38303040.0
1759276800,117.549,117.914,116.321,117.09,41102210.0
1759363200,116.15,116.333,113.4,116.253,46854670.0
1759449600,116.5,116.8,114.322,115.332,31373650.0
1759708800,116.037,116.358,114.545,116.331,29685960.0
1759795200,117.779,120.1365,117.746,119.106,33090940.0
1759881600,119.711,121.739,119.2,121.425,28513530.0
1759968000,121.425,123.75,121.182,123.107,28240770.0
1760054400,122.9,124.7,121.91,122.008,42797760.0
1760313600,122.135,123.112,120.681,121.903,24607830.0
1760400000,121.475,122.429,120.31,121.535,23624460.0
1760486400,121.301,121.962,120.161,120.329,20251940.0
1760572800,121.215,121.671,117.6,118.359,28326190.0
1760659200,118.36,120.312,117.895,119.936,29571010.0
1760918400,120.7875,124.776,120.69,123.856,39862350.0
1761004800,124.283,124.86,123.176,124.135,65082340.0
1761091200,114.29,115.76,111.251,111.637,147890300.0
1761177600,112.69,112.7829,109.973,111.359,68497220.0
1761264000,111.1,111.451,109.441,109.469,60280250.0
1761523200,110.067,110.228,108.73,109.456,46911140.0
1761609600,109.4,111.698,109.3008,110.25,40209010.0
1761696000,109.984,110.855,109.6,110.041,33994870.0
1761782400,109.44,110.616,108.811,108.9,41580990.0
1761868800,110.539,113.488,110.198,111.886,68665000.0
1762128000,113.324,113.35,107.515,110.009,58634390.0
1762214400,109.999,110.46,108.668,109.296,38717800.0
1762300800,108.5,110.085,107.337,109.846,35539170.0
1762387200,109.458,110.37,108.513,109.702,36531700.0
1762473600,109.4175,110.822,108.75,110.366,44125340.0
1762732800,110.6715,112.82,110.405,112.007,36929000.0
1762819200,111.76,113.922,111.28,113.644,27965940.0
1762905600,113.817,116.434,112.826,115.75,39220570.0
1762992000,115.85,116.733,114.569,115.423,40143590.0
1763078400,114.273,114.273,110.721,111.217,47607130.0
1763337600,110.75,111.85,109.55,110.29,26082730.0
1763424000,110.29,115.25,109.2,114.09,43440570.0
1763510400,113.0,113.34,108.61,110.0,31868090.0
1763596800,111.0,111.1,105.39,105.67,36918550.0
1763683200,105.13,106.53,103.81,104.31,41232690.0
1763942400,104.25,108.04,103.32,106.97,62918290.0
1764028800,106.12,106.3,103.82,104.4,35122560.0
1764115200,105.74,106.95,105.22,106.14,27951010.0
1764288000,106.435,107.94,106.24,107.58,15021610.0
1764547200,106.51,109.335,106.31,109.13,24873390.0
1764633600,109.205,109.73,107.52,109.35,25762980.0
1764720000,106.59,106.87,102.03,103.96,53593400.0
1764806400,103.57,103.8,101.77,103.22,51779140.0
1764892800,98.775,104.79,97.74,100.24,133363600.0
1765152000,99.87,99.89,95.3,96.79,100906300.0
1765238400,97.03,97.24,95.45,96.71,51745580.0
1765324800,96.735,96.97,92.35,92.71,74129270.0
1765411200,93.895,94.82,92.76,94.09,43949010.0
1765497600,95.5,96.92,94.65,95.19,49323120.0
1765756800,96.015,96.37,93.53,93.77,40016460.0
1765843200,93.88,94.93,93.32,94.57,34264990.0
1765929600,95.98,97.33,94.46,94.79,50472780.0
1766016000,95.02,95.81,93.59,94.0,37244730.0
1766102400,93.57,95.54,93.45,94.39,78990150.0
1766361600,94.71,94.71,92.91,93.23,39484770.0
1766448000,93.395,93.81,91.33,93.5,25896230.0
1766534400,93.11,93.68,92.665,93.64,12427900.0
1766707200,93.48,94.685,93.27,94.47,22068280.0
1766966400,93.99,94.97,93.625,94.15,24493740.0
1767052800,93.52,93.9899,93.34,93.78,23422030.0
1767139200,93.6,94.305,93.2,93.76,23495190.0
1767312000,94.13,94.13,90.8104,90.99,41155400.0
1767571200,90.92,92.63,90.84,91.46,39183320.0
1767657600,91.54,91.64,89.74,90.65,43330970.0
1767744000,91.555,92.419,90.06,90.73,36525740.0
1767830400,90.45,91.25,89.58,90.53,40068670.0
1767916800,90.03,90.05,88.32,89.46,55579520.0
1768176000,89.69,90.335,89.33,89.41,36290610.0
1768262400,89.44,91.15,89.07,90.32,45221100.0
1768348800,91.24,91.58,87.95,88.55,49737700.0
1768435200,89.02,89.89,87.82,88.05,36945060.0
1768521600,88.335,88.51,87.78,88.0,48130500.0
1768867200,88.97,89.9,87.02,87.26,109729700.0
1768953600,82.515,86.0,81.93,85.36,127940700.0
1769040000,85.02,85.1,82.98,83.54,69113300.0
1769126400,83.43,86.3,83.28,86.12,64520380.0
1769385600,86.92,86.94,85.35,85.7,40941880.0
1769472000,85.275,85.6,83.88,85.58,37790830.0
1769558400,85.625,86.47,84.295,84.64,37762610.0
1769644800,84.31,84.38,82.3501,83.16,42278100.0
1769731200,83.1,84.055,82.78,83.49,45755030.0
1769990400,83.53,85.27,82.72,82.76,41445250.0
1770076800,82.23,82.45,79.62,79.94,49789040.0
1770163200,79.99,81.435,79.225,80.16,48963240.0
1770249600,81.49,83.3,80.535,80.87,54805690.0
1770336000,81.02,82.485,80.65,82.2,46154060.0
1770595200,82.18,82.205,79.87,81.47,42200210.0
1770681600,82.715,84.66,82.09,82.21,43595790.0
1770768000,81.96,82.48,79.45,79.62,40840270.0
1770854400,79.11,79.15,75.23,75.86,73516070.0
1770940800,76.14,77.18,75.53,76.87,42292080.0
1771286400,76.92,77.87,75.3,77.0,35961510.0
1771372800,77.32,78.32,76.28,77.99,29883110.0
1771459200,77.75,78.7,76.59,77.0,30139200.0
1771545600,76.61,78.85,76.4,78.67,32411320.0
1771804800,77.79,77.83,75.01,76.02,38363020.0
1771891200,75.73,78.12,75.21,78.04,33079060.0
1771977600,79.43,83.117,79.25,82.7,69319330.0
1772064000,83.2,86.5,82.8,84.59,85642490.0
1772150400,94.295,96.75,90.58,96.24,200767000.0
1772409600,95.26,98.07,95.2,97.09,79915360.0
1772496000,96.01,98.46,95.33,97.7,59149000.0
1772582400,97.105,99.75,96.99,98.66,52604270.0
1772668800,98.5,100.19,98.1,99.17,53403050.0
1772755200,99.33,99.88,97.4,99.02,41196290.0
1773014400,97.7,98.94,96.58,98.32,48589010.0
1773100800,97.805,98.49,96.29,96.94,41027160.0
1773187200,97.41,98.0,94.685,94.89,33962860.0
1773273600,94.86,95.4,93.87,94.31,34206860.0
1773360000,94.64,95.68,94.24,95.31,29876660.0
1773619200,95.58,96.1,94.36,95.2,34931830.0
1773705600,95.3,96.34,94.01,94.36,26434500.0
1773792000,94.445,95.335,93.61,94.7,27878320.0
1773878400,94.31,95.75,90.775,91.74,40169250.0
1773964800,91.31,91.88,90.69,91.82,61678010.0
1774224000,92.04,93.98,91.86,93.38,34315870.0
1774310400,92.79,93.7398,90.815,90.92,28938030.0
1774396800,91.71,92.52,91.235,92.28,29545630.0
1774483200,91.52,95.86,91.01,93.32,59522030.0
1774569600,94.57,95.5799,92.74,93.43,44590670.0
1774828800,92.75,94.49,92.22,92.97,32375140.0
1774915200,93.03,96.26,93.03,96.15,54269960.0
1775001600,96.47,97.2,94.264,95.55,30439310.0
1775088000,95.27,98.71,95.17,98.66,37068020.0
1775433600,100.96,102.685,97.97,98.93,37029330.0
1775520000,98.55,99.875,98.25,98.82,25016720.0
1775606400,100.32,100.4,97.44,99.39,30957620.0
1775692800,99.63,102.34,99.08,102.05,35087760.0
1775779200,102.47,103.08,101.46,103.01,25769910.0
1776038400,103.032,103.665,102.06,103.16,26042800.0
1776124800,103.12,106.57,103.04,106.28,40534870.0
1776211200,105.98,107.85,105.04,107.71,38023680.0
1776297600,107.47,108.945,106.6201,107.79,64928250.0
1776384000,96.37,98.74,95.1,97.31,125958700.0
1776643200,97.14,97.6,93.54,94.83,63298260.0
1776729600,94.0,94.65,92.37,92.58,61962280.0
1776816000,93.06,93.85,92.77,93.24,33694350.0
1776902400,94.06,94.64,92.073,92.82,36851670.0
1776988800,92.57,93.28,91.8,92.44,32553180.0
1777248000,92.05,92.84,91.3,91.37,29707440.0
1777334400,91.5,92.34,90.02,92.27,33418130.0
1777420800,91.23,92.855,90.86,92.12,26122090.0
1777507200,91.35,94.22,90.77,93.61,40923010.0
1777593600,94.42,94.7,91.9,92.06,30406880.0
1777852800,92.1,92.33,90.89,91.02,25928820.0
1777939200,91.18,91.28,87.565,87.89,51961340.0
1778025600,87.15,88.55,86.715,88.27,41932440.0
1778112000,88.2,89.3991,88.13,88.25,30627600.0
1778198400,87.71,88.04,87.21,87.49,36215110.0
1778457600,86.525,87.34,85.1,85.45,40556460.0
1778544000,85.905,89.17,85.81,87.66,43556600.0
1778630400,86.565,88.62,86.28,87.56,30823500.0
1778716800,87.62,88.5,86.65,86.94,29408300.0
1778803200,87.69,89.49,86.685,87.02,32335660.0
1779062400,86.495,89.815,86.33,89.65,35800480.0
1779148800,90.14,91.48,88.69,89.33,34545730.0
1779235200,88.515,88.55,87.5,88.09,23463360.0
1779321600,88.03,90.3699,87.5201,89.3,28613850.0
1779408000,89.1,89.9699,88.17,88.6,23847200.0
1779753600,88.4,88.73,87.25,87.68,24014540.0
1779840000,87.046,88.495,86.82,87.35,22569540.0
1779926400,86.895,87.04,85.585,86.36,38803800.0
1780012800,86.2,86.67,85.66,86.02,39793620.0
1780272000,85.725,87.225,85.315,85.85,32747220.0
1780358400,85.605,85.9799,83.29,83.33,42947160.0
1780444800,82.91,83.31,81.1001,81.52,36714740.0
1780531200,83.19,83.7,81.37,81.56,39338810.0
1780617600,82.325,82.754,81.0,82.18,43474110.0
1780876800,81.66,83.0798,81.34,82.64,33056690.0
1780963200,82.125,82.34,81.34,81.41,34787190.0
1781049600,81.71,82.75,80.9772,82.0,36304580.0
1781136000,81.87,82.1,80.09,81.27,33417640.0
1781222400,81.575,82.0,79.28,80.34,35344170.0
1781481600,80.615,81.71,80.46,81.67,36430800.0
1781568000,81.9,81.93,77.71,78.72,65054030.0
1781654400,78.1,78.445,76.76,76.96,50338780.0
1781740800,76.93,78.235,76.12,77.38,91920410.0
1782086400,76.135,77.09,71.81,72.88,82203260.0
1782172800,73.26,73.9607,72.63,72.82,50806830.0
1782259200,72.685,73.45,71.625,71.84,48001450.0
1782345600,71.33,72.94,70.86,70.9,44581990.0
1782432000,71.69,75.2,71.53,73.81,74990270.0
1782691200,74.615,76.0689,73.73,73.78,42429600.0
1782777600,73.59,73.745,71.0,71.4,49240900.0
1782864000,72.59,74.355,72.33,74.19,43841800.0
1782950400,75.09,78.44,74.91,77.65,55541740.0
1783296000,77.075,77.84,75.71,76.02,45056560.0
1783382400,77.88,78.19,76.1,76.18,33257270.0
1783468800,76.27,76.64,74.89,75.59,34373500.0
1783555200,74.295,75.55,74.02,75.47,36305650.0
1783641600,75.44,75.6986,72.51,73.37,46713940.0
1783900800,73.9,75.45,73.71,73.83,35101790.0
1783987200,72.635,74.005,72.2775,73.53,33312090.0
1784073600,73.785,75.06,73.13,73.68,32854300.0
1784160000,73.95,74.68,72.9401,74.35,77505200.0
1784246400,65.48,69.49,65.08,68.95,142029200.0
1784505600,68.315,68.38,66.69,67.6,60669130.0
1784592000,67.42,68.75,66.725,68.67,56565790.0
1784678400,69.37,70.57,68.35,68.53,44947330.0
1784764800,68.57,69.355,67.67,68.89,45029060.0
1784851200,69.29,70.68,67.9704,70.09,37593510.0
1785110400,70.59,71.65,69.86,70.4,39090760.0
1785196800,72.07,73.755,71.23,72.39,47160170.0
1785283200,72.19,73.735,71.75,73.63,43737590.0
1785369600,71.48,73.32,70.55,73.17,54261030.0
1785456000,71.965,72.75,71.105,71.71,35847450.0
1785715200,72.77,73.95,72.18,73.33,33922300.0
1785801600,72.51,73.745,72.3,73.57,42877880.0
1785888000,75.11,75.3,73.155,74.2,28969440.0
1785974400,75.14,75.21,73.1002,73.69,28892690.0
1786060800,73.12,74.5,73.075,74.14,24819000.0
1786320000,73.795,76.32,73.57,76.29,26959940.0
1786406400,76.2,76.895,74.48,74.79,27840510.0
1786492800,74.35,74.67,73.5702,74.21,20773130.0
1786579200,76.01,78.4,75.44,78.24,41452860.0
1786665600,78.48,78.73,77.7601,78.16,26750960.0
1786924800,77.8,78.53,75.465,76.02,30752980.0
1787011200,77.425,79.0972,76.34,77.77,36151270.0
1787097600,78.245,81.16,78.1,80.22,31461790.0
1787184000,80.14,81.08,79.585,80.14,27118420.0
1787270400,80.29,80.49,79.17,79.59,23773820.0
1787529600,79.94,80.62,79.0201,80.01,21085300.0
1787616000,79.65,82.455,79.4,82.23,29461960.0
1787702400,82.05,82.42,81.295,81.46,22874880.0
1787788800,81.07,81.15,79.2801,79.84,27174440.0
1787875200,80.355,82.3535,79.95,81.72,29092690.0
1788134400,81.0,81.73,80.65,81.05,30740810.0
1788220800,80.165,82.1255,79.6,80.81,21164920.0
1788307200,80.55,83.12,80.3,82.73,22077830.0
1788393600,83.18,83.6,81.63,82.67,24006370.0
1788480000,82.17,82.69,78.23,78.25,40190010.0
1788825600,77.55,77.73,75.92,76.77,33865470.0
1788912000,76.34,76.72,75.87,76.03,22779620.0
1788998400,75.325,76.3,75.03,76.01,20049030.0
1789084800,76.64,77.5661,76.15,77.4,22237770.0
1789344000,78.97,81.02,78.49,80.32,30945110.0
1789430400,79.375,79.4808,77.46,77.9,28027360.0
1789516800,77.725,77.8,76.31,76.41,25376270.0
1789603200,76.905,76.96,75.3,75.31,28167550.0
1789689600,71.27,72.38,70.11,71.79,114413500.0
1789948800,71.82,73.87,71.79,73.36,36948000.0
1790035200,73.69,73.76,71.58,72.16,34372510.0
1790121600,72.075,72.3695,71.07,71.36,32807460.0
1790208000,71.62,72.04,71.21,71.72,28223880.0
