timestamp,open,high,low,close,volume
1474848000,54.8,55.0,54.075,54.4,11626980.0
1474934400,54.25,55.54,53.9,55.34,17402790.0
1475020800,54.6,54.9965,52.8,53.25,33038080.0
1475107200,52.92,53.58,52.12,52.16,16911670.0
1475193600,52.57,53.06,52.28,52.65,12879540.0
1475452800,52.54,53.0,52.42,52.67,7586770.0
1475539200,52.9,53.06,52.08,52.14,10732990.0
1475625600,52.15,52.64,52.1,52.12,7170753.0
1475712000,52.2,52.33,51.97,52.03,9185829.0
1475798400,52.42,52.46,51.68,51.79,8394693.0
1476057600,52.13,52.25,51.77,51.79,5463049.0
1476144000,51.95,52.25,51.52,51.82,9184098.0
1476230400,52.01,52.71,51.8,52.44,9285340.0
1476316800,52.12,52.32,51.5,52.03,8418045.0
1476403200,52.38,52.5,51.62,51.62,7130701.0
1476662400,51.65,51.75,50.96,51.03,7886300.0
1476748800,51.3,51.66,51.19,51.22,6804944.0
1476835200,51.34,51.84,51.14,51.8,6983938.0
1476921600,51.77,52.36,51.69,51.89,6572027.0
1477008000,51.74,51.87,51.25,51.77,8238319.0
1477267200,52.16,52.29,51.83,51.87,7569008.0
1477353600,50.97,51.44,50.71,51.05,14919090.0
1477440000,50.95,52.27,50.9,51.97,12386670.0
1477526400,52.34,52.34,51.69,51.89,7936840.0
1477612800,52.12,52.5,51.79,52.02,9096631.0
1477872000,50.88,51.15,50.0,50.18,17896880.0
1477958400,50.5,50.51,49.14,49.62,14079990.0
1478044800,49.24,50.27,49.01,49.72,10742290.0
1478131200,49.98,50.0,49.31,49.73,7639954.0
1478217600,49.8,50.45,49.76,49.96,9924542.0
1478476800,50.48,50.93,50.28,50.91,8346194.0
1478563200,51.1,51.49,50.953,51.08,8109894.0
1478649600,50.07,51.27,49.8,51.12,9058254.0
1478736000,51.29,51.37,50.33,50.39,12306310.0
1478822400,50.22,50.85,50.18,50.77,6300238.0
1479081600,51.18,51.19,50.21,50.21,8013737.0
1479168000,50.46,50.64,49.75,50.13,9279610.0
1479254400,50.0,50.8,49.95,50.68,6659054.0
1479340800,50.94,51.6725,50.72,51.59,7646913.0
1479427200,51.39,51.89,50.96,51.1,7450657.0
1479686400,51.0,51.42,50.9527,51.28,5357197.0
1479772800,51.47,51.75,51.05,51.71,5227782.0
1479859200,51.71,51.85,51.2,51.34,4148848.0
1480032000,51.68,51.74,51.35,51.52,2736767.0
1480291200,51.44,51.44,50.61,51.01,8356716.0
1480377600,51.2,51.37,50.57,50.63,6063464.0
1480464000,50.52,50.81,50.07,50.07,8168380.0
1480550400,50.11,51.25,50.06,50.65,7609690.0
1480636800,50.26,50.68,50.105,50.46,6933086.0
1480896000,50.8,52.27,50.7,51.85,12009070.0
1480982400,50.83,51.1,50.26,50.57,12485430.0
1481068800,50.79,52.25,50.5968,52.1,10363830.0
1481155200,52.15,52.47,51.45,51.55,9255664.0
1481241600,51.76,51.9699,51.5,51.72,5861312.0
1481500800,51.5,51.9,50.94,51.54,11458300.0
1481587200,51.83,53.215,51.83,52.3,11331090.0
1481673600,52.24,52.34,51.59,51.79,8001727.0
1481760000,52.0,52.04,51.09,51.29,9545119.0
1481846400,51.6,51.64,50.67,50.92,13971530.0
1482105600,50.91,51.36,50.48,50.85,9423102.0
1482192000,51.06,51.99,50.75,51.79,14741170.0
1482278400,52.9,53.35,51.55,52.3,23211280.0
1482364800,52.8,53.0,52.0255,52.14,11798600.0
1482451200,51.99,52.35,51.67,51.91,9356743.0
1482796800,51.8,52.25,51.2,51.29,8153746.0
1482883200,51.31,51.5,50.87,51.02,6264995.0
1482969600,51.0,51.24,50.88,51.06,4679736.0
1483056000,51.1,51.33,50.7,50.83,7383343.0
1483401600,51.99,52.5,51.77,51.98,13287280.0
1483488000,52.23,53.345,52.09,53.07,13686230.0
1483574400,52.92,53.1,52.44,53.06,8673284.0
1483660800,53.09,54.09,52.98,53.91,12526190.0
1483920000,53.96,53.99,53.215,53.38,8823213.0
1484006400,53.55,53.7301,53.11,53.11,8041363.0
1484092800,53.12,53.29,52.665,52.69,8208297.0
1484179200,52.51,52.69,52.16,52.4,7325408.0
1484265600,52.59,52.93,52.23,52.92,6691908.0
1484611200,53.4,53.95,53.01,53.65,9887948.0
1484697600,53.86,53.89,52.86,53.27,6732754.0
1484784000,53.84,53.94,52.89,52.93,8320075.0
1484870400,53.22,53.352,52.9,53.2,7805560.0
1485129600,53.02,53.26,52.7247,53.24,6959254.0
1485216000,53.02,53.57,52.99,53.45,6273170.0
1485302400,53.73,54.12,53.69,53.86,6660247.0
1485388800,54.11,54.12,53.36,53.65,6201590.0
1485475200,53.68,54.08,53.03,53.19,7361856.0
1485734400,52.78,53.22,52.41,53.08,9770193.0
1485820800,51.68,52.9,51.63,52.9,12284190.0
1485907200,52.98,53.26,52.61,53.02,8807232.0
1485993600,53.0,53.01,52.4801,52.8,7870518.0
1486080000,52.62,52.805,52.25,52.36,8819867.0
1486339200,52.09,52.8,52.05,52.8,7336727.0
1486425600,53.07,53.28,52.67,52.81,6440107.0
1486512000,52.74,53.94,52.7,53.88,9280428.0
1486598400,53.93,55.7,53.93,55.31,14344530.0
1486684800,55.63,56.47,55.63,56.22,14973100.0
1486944000,56.17,56.34,55.75,56.09,7679528.0
1487030400,55.92,56.69,55.83,56.45,8891420.0
1487116800,56.29,56.76,56.21,56.64,6651959.0
1487203200,56.88,56.92,56.1,56.29,8374077.0
1487289600,56.12,56.8,55.86,56.75,12637500.0
1487635200,56.38,57.45,56.2,57.36,10954850.0
1487721600,57.48,58.38,57.36,58.24,10912490.0
1487808000,58.11,58.4,57.27,57.39,12315290.0
1487894400,57.39,58.42,57.07,57.86,9684151.0
1488153600,57.65,57.83,57.3488,57.69,4375471.0
1488240000,57.37,57.55,56.855,57.16,7951140.0
1488326400,57.86,58.03,57.33,57.95,8558833.0
1488412800,57.9,58.25,57.65,57.8,6436669.0
1488499200,57.63,57.65,56.51,56.7,9192319.0
1488758400,56.7,56.93,56.53,56.77,6896304.0
1488844800,56.71,56.99,56.02,56.55,7124351.0
1488931200,56.94,56.94,56.31,56.51,7604631.0
1489017600,56.61,56.66,56.09,56.36,6165628.0
1489104000,56.49,56.99,56.26,56.43,8882391.0
1489363200,56.4,56.815,56.11,56.67,7234856.0
1489449600,56.87,58.01,56.72,57.28,9286807.0
1489536000,57.63,57.99,56.75,57.66,10067270.0
1489622400,57.43,57.72,56.83,57.6,9894868.0
1489708800,57.77,57.885,57.31,57.8,10773730.0
1489968000,58.0,58.81,57.96,58.68,13351890.0
1490054400,58.78,59.0,57.72,58.01,14696970.0
1490140800,54.76,55.0,53.76,53.92,37402210.0
1490227200,54.61,55.55,54.52,55.37,23845220.0
1490313600,55.29,56.64,55.12,56.36,14412050.0
1490572800,55.64,56.249,55.54,55.93,8640646.0
1490659200,55.99,56.78,55.79,56.62,7823808.0
1490745600,56.41,57.1,56.35,56.68,7456138.0
1490832000,56.48,56.6,55.81,56.04,7208749.0
1490918400,56.0,56.03,55.645,55.73,5905359.0
1491177600,55.74,55.8,55.15,55.56,7088035.0
1491264000,55.15,55.3,54.83,55.04,8843031.0
1491350400,54.97,55.8,54.5,54.98,7712869.0
1491436800,55.07,55.94,54.94,55.14,6692088.0
1491523200,55.1,55.24,54.77,55.11,6072739.0
1491782400,55.0,55.33,54.721,54.9,5472557.0
1491868800,54.95,55.0699,54.55,54.92,4348602.0
1491955200,54.66,55.62,54.5,55.57,8502592.0
1492041600,55.41,55.6,55.26,55.34,5282098.0
1492387200,55.32,56.335,55.25,56.24,7688595.0
1492473600,56.02,56.42,55.8,56.11,5651048.0
1492560000,56.16,56.22,55.74,55.86,5947666.0
1492646400,55.96,56.69,55.881,56.4,6866939.0
1492732800,56.29,56.38,55.68,55.85,6055618.0
1492992000,56.14,56.21,55.47,55.47,10777580.0
1493078400,55.53,55.77,55.41,55.45,8960301.0
1493164800,55.46,55.84,55.12,55.16,10933750.0
1493251200,55.18,55.57,54.91,55.47,8557981.0
1493337600,55.43,55.53,55.14,55.41,6437601.0
1493596800,55.43,55.45,54.98,54.99,4881317.0
1493683200,55.12,55.16,54.79,55.07,7294812.0
1493769600,55.17,55.3,54.4,54.53,9474727.0
1493856000,54.68,54.83,54.2,54.47,6830025.0
1493942400,54.41,54.5,53.56,53.95,13373650.0
1494201600,54.18,54.51,53.83,54.3,8727961.0
1494288000,54.33,55.08,54.16,54.89,6441141.0
1494374400,54.91,55.06,54.51,54.56,5808565.0
1494460800,54.52,54.52,53.4,54.24,6483611.0
1494547200,54.1,54.39,53.79,54.2,5597618.0
1494806400,54.12,54.2,53.68,53.77,8181368.0
1494892800,52.37,53.38,52.12,52.78,14559720.0
1494979200,52.39,52.87,51.8,51.8,18341380.0
1495065600,51.97,52.08,51.3,51.68,22569710.0
1495152000,51.0,52.11,50.81,51.77,20029180.0
1495411200,51.77,51.96,51.4,51.57,13671220.0
1495497600,51.98,52.625,51.88,52.2,11087280.0
1495584000,52.25,52.3,51.74,52.01,9402822.0
1495670400,52.38,52.59,52.21,52.35,7627409.0
1495756800,52.35,52.76,52.23,52.59,5919209.0
1496102400,52.76,53.02,52.64,52.92,8038361.0
1496188800,53.02,53.2799,52.71,52.99,8950286.0
1496275200,53.06,53.3,52.21,52.3,13351020.0
1496361600,52.7,53.01,52.36,52.98,18509320.0
1496620800,53.0,53.23,52.7,53.01,5748870.0
1496707200,52.9,53.1,52.43,52.48,8922847.0
1496793600,52.79,53.36,52.75,53.23,7429273.0
1496880000,53.54,54.14,53.15,53.2,7764790.0
1496966400,53.2,53.47,52.8,53.46,8346810.0
1497225600,53.51,54.25,53.5,54.03,9180069.0
1497312000,54.03,54.66,53.84,54.31,8712854.0
1497398400,54.48,54.67,53.95,54.66,6772551.0
1497484800,54.0,54.05,52.73,52.9,16039290.0
1497571200,51.75,51.84,50.79,51.1,25680970.0
1497830400,51.42,52.22,51.4,52.02,11172470.0
1497916800,52.05,52.13,51.1,51.56,10676450.0
1498003200,51.9,52.685,51.9,52.59,13018700.0
1498089600,52.6,52.62,52.09,52.4,10327580.0
1498176000,52.15,52.915,51.67,52.85,8522104.0
1498435200,52.95,53.57,52.67,53.28,7834458.0
1498521600,53.19,53.26,52.64,52.95,7867410.0
1498608000,53.17,53.61,52.96,53.36,7513042.0
1498694400,53.33,53.63,52.99,53.17,13334530.0
1498780800,56.6,59.71,56.5,59.0,46530150.0
1499040000,58.37,59.01,58.33,58.65,9910021.0
1499212800,58.24,58.29,57.51,57.56,16165830.0
1499299200,57.45,57.72,57.0,57.16,9035228.0
1499385600,57.4,58.08,57.03,57.98,8026045.0
1499644800,57.89,58.81,57.68,58.73,8942165.0
1499731200,58.54,58.93,58.04,58.18,7222299.0
1499817600,58.31,58.75,58.1,58.22,7239490.0
1499904000,58.22,58.58,57.93,57.94,8107976.0
1499990400,57.95,58.21,57.64,58.0,6344849.0
1500249600,58.0,58.35,57.755,57.79,6878816.0
1500336000,57.74,58.08,57.47,57.65,4916874.0
1500422400,57.6,57.875,57.3925,57.77,4434998.0
1500508800,59.12,59.59,58.8,59.1,11905760.0
1500595200,59.0,60.0,58.91,59.95,11048020.0
1500854400,59.69,59.7701,58.761,58.95,7497800.0
1500940800,59.32,59.52,58.92,59.39,5146517.0
1501027200,59.09,59.13,58.32,58.36,5522246.0
1501113600,58.6,58.68,57.985,58.15,8103612.0
1501200000,58.15,58.735,57.97,58.67,5112725.0
1501459200,58.71,59.12,58.33,59.05,6224990.0
1501545600,59.0,59.94,58.9,59.84,9028600.0
1501632000,59.55,59.95,59.27,59.79,4132948.0
1501718400,59.8,60.53,59.64,60.14,5677110.0
1501804800,60.17,60.34,59.63,59.76,4105948.0
1502064000,59.82,60.1,59.71,59.79,4066712.0
1502150400,59.88,60.12,59.36,59.46,5582400.0
1502236800,59.42,59.965,59.26,59.9,5310893.0
1502323200,59.68,59.69,59.06,59.07,5584793.0
1502409600,58.73,59.27,58.59,58.97,4979984.0
1502668800,59.15,60.0,59.13,59.78,5899971.0
1502755200,58.94,59.01,58.29,58.56,8912871.0
1502841600,58.9,59.05,58.221,58.54,5489569.0
1502928000,58.53,58.7445,57.42,57.46,8912592.0
1503014400,54.85,55.42,54.17,54.95,22863480.0
1503273600,54.44,54.44,53.105,53.61,14275780.0
1503360000,53.92,54.41,53.79,54.13,8212705.0
1503446400,53.92,54.08,53.445,53.61,6408312.0
1503532800,53.93,53.97,53.46,53.84,5461910.0
1503619200,54.03,54.2,53.5375,53.9,6416006.0
1503878400,54.07,54.43,53.615,53.73,5267309.0
1503964800,52.74,52.8775,52.065,52.73,12526610.0
1504051200,52.8,52.96,52.25,52.56,7141739.0
1504137600,52.6,52.98,52.47,52.81,7709090.0
1504224000,53.0,53.45,52.9,53.36,5509700.0
1504569600,53.25,53.47,52.88,53.01,6680199.0
1504656000,53.12,53.34,52.71,52.76,7401460.0
1504742400,52.76,52.85,52.34,52.39,6905672.0
1504828800,52.25,52.51,52.11,52.2,8554996.0
1505088000,52.38,53.13,52.32,53.03,8649671.0
1505174400,53.77,54.09,53.3,53.4,7825328.0
1505260800,53.45,53.64,53.04,53.52,6079979.0
1505347200,53.54,53.89,53.12,53.73,7488924.0
1505433600,53.86,54.06,53.52,53.87,9999372.0
1505692800,53.87,54.16,53.4,53.5,8165325.0
1505779200,52.78,54.05,52.51,53.33,14676750.0
1505865600,53.49,53.64,53.04,53.56,7024091.0
1505952000,53.55,53.64,53.09,53.19,8059362.0
1506038400,53.02,53.61,52.8,53.24,10962230.0
1506297600,53.08,53.56,53.0,53.23,12244730.0
1506384000,53.18,53.97,52.98,53.7,15497040.0
1506470400,52.17,52.69,51.03,52.67,36193880.0
1506556800,52.8,53.03,52.33,52.63,11313620.0
1506643200,52.59,52.82,51.76,51.85,12125690.0
1506902400,52.16,52.21,51.66,51.87,7508536.0
1506988800,52.0,52.05,51.4,51.47,8124809.0
1507075200,51.51,52.13,51.4,52.08,8167272.0
1507161600,52.01,52.32,51.775,52.18,5286989.0
1507248000,52.2,52.46,52.12,52.42,5301091.0
1507507200,52.23,52.3,51.5,51.52,6874888.0
1507593600,51.58,51.82,51.37,51.53,8354317.0
1507680000,51.39,51.52,50.83,51.03,9101142.0
1507766400,50.98,51.12,50.35,50.83,10727200.0
1507852800,50.83,51.07,50.4,50.98,16227850.0
1508112000,50.8,51.405,50.64,51.37,9299326.0
1508198400,51.5,52.04,51.38,52.0,9491074.0
1508284800,52.18,52.4,52.1,52.3,10890150.0
1508371200,51.66,52.8,51.48,52.69,12568210.0
1508457600,52.79,53.5,52.79,53.06,12905160.0
1508716800,53.06,53.95,53.0,53.66,12223710.0
1508803200,53.9,54.0,53.1,53.42,14729220.0
1508889600,53.43,55.905,52.67,54.94,24785960.0
1508976000,55.26,57.25,55.14,56.81,21878050.0
1509062400,55.82,56.36,55.65,55.96,12791410.0
1509321600,55.71,55.93,54.84,55.27,10169180.0
1509408000,54.75,55.28,54.52,54.99,9785542.0
1509494400,55.42,55.5,54.85,55.07,7499459.0
1509580800,55.15,55.32,54.59,55.12,7250199.0
1509667200,55.15,55.72,55.04,55.71,9448186.0
1509926400,55.29,56.13,55.14,56.04,9241026.0
1510012800,55.75,56.015,55.02,55.15,7364860.0
1510099200,55.0,55.77,54.89,55.76,7078567.0
1510185600,55.5,56.35,55.31,56.13,10946100.0
1510272000,55.88,56.49,55.62,56.09,7535726.0
1510531200,55.66,56.085,55.66,55.91,10105750.0
1510617600,55.71,56.18,55.53,55.98,5037415.0
1510704000,55.96,56.87,55.08,56.63,6610014.0
1510790400,56.62,57.2775,56.41,57.23,8229222.0
1510876800,58.54,59.53,58.37,59.19,15475190.0
1511136000,58.63,59.5,57.98,59.25,8454699.0
1511222400,59.03,59.4,58.93,59.39,8747863.0
1511308800,59.18,59.34,58.94,59.07,8500489.0
1511481600,59.0,59.35,58.91,59.32,3400441.0
1511740800,59.2,59.7,59.17,59.63,7891586.0
1511827200,58.76,59.6,58.54,59.58,8660300.0
1511913600,59.73,60.63,59.73,60.36,12001110.0
1512000000,60.26,61.21,60.2,60.42,12551200.0
1512086400,60.42,60.43,59.24,59.88,10113570.0
1512345600,60.27,60.695,59.97,60.1,7513229.0
1512432000,60.65,60.8,59.65,60.42,8802654.0
1512518400,60.41,60.85,59.7,59.72,7845476.0
1512604800,59.86,61.06,59.65,60.6,6113267.0
1512691200,60.5,61.37,60.29,61.3,5994810.0
1512950400,61.37,62.22,61.3,61.91,9017614.0
1513036800,61.81,62.53,61.65,62.17,7323388.0
1513123200,62.22,64.46,62.02,64.3,15870140.0
1513209600,64.43,64.85,64.05,64.53,12973890.0
1513296000,64.89,65.07,64.15,64.79,15657940.0
1513555200,64.93,65.08,64.39,64.81,12651740.0
1513641600,65.15,65.185,64.18,64.24,8208068.0
1513728000,64.39,64.5,63.58,63.59,12467170.0
1513814400,64.29,64.98,63.3,64.77,14140260.0
1513900800,61.2,63.54,60.13,63.29,20412160.0
1514246400,62.9,63.89,62.81,63.65,4562670.0
1514332800,63.56,63.6,62.77,62.95,8954465.0
1514419200,63.0,63.32,62.85,62.95,3980309.0
1514505600,63.21,63.37,62.55,62.55,5210448.0
1514851200,62.85,63.49,62.85,63.49,6502121.0
1514937600,63.48,63.66,62.76,63.48,6089699.0
1515024000,63.4,63.55,62.55,63.44,5779236.0
1515110400,63.7,64.3,63.4701,63.98,11554270.0
1515369600,64.15,64.71,63.98,64.55,11893910.0
1515456000,64.23,64.72,63.47,64.09,6707396.0
1515542400,63.88,64.23,63.435,64.22,5010628.0
1515628800,64.03,64.31,63.78,64.29,5097696.0
1515715200,64.5,64.725,64.315,64.67,5090732.0
1516060800,64.78,65.36,63.37,63.42,8995820.0
1516147200,63.67,64.01,63.08,63.81,7385725.0
1516233600,64.0,64.21,63.54,64.11,5618331.0
1516320000,65.31,67.24,65.12,67.21,12864590.0
1516579200,66.55,66.83,65.76,66.39,8491300.0
1516665600,66.53,67.325,66.445,67.14,6408803.0
1516752000,67.34,68.18,67.07,68.0,7440781.0
1516838400,68.13,68.64,67.45,67.71,5689517.0
1516924800,68.2,68.64,67.92,68.04,6290489.0
1517184000,67.82,68.14,67.42,67.58,5009699.0
1517270400,67.5,68.31,67.16,67.33,6337993.0
1517356800,67.5,68.83,67.47,68.22,11035830.0
1517443200,67.67,67.97,66.7,67.65,5790224.0
1517529600,67.22,67.79,67.0,67.22,9326417.0
1517788800,66.63,67.21,64.39,64.39,12418090.0
1517875200,62.48,65.42,62.09,65.22,13351120.0
1517961600,65.15,66.841,65.1,65.63,8836046.0
1518048000,65.53,65.71,62.46,62.49,13760200.0
1518134400,63.76,66.05,62.84,65.49,13732930.0
1518393600,65.94,66.815,65.68,65.98,9781670.0
1518480000,65.85,66.23,65.43,65.87,9534118.0
1518566400,65.72,68.03,65.55,67.96,8656249.0
1518652800,68.39,68.76,67.25,68.29,7384613.0
1518739200,67.9,69.0,67.74,68.3,6830980.0
1519084800,67.64,67.97,67.05,67.49,4851301.0
1519171200,67.66,68.02,67.03,67.05,5099586.0
1519257600,67.25,67.48,66.74,67.13,6462718.0
1519344000,67.39,68.16,66.85,68.16,4428468.0
1519603200,68.39,69.81,68.34,69.65,6498808.0
1519689600,70.0,70.25,68.03,68.03,6834029.0
1519776000,68.1,68.3,67.01,67.03,6083817.0
1519862400,67.24,67.67,65.67,66.32,7318396.0
1519948800,64.91,66.09,64.21,65.89,8380732.0
1520208000,65.48,65.49,64.34,65.05,8482311.0
1520294400,65.21,65.36,64.63,65.24,6535484.0
1520380800,64.51,64.79,63.89,64.17,6452918.0
1520467200,64.56,65.25,64.48,65.11,5508038.0
1520553600,65.51,66.51,65.36,66.3,5838385.0
1520812800,66.65,67.61,66.32,66.82,7522682.0
1520899200,67.3,67.69,66.13,66.17,5167304.0
1520985600,66.65,66.9,65.67,66.2,6456979.0
1521072000,66.49,66.605,66.13,66.39,5246001.0
1521158400,66.31,66.69,65.91,65.91,12838440.0
1521417600,65.7,66.34,65.19,65.71,7230932.0
1521504000,65.94,66.87,65.93,66.8,6896194.0
1521590400,66.73,67.21,66.31,66.35,5787832.0
1521676800,65.6,66.15,64.23,64.42,12220370.0
1521763200,66.7,67.22,64.46,64.63,17314000.0
1522022400,65.08,66.06,64.99,65.9,10711680.0
1522108800,65.89,67.64,65.43,66.17,9444134.0
1522195200,66.59,67.15,65.27,65.44,7179197.0
1522281600,65.7,66.55,65.61,66.44,10435190.0
1522627200,65.97,66.05,63.21,64.12,12382290.0
1522713600,64.47,66.73,64.36,66.7,8754726.0
1522800000,65.97,68.5,65.93,68.42,9957787.0
1522886400,68.5,69.78,68.39,69.59,9040261.0
1522972800,68.51,69.31,66.93,67.55,9706331.0
1523232000,68.39,68.55,67.15,67.18,6504445.0
1523318400,67.81,67.88,66.49,67.0,10120040.0
1523404800,66.58,67.1992,66.52,66.83,5185380.0
1523491200,67.07,68.0,67.07,67.77,5130704.0
1523577600,68.12,68.33,66.98,67.25,4300162.0
1523836800,67.81,67.98,67.06,67.06,6484339.0
1523923200,67.37,67.6701,67.28,67.51,5603004.0
1524009600,67.53,67.74,66.16,66.2,7370043.0
1524096000,66.03,66.3,64.99,65.73,8262203.0
1524182400,65.75,66.11,65.45,66.09,10401850.0
1524441600,66.0,67.03,65.95,66.88,6242256.0
1524528000,67.31,67.51,66.72,66.97,8176123.0
1524614400,66.84,67.0,66.25,66.67,4899538.0
1524700800,66.78,68.2892,66.64,68.05,5334694.0
1524787200,68.47,70.0,68.45,69.56,7805774.0
1525046400,69.58,69.81,68.39,68.39,6470382.0
1525132800,67.98,68.21,67.03,68.1,4957762.0
1525219200,68.04,68.56,67.48,68.26,5464142.0
1525305600,67.8,67.85,66.64,66.9,6150997.0
1525392000,66.84,68.325,66.8,68.1,5131935.0
1525651200,68.06,69.415,68.06,69.34,5043540.0
1525737600,69.2,69.23,68.2,68.46,6447606.0
1525824000,68.42,68.47,67.005,67.95,7947006.0
1525910400,68.14,68.27,67.325,67.92,4964839.0
1525996800,68.03,68.53,67.91,68.43,4145059.0
1526256000,68.6,68.885,68.11,68.84,3446381.0
1526342400,68.31,69.52,68.23,69.5,5025069.0
1526428800,69.67,71.51,69.62,71.34,9243255.0
1526515200,71.4,71.6,70.82,70.94,6055376.0
1526601600,70.76,71.59,70.47,71.32,5683029.0
1526860800,71.48,71.7,70.71,71.38,5455534.0
1526947200,71.46,72.19,71.255,71.31,5674911.0
1527033600,70.95,71.915,70.83,71.34,6786792.0
1527120000,71.43,72.28,71.32,72.18,5606709.0
1527206400,73.1,73.49,71.63,72.25,5889671.0
1527552000,71.52,71.61,70.43,70.92,5857814.0
1527638400,71.46,72.29,70.94,72.23,5799696.0
1527724800,72.0,72.22,71.235,71.8,7856159.0
1527811200,72.12,72.95,72.12,72.76,4085559.0
1528070400,73.0,73.87,72.79,73.83,4578937.0
1528156800,73.61,74.22,73.14,74.05,4927872.0
1528243200,74.38,74.94,74.19,74.75,5318054.0
1528329600,74.95,75.9101,74.65,74.76,6629831.0
1528416000,74.78,75.07,74.3,74.9,5440023.0
1528675200,75.06,75.21,74.54,74.59,4703486.0
1528761600,74.42,74.61,74.065,74.29,4334507.0
1528848000,74.27,74.9,73.99,74.11,4528881.0
1528934400,74.6,75.15,74.35,74.7,4533139.0
1529020800,74.71,75.85,74.5,75.84,10948670.0
1529280000,75.28,75.7628,74.91,75.61,4514603.0
1529366400,74.5,74.92,73.65,74.26,7550825.0
1529452800,74.2,74.91,73.97,74.72,4424711.0
1529539200,73.7,74.79,73.55,73.94,5537365.0
1529625600,73.57,74.41,73.21,73.43,9532751.0
1529884800,73.32,73.36,72.03,72.35,9062958.0
1529971200,72.5,73.29,72.35,72.56,7071092.0
1530057600,72.73,72.95,71.15,71.35,7617238.0
1530144000,71.45,72.12,71.35,71.7,8826455.0
1530230400,78.76,81.0,78.36,79.68,31312180.0
1530489600,78.58,79.48,77.02,78.35,11866530.0
1530576000,77.41,77.89,76.1,76.28,5794853.0
1530748800,76.62,77.42,76.14,76.55,6478082.0
1530835200,76.48,77.08,76.07,76.48,5916217.0
1531094400,76.84,77.38,76.345,77.28,4869853.0
1531180800,77.44,78.09,77.16,77.57,6280356.0
1531267200,77.13,77.64,76.83,77.36,3577802.0
1531353600,77.94,78.18,77.23,77.37,4879171.0
1531440000,77.2,77.61,77.14,77.38,2963129.0
1531699200,77.36,78.095,77.3,77.75,4745723.0
1531785600,77.51,78.02,77.4,77.47,4354012.0
1531872000,77.43,77.62,76.32,76.59,6065485.0
1531958400,75.93,77.155,75.8,76.95,4790691.0
1532044800,76.31,77.08,76.16,76.96,5246412.0
1532304000,76.71,76.95,76.13,76.59,3946544.0
1532390400,76.85,77.09,75.435,75.53,6036522.0
1532476800,75.24,77.18,75.06,77.16,5541920.0
1532563200,77.0,78.44,76.82,78.15,6706182.0
1532649600,78.17,78.41,76.79,76.89,6125358.0
1532908800,76.88,76.96,75.43,75.96,7097889.0
1532995200,76.44,77.59,76.16,76.91,8030610.0
1533081600,76.5,78.06,76.5,77.54,6878296.0
1533168000,77.77,79.07,77.4,78.65,5268030.0
1533254400,78.73,78.98,78.44,78.74,3762050.0
1533513600,78.74,79.58,78.43,79.51,4181480.0
1533600000,79.73,80.63,79.27,80.53,5408157.0
1533686400,80.21,81.08,80.04,80.5,5327076.0
1533772800,80.49,81.88,80.41,81.26,4549463.0
1533859200,80.82,81.285,80.29,80.73,5035611.0
1534118400,80.82,81.145,80.01,80.15,4033883.0
1534204800,80.33,80.845,79.68,80.14,6079711.0
1534291200,79.57,79.86,79.12,79.57,5049466.0
1534377600,79.9,80.61,79.8,80.05,5456115.0
1534464000,80.04,80.4353,79.68,79.75,9001370.0
1534723200,81.52,82.42,80.95,82.18,9335988.0
1534809600,82.31,83.075,82.02,82.95,6235596.0
1534896000,83.1,83.68,82.28,82.64,4265040.0
1534982400,82.43,83.57,82.34,82.91,4155348.0
1535068800,82.42,82.8793,82.1,82.45,3452938.0
1535328000,83.04,83.45,82.23,82.65,4012423.0
1535414400,83.23,83.63,82.48,82.58,3788197.0
1535500800,82.42,83.1,82.22,82.79,5712323.0
1535587200,82.58,82.76,81.01,81.4,7122126.0
1535673600,81.25,82.25,81.25,82.2,5177087.0
1536019200,79.39,80.97,79.0,79.6,18544300.0
1536105600,79.648,80.32,79.301,79.92,12266710.0
1536192000,80.17,80.84,79.77,80.4,8576127.0
1536278400,80.01,81.16,80.01,80.3,6629015.0
1536537600,81.39,82.44,81.22,82.1,6964474.0
1536624000,83.2,83.58,82.55,82.63,7165497.0
1536710400,82.7,83.04,82.04,83.0,5359241.0
1536796800,83.21,83.9,83.12,83.47,5311784.0
1536883200,83.58,83.84,83.06,83.49,4777086.0
1537142400,83.49,83.93,82.94,83.26,4786474.0
1537228800,83.24,85.35,83.24,85.26,7236949.0
1537315200,85.69,85.85,84.115,84.43,8039962.0
1537401600,85.09,85.87,84.93,85.37,6478787.0
1537488000,86.0,86.04,85.01,85.55,13761830.0
1537747200,85.16,85.26,84.25,84.27,8751994.0
1537833600,84.86,85.1,84.07,84.79,9854413.0
1537920000,82.61,84.73,81.95,83.7,16311620.0
1538006400,83.77,84.915,83.73,84.54,6079493.0
1538092800,84.29,85.27,84.25,84.72,7310263.0
1538352000,85.1,85.85,84.37,84.46,7826230.0
1538438400,84.34,84.55,82.5,82.77,7901256.0
1538524800,81.93,82.96,81.75,82.5,9926200.0
1538611200,82.34,82.48,80.02,80.18,9159094.0
1538697600,80.09,80.99,79.43,80.12,7015432.0
1538956800,80.04,80.54,79.08,80.23,7763559.0
1539043200,80.37,81.49,80.16,80.42,7643285.0
1539129600,79.66,80.04,74.77,74.94,12889700.0
1539216000,74.77,77.07,73.9,74.51,11527200.0
1539302400,75.97,76.86,74.91,75.91,9853972.0
1539561600,75.77,76.16,74.97,74.99,5479091.0
1539648000,75.6,77.65,75.32,77.48,7458229.0
1539734400,77.52,77.8,75.94,76.48,6338565.0
1539820800,77.4,77.41,75.0031,75.6,7230475.0
1539907200,75.83,76.05,74.14,74.21,7030106.0
1540166400,74.65,75.21,74.3,74.9,7003610.0
1540252800,74.19,74.38,72.07,73.35,11417330.0
1540339200,73.47,74.6055,71.95,72.12,8274164.0
1540425600,72.69,73.495,72.23,73.1,7609147.0
1540512000,72.0,72.71,70.69,72.07,8366028.0
1540771200,73.26,74.01,71.39,72.19,9856907.0
1540857600,73.07,74.64,72.81,74.51,9391626.0
1540944000,75.5,76.34,74.92,75.04,8718344.0
1541030400,75.23,76.84,74.84,76.79,5845058.0
1541116800,77.53,78.59,75.71,76.58,6986024.0
1541376000,76.49,77.77,76.05,77.53,7039159.0
1541462400,77.34,77.58,76.355,76.57,6422080.0
1541548800,76.94,78.23,76.57,77.97,5345504.0
1541635200,77.69,78.16,77.24,77.78,5387589.0
1541721600,77.71,77.77,75.525,76.36,4737578.0
1541980800,76.35,76.77,74.99,75.1,5196315.0
1542067200,75.53,76.265,74.84,75.2,4535437.0
1542153600,76.32,77.49,74.89,75.2,7866200.0
1542240000,74.44,74.67,72.89,74.33,7846461.0
1542326400,73.76,75.52,73.06,74.74,8013135.0
1542585600,74.69,74.75,71.86,72.52,6691538.0
1542672000,70.49,72.07,69.52,71.12,9053844.0
1542758400,71.99,72.9,71.81,72.37,7326130.0
1542931200,72.05,72.52,71.405,71.49,2582343.0
1543190400,72.34,73.0,72.27,72.71,5876676.0
1543276800,72.28,72.55,71.3,72.09,5008025.0
1543363200,72.3,74.76,72.3,74.66,6166123.0
1543449600,74.64,74.95,73.32,74.34,5366650.0
1543536000,74.18,75.48,73.9,75.12,7947326.0
1543795200,77.1,79.0,76.93,77.94,10208010.0
1543881600,77.42,78.4,75.41,75.79,8603738.0
1544054400,74.37,75.565,73.59,75.54,9427778.0
1544140800,75.04,75.97,72.87,73.34,5708606.0
1544400000,73.1,73.71,70.61,72.51,7234935.0
1544486400,73.87,74.57,72.56,73.57,6949676.0
1544572800,74.52,75.28,73.51,74.32,6950358.0
1544659200,74.5,74.59,72.59,72.93,7454573.0
1544745600,71.97,73.65,71.41,72.53,7212508.0
1545004800,71.37,71.77,69.455,69.9,10598680.0
1545091200,70.9,72.41,70.43,71.15,7512000.0
1545177600,71.45,72.0,68.32,68.97,8425563.0
1545264000,68.73,69.57,66.53,67.53,14097880.0
1545350400,73.29,74.29,71.25,72.37,28472470.0
1545609600,71.4,71.93,68.08,68.1,8551422.0
1545782400,68.7,73.01,68.65,73.01,9887110.0
1545868800,72.18,73.73,70.99,73.67,8874791.0
1545955200,73.97,74.46,72.57,73.34,6196559.0
1546214400,73.98,74.46,73.515,74.14,5519125.0
1546387200,72.79,74.64,72.19,74.06,6758262.0
1546473600,73.25,73.32,71.21,72.75,8006512.0
1546560000,73.45,75.12,73.12,74.65,7751818.0
1546819200,74.74,76.365,74.3,75.72,8064941.0
1546905600,76.83,77.4,76.2,76.73,7836466.0
1546992000,76.97,77.15,76.14,76.59,8568712.0
1547078400,75.64,77.34,75.46,76.42,10975960.0
1547164800,76.34,76.89,75.8,76.04,10604750.0
1547424000,75.46,76.81,75.46,76.09,5566109.0
1547510400,76.19,77.98,76.13,77.88,6208058.0
1547596800,78.0,78.85,77.5863,77.68,5479452.0
1547683200,77.54,79.4,77.31,79.13,7719393.0
1547769600,79.95,80.97,79.74,80.45,10386740.0
1548115200,80.33,81.3129,80.2,80.75,8218282.0
1548201600,81.19,81.4,80.22,80.5,5721545.0
1548288000,80.6,80.87,79.55,80.44,4615259.0
1548374400,81.25,81.3319,80.43,80.61,4457056.0
1548633600,79.8,80.505,79.74,80.32,5416936.0
1548720000,80.36,80.83,79.84,80.22,4186228.0
1548806400,80.4,81.29,80.0601,81.28,5197888.0
1548892800,81.18,81.95,80.71,81.88,8598038.0
1548979200,81.83,81.9,81.13,81.51,5310068.0
1549238400,81.22,82.0,80.83,81.99,4222399.0
1549324800,81.98,83.19,81.93,82.86,6466540.0
1549411200,82.51,82.71,81.64,82.71,3682799.0
1549497600,82.15,82.845,81.71,82.39,4811641.0
1549584000,82.25,82.72,81.94,82.36,3786498.0
1549843200,82.95,83.83,82.8704,83.68,6157682.0
1549929600,83.97,84.84,83.62,84.71,6064505.0
1550016000,84.76,85.59,84.76,85.4,5029337.0
1550102400,84.61,85.14,83.7,84.68,4818426.0
1550188800,85.49,85.78,85.1,85.38,6099597.0
1550534400,84.58,85.05,84.46,84.57,5105853.0
1550620800,84.63,84.95,84.35,84.84,4113105.0
1550707200,83.57,84.152,83.35,83.95,8548669.0
1550793600,84.2,85.02,84.0301,84.76,4449464.0
1551052800,85.39,85.73,84.96,85.17,6227962.0
1551139200,85.31,86.08,85.2,85.8,6678195.0
1551225600,85.53,86.22,85.06,86.17,4588157.0
1551312000,86.08,86.4,85.68,85.73,4988103.0
1551398400,86.93,87.99,86.24,87.16,6313067.0
1551657600,87.32,87.99,85.11,85.64,7314775.0
1551744000,85.88,86.25,85.44,85.44,4801785.0
1551830400,85.6,85.99,85.04,85.13,3197751.0
1551916800,84.97,85.41,84.66,85.26,4244522.0
1552003200,84.58,84.88,84.02,84.8,4669075.0
1552262400,85.39,85.94,85.05,85.82,3915318.0
1552348800,85.78,86.08,85.02,85.43,4431015.0
1552435200,85.7,86.655,85.6,85.93,5037665.0
1552521600,86.15,86.88,85.7,86.87,5905519.0
1552608000,87.22,87.6053,85.955,86.8,11030300.0
1552867200,87.3,87.84,87.0,87.82,7708717.0
1552953600,88.22,88.59,87.29,87.69,6611232.0
1553040000,87.5,87.58,86.09,86.69,5959681.0
1553126400,87.24,88.12,86.83,88.01,9766815.0
1553212800,85.2,85.9,82.15,82.19,21640290.0
1553472000,81.48,83.22,80.89,82.33,15494670.0
1553558400,83.63,84.09,82.91,83.38,9437508.0
1553644800,83.69,83.8,82.04,83.09,6427990.0
1553731200,83.93,84.72,83.7,84.04,6021960.0
1553817600,84.6,84.85,83.86,84.21,6273052.0
1554076800,85.04,85.32,84.7,85.23,6162022.0
1554163200,85.0,85.26,84.16,84.37,4431854.0
1554249600,84.9,84.99,84.25,84.47,4041333.0
1554336000,84.49,85.38,84.36,85.28,3624219.0
1554422400,86.0,86.16,85.05,85.4,7280614.0
1554681600,85.01,85.29,84.57,84.73,4703971.0
1554768000,84.22,84.6,83.97,84.28,3802699.0
1554854400,84.64,85.01,84.56,84.88,3695441.0
1554940800,84.9,85.05,84.2837,85.0,3347278.0
1555027200,85.3,86.49,85.29,86.24,6035496.0
1555286400,86.89,87.2428,86.4388,86.83,5034861.0
1555372800,87.0,87.95,87.0,87.8,4652552.0
1555459200,87.95,88.97,87.45,88.73,5586181.0
1555545600,88.76,90.0,88.7,89.2,6921334.0
1555891200,88.35,88.64,87.3,87.36,5292061.0
1555977600,87.57,87.67,87.0092,87.43,7513422.0
1556064000,87.67,88.8241,87.43,88.39,8060326.0
1556150400,88.4,88.54,87.49,87.56,6866442.0
1556236800,87.95,88.94,87.33,88.31,6060305.0
1556496000,88.18,88.505,88.13,88.26,5008209.0
1556582400,88.29,88.4,87.26,87.83,7569165.0
1556668800,87.73,87.95,85.87,85.9,6524576.0
1556755200,86.21,86.28,84.985,85.27,6813740.0
1556841600,85.9,86.3,85.695,85.7,6798283.0
1557100800,83.77,83.87,82.86,83.57,12836650.0
1557187200,83.02,83.63,81.83,82.54,9811257.0
1557273600,82.43,83.99,82.14,82.77,9501257.0
1557360000,82.21,83.01,81.5355,82.98,6336567.0
1557446400,82.78,84.27,82.19,83.95,5450504.0
1557705600,81.65,82.63,81.32,82.53,6445267.0
1557792000,82.78,84.0,82.06,83.67,7529248.0
1557878400,83.17,84.49,82.94,84.01,4862202.0
1557964800,84.51,85.4,84.2,84.28,6745317.0
1558051200,83.51,85.515,83.5,84.57,5068366.0
1558310400,83.8,83.8,82.735,82.85,7182345.0
1558396800,83.36,83.8,82.51,83.64,5762586.0
1558483200,82.99,83.34,82.76,83.2,5237761.0
1558569600,82.5,83.06,81.99,82.64,9704192.0
1558656000,82.2,83.17,82.09,82.16,5998980.0
1559001600,82.85,83.19,81.13,81.2,7927485.0
1559088000,80.71,80.86,77.7,78.87,10116910.0
1559174400,78.92,79.73,78.61,79.26,6177832.0
1559260800,78.0,78.26,77.07,77.14,8891080.0
1559520000,77.24,78.58,77.08,77.96,11665480.0
1559606400,79.3,81.65,78.78,81.62,7526860.0
1559692800,82.29,82.9,81.93,82.72,8173198.0
1559779200,82.72,83.06,82.08,82.45,4952974.0
1559865600,83.09,83.68,82.81,83.41,3891114.0
1560124800,83.75,84.2,82.45,82.58,4419758.0
1560211200,83.65,84.335,83.125,83.26,3939370.0
1560297600,83.48,84.02,82.52,82.63,4026188.0
1560384000,83.15,83.915,83.045,83.61,3383394.0
1560470400,83.51,83.855,83.04,83.44,4355606.0
1560729600,83.34,83.46,82.01,82.11,5101891.0
1560816000,82.7,84.645,82.5,84.3,6456476.0
1560902400,83.73,83.9,83.14,83.55,6217785.0
1560988800,84.9,85.67,84.42,85.24,6163840.0
1561075200,85.16,85.75,84.6,85.75,9289833.0
1561334400,86.0,86.85,84.365,84.5,8043728.0
1561420800,84.6,84.69,82.16,82.62,7339868.0
1561507200,83.15,83.69,82.44,82.55,5838460.0
1561593600,82.93,83.77,82.93,83.66,11436710.0
1561680000,83.99,84.75,82.67,83.95,12443840.0
1561939200,84.93,86.28,84.9,85.41,6607555.0
1562025600,85.36,85.47,84.22,84.96,7189294.0
1562112000,85.33,86.2901,85.12,86.2,4012837.0
1562284800,85.8,86.91,85.42,86.82,6440908.0
1562544000,86.06,88.52,85.97,88.48,7051999.0
1562630400,88.1,88.8,87.82,88.04,6219722.0
1562716800,88.48,88.94,87.39,87.44,5985455.0
1562803200,87.71,88.3,87.4,88.29,3942358.0
1562889600,88.18,89.31,88.01,89.12,4240956.0
1563148800,89.06,89.87,89.06,89.48,3751294.0
1563235200,89.5,89.7077,88.57,88.6,5812813.0
1563321600,88.42,88.685,87.44,87.5,4461701.0
1563408000,87.63,87.76,86.755,87.44,4609157.0
1563494400,87.73,87.88,86.48,86.55,6635634.0
1563753600,86.56,86.99,85.83,85.97,6810325.0
1563840000,86.64,87.1,86.23,86.7,5659933.0
1563926400,86.65,87.21,86.305,86.7,6362911.0
1564012800,86.82,87.5,86.59,87.28,4546496.0
1564099200,87.44,87.84,86.77,87.54,3707249.0
1564358400,87.65,87.87,87.18,87.62,4387337.0
1564444800,86.82,87.9108,86.36,87.2,3562999.0
1564531200,87.09,87.27,85.55,86.03,5818168.0
1564617600,85.26,86.77,82.7,83.12,7871849.0
1564704000,82.53,83.24,80.79,81.14,8761409.0
1564963200,79.66,80.05,78.185,78.97,8493272.0
1565049600,79.85,81.59,79.49,81.3,8664534.0
1565136000,80.5,81.82,80.09,81.28,6275010.0
1565222400,81.81,83.36,81.6092,83.0,6208980.0
1565308800,83.14,83.43,81.32,81.98,5460193.0
1565568000,81.41,81.95,81.18,81.65,3762631.0
1565654400,81.17,84.15,80.85,83.32,6940602.0
1565740800,81.24,81.69,80.51,81.03,7266253.0
1565827200,80.93,81.3,79.44,79.51,6713615.0
1565913600,80.09,80.56,79.25,80.28,5648999.0
1566172800,82.0,82.34,80.83,81.13,7027942.0
1566259200,80.72,81.23,79.45,80.53,5903126.0
1566345600,81.94,82.84,81.63,82.74,6454171.0
1566432000,83.0,83.72,82.5,83.31,5571618.0
1566518400,82.02,82.76,80.03,80.44,8499257.0
1566777600,81.44,82.28,80.7442,82.25,4336049.0
1566864000,82.63,83.18,82.0,82.03,3842507.0
1566950400,81.9,83.59,81.72,83.48,4129761.0
1567036800,84.22,85.77,84.17,85.38,5102066.0
1567123200,85.7,85.99,84.4083,84.5,5235369.0
1567468800,84.0,84.83,83.62,84.67,6360877.0
1567555200,85.58,86.5,85.5,86.35,4166481.0
1567641600,87.28,88.6152,87.28,88.42,6328520.0
1567728000,88.4,88.98,88.02,88.69,3625337.0
1567987200,88.94,89.35,88.42,88.67,4282442.0
1568073600,88.26,88.63,86.29,86.83,7072680.0
1568160000,86.96,87.245,85.8725,86.75,4623276.0
1568246400,87.1,88.07,86.22,87.67,4057450.0
1568332800,88.25,88.79,87.3,87.32,5894673.0
1568592000,87.09,87.82,86.67,87.27,4171743.0
1568678400,86.77,87.64,86.47,87.59,3269921.0
1568764800,87.65,88.4,87.21,88.08,4745365.0
1568851200,88.4,88.72,87.505,87.7,4235531.0
1568937600,88.0,88.485,86.67,86.68,7032347.0
1569196800,86.98,88.02,86.795,87.69,4871541.0
1569283200,88.45,88.69,86.76,87.18,11247830.0
1569369600,91.78,92.79,90.15,90.81,25406830.0
1569456000,91.62,92.45,90.25,92.17,10539860.0
1569542400,91.85,92.86,91.6,92.31,6424104.0
1569801600,92.53,94.08,92.5,93.92,7659423.0
1569888000,94.13,94.75,92.06,92.28,8504893.0
1569974400,91.47,91.84,90.57,91.49,6974361.0
1570060800,91.31,92.32,90.35,92.22,5934889.0
1570147200,92.22,93.17,91.93,93.07,4580028.0
1570406400,92.5,93.92,92.4,93.17,4987534.0
1570492800,90.45,92.71,90.41,91.75,7299682.0
1570579200,92.41,93.045,91.82,92.52,5136966.0
1570665600,93.5,93.5,92.72,93.0,5870707.0
1570752000,94.0,94.57,93.56,93.88,6254127.0
1571011200,94.2,95.25,94.05,94.88,4713929.0
1571097600,95.0,95.18,94.12,94.79,4301375.0
1571184000,94.09,95.14,94.07,94.88,4885561.0
1571270400,95.565,95.89,94.97,95.56,3447921.0
1571356800,94.81,96.455,94.8,96.1,6209222.0
1571616000,96.61,96.87,95.42,96.22,5368220.0
1571702400,96.06,96.83,95.52,95.6,5492396.0
1571788800,95.03,95.54,92.12,92.32,11985170.0
1571875200,92.68,92.87,90.99,91.5,12134860.0
1571961600,91.44,91.83,90.75,90.92,8147156.0
1572220800,91.06,91.3,90.17,90.85,10304700.0
1572307200,90.85,90.92,89.13,89.28,9044652.0
1572393600,89.45,90.27,89.35,90.19,8127544.0
1572480000,90.0,90.41,88.94,89.55,6752001.0
1572566400,90.18,90.528,89.0,89.18,5263599.0
1572825600,90.13,90.563,89.32,89.86,8161181.0
1572912000,90.15,90.335,89.54,89.88,5589669.0
1572998400,90.64,90.72,88.74,89.48,7033830.0
1573084800,90.47,90.6,89.77,90.4,7110290.0
1573171200,90.28,90.35,89.29,89.81,4555402.0
1573430400,89.37,90.1,89.37,90.05,3247447.0
1573516800,90.31,92.03,89.49,89.5,3982543.0
1573603200,89.73,91.55,89.57,91.29,5955836.0
1573689600,91.49,91.96,90.72,91.27,6035607.0
1573776000,92.14,93.56,91.96,93.04,6785736.0
1574035200,93.5,94.26,92.91,94.18,6165745.0
1574121600,94.61,95.12,93.06,93.61,5382247.0
1574208000,94.11,94.4,92.77,93.05,6235624.0
1574294400,92.62,93.3,92.07,92.16,5493063.0
1574380800,92.21,93.3499,91.93,93.34,4264394.0
1574640000,93.78,93.97,92.74,92.9,5419903.0
1574726400,93.38,93.63,93.02,93.33,5908540.0
1574812800,93.5,94.38,93.5,94.14,4017613.0
1574985600,94.37,94.61,93.39,93.49,2541808.0
1575244800,94.09,94.28,92.98,93.56,3893216.0
1575331200,92.48,92.545,91.31,92.46,5995990.0
1575417600,92.81,93.7871,92.73,93.72,4456371.0
1575504000,95.88,95.95,94.682,95.79,6946016.0
1575590400,96.56,97.31,96.38,97.0,6369262.0
1575849600,97.02,97.63,96.16,96.63,6579399.0
1575936000,96.76,97.59,96.63,97.01,4234325.0
1576022400,96.9,97.32,96.65,97.18,4319849.0
1576108800,97.32,98.18,96.9,97.72,4763208.0
1576195200,97.43,98.29,96.91,97.77,5248136.0
1576454400,98.14,99.34,98.06,98.81,8214040.0
1576540800,99.38,100.17,99.05,99.65,7054362.0
1576627200,100.195,100.79,99.58,100.57,7340058.0
1576713600,100.5,101.27,99.63,101.15,12370930.0
1576800000,101.0,101.4,98.85,99.96,17646650.0
1577059200,100.23,100.69,99.55,100.04,6351639.0
1577145600,99.83,100.66,99.76,100.14,3328094.0
1577318400,100.34,100.75,100.11,100.71,3710616.0
1577404800,101.0,101.79,100.99,101.57,5307896.0
1577664000,101.54,101.61,100.46,100.8,3496131.0
1577750400,100.58,101.39,100.51,101.31,3213979.0
1577923200,101.36,102.21,101.015,102.2,5644162.0
1578009600,100.59,102.0,100.31,101.92,4542003.0
1578268800,100.95,101.84,100.8686,101.83,4612752.0
1578355200,101.81,102.74,100.8126,101.78,6818719.0
1578441600,101.31,102.14,100.85,101.55,4942205.0
1578528000,101.94,102.41,101.385,101.48,5007639.0
1578614400,101.89,101.93,100.76,100.9,5135459.0
1578873600,101.0,102.34,100.82,102.16,6722718.0
1578960000,102.45,103.89,102.35,102.92,5088633.0
1579046400,103.25,103.6999,102.475,102.79,4209191.0
1579132800,102.88,103.57,102.85,103.37,6571710.0
1579219200,103.43,104.55,103.34,104.53,6271369.0
1579564800,104.25,104.69,103.81,104.58,4854693.0
1579651200,105.0,105.62,104.42,104.49,5031401.0
1579737600,104.03,104.37,102.62,103.02,7102868.0
1579824000,103.59,103.89,101.66,102.03,3839278.0
1580083200,98.21,100.71,98.01,100.24,9841427.0
1580169600,100.34,101.05,99.52,100.41,5673193.0
1580256000,101.07,101.3,99.17,99.84,4504110.0
1580342400,99.02,99.75,97.37,98.19,7065065.0
1580428800,98.11,98.45,95.92,96.3,8780345.0
1580688000,99.0,100.92,98.57,99.27,9727690.0
1580774400,101.91,102.78,101.26,101.38,6559561.0
1580860800,101.76,101.97,99.53,100.54,6108309.0
1580947200,100.9,101.53,100.155,100.27,5641823.0
1581033600,99.81,100.4,98.97,99.44,4122035.0
1581292800,99.22,100.51,99.0,100.02,4213929.0
1581379200,100.07,100.35,99.44,100.02,4871893.0
1581465600,100.74,103.08,100.44,103.0,8075612.0
1581552000,102.51,103.74,101.68,103.37,5386913.0
1581638400,103.53,103.89,102.445,103.54,4305480.0
1581984000,103.0,103.38,101.61,102.0,4916709.0
1582070400,102.66,103.39,102.43,102.46,6200501.0
1582156800,102.46,102.63,100.55,102.53,6427606.0
1582243200,102.0,102.08,99.63,100.25,5750854.0
1582502400,95.54,97.07,95.25,95.91,8364218.0
1582588800,96.35,96.76,92.62,92.9,9602121.0
1582675200,93.08,94.65,91.99,92.0,9308916.0
1582761600,90.0,93.06,88.5,88.55,12825660.0
1582848000,86.03,89.47,85.15,89.38,16565660.0
1583107200,89.6,93.14,87.91,92.68,14102050.0
1583193600,92.74,94.98,90.57,90.93,14767610.0
1583280000,92.08,93.82,90.84,93.79,6904443.0
1583366400,91.26,91.68,89.94,90.58,8851096.0
1583452800,88.36,89.39,85.88,88.36,12336710.0
1583712000,81.89,86.74,80.92,84.11,13272740.0
1583798400,86.69,88.4,82.88,88.3,12755880.0
1583884800,84.0,84.625,82.07,84.0,16172670.0
1583971200,78.23,78.49,73.0,74.2,21534810.0
1584057600,78.2,78.2,71.76,75.58,21859580.0
1584316800,65.28,72.97,63.37,66.79,17976680.0
1584403200,67.51,73.3299,62.4,69.84,17122100.0
1584489600,64.79,68.33,60.0,68.04,19498810.0
1584576000,67.04,72.71,64.15,70.34,16177150.0
1584662400,71.51,74.06,67.2,67.45,15761860.0
1584921600,65.0,66.88,60.58,62.8,17690000.0
1585008000,65.7,72.66,64.0,72.33,18849460.0
1585094400,80.11,83.4899,76.2,79.01,27053250.0
1585180800,80.17,86.86,80.01,84.3,17204690.0
1585267200,81.7,85.74,79.51,83.23,14183380.0
1585526400,84.0,85.96,81.5,85.38,10960130.0
1585612800,85.13,85.73,82.4,82.74,9618581.0
1585699200,79.49,81.18,78.53,79.23,9771306.0
1585785600,79.0,81.6,77.16,80.14,12731460.0
1585872000,79.36,79.79,77.905,78.86,8476870.0
1586131200,81.91,85.04,81.21,84.63,11266500.0
1586217600,88.7,88.87,84.03,84.16,10468060.0
1586304000,84.7,85.77,83.61,85.3,6642735.0
1586390400,86.69,87.3896,85.16,86.79,7773978.0
1586736000,85.8,85.99,84.14,84.46,5077961.0
1586822400,85.95,87.77,85.48,87.47,6397244.0
1586908800,84.87,85.875,83.71,85.04,8053875.0
1586995200,85.43,86.53,84.55,86.3,9373831.0
1587081600,89.0,90.25,88.36,89.91,8111384.0
1587340800,88.43,89.44,87.52,87.9,7244372.0
1587427200,85.99,86.9,85.09,85.2,6596992.0
1587513600,86.98,89.44,86.42,88.77,6463929.0
1587600000,88.94,89.53,87.26,87.35,5343535.0
1587686400,88.89,89.12,87.645,88.37,4450191.0
1587945600,88.38,89.87,87.31,89.37,6875240.0
1588032000,90.55,90.71,88.63,88.8,5145355.0
1588118400,90.0,91.39,87.83,88.07,9461406.0
1588204800,87.0,88.0,86.505,87.18,9371430.0
1588291200,85.67,86.105,84.81,85.54,6151242.0
1588550400,84.68,85.8,84.31,85.75,6349037.0
1588636800,86.54,88.525,86.03,87.2,6321466.0
1588723200,88.05,88.69,87.43,88.44,7342304.0
1588809600,89.4,90.24,88.375,88.56,4566317.0
1588896000,90.11,90.64,89.5874,90.46,5489391.0
1589155200,89.45,91.42,89.14,90.93,4937550.0
1589241600,91.53,91.67,88.15,88.26,5622578.0
1589328000,87.38,87.74,85.2,86.02,6739827.0
1589414400,85.0,86.58,84.11,86.55,7431774.0
1589500800,85.25,87.23,84.88,86.99,9164990.0
1589760000,90.49,91.6,89.88,91.04,8519615.0
1589846400,90.85,93.82,90.82,91.51,6514141.0
1589932800,93.2,93.86,92.7,92.95,6346990.0
1590019200,92.88,94.38,92.37,94.26,7504258.0
1590105600,94.42,94.65,93.35,93.75,4049578.0
1590451200,95.98,97.43,95.28,96.62,7185192.0
1590537600,98.12,99.99,97.62,99.87,7915885.0
1590624000,100.09,100.69,98.25,98.46,7262328.0
1590710400,98.19,99.25,96.93,98.58,10333350.0
1590969600,98.4,99.78,97.89,99.54,4299739.0
1591056000,99.42,100.88,98.82,100.74,10798730.0
1591142400,101.26,104.55,101.12,104.11,5867680.0
1591228800,103.66,103.9033,100.47,101.28,8775038.0
1591315200,104.0,104.69,102.125,102.71,8363601.0
1591574400,103.05,104.3,102.71,104.29,6165363.0
1591660800,102.82,103.77,102.43,102.63,5385911.0
1591747200,103.0,103.15,101.7127,102.12,5194156.0
1591833600,98.38,98.99,94.88,95.17,10976920.0
1591920000,97.8,97.8,94.7401,96.43,7416393.0
1592179200,93.9,98.08,93.44,97.84,8647885.0
1592265600,101.25,101.34,97.72,99.04,6056391.0
1592352000,99.0,100.24,98.89,99.21,3405545.0
1592438400,98.69,99.42,97.85,98.45,4392371.0
1592524800,99.97,99.98,95.78,95.78,10302900.0
1592784000,96.85,99.54,96.0162,99.51,6918184.0
1592870400,101.15,102.22,100.71,101.92,6498975.0
1592956800,100.94,101.85,98.09,100.08,8611585.0
1593043200,99.23,101.68,98.8,101.4,11531400.0
1593129600,98.5,98.78,93.57,93.67,24918520.0
1593388800,93.7,96.0,93.7,95.87,9624172.0
1593475200,96.0,98.3,95.64,98.05,9065532.0
1593561600,98.5,98.7152,97.11,97.4,5733768.0
1593648000,98.78,99.66,98.02,98.43,5355296.0
1593993600,99.62,100.03,99.04,99.95,4995015.0
1594080000,99.22,99.55,96.92,97.07,6352887.0
1594166400,97.5,98.98,96.96,98.84,5634590.0
1594252800,98.55,98.91,96.37,96.99,6282261.0
1594339200,97.0,98.05,95.72,97.99,3967111.0
1594598400,98.25,98.94,96.26,96.46,4845621.0
1594684800,96.33,97.25,95.51,96.76,4850623.0
1594771200,98.41,99.04,97.31,98.54,5343651.0
1594857600,97.5,98.23,97.04,97.26,3595025.0
1594944000,96.95,97.23,96.04,96.28,7406714.0
1595203200,95.5,96.35,95.11,95.65,5822281.0
1595289600,96.92,99.0,96.1,98.36,5857099.0
1595376000,98.16,98.99,97.91,98.91,4097303.0
1595462400,98.35,100.18,97.72,98.3,4530464.0
1595548800,98.14,99.36,97.7007,98.43,5638435.0
1595808000,96.96,98.4,96.89,97.21,4273442.0
1595894400,96.95,97.47,96.16,96.27,3822584.0
1595980800,96.43,97.55,96.295,96.97,6872745.0
1596067200,96.47,97.23,95.7965,96.82,4018367.0
1596153600,96.89,97.65,96.3,97.61,5510394.0
1596412800,98.03,99.29,97.82,98.33,5474074.0
1596499200,97.79,97.95,96.55,97.33,7539319.0
1596585600,97.12,101.25,97.08,100.94,7227111.0
1596672000,100.64,101.18,100.03,100.45,4061160.0
1596758400,101.0,101.91,99.89,101.86,5545605.0
1597017600,102.47,106.83,102.4,105.41,12677960.0
1597104000,106.85,107.3299,104.86,105.12,5400716.0
1597190400,105.72,105.89,103.38,105.22,4715042.0
1597276800,105.3,106.99,105.2,106.52,4281727.0
1597363200,106.12,106.78,105.46,106.43,2985847.0
1597622400,106.5,106.5,105.115,105.66,3017135.0
1597708800,106.46,107.0,105.47,106.97,5023006.0
1597795200,107.69,109.69,107.35,108.39,9508077.0
1597881600,107.56,108.74,107.35,108.01,4304290.0
1597968000,108.0,109.77,107.75,109.75,5563994.0
1598227200,110.0,112.0,109.9,111.83,8173259.0
1598313600,112.0,112.28,111.09,111.51,4380921.0
1598400000,111.92,112.09,111.29,111.53,4477854.0
1598486400,111.99,112.79,110.5,110.84,4391019.0
1598572800,111.01,112.67,110.57,112.29,3731407.0
1598832000,112.14,112.52,111.14,111.89,3519833.0
1598918400,112.0,114.9,111.83,114.84,4913969.0
1599004800,115.06,117.41,114.5,116.8,6775355.0
1599091200,116.8,116.9,112.0,112.85,7264372.0
1599177600,112.96,113.75,110.21,112.4,5157736.0
1599523200,111.29,113.84,110.54,112.72,5300108.0
1599609600,113.02,116.21,112.83,114.9,5997890.0
1599696000,115.9,118.227,113.9975,114.79,5033067.0
1599782400,116.76,119.25,116.42,118.0,8565234.0
1600041600,118.5,119.93,118.17,119.28,4990315.0
1600128000,119.7,120.48,119.18,119.27,5934181.0
1600214400,118.31,119.69,118.16,118.59,7027588.0
1600300800,117.34,118.55,115.8,116.36,7376390.0
1600387200,115.43,117.91,114.49,114.66,12876570.0
1600646400,112.95,114.06,111.74,113.37,8486367.0
1600732800,113.1,117.2,112.85,116.87,13007210.0
1600819200,130.22,130.38,125.26,127.11,37822650.0
1600905600,126.44,127.54,123.3,124.75,13485770.0
1600992000,123.65,124.75,122.27,124.23,9182784.0
1601251200,125.16,126.19,123.885,124.32,7524978.0
1601337600,124.34,127.1,123.96,126.35,7799668.0
1601424000,126.1,127.28,125.1647,125.54,8699679.0
1601510400,127.73,127.73,125.31,126.64,5637175.0
1601596800,124.35,126.8,123.59,126.64,7491067.0
1601856000,127.07,128.5,126.45,127.91,8270269.0
1601942400,128.84,130.44,127.2654,127.65,5978001.0
1602028800,128.4,130.41,128.25,130.06,4390483.0
1602115200,130.4,130.9289,129.51,129.71,3595578.0
1602201600,129.99,131.19,129.3254,130.98,4293374.0
1602460800,131.19,131.34,129.26,129.46,5136511.0
1602547200,128.05,129.87,127.96,129.2,4245130.0
1602633600,129.53,129.6,127.01,127.66,3587295.0
1602720000,126.48,129.0999,126.11,129.0,4236054.0
1602806400,129.51,130.19,127.55,128.0,6011173.0
1603065600,129.1,129.78,127.05,127.43,5160899.0
1603152000,128.0,129.9,127.72,128.49,3800038.0
1603238400,128.5,131.38,128.45,129.43,4916342.0
1603324800,129.6,130.26,128.8601,130.02,2870984.0
1603411200,130.0,130.6,128.65,129.99,4046580.0
1603670400,129.06,129.62,126.68,128.37,5422455.0
1603756800,128.78,129.49,127.9,127.99,2985686.0
1603843200,125.28,126.4,121.04,122.08,8618312.0
1603929600,122.28,124.19,121.15,122.86,4947049.0
1604016000,123.66,123.66,118.8,120.08,7792405.0
1604275200,122.37,124.1,121.1,122.39,4740373.0
1604361600,124.01,125.5,123.19,124.59,3490891.0
1604448000,125.33,128.93,125.26,127.34,5061798.0
1604534400,129.19,130.41,128.46,129.7,3940003.0
1604620800,129.91,129.91,128.3477,128.9,2954049.0
1604880000,135.06,136.35,128.7652,128.95,7491728.0
1604966400,130.05,130.115,126.25,127.71,8014744.0
1605052800,128.69,129.7985,127.18,127.66,6058668.0
1605139200,126.62,127.8386,125.625,126.64,4797416.0
1605225600,127.91,128.6,126.83,128.28,3986719.0
1605484800,129.46,130.32,127.37,130.11,6116435.0
1605571200,130.48,132.6,129.11,132.21,7002945.0
1605657600,133.07,133.98,131.53,131.63,5573008.0
1605744000,131.92,132.11,129.93,131.91,4642765.0
1605830400,133.3,133.53,131.91,132.98,4320046.0
1606089600,134.38,134.89,133.09,134.13,6119342.0
1606176000,135.0,135.99,134.21,134.7,7205789.0
1606262400,134.25,135.7999,133.62,135.54,4484836.0
1606435200,136.0,136.13,133.34,134.25,3506832.0
1606694400,133.91,135.29,132.69,134.7,9652509.0
1606780800,136.44,136.5,134.75,135.44,3834460.0
1606867200,135.16,136.32,134.67,135.58,4132965.0
1606953600,135.1,137.95,135.0,136.96,4930860.0
1607040000,137.08,137.4,135.64,137.19,4344036.0
1607299200,137.0,138.86,136.8,138.75,4590776.0
1607385600,138.24,140.4373,137.65,139.12,6953582.0
1607472000,140.57,140.57,138.27,138.79,4341305.0
1607558400,138.28,139.14,137.24,137.58,4511003.0
1607644800,137.39,138.14,136.23,137.41,4172439.0
1607904000,138.92,139.0,136.2,136.28,7598952.0
1607990400,137.43,139.44,137.2491,139.39,7642595.0
1608076800,139.07,140.49,137.46,138.34,6573449.0
1608163200,139.92,140.74,138.75,140.5,8726997.0
1608249600,141.09,141.14,137.17,137.28,17970790.0
1608508800,144.82,147.95,142.51,144.02,16111270.0
1608595200,143.05,143.47,141.09,142.45,6341604.0
1608681600,142.56,143.6,141.7,141.76,3388279.0
1608768000,141.1,142.19,141.1,141.6,1821900.0
1609113600,142.54,142.92,141.0438,142.43,4081534.0
1609200000,142.83,143.06,140.43,141.57,3232430.0
1609286400,142.16,142.61,140.66,141.58,3052122.0
1609372800,141.7,141.79,140.37,141.47,2949915.0
1609718400,142.85,142.97,138.32,140.1,6178517.0
1609804800,138.6,141.66,138.6,141.23,4163149.0
1609891200,141.25,143.5699,139.53,142.35,6072939.0
1609977600,143.2,145.64,143.0,144.95,5256940.0
1610064000,145.55,146.82,144.9001,146.35,3950741.0
1610323200,146.0,147.1,144.8006,147.05,4254143.0
1610409600,146.5,146.85,144.38,145.05,3678834.0
1610496000,144.83,145.1265,142.43,143.04,3330127.0
1610582400,143.66,144.9,140.93,141.3,4104024.0
1610668800,140.56,142.38,139.88,140.72,6412351.0
1611014400,140.99,141.2166,138.41,139.27,6537800.0
1611100800,140.38,143.21,140.01,142.8,4654404.0
1611187200,142.41,143.813,141.125,141.61,4013667.0
1611273600,141.09,141.88,139.31,139.35,4150453.0
1611532800,138.99,139.18,134.74,137.55,5998739.0
1611619200,137.76,137.845,134.7138,135.1,5312341.0
1611705600,132.22,132.86,130.2668,131.02,7815862.0
1611792000,132.36,136.37,131.5,134.72,6244598.0
1611878400,133.95,135.025,132.15,133.59,7166051.0
1612137600,135.37,136.05,133.3,135.71,4366833.0
1612224000,137.06,139.86,136.75,139.59,7132823.0
1612310400,139.7,140.06,138.01,138.63,4678553.0
1612396800,139.55,141.05,138.92,140.63,4533707.0
1612483200,141.34,145.5717,141.29,145.11,6151478.0
1612742400,145.15,145.88,142.8,143.41,6304300.0
1612828800,143.6,144.22,141.7,141.79,3436347.0
1612915200,142.45,142.6,140.9,142.46,4125714.0
1613001600,143.0,144.35,142.41,143.54,3828731.0
1613088000,143.11,143.45,141.4,142.12,3636966.0
1613433600,143.37,143.37,141.03,141.71,4873364.0
1613520000,141.3,144.56,140.21,143.99,6438432.0
1613606400,142.98,145.39,141.21,145.09,4487139.0
1613692800,145.43,145.5,141.5,142.02,7485950.0
1613952000,141.54,142.46,136.26,136.67,8985889.0
1614038400,136.03,136.83,131.58,136.13,10364140.0
1614124800,135.06,135.96,133.95,135.65,6360911.0
1614211200,137.6,139.18,134.53,135.54,5674302.0
1614297600,135.9,136.85,133.36,134.78,6650210.0
1614556800,135.64,139.15,135.5,137.65,5717793.0
1614643200,137.56,138.255,135.61,137.02,5292900.0
1614729600,137.09,137.41,134.15,134.26,4888379.0
1614816000,134.0,135.13,130.18,132.04,7181486.0
1614902400,133.54,133.68,129.1878,133.35,5957148.0
1615161600,133.64,135.63,132.37,134.56,4983035.0
1615248000,135.51,138.0,135.45,135.95,5977764.0
1615334400,136.5,138.2,136.1,137.59,4519576.0
1615420800,139.18,142.2,138.56,141.19,5696538.0
1615507200,140.0,140.91,138.6,140.45,4143150.0
1615766400,140.7,145.0,140.6664,144.94,5417218.0
1615852800,145.88,146.15,143.8449,144.65,5622963.0
1615939200,143.2,146.15,143.2,144.82,5134378.0
1616025600,144.37,146.66,142.55,143.17,10279420.0
1616112000,140.0,142.86,135.51,137.49,24980360.0
1616371200,137.63,138.81,136.03,138.27,7537298.0
1616457600,138.49,140.64,136.55,137.12,5582625.0
1616544000,136.45,137.92,132.88,133.16,8157637.0
1616630400,127.05,129.39,125.44,128.64,18475800.0
1616716800,131.6,133.185,129.77,132.99,10010470.0
1616976000,132.94,133.91,130.66,133.49,7153914.0
1617062400,132.345,133.35,131.22,132.95,6026601.0
1617148800,133.09,134.18,131.92,132.89,6878936.0
1617235200,134.69,134.69,132.21,132.53,5720557.0
1617580800,133.1,135.68,133.1,135.12,5508931.0
1617667200,135.44,137.71,134.93,137.16,4670099.0
1617753600,136.99,138.24,136.36,136.54,6646002.0
1617840000,137.28,137.31,133.405,133.68,8748392.0
1617926400,133.94,135.5,133.5,135.45,6056769.0
1618185600,134.75,136.9,134.22,136.64,5638234.0
1618272000,135.6,135.99,133.4,133.54,8778164.0
1618358400,133.54,134.18,131.82,132.26,7354084.0
1618444800,133.0,134.07,132.68,133.67,6285030.0
1618531200,134.71,134.77,133.73,134.31,6852498.0
1618790400,134.3,134.38,132.15,132.57,5613592.0
1618876800,129.17,129.9,125.7,127.11,13268680.0
1618963200,127.59,130.33,127.37,129.9,7110855.0
1619049600,129.89,130.37,127.98,129.18,6442917.0
1619136000,128.93,130.65,128.4604,130.19,7489517.0
1619395200,130.49,131.7,129.32,131.6,8217807.0
1619481600,132.0,132.79,131.41,132.11,5833092.0
1619568000,132.26,132.33,130.345,130.71,8195648.0
1619654400,131.77,134.12,131.23,133.26,6612461.0
1619740800,132.44,133.88,132.05,132.62,5643809.0
1620000000,133.37,134.45,132.59,133.03,5052987.0
1620086400,132.23,132.59,130.475,131.55,6129539.0
1620172800,132.7,134.215,132.08,132.21,4218037.0
1620259200,132.6,133.84,131.94,133.49,5200987.0
1620345600,135.0,139.36,134.72,137.81,10566670.0
1620604800,138.0,138.9,136.3,136.4,5669327.0
1620691200,138.38,138.38,135.01,137.12,8045369.0
1620777600,135.42,136.82,133.34,133.39,5865117.0
1620864000,133.7,135.03,132.49,133.61,6284732.0
1620950400,134.34,136.68,134.05,135.93,4367939.0
1621209600,136.33,137.07,135.5,136.41,3933093.0
1621296000,136.44,137.47,135.45,135.56,5664910.0
1621382400,133.48,133.97,131.96,132.96,5582288.0
1621468800,133.78,134.21,132.19,133.27,4934804.0
1621555200,133.83,134.17,132.41,132.66,5329741.0
1621814400,133.1,134.35,132.81,134.06,4313241.0
1621900800,134.94,135.17,133.85,134.32,4885772.0
1621987200,135.2,137.92,135.0,136.89,6781520.0
1622073600,137.55,138.31,136.46,136.56,12882610.0
1622160000,136.24,137.355,136.09,136.46,4154634.0
1622505600,137.85,138.05,134.21,134.51,5577919.0
1622592000,134.59,135.49,133.53,134.17,5226155.0
1622678400,133.2,134.69,132.51,134.17,5027442.0
1622764800,134.5,134.9399,132.28,133.74,5217054.0
1623024000,134.0,135.2036,133.445,133.95,3764986.0
1623110400,134.69,134.72,132.4096,133.35,4915234.0
1623196800,133.62,134.9,131.45,131.84,6448442.0
1623283200,131.5,132.57,130.19,130.98,6584125.0
1623369600,131.5,131.99,130.53,131.94,5414527.0
1623628800,131.7,132.05,130.125,131.36,5743631.0
1623715200,131.54,131.75,129.83,130.29,5168054.0
1623801600,130.3,131.172,129.6,130.4,7915479.0
1623888000,129.24,129.88,127.86,128.92,8568107.0
1623974400,126.68,129.03,126.68,128.41,9784780.0
1624233600,129.24,130.765,128.7,130.08,6288511.0
1624320000,130.83,132.69,130.13,132.48,6043753.0
1624406400,132.81,133.7,132.214,133.1,4565993.0
1624492800,133.9,134.815,132.9,133.6,11420510.0
1624579200,152.41,154.59,150.48,154.35,46285440.0
1624838400,153.918,154.05,151.51,152.36,13133260.0
1624924800,153.26,156.4,152.91,155.95,10279900.0
1625011200,154.79,155.3361,153.52,154.49,10281800.0
1625097600,154.07,158.21,153.89,158.0,9011480.0
1625184000,158.21,159.97,157.64,159.74,6397392.0
1625529600,159.92,160.44,157.86,160.11,6670979.0
1625616000,160.16,161.5,158.28,160.16,5408252.0
1625702400,158.17,160.82,157.35,160.63,6081641.0
1625788800,161.69,161.9619,160.51,161.0,5002326.0
1626048000,161.64,162.4276,160.71,161.82,4992241.0
1626134400,161.35,162.31,161.01,161.59,5747737.0
1626220800,161.87,162.73,161.34,161.54,4928009.0
1626307200,160.86,162.2,160.3935,161.69,6432687.0
1626393600,161.62,161.7,159.64,159.85,6603680.0
1626652800,158.15,158.82,156.6,157.87,7377137.0
1626739200,157.26,160.43,156.58,159.74,4629228.0
1626825600,160.5,161.425,160.01,161.08,5393267.0
1626912000,161.11,163.75,160.93,163.68,4851541.0
1626998400,164.35,166.45,163.73,166.36,4217669.0
1627257600,165.71,166.53,163.82,165.09,3858810.0
1627344000,164.82,165.61,162.58,164.57,4358969.0
1627430400,164.49,165.9,164.08,165.46,4093570.0
1627516800,165.9,167.03,165.39,166.99,3605614.0
1627603200,166.59,167.87,166.35,167.51,5364522.0
1627862400,169.06,169.98,168.03,168.75,5532475.0
1627948800,169.22,171.5,168.49,171.23,5718127.0
1628035200,171.36,172.34,170.96,171.91,4646201.0
1628121600,171.41,174.0,171.18,173.85,3823951.0
1628208000,174.36,174.38,172.7,172.8,4088665.0
1628467200,172.5,173.06,171.6165,171.77,3612846.0
1628553600,171.56,173.96,171.43,172.27,3747136.0
1628640000,172.0,173.22,170.94,171.27,4078286.0
1628726400,170.89,171.32,169.48,170.64,3997622.0
1628812800,170.45,171.72,168.78,171.69,2966195.0
1629072000,170.7,172.4,169.66,172.36,3530689.0
1629158400,171.54,171.7,169.3842,170.66,3602883.0
1629244800,169.75,171.8,168.66,168.81,5487423.0
1629331200,166.96,167.54,164.37,165.59,7336494.0
1629417600,166.27,168.01,165.42,167.79,4039236.0
1629676800,169.45,170.9,169.183,169.72,3796644.0
1629763200,169.6,170.87,168.89,169.98,3133113.0
1629849600,170.0,170.69,169.53,169.84,3003829.0
1629936000,169.38,169.52,166.27,166.92,4069624.0
1630022400,167.27,168.07,166.28,167.58,3012424.0
1630281600,167.89,168.41,166.57,168.03,3537067.0
1630368000,167.55,167.68,164.2,164.74,7545629.0
1630454400,164.92,166.62,164.08,164.56,4706527.0
1630540800,165.24,165.43,162.785,163.67,4632856.0
1630627200,163.2,164.17,162.22,163.29,4254656.0
1630972800,163.7,163.86,161.91,162.64,5649012.0
1631059200,162.0,162.09,159.75,160.71,6591715.0
1631145600,165.26,166.15,163.2,163.34,8414827.0
1631232000,164.25,165.66,163.44,163.59,4252054.0
1631491200,161.56,162.92,158.33,159.52,8814461.0
1631577600,159.17,159.39,157.07,158.76,5323906.0
1631664000,157.5,158.32,155.67,157.91,6827120.0
1631750400,157.59,159.01,157.2,157.6,5085953.0
1631836800,157.96,161.0,156.065,156.42,7947833.0
1632096000,153.73,155.27,152.32,154.25,7041151.0
1632182400,155.09,156.13,153.58,155.02,5857946.0
1632268800,156.79,157.9999,155.6001,157.44,6844752.0
1632355200,158.71,160.29,158.27,159.58,11981520.0
1632441600,151.04,151.85,148.0,149.59,26913310.0
1632700800,149.51,149.91,147.29,148.04,11479260.0
1632787200,147.34,147.53,145.0,145.3,10692290.0
1632873600,145.71,147.938,145.69,146.02,7794925.0
1632960000,145.88,147.48,144.42,145.23,10135900.0
1633046400,145.22,148.0,144.37,147.06,8112276.0
1633305600,147.06,147.62,145.76,147.14,7950980.0
1633392000,148.0,151.0,147.8218,149.46,10881850.0
1633478400,148.0,149.46,147.51,148.8,7610726.0
1633564800,150.3,153.66,150.26,151.85,7958039.0
1633651200,152.22,152.87,150.67,152.48,6333747.0
1633910400,151.99,153.59,150.055,150.28,5551181.0
1633996800,152.42,153.6,151.3,153.35,7408556.0
1634083200,154.32,156.67,153.16,156.3,8457480.0
1634169600,158.18,158.46,156.25,157.14,6025600.0
1634256000,157.8,158.33,156.56,158.01,5532311.0
1634515200,157.31,159.47,155.95,159.43,5765540.0
1634601600,159.68,159.93,156.8,157.82,6198206.0
1634688000,158.5,158.8,157.325,158.45,4486964.0
1634774400,158.45,162.34,158.28,162.18,6121675.0
1634860800,162.28,164.62,162.28,163.48,5323021.0
1635120000,163.23,164.73,162.66,164.22,3878246.0
1635206400,164.82,165.45,163.12,163.79,4711228.0
1635292800,163.65,164.06,161.66,162.35,4163853.0
1635379200,163.01,164.6,162.81,164.46,3762035.0
1635465600,163.06,167.63,163.0,167.29,6740577.0
1635724800,167.8,168.8,165.89,166.33,3610791.0
1635811200,166.76,168.16,166.11,167.83,5038033.0
1635897600,169.0,172.87,168.65,172.5,7176711.0
1635984000,172.21,175.63,172.0,175.44,5460077.0
1636070400,175.73,179.1,175.495,177.51,5892386.0
1636329600,176.35,176.535,170.36,171.85,8301063.0
1636416000,171.25,173.925,170.9506,173.82,4343036.0
1636502400,171.23,172.17,167.55,168.26,8185208.0
1636588800,169.6,169.6,166.63,166.97,4994898.0
1636675200,167.5,169.675,167.4,169.09,5126255.0
1636934400,169.7,170.358,168.52,168.85,3856824.0
1637020800,169.25,174.0,169.25,171.83,4400951.0
1637107200,171.6,172.74,170.25,171.74,3940150.0
1637193600,172.33,173.4628,170.36,171.35,4044957.0
1637280000,172.15,177.2,170.53,174.88,6146405.0
1637539200,174.98,177.75,174.23,174.24,5907245.0
1637625600,173.05,173.43,170.41,172.15,5302381.0
1637712000,168.49,172.43,167.6714,172.03,4637831.0
1637884800,168.06,169.68,167.54,168.02,4751087.0
1638144000,169.83,171.148,169.23,169.87,5448873.0
1638230400,168.79,171.55,167.53,169.24,11033990.0
1638316800,170.89,173.37,166.68,166.7,6618636.0
1638403200,167.28,170.545,167.0,170.0,4398871.0
1638489600,170.62,172.07,166.76,170.24,4878460.0
1638748800,170.83,171.2128,168.06,168.91,5636915.0
1638835200,171.11,173.345,170.4,171.29,5898723.0
1638921600,171.22,171.7899,169.84,170.25,5614587.0
1639008000,169.29,171.165,167.99,168.1,5171776.0
1639094400,168.5,170.24,167.33,169.06,4791125.0
1639353600,168.81,169.39,165.26,166.84,5972321.0
1639440000,166.29,167.08,164.21,165.4,4872209.0
1639526400,165.0,165.67,161.82,163.9,7144617.0
1639612800,162.7,165.94,162.53,162.72,7138109.0
1639699200,161.63,162.86,160.55,161.36,7720005.0
1639958400,159.34,159.6,155.47,156.98,8411896.0
1640044800,166.69,171.19,164.71,166.63,13862890.0
1640131200,167.24,169.0,164.09,165.44,5811307.0
1640217600,166.25,167.16,165.44,165.67,3876949.0
1640563200,166.52,167.69,165.48,167.58,3771988.0
1640649600,167.8,168.25,166.3,166.42,2658714.0
1640736000,167.07,169.8,166.6,168.78,3830888.0
1640822400,168.31,170.12,167.2,167.49,2666993.0
1640908800,167.56,167.72,166.21,166.67,2751992.0
1641168000,167.53,167.91,163.31,164.67,5671928.0
1641254400,165.88,167.18,165.0,166.39,6064160.0
1641340800,166.49,167.01,162.095,162.25,5020982.0
1641427200,162.09,163.19,159.06,161.04,4144691.0
1641513600,160.77,161.14,156.86,156.97,5107978.0
1641772800,150.52,151.33,148.775,150.44,10439020.0
1641859200,150.48,150.84,147.6,150.3,8175396.0
1641945600,152.13,153.46,150.74,152.21,6351196.0
1642032000,153.2,153.6,149.02,149.59,4990890.0
1642118400,148.39,148.84,146.8538,148.18,6030546.0
1642464000,148.06,148.83,146.3,146.95,6931656.0
1642550400,147.76,149.1,145.02,145.11,4823829.0
1642636800,145.46,147.3802,142.5,142.73,5366458.0
1642723200,144.32,146.359,142.85,142.95,7553373.0
1642982400,140.81,146.31,139.56,146.0,9757308.0
1643068800,144.97,147.96,142.515,145.48,8195354.0
1643155200,147.78,148.97,142.73,143.99,7444563.0
1643241600,144.99,147.35,143.58,144.64,6397336.0
1643328000,144.12,146.03,140.61,145.91,6130224.0
1643587200,146.27,148.18,145.22,148.07,6932237.0
1643673600,149.5,149.68,146.8,148.22,6694995.0
1643760000,148.35,149.46,147.53,148.71,5491706.0
1643846400,147.4,148.46,144.9701,145.31,5240222.0
1643932800,145.37,146.48,143.64,145.39,4313382.0
1644192000,145.3,146.12,144.215,145.14,3877540.0
1644278400,144.74,145.5,142.3,143.53,5829362.0
1644364800,146.11,147.36,145.67,146.26,4551008.0
1644451200,143.96,147.54,143.85,144.82,5142578.0
1644537600,144.76,145.055,139.56,140.18,6710525.0
1644796800,140.08,143.21,139.79,141.59,6841153.0
1644883200,144.22,146.32,144.1,145.58,7820539.0
1644969600,145.024,146.95,144.61,146.49,4817452.0
1645056000,145.54,146.91,142.6401,142.8,5202282.0
1645142400,143.37,143.94,141.81,142.95,5177403.0
1645488000,141.59,141.64,136.16,138.19,9604537.0
1645574400,139.66,140.97,136.51,136.83,7636623.0
1645660800,133.0,137.42,130.932,137.17,8417400.0
1645747200,138.13,139.22,136.19,138.8,5424604.0
1646006400,137.06,138.38,135.04,136.55,6613321.0
1646092800,136.72,136.75,131.15,132.22,6534047.0
1646179200,132.98,136.61,132.77,135.68,7743861.0
1646265600,136.74,136.8,133.45,133.97,4576504.0
1646352000,132.51,133.62,130.7,131.18,7085912.0
1646611200,131.0,131.03,124.17,124.44,11383410.0
1646697600,125.24,125.47,120.8,121.21,9089353.0
1646784000,127.38,129.65,126.63,126.95,8845072.0
1646870400,124.02,126.6,124.0,126.03,7167615.0
1646956800,127.01,127.8692,122.51,122.63,5882024.0
1647216000,121.525,122.445,116.75,117.57,13884870.0
1647302400,119.84,120.42,117.75,119.4,10431260.0
1647388800,122.85,126.11,121.93,125.19,11100450.0
1647475200,124.94,127.41,123.7,127.41,6845323.0
1647561600,126.85,131.46,126.7,131.24,10350900.0
1647820800,129.72,132.31,128.62,130.19,14388530.0
1647907200,137.28,139.0,132.985,133.09,19731210.0
1647993600,132.64,135.4,131.2,133.0,8068788.0
1648080000,133.75,134.19,131.2,132.08,5853825.0
1648166400,133.05,133.87,131.71,133.7,6287777.0
1648425600,133.76,134.86,132.1709,134.81,5804051.0
1648512000,137.85,139.75,136.952,139.14,7275870.0
1648598400,138.98,139.86,137.56,138.54,5545784.0
1648684800,137.83,138.71,134.495,134.56,7206478.0
1648771200,134.45,135.28,132.75,133.52,5807683.0
1649030400,133.05,135.21,132.86,134.34,5309240.0
1649116800,134.04,134.68,132.02,132.3,5707771.0
1649203200,130.05,130.3017,126.325,128.36,6961044.0
1649289600,127.43,129.98,127.09,129.38,5320528.0
1649376000,129.44,129.925,127.88,128.15,4877432.0
1649635200,125.1,126.8741,124.32,124.98,6365432.0
1649721600,125.2,128.1,124.34,125.04,5146790.0
1649808000,125.04,127.86,125.04,127.49,5119330.0
1649894400,129.08,134.38,128.891,133.46,12811270.0
1650240000,132.0,133.3899,130.31,131.63,5298195.0
1650326400,133.09,137.48,132.78,137.05,7346067.0
1650412800,137.96,138.65,135.66,135.87,5309660.0
1650499200,138.55,139.14,135.08,135.46,6562404.0
1650585600,134.33,134.93,128.71,129.07,7321718.0
1650844800,127.8,128.94,124.85,127.94,6512514.0
1650931200,126.95,127.59,120.48,120.52,7977916.0
1651017600,121.09,124.0,121.09,121.24,6007814.0
1651104000,123.17,127.97,122.6,127.05,6553927.0
1651190400,126.22,128.45,124.25,124.7,5867901.0
1651449600,124.43,126.18,122.8,126.08,5428432.0
1651536000,125.02,125.76,120.22,122.86,8201221.0
1651622400,122.54,126.2,120.08,126.06,6923964.0
1651708800,124.11,124.75,116.52,118.63,8411624.0
1651795200,113.74,115.9,110.66,114.49,11237530.0
1652054400,112.97,114.43,110.59,111.21,7505970.0
1652140800,113.03,113.44,108.3539,109.49,7527166.0
1652227200,110.7,111.15,107.59,107.92,6611800.0
1652313600,105.18,109.88,105.0,107.9,10245380.0
1652400000,110.26,113.11,108.67,113.01,9618832.0
1652659200,112.98,113.44,111.56,112.6,5722480.0
1652745600,115.5,117.1,113.07,115.9,6026117.0
1652832000,112.5,113.36,108.78,109.37,8188301.0
1652918400,108.95,109.11,106.28,106.44,7701997.0
1653004800,108.67,109.69,105.07,108.0,7621926.0
1653264000,107.47,108.75,105.82,108.63,7136443.0
1653350400,107.11,107.99,104.73,107.29,6023398.0
1653436800,103.46,108.89,103.46,108.2,7158807.0
1653523200,110.0,113.5,110.0,112.94,6520341.0
1653609600,114.22,116.01,114.01,115.99,5043216.0
1653955200,117.5,119.79,114.45,118.85,13774630.0
1654041600,119.83,120.75,117.61,118.68,5543295.0
1654128000,119.51,123.58,119.26,123.41,5838149.0
1654214400,120.21,122.54,120.0,120.95,5201515.0
1654473600,121.5,122.14,119.4312,120.23,3963606.0
1654560000,118.66,121.97,118.46,121.67,5373618.0
1654646400,120.9,123.82,120.45,122.4,4365780.0
1654732800,121.35,122.03,118.59,118.6,3894043.0
1654819200,117.09,117.09,114.26,114.73,6293093.0
1655078400,110.39,112.0166,109.235,110.44,6423104.0
1655164800,110.37,111.89,110.01,110.72,4548351.0
1655251200,112.16,114.72,111.21,113.44,4828671.0
1655337600,109.51,109.9,105.72,107.12,7384840.0
1655424000,106.15,108.55,105.85,107.34,10256830.0
1655769600,108.46,109.815,108.035,108.68,6211362.0
1655856000,105.4,106.9,104.61,104.92,9894584.0
1655942400,105.01,108.1,104.41,108.0,8898376.0
1656028800,109.93,112.94,109.61,112.91,10463670.0
1656288000,112.24,113.21,109.84,110.5,12644670.0
1656374400,108.2,114.05,102.48,102.78,31373800.0
1656460800,102.99,105.61,101.53,103.25,10326650.0
1656547200,101.94,103.38,100.7801,102.2,9027352.0
1656633600,101.64,102.5,99.53,101.18,7934313.0
1656979200,100.45,104.38,100.1101,104.32,9951963.0
1657065600,104.89,105.72,103.45,104.23,6432881.0
1657152000,105.65,108.28,105.27,108.13,7633944.0
1657238400,106.58,108.6118,106.51,107.93,5938841.0
1657497600,106.6,107.0899,104.87,105.11,4936666.0
1657584000,105.01,105.86,103.15,103.76,6017439.0
1657670400,101.94,105.88,101.56,105.11,5299449.0
1657756800,103.11,103.8,101.85,103.22,6951305.0
1657843200,104.76,105.615,103.9345,104.7,7862046.0
1658102400,106.19,106.68,103.68,103.94,6834758.0
1658188800,105.6,109.58,105.43,109.19,8973853.0
1658275200,109.22,111.63,108.87,111.11,5884576.0
1658361600,110.37,111.67,110.07,111.62,4291350.0
1658448000,111.93,111.93,108.75,109.12,6039269.0
1658707200,109.61,109.61,107.68,109.28,5079527.0
1658793600,107.48,107.93,104.57,105.2,8459456.0
1658880000,106.3,108.38,105.75,107.86,7437032.0
1658966400,109.43,112.4,108.03,112.23,6773540.0
1659052800,112.76,115.205,111.5,114.92,7559983.0
1659312000,114.0,115.545,113.25,114.3,4802882.0
1659398400,113.57,113.78,111.67,111.77,6334415.0
1659484800,113.42,115.1,112.58,114.28,5986544.0
1659571200,114.64,115.35,113.83,114.48,4331973.0
1659657600,112.79,114.3,112.5725,113.87,4162241.0
1659916800,114.0,115.58,113.305,114.0,6072491.0
1660003200,111.32,111.75,108.82,110.11,7377572.0
1660089600,113.24,113.825,111.86,113.14,6951817.0
1660176000,114.88,116.75,113.73,114.1,5582130.0
1660262400,114.39,116.125,113.77,116.07,4407890.0
1660521600,115.45,116.58,114.85,116.32,4279010.0
1660608000,115.94,118.47,115.81,118.06,6189786.0
1660694400,116.77,117.98,116.41,117.04,5108387.0
1660780800,116.0,116.68,115.3,116.01,4750243.0
1660867200,115.5,115.65,113.03,113.16,5967762.0
1661126400,111.02,111.68,109.84,110.34,5802914.0
1661212800,110.84,112.83,110.57,110.68,4806708.0
1661299200,110.68,112.425,110.02,111.41,4769010.0
1661385600,111.9,113.34,111.39,113.22,5433682.0
1661472000,113.31,113.73,108.23,108.28,6203565.0
1661731200,106.81,108.54,106.44,107.88,4132362.0
1661817600,108.97,110.08,107.13,107.86,5129451.0
1661904000,107.96,108.01,105.81,106.45,8884766.0
1661990400,105.8,106.55,103.8,106.49,5590811.0
1662076800,107.46,108.15,105.05,105.74,7763844.0
1662422400,105.44,106.41,103.68,105.15,9158948.0
1662508800,105.08,108.56,105.0,108.48,7238257.0
1662595200,107.0,108.79,106.08,108.73,5628273.0
1662681600,109.38,111.69,109.3,110.97,5174479.0
1662940800,111.38,113.36,111.38,112.38,4836939.0
1663027200,108.84,108.91,105.44,105.72,5955562.0
1663113600,106.13,107.355,105.15,107.0,4888742.0
1663200000,106.15,108.135,104.83,105.5,6598908.0
1663286400,104.07,105.29,103.25,104.12,8000816.0
1663545600,103.69,107.37,103.33,107.21,5162319.0
1663632000,103.82,104.44,101.71,102.42,10006640.0
1663718400,102.67,103.63,99.77,99.79,6279318.0
1663804800,99.79,100.21,97.83,98.55,9638827.0
1663891200,96.92,97.54,95.34,97.02,9026452.0
1664150400,96.09,97.73,95.71,96.06,8521632.0
1664236800,97.07,97.7399,95.0,96.29,9890328.0
1664323200,97.11,99.425,96.76,98.7,9423349.0
1664409600,98.11,98.11,94.4801,95.33,19339220.0
1664496000,83.3,86.2,82.5,83.12,48176060.0
1664755200,83.13,86.47,82.22,85.4,19108190.0
1664841600,87.7,89.07,87.11,88.64,15114770.0
1664928000,87.49,91.7,87.15,91.1,12732730.0
1665014400,90.49,92.64,89.81,90.17,9951889.0
1665100800,88.54,88.762,86.69,87.16,8554657.0
1665360000,87.76,87.78,85.07,86.69,7991226.0
1665446400,86.04,88.25,85.75,87.99,11903170.0
1665532800,88.0,88.88,87.31,88.51,8772899.0
1665619200,86.39,89.81,86.05,89.56,9335034.0
1665705600,90.51,90.88,87.49,87.55,7813872.0
1665964800,89.53,90.69,88.7,89.97,8451887.0
1666051200,92.6,92.91,89.15,89.68,7364685.0
1666137600,88.26,89.74,87.76,88.57,5101984.0
1666224000,89.47,90.58,86.605,86.83,13500010.0
1666310400,87.02,88.78,86.71,88.5,7976275.0
1666569600,87.79,88.84,86.24,88.01,8847054.0
1666656000,88.03,91.93,87.89,91.72,8639899.0
1666742400,90.78,94.35,90.7038,92.39,8648500.0
1666828800,92.88,93.48,90.22,90.54,8617948.0
1666915200,91.2,93.88,90.46,93.83,6022379.0
1667174400,93.0,93.89,92.68,92.68,6426375.0
1667260800,95.69,96.46,92.97,93.77,7250651.0
1667347200,93.13,94.44,90.19,90.3,7178282.0
1667433600,89.97,91.61,88.72,90.4,6550281.0
1667520000,94.45,98.23,93.95,95.79,11511760.0
1667779200,96.31,96.87,92.6664,93.44,9094460.0
1667865600,94.44,96.025,92.935,93.75,7017766.0
1667952000,92.67,93.8999,91.955,92.1,6550869.0
1668038400,96.33,99.68,96.23,99.49,9361010.0
1668124800,100.31,107.21,100.14,106.09,12597480.0
1668384000,105.2,106.44,104.32,104.39,7134856.0
1668470400,107.99,109.31,105.53,106.71,7242932.0
1668556800,105.25,106.6,104.77,105.23,5998677.0
1668643200,104.11,105.4,102.92,105.36,5259739.0
1668729600,107.63,107.72,104.17,105.42,5498949.0
1668988800,104.61,105.48,103.6,103.83,4774775.0
1669075200,104.62,106.1562,103.84,105.97,5313228.0
1669161600,106.0,106.98,105.23,106.65,3873501.0
1669334400,106.45,107.18,105.56,105.96,3426135.0
1669593600,105.25,106.3,104.6502,104.96,6967774.0
1669680000,105.37,106.8155,105.12,106.25,8494366.0
1669766400,107.08,109.69,105.451,109.69,16250970.0
1669852800,110.09,111.855,109.55,111.11,7822888.0
1669939200,108.65,112.71,108.34,112.2,5891969.0
1670198400,111.02,111.125,109.19,109.62,6220139.0
1670284800,109.65,110.525,106.745,107.93,7086282.0
1670371200,107.32,109.12,107.06,108.33,5751515.0
1670457600,108.6,111.49,108.46,111.36,6192842.0
1670544000,110.22,111.38,109.26,109.42,5677695.0
1670803200,110.1,112.17,109.71,112.07,6426036.0
1670889600,115.605,116.45,111.25,112.85,8655306.0
1670976000,113.7,114.12,110.23,111.45,7528469.0
1671062400,109.19,109.62,107.73,108.51,7502121.0
1671148800,106.87,107.61,105.12,105.95,14083650.0
1671408000,104.99,105.51,102.45,103.05,10620330.0
1671494400,103.0,103.4,101.68,103.21,17147930.0
1671580800,116.76,119.18,115.34,115.78,32777320.0
1671667200,114.29,116.82,114.06,116.71,17150500.0
1671753600,116.11,117.17,115.78,116.25,6603749.0
1672099200,116.47,118.1983,115.82,117.56,6661081.0
1672185600,117.58,118.24,114.955,114.98,5437801.0
1672272000,116.08,118.065,115.8,117.35,4588588.0
1672358400,116.56,117.25,115.77,117.01,4355450.0
1672704000,118.55,119.49,117.44,118.75,8124770.0
1672790400,119.96,122.23,119.53,121.21,8550659.0
1672876800,120.28,122.34,120.08,120.62,6046737.0
1672963200,122.0,125.36,121.77,124.53,10080650.0
1673222400,125.0,126.61,124.55,124.85,9397868.0
1673308800,125.21,126.33,124.37,125.84,5899920.0
1673395200,126.32,128.255,126.01,127.94,6989184.0
1673481600,128.35,128.46,126.46,127.89,8366442.0
1673568000,126.66,129.23,126.66,128.85,4856475.0
1673913600,128.0,129.05,127.83,128.14,6172170.0
1674000000,127.8,128.5852,126.0,126.43,6828808.0
1674086400,124.79,125.44,123.61,124.53,5273493.0
1674172800,124.68,126.64,124.04,126.62,5673181.0
1674432000,126.9,128.745,126.54,128.29,5581559.0
1674518400,123.58,128.005,112.36,126.83,5486219.0
1674604800,125.86,127.01,124.83,126.82,5933730.0
1674691200,128.46,128.99,126.01,127.53,5838801.0
1674777600,127.07,128.58,126.695,127.53,5730012.0
1675036800,126.5,127.56,126.205,126.37,6494692.0
1675123200,126.42,127.85,126.01,127.33,7687083.0
1675209600,127.9,130.22,126.22,129.5,6387919.0
1675296000,130.45,131.31,127.86,129.06,5214452.0
1675382400,126.79,129.42,126.44,127.61,4930209.0
1675641600,125.52,126.1,124.32,125.73,4666535.0
1675728000,123.96,125.93,123.25,125.33,5288935.0
1675814400,123.38,124.1,121.8,122.91,5877807.0
1675900800,124.71,125.02,121.5,122.18,5928984.0
1675987200,121.51,122.635,120.54,122.23,5195451.0
1676246400,122.82,125.72,122.46,125.15,5689778.0
1676332800,123.95,126.36,123.74,126.2,4845860.0
1676419200,124.9,127.5,124.9,127.48,5689700.0
1676505600,125.43,127.21,124.1101,124.38,4722184.0
1676592000,123.71,124.89,123.435,124.84,5161724.0
1676937600,123.28,124.0,120.98,121.1,5110256.0
1677024000,121.1,121.395,119.6375,119.9,5021991.0
1677110400,120.76,120.76,118.55,119.96,4101920.0
1677196800,117.97,118.74,117.34,118.04,4693002.0
1677456000,119.26,119.82,118.32,118.53,4240017.0
1677542400,118.74,120.4,117.845,118.79,8414063.0
1677628800,117.95,119.79,117.83,118.58,4120488.0
1677715200,117.55,119.96,117.55,119.58,4443207.0
1677801600,120.13,121.04,119.02,120.94,3871822.0
1678060800,121.13,121.99,119.955,120.17,5183814.0
1678147200,120.2,121.02,119.23,119.59,5345746.0
1678233600,119.27,120.04,118.73,119.86,4175226.0
1678320000,120.08,121.86,117.55,117.87,5635879.0
1678406400,118.83,118.99,116.64,117.49,5979635.0
1678665600,115.82,118.29,115.79,116.86,6038216.0
1678752000,119.0,119.49,117.23,119.0,6050822.0
1678838400,116.32,118.625,115.81,118.17,6599249.0
1678924800,116.86,120.81,116.6101,120.65,5661422.0
1679011200,121.17,121.73,118.67,120.39,12868910.0
1679270400,120.99,122.68,119.81,121.2,7594101.0
1679356800,123.5,126.06,122.97,125.61,15078780.0
1679443200,123.66,125.26,119.33,119.5,17625500.0
1679529600,120.47,123.27,119.465,120.97,7628073.0
1679616000,120.23,121.0,119.315,120.71,6163391.0
1679875200,121.02,121.07,117.61,117.81,6564242.0
1679961600,117.95,118.44,116.85,117.87,4461446.0
1680048000,118.64,120.57,118.49,120.49,5644018.0
1680134400,121.03,121.44,119.335,120.1,4578912.0
1680220800,120.92,122.71,120.6,122.64,5659422.0
1680480000,122.5,122.85,120.82,121.67,4838399.0
1680566400,121.38,123.945,121.36,123.69,5895258.0
1680652800,123.0,123.33,120.56,120.9,4331407.0
1680739200,119.51,120.49,117.85,120.22,4256901.0
1681084800,119.3,121.91,119.13,121.91,3731236.0
1681171200,122.04,124.08,122.04,123.3,4470956.0
1681257600,124.76,124.8625,123.221,123.66,4525132.0
1681344000,124.64,126.6714,124.46,126.43,5355297.0
1681430400,127.0,127.49,125.49,125.95,4828882.0
1681689600,126.03,126.48,125.13,126.19,3917912.0
1681776000,127.23,127.28,125.015,126.21,3857914.0
1681862400,126.0,126.075,124.92,125.67,3547598.0
1681948800,124.8,125.3513,123.7085,124.45,3891706.0
1682035200,124.4,125.68,123.62,125.53,3651389.0
1682294400,125.51,127.13,125.145,127.09,3790923.0
1682380800,126.53,126.77,124.05,124.66,4383342.0
1682467200,124.21,124.98,123.29,123.84,4003190.0
1682553600,124.44,126.01,123.14,125.7,4252135.0
1682640000,125.15,127.07,124.96,126.72,4421419.0
1682899200,126.92,128.68,126.86,127.92,4112782.0
1682985600,127.15,127.58,125.165,127.26,3831644.0
1683072000,125.49,128.38,123.67,126.74,4560081.0
1683158400,124.94,125.185,122.82,123.67,6177127.0
1683244800,125.93,127.0283,125.22,126.59,4887759.0
1683504000,127.26,127.69,125.975,126.88,3892645.0
1683590400,125.27,125.66,124.17,125.1,4082170.0
1683676800,126.29,126.455,122.17,123.51,5052636.0
1683763200,123.45,123.86,121.9,122.22,5923069.0
1683849600,120.99,121.1953,119.03,120.21,6574233.0
1684108800,119.82,119.99,118.005,119.83,5518188.0
1684195200,117.5,117.8392,116.12,116.48,8307929.0
1684281600,116.38,117.13,115.25,116.98,7765386.0
1684368000,117.43,119.145,116.85,118.87,5970500.0
1684454400,114.56,115.49,113.1,114.76,11674270.0
1684713600,112.85,112.85,110.02,110.18,12710290.0
1684800000,109.77,111.06,108.1871,108.78,11790410.0
1684886400,109.0,109.1,107.2016,108.29,8503192.0
1684972800,108.35,108.9708,107.42,107.48,6729847.0
1685059200,107.0,108.45,107.0,107.51,7911202.0
1685404800,108.4,108.88,106.2677,106.52,9335188.0
1685491200,105.7,106.17,104.83,105.26,21465160.0
1685577600,104.18,104.6,102.9,103.63,12025210.0
1685664000,107.63,108.42,106.13,107.78,11838230.0
1685923200,107.88,107.5601,105.18,105.2,7434017.0
1686009600,105.49,106.75,105.2,106.19,7896257.0
1686096000,106.04,108.24,105.42,107.09,11123900.0
1686182400,107.16,107.52,105.67,106.2,9139448.0
1686268800,105.91,106.28,105.35,105.86,5796002.0
1686528000,106.29,106.85,104.6,106.83,7965771.0
1686614400,107.14,107.4752,106.2935,106.78,8460508.0
1686700800,107.48,113.4,107.48,112.86,17415460.0
1686787200,111.83,112.815,110.155,112.41,10374200.0
1686873600,114.0,114.76,113.06,113.59,14445510.0
1687219200,111.41,112.815,108.96,109.54,10606880.0
1687305600,109.13,110.36,108.71,109.98,8377812.0
1687392000,110.82,111.25,109.78,110.46,6003494.0
1687478400,107.75,110.29,107.3,109.52,14329240.0
1687737600,109.67,112.21,109.67,111.74,6887058.0
1687824000,112.53,114.18,112.43,113.61,7138587.0
1687910400,113.34,113.745,112.12,113.03,6765974.0
1687996800,113.6,114.27,112.61,113.37,12465530.0
1688083200,111.59,112.25,109.799,110.37,19629590.0
1688342400,111.06,111.3,109.11,109.11,5734199.0
1688515200,108.62,108.905,106.535,107.1,10410550.0
1688601600,105.29,106.09,103.67,105.1,9929226.0
1688688000,104.8,105.47,104.03,104.46,7463086.0
1688947200,104.48,106.31,104.25,105.78,5374580.0
1689033600,105.65,107.62,105.62,107.39,5457205.0
1689120000,108.525,109.09,107.22,107.76,8305044.0
1689206400,109.07,109.13,107.68,107.84,6692257.0
1689292800,107.94,108.64,107.185,107.95,6933557.0
1689552000,107.26,109.0995,106.76,108.71,6683385.0
1689638400,108.58,110.34,108.31,109.72,5717868.0
1689724800,109.08,110.245,108.58,109.88,5027105.0
1689811200,109.57,110.02,107.48,107.53,6458000.0
1689897600,107.995,109.2863,107.51,109.06,6631599.0
1690156800,110.41,110.55,108.51,108.77,6787619.0
1690243200,108.28,108.85,107.39,108.3,7692755.0
1690329600,108.3,109.59,107.9528,109.3,5148906.0
1690416000,109.83,110.23,107.4,107.67,6544605.0
1690502400,108.11,108.959,107.63,108.62,5993039.0
1690761600,109.405,110.85,109.0476,110.39,6406734.0
1690848000,110.0,110.53,109.135,109.4,4567383.0
1690934400,108.28,108.515,107.45,107.51,6213581.0
1691020800,107.0,109.085,106.645,108.64,5085760.0
1691107200,108.71,110.31,108.24,108.81,5621400.0
1691366400,109.87,110.9399,109.1844,110.48,4887311.0
1691452800,109.63,109.89,107.35,109.69,5851909.0
1691539200,109.79,110.02,108.3,109.69,4328573.0
1691625600,110.31,111.95,108.52,109.03,7276458.0
1691712000,108.9,109.5277,107.86,108.09,5104405.0
1691971200,107.92,108.3,107.07,107.64,5305181.0
1692057600,106.07,106.82,105.6,106.55,6197554.0
1692144000,106.07,108.375,106.07,106.53,5953064.0
1692230400,107.43,107.83,104.78,105.05,5692762.0
1692316800,103.83,105.05,103.76,104.81,5836067.0
1692576000,105.47,105.48,102.63,102.86,6697559.0
1692662400,100.96,102.37,100.73,101.46,9820097.0
1692748800,96.98,99.19,96.545,98.75,20909070.0
1692835200,98.7,99.19,97.56,97.63,10310040.0
1692921600,98.5,99.09,97.81,98.84,7290611.0
1693180800,99.59,100.06,98.865,99.63,6006590.0
1693267200,100.03,102.155,99.72,101.77,8641614.0
1693353600,101.64,102.81,101.51,102.1,4822098.0
1693440000,102.62,102.89,101.61,101.71,7046219.0
1693526400,101.97,102.96,101.52,102.36,6359599.0
1693872000,101.5,101.96,100.225,100.32,6698665.0
1693958400,99.76,100.305,99.03,100.18,6096014.0
1694044800,98.26,98.76,97.64,97.93,9927060.0
1694131200,98.1,98.1344,97.2775,97.67,6435533.0
1694390400,98.33,98.375,96.58,96.79,7584681.0
1694476800,96.99,97.17,96.175,96.3,6307698.0
1694563200,96.3,97.195,95.6593,96.13,7140729.0
1694649600,96.72,97.68,95.9,97.19,7075271.0
1694736000,98.15,98.15,96.13,96.26,10467340.0
1694995200,96.0,96.3663,95.28,95.51,6946299.0
1695081600,95.04,95.49,94.41,94.62,9390096.0
1695168000,93.97,95.4,93.83,94.04,10274670.0
1695254400,93.42,93.49,91.481,91.59,7960552.0
1695340800,91.58,92.33,90.55,90.85,9292847.0
1695600000,90.0,90.85,89.79,90.6,8291657.0
1695686400,90.0,90.7,89.78,90.17,8060479.0
1695772800,90.56,90.7,89.205,89.42,7631009.0
1695859200,89.1,89.7814,88.66,89.63,16315560.0
1695945600,99.37,99.47,94.62,95.62,34935390.0
1696204800,96.2,96.38,93.73,94.56,12776340.0
1696291200,94.32,96.05,94.18,95.09,10964320.0
1696377600,95.58,96.255,95.12,95.89,8045393.0
1696464000,95.79,96.23,95.28,95.79,7429982.0
1696550400,95.79,97.71,95.06,97.11,8532939.0
1696809600,96.78,97.14,95.92,96.88,5964219.0
1696896000,97.25,98.86,97.23,97.62,8499017.0
1696982400,98.31,98.95,98.01,98.65,7642891.0
1697068800,99.54,100.05,98.52,99.25,10705170.0
1697155200,99.585,100.845,99.45,99.91,8784716.0
1697414400,99.72,102.58,99.6,102.04,10845420.0
1697500800,101.97,103.59,101.97,103.01,9253760.0
1697587200,102.97,103.9,102.9264,103.77,8757335.0
1697673600,103.77,104.35,102.85,103.05,8391080.0
1697760000,103.32,103.77,102.57,102.67,7823499.0
1698019200,102.13,103.755,101.77,102.81,5966147.0
1698105600,103.66,105.65,103.66,105.18,9252448.0
1698192000,104.46,105.035,103.49,103.54,7054680.0
1698278400,102.18,102.63,99.95,100.02,11222560.0
1698364800,99.78,100.335,97.81,97.98,9602699.0
1698624000,99.0,102.05,99.0,101.8,8206720.0
1698710400,101.4,102.93,101.4,102.77,6558458.0
1698796800,102.55,102.67,99.9688,100.88,7272370.0
1698883200,102.05,105.55,101.89,105.08,8135111.0
1698969600,106.43,107.65,106.05,107.06,7567959.0
1699228800,106.96,107.6,106.37,107.25,5231865.0
1699315200,107.32,109.36,107.23,109.36,7745848.0
1699401600,109.37,110.7,108.9,109.39,8639736.0
1699488000,109.82,109.9,106.92,107.0,9154218.0
1699574400,107.34,107.83,105.61,106.11,8897927.0
1699833600,105.37,105.72,104.18,104.2,7055631.0
1699920000,105.56,107.1,105.38,105.75,9674819.0
1700006400,106.82,109.06,106.72,107.82,11140830.0
1700092800,107.1,108.0,107.0001,107.61,5386979.0
1700179200,108.06,108.21,105.52,105.96,6353975.0
1700438400,106.0,106.55,105.1,106.32,6198621.0
1700524800,106.17,106.7,105.35,106.55,5803549.0
1700611200,107.5,108.03,106.82,107.92,6280910.0
1700784000,107.5,108.0,107.4,107.64,2443610.0
1701043200,107.66,108.22,106.9,107.96,5785038.0
1701129600,108.57,109.9,108.15,108.75,7287568.0
1701216000,110.8,112.15,110.145,110.37,9601810.0
1701302400,110.53,110.595,108.9649,110.27,8690871.0
1701388800,110.33,113.55,109.75,113.48,8051815.0
1701648000,113.08,115.32,113.0,115.15,10086580.0
1701734400,114.66,116.04,114.6,115.41,6959966.0
1701820800,116.0,117.14,115.5721,116.11,6316960.0
1701907200,114.12,116.0,114.12,114.81,7294460.0
1701993600,114.5,116.29,114.47,115.91,6122150.0
1702252800,117.79,119.42,117.43,118.61,7972751.0
1702339200,119.68,119.99,118.58,119.64,7378379.0
1702425600,119.35,121.44,119.2,121.17,8182887.0
1702512000,121.44,122.59,119.82,121.02,9590510.0
1702598400,120.93,122.06,120.6,121.55,13633280.0
1702857600,121.41,121.84,120.855,121.14,6874837.0
1702944000,121.74,123.34,121.64,122.64,7697272.0
1703030400,121.13,123.3916,121.0,121.43,9176621.0
1703116800,122.3,123.3,121.3,122.53,16533350.0
1703203200,108.26,110.8,107.45,108.04,46666190.0
1703548800,108.3,108.69,107.48,108.02,12846720.0
1703635200,108.34,108.5898,106.85,107.13,10157850.0
1703721600,107.21,109.4,106.81,108.82,9352902.0
1703808000,108.96,109.96,108.09,108.57,7667522.0
1704153600,107.61,107.85,106.45,106.55,9326616.0
1704240000,105.72,107.48,104.0,104.04,10573740.0
1704326400,102.46,103.62,102.3,102.3,10420580.0
1704412800,102.46,103.68,101.9,102.08,8044543.0
1704672000,102.08,103.685,101.7301,103.62,9414218.0
1704758400,103.17,103.4,102.5,102.74,7759476.0
1704844800,102.69,103.83,102.37,103.77,6784662.0
1704931200,104.22,106.01,103.73,105.9,9537701.0
1705017600,106.0,106.32,104.72,105.06,6680858.0
1705363200,103.94,104.2199,101.36,101.72,10547900.0
1705449600,101.05,101.31,100.24,100.82,8226243.0
1705536000,101.0,101.425,100.07,100.94,8852439.0
1705622400,101.02,102.18,99.67,101.78,8517208.0
1705881600,101.75,101.81,100.09,100.56,9897443.0
1705968000,101.63,102.14,101.23,101.9,8208026.0
1706054400,101.78,101.8,100.69,100.76,7879315.0
1706140800,101.53,101.74,100.09,100.77,10063750.0
1706227200,101.57,103.27,101.22,102.75,9735779.0
1706486400,102.88,104.01,101.34,103.88,8860834.0
1706572800,103.34,104.31,103.13,104.18,7542837.0
1706659200,104.09,104.3,101.12,101.53,11547640.0
1706745600,101.9,102.2494,100.61,101.76,7666694.0
1706832000,100.88,101.4099,99.43,100.71,8966927.0
1707091200,100.5,100.59,99.0531,99.68,10097940.0
1707177600,99.5,102.63,99.13,102.61,11372410.0
1707264000,102.39,104.34,102.35,103.79,9447765.0
1707350400,104.43,104.96,103.045,103.77,6330409.0
1707436800,103.8,104.94,103.33,104.5,5449022.0
1707696000,104.74,107.43,104.645,107.18,7501946.0
1707782400,104.99,105.8,104.245,105.0,6180509.0
1707868800,104.82,106.42,104.46,106.33,5743277.0
1707955200,107.02,107.34,105.83,106.05,7201273.0
1708041600,104.63,104.7,101.65,103.51,14590130.0
1708387200,103.13,103.84,102.17,103.3,8759480.0
1708473600,103.35,105.52,102.93,105.27,8893514.0
1708560000,105.8,106.01,104.08,105.08,6705491.0
1708646400,105.26,106.62,105.19,105.63,6947285.0
1708905600,105.31,106.1,103.76,104.54,5831480.0
1708992000,104.83,105.245,103.99,105.15,5317417.0
1709078400,104.1,105.44,103.7,104.35,4219844.0
1709164800,104.98,105.57,103.68,103.93,10811630.0
1709251200,103.87,103.94,101.83,101.88,7349270.0
1709510400,101.65,101.77,99.01,99.54,11050910.0
1709596800,99.0,99.17,98.0,98.31,8670642.0
1709683200,100.0,100.1,97.06,97.63,10045280.0
1709769600,97.99,98.4,97.68,98.19,8133866.0
1709856000,98.49,99.315,98.02,99.16,9043458.0
1710115200,99.9,101.76,99.44,101.08,8537402.0
1710201600,100.79,101.365,99.65,100.18,7040889.0
1710288000,100.61,102.0,100.3301,101.36,7326384.0
1710374400,102.2,102.49,100.091,100.26,8350939.0
1710460800,100.3,101.16,99.34,99.64,15208540.0
1710720000,98.98,99.655,98.5203,98.74,7206957.0
1710806400,98.5,100.04,98.44,99.96,6168856.0
1710892800,99.45,100.44,99.03,100.27,7771693.0
1710979200,100.44,101.92,99.76,100.82,17176010.0
1711065600,93.845,95.17,91.72,93.86,41837410.0
1711324800,94.07,95.52,92.77,93.75,14548770.0
1711411200,93.74,93.86,92.41,92.58,10816950.0
1711497600,93.27,94.15,92.32,94.13,11095680.0
1711584000,94.37,94.8142,93.43,93.98,11331680.0
1711929600,93.81,93.92,91.691,92.56,10360010.0
1712016000,91.76,91.9,90.635,90.95,11107330.0
1712102400,91.01,91.44,90.28,90.33,8876598.0
1712188800,90.95,91.05,88.89,89.07,12110260.0
1712275200,89.15,90.25,88.8,88.84,9716682.0
1712534400,89.11,90.26,88.8,90.0,8452543.0
1712620800,90.0,91.16,89.87,91.0,7194564.0
1712707200,89.9,90.1,88.77,89.0,7932933.0
1712793600,91.23,92.41,90.83,92.0,15330200.0
1712880000,92.01,92.87,91.12,92.0,10905920.0
1713139200,93.59,93.92,92.54,93.1,11597330.0
1713225600,93.04,94.19,91.65,93.39,10388150.0
1713312000,94.61,95.07,93.66,94.84,10181180.0
1713398400,95.16,95.88,94.53,95.74,10062900.0
1713484800,95.42,96.22,94.49,94.53,11241900.0
1713744000,94.63,95.06,93.85,94.19,8641953.0
1713830400,94.37,94.72,93.91,94.02,6582696.0
1713916800,94.1,95.1909,94.1,94.64,6493208.0
1714003200,94.0,94.7891,92.44,93.94,5317852.0
1714089600,94.59,95.4174,93.91,94.12,6115744.0
1714348800,94.44,94.89,93.7,94.06,5034546.0
1714435200,92.91,93.51,92.25,92.26,6493259.0
1714521600,91.81,91.87,90.09,90.34,9784643.0
1714608000,91.33,92.45,90.91,92.41,7333343.0
1714694400,93.09,93.65,91.87,92.15,5736711.0
1714953600,92.81,93.37,92.48,93.36,6696303.0
1715040000,94.08,94.315,93.21,93.78,7113455.0
1715126400,93.12,93.64,92.73,93.59,5372900.0
1715212800,93.64,93.98,93.01,93.39,6429824.0
1715299200,93.07,93.135,90.88,90.94,10548410.0
1715558400,91.27,92.77,91.15,92.72,8792060.0
1715644800,92.99,94.34,92.6,92.79,7810983.0
1715731200,92.29,92.62,90.85,91.67,15614450.0
1715817600,91.69,92.84,91.53,91.77,12711680.0
1715904000,92.01,92.29,91.34,92.18,12019570.0
1716163200,92.25,92.7,90.83,91.77,9701510.0
1716249600,91.57,92.85,91.45,92.82,7809654.0
1716336000,91.95,92.76,91.65,92.5,7611906.0
1716422400,92.45,92.58,91.15,91.4,7729024.0
1716508800,91.77,92.2001,91.49,91.75,6937118.0
1716854400,91.74,92.515,91.35,92.0,10834960.0
1716940800,91.68,92.72,91.38,91.67,7237340.0
1717027200,92.23,93.875,91.96,93.45,9310016.0
1717113600,93.5,95.07,92.97,95.05,12565600.0
1717372800,94.52,95.25,94.05,94.4,9668106.0
1717459200,94.29,95.11,93.41,94.74,7838435.0
1717545600,95.315,95.32,93.7,94.32,7463299.0
1717632000,94.86,96.795,93.99,95.72,9760077.0
1717718400,95.39,97.94,95.3,96.55,9397364.0
1717977600,95.73,96.99,95.5953,96.0,7035626.0
1718064000,95.52,95.995,94.52,95.87,7301545.0
1718150400,96.35,96.5,93.5,93.68,9861264.0
1718236800,94.04,94.53,93.72,94.18,8348214.0
1718323200,93.8,94.78,93.3002,93.39,7426757.0
1718582400,92.01,95.12,92.01,95.0,6365370.0
1718668800,94.67,95.26,94.21,94.78,6712037.0
1718841600,93.88,96.09,93.5216,95.57,9393767.0
1718928000,95.96,97.209,95.42,97.18,15569880.0
1719187200,97.3,98.04,96.68,97.17,9466888.0
1719273600,97.31,97.64,94.5,94.75,9036181.0
1719360000,94.09,94.48,93.15,94.06,10160430.0
1719446400,93.77,94.74,93.39,94.19,25772730.0
1719532800,77.13,79.05,74.55,75.37,129967000.0
1719792000,75.5,77.06,74.29,76.83,44369010.0
1719878400,76.82,76.94,75.39,76.04,26183350.0
1719964800,75.5,75.92,75.0199,75.24,15952010.0
1720137600,75.36,76.09,74.78,75.43,19603690.0
1720396800,75.41,75.49,73.0,73.05,29905040.0
1720483200,73.3,74.14,72.38,72.46,23502450.0
1720569600,72.26,72.64,71.67,72.54,21378210.0
1720656000,72.7,73.75,72.29,73.39,15876670.0
1720742400,73.57,74.05,73.172,73.42,14527520.0
1721001600,73.0,73.006,71.24,71.31,20775810.0
1721088000,71.51,72.96,71.51,72.81,20980670.0
1721174400,72.53,73.34,72.5,73.07,11161560.0
1721260800,72.97,73.93,72.35,72.38,14440130.0
1721347200,72.3,72.82,71.8516,72.7,11913320.0
1721606400,73.12,75.34,73.0703,74.86,19385490.0
1721692800,74.63,75.04,73.24,73.4,11041790.0
1721779200,73.25,73.39,71.08,71.09,18563320.0
1721865600,71.53,72.43,70.91,71.41,13855390.0
1721952000,72.0,72.78,71.87,72.56,8891986.0
1722211200,72.5,73.8699,72.2,73.55,10471840.0
1722297600,73.69,74.49,73.455,74.32,8515720.0
1722384000,74.5,75.43,73.92,74.86,14632940.0
1722470400,74.7,74.79,73.26,73.85,9563543.0
1722556800,72.83,74.125,71.92,74.01,11526630.0
1722816000,71.06,72.62,70.7502,71.42,13191530.0
1722902400,71.66,73.24,71.51,72.5,13469720.0
1722988800,72.88,74.2119,72.525,72.62,9571247.0
1723075200,73.23,74.21,73.045,74.19,8828032.0
1723161600,74.12,74.58,73.366,74.34,7186634.0
1723420800,74.71,75.0,74.0504,74.64,7067256.0
1723507200,75.25,79.05,75.07,78.5,22114820.0
1723593600,78.0,79.09,77.42,78.52,13612960.0
1723680000,82.1,83.06,80.67,82.5,23583640.0
1723766400,82.88,83.94,82.44,83.23,13794180.0
1724025600,83.23,83.99,82.92,83.28,9627253.0
1724112000,83.49,83.9,82.77,83.56,7863052.0
1724198400,83.67,84.24,83.22,84.0,6915865.0
1724284800,84.45,84.68,83.21,83.41,8485455.0
1724371200,83.34,84.24,83.22,84.05,9219749.0
1724630400,83.47,84.505,83.38,84.28,7853325.0
1724716800,84.07,85.39,83.61,85.29,14953990.0
1724803200,85.05,85.43,81.88,82.79,11088620.0
1724889600,83.45,83.89,82.86,83.26,7477205.0
1724976000,83.6,83.88,82.05,83.32,13755270.0
1725321600,82.71,82.94,81.01,81.32,10133710.0
1725408000,80.1,81.09,79.67,81.02,12837370.0
1725494400,81.13,81.2404,80.21,80.83,7596293.0
1725580800,80.88,81.88,80.35,80.63,8512173.0
1725840000,80.75,81.58,79.015,79.49,8003349.0
1725926400,79.56,79.56,77.55,78.09,9748356.0
1726012800,78.0,78.59,76.7421,78.4,8265542.0
1726099200,78.23,79.065,77.53,78.4,7186114.0
1726185600,78.3,79.49,78.11,79.01,5814152.0
1726444800,79.33,79.99,78.6895,79.8,9547660.0
1726531200,80.01,80.98,79.86,80.64,7580602.0
1726617600,80.66,81.755,80.23,80.9,7637007.0
1726704000,82.6,83.12,80.47,80.98,15067070.0
1726790400,87.87,88.0,84.805,86.52,52039260.0
1727049600,85.4,86.53,85.05,86.2,17712400.0
1727136000,87.44,88.28,86.655,87.46,21123260.0
1727222400,87.85,88.095,87.24,88.0,12392850.0
1727308800,89.92,90.62,89.05,89.39,13592810.0
1727395200,89.45,90.26,89.21,89.44,9181004.0
1727654400,89.7,89.75,87.725,88.4,12036390.0
1727740800,88.0,89.635,87.71,89.13,20623380.0
1727827200,82.885,85.23,81.77,83.1,33208790.0
1727913600,82.4,83.78,81.98,82.1,18143750.0
1728000000,82.63,83.54,82.1,82.25,10342360.0
1728259200,82.14,82.47,80.09,80.83,12767400.0
1728345600,80.75,81.42,79.93,80.77,10569620.0
1728432000,81.14,82.925,81.07,82.45,11750640.0
1728518400,83.4,83.45,82.03,82.1,8370188.0
1728604800,82.04,82.27,81.18,82.15,10171110.0
1728864000,82.0,82.04,80.8,81.6,8177686.0
1728950400,81.05,82.72,81.05,82.12,11804390.0
1729036800,82.14,84.09,82.05,83.94,11220590.0
1729123200,84.11,84.762,83.38,83.4,9204490.0
1729209600,83.78,83.95,82.63,82.92,7214787.0
1729468800,82.85,83.09,81.44,81.48,7550197.0
1729555200,81.35,82.42,81.23,81.42,7308823.0
1729641600,81.0,81.0375,79.791,80.05,7253085.0
1729728000,80.5,80.8,79.03,79.04,7424459.0
1729814400,79.22,79.58,78.5201,78.85,9385379.0
1730073600,79.32,79.64,78.82,78.91,6617243.0
1730160000,78.88,79.47,78.2,78.4,7241111.0
1730246400,78.0,78.11,76.42,76.45,15691330.0
1730332800,76.2,77.34,75.2,77.13,13990090.0
1730419200,77.05,78.13,76.96,78.06,9623692.0
1730678400,77.99,78.55,77.115,77.19,6593781.0
1730764800,77.25,78.0,77.0,77.98,5629199.0
1730851200,76.87,76.95,75.12,75.32,16193700.0
1730937600,75.7,76.37,75.21,75.92,11831060.0
1731024000,75.5,76.555,75.25,75.88,8140788.0
1731283200,76.15,77.4,76.1,76.6,9877188.0
1731369600,76.46,77.43,76.14,76.66,9013905.0
1731456000,76.91,77.29,76.47,76.52,6835348.0
1731542400,76.68,76.98,75.67,75.68,6991574.0
1731628800,76.0,77.65,75.61,76.66,13584940.0
1731888000,76.16,76.2,74.25,74.89,12609190.0
1731974400,74.5,74.73,73.6,73.91,12028440.0
1732060800,73.66,73.84,72.71,73.36,12290320.0
1732147200,73.36,75.56,73.2,75.1,12818640.0
1732233600,76.125,77.5,75.83,77.4,12248580.0
1732492800,78.5,79.8599,78.41,79.26,18328920.0
1732579200,78.9,78.9,77.573,77.61,9495649.0
1732665600,77.61,79.045,77.59,78.34,8713504.0
1732838400,78.2,79.18,78.03,78.77,7123471.0
1733097600,77.915,79.1,77.2,79.09,11221030.0
1733184000,79.0,79.4,77.6101,78.86,9414505.0
1733270400,77.82,78.51,77.1,78.37,15042590.0
1733356800,78.26,78.9,78.1,78.58,8316548.0
1733443200,79.22,81.18,78.84,78.89,13931060.0
1733702400,79.44,79.45,77.52,77.64,12043380.0
1733788800,77.5,78.0795,76.62,76.74,12193110.0
1733875200,76.79,78.98,76.31,78.85,12033170.0
1733961600,78.71,79.37,77.855,77.96,6983241.0
1734048000,77.35,77.83,76.765,77.25,8037339.0
1734307200,76.76,79.02,76.66,77.2,13034010.0
1734393600,77.36,78.77,77.25,78.0,12452420.0
1734480000,77.98,79.0,76.84,76.9,14376890.0
1734566400,76.94,77.94,76.43,77.1,27067580.0
1734652800,75.96,78.0,74.8587,76.94,49883420.0
1734912000,76.325,78.4057,75.74,76.76,14203770.0
1734998400,76.75,77.1099,76.36,76.79,4919075.0
1735171200,76.6,77.46,76.54,76.94,6367057.0
1735257600,76.52,76.93,75.8,76.42,6334415.0
1735516800,75.6,75.77,74.55,74.65,9042879.0
1735603200,74.9,76.385,74.78,75.67,9425602.0
1735776000,76.25,76.69,73.24,73.67,10883420.0
1735862400,73.92,74.19,73.01,73.31,10083480.0
1736121600,73.75,74.32,71.97,72.0,14947260.0
1736208000,72.4,73.44,71.98,72.09,10463510.0
1736294400,71.56,71.82,71.01,71.29,11854970.0
1736467200,71.85,72.39,71.09,71.2,15677380.0
1736726400,71.17,72.6,70.78,72.08,14584310.0
1736812800,72.07,72.2101,70.53,71.17,16732890.0
1736899200,71.99,72.25,70.84,71.07,13468080.0
1736985600,70.9,71.23,70.315,71.11,13694630.0
1737072000,71.43,71.52,70.84,70.84,9711265.0
1737417600,71.3,73.27,71.14,73.17,14199940.0
1737504000,73.375,74.7,73.01,74.04,13029270.0
1737590400,73.34,74.5,72.37,74.29,10677450.0
1737676800,74.07,74.25,73.25,73.57,8106651.0
1737936000,73.44,75.85,73.42,75.58,11665380.0
1738022400,75.325,75.6,74.16,74.39,8694418.0
1738108800,74.45,77.115,74.32,76.58,11764840.0
1738195200,76.85,78.77,76.85,78.33,10902070.0
1738281600,78.11,78.8644,76.76,76.9,13105920.0
1738540800,74.9,76.69,73.22,76.59,18539220.0
1738627200,77.55,78.16,76.04,76.72,11943730.0
1738713600,76.3,76.7888,74.4,74.57,9807401.0
1738800000,75.24,75.4,71.63,71.74,16059370.0
1738886400,70.555,70.81,68.62,68.68,27428700.0
1739145600,69.36,70.95,69.12,70.94,16201330.0
1739232000,70.57,71.99,70.51,71.34,9636623.0
1739318400,70.6,72.45,70.33,72.26,10810860.0
1739404800,72.45,73.6,71.63,73.21,9739567.0
1739491200,73.17,73.5,72.34,73.04,9254379.0
1739836800,74.5,77.68,74.5,77.59,28252380.0
1739923200,76.82,77.68,76.09,76.78,14184100.0
1740009600,76.91,77.27,76.34,77.23,10689580.0
1740096000,77.4,77.99,75.86,76.5,12823390.0
1740355200,78.88,81.09,78.75,80.28,24553490.0
1740441600,80.31,81.955,80.05,81.72,15522510.0
1740528000,82.1,82.44,80.84,81.17,16058140.0
1740614400,81.49,81.49,79.46,80.02,11651920.0
1740700800,79.25,80.02,78.181,79.43,14113830.0
1740960000,79.99,80.9589,77.8904,78.41,8628754.0
1741046400,77.7,78.6479,76.775,77.32,10034130.0
1741132800,77.33,78.305,76.455,77.81,9853600.0
1741219200,76.74,78.335,76.74,77.71,9623722.0
1741305600,77.48,79.0,76.9701,78.59,9294295.0
1741564800,77.505,80.19,76.06,76.4,15822630.0
1741651200,75.91,76.08,73.62,74.17,12836970.0
1741737600,74.36,74.5,73.23,73.58,12304890.0
1741824000,73.18,73.94,71.67,72.64,10195920.0
1741910400,73.28,73.54,71.315,71.66,12182970.0
1742169600,72.14,73.95,72.03,73.7,15996910.0
1742256000,73.89,74.16,72.72,73.31,8972330.0
1742342400,72.64,73.43,72.29,72.99,10830530.0
1742428800,72.92,73.65,71.52,71.86,25202340.0
1742515200,66.59,68.73,65.1701,67.94,77286990.0
1742774400,68.56,68.89,66.685,67.39,26552540.0
1742860800,67.56,68.0496,66.235,66.54,17394140.0
1742947200,66.38,66.59,64.95,65.74,18715880.0
1743033600,65.5,67.1,65.29,65.8,16435820.0
1743120000,65.86,65.86,63.14,63.29,19600300.0
1743379200,62.84,63.99,62.65,63.48,17400030.0
1743465600,63.83,65.16,63.3,64.76,13489490.0
1743552000,64.3,65.4,64.16,64.96,11161370.0
1743638400,56.365,58.68,55.4,55.58,71499470.0
1743724800,53.22,59.22,52.5,57.25,67775710.0
1743984000,55.4,57.18,53.4,55.61,45374360.0
1744070400,58.77,58.77,52.37,53.27,30404290.0
1744156800,53.28,59.55,52.48,59.32,44732550.0
1744243200,57.225,57.25,52.28,54.4,53919810.0
1744329600,54.4,55.03,52.86,54.39,22617100.0
1744588800,55.64,56.6899,54.67,55.41,28346560.0
1744675200,54.68,55.3934,54.1666,54.83,15977120.0
1744761600,54.72,55.15,53.34,53.55,19094890.0
1744848000,53.82,56.02,53.65,55.76,18935080.0
1745193600,55.23,56.36,53.5,56.12,17280930.0
1745280000,56.65,58.09,56.2395,57.06,16852240.0
1745366400,59.0,59.2,56.7,57.39,21660320.0
1745452800,57.81,58.695,57.13,58.48,14508550.0
1745539200,58.21,58.25,56.61,57.62,17156010.0
1745798400,57.73,58.08,56.8,57.31,13321240.0
1745884800,57.0,57.74,56.74,57.54,12967950.0
1745971200,55.86,56.585,54.75,56.4,17205860.0
1746057600,56.68,57.21,56.258,56.76,10526990.0
1746144000,57.865,58.7,57.31,58.59,14723860.0
1746403200,58.115,58.34,57.29,57.35,15971030.0
1746489600,57.15,57.72,56.79,57.04,11440330.0
1746576000,57.87,58.81,57.56,58.62,11901140.0
1746662400,59.69,60.385,58.795,58.91,19009000.0
1746748800,59.14,59.38,58.22,58.3,13954390.0
1747008000,62.38,63.47,61.81,62.58,29776640.0
1747094400,62.61,62.78,61.97,62.39,17003130.0
1747180800,62.05,62.87,61.52,61.73,13736270.0
1747267200,60.635,62.68,60.4228,62.4,14371120.0
1747353600,62.5009,63.75,62.5009,63.11,12950560.0
1747612800,62.15,62.43,61.76,62.08,15105320.0
1747699200,62.5,63.19,62.2801,62.56,10771750.0
1747785600,61.17,61.76,59.88,59.98,17354730.0
1747872000,60.58,61.615,60.16,61.32,16764470.0
1747958400,59.86,60.38,59.49,60.02,14282390.0
1748304000,61.13,62.84,60.8401,62.83,16642100.0
1748390400,62.74,63.11,61.56,61.78,10015610.0
1748476800,62.49,62.9,61.13,61.44,12240870.0
1748563200,61.0,61.12,60.1,60.59,18155100.0
1748822400,60.05,61.6,59.6,61.57,14065320.0
1748908800,61.24,62.445,60.46,62.37,10286130.0
1748995200,62.38,63.04,62.27,62.77,10242320.0
1749081600,62.94,63.66,62.23,62.67,12374940.0
1749168000,62.67,63.09,62.115,62.8,13299620.0
1749427200,63.3,63.49,61.88,61.91,11640020.0
1749513600,62.38,64.155,62.25,63.87,15286970.0
1749600000,64.395,64.85,62.58,63.11,10238700.0
1749686400,62.74,62.93,61.76,62.8,9830489.0
1749772800,61.745,62.78,60.11,60.53,16509680.0
1750032000,61.38,62.18,61.24,61.9,13681580.0
1750118400,61.3,61.3,59.68,60.0,13649720.0
1750204800,60.0,60.4499,59.37,59.51,14194280.0
1750377600,59.75,60.041,59.19,59.79,19083970.0
1750636800,59.575,61.295,59.44,60.78,15921330.0
1750723200,61.33,61.98,60.475,61.42,12564000.0
1750809600,61.45,61.53,60.36,60.83,12186170.0
1750896000,61.56,62.73,60.82,62.54,39659770.0
1750982400,69.79,74.19,69.69,72.04,117530300.0
1751241600,71.45,71.705,70.06,71.04,31090390.0
1751328000,71.99,73.935,71.83,73.41,27512930.0
1751414400,73.17,76.84,73.0,76.39,36882340.0
1751500800,76.265,77.03,75.58,76.39,12022570.0
1751846400,76.04,77.5,75.845,76.53,17296890.0
1751932800,76.13,76.3,73.65,73.92,19572430.0
1752019200,74.13,74.92,73.42,73.56,12076690.0
1752105600,73.12,75.5,72.95,74.62,13036470.0
1752192000,73.69,73.84,72.4,72.63,12771420.0
1752451200,72.34,72.58,71.03,72.25,11385360.0
1752537600,72.26,72.88,71.58,71.99,9708349.0
1752624000,71.9,72.71,71.15,72.1,9008574.0
1752710400,72.12,73.205,72.04,72.98,9180372.0
1752796800,73.275,73.275,72.12,72.47,8801019.0
1753056000,72.93,74.81,72.91,74.02,12743930.0
1753142400,74.07,75.54,74.04,75.39,11297530.0
1753228800,76.15,77.21,75.82,76.75,16428060.0
1753315200,76.51,77.54,75.405,75.42,10037820.0
1753401600,75.91,76.57,75.53,76.27,7208387.0
1753660800,79.0,79.99,77.56,79.24,22631090.0
1753747200,78.76,79.37,77.7627,78.33,12885510.0
1753833600,77.78,78.3,75.9636,76.68,14601690.0
1753920000,76.35,76.4,74.31,74.69,16700030.0
1754006400,73.445,74.7,72.53,74.62,11911590.0
1754265600,75.03,75.255,74.16,74.82,8839008.0
1754352000,74.91,75.71,74.24,74.38,6533788.0
1754438400,74.47,75.98,74.25,75.48,7579794.0
1754524800,76.32,76.35,74.0,74.35,8717603.0
1754611200,74.2,74.96,73.39,74.19,6738987.0
1754870400,74.32,74.79,73.05,74.02,6985681.0
1754956800,74.72,75.7216,74.34,74.9,6399721.0
1755043200,75.48,77.685,75.185,77.2,13472550.0
1755129600,75.91,76.6,75.35,76.39,7990497.0
1755216000,76.74,77.5,76.1601,76.97,9767746.0
1755475200,77.11,78.255,76.85,77.43,9069079.0
1755561600,78.2,78.79,76.675,76.88,7684807.0
1755648000,76.69,77.56,76.16,76.26,6282604.0
1755734400,75.7,76.2254,75.1335,76.18,6354912.0
1755820800,76.54,79.135,76.25,78.38,10985950.0
1756080000,78.47,80.165,78.39,79.17,12488940.0
1756166400,78.995,79.48,78.38,78.65,6874765.0
1756252800,78.96,79.51,77.65,78.06,12636740.0
1756339200,78.58,78.66,77.725,77.92,7478609.0
1756425600,77.75,79.13,77.12,77.37,14208810.0
1756771200,75.64,76.05,74.0,74.29,15078710.0
1756857600,74.4,75.18,73.91,74.74,8300061.0
1756944000,74.75,75.77,74.51,75.35,11096160.0
1757030400,74.8,75.41,73.63,73.91,13758380.0
1757289600,74.26,74.58,73.71,74.15,13793260.0
1757376000,73.99,74.55,73.05,73.6,8740157.0
1757462400,75.245,75.46,73.33,74.25,11359270.0
1757548800,74.41,75.53,74.01,74.33,9803422.0
1757635200,74.24,74.28,71.93,73.0,11806040.0
1757894400,73.18,73.209,72.575,73.03,10323750.0
1757980800,72.8,73.375,72.09,72.75,8813556.0
1758067200,73.065,73.32,71.61,72.31,11108700.0
1758153600,73.435,73.6,71.63,72.1,14918370.0
1758240000,72.01,72.25,70.74,70.89,33415580.0
1758499200,70.785,72.4899,70.425,71.28,12336260.0
1758585600,71.57,72.42,70.73,70.93,10432420.0
1758672000,70.67,71.53,70.45,71.22,10024490.0
1758758400,71.16,71.16,69.0515,69.24,13075280.0
1758844800,69.38,69.44,68.03,69.31,15627550.0
1759104000,69.77,69.96,68.74,69.55,18479280.0
1759190400,70.07,70.2066,68.82,69.73,40567680.0
1759276800,74.345,74.69,71.61,74.2,57921890.0
1759363200,75.0,76.97,73.88,74.57,26254380.0
1759449600,74.78,74.78,71.92,71.93,18794870.0
1759708800,72.02,72.39,71.01,71.17,14039590.0
1759795200,71.23,71.58,68.9,68.91,17367990.0
1759881600,68.91,69.426,68.665,69.09,13051750.0
1759968000,69.55,69.655,67.89,68.06,13410880.0
1760054400,68.18,68.49,64.88,65.22,18806070.0
1760313600,65.7,67.52,65.5475,67.38,13191250.0
1760400000,66.47,68.0,66.06,67.64,9483677.0
1760486400,68.58,69.53,68.13,68.46,13001480.0
1760572800,68.6,69.04,66.58,66.84,15349740.0
1760659200,66.63,67.77,66.32,67.37,10054040.0
1760918400,67.56,68.175,67.47,67.62,9669999.0
1761004800,67.75,69.29,67.41,68.36,9659203.0
1761091200,68.22,69.36,67.96,69.08,8096127.0
1761177600,69.09,69.885,68.74,69.68,9124913.0
1761264000,69.71,70.08,68.91,69.11,7102911.0
1761523200,70.035,70.44,68.26,68.59,9838115.0
1761609600,68.11,68.61,67.05,67.43,11262400.0
1761696000,67.01,67.19,64.95,65.35,15143130.0
1761782400,65.18,66.0,64.574,64.9,13895230.0
1761868800,65.0,65.25,64.25,64.59,17822510.0
1762128000,64.72,64.85,62.34,62.65,22633320.0
1762214400,62.42,62.59,61.12,61.23,13725430.0
1762300800,61.28,62.85,60.855,62.11,20979810.0
1762387200,61.88,62.48,61.665,61.89,15164630.0
1762473600,61.74,62.18,60.29,61.09,15504760.0
1762732800,61.75,62.09,60.49,60.8,13063060.0
1762819200,61.73,63.6,61.24,63.15,17646390.0
1762905600,64.1,65.19,63.74,64.2,14812200.0
1762992000,65.71,66.255,64.88,66.03,21923600.0
1763078400,64.935,65.06,63.75,64.17,17760100.0
1763337600,63.07,63.54,62.26,62.9,17064690.0
1763424000,62.4,62.76,61.68,62.49,14614640.0
1763510400,62.425,63.215,62.01,62.64,11732130.0
1763596800,62.95,63.83,61.41,61.43,13886600.0
1763683200,62.01,63.495,61.54,62.8,12476920.0
1763942400,62.51,63.07,61.93,61.93,16681660.0
1764028800,62.34,64.12,61.87,63.68,11527160.0
1764115200,63.5,64.865,62.97,64.33,13790960.0
1764288000,64.47,64.78,63.97,64.63,4941353.0
1764547200,63.77,65.99,63.58,65.39,12047280.0
1764633600,65.45,65.47,64.58,64.93,9051181.0
1764720000,65.08,66.655,64.98,65.65,12028290.0
1764806400,65.6,66.1,65.01,65.69,10619500.0
1764892800,65.7,66.08,64.88,65.86,10917940.0
1765152000,65.6,65.8,63.265,63.54,12867330.0
1765238400,63.51,63.95,62.972,63.33,9300188.0
1765324800,63.98,66.15,63.764,65.79,20302070.0
1765411200,65.83,67.815,65.56,67.74,16153540.0
1765497600,68.17,69.1364,67.12,67.47,14829230.0
1765756800,67.405,68.35,66.69,67.78,15287490.0
1765843200,67.29,68.2,66.74,67.12,16376670.0
1765929600,66.56,66.83,65.6205,65.69,13205490.0
1766016000,66.01,67.0,65.4,65.63,35650020.0
1766102400,59.2,60.38,58.22,58.71,108652700.0
1766361600,58.99,59.08,57.14,57.22,38695930.0
1766448000,57.18,57.5954,56.99,57.34,23276740.0
1766534400,58.8801,60.58,58.8801,60.0,36073250.0
1766707200,60.0,60.93,59.86,60.93,22303560.0
1766966400,60.54,61.75,60.51,61.21,18062100.0
1767052800,61.3,61.3,60.64,61.19,13507850.0
1767139200,62.25,64.2,61.9187,63.71,35457430.0
1767312000,64.0,64.13,62.55,63.28,22284070.0
1767571200,63.735,65.37,63.39,64.53,23482540.0
1767657600,64.06,65.425,63.41,65.35,19973190.0
1767744000,65.52,65.6124,63.19,63.22,18284110.0
1767830400,62.175,65.735,61.7,65.26,21573900.0
1767916800,65.11,66.54,64.4,65.92,18470390.0
1768176000,65.25,66.34,64.24,65.64,13901080.0
1768262400,66.25,67.08,65.85,66.3,13685220.0
1768348800,66.29,67.13,65.039,65.57,15939100.0
1768435200,65.76,65.76,64.21,64.59,13295270.0
1768521600,64.39,64.59,63.6801,64.38,15902990.0
1768867200,63.49,64.58,63.015,63.63,20406030.0
1768953600,63.88,65.42,63.61,65.41,17166440.0
1769040000,65.41,66.55,65.25,65.46,11853720.0
1769126400,65.25,65.45,64.4401,65.04,11243940.0
1769385600,64.81,65.635,64.775,64.99,14765930.0
1769472000,64.75,64.83,62.88,63.09,13536680.0
1769558400,63.05,63.48,61.97,62.24,10363630.0
1769644800,61.93,62.94,61.46,62.6,12739410.0
1769731200,62.24,62.52,61.015,61.81,14309230.0
1769990400,61.66,62.565,61.15,62.18,11006260.0
1770076800,61.775,62.53,60.43,60.93,17322110.0
1770163200,61.72,64.41,61.505,64.22,20957680.0
1770249600,64.19,64.58,62.09,62.7,12506220.0
1770336000,63.01,64.24,63.0,63.92,11961510.0
1770595200,63.565,63.91,62.37,62.41,12920800.0
1770681600,63.0,64.19,62.29,63.04,13003440.0
1770768000,63.9,64.005,61.675,62.35,15511940.0
1770854400,62.33,62.7201,60.845,61.1,13602430.0
1770940800,61.59,63.375,61.59,63.13,20180900.0
1771286400,62.94,64.82,62.94,64.82,12347500.0
1771372800,64.31,66.15,64.31,65.55,11211460.0
1771459200,65.2,65.835,64.25,65.61,10778300.0
1771545600,65.3,68.49,63.33,65.4,33436810.0
1771804800,64.6,64.97,62.05,63.09,17748810.0
1771891200,63.28,64.7,62.6,64.09,14296080.0
1771977600,63.89,64.22,63.26,63.4,9500809.0
1772064000,64.21,65.055,63.775,63.95,10319130.0
1772150400,62.72,62.72,61.5201,62.18,18017400.0
1772409600,59.9,61.53,59.14,61.01,15335010.0
1772496000,59.44,60.11,58.62,59.39,17438640.0
1772582400,59.19,59.49,58.61,58.64,15971330.0
1772668800,58.6,58.7899,57.43,58.02,22040180.0
1772755200,57.47,57.55,56.76,57.01,16323700.0
1773014400,55.74,56.705,55.39,56.53,18053120.0
1773100800,56.7,57.235,55.8,56.08,15706350.0
1773187200,57.6,57.6,55.41,55.7,20245300.0
1773273600,55.28,55.46,54.03,54.13,18611830.0
1773360000,54.34,54.87,53.74,53.98,14377100.0
1773619200,54.265,55.07,53.98,54.79,13115200.0
1773705600,55.45,55.68,55.0,55.12,9861420.0
1773792000,54.5,54.9599,53.26,53.47,16861350.0
1773878400,52.895,53.63,52.59,53.44,12307680.0
1773964800,52.94,53.61,52.175,52.37,19566100.0
1774224000,53.279,53.56,52.53,52.71,15242690.0
1774310400,52.36,54.08,52.27,53.49,12073810.0
1774396800,53.76,54.22,52.56,52.98,13427130.0
1774483200,52.76,53.615,51.87,52.07,14486700.0
1774569600,51.71,52.11,51.2,51.37,13077820.0
1774828800,51.43,52.185,50.95,51.24,16869210.0
1774915200,51.93,53.11,51.685,52.82,36422800.0
1775001600,46.555,46.83,44.56,44.63,114225700.0
1775088000,43.76,44.3399,43.17,44.19,63242570.0
1775433600,44.16,44.3799,43.56,44.03,26999580.0
1775520000,43.7,43.87,42.36,42.69,38252980.0
1775606400,43.91,44.3,42.76,43.13,29462850.0
1775692800,43.22,44.22,42.72,44.0,24147440.0
1775779200,43.825,43.96,42.4,42.62,26094790.0
1776038400,42.23,42.98,42.09,42.91,21236740.0
1776124800,42.99,44.21,42.95,44.2,22554060.0
1776211200,45.085,45.9,44.705,45.44,31523470.0
1776297600,45.8,46.49,45.55,45.7,21766280.0
1776384000,46.38,46.78,45.78,46.03,31290390.0
1776643200,45.98,46.56,45.57,46.48,19003100.0
1776729600,46.77,46.97,45.925,46.39,22193980.0
1776816000,46.31,46.945,45.5,45.68,17985190.0
1776902400,45.58,45.75,44.24,44.78,17457510.0
1776988800,44.98,45.42,44.59,44.69,15884980.0
1777248000,44.6,45.41,44.49,45.14,14583150.0
1777334400,45.38,45.709,44.7514,45.03,12425960.0
1777420800,44.92,45.16,44.15,44.39,13329690.0
1777507200,44.09,44.81,43.51,44.36,21679490.0
1777593600,44.82,44.96,44.2201,44.4,11562780.0
1777852800,44.19,44.339,43.09,43.09,33272380.0
1777939200,43.04,43.3,42.65,43.06,18589650.0
1778025600,43.63,44.07,43.195,43.88,19406680.0
1778112000,44.05,44.64,44.01,44.41,17177730.0
1778198400,44.26,44.66,43.8,44.14,17357060.0
1778457600,44.065,44.065,42.39,42.39,24863810.0
1778544000,42.3,42.51,42.06,42.35,21271250.0
1778630400,42.2,42.61,41.7,42.34,21325210.0
1778716800,42.555,42.83,41.99,42.02,19146950.0
1778803200,42.0,42.775,41.835,41.88,26172640.0
1779062400,41.88,42.7499,41.35,42.57,18694910.0
1779148800,42.6,43.2,41.812,42.42,22957910.0
1779235200,42.21,44.28,41.83,44.19,27060230.0
1779321600,43.89,44.74,43.16,44.39,18428060.0
1779408000,44.56,44.72,44.21,44.67,14905130.0
1779753600,44.7,44.95,44.1,44.94,18667600.0
1779840000,45.713,46.59,45.67,45.98,24251930.0
1779926400,45.97,47.645,45.56,47.37,22871350.0
1780012800,47.11,47.2,46.08,46.23,38949130.0
1780272000,45.515,46.275,45.05,45.93,26885140.0
1780358400,45.78,45.78,43.51,43.73,28344990.0
1780444800,43.65,43.99,43.16,43.81,18940520.0
1780531200,44.5,44.7,43.13,43.62,17350890.0
1780617600,43.3,43.735,42.79,42.98,18406480.0
1780876800,43.06,43.855,42.65,43.23,18192040.0
1780963200,43.52,45.275,43.27,44.65,21505820.0
1781049600,43.77,44.5799,43.31,43.96,15335570.0
1781136000,44.52,45.98,44.22,45.96,16647470.0
1781222400,46.29,46.31,44.85,44.93,16524260.0
1781481600,45.355,46.092,45.085,45.2,14345050.0
1781568000,45.505,46.1,45.0,45.04,19591440.0
1781654400,44.9,45.85,44.16,44.19,20859670.0
1781740800,44.41,45.705,44.24,45.2,32320290.0
1782086400,44.62,44.91,43.14,43.19,25864450.0
1782172800,42.39,43.19,42.32,42.38,31517880.0
1782259200,42.035,42.33,41.31,41.82,34384330.0
1782345600,41.8,41.8551,40.44,40.9,29251710.0
1782432000,40.07,41.47,40.0,40.75,33970750.0
1782691200,41.14,41.685,40.7703,41.48,27824710.0
1782777600,41.38,41.635,40.89,41.05,73891500.0
1782864000,41.4,43.28,40.11,43.06,80185740.0
1782950400,44.11,45.035,43.6,44.09,34264320.0
1783296000,43.9,44.11,41.84,43.34,21979110.0
1783382400,43.72,44.04,42.88,43.21,17784860.0
1783468800,42.7,43.255,42.07,42.89,21101470.0
1783555200,42.69,43.06,42.13,42.78,19647050.0
1783641600,43.42,44.63,43.06,44.37,23313530.0
1783900800,44.76,44.9,43.672,43.76,13665520.0
1783987200,44.31,44.492,42.47,42.86,13090250.0
1784073600,43.0,43.58,42.48,42.77,14388210.0
1784160000,42.9,44.67,42.9,44.57,15944690.0
1784246400,44.52,44.98,43.515,43.76,15825090.0
1784505600,43.8362,43.8362,42.825,43.47,11926860.0
1784592000,43.06,43.56,42.75,42.96,11859020.0
1784678400,42.45,42.91,41.57,42.21,18990030.0
1784764800,41.8,42.08,40.69,40.99,18156210.0
1784851200,41.19,42.15,40.885,41.7,26175170.0
1785110400,42.15,42.6,41.5801,42.14,16996870.0
1785196800,42.75,43.27,42.515,43.05,23609980.0
1785283200,42.6,43.685,42.4,43.22,15029140.0
1785369600,42.5,42.5,41.23,42.29,16977550.0
1785456000,42.02,42.075,41.49,41.71,22622390.0
1785715200,42.57,43.205,42.06,42.64,21329850.0
1785801600,41.35,42.0899,40.911,41.53,27802850.0
1785888000,41.645,42.48,41.36,42.45,22088630.0
1785974400,42.515,42.64,41.845,42.0,18150300.0
1786060800,42.02,42.37,41.61,41.7,22042280.0
1786320000,41.74,42.23,41.135,42.11,21664560.0
1786406400,41.48,41.53,40.83,41.32,25537950.0
1786492800,41.03,41.245,40.45,40.51,28760280.0
1786579200,40.74,41.47,40.48,41.23,23641670.0
1786665600,41.23,41.33,40.71,40.73,23639840.0
1786924800,40.35,40.6,38.86,39.09,58659920.0
1787011200,39.65,40.64,39.225,40.06,39173310.0
1787097600,40.525,41.305,40.37,41.05,22055690.0
1787184000,40.49,40.6351,39.805,40.21,16662080.0
1787270400,40.26,41.125,40.24,40.76,14707830.0
1787529600,41.0,41.34,40.675,40.75,18839140.0
1787616000,39.515,39.865,39.03,39.48,41524950.0
1787702400,39.4,39.4807,38.4137,38.59,38604280.0
1787788800,38.5,38.8,38.17,38.44,36573770.0
1787875200,38.71,39.76,38.56,39.6,28437380.0
1788134400,39.405,39.88,39.03,39.06,23905300.0
1788220800,38.36,38.565,37.97,38.12,22241120.0
1788307200,38.055,38.73,38.01,38.24,20727150.0
1788393600,38.52,38.93,37.95,38.77,29597540.0
1788480000,38.22,38.655,37.98,38.4,20631560.0
1788825600,38.52,38.74,37.9,38.1,31672290.0
1788912000,37.79,37.85,36.85,37.35,41088770.0
1788998400,36.96,37.16,36.55,36.62,29961020.0
1789084800,36.8,37.05,36.62,36.8,19974890.0
1789344000,36.755,37.41,36.58,37.05,30513460.0
1789430400,36.85,36.88,36.17,36.22,29693060.0
1789516800,36.375,36.51,35.76,35.78,30717010.0
1789603200,36.5,36.8,35.72,36.36,45453300.0
1789689600,36.27,36.68,35.5,35.51,52053580.0
1789948800,35.524,36.355,35.35,36.1,42128780.0
1790035200,36.95,37.035,35.9401,36.1,31524760.0
1790121600,36.42,36.62,35.605,36.05,40581430.0
1790208000,36.0,36.1399,35.52,35.99,39238490.0
