timestamp,open,high,low,close,volume
1474848000,39.38,40.51,39.38,40.34,9045988.0
1474934400,40.04,41.23,39.49,41.06,8673751.0
1475020800,41.15,41.19,40.21,40.97,6751179.0
1475107200,40.91,41.3,40.36,40.39,7943827.0
1475193600,40.29,41.05,40.27,40.97,8675257.0
1475452800,40.87,41.2,40.16,40.59,6924973.0
1475539200,41.3,41.3,40.44,40.78,5046078.0
1475625600,40.95,40.95,40.4,40.44,6119480.0
1475712000,40.32,40.39,39.86,40.18,6311905.0
1475798400,40.42,40.42,39.62,39.88,6109646.0
1476057600,40.13,40.17,39.59,39.86,6636580.0
1476144000,40.03,40.11,38.96,39.19,9955067.0
1476230400,39.77,39.8,39.3,39.53,7034025.0
1476316800,39.39,39.4,38.75,39.2,7865587.0
1476403200,39.46,39.89,39.23,39.24,6647295.0
1476662400,39.24,39.62,39.16,39.48,5279511.0
1476748800,40.0,40.18,39.78,39.83,5444913.0
1476835200,39.97,40.47,39.84,40.24,6569376.0
1476921600,40.23,40.29,39.82,40.09,13178770.0
1477008000,41.85,44.24,41.84,44.15,37520690.0
1477267200,44.0,44.52,43.14,43.87,19077450.0
1477353600,43.66,44.07,43.0,43.31,9453904.0
1477440000,43.0,43.21,42.31,42.33,10914340.0
1477526400,42.55,42.57,41.621,41.69,9445164.0
1477612800,41.98,41.98,41.07,41.76,11978690.0
1477872000,41.78,42.0,41.36,41.66,7159485.0
1477958400,41.68,42.295,41.29,41.54,9391352.0
1478044800,41.43,41.57,41.08,41.35,7947036.0
1478131200,41.32,41.5,40.92,41.19,6233741.0
1478217600,40.3,41.485,40.3,40.9,6531784.0
1478476800,41.52,41.65,41.06,41.28,7893078.0
1478563200,41.42,42.15,41.09,41.58,6958580.0
1478649600,40.6,41.47,40.58,41.26,9744400.0
1478736000,41.9,41.9,39.58,40.45,12097580.0
1478822400,40.77,40.77,39.8,40.08,10776490.0
1479081600,40.4,40.4,38.45,38.81,17874580.0
1479168000,39.04,39.48,38.9,38.94,16038130.0
1479254400,39.05,39.21,38.71,39.07,12730460.0
1479340800,39.12,40.055,38.95,39.88,9758239.0
1479427200,40.08,40.57,39.91,40.08,9521521.0
1479686400,40.12,40.77,40.1155,40.63,6657710.0
1479772800,40.99,41.1,39.95,40.33,7734699.0
1479859200,40.31,40.43,39.85,40.05,5762144.0
1480032000,40.4,40.56,39.99,40.26,2324478.0
1480291200,40.26,40.49,39.925,39.96,4154797.0
1480377600,40.07,40.36,39.79,39.89,5083357.0
1480464000,40.1,40.18,39.18,39.28,8398192.0
1480550400,39.56,39.68,38.18,38.34,11254430.0
1480636800,38.34,38.75,38.06,38.62,6324759.0
1480896000,38.85,39.34,38.65,38.99,5053850.0
1480982400,39.23,39.26,38.71,38.98,5953888.0
1481068800,39.08,39.46,38.8,39.45,7011789.0
1481155200,39.68,40.0,39.45,39.61,6102584.0
1481241600,39.7,39.79,39.375,39.65,3923651.0
1481500800,39.6,39.9,39.35,39.43,4463296.0
1481587200,39.55,39.745,39.39,39.43,6305788.0
1481673600,39.46,39.89,39.46,39.55,4658724.0
1481760000,39.8,40.29,39.35,39.54,6414785.0
1481846400,39.9,39.9,39.12,39.32,9786250.0
1482105600,39.4,39.8,39.11,39.44,4260753.0
1482192000,39.61,39.74,39.26,39.74,3636793.0
1482278400,39.84,40.74,39.82,40.09,6768455.0
1482364800,40.04,40.09,39.54,39.68,5062974.0
1482451200,39.82,39.87,39.48,39.58,3378939.0
1482796800,39.5,40.08,39.43,39.72,2660128.0
1482883200,39.76,40.03,39.53,39.57,3238070.0
1482969600,39.54,40.17,39.54,39.96,3694630.0
1483056000,39.96,40.07,39.34,39.47,5012041.0
1483401600,40.29,40.98,40.0,40.25,8239160.0
1483488000,40.35,41.03,40.045,41.0,6784663.0
1483574400,41.43,41.72,41.0399,41.06,6420044.0
1483660800,41.24,41.64,40.79,41.45,5571605.0
1483920000,41.49,41.51,41.11,41.4,3935362.0
1484006400,41.4,41.55,41.07,41.08,4166069.0
1484092800,41.23,41.38,40.835,41.28,4424028.0
1484179200,41.28,41.6052,40.92,41.56,3810229.0
1484265600,41.65,41.84,41.53,41.6,3917699.0
1484611200,41.6,41.71,41.2,41.27,5917481.0
1484697600,41.41,41.49,41.11,41.35,4705133.0
1484784000,41.25,41.68,41.03,41.27,4717762.0
1484870400,41.39,41.72,41.3,41.69,6857755.0
1485129600,41.86,42.11,41.25,41.62,8486768.0
1485216000,41.95,42.04,41.53,41.96,6106776.0
1485302400,42.36,42.44,41.66,41.71,8846296.0
1485388800,42.36,42.5,41.285,41.5,11772720.0
1485475200,41.0,41.2,39.92,40.27,22747600.0
1485734400,40.17,40.27,39.42,39.86,11485260.0
1485820800,39.7,40.01,39.45,39.78,9099696.0
1485907200,39.96,40.0,39.11,39.31,8860383.0
1485993600,39.4,39.84,39.02,39.58,8735975.0
1486080000,39.79,39.93,39.55,39.59,7131055.0
1486339200,39.64,39.83,39.34,39.74,8204804.0
1486425600,40.01,40.34,39.7,40.02,7956169.0
1486512000,40.18,40.99,39.92,40.88,7392858.0
1486598400,40.44,40.995,40.3,40.83,6466817.0
1486684800,40.82,40.86,40.56,40.58,6247831.0
1486944000,40.83,41.3,40.74,41.17,6260488.0
1487030400,41.18,41.63,40.94,41.62,6481833.0
1487116800,41.69,41.93,41.27,41.87,7115068.0
1487203200,41.87,42.31,41.7,42.15,5728859.0
1487289600,41.92,42.3,41.8,41.96,5106049.0
1487635200,41.93,42.56,41.9,42.43,5873771.0
1487721600,42.3,42.53,42.12,42.42,4316764.0
1487808000,42.37,42.67,42.16,42.53,5456296.0
1487894400,42.11,43.07,41.83,43.07,6769526.0
1488153600,42.89,42.89,42.35,42.64,5026489.0
1488240000,42.49,42.49,41.99,42.0,6953820.0
1488326400,42.31,42.52,41.99,42.43,6003748.0
1488412800,42.4,42.86,42.2,42.77,4572587.0
1488499200,42.7,43.04,42.58,43.03,4214431.0
1488758400,42.98,43.03,42.63,42.87,6032332.0
1488844800,42.8,43.2,42.71,42.89,4404707.0
1488931200,42.84,43.18,42.72,42.79,4573828.0
1489017600,42.66,43.0,42.45,42.92,3484473.0
1489104000,43.19,43.28,42.76,42.99,4634798.0
1489363200,42.87,42.965,42.45,42.59,5527264.0
1489449600,42.51,42.64,41.74,42.1,5887959.0
1489536000,42.29,42.57,41.89,42.39,4291076.0
1489622400,42.5,42.58,42.14,42.4,3998562.0
1489708800,42.57,43.3,42.37,43.08,12309470.0
1489968000,43.1,43.32,42.81,43.16,6634422.0
1490054400,43.33,43.4,42.46,42.64,7816143.0
1490140800,42.595,43.24,42.45,43.19,6492210.0
1490227200,43.13,43.61,43.0,43.14,7164058.0
1490313600,43.48,43.495,42.935,43.13,5739520.0
1490572800,42.69,43.2,42.58,43.08,3841606.0
1490659200,42.87,43.25,42.84,43.15,4396534.0
1490745600,43.15,43.3,42.96,43.24,3950831.0
1490832000,43.15,43.8,43.0,43.54,5680284.0
1490918400,43.44,43.48,43.01,43.02,5177915.0
1491177600,43.2,43.3,42.51,42.63,7772884.0
1491264000,42.74,42.74,42.26,42.72,4612206.0
1491350400,42.83,43.3433,42.74,42.89,5291283.0
1491436800,42.9,43.0,42.72,42.9,5395420.0
1491523200,42.89,43.175,42.71,43.04,4861189.0
1491782400,43.07,43.55,43.01,43.05,4579501.0
1491868800,42.99,43.09,42.61,42.69,4856232.0
1491955200,42.1,42.81,42.06,42.49,5799899.0
1492041600,42.5,42.89,42.32,42.55,3624009.0
1492387200,42.6,43.14,42.6,43.1,3138458.0
1492473600,43.2,43.2,42.86,43.09,3702945.0
1492560000,43.03,43.47,42.9,43.3,4913653.0
1492646400,43.32,43.8,43.26,43.69,4811153.0
1492732800,43.86,44.0,43.6,43.81,5603194.0
1492992000,44.09,44.28,43.95,44.27,4642797.0
1493078400,44.49,45.01,44.35,44.71,7819478.0
1493164800,45.04,45.04,44.25,44.41,9752663.0
1493251200,47.25,48.1,46.75,47.15,34403070.0
1493337600,47.03,47.755,46.87,47.72,11642150.0
1493596800,47.39,47.7125,47.32,47.54,14533070.0
1493683200,47.41,49.07,47.4,49.05,16777890.0
1493769600,49.16,49.29,48.625,49.02,11611450.0
1493856000,48.93,49.38,48.82,48.91,7148797.0
1493942400,48.62,49.44,48.4,49.3,4875397.0
1494201600,49.43,49.45,48.81,49.17,6638956.0
1494288000,49.06,49.37,48.9,49.22,4774761.0
1494374400,49.18,49.8,49.015,49.79,6502018.0
1494460800,49.63,49.71,49.11,49.7,5547676.0
1494547200,49.58,49.75,49.24,49.37,4933241.0
1494806400,49.31,50.0,49.25,49.77,4674544.0
1494892800,49.63,50.35,49.57,50.34,5346556.0
1494979200,49.87,50.1,49.025,49.05,6591631.0
1495065600,49.03,49.58,48.89,49.11,9931906.0
1495152000,49.15,49.71,49.06,49.39,7813476.0
1495411200,49.45,49.88,49.35,49.77,13143490.0
1495497600,49.9,50.18,49.77,50.13,7134052.0
1495584000,50.23,51.08,50.14,51.05,6300051.0
1495670400,50.77,51.13,50.64,50.93,4950498.0
1495756800,51.04,51.39,50.89,51.19,4774508.0
1496102400,50.96,51.28,50.86,51.06,5550220.0
1496188800,51.13,52.24,50.88,52.21,11048440.0
1496275200,52.48,53.39,52.475,53.16,13897740.0
1496361600,53.44,53.64,53.08,53.52,9120700.0
1496620800,53.77,54.07,53.59,53.8,9655700.0
1496707200,53.75,53.8,53.16,53.4,6306423.0
1496793600,53.3,53.94,53.26,53.85,6368525.0
1496880000,54.03,54.43,53.45,54.39,6349226.0
1496966400,54.65,55.14,52.85,53.4,11173930.0
1497225600,52.81,52.9,51.43,52.16,15762890.0
1497312000,52.29,52.485,51.7,52.06,10411390.0
1497398400,52.0,52.505,51.535,51.9,7126499.0
1497484800,51.44,52.38,50.83,52.29,9976940.0
1497571200,52.04,52.16,51.58,51.84,10931060.0
1497830400,52.28,53.0,52.1101,52.93,5592497.0
1497916800,52.84,53.23,52.43,52.52,4572110.0
1498003200,52.99,53.58,52.61,53.54,8004986.0
1498089600,53.71,53.951,52.86,53.87,9673015.0
1498176000,53.82,54.53,53.69,54.33,6256555.0
1498435200,54.44,55.1,53.65,53.74,4890328.0
1498521600,53.6,53.79,52.64,52.73,7706591.0
1498608000,52.75,54.44,52.65,54.39,7926830.0
1498694400,53.81,54.1,52.52,53.42,11615730.0
1498780800,53.6,54.25,53.29,53.67,8227457.0
1499040000,54.14,54.33,52.83,52.87,4831590.0
1499212800,53.0,54.75,52.94,54.61,9799645.0
1499299200,54.22,54.3506,53.15,53.47,7447844.0
1499385600,53.7,54.48,53.52,53.97,4807807.0
1499644800,54.91,55.42,54.7,54.94,10462700.0
1499731200,54.92,55.2,54.33,54.76,9010944.0
1499817600,56.6,57.445,55.55,56.55,17475220.0
1499904000,57.3,57.91,56.8,57.9,14790150.0
1499990400,58.14,58.63,56.915,57.16,11771870.0
1500249600,57.53,57.6,57.02,57.58,5798551.0
1500336000,57.5,58.96,57.31,58.96,9464316.0
1500422400,58.31,58.62,57.55,58.35,9689371.0
1500508800,58.75,59.38,58.43,59.09,7996031.0
1500595200,59.0,59.33,58.59,58.67,7544718.0
1500854400,58.9,59.07,58.34,58.58,6423566.0
1500940800,58.73,58.83,58.19,58.26,8506112.0
1501027200,58.48,58.94,57.9,58.79,13521650.0
1501113600,61.0,61.3,57.6921,60.15,22703310.0
1501200000,59.8,60.71,59.04,59.2,10768700.0
1501459200,59.37,59.64,58.52,58.55,7370605.0
1501545600,59.0,59.39,58.79,59.34,9047028.0
1501632000,59.67,59.71,58.44,59.12,6516413.0
1501718400,59.16,59.28,58.36,58.42,6258116.0
1501804800,58.62,58.93,58.32,58.86,6174314.0
1502064000,59.18,59.64,58.84,59.62,5888212.0
1502150400,59.61,59.88,59.25,59.48,5999748.0
1502236800,58.97,59.73,58.59,59.67,6023787.0
1502323200,59.24,59.37,57.81,58.02,9561810.0
1502409600,57.85,58.25,57.58,58.04,6962021.0
1502668800,58.61,59.2763,58.271,59.06,7550651.0
1502755200,59.3,59.98,59.23,59.69,6483094.0
1502841600,59.95,60.7,59.6,60.29,5742273.0
1502928000,60.15,60.28,59.29,59.29,6656173.0
1503014400,59.36,59.82,58.94,59.44,4653061.0
1503273600,59.33,59.65,58.755,59.4,4239934.0
1503360000,59.72,61.0,59.44,60.84,5826420.0
1503446400,60.3,60.51,59.82,60.05,4536773.0
1503532800,60.22,60.43,59.11,60.0,4041012.0
1503619200,60.33,60.58,59.61,59.97,4087113.0
1503878400,60.31,60.53,59.81,60.53,4654614.0
1503964800,59.82,61.16,59.63,61.01,4352962.0
1504051200,61.05,61.86,60.89,61.77,5652223.0
1504137600,62.0,62.029,61.17,61.68,6136948.0
1504224000,61.98,62.23,61.3831,61.46,3422860.0
1504569600,61.26,61.75,60.58,61.27,5709624.0
1504656000,61.74,61.99,60.9,61.24,5276710.0
1504742400,61.33,62.13,61.28,62.0,4997143.0
1504828800,61.94,62.0,61.1,61.13,4920712.0
1505088000,61.73,63.26,61.62,62.64,8266011.0
1505174400,62.95,63.12,62.15,62.56,6263515.0
1505260800,62.47,62.75,61.58,62.04,6370784.0
1505347200,62.04,62.37,61.71,62.24,5695725.0
1505433600,62.27,62.8,61.96,62.5,9918637.0
1505692800,62.62,63.5299,62.52,62.92,7628555.0
1505779200,63.01,63.925,62.96,63.83,7723216.0
1505865600,63.99,64.87,63.83,64.74,11825160.0
1505952000,64.67,64.95,63.905,64.63,6587139.0
1506038400,64.33,65.24,64.11,65.08,6626663.0
1506297600,65.0,65.0,62.365,63.5,13153430.0
1506384000,63.71,63.7623,62.84,62.94,8427908.0
1506470400,63.41,63.75,63.1601,63.33,7321777.0
1506556800,63.62,64.055,63.11,63.93,4045163.0
1506643200,63.86,64.17,63.5,64.03,6876884.0
1506902400,64.5,65.12,64.1,64.18,5162238.0
1506988800,64.51,64.51,63.7607,64.22,5624773.0
1507075200,64.3,64.3,63.69,64.01,4436649.0
1507161600,64.38,66.0,64.22,65.82,7442797.0
1507248000,66.0,66.41,65.79,66.05,6122086.0
1507507200,66.2,66.55,65.9,66.23,5513746.0
1507593600,66.6,66.67,65.79,66.04,5831567.0
1507680000,67.25,68.42,66.98,67.78,11993060.0
1507766400,68.02,68.98,67.8048,68.86,8724980.0
1507852800,69.49,69.61,68.0,68.66,8622444.0
1508112000,69.04,69.2,67.28,67.31,9548736.0
1508198400,67.65,67.67,66.35,66.67,10698790.0
1508284800,67.4,67.5,67.0,67.26,8021425.0
1508371200,67.3,67.45,66.16,67.25,13941870.0
1508457600,71.33,71.73,69.69,70.97,34225240.0
1508716800,71.02,71.33,69.55,69.8,12201120.0
1508803200,69.73,70.565,69.67,70.21,12255620.0
1508889600,69.94,71.42,69.85,71.02,12752720.0
1508976000,71.46,72.07,71.04,71.34,8003164.0
1509062400,71.72,71.79,70.58,71.06,9255055.0
1509321600,71.45,71.54,70.53,71.15,7128815.0
1509408000,71.34,72.74,71.11,72.56,7597631.0
1509494400,72.78,72.99,71.69,72.38,6644497.0
1509580800,72.46,72.7755,72.01,72.25,4532594.0
1509667200,72.37,73.41,71.94,73.39,6782888.0
1509926400,73.72,74.76,73.42,74.74,10120480.0
1510012800,75.17,75.45,74.19,74.41,7019369.0
1510099200,74.0,75.0,73.31,74.77,7530424.0
1510185600,74.02,74.2,72.41,74.1,8864340.0
1510272000,73.77,74.14,73.56,73.99,5713748.0
1510531200,73.61,74.29,73.34,74.03,6179741.0
1510617600,74.1,74.82,73.62,74.49,6277159.0
1510704000,74.3,74.4,73.1853,73.43,6217303.0
1510790400,75.5,77.94,75.28,77.7,12484090.0
1510876800,78.01,78.01,75.8,76.38,11861140.0
1511136000,76.6,77.32,75.88,76.01,6818188.0
1511222400,77.09,78.43,76.85,77.77,10338880.0
1511308800,77.9,77.99,76.62,77.57,8071502.0
1511481600,77.81,78.9,77.7,78.57,4306578.0
1511740800,78.63,79.385,77.71,77.84,6775231.0
1511827200,77.95,78.23,77.2435,77.79,8735767.0
1511913600,77.95,77.98,71.67,73.25,25165750.0
1512000000,73.77,75.87,73.54,75.73,15934330.0
1512086400,75.22,76.44,74.26,75.3,13374560.0
1512345600,75.59,75.7439,68.61,70.97,26273330.0
1512432000,69.81,72.75,69.61,71.2,16631080.0
1512518400,70.89,73.2,70.83,73.14,9279409.0
1512604800,73.25,74.069,73.25,73.69,7931712.0
1512691200,74.71,74.71,72.6,72.91,8166030.0
1512950400,72.96,73.68,72.56,73.29,6024046.0
1513036800,73.45,74.31,73.0,73.62,6438776.0
1513123200,74.08,75.42,73.77,74.09,7173699.0
1513209600,74.5,75.53,74.2,74.26,7495211.0
1513296000,74.82,75.87,73.51,75.65,11958390.0
1513555200,76.3,76.35,75.2,75.32,8350698.0
1513641600,75.39,75.39,73.91,74.5,7661411.0
1513728000,74.64,74.9,73.76,74.0,5996327.0
1513814400,74.19,74.47,73.8,74.02,4593501.0
1513900800,73.8,74.04,72.9,73.89,3894188.0
1514246400,73.29,74.34,72.63,74.27,4918996.0
1514332800,74.25,74.93,74.0,74.59,4455252.0
1514419200,74.96,75.0,73.86,74.17,3381367.0
1514505600,73.92,74.53,73.58,73.62,4490062.0
1514851200,74.235,74.5,73.43,73.84,7287899.0
1514937600,74.3,76.8499,74.05,76.75,9927764.0
1515024000,77.33,77.9287,76.2599,76.73,8643988.0
1515110400,77.11,78.93,77.01,78.7,11819700.0
1515369600,78.7,79.18,77.773,79.05,7805659.0
1515456000,80.1,80.39,78.52,79.19,9613944.0
1515542400,78.5,79.485,77.7,79.37,6247692.0
1515628800,79.45,79.87,78.91,79.75,5527061.0
1515715200,80.0,80.77,79.66,80.54,6865274.0
1516060800,80.95,81.8,79.94,80.42,9156951.0
1516147200,80.4,82.61,79.96,82.47,7088245.0
1516233600,82.43,83.44,81.61,82.94,7328118.0
1516320000,83.23,84.19,83.1283,83.84,8751388.0
1516579200,84.0,84.21,83.22,83.98,7528227.0
1516665600,84.12,84.55,83.45,84.21,9497008.0
1516752000,84.52,85.29,82.71,83.71,8720693.0
1516838400,84.0,85.27,83.71,84.34,7258137.0
1516924800,84.46,85.49,84.04,85.45,7815659.0
1517184000,85.2,85.35,83.62,84.31,7943091.0
1517270400,83.0,84.17,82.0,83.78,7827725.0
1517356800,84.18,86.32,84.16,85.32,13015090.0
1517443200,79.95,80.95,76.7,78.4,44233620.0
1517529600,78.1,79.62,76.28,76.57,21958050.0
1517788800,75.95,78.98,74.68,74.705,18709640.0
1517875200,72.63,76.515,72.25,75.68,19418600.0
1517961600,75.35,77.58,74.94,75.59,11655120.0
1518048000,75.63,75.91,72.27,72.32,13645690.0
1518134400,73.14,75.27,71.63,74.75,14328150.0
1518393600,75.49,76.28,74.852,75.28,10409730.0
1518480000,74.81,75.6,74.55,74.97,7731428.0
1518566400,74.18,77.36,74.13,77.27,8924673.0
1518652800,78.01,78.3,76.58,78.295,9116826.0
1518739200,78.2,78.75,77.53,78.37,9749461.0
1519084800,77.7,78.54,76.66,77.06,6840508.0
1519171200,77.2,78.496,76.465,76.51,8254933.0
1519257600,76.8,78.37,76.77,77.7,6623185.0
1519344000,78.26,79.7,77.391,79.69,7517698.0
1519603200,80.0,80.05,78.98,79.35,7129255.0
1519689600,79.11,79.929,78.61,79.46,8842263.0
1519776000,79.9,82.17,79.39,79.41,10795680.0
1519862400,79.6,80.44,77.88,78.64,8411814.0
1519948800,77.52,79.11,76.93,78.87,9419920.0
1520208000,78.07,79.42,77.09,79.07,6632942.0
1520294400,79.33,79.95,78.85,79.23,7272155.0
1520380800,78.65,79.555,78.01,79.52,5545376.0
1520467200,79.85,80.49,79.53,79.87,7017662.0
1520553600,80.26,80.85,80.11,80.71,6958563.0
1520812800,80.75,81.17,80.35,80.6,6601731.0
1520899200,80.69,80.99,79.27,80.2,6342593.0
1520985600,80.74,83.5,80.64,83.31,14247600.0
1521072000,83.75,83.99,81.57,82.57,9111309.0
1521158400,82.8,83.23,81.27,82.16,7858818.0
1521417600,80.89,81.44,79.11,80.3,8877753.0
1521504000,80.18,81.19,80.0535,80.86,7387165.0
1521590400,80.94,82.35,80.51,81.04,6728789.0
1521676800,79.81,80.12,78.46,78.56,9361480.0
1521763200,78.5,79.06,76.35,76.44,9545097.0
1522022400,77.98,79.17,77.0301,78.95,8682144.0
1522108800,79.59,79.9,75.65,76.31,7973887.0
1522195200,75.7,76.75,74.74,75.06,14369210.0
1522281600,75.31,77.2,74.55,75.87,11054180.0
1522627200,75.23,76.3001,74.01,75.0,11292770.0
1522713600,75.28,75.41,73.35,74.56,8876075.0
1522800000,73.0,75.06,72.52,74.78,8230589.0
1522886400,75.59,77.82,75.48,76.95,9558564.0
1522972800,75.52,76.4,73.7,73.86,8172278.0
1523232000,74.6,76.88,74.6,75.19,7170030.0
1523318400,76.51,77.31,75.8003,76.79,5882616.0
1523404800,76.2,77.4,76.08,76.5,4505285.0
1523491200,76.8,77.99,76.61,77.46,4998374.0
1523577600,78.0,78.63,76.83,77.27,5736888.0
1523836800,77.88,78.5,77.19,77.8,5095267.0
1523923200,78.55,80.43,78.5,80.03,6652128.0
1524009600,80.1,80.89,79.32,80.34,5915237.0
1524096000,80.2,80.39,79.19,79.68,6933278.0
1524182400,79.22,79.87,78.3,78.73,6220640.0
1524441600,78.86,79.45,77.99,78.21,3950976.0
1524528000,78.9,79.4,75.08,75.28,9175412.0
1524614400,75.39,75.575,73.7,74.0,10784770.0
1524700800,76.32,77.62,75.49,76.03,13606730.0
1524787200,76.21,76.39,73.635,74.13,9789396.0
1525046400,74.0,75.019,73.69,74.61,9419806.0
1525132800,74.15,74.99,73.6,74.81,5649818.0
1525219200,75.0,75.71,71.21,71.73,17703330.0
1525305600,71.3,73.77,70.22,73.45,17182800.0
1525392000,73.19,74.44,72.23,73.99,7470329.0
1525651200,74.22,75.12,74.1,74.67,7393165.0
1525737600,74.62,75.94,74.44,75.72,6181892.0
1525824000,76.08,77.05,75.46,77.01,6210000.0
1525910400,77.39,79.255,77.25,79.19,11531160.0
1525996800,79.25,79.39,78.08,79.2,9868785.0
1526256000,79.14,79.65,78.4402,78.81,5820854.0
1526342400,77.85,78.2,76.93,77.79,6168614.0
1526428800,77.5,78.54,77.2801,77.82,5286747.0
1526515200,77.63,81.16,77.59,79.19,8295669.0
1526601600,79.9,81.94,79.8247,80.79,13803540.0
1526860800,81.61,82.32,80.37,81.25,7871816.0
1526947200,81.39,81.61,80.28,80.62,5187905.0
1527033600,79.66,81.12,79.405,81.08,5058792.0
1527120000,80.91,83.06,79.66,81.55,11588950.0
1527206400,82.65,82.72,80.49,80.96,9464612.0
1527552000,80.71,81.34,80.2,80.73,6901669.0
1527638400,81.161,82.06,80.9,81.6,5477188.0
1527724800,81.81,82.83,81.55,82.07,8249415.0
1527811200,82.55,83.46,81.85,83.25,7087413.0
1528070400,83.23,84.8,82.77,84.57,7390866.0
1528156800,84.5,85.2,84.01,85.05,8926284.0
1528243200,85.05,85.61,84.5,85.21,7866687.0
1528329600,85.21,85.3,82.31,83.27,7837047.0
1528416000,83.23,84.49,83.15,84.34,6919649.0
1528675200,84.45,84.59,83.79,83.89,4833147.0
1528761600,83.93,86.2,83.875,85.02,8894241.0
1528848000,85.5,86.0,84.68,85.27,7100812.0
1528934400,85.5,86.295,85.21,85.61,6639038.0
1529020800,85.33,85.69,84.1,85.31,8710346.0
1529280000,84.84,86.2,84.44,85.85,5174587.0
1529366400,84.64,84.96,83.43,84.52,6205000.0
1529452800,84.86,86.97,84.82,85.95,9171046.0
1529539200,86.5,87.55,85.45,85.97,8089642.0
1529625600,86.32,86.56,84.61,85.12,7498791.0
1529884800,84.08,84.47,81.21,82.19,10772720.0
1529971200,82.68,83.21,81.77,82.32,6573669.0
1530057600,82.55,82.97,80.4533,80.67,8971870.0
1530144000,80.39,82.83,80.16,82.48,7373938.0
1530230400,82.75,83.66,82.61,83.27,6804145.0
1530489600,82.75,83.96,82.0621,83.89,4925773.0
1530576000,84.36,84.9,83.15,83.27,3644133.0
1530748800,83.64,84.64,83.3,84.59,5253631.0
1530835200,84.41,86.0,83.94,85.94,5088042.0
1531094400,86.6,86.9,85.3476,86.23,5650804.0
1531180800,86.72,86.72,85.77,86.17,3709038.0
1531267200,85.47,86.86,85.07,86.25,4143112.0
1531353600,87.2,89.19,86.8,89.13,6909804.0
1531440000,89.0,89.1,86.83,87.99,6106359.0
1531699200,88.26,88.3413,87.48,87.77,4451243.0
1531785600,87.25,88.72,86.59,88.58,5046319.0
1531872000,88.7,88.93,87.68,88.22,4795783.0
1531958400,88.0,88.59,87.16,87.38,5502401.0
1532044800,87.32,88.0,87.14,87.47,7536323.0
1532304000,87.14,89.6,85.82,89.24,11725250.0
1532390400,90.6,92.35,90.4133,91.41,13327360.0
1532476800,91.13,92.35,91.01,91.37,11832440.0
1532563200,88.51,90.68,87.25,89.14,14441970.0
1532649600,89.5,90.28,84.75,85.46,14267320.0
1532908800,85.5,85.5,81.85,82.39,13426180.0
1532995200,82.51,83.32,81.3,82.14,13353360.0
1533081600,82.24,83.98,82.0097,83.46,11142080.0
1533168000,82.95,85.59,82.85,85.53,8259563.0
1533254400,85.99,86.2,84.15,85.19,6215740.0
1533513600,85.19,86.1,84.9,85.77,5702347.0
1533600000,86.3,86.99,85.95,86.3,4881690.0
1533686400,86.23,87.095,85.86,86.74,3888620.0
1533772800,86.91,88.09,86.48,87.17,5463552.0
1533859200,86.55,88.03,86.01,87.01,5748183.0
1534118400,87.42,88.5,86.96,87.01,5977839.0
1534204800,87.37,87.83,86.48,87.73,5752171.0
1534291200,86.78,87.25,84.61,85.19,8738469.0
1534377600,85.85,85.9,84.87,85.32,5927505.0
1534464000,85.1,85.77,84.22,85.45,6186556.0
1534723200,85.74,86.0,84.9,85.75,3944507.0
1534809600,85.82,87.38,85.82,86.22,5222332.0
1534896000,86.0,87.16,85.63,86.95,4261588.0
1534982400,86.72,88.175,86.67,87.38,4144534.0
1535068800,87.95,90.13,87.95,90.1,7393588.0
1535328000,90.68,91.32,89.78,89.97,5463330.0
1535414400,90.1,90.85,89.68,90.61,4616689.0
1535500800,90.78,92.94,90.78,92.62,7832724.0
1535587200,92.29,93.01,91.71,92.09,7081662.0
1535673600,91.84,92.74,91.8,92.33,4865101.0
1536019200,91.94,93.44,91.62,93.07,6452971.0
1536105600,92.98,93.0,88.7,89.05,10165090.0
1536192000,89.18,89.555,88.06,89.0,6840267.0
1536278400,88.13,89.68,87.39,88.82,5633200.0
1536537600,89.43,89.99,88.56,89.8,5315107.0
1536624000,89.83,91.71,89.035,91.43,7320578.0
1536710400,91.53,92.46,90.21,92.4,7187856.0
1536796800,92.6,93.7,92.06,92.19,8052838.0
1536883200,92.25,92.68,90.68,90.78,9196091.0
1537142400,90.66,91.3,88.51,88.68,9271750.0
1537228800,88.71,90.09,88.71,89.72,5708757.0
1537315200,90.1,90.7399,88.2382,89.31,5410927.0
1537401600,89.84,90.78,89.185,90.6,6560793.0
1537488000,91.05,92.0,90.42,90.62,25250500.0
1537747200,89.95,90.26,88.26,89.62,8094063.0
1537833600,89.62,90.38,89.2748,90.04,5162053.0
1537920000,90.34,90.93,89.7,89.85,5841329.0
1538006400,90.61,90.7,88.86,88.99,6984949.0
1538092800,88.79,89.045,87.6,87.84,7916097.0
1538352000,88.13,88.8,87.4,87.55,9124656.0
1538438400,87.27,87.35,85.83,86.68,6486892.0
1538524800,87.4,87.95,86.37,87.15,6623247.0
1538611200,86.39,86.5,83.54,84.34,9077383.0
1538697600,84.21,84.84,82.32,83.18,10734370.0
1538956800,82.62,82.89,78.65,80.55,16858570.0
1539043200,80.65,81.84,79.44,80.03,9331273.0
1539129600,79.61,79.91,75.32,75.45,16876740.0
1539216000,76.81,77.785,74.66,75.9,20973840.0
1539302400,79.12,79.6,77.79,79.03,13965220.0
1539561600,78.88,79.14,77.22,77.23,8430632.0
1539648000,78.85,80.91,78.46,80.61,10044470.0
1539734400,81.19,81.39,79.5,80.09,10007040.0
1539820800,80.17,80.44,77.36,77.48,19153230.0
1539907200,83.75,86.17,82.92,84.78,34136940.0
1540166400,84.86,86.23,83.5711,85.43,11168960.0
1540252800,83.2,87.8,82.99,87.57,14705170.0
1540339200,87.04,87.69,83.01,83.09,14721640.0
1540425600,84.24,86.51,83.56,85.96,9047640.0
1540512000,83.22,85.66,82.18,83.37,13964000.0
1540771200,84.74,85.24,78.99,81.15,12773250.0
1540857600,80.33,81.96,79.42,80.9,12909200.0
1540944000,82.37,85.35,82.3,84.19,11127410.0
1541030400,84.18,85.15,83.57,85.04,5918517.0
1541116800,85.46,86.104,82.65,83.51,6963557.0
1541376000,83.33,84.25,82.25,84.05,4556449.0
1541462400,84.1,85.31,83.72,84.69,4612597.0
1541548800,85.86,88.49,85.73,88.23,8668745.0
1541635200,87.7,89.06,87.68,89.04,7538931.0
1541721600,88.45,88.45,85.55,86.76,9104392.0
1541980800,86.17,86.65,83.3,83.78,6216867.0
1542067200,84.12,85.229,83.16,83.78,4691340.0
1542153600,84.98,85.14,83.07,84.05,6674652.0
1542240000,83.79,87.09,83.6,86.74,9871458.0
1542326400,86.0,86.72,84.83,85.06,7509491.0
1542585600,84.77,85.19,79.9,80.13,11366300.0
1542672000,77.0,79.08,75.47,77.76,14101800.0
1542758400,79.09,79.89,77.635,79.12,8484901.0
1542931200,78.09,79.71,77.9,77.95,3066853.0
1543190400,78.97,80.98,78.86,80.86,9108401.0
1543276800,81.0,82.0,80.205,81.97,5331039.0
1543363200,82.27,86.0,81.9496,85.98,9239686.0
1543449600,85.37,85.675,83.79,84.26,6426639.0
1543536000,84.39,85.86,83.66,85.81,11265370.0
1543795200,87.29,88.84,87.19,87.98,10748680.0
1543881600,87.24,88.47,84.02,84.19,8153427.0
1544054400,81.82,85.86,81.29,85.82,10131680.0
1544140800,84.96,85.99,81.97,82.77,7882044.0
1544400000,83.25,85.5,82.76,84.93,9299871.0
1544486400,86.01,86.9,84.56,85.51,8074334.0
1544572800,86.84,88.46,86.5,86.5,10305710.0
1544659200,87.73,88.71,86.41,87.56,8147021.0
1544745600,86.38,87.94,85.42,85.92,6525496.0
1545004800,85.69,86.3,83.3508,84.1,8259127.0
1545091200,84.7,86.37,84.62,85.51,8995587.0
1545177600,85.63,87.8,82.93,84.03,11153480.0
1545264000,83.78,84.87,80.82,82.44,12433090.0
1545350400,82.81,83.77,77.69,78.14,17060140.0
1545609600,77.48,79.3199,76.7,77.06,6800483.0
1545782400,77.7,82.8,77.65,82.8,10909130.0
1545868800,81.33,84.36,80.24,84.31,7843088.0
1545955200,85.0,85.23,82.34,83.26,6847540.0
1546214400,84.24,84.48,82.55,84.09,7247348.0
1546387200,82.38,86.2,82.24,85.75,9772514.0
1546473600,84.36,84.75,81.91,82.09,9560518.0
1546560000,83.71,86.91,83.37,86.27,9026505.0
1546819200,86.42,87.55,86.02,86.93,10858530.0
1546905600,88.11,88.895,87.69,88.7,8171074.0
1546992000,88.81,90.315,88.5,89.55,9557995.0
1547078400,89.1,90.79,87.918,90.7,7302487.0
1547164800,90.11,91.1442,90.1,90.65,7309020.0
1547424000,89.96,90.81,89.55,90.43,5998429.0
1547510400,90.64,91.91,90.19,91.6,10368870.0
1547596800,91.72,92.35,90.21,90.55,8456861.0
1547683200,90.25,90.87,89.81,90.4,10249410.0
1547769600,91.35,91.44,89.78,91.12,11907460.0
1548115200,90.33,90.97,89.09,89.94,7628665.0
1548201600,90.74,91.17,89.57,90.5,5555563.0
1548288000,90.67,92.99,90.55,92.2,9616352.0
1548374400,93.05,94.58,92.69,94.28,11657920.0
1548633600,93.3,93.42,90.69,92.3,7359613.0
1548720000,92.33,92.85,90.57,91.12,6390622.0
1548806400,92.02,93.34,90.9,92.42,11172470.0
1548892800,89.02,90.09,86.62,88.76,23703110.0
1548979200,88.36,90.5,88.25,90.01,10513350.0
1549238400,89.88,92.12,89.71,91.66,7068584.0
1549324800,91.91,92.35,91.36,92.27,5524145.0
1549411200,90.8,92.29,90.19,92.25,5938231.0
1549497600,91.11,91.71,90.01,90.85,6933296.0
1549584000,90.02,91.91,90.0,91.87,6828983.0
1549843200,92.25,93.75,92.15,92.69,6389680.0
1549929600,93.44,94.51,93.2,94.38,7316617.0
1550016000,94.59,96.04,93.844,94.01,8001943.0
1550102400,93.65,94.99,93.1,94.42,6561949.0
1550188800,95.0,95.43,94.45,94.91,6021971.0
1550534400,94.45,95.3,94.06,95.02,8091489.0
1550620800,95.0,95.72,93.98,94.73,7843381.0
1550707200,94.72,95.51,94.33,94.96,5857774.0
1550793600,95.24,96.0,95.07,95.98,4897603.0
1551052800,96.07,97.3038,96.0,96.7,7236238.0
1551139200,96.34,96.82,95.53,96.59,5591509.0
1551225600,96.11,98.04,95.93,97.86,5563383.0
1551312000,97.66,98.525,97.08,98.07,5982380.0
1551398400,98.92,99.45,98.34,98.8,5410186.0
1551657600,98.03,98.5,95.34,96.57,7854547.0
1551744000,96.65,97.14,96.15,96.53,6299881.0
1551830400,96.52,97.28,95.91,96.46,3169691.0
1551916800,96.17,96.75,95.3,96.21,6169762.0
1552003200,95.04,95.77,94.51,95.69,4577365.0
1552262400,96.01,97.57,95.9539,97.45,5335368.0
1552348800,98.0,98.08,96.9,97.5,5624313.0
1552435200,98.2,100.5901,98.14,99.31,9353103.0
1552521600,99.46,99.67,98.93,99.03,5341877.0
1552608000,99.4,101.2599,99.33,100.73,10959610.0
1552867200,101.21,101.83,99.37,100.27,5555871.0
1552953600,100.6,101.685,100.6,101.54,6867244.0
1553040000,101.45,103.05,100.84,102.31,6459932.0
1553126400,102.15,104.56,102.085,104.15,7213853.0
1553212800,103.87,104.0,101.25,101.27,7193181.0
1553472000,100.94,102.18,100.51,101.55,5037028.0
1553558400,102.34,103.285,101.75,103.15,4497086.0
1553644800,103.2,104.17,101.74,103.07,5440007.0
1553731200,103.45,104.01,102.67,103.86,4465807.0
1553817600,104.52,104.7,103.46,103.84,5622643.0
1554076800,104.99,105.76,103.85,105.55,5898878.0
1554163200,105.76,105.76,104.66,105.23,4170725.0
1554249600,105.91,105.97,104.49,104.69,5441905.0
1554336000,104.7,104.97,102.65,104.46,7785923.0
1554422400,104.84,105.8,104.62,105.73,8572842.0
1554681600,105.66,107.0,104.67,106.57,9261395.0
1554768000,106.06,107.51,105.83,106.93,7216306.0
1554854400,107.15,107.77,106.39,107.51,6533201.0
1554940800,107.51,107.74,105.91,106.46,7670261.0
1555027200,107.03,108.54,106.41,108.48,6997307.0
1555286400,108.58,109.0,107.31,108.14,4480095.0
1555372800,108.8,108.8,107.58,108.2,3764179.0
1555459200,107.805,108.86,107.25,108.81,5353702.0
1555545600,108.36,108.45,105.08,107.36,10219250.0
1555891200,106.79,107.18,106.02,106.81,6407536.0
1555977600,107.1,107.51,106.4401,106.9,8541056.0
1556064000,107.11,108.39,106.4196,107.22,9483312.0
1556150400,108.52,110.92,108.52,110.22,10805270.0
1556236800,109.72,110.57,107.88,110.56,7632454.0
1556496000,110.7,113.0,110.44,112.44,6938369.0
1556582400,112.44,113.22,111.2,112.77,6486363.0
1556668800,113.21,113.69,110.92,110.94,5444708.0
1556755200,110.6,111.16,108.91,109.7,5272425.0
1556841600,110.57,112.12,110.25,111.96,4660901.0
1557100800,109.44,111.12,108.58,110.85,4722565.0
1557187200,110.17,110.17,107.64,108.95,6178708.0
1557273600,108.58,109.88,108.15,109.07,4118033.0
1557360000,108.1,110.1325,107.2476,109.73,4657418.0
1557446400,109.22,110.68,107.46,110.41,3750890.0
1557705600,107.6,108.63,106.52,106.83,5657900.0
1557792000,107.56,110.4,107.35,109.09,4559662.0
1557878400,108.59,111.93,108.31,111.5,5315281.0
1557964800,111.2,114.66,111.16,113.87,6031779.0
1558051200,113.07,114.25,112.2421,112.8,4512583.0
1558310400,111.97,113.31,111.23,112.15,3631596.0
1558396800,112.67,113.12,111.6855,112.43,4001417.0
1558483200,112.28,113.96,112.21,112.47,3092002.0
1558569600,111.47,111.71,109.06,109.9,7183631.0
1558656000,110.84,111.24,109.46,109.85,4832620.0
1559001600,110.57,113.14,110.5,111.74,6568269.0
1559088000,110.75,110.97,109.31,110.08,8166166.0
1559174400,110.64,111.57,110.09,111.41,3871752.0
1559260800,110.33,110.8,108.74,109.75,4913455.0
1559520000,111.09,111.09,103.96,105.52,11261210.0
1559606400,106.83,108.83,105.78,108.73,7280429.0
1559692800,110.04,110.88,109.46,110.77,6220170.0
1559779200,111.11,112.04,110.27,111.78,4743958.0
1559865600,112.3,115.14,112.08,114.02,5916410.0
1560124800,115.1,117.35,114.85,115.62,6483553.0
1560211200,116.97,117.45,113.295,114.6,5038942.0
1560297600,114.59,114.89,113.4702,114.5,3914615.0
1560384000,114.82,115.82,114.59,115.72,4089424.0
1560470400,115.91,116.73,115.27,116.17,4241994.0
1560729600,116.58,117.335,116.37,117.16,4621594.0
1560816000,118.6,118.646,115.84,115.98,6793322.0
1560902400,116.0,117.34,115.22,117.14,5165966.0
1560988800,118.85,119.95,117.84,118.79,5437516.0
1561075200,116.08,117.28,115.97,116.21,10651530.0
1561334400,116.51,116.7731,115.66,116.5,3369867.0
1561420800,116.58,116.96,113.39,114.44,5395305.0
1561507200,115.7,116.38,114.115,114.15,4637342.0
1561593600,114.51,114.87,113.08,113.67,5139346.0
1561680000,114.24,114.62,113.33,114.46,6679793.0
1561939200,116.72,116.75,114.35,115.03,5709683.0
1562025600,115.18,116.2,114.58,116.17,4155388.0
1562112000,116.88,117.72,116.06,117.68,3288929.0
1562284800,116.54,117.4,114.69,117.16,3801715.0
1562544000,116.34,117.225,115.1401,116.95,4983572.0
1562630400,116.37,118.62,116.25,118.37,4739005.0
1562716800,119.11,120.2,118.78,119.64,5879661.0
1562803200,120.17,120.75,119.24,120.65,4999657.0
1562889600,120.92,121.0,119.31,120.12,4540257.0
1563148800,120.77,121.04,119.8,120.9,3721345.0
1563235200,121.1,121.48,119.53,119.71,4006838.0
1563321600,119.65,119.99,118.8,118.81,4627478.0
1563408000,118.99,120.8,118.63,119.87,4440672.0
1563494400,120.74,121.36,118.6,118.63,4916241.0
1563753600,118.99,119.2098,118.12,118.69,5677409.0
1563840000,119.42,120.27,118.695,120.22,5016048.0
1563926400,120.0,121.33,118.93,121.3,8969808.0
1564012800,116.75,117.55,113.23,115.12,19417200.0
1564099200,115.71,116.35,114.34,115.49,7995933.0
1564358400,113.5,114.28,111.22,111.45,13820210.0
1564444800,110.79,112.29,108.77,112.04,8456015.0
1564531200,112.2,112.3,109.43,110.4,10096160.0
1564617600,110.45,112.4496,109.665,110.8,9436130.0
1564704000,109.47,109.65,105.83,107.09,10466910.0
1564963200,103.76,105.39,102.41,103.6,11745390.0
1565049600,105.0,106.0,104.48,105.03,7740468.0
1565136000,104.06,107.16,103.3,106.63,7622015.0
1565222400,107.35,108.14,106.08,106.79,7814988.0
1565308800,106.4,106.52,104.45,104.82,7777343.0
1565568000,104.01,104.3804,102.21,102.72,7897875.0
1565654400,103.39,106.7,102.6801,106.04,9909591.0
1565740800,104.17,105.13,102.44,103.27,9538834.0
1565827200,103.9,105.79,103.13,104.95,7049233.0
1565913600,106.08,106.61,105.55,106.16,5989174.0
1566172800,108.0,108.44,106.83,107.67,5721282.0
1566259200,107.91,108.58,107.02,107.37,4359576.0
1566345600,108.54,110.02,108.3975,109.82,5416562.0
1566432000,110.08,110.29,107.65,108.77,3864359.0
1566518400,108.93,110.14,105.51,106.04,7457331.0
1566777600,107.11,107.83,106.29,107.66,3669041.0
1566864000,108.39,108.72,106.95,107.45,4938397.0
1566950400,106.71,107.63,105.35,107.47,3256235.0
1567036800,108.96,109.76,108.78,109.21,3931033.0
1567123200,110.13,110.97,108.54,109.05,3958699.0
1567468800,107.92,108.86,106.46,106.75,4038074.0
1567555200,107.75,109.235,107.29,108.73,3691497.0
1567641600,110.0,111.63,109.51,111.46,5348782.0
1567728000,111.66,111.67,109.62,110.05,4676035.0
1567987200,110.62,110.77,103.9,105.43,10958990.0
1568073600,104.77,104.95,101.31,103.05,13428040.0
1568160000,104.15,104.48,103.11,104.02,7006282.0
1568246400,105.71,107.915,105.49,107.1,11585350.0
1568332800,106.66,107.29,105.25,107.0,8390194.0
1568592000,106.13,108.01,105.99,106.52,5215635.0
1568678400,106.81,107.8945,106.46,107.5,4115933.0
1568764800,107.78,107.8,103.73,105.6,6685977.0
1568851200,105.64,107.02,105.6,106.12,5247013.0
1568937600,104.71,105.46,103.91,104.64,10707880.0
1569196800,104.73,105.32,104.35,105.11,3396306.0
1569283200,105.41,106.1,102.73,103.69,6444130.0
1569369600,103.34,104.4626,101.54,104.14,5523936.0
1569456000,104.43,104.87,103.22,104.55,4780793.0
1569542400,104.87,105.17,101.1,102.2,7189838.0
1569801600,102.68,104.07,101.48,103.59,7512787.0
1569888000,104.0,104.6409,102.23,102.53,5746364.0
1569974400,101.81,101.83,99.3601,99.73,8011727.0
1570060800,99.54,101.31,98.61,101.03,5343141.0
1570147200,101.84,102.98,100.84,102.79,5534673.0
1570406400,102.11,102.607,101.52,101.62,3829056.0
1570492800,100.85,101.15,99.25,99.33,7398352.0
1570579200,99.44,100.69,99.385,99.89,5038850.0
1570665600,99.4,101.0,99.4,100.54,4561588.0
1570752000,101.78,103.96,101.47,101.58,4788311.0
1571011200,101.59,102.35,101.3674,101.75,3817790.0
1571097600,102.01,103.66,101.9,103.59,4629287.0
1571184000,103.0,103.23,101.9,103.09,4363705.0
1571270400,103.89,104.34,102.84,103.63,4019239.0
1571356800,103.92,104.32,100.75,101.22,7261238.0
1571616000,102.36,102.73,100.465,101.44,6917672.0
1571702400,101.36,101.95,97.115,97.36,11384720.0
1571788800,97.42,97.6,94.77,96.64,17459600.0
1571875200,106.075,106.98,103.19,104.91,23817910.0
1571961600,104.46,107.49,104.42,107.19,12070920.0
1572220800,107.99,108.46,106.45,106.6,7004191.0
1572307200,106.84,107.02,104.695,105.0,5420866.0
1572393600,105.29,106.6,103.96,106.5,4204919.0
1572480000,106.47,106.5,103.26,104.1,7200513.0
1572566400,104.7,105.3,103.93,104.98,5489839.0
1572825600,105.72,105.76,102.605,102.81,5818361.0
1572912000,103.05,103.25,100.285,100.99,9236156.0
1572998400,101.2,101.34,100.17,100.63,7332216.0
1573084800,100.94,101.72,100.29,100.47,9088435.0
1573171200,100.025,101.71,99.6,101.42,5451433.0
1573430400,101.04,103.04,100.66,102.67,5391050.0
1573516800,102.97,103.09,100.92,102.03,6715166.0
1573603200,102.0,103.6,101.63,102.12,5329359.0
1573689600,101.87,103.85,101.37,103.73,4980344.0
1573776000,104.35,104.48,103.105,104.2,5640361.0
1574035200,103.85,104.2,102.98,103.66,4831599.0
1574121600,104.08,106.17,104.0076,104.95,7960162.0
1574208000,105.22,105.38,103.12,104.09,5962021.0
1574294400,103.0,104.47,102.15,102.55,7525120.0
1574380800,102.92,103.23,100.72,101.77,6448811.0
1574640000,102.38,104.57,102.06,104.45,8338769.0
1574726400,104.8,106.78,104.5,106.2,13150050.0
1574812800,106.89,108.24,106.8,107.75,7555124.0
1574985600,107.97,108.39,106.9,108.01,4439511.0
1575244800,107.96,108.49,104.65,106.21,7185204.0
1575331200,105.0,106.13,104.51,105.59,9062795.0
1575417600,106.29,106.29,104.655,105.0,7849569.0
1575504000,105.45,105.5,104.11,104.59,5637586.0
1575590400,104.79,105.3435,104.16,104.34,7018440.0
1575849600,104.6,105.1,103.6,103.78,5681147.0
1575936000,103.77,104.13,103.26,103.62,5316693.0
1576022400,103.72,105.87,103.5902,105.51,5782111.0
1576108800,105.21,106.2199,104.13,105.67,6380433.0
1576195200,105.83,107.905,105.52,107.65,7001186.0
1576454400,108.4,109.828,108.35,109.57,8466723.0
1576540800,109.57,109.6,107.67,108.46,8168386.0
1576627200,108.86,109.47,107.76,107.83,6478284.0
1576713600,107.8,108.94,107.46,108.88,6590055.0
1576800000,109.28,109.62,108.13,108.75,9831071.0
1577059200,109.05,109.45,108.38,108.61,4659074.0
1577145600,108.64,109.26,108.38,108.69,1679950.0
1577318400,109.13,109.75,108.57,109.75,4050317.0
1577404800,110.167,110.18,108.9,109.4,3390317.0
1577664000,109.52,109.6,107.73,107.97,3769715.0
1577750400,107.54,108.45,107.2,108.17,4080618.0
1577923200,109.47,111.21,109.275,110.75,7419283.0
1578009600,109.49,110.42,108.76,108.76,7099931.0
1578268800,107.57,110.22,107.44,110.17,6766627.0
1578355200,111.5,111.56,109.53,109.67,6916836.0
1578441600,110.4,112.64,109.82,111.82,8295189.0
1578528000,112.99,113.56,111.59,112.57,5950181.0
1578614400,113.64,113.71,112.27,112.93,6965689.0
1578873600,113.98,115.88,113.86,115.28,9652847.0
1578960000,115.515,115.59,114.12,114.64,7182707.0
1579046400,115.14,115.95,114.61,114.85,5955223.0
1579132800,115.92,116.0,114.85,115.4,4793197.0
1579219200,116.45,116.7,115.47,116.04,9730424.0
1579564800,115.31,116.39,115.11,116.15,8746199.0
1579651200,116.73,117.45,115.47,115.5,5305308.0
1579737600,117.4,117.9398,115.8,117.89,8533941.0
1579824000,118.45,119.6,116.51,116.98,7123969.0
1580083200,113.63,115.98,112.31,115.24,7002260.0
1580169600,115.83,117.21,114.7154,116.52,6432992.0
1580256000,117.47,117.53,115.16,116.66,9255661.0
1580342400,112.79,117.2,112.42,117.12,13653350.0
1580428800,116.75,117.32,113.15,113.89,9467156.0
1580688000,114.3,117.24,114.05,116.51,8236584.0
1580774400,118.04,120.34,117.3,120.08,7396789.0
1580860800,121.2,122.19,118.891,119.72,7595345.0
1580947200,120.09,120.6,119.47,119.89,4020286.0
1581033600,119.6,119.67,118.41,118.88,4166262.0
1581292800,118.56,120.15,118.5,120.06,4868408.0
1581379200,120.76,121.0,118.4,118.84,4677447.0
1581465600,118.85,119.91,117.87,118.56,6482283.0
1581552000,118.04,121.1,117.8,120.51,6066472.0
1581638400,120.89,123.0,120.8,122.99,5769897.0
1581984000,122.58,122.99,121.68,122.27,5085799.0
1582070400,122.63,124.45,122.3,123.91,4878649.0
1582156800,123.86,124.31,120.4,122.43,7212911.0
1582243200,121.72,121.85,118.53,119.49,5896230.0
1582502400,114.29,116.79,113.52,116.44,10139310.0
1582588800,115.67,116.415,109.33,109.66,13636130.0
1582675200,109.81,112.63,108.6,109.11,10306930.0
1582761600,106.3,112.05,106.3,107.84,15461900.0
1582848000,104.26,108.73,103.72,107.99,17215990.0
1583107200,107.46,113.05,106.53,112.86,13366970.0
1583193600,112.82,114.56,108.26,109.76,11912280.0
1583280000,112.04,115.39,110.62,115.3,8245198.0
1583366400,112.03,114.9,111.24,112.18,7671457.0
1583452800,107.95,111.57,107.58,110.89,8524269.0
1583712000,102.72,106.99,99.71,101.63,12458890.0
1583798400,105.3,109.74,103.17,109.74,11748490.0
1583884800,106.65,107.75,101.98,103.9,10761020.0
1583971200,96.56,104.78,94.5,96.96,20114390.0
1584057600,100.52,110.6,99.78,110.15,19170560.0
1584316800,94.0,103.155,91.23,92.72,16204940.0
1584403200,94.5,101.08,90.52,97.87,17969390.0
1584489600,91.855,95.1,86.15,91.46,16073260.0
1584576000,91.56,98.06,87.04,93.69,12181580.0
1584662400,95.64,96.23,86.21,86.68,14874410.0
1584921600,86.29,88.15,82.07,85.26,12969720.0
1585008000,89.4,98.0,89.4,97.29,13936470.0
1585094400,97.43,100.42,95.27,95.71,11814370.0
1585180800,96.31,100.93,95.635,100.63,9452863.0
1585267200,97.0,97.105,93.06,93.48,11311960.0
1585526400,95.5,98.2599,94.37,97.03,8948597.0
1585612800,96.38,99.4314,94.87,95.74,9882034.0
1585699200,92.72,94.67,90.38,91.38,9628376.0
1585785600,91.1,94.6799,90.92,93.52,7077181.0
1585872000,92.79,92.95,89.88,92.39,7699462.0
1586131200,97.8,102.5,96.26,101.67,11998990.0
1586217600,105.255,106.23,99.9,100.28,10291510.0
1586304000,101.61,105.505,100.75,105.06,9385890.0
1586390400,105.63,108.7,104.78,105.84,10894920.0
1586736000,104.85,106.29,102.34,105.98,7716160.0
1586822400,109.0,110.98,107.93,109.785,8417858.0
1586908800,107.46,109.09,106.42,107.95,7821377.0
1586995200,109.5,109.525,106.57,108.31,9575624.0
1587081600,110.3,112.12,110.054,111.85,11069780.0
1587340800,110.9,114.3,110.025,112.17,10730720.0
1587427200,111.12,112.85,107.41,107.54,11736610.0
1587513600,110.29,116.0,109.91,115.19,12879850.0
1587600000,115.94,118.385,115.0,115.24,7563183.0
1587686400,115.47,120.47,115.4,120.18,10680410.0
1587945600,121.25,122.387,120.055,120.53,6678219.0
1588032000,121.66,122.0,115.9029,116.14,9192284.0
1588118400,119.3,124.03,118.645,123.58,9891526.0
1588204800,121.35,123.45,120.62,123.0,7569776.0
1588291200,119.85,122.7,119.43,120.61,5613832.0
1588550400,121.26,124.18,120.31,123.66,7674351.0
1588636800,124.94,127.94,124.85,125.43,9241882.0
1588723200,127.05,129.59,126.12,128.31,14031240.0
1588809600,139.92,147.2,139.28,146.29,35487920.0
1588896000,143.25,146.4,142.11,144.96,13169420.0
1589155200,142.96,145.27,142.18,143.96,10273370.0
1589241600,144.0,145.65,140.91,141.03,9757599.0
1589328000,140.2,145.1,139.61,143.73,11142640.0
1589414400,142.07,144.7,141.43,144.41,9272877.0
1589500800,142.9,145.89,141.63,145.51,8361165.0
1589760000,148.125,149.18,145.99,146.24,8580542.0
1589846400,146.75,149.72,145.22,145.39,7779063.0
1589932800,148.0,151.08,147.9,150.94,7811268.0
1590019200,150.58,150.74,148.04,148.22,5612696.0
1590105600,148.26,151.0,147.36,150.86,5724145.0
1590451200,154.12,154.55,146.29,147.0,10267530.0
1590537600,145.48,146.4,140.02,145.96,9554775.0
1590624000,144.73,151.945,144.51,148.79,10050680.0
1590710400,150.5,155.33,148.93,155.01,10156090.0
1590969600,154.9,155.97,153.05,154.53,5658288.0
1591056000,156.0,157.6,154.61,157.49,6344432.0
1591142400,157.49,158.271,155.12,156.78,6732830.0
1591228800,156.7,159.4799,153.635,154.6,7554487.0
1591315200,152.98,156.34,150.0,156.0,8446143.0
1591574400,154.28,156.21,153.11,156.09,5494431.0
1591660800,155.79,158.21,155.5949,156.86,7265620.0
1591747200,157.6,160.89,157.6,159.91,5881831.0
1591833600,158.34,159.5,152.915,153.04,9041718.0
1591920000,157.06,157.21,151.89,155.26,7038068.0
1592179200,152.63,157.92,152.22,157.55,5117394.0
1592265600,160.19,162.83,158.3,161.22,6539467.0
1592352000,162.84,164.9597,161.66,163.83,5582620.0
1592438400,164.72,168.83,164.31,168.05,8583734.0
1592524800,170.6,171.12,164.01,164.36,11332670.0
1592784000,165.58,170.9,165.55,170.26,7793821.0
1592870400,172.0,175.4,170.4,172.79,7693874.0
1592956800,170.595,173.48,164.29,168.0,8931751.0
1593043200,169.0,172.78,168.19,172.5,6650737.0
1593129600,173.71,173.71,168.6,170.87,8158658.0
1593388800,171.48,171.48,165.56,168.35,5423702.0
1593475200,170.7,174.69,169.41,174.23,6831902.0
1593561600,174.625,178.2348,172.56,177.43,6869584.0
1593648000,179.69,179.8,176.72,177.21,5943623.0
1593993600,180.29,181.24,174.46,176.18,8348329.0
1594080000,177.69,179.95,176.31,177.28,5529363.0
1594166400,178.89,182.64,178.5,181.57,7233512.0
1594252800,183.4,183.99,179.15,183.23,6340005.0
1594339200,181.63,182.52,177.13,178.4,7583166.0
1594598400,180.42,180.66,170.74,171.51,10234780.0
1594684800,168.75,172.6,164.33,172.3,10624490.0
1594771200,172.99,173.36,169.01,172.06,6659704.0
1594857600,169.9,171.34,166.4998,169.81,6630594.0
1594944000,171.5,174.56,169.54,173.92,7353955.0
1595203200,174.65,179.64,172.68,178.82,6025037.0
1595289600,179.25,179.46,174.32,175.58,5701784.0
1595376000,176.16,179.49,175.73,178.42,4669007.0
1595462400,178.15,180.75,171.94,173.86,6999615.0
1595548800,171.08,173.6,169.08,172.56,6256092.0
1595808000,173.92,178.46,172.39,177.98,6868784.0
1595894400,178.01,179.58,176.0102,176.27,6125669.0
1595980800,178.45,185.44,178.27,184.6,15436640.0
1596067200,191.81,198.6599,189.1314,192.51,16803590.0
1596153600,193.05,196.35,191.69,196.07,10865370.0
1596412800,198.25,199.4,195.22,197.07,7961646.0
1596499200,196.35,199.1,195.5206,197.33,5771585.0
1596585600,199.0,204.23,198.09,202.91,7573326.0
1596672000,202.0,204.16,198.88,204.09,5821425.0
1596758400,203.71,203.9509,196.7,198.63,6525299.0
1597017600,198.7,199.85,191.69,193.32,8792199.0
1597104000,192.0,193.535,186.52,189.03,9155292.0
1597190400,190.0,192.51,189.4,191.32,7939997.0
1597276800,192.1,195.13,191.48,193.07,10082360.0
1597363200,195.19,195.4687,190.51,191.46,4847965.0
1597622400,193.92,197.42,193.25,196.29,6279277.0
1597708800,197.73,198.75,194.0,194.57,5362472.0
1597795200,195.06,196.84,191.92,192.44,6865340.0
1597881600,192.06,198.7,191.51,198.18,6772962.0
1597968000,197.93,199.0999,196.22,196.79,6092535.0
1598227200,200.0,201.0988,196.57,198.88,5404075.0
1598313600,198.49,201.96,196.24,201.67,5108202.0
1598400000,202.53,205.35,200.25,203.48,6072171.0
1598486400,206.81,207.0,202.3,204.34,6051898.0
1598572800,205.4159,205.4159,202.42,204.48,4581319.0
1598832000,203.7,205.2523,202.2984,204.14,5628727.0
1598918400,205.59,209.8799,205.145,208.93,6237911.0
1599004800,211.622,212.45,204.6,210.82,7219494.0
1599091200,205.69,206.59,194.95,204.99,16006890.0
1599177600,200.985,201.84,182.85,191.84,17034110.0
1599523200,184.7,191.75,184.7,185.95,9282378.0
1599609600,191.0,195.75,187.3,194.6,8541960.0
1599696000,196.09,198.22,187.84,190.09,6580655.0
1599782400,191.462,192.1,180.93,184.0,8110351.0
1600041600,186.0,188.6,184.38,186.96,7053058.0
1600128000,190.05,190.45,184.18,186.02,7763369.0
1600214400,187.095,189.34,180.67,180.91,8174799.0
1600300800,176.63,178.74,173.79,175.79,11840100.0
1600387200,176.7,178.25,171.63,176.07,13557240.0
1600646400,174.84,183.45,174.08,183.21,13765630.0
1600732800,186.79,188.06,182.185,187.78,8939288.0
1600819200,188.39,188.47,181.1,181.61,6782378.0
1600905600,180.17,184.9,179.6,182.19,7374516.0
1600992000,182.4,187.92,180.13,187.25,7606454.0
1601251200,191.0,192.47,188.09,192.02,7590637.0
1601337600,192.64,195.78,191.11,194.5,6766102.0
1601424000,194.06,198.72,193.311,197.03,7939637.0
1601510400,199.26,201.27,196.2205,196.94,7268872.0
1601596800,192.73,196.21,189.25,191.91,6546430.0
1601856000,193.55,196.91,192.16,196.85,5024054.0
1601942400,196.13,197.37,190.88,191.66,5921767.0
1602028800,193.91,195.71,193.33,194.61,4228748.0
1602115200,196.75,196.87,192.67,193.06,5582626.0
1602201600,194.36,197.35,192.6,197.27,7082372.0
1602460800,199.87,204.08,196.6323,201.51,10603250.0
1602547200,202.44,209.02,200.11,207.74,8145300.0
1602633600,208.204,208.948,200.5,203.6,8591824.0
1602720000,199.99,203.48,198.128,203.14,7630531.0
1602806400,204.44,207.47,202.22,204.45,9663990.0
1603065600,205.52,207.23,199.1,200.06,6566682.0
1603152000,201.14,205.47,200.31,201.96,4867725.0
1603238400,208.3,215.83,206.02,213.07,17247190.0
1603324800,211.9,212.34,202.1403,203.93,12398290.0
1603411200,206.24,206.24,201.21,203.04,6644745.0
1603670400,200.66,203.89,195.05,197.22,7715998.0
1603756800,198.79,201.32,197.72,200.43,4754359.0
1603843200,196.96,198.39,191.5,192.31,8050042.0
1603929600,194.08,197.59,192.31,195.04,7627102.0
1604016000,193.29,195.33,182.92,186.13,12041240.0
1604275200,189.01,192.705,185.05,187.76,14386020.0
1604361600,177.94,188.75,174.81,179.81,31655970.0
1604448000,186.76,195.0,184.1102,194.29,16106950.0
1604534400,202.3,204.92,199.37,204.56,15188530.0
1604620800,204.6,204.92,198.55,202.73,8075064.0
1604880000,195.74,196.07,184.44,184.72,18986390.0
1604966400,184.98,186.71,178.6,183.36,13144320.0
1605052800,187.498,193.1,186.4,192.34,9151685.0
1605139200,193.95,194.9,188.43,189.1,7103620.0
1605225600,191.1069,191.7299,186.85,188.62,6020699.0
1605484800,185.19,192.38,183.54,191.94,10127760.0
1605571200,192.13,194.63,190.63,192.3,6448805.0
1605657600,192.59,192.95,189.54,190.12,8095357.0
1605744000,190.82,192.75,189.57,190.9,9391530.0
1605830400,192.47,194.73,190.96,192.67,11518660.0
1606089600,194.53,202.16,193.92,200.82,12019990.0
1606176000,204.0,207.0791,198.86,206.0,14781560.0
1606262400,206.29,216.07,206.23,214.46,13817470.0
1606435200,213.2,213.84,208.62,211.39,5363151.0
1606694400,212.51,215.83,207.09,214.12,12976150.0
1606780800,217.15,220.57,214.3401,216.54,10146960.0
1606867200,215.6,215.75,210.5,212.56,7537366.0
1606953600,213.33,216.93,213.11,214.54,7645193.0
1607040000,214.88,218.553,213.01,217.77,6214640.0
1607299200,217.39,219.32,216.31,217.93,5363365.0
1607385600,216.325,218.72,215.57,216.94,5419592.0
1607472000,217.0,218.94,209.25,210.8,7807532.0
1607558400,208.36,216.23,206.65,215.34,6556822.0
1607644800,213.39,215.0,210.4203,214.06,4283354.0
1607904000,215.95,223.16,215.0,220.79,9759424.0
1607990400,221.93,222.31,217.12,221.6,6508117.0
1608076800,224.8,231.15,224.61,230.2,10110030.0
1608163200,234.51,238.1,232.4,235.51,8914060.0
1608249600,236.66,237.17,232.28,236.45,11534720.0
1608508800,232.62,239.7514,232.2013,237.72,8156045.0
1608595200,240.165,243.68,238.09,243.49,6340935.0
1608681600,243.6,244.25,238.33,239.44,6421336.0
1608768000,240.36,242.12,238.09,238.64,3053752.0
1609113600,243.5,243.5,235.25,235.73,7079520.0
1609200000,236.0,236.25,229.68,231.03,8316075.0
1609286400,232.19,233.84,230.02,231.51,6017643.0
1609372800,232.0,234.69,229.69,234.2,5002663.0
1609718400,237.8,237.9969,227.5348,231.92,8148695.0
1609804800,230.47,235.64,229.8,234.91,5047831.0
1609891200,228.94,232.49,225.7021,226.83,9211701.0
1609977600,229.46,235.6,229.22,235.04,7107892.0
1610064000,237.43,242.91,236.0687,242.46,6767739.0
1610323200,238.04,240.84,234.09,237.5,5073071.0
1610409600,237.62,238.8,233.83,237.64,4145557.0
1610496000,236.57,247.44,236.54,244.9,7354936.0
1610582400,246.87,249.85,241.54,242.06,6976718.0
1610668800,242.25,244.5632,235.0341,239.79,8373333.0
1611014400,243.3,248.74,241.0,247.25,7436752.0
1611100800,248.85,249.65,244.14,244.26,5803248.0
1611187200,246.67,250.37,243.58,248.64,10336550.0
1611273600,246.65,254.39,246.2,252.0,7800506.0
1611532800,253.8,254.39,242.22,247.75,8499384.0
1611619200,246.9,248.76,240.03,241.0,7882985.0
1611705600,234.7,235.4,225.0,229.94,11787020.0
1611792000,235.0,241.555,232.21,237.79,8295538.0
1611878400,238.65,240.87,232.66,234.31,9805849.0
1612137600,238.37,244.14,235.4,241.85,7788173.0
1612224000,243.61,250.19,240.53,249.1,7082835.0
1612310400,253.96,254.315,247.39,251.9,13545700.0
1612396800,265.34,274.94,260.85,270.43,23840860.0
1612483200,268.61,270.0,264.71,269.44,7978598.0
1612742400,276.88,282.6989,274.6235,282.17,10084300.0
1612828800,280.38,286.89,276.51,284.2,8696995.0
1612915200,285.1,286.08,278.401,283.18,9364487.0
1613001600,287.33,302.1,281.6,285.03,21371110.0
1613088000,292.64,299.34,289.32,298.37,11882180.0
1613433600,306.4,309.14,298.18,304.79,13597700.0
1613520000,297.63,301.5,290.56,297.2,9879846.0
1613606400,291.13,292.97,285.03,290.81,9715481.0
1613692800,292.12,293.94,285.46,286.92,9413810.0
1613952000,281.42,285.0,273.29,273.85,13132450.0
1614038400,259.69,267.25,252.56,265.0,20440280.0
1614124800,266.105,268.6662,259.1001,266.07,10839980.0
1614211200,262.76,266.0,251.42,253.94,13403260.0
1614297600,257.45,261.86,253.1142,259.85,11915230.0
1614556800,268.895,274.54,265.72,273.63,10558510.0
1614643200,275.96,277.5,268.91,269.19,8484874.0
1614729600,265.02,267.6599,253.25,255.06,10841760.0
1614816000,251.76,254.8,232.27,239.07,18878780.0
1614902400,243.12,243.748,223.09,239.05,16830230.0
1615161600,239.0,241.33,225.65,226.09,13340270.0
1615248000,240.98,244.44,236.04,241.76,12071200.0
1615334400,249.31,249.96,241.27,242.07,9507992.0
1615420800,247.12,254.92,246.53,253.83,9234249.0
1615507200,249.49,251.548,244.3026,250.35,7609684.0
1615766400,251.418,252.0,246.79,249.98,7065138.0
1615852800,253.42,254.78,247.55,249.31,7370425.0
1615939200,245.84,254.4611,242.9,251.47,6340146.0
1616025600,246.46,247.27,237.8,238.41,9331202.0
1616112000,239.63,243.15,237.13,241.28,10555120.0
1616371200,242.03,246.95,240.85,244.385,5790225.0
1616457600,245.55,246.84,242.25,243.77,5093181.0
1616544000,244.49,244.97,233.76,234.27,6097320.0
1616630400,232.63,235.34,227.52,234.24,8846639.0
1616716800,233.619,241.31,232.3,241.03,8217621.0
1616976000,241.58,243.2,233.61,235.67,7510936.0
1617062400,236.88,238.36,232.6301,236.54,6241995.0
1617148800,238.11,245.23,237.27,242.84,7633372.0
1617235200,248.04,252.6492,246.04,247.54,6990135.0
1617580800,250.51,251.76,245.7,251.02,5744396.0
1617667200,251.65,255.0,249.5,253.19,5580356.0
1617753600,253.075,259.22,251.07,255.6,7243248.0
1617840000,260.16,265.0,258.17,264.5,9059072.0
1617926400,262.98,266.94,261.38,266.77,6689731.0
1618185600,265.39,270.33,262.59,269.03,6681204.0
1618272000,271.267,276.87,271.0,275.43,7284375.0
1618358400,275.84,277.86,266.2,267.21,8507211.0
1618444800,271.36,276.12,270.16,274.0,7542765.0
1618531200,273.16,274.15,268.59,269.87,6061589.0
1618790400,267.13,268.5,263.9,267.91,5258204.0
1618876800,269.62,272.58,262.24,264.43,6208389.0
1618963200,261.41,266.0,259.27,264.89,4669053.0
1619049600,265.13,268.16,259.4,262.27,5983169.0
1619136000,260.97,267.79,260.97,266.03,6299063.0
1619395200,266.66,271.75,265.92,271.72,5327779.0
1619481600,272.05,273.82,268.03,268.82,4296187.0
1619568000,268.758,275.25,267.17,271.09,5530309.0
1619654400,273.26,273.87,263.53,267.85,5663677.0
1619740800,265.0,266.1499,261.6,262.29,6594463.0
1620000000,265.06,265.8,256.18,259.09,7522024.0
1620086400,255.73,256.8,246.6501,250.16,9217267.0
1620172800,254.92,254.92,246.245,247.4,9507304.0
1620259200,256.0,256.3094,245.11,252.02,17998730.0
1620345600,255.92,258.64,251.64,253.36,10170020.0
1620604800,252.015,252.41,243.45,243.63,8909232.0
1620691200,235.0,250.5553,233.61,248.6,9258171.0
1620777600,240.589,246.5,238.82,239.91,8649753.0
1620864000,241.92,245.68,237.8,240.8,7274043.0
1620950400,244.019,247.12,242.27,246.29,6729725.0
1621209600,245.15,246.24,240.6,244.36,5175465.0
1621296000,243.5,247.435,242.655,243.21,4726795.0
1621382400,235.86,245.34,235.11,244.63,7210456.0
1621468800,246.99,252.93,245.35,251.54,8112928.0
1621555200,253.801,255.21,250.41,250.69,6842155.0
1621814400,254.13,257.6,252.43,257.17,6370095.0
1621900800,258.5,260.37,257.2801,258.65,6048116.0
1621987200,259.78,262.32,259.16,261.37,5405262.0
1622073600,259.86,260.64,256.28,259.47,7051206.0
1622160000,261.07,263.15,259.87,260.02,4281832.0
1622505600,261.08,263.42,256.52,259.27,5869632.0
1622592000,260.48,264.7799,259.58,262.17,6801808.0
1622678400,258.4,260.98,256.15,257.79,4947147.0
1622764800,259.514,263.46,259.15,263.04,4086113.0
1623024000,262.48,262.94,260.19,260.6,3979778.0
1623110400,261.574,264.55,260.565,263.15,4427016.0
1623196800,265.0,268.1994,263.26,263.6,4652997.0
1623283200,263.07,269.65,261.69,269.47,6055717.0
1623369600,268.75,271.8999,268.4,271.45,4494584.0
1623628800,271.9,274.97,270.6,274.93,5174233.0
1623715200,274.73,274.73,270.68,271.89,5371069.0
1623801600,271.4502,275.1603,265.3099,268.82,6874616.0
1623888000,268.5,279.3718,268.46,278.11,8071052.0
1623974400,275.3,286.38,274.86,283.38,14713400.0
1624233600,283.279,284.305,276.725,283.1,7287754.0
1624320000,281.7,287.46,280.22,286.75,6049410.0
1624406400,285.94,288.55,284.78,288.12,4966741.0
1624492800,290.18,296.01,289.64,293.21,7160286.0
1624579200,292.6,292.87,287.8,289.6,6616873.0
1624838400,290.85,294.26,289.78,293.65,5058605.0
1624924800,292.97,295.18,291.53,292.76,4333201.0
1625011200,291.53,292.6999,289.51,291.48,4235983.0
1625097600,290.33,291.9,285.76,289.0,5652486.0
1625184000,290.94,292.4299,288.92,290.24,4171502.0
1625529600,290.035,294.526,289.52,292.64,5043522.0
1625616000,294.9,299.3087,291.91,297.13,6713925.0
1625702400,292.1,295.8651,289.46,295.05,5911952.0
1625788800,296.41,300.83,295.0,300.21,5543262.0
1626048000,302.37,303.5,298.56,302.97,5455983.0
1626134400,302.19,307.82,298.75,301.19,7235032.0
1626220800,303.01,304.81,299.3301,300.75,4848213.0
1626307200,300.86,301.18,294.14,296.51,4943528.0
1626393600,297.23,298.75,294.44,294.63,4268899.0
1626652800,292.35,295.0693,288.81,294.85,5681478.0
1626739200,295.515,300.03,291.57,298.07,5424096.0
1626825600,296.49,301.83,296.2,301.77,5497140.0
1626912000,302.021,304.57,301.87,303.69,3601476.0
1626998400,305.76,309.475,304.2,308.53,4231088.0
1627257600,309.66,310.16,305.23,306.8,3805925.0
1627344000,305.5,306.34,294.89,300.48,6938396.0
1627430400,300.74,302.43,296.78,301.98,9184958.0
1627516800,285.37,289.0,281.6,283.17,18236970.0
1627603200,280.245,280.5,274.21,275.53,11693280.0
1627862400,276.885,276.885,270.4302,270.99,10082820.0
1627948800,272.06,274.54,269.57,273.5,8323049.0
1628035200,274.0711,276.0931,270.67,275.5,6616877.0
1628121600,277.1,280.96,275.82,280.67,7354195.0
1628208000,280.0,282.3699,276.87,279.54,6086327.0
1628467200,280.22,281.1,277.46,278.15,3822996.0
1628553600,278.94,280.49,272.5,274.37,6264118.0
1628640000,277.442,278.235,273.13,276.41,5785928.0
1628726400,274.25,276.805,273.06,274.59,4513787.0
1628812800,276.17,276.81,274.61,274.91,4097209.0
1629072000,273.73,279.19,273.56,278.28,5285791.0
1629158400,275.25,275.545,269.08,271.1,7966077.0
1629244800,271.01,272.77,268.48,268.84,4830905.0
1629331200,267.19,272.0099,266.6033,270.58,5119910.0
1629417600,269.54,273.935,269.54,272.96,4179531.0
1629676800,275.75,278.29,273.02,276.98,5507500.0
1629763200,278.93,279.58,276.5086,279.51,3542641.0
1629849600,279.8157,279.8296,276.77,277.69,4392583.0
1629936000,277.89,278.68,273.52,273.62,3626405.0
1630022400,274.03,278.89,273.67,278.33,3916952.0
1630281600,279.61,290.406,279.08,288.47,14631050.0
1630368000,290.93,292.65,284.34,288.66,8911799.0
1630454400,290.1,290.9,286.36,286.75,5568281.0
1630540800,288.9,288.9,285.25,285.53,4647112.0
1630627200,285.03,290.38,284.4,289.13,5287970.0
1630972800,290.41,293.68,288.04,293.26,6789751.0
1631059200,296.55,296.7,283.33,285.23,11039280.0
1631145600,287.45,289.37,285.08,286.88,4169970.0
1631232000,288.6,289.0,284.11,284.32,3816588.0
1631491200,286.72,287.19,277.8,280.49,4836471.0
1631577600,281.844,283.17,279.71,282.24,4216695.0
1631664000,284.21,285.75,279.5,282.43,4056783.0
1631750400,281.04,283.69,280.39,282.97,3606742.0
1631836800,282.18,282.5,275.92,276.34,8117226.0
1632096000,271.55,273.0,265.68,269.91,7728307.0
1632182400,271.75,272.2986,267.8,269.49,4326076.0
1632268800,270.46,273.47,266.5,272.34,5574070.0
1632355200,274.45,279.95,273.78,279.1,5409581.0
1632441600,276.02,278.33,274.69,278.11,3985813.0
1632700800,274.78,276.78,272.1855,273.39,4614852.0
1632787200,269.895,271.44,261.68,262.19,8352372.0
1632873600,263.51,264.46,256.89,259.0,6829064.0
1632960000,259.65,263.47,258.73,260.21,5329257.0
1633046400,261.455,265.82,260.11,264.65,4560448.0
1633305600,261.838,262.57,251.59,255.01,7267168.0
1633392000,255.22,262.77,253.59,260.15,6326587.0
1633478400,256.29,264.39,256.03,264.06,4615285.0
1633564800,265.95,268.6933,263.07,263.54,5276445.0
1633651200,264.955,265.47,259.8,260.06,4095908.0
1633910400,257.93,260.66,254.69,255.05,5031650.0
1633996800,256.0,257.97,253.78,255.85,4289324.0
1634083200,258.73,261.24,254.245,256.36,6024050.0
1634169600,261.5,267.41,260.2,266.45,7855106.0
1634256000,268.7006,269.7209,265.44,268.35,5007867.0
1634515200,266.39,270.44,264.71,270.33,4367137.0
1634601600,271.01,273.27,269.835,271.7,3985909.0
1634688000,273.0,273.51,253.1,258.36,31271740.0
1634774400,258.61,258.96,242.98,243.21,42508930.0
1634860800,243.73,246.66,239.75,240.4,24170920.0
1635120000,254.955,255.52,245.82,246.88,23046730.0
1635206400,249.45,249.88,241.01,243.0,14404290.0
1635292800,243.85,244.6899,233.92,234.94,19043910.0
1635379200,237.0,237.94,232.78,236.83,14288270.0
1635465600,235.43,238.9,231.71,232.59,13010820.0
1635724800,232.7,233.55,230.19,231.28,14054940.0
1635811200,232.54,232.761,227.8,229.46,12676710.0
1635897600,228.33,230.9,225.3101,230.38,14177950.0
1635984000,231.61,231.92,225.0,228.22,14158860.0
1636070400,230.0,230.42,224.6,225.78,16665650.0
1636329600,227.96,230.97,226.25,229.42,23213880.0
1636416000,212.4,212.4,200.68,205.42,63995080.0
1636502400,204.1,208.2,202.78,204.64,23585950.0
1636588800,207.92,208.31,201.56,202.03,17712090.0
1636675200,203.25,210.02,201.4835,208.3,20954570.0
1636934400,212.22,214.2091,210.71,212.54,17433100.0
1637020800,214.89,215.97,211.77,215.67,16697520.0
1637107200,211.145,213.97,203.35,206.27,23095570.0
1637193600,206.99,207.5,199.2,200.5,19980110.0
1637280000,202.19,202.5,193.0701,193.61,24607530.0
1637539200,193.62,193.9,184.275,189.48,29956600.0
1637625600,189.155,190.79,185.2,188.05,20004540.0
1637712000,187.0,189.64,184.74,188.71,13359140.0
1637884800,188.38,193.0,186.83,187.79,11080420.0
1638144000,188.92,189.9,182.43,187.24,16308220.0
1638230400,186.47,188.825,180.5,184.89,21144290.0
1638316800,187.77,190.35,179.15,179.32,19542920.0
1638403200,180.105,188.8,179.73,187.15,20422680.0
1638489600,187.73,187.8,179.29,183.93,20737540.0
1638748800,183.41,186.07,179.2,184.86,13303430.0
1638835200,188.67,192.828,188.43,191.02,17772720.0
1638921600,191.95,197.69,190.09,197.35,14433210.0
1639008000,196.06,196.42,191.44,191.75,11550680.0
1639094400,192.94,194.15,186.8,188.51,11908150.0
1639353600,187.5,190.2,185.3,186.38,11812190.0
1639440000,183.74,189.1434,182.78,186.8,11414170.0
1639526400,185.12,191.1,183.67,190.66,11278510.0
1639612800,194.166,195.24,188.251,188.75,12326080.0
1639699200,187.005,187.84,181.99,186.2,18899850.0
1639958400,182.53,184.4061,181.67,182.68,10906780.0
1640044800,183.18,189.29,183.08,189.14,12515480.0
1640131200,189.16,191.77,188.039,191.68,9541564.0
1640217600,192.47,192.9561,190.25,192.01,7762002.0
1640563200,192.39,193.92,191.08,192.01,8357284.0
1640649600,192.19,194.0,189.11,190.1,7974873.0
1640736000,190.03,191.27,187.83,189.97,7038696.0
1640822400,189.61,193.95,188.91,191.88,9634832.0
1640908800,191.45,192.23,188.4,188.58,7360352.0
1641168000,191.41,196.0,189.95,194.94,12797800.0
1641254400,196.0,196.0998,188.19,191.14,14197970.0
1641340800,189.865,194.25,187.15,187.16,13227640.0
1641427200,185.52,195.0,185.07,192.27,14206260.0
1641513600,190.02,193.125,186.3,187.6,12627270.0
1641772800,185.75,185.75,177.4,182.95,14701570.0
1641859200,182.99,192.85,182.62,191.52,12867650.0
1641945600,189.7,191.45,185.28,187.2,13588820.0
1642032000,187.78,190.84,180.35,181.01,12779860.0
1642118400,179.15,182.0,175.4,178.42,14374450.0
1642464000,176.96,179.68,174.0,174.46,12735480.0
1642550400,174.35,177.28,172.6,173.55,13715750.0
1642636800,175.01,179.88,173.04,173.28,13992540.0
1642723200,171.8,172.96,163.3,163.54,20050950.0
1642982400,156.11,162.4482,152.08,162.17,23702210.0
1643068800,159.8,160.91,155.27,158.2,13268100.0
1643155200,162.09,165.33,155.49,156.98,15966500.0
1643241600,159.432,162.55,156.54,158.11,12657010.0
1643328000,158.37,163.64,156.79,163.52,9861663.0
1643587200,164.44,172.16,163.22,171.94,14260030.0
1643673600,172.77,176.2,170.53,175.8,23286880.0
1643760000,139.89,139.9,129.01,132.57,136264000.0
1643846400,129.95,131.45,123.85,124.3,52101230.0
1643932800,124.39,126.7,121.4,126.08,33103480.0
1644192000,126.58,129.42,120.5,121.41,30384510.0
1644278400,121.02,123.3299,118.55,120.26,30862690.0
1644364800,122.21,123.9721,119.81,122.94,29475580.0
1644451200,121.54,125.28,118.48,119.02,30012630.0
1644537600,119.65,120.89,114.73,115.29,24624880.0
1644796800,113.62,116.63,113.0,114.12,22786950.0
1644883200,115.415,116.4,114.01,115.46,19007630.0
1644969600,114.7,114.79,110.38,110.54,28938690.0
1645056000,109.99,111.41,104.99,105.2,33972160.0
1645142400,106.0,106.741,103.03,103.65,28157410.0
1645488000,102.15,105.08,101.71,103.17,28422160.0
1645574400,105.02,105.55,100.595,100.72,25263640.0
1645660800,94.74,105.26,94.5,105.02,35400630.0
1645747200,106.15,111.1,104.53,110.94,33806880.0
1646006400,110.31,113.535,108.93,111.93,25719350.0
1646092800,112.73,112.75,105.561,106.51,19597680.0
1646179200,105.61,107.23,103.69,106.61,17023540.0
1646265600,107.66,107.75,100.86,101.34,20330760.0
1646352000,100.24,102.39,98.62,99.91,20159120.0
1646611200,99.57,100.33,93.5,93.61,26529920.0
1646697600,93.04,98.6,92.25,94.9,25130950.0
1646784000,98.12,100.73,97.29,100.22,20811250.0
1646870400,99.05,99.32,96.4,98.55,14703200.0
1646956800,99.75,99.82,95.52,96.57,15141670.0
1647216000,96.045,100.64,94.63,96.87,20988850.0
1647302400,98.675,100.57,96.05,100.46,18032860.0
1647388800,102.38,107.94,101.89,107.92,24840490.0
1647475200,106.56,112.18,106.47,112.16,21950820.0
1647561600,111.53,119.38,110.23,118.77,31997830.0
1647820800,117.22,117.5,112.5,114.65,19888870.0
1647907200,114.65,119.35,114.65,117.87,16746090.0
1647993600,115.53,117.36,114.09,114.65,14430570.0
1648080000,115.82,116.19,113.32,116.05,13546670.0
1648166400,116.04,116.19,112.09,113.76,12378260.0
1648425600,114.0,117.1,112.36,116.17,13867980.0
1648512000,118.65,121.55,116.97,121.18,15918410.0
1648598400,122.325,122.81,118.03,118.49,16513340.0
1648684800,118.105,118.89,115.59,115.65,13928290.0
1648771200,116.0,118.24,115.04,116.67,11037800.0
1649030400,117.06,122.32,116.88,121.86,15292250.0
1649116800,122.83,122.918,117.2025,117.65,12778750.0
1649203200,115.26,115.52,110.86,112.49,16288880.0
1649289600,111.52,114.34,110.1,113.04,12471330.0
1649376000,112.26,113.24,110.25,111.21,10521850.0
1649635200,109.75,111.395,108.44,109.81,10706640.0
1649721600,111.64,112.74,107.75,108.25,12493550.0
1649808000,102.59,105.95,102.29,105.17,26481920.0
1649894400,105.08,105.7,102.06,102.31,16125790.0
1650240000,102.05,103.0,99.135,100.58,15342450.0
1650326400,100.0,104.86,99.91,103.66,12768110.0
1650412800,101.95,101.95,94.43,94.9,26487030.0
1650499200,96.135,97.61,88.81,89.4,27204150.0
1650585600,89.295,90.25,85.98,86.03,21052960.0
1650844800,85.325,87.93,84.42,87.78,15683360.0
1650931200,86.77,86.8652,83.57,83.7,17205300.0
1651017600,83.57,86.605,82.12,82.61,24669830.0
1651104000,85.06,93.18,84.37,92.09,42836610.0
1651190400,91.0,94.51,87.75,87.93,24872400.0
1651449600,87.55,92.49,86.82,91.53,21340460.0
1651536000,91.48,92.25,90.04,90.71,15227640.0
1651622400,90.25,92.85,87.12,92.72,15850560.0
1651708800,90.73,90.73,84.17,85.43,22066470.0
1651795200,85.32,85.37,80.9,81.68,21369330.0
1652054400,79.89,82.14,78.85,79.53,25513690.0
1652140800,81.71,82.27,76.13,78.75,21126340.0
1652227200,77.75,80.39,75.02,75.17,16770240.0
1652313600,73.75,76.56,71.8312,74.29,29360960.0
1652400000,76.37,79.19,76.37,78.83,17111400.0
1652659200,78.59,79.06,76.1884,77.65,15432310.0
1652745600,79.89,81.285,77.31,79.75,12677440.0
1652832000,78.6,79.9383,76.77,77.18,15955290.0
1652918400,76.83,82.31,76.83,81.28,19779340.0
1653004800,83.71,83.77,77.56,80.54,16887350.0
1653264000,80.44,82.06,79.28,81.18,12309250.0
1653350400,79.89,80.0,77.2,78.65,13309570.0
1653436800,77.96,80.78,77.25,80.12,14075390.0
1653523200,80.37,81.3,79.751,80.42,21681860.0
1653609600,81.16,85.42,80.74,85.21,16874050.0
1653955200,84.705,86.5915,83.14,85.21,15499960.0
1654041600,85.47,86.77,81.85,82.48,11019070.0
1654128000,82.22,88.61,82.22,88.32,17299830.0
1654214400,86.68,88.1,85.7,86.53,11808260.0
1654473600,87.96,88.99,86.4,86.81,12471990.0
1654560000,85.1,88.82,84.52,88.59,10423790.0
1654646400,88.32,89.32,86.89,87.51,9129602.0
1654732800,86.81,88.13,84.07,84.11,11771460.0
1654819200,80.43,81.46,78.25,79.3,19130860.0
1655078400,76.03,78.13,73.46,73.72,19674410.0
1655164800,74.3,75.08,71.455,72.46,19289260.0
1655251200,73.47,77.1,72.39,75.83,17165610.0
1655337600,73.33,74.065,70.71,71.23,14404310.0
1655424000,71.33,73.6599,70.47,72.9,17231100.0
1655769600,74.51,75.0,72.28,72.37,14934770.0
1655856000,71.87,74.575,71.3788,72.97,13590710.0
1655942400,73.27,74.0,71.56,73.81,16986790.0
1656028800,74.79,78.66,74.39,77.68,29843840.0
1656288000,77.99,78.45,75.32,75.94,11657200.0
1656374400,75.68,76.92,71.6121,71.82,15005630.0
1656460800,71.212,72.15,69.7701,71.47,11344510.0
1656547200,70.82,70.89,67.58,69.84,14264680.0
1656633600,69.84,71.7,69.66,71.4,9727264.0
1656979200,70.18,74.485,68.76,74.4,12833150.0
1657065600,74.83,75.4,72.63,73.24,9436619.0
1657152000,73.18,75.15,72.77,75.04,10739770.0
1657238400,73.12,74.76,71.83,73.43,11734550.0
1657497600,72.66,73.28,70.0698,70.47,10875730.0
1657584000,70.46,72.51,70.46,71.43,12294870.0
1657670400,69.22,72.07,68.51,71.36,12037030.0
1657756800,70.52,70.85,68.71,69.55,9822455.0
1657843200,70.53,74.0,70.25,73.91,14155260.0
1658102400,75.118,76.56,73.61,74.13,14053060.0
1658188800,75.46,77.9,74.32,77.74,11531790.0
1658275200,76.88,80.31,76.85,80.24,13929310.0
1658361600,79.79,84.13,79.72,82.75,17900450.0
1658448000,82.65,84.51,80.35,81.05,12379720.0
1658707200,80.85,82.28,79.04,81.65,11218980.0
1658793600,80.03,80.22,76.71,77.04,13245430.0
1658880000,83.1,87.02,81.36,86.42,30554900.0
1658966400,85.54,86.5,83.35,85.86,12476470.0
1659052800,86.52,87.62,84.82,86.53,12115700.0
1659312000,87.05,89.21,85.2701,88.565,11710240.0
1659398400,87.11,90.67,86.91,89.63,19673920.0
1659484800,101.14,101.9465,97.27,97.92,53766790.0
1659571200,97.9,98.41,94.47,96.98,20145870.0
1659657600,95.24,96.99,94.41,95.32,12281470.0
1659916800,96.35,98.94,95.32,96.26,19557490.0
1660003200,95.45,95.78,93.61,94.48,12357240.0
1660089600,98.09,99.0,96.36,98.91,17077240.0
1660176000,101.12,101.95,98.55,99.11,16441160.0
1660262400,100.548,101.78,100.01,101.1,12320900.0
1660521600,100.72,102.22,100.47,101.51,10125640.0
1660608000,102.57,103.03,100.16,102.08,14123790.0
1660694400,100.05,101.0,99.02,99.42,10651080.0
1660780800,98.752,100.63,97.16,99.86,11268500.0
1660867200,97.89,98.43,95.9,96.56,11274740.0
1661126400,94.05,95.295,93.13,93.58,12384440.0
1661212800,93.03,95.29,92.38,93.2,11397490.0
1661299200,93.12,95.77,93.02,93.76,8957716.0
1661385600,94.14,96.76,93.95,96.72,8169067.0
1661472000,96.895,97.455,92.63,92.7,12286550.0
1661731200,91.025,93.97,90.95,92.66,11062920.0
1661817600,93.28,94.52,90.75,91.8,8773014.0
1661904000,95.435,96.3799,93.23,93.44,14585800.0
1661990400,92.252,92.86,89.7937,92.66,10452120.0
1662076800,93.71,94.07,90.61,91.13,8673540.0
1662422400,91.16,92.2073,89.811,91.615,9198934.0
1662508800,91.88,95.555,91.76,94.97,9529736.0
1662595200,93.6,96.377,93.37,96.17,10113260.0
1662681600,96.2,97.27,95.66,96.23,12029620.0
1662940800,97.28,99.3,96.85,97.65,11236260.0
1663027200,94.19,97.36,93.8,95.01,15105420.0
1663113600,96.76,97.845,95.53,97.66,15117190.0
1663200000,95.1,98.98,95.02,96.4,15043050.0
1663286400,94.9,94.95,91.85,94.0,17490490.0
1663545600,93.0,95.145,92.63,95.03,10977460.0
1663632000,92.13,93.51,90.395,91.63,15905800.0
1663718400,93.07,95.64,91.13,91.18,14457880.0
1663804800,90.855,91.5,87.1,87.66,12996950.0
1663891200,86.92,87.63,85.68,86.97,12175890.0
1664150400,87.065,89.08,84.13,84.26,16936400.0
1664236800,85.35,87.695,84.58,85.75,11627600.0
1664323200,85.83,91.65,85.56,91.12,14925950.0
1664409600,89.67,90.5599,87.71,88.7,10772530.0
1664496000,87.95,89.52,85.98,86.07,10641930.0
1664755200,87.53,88.06,85.445,87.18,10416300.0
1664841600,89.55,93.0,89.5,92.79,11239530.0
1664928000,91.02,94.61,90.99,93.83,9803544.0
1665014400,93.22,95.57,93.22,94.42,8652282.0
1665100800,92.18,92.82,89.685,90.17,9229569.0
1665360000,87.38,87.85,84.235,84.52,20930470.0
1665446400,84.09,84.82,79.82,83.09,16098550.0
1665532800,83.54,85.17,82.32,83.81,11069270.0
1665619200,79.352,84.785,79.3501,84.04,15397920.0
1665705600,84.26,85.52,80.29,80.47,11764570.0
1665964800,82.705,84.83,82.63,84.66,19583270.0
1666051200,87.418,87.75,84.615,85.29,9921587.0
1666137600,84.36,85.76,83.3072,84.47,8590109.0
1666224000,84.68,87.6,84.0,84.78,10581860.0
1666310400,83.624,85.13,82.35,83.94,14423800.0
1666569600,84.55,84.6,80.86,83.32,13298960.0
1666656000,86.17,89.68,85.96,89.24,18001400.0
1666742400,88.1,91.34,87.92,88.55,12109440.0
1666828800,88.55,89.71,87.1,87.35,10785790.0
1666915200,86.09,87.4194,84.19,86.25,16005730.0
1667174400,85.51,86.25,82.47,83.58,17709490.0
1667260800,85.0,86.14,83.055,83.11,10269670.0
1667347200,83.11,84.22,79.39,79.45,13037410.0
1667433600,78.15,78.72,75.29,76.55,26962900.0
1667520000,75.0,75.31,71.168,75.18,41464860.0
1667779200,76.53,78.18,76.12,77.66,18061470.0
1667865600,78.15,83.23,78.05,81.13,19481300.0
1667952000,80.02,80.25,78.09,78.68,14327580.0
1668038400,84.11,86.9,83.11,86.8,20122070.0
1668124800,86.52,92.0,86.46,91.03,19916730.0
1668384000,90.16,91.37,88.92,89.51,10910630.0
1668470400,92.49,92.62,89.28,89.86,14515680.0
1668556800,89.62,89.71,85.48,87.04,17049820.0
1668643200,84.615,87.34,83.51,85.64,11250080.0
1668729600,86.86,87.28,84.43,84.92,9371737.0
1668988800,84.26,84.795,80.57,80.63,13839650.0
1669075200,80.14,80.16,76.05,79.91,17402560.0
1669161600,79.52,80.99,78.735,80.75,8851732.0
1669334400,80.6,80.75,79.416,80.08,4634524.0
1669593600,79.93,82.92,79.64,79.93,11288000.0
1669680000,79.23,80.75,77.26,77.64,15491090.0
1669766400,77.7,79.11,75.32,78.41,25747320.0
1669852800,79.11,80.7455,78.14,78.53,15188970.0
1669939200,76.82,77.06,74.52,74.66,24238440.0
1670198400,74.01,75.49,72.825,73.62,18317160.0
1670284800,73.38,73.84,71.35,72.23,14692570.0
1670371200,71.68,75.34,71.01,74.42,24695640.0
1670457600,75.09,75.86,73.79,74.22,13151070.0
1670544000,73.95,74.59,73.34,73.57,11781650.0
1670803200,73.135,74.065,72.8,73.8,13652850.0
1670889600,77.04,77.81,73.1,73.7,20069620.0
1670976000,73.7,74.335,71.59,72.63,18298760.0
1671062400,71.29,71.66,69.44,69.77,17639940.0
1671148800,69.4,70.86,68.45,69.26,25735160.0
1671408000,69.06,69.6,67.75,68.95,15329990.0
1671494400,68.385,70.13,68.13,68.76,9470903.0
1671580800,68.81,70.19,68.07,69.21,13861600.0
1671667200,68.54,68.818,66.385,68.57,16488170.0
1671753600,68.05,69.2499,67.71,69.03,9990400.0
1672099200,68.96,69.24,67.68,68.33,10323750.0
1672185600,68.12,69.47,67.2917,67.55,8897589.0
1672272000,68.39,70.74,68.22,70.56,13142960.0
1672358400,69.48,71.26,69.06,71.22,10175660.0
1672704000,73.69,75.26,73.38,74.58,27974220.0
1672790400,76.11,78.48,75.43,77.69,19144650.0
1672876800,77.3,77.32,75.65,76.27,11113760.0
1672963200,76.77,77.06,73.95,76.48,14167910.0
1673222400,77.0,78.765,76.53,77.08,12966060.0
1673308800,76.9,78.02,76.5,77.92,10436050.0
1673395200,78.67,79.19,77.82,78.54,10640360.0
1673481600,79.01,80.3,77.1,79.78,9381907.0
1673568000,78.525,79.809,78.03,79.48,8624660.0
1673913600,80.14,80.665,78.88,80.18,11261760.0
1674000000,79.8,80.75,77.1213,77.31,13601920.0
1674086400,76.261,77.42,75.96,76.75,10023410.0
1674172800,77.012,79.1,75.9001,79.09,12193170.0
1674432000,77.83,79.72,76.66,79.5,17407320.0
1674518400,79.38,80.39,78.11,79.58,9491264.0
1674604800,78.56,79.55,77.3,79.1,9463413.0
1674691200,80.08,80.9,78.556,80.81,10566030.0
1674777600,80.56,82.5348,80.32,81.83,10889090.0
1675036800,80.87,81.3598,79.535,79.64,10301040.0
1675123200,79.7,82.47,79.61,81.49,15730270.0
1675209600,81.34,83.6,79.58,82.91,13221620.0
1675296000,86.72,88.625,84.65,86.96,16906580.0
1675382400,85.39,87.84,85.2,85.52,14786880.0
1675641600,83.33,83.8,82.135,82.33,14175940.0
1675728000,82.06,83.67,80.8226,83.23,13520770.0
1675814400,82.35,82.61,79.62,79.72,13569310.0
1675900800,81.73,81.8,78.095,78.42,25473870.0
1675987200,79.37,82.85,78.6,80.8,37521050.0
1676246400,80.65,80.71,78.44,79.45,15898540.0
1676332800,79.0,79.3727,76.3,77.26,18801980.0
1676419200,76.53,78.79,76.05,77.91,14511550.0
1676505600,76.87,78.72,76.54,76.73,11461790.0
1676592000,76.2,76.33,73.59,74.66,15855720.0
1676937600,73.71,75.57,73.682,75.24,14537400.0
1677024000,75.36,76.28,74.885,75.48,9526680.0
1677110400,75.89,76.28,73.6259,75.19,9292018.0
1677196800,73.5,74.03,72.98,73.55,12317670.0
1677456000,74.32,74.565,73.46,73.77,8579281.0
1677542400,73.53,74.34,73.13,73.6,8607417.0
1677628800,73.63,74.22,73.25,73.82,7699553.0
1677715200,72.624,74.3699,72.6,74.1,7736316.0
1677801600,74.16,76.32,74.09,76.29,10040040.0
1678060800,76.94,77.76,76.36,76.78,9608557.0
1678147200,76.54,77.38,74.79,74.91,9680412.0
1678233600,75.16,76.2,74.35,75.84,9467869.0
1678320000,76.96,79.2651,75.725,75.93,17398180.0
1678406400,75.94,75.94,73.1,73.43,13123840.0
1678665600,72.622,73.97,71.0856,72.61,14049000.0
1678752000,74.075,74.67,72.675,73.24,12491520.0
1678838400,72.11,73.94,71.77,73.91,10548730.0
1678924800,73.435,74.505,72.52,74.35,11652240.0
1679011200,73.95,75.065,72.4783,72.99,27210440.0
1679270400,73.0,74.14,72.02,73.21,16888460.0
1679356800,74.14,76.84,74.07,76.72,12327580.0
1679443200,76.86,77.115,74.24,74.34,11641250.0
1679529600,72.95,74.51,71.71,72.56,18567640.0
1679616000,71.92,73.9,71.53,73.88,9181929.0
1679875200,74.815,75.17,73.18,73.3,11908870.0
1679961600,73.1,73.59,71.86,72.7,9252414.0
1680048000,73.21,74.3,73.0,74.18,8746697.0
1680134400,74.93,75.18,73.9001,74.39,8429763.0
1680220800,74.51,76.03,74.12,75.94,8378585.0
1680480000,75.625,75.92,74.705,75.29,8911724.0
1680566400,75.46,75.69,74.73,75.26,8949082.0
1680652800,75.11,75.11,73.115,73.61,10812730.0
1680739200,73.27,75.0,72.28,74.96,10524540.0
1681084800,74.46,74.855,73.46,74.52,7591754.0
1681171200,76.03,76.44,73.21,73.58,14190880.0
1681257600,73.94,75.7,73.35,73.5,10422320.0
1681344000,73.71,75.56,73.56,75.52,8724140.0
1681430400,75.2,76.735,75.15,76.53,8902653.0
1681689600,76.835,77.95,76.55,77.33,9717635.0
1681776000,77.71,77.94,76.2101,76.42,7558905.0
1681862400,75.3,75.94,74.1,75.32,8888295.0
1681948800,74.4,74.97,73.47,73.58,8847643.0
1682035200,73.4,74.24,72.92,74.18,8591139.0
1682294400,74.41,74.8725,73.38,74.29,7460807.0
1682380800,73.9,74.29,71.76,71.78,10255780.0
1682467200,71.21,72.765,71.03,72.06,9068775.0
1682553600,73.0,74.37,72.96,74.27,11420110.0
1682640000,74.24,76.05,73.92,76.0,10718870.0
1682899200,76.03,76.5,74.97,75.11,6857876.0
1682985600,74.82,75.06,71.93,72.28,12766950.0
1683072000,72.41,72.99,71.35,71.43,11865700.0
1683158400,71.77,73.05,71.755,71.81,10230510.0
1683244800,72.96,75.08,72.94,74.97,11954240.0
1683504000,75.71,76.38,74.915,75.52,22864050.0
1683590400,69.53,69.68,65.85,65.905,68702550.0
1683676800,66.5,66.59,62.78,63.38,46309070.0
1683763200,63.45,64.375,62.64,64.18,27903280.0
1683849600,64.1,64.18,61.31,61.69,28711130.0
1684108800,61.75,62.7292,61.58,62.25,20633510.0
1684195200,61.8,61.9751,60.75,60.8,17517510.0
1684281600,61.15,61.7199,60.4,61.46,19938700.0
1684368000,61.46,61.655,60.46,61.27,19820500.0
1684454400,61.9,61.95,60.708,60.92,19398050.0
1684713600,60.95,63.15,60.65,63.03,20220610.0
1684800000,63.03,63.3,61.84,62.0,16815490.0
1684886400,61.65,62.215,61.23,61.8,14790300.0
1684972800,61.74,61.74,59.315,59.37,24461260.0
1685059200,59.5,60.6072,58.95,60.22,20666750.0
1685404800,61.04,62.19,59.55,62.05,21356720.0
1685491200,61.84,63.215,61.17,61.99,27790810.0
1685577600,62.41,63.61,61.83,63.05,16686200.0
1685664000,63.74,64.395,63.562,63.96,16438700.0
1685923200,64.07,64.98,63.505,64.51,13498340.0
1686009600,64.43,65.175,64.23,65.02,13039250.0
1686096000,65.25,65.32,63.55,64.04,15511860.0
1686182400,64.2,64.695,63.985,64.24,13568480.0
1686268800,64.0,64.06,62.43,63.49,17151730.0
1686528000,63.6,64.26,63.12,63.73,15969490.0
1686614400,63.55,64.24,63.13,63.56,19963420.0
1686700800,64.14,65.1,63.025,63.6,24028140.0
1686787200,63.12,66.21,62.63,65.85,21527730.0
1686873600,65.95,67.15,65.2202,66.43,29703730.0
1687219200,67.13,69.2,66.78,68.89,31379160.0
1687305600,68.945,69.02,67.22,68.19,23910590.0
1687392000,67.52,68.645,67.06,68.57,16872540.0
1687478400,67.415,68.16,65.85,66.94,27683810.0
1687737600,66.87,67.58,66.41,66.44,12224360.0
1687824000,66.87,67.1,65.78,66.23,16371200.0
1687910400,66.05,66.48,65.62,66.03,15390590.0
1687996800,66.3,67.34,65.62,65.86,14894150.0
1688083200,66.09,66.975,65.75,66.73,16907130.0
1688342400,67.12,68.63,66.84,68.1,8599363.0
1688515200,68.04,68.9,67.0,68.85,13980550.0
1688601600,67.71,67.85,65.63,66.14,17458840.0
1688688000,66.19,67.66,65.98,66.79,12341810.0
1688947200,66.8,69.36,66.69,69.28,14871990.0
1689033600,69.64,70.73,69.41,70.62,14798990.0
1689120000,71.72,71.87,70.2801,70.59,14458460.0
1689206400,71.37,72.735,71.0,72.39,14536260.0
1689292800,72.66,72.98,71.92,72.1,12202240.0
1689552000,72.52,73.78,71.96,73.49,13168840.0
1689638400,73.48,74.41,73.26,74.37,11915020.0
1689724800,74.47,75.04,73.9,74.22,12167230.0
1689811200,72.82,74.68,72.8,73.02,14221130.0
1689897600,72.73,73.62,71.83,72.99,25514980.0
1690156800,73.04,73.97,73.015,73.69,8854191.0
1690243200,73.68,74.3,72.94,72.96,8535991.0
1690329600,72.89,73.76,72.41,73.43,11332510.0
1690416000,74.33,75.055,71.81,72.03,11836590.0
1690502400,73.04,74.19,72.96,73.98,10191930.0
1690761600,74.9,76.54,74.74,75.82,15661100.0
1690848000,76.19,76.28,74.56,75.53,14658690.0
1690934400,74.38,74.99,72.5,73.2,24567820.0
1691020800,66.7,66.93,64.1,64.18,51387330.0
1691107200,64.8,64.97,62.6585,62.75,25279500.0
1691366400,63.02,64.75,62.2,64.42,23738030.0
1691452800,63.77,63.99,62.49,63.19,17683730.0
1691539200,63.1,63.39,61.93,62.02,13788670.0
1691625600,62.6,63.05,62.075,62.79,13119080.0
1691712000,62.27,62.5,61.47,61.54,12419260.0
1691971200,62.15,63.44,61.68,63.27,22668030.0
1692057600,62.76,62.77,59.4,59.47,32003470.0
1692144000,59.44,60.185,59.26,59.68,16592740.0
1692230400,59.01,59.195,58.15,58.6,20616660.0
1692316800,57.39,59.8,57.29,59.42,19035890.0
1692576000,59.46,59.7689,58.75,59.51,14133680.0
1692662400,59.92,61.315,59.61,60.98,17364190.0
1692748800,61.28,62.37,60.93,61.76,13105370.0
1692835200,61.69,61.92,60.621,60.71,12846930.0
1692921600,60.99,61.6,60.08,61.19,11150110.0
1693180800,61.59,61.96,61.03,61.67,10459260.0
1693267200,61.63,62.74,61.53,62.5,11627640.0
1693353600,62.38,63.47,62.1204,63.42,12040990.0
1693440000,62.72,63.41,62.45,62.51,13840230.0
1693526400,63.13,63.65,62.7327,63.57,11715190.0
1693872000,63.38,64.18,63.035,63.74,12739130.0
1693958400,63.12,63.84,62.68,62.8,13621280.0
1694044800,62.0,62.09,61.12,61.65,12712690.0
1694131200,61.58,61.81,60.31,60.98,15373810.0
1694390400,61.73,62.26,61.27,61.93,12280060.0
1694476800,61.88,63.69,61.76,62.81,12224290.0
1694563200,62.81,63.32,62.165,62.84,9426567.0
1694649600,63.89,64.6,63.31,64.44,14564690.0
1694736000,64.66,65.73,63.91,64.21,21843530.0
1694995200,63.35,63.515,62.75,62.94,14049970.0
1695081600,62.1,62.42,61.4518,62.19,11446550.0
1695168000,62.56,62.62,60.83,60.86,11138920.0
1695254400,59.95,60.305,58.614,58.62,15360970.0
1695340800,59.02,59.19,57.835,57.88,12756720.0
1695600000,57.54,58.9,57.512,58.86,11493780.0
1695686400,58.3,59.225,58.23,58.93,11111930.0
1695772800,59.05,59.57,56.53,57.34,19171000.0
1695859200,57.41,58.46,57.02,58.18,11387580.0
1695945600,58.85,59.33,58.07,58.46,10550330.0
1696204800,58.62,59.64,58.005,58.56,12961470.0
1696291200,57.89,58.65,57.12,57.3,12013960.0
1696377600,58.11,58.655,57.31,58.57,11019570.0
1696464000,58.39,58.66,57.26,57.48,13037220.0
1696550400,56.83,58.2482,55.86,57.77,18348600.0
1696809600,56.995,58.09,56.3175,57.96,10376590.0
1696896000,57.96,58.5,57.41,57.72,17455200.0
1696982400,58.11,58.89,57.58,58.07,10866200.0
1697068800,58.09,58.105,56.24,56.355,13497060.0
1697155200,56.5,56.88,55.53,55.75,12064800.0
1697414400,56.11,57.08,55.81,57.0,14267720.0
1697500800,56.51,57.59,56.49,57.16,10325230.0
1697587200,56.53,57.0972,55.705,55.8,10514530.0
1697673600,55.66,56.4,54.7,54.81,16298550.0
1697760000,53.99,54.47,53.34,53.39,20982460.0
1698019200,52.92,54.125,52.65,53.45,13629380.0
1698105600,53.88,54.61,53.59,54.24,9733911.0
1698192000,52.55,52.78,51.23,51.49,22784060.0
1698278400,51.5,52.25,51.06,51.75,17045580.0
1698364800,51.51,51.67,50.25,50.39,18382710.0
1698624000,50.95,51.445,50.575,51.05,13168910.0
1698710400,51.09,51.89,50.8,51.8,12942520.0
1698796800,51.91,52.1985,51.095,51.66,25259740.0
1698883200,55.05,55.4297,52.55,55.06,35348000.0
1698969600,55.42,56.27,55.3784,56.1,18742120.0
1699228800,56.65,56.72,54.185,54.62,17246770.0
1699315200,54.44,55.04,54.05,54.63,13038540.0
1699401600,54.33,55.83,53.55,55.08,20518510.0
1699488000,55.8,56.03,54.15,54.28,12568730.0
1699574400,54.34,54.825,53.8691,54.77,9685048.0
1699833600,54.44,54.72,53.98,54.39,11861100.0
1699920000,55.49,57.185,55.42,56.68,16775390.0
1700006400,57.002,58.555,56.99,58.25,15222140.0
1700092800,57.96,58.27,56.55,56.82,12748590.0
1700179200,56.8691,56.955,56.3512,56.54,12145870.0
1700438400,56.54,57.235,56.26,56.99,11416280.0
1700524800,56.55,56.63,55.275,55.4,13728990.0
1700611200,55.79,56.7386,55.62,56.34,11456890.0
1700784000,56.0,56.13,55.5501,55.76,6846559.0
1701043200,56.0,56.97,55.71,56.39,15183840.0
1701129600,56.47,58.7,56.13,58.47,23957900.0
1701216000,59.23,60.2,57.91,57.97,19258340.0
1701302400,58.05,58.1041,57.05,57.61,19039360.0
1701388800,57.63,59.81,57.45,59.65,18435700.0
1701648000,59.43,60.38,59.24,59.85,14107890.0
1701734400,59.31,59.465,57.32,57.92,21506490.0
1701820800,57.83,60.46,57.75,59.53,25245570.0
1701907200,59.09,59.15,58.12,58.48,17422360.0
1701993600,58.26,59.74,57.4,58.94,15467510.0
1702252800,59.1,59.8,58.96,59.04,12082680.0
1702339200,59.39,59.39,58.135,58.89,13845510.0
1702425600,58.73,61.89,58.54,61.73,19128150.0
1702512000,62.94,64.13,61.2101,61.87,27947290.0
1702598400,62.37,62.37,60.82,61.26,24010960.0
1702857600,61.42,61.73,60.855,61.47,13800150.0
1702944000,61.79,63.28,61.72,63.01,19929040.0
1703030400,62.95,63.965,61.67,61.74,17421040.0
1703116800,62.205,62.45,61.59,62.06,12195060.0
1703203200,62.17,62.73,61.58,61.84,13175440.0
1703548800,61.95,62.685,61.86,62.56,9940638.0
1703635200,62.67,62.8346,62.11,62.68,11112300.0
1703721600,62.62,63.5,62.45,63.08,11233450.0
1703808000,63.0,63.16,61.15,61.41,16807370.0
1704153600,61.22,62.1599,60.43,61.46,15248450.0
1704240000,60.7,60.75,58.35,58.63,21245800.0
1704326400,58.02,59.065,57.44,58.45,16680400.0
1704412800,57.74,60.37,57.64,60.12,17420160.0
1704672000,60.4,61.92,60.06,61.74,14264440.0
1704758400,60.28,62.02,60.12,61.05,14877310.0
1704844800,60.95,61.43,60.29,60.96,10137890.0
1704931200,60.65,61.495,60.08,61.35,11900700.0
1705017600,61.8,61.908,60.74,61.0,9282572.0
1705363200,60.05,60.24,58.095,58.45,20907070.0
1705449600,57.42,59.98,56.471,59.89,29527410.0
1705536000,60.49,62.47,60.12,62.09,25339450.0
1705622400,63.0,66.21,62.26,65.82,38264630.0
1705881600,68.022,68.21,63.22,63.74,44006890.0
1705968000,64.525,65.73,64.18,64.78,19883750.0
1706054400,65.99,66.0,62.96,63.02,21694060.0
1706140800,63.46,64.33,58.9,60.71,43452620.0
1706227200,60.32,62.2662,60.01,61.78,18430730.0
1706486400,61.2,63.79,60.9,63.76,15913850.0
1706572800,62.9,64.5,62.07,63.68,18786110.0
1706659200,63.0,63.4,61.19,61.35,15623060.0
1706745600,61.51,62.06,60.6423,62.02,13449400.0
1706832000,61.79,62.72,61.0,62.42,14618910.0
1707091200,62.0,62.0779,61.3,61.54,10223340.0
1707177600,62.03,63.73,61.62,63.71,17564320.0
1707264000,64.54,64.9,62.85,63.24,33211330.0
1707350400,57.98,58.59,55.77,56.13,68272670.0
1707436800,56.205,59.22,56.1601,58.91,31421420.0
1707696000,58.61,60.615,58.42,60.09,21768230.0
1707782400,57.88,58.7301,57.86,58.26,19540230.0
1707868800,58.595,59.015,57.63,58.87,16520620.0
1707955200,58.86,60.245,58.06,59.7,13321040.0
1708041600,58.86,59.75,58.4501,59.14,12195810.0
1708387200,58.23,59.0299,58.19,58.63,12399530.0
1708473600,58.08,58.45,57.145,57.48,13424270.0
1708560000,57.77,58.64,57.37,58.35,17292990.0
1708646400,58.85,59.4301,58.2301,59.16,13356990.0
1708905600,58.93,60.175,58.71,59.33,11065550.0
1708992000,59.57,60.24,59.44,60.16,11467610.0
1709078400,59.7,60.9,59.44,60.25,9851606.0
1709164800,60.6,61.8657,60.015,60.34,17117340.0
1709251200,60.53,61.64,60.21,60.54,17590440.0
1709510400,60.41,60.6,58.86,59.98,17125210.0
1709596800,59.51,60.83,57.87,58.27,18056680.0
1709683200,58.75,58.92,57.91,58.12,17187420.0
1709769600,58.46,59.055,57.95,58.5,19447860.0
1709856000,58.72,59.5603,58.242,59.01,18283480.0
1710115200,59.0,60.2197,58.945,60.08,11172680.0
1710201600,59.8,60.475,59.296,60.03,13485070.0
1710288000,59.98,63.3,59.81,62.45,19983380.0
1710374400,62.51,64.2,62.21,63.0,19342010.0
1710460800,62.6,63.83,62.43,62.85,20039970.0
1710720000,63.12,64.76,63.1,64.23,14219880.0
1710806400,63.77,64.05,62.8,63.01,9089319.0
1710892800,63.58,65.36,63.115,65.05,12641430.0
1710979200,65.3,66.99,65.05,66.14,14022130.0
1711065600,66.44,67.25,64.75,64.77,10208060.0
1711324800,64.8,66.385,64.8,66.0,10224310.0
1711411200,66.74,67.97,66.5,66.67,14826400.0
1711497600,67.72,68.21,66.14,66.57,10591210.0
1711584000,66.87,67.72,66.43,66.99,10775820.0
1711929600,67.0,67.361,65.0,65.03,9840525.0
1712016000,63.95,64.84,63.55,64.66,10329270.0
1712102400,64.48,65.455,64.41,65.34,7176112.0
1712188800,65.99,66.36,64.34,64.54,9933370.0
1712275200,64.7,65.47,64.06,65.15,8062301.0
1712534400,65.53,66.7,65.33,66.34,8421432.0
1712620800,66.95,67.26,66.385,67.0,8459879.0
1712707200,65.12,66.19,65.05,65.88,8566270.0
1712793600,65.845,66.3775,64.68,65.8,8785482.0
1712880000,65.38,65.97,64.16,64.59,9933991.0
1713139200,65.06,65.47,63.25,63.51,11008660.0
1713225600,62.99,64.21,62.92,63.43,9912670.0
1713312000,63.78,63.97,62.58,63.26,8000869.0
1713398400,63.85,64.03,61.95,62.1,9240022.0
1713484800,62.0,62.4601,61.725,62.31,13177880.0
1713744000,63.04,63.635,62.48,63.19,9958232.0
1713830400,63.38,64.7,63.2,64.43,9912958.0
1713916800,64.11,65.09,64.02,64.84,8189112.0
1714003200,63.47,64.4005,62.95,64.1,11711240.0
1714089600,64.13,66.3,63.75,65.96,14200890.0
1714348800,66.0,67.55,66.0,66.99,19142390.0
1714435200,70.0,70.6618,67.22,67.92,43903400.0
1714521600,67.0,67.8,65.49,66.14,17966530.0
1714608000,66.7,67.44,65.83,66.98,14480560.0
1714694400,67.64,67.89,64.72,65.7,15435160.0
1714953600,66.0,66.1,64.95,65.61,11257560.0
1715040000,66.08,66.77,65.77,65.92,9232204.0
1715126400,65.46,65.7,63.77,63.81,11183820.0
1715212800,63.87,64.47,63.41,64.45,8368668.0
1715299200,64.59,64.94,62.88,62.93,8745768.0
1715558400,63.435,64.43,63.19,63.95,7311644.0
1715644800,64.39,64.86,64.27,64.58,7556453.0
1715731200,65.11,65.53,63.48,63.9,10972600.0
1715817600,63.59,64.43,63.4201,64.1,8113565.0
1715904000,64.08,64.71,63.845,64.48,8204812.0
1716163200,64.528,65.035,63.77,64.77,6429049.0
1716249600,64.39,64.69,63.7,64.1,6576018.0
1716336000,63.79,63.91,61.845,62.19,14532240.0
1716422400,62.54,62.685,61.2201,61.58,10533410.0
1716508800,61.95,62.06,61.27,61.64,8176776.0
1716854400,62.3,62.87,61.75,62.17,11159560.0
1716940800,61.23,61.59,60.85,61.05,8142812.0
1717027200,62.77,63.34,62.13,62.51,11874710.0
1717113600,62.73,63.56,61.77,62.99,14269040.0
1717372800,63.04,63.52,62.58,63.46,9039816.0
1717459200,63.14,64.13,63.03,63.33,9046058.0
1717545600,63.76,63.81,62.85,63.53,8846106.0
1717632000,64.285,67.82,64.17,67.02,22068790.0
1717718400,66.5,68.2985,66.2,67.3,13194960.0
1717977600,66.97,67.49,65.8,67.09,11978820.0
1718064000,67.13,67.15,64.405,64.77,15108670.0
1718150400,65.46,65.86,62.9,63.43,14137510.0
1718236800,63.12,63.625,61.52,61.54,11985380.0
1718323200,61.29,61.64,60.31,60.635,10366040.0
1718582400,60.37,60.64,59.4805,60.13,13558490.0
1718668800,59.92,60.11,59.03,59.12,13500310.0
1718841600,59.25,60.0,58.79,59.8,12928490.0
1718928000,59.92,60.76,59.67,60.61,18888290.0
1719187200,60.0,60.56,59.46,59.49,10464730.0
1719273600,59.57,59.57,58.97,59.33,9359170.0
1719360000,59.74,59.75,58.03,58.26,12599370.0
1719446400,58.48,58.49,57.21,58.37,11648920.0
1719532800,58.32,58.76,57.9,58.03,28102010.0
1719792000,58.36,58.365,57.03,57.81,12237470.0
1719878400,58.78,59.27,58.32,58.97,13231570.0
1719964800,59.03,60.01,58.895,59.64,6908317.0
1720137600,59.38,60.16,58.83,59.76,12243850.0
1720396800,59.72,60.0299,58.63,59.09,10320360.0
1720483200,58.9,59.7,58.42,59.0,8477370.0
1720569600,59.09,59.31,58.2,58.9,7697110.0
1720656000,59.55,60.93,59.43,59.99,13081970.0
1720742400,60.39,60.52,59.78,60.27,8166185.0
1721001600,60.25,61.02,59.82,60.47,9442989.0
1721088000,60.8,62.02,60.68,61.81,9198845.0
1721174400,61.11,61.84,60.655,61.24,8322110.0
1721260800,60.55,61.33,59.94,60.0,9102024.0
1721347200,59.81,59.83,58.75,59.33,9352934.0
1721606400,59.9,60.79,59.52,60.77,7489501.0
1721692800,60.72,60.95,59.69,59.71,7572010.0
1721779200,59.55,59.66,57.98,58.07,11801730.0
1721865600,58.16,58.65,57.2,57.22,12515750.0
1721952000,57.6,58.31,56.97,58.29,11323430.0
1722211200,58.5,59.1,58.07,58.94,12346840.0
1722297600,62.775,65.06,62.43,64.0,44232790.0
1722384000,65.0,66.99,64.17,65.78,25825920.0
1722470400,65.78,67.3,65.02,65.31,19086360.0
1722556800,64.0,64.04,60.89,61.98,23117060.0
1722816000,60.7,61.055,58.65,60.46,17445400.0
1722902400,60.6,63.58,60.3,62.75,14358870.0
1722988800,63.345,65.01,62.64,62.74,13464350.0
1723075200,63.55,64.675,63.1,64.28,9761208.0
1723161600,64.8,65.5,64.47,64.72,8605324.0
1723420800,64.95,65.13,63.285,63.46,7519467.0
1723507200,64.0,65.64,63.72,65.11,8638603.0
1723593600,65.06,66.39,64.66,66.14,8944776.0
1723680000,67.16,68.12,67.05,67.94,12968280.0
1723766400,67.37,68.55,67.37,67.96,9526778.0
1724025600,68.22,69.46,68.17,69.43,9578068.0
1724112000,70.0,72.56,69.43,71.89,23545970.0
1724198400,72.065,72.77,70.87,71.46,10455490.0
1724284800,71.74,73.25,70.92,71.52,11811120.0
1724371200,72.0,72.0699,70.84,71.7,8222231.0
1724630400,72.07,73.03,71.67,72.04,9062957.0
1724716800,71.75,72.35,71.3,71.59,9396932.0
1724803200,71.27,71.5899,70.025,70.43,9277660.0
1724889600,71.4,73.93,71.25,73.16,13181590.0
1724976000,73.51,73.69,71.76,72.43,9634963.0
1725321600,71.755,72.9484,71.4,72.0,8571345.0
1725408000,71.605,73.24,71.59,72.61,8368990.0
1725494400,73.66,74.4,71.015,72.03,11473840.0
1725580800,71.94,72.05,68.55,68.89,12315820.0
1725840000,70.392,70.65,68.25,69.35,11869340.0
1725926400,69.34,69.74,67.15,68.85,12317450.0
1726012800,69.16,69.7,67.76,69.35,12344870.0
1726099200,69.14,70.38,69.04,70.36,8376713.0
1726185600,70.04,70.6202,69.8601,70.1,7572594.0
1726444800,70.46,71.24,70.0699,71.07,6494997.0
1726531200,71.93,72.17,71.12,71.77,6187212.0
1726617600,71.45,73.87,71.36,73.12,13498160.0
1726704000,75.0,78.245,74.81,77.57,21662380.0
1726790400,77.31,77.57,75.462,76.76,27274650.0
1727049600,77.53,78.8,77.35,77.67,12839810.0
1727136000,77.88,78.83,77.67,78.34,14724840.0
1727222400,78.23,79.26,77.34,77.36,13822400.0
1727308800,78.945,80.43,78.47,80.08,13316660.0
1727395200,80.4,80.6299,77.73,77.88,11575280.0
1727654400,77.87,78.5952,77.24,78.03,6853835.0
1727740800,78.21,79.01,76.39,77.47,10608720.0
1727827200,77.47,77.77,76.18,77.44,8073322.0
1727913600,76.53,77.4,76.04,77.31,9121261.0
1728000000,78.16,79.53,77.985,79.36,10083590.0
1728259200,79.29,80.49,78.615,80.26,9206569.0
1728345600,79.99,81.3999,79.575,81.16,8618496.0
1728432000,80.88,82.0,80.85,81.65,6925969.0
1728518400,79.94,80.075,78.53,78.98,11326110.0
1728604800,79.54,80.7263,79.16,80.51,7744777.0
1728864000,80.34,80.98,79.82,80.67,5865449.0
1728950400,80.15,81.06,78.65,79.55,7291606.0
1729036800,79.81,80.85,79.45,80.82,5434792.0
1729123200,80.75,80.9,79.225,79.82,8653971.0
1729209600,79.5,80.97,78.94,80.94,8844338.0
1729468800,80.315,81.36,80.04,80.56,7450264.0
1729555200,80.05,81.42,80.04,80.91,7571253.0
1729641600,81.24,82.24,80.09,80.83,7632139.0
1729728000,81.235,82.48,80.92,81.39,7398779.0
1729814400,82.01,82.8,81.4,81.7,7201013.0
1730073600,82.03,83.7,81.88,83.59,15243510.0
1730160000,78.04,81.25,76.81,80.28,35206390.0
1730246400,79.03,79.71,77.99,78.22,14910500.0
1730332800,78.49,79.82,78.3,79.3,13919260.0
1730419200,77.865,78.3089,76.46,77.25,16473610.0
1730678400,77.26,78.44,77.0,78.13,10257040.0
1730764800,77.738,79.41,77.738,79.25,6573919.0
1730851200,81.345,81.69,79.995,81.41,11546540.0
1730937600,81.695,82.74,81.13,81.35,7994293.0
1731024000,81.46,83.07,81.35,83.01,8144180.0
1731283200,84.07,87.47,83.38,86.94,15459380.0
1731369600,86.88,87.92,85.6746,86.4,10036910.0
1731456000,86.8,87.9,86.08,87.31,9256571.0
1731542400,87.06,87.4725,85.475,85.79,8468252.0
1731628800,85.35,86.2,85.1014,85.83,8083167.0
1731888000,86.055,86.84,84.575,84.67,10152570.0
1731974400,82.99,84.235,82.5,84.09,12442730.0
1732060800,84.51,85.6,84.24,84.74,6076348.0
1732147200,85.16,85.49,84.21,84.82,7250051.0
1732233600,84.68,86.8,84.57,86.77,6785992.0
1732492800,87.99,88.74,86.97,87.77,12998270.0
1732579200,87.4,88.18,86.9,86.94,5610415.0
1732665600,87.55,87.66,86.27,86.57,5477894.0
1732838400,86.39,87.08,85.82,86.77,4469740.0
1733097600,86.55,87.47,85.84,86.53,7273536.0
1733184000,86.4,86.4,84.615,85.14,8189778.0
1733270400,85.68,90.14,85.24,89.33,15535960.0
1733356800,89.59,90.27,88.27,89.045,9025551.0
1733443200,89.49,90.04,88.545,89.88,6955544.0
1733702400,92.25,93.66,89.73,90.0,10714200.0
1733788800,89.94,90.0,88.375,88.76,6697466.0
1733875200,88.62,91.03,87.84,90.75,6657199.0
1733961600,90.43,91.17,89.335,89.4,4711138.0
1734048000,90.42,91.185,89.82,91.02,8358050.0
1734307200,90.79,91.46,89.52,91.3,7402470.0
1734393600,90.9,92.0,90.23,90.86,8395584.0
1734480000,90.695,91.09,85.1764,85.45,12583700.0
1734566400,86.28,88.42,86.16,86.78,9522428.0
1734652800,84.91,88.23,84.5,87.13,22052710.0
1734912000,86.47,87.24,85.97,86.9,5633131.0
1734998400,86.9,88.33,86.59,88.25,3276344.0
1735171200,87.6,88.73,87.26,88.14,4802170.0
1735257600,87.36,87.655,86.2027,86.86,5124993.0
1735516800,85.69,86.0675,84.66,85.43,5855039.0
1735603200,85.735,85.9,85.05,85.35,4533202.0
1735776000,85.835,86.94,84.82,86.18,6227776.0
1735862400,86.73,87.7,86.31,87.6,6136427.0
1736121600,88.02,90.09,87.72,89.53,7869184.0
1736208000,89.53,89.97,87.6,87.97,6080796.0
1736294400,88.06,88.23,86.79,87.94,7400030.0
1736467200,86.79,87.09,82.24,83.36,11341220.0
1736726400,82.19,84.12,81.79,83.99,7402380.0
1736812800,85.29,87.4,84.75,87.18,8958442.0
1736899200,88.72,90.19,88.47,89.64,10024080.0
1736985600,89.96,90.373,88.85,88.92,5816351.0
1737072000,90.76,93.245,90.005,91.81,16499700.0
1737417600,92.21,92.21,89.39,89.77,12629340.0
1737504000,90.0,90.37,89.1398,89.85,7345739.0
1737590400,89.76,89.78,88.24,89.73,7540610.0
1737676800,89.59,90.024,88.84,89.11,6004674.0
1737936000,87.545,90.29,87.39,90.24,6923826.0
1738022400,89.76,89.83,86.88,88.19,8665994.0
1738108800,88.17,89.415,88.17,88.76,5234468.0
1738195200,89.51,90.925,88.84,89.57,7708468.0
1738281600,89.57,90.4,88.54,88.58,8338934.0
1738540800,86.5,89.71,86.0,89.51,11215040.0
1738627200,82.26,82.69,77.38,77.725,58801890.0
1738713600,78.21,79.5,77.67,79.2,23646050.0
1738800000,79.68,79.74,78.11,78.57,14440460.0
1738886400,79.0,79.49,77.23,77.31,13597270.0
1739145600,78.16,78.92,77.61,78.24,11815590.0
1739232000,77.815,77.85,76.04,76.21,15769400.0
1739318400,75.42,76.85,75.3,76.27,11782530.0
1739404800,76.37,76.925,75.73,76.59,9958597.0
1739491200,76.9,78.33,76.63,77.97,10504560.0
1739836800,78.2,78.76,77.5006,78.62,11281240.0
1739923200,78.5,79.0,77.535,78.36,9082256.0
1740009600,78.12,78.17,76.85,77.63,9319311.0
1740096000,77.44,77.48,74.75,74.95,15171690.0
1740355200,75.245,75.88,73.97,75.25,12873280.0
1740441600,77.135,77.5683,72.7,74.07,20647170.0
1740528000,74.33,74.48,71.77,72.05,15296800.0
1740614400,72.15,72.55,70.58,70.73,11661160.0
1740700800,70.5,71.12,69.682,71.05,13601320.0
1740960000,71.1,71.57,69.5,69.75,15753700.0
1741046400,69.0,69.08,66.34,67.48,20179970.0
1741132800,67.98,69.69,67.7,69.5,14464270.0
1741219200,68.82,69.86,67.659,68.08,11226930.0
1741305600,67.97,70.98,67.825,70.48,16388270.0
1741564800,69.02,69.97,66.99,68.16,15035190.0
1741651200,68.41,68.95,67.165,67.98,12133070.0
1741737600,68.87,69.38,67.905,68.62,11545840.0
1741824000,68.33,68.91,66.7,66.91,9778264.0
1741910400,67.81,69.14,67.52,68.95,9828715.0
1742169600,68.67,70.22,67.98,69.65,7971219.0
1742256000,69.07,69.46,68.29,68.88,7520849.0
1742342400,69.1,70.48,68.82,70.0,6876430.0
1742428800,69.435,70.81,69.25,69.67,7453575.0
1742515200,68.62,70.41,68.55,70.19,14603810.0
1742774400,71.55,71.66,70.505,70.97,9911035.0
1742860800,71.0,71.71,70.5476,70.86,6690576.0
1742947200,70.93,71.62,69.545,69.97,7453991.0
1743033600,69.06,69.955,68.7,68.86,7883088.0
1743120000,68.06,68.24,64.95,65.15,16536290.0
1743379200,64.28,65.43,63.4,65.25,11562030.0
1743465600,64.62,66.36,64.6,66.1,8000576.0
1743552000,65.25,67.57,65.1,67.15,8122978.0
1743638400,63.1,63.94,60.95,61.71,18479920.0
1743724800,60.0,60.19,57.32,58.37,22125000.0
1743984000,56.74,61.48,55.85,58.53,20263200.0
1744070400,59.76,61.26,56.46,57.41,16533620.0
1744156800,56.67,64.17,56.51,63.95,22501950.0
1744243200,62.3,62.45,58.94,60.56,14398120.0
1744329600,60.53,62.81,60.4456,62.59,12919360.0
1744588800,63.7,63.9,61.69,62.27,8997462.0
1744675200,62.36,62.79,61.645,62.0,9140768.0
1744761600,61.375,61.46,59.72,60.24,9833606.0
1744848000,60.35,61.47,60.1322,61.0,9023742.0
1745193600,60.24,60.96,59.455,60.285,7354085.0
1745280000,60.73,61.91,59.95,61.42,9390144.0
1745366400,62.715,64.57,62.17,62.46,9838865.0
1745452800,62.9,64.83,62.76,64.77,10876970.0
1745539200,64.485,65.42,64.485,65.34,8693362.0
1745798400,65.305,65.82,64.13,64.93,14251520.0
1745884800,66.37,67.43,64.36,66.32,19706800.0
1745971200,65.155,65.99,63.54,65.84,10293800.0
1746057600,65.62,66.12,64.85,65.41,10072970.0
1746144000,66.135,67.76,65.98,67.24,10081510.0
1746403200,66.96,69.36,66.91,68.54,12000310.0
1746489600,67.95,68.93,67.8,68.05,7659394.0
1746576000,68.335,68.94,67.72,68.69,8106537.0
1746662400,69.3,70.946,69.3,70.48,11791490.0
1746748800,70.87,71.32,70.01,70.26,7470489.0
1747008000,72.97,74.15,71.85,72.31,12513050.0
1747094400,72.41,72.65,71.89,72.29,8076183.0
1747180800,72.66,73.34,72.2403,72.68,7724048.0
1747267200,72.34,72.67,71.44,71.57,8116475.0
1747353600,71.47,72.22,71.08,72.18,8717851.0
1747612800,71.16,72.54,71.11,72.32,7434931.0
1747699200,71.89,72.78,71.74,72.61,8403163.0
1747785600,72.2,73.2042,71.505,71.65,8094345.0
1747872000,71.475,71.985,71.2801,71.45,6451026.0
1747958400,69.46,70.14,69.41,69.85,7683598.0
1748304000,70.75,71.995,70.665,71.48,8770916.0
1748390400,71.58,72.035,71.1,71.44,6292063.0
1748476800,72.16,72.4492,70.25,70.93,7058910.0
1748563200,70.96,71.08,69.52,70.28,14937200.0
1748822400,69.275,70.96,69.05,70.93,7518225.0
1748908800,71.0,71.43,69.86,71.33,7316371.0
1748995200,71.49,73.07,71.33,72.8,7712328.0
1749081600,72.795,73.55,72.08,72.47,6326019.0
1749168000,73.265,73.62,72.64,73.43,7240199.0
1749427200,73.7,73.97,72.95,73.55,6166472.0
1749513600,73.58,75.27,73.32,74.76,9510736.0
1749600000,75.1,75.21,73.93,74.61,7706133.0
1749686400,74.02,75.3068,74.0,74.81,8644643.0
1749772800,73.3,74.215,70.5307,70.83,16744370.0
1750032000,71.63,72.485,71.07,72.26,7195509.0
1750118400,71.92,72.1,70.465,70.67,7374325.0
1750204800,70.51,71.2759,67.52,68.57,20427730.0
1750377600,68.83,70.55,68.55,70.05,18497850.0
1750636800,71.0,72.1469,70.16,72.01,11447940.0
1750723200,73.125,73.94,72.55,73.58,9500942.0
1750809600,74.14,74.2499,72.415,73.07,7851896.0
1750896000,73.245,73.38,71.61,73.17,10235640.0
1750982400,73.27,73.75,72.855,73.64,10449550.0
1751241600,73.94,74.54,73.66,74.32,7737966.0
1751328000,73.95,75.695,73.8,75.29,8633809.0
1751414400,75.01,76.865,75.0,76.31,9361506.0
1751500800,76.71,77.36,76.475,76.59,5263390.0
1751846400,76.21,76.83,75.62,76.18,5918601.0
1751932800,76.44,76.515,74.51,75.03,8758384.0
1752019200,75.49,75.79,74.375,74.83,6755681.0
1752105600,74.455,76.22,74.13,75.7,6382276.0
1752192000,75.17,75.2,70.79,71.36,21877720.0
1752451200,71.56,74.31,71.54,73.89,12993870.0
1752537600,73.77,73.91,72.94,72.96,7333620.0
1752624000,73.26,73.58,71.73,72.97,9671060.0
1752710400,72.47,74.18,72.35,73.86,8522674.0
1752796800,74.1,74.35,73.2841,74.17,9011582.0
1753056000,74.35,76.23,74.24,74.82,8200357.0
1753142400,74.765,76.15,74.765,76.0,9094376.0
1753228800,76.925,77.23,75.91,76.66,9283158.0
1753315200,77.74,78.76,77.35,77.82,10504290.0
1753401600,77.59,78.815,77.5,77.98,6888148.0
1753660800,78.51,79.5,77.93,78.22,15978420.0
1753747200,71.73,73.28,70.31,71.45,42890670.0
1753833600,72.19,72.205,69.555,69.71,20790420.0
1753920000,69.475,70.0546,68.46,68.76,16657580.0
1754006400,68.0,68.35,66.57,67.11,15181150.0
1754265600,67.825,68.57,67.275,68.01,11756770.0
1754352000,68.46,68.67,67.41,67.83,10714740.0
1754438400,68.3,69.61,68.209,69.42,11913030.0
1754524800,70.0,70.17,67.68,68.22,10129340.0
1754611200,68.44,68.61,67.42,67.65,9683361.0
1754870400,67.81,68.48,66.9,67.08,10118630.0
1754956800,67.24,68.74,67.23,67.97,9757873.0
1755043200,68.23,70.73,68.15,70.63,12344740.0
1755129600,69.44,69.82,68.23,69.38,10695360.0
1755216000,69.57,70.16,69.16,69.23,8127976.0
1755475200,69.31,69.985,69.23,69.53,8410169.0
1755561600,69.79,70.365,68.93,69.05,9052818.0
1755648000,68.94,69.11,67.68,68.08,9992255.0
1755734400,67.68,67.87,66.925,67.55,7039480.0
1755820800,67.91,70.15,67.82,69.9,9394131.0
1756080000,69.65,69.8097,69.04,69.48,6460277.0
1756166400,69.4,70.25,69.18,70.18,9471529.0
1756252800,68.73,70.08,68.691,69.65,8648156.0
1756339200,70.0,70.56,69.53,70.06,5882010.0
1756425600,70.02,70.7,69.9,70.19,5636253.0
1756771200,68.92,69.3743,68.1503,69.25,12882510.0
1756857600,68.91,69.89,68.8,69.64,11808210.0
1756944000,69.7,69.9,66.23,68.46,14063530.0
1757030400,68.88,69.94,68.17,68.26,7794280.0
1757289600,68.46,68.59,67.8,68.4,7954897.0
1757376000,68.2,68.5,67.53,67.68,8776483.0
1757462400,67.48,68.03,65.235,65.64,14352510.0
1757548800,65.75,67.35,65.71,67.27,11154390.0
1757635200,67.21,67.75,66.86,66.89,7505551.0
1757894400,67.3,68.19,66.8026,67.11,9597883.0
1757980800,66.835,67.14,66.105,66.85,9353862.0
1758067200,67.14,69.27,67.0,68.62,18607770.0
1758153600,70.08,70.3,68.33,68.52,14330490.0
1758240000,68.76,68.85,67.925,68.22,19774200.0
1758499200,67.76,68.1103,67.05,67.68,13298220.0
1758585600,67.805,68.99,67.12,67.31,10449000.0
1758672000,67.65,68.58,67.44,67.86,9180592.0
1758758400,67.26,67.49,66.2,66.74,10773690.0
1758844800,67.0,67.63,66.32,67.3,8431604.0
1759104000,67.96,71.26,67.89,69.68,28497010.0
1759190400,69.825,69.83,66.85,67.06,21464840.0
1759276800,66.9,67.8,66.22,66.66,17050110.0
1759363200,67.07,68.95,66.95,68.93,13461610.0
1759449600,68.1,69.53,67.75,69.25,12219820.0
1759708800,70.22,71.87,69.4524,71.29,16769860.0
1759795200,74.07,75.675,73.06,74.61,31977490.0
1759881600,75.235,76.5,73.275,76.13,17904840.0
1759968000,77.19,77.34,75.033,75.75,15774430.0
1760054400,76.11,76.9,69.76,69.84,22326460.0
1760313600,70.72,70.9295,68.1617,68.86,20036800.0
1760400000,67.41,69.71,66.77,69.15,12968480.0
1760486400,69.385,69.875,67.84,67.98,11247310.0
1760572800,68.13,68.6,65.42,66.05,19258510.0
1760659200,65.535,67.71,65.45,67.41,11151460.0
1760918400,67.675,69.47,67.65,69.2,10016110.0
1761004800,69.02,70.36,68.83,70.05,9031987.0
1761091200,69.17,69.37,67.91,68.07,8173415.0
1761177600,68.07,70.06,68.0501,69.66,8199006.0
1761264000,70.15,71.25,69.74,69.77,8638209.0
1761523200,70.855,71.87,70.13,70.25,18821310.0
1761609600,76.21,79.215,72.83,73.02,83722310.0
1761696000,72.7,72.73,69.315,69.68,38505450.0
1761782400,69.835,70.7699,67.9,67.93,19550790.0
1761868800,68.27,69.58,67.62,69.27,18370140.0
1762128000,69.525,70.35,67.705,68.34,14619050.0
1762214400,67.23,67.2893,65.95,66.08,19711800.0
1762300800,66.02,68.21,65.9,68.06,13606100.0
1762387200,67.8,68.07,66.21,66.26,11480240.0
1762473600,65.5,66.515,64.78,66.22,13449260.0
1762732800,67.06,67.43,65.742,66.25,11129950.0
1762819200,66.25,67.95,66.23,67.4,10032520.0
1762905600,67.53,67.99,66.9,67.2,10133960.0
1762992000,66.51,67.28,65.15,65.33,14185800.0
1763078400,64.11,64.65,62.75,62.81,21979900.0
1763337600,62.81,63.17,61.2899,61.89,20632720.0
1763424000,61.39,61.64,60.47,60.7,18446650.0
1763510400,60.61,60.76,59.16,60.11,25061940.0
1763596800,60.575,60.715,58.0,58.105,21059260.0
1763683200,58.24,60.96,58.04,60.57,20849380.0
1763942400,60.61,60.83,59.85,60.56,21013520.0
1764028800,60.86,61.975,60.72,61.22,11065200.0
1764115200,61.4,62.16,61.17,61.83,8335341.0
1764288000,62.23,63.055,62.13,62.69,7875938.0
1764547200,62.05,63.21,61.83,62.58,10923270.0
1764633600,62.92,63.835,62.15,62.9,10834130.0
1764720000,62.85,63.9298,60.41,61.24,24402800.0
1764806400,60.5,62.1,60.385,61.73,15994270.0
1764892800,61.67,62.94,61.48,62.28,11152860.0
1765152000,62.425,62.51,60.99,61.12,12544000.0
1765238400,60.75,61.5,60.49,60.78,13214750.0
1765324800,60.49,61.4758,60.1601,61.16,19985110.0
1765411200,60.075,61.79,59.85,61.69,14023790.0
1765497600,61.08,62.15,61.0,61.66,15964000.0
1765756800,61.96,62.82,60.625,60.74,18187550.0
1765843200,61.69,62.146,60.95,61.33,17316750.0
1765929600,61.39,62.41,60.13,60.18,16357830.0
1766016000,59.59,60.32,58.915,59.44,23734500.0
1766102400,58.92,60.115,58.8001,59.81,31927470.0
1766361600,59.96,60.545,59.76,59.86,13976100.0
1766448000,59.83,60.07,58.94,59.41,12153640.0
1766534400,59.332,60.145,59.31,60.04,5491670.0
1766707200,60.0,60.11,59.535,59.97,7537808.0
1766966400,59.85,60.14,59.125,59.49,12910140.0
1767052800,59.46,59.6,59.08,59.1,11277870.0
1767139200,59.03,59.04,58.34,58.38,13027340.0
1767312000,58.67,58.7997,57.65,58.14,14693110.0
1767571200,58.01,60.105,57.9,59.29,17115850.0
1767657600,59.27,59.935,58.98,59.81,11110780.0
1767744000,59.865,60.135,58.255,58.51,18044320.0
1767830400,58.02,59.0,57.77,58.27,13105230.0
1767916800,58.8,58.86,57.28,57.66,15061490.0
1768176000,57.61,57.78,56.7601,57.29,19898890.0
1768262400,57.21,57.3,56.275,56.56,15900470.0
1768348800,56.4,57.79,56.27,57.66,16039860.0
1768435200,57.74,57.862,56.6,56.74,16405320.0
1768521600,56.79,56.97,56.24,56.89,15116900.0
1768867200,55.58,56.0773,55.015,55.08,19744370.0
1768953600,55.52,56.33,55.095,55.89,15117020.0
1769040000,56.59,57.55,56.55,57.15,14540660.0
1769126400,56.83,56.985,56.41,56.62,8758941.0
1769385600,56.57,57.12,56.495,56.6,9971447.0
1769472000,56.5,56.63,55.205,55.51,14240670.0
1769558400,55.01,55.49,53.645,54.08,19222690.0
1769644800,54.12,54.17,52.53,53.11,19463500.0
1769731200,52.44,52.95,52.06,52.69,18607760.0
1769990400,52.5,53.44,52.322,52.33,27452900.0
1770076800,42.885,43.7,41.43,41.7,141690600.0
1770163200,41.6,41.84,39.96,41.03,58018030.0
1770249600,40.6,41.01,38.88,39.9,42842780.0
1770336000,40.25,40.61,39.38,40.42,34921700.0
1770595200,40.21,41.27,39.81,41.15,26034260.0
1770681600,40.75,42.3499,40.75,41.49,22787720.0
1770768000,41.5,41.62,40.01,40.46,21538880.0
1770854400,40.285,40.285,38.46,39.08,28004850.0
1770940800,39.24,40.37,39.0885,40.29,25092440.0
1771286400,40.5,41.6,40.37,40.81,20342520.0
1771372800,40.77,41.76,40.59,41.45,17925480.0
1771459200,41.105,41.79,40.85,41.73,24646920.0
1771545600,41.575,42.81,41.5125,41.65,23174040.0
1771804800,41.045,45.69,40.525,44.05,75619460.0
1771891200,43.495,48.0,43.03,47.02,58557170.0
1771977600,47.38,48.5,46.445,47.32,42794070.0
1772064000,47.5,47.73,44.495,45.53,48091830.0
1772150400,45.81,46.42,45.42,46.21,23641210.0
1772409600,44.82,45.955,44.64,45.63,17355250.0
1772496000,44.73,46.96,44.66,46.38,22406430.0
1772582400,46.05,47.33,45.93,46.75,14612790.0
1772668800,46.485,47.915,46.485,47.64,18317740.0
1772755200,47.17,47.73,46.355,46.97,15900070.0
1773014400,46.05,46.5256,44.96,46.16,18908300.0
1773100800,45.61,45.82,44.81,45.02,17575930.0
1773187200,45.45,46.14,44.8,45.57,13794080.0
1773273600,45.3,46.074,44.34,44.36,15293050.0
1773360000,44.205,45.25,44.1715,44.9,13962460.0
1773619200,45.25,45.8999,45.19,45.42,14460170.0
1773705600,45.84,46.98,45.7438,46.13,21819790.0
1773792000,45.615,46.0769,44.55,44.59,19662660.0
1773878400,44.195,44.84,43.5316,44.19,22744640.0
1773964800,44.33,44.55,43.33,44.01,31695540.0
1774224000,44.72,45.74,44.01,45.49,21262500.0
1774310400,44.945,45.265,43.99,44.21,19616500.0
1774396800,45.08,45.96,44.2,44.85,14861210.0
1774483200,44.48,45.972,44.47,45.2,14613030.0
1774569600,44.72,44.79,43.55,43.59,17434240.0
1774828800,44.0,45.015,43.92,44.67,17778150.0
1774915200,44.74,45.47,44.28,45.23,12694990.0
1775001600,45.29,45.5,44.0,44.63,15319910.0
1775088000,44.02,45.42,43.675,45.34,12747750.0
1775433600,45.724,46.44,45.33,45.48,11006790.0
1775520000,45.09,45.46,44.56,44.87,10416290.0
1775606400,45.99,46.35,45.555,45.85,15619000.0
1775692800,45.81,46.08,44.905,45.98,12716630.0
1775779200,45.915,46.18,44.98,45.24,13130500.0
1776038400,45.102,47.875,45.06,47.51,15179310.0
1776124800,47.94,48.3341,47.7,47.97,11045260.0
1776211200,48.515,49.755,47.9,49.57,13074000.0
1776297600,48.39,49.95,48.35,49.81,13420600.0
1776384000,50.345,51.2,49.773,50.81,18758570.0
1776643200,50.68,51.51,50.44,51.46,13091800.0
1776729600,52.01,52.3,50.755,50.88,13548060.0
1776816000,51.0,51.46,50.77,51.22,8569659.0
1776902400,50.745,50.88,49.17,49.75,11581350.0
1776988800,49.8,50.59,49.56,50.48,8259250.0
1777248000,50.378,50.56,49.397,49.77,7992837.0
1777334400,49.77,50.48,49.455,49.64,9761417.0
1777420800,49.41,51.87,49.22,50.94,18531700.0
1777507200,49.802,50.455,49.42,50.14,12519870.0
1777593600,50.57,50.91,50.285,50.44,8765772.0
1777852800,50.5,51.06,50.22,50.39,13649470.0
1777939200,45.37,46.715,44.51,46.49,39099390.0
1778025600,46.685,47.46,45.755,46.27,19820100.0
1778112000,46.43,47.145,46.15,46.22,14081560.0
1778198400,45.62,46.37,45.33,45.37,14073750.0
1778457600,45.215,45.52,45.03,45.07,18994510.0
1778544000,44.94,45.7,44.35,45.44,25492970.0
1778630400,44.96,45.74,44.585,45.23,15923780.0
1778716800,45.34,45.79,44.62,45.04,9719518.0
1778803200,44.79,45.23,44.38,44.41,16481220.0
1779062400,44.27,45.235,44.2201,44.385,9478875.0
1779148800,44.38,45.02,43.81,43.83,13711820.0
1779235200,43.595,44.41,42.93,44.375,10991380.0
1779321600,44.19,44.69,43.83,44.3,10925180.0
1779408000,44.3,44.71,43.99,44.23,10691690.0
1779753600,44.2,44.44,43.865,44.16,13161010.0
1779840000,44.568,44.73,43.63,43.76,14170320.0
1779926400,43.71,44.58,43.32,44.46,17132710.0
1780012800,44.54,45.2,44.425,44.75,18842730.0
1780272000,44.53,45.985,44.2,45.19,16230970.0
1780358400,44.615,45.14,44.39,44.53,11441420.0
1780444800,44.34,44.5,42.315,42.61,19227300.0
1780531200,43.42,43.73,42.75,42.75,11255710.0
1780617600,41.89,42.401,41.07,41.29,23894940.0
1780876800,41.26,41.42,40.655,41.26,16778100.0
1780963200,41.165,42.26,41.07,41.46,17585020.0
1781049600,41.0,41.465,40.51,40.7,14669100.0
1781136000,40.51,41.26,40.2,41.24,14757070.0
1781222400,41.295,41.59,40.87,41.53,12317070.0
1781481600,42.358,43.34,42.1,42.49,22555310.0
1781568000,42.71,43.95,42.58,43.65,19507060.0
1781654400,43.59,44.74,42.05,42.08,19133680.0
1781740800,42.2,42.8155,41.65,42.51,27215240.0
1782086400,42.605,43.33,42.075,42.34,13178970.0
1782172800,42.13,42.47,41.65,41.7,13929980.0
1782259200,41.68,43.38,41.68,42.48,15478120.0
1782345600,42.7,43.0,42.325,42.38,10371640.0
1782432000,42.28,44.38,42.21,44.29,33246280.0
1782691200,44.635,44.74,44.075,44.38,16684300.0
1782777600,44.57,44.57,42.26,43.18,14229560.0
1782864000,43.86,44.89,43.56,44.07,22969630.0
1782950400,44.405,45.49,44.405,45.47,14797290.0
1783296000,44.45,45.135,43.78,45.09,11504670.0
1783382400,45.43,46.065,45.32,45.65,10213870.0
1783468800,45.09,45.28,43.73,44.53,9601136.0
1783555200,43.87,45.38,43.82,45.32,9104876.0
1783641600,45.95,46.445,45.765,46.32,10639450.0
1783900800,46.9,48.43,46.285,47.65,20294180.0
1783987200,46.7,47.39,46.43,47.37,9416032.0
1784073600,54.845,55.88,53.44,55.52,90995140.0
1784160000,55.41,57.67,55.28,56.73,33840900.0
1784246400,56.49,57.17,55.69,56.56,19847250.0
1784505600,56.49,57.16,55.28,56.82,24700830.0
1784592000,56.04,56.91,55.0,55.85,15952150.0
1784678400,55.98,56.38,55.235,55.51,11187000.0
1784764800,55.475,56.08,54.935,56.0,13945290.0
1784851200,56.308,56.48,55.22,56.15,11763000.0
1785110400,56.36,56.585,55.48,56.07,14864410.0
1785196800,56.76,58.8,56.46,58.32,22908890.0
1785283200,58.1,59.47,58.0,58.35,18759490.0
1785369600,57.4,57.89,56.655,57.65,11974410.0
1785456000,57.11,57.57,56.57,57.21,9773008.0
1785715200,58.128,58.25,57.335,57.87,9303225.0
1785801600,57.2,58.56,57.18,58.54,10322180.0
1785888000,59.068,59.4,57.91,57.93,8523885.0
1785974400,58.29,59.79,58.1,59.78,10754130.0
1786060800,59.69,59.99,58.81,59.07,8413936.0
1786320000,58.335,59.08,58.322,59.07,6707116.0
1786406400,58.55,59.44,58.55,59.0,9752277.0
1786492800,58.15,59.3,57.89,59.2,6141380.0
1786579200,59.75,60.76,59.01,60.59,9568910.0
1786665600,60.52,62.31,59.34,61.66,15707780.0
1786924800,61.01,61.11,60.15,60.47,9233741.0
1787011200,60.205,61.6,59.96,60.43,9911630.0
1787097600,60.565,61.83,60.55,61.25,9488981.0
1787184000,61.1,62.73,60.95,62.3,12019560.0
1787270400,62.29,62.68,61.46,61.55,11481790.0
1787529600,61.62,62.18,61.47,61.68,8573832.0
1787616000,61.24,62.385,61.07,62.27,10343150.0
1787702400,61.825,62.06,61.26,61.81,11422280.0
1787788800,61.98,62.31,61.37,61.47,9168560.0
1787875200,53.735,54.76,52.62,53.66,36340500.0
1788134400,53.39,53.68,51.92,52.665,19879290.0
1788220800,52.21,52.92,52.21,52.4,10190180.0
1788307200,52.57,55.19,52.35,54.67,15056350.0
1788393600,54.81,56.96,54.01,56.82,15209420.0
1788480000,56.125,56.14,54.51,54.96,13044500.0
1788825600,54.36,54.6,53.03,53.18,9721830.0
1788912000,52.99,53.2,52.13,52.17,9528815.0
1788998400,51.05,53.375,50.802,53.31,11357320.0
1789084800,53.31,54.3999,53.31,53.72,9995768.0
1789344000,54.36,54.6,53.55,54.03,9247647.0
1789430400,54.1,54.24,53.38,53.81,8147859.0
1789516800,53.63,53.835,52.3472,52.71,8283417.0
1789603200,52.935,53.395,52.72,52.94,8492310.0
1789689600,52.65,52.87,52.25,52.41,29083590.0
1789948800,52.74,53.06,52.24,52.62,9706248.0
1790035200,53.2,55.12,52.14,52.89,25940970.0
1790121600,52.79,53.09,51.8106,52.51,11564340.0
1790208000,52.63,52.67,51.84,52.6,8535949.0
