timestamp,open,high,low,close,volume
1474848000,32.3024,32.4041,32.1693,32.1928,16646250.0
1474934400,32.2632,32.631,32.1302,32.4432,18420310.0
1475020800,32.0911,32.138,31.7546,31.9659,26339660.0
1475107200,31.8876,32.138,31.6451,31.872,17044970.0
1475193600,32.0128,32.1146,31.7703,31.7781,19378930.0
1475452800,31.7859,32.1146,31.692,31.9033,16580400.0
1475539200,31.8642,31.8955,31.0738,31.2225,33168710.0
1475625600,30.9956,31.0112,30.3852,30.6434,22600210.0
1475712000,30.62,30.6747,30.4478,30.6043,15749160.0
1475798400,30.6904,30.7452,30.2913,30.4165,19167860.0
1476057600,30.4634,30.6747,29.9,30.5261,19019560.0
1476144000,30.4713,30.8156,30.2052,30.5965,22311190.0
1476230400,30.6356,30.8977,30.5652,30.7765,17178480.0
1476316800,30.7373,30.8938,30.5339,30.8078,17546580.0
1476403200,30.8391,30.9682,30.6904,30.6904,13516500.0
1476662400,30.5965,30.9017,30.5574,30.7295,13881950.0
1476748800,30.6982,30.8704,30.6356,30.7999,16037150.0
1476835200,30.8782,30.9643,30.7608,30.8156,11711350.0
1476921600,30.5574,30.5808,30.127,30.2443,31120290.0
1477008000,30.0487,30.26,28.9219,29.3366,82695890.0
1477267200,28.5698,29.2114,28.4054,28.8436,100566700.0
1477353600,28.961,29.0001,28.6011,28.7184,40472460.0
1477440000,28.6715,28.7732,28.3819,28.5072,32874320.0
1477526400,28.6402,28.8671,28.5306,28.5776,43145280.0
1477612800,28.6793,28.8045,28.515,28.5698,23223700.0
1477872000,28.648,28.8123,28.5776,28.7889,31378050.0
1477958400,28.9297,29.1019,28.4837,28.6089,27610470.0
1478044800,28.6402,28.7184,28.4054,28.4602,26022350.0
1478131200,28.6089,28.9454,28.4719,28.6637,25543520.0
1478217600,28.781,28.8123,28.5619,28.5619,23253780.0
1478476800,28.7889,28.8515,28.6715,28.8045,21389240.0
1478563200,28.8045,29.0236,28.8045,28.9454,17781780.0
1478649600,28.9297,29.3679,28.5072,29.2975,34760200.0
1478736000,29.321,29.321,28.4837,28.6167,37983530.0
1478822400,28.5698,28.6167,28.4054,28.5698,25277440.0
1479081600,28.648,28.6637,28.2489,28.2724,26049450.0
1479168000,28.2959,28.7732,28.2802,28.7732,20884710.0
1479254400,28.8906,29.1332,28.8358,29.0706,20744640.0
1479340800,29.1879,29.4931,29.1645,29.274,21183120.0
1479427200,29.3053,29.4305,29.1879,29.3914,16976210.0
1479686400,29.4775,29.5323,29.3131,29.5323,17179380.0
1479772800,29.7279,30.3148,29.5949,30.1661,26131700.0
1479859200,30.0644,30.4947,30.0565,30.3069,24564550.0
1480032000,30.3382,30.6826,30.3069,30.6826,10844450.0
1480291200,30.6591,31.0425,30.6552,30.9408,26606000.0
1480377600,30.9721,31.0121,30.7295,30.8938,19855560.0
1480464000,30.6826,30.6826,30.2209,30.2287,32678090.0
1480550400,30.2287,30.4478,29.8609,30.4243,27397230.0
1480636800,30.393,30.6121,30.1035,30.213,16101250.0
1480896000,30.2835,30.5026,30.2287,30.2287,20772160.0
1480982400,30.3461,30.843,30.2796,30.7921,23559820.0
1481068800,30.9017,31.6842,30.8586,31.6529,32948210.0
1481155200,31.4964,31.8876,31.4494,31.6216,21998440.0
1481241600,31.5198,31.6294,31.4338,31.5981,17103490.0
1481500800,31.739,32.3611,31.7155,32.1772,31906730.0
1481587200,32.2945,32.5215,32.2554,32.365,20715180.0
1481673600,32.318,32.5136,32.0285,32.1615,26329370.0
1481760000,32.005,32.6154,31.9659,32.4745,24484570.0
1481846400,32.5919,32.6702,32.4119,32.6076,27954190.0
1482105600,32.6076,33.0066,32.4354,32.9597,20563480.0
1482192000,32.9988,33.4605,32.9753,33.2336,21163640.0
1482278400,33.1944,33.3118,33.124,33.1475,13749800.0
1482364800,33.0536,33.4761,32.991,33.4292,17481540.0
1482451200,33.484,33.4918,33.2336,33.437,9643453.0
1482796800,33.437,33.5231,33.2727,33.3744,11431300.0
1482883200,33.3744,33.5074,33.2336,33.2727,10784950.0
1482969600,33.2805,33.4918,33.2805,33.3822,12387550.0
1483056000,33.4605,33.5153,33.2179,33.2805,16673120.0
1483401600,33.4057,33.6718,33.2727,33.664,26003980.0
1483488000,33.6013,33.6483,33.4214,33.4683,23197670.0
1483574400,33.5309,33.5622,33.2805,33.3744,25650010.0
1483660800,32.8501,32.8658,32.2476,32.3337,32675310.0
1483920000,32.3102,32.3924,31.9268,31.9268,25476520.0
1484006400,31.8172,32.1302,31.4885,31.9346,21521600.0
1484092800,31.5981,31.8485,31.5198,31.7781,24494260.0
1484179200,31.7468,32.1693,31.692,32.0911,19884390.0
1484265600,32.0207,32.2241,31.9189,32.052,13931320.0
1484611200,32.0833,32.1928,31.8955,32.1693,22510930.0
1484697600,32.2006,32.2711,31.9072,31.9268,19456660.0
1484784000,31.9972,32.0989,31.8563,32.0833,16658760.0
1484870400,32.3415,32.7641,32.3102,32.4354,25150310.0
1485129600,32.4432,32.9206,32.3884,32.8658,25187950.0
1485216000,32.3963,32.6623,32.1224,32.365,28651720.0
1485302400,32.3415,32.451,31.9972,32.3884,21436100.0
1485388800,32.2163,32.7484,32.052,32.6858,28128190.0
1485475200,32.8501,33.1005,32.6702,32.8736,19017070.0
1485734400,32.8188,32.9675,32.5997,32.7249,15871460.0
1485820800,32.6154,33.0145,32.5371,32.991,25403890.0
1485907200,33.0849,33.2257,32.7562,32.9127,32077610.0
1485993600,32.8814,32.9206,32.0441,32.2241,29152930.0
1486080000,32.4589,32.4902,32.2398,32.2789,19148640.0
1486339200,32.2945,32.2945,32.0676,32.1302,11374760.0
1486425600,32.1459,32.2163,31.9424,32.1772,17310470.0
1486512000,32.2163,32.3337,32.138,32.2476,15686820.0
1486598400,32.2945,32.4197,32.185,32.3258,11361890.0
1486684800,32.2789,32.4197,32.2398,32.3806,12133320.0
1486944000,31.9424,32.1928,31.6842,31.8094,34358080.0
1487030400,31.6685,31.9111,31.6216,31.8876,19700130.0
1487116800,31.8172,32.1928,31.739,32.1772,23313180.0
1487203200,32.1772,32.365,32.1067,32.2789,16575320.0
1487289600,32.2163,32.5019,31.9189,32.4589,24154380.0
1487635200,32.3728,32.6702,32.3337,32.6545,17503940.0
1487721600,32.6154,32.6936,32.4354,32.5449,15656400.0
1487808000,32.6232,32.858,32.5058,32.8267,19216440.0
1487894400,32.9519,33.1475,32.8971,33.1475,17042550.0
1488153600,33.1005,33.1005,32.6545,32.7249,17336340.0
1488240000,32.6545,32.7641,32.5841,32.7015,19333580.0
1488326400,32.6936,33.0066,32.5215,32.8971,23898720.0
1488412800,32.7875,32.944,32.7406,32.9206,13172990.0
1488499200,32.9049,32.9127,32.678,32.8736,17231060.0
1488758400,32.7328,32.8658,32.6389,32.8345,14175240.0
1488844800,32.7875,32.858,32.6428,32.7719,16250620.0
1488931200,32.7719,32.7719,32.6154,32.6858,17880930.0
1489017600,32.7562,32.9675,32.6702,32.8188,17670440.0
1489104000,32.8893,33.2023,32.8814,33.1397,19731800.0
1489363200,33.0379,33.1944,33.0066,33.1553,14299400.0
1489449600,33.1631,33.2101,32.9049,32.9362,10063710.0
1489536000,32.9753,33.3666,32.9362,33.3275,21053980.0
1489622400,33.3353,33.3822,33.1318,33.2101,14601070.0
1489708800,33.3275,33.3744,33.1553,33.3431,24748330.0
1489968000,33.3431,33.4135,33.1162,33.1944,11851590.0
1490054400,33.2179,33.2649,32.8658,32.9284,20293790.0
1490140800,32.944,32.9597,32.4432,32.5919,18533730.0
1490227200,32.5762,32.7954,32.4041,32.5919,14660370.0
1490313600,32.678,32.7797,32.5058,32.6154,14201480.0
1490572800,32.5449,32.6702,32.3806,32.4667,13182780.0
1490659200,32.4041,32.5606,32.2867,32.5215,15584280.0
1490745600,32.5058,32.6702,32.3963,32.4354,14092640.0
1490832000,32.3884,32.732,32.3389,32.678,14772700.0
1490918400,32.7015,32.7797,32.5136,32.5136,17527400.0
1491177600,32.5528,32.6858,32.3728,32.5293,17976750.0
1491264000,32.5293,32.6349,32.3963,32.6232,12547650.0
1491350400,32.6467,32.6623,32.451,32.4823,19939370.0
1491436800,32.1224,32.1459,31.7703,31.7703,20487260.0
1491523200,31.7703,31.9737,31.7084,31.7624,20332920.0
1491782400,31.7703,31.8329,31.5433,31.5981,18212860.0
1491868800,31.5981,31.6059,31.3555,31.5433,19603700.0
1491955200,31.4651,31.7468,31.3555,31.739,22195520.0
1492041600,31.6998,31.8955,31.4964,31.5198,17550440.0
1492387200,31.5355,31.6842,31.4729,31.5355,12117100.0
1492473600,31.4729,31.6372,31.4416,31.4964,15915670.0
1492560000,31.5511,31.6516,31.4494,31.4964,23785020.0
1492646400,31.2929,31.6998,31.2381,31.5825,21715570.0
1492732800,31.4807,31.5825,31.1521,31.246,23882500.0
1492992000,31.379,31.4181,31.1912,31.3164,23911770.0
1493078400,31.3633,31.4964,31.0582,31.2538,38133020.0
1493164800,31.3164,31.739,31.1834,31.6451,34194030.0
1493251200,31.5903,31.6138,31.2068,31.2303,22642290.0
1493337600,31.2068,31.3477,30.9251,31.0112,24987830.0
1493596800,31.0503,31.066,30.5652,30.5965,24458700.0
1493683200,30.6278,30.6904,30.4243,30.4791,23379890.0
1493769600,30.4713,30.5026,29.8531,30.0487,33733200.0
1493856000,30.0565,30.0565,29.4462,29.7435,31447440.0
1493942400,29.7983,30.2913,29.7592,30.1739,21811400.0
1494201600,30.3461,30.3461,29.9861,30.1817,20137460.0
1494288000,30.1504,30.1661,29.8609,29.9079,21587820.0
1494374400,29.8844,30.2443,29.8374,30.0878,22606190.0
1494460800,30.0878,30.1661,29.9039,30.08,16537570.0
1494547200,30.1191,30.213,29.9783,30.1191,13766650.0
1494806400,30.1426,30.2756,30.0565,30.1974,21235690.0
1494892800,30.2678,30.3304,29.8844,29.8844,21582200.0
1494979200,29.7201,29.767,29.3053,29.3131,29659780.0
1495065600,29.3444,29.8453,29.3131,29.6966,25732450.0
1495152000,29.767,29.9626,29.6496,29.9235,20346740.0
1495411200,29.9235,30.0096,29.8687,29.9313,14821230.0
1495497600,29.9392,30.0605,29.9,29.9783,13532510.0
1495584000,29.9783,30.0174,29.7983,29.8531,15633110.0
1495670400,29.8296,30.0018,29.8218,29.9157,14879930.0
1495756800,29.9,29.9313,29.7435,29.8296,13725840.0
1496102400,29.8844,30.2678,29.8844,30.1661,20515190.0
1496188800,30.2443,30.4165,30.1348,30.1504,24036750.0
1496275200,30.2678,30.4321,30.1426,30.4165,17690240.0
1496361600,30.5182,30.5808,30.3304,30.4165,18528150.0
1496620800,30.3695,30.4087,30.1817,30.3695,13812970.0
1496707200,30.3461,30.4556,30.2443,30.3069,16205340.0
1496793600,30.4008,30.4165,30.1583,30.3304,16426690.0
1496880000,30.3695,30.393,30.0644,30.127,20172670.0
1496966400,30.2287,30.3617,30.1669,30.3539,18388020.0
1497225600,30.3617,30.8078,30.3617,30.573,22779670.0
1497312000,30.5261,30.5261,30.1896,30.2678,18838400.0
1497398400,30.3539,30.3695,30.127,30.2991,16347570.0
1497484800,30.26,30.44,30.2365,30.393,16683640.0
1497571200,30.4947,30.5182,30.2522,30.4869,29721740.0
1497830400,30.5026,30.5026,30.2717,30.4478,20955230.0
1497916800,30.3382,30.4556,30.2052,30.2522,21737300.0
1498003200,30.2365,30.26,29.6183,29.8531,24581350.0
1498089600,29.8844,30.0096,29.7083,29.814,16197260.0
1498176000,29.8609,29.8609,29.5949,29.6966,22903930.0
1498435200,29.6888,29.9548,29.6262,29.8531,18392170.0
1498521600,29.6105,29.6418,29.4227,29.501,19857730.0
1498608000,29.6418,29.7866,29.5636,29.6888,20342440.0
1498694400,29.634,29.7201,29.4383,29.4383,23712810.0
1498780800,29.5244,29.634,29.3757,29.5244,22537360.0
1499040000,29.6105,29.8374,29.5675,29.8218,11124350.0
1499212800,29.8218,29.9,29.6183,29.8296,20076720.0
1499299200,29.4149,29.497,29.094,29.094,20800000.0
1499385600,29.094,29.1332,28.8123,28.9375,20288760.0
1499644800,28.9219,29.0158,28.8123,28.8202,22774310.0
1499731200,28.8202,28.8436,28.5932,28.6402,21584120.0
1499817600,28.7576,28.8749,28.648,28.8202,17483160.0
1499904000,28.5932,28.6402,28.3193,28.335,30220710.0
1499990400,28.3506,28.468,28.3037,28.4054,23407960.0
1500249600,28.4211,28.5228,28.3663,28.4759,20536930.0
1500336000,28.5072,28.5072,28.0689,28.1628,29131910.0
1500422400,28.1941,28.2724,28.022,28.2724,26156780.0
1500508800,28.4289,28.7341,28.2959,28.5776,31828110.0
1500595200,28.4993,28.648,28.3702,28.5698,20146130.0
1500854400,28.5698,28.6011,28.3115,28.3506,22398620.0
1500940800,28.3976,28.5619,28.2724,28.3428,29407980.0
1501027200,29.2818,29.814,29.2662,29.7592,72398010.0
1501113600,29.8922,30.9095,29.8922,30.8391,61962800.0
1501200000,30.7139,31.0425,30.3852,30.5182,36011680.0
1501459200,30.4947,30.62,30.2952,30.5182,28392040.0
1501545600,30.7139,30.7295,30.2913,30.4243,29370490.0
1501632000,30.5026,30.5104,29.767,29.947,34606780.0
1501718400,29.9157,30.127,29.8531,29.9548,18846300.0
1501804800,30.08,30.1426,29.767,30.0722,16312070.0
1502064000,30.08,30.2365,30.0252,30.1426,16822930.0
1502150400,30.1739,30.3187,29.947,30.0174,15423110.0
1502236800,29.8922,30.0448,29.7827,30.0174,19702530.0
1502323200,29.947,30.1583,29.8766,29.8844,21298670.0
1502409600,29.9705,30.0018,29.7905,29.814,13274830.0
1502668800,29.9235,30.1739,29.8766,30.127,17161740.0
1502755200,30.127,30.1661,29.7435,29.8609,14819380.0
1502841600,29.8609,30.0018,29.7044,29.9157,14973220.0
1502928000,29.8609,29.9039,29.407,29.4227,21546580.0
1503014400,29.3444,29.4305,29.1097,29.2427,22997410.0
1503273600,29.3366,29.6457,29.2701,29.407,17290370.0
1503360000,29.4931,29.7279,29.3914,29.7201,14735330.0
1503446400,29.6183,29.7944,29.6183,29.6731,19934770.0
1503532800,29.7044,29.7161,29.4501,29.4853,10938920.0
1503619200,29.5949,29.8374,29.5479,29.7279,14184080.0
1503878400,29.7357,29.7905,29.5401,29.6888,10114370.0
1503964800,29.5401,29.7592,29.5401,29.6183,9577049.0
1504051200,29.5949,29.5949,29.4305,29.4775,12430670.0
1504137600,29.5323,29.634,29.3053,29.3131,20730520.0
1504224000,29.4149,29.4266,29.2818,29.3288,12768350.0
1504569600,29.2662,29.2897,28.8984,29.0236,22801430.0
1504656000,29.0549,29.0784,28.5854,28.6167,28219690.0
1504742400,28.6402,28.7889,27.842,27.8577,48594580.0
1504828800,27.8577,27.9829,27.4664,27.8498,41027310.0
1505088000,27.9203,28.0142,27.7951,27.9672,23023940.0
1505174400,28.1394,28.5072,28.0298,28.3741,28287660.0
1505260800,28.4367,28.695,28.3898,28.6011,25728090.0
1505347200,28.6402,28.6402,28.3428,28.4211,17880420.0
1505433600,28.4915,29.0393,28.4759,29.0314,47940560.0
1505692800,29.0393,29.3444,28.9688,29.2818,31962650.0
1505779200,29.274,30.08,29.1637,29.9,46333670.0
1505865600,29.9861,30.3109,29.9039,30.0722,26861830.0
1505952000,30.127,30.1583,29.8453,29.9079,16780050.0
1506038400,30.0487,30.2443,29.9,30.1974,23211350.0
1506297600,30.1504,30.6669,30.127,30.6121,36174400.0
1506384000,30.6121,30.7608,30.2835,30.2991,22594690.0
1506470400,30.2287,30.4478,30.1348,30.3382,23499380.0
1506556800,30.2678,30.6513,30.1974,30.5495,17368070.0
1506643200,30.4791,30.6904,30.3695,30.6513,21891870.0
1506902400,30.6747,30.7608,30.573,30.6043,15604060.0
1506988800,30.6669,30.8938,30.5887,30.8938,16061560.0
1507075200,30.8078,31.0347,30.7099,30.9095,17903920.0
1507161600,30.9956,31.1442,30.8312,30.9173,22595250.0
1507248000,30.393,30.5574,30.1583,30.1974,22425890.0
1507507200,30.2443,30.26,29.8531,29.9705,19246550.0
1507593600,30.0096,30.213,29.947,30.127,17314870.0
1507680000,30.1426,30.213,29.7748,29.8844,26929330.0
1507766400,29.3366,29.3679,28.0376,28.0611,81510790.0
1507852800,28.0455,28.202,27.5838,27.9359,56077560.0
1508112000,28.0298,28.5228,27.975,28.3037,31089770.0
1508198400,28.3037,28.3976,28.1628,28.3506,21660360.0
1508284800,28.3506,28.3898,27.7872,27.9437,36758690.0
1508371200,28.1159,28.4289,27.8498,27.9281,32464610.0
1508457600,28.0063,28.0455,27.7012,27.8107,37813310.0
1508716800,27.7168,27.9046,27.5368,27.5838,30890640.0
1508803200,27.6307,27.6699,27.2395,27.2786,51923770.0
1508889600,26.8091,26.8795,26.0813,26.2065,96329120.0
1508976000,26.41,26.5196,26.2926,26.3552,45102630.0
1509062400,26.3552,26.6213,26.2457,26.5822,52312530.0
1509321600,26.6213,26.8639,26.1283,26.2457,51656910.0
1509408000,26.3239,26.4804,26.1596,26.3318,36367000.0
1509494400,26.4961,26.5587,26.05,26.2535,37828670.0
1509580800,26.2691,26.9374,25.7683,25.9561,72950660.0
1509667200,26.0892,26.1283,25.784,26.0579,40227730.0
1509926400,25.8779,25.8857,25.471,25.7136,47718250.0
1510012800,25.6901,25.917,25.5995,25.8779,30054640.0
1510099200,25.7057,26.2144,25.651,26.1674,87590000.0
1510185600,26.1596,26.9601,26.097,26.6056,69901750.0
1510272000,26.7387,26.9812,26.6839,26.7778,57466120.0
1510531200,26.8247,26.8873,26.7152,26.7387,28859380.0
1510617600,26.7543,26.7621,26.277,26.3865,30256940.0
1510704000,26.6213,26.7621,26.3318,26.457,32847570.0
1510790400,26.4961,27.1221,26.457,27.0125,39959720.0
1510876800,26.9421,27.2942,26.8795,27.0047,36960080.0
1511136000,27.036,27.3099,26.9499,27.1064,31163800.0
1511222400,27.0751,27.1925,26.8326,26.8639,35395570.0
1511308800,26.8247,27.3177,26.7621,27.2864,26441490.0
1511481600,27.2864,27.349,27.1847,27.2395,9203078.0
1511740800,27.2629,27.396,27.036,27.1377,26520990.0
1511827200,27.0438,27.8107,27.0438,27.7168,34444790.0
1511913600,27.7638,28.6011,27.709,28.5463,52937800.0
1512000000,28.5619,28.8749,28.1902,28.468,49662770.0
1512086400,28.4446,28.7576,28.112,28.5619,31428120.0
1512345600,28.7928,29.3757,28.7576,29.1645,40461180.0
1512432000,29.1097,29.1801,28.5776,28.6011,33047790.0
1512518400,28.4915,28.5228,28.1902,28.2567,31155820.0
1512604800,28.2724,28.4837,28.022,28.3037,24526550.0
1512691200,28.2959,28.7576,28.288,28.7419,25423820.0
1512950400,28.6793,28.9062,28.5776,28.8749,23406360.0
1513036800,28.9767,29.8687,28.9375,29.814,46233330.0
1513123200,29.7435,29.8844,29.2427,29.767,39666370.0
1513209600,29.6262,29.8575,29.4853,29.5323,34282610.0
1513296000,29.8453,29.9626,29.6809,29.9235,46777580.0
1513555200,30.127,30.4321,30.037,30.0957,31495380.0
1513641600,30.0957,30.2666,29.7592,29.7748,29177520.0
1513728000,29.947,30.393,29.8766,30.1661,26960150.0
1513814400,30.1739,30.7452,30.1043,30.4243,31967290.0
1513900800,30.3461,30.6043,30.2835,30.4713,19959650.0
1514246400,30.4791,30.7725,30.4791,30.5652,13576580.0
1514332800,30.5808,30.6278,30.2913,30.4321,16337740.0
1514419200,30.5182,30.6747,30.4243,30.6591,15621550.0
1514505600,30.6904,30.7686,30.4243,30.4243,26425610.0
1514851200,30.5652,30.5652,30.0174,30.1583,32183350.0
1514937600,30.1035,30.1191,29.3679,29.4618,39150280.0
1515024000,29.5401,29.8844,29.1566,29.7357,27852610.0
1515110400,29.8453,29.8609,29.5792,29.8453,22133440.0
1515369600,29.8531,30.1113,29.6183,29.9313,26602690.0
1515456000,29.4462,29.7279,29.3288,29.3366,28044260.0
1515542400,29.2584,29.2584,28.5932,28.6558,41064060.0
1515628800,28.695,28.7732,28.4602,28.5463,41394670.0
1515715200,28.5463,28.9454,28.4211,28.8749,31163420.0
1516060800,28.8749,28.9688,28.5932,28.7341,24692690.0
1516147200,28.7732,28.9141,28.5502,28.8358,21745800.0
1516233600,28.828,29.2505,28.8045,29.0706,27437720.0
1516320000,29.2427,29.2427,28.9062,29.1175,27895370.0
1516579200,29.1097,29.6575,28.9375,29.634,31300190.0
1516665600,29.6966,29.9079,28.9767,29.1019,32009350.0
1516752000,29.1801,29.2545,28.9375,28.9688,24975790.0
1516838400,29.0236,29.3053,28.828,29.3053,23395900.0
1516924800,29.3131,29.5949,29.2349,29.5949,20126180.0
1517184000,29.0549,29.4853,28.9375,29.1566,30746240.0
1517270400,29.2349,29.5792,29.1879,29.2975,28438430.0
1517356800,29.2818,29.6769,29.2114,29.3053,41276320.0
1517443200,30.1348,30.7452,30.0495,30.6434,59930740.0
1517529600,30.5417,30.5495,29.587,29.7905,45931540.0
1517788800,29.587,29.9783,28.6637,28.6637,45220890.0
1517875200,28.2333,29.008,27.7794,28.8202,62344920.0
1517961600,28.8045,29.3053,28.7497,28.8984,35607260.0
1518048000,28.8671,28.9141,27.8342,27.8342,44804930.0
1518134400,28.0376,28.4446,27.4116,28.2098,50137940.0
1518393600,28.4289,28.6402,28.1472,28.4602,27707800.0
1518480000,28.3976,28.7263,28.1472,28.6402,21484470.0
1518566400,28.4837,28.7724,28.2567,28.4915,24817350.0
1518652800,28.5385,28.9532,28.3506,28.9532,27090540.0
1518739200,28.9375,29.2584,28.8437,29.0627,19898060.0
1519084800,28.8593,29.0236,28.695,28.7732,21838990.0
1519171200,28.7732,28.9835,28.3898,28.4133,20784740.0
1519257600,28.5385,28.9454,28.4915,28.5385,18535620.0
1519344000,28.6011,28.7576,28.3976,28.7341,17441940.0
1519603200,28.8984,29.3523,28.8045,29.3131,19845480.0
1519689600,29.2818,29.454,28.8515,28.8515,21386790.0
1519776000,29.094,29.094,28.4054,28.4054,29246110.0
1519862400,28.4133,28.7576,28.065,28.1707,28538940.0
1519948800,28.1707,28.4837,28.1315,28.4446,21351670.0
1520208000,28.3272,28.8123,28.2489,28.7184,19297550.0
1520294400,28.8202,28.8749,28.5619,28.8515,17387350.0
1520380800,28.6324,28.9728,28.6089,28.8828,18484800.0
1520467200,28.8828,29.0393,28.6089,29.0393,20571810.0
1520553600,29.0862,29.1253,28.8123,28.9923,18815330.0
1520812800,28.9923,29.3953,28.9845,29.2349,22297520.0
1520899200,29.3836,29.587,29.1566,29.2584,19180440.0
1520985600,29.4149,29.4149,28.9219,28.9767,18577400.0
1521072000,29.0236,29.1801,28.961,28.9845,21830780.0
1521158400,29.0236,29.2192,28.8749,28.9532,36596350.0
1521417600,28.9375,29.0275,28.5385,28.6245,19423380.0
1521504000,28.7028,28.8123,28.3115,28.4367,20163730.0
1521590400,28.4367,28.5619,28.1707,28.1707,17405670.0
1521676800,28.1315,28.202,27.6699,27.6777,28111250.0
1521763200,27.6777,28.1628,27.036,27.1534,35017800.0
1522022400,27.4351,27.6124,26.9499,27.1456,31453220.0
1522108800,27.2708,27.5447,27.1456,27.3099,33835240.0
1522195200,27.6151,28.0533,27.576,27.8264,30728900.0
1522281600,27.9203,28.0846,27.4038,27.8968,27551350.0
1522627200,27.842,27.9046,27.255,27.4664,28971800.0
1522713600,27.5134,27.7168,27.2708,27.6777,21874410.0
1522800000,27.4195,28.1237,27.3725,28.0768,20362020.0
1522886400,28.1159,28.335,27.9229,28.2802,16915690.0
1522972800,28.1785,28.3272,27.7168,27.8811,24935150.0
1523232000,27.576,27.9359,27.4351,27.5212,21849170.0
1523318400,27.6386,28.4759,27.4273,28.022,40176120.0
1523404800,27.9046,27.9594,27.529,27.5838,21041380.0
1523491200,27.7168,27.7559,27.4351,27.5134,21930600.0
1523577600,27.5525,27.6777,27.4038,27.4977,14368040.0
1523836800,27.6777,28.0298,27.5564,27.889,24894380.0
1523923200,27.9281,27.9868,27.6307,27.6699,20568610.0
1524009600,27.7638,27.8107,27.5134,27.5525,21594450.0
1524096000,27.576,27.5994,27.2395,27.2473,23502910.0
1524182400,27.2786,27.4351,26.723,27.1299,32446580.0
1524441600,27.1612,27.3021,27.0673,27.3021,20846070.0
1524528000,27.5055,27.6464,27.2003,27.3882,21558760.0
1524614400,27.2856,27.576,27.1769,27.5447,24803200.0
1524700800,26.1674,26.3709,25.4045,25.9014,131355600.0
1524787200,25.9327,26.2613,25.8388,25.8544,54164700.0
1525046400,26.0344,26.1439,25.5649,25.5884,46076260.0
1525132800,25.6275,25.7527,25.3223,25.4632,35804790.0
1525219200,25.5336,25.5336,24.9623,25.0875,40077170.0
1525305600,25.0719,25.158,24.7354,24.9936,40278760.0
1525392000,24.9936,25.2519,24.8998,25.1501,25496440.0
1525651200,25.2127,25.2362,24.9232,25.0719,26241780.0
1525737600,25.0171,25.0406,24.7119,24.8058,33053450.0
1525824000,24.7511,24.8137,24.3911,24.5711,37476590.0
1525910400,24.7119,25.0641,24.6493,24.9467,29883410.0
1525996800,25.0406,25.2832,25.0328,25.2675,27502620.0
1526256000,25.3458,25.4162,25.1228,25.1893,26820430.0
1526342400,25.1501,25.2284,24.8919,25.111,26490940.0
1526428800,25.111,25.3614,25.0797,25.2754,19041230.0
1526515200,25.338,25.3614,24.9623,24.9858,25361950.0
1526601600,24.9936,25.1188,24.8684,25.0797,21753420.0
1526860800,25.1658,25.5492,24.9584,25.5023,28477760.0
1526947200,25.5336,25.6744,25.3536,25.3771,29378770.0
1527033600,25.3693,25.4514,25.0797,25.2988,25924430.0
1527120000,25.3458,25.6744,25.2049,25.651,35223500.0
1527206400,25.5884,25.604,25.3458,25.4397,21812680.0
1527552000,25.4006,25.424,25.1501,25.2988,26935170.0
1527638400,25.3223,25.5395,25.2597,25.4866,23536090.0
1527724800,25.4475,25.471,25.1658,25.291,29410740.0
1527811200,25.4162,25.5179,25.3223,25.4084,23746310.0
1528070400,25.4945,25.5727,25.3301,25.3614,18367850.0
1528156800,25.3614,25.5962,25.2754,25.5727,23405940.0
1528243200,25.6431,26.2613,25.5101,26.1205,34125860.0
1528329600,25.8779,26.5822,25.7449,26.457,42553610.0
1528416000,26.3396,26.6291,26.277,26.4726,33162190.0
1528675200,26.5822,26.9812,26.457,26.7465,36982430.0
1528761600,27.0047,27.0204,26.6682,26.8795,55653180.0
1528848000,25.8231,25.9327,25.2049,25.2127,194948900.0
1528934400,25.5101,25.8075,25.1188,25.4475,88085310.0
1529020800,25.5258,26.0344,25.158,25.9405,113679900.0
1529280000,25.8388,25.8544,25.1188,25.1893,78572530.0
1529366400,25.0406,25.5101,25.0093,25.3458,87293820.0
1529452800,25.4319,25.4945,25.0015,25.0406,55512890.0
1529539200,25.1188,25.2754,24.6572,24.7276,51328160.0
1529625600,24.8293,24.9545,24.6572,24.798,63865080.0
1529884800,24.7667,25.0015,24.7119,24.8137,48594280.0
1529971200,24.8293,24.8919,24.5711,24.7432,44616500.0
1530057600,25.0249,25.0797,24.7589,24.7667,46379170.0
1530144000,24.845,25.291,24.7745,25.1893,42212680.0
1530230400,25.2362,25.424,25.0797,25.1267,42004320.0
1530489600,25.1658,25.2832,25.0406,25.2049,37739580.0
1530576000,25.2362,25.6588,25.1814,25.5962,33880390.0
1530748800,25.6275,25.6666,25.4006,25.5101,35316250.0
1530835200,25.5571,25.6197,25.3927,25.5727,41189420.0
1531094400,25.2284,25.3301,25.1267,25.158,43430270.0
1531180800,25.2284,25.4319,25.1423,25.4319,38783710.0
1531267200,25.2597,25.3145,24.931,24.9389,39139740.0
1531353600,25.0875,25.2832,24.9623,25.2206,44265080.0
1531440000,24.9467,24.978,24.6493,24.7824,53335160.0
1531699200,24.8137,25.0289,24.7667,24.9623,33202580.0
1531785600,24.9389,25.1267,24.8137,24.8528,36403310.0
1531872000,24.8997,25.0015,24.8058,24.8137,44548180.0
1531958400,24.8293,24.8684,24.4537,24.4694,51622890.0
1532044800,24.5163,24.5554,24.2894,24.3363,36630770.0
1532304000,24.3676,24.4146,24.1016,24.2581,37253410.0
1532390400,24.4537,24.7902,24.2659,24.7902,50731640.0
1532476800,24.3363,24.3989,23.5773,23.6712,96399200.0
1532563200,23.7573,23.9138,23.7103,23.7494,44321640.0
1532649600,23.8277,24.4224,23.7519,24.3207,46026850.0
1532908800,24.6963,25.1423,24.6102,25.0406,64007780.0
1532995200,25.1501,25.3067,24.9936,25.0171,47508270.0
1533081600,25.1971,25.2519,24.888,24.9623,31350040.0
1533168000,24.9232,25.1188,24.8567,24.9232,31192830.0
1533254400,24.9623,25.2597,24.8528,25.2519,26561240.0
1533513600,25.2049,25.291,25.0406,25.1267,30060840.0
1533600000,25.111,25.3849,25.0171,25.3536,27329200.0
1533686400,25.4162,25.4553,25.2754,25.3223,21947940.0
1533772800,25.3536,25.4319,25.2323,25.424,16907060.0
1533859200,25.3458,25.3575,25.1658,25.2441,21470700.0
1534118400,25.2441,25.3067,25.1814,25.2049,22766150.0
1534204800,25.2284,25.338,25.2049,25.2284,18002280.0
1534291200,25.2597,25.471,25.1423,25.4084,29624580.0
1534377600,25.4553,25.9327,25.4553,25.8935,37376870.0
1534464000,25.8701,26.0266,25.7918,25.8466,26117150.0
1534723200,25.9327,26.0187,25.8309,25.9092,23486750.0
1534809600,26.0813,26.277,26.0657,26.1361,27542210.0
1534896000,25.9796,25.9796,25.5571,25.5727,34136650.0
1534982400,25.5805,25.6588,25.3614,25.424,21443960.0
1535068800,25.4006,25.6197,25.4006,25.5414,16224140.0
1535328000,25.6197,25.8466,25.604,25.6901,17589230.0
1535414400,25.6744,25.6901,25.5336,25.5649,16461510.0
1535500800,25.5571,25.5884,25.2049,25.2206,25154620.0
1535587200,25.1971,25.291,24.9389,25.0093,25546310.0
1535673600,25.0015,25.0328,24.8215,24.9936,31238500.0
1536019200,24.8684,24.9936,24.6337,24.931,25152300.0
1536105600,24.845,25.0797,24.6806,25.0562,26698180.0
1536192000,25.1423,25.2832,25.0406,25.1814,25642680.0
1536278400,25.1658,25.3458,25.111,25.1345,25746530.0
1536537600,25.2597,25.5805,25.1971,25.3458,26264430.0
1536624000,25.4162,25.6666,25.4084,25.5649,26309980.0
1536710400,25.6979,26.3318,25.6979,26.1518,49448450.0
1536796800,26.1674,26.3631,25.8896,26.3552,34480190.0
1536883200,26.3005,26.3318,26.0579,26.2926,32722990.0
1537142400,26.2926,26.457,26.1598,26.3083,25302040.0
1537228800,26.2613,26.543,26.1223,26.3865,33650990.0
1537315200,26.5509,26.5743,26.0187,26.1126,30990210.0
1537401600,26.2065,26.2378,25.9405,26.1674,24765170.0
1537488000,26.6448,26.7934,26.4335,26.4335,130145000.0
1537747200,26.8013,26.8247,26.41,26.5352,35523400.0
1537833600,26.4335,26.7543,26.3631,26.4178,30354620.0
1537920000,26.4726,26.5352,26.0892,26.097,32627480.0
1538006400,26.1604,26.4257,26.0344,26.1518,24827550.0
1538092800,26.1439,26.3552,26.0658,26.277,22041620.0
1538352000,26.3396,26.41,26.1283,26.2065,22437670.0
1538438400,26.2378,26.5509,26.1948,26.543,29994190.0
1538524800,26.6682,26.6995,26.4257,26.543,26695960.0
1538611200,26.4726,26.7152,26.2418,26.6995,27506170.0
1538697600,26.7543,26.8404,26.4978,26.5978,28664690.0
1538956800,26.6135,26.7465,26.4335,26.6917,27827930.0
1539043200,26.3631,26.3709,26.2144,26.2144,27848960.0
1539129600,26.3161,26.5978,25.6979,25.7057,45493240.0
1539216000,25.6901,25.8701,24.7745,24.845,63539290.0
1539302400,25.1893,25.3223,24.9232,25.2362,42852810.0
1539561600,25.2519,25.5649,25.2049,25.3223,33160930.0
1539648000,25.3301,25.4045,25.158,25.3458,26482600.0
1539734400,25.3614,25.604,25.2597,25.4866,28344690.0
1539820800,25.4866,25.7057,25.2284,25.4319,30340820.0
1539907200,25.3927,25.784,25.2832,25.7214,34763550.0
1540166400,25.7527,25.7918,25.5023,25.5649,23086140.0
1540252800,25.5884,26.0422,25.0797,25.8388,53401040.0
1540339200,24.8293,24.8841,23.679,23.7573,118749700.0
1540425600,23.9842,24.0311,23.2878,23.4599,76731610.0
1540512000,23.3895,23.4208,22.5757,22.7635,77623070.0
1540771200,23.1547,23.726,22.92,23.1939,48435420.0
1540857600,23.3582,23.9372,23.3347,23.8433,49056750.0
1540944000,24.0155,24.2424,23.5695,24.0077,44808230.0
1541030400,24.2503,24.2972,23.7729,23.859,35226470.0
1541116800,23.9685,24.1876,23.7494,23.8825,32971570.0
1541376000,23.9685,24.1485,23.9216,23.9685,26541190.0
1541462400,23.9764,24.2346,23.8746,24.2268,24303810.0
1541548800,24.2503,24.3598,24.0155,24.3363,30818620.0
1541635200,24.3207,24.3833,24.1642,24.2894,29506690.0
1541721600,24.2424,24.3207,23.8199,24.0155,39991630.0
1541980800,24.0233,24.4381,23.9842,24.0859,25019880.0
1542067200,24.1407,24.1798,23.6947,23.7338,25210780.0
1542153600,23.9059,24.0351,23.5616,23.8746,31224830.0
1542240000,23.7494,23.7651,23.3973,23.5695,38505970.0
1542326400,23.5303,23.8042,23.4364,23.7025,28593290.0
1542585600,23.7416,24.0194,23.6399,23.7494,27769390.0
1542672000,23.4521,23.6164,23.006,23.0217,41386970.0
1542758400,23.0843,23.4951,23.0139,23.2956,30303120.0
1542931200,23.2878,23.2878,22.9669,22.9747,13401040.0
1543190400,23.2017,23.5929,23.1939,23.4364,33335760.0
1543276800,23.3504,23.859,23.2565,23.8199,32149040.0
1543363200,23.8199,24.1563,23.7494,24.0546,32857930.0
1543449600,23.7651,24.0311,23.6321,23.9216,30640050.0
1543536000,24.0311,24.5946,24.0077,24.4459,80460330.0
1543795200,24.8371,24.9623,24.5007,24.8137,43524530.0
1543881600,24.8293,25.0484,23.9998,24.0468,44761940.0
1544054400,23.8512,23.9138,23.3582,23.8903,50009080.0
1544140800,23.6477,24.1642,23.4834,23.5851,34446060.0
1544400000,23.5382,23.546,22.8261,23.4051,41001380.0
1544486400,23.8199,23.9998,23.1508,23.2408,44363070.0
1544572800,23.5616,23.7025,23.4169,23.6008,40880430.0
1544659200,23.546,23.6242,23.1234,23.4051,45950780.0
1544745600,23.3425,23.7886,23.2408,23.6477,41617010.0
1545004800,23.5773,23.6634,23.1626,23.366,42144270.0
1545091200,23.186,23.4912,23.1626,23.2799,41917530.0
1545177600,23.413,23.7103,23.1733,23.3347,51402090.0
1545264000,23.3504,23.366,22.0592,22.4192,76531800.0
1545350400,22.1766,22.8808,22.0201,22.1531,79245500.0
1545609600,22.0748,22.1375,21.4097,21.4097,41110050.0
1545782400,21.5193,21.9888,20.9715,21.9731,57312080.0
1545868800,21.7618,22.0357,21.261,22.0279,54472190.0
1545955200,22.0592,22.5365,22.0435,22.2705,47551440.0
1546214400,22.3566,22.4113,21.9809,22.3331,46145770.0
1546387200,22.3018,23.1547,22.1453,23.1156,39156700.0
1546473600,23.0999,23.3241,22.8574,23.1469,38318190.0
1546560000,23.4443,23.7729,23.3856,23.7416,42045270.0
1546819200,24.0468,24.4694,23.8042,24.172,40235960.0
1546905600,24.5007,24.5554,24.2816,24.4772,43542010.0
1546992000,24.1642,24.1642,23.4521,23.5538,44281950.0
1547078400,23.5147,23.8512,23.3347,23.7886,31995400.0
1547164800,23.7886,24.219,23.7181,24.1563,28917280.0
1547424000,24.0233,24.0859,23.7807,23.9607,22868440.0
1547510400,23.8825,23.9451,23.6555,23.9451,26601970.0
1547596800,23.8903,24.0624,23.7494,23.9138,24398070.0
1547683200,23.9059,24.0585,23.7925,23.9764,26264440.0
1547769600,24.1172,24.2816,23.8825,24.2268,43199780.0
1548115200,24.1955,24.2503,23.8042,23.9294,37653980.0
1548201600,24.039,24.1798,23.9372,24.172,27846850.0
1548288000,24.0859,24.0859,23.6868,23.9451,24385670.0
1548374400,24.0077,24.2855,23.9764,23.992,30478140.0
1548633600,23.9607,24.0077,23.812,23.9998,31023150.0
1548720000,23.9607,24.0233,23.8277,24.0233,31320730.0
1548806400,23.4443,23.7886,22.7009,22.9826,92907680.0
1548892800,23.0843,23.546,22.8065,23.5225,50716730.0
1548979200,23.6399,23.7573,23.3973,23.4756,40874290.0
1549238400,23.499,23.499,23.1312,23.1704,38940020.0
1549324800,23.2173,23.2486,23.0567,23.186,29020870.0
1549411200,23.2408,23.3112,23.0999,23.1312,22443110.0
1549497600,23.1156,23.1312,22.6304,23.0452,37878130.0
1549584000,23.006,23.1312,22.7713,23.1234,24194900.0
1549843200,23.1469,23.3504,23.053,23.2486,29011150.0
1549929600,23.3582,23.499,23.2679,23.3269,29979500.0
1550016000,23.3269,23.3817,23.0843,23.3504,30033420.0
1550102400,23.2408,23.4834,23.1234,23.3112,25842620.0
1550188800,23.499,23.8825,23.4208,23.8433,37151660.0
1550534400,23.8355,24.0077,23.7181,23.9685,24616520.0
1550620800,23.9764,24.2134,23.8355,24.1407,23670680.0
1550707200,24.1485,24.305,23.9685,24.125,26281120.0
1550793600,24.219,24.4068,24.1172,24.3755,23345330.0
1551052800,24.4537,24.485,24.2737,24.3598,22411860.0
1551139200,24.3676,24.5946,24.2268,24.4302,29653470.0
1551225600,24.4381,24.4694,24.0859,24.305,26339060.0
1551312000,24.305,24.4694,24.2346,24.352,27702340.0
1551398400,24.4146,24.4459,23.9764,24.1172,30419580.0
1551657600,24.219,24.219,23.2173,23.4599,49257260.0
1551744000,23.4912,23.5147,23.3191,23.4364,25894940.0
1551830400,23.4756,23.5812,23.2917,23.3269,24415850.0
1551916800,23.366,23.5303,23.3191,23.413,24817730.0
1552003200,23.3582,23.5225,23.2721,23.4443,22499390.0
1552262400,23.4599,23.7181,23.4325,23.6477,26013020.0
1552348800,23.6712,24.1759,23.6477,23.9685,32471680.0
1552435200,23.9842,24.039,23.6399,23.6947,27523660.0
1552521600,23.6947,23.859,23.6399,23.6947,21331430.0
1552608000,23.8746,24.0077,23.7103,23.9998,53352360.0
1552867200,24.0077,24.1329,23.9346,24.1016,22902760.0
1552953600,24.1563,24.2972,23.9138,24.0077,27606410.0
1553040000,23.9372,24.0703,23.7886,23.8746,24584400.0
1553126400,23.8277,24.3755,23.8277,24.305,26269310.0
1553212800,24.2581,24.5241,24.2581,24.3129,33156680.0
1553472000,24.3363,24.3755,23.9842,24.0781,25625040.0
1553558400,24.2346,24.5867,24.2111,24.5633,24301910.0
1553644800,24.5007,24.7589,24.4537,24.5711,25505150.0
1553731200,24.5867,24.6493,24.1563,24.2659,26953470.0
1553817600,24.3833,24.5593,24.2346,24.5398,31595230.0
1554076800,24.7276,25.0328,24.6806,25.0015,36981850.0
1554163200,24.9702,25.0015,24.6885,24.7511,31886040.0
1554249600,24.8817,25.0093,24.7589,24.9389,28763210.0
1554336000,25.0015,25.1423,24.978,25.0249,28151460.0
1554422400,25.0954,25.3223,24.978,25.3145,39905920.0
1554681600,25.3927,25.4436,25.1893,25.3458,37213470.0
1554768000,24.9232,24.9545,24.6806,24.845,26771390.0
1554854400,24.845,25.0719,24.8371,24.9467,20273770.0
1554940800,24.978,25.2362,24.9467,25.1971,24925430.0
1555027200,25.2754,25.291,25.0093,25.1971,26004810.0
1555286400,25.2049,25.2362,24.9936,25.0562,19447310.0
1555372800,25.1345,25.2362,24.9936,25.2362,21684880.0
1555459200,25.1032,25.1971,25.0015,25.0015,21256020.0
1555545600,25.0015,25.1188,24.9232,25.0641,23283280.0
1555891200,25.0562,25.1814,24.9779,25.1032,22235450.0
1555977600,25.0875,25.2597,24.9467,25.1188,30454320.0
1556064000,24.3129,24.7198,23.8825,24.0937,71882380.0
1556150400,23.9725,23.9842,23.5147,23.7416,44006320.0
1556236800,23.8433,24.2268,23.6947,24.0077,34368850.0
1556496000,24.1876,24.4967,24.1172,24.1642,31708980.0
1556582400,24.2111,24.3637,24.0703,24.2268,34987790.0
1556668800,24.2972,24.4224,24.0859,24.0937,27046960.0
1556755200,24.2268,24.2659,23.9372,23.9607,29711540.0
1556841600,23.992,24.0937,23.9216,24.0233,28225620.0
1557100800,23.8355,23.9764,23.7729,23.9372,25182040.0
1557187200,23.8825,23.9372,23.6947,23.8903,25771200.0
1557273600,23.7807,23.8668,23.6086,23.7103,25015160.0
1557360000,23.6868,23.8277,23.5734,23.7729,27078360.0
1557446400,23.6712,24.039,23.6008,23.9607,22013320.0
1557705600,23.7494,23.9842,23.7416,23.8433,27713290.0
1557792000,24.0233,24.5554,23.9607,24.3285,37525170.0
1557878400,24.2894,24.4928,24.172,24.4537,23931320.0
1557964800,24.5339,24.9428,24.5339,24.7432,23634850.0
1558051200,24.5789,25.0367,24.5554,24.8841,30889490.0
1558310400,25.2597,25.8857,25.0093,25.1893,53455210.0
1558396800,25.2284,25.5414,25.111,25.3614,23313500.0
1558483200,25.2284,25.3927,25.1306,25.2597,19988760.0
1558569600,25.1814,25.291,24.9858,25.1501,24665480.0
1558656000,25.291,25.3145,25.1188,25.2519,16156740.0
1559001600,25.2988,25.3681,24.9702,24.9858,24523050.0
1559088000,24.9702,25.2049,24.798,24.9702,26948870.0
1559174400,25.0093,25.0954,24.7589,24.931,24227600.0
1559260800,24.305,24.3833,23.7729,23.9294,49412580.0
1559520000,24.039,24.532,24.0038,24.3285,36323620.0
1559606400,24.5633,24.6493,24.2385,24.6337,31262250.0
1559692800,24.7432,24.8137,24.5828,24.7902,20430780.0
1559779200,24.8841,25.1775,24.8058,25.1188,24411660.0
1559865600,25.1736,25.5884,25.1501,25.424,31788440.0
1560124800,25.5805,25.8231,24.931,24.9858,30927320.0
1560211200,25.0875,25.3849,25.0641,25.1267,19612610.0
1560297600,25.1267,25.2832,25.0641,25.1814,19282920.0
1560384000,25.2127,25.2988,25.1345,25.2675,16873430.0
1560470400,25.3067,25.3849,25.1814,25.3145,19848540.0
1560729600,25.2362,25.3458,25.1736,25.2754,16814240.0
1560816000,25.3849,25.5884,25.3536,25.3849,20534070.0
1560902400,25.4632,25.5023,25.2948,25.3614,21209550.0
1560988800,25.4945,25.514,25.2832,25.4632,27066010.0
1561075200,25.5805,25.5884,25.3693,25.3927,39218600.0
1561334400,25.424,25.5805,25.4006,25.4945,21745350.0
1561420800,25.5101,25.5101,25.3927,25.471,19229660.0
1561507200,25.5023,25.6588,25.4475,25.4553,27960850.0
1561593600,25.6353,25.8466,25.4788,25.8075,28184290.0
1561680000,25.8544,26.2535,25.7605,26.2222,40771310.0
1561939200,26.457,26.5274,26.1361,26.1596,32421660.0
1562025600,26.1909,26.5039,26.1126,26.4804,26635040.0
1562112000,26.5743,26.6369,26.5,26.59,20136490.0
1562284800,26.59,26.8952,26.5587,26.8404,24506960.0
1562544000,26.7074,26.8873,26.6604,26.8013,31848250.0
1562630400,26.2848,26.3396,26.1361,26.2457,30976980.0
1562716800,26.4022,26.4804,26.3083,26.4178,25352110.0
1562803200,26.5978,26.6213,26.0266,26.1831,28863920.0
1562889600,26.2378,26.3396,26.1244,26.3318,23251720.0
1563148800,26.3396,26.3987,26.2691,26.3787,20255060.0
1563235200,26.3552,26.3865,26.2222,26.277,17869350.0
1563321600,26.2613,26.277,26.0187,26.0266,18798180.0
1563408000,25.9718,25.9796,25.6979,25.8935,32128780.0
1563494400,26.0031,26.0344,25.6431,25.6588,32156760.0
1563753600,25.6275,25.6275,25.0954,25.1423,35521080.0
1563840000,25.158,25.1658,24.6611,25.111,45574410.0
1563926400,25.1814,26.1283,25.1814,26.0109,48284730.0
1564012800,26.277,26.5978,26.1752,26.457,39019230.0
1564099200,26.4022,26.7856,26.2848,26.723,34149300.0
1564358400,26.6604,26.9539,26.5587,26.8717,30939050.0
1564444800,26.9499,27.1064,26.6643,26.7465,33926820.0
1564531200,26.6448,26.9812,26.5196,26.6448,40633780.0
1564617600,26.9812,27.0751,26.6174,26.6995,41058880.0
1564704000,26.4491,26.8717,26.2457,26.7387,36476290.0
1564963200,26.3709,26.5587,25.9718,26.2065,37067640.0
1565049600,26.2222,26.5822,26.05,26.5743,31658720.0
1565136000,26.2926,26.7308,26.1048,26.6526,37948550.0
1565222400,26.8013,27.0282,26.6604,27.0282,28498500.0
1565308800,26.9421,27.0673,26.723,27.0282,22866770.0
1565568000,26.9734,27.0556,26.8169,26.9812,23659190.0
1565654400,26.8952,27.3569,26.8952,27.2786,31598980.0
1565740800,27.0751,27.0986,26.6221,26.6761,34615310.0
1565827200,26.7934,26.9689,26.5771,26.8717,24367610.0
1565913600,26.9812,27.3882,26.9226,27.3647,31102990.0
1566172800,27.396,27.7285,27.3803,27.6855,26135680.0
1566259200,27.6151,27.6229,27.3099,27.3725,21805800.0
1566345600,27.5368,27.5838,27.3647,27.5134,21916200.0
1566432000,27.576,27.7794,27.4468,27.6933,21461220.0
1566518400,27.6229,27.7325,27.1064,27.2473,33864030.0
1566777600,27.3647,27.4977,27.1612,27.3334,23199370.0
1566864000,27.396,27.4195,27.0986,27.169,32086660.0
1566950400,27.1299,27.3725,27.0243,27.3569,24369040.0
1567036800,27.4742,27.6464,27.4273,27.5055,23298620.0
1567123200,27.529,27.662,27.4429,27.5916,21610190.0
1567468800,27.4508,27.6933,27.3216,27.6855,20542300.0
1567555200,27.8029,28.0298,27.7325,27.9516,20751050.0
1567641600,28.0924,28.155,27.975,28.0846,21750090.0
1567728000,28.1315,28.4602,28.1002,28.3663,29266060.0
1567987200,29.5949,29.8453,28.7263,28.7889,117866000.0
1568073600,29.1136,29.5166,28.9297,29.407,48019600.0
1568160000,29.6809,30.3226,29.5088,30.3148,55071430.0
1568246400,30.0252,30.1113,29.5244,30.0331,42667020.0
1568332800,29.7435,30.0057,29.5283,29.6653,39225390.0
1568592000,29.501,29.6027,29.0422,29.1958,49189890.0
1568678400,28.9845,29.1488,28.7889,29.0784,35295610.0
1568764800,28.7654,28.9336,28.5541,28.7654,38600410.0
1568851200,28.9767,29.1253,28.7967,29.0706,27257880.0
1568937600,29.1879,29.7435,29.094,29.6653,79104100.0
1569196800,29.4383,29.6183,29.3288,29.4227,23711990.0
1569283200,29.5714,29.6144,29.2192,29.2505,28103290.0
1569369600,29.2114,29.3914,29.141,29.2505,22369590.0
1569456000,29.2662,29.3131,29.094,29.2505,21829110.0
1569542400,29.4305,29.5244,29.094,29.2897,24227760.0
1569801600,29.4149,29.677,29.3679,29.6105,28436230.0
1569888000,29.6966,29.7044,29.2427,29.274,24334720.0
1569974400,29.2271,29.2271,28.8906,29.0158,26612140.0
1570060800,28.9532,29.1097,28.6871,29.1019,21001460.0
1570147200,29.1253,29.3601,29.0549,29.3523,22598050.0
1570406400,29.407,29.634,29.3601,29.4697,21245340.0
1570492800,29.4853,29.5088,29.2505,29.3288,31034530.0
1570579200,29.1175,29.1253,28.8632,28.9923,24736030.0
1570665600,28.9532,29.3836,28.9297,29.2818,23887000.0
1570752000,29.4149,29.5792,29.321,29.407,27814610.0
1571011200,29.407,29.4892,29.1958,29.321,23651380.0
1571097600,29.3053,29.7905,29.2818,29.6575,22957990.0
1571184000,29.5949,29.7357,29.497,29.5714,22152460.0
1571270400,29.6262,29.6262,29.4305,29.587,19153750.0
1571356800,29.587,30.1504,29.5714,30.1035,37673770.0
1571616000,30.0644,30.2209,29.8844,29.9157,28041280.0
1571702400,29.5949,30.0174,29.4227,29.8687,20373530.0
1571788800,29.7435,29.8453,29.4423,29.5323,24362380.0
1571875200,29.4931,29.5557,28.5932,28.8123,40910410.0
1571961600,28.9062,29.0862,28.7341,28.8828,33280770.0
1572220800,29.9705,30.4087,29.7122,30.1191,62238150.0
1572307200,30.1191,30.1191,29.7201,29.7827,26710020.0
1572393600,30.0409,30.4145,29.8218,29.8922,34018830.0
1572480000,29.9,30.1191,29.6418,30.1191,39485030.0
1572566400,30.4791,30.5339,30.3148,30.4791,35232730.0
1572825600,30.5965,30.9095,30.4087,30.4321,35861680.0
1572912000,30.3695,30.7608,30.3539,30.6513,29715470.0
1572998400,30.7139,30.7373,30.5104,30.7139,21999340.0
1573084800,30.7452,30.9721,30.7139,30.8469,25542400.0
1573171200,30.7843,30.8508,30.5887,30.8156,18635140.0
1573430400,30.7217,30.8156,30.6747,30.8078,13585580.0
1573516800,30.7921,30.8938,30.573,30.6513,16550110.0
1573603200,30.6669,30.7608,30.5574,30.6434,16596950.0
1573689600,30.4947,30.5808,30.2756,30.4791,27469010.0
1573776000,30.62,30.9173,30.5652,30.9095,31476780.0
1574035200,30.753,31.066,30.6826,31.0112,25969680.0
1574121600,30.4556,30.4947,29.2427,29.7357,64556820.0
1574208000,29.0236,29.4305,28.4837,29.094,69861440.0
1574294400,28.9767,29.501,28.9767,29.4227,31358460.0
1574380800,29.5401,29.6809,29.4931,29.5401,19877070.0
1574640000,29.6575,29.6575,29.094,29.1566,32466120.0
1574726400,29.1723,29.2975,28.7732,29.2662,54029540.0
1574812800,29.2975,29.5949,29.2662,29.4697,17069490.0
1574985600,29.5323,29.7044,29.2349,29.2505,18172510.0
1575244800,29.3288,29.3288,29.1332,29.2036,24887610.0
1575331200,29.1097,29.3836,28.8788,29.3836,24870030.0
1575417600,29.4149,30.0174,29.3523,29.814,38236930.0
1575504000,29.8296,30.0174,29.7435,29.8844,21764570.0
1575590400,29.9626,30.1896,29.8413,29.8922,22613840.0
1575849600,29.8296,30.0722,29.7592,29.767,20702330.0
1575936000,29.7905,29.947,29.5949,29.7827,21783880.0
1576022400,29.7514,29.9313,29.7357,29.8687,18529000.0
1576108800,29.8922,30.1817,29.8922,30.0096,23599000.0
1576195200,29.9,29.9548,29.6966,29.9392,24895940.0
1576454400,30.0252,30.2443,30.0252,30.1974,24046920.0
1576540800,30.2052,30.2835,30.0878,30.127,34741140.0
1576627200,30.2052,30.4634,30.1974,30.3148,28439740.0
1576713600,30.3539,30.4634,30.2522,30.4634,26773190.0
1576800000,30.6826,30.7217,30.4321,30.6356,48371160.0
1577059200,30.7139,30.8563,30.5495,30.573,29142240.0
1577145600,30.5965,30.6121,30.44,30.4869,8697213.0
1577318400,30.5104,30.6747,30.4947,30.6434,19818850.0
1577404800,30.706,30.7999,30.6747,30.706,15434020.0
1577664000,30.7295,30.7373,30.5026,30.5495,17671580.0
1577750400,30.5261,30.6043,30.4087,30.5808,20218350.0
1577923200,30.6434,30.6904,30.2913,30.4087,30256310.0
1578009600,30.1896,30.6747,30.1817,30.5652,27416010.0
1578268800,30.5104,30.6356,30.3774,30.5965,38696250.0
1578355200,30.5808,30.753,30.5026,30.7139,28375360.0
1578441600,30.7765,30.9486,30.7452,30.8078,40542490.0
1578528000,30.4556,30.5182,30.1661,30.3617,39456700.0
1578614400,30.3695,30.4791,30.1817,30.1817,29723000.0
1578873600,30.1583,30.1661,29.7514,29.814,33073730.0
1578960000,29.7827,29.8805,29.6966,29.8061,26536990.0
1579046400,29.7122,29.7553,29.5714,29.634,26077240.0
1579132800,29.7279,29.8374,29.5557,29.7592,27320260.0
1579219200,29.7748,30.08,29.7201,30.0331,33593550.0
1579564800,30.0096,30.2365,29.8766,30.1426,43754580.0
1579651200,30.2678,30.6278,30.2365,30.5495,36134770.0
1579737600,30.4869,30.5104,30.1661,30.2287,29007980.0
1579824000,30.2052,30.3461,29.9157,30.127,34465330.0
1580083200,29.7514,30.1817,29.7435,29.9313,35221570.0
1580169600,29.9861,30.3617,29.947,30.1896,30847840.0
1580256000,30.127,30.1739,28.9728,28.9923,57974420.0
1580342400,28.5385,29.3053,28.4211,29.2897,50680310.0
1580428800,29.2036,29.5479,29.1488,29.4383,41160010.0
1580688000,29.7044,29.7122,28.7967,28.9219,40785830.0
1580774400,29.0158,29.5323,28.9023,29.4462,31958850.0
1580860800,29.5244,29.6966,29.3601,29.587,24637490.0
1580947200,29.6264,30.1113,29.6264,30.08,26212560.0
1581033600,30.0878,30.2991,30.0174,30.0878,25198660.0
1581292800,30.0644,30.1583,29.814,30.0018,18544340.0
1581379200,30.1191,30.3774,29.6575,29.8687,31978010.0
1581465600,29.8844,29.9939,29.7514,29.767,31309380.0
1581552000,29.6418,30.0722,29.6222,29.9783,24627630.0
1581638400,29.9548,30.1035,29.8218,29.9313,27388870.0
1581984000,29.8766,29.9856,29.767,29.9392,24280100.0
1582070400,29.9235,30.2443,29.8609,30.08,22601210.0
1582156800,30.0487,30.26,29.9783,30.213,27176130.0
1582243200,30.1426,30.2678,30.0213,30.1661,28468240.0
1582502400,29.7279,30.1348,29.7201,29.7748,34886900.0
1582588800,29.8218,29.9548,29.1566,29.2271,48886210.0
1582675200,29.1019,29.5675,28.8906,29.0314,40268170.0
1582761600,28.6245,28.8851,27.6699,27.9594,66325720.0
1582848000,26.6056,27.9516,25.8309,27.5603,121099700.0
1583107200,27.6777,29.2818,27.6151,29.094,68432790.0
1583193600,29.1566,29.7044,28.0689,28.4054,63808010.0
1583280000,28.9688,29.9079,28.7341,29.8766,42070350.0
1583366400,29.2662,29.677,28.9297,29.094,45298120.0
1583452800,28.7263,29.1488,28.3115,28.9767,48883080.0
1583712000,27.396,28.288,26.903,27.1456,67968650.0
1583798400,27.7872,28.0846,26.7934,28.0533,56660610.0
1583884800,27.2708,27.4429,26.7308,27.0125,45340450.0
1583971200,24.931,26.1596,24.305,24.5163,84215240.0
1584057600,25.7605,27.083,24.9271,26.9734,64688760.0
1584316800,24.2581,26.5196,24.1955,24.8919,58776600.0
1584403200,25.1345,26.6534,25.0484,26.4022,59642020.0
1584489600,25.0406,25.7527,23.6712,25.7057,76034400.0
1584576000,24.5398,25.424,23.8668,24.3755,60817170.0
1584662400,23.8355,23.8668,22.0514,22.2627,116732300.0
1584921600,21.4332,21.6836,20.4081,20.948,96884140.0
1585008000,21.9105,22.1453,21.0028,21.9809,76300910.0
1585094400,21.9731,23.4208,21.4175,22.2235,68027710.0
1585180800,22.4426,24.2268,22.4426,23.9451,64092410.0
1585267200,23.233,24.1172,22.8652,23.3504,46386010.0
1585526400,23.3973,23.7964,23.0686,23.6555,41629880.0
1585612800,23.5069,23.5773,22.7322,22.8104,69813370.0
1585699200,22.2079,22.3644,21.6758,21.9496,54645990.0
1585785600,21.9105,22.5913,21.9105,22.5052,33818420.0
1585872000,22.3253,22.4896,21.3236,21.488,53443180.0
1586131200,22.2235,23.2252,22.1531,23.0373,53502010.0
1586217600,23.8199,24.2346,23.5303,23.5382,54265550.0
1586304000,23.4364,23.4756,22.7713,23.3895,40793290.0
1586390400,23.4756,24.2111,23.4677,24.0468,50332670.0
1586736000,23.8668,24.0351,23.3973,23.6242,34145820.0
1586822400,24.0155,24.3794,23.7494,24.3598,31941490.0
1586908800,23.9685,24.2267,23.4443,23.546,37542890.0
1586995200,23.6947,23.6947,23.2447,23.6008,32533860.0
1587081600,24.1407,24.4537,24.0233,24.4381,34656150.0
1587340800,24.1407,24.5867,24.0241,24.2424,30583180.0
1587427200,23.8746,23.8825,23.1939,23.3738,43213060.0
1587513600,24.1798,24.1798,22.9356,23.0608,50764170.0
1587600000,23.0373,23.5147,22.9513,23.0843,34011520.0
1587686400,23.1547,23.4364,22.8065,23.2486,35567750.0
1587945600,23.4677,24.0077,23.2721,23.8981,33320720.0
1588032000,24.2581,24.352,23.9568,23.9842,30924780.0
1588118400,24.3598,24.9389,24.3129,24.5946,33160140.0
1588204800,24.2581,24.2972,23.6947,23.8433,40751940.0
1588291200,24.0781,24.0937,23.2799,23.3973,36851310.0
1588550400,23.2799,23.2799,22.8652,23.1626,35164100.0
1588636800,23.2721,23.6164,23.2565,23.2721,24626120.0
1588723200,23.3347,23.3738,22.5287,22.5287,45094230.0
1588809600,22.8261,22.8495,22.56,22.607,31814280.0
1588896000,22.92,23.3582,22.8574,23.3112,24047670.0
1589155200,23.2017,23.2017,22.8104,22.9904,29223360.0
1589241600,23.0921,23.2173,22.607,22.607,35220890.0
1589328000,22.5365,22.6304,21.9105,21.9809,49265020.0
1589414400,21.8949,22.38,21.6053,22.3644,39827030.0
1589500800,22.1296,22.2666,21.9653,22.1531,32250320.0
1589760000,22.6852,23.233,22.6383,23.0452,34952260.0
1589846400,23.053,23.0999,22.6148,22.6617,35217780.0
1589932800,22.9043,23.3347,22.7009,23.1547,37899060.0
1590019200,23.3112,23.5225,23.1078,23.2956,38670850.0
1590105600,23.3034,23.4051,23.0256,23.3817,26638290.0
1590451200,23.9764,24.352,23.9216,24.1172,41383190.0
1590537600,24.8371,25.0211,24.6728,24.9232,43440280.0
1590624000,25.0641,25.0954,24.2346,24.305,39689490.0
1590710400,23.9059,24.2268,23.7338,24.1485,43747280.0
1590969600,24.0624,24.4459,23.9451,24.2033,24959540.0
1591056000,24.2972,24.3363,24.0311,24.2503,28436960.0
1591142400,24.4928,24.7745,24.4772,24.6572,27861300.0
1591228800,24.5633,24.8841,24.4772,24.8841,30762810.0
1591315200,25.4632,25.8231,25.2167,25.6431,46689380.0
1591574400,25.8231,26.0109,25.5805,26.0031,34279280.0
1591660800,25.6744,25.7136,25.3145,25.5258,32209530.0
1591747200,25.4866,25.5258,25.1188,25.1501,27291220.0
1591833600,24.4146,24.5085,23.5655,23.6086,49865160.0
1591920000,24.2737,24.3207,23.4834,23.8668,36279650.0
1592179200,23.4677,23.9842,23.0999,23.8668,40263560.0
1592265600,24.5867,24.6219,23.7573,24.0859,41630970.0
1592352000,24.0859,24.1172,23.6399,23.679,31480620.0
1592438400,23.5225,23.7964,23.4364,23.7494,28364620.0
1592524800,24.0155,24.0624,23.4599,23.7181,74958940.0
1592784000,23.6164,23.7103,23.4756,23.5616,29559420.0
1592870400,23.7103,24.0056,23.6321,23.6712,38913010.0
1592956800,23.499,23.5069,22.8182,23.0217,65596030.0
1593043200,23.0765,23.3269,22.8574,23.2565,36571310.0
1593129600,23.1312,23.1312,22.6304,22.7556,76576680.0
1593388800,22.9513,23.4208,22.92,23.4051,37534500.0
1593475200,23.4834,23.7416,23.2486,23.6555,43791450.0
1593561600,23.5773,23.8512,23.3599,23.3973,30972790.0
1593648000,23.5616,23.8668,23.4912,23.5382,37724980.0
1593993600,23.8981,23.9451,23.6634,23.859,33715850.0
1594080000,23.7103,23.8277,23.6555,23.726,27509240.0
1594166400,23.8355,23.902,23.5929,23.8355,38933020.0
1594252800,23.3738,23.3817,22.9982,23.1156,39365700.0
1594339200,23.0843,23.6516,23.0452,23.5773,36893100.0
1594598400,23.6008,23.6086,23.1939,23.2878,40993110.0
1594684800,23.2565,23.5538,23.1039,23.4443,30603500.0
1594771200,23.5303,23.5773,23.3582,23.4834,30955940.0
1594857600,23.4521,23.8668,23.4132,23.7807,32987050.0
1594944000,23.8512,23.8903,23.6196,23.6712,23156730.0
1595203200,23.6164,23.6164,23.3191,23.3582,32399530.0
1595289600,23.3895,23.8042,23.366,23.6712,34270710.0
1595376000,23.6008,23.6868,23.4364,23.6008,30508670.0
1595462400,23.5929,23.5929,23.1156,23.3973,51503450.0
1595548800,23.3191,23.6399,23.053,23.1391,38727180.0
1595808000,23.0843,23.0921,22.8574,22.92,33494620.0
1595894400,22.8965,23.3895,22.8495,23.233,37667130.0
1595980800,23.2173,23.2173,22.9356,23.1312,30475880.0
1596067200,23.0608,23.2643,22.9747,23.1391,26647890.0
1596153600,23.0921,23.1782,22.9043,23.1469,38694210.0
1596412800,23.4325,23.4599,23.0139,23.1782,38979160.0
1596499200,23.1626,23.5968,23.1312,23.4834,34044430.0
1596585600,23.5929,23.6391,23.3112,23.3582,22991670.0
1596672000,23.2486,23.546,23.2252,23.3504,21908730.0
1596758400,23.2721,23.5225,23.1469,23.4912,30422080.0
1597017600,23.5147,23.6321,23.4638,23.6321,35514360.0
1597104000,23.7964,24.0781,23.5538,23.6321,30986950.0
1597190400,23.7573,23.8746,23.5616,23.6164,21188090.0
1597276800,23.4756,23.5773,23.3504,23.4051,24893070.0
1597363200,23.3425,23.5929,23.2878,23.4834,22547750.0
1597622400,23.5382,23.5382,23.3191,23.3582,25019450.0
1597708800,23.366,23.4208,23.2956,23.3112,21913570.0
1597795200,23.3269,23.3895,23.2252,23.2643,24779950.0
1597881600,23.1234,23.3777,23.0843,23.2173,22927030.0
1597968000,23.2643,23.3112,23.1078,23.233,24883650.0
1598227200,23.2486,23.5147,23.2099,23.499,26384320.0
1598313600,23.546,23.5851,23.3425,23.3973,21027060.0
1598400000,23.3425,23.5695,23.2408,23.4677,27840310.0
1598486400,23.4834,23.6086,23.3308,23.3973,29612450.0
1598572800,23.4286,23.5382,23.3269,23.5069,26839370.0
1598832000,23.5929,23.6008,23.3191,23.3269,41482990.0
1598918400,23.2721,23.2799,22.9434,23.0608,46552900.0
1599004800,22.9826,23.3504,22.9434,23.2408,35128790.0
1599091200,23.3034,23.6125,23.0217,23.1547,44328300.0
1599177600,23.186,23.3738,22.8965,23.0217,44835230.0
1599523200,23.0843,23.1626,22.7087,23.0921,46433100.0
1599609600,23.186,23.2404,22.9826,22.9826,29620230.0
1599696000,22.9904,22.9904,22.6148,22.6226,47416640.0
1599782400,22.6617,22.7948,22.5365,22.693,29669550.0
1600041600,22.7713,22.9278,22.693,22.8026,28722810.0
1600128000,22.8417,22.9591,22.74,22.7869,25911740.0
1600214400,22.7948,23.1156,22.7869,22.8808,30879180.0
1600300800,22.8104,22.8808,22.6539,22.7478,31650020.0
1600387200,22.7243,22.8652,22.6226,22.6383,45861780.0
1600646400,22.5365,22.5522,22.114,22.4035,45474000.0
1600732800,22.3253,22.6383,22.2392,22.3096,28148370.0
1600819200,22.3409,22.4465,21.7853,21.8088,43786780.0
1600905600,21.8088,22.1101,21.7149,21.9418,33052110.0
1600992000,21.8401,21.9966,21.7149,21.9418,35928820.0
1601251200,22.1609,22.4192,22.0983,22.2079,30525150.0
1601337600,22.1922,22.2274,22.0122,22.1453,25472230.0
1601424000,22.2079,22.4348,22.1335,22.3096,39088210.0
1601510400,22.3174,22.4113,22.1766,22.294,28640460.0
1601596800,22.1218,22.607,22.0748,22.4426,28698110.0
1601856000,22.294,22.4974,22.1922,22.4348,33463570.0
1601942400,22.4935,22.8182,22.427,22.4661,39162570.0
1602028800,22.6304,22.6735,22.4505,22.5365,41425540.0
1602115200,22.1609,22.4035,22.0983,22.3879,32108640.0
1602201600,22.4035,22.4505,22.0905,22.1609,32697670.0
1602460800,22.1453,22.1453,21.9183,22.0122,51208930.0
1602547200,21.9183,22.0122,21.6601,21.7149,54011940.0
1602633600,21.6836,21.8714,21.5036,21.5114,48462440.0
1602720000,21.3706,21.4801,21.2141,21.4801,32086950.0
1602806400,21.5036,21.574,21.3784,21.3862,29326150.0
1603065600,21.4684,21.4958,20.9871,21.0341,52128040.0
1603152000,21.1202,21.2219,20.8619,20.9402,41589790.0
1603238400,20.948,21.0654,20.768,20.9089,47749160.0
1603324800,21.7775,22.3018,21.6758,22.1296,89507900.0
1603411200,22.1844,22.2314,21.7149,21.7697,42630540.0
1603670400,21.621,21.6366,21.1984,21.4254,41524470.0
1603756800,21.3158,21.3393,21.0498,21.0654,35166960.0
1603843200,20.8893,21.0341,20.6976,20.7367,48948840.0
1603929600,20.7367,21.1671,20.6194,20.9402,44176200.0
1604016000,20.9245,21.1593,20.8854,21.1437,48443040.0
1604275200,21.441,21.5975,21.1358,21.3941,48052110.0
1604361600,21.5271,21.754,21.441,21.488,33284850.0
1604448000,21.2923,21.4762,21.0184,21.1593,45482690.0
1604534400,21.2767,21.7931,21.2689,21.5271,35119350.0
1604620800,21.5114,21.6797,21.4254,21.4723,26235290.0
1604880000,22.0983,22.5287,22.0279,22.1453,70673970.0
1604966400,22.3409,22.6696,22.294,22.5757,44191970.0
1605052800,22.6696,22.693,22.247,22.4818,39718750.0
1605139200,22.3018,22.3644,22.0592,22.2548,30495610.0
1605225600,22.3566,22.6852,22.2783,22.6226,27490070.0
1605484800,22.7791,22.873,22.6148,22.6696,49948990.0
1605571200,22.5209,22.7948,22.4426,22.7165,28575410.0
1605657600,22.7322,22.8261,22.3879,22.3957,29558860.0
1605744000,22.3096,22.3096,21.9966,22.1296,41380970.0
1605830400,22.0827,22.2392,22.0357,22.1609,28220050.0
1606089600,22.2157,22.4583,22.1844,22.3957,27818840.0
1606176000,22.6383,23.0373,22.6226,22.873,44008030.0
1606262400,22.9121,22.92,22.6148,22.6852,24489230.0
1606435200,22.7478,22.8417,22.5991,22.7165,15649810.0
1606694400,22.5913,22.7087,22.4544,22.4974,43340500.0
1606780800,22.5522,22.8026,22.4935,22.5913,42064170.0
1606867200,22.5522,22.8495,22.5248,22.7635,29487250.0
1606953600,22.7165,22.8808,22.6148,22.873,34957860.0
1607040000,22.9826,23.2878,22.9356,23.1156,37725520.0
1607299200,23.3034,23.3034,23.0999,23.1939,34632650.0
1607385600,23.0765,24.2033,23.053,24.1094,73608040.0
1607472000,24.2581,24.9545,24.2346,24.618,70685360.0
1607558400,24.3129,24.3442,23.8512,24.0155,47031930.0
1607644800,23.812,24.3285,23.7807,24.2659,31502190.0
1607904000,24.4381,24.4694,23.7886,23.9059,42637300.0
1607990400,23.9764,24.0233,23.6947,23.9294,33433900.0
1608076800,23.8903,23.9372,23.6634,23.7025,34687530.0
1608163200,23.5069,23.5695,23.1156,23.1782,61678990.0
1608249600,23.0999,23.2252,22.8965,23.006,74417090.0
1608508800,22.6774,22.8574,22.4974,22.7009,47824710.0
1608595200,22.693,22.7009,22.1609,22.2235,63984560.0
1608681600,22.3018,22.6383,22.3018,22.4974,39301100.0
1608768000,22.4818,22.5052,22.3018,22.4505,19153090.0
1609113600,22.6383,22.661,22.3018,22.3409,41619460.0
1609200000,22.4505,22.5991,22.3096,22.3331,36617550.0
1609286400,22.3331,22.4426,22.247,22.294,34347760.0
1609372800,22.2627,22.5365,22.2157,22.5052,38622250.0
1609718400,22.9982,23.0765,22.7087,23.0373,65484030.0
1609804800,23.0843,23.2799,22.8417,22.8965,62729970.0
1609891200,23.0139,23.4756,22.9787,23.3425,55480040.0
1609977600,23.4912,23.546,23.2252,23.4051,53825780.0
1610064000,22.8026,22.8574,22.4974,22.7087,54736870.0
1610323200,22.4896,22.7087,22.4426,22.5913,30857040.0
1610409600,22.5913,22.5913,22.3096,22.4974,43440480.0
1610496000,22.5287,22.5365,22.2783,22.3879,38809030.0
1610582400,22.4192,23.2917,22.3253,22.92,63858750.0
1610668800,22.6539,22.92,22.5528,22.8261,40653080.0
1611014400,22.9121,22.9904,22.6148,22.6539,40763960.0
1611100800,22.693,22.7009,22.4896,22.6617,32542490.0
1611187200,22.6226,22.7517,22.5091,22.56,28045400.0
1611273600,22.5444,22.7322,22.3573,22.6383,34724600.0
1611532800,22.5052,22.8339,22.294,22.7791,51913340.0
1611619200,22.7713,23.3504,22.7478,23.2799,50518940.0
1611705600,22.7204,23.6321,22.6617,22.8026,73550650.0
1611792000,22.7165,23.2565,22.5209,22.5365,52642500.0
1611878400,22.5209,22.7243,22.3566,22.4035,50054930.0
1612137600,22.6461,22.6735,22.1688,22.4192,42881250.0
1612224000,22.5209,22.5522,22.2079,22.3331,42804420.0
1612310400,22.3096,22.4562,22.2627,22.3096,40384250.0
1612396800,22.3174,22.607,22.2744,22.607,31723400.0
1612483200,22.6774,22.7478,22.5835,22.6383,27570810.0
1612742400,22.6696,22.6852,22.3957,22.5131,32069010.0
1612828800,22.427,22.5209,22.3487,22.3957,32788000.0
1612915200,22.4113,22.4231,22.2861,22.3409,42270060.0
1613001600,22.3096,22.4583,22.2705,22.4505,33741090.0
1613088000,22.38,22.5678,22.3722,22.5365,28712930.0
1613433600,22.5365,22.8339,22.4818,22.6696,38700700.0
1613520000,22.5522,23.2721,22.5365,23.1391,51286940.0
1613606400,23.1234,23.1547,22.8574,22.873,27002690.0
1613692800,22.92,22.9513,22.6774,22.693,29702980.0
1613952000,22.6852,23.1391,22.6774,22.9434,34873920.0
1614038400,23.2017,23.3269,22.7812,22.8339,46960190.0
1614124800,22.9278,23.1547,22.8495,22.9904,34631900.0
1614211200,22.8182,22.8965,22.3722,22.4035,58536250.0
1614297600,22.4426,22.5287,21.8244,21.8244,77507380.0
1614556800,22.0357,22.2627,21.9262,21.9809,44403420.0
1614643200,21.9731,22.2705,21.9731,22.0827,35724600.0
1614729600,22.0514,22.6383,22.0514,22.4739,57266260.0
1614816000,22.5131,22.9434,22.4192,22.6304,60753230.0
1614902400,22.7009,23.2721,22.6774,23.1782,58713960.0
1615161600,23.1156,23.7807,23.0217,23.4677,55979250.0
1615248000,23.3973,23.5851,23.1704,23.1939,47952130.0
1615334400,23.4286,23.5968,23.1391,23.4677,43789280.0
1615420800,23.4051,23.4756,23.0843,23.1156,36501350.0
1615507200,23.3973,24.1524,23.2555,23.3269,70111220.0
1615766400,23.4912,23.5303,23.2252,23.4208,42404940.0
1615852800,23.2799,23.5069,23.233,23.4677,37999810.0
1615939200,23.5695,23.6555,23.3269,23.5929,39940600.0
1616025600,23.5303,23.8668,23.4677,23.4834,31298170.0
1616112000,23.4834,23.5225,23.1782,23.2878,73685590.0
1616371200,23.3034,23.4834,23.1469,23.4677,31364040.0
1616457600,23.4364,23.6829,23.3269,23.4756,36918960.0
1616544000,23.4599,23.7025,23.4521,23.4677,33537450.0
1616630400,23.4756,23.6203,23.3269,23.5382,37010460.0
1616716800,23.6947,23.9451,23.5342,23.7181,62974500.0
1616976000,23.7886,23.9808,23.6477,23.9138,37277320.0
1617062400,23.9529,24.0546,23.7847,24.0468,35132970.0
1617148800,23.9842,23.9842,23.6321,23.6868,45302860.0
1617235200,23.6634,23.8512,23.499,23.8433,32476990.0
1617580800,23.9607,24.1329,23.9451,24.0311,38517300.0
1617667200,24.0311,24.2424,24.0155,24.2424,33666430.0
1617753600,24.2659,24.3755,24.1016,24.2033,40650510.0
1617840000,23.7103,23.7416,23.4208,23.4756,49877420.0
1617926400,23.5147,23.6242,23.4051,23.5069,33316750.0
1618185600,23.4834,23.6008,23.3973,23.4443,24858830.0
1618272000,23.366,23.366,23.0921,23.186,41385400.0
1618358400,23.1626,23.3151,22.9278,23.2643,31287890.0
1618444800,23.3034,23.3504,23.2252,23.2799,26490820.0
1618531200,23.4051,23.499,23.3504,23.4364,30163100.0
1618790400,23.4756,23.5342,23.3269,23.4677,29788530.0
1618876800,23.4521,23.4912,23.3582,23.3895,27038680.0
1618963200,23.4443,23.6594,23.4012,23.5616,34357370.0
1619049600,24.4928,24.9545,24.3755,24.5398,108523100.0
1619136000,24.6337,24.8137,24.5711,24.5711,40369340.0
1619395200,24.5554,24.5554,24.172,24.1876,45461320.0
1619481600,24.1329,24.1642,23.9685,24.0781,33392200.0
1619568000,24.2346,24.3755,24.1798,24.2268,28091350.0
1619654400,24.3598,24.6728,24.3442,24.5241,38477920.0
1619740800,24.5398,24.5946,24.2972,24.5789,31332610.0
1620000000,24.8684,24.9232,24.6219,24.6493,37454110.0
1620086400,24.7276,25.1032,24.6885,25.0562,51888680.0
1620172800,25.0484,25.1149,24.9467,25.0641,20836260.0
1620259200,25.0719,25.3693,24.8137,25.3614,29120870.0
1620345600,25.1971,25.3223,25.0875,25.1658,28950200.0
1620604800,25.2988,25.7449,25.2441,25.5336,40983550.0
1620691200,25.424,25.5649,25.1032,25.2441,33399780.0
1620777600,25.158,25.2714,24.9858,25.0171,31482140.0
1620864000,24.9076,25.3184,24.7745,25.2049,27068410.0
1620950400,25.2988,25.471,25.2127,25.2284,21181780.0
1621209600,26.2222,26.5117,24.4459,24.5476,169179800.0
1621296000,23.3817,23.4756,22.607,23.1234,247052400.0
1621382400,22.7322,22.8339,22.4348,22.6617,122635900.0
1621468800,22.7009,23.2408,22.6226,23.1939,81940200.0
1621555200,23.4834,23.6634,23.366,23.4834,74587870.0
1621814400,23.5147,23.6008,23.2643,23.2799,47598370.0
1621900800,23.2486,23.2799,22.873,23.0999,58376820.0
1621987200,23.0843,23.1939,22.9904,23.1234,33055740.0
1622073600,23.2017,23.3973,23.1391,23.2486,47450090.0
1622160000,23.2486,23.2486,22.9826,23.0295,40929990.0
1622505600,23.053,23.1039,22.8652,22.9434,39397490.0
1622592000,22.9278,23.1939,22.8104,23.1704,40032950.0
1622678400,23.053,23.1352,22.8417,22.873,45912510.0
1622764800,22.8808,22.9591,22.8417,22.9043,34160200.0
1623024000,22.9278,22.9513,22.7009,22.7556,33090840.0
1623110400,22.7165,22.7243,22.4778,22.6774,61779960.0
1623196800,22.6539,22.8339,22.5991,22.7009,29228140.0
1623283200,22.7009,22.92,22.693,22.8339,34757760.0
1623369600,22.8652,22.9669,22.7948,22.9434,31090600.0
1623628800,22.873,22.9082,22.6617,22.7635,27195070.0
1623715200,22.74,22.9278,22.7243,22.9121,26212500.0
1623801600,22.9121,22.9591,22.6852,22.74,30401410.0
1623888000,22.7243,22.8078,22.4661,22.4896,35712450.0
1623974400,22.4035,22.5091,22.2314,22.4192,65706190.0
1624233600,22.4739,22.6539,22.4348,22.6383,33607020.0
1624320000,22.6461,22.693,22.5131,22.5209,31362700.0
1624406400,22.5365,22.6304,22.4113,22.4192,23776220.0
1624492800,22.4661,22.5678,22.3879,22.5287,35878560.0
1624579200,22.4583,22.6539,22.427,22.607,27975340.0
1624838400,22.6226,22.6226,22.4974,22.5209,27094850.0
1624924800,22.5365,22.7243,22.4192,22.427,32262770.0
1625011200,22.427,22.5835,22.4192,22.5209,32948480.0
1625097600,22.607,22.8652,22.5835,22.7791,26395470.0
1625184000,22.7791,22.9669,22.7713,22.873,28686360.0
1625529600,22.9121,22.9513,22.6539,22.7087,40206640.0
1625616000,22.7165,22.7478,22.5835,22.6383,33598450.0
1625702400,22.1218,22.2001,21.9809,22.0514,40019190.0
1625788800,22.1062,22.3311,22.0983,22.2627,34150160.0
1626048000,22.1766,22.3644,22.0905,22.2861,26879900.0
1626134400,22.2861,22.3957,22.0827,22.1218,29026580.0
1626220800,22.114,22.1922,22.0357,22.114,31965880.0
1626307200,22.0983,22.3018,22.0709,22.247,27267950.0
1626393600,22.3018,22.4035,22.1453,22.1766,26188220.0
1626652800,21.9966,22.067,21.5193,21.7462,57679270.0
1626739200,21.6836,22.0514,21.6366,21.8401,34763190.0
1626825600,21.9731,22.1453,21.7931,21.8323,30814330.0
1626912000,22.114,22.1844,21.7071,21.9183,36936980.0
1626998400,21.887,22.0725,21.8597,22.0279,30234130.0
1627257600,21.9731,22.0983,21.9183,22.0514,36556000.0
1627344000,21.9183,22.2196,21.8166,22.067,34185340.0
1627430400,22.0279,22.1375,21.801,21.9183,31774820.0
1627516800,22.0592,22.2627,21.9966,22.1375,31819470.0
1627603200,22.2001,22.2235,21.9183,21.9496,37502240.0
1627862400,22.0983,22.3409,21.934,21.9966,32542780.0
1627948800,21.9731,22.1062,21.8401,22.0592,28687710.0
1628035200,21.9418,22.0044,21.7618,21.7931,29441180.0
1628121600,21.8088,21.9183,21.801,21.8636,21025520.0
1628208000,21.8401,21.9809,21.8401,21.8792,23083580.0
1628467200,21.887,21.9105,21.7618,21.7931,25196010.0
1628553600,21.7697,21.9966,21.7305,21.9809,22260380.0
1628640000,21.9731,22.0827,21.9262,22.0357,20500680.0
1628726400,22.067,22.0827,21.8714,21.9262,19014070.0
1628812800,21.9418,22.114,21.9105,22.0592,21942740.0
1629072000,22.0201,22.1375,21.8949,22.067,20506970.0
1629158400,21.9731,22.1218,21.9209,22.0592,19910490.0
1629244800,21.9575,22.0277,21.754,21.7775,27643340.0
1629331200,21.754,21.7931,21.5193,21.5427,37675030.0
1629417600,21.5349,21.7853,21.4645,21.574,27760040.0
1629676800,21.6132,21.6914,21.5193,21.5349,27958860.0
1629763200,21.5427,21.5662,21.4175,21.4801,29291780.0
1629849600,21.4801,21.5349,21.3941,21.4645,22438270.0
1629936000,21.441,21.4567,21.1358,21.1437,37203440.0
1630022400,21.1593,21.2806,21.0341,21.2297,32240300.0
1630281600,21.2219,21.3628,21.1671,21.308,30414430.0
1630368000,21.2767,21.5153,21.2219,21.4567,39800860.0
1630454400,21.4723,21.488,21.2376,21.2767,28358230.0
1630540800,21.2689,21.8088,21.2532,21.6288,60977320.0
1630627200,21.6288,21.7149,21.3784,21.5662,27047990.0
1630972800,21.4958,21.5584,21.4136,21.4567,26386190.0
1631059200,21.488,21.7032,21.488,21.5975,28682980.0
1631145600,21.574,21.6523,21.4488,21.4567,30065360.0
1631232000,21.5036,21.5114,21.2532,21.2689,28886370.0
1631491200,21.3941,21.7149,21.3862,21.5349,38647150.0
1631577600,21.5584,21.6053,21.3236,21.3862,28736150.0
1631664000,21.4019,21.6366,21.3706,21.574,33641280.0
1631750400,21.5662,21.7071,21.4755,21.5975,28732420.0
1631836800,21.4567,21.8636,21.4567,21.5427,67979010.0
1632096000,21.3784,21.4175,21.0811,21.2923,48815320.0
1632182400,21.3667,21.4645,21.0811,21.0967,35589230.0
1632268800,21.1437,21.289,21.1202,21.1358,31684780.0
1632355200,21.175,21.3549,21.1451,21.2767,34023960.0
1632441600,21.2454,21.4254,21.2063,21.2297,24476240.0
1632700800,21.261,21.6366,21.2532,21.441,32153920.0
1632787200,21.4723,21.7071,21.2767,21.3158,32928580.0
1632873600,21.3471,21.574,21.261,21.441,31434650.0
1632960000,21.5036,21.5271,21.1358,21.1358,44374500.0
1633046400,21.2336,21.441,21.1358,21.2532,31540440.0
1633305600,21.3158,21.484,21.1984,21.3236,43725390.0
1633392000,21.3628,21.5036,21.2571,21.4019,32212450.0
1633478400,21.3315,21.3901,21.1045,21.3706,55833610.0
1633564800,21.128,21.308,21.1045,21.1984,48642680.0
1633651200,21.175,21.2211,20.9324,20.948,38999890.0
1633910400,20.8854,20.948,20.369,20.369,64547520.0
1633996800,20.3611,20.3656,19.8447,19.8994,76673710.0
1634083200,19.7821,19.9229,19.5708,19.7977,60836110.0
1634169600,19.8509,20.1968,19.8368,20.0481,56671190.0
1634256000,20.1029,20.2985,20.0716,20.1107,47629650.0
1634515200,20.0012,20.0716,19.7821,19.8212,45171920.0
1634601600,19.9229,20.0325,19.7703,20.0247,34926520.0
1634688000,20.0403,20.4159,20.0012,20.2751,48283410.0
1634774400,20.4394,20.5724,20.0325,20.1577,55827820.0
1634860800,20.1577,20.189,19.9268,19.9464,37129280.0
1635120000,19.8994,20.0794,19.8134,20.0638,49626060.0
1635206400,20.056,20.1107,19.8368,19.8525,36395570.0
1635292800,19.8681,19.9347,19.5943,19.6099,39993990.0
1635379200,19.6647,20.0599,19.6334,19.9934,53082650.0
1635465600,19.8525,19.9699,19.6803,19.7664,54211130.0
1635724800,19.9229,20.0168,19.8329,19.8525,40270440.0
1635811200,19.876,19.9386,19.6647,19.7429,34599710.0
1635897600,19.6569,19.8212,19.649,19.7038,36375000.0
1635984000,19.6647,19.7586,19.203,19.4065,63091150.0
1636070400,19.4456,19.8055,19.4299,19.6412,44461550.0
1636329600,19.6099,19.6647,19.3517,19.4691,46194300.0
1636416000,19.4221,19.4456,19.2343,19.336,45360680.0
1636502400,19.3204,19.6647,19.2969,19.5238,47032830.0
1636588800,19.5551,19.6412,19.4691,19.5004,30380320.0
1636675200,19.5238,19.6217,19.4925,19.516,27354470.0
1636934400,19.5395,19.6021,19.3595,19.4065,40249430.0
1637020800,19.3986,19.4769,19.2734,19.2969,36376430.0
1637107200,19.2734,19.3439,19.2187,19.2969,32297660.0
1637193600,19.2734,19.3204,19.0856,19.0856,37564050.0
1637280000,19.0309,19.0465,18.7491,18.8822,50469650.0
1637539200,18.8587,19.4534,18.8352,19.3282,53938460.0
1637625600,19.3204,19.5551,19.3204,19.3752,44543770.0
1637712000,19.3047,19.3426,19.1169,19.1482,33684130.0
1637884800,18.8274,19.0309,18.7883,18.9526,29344080.0
1638144000,18.9761,18.9839,18.6631,18.6944,52454340.0
1638230400,18.4987,18.53,17.6458,17.8649,139344700.0
1638316800,17.9979,18.1505,17.3876,17.3954,80358970.0
1638403200,17.4345,18.2014,17.4345,18.0371,80024830.0
1638489600,18.0136,18.4127,17.9275,18.3579,70543670.0
1638748800,18.4596,18.7335,18.1779,18.217,59112800.0
1638835200,18.2288,18.2875,17.9745,18.0605,62421680.0
1638921600,18.0136,18.4401,17.9823,18.131,48938070.0
1639008000,18.0214,18.0527,17.7475,17.951,51573990.0
1639094400,17.9823,18.0371,17.8023,17.8727,40021720.0
1639353600,17.771,17.8414,17.4384,17.5597,66144170.0
1639440000,17.5206,17.7866,17.411,17.4423,77280240.0
1639526400,17.4345,17.5284,17.2311,17.3484,70727560.0
1639612800,17.724,18.6944,17.724,18.5535,113622500.0
1639699200,18.6239,18.6552,18.217,18.6083,107980300.0
1639958400,18.8039,19.0074,18.5848,18.9291,77106000.0
1640044800,19.0309,19.4252,18.933,19.1482,72902800.0
1640131200,19.1248,19.4338,18.9683,19.3908,51168200.0
1640217600,19.4456,19.5786,19.4135,19.4612,43314360.0
1640563200,19.4612,19.6334,19.2695,19.3908,51249010.0
1640649600,19.3595,19.6569,19.3204,19.4221,42075380.0
1640736000,19.4143,19.5004,19.25,19.2813,33782900.0
1640822400,19.3047,19.5238,19.2969,19.3908,40563460.0
1640908800,19.3439,19.426,19.2226,19.25,45021230.0
1641168000,19.3869,20.0129,19.3869,19.8994,58183250.0
1641254400,20.0716,20.2516,19.9073,20.0638,55074130.0
1641340800,20.3455,20.9871,20.3455,20.5098,94688840.0
1641427200,20.9011,20.9637,20.2985,20.4316,70814330.0
1641513600,20.2751,20.7485,20.1655,20.5724,74142530.0
1641772800,20.6507,20.8426,20.502,20.7054,58180270.0
1641859200,20.8541,20.9167,20.455,20.6115,45358110.0
1641945600,20.5646,20.7446,20.4629,20.6976,36614630.0
1642032000,20.7367,21.1828,20.5982,20.9715,49097800.0
1642118400,20.8306,21.308,20.7094,21.2689,54846850.0
1642464000,21.2923,21.4919,21.0576,21.3706,60634120.0
1642550400,21.4801,21.5036,20.9558,21.3471,50938310.0
1642636800,21.2297,21.4488,21.0967,21.1437,42038710.0
1642723200,21.0028,21.128,20.6937,20.8228,60208040.0
1642982400,20.4942,20.7993,20.1812,20.6115,77806980.0
1643068800,20.4707,20.8228,20.1107,20.7211,87211020.0
1643155200,21.1124,21.1124,18.8274,18.9761,142184900.0
1643241600,18.8274,19.1913,18.4361,18.8743,88147430.0
1643328000,18.8352,19.7508,18.7335,19.7273,77087070.0
1643587200,19.5395,19.9855,19.2656,19.9542,97954490.0
1643673600,18.9291,19.25,18.8743,19.1091,130356000.0
1643760000,18.9448,19.3282,18.8352,19.203,70872320.0
1643846400,19.1717,19.4886,19.1208,19.2187,48206690.0
1643932800,19.1795,19.2029,18.7648,18.843,52658000.0
1644192000,18.8117,18.843,18.4948,18.7257,55263980.0
1644278400,18.6865,18.8704,18.6414,18.7335,31835860.0
1644364800,18.7883,19.2108,18.7648,19.1717,40052850.0
1644451200,19.1404,19.2891,18.9448,18.9761,44132810.0
1644537600,18.9878,19.1404,18.7883,18.8822,45381150.0
1644796800,18.8078,18.9917,18.6552,18.8196,43397460.0
1644883200,18.9135,19.1365,18.8665,19.0465,32941230.0
1644969600,18.9135,19.0426,18.6083,18.7335,45817560.0
1645056000,18.6474,18.7413,18.4674,18.5926,46610650.0
1645142400,18.5535,18.7491,18.4283,18.6787,47277540.0
1645488000,18.6005,18.8587,18.444,18.5848,46954930.0
1645574400,18.6239,18.7257,18.3188,18.397,37940470.0
1645660800,17.9666,18.2248,17.724,18.1779,70215840.0
1645747200,18.3501,18.8638,18.3422,18.71,44582310.0
1646006400,18.4596,18.5848,18.3188,18.5379,47423340.0
1646092800,18.4753,18.5926,18.131,18.4127,43552390.0
1646179200,18.4361,18.8157,18.4127,18.6396,34459810.0
1646265600,18.7413,18.8548,18.53,18.71,37174220.0
1646352000,18.5457,18.6944,18.3422,18.6787,36403910.0
1646611200,18.5222,18.6748,18.3735,18.444,37850050.0
1646697600,18.397,18.4909,17.9979,17.9979,50813470.0
1646784000,18.2249,18.4048,18.1544,18.2014,43814930.0
1646870400,18.1701,18.1701,17.951,18.1466,40500780.0
1646956800,18.4674,18.5457,18.1153,18.1466,54488070.0
1647216000,18.1701,18.1857,17.8492,17.9119,49609800.0
1647302400,17.9823,18.1544,17.9275,18.0684,35565870.0
1647388800,18.1153,18.2209,17.9745,18.1466,37606580.0
1647475200,18.0918,18.2092,17.9471,18.1466,31049120.0
1647561600,18.1544,18.2718,18.0136,18.1701,67598450.0
1647820800,18.1701,18.397,18.0684,18.1231,38512420.0
1647907200,18.2014,18.3814,18.1388,18.1623,29933500.0
1647993600,18.1623,18.3501,18.131,18.1623,28837060.0
1648080000,18.1857,18.2718,18.1231,18.2562,28110630.0
1648166400,18.3109,18.6552,18.2562,18.6552,31825570.0
1648425600,18.7804,18.8352,18.5535,18.6787,38496040.0
1648512000,18.7335,18.8274,18.6631,18.7726,33217440.0
1648598400,18.8196,18.8978,18.7178,18.89,32012940.0
1648684800,18.7804,18.89,18.4831,18.4909,52548840.0
1648771200,18.5613,18.7804,18.3031,18.7648,40318340.0
1649030400,18.6631,18.937,18.444,18.9213,35657240.0
1649116800,18.757,18.8939,18.6631,18.6944,33184900.0
1649203200,18.6083,18.89,18.4635,18.8039,37256230.0
1649289600,18.71,18.7648,18.4674,18.5692,47443880.0
1649376000,18.5222,18.9683,18.4205,18.89,55227400.0
1649635200,18.89,19.77,18.85,19.63,157485300.0
1649721600,19.75,20.12,19.51,19.56,104795900.0
1649808000,19.12,19.49,19.03,19.42,64100540.0
1649894400,19.32,19.59,19.21,19.54,52731120.0
1650240000,19.43,19.57,19.29,19.46,54812750.0
1650326400,19.49,19.64,19.39,19.49,57496030.0
1650412800,19.52,19.59,19.3,19.43,48751400.0
1650499200,19.68,20.35,19.63,20.21,81259770.0
1650585600,20.045,20.05,19.5,19.52,68483570.0
1650844800,19.765,19.885,19.11,19.51,71861410.0
1650931200,19.45,19.65,19.3,19.3,50825860.0
1651017600,19.23,19.36,18.99,19.07,66767010.0
1651104000,19.25,19.59,19.1,19.42,67479410.0
1651190400,19.36,19.37,18.81,18.86,70195440.0
1651449600,19.0,19.39,18.86,19.12,67551590.0
1651536000,19.18,19.68,19.04,19.33,62675310.0
1651622400,19.28,19.975,19.2125,19.95,60771850.0
1651708800,19.74,19.99,19.685,19.95,55503880.0
1651795200,19.8,20.11,19.66,20.03,51506830.0
1652054400,19.98,20.0401,19.47,19.55,51563300.0
1652140800,19.66,19.85,19.24,19.36,42465880.0
1652227200,19.5,19.66,19.29,19.43,50074170.0
1652313600,19.4,19.74,19.39,19.72,52686960.0
1652400000,19.74,19.86,19.54,19.84,34107320.0
1652659200,19.93,20.38,19.675,20.28,40026960.0
1652745600,20.4,20.67,20.24,20.57,42938440.0
1652832000,20.51,20.63,20.125,20.23,43342780.0
1652918400,19.92,20.34,19.91,20.21,41588110.0
1653004800,20.21,20.42,20.09,20.4,47415770.0
1653264000,20.53,20.91,20.42,20.74,46775080.0
1653350400,20.8,21.2261,20.6,21.16,49841240.0
1653436800,21.12,21.37,21.06,21.3,40179430.0
1653523200,21.38,21.53,21.27,21.32,28495530.0
1653609600,21.31,21.41,21.15,21.29,34169570.0
1653955200,21.19,21.43,20.97,21.29,61515250.0
1654041600,21.44,21.47,21.12,21.22,35928930.0
1654128000,21.26,21.26,20.94,21.19,27085160.0
1654214400,21.06,21.1477,20.8,20.9,27796850.0
1654473600,20.92,21.05,20.83,20.94,22002920.0
1654560000,20.9,21.185,20.77,21.14,24977740.0
1654646400,21.09,21.195,20.99,21.05,20732910.0
1654732800,21.02,21.16,20.87,20.88,24941250.0
1654819200,20.68,20.85,20.63,20.69,33584190.0
1655078400,20.4,20.49,19.675,19.76,56215860.0
1655164800,19.88,19.96,19.3015,19.45,42638300.0
1655251200,19.6,19.71,19.18,19.44,38941850.0
1655337600,19.28,19.29,18.67,18.96,67896410.0
1655424000,19.14,19.42,19.0,19.38,97645450.0
1655769600,19.645,20.05,19.47,19.96,49307690.0
1655856000,19.85,20.55,19.82,20.32,46613870.0
1655942400,20.43,20.78,20.0801,20.61,51713610.0
1656028800,20.7,21.06,20.51,20.99,47641660.0
1656288000,20.95,21.035,20.67,20.78,32339900.0
1656374400,20.93,21.06,20.6,20.61,26760570.0
1656460800,20.67,21.02,20.54,20.95,26585680.0
1656547200,20.79,21.15,20.75,20.96,37655690.0
1656633600,20.97,21.385,20.87,21.31,32762530.0
1656979200,21.13,21.185,20.775,21.17,36980600.0
1657065600,21.17,21.23,20.89,21.09,27644990.0
1657152000,21.17,21.32,21.03,21.15,27015410.0
1657238400,20.93,21.06,20.75,20.8,22366310.0
1657497600,20.71,20.8551,20.63,20.66,23340970.0
1657584000,20.63,20.86,20.45,20.6,26448050.0
1657670400,20.45,20.6,20.23,20.45,25213050.0
1657756800,20.13,20.35,20.045,20.33,26620990.0
1657843200,20.54,20.59,20.21,20.57,23838020.0
1658102400,20.63,20.69,20.51,20.53,22507370.0
1658188800,20.6,20.86,20.53,20.8,21813060.0
1658275200,20.82,20.83,20.4,20.48,34207150.0
1658361600,19.04,19.12,18.24,18.92,123409000.0
1658448000,18.66,18.69,18.25,18.4,72016310.0
1658707200,18.38,18.65,18.33,18.53,39493060.0
1658793600,18.4,18.445,18.18,18.3,38885020.0
1658880000,18.35,18.49,18.23,18.39,36607440.0
1658966400,18.3,18.77,18.285,18.58,41940100.0
1659052800,18.51,18.85,18.48,18.78,40819760.0
1659312000,18.85,18.87,18.61,18.73,37087770.0
1659398400,18.72,18.74,18.32,18.36,43625160.0
1659484800,18.42,18.505,18.31,18.37,35524330.0
1659571200,18.31,18.38,18.22,18.27,28287820.0
1659657600,18.27,18.36,18.09,18.35,32726400.0
1659916800,18.36,18.405,18.0,18.0,44081700.0
1660003200,18.04,18.22,18.04,18.1,33257460.0
1660089600,18.22,18.25,17.99,18.01,50229510.0
1660176000,18.06,18.17,18.01,18.04,40798900.0
1660262400,18.1,18.27,18.09,18.27,25822300.0
1660521600,18.19,18.46,18.19,18.39,28845380.0
1660608000,18.37,18.7,18.37,18.57,34240980.0
1660694400,18.42,18.61,18.32,18.42,23772330.0
1660780800,18.26,18.53,18.18,18.43,33817370.0
1660867200,18.38,18.51,18.32,18.43,27161440.0
1661126400,18.31,18.33,18.07,18.13,32057070.0
1661212800,18.11,18.19,18.02,18.06,27298200.0
1661299200,18.07,18.07,17.865,18.01,30647750.0
1661385600,18.05,18.1,17.94,18.09,25198610.0
1661472000,18.02,18.09,17.85,17.89,30590660.0
1661731200,17.81,17.92,17.71,17.78,25465380.0
1661817600,17.81,17.9,17.75,17.82,32481910.0
1661904000,17.82,17.86,17.505,17.54,46669910.0
1661990400,17.49,17.67,17.41,17.5,30623240.0
1662076800,17.57,17.615,17.16,17.19,36489610.0
1662422400,17.2,17.23,16.78,16.79,57232550.0
1662508800,16.76,17.135,16.68,16.87,55566580.0
1662595200,16.86,16.93,16.696,16.77,49770860.0
1662681600,16.92,17.07,16.86,17.03,55150790.0
1662940800,17.07,17.4,17.03,17.38,43425010.0
1663027200,17.18,17.32,16.78,16.83,42274590.0
1663113600,16.89,16.9198,16.7,16.77,41000340.0
1663200000,16.83,16.92,16.63,16.76,38637260.0
1663286400,16.67,16.81,16.55,16.74,69825940.0
1663545600,16.63,16.86,16.58,16.76,33805280.0
1663632000,16.65,16.65,16.46,16.56,36187490.0
1663718400,16.58,16.66,16.25,16.25,38815580.0
1663804800,16.26,16.38,16.14,16.24,37800350.0
1663891200,16.1,16.13,15.85,16.01,46225620.0
1664150400,15.91,15.98,15.58,15.67,46841200.0
1664236800,15.81,16.03,15.67,15.73,41183420.0
1664323200,15.78,15.92,15.71,15.83,42670750.0
1664409600,15.67,15.75,15.41,15.53,51308350.0
1664496000,15.53,15.68,15.34,15.34,63932740.0
1664755200,15.73,16.175,15.66,15.9,59540470.0
1664841600,15.99,16.15,15.89,16.09,46876220.0
1664928000,15.97,16.14,15.76,15.93,38250090.0
1665014400,15.64,15.81,15.31,15.32,52923870.0
1665100800,15.23,15.2415,14.9,14.94,53446900.0
1665360000,15.0,15.13,14.76,14.9,43852640.0
1665446400,14.85,14.91,14.68,14.81,49661490.0
1665532800,14.76,14.935,14.62,14.63,46719590.0
1665619200,14.49,15.15,14.46,15.12,60354520.0
1665705600,15.19,15.27,14.97,14.99,47240340.0
1665964800,15.14,15.4,15.08,15.31,44240710.0
1666051200,15.56,15.7,15.45,15.6,49420240.0
1666137600,15.46,15.76,15.4,15.54,47349090.0
1666224000,16.21,17.16,16.12,16.74,117495700.0
1666310400,16.83,17.4,16.77,17.1,81050680.0
1666569600,17.43,17.85,17.39,17.51,69196480.0
1666656000,17.53,17.89,17.5,17.69,58235100.0
1666742400,17.85,18.2351,17.76,18.14,65201020.0
1666828800,18.35,18.35,17.99,18.03,53975500.0
1666915200,18.28,18.59,18.23,18.48,55833920.0
1667174400,18.35,18.39,18.13,18.23,47573950.0
1667260800,18.57,18.58,18.2438,18.35,48025720.0
1667347200,18.27,18.8,18.265,18.43,49201070.0
1667433600,18.17,18.33,18.07,18.17,41249440.0
1667520000,18.34,18.41,18.09,18.32,39458720.0
1667779200,18.34,18.4,18.15,18.36,39985220.0
1667865600,18.38,18.73,18.295,18.57,43210380.0
1667952000,18.48,18.72,18.38,18.38,41838440.0
1668038400,18.83,18.97,18.58,18.84,46482730.0
1668124800,18.82,19.13,18.78,19.05,52519510.0
1668384000,19.075,19.36,19.04,19.06,37316470.0
1668470400,19.12,19.39,18.81,19.02,49339280.0
1668556800,19.0,19.05,18.78,18.93,32155440.0
1668643200,18.71,18.99,18.52,18.95,36007800.0
1668729600,19.04,19.12,18.92,18.97,34211310.0
1668988800,18.975,19.075,18.76,18.84,31911450.0
1669075200,18.9,19.04,18.89,19.0,33770950.0
1669161600,18.93,19.115,18.89,19.09,21486020.0
1669334400,19.17,19.285,19.065,19.12,13782710.0
1669593600,19.095,19.15,18.77,18.82,27787850.0
1669680000,18.79,19.03,18.75,19.01,24087960.0
1669766400,18.94,19.28,18.8,19.28,59293420.0
1669852800,19.29,19.4,19.085,19.19,31615470.0
1669939200,19.05,19.06,18.855,19.02,33479650.0
1670198400,18.92,18.98,18.69,18.75,28698040.0
1670284800,18.89,19.18,18.81,19.17,45858130.0
1670371200,19.05,19.42,19.0,19.3,45381040.0
1670457600,19.43,19.52,19.02,19.12,45761100.0
1670544000,19.07,19.35,19.03,19.09,29815560.0
1670803200,19.14,19.31,19.07,19.3,31333480.0
1670889600,19.41,19.5,19.07,19.12,54142090.0
1670976000,19.05,19.1,18.76,18.9,44027740.0
1671062400,18.635,18.81,18.36,18.47,47282180.0
1671148800,18.355,18.51,18.215,18.49,76412520.0
1671408000,18.265,18.32,17.635,17.86,62216950.0
1671494400,17.85,18.09,17.83,18.07,40922710.0
1671580800,18.18,18.27,18.07,18.15,42316200.0
1671667200,18.01,18.28,17.92,18.27,32614990.0
1671753600,18.17,18.32,18.1001,18.31,25164050.0
1672099200,18.25,18.52,18.22,18.46,30382460.0
1672185600,18.45,18.545,18.19,18.22,26632290.0
1672272000,18.27,18.55,18.24,18.45,23765860.0
1672358400,18.42,18.48,18.22,18.41,26204240.0
1672704000,18.51,18.85,18.41,18.74,42149170.0
1672790400,18.87,19.37,18.81,19.14,43926760.0
1672876800,19.14,19.32,18.96,19.21,31081840.0
1672963200,19.35,19.79,19.34,19.53,36050330.0
1673222400,19.235,19.24,18.98,19.04,51981060.0
1673308800,19.35,19.48,19.2,19.47,32869490.0
1673395200,19.47,19.49,19.25,19.41,30010230.0
1673481600,19.48,19.57,19.37,19.41,31740350.0
1673568000,19.385,19.59,19.285,19.55,25479980.0
1673913600,19.55,19.57,19.265,19.33,38801050.0
1674000000,19.29,19.33,18.97,19.02,38023710.0
1674086400,18.93,19.02,18.785,18.94,40180780.0
1674172800,18.96,19.23,18.77,19.23,37836620.0
1674432000,19.23,19.4,18.98,19.1,32890780.0
1674518400,18.97,22.84,15.15,19.16,32858470.0
1674604800,19.75,20.48,19.74,20.42,73582120.0
1674691200,20.27,20.32,19.81,20.0,47400910.0
1674777600,19.95,20.1,19.81,19.95,37094000.0
1675036800,19.92,20.26,19.89,20.16,37245960.0
1675123200,20.16,20.38,20.07,20.37,36575930.0
1675209600,20.47,20.5,20.07,20.18,40172550.0
1675296000,20.1,20.49,20.04,20.28,34968830.0
1675382400,20.22,20.26,19.775,19.83,31599940.0
1675641600,19.75,19.76,19.49,19.58,30929770.0
1675728000,19.49,19.54,19.09,19.25,36534420.0
1675814400,19.09,19.22,19.015,19.16,29805220.0
1675900800,19.21,19.25,18.89,18.97,28320910.0
1675987200,19.03,19.11,18.83,19.07,24931150.0
1676246400,19.01,19.32,18.99,19.26,21668670.0
1676332800,19.3,19.35,19.03,19.15,23195190.0
1676419200,19.01,19.27,18.985,19.25,31155540.0
1676505600,19.04,19.415,18.93,19.26,35161150.0
1676592000,19.26,19.51,19.13,19.44,29997550.0
1676937600,19.22,19.36,19.13,19.21,28220330.0
1677024000,19.22,19.43,19.215,19.38,25308790.0
1677110400,19.42,19.58,19.26,19.35,24845770.0
1677196800,19.26,19.27,18.975,19.24,29138140.0
1677456000,19.3,19.34,19.01,19.03,22981110.0
1677542400,19.02,19.03,18.84,18.91,34154830.0
1677628800,18.83,18.86,18.56,18.66,23339850.0
1677715200,18.53,18.75,18.5,18.66,24188170.0
1677801600,18.7,18.85,18.67,18.81,23501480.0
1678060800,18.85,18.96,18.77,18.77,24072150.0
1678147200,18.8,18.93,18.6,18.71,27944040.0
1678233600,18.57,18.64,18.18,18.61,31510320.0
1678320000,18.7,18.7,18.31,18.32,24711100.0
1678406400,18.28,18.49,18.24,18.43,32018520.0
1678665600,18.27,18.6596,18.22,18.3,39834980.0
1678752000,18.37,18.51,18.21,18.44,32076210.0
1678838400,18.2,18.34,18.055,18.31,34436390.0
1678924800,18.23,18.4286,18.065,18.39,31733380.0
1679011200,18.32,18.35,18.03,18.13,58728600.0
1679270400,18.27,18.58,18.22,18.49,27382100.0
1679356800,18.675,18.72,18.435,18.54,24313180.0
1679443200,18.61,18.72,18.38,18.39,21071100.0
1679529600,18.41,18.57,18.34,18.46,28957810.0
1679616000,18.45,18.66,18.35,18.61,32061600.0
1679875200,18.74,18.95,18.705,18.87,26650450.0
1679961600,18.84,18.99,18.72,18.72,21547160.0
1680048000,18.86,19.05,18.83,19.0,23149450.0
1680134400,19.005,19.14,18.98,19.08,19736260.0
1680220800,19.12,19.25,19.03,19.25,27130930.0
1680480000,19.27,19.475,19.2,19.39,31102540.0
1680566400,19.52,19.65,19.39,19.64,34207620.0
1680652800,19.62,19.93,19.585,19.88,38673250.0
1680739200,19.65,19.79,19.51,19.65,29722560.0
1681084800,19.47,19.6,19.42,19.57,23617540.0
1681171200,19.59,19.91,19.575,19.69,24664840.0
1681257600,19.79,19.88,19.65,19.77,28179530.0
1681344000,19.85,19.98,19.66,19.96,25253870.0
1681430400,19.95,19.99,19.77,19.93,24948450.0
1681689600,19.9,19.92,19.65,19.79,23443920.0
1681776000,19.83,19.87,19.65,19.82,28517400.0
1681862400,19.78,19.83,19.61,19.7,31537200.0
1681948800,18.71,18.72,17.56,17.65,129904800.0
1682035200,17.87,18.4,17.83,18.22,76810210.0
1682294400,18.09,18.119,17.51,17.53,60001380.0
1682380800,17.51,17.77,17.45,17.51,46691790.0
1682467200,17.39,17.66,17.19,17.2,42482880.0
1682553600,17.38,17.63,17.36,17.61,36926910.0
1682640000,17.42,17.745,17.38,17.67,40675800.0
1682899200,17.74,17.755,17.49,17.5,35510210.0
1682985600,17.36,17.43,17.03,17.07,39398110.0
1683072000,17.15,17.25,17.07,17.09,32213140.0
1683158400,17.02,17.0785,16.85,16.91,27422690.0
1683244800,16.98,17.13,16.88,17.13,23712260.0
1683504000,17.01,17.17,16.95,17.12,32091040.0
1683590400,17.1,17.11,16.91,17.02,29058360.0
1683676800,17.06,17.1,16.86,17.04,32892430.0
1683763200,16.95,17.0,16.88,16.96,21332610.0
1683849600,17.0,17.19,16.95,17.03,27280570.0
1684108800,17.0,17.095,16.94,16.95,28697250.0
1684195200,16.93,16.94,16.51,16.53,31200290.0
1684281600,16.66,16.75,16.55,16.66,34154740.0
1684368000,16.6,16.65,16.37,16.55,39142050.0
1684454400,16.59,16.65,16.29,16.31,46679370.0
1684713600,16.35,16.43,16.16,16.38,42251590.0
1684800000,16.26,16.3,16.07,16.1,45314830.0
1684886400,16.11,16.12,15.95,15.95,34236860.0
1684972800,15.67,15.67,15.0,15.15,102758200.0
1685059200,15.23,15.62,15.18,15.5,50164930.0
1685404800,15.49,15.69,15.42,15.64,35346740.0
1685491200,15.66,15.87,15.62,15.73,70109400.0
1685577600,15.75,15.87,15.625,15.81,31363770.0
1685664000,15.08,15.42,14.85,15.21,105292900.0
1685923200,15.33,15.49,15.25,15.39,39528290.0
1686009600,15.46,15.75,15.36,15.67,39037180.0
1686096000,15.63,16.12,15.57,16.1,43584210.0
1686182400,16.04,16.0783,15.88,16.07,32833650.0
1686268800,16.01,16.13,15.91,15.95,24666320.0
1686528000,15.95,16.0,15.82,15.93,27544050.0
1686614400,15.8,15.97,15.675,15.82,41578190.0
1686700800,15.9,16.015,15.82,15.84,26782420.0
1686787200,15.88,16.1,15.7916,16.03,30535160.0
1686873600,16.1,16.13,15.96,16.06,64149040.0
1687219200,16.02,16.08,15.77,15.78,35360540.0
1687305600,15.7,15.72,15.49,15.61,40676420.0
1687392000,15.57,15.64,15.47,15.58,30281620.0
1687478400,15.63,15.73,15.42,15.45,37408530.0
1687737600,15.46,15.65,15.43,15.63,28616620.0
1687824000,15.55,15.89,15.53,15.84,31456990.0
1687910400,15.81,15.84,15.61,15.78,26156370.0
1687996800,15.74,16.01,15.74,15.98,27298280.0
1688083200,16.0,16.035,15.83,15.95,40465310.0
1688342400,15.95,16.12,15.95,16.12,18424160.0
1688515200,16.08,16.23,16.0,16.07,32988060.0
1688601600,16.01,16.03,15.84,15.87,33351020.0
1688688000,15.54,15.75,15.53,15.61,28998270.0
1688947200,15.52,15.545,15.22,15.27,45305500.0
1689033600,15.29,15.345,15.11,15.23,39688000.0
1689120000,15.24,15.265,15.1,15.12,46478350.0
1689206400,15.135,15.17,15.01,15.12,40508180.0
1689292800,14.8,14.81,14.29,14.5,101745400.0
1689552000,14.12,14.21,13.48,13.53,160933400.0
1689638400,13.53,13.99,13.43,13.45,132538700.0
1689724800,14.32,14.64,14.27,14.59,142144700.0
1689811200,14.59,14.66,14.4516,14.66,76867900.0
1689897600,14.61,14.78,14.6,14.76,49225390.0
1690156800,14.78,15.09,14.78,14.95,49475740.0
1690243200,15.08,15.11,14.72,14.8,59669840.0
1690329600,14.91,14.97,14.53,14.89,63191540.0
1690416000,14.89,14.92,14.5,14.51,65495960.0
1690502400,14.59,14.67,14.44,14.45,51420560.0
1690761600,14.46,14.59,14.41,14.52,47585570.0
1690848000,14.56,14.57,14.26,14.3,46332990.0
1690934400,14.29,14.56,14.21,14.35,41739080.0
1691020800,14.24,14.26,14.03,14.09,40848090.0
1691107200,14.05,14.11,14.0,14.0,38965010.0
1691366400,14.01,14.09,13.89,14.01,38109900.0
1691452800,13.94,14.2,13.94,14.18,39075060.0
1691539200,14.17,14.35,14.15,14.27,33951700.0
1691625600,14.29,14.35,14.17,14.17,33556420.0
1691712000,14.145,14.4,14.12,14.37,31237080.0
1691971200,14.31,14.37,14.18,14.26,26901400.0
1692057600,14.2,14.21,14.1,14.14,26393580.0
1692144000,14.15,14.19,14.01,14.1,29440330.0
1692230400,14.13,14.155,13.99,14.01,36036710.0
1692316800,13.97,14.14,13.95,14.05,32213560.0
1692576000,14.02,14.14,13.92,14.1,47841440.0
1692662400,14.09,14.32,14.03,14.26,43201020.0
1692748800,14.26,14.35,14.14,14.16,29371060.0
1692835200,14.04,14.28,14.04,14.15,29780080.0
1692921600,14.17,14.21,14.05,14.11,22107740.0
1693180800,14.18,14.265,14.11,14.21,30173720.0
1693267200,14.45,14.81,14.45,14.77,45429010.0
1693353600,14.88,14.99,14.7,14.73,26065340.0
1693440000,14.8,14.88,14.7,14.79,45406170.0
1693526400,14.81,14.86,14.64,14.65,20292900.0
1693872000,14.65,14.75,14.47,14.48,28402920.0
1693958400,14.43,14.75,14.32,14.61,43010140.0
1694044800,14.6,14.76,14.55,14.61,30699120.0
1694131200,14.61,14.61,14.36,14.4,28287770.0
1694390400,14.47,14.59,14.435,14.52,28625020.0
1694476800,14.53,14.57,14.38,14.46,27383340.0
1694563200,14.55,14.675,14.47,14.62,30916590.0
1694649600,14.9,15.155,14.865,15.06,55155000.0
1694736000,15.0,15.3,14.955,15.23,80594250.0
1694995200,15.17,15.22,15.02,15.09,29972540.0
1695081600,15.06,15.245,15.045,15.21,33196720.0
1695168000,15.28,15.73,15.27,15.55,45303600.0
1695254400,15.41,15.54,15.29,15.31,33709200.0
1695340800,15.33,15.36,15.05,15.12,33967660.0
1695600000,15.05,15.11,14.85,15.06,30428690.0
1695686400,14.8,15.08,14.6743,15.02,35411980.0
1695772800,15.01,15.01,14.8,14.87,27561600.0
1695859200,14.89,15.02,14.88,15.01,27817620.0
1695945600,15.04,15.1,14.91,15.02,29640870.0
1696204800,15.04,15.085,14.66,14.67,36600220.0
1696291200,14.67,14.82,14.58,14.78,36830850.0
1696377600,14.66,14.73,14.45,14.65,37089000.0
1696464000,14.63,14.88,14.625,14.83,32171500.0
1696550400,14.42,14.51,14.12,14.45,53313470.0
1696809600,14.47,14.75,14.46,14.73,30659760.0
1696896000,14.69,14.98,14.69,14.96,35746770.0
1696982400,14.95,15.05,14.68,14.77,31793520.0
1697068800,14.64,14.67,14.2841,14.45,38543670.0
1697155200,14.48,14.63,14.32,14.36,34127250.0
1697414400,14.4,14.5,14.23,14.41,31727890.0
1697500800,14.32,14.59,14.285,14.58,34771820.0
1697587200,14.47,14.525,14.31,14.32,36230870.0
1697673600,15.37,15.655,15.16,15.26,97636470.0
1697760000,15.19,15.91,15.19,15.38,68058400.0
1698019200,15.37,15.38,14.86,14.95,53938560.0
1698105600,15.18,15.57,15.18,15.53,66404200.0
1698192000,15.5,15.585,15.07,15.19,42605760.0
1698278400,15.17,15.29,14.98,15.12,41165140.0
1698364800,15.1,15.18,14.74,14.82,35849210.0
1698624000,14.95,15.38,14.91,15.26,41832170.0
1698710400,15.28,15.44,15.25,15.4,33688410.0
1698796800,15.49,15.7,15.43,15.58,41502820.0
1698883200,15.62,15.78,15.56,15.73,35788830.0
1698969600,15.9,16.04,15.83,15.88,42807500.0
1699228800,15.83,15.895,15.64,15.75,32805460.0
1699315200,15.71,15.96,15.71,15.84,26425500.0
1699401600,15.84,15.84,15.58,15.65,28224460.0
1699488000,15.68,15.75,15.55,15.63,26080800.0
1699574400,15.68,15.74,15.46,15.64,23758930.0
1699833600,15.61,15.74,15.51,15.58,23876000.0
1699920000,15.7,15.75,15.515,15.63,31504200.0
1700006400,15.65,15.8,15.64,15.76,25233520.0
1700092800,15.88,15.93,15.75,15.88,26214180.0
1700179200,15.91,15.96,15.84,15.9,27168810.0
1700438400,15.9,16.17,15.85,16.1,30874060.0
1700524800,16.07,16.25,16.025,16.19,25679980.0
1700611200,16.25,16.28,16.1,16.17,21305890.0
1700784000,16.21,16.32,16.2,16.21,12431030.0
1701043200,16.19,16.27,16.085,16.21,29976190.0
1701129600,16.17,16.2,16.03,16.18,24258390.0
1701216000,16.19,16.33,16.15,16.3,26623540.0
1701302400,16.29,16.6,16.29,16.57,50629980.0
1701388800,16.6,16.77,16.525,16.76,35407190.0
1701648000,16.6,16.77,16.55,16.66,40542460.0
1701734400,16.98,17.34,16.96,17.22,72090990.0
1701820800,17.17,17.28,16.855,16.94,45867450.0
1701907200,17.02,17.13,16.9,17.09,31309050.0
1701993600,17.09,17.11,16.81,16.92,42137250.0
1702252800,16.91,16.94,16.53,16.62,43835030.0
1702339200,16.56,16.58,16.34,16.41,41348840.0
1702425600,16.33,16.5,16.1,16.45,53889670.0
1702512000,16.51,16.81,16.51,16.65,54485000.0
1702598400,16.52,16.655,16.45,16.52,65906460.0
1702857600,16.6,16.75,16.41,16.46,34621760.0
1702944000,16.43,16.62,16.41,16.61,28077370.0
1703030400,16.57,16.611,16.4,16.4,33476310.0
1703116800,16.47,16.51,16.35,16.49,36327850.0
1703203200,16.5,16.73,16.5,16.55,26740350.0
1703548800,16.5,16.61,16.44,16.57,22750430.0
1703635200,16.49,16.617,16.45,16.58,27728730.0
1703721600,16.54,16.87,16.53,16.74,32112900.0
1703808000,16.63,16.83,16.61,16.78,33285410.0
1704153600,16.84,17.38,16.83,17.25,47624340.0
1704240000,17.32,17.375,17.22,17.23,33612390.0
1704326400,17.26,17.3,17.15,17.15,35703720.0
1704412800,17.16,17.515,17.095,17.47,33311360.0
1704672000,17.45,17.485,17.24,17.32,41215140.0
1704758400,16.97,16.98,16.83,16.95,30338370.0
1704844800,16.9,16.9,16.76,16.87,26893780.0
1704931200,16.8,16.8,16.15,16.23,59137540.0
1705017600,16.34,16.62,16.325,16.48,32658910.0
1705363200,16.42,16.6,16.34,16.44,39033390.0
1705449600,16.38,16.63,16.35,16.41,39261030.0
1705536000,16.29,16.42,16.19,16.4,35127800.0
1705622400,16.66,16.78,16.395,16.67,52563030.0
1705881600,16.72,16.9,16.64,16.8,44093360.0
1705968000,17.04,17.25,16.98,17.19,59713020.0
1706054400,16.56,17.039,16.46,16.68,79216980.0
1706140800,16.77,17.19,16.69,17.18,54457870.0
1706227200,17.15,17.38,17.12,17.29,38567310.0
1706486400,17.22,17.28,17.05,17.25,38264850.0
1706572800,17.25,17.59,17.18,17.53,54946430.0
1706659200,17.51,17.82,17.5,17.69,52968150.0
1706745600,18.09,18.155,17.82,18.04,71660400.0
1706832000,17.935,17.98,17.755,17.83,33248500.0
1707091200,17.71,17.87,17.58,17.73,31496930.0
1707177600,17.66,17.77,17.55,17.61,25743430.0
1707264000,17.6,17.62,17.3,17.33,33871780.0
1707350400,17.3,17.3,16.74,16.82,66974950.0
1707436800,16.79,16.88,16.57,16.84,44427070.0
1707696000,16.84,17.06,16.76,17.02,31151250.0
1707782400,17.02,17.2,16.75,16.9,29734580.0
1707868800,16.97,17.09,16.84,16.91,26468110.0
1707955200,16.94,17.22,16.94,17.09,25926730.0
1708041600,16.95,17.07,16.76,16.97,28848850.0
1708387200,16.88,17.13,16.87,16.91,29103900.0
1708473600,16.92,17.01,16.84,17.0,22650730.0
1708560000,16.77,16.77,16.42,16.59,59974530.0
1708646400,16.63,16.86,16.54,16.8,32270950.0
1708905600,16.8,16.83,16.52,16.6,26815920.0
1708992000,16.61,16.85,16.54,16.83,28350790.0
1709078400,16.82,17.04,16.81,16.96,33531090.0
1709164800,17.02,17.12,16.91,16.93,46155250.0
1709251200,16.87,17.05,16.81,16.98,27552690.0
1709510400,16.87,16.985,16.71,16.8,32690450.0
1709596800,17.03,17.355,17.0,17.17,43337920.0
1709683200,17.1,17.22,17.025,17.18,35356730.0
1709769600,17.19,17.3,17.01,17.05,27325110.0
1709856000,17.06,17.32,16.975,17.2,30812920.0
1710115200,17.22,17.44,17.22,17.33,29541560.0
1710201600,17.3,17.34,17.17,17.2,38700580.0
1710288000,17.27,17.435,17.13,17.19,32339760.0
1710374400,17.15,17.17,16.83,17.01,37237660.0
1710460800,16.89,17.14,16.885,17.05,93104730.0
1710720000,17.1,17.32,16.93,17.3,35176970.0
1710806400,17.3,17.315,17.155,17.17,26144590.0
1710892800,17.12,17.31,17.08,17.21,28961660.0
1710979200,17.19,17.2699,17.06,17.16,34446670.0
1711065600,17.19,17.2,16.98,16.98,26169940.0
1711324800,17.035,17.13,16.965,17.12,30944600.0
1711411200,17.13,17.28,17.045,17.18,33048620.0
1711497600,17.29,17.59,17.29,17.55,37488390.0
1711584000,17.55,17.7,17.52,17.6,33461500.0
1711929600,17.19,17.535,17.15,17.5,31980060.0
1712016000,17.48,17.695,17.48,17.52,40169510.0
1712102400,17.59,17.71,17.49,17.61,38155910.0
1712188800,17.62,17.88,17.56,17.57,31850270.0
1712275200,17.52,17.54,17.28,17.42,37768990.0
1712534400,17.4,17.46,17.215,17.25,27372190.0
1712620800,17.0,17.08,16.81,16.9,32802500.0
1712707200,16.77,16.79,16.51,16.73,39046810.0
1712793600,16.67,16.695,16.42,16.42,40831200.0
1712880000,16.41,16.46,16.2525,16.31,41785200.0
1713139200,16.46,16.54,16.13,16.24,40249910.0
1713225600,16.22,16.23,15.9401,16.09,56368800.0
1713312000,16.11,16.25,16.06,16.12,27177520.0
1713398400,16.11,16.345,16.09,16.33,29566460.0
1713484800,16.33,16.525,16.26,16.51,45820350.0
1713744000,16.69,16.73,16.17,16.31,54178100.0
1713830400,16.38,16.53,16.29,16.5,47804980.0
1713916800,16.9,17.03,16.38,16.81,74197830.0
1714003200,16.7,17.0,16.5,16.58,46680420.0
1714089600,16.47,16.88,16.39,16.75,37852680.0
1714348800,16.99,17.28,16.99,17.02,43593400.0
1714435200,16.91,16.98,16.8,16.89,31822750.0
1714521600,16.83,17.1,16.78,16.92,39355580.0
1714608000,16.99,16.99,16.73,16.82,32204960.0
1714694400,16.82,16.92,16.73,16.85,24023190.0
1714953600,16.95,17.04,16.91,16.99,24182290.0
1715040000,17.06,17.21,17.0,17.08,28086770.0
1715126400,17.03,17.2,17.0,17.11,25292090.0
1715212800,17.1,17.19,17.04,17.18,22547750.0
1715299200,17.2,17.22,17.12,17.17,19229580.0
1715558400,17.18,17.34,17.15,17.26,28014810.0
1715644800,17.28,17.34,17.22,17.3,23545320.0
1715731200,17.35,17.44,17.18,17.33,30877920.0
1715817600,17.31,17.37,17.15,17.3,24686190.0
1715904000,17.4,17.41,17.26,17.4,25891150.0
1716163200,17.38,17.56,17.355,17.52,28266550.0
1716249600,17.51,17.52,17.14,17.27,31173260.0
1716336000,17.19,17.51,17.185,17.5,30647460.0
1716422400,17.4,17.51,17.32,17.47,32477710.0
1716508800,17.49,17.61,17.4201,17.5,24995960.0
1716854400,17.46,17.525,17.2,17.27,25458310.0
1716940800,17.25,17.31,17.11,17.12,23503820.0
1717027200,17.17,17.64,17.16,17.62,33266530.0
1717113600,17.53,18.27,17.47,18.22,67619460.0
1717372800,18.13,18.33,17.96,18.01,38332730.0
1717459200,17.97,18.36,17.9,18.35,30089140.0
1717545600,18.31,18.32,18.16,18.3,28101800.0
1717632000,18.29,18.45,18.22,18.28,22319230.0
1717718400,18.22,18.22,17.97,18.1,36626730.0
1717977600,18.0,18.04,17.75,17.86,32419550.0
1718064000,17.84,17.95,17.725,17.86,29956970.0
1718150400,17.99,18.04,17.57,17.61,35652180.0
1718236800,17.545,17.68,17.42,17.67,30691970.0
1718323200,17.59,17.745,17.49,17.64,22652280.0
1718582400,17.56,17.7,17.49,17.67,27451580.0
1718668800,17.88,18.2,17.86,18.05,33711090.0
1718841600,17.94,18.16,17.9,18.11,32100610.0
1718928000,18.17,18.455,18.07,18.4,72567210.0
1719187200,18.42,18.7,18.4,18.65,42162150.0
1719273600,18.64,18.73,18.53,18.69,34090640.0
1719360000,18.64,18.81,18.61,18.76,32029650.0
1719446400,18.78,18.79,18.61,18.75,28916350.0
1719532800,18.8,19.13,18.78,19.11,52825160.0
1719792000,19.24,19.32,18.83,18.98,36095660.0
1719878400,18.98,19.0,18.68,18.82,31606880.0
1719964800,18.88,18.915,18.66,18.68,19463000.0
1720137600,18.7,18.8,18.645,18.77,30727770.0
1720396800,18.84,18.9,18.69,18.81,23277380.0
1720483200,18.82,18.98,18.705,18.8,27840910.0
1720569600,18.57,18.75,18.46,18.74,33408230.0
1720656000,18.7,18.87,18.62,18.86,23633150.0
1720742400,18.72,18.85,18.585,18.81,37919380.0
1721001600,18.85,18.87,18.53,18.58,33910860.0
1721088000,18.595,18.86,18.565,18.85,23923650.0
1721174400,18.9,19.19,18.85,19.16,40611460.0
1721260800,19.1,19.33,18.99,19.15,34793870.0
1721347200,19.12,19.24,18.98,19.12,29910310.0
1721606400,18.7,18.77,18.31,18.55,44083640.0
1721692800,18.57,18.61,18.14,18.21,70161840.0
1721779200,18.92,19.23,18.76,19.16,64464980.0
1721865600,19.15,19.74,19.1,19.19,54049740.0
1721952000,19.16,19.3,18.89,19.01,30844170.0
1722211200,19.0,19.015,18.82,18.9,30788260.0
1722297600,18.95,19.03,18.835,18.98,27854990.0
1722384000,18.9,19.32,18.88,19.25,39522010.0
1722470400,19.31,19.63,19.13,19.47,44379270.0
1722556800,19.64,19.99,19.19,19.37,45240120.0
1722816000,18.8,19.12,18.64,18.91,50898440.0
1722902400,18.885,19.3,18.86,19.19,33775980.0
1722988800,19.2,19.5199,19.095,19.25,30036720.0
1723075200,19.255,19.48,19.21,19.4,25588150.0
1723161600,19.39,19.595,19.27,19.49,22819610.0
1723420800,19.54,19.56,19.3,19.43,22979920.0
1723507200,19.42,19.56,19.36,19.52,21508020.0
1723593600,19.48,19.66,19.4214,19.63,19158620.0
1723680000,19.55,19.575,18.97,19.09,42608090.0
1723766400,19.12,19.36,19.08,19.34,24724430.0
1724025600,19.35,19.51,19.34,19.49,20506740.0
1724112000,19.46,19.58,19.385,19.49,20260890.0
1724198400,19.52,19.59,19.4211,19.54,20055500.0
1724284800,19.56,19.58,19.4,19.51,17596670.0
1724371200,19.54,19.76,19.51,19.73,21519300.0
1724630400,19.76,19.94,19.7035,19.76,22599680.0
1724716800,19.74,19.795,19.595,19.65,20321900.0
1724803200,19.68,19.91,19.67,19.82,20435530.0
1724889600,19.8,19.85,19.62,19.76,20775550.0
1724976000,19.76,19.91,19.7,19.9,29362660.0
1725321600,19.93,20.45,19.92,20.43,50352600.0
1725408000,20.49,20.87,20.25,20.57,57532380.0
1725494400,20.71,20.83,20.52,20.65,44199090.0
1725580800,20.65,21.0,20.65,20.97,53079540.0
1725840000,20.96,21.6,20.925,21.5,58958380.0
1725926400,21.45,21.86,21.3306,21.71,60944520.0
1726012800,21.615,21.615,21.24,21.45,37328460.0
1726099200,21.33,21.64,21.17,21.59,34568180.0
1726185600,21.57,21.67,21.435,21.64,31451270.0
1726444800,21.84,22.34,21.79,22.27,53733360.0
1726531200,22.07,22.1,21.71,21.78,29304420.0
1726617600,21.84,21.995,21.64,21.73,27825580.0
1726704000,21.65,21.7,21.18,21.36,40942190.0
1726790400,21.3,21.62,21.23,21.54,94156520.0
1727049600,21.54,21.595,21.36,21.49,25550280.0
1727136000,21.38,21.66,21.31,21.59,25905470.0
1727222400,21.62,21.74,21.52,21.56,28334840.0
1727308800,21.49,21.76,21.43,21.65,25497510.0
1727395200,21.72,21.935,21.6831,21.9,23577660.0
1727654400,22.003,22.065,21.665,22.0,26272690.0
1727740800,21.93,22.15,21.835,22.13,32705540.0
1727827200,22.05,22.24,22.0,22.19,29820070.0
1727913600,22.13,22.225,21.97,22.05,28894730.0
1728000000,21.7,21.98,21.48,21.91,24545360.0
1728259200,21.91,21.91,21.67,21.78,23116340.0
1728345600,21.92,21.98,21.72,21.86,22716400.0
1728432000,21.87,22.0,21.785,21.93,25365380.0
1728518400,21.6,21.68,21.21,21.22,28738530.0
1728604800,21.3,21.445,21.2219,21.37,25249820.0
1728864000,21.36,21.41,21.255,21.26,33512230.0
1728950400,21.39,21.61,21.23,21.51,35942560.0
1729036800,21.52,21.76,21.48,21.71,23926950.0
1729123200,21.56,21.77,21.53,21.73,25471190.0
1729209600,21.73,22.06,21.63,21.85,27277370.0
1729468800,21.88,21.97,21.65,21.66,29366230.0
1729555200,21.25,21.62,21.05,21.5,47781950.0
1729641600,21.24,22.58,21.05,22.49,71932600.0
1729728000,22.4,22.48,22.06,22.2,38783140.0
1729814400,22.3,22.41,21.81,21.83,26050390.0
1730073600,21.92,22.15,21.8202,22.11,27923760.0
1730160000,21.99,22.36,21.92,22.18,32711090.0
1730246400,22.13,22.255,21.9,22.02,36264940.0
1730332800,22.06,22.595,22.03,22.54,59566750.0
1730419200,22.53,22.73,22.07,22.12,37169970.0
1730678400,22.14,22.25,21.79,21.92,24318470.0
1730764800,21.9,22.17,21.8313,22.05,26461790.0
1730851200,22.11,22.39,21.97,22.32,32259160.0
1730937600,22.39,22.39,21.96,22.04,31471830.0
1731024000,22.05,22.43,22.05,22.34,29901560.0
1731283200,22.28,22.48,22.245,22.31,23464950.0
1731369600,22.21,22.29,21.79,22.15,39579540.0
1731456000,22.17,22.39,22.06,22.3,29345580.0
1731542400,22.3,22.46,22.22,22.25,20825100.0
1731628800,22.24,22.75,22.195,22.68,40207260.0
1731888000,22.785,23.2,22.78,22.99,35675530.0
1731974400,22.88,22.92,22.68,22.73,24727690.0
1732060800,22.8,22.9,22.735,22.83,20423060.0
1732147200,22.8,23.15,22.73,22.98,23080890.0
1732233600,23.05,23.29,22.935,23.18,35732870.0
1732492800,23.15,23.32,22.95,23.1,64729770.0
1732579200,22.94,23.11,22.87,23.09,30080350.0
1732665600,23.2,23.38,23.01,23.27,33206300.0
1732838400,23.27,23.305,23.01,23.16,19673930.0
1733097600,23.15,23.16,22.64,22.7,44160560.0
1733184000,23.41,24.03,23.38,23.74,63128690.0
1733270400,23.67,23.825,23.37,23.53,41534170.0
1733356800,23.605,23.89,23.58,23.83,40155620.0
1733443200,23.825,23.9,23.56,23.88,34218760.0
1733702400,23.9,23.99,23.34,23.37,38385900.0
1733788800,23.41,23.66,23.11,23.51,32851500.0
1733875200,23.43,23.5399,23.14,23.48,38518060.0
1733961600,23.58,23.74,23.36,23.36,22014960.0
1734048000,23.37,23.67,23.26,23.63,33693910.0
1734307200,23.71,23.81,22.61,22.84,48018070.0
1734393600,22.8,22.98,22.6717,22.83,39844720.0
1734480000,22.802,22.985,22.46,22.48,38897360.0
1734566400,22.505,22.68,22.41,22.57,43160750.0
1734652800,22.59,22.75,22.52,22.75,93983990.0
1734912000,22.67,22.87,22.59,22.84,24655640.0
1734998400,22.84,22.9894,22.76,22.95,9605933.0
1735171200,22.93,23.15,22.875,22.96,16445920.0
1735257600,22.88,23.07,22.815,22.86,18547500.0
1735516800,22.78,22.78,22.44,22.61,25419990.0
1735603200,22.62,22.85,22.6,22.77,22342840.0
1735776000,22.83,23.17,22.8,22.83,27108200.0
1735862400,22.9,22.96,22.65,22.67,26879830.0
1736121600,22.755,22.77,22.53,22.6,34416020.0
1736208000,22.54,22.645,22.16,22.2,37143500.0
1736294400,22.13,22.245,21.66,22.18,35517850.0
1736467200,21.88,22.04,21.49,21.69,41572440.0
1736726400,21.63,21.68,21.4,21.56,37865590.0
1736812800,21.52,21.82,21.38,21.8,25627300.0
1736899200,21.98,22.09,21.88,21.91,50559890.0
1736985600,22.0,22.13,21.84,22.02,25639590.0
1737072000,22.09,22.37,21.98,22.29,33638000.0
1737417600,22.21,22.54,22.21,22.49,36777560.0
1737504000,22.38,22.475,22.02,22.32,31676420.0
1737590400,22.34,22.66,22.22,22.53,32125220.0
1737676800,22.55,22.79,22.54,22.72,44409180.0
1737936000,23.5,24.365,23.35,24.14,92445180.0
1738022400,24.06,24.58,23.92,24.4,55731400.0
1738108800,24.71,24.98,24.2,24.23,34420440.0
1738195200,24.165,24.23,23.775,24.02,45653010.0
1738281600,24.01,24.14,23.66,23.73,40347630.0
1738540800,23.69,24.43,23.67,24.25,59555830.0
1738627200,24.21,24.43,24.0739,24.25,30540240.0
1738713600,24.46,24.575,24.28,24.47,29511720.0
1738800000,24.5,24.56,24.3,24.45,24522480.0
1738886400,24.45,24.73,24.245,24.54,26290100.0
1739145600,24.605,24.94,24.6,24.86,31913390.0
1739232000,24.9,25.18,24.8,25.15,35150260.0
1739318400,25.15,25.38,25.055,25.36,38970310.0
1739404800,25.47,25.735,25.36,25.63,35115140.0
1739491200,25.67,25.93,25.6,25.87,31687790.0
1739836800,25.71,26.18,25.71,26.07,52442460.0
1739923200,26.22,26.35,26.07,26.24,30551540.0
1740009600,26.2,26.28,25.94,26.15,32753930.0
1740096000,26.08,26.72,25.97,26.62,58421460.0
1740355200,26.615,27.125,26.6,26.74,54549590.0
1740441600,26.87,27.16,26.26,26.65,52497240.0
1740528000,26.56,26.83,26.43,26.57,39296510.0
1740614400,26.64,26.965,26.57,26.9,32943310.0
1740700800,27.0,27.49,27.0,27.41,62510760.0
1740960000,27.27,27.86,27.19,27.72,45078610.0
1741046400,27.8,27.97,26.12,26.22,89479650.0
1741132800,26.065,26.39,25.83,26.18,42010130.0
1741219200,26.22,26.79,26.055,26.73,32211560.0
1741305600,26.67,27.21,26.6,27.12,35341920.0
1741564800,27.11,27.455,26.68,27.28,57820810.0
1741651200,26.47,26.825,25.59,26.01,74574310.0
1741737600,25.63,25.86,24.89,25.72,62383220.0
1741824000,25.79,26.46,25.76,26.09,37698480.0
1741910400,25.8,26.65,25.75,26.58,37591280.0
1742169600,26.57,26.93,26.25,26.83,45570000.0
1742256000,26.795,26.98,26.56,26.61,30365550.0
1742342400,26.65,26.935,26.4503,26.84,30145680.0
1742428800,26.9,26.93,26.68,26.79,27272270.0
1742515200,26.81,27.21,26.64,27.02,91268550.0
1742774400,26.86,27.22,26.835,26.96,26863270.0
1742860800,26.97,27.56,26.97,27.31,42339650.0
1742947200,27.405,27.84,27.36,27.65,42607090.0
1743033600,27.77,28.42,27.64,28.2,43000100.0
1743120000,28.35,28.51,28.0619,28.18,35085250.0
1743379200,28.26,28.56,28.21,28.28,50156530.0
1743465600,28.4,28.61,28.22,28.48,43986380.0
1743552000,28.41,28.59,28.01,28.14,41574760.0
1743638400,28.54,29.03,28.45,28.6,48912280.0
1743724800,28.0,28.43,26.53,26.64,61360980.0
1743984000,25.18,27.225,25.1,26.83,74875360.0
1744070400,27.02,27.19,26.03,26.39,55717140.0
1744156800,26.09,26.855,25.2,26.47,77738750.0
1744243200,26.24,26.76,25.9,26.39,51467890.0
1744329600,26.58,26.9,26.3647,26.79,32057590.0
1744588800,26.63,27.35,26.575,27.2,27042810.0
1744675200,27.5,27.63,27.26,27.5,25721330.0
1744761600,27.74,27.78,26.94,27.02,27835880.0
1744848000,27.18,27.49,27.01,27.15,24870250.0
1745193600,27.16,27.28,26.16,26.33,46225990.0
1745280000,26.0,27.36,25.98,26.96,50906760.0
1745366400,26.535,27.32,26.12,27.19,43351000.0
1745452800,27.17,27.83,27.1402,27.53,43640820.0
1745539200,27.46,27.52,26.625,26.81,37050290.0
1745798400,26.9,27.265,26.795,27.26,24156020.0
1745884800,27.095,27.44,27.05,27.3,25015770.0
1745971200,27.6,27.89,27.32,27.7,38877130.0
1746057600,27.5,27.78,27.27,27.64,37367600.0
1746144000,27.6,27.78,27.36,27.61,22928350.0
1746403200,27.56,27.69,27.16,27.51,21335350.0
1746489600,27.54,28.235,27.5,28.16,32491680.0
1746576000,28.04,28.395,27.95,28.1,28358130.0
1746662400,28.0,28.04,27.45,27.47,30141460.0
1746748800,27.56,28.02,27.4248,27.84,29206950.0
1747008000,27.09,27.3,26.67,27.01,57106060.0
1747094400,27.05,27.13,26.31,26.45,58767130.0
1747180800,26.43,26.59,26.3,26.44,31519450.0
1747267200,26.6,27.4,26.595,27.33,35278660.0
1747353600,27.37,27.7686,27.12,27.72,31105980.0
1747612800,27.76,28.04,27.71,28.02,30996580.0
1747699200,28.05,28.255,27.75,27.78,24966610.0
1747785600,27.68,27.765,27.41,27.47,29684180.0
1747872000,27.58,27.71,27.21,27.23,25901600.0
1747958400,27.475,27.53,27.16,27.42,31766320.0
1748304000,27.355,27.63,27.32,27.39,33329200.0
1748390400,27.375,27.6199,27.31,27.5,32270170.0
1748476800,27.48,27.505,27.27,27.38,27192330.0
1748563200,27.39,27.8,27.35,27.8,47964950.0
1748822400,27.65,27.96,27.6,27.93,26935160.0
1748908800,27.89,28.13,27.645,27.96,26085930.0
1748995200,27.955,27.97,27.22,27.36,33913510.0
1749081600,27.43,27.8481,27.33,27.76,29189990.0
1749168000,27.77,28.1,27.77,28.08,22403090.0
1749427200,27.83,28.08,27.83,27.86,23353580.0
1749513600,27.91,28.61,27.85,28.42,39959080.0
1749600000,28.48,28.61,28.245,28.34,32164490.0
1749686400,28.47,28.47,28.12,28.27,23311740.0
1749772800,28.23,28.34,28.11,28.19,22428230.0
1750032000,28.15,28.39,27.78,27.97,32761410.0
1750118400,27.85,27.965,27.59,27.65,35258620.0
1750204800,27.76,27.83,27.59,27.66,27985480.0
1750377600,27.68,28.11,27.62,27.77,51495230.0
1750636800,27.8,28.295,27.8,28.2,32957210.0
1750723200,28.155,28.35,28.025,28.28,26007030.0
1750809600,28.14,28.35,27.875,27.92,26189420.0
1750896000,27.98,28.1,27.8,28.0,25118500.0
1750982400,28.0,28.18,27.895,28.08,37337230.0
1751241600,28.12,29.02,28.1,28.94,42590800.0
1751328000,28.99,29.19,28.7,28.88,25976360.0
1751414400,28.81,29.03,28.29,28.31,47012270.0
1751500800,28.29,28.41,28.13,28.36,21085180.0
1751846400,28.42,28.47,28.2231,28.41,22448670.0
1751932800,28.24,28.46,28.08,28.29,24955430.0
1752019200,28.33,28.38,27.96,28.1,34453790.0
1752105600,27.76,27.82,27.48,27.62,25059000.0
1752192000,27.545,27.545,26.615,26.97,42713340.0
1752451200,27.02,27.51,27.015,27.16,30747000.0
1752537600,26.925,27.12,26.785,27.02,32266230.0
1752624000,27.02,27.11,26.88,26.95,21934370.0
1752710400,26.8,27.05,26.77,26.99,24546390.0
1752796800,26.97,27.04,26.8,26.94,27427900.0
1753056000,27.455,27.72,27.25,27.38,36229540.0
1753142400,27.45,27.76,27.22,27.42,35255760.0
1753228800,26.3,27.75,25.85,27.75,65616330.0
1753315200,27.77,28.17,27.69,27.92,47332700.0
1753401600,27.91,28.35,27.75,28.0,33987750.0
1753660800,27.93,27.93,27.535,27.6,29164420.0
1753747200,27.68,27.9299,27.32,27.41,34202390.0
1753833600,27.34,27.7086,27.24,27.5,30096120.0
1753920000,27.35,27.72,27.31,27.41,34119970.0
1754006400,27.64,27.93,27.34,27.75,38817010.0
1754265600,27.79,27.92,27.57,27.68,29972360.0
1754352000,27.72,27.97,27.67,27.77,25317440.0
1754438400,27.94,28.06,27.445,27.49,39247210.0
1754524800,27.445,28.11,27.285,28.06,35331420.0
1754611200,28.07,28.25,28.03,28.08,23598150.0
1754870400,28.18,28.28,28.08,28.14,20602420.0
1754956800,28.14,28.7,28.14,28.48,30756700.0
1755043200,28.5,28.59,28.36,28.4,26382730.0
1755129600,28.58,28.77,28.41,28.75,24530250.0
1755216000,28.74,29.08,28.645,28.87,37020390.0
1755475200,28.98,29.15,28.865,28.92,20420630.0
1755561600,28.87,29.16,28.8,28.98,18890590.0
1755648000,29.1,29.38,29.015,29.28,34842990.0
1755734400,29.25,29.56,29.21,29.44,32991030.0
1755820800,29.47,29.65,28.68,28.77,34011980.0
1756080000,28.77,28.98,28.72,28.74,19405030.0
1756166400,28.83,28.96,28.21,28.56,49407920.0
1756252800,28.5,29.08,28.5,29.06,28026230.0
1756339200,29.02,29.02,28.75,28.94,24658070.0
1756425600,29.02,29.33,28.95,29.29,26562390.0
1756771200,29.3,29.3954,29.0,29.08,31571060.0
1756857600,29.01,29.08,28.445,29.04,27245390.0
1756944000,29.18,29.7,29.03,29.58,31845440.0
1757030400,29.58,29.79,29.42,29.59,25105950.0
1757289600,28.5,29.14,28.28,28.9,40649270.0
1757376000,28.895,29.58,28.83,29.42,35105460.0
1757462400,29.245,29.44,28.9,29.2,25689400.0
1757548800,29.29,29.5,29.115,29.49,23581000.0
1757635200,29.42,29.6,29.2949,29.57,22794040.0
1757894400,29.605,29.79,29.5,29.62,31486360.0
1757980800,29.62,29.65,29.205,29.33,28118180.0
1758067200,29.33,29.58,29.25,29.54,25967170.0
1758153600,29.35,29.465,29.14,29.2,30142880.0
1758240000,29.26,29.31,28.925,29.01,62155660.0
1758499200,28.935,29.07,28.735,28.92,25835320.0
1758585600,28.92,29.01,28.555,28.79,28805800.0
1758672000,28.685,28.75,28.17,28.32,28858700.0
1758758400,28.5,28.75,28.29,28.3,25658510.0
1758844800,28.38,28.5659,28.25,28.31,25455100.0
1759104000,28.25,28.34,27.875,28.07,28739590.0
1759190400,28.14,28.35,28.05,28.24,34049550.0
1759276800,28.05,28.1599,27.52,27.55,38415120.0
1759363200,27.4,27.43,26.88,27.01,39597190.0
1759449600,27.02,27.22,26.99,27.06,34891700.0
1759708800,26.54,26.72,25.84,25.87,63474350.0
1759795200,25.92,26.2999,25.85,26.16,43249550.0
1759881600,26.225,26.35,26.0235,26.25,36913240.0
1759968000,26.245,26.475,26.09,26.1,33129230.0
1760054400,25.84,26.24,25.71,25.87,37980080.0
1760313600,25.68,25.845,25.35,25.59,36313720.0
1760400000,25.575,26.15,25.575,26.13,43644890.0
1760486400,26.05,26.1851,25.94,26.07,34673980.0
1760572800,26.1,26.3899,26.05,26.2,49513140.0
1760659200,26.39,26.48,26.195,26.34,61491830.0
1760918400,26.34,26.44,25.83,26.1,66161100.0
1761004800,26.15,26.23,25.9,26.05,100445700.0
1761091200,24.92,25.83,24.32,25.55,95467950.0
1761177600,25.68,25.75,24.485,24.62,107294100.0
1761264000,24.635,25.19,24.57,25.14,80553700.0
1761523200,25.08,25.565,24.965,25.53,86220430.0
1761609600,25.41,25.78,25.31,25.7,77662460.0
1761696000,26.12,26.21,24.985,25.14,102715000.0
1761782400,24.99,25.175,24.615,24.68,82167820.0
1761868800,24.63,24.99,24.51,24.75,89936750.0
1762128000,24.635,24.635,24.08,24.53,89327680.0
1762214400,24.47,24.56,24.29,24.44,75032670.0
1762300800,24.46,24.73,24.43,24.56,61112230.0
1762387200,24.29,24.99,24.29,24.74,71665300.0
1762473600,24.81,25.1,24.64,24.83,62439990.0
1762732800,24.74,24.94,24.61,24.83,52677550.0
1762819200,24.93,25.3,24.88,25.18,40962710.0
1762905600,25.44,25.73,25.41,25.65,44096990.0
1762992000,25.65,25.96,25.555,25.75,49785590.0
1763078400,25.87,25.93,25.44,25.59,37390170.0
1763337600,25.63,25.71,25.43,25.47,34519870.0
1763424000,25.54,25.77,25.34,25.6,41527550.0
1763510400,25.6,25.67,25.09,25.27,34296930.0
1763596800,25.25,25.63,25.12,25.52,44631820.0
1763683200,25.515,26.18,25.5,25.93,59017120.0
1763942400,25.99,26.015,25.43,25.62,66605910.0
1764028800,25.76,26.205,25.75,25.86,44336240.0
1764115200,25.83,26.07,25.8,25.82,27713020.0
1764288000,25.82,26.02,25.7601,26.02,16345750.0
1764547200,25.95,25.97,25.55,25.79,34681950.0
1764633600,25.83,25.87,25.45,25.52,30839720.0
1764720000,25.555,25.82,25.31,25.32,29138410.0
1764806400,25.37,25.56,25.23,25.39,33035150.0
1764892800,25.36,25.64,25.25,25.28,28075580.0
1765152000,25.34,25.34,24.69,24.84,41475010.0
1765238400,24.84,24.99,24.36,24.51,41499590.0
1765324800,24.56,24.6005,24.275,24.39,48955410.0
1765411200,24.46,24.7099,24.27,24.3,38931830.0
1765497600,24.39,24.81,24.265,24.58,34207690.0
1765756800,24.49,24.625,24.22,24.31,37162470.0
1765843200,24.36,24.39,24.01,24.07,35701970.0
1765929600,24.105,24.45,24.08,24.36,39455090.0
1766016000,24.305,24.55,24.23,24.26,31038790.0
1766102400,24.21,24.28,24.02,24.15,89822260.0
1766361600,24.15,24.45,24.09,24.3,29049260.0
1766448000,24.275,24.53,24.26,24.46,20869080.0
1766534400,24.37,24.71,24.37,24.66,13904060.0
1766707200,24.61,24.765,24.59,24.65,16070070.0
1766966400,24.68,24.94,24.678,24.77,30322140.0
1767052800,24.77,24.86,24.73,24.81,21047880.0
1767139200,24.79,24.97,24.78,24.84,22911040.0
1767312000,24.79,24.81,24.5,24.56,28718400.0
1767571200,24.405,24.75,24.37,24.71,48958070.0
1767657600,24.515,24.53,23.87,24.34,59966250.0
1767744000,24.44,24.545,23.9,23.97,46998350.0
1767830400,23.99,24.32,23.98,24.17,43770370.0
1767916800,24.15,24.32,23.98,23.99,30811010.0
1768176000,23.76,23.9,23.62,23.74,40700090.0
1768262400,23.69,23.75,23.19,23.3,40890590.0
1768348800,23.33,23.72,23.325,23.61,51414810.0
1768435200,23.61,23.8,23.5,23.73,35919470.0
1768521600,23.66,23.66,23.39,23.49,46504810.0
1768867200,23.37,23.6,23.275,23.45,51781070.0
1768953600,23.47,23.7897,23.47,23.5,40672130.0
1769040000,23.57,23.825,23.5,23.58,30388280.0
1769126400,23.5,23.645,23.3,23.59,36056770.0
1769385600,23.7,23.8,23.36,23.45,44376020.0
1769472000,23.5,23.5,22.95,23.0,72164360.0
1769558400,23.42,24.33,23.36,24.07,84121870.0
1769644800,24.45,25.13,24.43,25.13,73255250.0
1769731200,25.5,26.29,25.145,26.21,78227460.0
1769990400,26.29,26.635,26.19,26.3,66563970.0
1770076800,26.11,26.985,26.11,26.83,61110350.0
1770163200,27.09,27.495,26.89,27.22,52448300.0
1770249600,27.4,27.52,26.96,27.31,44672420.0
1770336000,27.26,27.38,26.93,27.13,37410380.0
1770595200,27.095,27.195,26.825,27.11,33057760.0
1770681600,27.075,27.59,27.075,27.41,34925950.0
1770768000,27.275,28.6,27.135,28.47,64213330.0
1770854400,28.48,29.3,28.46,28.8,70553060.0
1770940800,28.68,28.84,28.41,28.69,42687510.0
1771286400,28.755,29.06,28.63,28.68,29868900.0
1771372800,28.63,28.715,27.82,27.88,33179280.0
1771459200,28.015,28.395,27.73,27.88,31221880.0
1771545600,27.95,28.06,27.54,27.98,25383650.0
1771804800,28.04,28.83,28.03,28.52,41169260.0
1771891200,28.52,28.8,28.19,28.35,34541660.0
1771977600,28.03,28.29,27.7,27.87,45550690.0
1772064000,27.98,28.05,27.41,27.46,33856840.0
1772150400,27.61,28.01,27.51,28.01,54509330.0
1772409600,27.91,28.25,27.87,28.01,39270910.0
1772496000,27.79,28.75,27.76,28.67,45891170.0
1772582400,28.47,29.07,28.22,28.98,42409310.0
1772668800,28.935,29.06,28.715,28.97,46498080.0
1772755200,28.93,28.95,28.325,28.64,37909870.0
1773014400,28.13,28.36,27.39,27.53,52144960.0
1773100800,27.65,27.94,27.45,27.71,37596470.0
1773187200,27.665,27.73,26.87,27.16,46925570.0
1773273600,27.05,27.39,26.73,27.39,32636120.0
1773360000,27.5,27.845,27.44,27.72,28076850.0
1773619200,27.73,27.815,27.47,27.73,31792790.0
1773705600,27.89,28.02,27.655,27.85,33904290.0
1773792000,27.71,27.79,27.39,27.41,34898670.0
1773878400,27.58,27.95,27.22,27.74,58624180.0
1773964800,27.835,28.63,27.835,28.31,128734200.0
1774224000,28.275,28.91,27.87,28.76,46656340.0
1774310400,28.8,29.435,28.66,28.87,41047230.0
1774396800,28.98,29.135,28.705,28.81,36571090.0
1774483200,29.07,29.21,28.82,28.92,29904530.0
1774569600,29.0,29.365,28.82,29.1,38162810.0
1774828800,29.21,29.365,28.72,28.78,35293850.0
1774915200,28.93,28.99,28.53,28.99,48632310.0
1775001600,28.95,28.97,28.06,28.31,43112550.0
1775088000,28.39,28.63,27.99,28.33,34996180.0
1775433600,28.265,28.52,28.15,28.32,29396200.0
1775520000,28.29,28.485,27.92,28.04,27652970.0
1775606400,27.23,27.5,26.9101,27.35,47841590.0
1775692800,27.23,27.41,26.76,26.84,41439830.0
1775779200,26.515,26.7,26.285,26.46,31990440.0
1776038400,26.37,26.39,25.4,25.61,46751750.0
1776124800,25.2,25.705,24.94,25.62,42173910.0
1776211200,25.675,25.775,25.42,25.46,33847640.0
1776297600,25.515,26.425,25.46,26.4,34901890.0
1776384000,26.145,26.61,26.04,26.51,35023820.0
1776643200,26.515,26.675,26.17,26.18,30509450.0
1776729600,26.2,26.44,25.88,25.88,44489370.0
1776816000,25.15,26.05,24.96,25.98,59711920.0
1776902400,26.12,26.755,26.02,26.61,47337930.0
1776988800,26.425,26.58,26.03,26.2,30600870.0
1777248000,26.33,26.44,25.455,25.52,32633670.0
1777334400,25.94,26.31,25.88,26.06,30377620.0
1777420800,25.97,26.16,25.64,25.75,22790620.0
1777507200,25.82,26.47,25.78,26.13,44640620.0
1777593600,26.313,26.455,26.07,26.12,31493660.0
1777852800,25.93,26.135,25.82,26.1,23439530.0
1777939200,26.05,26.13,25.85,25.9,24482360.0
1778025600,25.79,26.01,25.48,25.57,34338910.0
1778112000,25.39,25.49,25.12,25.26,42986640.0
1778198400,25.225,25.395,25.115,25.16,36012890.0
1778457600,25.23,25.34,24.66,24.87,37447610.0
1778544000,25.02,25.44,24.86,25.23,33454620.0
1778630400,25.23,25.55,24.72,24.74,34609670.0
1778716800,24.84,24.98,24.645,24.65,32683630.0
1778803200,24.86,24.93,24.03,24.03,44236210.0
1779062400,24.085,24.58,23.85,24.43,38980980.0
1779148800,24.59,24.99,24.42,24.98,39383430.0
1779235200,24.935,25.28,24.785,24.93,40363770.0
1779321600,24.86,25.385,24.81,25.34,35792600.0
1779408000,25.34,25.4299,25.19,25.26,25280870.0
1779753600,25.14,25.34,24.86,25.02,32461170.0
1779840000,24.93,25.3486,24.88,24.89,35908460.0
1779926400,24.96,25.14,24.73,24.88,25343770.0
1780012800,24.86,24.87,24.56,24.8,88295110.0
1780272000,24.75,24.9,24.49,24.55,29675670.0
1780358400,24.64,24.71,24.25,24.64,42080310.0
1780444800,24.185,24.195,23.45,23.55,51911760.0
1780531200,23.88,24.01,22.33,22.77,82536320.0
1780617600,22.9,23.04,22.59,22.75,60825940.0
1780876800,22.66,22.83,22.41,22.5,41973550.0
1780963200,22.51,22.96,22.315,22.71,52560980.0
1781049600,22.88,23.2551,22.75,23.21,50622440.0
1781136000,23.155,23.37,22.99,23.0,38147570.0
1781222400,23.1,23.61,23.0716,23.58,38879400.0
1781481600,23.35,23.51,23.17,23.29,48293250.0
1781568000,23.316,23.4151,22.84,23.16,47609300.0
1781654400,22.83,22.88,22.25,22.44,56538270.0
1781740800,22.46,22.52,21.99,22.01,94242930.0
1782086400,22.03,22.47,22.01,22.1,68522330.0
1782172800,22.31,22.98,22.19,22.81,73551940.0
1782259200,22.84,22.94,22.31,22.37,57297260.0
1782345600,22.25,22.63,22.2301,22.42,43268410.0
1782432000,22.47,22.72,22.32,22.72,85148670.0
1782691200,22.38,22.43,21.28,21.82,84994830.0
1782777600,21.73,21.75,20.57,20.7,131117200.0
1782864000,20.63,21.03,20.29,20.48,137694400.0
1782950400,20.7,20.99,19.89,20.58,129365500.0
1783296000,20.75,20.91,20.25,20.58,113634400.0
1783382400,20.92,21.27,20.86,21.09,66469410.0
1783468800,20.97,21.425,20.81,21.12,63946740.0
1783555200,20.92,21.065,20.725,21.04,50847680.0
1783641600,20.62,21.26,20.62,21.13,49781910.0
1783900800,21.38,21.625,21.24,21.55,65496380.0
1783987200,21.42,21.555,21.25,21.28,53556150.0
1784073600,21.32,21.705,21.25,21.43,75068640.0
1784160000,21.51,22.175,21.4992,21.98,85226550.0
1784246400,22.38,22.77,21.67,21.81,79330390.0
1784505600,21.6,22.04,21.54,21.95,87678090.0
1784592000,21.93,22.39,21.7,22.26,139856700.0
1784678400,23.38,23.65,22.73,23.04,187291400.0
1784764800,23.25,23.465,22.65,22.96,103562100.0
1784851200,23.0,24.13,23.0,24.13,80670870.0
1785110400,24.125,24.52,24.03,24.42,74464000.0
1785196800,24.84,25.32,24.6,24.66,57350490.0
1785283200,24.64,24.67,23.595,23.94,77480860.0
1785369600,23.41,23.62,23.14,23.21,49443270.0
1785456000,23.17,23.46,22.915,23.25,58149040.0
1785715200,23.66,23.75,23.295,23.59,53816900.0
1785801600,23.35,23.46,23.02,23.38,55823300.0
1785888000,22.66,23.28,22.545,23.06,66801850.0
1785974400,23.46,23.71,23.205,23.71,47689400.0
1786060800,23.5,23.91,23.35,23.79,34887030.0
1786320000,23.58,24.09,23.47,24.05,42877490.0
1786406400,24.02,24.5,23.98,24.5,35143980.0
1786492800,24.325,24.45,24.1,24.25,32522240.0
1786579200,24.28,24.68,24.22,24.58,35277670.0
1786665600,24.65,24.97,24.575,24.89,27109300.0
1786924800,24.75,25.01,24.615,24.68,36794810.0
1787011200,25.04,25.23,24.9,24.9,34303290.0
1787097600,24.99,25.48,24.845,25.12,29973440.0
1787184000,25.06,25.27,25.04,25.15,25231380.0
1787270400,25.2,25.55,25.17,25.29,30363260.0
1787529600,25.46,25.77,25.21,25.69,26268450.0
1787616000,25.58,25.87,25.43,25.77,28826190.0
1787702400,25.82,26.02,25.715,25.87,26379110.0
1787788800,25.5,25.59,25.28,25.43,26110880.0
1787875200,25.56,26.03,25.5086,26.01,22685360.0
1788134400,25.915,26.24,25.86,25.89,37390750.0
1788220800,26.09,26.32,26.0,26.0,32813280.0
1788307200,26.09,26.44,25.95,25.95,33809060.0
1788393600,26.15,26.25,25.8,26.19,32840720.0
1788480000,26.1,26.22,25.655,25.68,26152580.0
1788825600,25.54,25.91,25.445,25.6,39871770.0
1788912000,25.415,25.44,24.795,25.15,51355640.0
1788998400,25.37,25.77,25.2,25.55,34193700.0
1789084800,25.77,26.26,25.66,26.06,43222660.0
1789344000,26.38,26.62,26.155,26.51,38502110.0
1789430400,26.3,26.93,26.3,26.72,37337330.0
1789516800,26.615,26.835,25.65,25.86,37808860.0
1789603200,25.98,26.04,25.34,25.39,37776350.0
1789689600,25.08,25.64,25.06,25.4,84401990.0
1789948800,25.75,25.8,25.315,25.45,35284550.0
1790035200,25.565,25.61,24.98,25.1,35588790.0
1790121600,25.13,25.59,24.94,25.3,43043190.0
1790208000,25.59,25.805,25.36,25.45,34217800.0
