timestamp,open,high,low,close,volume
1474848000,94.11,94.455,93.53,94.18,3625109.0
1474934400,94.13,95.355,93.79,94.85,3163838.0
1475020800,94.98,96.23,94.94,96.16,2533466.0
1475107200,96.24,96.79,95.5,95.96,2671490.0
1475193600,96.78,98.0,96.61,97.53,4690634.0
1475452800,97.18,97.89,97.06,97.35,2378679.0
1475539200,97.57,98.16,96.57,96.67,2626083.0
1475625600,97.21,98.835,96.985,98.54,3222519.0
1475712000,98.36,98.8,97.95,98.35,3088637.0
1475798400,98.42,98.64,97.31,98.07,3275087.0
1476057600,98.52,98.72,97.26,97.35,3041851.0
1476144000,97.32,97.48,96.0123,96.54,4202412.0
1476230400,96.74,96.8,95.57,95.91,3417593.0
1476316800,95.39,97.11,94.3,96.74,4312261.0
1476403200,97.07,98.26,96.83,96.84,4927443.0
1476662400,96.71,97.12,96.44,96.77,2363346.0
1476748800,97.6,98.07,96.67,96.72,3565833.0
1476835200,96.65,98.44,96.26,97.12,3707266.0
1476921600,94.4,95.0,89.81,90.64,16101640.0
1477008000,89.57,91.5,89.37,90.37,8285363.0
1477267200,90.78,91.49,89.77,89.88,7037945.0
1477353600,89.73,90.42,89.15,89.99,5599063.0
1477440000,90.02,90.02,88.63,89.05,4750218.0
1477526400,89.21,89.39,88.58,88.82,4365747.0
1477612800,88.94,89.32,87.79,88.37,3784440.0
1477872000,88.75,89.0678,88.11,88.18,3681197.0
1477958400,88.65,88.89,87.0601,87.89,3980365.0
1478044800,88.08,89.31,87.74,88.69,4434634.0
1478131200,88.68,89.64,88.252,88.77,4468624.0
1478217600,88.7,89.48,88.38,88.76,3745635.0
1478476800,90.0,90.88,89.85,90.75,4556539.0
1478563200,90.79,90.96,89.7235,90.6,4268481.0
1478649600,87.88,94.96,87.88,93.95,9655178.0
1478736000,95.13,98.79,95.03,97.49,8952910.0
1478822400,97.05,97.7,95.67,96.88,6663396.0
1479081600,97.52,100.63,97.51,99.43,6616974.0
1479168000,99.18,99.54,97.92,99.11,4263230.0
1479254400,98.38,99.06,97.72,98.01,2865835.0
1479340800,97.72,98.94,97.48,98.81,4379518.0
1479427200,98.93,100.0,98.596,99.83,3653396.0
1479686400,100.1,101.63,100.0,100.75,3385290.0
1479772800,101.1,101.22,100.39,100.49,3350904.0
1479859200,100.71,101.695,100.66,101.39,3154390.0
1480032000,101.45,102.16,101.13,102.1,1680892.0
1480291200,101.32,101.3925,100.43,100.69,3497917.0
1480377600,100.53,101.05,100.1,100.57,2945866.0
1480464000,101.36,102.73,101.255,101.33,6190230.0
1480550400,101.84,103.96,101.61,103.39,4747057.0
1480636800,103.38,103.6,102.02,102.65,3510987.0
1480896000,103.32,103.75,102.81,102.84,3459291.0
1480982400,103.0,103.31,102.3,103.15,3228183.0
1481068800,103.49,106.5,102.72,106.33,4935413.0
1481155200,106.32,106.62,104.74,105.37,3856323.0
1481241600,104.89,105.48,104.03,104.99,4098652.0
1481500800,105.329,105.33,102.91,104.32,4136439.0
1481587200,104.59,104.74,103.12,104.04,4084912.0
1481673600,104.25,104.83,102.67,102.82,3549583.0
1481760000,102.98,104.94,102.5101,104.68,4480069.0
1481846400,104.74,104.97,103.05,103.31,6610332.0
1482105600,103.08,103.89,102.63,103.4,2859356.0
1482192000,103.81,104.77,103.54,104.65,3026742.0
1482278400,104.7,105.55,104.05,104.65,2210931.0
1482364800,104.12,105.28,103.37,105.19,2994877.0
1482451200,105.23,105.27,104.32,105.18,2146289.0
1482796800,105.51,105.93,105.21,105.71,1518208.0
1482883200,105.75,106.32,104.59,104.76,1766634.0
1482969600,104.88,105.25,103.99,104.42,2122374.0
1483056000,104.18,104.84,103.25,103.68,2914717.0
1483401600,104.48,105.29,102.07,102.52,3824317.0
1483488000,102.89,104.31,102.51,103.14,3668231.0
1483574400,103.03,103.36,101.22,102.13,4180402.0
1483660800,102.03,103.77,101.2,103.19,3862431.0
1483920000,103.73,103.74,101.9,102.42,2968866.0
1484006400,102.56,104.24,101.91,103.42,3563134.0
1484092800,103.35,104.83,103.03,104.27,2864793.0
1484179200,104.27,104.96,103.35,104.7,2396981.0
1484265600,104.51,105.45,104.28,105.25,2743722.0
1484611200,104.7,104.82,102.85,103.37,3401751.0
1484697600,102.26,104.37,101.53,103.77,5362388.0
1484784000,108.21,108.98,105.44,106.24,10103880.0
1484870400,106.83,108.64,106.61,108.6,6439783.0
1485129600,108.64,108.64,106.93,107.99,3932165.0
1485216000,108.15,109.2505,107.6,108.72,4564044.0
1485302400,109.29,111.0,109.01,110.42,5137933.0
1485388800,110.25,111.38,109.48,110.15,4607212.0
1485475200,110.35,110.36,108.14,109.2,3555413.0
1485734400,108.94,108.96,106.34,108.0,5334240.0
1485820800,108.13,108.58,106.22,106.58,4534644.0
1485907200,107.04,108.07,106.4,107.7,4374544.0
1485993600,107.2,107.58,105.9,107.3,4225899.0
1486080000,107.48,108.84,107.35,108.51,3249621.0
1486339200,108.36,108.69,107.58,107.69,2858095.0
1486425600,108.19,108.76,107.35,107.65,3493417.0
1486512000,107.52,107.925,106.27,107.34,3901373.0
1486598400,107.58,107.88,107.12,107.42,3603917.0
1486684800,107.88,108.49,107.7076,107.87,2777986.0
1486944000,108.09,109.3,107.89,108.32,2640539.0
1487030400,108.07,109.16,107.74,109.16,2890486.0
1487116800,108.53,109.99,108.17,109.78,3352946.0
1487203200,109.48,110.0,108.5,109.39,2811146.0
1487289600,109.43,109.82,107.96,109.82,4246454.0
1487635200,110.0,110.82,109.35,109.67,4169786.0
1487721600,109.18,109.439,107.95,108.87,4206115.0
1487808000,109.14,109.5,106.26,106.7,4874370.0
1487894400,105.61,107.76,105.171,107.74,4632501.0
1488153600,107.82,108.0,106.48,107.5,3288452.0
1488240000,107.53,108.08,107.09,107.94,3756547.0
1488326400,109.04,110.65,109.04,110.11,4064942.0
1488412800,110.05,110.24,108.91,109.05,2739930.0
1488499200,109.08,109.28,108.24,109.02,2304907.0
1488758400,108.76,109.64,108.5,109.43,2989131.0
1488844800,109.1,109.52,108.16,108.36,3331169.0
1488931200,108.36,108.46,106.412,106.71,3460636.0
1489017600,106.81,107.14,105.74,106.18,4131220.0
1489104000,106.89,106.99,105.72,106.28,3316157.0
1489363200,106.36,106.79,105.95,106.45,3514754.0
1489449600,105.95,106.28,104.315,104.37,4303750.0
1489536000,104.59,106.14,104.1,105.58,3496080.0
1489622400,105.5,106.32,105.0,105.45,3645284.0
1489708800,105.43,106.05,105.1,105.99,11395370.0
1489968000,105.75,105.98,105.0,105.08,3444884.0
1490054400,105.44,105.61,103.2,103.65,3846810.0
1490140800,103.55,104.495,103.07,104.06,4099852.0
1490227200,103.99,105.1399,103.6,103.87,2587663.0
1490313600,103.99,104.61,103.44,103.96,2734658.0
1490572800,102.9,104.52,102.41,104.02,3811987.0
1490659200,104.05,105.89,103.8348,105.5,4237112.0
1490745600,104.81,106.17,104.41,105.58,2904963.0
1490832000,105.74,107.455,105.32,106.94,2961042.0
1490918400,106.98,107.09,105.9,105.92,2888300.0
1491177600,106.16,106.78,105.08,105.5,2888992.0
1491264000,105.71,107.24,105.13,107.2,3445417.0
1491350400,107.95,109.54,106.57,106.76,2937717.0
1491436800,104.79,107.39,104.77,107.07,4556134.0
1491523200,107.33,107.78,106.57,107.03,2204957.0
1491782400,107.57,108.39,107.45,107.62,2631713.0
1491868800,107.21,107.77,106.26,107.61,2298810.0
1491955200,108.08,108.13,105.48,105.57,3046099.0
1492041600,105.5,106.07,104.78,104.78,2372740.0
1492387200,104.9,106.01,104.12,105.98,2773913.0
1492473600,105.48,106.677,105.19,106.24,2767039.0
1492560000,106.79,107.78,106.27,106.79,3344342.0
1492646400,108.17,109.35,107.87,107.9,4197563.0
1492732800,108.2,108.78,107.63,108.28,3140472.0
1492992000,109.5,109.98,109.16,109.33,3217448.0
1493078400,109.33,110.755,109.06,110.48,3990667.0
1493164800,110.55,111.96,109.83,110.17,6301958.0
1493251200,112.02,115.15,111.89,113.53,5156602.0
1493337600,113.53,113.95,111.31,111.96,3554678.0
1493596800,112.43,112.6801,111.6,111.6,2888285.0
1493683200,111.75,112.28,110.94,111.09,3815268.0
1493769600,110.66,111.21,110.3367,110.88,2690186.0
1493856000,111.21,111.6,110.12,110.33,2624876.0
1493942400,110.59,110.75,110.12,110.72,3078873.0
1494201600,110.39,110.79,109.75,110.02,3426134.0
1494288000,109.86,110.62,109.52,109.96,2423627.0
1494374400,110.12,110.12,108.97,109.32,3551218.0
1494460800,108.99,110.62,108.74,110.1,3837678.0
1494547200,109.65,110.79,109.65,110.48,3609889.0
1494806400,110.56,111.53,110.5,111.28,2340815.0
1494892800,111.72,111.83,110.6,111.0,2567863.0
1494979200,110.02,110.23,106.38,106.56,4444934.0
1495065600,106.13,108.62,105.5,107.14,4642329.0
1495152000,107.4,108.13,106.8361,107.05,3585665.0
1495411200,107.53,108.1,106.8092,107.83,3023739.0
1495497600,107.96,108.45,107.29,108.0,2732565.0
1495584000,107.9,108.64,107.44,108.05,2971600.0
1495670400,108.62,109.96,108.181,109.7,3869822.0
1495756800,108.81,110.75,108.54,110.57,3901921.0
1496102400,110.07,111.04,109.8,110.81,2958150.0
1496188800,110.98,111.0,109.36,110.3,4995851.0
1496275200,110.58,111.19,109.995,110.59,2783465.0
1496361600,110.89,112.26,110.25,111.2,3432063.0
1496620800,111.4,111.47,110.03,110.19,2825031.0
1496707200,109.69,110.12,108.91,108.96,2922459.0
1496793600,109.2,109.48,108.483,109.11,2537293.0
1496880000,109.19,110.02,108.76,109.84,3153768.0
1496966400,110.0,110.29,108.51,109.75,2496096.0
1497225600,109.73,110.24,109.29,110.13,3540409.0
1497312000,110.19,111.66,110.0,111.54,2381973.0
1497398400,111.7,111.715,109.35,109.8,3033404.0
1497484800,109.03,110.81,108.82,110.67,2826845.0
1497571200,110.86,111.38,109.94,111.38,4093549.0
1497830400,111.7,112.11,110.76,111.83,3234960.0
1497916800,111.25,111.535,108.27,108.35,4406898.0
1498003200,108.52,108.54,107.58,107.62,3602147.0
1498089600,107.9,107.9,106.59,107.39,3024414.0
1498176000,107.19,109.04,106.81,108.1,14115350.0
1498435200,108.43,109.14,107.47,108.03,2937629.0
1498521600,108.14,108.4,107.33,107.35,3173487.0
1498608000,108.28,108.96,107.7,108.77,3568605.0
1498694400,109.16,109.34,107.81,107.89,2400734.0
1498780800,108.2,109.545,107.86,108.91,3479201.0
1499040000,109.02,110.375,109.02,110.04,1806624.0
1499212800,110.13,110.14,108.24,108.25,2663622.0
1499299200,107.75,108.46,107.3228,107.76,2981277.0
1499385600,107.89,108.56,106.84,108.35,2731330.0
1499644800,108.0,109.48,107.85,108.5,3467075.0
1499731200,108.71,109.04,107.7,108.59,2356879.0
1499817600,109.06,110.22,108.85,109.21,2490166.0
1499904000,109.24,109.56,108.39,108.85,2155141.0
1499990400,109.14,109.72,108.73,109.53,2075921.0
1500249600,109.39,109.44,108.66,109.05,2426258.0
1500336000,108.99,109.57,108.52,109.25,2327973.0
1500422400,108.21,108.97,106.865,107.84,4117840.0
1500508800,108.77,109.05,104.27,106.14,6747268.0
1500595200,105.09,105.75,104.7,104.85,5562563.0
1500854400,104.76,105.42,103.65,103.66,5276537.0
1500940800,104.29,105.3398,103.7,104.96,3923000.0
1501027200,105.09,105.273,103.87,104.42,3262289.0
1501113600,103.97,103.99,101.06,101.4,6374196.0
1501200000,101.41,103.39,101.41,103.3,4471044.0
1501459200,103.46,103.97,102.91,102.96,4262651.0
1501545600,102.96,102.99,101.73,101.98,4363776.0
1501632000,101.83,102.75,101.72,102.33,4470606.0
1501718400,102.57,103.03,102.27,102.55,4750201.0
1501804800,102.69,103.42,102.0,102.48,4142602.0
1502064000,102.35,102.74,102.0001,102.57,2543369.0
1502150400,102.2,104.32,101.9,103.06,3280755.0
1502236800,102.63,103.82,102.51,103.77,3063769.0
1502323200,103.4,104.44,102.635,102.69,3434774.0
1502409600,103.21,104.59,102.9,103.57,3340923.0
1502668800,104.31,105.17,104.2,104.73,3189756.0
1502755200,104.95,104.97,104.31,104.85,2652266.0
1502841600,105.11,106.13,104.72,105.85,2915485.0
1502928000,105.37,105.64,103.16,103.18,3209961.0
1503014400,103.36,104.61,102.87,103.9,3186609.0
1503273600,104.03,104.45,103.37,104.31,2254848.0
1503360000,104.76,106.45,104.76,106.21,2993644.0
1503446400,105.78,106.38,104.91,105.04,2843988.0
1503532800,105.39,105.5,104.43,104.57,2768741.0
1503619200,105.3,106.25,105.13,105.25,2473268.0
1503878400,105.4,105.65,104.315,104.55,2764263.0
1503964800,103.77,105.2138,103.41,104.97,3191604.0
1504051200,105.0,105.58,104.79,104.94,2593256.0
1504137600,105.31,105.79,104.8404,105.3,2744371.0
1504224000,105.64,106.27,104.78,105.47,2347736.0
1504569600,105.09,105.35,103.85,104.1,2598741.0
1504656000,104.65,106.273,104.51,105.01,4183836.0
1504742400,105.21,105.74,104.8,105.49,3622892.0
1504828800,105.64,107.29,104.97,107.21,3226517.0
1505088000,107.3,108.11,107.2,108.1,3818035.0
1505174400,107.91,108.94,107.775,108.48,2322913.0
1505260800,108.22,108.69,107.89,108.66,2106080.0
1505347200,108.68,110.88,108.31,110.86,4272209.0
1505433600,111.8,113.4,111.11,113.4,8253245.0
1505692800,113.2,113.28,111.93,112.03,3669296.0
1505779200,112.39,113.18,112.11,113.0,4168929.0
1505865600,113.0,115.03,112.81,115.0,3958813.0
1505952000,114.99,115.68,113.75,115.44,2966462.0
1506038400,115.2,115.575,114.6501,115.34,2189803.0
1506297600,115.45,115.96,114.73,115.79,2782976.0
1506384000,115.9,115.9,115.09,115.43,2912153.0
1506470400,115.72,116.74,114.9456,116.64,2594146.0
1506556800,116.29,116.93,115.9,115.97,1982797.0
1506643200,115.92,116.26,115.63,115.97,2281595.0
1506902400,115.38,115.55,114.33,115.26,3040371.0
1506988800,115.02,115.22,114.37,114.89,2781874.0
1507075200,114.15,114.46,113.375,113.77,3229398.0
1507161600,113.57,114.07,112.88,114.02,2811478.0
1507248000,113.94,114.72,113.04,113.95,2195939.0
1507507200,113.79,114.36,113.37,113.88,1740518.0
1507593600,114.0,114.305,112.49,112.63,2770912.0
1507680000,112.69,113.22,112.56,113.05,2854389.0
1507766400,113.16,113.98,112.95,113.69,2511324.0
1507852800,114.35,114.74,112.17,112.28,2079682.0
1508112000,112.52,112.69,111.76,112.09,2308989.0
1508198400,109.34,111.63,108.7138,110.57,3896014.0
1508284800,110.79,111.375,110.32,110.38,4151017.0
1508371200,110.03,112.11,109.375,112.01,4032213.0
1508457600,112.95,113.29,112.28,112.99,4980023.0
1508716800,113.0,113.6,112.24,113.19,3058982.0
1508803200,113.42,114.26,112.68,112.9,3951797.0
1508889600,113.08,113.49,109.83,110.27,6487136.0
1508976000,111.72,116.8,110.82,116.47,6288379.0
1509062400,116.5,119.71,116.475,117.08,7139258.0
1509321600,116.96,117.98,116.3,116.37,3457302.0
1509408000,116.86,116.875,115.341,115.79,2812828.0
1509494400,116.59,117.24,116.09,117.0,2778035.0
1509580800,116.47,118.7,116.35,118.39,2913912.0
1509667200,118.23,118.3,116.75,117.18,1935969.0
1509926400,117.34,117.7,116.49,117.33,1682886.0
1510012800,117.05,117.61,116.61,117.04,1732852.0
1510099200,116.62,118.17,116.05,117.8,3226113.0
1510185600,116.92,117.79,116.5,117.07,2334937.0
1510272000,116.75,117.3,116.34,116.7,1840123.0
1510531200,115.63,116.55,115.19,116.48,2688979.0
1510617600,116.17,116.89,115.9,116.23,3073988.0
1510704000,115.9,116.94,115.48,115.7,3223834.0
1510790400,115.99,117.13,115.39,116.57,2421409.0
1510876800,116.07,116.84,115.5,115.63,2129314.0
1511136000,115.94,116.1,115.16,116.01,2579497.0
1511222400,116.11,117.2,115.93,117.12,3130606.0
1511308800,117.33,118.06,116.96,117.86,2466635.0
1511481600,118.03,118.87,117.79,118.25,1302832.0
1511740800,118.09,118.45,115.69,117.16,3398889.0
1511827200,117.25,119.05,116.51,118.8,4024772.0
1511913600,118.6,123.1899,118.13,122.94,7197983.0
1512000000,122.95,127.86,122.95,126.5,9345115.0
1512086400,126.39,126.93,123.81,124.62,4793714.0
1512345600,126.08,132.0,125.56,130.08,9092332.0
1512432000,129.49,129.96,127.2,128.01,4953186.0
1512518400,127.94,128.2,127.19,127.95,3817857.0
1512604800,128.0,128.89,127.42,128.46,4695651.0
1512691200,128.8,130.04,128.54,129.11,3628515.0
1512950400,129.52,129.5514,128.06,129.05,4923696.0
1513036800,129.35,131.01,128.61,130.7,5334068.0
1513123200,130.7,132.39,129.75,130.31,5669560.0
1513209600,130.67,131.34,128.79,129.17,4545663.0
1513296000,129.85,131.62,129.34,130.6,8768034.0
1513555200,131.35,133.25,131.1,132.47,5788795.0
1513641600,133.65,133.67,131.31,133.24,4538277.0
1513728000,134.34,135.2999,133.09,134.68,6825028.0
1513814400,135.0,135.0,133.375,133.73,4143152.0
1513900800,133.8,134.7,132.78,134.47,2754558.0
1514246400,135.0,135.76,134.33,134.65,2305864.0
1514332800,134.59,136.32,134.04,136.32,7473291.0
1514419200,136.04,136.17,134.61,135.12,2617721.0
1514505600,135.28,135.64,134.1,134.1,2334345.0
1514851200,134.71,135.78,134.18,135.78,4297185.0
1514937600,136.11,136.6,135.26,136.54,4653717.0
1515024000,136.84,137.88,135.52,135.8,4384864.0
1515110400,137.65,139.72,136.06,137.53,5381205.0
1515369600,137.48,139.63,137.46,139.44,5472315.0
1515456000,139.81,141.17,139.22,141.0,6386922.0
1515542400,140.17,141.4,138.73,139.7,9512983.0
1515628800,140.59,140.99,139.49,140.35,3103196.0
1515715200,140.8,141.81,140.47,141.17,3268832.0
1516060800,142.07,142.19,139.82,140.31,5707210.0
1516147200,140.31,141.71,139.76,140.46,3195640.0
1516233600,140.68,140.88,139.61,140.43,3413876.0
1516320000,141.0,141.62,139.8,141.25,3729610.0
1516579200,141.35,142.08,140.12,141.97,3274634.0
1516665600,141.4,142.4,139.34,141.36,6178825.0
1516752000,141.42,143.05,139.91,141.19,5000212.0
1516838400,134.57,134.99,131.82,133.6,13755050.0
1516924800,133.81,134.63,132.72,134.23,5843144.0
1517184000,134.2,136.76,134.11,136.05,5754187.0
1517270400,135.29,137.08,135.15,135.36,5383553.0
1517356800,135.69,136.98,133.01,133.5,5697548.0
1517443200,132.51,133.74,131.86,132.38,5590475.0
1517529600,131.66,131.73,127.22,129.36,8171973.0
1517788800,128.59,131.78,124.13,124.14,6665957.0
1517875200,122.28,131.5,121.5,131.15,15676680.0
1517961600,130.34,131.8199,128.94,128.96,5052158.0
1518048000,128.7,128.7,124.81,124.86,6321181.0
1518134400,126.44,128.33,121.22,127.28,9147801.0
1518393600,127.75,129.84,126.15,128.64,4161997.0
1518480000,127.75,128.965,126.78,128.3,5054275.0
1518566400,128.8,133.54,128.3,133.19,4778283.0
1518652800,133.85,134.11,131.35,133.89,3447240.0
1518739200,133.44,135.53,133.09,134.27,3574935.0
1519084800,133.14,133.75,129.93,130.23,3411982.0
1519171200,130.48,135.4,130.48,132.5,3900485.0
1519257600,133.4,134.23,131.66,133.6,3579974.0
1519344000,134.5,135.17,133.6,134.97,2508004.0
1519603200,135.9,139.86,135.59,138.79,5433461.0
1519689600,138.33,139.17,133.72,133.74,10911060.0
1519776000,134.09,134.53,130.08,130.25,5271925.0
1519862400,130.39,133.13,127.57,128.41,5892294.0
1519948800,127.35,129.16,125.31,128.5,6918840.0
1520208000,127.75,130.53,125.36,130.32,5567951.0
1520294400,130.69,131.7,129.2708,131.29,3004264.0
1520380800,129.67,131.95,129.13,131.11,3338218.0
1520467200,131.8,133.315,130.36,132.28,3567551.0
1520553600,133.81,137.38,133.49,137.28,6563613.0
1520812800,137.03,137.82,136.52,136.66,3279063.0
1520899200,135.92,139.55,135.92,136.83,4169474.0
1520985600,137.23,137.95,134.29,134.83,3952451.0
1521072000,135.1,137.0,134.48,136.26,3333397.0
1521158400,136.72,139.51,136.39,137.16,8316662.0
1521417600,136.8,137.3,135.7,136.98,3713006.0
1521504000,137.4,138.2,136.4,137.77,4638140.0
1521590400,138.11,140.25,137.445,138.56,3461375.0
1521676800,137.23,137.87,134.4,134.87,3546767.0
1521763200,135.46,136.3,131.61,131.94,3952538.0
1522022400,133.61,133.82,130.93,133.0,4869526.0
1522108800,133.91,134.65,130.63,131.3,4075049.0
1522195200,131.33,133.09,129.8,130.76,3770505.0
1522281600,131.65,135.68,131.06,134.43,4357005.0
1522627200,135.28,136.385,131.55,133.1,5210178.0
1522713600,134.13,135.29,132.92,134.38,4495115.0
1522800000,132.53,133.22,130.45,132.9,5731506.0
1522886400,133.73,133.88,131.89,133.1,4768923.0
1522972800,132.0,133.35,128.66,130.28,3068216.0
1523232000,131.01,132.06,129.76,130.02,3004536.0
1523318400,131.47,132.08,129.31,130.12,5454997.0
1523404800,129.05,131.83,128.44,131.2,3183919.0
1523491200,132.05,135.12,131.57,134.42,3603285.0
1523577600,134.79,135.2899,133.591,134.32,2870553.0
1523836800,135.67,137.82,135.03,137.08,3289448.0
1523923200,137.82,138.4748,136.62,137.69,3088566.0
1524009600,139.08,141.095,138.63,138.96,5419275.0
1524096000,138.53,138.73,137.17,137.99,3062856.0
1524182400,137.26,137.94,135.29,135.66,4244577.0
1524441600,135.41,136.41,135.3,136.03,3485228.0
1524528000,137.07,137.3,131.46,132.83,4386792.0
1524614400,132.81,136.4,132.22,136.06,4592560.0
1524700800,129.47,133.56,126.371,132.18,8299356.0
1524787200,131.67,135.24,130.7001,135.2,3631480.0
1525046400,135.53,136.52,133.6,133.63,3827384.0
1525132800,134.16,134.16,131.51,132.73,3214092.0
1525219200,132.68,133.63,131.13,131.27,3481245.0
1525305600,131.63,132.45,129.445,131.73,5271969.0
1525392000,131.34,135.02,130.77,134.13,2737447.0
1525651200,134.44,135.6625,134.23,134.9,3049494.0
1525737600,134.46,137.75,134.21,137.09,3366753.0
1525824000,137.08,140.22,136.97,139.9,3087307.0
1525910400,140.32,142.0,139.55,141.26,3068602.0
1525996800,141.4,142.74,140.96,142.36,3085259.0
1526256000,142.81,143.26,140.5,140.71,2900846.0
1526342400,140.24,141.3521,139.37,140.29,2905744.0
1526428800,140.51,142.24,140.51,141.36,2179833.0
1526515200,141.36,143.35,141.06,142.49,2716217.0
1526601600,142.31,144.45,142.0,143.8,2760600.0
1526860800,144.41,146.73,144.32,145.08,2652699.0
1526947200,145.08,146.39,142.8,142.92,2457367.0
1527033600,141.86,144.61,141.2,144.27,3450742.0
1527120000,144.25,146.3,143.5603,145.66,3556746.0
1527206400,145.2,145.4,144.2,145.06,2197039.0
1527552000,143.68,144.56,142.44,144.05,4091499.0
1527638400,144.4,147.07,144.27,146.14,3922972.0
1527724800,146.17,146.81,142.46,142.76,4408476.0
1527811200,144.7,148.03,144.68,146.92,4498885.0
1528070400,147.79,147.95,142.22,142.96,6464930.0
1528156800,142.46,143.28,140.16,142.44,4724434.0
1528243200,143.57,143.66,141.34,142.36,3783451.0
1528329600,142.44,142.6864,141.38,142.2,3654194.0
1528416000,142.36,144.855,142.125,144.52,4804816.0
1528675200,144.33,147.19,144.09,146.11,3182714.0
1528761600,146.83,147.79,145.58,146.1,2948920.0
1528848000,146.09,147.3,143.9801,144.28,2877879.0
1528934400,145.27,145.77,143.92,144.94,2832644.0
1529020800,145.41,148.33,144.595,147.02,7915745.0
1529280000,145.7,148.27,145.15,146.55,3229238.0
1529366400,144.73,145.07,142.41,142.81,4280786.0
1529452800,143.33,143.99,142.44,143.36,3767907.0
1529539200,143.58,143.98,141.65,143.1,3276641.0
1529625600,144.0,144.92,143.58,143.95,3157870.0
1529884800,143.18,143.83,140.23,141.23,3558858.0
1529971200,142.24,142.26,140.83,141.26,2661206.0
1530057600,141.79,143.27,139.76,139.81,3077245.0
1530144000,139.63,141.33,138.87,140.71,3265118.0
1530230400,141.51,143.315,141.479,141.68,3629395.0
1530489600,140.96,143.29,140.48,143.07,2569370.0
1530576000,143.62,143.8,140.9,141.23,1311024.0
1530748800,142.08,142.48,141.0,142.25,2867299.0
1530835200,142.69,144.07,142.13,143.06,3335838.0
1531094400,143.99,145.39,143.01,145.05,4378701.0
1531180800,145.0,145.63,142.93,144.11,3082673.0
1531267200,142.66,142.8,139.35,140.7,3985459.0
1531353600,141.87,142.19,139.76,140.27,2814526.0
1531440000,139.58,140.44,139.13,139.94,3852153.0
1531699200,140.98,141.8,137.51,138.89,5221271.0
1531785600,138.37,139.03,137.51,138.26,5106836.0
1531872000,139.98,141.99,139.47,141.25,5220788.0
1531958400,137.38,141.81,136.66,140.41,6172668.0
1532044800,139.59,142.13,139.34,141.41,4883617.0
1532304000,141.6,144.9,141.4,144.85,5779105.0
1532390400,145.95,146.57,142.0,142.39,4083925.0
1532476800,142.62,146.24,141.52,146.04,3861828.0
1532563200,145.93,149.04,145.6,147.72,5367765.0
1532649600,147.82,148.78,147.0,148.56,3021710.0
1532908800,148.03,150.48,148.03,148.52,2753489.0
1532995200,149.55,151.5,148.54,149.89,4392131.0
1533081600,149.27,150.4,148.03,148.37,2822613.0
1533168000,147.73,150.385,147.0,149.94,2462602.0
1533254400,149.81,150.13,148.74,149.78,1739043.0
1533513600,149.5,150.3324,148.25,149.11,2959193.0
1533600000,149.78,150.3,149.04,149.88,2181642.0
1533686400,149.52,150.84,149.52,149.98,1907363.0
1533772800,149.76,150.39,148.52,148.76,1934579.0
1533859200,148.01,149.4,147.46,148.84,2258336.0
1534118400,148.84,149.82,147.92,148.63,2735102.0
1534204800,148.85,151.1,148.85,150.19,3303591.0
1534291200,148.32,149.62,147.52,148.98,4189038.0
1534377600,149.5,150.26,148.51,149.25,3517081.0
1534464000,149.07,150.17,148.79,149.46,2783076.0
1534723200,150.22,151.79,150.14,150.85,3274961.0
1534809600,150.79,151.9694,150.62,151.56,2995511.0
1534896000,151.13,151.44,150.21,150.32,2395712.0
1534982400,150.43,150.74,149.57,150.24,2004613.0
1535068800,151.28,151.46,149.92,150.13,2806882.0
1535328000,151.35,153.04,151.165,152.78,3133564.0
1535414400,153.34,153.72,151.01,151.24,4009962.0
1535500800,151.38,152.0,150.63,150.82,2618454.0
1535587200,149.7,150.28,149.05,149.72,3122736.0
1535673600,149.39,150.81,149.0,150.62,3391650.0
1536019200,149.81,151.71,149.71,151.27,5705211.0
1536105600,151.0,154.29,150.43,154.17,5657982.0
1536192000,154.81,155.96,154.25,154.65,3915955.0
1536278400,154.18,156.6,154.06,155.1,4817510.0
1536537600,155.94,156.91,155.91,155.96,4129108.0
1536624000,155.96,156.81,154.825,156.3,3575111.0
1536710400,156.46,157.69,156.06,156.99,4131370.0
1536796800,157.62,157.95,156.07,156.63,3293853.0
1536883200,157.1,157.8,156.15,157.41,2510251.0
1537142400,157.5,157.85,156.27,156.71,2673934.0
1537228800,164.0,164.58,162.85,163.7,10315420.0
1537315200,163.55,163.7,161.9,162.8,6296483.0
1537401600,163.58,165.11,162.53,164.01,6474476.0
1537488000,164.71,165.63,164.55,164.99,13226550.0
1537747200,164.48,164.84,163.05,163.18,4956147.0
1537833600,164.21,164.64,162.87,163.22,5052730.0
1537920000,163.01,164.54,162.6,162.79,3450945.0
1538006400,163.11,164.32,162.51,163.8,2700638.0
1538092800,163.5,164.15,162.3,162.83,3527951.0
1538352000,164.41,164.98,164.09,164.3,3175149.0
1538438400,164.54,164.54,162.41,163.15,3625580.0
1538524800,163.81,164.77,162.66,163.06,3088428.0
1538611200,163.84,164.65,162.48,164.44,3176795.0
1538697600,164.22,164.64,163.05,163.77,2814591.0
1538956800,163.23,164.88,162.19,164.56,2822651.0
1539043200,164.3,164.66,162.27,162.39,3558659.0
1539129600,162.39,162.97,154.17,154.46,7589953.0
1539216000,154.15,156.28,150.36,152.09,6630037.0
1539302400,154.03,155.18,151.65,152.65,5294852.0
1539561600,153.0,154.53,151.66,152.19,4641385.0
1539648000,153.2,153.71,151.92,153.15,6730039.0
1539734400,153.96,154.44,149.24,149.89,6445525.0
1539820800,146.77,150.08,146.59,148.52,7832190.0
1539907200,148.34,149.73,147.74,148.7,5438185.0
1540166400,146.7,147.38,145.59,146.82,6379669.0
1540252800,144.6,144.94,141.57,143.92,6486019.0
1540339200,144.78,146.17,140.42,140.45,7917458.0
1540425600,136.5,145.15,135.81,144.15,9022067.0
1540512000,143.07,144.16,140.08,142.74,5664081.0
1540771200,144.68,144.71,139.32,141.34,4848905.0
1540857600,142.0,146.61,141.675,146.28,4839430.0
1540944000,147.3,148.96,145.91,146.22,4260302.0
1541030400,147.16,147.95,146.24,147.18,3460143.0
1541116800,148.33,149.98,147.71,148.56,5744853.0
1541376000,149.31,149.8,148.35,148.57,4888673.0
1541462400,148.59,150.64,148.59,150.17,4218378.0
1541548800,151.05,152.93,150.22,152.87,5772749.0
1541635200,152.82,153.3,151.4,152.39,2524051.0
1541721600,151.59,151.82,149.67,150.25,3803080.0
1541980800,150.51,151.0,147.42,147.77,3019997.0
1542067200,148.43,150.07,147.45,148.59,2694097.0
1542153600,149.75,151.49,146.635,148.56,4006792.0
1542240000,147.91,152.135,146.727,151.43,3380539.0
1542326400,151.8,152.94,151.01,151.42,3160021.0
1542585600,150.36,151.38,148.87,150.64,3728415.0
1542672000,147.51,147.8236,140.97,141.56,7317748.0
1542758400,142.11,144.615,141.78,144.1,4779647.0
1542931200,142.58,144.12,142.24,143.54,1608601.0
1543190400,144.03,144.66,142.09,142.76,4767039.0
1543276800,143.19,147.38,142.69,147.38,4907478.0
1543363200,148.73,152.135,146.61,151.98,4357787.0
1543449600,150.88,151.68,149.74,150.48,2970248.0
1543536000,150.24,154.37,150.14,153.78,6205014.0
1543795200,157.0,159.63,156.39,157.13,5085372.0
1543881600,156.33,157.59,151.725,153.03,4385321.0
1544054400,149.46,151.75,146.88,151.68,5231124.0
1544140800,151.85,153.52,147.29,147.45,5287015.0
1544400000,146.4,148.6,144.16,148.04,4553586.0
1544486400,150.09,151.15,146.86,147.84,3333172.0
1544572800,150.14,150.89,147.03,147.34,5023792.0
1544659200,148.22,148.22,144.6,145.84,5125857.0
1544745600,144.38,145.87,141.86,142.57,4505841.0
1545004800,142.08,142.2,138.73,139.6,4205353.0
1545091200,140.64,141.64,138.7,139.78,2797998.0
1545177600,139.25,142.64,135.941,136.89,3596993.0
1545264000,136.28,136.99,133.11,134.68,5955253.0
1545350400,134.17,137.66,132.28,132.54,7586493.0
1545609600,132.53,132.53,128.08,128.21,2466029.0
1545782400,129.29,136.07,128.92,136.02,3731862.0
1545868800,133.95,137.14,131.965,137.14,3224559.0
1545955200,137.93,138.58,135.97,136.78,2769339.0
1546214400,138.04,138.51,136.53,138.23,2552328.0
1546387200,135.65,138.325,134.7701,137.78,3557879.0
1546473600,136.04,136.75,132.17,132.68,5704639.0
1546560000,134.82,138.58,134.52,137.79,5553389.0
1546819200,137.33,139.23,136.26,138.65,3904028.0
1546905600,151.06,152.89,149.04,150.75,10539280.0
1546992000,150.29,151.06,148.61,150.36,4272383.0
1547078400,149.9,155.29,149.01,154.66,6327044.0
1547164800,153.64,155.03,153.09,153.21,3798857.0
1547424000,152.23,154.24,151.65,153.89,3505078.0
1547510400,153.79,154.36,151.74,152.48,4663061.0
1547596800,152.91,153.73,150.91,151.97,4041151.0
1547683200,151.11,154.9237,150.93,154.64,3971801.0
1547769600,155.54,158.8,155.01,158.34,4918950.0
1548115200,156.93,157.2,154.4056,155.02,5676427.0
1548201600,155.45,156.02,152.43,154.33,4707106.0
1548288000,160.04,160.76,156.01,160.34,9170868.0
1548374400,161.46,162.0,160.22,160.95,7770665.0
1548633600,160.0,160.79,159.34,159.9,3733764.0
1548720000,160.04,160.93,158.75,160.17,3436888.0
1548806400,161.09,161.89,159.44,160.82,4110249.0
1548892800,160.75,160.99,157.02,159.07,7436996.0
1548979200,159.07,160.515,158.26,159.67,4005201.0
1549238400,159.67,161.16,159.22,161.13,5331024.0
1549324800,160.76,161.34,160.0,161.3,3290773.0
1549411200,161.0,162.02,160.3,160.74,2343794.0
1549497600,159.44,161.6,158.93,161.57,3021082.0
1549584000,160.57,161.76,160.2822,161.72,2954031.0
1549843200,162.71,164.63,162.39,164.35,4013468.0
1549929600,165.0,168.05,164.88,167.05,3780909.0
1550016000,166.86,169.17,166.6,168.88,3886899.0
1550102400,167.7,170.52,167.52,169.63,4157496.0
1550188800,170.87,171.35,169.725,170.24,3270904.0
1550534400,169.32,172.44,169.05,171.33,3889680.0
1550620800,171.47,171.9333,170.76,170.99,2664010.0
1550707200,171.25,171.83,169.53,170.17,3053541.0
1550793600,169.9,170.35,168.1,170.06,4345646.0
1551052800,170.74,170.74,168.56,169.55,4762457.0
1551139200,169.54,171.225,168.72,170.15,3635210.0
1551225600,168.98,170.55,167.81,169.06,2543977.0
1551312000,169.17,169.19,167.53,167.7,3650701.0
1551398400,169.28,169.535,166.79,167.44,3100783.0
1551657600,167.34,170.11,166.0,167.37,4329533.0
1551744000,167.71,169.19,166.78,166.78,2740663.0
1551830400,166.91,167.21,165.48,165.91,3067713.0
1551916800,165.75,166.105,164.16,164.94,4140821.0
1552003200,163.67,164.48,161.81,164.3,2884568.0
1552262400,164.1,166.945,163.68,165.6,3999178.0
1552348800,165.99,166.76,164.53,164.83,4723479.0
1552435200,166.1,168.915,165.19,166.83,3849076.0
1552521600,167.18,167.3337,164.6,165.17,3762115.0
1552608000,164.49,166.6085,164.21,165.0,9732433.0
1552867200,165.0,167.57,164.62,166.24,3778511.0
1552953600,165.87,165.93,160.31,160.75,5672446.0
1553040000,161.11,162.43,160.1574,161.0,3800347.0
1553126400,159.92,163.27,159.5,162.61,3316550.0
1553212800,162.09,162.44,160.055,160.62,3553074.0
1553472000,160.71,163.7,160.6,161.5,3137226.0
1553558400,163.06,163.06,160.26,161.81,2628207.0
1553644800,161.69,163.595,161.5,163.01,2867512.0
1553731200,163.76,165.48,163.76,165.2,2510610.0
1553817600,166.18,168.14,165.8077,167.2,3352263.0
1554076800,168.94,171.27,168.53,170.92,3107537.0
1554163200,170.67,171.29,169.13,169.78,2255533.0
1554249600,170.36,171.02,168.94,169.61,2669120.0
1554336000,169.28,170.17,168.31,168.79,1899067.0
1554422400,169.16,169.99,168.51,168.72,2214433.0
1554681600,168.42,168.81,167.38,168.69,2580756.0
1554768000,167.56,167.56,165.77,166.09,2929157.0
1554854400,166.86,167.29,164.97,166.35,3405991.0
1554940800,166.6,167.03,165.26,166.67,2378425.0
1555027200,167.79,169.635,167.0,169.5,3091693.0
1555286400,169.5,170.24,167.01,167.63,2738257.0
1555372800,167.78,168.35,166.935,167.98,2361353.0
1555459200,171.11,172.29,168.67,169.28,5407567.0
1555545600,175.2,177.77,174.6,176.66,8684600.0
1555891200,176.71,179.55,176.12,177.72,4944123.0
1555977600,177.25,177.48,175.34,176.73,3284860.0
1556064000,177.54,179.1,176.73,176.84,2858782.0
1556150400,175.14,177.14,174.14,175.49,2199918.0
1556236800,175.56,177.26,175.13,177.22,2234052.0
1556496000,177.07,177.75,176.32,176.41,1836273.0
1556582400,176.08,177.66,174.86,177.04,2361690.0
1556668800,177.01,178.02,175.05,175.36,2601323.0
1556755200,174.56,175.965,173.81,175.89,2313295.0
1556841600,177.89,180.02,177.54,179.2,2729465.0
1557100800,176.25,179.63,175.68,177.16,2705968.0
1557187200,174.84,175.72,172.33,174.75,4547325.0
1557273600,174.88,177.17,174.54,175.58,2314524.0
1557360000,174.0,176.05,172.71,175.63,2138414.0
1557446400,174.33,176.26,171.81,175.92,2659624.0
1557705600,172.38,173.37,170.13,171.79,3649453.0
1557792000,172.49,176.19,172.45,174.49,2560625.0
1557878400,173.5,174.84,172.38,173.77,4089183.0
1557964800,174.08,176.53,173.87,175.63,5131258.0
1558051200,173.55,176.1,173.29,174.62,4596293.0
1558310400,174.06,175.68,173.19,174.74,3065379.0
1558396800,176.0,176.33,174.46,175.04,2519447.0
1558483200,174.63,175.18,173.02,174.46,1995260.0
1558569600,172.39,172.91,169.77,172.65,3573605.0
1558656000,173.68,173.98,170.97,172.17,1815932.0
1559001600,173.0,174.01,169.74,169.81,3819298.0
1559088000,169.44,169.78,168.13,169.0,3116726.0
1559174400,168.93,169.87,167.99,169.48,2160528.0
1559260800,167.25,167.93,164.39,166.78,4215953.0
1559520000,166.64,168.62,165.58,166.34,2788465.0
1559606400,167.98,170.59,167.04,170.41,3287969.0
1559692800,171.0,173.05,170.71,172.48,3068632.0
1559779200,172.18,172.25,169.63,170.67,2276297.0
1559865600,170.95,172.53,170.53,171.97,2221174.0
1560124800,173.53,174.925,172.07,172.39,2182810.0
1560211200,173.14,173.76,168.93,171.01,1989920.0
1560297600,170.81,172.0287,169.64,171.23,2239241.0
1560384000,169.46,170.23,166.39,167.15,4219737.0
1560470400,167.5,167.66,164.82,166.99,3579612.0
1560729600,165.77,165.77,164.16,164.74,4444106.0
1560816000,165.92,167.46,165.16,165.54,4132029.0
1560902400,165.83,166.52,163.5,165.93,3778216.0
1560988800,168.205,168.56,166.65,167.43,3405264.0
1561075200,167.63,170.42,167.002,168.87,5885177.0
1561334400,168.97,169.24,166.9,167.25,2542468.0
1561420800,167.27,167.76,163.95,166.36,2586556.0
1561507200,166.75,167.22,165.51,165.83,2423072.0
1561593600,166.41,167.83,166.0,166.01,3226516.0
1561680000,166.66,169.39,166.54,169.11,4759327.0
1561939200,171.1,173.43,170.79,171.5,3223435.0
1562025600,171.79,171.9795,169.77,171.23,2267651.0
1562112000,171.27,172.005,170.53,171.8,1172288.0
1562284800,171.28,171.39,166.93,170.03,2605475.0
1562544000,169.3,170.07,168.63,169.59,2200703.0
1562630400,168.92,170.0,168.55,169.6,2057498.0
1562716800,170.99,171.04,168.89,169.57,1703058.0
1562803200,169.8,172.25,169.12,171.75,2341013.0
1562889600,172.38,174.35,172.12,174.05,2036418.0
1563148800,173.56,173.97,172.43,172.69,1994445.0
1563235200,173.42,176.72,173.01,175.15,2958291.0
1563321600,171.0,171.51,163.8,164.55,10726080.0
1563408000,173.86,174.9,170.5,174.25,7477178.0
1563494400,174.4,177.59,174.05,175.3,4732560.0
1563753600,175.29,176.14,172.39,173.58,3757070.0
1563840000,174.1,174.255,171.45,173.22,2599028.0
1563926400,171.77,175.31,171.14,174.37,3149018.0
1564012800,174.06,175.105,172.86,173.21,1943384.0
1564099200,174.57,175.72,173.35,174.23,1627793.0
1564358400,174.12,177.74,173.98,177.5,3386123.0
1564444800,176.84,179.48,176.55,179.3,2824972.0
1564531200,178.15,180.3,177.3,179.95,4508414.0
1564617600,177.35,180.54,174.57,175.01,4428009.0
1564704000,174.08,174.81,172.1,173.52,2329851.0
1564963200,170.68,171.41,165.51,166.84,4051403.0
1565049600,168.12,169.45,166.37,168.33,2055303.0
1565136000,166.42,167.24,163.8,166.92,2152486.0
1565222400,168.15,170.61,167.17,169.7,2395575.0
1565308800,168.6,169.67,165.96,168.01,2325919.0
1565568000,167.2,168.71,165.34,165.67,2861774.0
1565654400,165.14,169.65,164.27,168.78,2281014.0
1565740800,166.04,166.84,163.06,163.7,3113777.0
1565827200,163.64,163.96,160.64,162.45,2873603.0
1565913600,164.11,166.89,163.45,166.25,2171455.0
1566172800,168.95,170.28,168.26,168.76,2630058.0
1566259200,168.7,168.82,167.46,167.56,2362047.0
1566345600,168.51,169.53,167.785,168.53,1724094.0
1566432000,169.08,170.09,165.95,166.07,4017740.0
1566518400,165.11,165.46,159.05,159.98,3590019.0
1566777600,161.46,162.42,158.29,159.11,3299368.0
1566864000,160.71,160.71,157.28,157.47,3994922.0
1566950400,157.47,159.725,156.61,158.4,5841067.0
1567036800,159.44,162.78,158.21,161.73,4395025.0
1567123200,162.41,164.08,161.46,161.96,2987240.0
1567468800,161.05,162.1,158.7,159.33,2682414.0
1567555200,160.24,160.9,158.62,160.08,3890373.0
1567641600,162.45,166.66,162.1,166.13,3802856.0
1567728000,166.41,167.2099,164.14,164.6,2055672.0
1567987200,165.12,166.46,164.01,166.12,3297628.0
1568073600,165.35,167.73,164.85,167.57,3006673.0
1568160000,167.85,167.99,165.72,167.3,2617925.0
1568246400,167.71,168.58,166.15,167.71,2357484.0
1568332800,169.33,172.21,169.02,171.45,3159977.0
1568592000,168.81,170.89,167.0,168.95,2652477.0
1568678400,168.89,169.68,166.34,166.9,3144721.0
1568764800,166.17,168.07,165.0584,167.87,1613530.0
1568851200,167.87,168.09,166.5,167.11,2470414.0
1568937600,168.22,168.5706,165.61,166.38,3638196.0
1569196800,166.0,167.19,165.34,166.05,2287679.0
1569283200,167.09,169.35,164.09,165.08,3767865.0
1569369600,165.29,165.66,163.55,163.6,4860746.0
1569456000,163.86,165.59,163.6,163.73,4227965.0
1569542400,164.33,164.81,161.86,162.69,3212576.0
1569801600,164.02,164.91,161.86,161.98,3399297.0
1569888000,162.87,163.185,155.51,155.95,6045097.0
1569974400,154.5,154.71,150.34,152.02,5447479.0
1570060800,152.45,153.75,149.09,153.67,3366117.0
1570147200,154.0,156.41,153.44,156.32,3544455.0
1570406400,155.45,156.9055,154.87,155.91,3285330.0
1570492800,154.35,154.805,151.28,151.47,4320455.0
1570579200,152.94,154.55,152.48,153.23,3948881.0
1570665600,152.88,155.95,152.56,155.77,3591660.0
1570752000,157.9,162.24,157.4,161.39,4858016.0
1571011200,160.52,160.7389,158.86,159.55,2351239.0
1571097600,160.41,163.66,159.5,163.14,3846960.0
1571184000,162.94,164.91,162.5,163.31,3808233.0
1571270400,162.11,166.11,159.61,163.68,6321197.0
1571356800,163.18,163.93,159.86,161.5,5176687.0
1571616000,162.2,167.4,161.75,167.07,3172472.0
1571702400,167.03,170.94,165.74,170.77,4167605.0
1571788800,169.94,171.0,168.375,170.03,3324291.0
1571875200,170.86,171.95,169.78,170.39,2096628.0
1571961600,170.39,172.68,169.4,172.33,1868354.0
1572220800,172.87,173.06,170.57,170.75,2185210.0
1572307200,169.72,170.57,169.1035,170.19,2112284.0
1572393600,169.22,169.648,166.36,167.95,2891616.0
1572480000,167.35,167.95,163.625,165.46,3909500.0
1572566400,167.2,172.55,166.69,172.53,3548341.0
1572825600,173.25,176.7,173.13,176.63,3683176.0
1572912000,176.63,179.48,176.45,177.77,5011395.0
1572998400,177.69,177.99,175.28,176.34,2855925.0
1573084800,177.68,180.0,176.67,177.01,2628128.0
1573171200,176.41,176.67,175.15,176.1,1441810.0
1573430400,174.91,177.11,174.4349,176.8,1252110.0
1573516800,176.39,176.83,174.91,175.47,1775461.0
1573603200,174.31,176.4,173.66,175.54,2281782.0
1573689600,175.54,176.2,174.09,174.77,2151997.0
1573776000,175.18,177.1,174.77,176.27,2160266.0
1574035200,175.82,176.47,174.5714,176.25,2930130.0
1574121600,176.07,177.29,175.435,177.17,3593968.0
1574208000,176.66,177.705,173.78,174.09,2915101.0
1574294400,173.84,174.83,172.3,174.17,1704353.0
1574380800,174.68,175.99,173.8,175.94,1934984.0
1574640000,176.18,179.99,175.67,179.9,2655969.0
1574726400,179.26,179.95,178.06,178.09,2947850.0
1574812800,177.48,177.8,175.93,177.19,2114135.0
1574985600,176.55,176.99,175.44,175.99,975642.0
1575244800,175.86,176.57,172.79,173.0,2099671.0
1575331200,170.9,171.07,167.15,168.0,4273096.0
1575417600,169.17,172.89,168.95,171.46,3623012.0
1575504000,171.61,171.89,169.36,170.49,2647600.0
1575590400,172.31,174.125,171.785,172.0,2123929.0
1575849600,171.29,172.58,170.52,171.36,2087118.0
1575936000,170.83,172.5,170.13,171.85,1811612.0
1576022400,172.78,174.68,172.01,174.45,2015840.0
1576108800,174.09,176.32,173.17,175.22,3378740.0
1576195200,175.83,177.53,174.16,177.03,2842405.0
1576454400,178.29,180.84,178.02,180.09,3625750.0
1576540800,179.74,180.6568,177.07,177.39,3516788.0
1576627200,177.75,179.3,176.54,178.22,3786044.0
1576713600,177.85,179.2025,177.03,177.47,2479216.0
1576800000,178.81,180.56,176.72,180.4,6140374.0
1577059200,180.4,180.68,179.0,179.42,1888071.0
1577145600,179.76,180.475,179.358,179.89,666016.0
1577318400,180.36,180.92,179.5,180.81,1171702.0
1577404800,181.0,181.59,180.66,181.41,1363023.0
1577664000,181.15,181.38,179.6,180.15,1493040.0
1577750400,179.96,181.26,179.54,180.79,1588754.0
1577923200,180.95,182.38,179.97,182.27,2320912.0
1578009600,179.54,181.19,178.29,180.98,2344175.0
1578268800,179.7,180.08,177.935,179.43,3142472.0
1578355200,179.23,179.58,177.61,178.07,4100252.0
1578441600,177.89,181.05,177.48,180.02,2817514.0
1578528000,180.51,180.83,178.57,179.1,3311081.0
1578614400,179.1,179.93,177.82,177.94,2944343.0
1578873600,177.99,179.99,177.64,179.9,2035298.0
1578960000,180.5,182.73,180.15,180.8,2806034.0
1579046400,181.63,182.42,180.63,180.8,3450735.0
1579132800,181.56,184.17,180.91,183.9,3227407.0
1579219200,183.68,185.65,183.0,185.32,4008603.0
1579564800,184.16,184.53,181.12,182.46,3441029.0
1579651200,183.27,183.408,180.44,180.93,2993865.0
1579737600,183.5,187.68,180.93,187.19,4950550.0
1579824000,186.14,188.96,184.53,185.68,2733964.0
1580083200,182.03,183.96,178.3,178.47,4184125.0
1580169600,180.27,181.68,179.45,179.64,3264475.0
1580256000,181.6,184.27,180.44,181.78,2270818.0
1580342400,179.67,183.5,179.01,183.07,2994370.0
1580428800,181.69,182.47,178.5,179.42,3653671.0
1580688000,180.87,182.05,179.4,180.29,2493200.0
1580774400,182.7,185.02,182.7,183.24,1858155.0
1580860800,185.85,185.85,184.37,185.09,2133502.0
1580947200,186.81,187.665,184.8401,186.11,2932442.0
1581033600,184.76,185.65,183.23,183.83,2221484.0
1581292800,181.99,184.82,181.58,184.67,1782836.0
1581379200,185.67,185.68,183.1,183.3,1521667.0
1581465600,184.82,185.96,183.685,184.86,2612632.0
1581552000,183.96,185.55,183.31,184.64,1861505.0
1581638400,184.56,185.5299,182.6522,184.0,2134822.0
1581984000,183.46,184.4941,181.66,182.1,3164393.0
1582070400,182.98,185.5,182.68,183.5,2807221.0
1582156800,183.33,184.52,181.66,183.4,2190872.0
1582243200,182.12,182.825,180.78,181.72,2890700.0
1582502400,176.19,177.805,174.4,176.8,6785258.0
1582588800,177.45,178.12,170.01,170.89,7631678.0
1582675200,169.63,172.815,165.54,165.75,4921386.0
1582761600,160.46,165.14,156.32,159.62,7914686.0
1582848000,155.01,159.98,152.79,159.81,7060262.0
1583107200,160.59,161.97,155.325,160.34,7065014.0
1583193600,160.7,167.62,156.35,157.34,5654000.0
1583280000,159.85,162.98,158.22,162.17,4415117.0
1583366400,157.64,159.7994,153.72,154.96,4901928.0
1583452800,149.52,156.93,148.88,156.09,4643341.0
1583712000,145.2,145.58,133.18,135.84,9400158.0
1583798400,141.83,147.0,139.17,146.82,8090470.0
1583884800,142.02,143.43,138.91,141.56,7075371.0
1583971200,130.15,142.18,125.0,132.05,8805172.0
1584057600,139.55,143.85,134.81,143.85,7886441.0
1584316800,128.05,135.87,122.3,125.1,7102692.0
1584403200,127.33,132.71,120.38,128.63,8021968.0
1584489600,120.77,123.31,105.08,115.08,10869970.0
1584576000,114.28,123.6795,111.6832,121.65,8514581.0
1584662400,124.1,125.75,113.46,117.84,6668101.0
1584921600,110.39,119.34,109.61,114.04,6011310.0
1585008000,121.36,130.11,118.8,128.87,7018899.0
1585094400,127.38,141.09,127.0,132.91,6923235.0
1585180800,137.03,143.39,134.0173,142.49,6068684.0
1585267200,135.62,143.62,134.1601,139.05,4962381.0
1585526400,137.54,143.305,136.32,140.2,3309377.0
1585612800,137.72,144.71,137.53,141.04,4247176.0
1585699200,134.03,137.97,132.5022,136.49,5125641.0
1585785600,135.27,142.37,134.8,141.8,6009043.0
1585872000,140.87,142.55,136.59,138.57,4088173.0
1586131200,145.78,149.29,145.71,147.85,4865955.0
1586217600,152.33,153.515,145.2555,145.76,4729322.0
1586304000,147.52,150.79,145.41,149.62,3625669.0
1586390400,151.26,153.19,147.05,148.73,4535935.0
1586736000,147.84,149.08,144.7002,146.9,2525096.0
1586822400,149.09,151.3273,147.81,148.97,2235884.0
1586908800,145.26,147.42,143.63,146.66,3456998.0
1586995200,146.58,147.02,141.27,143.99,5015302.0
1587081600,148.59,150.85,147.61,149.89,5081412.0
1587340800,147.31,149.18,144.56,146.61,4289248.0
1587427200,142.51,145.81,141.22,144.41,4049153.0
1587513600,146.53,148.36,144.87,147.1,3970849.0
1587600000,156.92,158.26,151.995,152.29,6233273.0
1587686400,156.48,158.075,153.44,156.09,4800233.0
1587945600,159.89,161.23,158.02,158.96,4634002.0
1588032000,161.52,162.46,159.0,161.36,3173009.0
1588118400,165.16,166.23,162.78,163.05,2778837.0
1588204800,160.54,161.85,158.225,159.79,3757145.0
1588291200,157.7,157.7,154.7405,156.64,3088996.0
1588550400,155.14,155.2,152.39,154.82,2416188.0
1588636800,156.57,159.18,155.88,156.38,2269473.0
1588723200,156.58,157.13,153.89,154.3,2095165.0
1588809600,156.56,157.96,155.54,156.22,2411539.0
1588896000,158.69,159.36,157.88,158.26,2309368.0
1589155200,156.68,157.95,155.8,156.85,2857417.0
1589241600,156.32,157.1764,153.99,153.99,2683776.0
1589328000,152.94,153.95,150.54,152.74,3499717.0
1589414400,150.81,152.68,147.05,152.44,3930380.0
1589500800,150.99,152.8799,149.76,151.24,5127989.0
1589760000,157.46,160.86,155.83,159.12,5422973.0
1589846400,159.12,162.91,158.75,159.26,3136486.0
1589932800,165.0,168.7,164.15,166.03,4294381.0
1590019200,165.25,165.98,163.01,163.59,2277075.0
1590105600,163.68,165.43,162.16,165.16,1773867.0
1590451200,170.32,171.01,168.28,169.9,4150520.0
1590537600,171.86,174.0787,171.0995,173.84,3174468.0
1590624000,173.04,173.64,169.33,170.51,4065959.0
1590710400,170.19,171.435,168.36,169.86,3677028.0
1590969600,169.36,170.47,167.78,169.5,2929785.0
1591056000,170.75,173.5,169.5,170.94,3000003.0
1591142400,173.64,178.85,173.02,178.05,3898009.0
1591228800,176.38,177.69,175.26,176.43,2933346.0
1591315200,183.11,187.83,182.43,184.83,5608610.0
1591574400,183.96,185.99,179.855,181.66,3436648.0
1591660800,178.06,180.42,177.0,178.16,3569685.0
1591747200,177.85,178.76,174.95,175.43,3321165.0
1591833600,170.0,170.14,163.21,163.29,6234771.0
1591920000,168.21,168.56,162.46,166.18,3373361.0
1592179200,161.72,169.14,161.41,167.93,2948598.0
1592265600,173.29,174.48,168.36,170.97,3554050.0
1592352000,172.2,173.55,170.6705,171.17,3463828.0
1592438400,170.03,171.89,169.72,170.85,2714835.0
1592524800,173.53,173.53,166.8,167.85,7119610.0
1592784000,167.06,168.85,165.9,168.2,2647605.0
1592870400,170.37,171.26,169.24,169.36,2881454.0
1592956800,167.71,168.95,165.03,165.55,3206431.0
1593043200,165.15,167.24,162.78,167.02,3441143.0
1593129600,167.04,168.14,162.13,162.64,8491333.0
1593388800,163.84,165.94,162.2,165.51,2658856.0
1593475200,164.58,170.21,164.36,169.07,4068603.0
1593561600,169.49,170.73,166.23,166.88,2914245.0
1593648000,169.18,170.69,167.885,169.08,2271436.0
1593993600,171.08,172.36,170.11,172.16,2498101.0
1594080000,170.4,172.2,169.25,169.78,2380829.0
1594166400,169.59,172.275,168.79,169.04,3362546.0
1594252800,169.49,169.49,164.72,165.99,2977678.0
1594339200,166.0,167.26,164.665,166.39,2300348.0
1594598400,168.23,170.9626,166.71,169.17,2975886.0
1594684800,168.26,172.59,168.01,171.89,3015304.0
1594771200,174.77,175.48,173.42,174.39,2493025.0
1594857600,174.22,178.375,173.97,176.87,3319724.0
1594944000,177.84,182.52,176.8905,181.25,6132966.0
1595203200,180.27,181.04,176.29,177.39,2885880.0
1595289600,177.83,180.4,177.83,178.66,2230749.0
1595376000,177.34,180.49,177.17,179.38,2951347.0
1595462400,178.77,179.52,172.84,175.0,4010599.0
1595548800,175.64,177.07,174.72,176.12,2720326.0
1595808000,175.57,179.24,175.06,176.82,2738207.0
1595894400,176.36,177.28,174.085,174.41,1965764.0
1595980800,174.44,178.38,174.29,177.98,2736755.0
1596067200,175.87,176.42,172.37,172.8,2775547.0
1596153600,172.41,173.69,167.57,173.35,5089596.0
1596412800,173.86,174.44,171.66,172.06,1982798.0
1596499200,171.88,173.7,171.445,173.68,1696644.0
1596585600,174.47,177.99,174.28,177.47,3051316.0
1596672000,177.73,180.57,177.2,179.61,1971414.0
1596758400,179.68,182.96,179.15,182.93,2192502.0
1597017600,183.75,187.2743,183.45,186.85,3368586.0
1597104000,189.67,193.89,188.66,190.35,4215562.0
1597190400,191.86,193.5,190.765,191.83,2870840.0
1597276800,190.0,191.68,189.09,189.72,2248782.0
1597363200,189.59,193.63,189.145,191.92,2502713.0
1597622400,193.0,195.09,192.36,193.87,3563003.0
1597708800,194.0,194.39,190.6,190.7,1688553.0
1597795200,191.63,192.1799,190.73,190.95,1702050.0
1597881600,189.32,190.7501,188.08,189.92,2082319.0
1597968000,190.46,191.79,188.76,191.57,2059319.0
1598227200,192.05,193.06,191.1,192.56,2045215.0
1598313600,193.7,195.09,192.78,194.9,2062037.0
1598400000,193.75,195.34,192.3101,194.32,1513532.0
1598486400,195.08,195.8,194.28,194.44,1536106.0
1598572800,193.52,195.64,192.85,195.13,1849554.0
1598832000,195.0,196.19,192.04,192.44,2061672.0
1598918400,192.24,195.89,191.09,195.8,1888153.0
1599004800,196.09,197.56,194.415,196.28,3394473.0
1599091200,197.75,197.955,189.3026,190.55,4180796.0
1599177600,191.99,194.12,188.67,191.14,3624556.0
1599523200,190.65,191.46,188.5,188.66,2692800.0
1599609600,190.19,194.9495,190.13,192.86,2750744.0
1599696000,193.79,194.64,192.04,193.08,2084678.0
1599782400,194.01,197.33,193.87,195.94,1912911.0
1600041600,197.23,199.85,195.9,198.84,1663564.0
1600128000,199.52,202.85,199.52,202.37,2328163.0
1600214400,203.74,205.78,201.11,201.42,2994852.0
1600300800,198.64,203.32,196.82,201.65,2611372.0
1600387200,201.21,204.53,199.69,199.8,4164677.0
1600646400,196.0,196.91,190.73,194.0,2980592.0
1600732800,194.34,197.99,194.215,197.32,1864668.0
1600819200,198.1,200.82,193.63,194.32,2199021.0
1600905600,194.3,198.29,192.94,195.67,1705081.0
1600992000,195.03,199.53,194.655,198.15,1712376.0
1601251200,201.59,202.2,199.13,199.45,2070963.0
1601337600,199.59,200.38,196.65,197.24,2317460.0
1601424000,198.13,202.2,196.315,196.87,3606170.0
1601510400,198.0,198.0,192.1,194.23,3147087.0
1601596800,191.03,198.59,190.87,196.35,3231441.0
1601856000,198.2,202.25,197.45,201.32,3376405.0
1601942400,202.0,204.0,199.29,199.41,3403844.0
1602028800,201.08,205.58,201.0,204.62,2214532.0
1602115200,204.89,205.5,201.56,203.78,1720291.0
1602201600,204.64,206.48,204.55,205.78,1724565.0
1602460800,208.68,208.819,205.455,206.35,2035900.0
1602547200,205.52,206.86,202.75,203.0,1882511.0
1602633600,203.61,205.37,203.44,204.81,2053112.0
1602720000,202.16,209.425,201.1101,208.81,2588280.0
1602806400,209.37,210.95,207.815,209.85,3329468.0
1603065600,208.39,210.65,205.17,205.66,2110303.0
1603152000,206.55,210.09,206.01,206.78,1570361.0
1603238400,200.05,202.27,198.65,199.48,4141200.0
1603324800,193.99,194.27,185.83,187.14,7579338.0
1603411200,185.02,189.7499,185.0,188.14,3897066.0
1603670400,186.53,186.93,182.0,184.7,4007078.0
1603756800,184.48,184.69,178.07,179.57,4542162.0
1603843200,175.79,178.22,173.065,173.37,4092174.0
1603929600,172.83,177.66,171.501,176.04,5988098.0
1604016000,175.29,177.39,173.13,177.19,3747953.0
1604275200,179.72,181.69,176.9,179.24,3726694.0
1604361600,181.5,186.96,180.82,185.38,3983767.0
1604448000,189.62,191.73,186.395,186.74,4392083.0
1604534400,189.62,193.9,189.3,192.07,3999107.0
1604620800,191.25,191.81,189.035,190.07,1999842.0
1604880000,200.0,207.78,196.33,198.0,4486994.0
1604966400,198.86,203.5,197.95,201.26,4279826.0
1605052800,201.58,201.95,197.735,200.0,3134840.0
1605139200,199.53,201.2894,197.75,200.49,2923154.0
1605225600,202.15,204.52,201.09,203.44,2291973.0
1605484800,206.5,209.94,204.52,206.71,3066412.0
1605571200,205.11,206.6,201.59,205.85,2481396.0
1605657600,205.14,207.88,203.95,204.03,2244182.0
1605744000,202.62,204.8,200.63,204.55,1965044.0
1605830400,204.85,205.99,202.61,203.39,1911095.0
1606089600,205.17,207.55,204.6401,207.39,2134875.0
1606176000,209.46,211.14,208.49,208.7,2726173.0
1606262400,208.6,208.6,206.07,207.24,2046927.0
1606435200,207.57,207.85,205.0,205.64,1429253.0
1606694400,206.48,206.75,202.89,204.08,2536971.0
1606780800,205.7,208.29,202.13,202.4,4481385.0
1606867200,201.9,204.53,201.43,203.56,2676312.0
1606953600,204.52,205.26,201.805,202.26,4152064.0
1607040000,202.1,206.42,202.1,206.05,2979900.0
1607299200,205.6,205.9346,203.8234,204.99,2071845.0
1607385600,203.65,206.7,203.21,205.21,2043580.0
1607472000,203.83,206.99,203.83,205.88,1937675.0
1607558400,204.97,205.74,201.39,202.52,2206028.0
1607644800,200.68,203.75,200.0019,203.06,1919685.0
1607904000,205.27,205.46,197.91,198.0,2163045.0
1607990400,198.81,201.42,197.46,200.3,1959504.0
1608076800,200.84,201.0,198.61,198.85,2094967.0
1608163200,200.03,202.81,199.01,202.2,2705887.0
1608249600,202.09,204.49,200.73,203.6,5918842.0
1608508800,199.61,203.795,199.61,202.49,2035144.0
1608595200,201.83,203.51,201.44,201.52,1444282.0
1608681600,202.83,203.51,201.05,201.17,1787625.0
1608768000,201.26,203.85,200.48,203.39,691717.0
1609113600,203.97,206.54,203.55,205.65,1790215.0
1609200000,206.3,206.825,203.38,204.42,1735191.0
1609286400,204.87,206.5,204.61,205.98,1279654.0
1609372800,206.35,208.65,205.66,208.22,1739904.0
1609718400,208.04,209.0265,201.375,203.01,2642629.0
1609804800,202.9,206.435,202.855,205.5,2127506.0
1609891200,205.55,211.61,205.13,209.8,2512400.0
1609977600,210.61,213.35,209.12,212.72,2023152.0
1610064000,218.0,221.28,216.99,218.82,3922910.0
1610323200,220.18,220.99,216.95,217.35,2969758.0
1610409600,217.06,220.44,213.86,218.64,3225955.0
1610496000,217.58,219.0,215.3601,216.61,1466035.0
1610582400,217.95,218.12,215.71,216.16,1720001.0
1610668800,214.51,217.52,213.2501,216.6,2325287.0
1611014400,218.21,218.82,215.13,215.28,2841906.0
1611100800,217.09,218.46,215.71,218.18,3239593.0
1611187200,210.0,216.9,207.89,207.9,6346356.0
1611273600,207.61,209.0,203.24,207.13,4290569.0
1611532800,205.16,207.15,201.12,206.46,4815424.0
1611619200,207.31,207.31,199.4,200.05,3867707.0
1611705600,196.024,198.8,193.14,194.33,3790998.0
1611792000,197.38,204.9792,195.44,201.29,3406482.0
1611878400,199.29,200.8,196.77,197.47,3508101.0
1612137600,198.82,200.7084,198.27,198.6,2228714.0
1612224000,200.54,207.13,200.04,205.93,3714180.0
1612310400,205.14,205.915,203.855,204.36,1731563.0
1612396800,204.78,206.65,203.38,204.45,2552132.0
1612483200,206.55,207.68,203.855,204.2,2096985.0
1612742400,205.3,205.3,202.12,204.12,1995374.0
1612828800,204.44,205.6,202.53,204.65,1526781.0
1612915200,205.93,206.19,202.7,203.5,1766762.0
1613001600,205.11,207.87,204.35,207.23,2658126.0
1613088000,206.21,213.7,206.21,213.16,3318406.0
1613433600,213.37,215.42,210.46,213.99,2936316.0
1613520000,213.24,213.88,209.81,211.23,3233132.0
1613606400,209.22,209.785,204.16,207.06,3621440.0
1613692800,208.04,211.56,207.9,209.06,3120837.0
1613952000,207.14,210.365,206.68,206.83,2775907.0
1614038400,207.35,208.08,204.68,206.96,2677820.0
1614124800,206.35,212.95,205.47,211.15,2355204.0
1614211200,209.78,210.89,207.9,208.67,4150378.0
1614297600,210.21,210.21,205.85,205.96,3707990.0
1614556800,208.58,211.6,207.77,209.18,4118253.0
1614643200,209.55,210.64,207.33,209.3,2315495.0
1614729600,209.33,209.83,205.99,206.23,2307652.0
1614816000,205.98,206.695,198.59,201.08,3208762.0
1614902400,203.0,210.15,200.64,209.71,3187261.0
1615161600,210.57,215.68,210.17,210.89,3068507.0
1615248000,212.05,214.9653,211.23,211.7,2814546.0
1615334400,212.5,215.175,211.38,213.12,2764782.0
1615420800,214.82,216.54,213.17,214.52,2573693.0
1615507200,215.86,217.5,213.92,214.09,2321110.0
1615766400,214.25,214.89,209.96,212.67,2881157.0
1615852800,213.12,213.17,208.91,211.7,2786137.0
1615939200,211.43,214.2299,209.8243,212.3,2795178.0
1616025600,211.44,217.71,211.44,215.36,2866740.0
1616112000,215.43,215.53,209.21,210.8,7005198.0
1616371200,210.08,211.0,204.78,206.27,5863499.0
1616457600,207.26,210.528,206.5,208.05,3661653.0
1616544000,208.0,215.8,208.0,212.9,3245118.0
1616630400,212.53,216.53,211.82,216.09,2689285.0
1616716800,217.16,223.21,216.75,222.92,3653835.0
1616976000,222.8,223.95,220.24,222.98,2279848.0
1617062400,221.26,223.42,220.54,221.13,2601848.0
1617148800,221.12,222.57,219.175,220.41,3246647.0
1617235200,220.88,221.79,219.02,220.21,2551292.0
1617580800,222.24,224.62,222.07,223.47,1958370.0
1617667200,223.97,224.09,220.8,221.1,1590798.0
1617753600,220.9,221.94,219.97,221.34,1634408.0
1617840000,221.08,221.58,220.08,220.18,1983982.0
1617926400,220.69,223.36,220.47,223.24,2383736.0
1618185600,222.56,225.28,222.51,223.55,2286544.0
1618272000,222.98,223.39,220.2,221.99,1799251.0
1618358400,222.48,223.4,221.55,222.6,1515563.0
1618444800,223.39,224.5,222.37,223.1,2008771.0
1618531200,224.91,225.78,222.14,222.71,2539879.0
1618790400,223.23,223.51,221.45,223.47,1911154.0
1618876800,222.77,225.34,220.14,220.67,2766275.0
1618963200,220.08,226.21,219.69,223.43,3470155.0
1619049600,218.97,221.1118,216.06,217.98,4831739.0
1619136000,219.52,223.94,218.57,223.54,2975652.0
1619395200,223.98,226.96,223.77,224.59,2767585.0
1619481600,225.7,226.795,223.95,225.73,2239646.0
1619568000,225.68,228.32,225.52,226.19,2172903.0
1619654400,227.59,227.62,223.41,224.48,2239688.0
1619740800,223.65,224.35,220.26,222.09,3674703.0
1620000000,224.01,225.66,223.21,223.74,2771441.0
1620086400,223.17,225.91,222.63,225.67,2781620.0
1620172800,226.4,226.94,223.3,223.56,1796497.0
1620259200,224.48,227.35,224.11,227.21,1852159.0
1620345600,227.73,229.97,226.01,229.48,2073712.0
1620604800,230.13,231.26,228.24,228.44,1827220.0
1620691200,226.81,227.81,223.86,226.61,2085260.0
1620777600,225.53,226.34,221.9,222.0,2413170.0
1620864000,222.0,226.68,222.0,225.18,1915087.0
1620950400,226.76,229.37,225.83,227.86,1631755.0
1621209600,226.71,227.3068,224.09,224.76,3061658.0
1621296000,225.0,225.23,221.98,222.44,2937153.0
1621382400,220.26,222.34,218.02,222.3,2832346.0
1621468800,222.02,222.93,220.22,221.95,2456076.0
1621555200,223.01,224.38,221.23,221.52,2463185.0
1621814400,222.52,224.39,221.91,223.56,1931186.0
1621900800,224.45,225.39,221.78,221.94,2372703.0
1621987200,224.36,224.82,221.83,223.85,5997075.0
1622073600,223.74,225.44,223.12,223.9,3558933.0
1622160000,225.28,225.81,224.35,224.73,1663796.0
1622505600,226.35,227.38,224.94,225.03,2133114.0
1622592000,224.24,226.345,223.69,224.45,2244591.0
1622678400,223.47,226.81,222.88,224.95,2260362.0
1622764800,226.51,227.1,224.5315,226.17,1842465.0
1623024000,226.71,226.71,222.82,222.95,1926782.0
1623110400,222.18,223.4692,219.64,221.83,2511608.0
1623196800,221.58,222.52,220.31,221.5,2117371.0
1623283200,222.33,223.17,219.4,219.59,3077125.0
1623369600,220.83,222.21,220.69,221.33,2029956.0
1623628800,220.58,222.75,220.2,222.62,1764212.0
1623715200,223.47,223.89,222.175,222.84,2030238.0
1623801600,223.58,223.58,220.38,222.06,2903538.0
1623888000,221.92,222.48,217.1601,219.07,2963047.0
1623974400,216.35,217.29,214.505,214.81,4791604.0
1624233600,216.03,218.8548,215.57,217.51,2962062.0
1624320000,216.72,219.37,216.03,218.99,2311123.0
1624406400,219.84,221.4,218.74,219.11,2625984.0
1624492800,219.55,219.845,216.98,218.47,3485927.0
1624579200,219.0,221.5,218.29,221.27,4338100.0
1624838400,221.25,221.52,218.12,219.13,2133421.0
1624924800,219.89,220.38,217.95,218.65,2203258.0
1625011200,218.54,220.73,217.77,219.93,2828496.0
1625097600,221.52,223.67,221.31,223.55,2363935.0
1625184000,224.1,225.93,223.42,224.72,1706599.0
1625529600,225.23,225.495,221.31,223.81,2263686.0
1625616000,222.82,228.74,222.51,228.35,2610098.0
1625702400,222.1,223.22,217.41,218.34,5669049.0
1625788800,220.0,222.65,219.73,221.69,4229913.0
1626048000,221.0,222.1264,219.66,221.22,3412958.0
1626134400,220.87,221.3974,219.0,219.18,3465755.0
1626220800,219.92,221.41,219.25,220.05,4597296.0
1626307200,218.84,220.88,217.91,219.94,2070195.0
1626393600,219.89,220.82,217.81,218.42,2958270.0
1626652800,215.16,215.89,212.94,214.34,3682751.0
1626739200,213.99,217.64,213.99,215.48,3066453.0
1626825600,216.45,219.215,216.22,217.19,2320213.0
1626912000,223.18,224.5,219.05,219.54,4194879.0
1626998400,220.5,221.65,219.4652,220.15,3946822.0
1627257600,219.93,222.0,218.61,220.19,2840906.0
1627344000,219.25,220.4,217.19,218.03,3199110.0
1627430400,218.8,219.075,215.54,216.56,2366254.0
1627516800,218.2,219.63,217.24,217.32,1908318.0
1627603200,216.73,219.6,216.73,218.76,2324105.0
1627862400,220.49,220.945,217.38,217.52,1991190.0
1627948800,217.91,220.73,217.14,220.06,2278367.0
1628035200,219.44,219.62,217.185,217.62,2396876.0
1628121600,218.39,219.59,217.58,219.16,2051773.0
1628208000,219.89,221.7,219.62,220.5,2480742.0
1628467200,219.88,220.58,219.44,219.95,1989982.0
1628553600,220.62,222.93,219.46,221.71,2061439.0
1628640000,222.37,226.58,221.86,226.39,3076395.0
1628726400,225.29,227.865,225.09,227.66,2015900.0
1628812800,228.09,228.57,226.6,227.8,1794225.0
1629072000,227.45,228.07,225.03,227.49,1807431.0
1629158400,226.75,226.85,223.13,225.86,2265118.0
1629244800,224.44,228.28,224.19,224.82,2277456.0
1629331200,223.1,225.51,222.4,223.77,2110430.0
1629417600,223.95,224.77,223.13,223.71,1608949.0
1629676800,224.37,226.08,223.51,223.78,1873202.0
1629763200,223.85,224.335,221.11,221.25,2390708.0
1629849600,221.575,222.027,220.445,221.29,1744076.0
1629936000,221.32,222.18,219.54,220.98,3064685.0
1630022400,221.32,222.59,221.155,221.43,1944784.0
1630281600,220.24,220.615,218.74,219.08,3485314.0
1630368000,219.59,219.85,215.535,216.84,5434896.0
1630454400,216.04,218.56,214.8,216.93,4309807.0
1630540800,217.33,219.1,216.855,217.53,2659609.0
1630627200,217.0,217.35,214.441,214.91,4355511.0
1630972800,214.7,216.75,212.7,213.0,3840155.0
1631059200,213.31,215.93,212.27,215.25,3319693.0
1631145600,214.75,215.19,209.05,210.05,3887625.0
1631232000,211.0,211.93,207.6,207.76,2981882.0
1631491200,209.05,209.55,205.22,206.75,3209577.0
1631577600,207.5,207.5,202.61,203.41,4363149.0
1631664000,203.43,204.65,202.61,204.25,5225625.0
1631750400,205.0,205.91,203.11,203.44,3481911.0
1631836800,202.87,204.565,200.84,201.47,7702971.0
1632096000,198.86,199.9225,195.675,197.87,4370833.0
1632182400,199.12,199.58,196.17,196.61,3730288.0
1632268800,198.4,200.17,197.69,198.07,2907247.0
1632355200,199.3,203.31,199.18,201.72,3553733.0
1632441600,201.16,204.87,201.1,203.8,2908531.0
1632700800,203.59,206.49,203.55,203.96,2449584.0
1632787200,201.55,202.76,199.71,201.12,3792794.0
1632873600,201.3,202.63,200.93,201.68,3448798.0
1632960000,202.25,202.305,195.93,196.01,4099192.0
1633046400,197.79,202.92,197.29,201.74,3468611.0
1633305600,203.95,206.62,203.6,205.51,5532227.0
1633392000,205.13,211.97,205.13,209.97,4177345.0
1633478400,207.84,212.95,206.55,212.44,3074622.0
1633564800,214.55,215.45,211.295,211.88,2655311.0
1633651200,215.17,216.72,214.47,216.48,3352167.0
1633910400,216.86,218.07,214.87,214.91,2311981.0
1633996800,214.65,215.36,213.0,213.41,1975520.0
1634083200,213.76,216.575,213.25,215.85,2206161.0
1634169600,217.78,221.59,217.51,221.34,2560590.0
1634256000,222.94,225.7,221.94,225.16,2747678.0
1634515200,224.0,226.55,222.9,225.93,2287040.0
1634601600,227.3,227.49,224.87,225.76,1933337.0
1634688000,226.15,228.405,224.22,228.01,3454194.0
1634774400,229.5,232.09,226.94,231.28,3361515.0
1634860800,233.1,239.65,232.46,237.59,3809085.0
1635120000,238.3,241.18,237.18,240.28,3157995.0
1635206400,241.91,243.91,239.77,240.72,2409908.0
1635292800,240.56,243.27,239.32,239.38,2886259.0
1635379200,240.35,242.44,240.1,242.3,1998493.0
1635465600,240.42,242.8942,239.4,241.4,2386994.0
1635724800,242.16,242.27,237.645,239.46,2547368.0
1635811200,240.28,242.44,238.74,240.44,1933232.0
1635897600,239.82,240.8,237.04,239.46,2535579.0
1635984000,239.76,239.89,236.0,237.2,3007882.0
1636070400,239.0,240.283,237.95,238.83,2313913.0
1636329600,240.0,240.0,237.5905,239.45,1612924.0
1636416000,239.02,241.1,238.36,241.0,1778948.0
1636502400,241.63,242.5,240.47,241.54,1613775.0
1636588800,241.0,241.13,239.01,240.56,1443781.0
1636675200,241.01,244.04,239.86,242.44,1803834.0
1636934400,242.52,243.03,240.87,241.46,1633751.0
1637020800,242.01,244.34,240.98,241.48,1986132.0
1637107200,241.36,241.96,238.68,239.75,3023241.0
1637193600,239.54,241.53,238.03,240.24,2754248.0
1637280000,241.19,243.0,238.23,241.31,2589098.0
1637539200,241.7,247.12,240.82,243.91,2381485.0
1637625600,243.38,247.76,242.77,247.37,3004825.0
1637712000,246.63,247.15,245.22,246.6,2145673.0
1637884800,240.38,241.68,237.66,239.79,2566677.0
1638144000,241.5,243.01,239.34,239.46,3749048.0
1638230400,237.84,239.43,235.3,235.64,4488325.0
1638316800,237.63,239.71,233.21,233.25,3935036.0
1638403200,235.32,241.44,234.09,240.08,3783169.0
1638489600,241.17,243.03,238.05,240.43,2961152.0
1638748800,243.31,247.6,241.77,246.06,2623753.0
1638835200,247.26,249.94,246.81,247.47,2270843.0
1638921600,247.3,248.68,245.2,247.6,1814501.0
1639008000,247.06,249.3912,246.06,247.25,1983082.0
1639094400,248.64,249.7,247.07,248.46,1937841.0
1639353600,247.57,248.47,244.39,245.74,2548387.0
1639440000,245.51,247.0,243.28,244.61,2682228.0
1639526400,246.08,247.36,244.01,247.12,2517671.0
1639612800,247.91,249.9,246.29,248.35,2297296.0
1639699200,246.59,247.32,242.23,242.69,4937192.0
1639958400,239.98,240.9,238.07,240.64,2769931.0
1640044800,242.7,244.39,240.77,242.22,2746210.0
1640131200,242.0,243.61,241.09,242.89,1623041.0
1640217600,243.27,246.81,243.145,245.64,1655749.0
1640563200,246.21,248.25,245.42,247.95,1176607.0
1640649600,247.86,250.33,247.34,249.23,1119794.0
1640736000,250.01,251.77,249.44,251.03,1106453.0
1640822400,251.27,251.655,248.58,249.54,1163360.0
1640908800,249.54,253.33,249.14,251.93,1516780.0
1641168000,253.25,253.5,246.5,247.77,2450175.0
1641254400,250.0,254.4,249.36,252.03,2647674.0
1641340800,252.85,254.709,251.66,252.79,3651332.0
1641427200,254.0,254.7,251.88,253.49,2342344.0
1641513600,252.79,256.105,251.57,254.78,2346792.0
1641772800,254.53,254.53,248.4,250.28,3341428.0
1641859200,250.75,251.19,245.071,246.42,3087165.0
1641945600,247.61,248.96,246.035,247.0,2480967.0
1642032000,247.5,248.77,246.69,247.62,2615278.0
1642118400,245.27,248.23,244.53,246.27,2525518.0
1642464000,244.8,245.54,236.8,238.04,5752268.0
1642550400,240.0,241.695,237.03,239.49,4911114.0
1642636800,237.22,245.66,237.0,242.07,4256111.0
1642723200,244.66,250.53,242.24,246.33,4932491.0
1642982400,242.92,245.92,239.13,245.1,5095221.0
1643068800,242.64,245.67,239.1932,244.12,3325365.0
1643155200,246.59,250.15,242.36,244.88,3529141.0
1643241600,247.33,248.67,242.72,244.59,3045849.0
1643328000,245.0,246.08,239.6,245.93,2660048.0
1643587200,245.0,245.39,242.81,244.55,3522010.0
1643673600,244.81,248.38,243.82,246.71,2438695.0
1643760000,246.03,251.7989,246.03,251.26,2640209.0
1643846400,250.3,251.69,243.54,244.35,3666671.0
1643932800,244.64,246.09,241.16,242.39,3603530.0
1644192000,244.16,244.975,240.15,241.15,3067483.0
1644278400,243.2,245.17,242.05,242.95,3027688.0
1644364800,245.17,246.62,243.72,246.49,3135172.0
1644451200,243.55,246.1,240.935,242.12,2034787.0
1644537600,241.34,244.49,237.71,238.81,2379131.0
1644796800,240.13,243.75,238.38,242.55,2429423.0
1644883200,245.0,249.98,244.48,249.32,3248798.0
1644969600,248.45,254.8481,248.45,253.81,3493078.0
1645056000,252.31,253.3,249.56,250.99,2697469.0
1645142400,251.46,254.48,250.33,251.19,3319323.0
1645488000,251.0,252.28,245.27,246.27,4360339.0
1645574400,248.04,251.59,244.31,244.82,3346884.0
1645660800,240.41,242.8,236.81,242.09,3944312.0
1645747200,242.26,248.35,241.56,246.41,2548120.0
1646006400,240.53,246.49,239.6405,245.95,3358097.0
1646092800,244.86,246.55,240.98,242.43,3327038.0
1646179200,243.22,253.38,242.95,252.37,3528986.0
1646265600,253.93,263.59,253.33,255.46,7218033.0
1646352000,254.68,264.79,253.63,264.63,5926221.0
1646611200,264.0,270.14,261.28,261.46,5794047.0
1646697600,261.5,263.25,253.1,253.47,6229956.0
1646784000,257.35,259.35,251.54,253.67,6204384.0
1646870400,252.0,259.91,249.56,259.65,4501234.0
1646956800,259.01,263.4,259.01,261.52,3873780.0
1647216000,263.36,263.87,255.65,257.66,3839221.0
1647302400,261.55,262.29,256.795,260.13,2913846.0
1647388800,262.1,264.93,260.26,264.15,3958646.0
1647475200,260.92,264.42,258.44,263.56,3761454.0
1647561600,264.0,264.16,259.65,261.32,6342912.0
1647820800,260.85,265.44,260.24,264.51,5158399.0
1647907200,266.0,267.2,263.79,265.86,3704768.0
1647993600,265.06,269.77,264.52,267.68,2877134.0
1648080000,269.0,272.77,268.27,270.21,3400248.0
1648166400,271.37,273.58,270.29,273.38,2814959.0
1648425600,272.72,275.4,271.655,275.34,2548449.0
1648512000,275.2,276.82,269.38,273.61,2759506.0
1648598400,274.13,276.87,273.86,276.69,2770466.0
1648684800,275.57,278.94,273.21,273.21,3793063.0
1648771200,274.2,274.44,257.0,259.96,6366997.0
1649030400,259.76,260.69,253.34,257.74,4633432.0
1649116800,256.36,259.475,251.676,252.11,5042650.0
1649203200,249.93,250.49,240.36,242.93,6794442.0
1649289600,243.61,245.99,240.02,244.86,4793189.0
1649376000,241.22,245.36,239.68,241.98,3530859.0
1649635200,240.91,244.29,239.57,243.11,2912279.0
1649721600,243.6,248.15,242.49,245.06,3097767.0
1649808000,244.76,246.31,242.66,244.63,3061993.0
1649894400,246.4,247.9,244.53,246.21,3180269.0
1650240000,245.0,246.83,240.22,242.12,3173282.0
1650326400,244.77,246.09,243.62,245.62,2269036.0
1650412800,246.09,249.24,246.09,247.07,2937729.0
1650499200,245.47,250.52,242.54,244.4,4179583.0
1650585600,242.26,242.655,233.84,234.3,5105331.0
1650844800,233.83,236.96,230.06,236.42,4129882.0
1650931200,235.6,237.8599,233.43,233.59,2316249.0
1651017600,232.54,238.03,232.29,236.79,3489854.0
1651104000,236.79,239.88,236.43,239.25,4531866.0
1651190400,238.1,239.88,233.84,234.29,4407118.0
1651449600,235.48,236.34,228.62,232.87,3665823.0
1651536000,232.99,233.45,229.61,232.1,2285029.0
1651622400,233.27,237.64,231.41,237.09,2598557.0
1651708800,235.44,236.34,229.56,231.48,3005483.0
1651795200,230.53,230.585,225.77,229.59,2774851.0
1652054400,227.0,227.755,224.42,225.25,3288922.0
1652140800,227.99,228.2322,218.28,222.6,3845386.0
1652227200,222.86,228.12,222.46,223.88,2457544.0
1652313600,223.39,227.98,221.8612,225.93,3230941.0
1652400000,226.87,232.35,226.71,230.76,3263834.0
1652659200,230.11,231.43,227.32,227.89,3091906.0
1652745600,231.47,233.085,229.29,232.19,2916433.0
1652832000,232.32,232.35,224.08,224.99,2620724.0
1652918400,219.43,220.3,212.72,216.5,5428067.0
1653004800,216.0,217.45,210.24,213.58,3796013.0
1653264000,215.49,217.1,214.33,216.89,3079493.0
1653350400,215.75,217.61,213.27,217.09,2159792.0
1653436800,217.68,219.55,215.65,217.42,2006706.0
1653523200,218.23,222.5785,218.23,221.29,2045302.0
1653609600,221.66,224.25,220.83,222.5,1537564.0
1653955200,221.73,221.78,219.27,219.78,4405441.0
1654041600,221.17,222.59,219.92,221.32,2796210.0
1654128000,222.92,225.89,220.61,225.39,2092104.0
1654214400,223.81,225.32,221.88,224.0,1964379.0
1654473600,225.34,226.35,224.11,225.17,2151350.0
1654560000,218.92,229.06,217.2,228.75,3772393.0
1654646400,225.58,225.85,220.0,221.68,2409348.0
1654732800,220.57,222.384,216.68,216.79,2198479.0
1654819200,213.83,215.16,210.01,211.12,2752336.0
1655078400,207.5,209.7,204.21,208.07,3374553.0
1655164800,209.54,212.26,207.58,208.49,2631637.0
1655251200,211.15,213.01,207.05,209.84,2236086.0
1655337600,205.74,209.58,205.32,208.19,3124603.0
1655424000,208.15,209.24,205.69,206.45,6079717.0
1655769600,210.05,211.48,208.09,209.47,2956165.0
1655856000,207.0,211.2217,206.51,208.99,2098405.0
1655942400,209.72,211.35,207.48,209.75,2504675.0
1656028800,210.06,217.85,210.06,215.78,5516536.0
1656288000,216.82,216.82,212.43,213.85,1827624.0
1656374400,216.13,218.85,213.15,213.36,2156387.0
1656460800,214.03,214.03,210.46,213.15,2178982.0
1656547200,210.0,213.42,209.02,213.28,2314092.0
1656633600,212.5,216.21,211.3,215.26,1765928.0
1656979200,213.19,213.21,207.67,210.17,2236033.0
1657065600,209.5,212.5799,207.18,209.72,2655770.0
1657152000,210.03,213.2164,208.78,212.63,2007235.0
1657238400,212.06,213.08,205.65,209.7,1851032.0
1657497600,208.81,211.12,208.24,209.87,1818506.0
1657584000,206.48,208.67,205.1,206.5,2654056.0
1657670400,204.99,208.61,204.29,206.71,1902465.0
1657756800,203.5,205.97,202.38,205.52,2306570.0
1657843200,209.15,210.85,207.86,209.13,3997548.0
1658102400,210.42,212.78,209.55,210.22,1990052.0
1658188800,212.11,217.28,211.61,216.9,2387784.0
1658275200,216.9,217.85,214.09,214.45,3152073.0
1658361600,212.5,214.36,209.81,211.9,4130970.0
1658448000,212.21,214.26,210.8,213.4,2612652.0
1658707200,213.39,217.57,212.6,217.36,2534164.0
1658793600,216.36,217.63,214.445,215.97,1927994.0
1658880000,216.4,221.195,215.68,219.89,2041507.0
1658966400,220.36,224.1,219.11,223.74,2337192.0
1659052800,223.42,228.23,223.28,227.3,2337038.0
1659312000,226.09,227.98,225.33,227.08,2245109.0
1659398400,225.64,225.64,221.55,222.5,2954295.0
1659484800,223.54,226.47,222.87,225.63,1922261.0
1659571200,225.98,228.9796,224.43,227.35,1891917.0
1659657600,226.0,229.04,226.0,228.62,1482258.0
1659916800,230.0,231.33,227.79,227.86,1662481.0
1660003200,228.67,230.16,228.22,228.49,1778743.0
1660089600,232.11,236.45,230.91,235.76,2411832.0
1660176000,237.19,241.89,236.995,239.25,2746617.0
1660262400,239.99,241.18,238.595,239.95,2186839.0
1660521600,238.6,238.7,236.48,238.17,2070534.0
1660608000,237.75,242.355,237.75,241.35,2486819.0
1660694400,238.12,241.42,237.67,240.89,1686853.0
1660780800,241.54,242.2837,240.05,241.91,1457555.0
1660867200,241.0,241.0,238.29,238.52,2082600.0
1661126400,235.48,237.89,234.762,237.51,2891116.0
1661212800,237.24,239.05,236.39,237.64,1638869.0
1661299200,237.33,239.02,236.85,238.29,1779827.0
1661385600,238.59,240.13,237.18,239.07,1624137.0
1661472000,238.54,239.12,230.95,231.27,1728873.0
1661731200,229.62,234.11,228.84,232.41,2139855.0
1661817600,230.97,231.49,224.52,225.24,3159441.0
1661904000,226.15,226.86,223.96,224.51,2420703.0
1661990400,223.66,226.28,222.7997,226.06,2263243.0
1662076800,228.12,228.12,222.93,223.94,1571779.0
1662422400,223.94,229.7,223.5,227.98,2956439.0
1662508800,226.79,230.01,226.79,228.79,2858491.0
1662595200,227.74,230.5696,227.23,230.34,2181848.0
1662681600,231.11,233.28,230.991,231.88,2016463.0
1662940800,234.39,235.285,232.56,234.16,2635565.0
1663027200,230.15,231.8799,225.545,226.29,2378422.0
1663113600,223.38,223.88,214.01,217.95,5915209.0
1663200000,221.34,224.69,218.04,218.36,4148469.0
1663286400,213.86,214.7,207.58,212.0,7984101.0
1663545600,210.87,216.59,210.52,216.2,2863850.0
1663632000,213.87,215.21,210.62,213.27,2094136.0
1663718400,214.89,216.955,211.76,211.89,1917708.0
1663804800,211.36,212.51,208.84,209.17,2508649.0
1663891200,206.5,207.13,202.12,203.97,2585630.0
1664150400,202.94,203.85,199.09,200.86,3708156.0
1664236800,200.85,202.42,196.49,197.25,5466122.0
1664323200,198.27,203.5642,197.46,201.83,3284913.0
1664409600,200.15,200.52,197.37,199.2,2072371.0
1664496000,198.02,199.33,194.73,194.82,3267705.0
1664755200,197.02,201.72,196.04,200.26,2489928.0
1664841600,202.84,205.4,202.17,205.38,2896533.0
1664928000,202.57,203.48,199.48,200.62,3065862.0
1665014400,200.16,201.41,197.83,198.21,2586820.0
1665100800,196.02,197.155,193.61,195.62,2875662.0
1665360000,197.13,198.065,193.71,194.05,2859606.0
1665446400,192.92,195.8,191.6481,192.64,3094701.0
1665532800,192.82,195.85,191.92,192.12,2381267.0
1665619200,188.34,198.19,186.89,196.74,3482880.0
1665705600,198.79,199.188,193.42,193.79,2720359.0
1665964800,196.16,199.71,196.1048,198.6,3002242.0
1666051200,202.23,203.72,199.005,201.64,2551412.0
1666137600,199.99,201.77,198.725,200.06,2386895.0
1666224000,192.55,194.78,185.83,186.45,6103230.0
1666310400,185.45,191.18,183.7,190.53,6711562.0
1666569600,192.84,195.0,191.94,193.49,2994407.0
1666656000,193.58,195.03,192.665,194.61,2770027.0
1666742400,197.2,198.2393,194.39,195.78,4134841.0
1666828800,197.25,199.93,195.58,196.04,3148244.0
1666915200,196.62,198.84,195.1236,198.65,3724245.0
1667174400,198.57,198.61,195.04,197.14,3130344.0
1667260800,197.2,198.005,193.57,196.82,3042352.0
1667347200,196.35,198.9473,192.16,192.53,3019993.0
1667433600,190.28,195.21,190.22,193.19,3238902.0
1667520000,195.56,197.78,194.18,196.7,3334012.0
1667779200,198.5,198.5,195.47,196.3,3757786.0
1667865600,198.15,205.12,197.765,204.01,6285142.0
1667952000,203.51,204.54,201.94,203.41,4682778.0
1668038400,210.88,213.19,209.09,212.99,4923461.0
1668124800,216.11,219.56,214.76,217.5,5176484.0
1668384000,216.85,221.46,216.29,216.95,3945919.0
1668470400,217.81,219.065,208.74,210.66,6235236.0
1668556800,211.15,213.19,210.48,212.27,3864580.0
1668643200,210.63,212.35,207.01,209.82,4561638.0
1668729600,211.61,212.19,209.295,210.58,2499551.0
1668988800,209.9,213.34,208.2,212.27,2365469.0
1669075200,213.57,217.73,212.82,213.2,2962536.0
1669161600,212.69,213.2342,210.57,212.52,2405280.0
1669334400,213.0,215.42,212.48,213.33,1101944.0
1669593600,211.23,212.43,207.68,208.52,2755386.0
1669680000,208.96,213.24,208.11,212.77,2280770.0
1669766400,212.72,218.95,210.71,217.43,5173079.0
1669852800,219.16,219.16,214.89,215.93,2638443.0
1669939200,213.74,215.84,213.2,214.73,1759997.0
1670198400,212.94,213.55,210.41,211.06,2504481.0
1670284800,211.53,213.2267,208.7,211.14,3097620.0
1670371200,211.0,214.79,210.59,212.22,2828743.0
1670457600,212.73,214.56,211.54,213.03,1585388.0
1670544000,212.4,213.05,211.05,211.35,2334478.0
1670803200,212.64,215.9,210.77,215.83,3017615.0
1670889600,220.9,221.45,215.85,218.02,3585150.0
1670976000,219.32,221.71,216.36,217.58,2749841.0
1671062400,214.76,215.11,210.7622,212.31,3373406.0
1671148800,208.55,210.75,206.645,210.21,5194324.0
1671408000,210.2,210.41,204.75,206.39,2355271.0
1671494400,206.46,207.02,203.673,205.41,4081886.0
1671580800,207.46,209.15,206.72,208.42,2756387.0
1671667200,207.03,208.68,205.1352,208.66,2399255.0
1671753600,208.2,210.745,208.2,209.91,1639486.0
1672099200,210.46,211.4471,208.85,210.32,1139698.0
1672185600,210.23,211.23,206.78,206.87,1631188.0
1672272000,208.04,210.36,207.14,209.22,1484796.0
1672358400,207.67,208.99,204.675,207.07,1554192.0
1672704000,207.29,207.87,205.13,207.58,1766261.0
1672790400,208.09,210.21,207.57,209.24,1830877.0
1672876800,207.73,208.68,202.76,203.08,2317577.0
1672963200,206.8,212.55,206.0,212.01,3375200.0
1673222400,212.19,215.88,211.1,211.46,2259504.0
1673308800,211.38,212.38,209.87,212.28,1225298.0
1673395200,213.24,214.67,212.13,214.26,1840537.0
1673481600,215.31,216.245,212.07,214.69,2034572.0
1673568000,212.91,214.12,212.16,213.23,1693498.0
1673913600,214.47,216.955,212.45,214.31,2186165.0
1674000000,214.65,215.81,209.2,209.48,2719595.0
1674086400,207.61,209.215,205.49,205.5,3065607.0
1674172800,205.86,208.72,203.53,208.66,5344028.0
1674432000,209.32,212.97,208.02,210.13,3155615.0
1674518400,223.44,235.2,201.0,203.18,4462622.0
1674604800,200.96,201.69,197.03,200.12,4163884.0
1674691200,198.47,201.6,194.5,201.48,4207024.0
1674777600,201.65,203.845,200.66,202.39,3429453.0
1675036800,200.85,203.935,200.0,200.2,2617604.0
1675123200,200.11,204.21,199.64,204.19,2958732.0
1675209600,203.21,209.1,202.62,207.93,3080126.0
1675296000,208.0,214.8903,206.95,213.41,3445976.0
1675382400,210.57,212.875,209.59,210.29,2142139.0
1675641600,209.02,210.375,208.07,208.96,1665617.0
1675728000,207.04,210.38,206.56,209.04,2067646.0
1675814400,208.37,209.58,206.52,207.14,1805093.0
1675900800,208.14,208.64,202.45,202.81,2989953.0
1675987200,202.22,206.1,201.76,205.5,2599968.0
1676246400,204.92,208.94,204.53,206.05,4095466.0
1676332800,205.86,205.925,201.6,204.03,2174728.0
1676419200,201.61,203.12,199.42,203.11,2880025.0
1676505600,199.68,203.04,199.45,200.52,3375082.0
1676592000,198.82,201.65,198.5576,201.59,7063859.0
1676937600,199.41,200.17,193.68,193.75,4462390.0
1677024000,193.66,194.49,190.08,191.38,5815964.0
1677110400,192.63,193.66,190.74,193.32,3125450.0
1677196800,191.3,194.59,190.32,194.02,3371368.0
1677456000,213.925,214.8,209.771,212.17,12140440.0
1677542400,210.53,211.4,206.61,207.28,6091169.0
1677628800,206.09,210.15,205.98,207.99,2775151.0
1677715200,206.65,212.16,206.26,211.36,2813075.0
1677801600,212.01,212.88,208.0,209.36,3665921.0
1678060800,209.56,210.81,207.84,208.83,2300367.0
1678147200,207.43,207.7,204.65,205.4,3897988.0
1678233600,204.49,205.145,201.46,203.57,2980839.0
1678320000,204.82,204.82,199.42,199.57,3342106.0
1678406400,198.88,203.09,195.18,196.06,3909532.0
1678665600,194.62,199.15,193.73,195.1,2774713.0
1678752000,196.87,199.7,192.63,195.15,3168876.0
1678838400,191.17,193.07,189.395,192.04,5749675.0
1678924800,191.08,193.6,189.14,192.91,6357226.0
1679011200,193.34,193.34,187.73,190.01,11852820.0
1679270400,190.12,191.845,188.99,189.69,2956844.0
1679356800,191.41,192.7,188.38,189.54,3339047.0
1679443200,188.56,190.18,185.67,185.72,3325512.0
1679529600,186.01,187.8508,183.69,186.2,3854882.0
1679616000,184.14,188.56,183.85,188.51,4263667.0
1679875200,190.62,193.72,190.17,193.23,3666756.0
1679961600,193.23,197.465,193.23,196.58,5635275.0
1680048000,198.47,199.87,197.48,199.09,3152243.0
1680134400,200.36,201.45,197.5,198.36,3050708.0
1680220800,198.87,201.385,198.65,201.26,3422593.0
1680480000,200.92,201.93,197.99,199.54,1908433.0
1680566400,199.38,199.725,195.06,195.88,3556701.0
1680652800,195.13,196.3,194.07,194.21,2382265.0
1680739200,194.6,198.69,194.0933,198.64,3280101.0
1681084800,197.18,199.2999,197.09,198.37,2401952.0
1681171200,199.44,200.06,198.51,198.9,3597985.0
1681257600,199.76,200.69,198.23,198.73,2315454.0
1681344000,198.89,199.7,196.73,197.92,2894415.0
1681430400,198.13,199.64,197.37,198.53,1947985.0
1681689600,199.65,202.68,198.45,200.04,2740855.0
1681776000,200.7,201.98,199.03,199.47,2388104.0
1681862400,198.09,202.21,198.09,202.0,2619794.0
1681948800,202.39,207.82,201.42,202.6,2989244.0
1682035200,202.99,203.73,198.16,198.85,6029405.0
1682294400,197.92,201.7,197.3413,200.28,2723705.0
1682380800,198.09,199.54,194.135,194.75,2594380.0
1682467200,193.58,194.37,190.37,191.5,2377528.0
1682553600,191.25,193.78,190.45,193.54,2287459.0
1682640000,192.87,197.12,192.87,195.7,1814933.0
1682899200,195.53,199.87,195.53,198.63,2195008.0
1682985600,197.45,197.92,192.99,196.07,2693796.0
1683072000,197.18,198.07,195.26,195.33,2017445.0
1683158400,195.41,197.395,194.0316,197.06,1866347.0
1683244800,198.7,202.5,198.14,201.23,2065019.0
1683504000,202.49,202.83,199.5,199.94,1973045.0
1683590400,198.94,200.695,197.83,200.59,1606740.0
1683676800,202.12,202.6039,196.91,199.06,1703530.0
1683763200,198.73,198.89,197.05,198.08,1397331.0
1683849600,199.43,199.5,197.37,198.99,1459512.0
1684108800,198.83,200.07,197.52,199.64,1630515.0
1684195200,199.12,199.29,196.5,196.87,1893958.0
1684281600,197.04,200.115,196.86,198.84,2273080.0
1684368000,197.98,199.23,195.16,198.81,1947796.0
1684454400,199.1,200.06,197.245,198.97,1798839.0
1684713600,201.01,201.95,196.076,198.29,1744063.0
1684800000,198.19,198.19,194.86,196.38,2434146.0
1684886400,195.77,195.99,191.31,191.91,2970979.0
1684972800,191.06,193.83,190.71,193.21,2467636.0
1685059200,193.58,193.95,192.09,193.1,2287366.0
1685404800,192.11,194.69,191.22,194.2,2453568.0
1685491200,193.07,193.91,191.1099,192.52,3569282.0
1685577600,192.46,196.06,192.25,195.68,2713762.0
1685664000,197.18,200.715,196.88,198.66,2522701.0
1685923200,198.74,200.22,198.1711,198.73,2140613.0
1686009600,197.04,197.73,195.16,196.36,2341901.0
1686096000,196.3,201.65,194.13,201.46,2582847.0
1686182400,201.47,201.88,197.53,200.99,2180656.0
1686268800,201.78,201.78,198.71,199.67,1806829.0
1686528000,199.56,199.625,195.87,198.96,2096381.0
1686614400,197.39,199.54,194.6,198.93,3577856.0
1686700800,200.14,205.04,199.31,202.74,3259385.0
1686787200,203.15,206.84,202.74,205.92,2288571.0
1686873600,206.37,206.9,204.48,204.67,4139868.0
1687219200,202.94,204.24,201.02,201.38,2412765.0
1687305600,200.47,204.17,200.13,203.65,2191438.0
1687392000,203.63,203.65,201.87,203.37,1809283.0
1687478400,201.88,201.99,199.06,199.89,7413977.0
1687737600,200.19,201.8094,199.82,201.33,1764809.0
1687824000,201.64,203.375,200.66,202.98,2433951.0
1687910400,203.04,203.42,201.64,203.09,2498258.0
1687996800,202.37,204.86,201.65,204.65,1957394.0
1688083200,205.57,206.62,203.36,204.62,2298746.0
1688342400,203.25,207.11,202.06,206.13,1057362.0
1688515200,204.64,205.79,203.48,203.91,1818128.0
1688601600,202.03,203.01,200.6,202.51,1518543.0
1688688000,201.07,204.41,200.5,202.82,2074819.0
1688947200,202.66,205.42,202.43,204.86,2025215.0
1689033600,206.0,207.19,205.025,206.79,2101076.0
1689120000,208.07,210.62,206.0,208.92,3261515.0
1689206400,209.43,210.92,208.57,210.61,2214270.0
1689292800,210.37,211.66,209.87,210.99,1603021.0
1689552000,210.56,210.825,209.0968,209.86,1471705.0
1689638400,209.46,213.0,209.1,212.62,1893637.0
1689724800,212.86,215.0,212.5,214.25,2036692.0
1689811200,215.03,217.6185,214.62,216.78,3137644.0
1689897600,213.53,217.27,212.035,216.78,6040181.0
1690156800,216.32,219.1,215.77,216.94,2165244.0
1690243200,216.29,217.45,214.75,215.55,2766183.0
1690329600,236.83,240.4799,233.38,238.0,14540740.0
1690416000,235.45,236.39,230.4075,232.1,5806689.0
1690502400,231.86,235.2468,230.25,232.77,3595798.0
1690761600,232.73,234.54,230.42,232.02,2988783.0
1690848000,231.49,232.155,229.13,231.5,3486302.0
1690934400,231.15,232.45,229.8701,230.2,2740446.0
1691020800,229.59,231.73,228.55,229.89,1914121.0
1691107200,230.52,232.82,228.235,228.53,3176349.0
1691366400,230.31,231.83,228.6,229.7,2211303.0
1691452800,230.31,230.37,226.37,228.63,2513703.0
1691539200,227.25,229.81,226.76,229.25,2562528.0
1691625600,229.97,231.34,229.52,230.3,2737654.0
1691712000,229.75,230.99,229.28,229.49,2346223.0
1691971200,228.67,229.99,228.25,229.8,1682076.0
1692057600,228.84,229.12,225.46,225.54,2146190.0
1692144000,225.35,226.16,223.655,224.62,2169224.0
1692230400,225.29,226.67,224.07,224.38,2075375.0
1692316800,223.26,225.69,223.15,225.26,1660324.0
1692576000,225.24,225.79,223.4,223.97,2000616.0
1692662400,224.27,224.6,221.57,222.41,1636243.0
1692748800,222.83,223.6688,221.37,223.13,2026467.0
1692835200,223.29,224.235,222.48,222.52,1738925.0
1692921600,223.23,225.48,222.28,224.18,1609912.0
1693180800,223.91,227.25,223.87,224.54,1731439.0
1693267200,224.43,225.24,223.0,223.44,2362183.0
1693353600,222.81,224.11,221.6461,222.89,2690894.0
1693440000,222.9,223.83,220.54,220.57,2410322.0
1693526400,221.64,222.4,219.71,221.03,2303754.0
1693872000,219.47,219.815,215.18,215.71,2679776.0
1693958400,215.83,216.19,211.7,212.83,2344807.0
1694044800,212.42,213.72,209.9,210.57,2882117.0
1694131200,210.32,212.17,209.04,211.8,3188225.0
1694390400,212.51,212.81,210.05,211.61,1943935.0
1694476800,211.04,214.91,206.8606,213.87,2828205.0
1694563200,213.9,214.01,210.78,212.13,2919766.0
1694649600,214.14,216.56,211.741,215.7,2798780.0
1694736000,213.06,214.21,212.19,213.32,4222810.0
1694995200,214.18,214.43,211.87,213.15,2206786.0
1695081600,212.65,213.51,209.895,211.77,2156024.0
1695168000,213.12,214.9,212.9,212.98,2116790.0
1695254400,212.06,213.29,210.86,211.4,2370335.0
1695340800,210.71,213.025,208.75,209.24,2416555.0
1695600000,207.95,209.51,207.13,208.48,1427524.0
1695686400,207.36,208.235,204.62,204.84,1990363.0
1695772800,205.21,205.55,201.46,202.4,2760561.0
1695859200,202.43,204.82,201.585,204.11,2112814.0
1695945600,205.88,205.88,203.325,203.63,2246711.0
1696204800,201.89,203.09,200.13,202.64,1887953.0
1696291200,201.94,205.14,201.6,203.78,2087538.0
1696377600,203.5,205.0,201.35,202.27,1911966.0
1696464000,202.17,202.42,199.51,200.64,2037234.0
1696550400,199.83,204.21,199.33,202.46,1760470.0
1696809600,201.46,204.655,200.78,204.3,1557697.0
1696896000,205.02,207.04,204.175,206.35,1972894.0
1696982400,207.24,209.94,207.0001,209.48,2851136.0
1697068800,210.0,210.11,205.81,207.99,1851217.0
1697155200,208.89,210.44,207.017,207.75,1874659.0
1697414400,209.21,213.31,208.73,210.83,2358876.0
1697500800,209.9,213.38,209.565,211.34,2479917.0
1697587200,210.14,210.395,205.47,205.92,3487168.0
1697673600,218.565,220.1,210.1403,210.33,6031009.0
1697760000,212.49,214.96,210.01,211.34,5485718.0
1698019200,210.29,211.64,207.48,207.76,2576547.0
1698105600,208.45,209.07,204.26,205.44,2937514.0
1698192000,203.85,207.08,202.3301,205.22,2457397.0
1698278400,204.34,206.285,201.92,202.24,2626352.0
1698364800,202.56,204.03,199.97,201.72,2427576.0
1698624000,203.24,207.0399,202.41,205.8,2230121.0
1698710400,206.39,207.9065,204.635,207.61,2057825.0
1698796800,207.06,208.39,205.46,207.56,2444310.0
1698883200,208.57,211.91,207.745,211.39,1776659.0
1698969600,213.0,213.41,211.57,212.13,1634891.0
1699228800,212.0,213.19,209.35,213.1,1547283.0
1699315200,212.73,212.87,210.9,211.41,2324175.0
1699401600,212.09,212.97,211.03,212.0,2483137.0
1699488000,212.8,212.85,209.51,210.23,1496386.0
1699574400,211.23,211.92,208.5,211.49,2673601.0
1699833600,211.11,211.11,208.14,209.4,2185064.0
1699920000,212.48,217.3,212.47,215.69,2610451.0
1700006400,216.36,220.4,215.81,218.08,2709674.0
1700092800,218.36,219.71,216.79,219.36,1438333.0
1700179200,220.79,221.29,217.83,219.21,2005354.0
1700438400,219.0,221.68,216.92,221.1,2548124.0
1700524800,221.1,223.0,219.101,222.0,2422331.0
1700611200,222.74,224.28,222.12,223.49,1716193.0
1700784000,223.32,224.99,223.13,224.28,1045594.0
1701043200,223.74,224.09,219.37,219.85,2369208.0
1701129600,219.71,222.68,219.48,221.23,1827572.0
1701216000,222.83,223.88,220.85,221.47,1228889.0
1701302400,222.25,225.64,220.65,225.27,4430060.0
1701388800,227.41,232.35,226.24,231.37,3239020.0
1701648000,230.76,234.71,230.55,233.9,3881955.0
1701734400,232.79,233.13,230.895,232.17,2632486.0
1701820800,233.12,233.99,231.84,232.97,1804898.0
1701907200,232.42,232.9,230.54,231.49,2075095.0
1701993600,231.64,232.92,229.505,229.77,2544779.0
1702252800,229.92,232.34,229.54,232.03,1810413.0
1702339200,233.09,234.54,232.53,232.91,2427466.0
1702425600,232.93,236.81,231.555,236.69,3926716.0
1702512000,239.66,245.07,239.04,242.86,4863594.0
1702598400,237.64,242.86,237.4,241.98,4768518.0
1702857600,243.05,243.89,240.94,241.1,2457617.0
1702944000,241.33,243.43,240.0,242.65,2314244.0
1703030400,240.22,242.115,237.7,237.84,2724760.0
1703116800,238.12,242.34,237.6,242.11,2603197.0
1703203200,243.0,244.95,242.325,243.58,1824809.0
1703548800,243.62,246.43,243.62,245.29,1454117.0
1703635200,244.65,246.7,244.31,245.81,2205986.0
1703721600,246.04,246.99,245.2,246.02,1208598.0
1703808000,245.99,246.535,244.725,245.62,1228687.0
1704153600,244.98,245.99,242.75,243.43,2622215.0
1704240000,242.8,243.959,240.975,241.7,1748272.0
1704326400,241.24,244.08,240.93,241.06,2305436.0
1704412800,241.9,242.0,238.405,239.91,2316918.0
1704672000,239.17,240.67,237.52,240.62,2567784.0
1704758400,239.29,239.29,236.05,237.41,2055185.0
1704844800,236.85,239.1212,236.8,239.0,1683519.0
1704931200,238.45,238.45,234.8,236.38,2219342.0
1705017600,237.27,238.0,234.795,237.71,3018743.0
1705363200,237.8,238.25,235.29,236.21,2578748.0
1705449600,234.87,238.22,234.47,235.81,2311158.0
1705536000,235.56,238.77,235.065,237.99,2326484.0
1705622400,238.49,240.21,236.51,239.27,2272098.0
1705881600,242.76,244.0,241.11,243.11,3005342.0
1705968000,244.0,244.53,242.26,243.33,2398297.0
1706054400,243.76,245.415,242.325,242.33,2843494.0
1706140800,244.1,245.45,237.14,241.57,4154618.0
1706227200,241.47,242.21,238.26,240.39,2493459.0
1706486400,239.68,245.54,239.18,245.17,2844561.0
1706572800,243.87,246.98,242.31,246.7,2435616.0
1706659200,247.29,248.0,243.8,243.93,2799053.0
1706745600,245.34,249.44,244.71,249.27,2116306.0
1706832000,248.12,249.74,245.88,248.33,1994229.0
1707091200,247.35,249.115,246.48,246.64,2701337.0
1707177600,246.64,250.82,246.64,249.87,2357338.0
1707264000,250.74,251.65,248.96,249.16,2337204.0
1707350400,249.07,249.235,246.41,248.82,1871559.0
1707436800,248.14,249.55,246.5,249.45,2012493.0
1707696000,248.79,249.07,247.0,247.4,2259572.0
1707782400,246.0,246.27,243.74,245.61,2664132.0
1707868800,246.36,250.355,245.05,250.11,2579556.0
1707955200,250.0,251.39,248.79,250.55,2252309.0
1708041600,249.41,249.7237,246.05,246.59,2202364.0
1708387200,246.59,247.32,244.87,247.14,1907246.0
1708473600,249.44,251.46,247.32,251.32,1721897.0
1708560000,251.99,254.96,250.11,254.51,2507769.0
1708646400,255.27,258.09,254.95,256.91,1943469.0
1708905600,256.99,258.66,252.39,252.64,2806401.0
1708992000,252.67,255.7,252.2,253.29,2206372.0
1709078400,252.51,255.85,251.3,253.99,1885806.0
1709164800,254.32,255.74,253.45,253.69,3022146.0
1709251200,252.86,253.48,250.77,252.98,2811430.0
1709510400,253.36,254.84,252.46,253.47,1834919.0
1709596800,253.85,255.62,252.39,253.7,1368806.0
1709683200,253.44,254.98,250.84,251.0,1911012.0
1709769600,253.35,253.35,248.73,249.04,2395772.0
1709856000,248.25,251.225,247.61,250.96,2409115.0
1710115200,250.22,251.481,247.29,249.87,1539550.0
1710201600,249.42,252.18,249.22,251.18,1633862.0
1710288000,250.26,250.78,248.46,249.25,2129046.0
1710374400,247.43,247.98,243.6,246.06,2519663.0
1710460800,243.45,246.38,243.23,244.13,3258911.0
1710720000,245.06,245.62,243.86,244.36,2280848.0
1710806400,244.3,245.1798,241.28,242.71,3244316.0
1710892800,242.88,247.55,242.65,246.31,2564836.0
1710979200,247.53,250.36,246.63,248.11,3215458.0
1711065600,248.36,249.085,244.87,244.97,1676987.0
1711324800,244.47,245.2034,242.65,243.85,1974723.0
1711411200,243.98,244.23,240.5,240.69,2801961.0
1711497600,242.18,244.77,241.99,244.63,2150556.0
1711584000,245.87,246.76,244.215,245.93,2265924.0
1711929600,245.5,245.95,242.63,243.3,2493861.0
1712016000,242.27,243.88,240.8701,242.53,2019453.0
1712102400,242.87,245.0,240.8,241.55,2097225.0
1712188800,243.27,244.9338,239.755,240.69,2062525.0
1712275200,241.57,242.81,240.72,242.01,1503722.0
1712534400,242.0,243.5,240.04,240.29,2139221.0
1712620800,241.03,241.85,238.01,240.79,1736948.0
1712707200,238.18,238.65,235.88,236.85,2181008.0
1712793600,236.86,237.73,235.025,236.16,1692360.0
1712880000,234.81,235.48,233.25,234.4,2594970.0
1713139200,237.71,237.915,232.49,233.94,2297997.0
1713225600,234.43,234.43,230.945,231.26,2025415.0
1713312000,231.8,232.13,227.87,229.23,1997011.0
1713398400,230.72,231.41,229.1,229.81,1570176.0
1713484800,230.69,232.81,230.425,232.08,2971911.0
1713744000,232.99,235.645,232.04,234.47,2200025.0
1713830400,235.4,237.32,234.81,236.29,1980828.0
1713916800,233.87,234.13,229.32,231.98,2951169.0
1714003200,240.24,243.61,236.12,243.55,3897600.0
1714089600,243.9,244.83,240.73,242.79,2255458.0
1714348800,243.39,244.4,239.47,240.95,1730440.0
1714435200,239.72,240.065,236.77,237.16,1737008.0
1714521600,235.82,237.08,234.1731,234.96,1651734.0
1714608000,236.0,238.05,233.205,237.69,2440891.0
1714694400,242.27,243.38,239.7619,240.36,2174714.0
1714953600,241.81,241.81,239.035,239.21,1527724.0
1715040000,241.37,243.14,239.795,242.38,1585332.0
1715126400,241.47,246.4,241.19,245.9,1739000.0
1715212800,245.58,248.895,244.95,246.61,1765166.0
1715299200,248.0,248.49,246.617,247.4,1299524.0
1715558400,247.41,248.4,245.35,245.68,1317192.0
1715644800,246.82,247.0,243.155,244.94,1357477.0
1715731200,245.85,246.88,245.3823,246.54,1769238.0
1715817600,246.14,247.265,244.935,245.9,1526046.0
1715904000,246.31,246.92,243.33,244.97,2105806.0
1716163200,244.93,244.93,241.84,243.63,1130283.0
1716249600,240.0,240.05,234.54,234.96,2967591.0
1716336000,234.77,235.25,232.52,234.71,2634161.0
1716422400,234.23,234.88,231.8,232.71,2815747.0
1716508800,232.0,234.13,231.04,232.05,2305534.0
1716854400,232.15,232.27,228.24,229.01,2480869.0
1716940800,226.79,228.34,225.67,225.88,3279065.0
1717027200,226.05,229.42,225.49,229.24,2840385.0
1717113600,228.16,233.3,227.08,232.82,5524511.0
1717372800,233.0,233.5,227.34,228.32,2593985.0
1717459200,228.11,229.8,226.24,227.62,1820824.0
1717545600,228.73,229.09,226.0,227.41,2920756.0
1717632000,227.65,228.92,226.421,228.31,2023241.0
1717718400,227.54,230.72,226.69,227.97,2555622.0
1717977600,227.35,228.99,226.25,228.95,1884822.0
1718064000,227.78,228.925,226.33,227.41,1619895.0
1718150400,228.94,231.27,225.765,226.47,1931892.0
1718236800,225.65,226.2,221.38,222.12,3283888.0
1718323200,221.34,222.19,218.55,222.1,2130498.0
1718582400,219.53,222.51,219.29,221.38,3134484.0
1718668800,221.38,223.83,221.15,222.58,2057245.0
1718841600,222.31,225.425,221.47,225.17,2267817.0
1718928000,226.13,226.6,223.14,226.11,3322635.0
1719187200,226.66,229.38,225.95,226.36,2407606.0
1719273600,224.85,225.13,219.575,224.06,3199922.0
1719360000,224.0,225.14,222.87,223.61,1921476.0
1719446400,224.58,225.33,222.78,223.47,1815037.0
1719532800,224.9,227.4399,224.305,226.26,3492610.0
1719792000,226.14,227.88,224.15,224.86,1697337.0
1719878400,224.86,225.54,223.82,225.5,1530530.0
1719964800,225.96,228.0999,225.01,225.57,1219762.0
1720137600,225.16,226.68,222.82,225.17,1659395.0
1720396800,224.51,224.675,222.13,223.39,1781645.0
1720483200,222.28,222.91,220.63,221.78,1514184.0
1720569600,222.34,224.53,221.93,224.41,1832736.0
1720656000,224.85,228.97,224.255,228.72,1517930.0
1720742400,229.67,232.43,228.72,230.22,1912319.0
1721001600,230.6,236.45,230.28,235.99,2569467.0
1721088000,236.0,243.82,235.9,243.06,3417400.0
1721174400,243.44,246.06,242.76,243.89,2933013.0
1721260800,242.64,245.865,242.18,243.01,2491272.0
1721347200,244.8,244.8,241.5,242.32,3870094.0
1721606400,242.78,243.37,240.86,243.27,2187038.0
1721692800,242.23,242.9025,239.29,239.5,2538276.0
1721779200,238.2,240.7409,236.84,237.38,3289032.0
1721865600,235.86,239.7,230.9,235.35,3017631.0
1721952000,237.22,243.15,235.89,240.36,2818609.0
1722211200,240.99,243.89,240.01,242.15,2022953.0
1722297600,243.15,247.26,242.81,245.43,1914371.0
1722384000,245.52,249.175,244.48,246.73,2285693.0
1722470400,247.37,249.335,243.785,244.47,2166090.0
1722556800,243.53,243.9,235.7,239.97,2114653.0
1722816000,237.01,237.97,231.26,234.87,2494424.0
1722902400,235.38,241.51,234.731,238.55,2514582.0
1722988800,239.85,241.94,236.47,236.84,1939343.0
1723075200,237.24,240.89,236.9,240.54,1444831.0
1723161600,240.47,240.47,236.95,237.52,1621058.0
1723420800,238.35,238.35,234.9,236.75,1782063.0
1723507200,238.03,239.0,235.23,237.27,1486284.0
1723593600,237.97,242.25,237.31,241.22,1903113.0
1723680000,243.93,245.27,242.75,243.71,2127983.0
1723766400,244.0,245.4,243.4,244.53,1951386.0
1724025600,245.0,246.66,244.17,246.07,1686486.0
1724112000,246.07,247.24,245.31,246.5,1552013.0
1724198400,247.73,248.3,245.0,245.73,1482850.0
1724284800,246.03,247.0,242.83,244.32,2722350.0
1724371200,245.0,246.99,244.025,246.85,2449222.0
1724630400,247.76,249.55,247.0,247.84,1680550.0
1724716800,248.49,250.5,248.05,250.35,1466246.0
1724803200,250.47,254.39,249.81,252.67,2359782.0
1724889600,253.81,254.65,251.39,253.2,1287795.0
1724976000,251.92,256.3,251.92,256.09,2386564.0
1725321600,255.87,256.9489,254.05,255.21,2585798.0
1725408000,255.44,258.07,252.09,255.7,2880270.0
1725494400,255.8,256.11,249.87,251.53,2562529.0
1725580800,251.4,253.67,249.24,249.63,2406225.0
1725840000,250.71,252.14,249.82,251.11,2162452.0
1725926400,251.85,252.62,249.62,252.58,1694658.0
1726012800,250.64,251.495,243.43,247.5,2372194.0
1726099200,247.92,249.52,245.41,248.89,1867980.0
1726185600,249.94,252.0,248.55,249.12,2267787.0
1726444800,250.88,253.59,249.48,252.43,1651114.0
1726531200,253.27,255.06,253.0,253.55,1640445.0
1726617600,254.01,254.56,250.53,251.2,1568183.0
1726704000,250.0,254.01,246.05,248.44,3406678.0
1726790400,243.48,245.62,242.54,245.39,6802799.0
1727049600,245.09,245.36,242.86,244.0,2740567.0
1727136000,243.19,249.03,241.56,248.96,2772711.0
1727222400,247.54,249.285,245.075,245.5,2347258.0
1727308800,247.0,248.295,242.35,243.23,2398738.0
1727395200,244.68,247.4811,243.94,244.22,1954544.0
1727654400,245.0,247.01,243.46,246.48,2923206.0
1727740800,246.17,247.35,243.66,245.55,1925000.0
1727827200,245.05,246.19,242.21,243.35,2568262.0
1727913600,242.43,243.0,239.6,240.63,1990156.0
1728000000,241.72,243.18,237.19,238.86,2137949.0
1728259200,237.7,238.15,235.29,236.87,1684066.0
1728345600,237.68,238.94,237.31,237.56,1783213.0
1728432000,237.11,238.66,235.88,237.68,2046736.0
1728518400,237.45,238.94,236.29,238.82,1900711.0
1728604800,240.08,242.54,239.55,242.31,1663835.0
1728864000,242.65,246.17,241.96,245.27,1735882.0
1728950400,246.71,248.7,245.36,245.79,1858037.0
1729036800,245.93,250.23,245.5,248.1,1500133.0
1729123200,246.88,246.88,240.5,241.72,2177924.0
1729209600,242.53,244.71,241.46,244.1,2866129.0
1729468800,243.73,243.73,239.4175,240.35,1547906.0
1729555200,241.08,241.94,238.63,241.45,1818425.0
1729641600,241.3,242.185,240.11,241.35,2156278.0
1729728000,229.42,233.9999,227.56,230.75,5181142.0
1729814400,230.19,231.88,229.28,230.3,2952224.0
1730073600,230.06,233.46,230.06,231.98,2492981.0
1730160000,232.11,234.38,231.4601,231.99,3682097.0
1730246400,231.495,234.65,231.275,232.17,3079425.0
1730332800,230.74,233.835,230.29,232.07,2594786.0
1730419200,233.55,234.835,232.3,232.69,2653306.0
1730678400,231.95,233.225,229.44,229.91,2195620.0
1730764800,230.6,233.89,229.5,233.87,1483661.0
1730851200,248.08,251.72,242.35,248.49,5318739.0
1730937600,249.3,249.89,242.2,242.56,2921316.0
1731024000,241.96,244.13,240.81,241.49,2209258.0
1731283200,243.86,245.94,241.84,241.95,3299153.0
1731369600,242.35,242.6399,238.59,238.91,2362867.0
1731456000,239.41,240.93,238.31,240.41,2564021.0
1731542400,240.26,241.085,234.82,235.58,2766157.0
1731628800,234.88,237.825,234.0,235.57,2068472.0
1731888000,235.08,235.46,233.88,234.41,1401392.0
1731974400,233.14,234.09,231.86,233.29,1774322.0
1732060800,233.47,234.32,231.8408,233.56,1158041.0
1732147200,234.07,239.93,233.67,239.02,3490763.0
1732233600,240.0,242.67,239.47,242.39,2664897.0
1732492800,243.46,250.575,243.05,249.32,4224412.0
1732579200,246.76,247.17,242.455,245.63,3305335.0
1732665600,246.04,247.89,244.86,245.23,2040830.0
1732838400,245.09,246.63,244.1,244.66,1484850.0
1733097600,244.03,244.57,240.41,240.78,3100001.0
1733184000,241.73,241.73,235.11,236.99,4196902.0
1733270400,236.7,237.8526,233.61,235.0,3264946.0
1733356800,235.33,235.54,233.57,234.63,2011403.0
1733443200,235.69,236.669,233.37,233.57,2585152.0
1733702400,232.25,234.97,231.69,233.54,3095763.0
1733788800,233.35,239.02,231.79,237.09,3092573.0
1733875200,236.51,238.43,233.31,233.78,2862670.0
1733961600,234.25,234.55,231.89,233.71,2242668.0
1734048000,233.18,237.54,233.18,234.98,2715604.0
1734307200,234.04,235.084,231.57,232.89,2839533.0
1734393600,230.68,232.51,229.329,229.88,3642447.0
1734480000,229.8,231.11,224.41,224.54,3582447.0
1734566400,224.42,226.6,223.06,223.15,2785392.0
1734652800,223.12,227.9133,221.86,226.32,5949367.0
1734912000,225.63,227.5175,224.76,227.13,1939303.0
1734998400,227.73,230.01,226.64,229.75,669028.0
1735171200,228.72,230.8,228.54,230.23,1021695.0
1735257600,228.58,231.73,228.3,229.93,1455878.0
1735516800,228.18,229.63,226.78,227.79,1659696.0
1735603200,228.0,229.5007,226.9462,228.04,1784776.0
1735776000,229.98,230.62,228.33,229.12,3177227.0
1735862400,229.81,232.37,228.85,231.5,1994523.0
1736121600,232.21,232.3,228.91,230.01,2798779.0
1736208000,231.0,232.525,229.77,230.54,2752689.0
1736294400,229.64,232.1,229.01,231.82,2062858.0
1736467200,228.82,230.005,224.74,225.21,2711357.0
1736726400,223.73,227.02,222.5,226.76,2278105.0
1736812800,228.83,229.58,227.63,229.38,1823354.0
1736899200,233.0,233.3,230.44,230.86,1892352.0
1736985600,230.29,235.13,229.57,234.89,2297235.0
1737072000,239.26,239.26,232.2,234.26,3643952.0
1737417600,235.59,237.34,234.99,236.73,2630599.0
1737504000,236.73,237.0,234.16,235.8,2757509.0
1737590400,246.65,249.67,242.06,248.05,5226434.0
1737676800,247.48,250.5,245.71,248.78,4048520.0
1737936000,250.63,256.84,250.0,254.42,4537435.0
1738022400,254.0,256.28,248.805,249.16,3167242.0
1738108800,249.7,252.99,249.055,249.55,3026887.0
1738195200,249.38,251.63,247.07,249.92,2490554.0
1738281600,248.67,252.04,247.66,247.79,2987299.0
1738540800,242.23,246.69,237.065,243.02,3962281.0
1738627200,242.69,245.53,242.34,243.5,2895151.0
1738713600,244.23,245.2282,243.0,244.48,2436915.0
1738800000,245.36,245.735,242.77,243.51,1574551.0
1738886400,243.99,244.12,240.79,242.08,2185539.0
1739145600,243.77,244.5,241.58,244.33,2315031.0
1739232000,244.79,247.99,243.86,247.73,2584900.0
1739318400,243.35,249.225,243.35,248.51,2656900.0
1739404800,249.17,251.84,247.351,250.97,2279805.0
1739491200,251.49,253.2,249.1,249.22,1696372.0
1739836800,250.0,251.78,248.44,251.17,1709307.0
1739923200,249.65,250.26,244.4,247.06,2488562.0
1740009600,246.58,247.73,245.34,247.65,1425405.0
1740096000,246.77,247.74,241.81,245.55,3292611.0
1740355200,245.24,246.0,242.22,242.33,5576935.0
1740441600,242.89,246.86,242.77,245.89,2911640.0
1740528000,245.93,247.96,244.78,245.48,2476987.0
1740614400,244.99,247.3,243.77,245.07,3012423.0
1740700800,244.92,247.11,242.49,246.69,3252614.0
1740960000,248.34,249.7,243.77,245.81,2218002.0
1741046400,243.67,244.02,240.8505,241.52,3037894.0
1741132800,241.82,245.05,241.19,243.61,3051741.0
1741219200,243.3,245.475,241.85,245.27,2311133.0
1741305600,246.09,250.33,244.96,249.31,2835797.0
1741564800,247.62,251.26,246.12,248.29,2420918.0
1741651200,247.45,248.09,237.43,237.78,3358098.0
1741737600,236.69,238.4,234.02,237.49,1927522.0
1741824000,237.15,238.09,233.52,234.29,2399897.0
1741910400,235.64,237.742,234.91,237.53,2116757.0
1742169600,237.46,239.51,235.97,237.86,2138959.0
1742256000,238.48,239.9999,235.53,237.09,2184217.0
1742342400,237.01,238.13,234.895,236.39,2058326.0
1742428800,234.28,235.9369,233.26,234.79,2869475.0
1742515200,233.08,234.25,231.34,233.88,4167749.0
1742774400,236.96,237.83,233.875,235.2,3291175.0
1742860800,235.2,236.54,234.3401,235.79,1849050.0
1742947200,235.86,238.75,235.69,238.03,1710005.0
1743033600,238.33,238.33,234.66,235.97,1913929.0
1743120000,235.61,236.7,232.01,232.15,1917988.0
1743379200,230.56,238.1,230.28,236.24,3478077.0
1743465600,234.66,237.67,233.84,237.17,2367309.0
1743552000,235.14,238.51,234.61,238.46,2024018.0
1743638400,231.35,232.98,223.08,223.97,5754982.0
1743724800,220.0,221.75,212.55,213.26,6784517.0
1743984000,211.11,216.24,204.7901,209.97,5055864.0
1744070400,217.53,217.73,204.66,208.27,5126552.0
1744156800,206.62,224.7,206.375,223.53,5360969.0
1744243200,221.38,221.69,214.2,219.32,5088841.0
1744329600,218.76,220.27,215.1,218.59,2965014.0
1744588800,221.15,223.272,219.2944,222.27,3197705.0
1744675200,222.79,224.31,219.586,220.08,2806966.0
1744761600,219.7,220.535,215.41,216.6,3293598.0
1744848000,217.5,222.24,217.3,220.26,4545781.0
1745193600,218.16,218.98,213.36,216.05,3379656.0
1745280000,218.03,218.62,214.96,216.9,3353333.0
1745366400,221.31,224.58,218.33,219.78,3879639.0
1745452800,208.25,215.83,206.63,215.45,5205201.0
1745539200,214.0,214.755,211.5703,213.29,3454911.0
1745798400,213.06,214.7,210.795,212.61,3053371.0
1745884800,211.29,214.96,211.29,214.54,2886387.0
1745971200,213.47,215.98,210.53,215.66,3139236.0
1746057600,215.5,215.5,212.565,214.08,4458679.0
1746144000,216.82,219.61,215.84,218.29,2926805.0
1746403200,216.8,218.79,216.26,216.53,1895711.0
1746489600,214.76,216.22,213.0,213.2,2265068.0
1746576000,213.74,214.91,212.7,213.85,3277133.0
1746662400,214.91,218.9194,213.87,216.84,3335492.0
1746748800,216.74,217.72,215.12,216.32,2172946.0
1747008000,227.06,231.54,226.52,230.87,4965928.0
1747094400,231.01,231.99,228.04,228.25,3028173.0
1747180800,227.34,228.76,223.14,228.34,3252995.0
1747267200,229.25,231.45,227.6901,230.85,2607602.0
1747353600,231.33,231.97,230.12,231.42,2007094.0
1747612800,229.075,230.07,228.16,229.5,2509846.0
1747699200,228.65,229.89,227.81,228.33,1982870.0
1747785600,225.63,226.89,223.48,223.62,2183570.0
1747872000,223.36,224.35,221.925,222.87,2849038.0
1747958400,220.12,223.01,220.01,222.11,3228308.0
1748304000,223.66,224.96,222.74,224.35,2613266.0
1748390400,225.0,225.45,221.96,222.18,3073335.0
1748476800,222.44,223.585,219.77,222.51,2980624.0
1748563200,220.92,222.57,220.3,221.66,4179598.0
1748822400,218.78,220.0,217.39,218.89,4587007.0
1748908800,217.84,222.37,217.56,221.78,6229422.0
1748995200,221.85,222.17,219.36,220.87,3977099.0
1749081600,220.95,221.76,219.4,220.65,3084620.0
1749168000,222.97,224.16,222.15,223.43,2953422.0
1749427200,223.97,225.26,223.25,224.14,3128604.0
1749513600,224.5,229.2,223.3584,226.6,3122241.0
1749600000,227.02,227.02,224.63,225.72,2655326.0
1749686400,224.57,225.49,223.5108,225.49,1939234.0
1749772800,223.68,225.47,222.77,223.37,1670104.0
1750032000,224.04,226.19,223.77,224.65,2659554.0
1750118400,223.77,224.005,219.6505,220.59,2767982.0
1750204800,220.98,222.135,220.2539,222.01,2414525.0
1750377600,222.61,223.78,221.205,222.51,4274310.0
1750636800,222.43,225.97,221.82,225.88,2665282.0
1750723200,227.55,228.03,225.84,227.91,2777100.0
1750809600,226.91,227.0,225.47,226.81,2005380.0
1750896000,227.42,230.24,226.865,229.39,2960165.0
1750982400,229.07,231.68,229.07,231.41,7430669.0
1751241600,230.94,232.0,229.81,230.08,3578993.0
1751328000,229.62,237.11,229.425,235.57,2687505.0
1751414400,236.26,237.405,234.5081,237.16,1752165.0
1751500800,237.69,239.19,236.28,236.28,1327641.0
1751846400,235.73,237.51,233.83,235.35,2580926.0
1751932800,235.05,238.861,234.31,236.54,2574398.0
1752019200,237.33,238.48,236.2,236.49,2432793.0
1752105600,237.17,240.74,235.59,237.0,2630096.0
1752192000,235.62,236.29,234.07,235.1,3211740.0
1752451200,234.08,234.86,231.4,233.31,1973508.0
1752537600,233.04,234.01,231.04,231.14,2419461.0
1752624000,232.0,232.935,229.701,231.18,2356517.0
1752710400,227.5,230.34,226.75,227.49,5211346.0
1752796800,228.42,228.42,222.34,224.87,5794541.0
1753056000,225.97,227.32,224.9201,225.85,2814103.0
1753142400,226.78,230.53,226.0,229.24,3806436.0
1753228800,229.44,231.16,227.31,231.0,3740138.0
1753315200,226.0,230.66,219.21,220.52,9784422.0
1753401600,223.075,226.28,221.1735,224.74,8254883.0
1753660800,225.22,230.97,224.82,229.24,6858391.0
1753747200,226.39,230.38,219.13,223.77,19090960.0
1753833600,225.85,226.57,222.505,225.28,8361560.0
1753920000,222.48,223.78,220.8,221.97,5547202.0
1754006400,220.55,220.83,218.63,219.4,4637470.0
1754265600,219.87,223.4,219.63,222.06,4181104.0
1754352000,222.73,223.4,221.59,222.97,2430049.0
1754438400,223.87,226.29,222.42,225.46,3135691.0
1754524800,227.17,228.41,222.1,222.66,3113727.0
1754611200,222.88,224.455,222.11,222.24,2345563.0
1754870400,222.7,223.77,218.69,219.65,4419756.0
1754956800,220.31,221.21,218.18,218.8,3224377.0
1755043200,219.44,223.5,218.515,223.18,3096793.0
1755129600,222.17,222.39,219.3,221.52,6245682.0
1755216000,223.27,223.66,220.41,220.78,3739259.0
1755475200,220.695,221.39,218.91,220.08,3188447.0
1755561600,220.92,225.015,220.06,223.77,4899316.0
1755648000,225.0,226.875,224.435,225.68,4521558.0
1755734400,225.48,226.18,223.53,225.3,3435511.0
1755820800,226.69,231.32,222.18,227.85,5317331.0
1756080000,228.23,228.95,221.13,223.32,5993077.0
1756166400,222.56,222.99,220.36,222.74,3757977.0
1756252800,222.5,223.0,220.41,220.95,3465070.0
1756339200,224.27,224.86,220.84,222.35,6299537.0
1756425600,221.4,223.71,221.2,223.57,5012813.0
1756771200,222.21,222.77,219.34,221.99,3955402.0
1756857600,221.42,222.5,218.75,221.76,5881039.0
1756944000,222.66,223.48,220.51,223.06,3601030.0
1757030400,222.17,223.17,218.87,220.31,4001774.0
1757289600,219.32,220.1,216.265,217.26,4131286.0
1757376000,217.475,218.63,215.65,216.05,3111549.0
1757462400,215.0,216.07,210.84,215.19,5004830.0
1757548800,214.77,216.78,214.16,216.04,4126743.0
1757635200,215.18,216.28,213.89,214.91,6207378.0
1757894400,216.01,217.06,214.32,216.25,4484437.0
1757980800,218.44,219.02,215.435,216.0,4426303.0
1758067200,216.31,219.67,216.13,217.17,4797747.0
1758153600,217.475,220.55,216.78,220.36,4349458.0
1758240000,221.66,221.66,219.22,220.61,8632137.0
1758499200,220.645,228.9999,219.25,225.85,8136041.0
1758585600,225.85,229.0,225.445,227.98,5183346.0
1758672000,229.33,232.055,228.39,230.36,5925927.0
1758758400,231.05,232.5,230.4795,232.0,6034414.0
1758844800,232.02,235.5,231.79,235.2,4941083.0
1759104000,235.75,237.355,235.0901,236.18,5097566.0
1759190400,237.0,237.0,234.82,236.37,3797531.0
1759276800,235.92,237.25,234.0,234.74,3950880.0
1759363200,235.44,236.9899,233.52,234.52,3873443.0
1759449600,234.86,237.74,234.52,236.8,3176636.0
1759708800,237.0,238.232,235.5,237.41,3261115.0
1759795200,237.78,238.22,231.26,231.86,3024153.0
1759881600,230.18,233.74,229.22,232.65,3580295.0
1759968000,232.74,233.48,230.12,231.54,2331505.0
1760054400,232.55,233.855,225.22,225.45,2762655.0
1760313600,226.73,227.41,224.82,225.85,2079713.0
1760400000,223.92,227.85,223.33,227.08,2306258.0
1760486400,227.14,228.0,224.59,225.72,2483704.0
1760572800,226.27,227.5,223.22,224.04,2971572.0
1760659200,225.11,228.67,224.82,226.04,3237288.0
1760918400,226.66,229.21,225.8,227.3,2922060.0
1761004800,226.29,228.15,225.42,226.54,2727740.0
1761091200,226.99,228.85,225.21,225.24,3756772.0
1761177600,223.28,225.935,219.1,220.04,5148504.0
1761264000,220.51,221.27,215.995,216.61,4128970.0
1761523200,218.2,218.93,216.4,218.23,4692298.0
1761609600,218.36,220.91,217.56,217.59,2782721.0
1761696000,216.64,218.16,215.53,216.37,3588251.0
1761782400,216.05,220.3,215.702,218.83,2806927.0
1761868800,217.5,220.9878,216.3372,220.37,2586365.0
1762128000,219.94,221.0,218.025,218.82,3552802.0
1762214400,218.61,221.13,217.4562,220.91,2737946.0
1762300800,219.75,221.335,217.28,217.38,2707736.0
1762387200,216.93,218.56,216.32,217.99,3429763.0
1762473600,219.22,221.68,218.2,221.48,3735607.0
1762732800,221.06,224.64,220.74,223.88,4095266.0
1762819200,224.5,224.9,223.44,224.8,2698078.0
1762905600,224.8,227.06,223.51,223.55,1945714.0
1762992000,222.39,223.62,220.945,221.48,2682228.0
1763078400,221.72,224.23,220.415,223.02,2886481.0
1763337600,222.85,223.6899,220.8701,221.0,2921169.0
1763424000,221.71,221.97,219.89,220.82,3863184.0
1763510400,221.31,221.9899,219.97,221.17,3396554.0
1763596800,221.56,223.48,220.45,221.21,3955269.0
1763683200,222.32,227.44,221.6875,226.22,3595691.0
1763942400,226.59,226.59,222.5,224.5,4483214.0
1764028800,225.74,229.45,225.26,229.13,2582683.0
1764115200,229.0,231.83,228.43,230.66,3233823.0
1764288000,230.93,232.46,230.47,231.83,1207599.0
1764547200,231.46,234.12,231.14,231.36,3463225.0
1764633600,231.59,233.81,229.37,232.24,5190202.0
1764720000,232.78,235.86,232.335,235.23,3576635.0
1764806400,235.72,237.72,234.32,237.29,3162598.0
1764892800,235.76,237.07,234.98,235.31,2494724.0
1765152000,234.77,237.36,234.125,235.44,2461772.0
1765238400,234.16,234.77,231.5,231.56,3785263.0
1765324800,232.01,236.77,231.85,235.46,4938431.0
1765411200,233.795,236.2,232.73,236.12,2888670.0
1765497600,235.81,239.99,235.23,239.95,2928033.0
1765756800,240.0,241.17,238.135,240.47,3289268.0
1765843200,241.52,241.52,235.155,235.88,2755761.0
1765929600,235.29,237.94,234.53,236.74,2530164.0
1766016000,236.8,238.01,234.0775,234.42,3053388.0
1766102400,234.42,235.5,232.04,234.23,4721987.0
1766361600,234.74,235.22,232.51,234.61,2096008.0
1766448000,234.68,235.23,233.25,234.15,1980725.0
1766534400,233.82,235.47,233.82,235.05,921917.0
1766707200,234.66,234.94,232.73,233.44,902587.0
1766966400,233.44,234.66,233.09,234.53,1554102.0
1767052800,233.98,234.625,232.92,233.06,1884286.0
1767139200,233.14,233.49,231.17,231.32,1768621.0
1767312000,231.35,232.72,229.64,231.91,2569919.0
1767571200,231.02,234.4394,230.06,231.97,2560787.0
1767657600,231.49,234.28,231.2,233.62,2240449.0
1767744000,233.895,235.25,224.46,224.48,4476651.0
1767830400,224.49,230.97,224.32,229.85,2198264.0
1767916800,230.61,231.46,226.86,228.44,2620951.0
1768176000,226.01,229.69,225.0,229.5,3279404.0
1768262400,230.24,230.7595,227.81,229.29,2249771.0
1768348800,227.33,230.38,225.85,227.14,3015310.0
1768435200,227.78,230.76,227.01,230.51,2426862.0
1768521600,230.03,231.92,228.905,229.49,3863522.0
1768867200,224.63,228.0,219.98,221.69,6026893.0
1768953600,223.47,229.93,223.15,229.39,3477961.0
1769040000,229.47,232.85,229.29,231.37,3785913.0
1769126400,231.92,233.68,229.31,229.65,3189102.0
1769385600,229.85,232.2782,229.39,230.89,4165453.0
1769472000,235.0,236.88,229.17,232.55,5212724.0
1769558400,231.75,234.33,227.63,227.71,4248111.0
1769644800,229.86,233.77,227.9,233.58,3540330.0
1769731200,232.47,235.37,230.645,235.1,3841166.0
1769990400,234.89,235.74,230.725,235.23,5532554.0
1770076800,234.81,242.24,234.0,241.49,4636838.0
1770163200,242.54,251.66,242.54,249.76,5382058.0
1770249600,250.67,252.13,248.51,251.45,4418615.0
1770336000,251.89,253.29,249.84,252.62,4344998.0
1770595200,251.71,254.94,249.07,254.34,3412175.0
1770681600,254.84,261.55,254.09,261.32,4828071.0
1770768000,262.29,263.92,260.81,262.81,4634655.0
1770854400,264.44,265.37,259.65,261.77,5966028.0
1770940800,260.85,263.04,258.16,260.68,3976725.0
1771286400,260.99,264.16,260.493,262.8,3257850.0
1771372800,261.15,265.07,260.57,265.0,3266319.0
1771459200,265.25,265.64,262.11,262.97,3243252.0
1771545600,262.69,267.17,261.5301,266.1,3374923.0
1771804800,266.16,267.81,262.6,263.76,2758920.0
1771891200,263.79,267.2499,263.79,266.66,2385397.0
1771977600,266.85,267.88,261.52,264.25,3540137.0
1772064000,264.95,266.6,263.825,265.45,3821958.0
1772150400,262.79,266.38,261.5401,264.98,3819841.0
1772409600,264.98,268.14,262.325,266.97,2687479.0
1772496000,263.55,265.915,258.575,265.84,3146149.0
1772582400,266.22,266.9811,262.27,266.7,2327653.0
1772668800,265.09,266.89,259.325,260.2,3139565.0
1772755200,259.9,259.9,252.0,254.11,4099149.0
1773014400,251.25,254.6822,247.645,253.61,2863939.0
1773100800,252.57,254.52,249.93,250.21,2319963.0
1773187200,250.21,251.31,246.55,251.11,2228639.0
1773273600,248.26,248.81,243.25,244.1,3028616.0
1773360000,245.66,246.15,240.59,242.44,2785418.0
1773619200,245.17,245.62,241.93,242.21,2218010.0
1773705600,245.21,245.75,240.289,242.32,2465673.0
1773792000,241.58,242.425,236.04,236.57,2974224.0
1773878400,236.22,236.33,231.715,234.18,3514439.0
1773964800,234.4,236.125,233.04,234.92,5047932.0
1774224000,239.27,240.97,237.6,238.37,2434222.0
1774310400,237.04,241.74,235.49,239.67,2481802.0
1774396800,241.54,242.41,238.58,241.33,2800625.0
1774483200,239.35,241.585,238.28,239.19,2225686.0
1774569600,238.62,241.16,238.3,238.79,2675059.0
1774828800,241.65,242.45,238.86,239.23,2770824.0
1774915200,240.785,243.73,238.13,242.62,4177289.0
1775001600,243.13,246.125,242.0,243.12,2444548.0
1775088000,240.48,244.83,240.0,244.71,2327946.0
1775433600,243.43,245.88,242.6,245.54,1451045.0
1775520000,244.93,246.7499,243.33,246.11,2878859.0
1775606400,250.49,252.62,247.02,249.11,3297596.0
1775692800,249.01,252.13,248.1,251.15,2999112.0
1775779200,251.0,252.225,249.27,250.51,2431701.0
1776038400,251.0,251.98,248.67,251.34,1591198.0
1776124800,251.1,252.73,249.06,252.04,2264749.0
1776211200,251.84,252.02,246.985,248.03,2971473.0
1776297600,247.46,251.3,246.88,251.07,2639171.0
1776384000,252.44,256.09,250.98,251.14,4482814.0
1776643200,251.39,253.58,248.82,252.18,2637205.0
1776729600,253.52,253.52,248.5,251.25,3232989.0
1776816000,253.24,254.76,248.905,249.4,3845059.0
1776902400,262.76,271.26,255.0,271.26,8477492.0
1776988800,272.88,274.79,268.4,268.7,3565742.0
1777248000,269.45,270.82,265.76,268.91,2829364.0
1777334400,271.43,271.52,266.92,267.74,2703959.0
1777420800,266.82,267.7985,263.1,264.78,3243855.0
1777507200,264.34,270.227,263.2,269.48,3317031.0
1777593600,269.76,269.76,265.98,266.32,2069249.0
1777852800,265.7,266.81,261.96,263.41,2778129.0
1777939200,264.4,265.0612,261.94,264.01,1768078.0
1778025600,265.44,270.275,265.12,268.23,3020038.0
1778112000,268.15,268.83,264.1,264.89,2032529.0
1778198400,264.13,266.2,262.91,264.65,1788019.0
1778457600,265.63,267.0,263.34,263.35,1609788.0
1778544000,264.45,266.9799,261.0401,265.6,2542386.0
1778630400,265.17,268.59,263.84,264.65,1866740.0
1778716800,265.37,269.43,263.6801,269.34,3946954.0
1778803200,269.0,270.72,267.12,270.56,3314292.0
1779062400,271.0,276.4,269.57,275.13,3197005.0
1779148800,273.5,275.4799,271.17,271.56,2578890.0
1779235200,269.97,274.63,264.69,265.8,3795203.0
1779321600,264.98,268.635,263.92,265.44,2308852.0
1779408000,265.85,268.39,264.44,265.88,2597449.0
1779753600,266.22,272.66,266.15,271.1,3092483.0
1779840000,272.57,279.7,272.57,279.39,4046054.0
1779926400,275.66,276.29,264.835,267.0,6082380.0
1780012800,264.29,269.0099,259.51,262.64,6343147.0
1780272000,260.19,263.79,258.66,263.5,2578709.0
1780358400,263.54,266.239,262.37,264.68,2523492.0
1780444800,263.96,267.22,262.13,262.13,2876309.0
1780531200,267.12,268.83,260.619,263.9,2325403.0
1780617600,264.49,274.13,264.49,272.32,2784119.0
1780876800,271.78,274.0,268.39,268.67,2424428.0
1780963200,269.41,271.5175,267.82,271.28,2848703.0
1781049600,270.48,272.77,266.64,267.03,1914011.0
1781136000,267.55,269.75,264.56,268.28,2908604.0
1781222400,269.97,273.74,267.75,272.7,1927160.0
1781481600,272.39,272.64,267.04,267.32,2552840.0
1781568000,269.49,270.7899,266.2,267.45,2011463.0
1781654400,265.93,266.35,255.49,258.05,3676373.0
1781740800,258.08,263.68,256.115,256.88,3443156.0
1782086400,256.54,262.64,255.2202,259.91,2323262.0
1782172800,261.04,262.87,258.13,258.61,2090001.0
1782259200,260.92,263.29,258.4,259.96,3236851.0
1782345600,262.01,267.98,262.01,267.73,3089385.0
1782432000,269.54,270.775,266.74,268.35,4584197.0
1782691200,268.3,273.5,268.21,272.7,2828208.0
1782777600,273.29,273.34,268.78,272.0,3219941.0
1782864000,270.76,278.8,270.0,277.73,2223536.0
1782950400,279.0,282.8,278.58,282.25,2272621.0
1783296000,282.81,283.99,279.43,282.59,2393417.0
1783382400,284.43,285.79,280.2,283.12,2037105.0
1783468800,284.12,284.12,280.16,280.94,1944891.0
1783555200,282.0,285.43,280.96,285.04,2025716.0
1783641600,285.04,288.9,285.0,286.96,1876188.0
1783900800,289.84,290.41,286.68,289.13,2276868.0
1783987200,291.6,291.66,288.0,288.3,2945750.0
1784073600,288.24,289.1,285.45,288.36,2602343.0
1784160000,290.97,300.06,290.17,299.42,3630788.0
1784246400,300.13,303.15,298.1,301.75,3521885.0
1784505600,300.95,301.99,295.5201,296.25,3295754.0
1784592000,296.86,296.86,291.67,293.13,2868143.0
1784678400,293.5,295.92,290.91,292.56,3381414.0
1784764800,309.9,315.99,302.82,304.33,7447707.0
1784851200,304.49,309.32,302.6401,307.32,3662089.0
1785110400,306.7,306.7,296.98,299.3,3061690.0
1785196800,301.54,303.05,293.94,294.45,4835544.0
1785283200,295.42,295.42,290.5,292.19,3055314.0
1785369600,293.87,293.87,284.79,289.46,3453789.0
1785456000,289.7,293.94,287.91,292.13,3775015.0
1785715200,292.5,293.9699,288.955,291.23,2342874.0
1785801600,289.34,296.83,288.0,296.35,2476783.0
1785888000,295.04,296.52,292.965,295.54,2586624.0
1785974400,296.0,298.15,294.695,295.38,1818465.0
1786060800,292.74,297.1,291.3,293.13,2603166.0
1786320000,292.13,294.64,291.24,292.24,1793023.0
1786406400,291.88,294.5,290.34,292.87,2101489.0
1786492800,292.44,294.455,291.08,293.73,1797735.0
1786579200,295.21,299.39,295.21,297.79,2314596.0
1786665600,298.05,300.6299,293.15,293.68,2267912.0
1786924800,295.35,302.79,295.29,299.9,2077009.0
1787011200,302.26,303.67,298.64,298.74,1800841.0
1787097600,301.83,307.615,300.855,301.8,3224445.0
1787184000,300.75,307.645,300.01,303.97,4107361.0
1787270400,306.26,308.29,303.87,308.05,2684624.0
1787529600,308.5,311.165,305.7093,309.86,2268909.0
1787616000,307.97,311.27,306.81,309.59,2198910.0
1787702400,308.73,314.1499,308.64,310.62,2447809.0
1787788800,307.19,309.74,306.43,307.67,2145420.0
1787875200,308.77,308.9899,306.6701,307.41,1717830.0
1788134400,305.23,306.36,300.01,300.67,3706315.0
1788220800,301.0,302.24,288.67,290.62,3043165.0
1788307200,291.64,291.815,285.685,289.73,1892673.0
1788393600,291.1,291.92,286.235,289.15,2044678.0
1788480000,287.12,292.58,287.12,289.62,1279301.0
1788825600,287.1,291.0669,287.1,288.45,1783311.0
1788912000,286.73,286.75,284.2575,284.74,1908828.0
1788998400,285.19,288.67,283.885,285.78,2507868.0
1789084800,287.77,289.015,282.98,284.4,1595080.0
1789344000,283.95,285.64,282.85,285.08,1251791.0
1789430400,285.31,286.31,282.69,283.99,1762531.0
1789516800,287.08,288.47,280.32,280.92,2644020.0
1789603200,283.75,284.02,278.95,282.48,2167238.0
1789689600,281.25,281.3395,278.7,279.37,4857631.0
1789948800,278.8,279.2,268.26,269.63,5738751.0
1790035200,271.05,274.73,269.45,274.41,3661070.0
1790121600,273.95,277.38,273.91,275.53,1895826.0
1790208000,274.93,276.32,272.415,274.07,2087903.0
