timestamp,open,high,low,close,volume
1474848000,42.69,42.78,42.4,42.47,8526228.0
1474934400,42.32,42.92,42.17,42.9,6747795.0
1475020800,42.79,42.97,42.38,42.81,4482646.0
1475107200,42.66,43.24,42.35,42.48,7683322.0
1475193600,42.7,43.16,42.58,42.89,7613621.0
1475452800,42.69,42.82,42.45,42.66,5421920.0
1475539200,42.74,43.15,42.505,42.85,8364680.0
1475625600,43.06,43.81,43.02,43.65,6858522.0
1475712000,43.75,44.0,43.45,43.89,12170020.0
1475798400,43.89,43.96,43.39,43.7,6560004.0
1476057600,43.92,43.99,43.67,43.8,4797371.0
1476144000,43.79,43.84,43.06,43.29,6334624.0
1476230400,43.36,43.68,43.28,43.4,4025201.0
1476316800,43.01,43.01,42.37,42.88,6508889.0
1476403200,43.32,43.44,42.7201,42.85,5785382.0
1476662400,42.88,43.065,42.52,42.72,6288114.0
1476748800,43.14,43.2,42.83,43.01,6297418.0
1476835200,44.19,44.19,42.85,43.58,10309450.0
1476921600,43.59,44.09,43.52,43.95,8553044.0
1477008000,43.59,43.8895,43.5,43.85,6422391.0
1477267200,44.08,44.15,43.94,44.02,4919544.0
1477353600,43.96,44.17,43.78,43.84,5589554.0
1477440000,43.72,44.37,43.7,44.23,6012469.0
1477526400,44.43,45.14,44.38,44.7,12712940.0
1477612800,44.79,44.905,44.39,44.64,8548423.0
1477872000,44.82,44.9561,44.69,44.76,7262159.0
1477958400,44.88,45.0,44.1,44.46,9440335.0
1478044800,44.24,44.33,43.92,44.0,7785014.0
1478131200,44.01,44.475,43.925,44.05,5525511.0
1478217600,44.15,44.4,43.825,43.93,6283939.0
1478476800,44.66,44.93,44.65,44.92,6900335.0
1478563200,44.78,45.09,44.59,44.98,4513062.0
1478649600,45.45,46.93,45.13,46.67,14953340.0
1478736000,47.05,48.5,46.98,47.61,17485670.0
1478822400,47.57,47.96,47.425,47.9,9661099.0
1479081600,48.07,48.75,47.81,48.73,15227660.0
1479168000,48.26,48.73,48.04,48.7,13446680.0
1479254400,47.59,48.39,47.59,47.87,10894170.0
1479340800,48.1,48.77,47.98,48.68,9369781.0
1479427200,48.74,49.4,48.66,49.23,9090546.0
1479686400,49.32,49.39,49.01,49.28,5184001.0
1479772800,49.27,49.57,48.765,49.03,10580090.0
1479859200,49.3,49.5,49.08,49.35,7054399.0
1480032000,49.36,49.5,49.115,49.42,2631496.0
1480291200,49.14,49.45,48.78,48.9,5870106.0
1480377600,49.12,49.35,49.01,49.1,5726555.0
1480464000,49.57,49.77,49.43,49.62,6887000.0
1480550400,49.81,50.62,49.63,50.39,10564410.0
1480636800,50.35,50.42,49.84,50.0,5864800.0
1480896000,50.41,50.63,50.19,50.36,7209423.0
1480982400,50.53,50.77,50.23,50.73,9259100.0
1481068800,50.74,51.4,50.49,51.36,9558952.0
1481155200,51.56,52.29,51.56,51.9,10423460.0
1481241600,51.9,52.075,51.59,52.04,8612879.0
1481500800,51.89,52.1,51.45,51.58,6112935.0
1481587200,51.73,51.92,51.19,51.7,7243231.0
1481673600,51.31,52.3,51.19,51.73,9356781.0
1481760000,51.97,52.31,51.48,51.98,7601881.0
1481846400,52.23,52.23,51.6145,51.74,11033290.0
1482105600,51.59,51.975,51.38,51.87,5439360.0
1482192000,52.13,52.68,52.06,52.54,6144321.0
1482278400,52.47,52.5,52.17,52.17,3871767.0
1482364800,51.99,52.28,51.965,52.15,5141631.0
1482451200,52.29,52.33,52.07,52.2,3773199.0
1482796800,52.33,52.39,52.2,52.31,3135809.0
1482883200,52.12,52.26,51.78,51.78,8049434.0
1482969600,51.75,51.87,51.035,51.3,4625685.0
1483056000,51.5,51.61,51.21,51.37,5184607.0
1483401600,51.62,52.24,51.11,51.46,7858631.0
1483488000,51.48,51.98,51.41,51.84,6198834.0
1483574400,51.64,51.76,50.79,50.97,6574922.0
1483660800,51.06,51.5,51.06,51.3,5078233.0
1483920000,51.05,51.29,50.8499,51.07,4338489.0
1484006400,51.03,51.575,50.85,51.22,5230624.0
1484092800,51.51,51.8,51.25,51.79,7087975.0
1484179200,51.64,51.69,51.02,51.43,4538837.0
1484265600,51.61,52.14,51.485,51.69,7876355.0
1484611200,51.2,51.21,50.16,50.31,9415106.0
1484697600,50.42,50.67,49.99,50.56,6525278.0
1484784000,50.63,50.98,50.425,50.73,7136237.0
1484870400,50.94,51.645,50.89,51.2,8847103.0
1485129600,51.0,51.385,50.79,50.97,4858769.0
1485216000,51.1,52.0,51.01,51.77,6521635.0
1485302400,52.14,52.635,52.14,52.45,8711794.0
1485388800,52.45,52.98,52.44,52.95,6493665.0
1485475200,52.84,53.14,52.82,52.99,6893325.0
1485734400,52.62,52.9,52.37,52.85,7531458.0
1485820800,52.62,52.94,52.36,52.65,6736826.0
1485907200,53.16,53.635,52.97,53.03,8413794.0
1485993600,52.68,53.22,52.64,53.13,8700602.0
1486080000,53.8,54.0353,53.45,53.66,9088550.0
1486339200,53.37,53.78,53.19,53.4,4904004.0
1486425600,53.63,53.67,53.065,53.2,4749034.0
1486512000,52.89,53.02,52.53,52.89,6397994.0
1486598400,53.06,53.6391,52.92,53.54,5054027.0
1486684800,53.81,53.85,53.49,53.61,3892386.0
1486944000,53.89,54.43,53.89,54.13,5703917.0
1487030400,53.9,54.6,53.84,54.55,7728324.0
1487116800,54.7,55.365,54.52,55.14,8016014.0
1487203200,55.04,55.08,54.55,55.01,6204101.0
1487289600,54.78,54.88,54.495,54.88,6011599.0
1487635200,55.0,55.305,54.925,55.2,5639353.0
1487721600,54.96,55.405,54.89,55.31,4851743.0
1487808000,55.3,55.51,55.06,55.4,7267995.0
1487894400,55.0,55.365,54.85,55.1,7596096.0
1488153600,55.19,55.35,55.0099,55.29,6378775.0
1488240000,55.04,55.19,54.82,55.0,6846584.0
1488326400,55.87,56.61,55.82,56.41,8689715.0
1488412800,56.55,56.56,55.39,55.48,6431239.0
1488499200,55.46,55.71,55.38,55.55,7278253.0
1488758400,55.28,55.45,55.035,55.29,6118701.0
1488844800,55.23,55.4,54.95,55.03,6672816.0
1488931200,55.51,55.81,54.82,54.87,7809634.0
1489017600,55.12,55.28,54.805,54.94,5236239.0
1489104000,55.29,55.33,54.615,54.94,6721890.0
1489363200,54.88,55.21,54.81,54.92,4367922.0
1489449600,54.8,55.05,54.57,55.0,6130471.0
1489536000,55.15,55.6,54.85,54.96,8487234.0
1489622400,55.07,55.37,54.87,55.03,6326172.0
1489708800,55.08,55.12,54.64,54.69,7077717.0
1489968000,54.4,54.85,54.19,54.24,7706017.0
1490054400,54.55,54.55,52.57,52.69,14212580.0
1490140800,52.44,52.89,51.75,52.6,8288081.0
1490227200,52.44,53.17,52.23,52.58,9022948.0
1490313600,52.75,52.98,52.22,52.57,5948785.0
1490572800,51.59,52.41,51.05,52.2,7291044.0
1490659200,52.07,53.17,52.0,52.71,7728015.0
1490745600,52.38,52.45,51.68,51.75,7380659.0
1490832000,51.76,52.39,51.64,52.12,9350080.0
1490918400,51.92,52.07,51.48,51.5,8197151.0
1491177600,51.62,51.62,50.84,51.55,7438824.0
1491264000,51.39,51.57,51.22,51.46,4158470.0
1491350400,51.91,52.04,50.96,51.04,6123021.0
1491436800,51.02,51.51,50.73,51.35,5839805.0
1491523200,51.08,51.36,50.87,51.15,6827545.0
1491782400,51.25,51.435,50.73,50.78,6476112.0
1491868800,50.65,50.985,50.35,50.89,7344341.0
1491955200,50.66,51.08,50.49,50.7,7671478.0
1492041600,50.42,50.89,49.96,49.98,5854971.0
1492387200,50.12,50.6171,49.91,50.54,4930166.0
1492473600,50.21,50.41,49.68,49.8,9697193.0
1492560000,50.13,50.35,49.55,49.69,7260685.0
1492646400,49.79,50.9,49.76,50.68,9535375.0
1492732800,50.55,51.01,50.46,50.51,9044725.0
1492992000,51.7,52.01,51.42,51.56,8060603.0
1493078400,52.13,52.48,51.93,52.13,8934095.0
1493164800,52.0,52.62,52.0,52.12,7652629.0
1493251200,52.22,52.29,51.5,51.92,5826662.0
1493337600,51.81,52.0,51.18,51.28,7707204.0
1493596800,51.55,51.98,51.43,51.7,4660157.0
1493683200,51.7,51.88,51.37,51.57,4366658.0
1493769600,51.43,52.26,51.26,52.21,6143131.0
1493856000,52.56,52.81,52.15,52.31,5628098.0
1493942400,52.28,52.41,51.45,51.77,5373694.0
1494201600,51.74,52.0,51.611,52.0,4759022.0
1494288000,52.03,52.18,51.38,51.58,5722103.0
1494374400,51.5,52.05,51.39,51.97,5275060.0
1494460800,51.75,51.82,51.12,51.64,6574887.0
1494547200,51.37,51.42,50.99,51.41,6285385.0
1494806400,51.5,51.86,51.43,51.77,3955018.0
1494892800,51.92,52.16,51.71,51.96,4389257.0
1494979200,51.13,51.33,50.1,50.46,7009540.0
1495065600,50.41,51.1,50.25,50.74,5939433.0
1495152000,50.86,51.42,50.79,51.1,8102982.0
1495411200,51.27,51.48,50.87,51.44,4713464.0
1495497600,51.42,52.205,51.26,51.96,5054671.0
1495584000,52.03,52.13,51.555,51.79,3512836.0
1495670400,51.96,52.135,51.73,51.77,3825234.0
1495756800,51.61,51.81,51.38,51.44,6721847.0
1496102400,51.21,51.24,50.8,51.1,5922935.0
1496188800,51.21,51.25,50.43,50.89,6914448.0
1496275200,51.16,51.64,50.64,51.53,6171147.0
1496361600,51.1,51.67,50.935,51.3,5580770.0
1496620800,51.37,51.845,51.23,51.33,5388472.0
1496707200,50.95,51.1,50.76,50.88,5475124.0
1496793600,51.09,51.35,50.91,51.14,5235443.0
1496880000,51.15,52.18,51.02,51.78,7309603.0
1496966400,52.1,53.02,52.07,52.89,8252403.0
1497225600,53.03,53.46,52.69,52.85,9071581.0
1497312000,53.03,53.27,52.78,52.94,7560830.0
1497398400,52.54,52.92,51.97,52.84,7387015.0
1497484800,52.58,52.895,52.3,52.38,7117131.0
1497571200,52.55,52.58,52.01,52.27,9778855.0
1497830400,52.47,52.84,52.47,52.57,4749452.0
1497916800,52.36,52.72,52.25,52.34,5058973.0
1498003200,52.54,52.55,51.94,52.0,4502917.0
1498089600,51.84,51.84,51.165,51.3,6361134.0
1498176000,51.41,51.4401,50.575,50.77,8674080.0
1498435200,50.93,51.3,50.77,51.01,5766752.0
1498521600,51.21,51.85,51.08,51.42,5198092.0
1498608000,51.56,52.19,51.56,51.98,5264331.0
1498694400,52.86,52.99,51.625,51.78,10072860.0
1498780800,51.99,52.18,51.79,51.92,6849693.0
1499040000,52.15,52.98,52.11,52.58,3582756.0
1499212800,52.71,52.875,52.33,52.66,5882957.0
1499299200,52.62,52.82,52.15,52.18,5161885.0
1499385600,52.39,52.55,52.105,52.46,4458502.0
1499644800,52.28,52.47,52.085,52.31,3227033.0
1499731200,52.33,52.33,51.7,51.77,6052218.0
1499817600,51.69,52.11,51.56,51.9,4519668.0
1499904000,52.01,52.23,51.83,52.22,6451374.0
1499990400,51.72,52.24,51.4,52.08,5520981.0
1500249600,52.04,52.12,51.72,52.03,4757995.0
1500336000,51.68,51.88,51.47,51.63,5008431.0
1500422400,52.07,52.78,51.78,52.08,6002843.0
1500508800,52.39,52.84,52.27,52.48,8612020.0
1500595200,52.31,52.48,51.88,52.12,6528047.0
1500854400,52.1,52.955,52.03,52.79,7865709.0
1500940800,53.39,53.71,53.14,53.17,7436777.0
1501027200,53.36,53.5,52.295,52.43,6301932.0
1501113600,52.41,52.49,51.92,52.43,6921483.0
1501200000,52.4,52.72,52.16,52.57,5283250.0
1501459200,52.68,53.19,52.68,52.78,5333062.0
1501545600,52.96,53.18,52.55,52.95,9789713.0
1501632000,52.77,53.03,52.63,52.99,3841480.0
1501718400,52.81,52.86,52.53,52.68,3934246.0
1501804800,53.03,53.47,52.765,53.12,5569794.0
1502064000,53.15,53.24,52.88,53.12,3720923.0
1502150400,53.0,53.645,52.9,53.19,3674925.0
1502236800,52.84,53.24,52.77,53.23,3794145.0
1502323200,52.9,53.025,52.35,52.38,5390319.0
1502409600,52.4,52.6,51.87,52.05,4432172.0
1502668800,52.28,52.97,52.28,52.79,4156512.0
1502755200,53.15,53.31,52.8835,52.98,3430685.0
1502841600,53.11,53.21,52.65,52.85,3173389.0
1502928000,52.67,52.78,51.68,51.72,5345019.0
1503014400,51.56,51.95,51.38,51.68,5299712.0
1503273600,51.69,51.86,51.435,51.67,4829062.0
1503360000,51.73,52.06,51.67,51.94,3104775.0
1503446400,51.66,52.07,51.59,51.81,3433984.0
1503532800,52.01,52.11,51.74,51.85,2457386.0
1503619200,52.09,52.41,51.98,52.07,3121068.0
1503878400,52.16,52.29,51.75,51.96,2382691.0
1503964800,51.36,51.63,51.17,51.5,5565203.0
1504051200,51.53,51.79,51.48,51.59,3248955.0
1504137600,51.82,51.87,51.19,51.25,5188362.0
1504224000,51.38,51.95,51.24,51.68,3656465.0
1504569600,51.39,51.44,50.64,50.87,6496181.0
1504656000,51.05,51.215,50.74,50.91,3670263.0
1504742400,50.89,50.99,49.535,49.86,6565393.0
1504828800,49.75,50.36,49.7,49.98,6052039.0
1505088000,50.54,51.055,50.4093,50.88,4649449.0
1505174400,51.14,51.94,51.1,51.57,5042268.0
1505260800,51.38,52.1,51.33,52.04,6748248.0
1505347200,52.01,52.17,51.54,51.64,4444522.0
1505433600,51.49,51.82,51.36,51.81,6092625.0
1505692800,52.0,52.48,51.85,52.38,4373059.0
1505779200,52.4,53.28,52.32,53.16,5464664.0
1505865600,53.23,53.71,52.765,53.52,5409429.0
1505952000,53.6,53.84,53.4,53.74,5830384.0
1506038400,53.48,53.71,53.05,53.67,5557119.0
1506297600,53.5,53.8,53.265,53.61,4481847.0
1506384000,53.61,53.76,53.36,53.6,4481879.0
1506470400,54.16,54.35,53.86,54.15,7514007.0
1506556800,53.7,53.88,53.1044,53.48,7642727.0
1506643200,53.48,54.05,53.26,53.59,7187733.0
1506902400,53.29,53.55,52.92,53.44,8031097.0
1506988800,53.38,53.64,52.92,53.47,6814420.0
1507075200,53.23,53.41,53.095,53.15,6514111.0
1507161600,53.21,54.0,52.95,53.76,5721487.0
1507248000,53.97,54.24,53.67,54.18,4486802.0
1507507200,54.25,54.25,53.74,53.85,2858895.0
1507593600,53.86,54.265,53.82,54.23,3263632.0
1507680000,54.11,54.35,53.76,54.26,4968972.0
1507766400,54.12,54.34,53.89,53.99,4317436.0
1507852800,53.8,54.44,53.565,54.13,6316527.0
1508112000,54.12,54.42,53.99,54.26,5105319.0
1508198400,54.35,54.4,53.75,53.88,5249998.0
1508284800,53.91,53.91,52.335,53.27,10619880.0
1508371200,52.97,53.91,52.97,53.59,6171133.0
1508457600,54.15,54.23,53.82,54.09,7021302.0
1508716800,54.09,54.24,53.91,54.13,4965361.0
1508803200,54.43,54.62,54.015,54.21,6612646.0
1508889600,54.44,54.54,53.73,54.14,5246861.0
1508976000,54.47,54.6499,54.22,54.3,5726497.0
1509062400,54.21,54.46,53.9575,54.44,4862947.0
1509321600,54.22,54.45,54.04,54.26,4237230.0
1509408000,54.12,54.82,54.01,54.38,5688824.0
1509494400,54.58,54.74,54.26,54.48,4642631.0
1509580800,54.37,55.08,54.06,54.88,4791453.0
1509667200,54.6,54.79,54.34,54.65,5211983.0
1509926400,54.54,54.96,54.31,54.85,5501741.0
1510012800,54.8,54.94,53.375,53.45,7538827.0
1510099200,53.34,53.44,52.63,52.68,6221292.0
1510185600,52.41,52.56,51.78,52.11,6002526.0
1510272000,52.22,52.36,51.58,51.61,5501193.0
1510531200,51.44,51.81,51.14,51.68,5843938.0
1510617600,51.38,51.84,51.33,51.83,5472650.0
1510704000,51.41,52.18,51.35,52.01,5382107.0
1510790400,52.18,52.25,51.78,51.81,4026629.0
1510876800,51.58,52.04,51.52,51.88,3297592.0
1511136000,52.03,52.03,51.735,51.93,3273190.0
1511222400,52.15,52.15,51.64,51.89,5194525.0
1511308800,51.87,52.05,51.835,51.91,4513565.0
1511481600,52.0,52.07,51.7,51.83,1466876.0
1511740800,51.9,51.99,51.69,51.72,3727886.0
1511827200,51.76,53.08,51.7,53.02,5572775.0
1511913600,53.38,54.949,53.37,54.76,10938020.0
1512000000,55.08,55.92,54.79,55.15,8645023.0
1512086400,55.23,55.39,53.7,54.9,7243518.0
1512345600,55.77,56.425,55.63,55.63,6462626.0
1512432000,55.63,55.8,54.655,54.82,6004134.0
1512518400,54.74,55.03,54.425,54.59,3821775.0
1512604800,54.35,55.08,54.23,54.9,4404379.0
1512691200,55.1,55.36,54.51,55.36,4365843.0
1512950400,55.25,55.58,55.115,55.27,3884874.0
1513036800,54.65,55.81,54.65,55.5,6037346.0
1513123200,55.44,55.62,54.57,54.6,5046582.0
1513209600,54.81,54.85,54.08,54.15,4467596.0
1513296000,54.56,54.92,54.23,54.5,12402890.0
1513555200,54.94,55.16,54.65,54.78,5325235.0
1513641600,55.09,55.13,54.54,54.56,5964900.0
1513728000,55.06,55.18,54.0695,54.26,5682022.0
1513814400,54.66,54.81,54.255,54.53,3926340.0
1513900800,54.81,54.85,54.15,54.46,3792650.0
1514246400,54.49,54.67,53.83,54.01,2807036.0
1514332800,54.09,54.2264,53.895,54.07,3747547.0
1514419200,53.92,54.01,53.705,53.95,3216036.0
1514505600,54.12,54.15,53.58,53.58,3949804.0
1514851200,54.05,54.34,53.7934,54.03,5367444.0
1514937600,54.0,54.765,53.95,54.56,4946189.0
1515024000,54.69,55.515,54.6,54.98,7573437.0
1515110400,55.43,55.5,54.95,55.32,6835593.0
1515369600,55.17,55.53,55.14,55.4,6808550.0
1515456000,55.55,56.27,55.48,55.78,6380956.0
1515542400,55.99,56.7,55.84,56.2,7114838.0
1515628800,56.48,56.74,56.22,56.68,6146935.0
1515715200,56.96,57.12,56.59,56.98,5339764.0
1516060800,57.54,57.69,56.93,57.17,8784002.0
1516147200,57.04,57.04,55.37,56.34,9313362.0
1516233600,56.52,56.81,56.09,56.15,8785800.0
1516320000,56.49,56.52,56.0,56.46,10342940.0
1516579200,56.54,57.26,56.54,57.26,7646585.0
1516665600,56.86,57.48,56.79,57.18,5246175.0
1516752000,57.31,57.94,57.31,57.75,5316409.0
1516838400,57.94,58.16,57.68,57.98,5672744.0
1516924800,57.96,58.11,57.5,58.11,5930564.0
1517184000,58.04,58.5,57.93,57.99,5985905.0
1517270400,57.64,58.09,57.39,57.4,5065934.0
1517356800,57.31,57.65,57.02,57.14,7890560.0
1517443200,56.93,57.46,56.71,57.46,5334900.0
1517529600,57.24,57.8,56.78,56.9,7009541.0
1517788800,56.37,56.92,54.48,54.62,11465830.0
1517875200,53.45,55.3,53.02,54.62,17651250.0
1517961600,54.5,55.68,54.4,54.8,10988400.0
1518048000,54.79,54.79,52.61,52.65,10753330.0
1518134400,53.32,54.08,51.8716,53.75,12328090.0
1518393600,54.06,54.57,53.52,53.97,7590664.0
1518480000,53.7,54.36,53.58,54.14,5334469.0
1518566400,54.03,55.4,53.8875,55.31,7149851.0
1518652800,55.6,56.04,54.9,55.1,6999574.0
1518739200,54.9,55.9199,54.87,55.61,6223459.0
1519084800,55.5,56.0615,54.74,54.91,5721120.0
1519171200,54.94,55.82,54.8,55.1,6588183.0
1519257600,55.46,55.59,54.165,54.27,6380665.0
1519344000,54.44,55.505,54.41,55.49,5422226.0
1519603200,55.67,55.85,54.83,55.84,5345523.0
1519689600,55.84,56.1,55.01,55.01,5147413.0
1519776000,55.35,55.635,54.35,54.36,4685397.0
1519862400,54.39,54.58,52.96,53.17,8167923.0
1519948800,52.78,53.51,52.3,53.41,5646584.0
1520208000,52.97,54.14,52.78,53.97,5199080.0
1520294400,54.03,54.235,53.48,54.17,4953254.0
1520380800,53.58,53.97,52.97,53.66,5881473.0
1520467200,53.85,54.05,53.41,53.94,5100636.0
1520553600,54.33,55.37,54.17,55.28,6075509.0
1520812800,55.21,55.5066,54.87,55.01,3568018.0
1520899200,55.3,55.4,54.06,54.15,6132848.0
1520985600,54.39,54.49,53.12,53.27,6281047.0
1521072000,53.5,53.57,53.08,53.36,5361529.0
1521158400,53.36,53.99,53.23,53.26,10911310.0
1521417600,53.21,53.3145,52.36,52.8,8288827.0
1521504000,53.05,53.35,52.555,52.6,4444473.0
1521590400,52.79,53.21,52.34,52.55,6873951.0
1521676800,52.04,52.19,50.53,50.65,9117795.0
1521763200,50.7,50.9,49.15,49.25,10451330.0
1522022400,50.23,51.43,49.82,51.29,8995374.0
1522108800,51.35,51.42,49.48,49.86,8615651.0
1522195200,49.69,50.49,49.37,50.07,7710610.0
1522281600,50.21,50.83,49.9,50.5,5399324.0
1522627200,50.45,50.63,49.03,49.68,8661487.0
1522713600,49.83,50.355,49.445,50.27,6682929.0
1522800000,49.51,50.88,49.455,50.68,6786533.0
1522886400,51.13,51.43,50.86,51.08,6900371.0
1522972800,50.54,50.93,49.85,50.28,7800467.0
1523232000,50.52,51.529,50.395,50.59,5626209.0
1523318400,51.11,51.39,50.67,51.08,6248792.0
1523404800,50.65,50.9,50.375,50.55,4327767.0
1523491200,50.96,51.505,50.8,51.24,5480413.0
1523577600,51.83,51.875,50.65,50.95,7668466.0
1523836800,51.34,51.525,51.07,51.41,8190059.0
1523923200,51.72,51.89,50.825,51.02,7812185.0
1524009600,51.06,51.11,49.81,50.0,12918270.0
1524096000,50.0,50.785,49.98,50.7,10649380.0
1524182400,50.84,51.08,50.13,50.43,7927213.0
1524441600,50.48,50.78,50.35,50.54,7893535.0
1524528000,50.66,51.29,50.09,50.42,6945304.0
1524614400,50.35,51.16,50.0,50.79,6903215.0
1524700800,50.69,51.11,50.58,50.78,5577383.0
1524787200,50.66,51.44,50.62,51.25,5172959.0
1525046400,51.42,51.605,50.45,50.45,7719612.0
1525132800,50.25,50.77,49.92,50.72,4410035.0
1525219200,50.54,50.61,49.77,49.86,5781279.0
1525305600,49.75,50.14,49.15,49.98,8468401.0
1525392000,49.64,50.73,49.44,50.34,6072145.0
1525651200,50.51,50.54,50.05,50.36,5562152.0
1525737600,50.33,50.7631,50.07,50.33,5813175.0
1525824000,50.43,51.11,50.325,50.83,4784492.0
1525910400,50.91,51.265,50.565,51.17,5655787.0
1525996800,51.47,51.86,51.28,51.5,5037064.0
1526256000,51.68,51.7,51.045,51.18,4730111.0
1526342400,51.05,51.37,50.95,51.12,6915505.0
1526428800,51.02,51.27,50.77,50.99,5486058.0
1526515200,50.82,51.2,50.61,51.15,4636143.0
1526601600,51.11,51.11,50.47,50.55,4531606.0
1526860800,50.8,51.11,50.69,50.7,4675800.0
1526947200,50.85,51.57,50.75,51.06,6224437.0
1527033600,50.83,51.02,50.315,50.94,5295472.0
1527120000,50.62,50.845,50.25,50.67,5956244.0
1527206400,50.41,50.66,50.35,50.54,4345667.0
1527552000,50.01,50.06,48.49,48.86,11605320.0
1527638400,49.34,49.96,49.065,49.84,9303038.0
1527724800,49.67,50.09,49.25,49.99,13759800.0
1527811200,50.5,51.115,50.5,50.76,10247190.0
1528070400,50.97,51.13,50.7,50.91,4427231.0
1528156800,50.82,51.407,50.61,51.22,7965604.0
1528243200,51.39,51.91,51.17,51.77,7219351.0
1528329600,51.94,52.19,51.56,51.83,6164036.0
1528416000,51.66,52.08,51.59,52.05,4811323.0
1528675200,52.2,52.23,51.42,51.45,5932395.0
1528761600,51.45,51.6936,51.03,51.23,5103007.0
1528848000,51.23,51.7,50.88,51.08,7306148.0
1528934400,51.29,51.355,50.74,50.93,10199010.0
1529020800,50.78,51.42,50.59,51.38,17352600.0
1529280000,50.83,51.375,50.56,51.28,7007387.0
1529366400,50.76,51.8,50.7,51.65,13591960.0
1529452800,52.03,52.07,51.235,51.27,7428698.0
1529539200,51.12,51.2,50.5799,50.99,6476803.0
1529625600,51.36,51.4,50.71,50.76,7303909.0
1529884800,50.63,50.69,50.03,50.58,6728769.0
1529971200,50.53,50.66,49.9,50.2,6649909.0
1530057600,50.02,50.34,49.8,49.83,6949600.0
1530144000,49.64,49.94,49.235,49.62,5785389.0
1530230400,50.16,50.72,49.99,50.02,9521563.0
1530489600,49.62,50.44,49.59,50.41,4703252.0
1530576000,50.44,50.64,49.775,49.97,4506621.0
1530748800,50.27,50.37,49.81,49.93,5327726.0
1530835200,49.83,50.3401,49.77,50.21,4085071.0
1531094400,50.38,51.64,50.3025,51.37,6649724.0
1531180800,51.48,51.5741,51.02,51.35,6409100.0
1531267200,51.13,51.64,50.82,51.26,6185126.0
1531353600,51.72,51.85,51.14,51.36,6453612.0
1531440000,51.05,51.295,50.605,50.91,6975610.0
1531699200,51.05,51.43,51.02,51.3,6914980.0
1531785600,51.4,51.68,51.1773,51.3,9336896.0
1531872000,51.0,51.4,50.47,50.72,11393390.0
1531958400,50.66,51.62,50.655,51.36,12121750.0
1532044800,51.23,51.4195,50.835,51.06,9167076.0
1532304000,51.1,51.895,51.03,51.87,7728449.0
1532390400,51.76,52.2385,51.515,51.65,5434981.0
1532476800,51.54,51.745,51.35,51.62,7668619.0
1532563200,51.9,52.54,51.87,52.36,9396913.0
1532649600,52.36,52.73,52.28,52.6,7240549.0
1532908800,52.62,53.31,52.62,52.98,7098353.0
1532995200,53.03,53.35,52.89,53.01,9379262.0
1533081600,53.31,53.51,52.38,52.61,5685600.0
1533168000,52.23,52.64,52.14,52.55,4415369.0
1533254400,52.46,52.92,52.3853,52.91,5310474.0
1533513600,52.82,53.19,52.7999,52.93,5387727.0
1533600000,53.03,53.39,52.985,53.3,4607169.0
1533686400,53.29,53.785,53.08,53.52,4539722.0
1533772800,53.53,53.7,53.37,53.48,3816559.0
1533859200,52.93,53.32,52.75,53.1,5490724.0
1534118400,52.9,53.09,52.37,52.37,5120902.0
1534204800,52.43,53.21,52.43,53.17,4285098.0
1534291200,52.73,53.01,52.355,52.59,6181996.0
1534377600,52.81,53.38,52.8,53.16,4909608.0
1534464000,53.11,53.395,53.05,53.29,4163437.0
1534723200,53.26,53.85,53.2445,53.82,5174989.0
1534809600,53.91,54.51,53.85,54.19,5206663.0
1534896000,54.08,54.11,53.81,53.94,3238241.0
1534982400,54.05,54.12,53.615,53.8,4203776.0
1535068800,53.89,54.13,53.74,54.01,4568266.0
1535328000,54.13,54.67,54.12,54.46,5936464.0
1535414400,54.5,54.72,54.14,54.2,4184070.0
1535500800,54.22,54.51,54.09,54.33,4475068.0
1535587200,54.22,54.37,53.92,54.04,6298722.0
1535673600,53.87,54.14,53.79,54.11,5155591.0
1536019200,54.21,54.34,53.84,54.24,4367588.0
1536105600,54.19,54.62,54.156,54.33,5325250.0
1536192000,54.35,54.5,54.075,54.33,3678830.0
1536278400,54.61,54.62,53.88,54.19,4938053.0
1536537600,54.29,54.4,54.09,54.13,2995691.0
1536624000,54.05,54.38,53.9375,54.2,3378610.0
1536710400,54.21,54.24,53.49,53.55,5337185.0
1536796800,53.91,54.295,53.73,54.02,6662188.0
1536883200,54.02,54.245,53.97,54.14,5221061.0
1537142400,54.31,54.335,53.97,54.13,4504161.0
1537228800,54.17,54.38,53.97,54.15,4221918.0
1537315200,54.28,55.16,54.23,54.92,6799534.0
1537401600,55.21,55.47,55.1,55.35,5321169.0
1537488000,55.42,55.555,54.895,55.14,12642020.0
1537747200,55.0,55.312,54.34,54.42,5242390.0
1537833600,54.77,54.82,54.18,54.26,5527823.0
1537920000,54.52,54.52,53.52,53.61,5413523.0
1538006400,53.43,53.44,52.83,52.93,5812073.0
1538092800,52.73,52.88,52.48,52.81,8150282.0
1538352000,52.95,53.185,52.625,52.83,4713640.0
1538438400,52.81,53.06,52.435,52.74,5805104.0
1538524800,53.06,53.57,52.79,53.43,7735304.0
1538611200,53.36,54.09,53.36,53.68,5728205.0
1538697600,53.88,54.07,53.29,53.48,5202643.0
1538956800,53.45,54.055,53.375,53.93,5715614.0
1539043200,53.71,54.225,53.4233,53.95,5516712.0
1539129600,54.16,54.655,53.31,53.33,9171904.0
1539216000,53.32,53.32,51.65,51.82,13395550.0
1539302400,52.36,52.43,50.01,50.79,12592020.0
1539561600,50.79,51.09,50.51,50.51,6840275.0
1539648000,50.8,51.06,50.225,50.97,8671283.0
1539734400,50.81,53.055,50.52,52.9,11515860.0
1539820800,53.34,53.41,52.02,52.13,11126340.0
1539907200,51.93,52.755,51.81,52.5,7643156.0
1540166400,52.61,52.65,51.29,51.43,8909418.0
1540252800,50.73,51.77,50.585,51.37,9206397.0
1540339200,51.19,51.3,50.18,50.28,9323201.0
1540425600,50.7,51.78,50.51,51.27,7637620.0
1540512000,50.75,51.21,50.29,50.91,10408850.0
1540771200,51.52,52.49,51.14,51.56,9909430.0
1540857600,51.95,52.41,51.535,52.32,10133730.0
1540944000,52.66,52.88,52.205,52.27,12974280.0
1541030400,52.39,52.63,52.01,52.13,9759441.0
1541116800,52.43,52.77,51.49,52.07,7508635.0
1541376000,52.06,52.84,51.84,52.34,5398966.0
1541462400,52.22,52.66,51.95,52.64,4613584.0
1541548800,52.77,52.93,51.8,52.58,6715915.0
1541635200,52.31,53.25,52.27,52.93,5451176.0
1541721600,52.805,53.43,52.75,53.15,5530106.0
1541980800,53.145,53.44,52.8,52.92,7060085.0
1542067200,52.97,53.97,52.95,53.69,8138051.0
1542153600,53.99,54.54,53.26,54.0,13369740.0
1542240000,53.285,54.785,53.09,54.66,9758867.0
1542326400,54.4,55.21,54.34,54.92,9165927.0
1542585600,54.97,55.305,54.63,55.0,7793090.0
1542672000,54.94,55.35,53.86,54.11,9489791.0
1542758400,54.22,54.56,53.65,53.68,5830497.0
1542931200,53.3,53.96,53.12,53.52,2243279.0
1543190400,54.0,54.615,53.97,54.16,6395132.0
1543276800,53.79,54.03,53.47,53.72,7406621.0
1543363200,54.02,54.34,53.225,54.29,7095155.0
1543449600,54.0,54.32,53.79,54.04,5220475.0
1543536000,54.05,54.88,54.04,54.46,10299290.0
1543795200,54.88,55.04,53.9,54.4,6847366.0
1543881600,54.015,54.3307,52.4075,52.6,9806834.0
1544054400,51.71,52.45,51.1801,52.34,13475140.0
1544140800,52.27,52.87,51.3931,51.76,9561873.0
1544400000,51.7,51.86,50.01,50.58,11037190.0
1544486400,51.03,51.47,49.96,50.12,7734476.0
1544572800,50.62,50.87,49.88,50.13,8371513.0
1544659200,50.23,50.43,48.97,49.19,11919520.0
1544745600,48.69,49.5,48.455,48.75,11037740.0
1545004800,48.51,49.04,47.66,47.94,10070250.0
1545091200,48.23,48.43,46.96,47.26,10016440.0
1545177600,47.17,47.6,45.9,46.22,13711320.0
1545264000,45.9,46.44,45.43,45.77,13548550.0
1545350400,45.47,46.25,44.31,44.61,22628460.0
1545609600,44.0,44.64,43.645,43.76,6830457.0
1545782400,43.92,45.39,43.14,45.39,10812770.0
1545868800,44.84,45.65,44.12,45.65,9200308.0
1545955200,45.48,45.78,45.02,45.21,8372228.0
1546214400,45.34,45.82,45.055,45.7,7388179.0
1546387200,45.22,46.39,45.05,46.35,7147530.0
1546473600,46.2,46.44,45.64,45.7,8035260.0
1546560000,46.44,47.13,46.15,46.83,7413289.0
1546819200,46.66,47.1,46.46,46.61,5888606.0
1546905600,47.01,47.16,46.24,46.91,6603446.0
1546992000,47.02,47.5,46.69,47.41,7730484.0
1547078400,47.31,47.59,46.86,47.31,8049770.0
1547164800,47.1,47.55,46.76,47.44,5196089.0
1547424000,47.15,47.9,46.88,47.79,8142709.0
1547510400,47.61,48.19,47.28,47.97,7172923.0
1547596800,48.26,49.49,48.16,49.11,9834837.0
1547683200,48.97,50.0,48.97,49.75,10649260.0
1547769600,50.11,50.4,49.59,50.22,9455897.0
1548115200,49.95,50.395,49.88,50.14,10604750.0
1548201600,50.26,50.67,49.9901,50.53,7785087.0
1548288000,50.34,51.02,50.29,50.89,5654805.0
1548374400,51.35,51.63,51.07,51.37,6622383.0
1548633600,50.91,51.31,50.815,51.27,5168424.0
1548720000,51.18,51.495,50.86,51.05,5105100.0
1548806400,51.0,51.43,50.81,51.04,5451194.0
1548892800,50.71,51.33,50.5,51.16,9033536.0
1548979200,51.26,51.605,51.01,51.29,4597093.0
1549238400,51.21,51.57,50.985,51.57,3983629.0
1549324800,51.61,51.65,51.05,51.48,4810913.0
1549411200,51.39,51.79,51.22,51.44,4898714.0
1549497600,51.55,52.0,50.54,50.95,10667490.0
1549584000,50.81,51.0,49.94,50.58,8676140.0
1549843200,50.82,50.9,50.39,50.55,4797538.0
1549929600,51.01,51.44,50.925,51.21,7518315.0
1550016000,51.22,51.455,50.88,50.91,5069497.0
1550102400,50.51,50.695,50.12,50.46,5507856.0
1550188800,50.95,51.36,50.76,51.31,7655489.0
1550534400,51.05,51.56,50.845,51.31,7179319.0
1550620800,51.31,51.65,51.05,51.6,7596733.0
1550707200,51.53,51.55,50.92,51.05,6129640.0
1550793600,51.21,51.34,50.95,51.28,4959537.0
1551052800,51.57,52.19,51.52,51.61,6137215.0
1551139200,51.41,51.81,51.14,51.3,4823313.0
1551225600,51.32,51.58,51.17,51.54,3838019.0
1551312000,51.61,51.72,51.44,51.69,5808830.0
1551398400,52.12,52.3916,51.48,51.72,5717443.0
1551657600,51.91,52.315,51.1,51.67,4610853.0
1551744000,51.67,51.71,51.08,51.54,4299758.0
1551830400,51.4,51.62,50.98,51.1,4278345.0
1551916800,51.0,51.06,50.37,50.68,4048534.0
1552003200,50.29,50.91,50.25,50.87,4024528.0
1552262400,51.07,51.49,51.0,51.46,5526626.0
1552348800,51.61,51.63,50.94,51.05,6453856.0
1552435200,51.2,51.705,50.94,51.58,4927763.0
1552521600,51.73,52.0667,51.49,51.71,3595536.0
1552608000,51.94,52.13,51.63,52.07,9057121.0
1552867200,52.26,52.65,52.18,52.45,5491023.0
1552953600,52.78,52.96,51.82,51.93,5602254.0
1553040000,51.85,51.91,50.33,50.37,6540177.0
1553126400,50.02,50.18,49.35,49.66,8145616.0
1553212800,49.28,49.38,48.085,48.28,8290007.0
1553472000,48.4,48.8,47.82,48.1,6274812.0
1553558400,48.31,48.865,48.13,48.51,7669785.0
1553644800,48.35,48.43,47.96,48.13,5721378.0
1553731200,48.01,48.29,47.5699,48.04,5141880.0
1553817600,48.44,48.52,47.87,48.19,8608298.0
1554076800,48.55,49.14,48.3,49.07,9372765.0
1554163200,49.07,49.34,48.81,49.14,7309841.0
1554249600,49.49,49.96,49.24,49.42,5042515.0
1554336000,49.38,50.14,49.33,49.79,4949260.0
1554422400,49.8,50.1,49.385,49.7,5475319.0
1554681600,49.69,49.94,49.64,49.88,4920085.0
1554768000,49.59,49.59,49.11,49.22,4353617.0
1554854400,49.32,49.475,48.915,49.3,5259889.0
1554940800,49.53,49.9799,49.3,49.61,4640060.0
1555027200,50.19,50.76,49.66,50.22,11286890.0
1555286400,50.23,50.29,49.67,49.89,4586480.0
1555372800,49.82,50.375,49.38,50.28,7569876.0
1555459200,49.35,50.88,49.02,50.67,7511134.0
1555545600,50.61,51.48,50.43,51.21,8816250.0
1555891200,51.11,51.7,50.88,51.2,8049581.0
1555977600,51.07,51.8066,50.68,51.69,7153008.0
1556064000,51.48,52.0,51.38,51.68,5561375.0
1556150400,51.35,52.055,51.245,51.84,5039606.0
1556236800,51.91,52.35,51.7,52.34,5008019.0
1556496000,52.45,53.325,52.34,53.0,5581366.0
1556582400,53.13,53.38,52.85,53.32,5929696.0
1556668800,53.27,53.73,52.88,53.11,5558903.0
1556755200,53.21,53.53,52.8,53.18,4589337.0
1556841600,53.29,53.7839,53.2,53.48,4205569.0
1557100800,52.64,53.655,52.5,53.34,4557020.0
1557187200,52.79,53.11,52.295,52.56,6097524.0
1557273600,52.42,52.84,52.1901,52.22,5453195.0
1557360000,51.8,52.19,51.47,52.12,5560111.0
1557446400,51.92,52.3376,51.3,52.17,4759399.0
1557705600,51.46,51.72,50.69,50.81,5612078.0
1557792000,50.84,51.625,50.72,51.05,6210909.0
1557878400,50.54,51.095,50.35,50.79,4070971.0
1557964800,51.07,51.81,51.02,51.5,4460218.0
1558051200,51.1,51.93,51.1,51.56,5278434.0
1558310400,51.49,52.09,51.21,51.72,4572956.0
1558396800,51.88,52.13,51.72,51.9,3368999.0
1558483200,51.74,51.97,51.48,51.85,3540166.0
1558569600,51.55,51.58,50.74,51.17,5142737.0
1558656000,51.46,51.52,51.18,51.33,5636754.0
1559001600,51.2,51.37,50.61,50.67,6431928.0
1559088000,50.5,50.8,50.07,50.6,4865883.0
1559174400,50.62,51.04,49.99,50.4,4689021.0
1559260800,49.87,50.325,49.75,50.2,5678462.0
1559520000,50.06,50.79,49.85,50.73,6045387.0
1559606400,51.46,52.3,51.26,52.21,6856456.0
1559692800,52.24,52.6,51.9,52.51,5021820.0
1559779200,52.61,52.96,52.39,52.77,4327219.0
1559865600,52.58,52.89,52.45,52.67,4139730.0
1560124800,53.0,53.47,52.89,52.9,4866328.0
1560211200,53.26,53.64,52.945,53.18,3820220.0
1560297600,53.14,53.46,52.56,52.69,4153368.0
1560384000,52.77,53.08,52.5,52.69,4313860.0
1560470400,52.65,52.82,51.975,52.62,5665576.0
1560729600,52.62,52.77,51.4,51.51,5060021.0
1560816000,51.56,52.415,51.35,52.19,5293031.0
1560902400,52.38,52.95,52.04,52.12,5663994.0
1560988800,52.36,52.62,51.315,52.16,4533489.0
1561075200,52.18,52.62,52.12,52.26,9004775.0
1561334400,52.2,52.65,51.89,52.3,4681486.0
1561420800,52.22,52.26,51.59,52.04,4671872.0
1561507200,52.21,52.51,51.875,51.98,5012772.0
1561593600,51.85,52.25,51.68,51.98,3738745.0
1561680000,52.39,52.75,52.08,52.4,10087090.0
1561939200,52.93,53.22,52.75,53.01,3894938.0
1562025600,52.88,53.19,52.625,52.93,3175187.0
1562112000,53.07,53.345,52.9,53.25,2102684.0
1562284800,53.55,53.84,53.35,53.68,3195295.0
1562544000,53.33,53.68,52.91,53.1,4123934.0
1562630400,52.79,53.35,52.71,53.34,3676103.0
1562716800,53.42,53.51,52.95,53.18,3817497.0
1562803200,53.29,53.53,53.0986,53.47,6137350.0
1562889600,53.86,53.86,53.39,53.6,4257725.0
1563148800,53.66,53.7,52.9,53.12,4484547.0
1563235200,53.28,53.31,52.95,53.04,5441259.0
1563321600,53.05,54.84,52.81,54.22,8805217.0
1563408000,54.42,55.37,54.3,55.19,7893666.0
1563494400,55.07,55.54,54.97,55.0,7237724.0
1563753600,54.97,55.44,54.83,55.33,5568350.0
1563840000,55.35,56.11,55.33,56.03,7422244.0
1563926400,55.86,56.76,55.86,56.59,7947785.0
1564012800,56.82,56.95,56.4099,56.56,5304371.0
1564099200,56.55,57.48,56.55,57.38,6396291.0
1564358400,57.17,57.665,57.02,57.06,4603203.0
1564444800,56.78,57.29,56.65,57.14,5468014.0
1564531200,57.33,57.81,57.01,57.15,6685056.0
1564617600,56.85,57.19,55.48,55.69,8786802.0
1564704000,55.34,55.68,54.62,55.43,7249435.0
1564963200,54.42,54.5,52.605,53.05,7480388.0
1565049600,53.33,53.61,52.5,53.56,4668326.0
1565136000,52.58,52.775,51.33,52.61,6955696.0
1565222400,53.09,53.24,52.69,52.96,5181361.0
1565308800,52.82,53.14,52.21,52.79,5491220.0
1565568000,52.2,52.63,51.98,52.24,3044997.0
1565654400,52.31,53.22,51.86,52.83,4709097.0
1565740800,51.83,52.22,50.83,50.9,9297656.0
1565827200,51.25,51.66,50.835,51.28,6654022.0
1565913600,51.65,52.46,51.53,52.28,6192349.0
1566172800,53.12,53.21,52.5,52.67,3562956.0
1566259200,52.33,52.49,51.57,51.63,4399147.0
1566345600,52.1,52.21,51.6,51.86,3236603.0
1566432000,52.25,52.44,51.72,52.05,3524730.0
1566518400,51.87,52.29,50.6,50.95,6039995.0
1566777600,51.32,51.34,50.795,51.29,3968926.0
1566864000,51.51,51.61,50.81,51.04,4696460.0
1566950400,50.8,51.785,50.79,51.58,3545561.0
1567036800,52.12,52.55,52.02,52.39,3652446.0
1567123200,52.78,52.98,52.445,52.69,4975590.0
1567468800,52.4,52.41,51.74,52.02,4508919.0
1567555200,52.51,52.6,52.18,52.46,3031210.0
1567641600,53.13,54.065,53.09,53.27,4774484.0
1567728000,53.39,53.775,53.33,53.41,4991870.0
1567987200,53.92,55.06,53.68,54.91,5060800.0
1568073600,55.15,55.86,54.99,55.86,6413954.0
1568160000,55.82,55.97,55.14,55.95,5438098.0
1568246400,55.5,56.0,54.56,55.73,7144194.0
1568332800,56.13,56.45,55.69,56.08,5680789.0
1568592000,55.64,55.91,55.45,55.86,3880452.0
1568678400,55.3,55.93,55.04,55.9,5395341.0
1568764800,55.71,56.16,55.39,55.91,3851247.0
1568851200,56.02,56.23,55.635,55.8,3558566.0
1568937600,55.76,56.04,55.345,55.44,18272010.0
1569196800,55.08,55.7683,55.05,55.68,3552112.0
1569283200,55.96,56.0,55.105,55.33,5281423.0
1569369600,55.58,55.92,55.34,55.74,3834868.0
1569456000,55.72,55.85,55.38,55.57,5115557.0
1569542400,55.53,55.78,55.0747,55.43,4532465.0
1569801600,55.0,55.67,54.96,55.34,4407767.0
1569888000,55.61,55.68,53.705,53.78,5635962.0
1569974400,53.48,53.52,52.57,52.88,5456204.0
1570060800,52.72,53.07,52.08,53.05,4351610.0
1570147200,53.09,54.18,53.0,54.09,3722207.0
1570406400,53.9,54.3,53.83,53.93,3671012.0
1570492800,53.41,53.41,52.2384,52.38,7868520.0
1570579200,52.73,52.85,52.3,52.61,3318148.0
1570665600,52.86,53.435,52.74,53.02,4447468.0
1570752000,54.0,54.12,53.425,53.47,5432163.0
1571011200,53.22,53.54,53.14,53.26,3868467.0
1571097600,53.33,56.874,53.12,53.76,8146949.0
1571184000,54.85,55.46,54.28,54.57,7947631.0
1571270400,54.8,55.17,54.44,54.71,4884434.0
1571356800,54.8,55.2568,54.58,55.07,6217687.0
1571616000,55.71,56.335,55.61,56.19,4797444.0
1571702400,56.1,57.045,56.02,56.65,7136668.0
1571788800,56.5,56.85,56.33,56.58,4713929.0
1571875200,56.56,56.72,56.07,56.31,4943554.0
1571961600,56.25,57.045,56.25,56.74,3877005.0
1572220800,57.02,57.33,56.81,57.02,4661182.0
1572307200,56.9,57.71,56.7438,57.34,4269790.0
1572393600,57.22,57.38,56.99,57.12,4745940.0
1572480000,56.81,57.12,56.355,57.02,4906832.0
1572566400,57.55,57.94,57.38,57.58,5870158.0
1572825600,58.0,58.235,57.91,58.14,6790973.0
1572912000,58.4,58.88,58.25,58.59,5910183.0
1572998400,58.5,58.84,58.32,58.76,4777823.0
1573084800,59.23,59.71,58.98,59.1,5205476.0
1573171200,59.01,59.05,58.55,58.9,3214700.0
1573430400,58.5,58.94,58.39,58.64,1790896.0
1573516800,58.6,58.85,58.38,58.48,3256107.0
1573603200,58.21,58.81,57.93,58.61,4129399.0
1573689600,58.5,58.68,58.18,58.57,3304632.0
1573776000,58.8,59.32,58.68,59.09,5069905.0
1574035200,59.01,59.66,59.01,59.56,4845462.0
1574121600,59.63,59.77,59.135,59.42,4974725.0
1574208000,59.15,59.44,58.73,59.11,4287632.0
1574294400,59.38,59.71,59.08,59.49,5880426.0
1574380800,59.52,60.05,59.5,60.05,6548854.0
1574640000,60.04,60.505,59.66,59.82,8473331.0
1574726400,59.77,60.24,59.7,59.92,7285627.0
1574812800,60.16,60.34,59.97,60.19,4246511.0
1574985600,60.23,60.3,59.92,60.03,3394821.0
1575244800,60.25,60.47,59.675,59.76,5085644.0
1575331200,59.16,59.16,58.64,58.93,9491198.0
1575417600,59.07,59.695,58.96,59.31,5926832.0
1575504000,59.4,59.88,59.17,59.6,4925428.0
1575590400,60.25,60.58,60.11,60.14,5894316.0
1575849600,59.99,60.41,59.91,60.0,4427657.0
1575936000,59.83,60.16,59.71,59.95,5719437.0
1576022400,60.06,60.45,59.19,59.25,8940532.0
1576108800,59.22,60.7,59.2,60.55,7120634.0
1576195200,60.48,60.81,60.04,60.27,5424835.0
1576454400,60.94,61.11,60.54,60.66,6757964.0
1576540800,60.61,60.97,60.475,60.68,7301553.0
1576627200,60.75,60.82,59.61,60.09,12497790.0
1576713600,60.02,60.32,59.87,60.01,8029249.0
1576800000,60.69,60.92,59.72,59.77,14483980.0
1577059200,59.77,59.98,59.46,59.58,4971331.0
1577145600,59.67,59.8,59.52,59.67,2246178.0
1577318400,59.86,60.21,59.6412,60.15,4155052.0
1577404800,60.36,60.36,59.65,59.73,3661802.0
1577664000,59.56,59.69,59.07,59.17,4020141.0
1577750400,59.1,59.39,58.87,59.29,4731983.0
1577923200,59.47,59.48,59.01,59.2,4504244.0
1578009600,58.5,58.81,58.02,58.51,5161813.0
1578268800,57.07,57.79,56.82,57.71,6869161.0
1578355200,57.53,57.69,57.14,57.16,4008009.0
1578441600,57.2,57.51,57.025,57.04,5627463.0
1578528000,57.35,57.56,56.86,57.06,5775679.0
1578614400,57.1,57.15,56.58,56.67,5284986.0
1578873600,56.52,56.7769,56.19,56.71,6235835.0
1578960000,56.69,57.2,56.47,56.59,6866644.0
1579046400,55.47,55.82,54.49,54.97,10158640.0
1579132800,54.75,55.27,54.4,55.19,12176120.0
1579219200,55.32,55.49,55.11,55.35,9546374.0
1579564800,54.89,54.99,54.36,54.42,9490582.0
1579651200,54.55,55.02,54.45,54.94,6804876.0
1579737600,54.79,55.01,54.35,54.88,7107833.0
1579824000,54.86,54.86,53.5,53.84,6179476.0
1580083200,53.0,53.7099,52.87,53.54,6296191.0
1580169600,53.84,54.4,53.665,53.86,5965248.0
1580256000,53.98,54.36,53.53,53.6,5026620.0
1580342400,53.19,54.32,53.18,54.25,6190795.0
1580428800,53.76,53.9099,53.05,53.22,6355120.0
1580688000,53.57,54.25,53.55,53.69,6336937.0
1580774400,54.38,54.84,54.19,54.22,5512227.0
1580860800,55.0,55.3858,54.81,55.2,6071561.0
1580947200,55.52,55.6,54.725,54.8,4608849.0
1581033600,54.64,54.74,54.3,54.62,3626662.0
1581292800,54.44,54.64,54.095,54.64,5602661.0
1581379200,54.71,55.31,54.7,54.93,5309416.0
1581465600,55.26,55.69,54.785,54.81,4112596.0
1581552000,54.66,55.365,54.48,55.18,4928082.0
1581638400,55.21,55.33,54.84,55.11,4351459.0
1581984000,54.88,55.1,53.795,54.42,5591757.0
1582070400,54.7,54.88,54.61,54.75,4219792.0
1582156800,54.57,55.23,54.52,54.8,4906182.0
1582243200,54.52,54.69,54.045,54.55,5666030.0
1582502400,53.05,53.6,52.95,53.08,7773758.0
1582588800,53.03,53.33,50.55,50.72,10564590.0
1582675200,51.19,51.45,49.65,49.66,12018530.0
1582761600,48.7,49.58,47.51,47.52,13413940.0
1582848000,46.01,46.71,44.91,46.44,24633450.0
1583107200,46.48,48.16,45.51,48.16,12673930.0
1583193600,47.98,49.04,45.6806,46.1,13197700.0
1583280000,46.57,46.8,45.315,46.66,12095640.0
1583366400,45.3,45.3,43.125,43.78,12815770.0
1583452800,41.68,42.73,41.405,42.45,14127560.0
1583712000,38.02,39.05,35.88,36.32,17812040.0
1583798400,38.44,38.93,36.15,38.64,16815710.0
1583884800,37.0,37.65,35.525,36.21,18948660.0
1583971200,33.63,34.4,31.02,31.61,20621120.0
1584057600,34.62,37.15,32.9577,37.1,20211430.0
1584316800,30.05,35.5,30.0,32.57,14279970.0
1584403200,33.37,34.31,31.24,33.72,16232180.0
1584489600,31.39,33.96,30.91,33.0,18092910.0
1584576000,32.33,33.93,31.074,33.21,16042750.0
1584662400,33.88,33.93,31.05,32.57,20375940.0
1584921600,31.76,32.25,28.59,28.93,13417600.0
1585008000,30.88,31.5,29.76,31.2,14752160.0
1585094400,31.4,33.7375,29.99,32.03,17018580.0
1585180800,32.38,36.72,32.225,36.18,16021910.0
1585267200,34.46,37.185,34.17,35.77,11470320.0
1585526400,35.0,36.1,34.01,35.87,9825788.0
1585612800,35.44,36.365,33.915,34.45,11035580.0
1585699200,32.53,33.0,31.26,31.93,11203910.0
1585785600,31.6,33.08,31.45,32.67,8497625.0
1585872000,32.42,32.88,30.78,31.19,7148844.0
1586131200,33.17,34.71,33.0,34.37,9205035.0
1586217600,36.72,36.89,34.34,34.45,8122460.0
1586304000,34.96,35.9,34.375,35.65,7236923.0
1586390400,36.71,38.78,36.43,38.05,10117180.0
1586736000,38.0,38.09,36.33,36.79,7678305.0
1586822400,37.69,37.69,35.25,35.8,7781834.0
1586908800,35.13,35.5,32.81,33.33,11726420.0
1586995200,33.02,33.64,31.4,31.78,10664610.0
1587081600,33.08,35.29,33.08,35.06,10757190.0
1587340800,34.0,35.23,33.44,34.25,10341990.0
1587427200,33.0,33.56,32.4,32.73,11434490.0
1587513600,33.51,33.785,32.93,33.25,7242685.0
1587600000,33.61,34.42,33.19,33.37,7311808.0
1587686400,33.67,34.3,32.87,34.0,7683645.0
1587945600,34.41,36.16,34.25,35.88,8307192.0
1588032000,37.24,37.98,36.57,36.65,6988969.0
1588118400,37.99,38.935,37.17,38.46,7844248.0
1588204800,37.39,37.45,36.19,36.5,7796358.0
1588291200,35.71,35.82,34.65,34.94,6554254.0
1588550400,34.33,34.7,33.83,34.47,5988308.0
1588636800,34.96,35.24,33.45,33.54,7305153.0
1588723200,33.85,34.1,33.025,33.21,9640572.0
1588809600,33.71,34.97,33.69,34.2,6983781.0
1588896000,35.0,35.42,34.41,34.75,5617772.0
1589155200,34.06,34.16,33.03,33.35,7158282.0
1589241600,33.53,33.53,31.61,31.65,11626280.0
1589328000,31.4,31.47,29.052,29.45,15304750.0
1589414400,28.86,31.27,28.36,31.17,14770860.0
1589500800,30.79,31.13,30.12,30.68,12087750.0
1589760000,32.12,33.175,31.835,32.96,9197845.0
1589846400,32.57,32.85,31.81,31.99,7533627.0
1589932800,32.6,33.26,32.57,33.06,10122520.0
1590019200,32.85,33.35,32.73,32.92,5890491.0
1590105600,32.9,33.01,32.21,32.93,5534359.0
1590451200,34.49,36.28,34.42,35.83,11156620.0
1590537600,37.99,38.65,36.7,37.62,9938906.0
1590624000,38.09,38.16,36.39,36.51,9031110.0
1590710400,35.86,36.49,35.42,35.56,18242480.0
1590969600,35.79,37.045,35.61,36.69,6594784.0
1591056000,37.3,37.515,36.335,36.62,6596544.0
1591142400,37.65,38.87,37.53,38.68,9656059.0
1591228800,38.68,40.09,38.05,40.07,9142455.0
1591315200,43.5,44.255,41.7403,42.37,12586810.0
1591574400,42.95,43.94,42.42,43.51,10445820.0
1591660800,41.88,42.55,41.34,42.1,7580427.0
1591747200,41.55,41.76,39.18,39.32,11590230.0
1591833600,36.65,37.69,36.06,36.14,16095910.0
1591920000,38.16,38.27,36.585,37.51,9329307.0
1592179200,35.83,39.02,35.66,38.78,11285830.0
1592265600,40.42,40.5,38.38,39.34,9411467.0
1592352000,39.4,39.62,38.45,38.51,7153447.0
1592438400,38.05,39.29,37.89,38.57,5425900.0
1592524800,39.36,39.36,37.9,38.87,42477180.0
1592784000,38.46,38.71,37.885,38.22,8321232.0
1592870400,38.9,39.45,38.34,38.6,6545885.0
1592956800,38.08,38.135,36.66,36.87,7351259.0
1593043200,36.71,38.17,36.56,38.05,6023360.0
1593129600,37.01,37.25,35.95,36.06,13960080.0
1593388800,36.23,36.83,35.87,36.35,5352141.0
1593475200,35.92,37.11,35.8,36.82,7709392.0
1593561600,36.92,37.13,35.8,35.98,6902394.0
1593648000,36.99,37.22,35.7775,35.89,5768187.0
1593993600,36.73,37.65,36.4,36.83,6069651.0
1594080000,36.33,36.36,35.465,35.58,6683791.0
1594166400,35.53,35.93,34.885,35.51,5969923.0
1594252800,35.31,35.53,34.01,34.22,6103657.0
1594339200,34.42,36.49,34.25,36.44,8974925.0
1594598400,36.75,37.27,35.85,36.83,6708025.0
1594684800,36.54,37.08,35.7401,36.29,7961472.0
1594771200,38.17,38.36,37.11,37.64,7798580.0
1594857600,37.17,38.47,37.02,37.56,6105564.0
1594944000,37.52,37.57,36.01,36.03,9155839.0
1595203200,35.84,36.125,35.49,35.57,7234117.0
1595289600,35.82,36.97,35.77,36.6,9232169.0
1595376000,36.41,36.78,36.02,36.26,6305860.0
1595462400,36.09,36.905,36.0,36.77,5988336.0
1595548800,36.91,37.4799,36.78,36.92,7385792.0
1595808000,36.6,36.62,35.59,36.16,6452291.0
1595894400,35.99,36.51,35.92,36.32,7658925.0
1595980800,36.27,37.83,36.01,37.71,6527713.0
1596067200,36.66,37.04,36.02,36.91,6202331.0
1596153600,36.65,36.87,36.0826,36.84,7707372.0
1596412800,36.79,37.09,36.37,36.8,4683668.0
1596499200,36.63,36.75,36.155,36.23,4098944.0
1596585600,36.5,36.95,36.48,36.86,4588608.0
1596672000,36.64,37.15,36.54,36.79,3227174.0
1596758400,36.36,37.47,36.1,37.46,7818928.0
1597017600,37.73,37.99,37.24,37.47,7739729.0
1597104000,38.44,39.345,38.06,38.27,7526971.0
1597190400,39.11,39.16,37.395,37.81,4865092.0
1597276800,37.45,37.8,37.07,37.37,4084767.0
1597363200,37.01,37.96,36.86,37.78,3971953.0
1597622400,37.57,37.62,36.845,36.93,5522686.0
1597708800,36.9,37.03,36.27,36.33,4335488.0
1597795200,36.34,36.9,36.04,36.16,4218660.0
1597881600,35.74,35.94,35.35,35.61,4373523.0
1597968000,35.6,35.726,35.03,35.21,5999992.0
1598227200,35.4,36.76,35.325,36.75,5276270.0
1598313600,37.12,37.405,36.4,36.61,4890760.0
1598400000,36.47,36.68,36.19,36.22,4649005.0
1598486400,36.22,37.28,36.19,36.94,5601040.0
1598572800,37.35,37.35,36.67,37.2,4666612.0
1598832000,36.97,37.06,36.24,36.4,6037318.0
1598918400,36.16,36.8967,35.95,36.69,5984403.0
1599004800,36.64,37.77,36.51,37.61,8346377.0
1599091200,37.97,38.94,37.27,37.46,9892636.0
1599177600,38.32,38.75,37.54,38.31,8407141.0
1599523200,37.61,37.95,36.43,36.72,9781708.0
1599609600,37.01,37.08,36.432,36.53,5718943.0
1599696000,36.74,37.18,35.74,35.78,7381976.0
1599782400,35.8,36.75,35.65,36.68,6330342.0
1600041600,37.02,38.24,36.93,37.87,5797340.0
1600128000,37.89,38.08,37.11,37.32,7353460.0
1600214400,37.32,38.72,37.17,38.16,5697366.0
1600300800,37.68,38.15,37.45,37.89,6422635.0
1600387200,37.55,38.045,37.39,37.62,7800060.0
1600646400,36.68,37.179,35.62,36.16,8109093.0
1600732800,36.26,36.4,35.32,35.59,7230540.0
1600819200,35.81,36.23,34.49,34.5,6665786.0
1600905600,34.68,35.32,34.17,34.73,6961608.0
1600992000,34.4,35.225,34.21,35.16,4565813.0
1601251200,35.88,36.4645,35.67,36.1,5622980.0
1601337600,35.5,35.58,34.72,35.3,5202791.0
1601424000,35.45,36.17,35.34,35.85,9457479.0
1601510400,36.03,36.09,35.4392,36.0,4618108.0
1601596800,35.37,36.95,35.25,36.77,5406160.0
1601856000,37.32,37.915,37.11,37.73,5471888.0
1601942400,38.15,38.795,37.27,37.42,6061122.0
1602028800,38.05,39.06,37.99,38.79,7673027.0
1602115200,39.0,39.66,38.79,39.5,6988379.0
1602201600,39.7,39.76,38.58,39.17,6504718.0
1602460800,39.03,39.97,38.79,39.75,7249502.0
1602547200,39.5,39.69,38.32,38.42,6460027.0
1602633600,38.44,39.51,38.22,38.25,7761923.0
1602720000,38.2,39.35,38.06,39.14,6010781.0
1602806400,39.25,39.695,38.625,39.14,5679047.0
1603065600,39.35,39.7,38.86,38.97,6117212.0
1603152000,39.31,39.83,39.15,39.21,5666337.0
1603238400,39.01,39.36,38.78,38.82,4911853.0
1603324800,38.77,40.55,38.77,40.48,6366090.0
1603411200,40.88,41.03,40.07,40.66,5760719.0
1603670400,40.18,40.27,39.38,39.96,6300088.0
1603756800,39.63,39.73,38.39,38.41,6944263.0
1603843200,37.68,38.0283,37.18,37.3,8437824.0
1603929600,37.14,38.33,36.57,38.07,6634561.0
1604016000,37.99,38.96,37.76,38.95,6210539.0
1604275200,39.45,40.12,38.77,39.74,5915733.0
1604361600,40.54,41.09,40.4,40.82,6210427.0
1604448000,39.68,40.28,38.465,39.0,7494660.0
1604534400,38.96,40.65,38.96,40.46,5535927.0
1604620800,40.82,40.93,38.903,39.17,6210337.0
1604880000,42.97,44.99,42.49,44.16,16088530.0
1604966400,44.49,44.49,43.225,44.14,8062444.0
1605052800,44.03,44.15,42.81,43.75,7680522.0
1605139200,42.96,43.195,42.13,42.81,8024988.0
1605225600,43.25,43.59,43.02,43.31,5968933.0
1605484800,44.66,45.04,43.795,44.28,7642145.0
1605571200,43.59,44.335,43.24,44.03,7384540.0
1605657600,44.27,44.76,43.22,43.26,7324809.0
1605744000,42.98,43.305,42.34,43.24,7476325.0
1605830400,43.05,43.17,42.415,42.66,5242592.0
1606089600,43.27,43.37,42.82,43.09,5943917.0
1606176000,44.04,45.43,43.9175,45.4,8720631.0
1606262400,44.9,44.9,44.37,44.68,5407766.0
1606435200,44.7,44.74,44.05,44.21,2871804.0
1606694400,44.29,44.58,43.07,43.21,14916410.0
1606780800,44.31,44.56,44.005,44.25,6850729.0
1606867200,44.19,44.83,43.96,44.68,5822747.0
1606953600,44.76,45.35,44.44,44.97,6191968.0
1607040000,45.39,45.63,45.04,45.37,6634859.0
1607299200,44.87,45.035,44.39,44.8,7054543.0
1607385600,44.25,45.02,44.15,44.98,5289499.0
1607472000,45.38,46.15,45.24,45.85,9415185.0
1607558400,45.54,46.265,45.3509,46.12,7318317.0
1607644800,45.57,45.965,45.315,45.84,5266856.0
1607904000,46.5,46.74,44.7,44.81,5518057.0
1607990400,45.13,45.27,44.495,45.19,5789136.0
1608076800,45.24,45.485,45.0,45.35,5711646.0
1608163200,45.54,45.54,44.8,45.28,6017971.0
1608249600,45.19,45.39,44.47,44.86,14374990.0
1608508800,45.08,45.5,44.21,45.33,10715670.0
1608595200,45.6,46.02,45.24,45.59,8471872.0
1608681600,45.96,46.96,45.84,46.73,6693032.0
1608768000,46.68,46.73,46.015,46.49,1980912.0
1609113600,46.86,47.25,46.54,46.66,4330958.0
1609200000,46.82,46.85,46.09,46.13,4083504.0
1609286400,45.89,46.28,45.82,46.15,3157411.0
1609372800,46.13,46.66,45.88,46.59,3778586.0
1609718400,46.69,46.9,45.6,46.12,6738775.0
1609804800,46.11,46.61,45.56,46.27,5334713.0
1609891200,47.53,49.63,47.03,49.01,12378450.0
1609977600,49.65,50.93,49.56,49.99,7778564.0
1610064000,50.04,50.23,48.81,49.32,6574477.0
1610323200,48.79,49.45,48.51,49.34,5631703.0
1610409600,49.84,50.1,49.46,49.65,5901906.0
1610496000,49.4,49.88,49.15,49.51,5536314.0
1610582400,49.61,49.79,49.27,49.28,6949715.0
1610668800,48.52,48.81,48.02,48.4,8547265.0
1611014400,48.36,48.67,48.03,48.07,12398040.0
1611100800,47.0,47.45,45.19,45.58,12256230.0
1611187200,45.69,46.075,45.19,45.67,12366270.0
1611273600,45.36,46.195,45.29,45.86,9036889.0
1611532800,45.56,46.05,44.91,45.76,9576913.0
1611619200,46.15,46.19,45.18,45.19,7909246.0
1611705600,44.6,44.75,42.73,42.81,11801770.0
1611792000,43.65,44.1,42.73,43.77,8597199.0
1611878400,43.72,43.995,42.815,42.85,7339522.0
1612137600,43.27,43.34,42.47,42.75,6666943.0
1612224000,43.29,44.52,43.29,44.25,6487374.0
1612310400,44.01,44.84,43.99,44.73,5850315.0
1612396800,44.98,46.345,44.74,46.31,6633806.0
1612483200,46.85,46.8913,46.13,46.35,4146816.0
1612742400,46.46,47.44,46.435,47.4,5986178.0
1612828800,47.24,47.85,46.96,47.61,4940398.0
1612915200,47.88,47.91,47.305,47.35,5625528.0
1613001600,47.26,47.62,46.85,47.25,4413290.0
1613088000,47.12,48.175,47.07,47.64,4141569.0
1613433600,48.28,48.9599,48.01,48.65,5603647.0
1613520000,48.49,49.39,48.15,49.3,6929243.0
1613606400,48.88,49.5,48.35,49.06,7617538.0
1613692800,49.33,50.17,49.27,50.02,5374391.0
1613952000,49.8,51.13,49.8,50.94,7017941.0
1614038400,51.84,52.6964,51.25,51.61,9904177.0
1614124800,51.67,53.035,51.54,52.81,6814416.0
1614211200,53.5,53.54,51.58,51.63,6254757.0
1614297600,51.29,51.33,49.85,50.0,9499638.0
1614556800,51.02,51.545,50.88,51.16,8921854.0
1614643200,51.19,51.405,50.595,50.65,7360858.0
1614729600,50.91,52.18,50.71,51.16,7443060.0
1614816000,51.1,51.53,50.04,51.02,10901430.0
1614902400,51.74,52.685,50.4,52.47,10621010.0
1615161600,53.0,54.39,52.53,54.05,9847595.0
1615248000,52.87,53.84,52.465,52.9,8899106.0
1615334400,53.08,54.17,52.87,53.78,8455095.0
1615420800,53.34,54.05,52.9,53.35,6141401.0
1615507200,54.19,54.72,53.995,54.64,5415501.0
1615766400,54.64,54.75,53.31,53.98,6228113.0
1615852800,53.58,53.85,52.8,53.84,9928264.0
1615939200,54.31,54.69,53.71,54.49,7768991.0
1616025600,55.0,57.02,54.93,56.27,11183160.0
1616112000,55.8,55.95,54.85,55.21,28076670.0
1616371200,55.0,55.0,53.835,54.24,6976734.0
1616457600,53.68,54.545,53.14,53.58,10640120.0
1616544000,53.87,54.615,53.47,53.47,6880723.0
1616630400,53.48,54.93,53.3299,54.89,8728226.0
1616716800,55.53,56.3,55.31,56.21,9628352.0
1616976000,55.56,56.1,54.79,55.6,11780210.0
1617062400,55.66,56.16,55.27,55.87,6623975.0
1617148800,55.57,56.05,55.29,55.31,6752673.0
1617235200,55.13,55.84,54.92,55.83,6219486.0
1617580800,56.44,56.745,56.14,56.37,4769160.0
1617667200,56.09,56.405,55.72,56.23,4513323.0
1617753600,56.5,56.87,56.25,56.81,5068891.0
1617840000,56.62,57.055,55.93,56.78,6361428.0
1617926400,57.33,57.45,56.755,57.29,5990377.0
1618185600,57.6,57.8,57.31,57.68,5185604.0
1618272000,57.22,57.3,56.58,56.63,6099314.0
1618358400,56.52,57.83,56.24,57.58,6508856.0
1618444800,56.84,57.19,54.53,56.33,13346380.0
1618531200,56.91,58.455,56.55,57.86,7934314.0
1618790400,57.81,58.2,57.53,57.72,6586643.0
1618876800,57.05,57.27,56.155,56.22,10680120.0
1618963200,55.9,57.09,55.43,56.99,6051483.0
1619049600,56.6,56.895,56.16,56.16,6050393.0
1619136000,56.21,57.66,56.08,57.23,6229597.0
1619395200,57.55,58.27,57.38,57.79,5588653.0
1619481600,58.19,58.39,57.83,58.32,5627514.0
1619568000,58.5,59.19,58.47,58.97,5282011.0
1619654400,59.39,60.13,59.28,60.03,6111924.0
1619740800,59.56,59.87,59.08,59.35,6581829.0
1620000000,59.63,60.035,59.23,59.29,4870429.0
1620086400,59.0,60.655,58.82,60.6,7908050.0
1620172800,60.58,60.98,59.93,60.39,5151819.0
1620259200,60.75,61.48,60.35,61.44,5512934.0
1620345600,60.33,61.405,60.18,61.37,6158783.0
1620604800,61.8,62.27,61.1,61.17,7013490.0
1620691200,60.79,61.57,60.045,60.15,6943574.0
1620777600,61.05,61.29,59.455,59.56,9206806.0
1620864000,59.36,61.6,59.31,61.1,5329749.0
1620950400,61.35,62.09,61.26,61.91,4087727.0
1621209600,61.56,62.42,61.46,62.21,4150875.0
1621296000,62.18,62.47,60.81,60.85,5831153.0
1621382400,60.2,60.305,59.13,60.07,8055165.0
1621468800,59.98,60.1799,59.11,59.63,6338801.0
1621555200,59.8,60.82,59.645,60.37,5347841.0
1621814400,60.58,60.685,60.14,60.42,3504610.0
1621900800,60.53,61.095,59.555,59.65,5028534.0
1621987200,59.75,59.845,58.9,59.73,7436145.0
1622073600,60.51,61.25,60.27,60.74,12452990.0
1622160000,60.77,60.96,60.24,60.78,6126975.0
1622505600,61.51,61.76,60.735,60.99,4967013.0
1622592000,60.99,61.31,60.46,60.67,5573448.0
1622678400,60.49,61.275,60.3,60.64,4631461.0
1622764800,60.69,60.78,60.12,60.77,4581599.0
1623024000,60.93,60.95,60.43,60.54,4520809.0
1623110400,60.21,60.58,59.49,60.29,5617496.0
1623196800,59.79,59.86,59.2,59.25,6549801.0
1623283200,60.12,60.23,58.6,58.61,4873996.0
1623369600,58.78,59.225,58.58,59.14,5659339.0
1623628800,58.96,59.12,57.765,58.16,5035386.0
1623715200,58.13,58.79,57.935,58.51,5807947.0
1623801600,58.09,58.91,57.34,58.44,8635304.0
1623888000,58.89,58.96,55.525,55.72,8333067.0
1623974400,54.77,55.23,54.06,54.74,19017380.0
1624233600,55.06,56.12,55.06,55.98,5680752.0
1624320000,56.24,56.25,55.35,55.94,4183308.0
1624406400,56.02,56.52,55.77,56.14,5656228.0
1624492800,56.29,57.14,56.0073,56.88,5762088.0
1624579200,57.33,57.97,56.815,57.85,4931080.0
1624838400,57.66,57.77,56.96,57.54,5143351.0
1624924800,57.18,57.79,56.45,56.66,6974234.0
1625011200,56.63,57.215,56.48,56.97,4664149.0
1625097600,57.35,57.595,56.995,57.58,3660627.0
1625184000,57.61,57.74,57.18,57.57,3520860.0
1625529600,57.1,57.33,55.625,56.01,5008737.0
1625616000,55.67,56.48,55.46,55.99,5125926.0
1625702400,55.12,55.64,54.67,55.04,5977663.0
1625788800,56.08,57.04,55.85,56.97,4437313.0
1626048000,56.46,57.75,56.0,57.58,5403136.0
1626134400,57.4,57.59,56.54,56.92,4387590.0
1626220800,57.0,57.425,56.23,56.99,6398054.0
1626307200,56.63,59.73,56.37,58.82,10314840.0
1626393600,58.95,59.02,57.05,57.17,5779518.0
1626652800,55.86,56.33,54.2,54.51,8561041.0
1626739200,54.6,56.79,54.31,56.09,6271130.0
1626825600,56.57,57.51,56.49,57.2,5544804.0
1626912000,57.19,57.24,55.64,55.81,4042968.0
1626998400,56.3,56.71,55.5475,55.72,3570865.0
1627257600,55.69,56.41,55.52,56.18,3721656.0
1627344000,55.5,56.36,55.1,56.15,4332411.0
1627430400,56.5,56.615,55.47,56.04,4063829.0
1627516800,56.56,56.79,55.82,56.44,7565988.0
1627603200,56.09,56.56,55.125,55.54,6478369.0
1627862400,55.87,56.82,55.11,55.13,4741273.0
1627948800,55.53,56.02,54.3496,55.89,5102652.0
1628035200,55.34,55.74,54.88,55.06,4101442.0
1628121600,55.54,55.96,55.36,55.81,3774521.0
1628208000,56.56,57.495,56.37,57.0,4756158.0
1628467200,56.9,57.545,56.41,57.04,3672342.0
1628553600,56.89,57.88,56.84,57.67,3759875.0
1628640000,57.9,58.825,57.45,58.79,5462177.0
1628726400,58.73,59.0,58.265,58.85,3758222.0
1628812800,59.02,59.17,58.075,58.22,3630546.0
1629072000,57.79,57.94,56.96,57.57,3219822.0
1629158400,57.09,57.52,56.12,56.76,3474533.0
1629244800,56.42,57.04,56.0,56.05,4656756.0
1629331200,55.5,55.99,54.82,55.34,5568789.0
1629417600,55.2,55.775,55.0,55.68,3650926.0
1629676800,55.96,56.4772,55.93,56.17,3674907.0
1629763200,56.32,56.91,56.14,56.81,3210394.0
1629849600,57.08,58.16,56.88,57.64,3983498.0
1629936000,57.87,57.97,57.14,57.24,3340666.0
1630022400,57.43,58.37,57.26,58.3,4432428.0
1630281600,58.22,58.43,56.955,57.08,4848573.0
1630368000,57.22,57.8304,56.9,57.39,6869000.0
1630454400,57.61,57.61,56.105,56.17,6533596.0
1630540800,56.25,56.76,56.025,56.44,5307738.0
1630627200,56.49,56.5499,55.81,56.15,3921849.0
1630972800,56.28,56.945,55.73,55.83,4880073.0
1631059200,55.63,55.88,55.11,55.34,3501732.0
1631145600,55.31,56.46,55.19,55.82,4810236.0
1631232000,56.185,56.36,55.415,55.45,3856342.0
1631491200,55.94,56.56,55.83,56.54,5448403.0
1631577600,56.75,56.96,55.455,55.91,5432195.0
1631664000,56.23,57.97,56.14,57.8,7194322.0
1631750400,58.0,58.34,56.82,57.1,6056121.0
1631836800,56.87,57.5,56.86,57.01,10014330.0
1632096000,55.44,55.78,54.585,55.68,8945153.0
1632182400,56.12,57.455,55.88,57.1,10332340.0
1632268800,57.88,58.92,57.73,57.92,8715688.0
1632355200,58.59,59.63,58.49,59.29,8216827.0
1632441600,59.4,60.32,59.27,59.79,4770747.0
1632700800,60.48,61.33,60.44,61.1,5388381.0
1632787200,61.31,61.655,60.31,60.42,7223130.0
1632873600,60.0,60.655,59.63,60.26,4934657.0
1632960000,60.62,60.655,59.38,59.44,5652885.0
1633046400,59.75,61.12,59.6,60.76,6334029.0
1633305600,60.56,61.61,60.36,60.53,5305346.0
1633392000,60.93,61.68,60.49,61.29,5365327.0
1633478400,60.94,61.5,60.18,61.45,5037272.0
1633564800,62.01,62.53,61.605,61.88,5104884.0
1633651200,61.93,62.615,61.65,62.33,4554686.0
1633910400,62.78,63.0,61.83,61.85,3713463.0
1633996800,61.69,62.135,61.1819,61.66,4108266.0
1634083200,61.48,61.64,60.19,61.46,5001856.0
1634169600,60.0,60.33,58.6,60.08,8490979.0
1634256000,60.24,60.66,59.025,60.23,9158119.0
1634515200,59.83,60.94,59.83,60.58,5212195.0
1634601600,60.87,61.37,60.65,61.35,3506846.0
1634688000,61.175,62.59,60.78,62.58,4806538.0
1634774400,62.57,62.79,61.78,62.18,4699103.0
1634860800,62.27,62.81,61.89,62.74,5251199.0
1635120000,62.85,63.01,62.37,62.52,3043630.0
1635206400,62.59,62.73,62.07,62.44,3825608.0
1635292800,62.09,62.1415,60.17,60.28,7255061.0
1635379200,60.59,60.97,60.24,60.93,3979075.0
1635465600,61.03,61.2,60.195,60.37,4008575.0
1635724800,60.93,61.08,60.31,60.78,2797458.0
1635811200,60.83,61.107,60.29,60.86,3588365.0
1635897600,60.58,62.255,60.5,61.83,4187464.0
1635984000,61.47,61.53,59.76,60.28,4260307.0
1636070400,60.92,61.23,60.43,60.69,3907460.0
1636329600,60.92,61.125,60.26,60.69,3563872.0
1636416000,60.11,60.44,59.59,60.07,4042860.0
1636502400,60.27,60.89,60.14,60.49,3580109.0
1636588800,60.49,61.105,60.42,60.78,2893682.0
1636675200,60.72,60.81,59.96,60.5,3686046.0
1636934400,60.76,60.82,60.35,60.46,3190143.0
1637020800,60.59,60.98,59.88,60.52,3910531.0
1637107200,60.38,60.465,59.3,59.32,4177291.0
1637193600,59.395,59.4027,58.38,58.65,3947078.0
1637280000,58.2,58.226,57.175,57.59,4302265.0
1637539200,58.46,59.79,58.31,58.98,5534329.0
1637625600,59.48,60.26,59.333,60.07,4686910.0
1637712000,59.95,60.5999,59.515,59.84,2862823.0
1637884800,57.84,57.855,56.55,57.5,4654259.0
1638144000,57.4,58.19,56.8,57.4,4965292.0
1638230400,56.74,56.77,55.265,55.34,10031080.0
1638316800,56.58,57.07,54.82,54.85,6293220.0
1638403200,55.58,57.08,55.05,56.6,5410864.0
1638489600,56.62,56.82,55.22,55.59,6285946.0
1638748800,56.74,57.55,56.37,56.88,6425524.0
1638835200,57.27,57.98,57.0,57.69,8751675.0
1638921600,57.68,57.93,56.98,57.04,4190939.0
1639008000,56.83,57.675,56.41,57.21,5617021.0
1639094400,57.88,57.96,57.1717,57.77,4034850.0
1639353600,57.64,57.75,56.65,56.82,4763111.0
1639440000,56.93,57.88,56.81,57.31,4585579.0
1639526400,57.47,57.65,56.42,56.74,6417616.0
1639612800,57.52,58.17,57.045,57.43,7989281.0
1639699200,57.07,57.18,55.5,55.73,14928650.0
1639958400,54.95,55.1,53.84,54.87,6656014.0
1640044800,55.5,56.21,55.5,55.84,4620124.0
1640131200,55.73,56.1,55.44,56.07,4896012.0
1640217600,56.53,56.92,56.15,56.31,4679588.0
1640563200,56.33,56.77,55.95,56.74,3711608.0
1640649600,56.43,57.09,56.23,56.75,3129012.0
1640736000,56.84,57.0,56.53,56.6,4269191.0
1640822400,56.19,56.65,56.11,56.15,4346687.0
1640908800,56.05,56.38,55.92,56.17,3282523.0
1641168000,56.08,57.4,56.08,57.27,5430991.0
1641254400,58.11,59.08,57.91,58.77,7552730.0
1641340800,59.19,59.29,58.395,58.46,6527268.0
1641427200,59.53,60.07,58.94,60.05,5783323.0
1641513600,59.895,61.165,59.68,61.0,7040145.0
1641772800,62.0,62.0,60.76,61.36,7635492.0
1641859200,61.66,62.185,60.99,62.12,6316812.0
1641945600,62.34,62.5867,61.98,62.49,5649591.0
1642032000,62.77,63.57,62.6,63.19,6612772.0
1642118400,62.28,63.28,61.83,63.25,7236685.0
1642464000,63.3,63.55,61.96,62.19,7625447.0
1642550400,58.22,59.53,57.29,57.37,13764560.0
1642636800,56.58,58.33,55.5,56.94,13476930.0
1642723200,56.65,56.77,55.07,55.1,13354010.0
1642982400,54.32,57.0699,53.68,56.81,15291500.0
1643068800,56.5,57.8,55.59,57.41,8466167.0
1643155200,58.0,58.52,56.68,57.56,7507061.0
1643241600,58.3,58.74,56.975,57.44,7130048.0
1643328000,57.35,58.12,56.5,58.08,6843795.0
1643587200,57.51,58.295,56.72,58.19,9476115.0
1643673600,58.14,59.32,57.73,59.27,6341828.0
1643760000,58.96,59.95,58.74,59.77,7702272.0
1643846400,59.93,60.085,58.98,59.15,4809314.0
1643932800,59.26,60.235,58.98,59.7,5307302.0
1644192000,59.71,59.95,59.105,59.58,5853100.0
1644278400,60.2,60.5,59.0,59.58,11056080.0
1644364800,59.69,59.98,59.43,59.75,5928572.0
1644451200,59.67,60.24,59.005,59.21,6952959.0
1644537600,58.85,59.92,58.195,58.55,7330358.0
1644796800,58.5,58.86,57.26,57.87,7279616.0
1644883200,58.45,58.96,58.18,58.61,4312138.0
1644969600,58.04,59.09,58.04,58.6,3994084.0
1645056000,58.06,58.22,57.005,57.13,4721782.0
1645142400,56.94,57.75,56.9,57.1,6264910.0
1645488000,57.3,58.23,56.84,57.8,7458305.0
1645574400,58.27,58.31,56.44,56.65,8561171.0
1645660800,54.74,55.48,53.77,55.33,11719600.0
1645747200,55.78,57.45,55.78,57.34,10009650.0
1646006400,55.55,56.685,55.43,56.54,9501572.0
1646092800,55.78,56.14,53.55,53.86,13167660.0
1646179200,54.57,56.515,54.57,56.23,9063263.0
1646265600,56.485,56.93,55.94,56.31,8283037.0
1646352000,54.92,55.285,54.32,55.25,7772025.0
1646611200,54.86,54.96,53.09,53.1,10401810.0
1646697600,53.8,54.725,52.86,53.25,9850234.0
1646784000,55.02,55.53,54.19,54.51,7817771.0
1646870400,53.8,54.26,52.44,52.99,10672380.0
1646956800,53.34,54.21,52.61,52.65,7434605.0
1647216000,53.35,54.65,53.19,53.95,9175188.0
1647302400,54.52,54.67,53.46,54.4,7606352.0
1647388800,55.32,56.34,55.175,56.28,9093765.0
1647475200,55.51,56.67,55.005,56.65,6955710.0
1647561600,56.64,56.73,55.64,56.53,18475710.0
1647820800,56.17,56.91,55.65,56.16,8431184.0
1647907200,57.19,57.78,56.76,57.02,4753978.0
1647993600,56.57,56.92,55.8,55.85,6456426.0
1648080000,55.82,56.25,55.63,56.05,6459882.0
1648166400,56.29,57.1871,56.1,57.12,4079698.0
1648425600,56.7,56.95,55.86,56.71,6882515.0
1648512000,57.7,57.92,56.525,56.87,6182751.0
1648598400,56.69,56.75,54.86,55.18,7908473.0
1648684800,55.02,55.35,53.14,53.15,9511280.0
1648771200,53.64,53.78,52.465,52.9,7514589.0
1649030400,52.54,53.17,51.92,52.66,5617462.0
1649116800,52.25,53.695,52.19,53.0,7369998.0
1649203200,52.66,53.27,52.55,52.97,8299320.0
1649289600,53.19,53.32,51.995,52.58,8656079.0
1649376000,52.21,52.6,51.135,52.25,9974812.0
1649635200,51.94,52.89,51.695,51.72,8520769.0
1649721600,51.29,52.16,50.53,50.82,7387818.0
1649808000,50.22,50.83,49.78,50.61,10788120.0
1649894400,51.93,53.35,51.43,52.71,10824080.0
1650240000,52.61,53.75,52.37,52.74,8467980.0
1650326400,53.09,53.33,52.42,52.88,7707071.0
1650412800,53.45,53.73,52.905,53.05,7978844.0
1650499200,53.6,53.88,52.38,52.64,6745087.0
1650585600,52.58,52.6,50.76,50.83,6300915.0
1650844800,50.49,50.97,49.46,50.84,8400731.0
1650931200,50.07,51.065,49.93,50.03,6488143.0
1651017600,49.79,50.11,49.32,49.64,7795514.0
1651104000,50.13,50.26,49.4001,50.04,8219357.0
1651190400,50.13,50.29,48.42,48.56,8803621.0
1651449600,49.06,49.25,47.845,48.85,8139875.0
1651536000,49.41,49.84,48.9613,49.47,5843048.0
1651622400,49.27,50.61,48.85,50.53,8092571.0
1651708800,49.89,49.94,48.535,49.24,6860999.0
1651795200,49.08,49.49,48.17,49.29,7779245.0
1652054400,48.68,50.14,48.615,49.44,9513488.0
1652140800,49.82,50.92,48.44,49.36,9607851.0
1652227200,49.41,50.145,48.39,48.46,7711388.0
1652313600,48.24,48.89,47.68,48.59,7743684.0
1652400000,48.95,49.05,48.1,48.6,5589111.0
1652659200,48.56,48.79,47.71,48.27,5956553.0
1652745600,49.18,49.7163,48.915,49.65,5589846.0
1652832000,49.4,49.48,48.87,49.1,6481855.0
1652918400,48.47,49.675,48.41,49.24,7078502.0
1653004800,49.46,49.88,48.045,49.21,8463807.0
1653264000,50.35,51.25,49.85,50.75,6472298.0
1653350400,50.61,51.22,49.745,51.04,7000343.0
1653436800,50.84,51.52,50.46,51.19,7374729.0
1653523200,51.67,52.3957,51.56,52.14,5799057.0
1653609600,52.36,52.54,51.965,52.5,5645903.0
1653955200,51.93,53.365,51.63,53.07,10600720.0
1654041600,53.21,53.21,51.52,51.75,8293251.0
1654128000,51.72,52.2773,51.15,52.18,7882498.0
1654214400,52.08,52.29,51.79,51.94,8820514.0
1654473600,52.43,53.22,52.07,52.25,5009308.0
1654560000,51.92,52.67,51.75,52.56,5080025.0
1654646400,52.11,52.45,51.56,51.84,4409099.0
1654732800,51.58,51.65,50.33,50.33,5307689.0
1654819200,49.4,49.47,48.385,48.72,8451203.0
1655078400,47.96,48.16,46.83,47.06,10676790.0
1655164800,47.26,47.875,45.69,45.72,13689790.0
1655251200,46.34,47.0725,45.7,46.36,11557120.0
1655337600,45.66,45.7,44.793,45.41,8390374.0
1655424000,45.42,46.185,45.28,45.41,19038690.0
1655769600,46.47,46.72,45.98,46.33,7722330.0
1655856000,45.9,46.68,45.7,46.5,5877101.0
1655942400,46.28,46.56,44.905,45.72,6328906.0
1656028800,45.97,47.72,45.88,47.52,6924988.0
1656288000,47.69,47.7799,46.955,47.25,7078473.0
1656374400,47.72,48.2,46.695,46.89,6401582.0
1656460800,46.51,46.825,45.89,46.12,4975258.0
1656547200,45.27,46.4204,44.82,46.02,6233182.0
1656633600,45.86,46.74,45.38,46.59,5398178.0
1656979200,45.65,46.48,45.209,46.46,4884443.0
1657065600,46.2,46.87,45.88,46.5,5701753.0
1657152000,46.89,47.24,46.66,46.76,3679898.0
1657238400,46.96,47.1,46.34,46.53,3546799.0
1657497600,46.08,46.5,45.96,46.35,4641324.0
1657584000,45.87,46.83,45.76,46.2,4137097.0
1657670400,45.77,45.83,44.635,45.32,5460497.0
1657756800,44.23,44.46,43.745,44.25,7298284.0
1657843200,45.5,47.01,44.93,46.57,8608199.0
1658102400,47.02,47.59,46.51,46.68,7434963.0
1658188800,47.31,47.71,46.955,47.46,5683993.0
1658275200,47.09,47.31,46.51,47.05,6130757.0
1658361600,46.97,47.665,46.75,47.61,6619388.0
1658448000,47.47,47.94,47.305,47.71,5009136.0
1658707200,48.25,48.5,47.66,48.05,4054248.0
1658793600,47.69,48.33,47.22,47.42,4995058.0
1658880000,47.71,48.39,47.25,48.21,5456960.0
1658966400,48.12,48.42,45.82,46.12,13267880.0
1659052800,46.25,47.59,46.1,47.2,7705103.0
1659312000,46.85,47.69,46.49,47.51,7322988.0
1659398400,47.36,47.435,46.64,46.93,6532859.0
1659484800,47.39,47.83,47.01,47.66,5691068.0
1659571200,47.6,47.94,47.055,47.07,6531331.0
1659657600,46.99,47.8557,46.86,47.39,4061146.0
1659916800,47.86,47.9,46.715,46.95,5316192.0
1660003200,47.26,47.33,46.86,47.18,3947708.0
1660089600,47.72,48.02,47.43,47.87,6098088.0
1660176000,48.38,48.8,48.1,48.44,6171657.0
1660262400,48.56,48.91,48.32,48.77,6432292.0
1660521600,48.31,49.215,48.17,49.08,4947802.0
1660608000,48.75,49.68,48.685,49.3,4790120.0
1660694400,48.7,49.375,48.62,49.03,5553219.0
1660780800,48.8,49.04,48.51,49.01,5400494.0
1660867200,48.575,48.73,48.2701,48.61,7197156.0
1661126400,47.87,47.875,47.35,47.6,5816671.0
1661212800,47.63,47.88,47.28,47.41,4411537.0
1661299200,47.1,47.34,46.805,47.19,4620849.0
1661385600,47.32,47.95,46.94,47.76,5296740.0
1661472000,47.92,48.06,46.47,46.49,5070230.0
1661731200,46.26,46.415,45.82,46.1,3650080.0
1661817600,46.35,46.38,45.63,45.91,5105475.0
1661904000,46.11,46.14,45.54,45.61,6239767.0
1661990400,45.55,45.9,45.01,45.87,4920661.0
1662076800,46.39,46.755,45.36,45.55,5980396.0
1662422400,45.84,45.84,44.8,45.32,5331463.0
1662508800,45.07,46.065,44.97,45.91,6431869.0
1662595200,45.69,47.07,45.43,47.05,7275546.0
1662681600,47.22,47.75,47.18,47.58,6730530.0
1662940800,47.84,48.05,47.4,47.56,7251076.0
1663027200,46.74,46.76,45.02,45.18,8109474.0
1663113600,45.39,45.485,44.44,45.1,6664395.0
1663200000,45.27,46.105,45.15,45.87,12610770.0
1663286400,45.62,46.08,45.175,45.87,20653460.0
1663545600,45.31,46.4,45.15,46.15,9303656.0
1663632000,45.73,45.82,44.59,44.99,8930321.0
1663718400,45.06,45.43,43.92,43.93,7051597.0
1663804800,44.07,44.21,43.0,43.03,6923742.0
1663891200,42.62,42.885,41.55,42.12,8185517.0
1664150400,41.72,42.16,40.75,41.06,16533050.0
1664236800,41.51,41.55,40.65,40.96,9556410.0
1664323200,40.92,41.7295,40.81,41.42,11278140.0
1664409600,40.52,41.0902,40.31,40.73,7889007.0
1664496000,40.78,41.21,40.27,40.32,9457904.0
1664755200,40.84,41.75,40.365,41.57,8790266.0
1664841600,42.19,42.78,42.0,42.63,14653410.0
1664928000,42.01,42.395,41.84,42.2,6552599.0
1665014400,41.76,42.06,41.06,41.08,8528772.0
1665100800,40.82,40.93,39.97,40.2,8696662.0
1665360000,40.4,40.59,39.665,39.83,6396150.0
1665446400,39.54,39.55,38.635,38.79,8990565.0
1665532800,38.76,39.48,38.59,39.11,10853700.0
1665619200,38.59,41.51,38.39,41.37,15853330.0
1665705600,42.15,43.29,41.67,42.76,19272690.0
1665964800,43.88,44.15,42.27,42.64,21456460.0
1666051200,43.42,43.655,42.32,42.8,16113050.0
1666137600,42.36,42.66,41.105,41.26,10203560.0
1666224000,41.41,41.66,39.91,40.01,10508030.0
1666310400,39.86,40.7,39.57,40.51,12851570.0
1666569600,40.69,41.52,40.45,41.13,9553812.0
1666656000,40.66,42.09,40.56,42.01,13055440.0
1666742400,42.0,42.615,41.95,42.39,10211900.0
1666828800,42.7,42.965,42.02,42.08,7810277.0
1666915200,42.16,42.925,41.98,42.86,7775713.0
1667174400,42.52,42.96,42.42,42.45,11723820.0
1667260800,42.8,43.155,42.305,42.88,8043592.0
1667347200,42.58,43.15,41.73,41.75,9265894.0
1667433600,41.18,41.8,40.565,41.5,12857030.0
1667520000,41.98,42.885,41.98,42.83,13759470.0
1667779200,43.2,43.6,42.755,43.53,12207080.0
1667865600,43.75,44.36,43.47,44.17,12794720.0
1667952000,43.79,43.88,43.16,43.24,9423016.0
1668038400,44.0,45.02,43.91,44.87,14064610.0
1668124800,44.44,45.05,44.44,44.92,10692760.0
1668384000,44.96,45.06,43.805,43.85,8209755.0
1668470400,44.49,44.53,43.315,43.77,11171850.0
1668556800,43.76,43.81,42.82,42.93,9896173.0
1668643200,42.44,42.83,42.33,42.77,6376650.0
1668729600,43.34,43.485,42.89,43.38,6159676.0
1668988800,43.37,43.835,43.26,43.39,9331908.0
1669075200,43.535,43.95,43.45,43.91,6998973.0
1669161600,43.93,44.16,43.82,44.11,6225717.0
1669334400,44.25,44.392,44.0575,44.26,2564603.0
1669593600,43.99,44.29,43.635,43.74,6790652.0
1669680000,43.8,44.62,43.7,44.59,7854319.0
1669766400,44.44,45.52,43.715,45.39,11688770.0
1669852800,45.39,45.54,44.85,45.35,8492769.0
1669939200,45.16,45.73,45.08,45.64,10786770.0
1670198400,45.64,45.69,43.62,43.91,13725480.0
1670284800,43.96,44.055,42.23,42.94,9642383.0
1670371200,42.76,43.9,42.47,43.56,10132850.0
1670457600,43.62,43.665,43.025,43.56,6988985.0
1670544000,43.36,43.8,43.03,43.11,9097582.0
1670803200,43.2,43.61,42.61,43.46,10695780.0
1670889600,44.52,44.94,43.91,44.25,15543040.0
1670976000,44.08,44.26,42.9849,43.29,11240420.0
1671062400,42.65,43.035,42.41,42.84,10230230.0
1671148800,42.5,42.8,41.83,42.15,19310900.0
1671408000,42.1,42.655,41.6,41.95,11789120.0
1671494400,42.11,42.28,41.805,41.93,14208970.0
1671580800,42.2,43.0,42.16,42.71,9456349.0
1671667200,42.48,42.85,42.2529,42.85,12427740.0
1671753600,42.83,43.285,42.73,43.2,6931069.0
1672099200,43.35,43.75,43.12,43.65,7504195.0
1672185600,43.72,43.82,43.075,43.35,6379583.0
1672272000,42.97,43.625,42.83,43.57,5956358.0
1672358400,43.4,43.795,43.28,43.61,5737910.0
1672704000,44.2,45.03,44.08,44.64,12795970.0
1672790400,45.11,46.395,45.11,46.03,16338380.0
1672876800,45.86,46.0,45.06,45.67,8363985.0
1672963200,46.0,46.49,45.42,46.31,8198350.0
1673222400,46.41,46.8,46.12,46.61,13170760.0
1673308800,46.75,46.9,45.955,46.66,13631850.0
1673395200,46.91,47.33,46.72,47.11,8704853.0
1673481600,47.45,48.025,47.3,47.59,8934047.0
1673568000,46.87,47.4,46.43,47.33,8150558.0
1673913600,47.58,47.74,46.805,47.44,10150070.0
1674000000,47.03,47.29,45.76,45.81,8376688.0
1674086400,45.4,45.935,44.92,45.63,9136623.0
1674172800,45.75,46.47,45.35,46.46,8030471.0
1674432000,46.68,47.69,46.535,47.67,8136073.0
1674518400,47.75,47.8,46.4601,46.67,12459150.0
1674604800,46.91,49.68,46.88,49.15,12238550.0
1674691200,49.68,49.95,48.325,48.7,8316089.0
1674777600,48.62,48.89,48.18,48.86,6568239.0
1675036800,48.57,49.34,48.54,48.8,5943242.0
1675123200,48.84,49.81,48.59,49.8,7713994.0
1675209600,49.24,49.925,49.0,49.22,7611174.0
1675296000,49.47,49.65,48.94,49.15,6819848.0
1675382400,48.82,49.615,48.71,49.3,6579419.0
1675641600,48.94,49.13,48.6641,48.95,4997618.0
1675728000,48.66,49.8,48.64,49.67,5809144.0
1675814400,49.13,49.665,48.95,49.07,5809971.0
1675900800,49.39,49.5,48.56,48.77,5870521.0
1675987200,48.6,48.885,48.3432,48.7,5357280.0
1676246400,48.67,49.1,48.62,49.09,4906155.0
1676332800,49.1,49.29,48.765,49.13,4889583.0
1676419200,48.85,49.11,48.655,49.08,4227913.0
1676505600,48.79,48.94,48.4,48.55,4899972.0
1676592000,48.42,48.665,48.2,48.6,5191889.0
1676937600,48.2,48.2601,47.33,47.69,5793238.0
1677024000,47.7,47.87,47.34,47.54,4583323.0
1677110400,47.865,48.105,47.31,47.72,4319281.0
1677196800,47.21,47.71,47.03,47.64,4141573.0
1677456000,47.93,48.24,47.48,47.58,4260171.0
1677542400,47.7,48.045,47.58,47.73,6209326.0
1677628800,47.185,47.45,46.9,47.31,7123618.0
1677715200,47.18,47.18,45.9,46.31,6437048.0
1677801600,46.52,47.155,46.38,47.11,4566930.0
1678060800,47.18,47.56,47.0,47.12,5604197.0
1678147200,46.79,46.81,45.47,45.6,6072223.0
1678233600,45.55,46.02,45.24,45.49,4651293.0
1678320000,45.11,45.2,42.165,42.3,10961840.0
1678406400,40.88,42.055,39.6197,40.62,23573660.0
1678665600,38.05,38.4,36.13,36.54,36746010.0
1678752000,39.12,39.68,36.895,37.51,28999380.0
1678838400,36.3,36.975,35.155,35.44,33125830.0
1678924800,35.2,36.54,32.72,36.36,51468710.0
1679011200,35.5,35.61,32.865,32.95,56442920.0
1679270400,34.53,35.38,33.81,34.45,43046510.0
1679356800,36.0,37.85,35.8,37.52,34821440.0
1679443200,37.5,37.53,34.77,34.79,28376870.0
1679529600,35.03,36.085,34.72,35.06,26061920.0
1679616000,34.34,34.94,34.0068,34.9,18625540.0
1679875200,36.67,37.1,34.8,34.87,19966730.0
1679961600,34.77,35.62,34.48,35.56,15681690.0
1680048000,36.06,36.3199,35.745,36.22,14776420.0
1680134400,36.18,36.52,35.16,35.45,13539920.0
1680220800,35.81,36.06,35.1,36.05,15541680.0
1680480000,36.2,36.44,35.545,35.64,12209770.0
1680566400,36.19,36.33,34.515,35.06,12238670.0
1680652800,34.83,35.2595,34.48,35.11,12734670.0
1680739200,35.25,36.25,35.2,35.75,12008370.0
1681084800,35.8,36.2388,35.48,35.61,10547660.0
1681171200,35.64,35.84,35.45,35.53,11927760.0
1681257600,35.78,36.03,34.965,35.4,11586250.0
1681344000,35.33,35.39,34.73,35.38,12799050.0
1681430400,36.2,36.2999,34.865,34.97,16186330.0
1681689600,34.8,35.61,33.94,35.59,22419300.0
1681776000,35.6,35.61,34.625,35.19,19052210.0
1681862400,35.51,36.12,34.695,36.01,20970180.0
1681948800,35.45,35.45,34.13,34.76,21609520.0
1682035200,34.29,34.34,32.61,33.52,28303040.0
1682294400,33.27,33.41,32.55,32.79,16238140.0
1682380800,32.4,32.9399,31.3,31.77,22540100.0
1682467200,31.68,32.06,31.26,31.52,17133260.0
1682553600,31.6,32.75,31.48,32.57,19428170.0
1682640000,32.2,34.518,31.9488,34.28,25219330.0
1682899200,34.25,34.33,32.93,32.94,19095230.0
1682985600,32.94,32.94,30.41,30.63,28994550.0
1683072000,30.79,31.12,29.655,29.8,23759830.0
1683158400,28.5,29.7,27.27,28.98,48099620.0
1683244800,30.68,31.31,29.625,30.74,28236740.0
1683504000,31.51,31.6,29.68,29.74,22304350.0
1683590400,29.4,30.25,29.01,29.91,18209200.0
1683676800,30.6,30.65,28.9,29.45,14492720.0
1683763200,28.995,29.29,28.53,28.92,16413400.0
1683849600,29.24,29.34,28.74,29.13,16870740.0
1684108800,29.16,29.785,29.07,29.65,12671600.0
1684195200,29.5,29.745,28.67,28.68,15002620.0
1684281600,29.0,30.5,28.93,30.45,22429740.0
1684368000,30.24,30.56,29.89,30.49,13204620.0
1684454400,30.66,30.885,29.75,30.11,15001480.0
1684713600,30.54,31.075,30.07,30.91,11974600.0
1684800000,31.0,32.095,31.0,31.14,13952220.0
1684886400,30.83,31.25,30.4,30.81,11120650.0
1684972800,30.56,30.8299,30.155,30.51,11948310.0
1685059200,30.58,30.79,30.2917,30.67,9266968.0
1685404800,30.87,31.085,30.0,30.66,12907340.0
1685491200,30.15,30.34,29.395,29.9,31032920.0
1685577600,30.1,30.595,29.33,30.52,12319420.0
1685664000,31.0,31.99,30.75,31.74,13743990.0
1685923200,31.87,31.635,31.015,31.22,10644890.0
1686009600,31.23,32.8,31.13,32.63,13876510.0
1686096000,32.74,33.4,32.42,33.26,13860470.0
1686182400,33.1,33.27,32.5,33.06,12064460.0
1686268800,33.0,33.36,32.69,32.86,10586890.0
1686528000,32.71,33.345,31.5201,32.16,15565860.0
1686614400,32.08,33.31,31.75,32.7,20543620.0
1686700800,33.0,33.44,31.89,32.1,17832170.0
1686787200,32.2,33.42,31.945,33.29,16315480.0
1686873600,33.49,33.61,33.004,33.45,30118160.0
1687219200,33.04,33.69,32.665,33.58,19540960.0
1687305600,33.66,33.82,33.21,33.43,13570710.0
1687392000,33.45,33.48,32.14,32.23,13294190.0
1687478400,31.99,32.51,31.83,31.88,20701400.0
1687737600,31.87,32.52,31.87,32.32,11248990.0
1687824000,32.29,32.69,31.835,32.55,9776297.0
1687910400,32.57,32.57,31.95,32.32,11215400.0
1687996800,32.18,32.76,32.035,32.76,12479690.0
1688083200,33.21,33.5,32.8525,33.04,15139560.0
1688342400,33.16,33.775,33.14,33.58,6483830.0
1688515200,33.33,33.74,33.02,33.53,10359600.0
1688601600,33.0,33.06,32.05,32.99,12009140.0
1688688000,32.86,33.8,32.84,33.54,9052879.0
1688947200,33.22,33.83,33.1547,33.74,11720230.0
1689033600,34.51,35.18,34.065,34.92,15975820.0
1689120000,35.65,36.22,35.075,35.11,11534400.0
1689206400,35.33,35.9,35.255,35.81,10710820.0
1689292800,36.09,36.21,35.2425,35.33,13063810.0
1689552000,35.24,35.45,35.005,35.26,13413980.0
1689638400,35.39,36.56,35.33,36.55,15115860.0
1689724800,36.38,39.27,35.63,38.91,32806990.0
1689811200,38.56,39.16,38.28,39.14,19108590.0
1689897600,39.2,39.225,38.37,38.42,16354830.0
1690156800,38.56,39.43,38.46,39.26,12796840.0
1690243200,39.19,39.32,37.785,37.86,14708740.0
1690329600,38.44,39.06,38.29,38.89,13001230.0
1690416000,39.09,39.42,38.74,38.82,16144800.0
1690502400,39.19,39.55,38.75,39.54,11512660.0
1690761600,39.75,39.89,39.305,39.68,12238040.0
1690848000,39.44,39.52,38.47,38.71,11885860.0
1690934400,38.01,38.51,37.64,38.43,9943770.0
1691020800,38.33,39.6075,38.045,39.45,14720820.0
1691107200,39.34,40.45,39.24,39.86,14108600.0
1691366400,39.93,40.25,39.86,40.12,8022496.0
1691452800,37.74,40.32,37.74,40.23,15354140.0
1691539200,39.89,40.325,39.59,39.65,10583740.0
1691625600,39.94,40.15,39.41,39.49,10206640.0
1691712000,39.19,39.91,39.14,39.46,8582964.0
1691971200,39.08,39.11,38.54,38.72,9536777.0
1692057600,38.0,38.265,37.535,37.64,11157210.0
1692144000,37.44,37.61,36.92,37.05,10647830.0
1692230400,37.31,37.43,36.69,36.81,9766841.0
1692316800,36.37,36.87,36.23,36.84,8280139.0
1692576000,36.9,36.94,36.41,36.76,8615834.0
1692662400,36.76,36.87,35.725,35.84,8279890.0
1692748800,35.82,36.26,35.37,36.25,8159174.0
1692835200,36.28,36.885,36.045,36.13,10346010.0
1692921600,36.41,36.51,35.21,35.51,11005860.0
1693180800,35.84,36.36,35.67,36.02,9638541.0
1693267200,36.19,36.53,35.85,36.48,7942579.0
1693353600,36.55,36.705,36.2,36.38,8461725.0
1693440000,36.51,36.66,36.305,36.53,10404540.0
1693526400,36.84,37.29,36.815,37.07,13758250.0
1693872000,37.1,37.53,36.475,36.52,14762520.0
1693958400,36.26,36.54,35.7,36.12,8712001.0
1694044800,35.89,36.2944,35.505,35.63,7296895.0
1694131200,35.77,36.2,35.27,36.11,8362162.0
1694390400,36.5,36.7,36.11,36.2,7300182.0
1694476800,36.39,37.22,35.95,37.0,10376400.0
1694563200,37.25,37.37,35.01,35.15,15995490.0
1694649600,35.6,36.075,35.43,35.72,19880520.0
1694736000,35.32,35.7109,34.92,35.15,46217260.0
1694995200,34.84,34.97,34.48,34.75,10955050.0
1695081600,34.56,34.99,34.18,34.59,10904450.0
1695168000,34.75,35.24,34.39,34.41,8391194.0
1695254400,34.29,34.37,33.3675,33.45,11360820.0
1695340800,33.45,33.63,33.2,33.38,10259820.0
1695600000,33.21,33.68,33.02,33.59,8737954.0
1695686400,33.21,33.51,32.74,33.02,13742860.0
1695772800,33.14,33.165,32.26,32.52,12600670.0
1695859200,32.1,32.79,32.04,32.47,8619534.0
1695945600,32.56,33.52,32.55,33.06,10981340.0
1696204800,32.62,33.01,31.99,32.14,9649349.0
1696291200,31.89,31.93,31.2002,31.34,10300640.0
1696377600,31.4,31.54,30.88,31.24,13407890.0
1696464000,31.0,31.92,30.63,31.87,10572020.0
1696550400,31.54,32.19,31.095,31.86,9414577.0
1696809600,31.59,32.15,31.45,32.01,7764754.0
1696896000,32.48,32.95,32.33,32.59,10108060.0
1696982400,32.59,33.095,32.305,32.51,7855078.0
1697068800,32.54,32.76,31.93,32.26,10285920.0
1697155200,32.53,32.89,31.8812,32.17,10943450.0
1697414400,32.58,32.77,31.95,32.62,11409670.0
1697500800,32.46,36.21,32.42,34.89,36729900.0
1697587200,34.66,35.3,33.285,33.37,24960290.0
1697673600,33.32,33.81,32.725,32.75,15105700.0
1697760000,32.62,32.83,30.79,30.93,19087820.0
1698019200,31.2,31.76,30.66,31.26,14932290.0
1698105600,31.41,31.58,30.7801,31.39,15076220.0
1698192000,31.08,31.57,30.67,31.29,13054510.0
1698278400,31.34,32.29,31.24,31.77,15956630.0
1698364800,31.3,31.62,30.47,30.64,10909380.0
1698624000,30.96,31.33,30.5899,31.31,9653031.0
1698710400,31.45,31.89,30.88,31.88,12582400.0
1698796800,31.87,32.07,31.405,31.86,14876770.0
1698883200,32.43,34.34,32.39,34.34,15473500.0
1698969600,35.31,35.86,35.16,35.49,13100720.0
1699228800,35.65,35.84,35.035,35.27,7622713.0
1699315200,35.09,35.16,34.655,34.81,8439775.0
1699401600,34.85,34.91,34.38,34.51,6956947.0
1699488000,34.74,34.88,33.805,33.91,7172804.0
1699574400,34.18,34.29,33.695,34.2,5939460.0
1699833600,34.03,34.25,33.61,34.0,5772899.0
1699920000,35.2,36.575,35.02,36.15,11843670.0
1700006400,36.21,37.32,36.21,37.18,12672780.0
1700092800,37.05,37.38,36.755,37.32,10218500.0
1700179200,37.66,37.79,37.36,37.64,8916107.0
1700438400,37.53,37.85,37.2299,37.63,6272861.0
1700524800,37.21,37.57,36.99,37.01,6051169.0
1700611200,37.27,37.38,36.72,36.83,6742562.0
1700784000,36.8,37.365,36.67,37.2,2796765.0
1701043200,36.83,37.02,36.59,36.79,5971957.0
1701129600,36.67,37.14,36.495,37.04,9666026.0
1701216000,37.35,38.105,37.26,37.79,7772316.0
1701302400,38.0,38.285,37.675,38.12,10283470.0
1701388800,37.9,39.505,37.84,39.38,10124300.0
1701648000,39.21,39.945,39.21,39.49,10125930.0
1701734400,39.26,39.66,39.05,39.4,9212586.0
1701820800,39.7,40.41,39.06,39.08,8774311.0
1701907200,39.32,39.9,39.11,39.73,8087069.0
1701993600,39.78,40.6,39.6,40.43,9485036.0
1702252800,40.29,40.66,40.0,40.53,10921050.0
1702339200,40.39,40.56,40.13,40.45,8818837.0
1702425600,40.52,42.57,40.355,42.49,15133020.0
1702512000,43.89,45.85,43.63,45.33,28236840.0
1702598400,44.72,45.48,44.43,45.01,25971700.0
1702857600,45.3,45.3,44.035,44.05,9678673.0
1702944000,44.13,44.57,43.82,44.21,8609536.0
1703030400,43.73,43.995,42.15,42.46,15460160.0
1703116800,42.88,43.45,42.735,43.31,8134208.0
1703203200,43.35,43.82,43.205,43.51,6899098.0
1703548800,43.62,44.23,43.42,44.07,5343575.0
1703635200,43.95,44.22,43.72,43.94,5083452.0
1703721600,43.43,43.745,43.27,43.63,5172015.0
1703808000,43.52,43.81,43.23,43.28,6441020.0
1704153600,43.12,44.02,42.89,43.91,9050498.0
1704240000,43.38,43.41,42.61,42.75,7133329.0
1704326400,42.94,43.6,42.805,43.21,7192781.0
1704412800,42.95,44.33,42.94,43.81,7616824.0
1704672000,43.61,44.045,43.19,43.96,6459254.0
1704758400,43.37,43.87,43.19,43.46,5132888.0
1704844800,43.31,43.44,42.895,43.4,7885978.0
1704931200,43.3,43.3,42.05,42.82,10017450.0
1705017600,42.87,43.11,41.7,42.15,9493950.0
1705363200,41.67,41.775,40.96,41.38,14398990.0
1705449600,41.35,41.74,40.155,40.82,14567040.0
1705536000,40.89,41.0,39.045,40.15,15244050.0
1705622400,40.29,42.05,39.98,42.01,14397720.0
1705881600,42.1,42.35,41.345,41.78,10374280.0
1705968000,41.97,42.135,41.31,41.97,7420262.0
1706054400,42.38,42.98,42.24,42.48,11196610.0
1706140800,42.98,43.06,42.21,42.81,8173610.0
1706227200,42.62,43.01,42.295,42.64,7242508.0
1706486400,42.62,42.97,42.3345,42.95,7475843.0
1706572800,42.87,43.4,42.6799,43.34,8055408.0
1706659200,42.46,42.99,41.395,41.54,13026130.0
1706745600,41.58,41.69,39.97,40.89,16002810.0
1706832000,40.5,41.11,40.07,40.84,11269410.0
1707091200,40.44,40.49,39.92,40.1,8880323.0
1707177600,40.05,40.51,39.92,40.1,8728548.0
1707264000,40.24,40.32,38.865,39.91,12255310.0
1707350400,39.7,40.425,39.385,40.37,7601841.0
1707436800,40.3,40.39,39.77,40.18,10684760.0
1707696000,40.23,41.435,40.14,41.07,10304780.0
1707782400,40.23,40.48,39.405,39.93,9106218.0
1707868800,40.46,40.7,40.085,40.5,5904873.0
1707955200,40.86,41.72,40.77,41.55,7064240.0
1708041600,41.15,41.82,40.82,41.49,7287467.0
1708387200,41.11,41.545,40.91,41.14,7328458.0
1708473600,40.96,41.06,40.325,40.82,8312209.0
1708560000,41.35,42.04,41.08,41.35,10999940.0
1708646400,41.37,41.68,41.09,41.36,6424510.0
1708905600,41.11,41.43,40.6501,40.84,6154103.0
1708992000,41.25,41.86,41.075,41.37,6489174.0
1709078400,41.1,41.55,40.85,41.22,6767996.0
1709164800,41.74,42.18,41.485,41.96,9000691.0
1709251200,41.61,41.9,40.93,41.42,8899448.0
1709510400,42.42,43.495,42.13,42.7,10499730.0
1709596800,42.51,43.77,42.51,43.25,9523731.0
1709683200,43.06,43.28,42.12,43.09,10526740.0
1709769600,43.45,43.76,43.06,43.34,7524584.0
1709856000,43.77,43.82,43.17,43.26,6678216.0
1710115200,43.17,43.78,43.03,43.52,8241925.0
1710201600,43.39,43.635,43.09,43.21,5941539.0
1710288000,43.225,44.07,43.225,43.47,5756787.0
1710374400,43.09,43.55,42.09,42.35,7461148.0
1710460800,41.93,42.78,41.93,42.08,32597120.0
1710720000,42.47,42.49,41.69,42.47,8168227.0
1710806400,42.4,42.6539,42.09,42.22,6080345.0
1710892800,41.92,43.675,41.89,43.46,7998433.0
1710979200,43.75,44.74,43.7,44.45,8572337.0
1711065600,44.93,45.04,43.58,43.59,6700250.0
1711324800,43.75,44.3,43.46,43.55,6424563.0
1711411200,44.0,44.0,43.47,43.53,5267546.0
1711497600,43.3,44.02,43.26,44.0,6167325.0
1711584000,44.42,44.91,44.3,44.7,7595162.0
1711929600,44.58,44.75,43.885,43.95,4824901.0
1712016000,43.69,43.95,43.12,43.23,6462179.0
1712102400,43.23,43.77,43.01,43.11,5866409.0
1712188800,43.57,44.03,42.725,42.92,6491396.0
1712275200,42.75,43.295,42.66,43.03,4580870.0
1712534400,43.29,44.005,43.06,43.72,6159473.0
1712620800,43.82,44.02,43.41,43.94,5701781.0
1712707200,43.01,43.04,41.865,42.03,7584437.0
1712793600,42.2,42.2,41.205,41.92,6829702.0
1712880000,41.21,41.725,41.18,41.58,6742538.0
1713139200,42.06,42.835,41.095,41.44,10232880.0
1713225600,41.25,41.27,40.39,41.0,9549837.0
1713312000,39.5,39.97,38.79,39.52,14178500.0
1713398400,39.41,40.15,39.19,39.44,9878744.0
1713484800,39.46,40.46,39.41,40.45,12061760.0
1713744000,40.68,41.37,40.24,41.05,8630700.0
1713830400,41.13,41.26,40.81,40.97,7079873.0
1713916800,40.53,41.725,40.43,41.61,6550280.0
1714003200,41.34,41.74,40.38,40.99,6602398.0
1714089600,41.0,41.55,40.86,41.12,4512229.0
1714348800,41.22,41.505,41.08,41.29,4649576.0
1714435200,41.05,41.26,40.58,40.63,8861762.0
1714521600,40.59,41.81,40.525,41.05,6359441.0
1714608000,41.61,41.68,40.6,40.97,6760682.0
1714694400,41.55,41.83,41.24,41.41,5091249.0
1714953600,41.76,41.935,41.42,41.82,6430201.0
1715040000,42.0,42.075,41.405,41.58,8732220.0
1715126400,41.23,41.79,41.06,41.69,8906049.0
1715212800,41.51,41.87,41.26,41.54,6414433.0
1715299200,41.7,41.91,41.61,41.85,4867542.0
1715558400,42.0,42.23,41.49,41.49,4846470.0
1715644800,41.65,42.29,41.63,41.95,5627923.0
1715731200,42.46,42.61,41.95,42.22,7752812.0
1715817600,42.07,42.26,41.585,41.65,9488666.0
1715904000,41.96,41.96,41.305,41.43,11360580.0
1716163200,41.43,41.64,40.85,40.89,9935503.0
1716249600,40.88,41.22,40.83,41.18,6315239.0
1716336000,40.82,41.23,40.6,40.77,5801976.0
1716422400,40.8,40.85,39.755,40.02,7452459.0
1716508800,40.15,40.54,40.04,40.53,6156240.0
1716854400,40.61,40.71,39.645,39.77,7657183.0
1716940800,39.16,39.16,38.64,39.04,6229616.0
1717027200,39.4,39.55,38.76,39.38,6229241.0
1717113600,39.65,40.6,39.53,40.55,9153504.0
1717372800,40.76,40.8,39.3101,39.73,6361835.0
1717459200,39.35,39.87,38.9,38.96,9953444.0
1717545600,39.07,39.105,38.32,39.08,12487850.0
1717632000,39.08,39.36,38.75,39.02,6331972.0
1717718400,38.71,39.365,38.7,39.02,8218147.0
1717977600,38.65,39.075,38.295,38.75,10632710.0
1718064000,38.69,38.82,37.81,38.45,12501130.0
1718150400,39.61,40.11,39.13,39.28,10299910.0
1718236800,39.18,39.5,38.74,39.26,5935945.0
1718323200,38.76,39.09,38.47,38.83,5121887.0
1718582400,38.7,39.14,38.48,39.09,5697648.0
1718668800,39.0,39.41,38.86,39.29,6308932.0
1718841600,39.11,39.34,38.8695,39.28,6710904.0
1718928000,39.05,39.855,38.715,39.7,16343810.0
1719187200,39.89,40.82,39.71,40.55,9549170.0
1719273600,40.38,40.59,39.675,40.02,6901040.0
1719360000,39.71,40.01,39.355,39.71,7854730.0
1719446400,39.22,39.705,38.87,39.68,6874531.0
1719532800,39.54,40.08,39.3203,39.7,12212240.0
1719792000,39.81,39.95,39.065,39.24,8068949.0
1719878400,39.13,40.055,39.05,39.97,9381412.0
1719964800,39.98,40.28,39.51,39.51,3715540.0
1720137600,39.52,39.555,38.89,39.04,5656021.0
1720396800,39.15,39.52,39.05,39.46,5295023.0
1720483200,39.18,40.06,39.07,39.87,8003050.0
1720569600,40.0,40.83,39.81,40.8,9598555.0
1720656000,41.23,42.11,41.1685,41.93,9239953.0
1720742400,41.98,42.45,41.66,42.1,8322179.0
1721001600,42.6,42.93,42.315,42.35,10435600.0
1721088000,42.58,43.435,42.35,43.29,12869850.0
1721174400,43.98,45.66,43.8,45.26,21306510.0
1721260800,44.79,45.63,44.37,44.41,17219340.0
1721347200,44.74,44.965,44.26,44.76,11842310.0
1721606400,44.63,45.22,43.955,45.04,12327710.0
1721692800,44.84,45.68,44.68,45.55,8131502.0
1721779200,45.59,45.84,44.705,44.77,8059350.0
1721865600,44.77,45.72,44.6,45.09,9489867.0
1721952000,45.19,45.66,45.06,45.46,5681656.0
1722211200,45.6,45.6886,45.13,45.37,5011194.0
1722297600,45.58,45.88,45.22,45.47,8211067.0
1722384000,45.51,45.55,44.755,44.88,8859261.0
1722470400,44.92,44.92,43.315,43.48,11219510.0
1722556800,42.66,42.745,41.96,42.35,8485453.0
1722816000,41.13,41.395,40.41,40.8,10994170.0
1722902400,40.74,42.06,40.52,41.67,9184784.0
1722988800,42.39,42.74,41.33,41.39,6840966.0
1723075200,41.79,42.2,41.54,41.76,6364461.0
1723161600,41.61,42.14,41.61,42.07,6486583.0
1723420800,42.24,42.65,41.32,41.47,7620138.0
1723507200,41.82,42.42,41.43,42.4,7457301.0
1723593600,42.44,42.49,42.05,42.34,8036182.0
1723680000,43.05,43.305,42.72,42.81,6512747.0
1723766400,42.81,43.33,42.81,43.19,5369520.0
1724025600,43.25,43.67,43.25,43.66,4575384.0
1724112000,43.48,43.95,43.39,43.74,6587396.0
1724198400,43.85,43.99,43.28,43.7,4262070.0
1724284800,43.69,44.23,43.69,44.19,4836952.0
1724371200,44.51,45.6,44.34,45.39,5094524.0
1724630400,45.75,45.83,45.42,45.62,5849856.0
1724716800,45.595,45.78,45.4539,45.73,5458069.0
1724803200,45.57,46.385,45.57,46.13,6213881.0
1724889600,46.37,46.77,45.51,46.53,7064745.0
1724976000,46.67,47.31,46.6,47.23,14262640.0
1725321600,47.275,47.31,46.205,46.39,7980339.0
1725408000,46.35,46.805,45.89,46.06,5999587.0
1725494400,46.54,46.54,45.4247,45.54,5971435.0
1725580800,45.61,45.9399,44.33,44.49,7635419.0
1725840000,44.93,45.44,44.77,45.26,7146205.0
1725926400,45.4,45.4,44.02,45.03,7000614.0
1726012800,44.64,44.8,43.58,44.75,8448605.0
1726099200,45.38,45.97,43.49,43.85,14746810.0
1726185600,44.16,44.74,44.11,44.62,8757263.0
1726444800,44.85,45.13,44.32,44.69,9524595.0
1726531200,44.975,45.28,44.53,44.68,6286775.0
1726617600,44.74,45.805,44.61,45.18,11035300.0
1726704000,46.28,46.62,45.6,46.47,9002051.0
1726790400,46.29,46.37,45.84,46.01,11026230.0
1727049600,46.14,46.3,45.76,45.86,5205595.0
1727136000,45.86,45.98,45.28,45.64,6197586.0
1727222400,45.68,45.68,44.7,44.75,6848363.0
1727308800,45.03,45.43,44.24,45.3,9679445.0
1727395200,45.52,45.95,45.22,45.48,6884719.0
1727654400,45.27,45.78,44.865,45.73,7028335.0
1727740800,45.38,45.4212,44.32,44.46,6273022.0
1727827200,44.47,44.91,44.014,44.25,6114298.0
1727913600,44.04,44.105,43.44,43.98,4513231.0
1728000000,44.72,44.95,44.17,44.7,5438129.0
1728259200,44.58,44.69,44.025,44.47,5108387.0
1728345600,44.565,44.73,44.155,44.26,4587960.0
1728432000,44.33,45.15,44.15,45.1,6848304.0
1728518400,44.9,45.0577,44.495,44.94,5310654.0
1728604800,45.4,46.5808,45.34,46.26,8809001.0
1728864000,46.19,47.2,46.09,47.12,8166677.0
1728950400,47.45,48.08,46.94,47.0,8595515.0
1729036800,48.735,50.11,48.735,49.21,27957350.0
1729123200,49.87,50.47,49.1,49.97,16053150.0
1729209600,50.11,50.15,48.9561,49.16,10983630.0
1729468800,49.03,49.1572,47.86,47.92,6648264.0
1729555200,47.74,48.15,47.42,48.03,6854202.0
1729641600,47.81,48.53,47.78,48.53,6844454.0
1729728000,48.47,48.73,48.195,48.45,7804528.0
1729814400,48.85,48.95,47.6901,47.74,6601339.0
1730073600,48.12,48.6899,47.935,48.59,5781058.0
1730160000,48.42,48.7,48.06,48.22,7499820.0
1730246400,48.22,49.365,48.22,48.68,8434921.0
1730332800,48.67,48.82,48.225,48.31,6913266.0
1730419200,48.71,48.96,47.815,47.84,5480459.0
1730678400,47.86,47.865,47.14,47.19,7720539.0
1730764800,47.29,47.87,47.22,47.61,4379755.0
1730851200,50.28,51.76,50.0,51.26,17523430.0
1730937600,50.84,51.01,49.34,49.56,9625859.0
1731024000,49.77,50.355,49.35,50.21,8615275.0
1731283200,50.88,51.46,50.785,51.04,8192491.0
1731369600,50.94,51.26,50.375,50.76,7564598.0
1731456000,50.91,51.6799,50.7614,51.17,7130595.0
1731542400,51.285,51.285,50.235,50.31,10345130.0
1731628800,50.27,50.65,49.74,49.9,13570860.0
1731888000,49.96,50.79,49.835,50.61,7472289.0
1731974400,49.89,50.62,49.5907,50.4,5066239.0
1732060800,50.6,50.96,50.29,50.74,8071262.0
1732147200,50.85,52.08,50.8,51.39,8218027.0
1732233600,51.37,52.69,51.37,52.49,8301608.0
1732492800,53.26,53.9295,53.16,53.63,10234420.0
1732579200,53.76,53.795,53.28,53.66,5767560.0
1732665600,53.75,53.98,53.22,53.48,4506594.0
1732838400,53.6,53.75,53.07,53.29,3287928.0
1733097600,53.5,53.5,52.53,52.77,5110448.0
1733184000,52.76,52.885,51.83,52.1,6520424.0
1733270400,52.23,52.42,51.59,52.01,4670043.0
1733356800,52.01,52.58,51.9484,52.12,7020209.0
1733443200,52.24,52.59,51.78,52.18,4683487.0
1733702400,52.24,52.265,51.26,51.31,5415155.0
1733788800,51.55,51.81,50.78,51.57,6357617.0
1733875200,52.0,52.24,51.25,51.32,7842542.0
1733961600,51.51,51.81,51.07,51.1,7596741.0
1734048000,51.23,51.33,50.73,51.03,6426776.0
1734307200,51.16,51.37,50.64,51.36,8427159.0
1734393600,50.98,51.24,49.68,49.98,6774156.0
1734480000,50.12,50.25,47.57,47.61,8970093.0
1734566400,48.27,48.5473,47.18,47.41,9803278.0
1734652800,47.28,48.5699,47.22,47.92,20225040.0
1734912000,47.54,48.36,47.47,48.32,4600870.0
1734998400,48.44,48.83,48.23,48.83,2393788.0
1735171200,48.66,49.125,48.33,49.01,3448268.0
1735257600,48.74,49.26,48.24,48.49,4957109.0
1735516800,48.12,48.585,47.655,48.25,4868438.0
1735603200,47.96,48.31,47.62,47.83,4521417.0
1735776000,48.18,48.3,47.54,47.86,6227857.0
1735862400,48.02,48.89,47.83,48.86,6419138.0
1736121600,49.21,49.67,48.65,48.73,7261802.0
1736208000,49.31,49.46,48.47,48.7,6014509.0
1736294400,48.66,48.69,47.89,48.52,5955541.0
1736467200,47.89,48.09,47.05,47.38,8528550.0
1736726400,47.54,48.41,47.41,48.39,9164676.0
1736812800,48.81,49.345,48.675,49.06,8753167.0
1736899200,50.45,51.12,50.24,50.9,13935610.0
1736985600,47.89,49.21,47.2,48.03,19042990.0
1737072000,48.78,48.78,47.41,48.36,14835670.0
1737417600,48.66,49.405,48.3261,49.32,11643940.0
1737504000,48.99,49.09,47.94,48.63,9541203.0
1737590400,48.74,48.95,48.1499,48.43,8139149.0
1737676800,48.17,49.38,48.17,49.07,8259474.0
1737936000,49.25,49.72,49.02,49.54,5987579.0
1738022400,49.6,49.76,47.96,48.44,12309870.0
1738108800,48.35,49.1775,47.55,47.66,15331770.0
1738195200,48.2,48.46,47.7,48.0,6683474.0
1738281600,48.0,48.35,47.67,47.78,11182690.0
1738540800,46.84,47.44,46.55,46.87,10880980.0
1738627200,47.15,47.83,46.975,47.45,10381420.0
1738713600,47.82,48.195,47.289,47.38,10811070.0
1738800000,47.93,48.07,47.39,47.74,9101325.0
1738886400,47.81,48.0,46.885,47.23,8115361.0
1739145600,47.28,47.32,46.475,46.88,8459759.0
1739232000,46.69,47.675,46.4601,47.59,7744914.0
1739318400,47.15,47.62,46.985,47.49,6180233.0
1739404800,47.47,47.56,46.845,47.39,6352207.0
1739491200,47.56,48.05,47.5,47.75,5398893.0
1739836800,47.88,47.996,47.56,47.94,5459776.0
1739923200,47.48,47.6,46.045,47.12,10999380.0
1740009600,47.1,47.24,46.15,46.76,6909131.0
1740096000,46.8,46.93,45.7447,45.87,9326990.0
1740355200,46.08,46.19,45.415,45.61,8069411.0
1740441600,45.99,46.2,45.365,45.91,12635830.0
1740528000,46.19,46.54,45.605,45.75,9056100.0
1740614400,45.82,46.765,45.82,46.28,6315500.0
1740700800,46.45,46.94,46.08,46.9,10100680.0
1740960000,47.11,47.37,45.77,46.24,9676018.0
1741046400,45.5,45.75,44.18,44.61,10798590.0
1741132800,44.58,45.0,43.875,44.67,8956701.0
1741219200,44.21,44.82,43.84,44.38,9879813.0
1741305600,44.38,44.79,43.58,44.72,10793230.0
1741564800,43.8,44.3008,41.975,42.37,18143830.0
1741651200,42.4,42.71,41.4,41.56,17587430.0
1741737600,42.12,42.21,41.02,41.68,13661420.0
1741824000,41.93,41.97,40.81,40.92,9565355.0
1741910400,41.32,42.095,41.13,42.02,12740240.0
1742169600,41.98,42.5,41.675,42.18,9851496.0
1742256000,42.36,42.535,42.075,42.28,13725470.0
1742342400,42.28,42.92,42.17,42.68,12043400.0
1742428800,42.26,43.09,42.2,42.61,9203064.0
1742515200,42.35,43.005,42.12,42.84,69001630.0
1742774400,43.22,43.86,43.11,43.76,8235222.0
1742860800,43.78,44.03,43.4894,43.7,7377795.0
1742947200,43.92,44.455,43.575,43.77,9585370.0
1743033600,43.735,43.9,43.13,43.23,8171587.0
1743120000,43.16,43.43,42.145,42.26,7154099.0
1743379200,41.39,42.34,41.16,42.22,10548360.0
1743465600,41.86,42.01,41.335,41.77,9514178.0
1743552000,41.27,43.07,41.27,43.01,10427090.0
1743638400,41.145,41.22,38.71,38.79,16695420.0
1743724800,37.37,37.69,35.74,36.83,19859280.0
1743984000,35.8,38.3299,35.18,36.8,21816440.0
1744070400,37.94,38.605,35.725,36.4,18709410.0
1744156800,35.82,39.85,35.49,39.3,22911620.0
1744243200,38.46,38.48,36.36,37.25,20954110.0
1744329600,37.0,37.965,36.48,37.86,18556260.0
1744588800,38.51,38.775,37.77,38.2,12809870.0
1744675200,38.24,39.38,38.24,38.63,11717260.0
1744761600,38.22,39.15,37.43,37.82,17381550.0
1744848000,37.94,38.682,37.8,38.2,12538840.0
1745193600,37.91,38.08,37.245,37.81,11261350.0
1745280000,38.26,39.065,38.16,39.0,8311430.0
1745366400,40.0,41.15,39.315,39.51,12753920.0
1745452800,39.3,40.2,39.255,40.05,9478481.0
1745539200,39.76,40.1263,39.65,39.92,6432813.0
1745798400,40.05,40.39,39.775,40.18,5264899.0
1745884800,39.95,40.565,39.76,40.5,8390352.0
1745971200,39.73,40.47,39.285,40.34,10563220.0
1746057600,40.16,40.91,39.99,40.5,7192134.0
1746144000,40.83,41.6,40.75,41.47,9089528.0
1746403200,41.0,42.0165,40.9411,41.46,5230531.0
1746489600,40.98,41.395,40.886,40.98,5271066.0
1746576000,41.25,41.68,41.13,41.3,8325885.0
1746662400,41.78,42.35,41.5,42.14,8840786.0
1746748800,42.14,42.275,41.815,42.02,6997689.0
1747008000,43.91,44.36,43.715,44.01,12302220.0
1747094400,44.0,44.5,43.81,44.37,10139260.0
1747180800,44.22,44.35,44.0,44.23,5877274.0
1747267200,44.23,44.688,44.22,44.58,6534080.0
1747353600,44.61,44.995,44.295,44.92,7369356.0
1747612800,44.4,44.87,44.31,44.79,5717797.0
1747699200,44.67,44.72,44.26,44.41,6605665.0
1747785600,44.07,44.125,42.86,42.89,6299028.0
1747872000,42.89,43.455,42.625,43.12,6608903.0
1747958400,42.22,43.11,42.21,42.94,5798567.0
1748304000,43.55,43.7471,43.025,43.74,6500472.0
1748390400,43.74,43.87,43.16,43.23,4800120.0
1748476800,43.55,43.78,43.175,43.76,6373152.0
1748563200,43.57,43.7778,43.2,43.59,9784910.0
1748822400,43.31,43.64,42.775,43.62,6159550.0
1748908800,43.58,44.475,43.5,44.38,10105550.0
1748995200,44.48,44.73,43.855,43.9,6980501.0
1749081600,44.15,44.15,43.49,43.68,6079200.0
1749168000,44.41,44.83,44.26,44.77,7647826.0
1749427200,45.0,45.25,44.76,44.87,5604997.0
1749513600,44.99,45.405,44.82,45.24,5792482.0
1749600000,45.08,45.11,44.125,44.2,13018070.0
1749686400,44.01,44.17,43.595,44.16,9553234.0
1749772800,43.7,43.805,42.85,42.99,9468800.0
1750032000,43.56,43.61,43.1,43.15,14247880.0
1750118400,42.965,43.17,42.61,42.69,10921450.0
1750204800,42.56,43.42,42.55,43.27,12696580.0
1750377600,43.35,43.55,43.1801,43.29,22312740.0
1750636800,43.175,44.115,42.93,44.09,12500780.0
1750723200,44.515,44.95,44.43,44.54,10997060.0
1750809600,44.41,44.91,44.33,44.82,8481951.0
1750896000,45.0,45.68,44.935,45.62,13437130.0
1750982400,45.64,46.25,45.525,45.76,15796430.0
1751241600,45.4,45.6981,45.145,45.25,13621100.0
1751328000,44.97,46.58,44.905,46.49,16514370.0
1751414400,46.7,47.51,46.57,47.49,15421980.0
1751500800,47.68,48.055,47.52,47.93,7036266.0
1751846400,48.11,48.39,47.46,47.78,14353890.0
1751932800,47.79,47.925,47.485,47.66,13523660.0
1752019200,47.98,48.11,47.135,47.3,9179579.0
1752105600,47.31,47.875,47.185,47.57,8606296.0
1752192000,47.0,47.385,46.755,47.14,11510240.0
1752451200,47.26,47.26,46.785,47.06,13464510.0
1752537600,46.86,47.08,45.64,45.69,15895080.0
1752624000,45.96,46.19,44.965,45.68,21086500.0
1752710400,44.15,45.6,43.9161,45.21,25242830.0
1752796800,45.42,45.915,45.075,45.69,15539920.0
1753056000,45.78,46.5,45.75,45.78,10538230.0
1753142400,45.82,46.605,45.81,46.16,10511750.0
1753228800,46.52,46.65,46.115,46.29,10145810.0
1753315200,46.24,46.695,46.05,46.06,9025643.0
1753401600,46.13,46.36,45.51,46.32,8082304.0
1753660800,46.25,46.36,45.8447,46.09,6597607.0
1753747200,46.3,46.365,45.94,46.09,10034180.0
1753833600,46.29,46.58,45.65,45.88,11488730.0
1753920000,45.71,45.91,44.83,44.96,11817090.0
1754006400,44.32,44.545,43.46,43.94,9632984.0
1754265600,44.07,44.495,43.985,44.42,6515792.0
1754352000,44.6,44.705,43.83,44.56,8020591.0
1754438400,44.7,44.76,44.41,44.44,5854668.0
1754524800,44.87,44.88,43.955,44.09,5412578.0
1754611200,44.5,44.94,44.145,44.86,6066978.0
1754870400,44.83,45.07,44.34,44.56,7201919.0
1754956800,44.98,45.8,44.86,45.77,8836797.0
1755043200,45.81,46.695,45.62,46.61,10438170.0
1755129600,46.27,46.87,45.98,46.83,6181108.0
1755216000,46.96,47.09,45.93,45.93,8995800.0
1755475200,45.81,46.155,45.7225,46.11,5893264.0
1755561600,46.05,46.57,45.91,46.21,5597386.0
1755648000,46.3,46.53,45.955,46.41,7720220.0
1755734400,46.22,46.385,45.86,46.17,4976019.0
1755820800,46.5,48.36,46.39,48.28,12679320.0
1756080000,48.1,48.265,47.98,48.16,7520786.0
1756166400,47.94,48.62,47.94,48.57,9280612.0
1756252800,48.5,48.995,48.38,48.76,9492920.0
1756339200,48.97,48.98,48.38,48.67,10464800.0
1756425600,48.72,49.06,48.58,48.83,12070030.0
1756771200,48.34,48.545,47.95,48.52,7053963.0
1756857600,48.48,48.94,48.02,48.54,8335475.0
1756944000,48.76,49.2,48.42,49.17,5564609.0
1757030400,49.35,49.49,48.36,48.8,8041191.0
1757289600,48.84,48.84,48.03,48.65,8543629.0
1757376000,48.66,49.99,48.56,49.37,17261760.0
1757462400,49.51,49.74,48.925,49.2,9988869.0
1757548800,49.3,49.54,49.045,49.32,8636525.0
1757635200,49.35,49.3801,48.8,49.13,8103568.0
1757894400,49.16,49.565,49.01,49.29,7730091.0
1757980800,49.47,49.47,48.03,48.39,13158800.0
1758067200,48.6,50.17,48.57,49.61,12828120.0
1758153600,49.67,50.355,49.41,50.21,12345930.0
1758240000,50.44,50.52,50.025,50.41,20595320.0
1758499200,49.94,50.07,49.235,49.49,7669987.0
1758585600,49.46,50.22,49.1,49.35,9971169.0
1758672000,49.28,49.625,48.915,49.18,6621485.0
1758758400,49.04,49.33,48.805,49.03,7198991.0
1758844800,49.4,49.72,49.07,49.44,8309467.0
1759104000,49.42,49.5128,48.515,48.99,9379527.0
1759190400,48.52,48.7196,47.465,48.33,10181240.0
1759276800,48.18,48.35,47.82,47.88,9420002.0
1759363200,47.86,48.115,47.6118,47.91,8468607.0
1759449600,48.03,48.45,47.845,48.07,9291494.0
1759708800,48.31,48.995,47.475,47.72,8426854.0
1759795200,48.04,48.23,47.4515,47.5,6618995.0
1759881600,47.73,47.7499,46.875,46.99,5315695.0
1759968000,47.18,47.4,46.755,47.1,7011532.0
1760054400,47.34,47.4,45.225,45.28,12468400.0
1760313600,45.89,46.32,45.59,46.16,6896732.0
1760400000,45.99,47.3607,45.925,47.09,8844949.0
1760486400,47.36,47.42,46.165,46.45,11325220.0
1760572800,47.24,47.78,45.39,45.65,21622940.0
1760659200,46.29,46.495,45.505,45.69,14032370.0
1760918400,45.97,47.19,45.91,47.1,9439099.0
1761004800,47.03,47.83,46.95,47.61,11278310.0
1761091200,47.65,47.84,47.07,47.33,8497429.0
1761177600,47.66,47.875,47.0945,47.82,12065730.0
1761264000,48.21,48.605,48.13,48.26,10982550.0
1761523200,48.44,48.489,47.495,47.8,10275440.0
1761609600,47.54,47.67,47.09,47.27,7549175.0
1761696000,46.91,47.485,46.365,46.64,8829467.0
1761782400,46.65,47.71,46.61,46.84,7191028.0
1761868800,46.43,46.87,46.08,46.68,9636570.0
1762128000,46.55,46.81,45.983,46.62,10455580.0
1762214400,46.45,46.985,46.155,46.43,7204300.0
1762300800,46.43,47.0061,46.015,46.74,5577507.0
1762387200,46.79,47.18,46.49,46.85,7170053.0
1762473600,46.62,47.34,46.47,47.32,6870389.0
1762732800,47.41,47.8058,47.11,47.58,5685885.0
1762819200,47.7,47.94,47.32,47.62,4751626.0
1762905600,47.77,48.51,47.6967,47.89,5664444.0
1762992000,47.73,48.015,47.07,47.31,6287923.0
1763078400,47.19,47.38,46.665,47.1,6121547.0
1763337600,46.9,46.99,45.27,45.47,7832359.0
1763424000,45.27,46.34,45.02,45.92,8035259.0
1763510400,45.88,46.84,45.8,46.8,8899147.0
1763596800,47.2,47.76,46.4275,46.49,8172463.0
1763683200,46.83,48.155,46.63,47.78,7874033.0
1763942400,47.77,47.93,47.215,47.75,10955820.0
1764028800,48.05,49.185,47.98,48.91,10153120.0
1764115200,48.92,49.3,48.74,48.95,4452844.0
1764288000,48.91,49.255,48.84,49.05,3280060.0
1764547200,48.94,49.8475,48.92,49.41,8975615.0
1764633600,49.63,49.98,49.17,49.68,10791780.0
1764720000,49.96,50.96,49.79,50.93,9578384.0
1764806400,50.95,51.51,50.9,51.37,7917623.0
1764892800,51.17,51.78,51.12,51.26,7693520.0
1765152000,51.38,51.91,51.235,51.41,7502966.0
1765238400,51.3,52.0,51.3,51.57,9187319.0
1765324800,51.57,53.73,51.57,53.56,10355370.0
1765411200,53.32,53.96,53.32,53.58,10115930.0
1765497600,53.94,53.98,53.33,53.42,9239711.0
1765756800,53.82,54.0075,53.42,53.71,12045490.0
1765843200,53.89,53.9,53.155,53.47,9658426.0
1765929600,53.7,54.035,53.58,53.74,9936498.0
1766016000,53.8,54.41,53.52,53.87,9095624.0
1766102400,53.89,54.245,53.75,54.16,24506790.0
1766361600,54.11,54.9,54.05,54.87,7654126.0
1766448000,54.91,55.13,54.47,54.49,6205901.0
1766534400,54.65,55.15,54.42,54.94,3536062.0
1766707200,54.95,55.04,54.63,54.99,3905256.0
1766966400,54.98,55.03,54.41,54.5,4354340.0
1767052800,54.6,54.6,54.13,54.31,4955968.0
1767139200,53.94,53.97,53.335,53.36,6050830.0
1767312000,53.33,54.18,52.99,53.93,11657030.0
1767571200,54.12,56.1,54.0,55.49,11699490.0
1767657600,55.41,56.195,55.215,56.08,9362542.0
1767744000,55.75,55.95,54.72,54.87,8232184.0
1767830400,54.77,55.98,54.695,55.53,9499370.0
1767916800,55.52,55.86,55.21,55.21,5986735.0
1768176000,54.0,54.43,53.56,54.39,15801900.0
1768262400,54.5,54.69,53.625,54.05,15727430.0
1768348800,53.78,53.91,53.225,53.5,15910220.0
1768435200,53.54,54.28,53.54,53.95,10717170.0
1768521600,53.89,55.0,53.89,54.4,13808360.0
1768867200,53.85,55.3425,53.75,54.38,13527610.0
1768953600,55.0,56.12,54.75,55.47,14689770.0
1769040000,55.63,56.6969,55.63,56.18,22469840.0
1769126400,55.93,56.205,55.28,55.47,15675280.0
1769385600,55.6,56.09,55.405,55.83,8542820.0
1769472000,55.95,56.695,55.85,56.53,12743400.0
1769558400,56.35,56.4511,55.32,55.74,7746650.0
1769644800,56.14,56.52,55.66,56.33,8084259.0
1769731200,56.05,56.5,55.5415,56.11,9826744.0
1769990400,56.14,57.42,55.99,57.36,10468470.0
1770076800,57.5,58.86,57.0,58.69,18927560.0
1770163200,59.18,60.605,59.11,59.42,18509880.0
1770249600,59.1,59.63,58.59,59.11,11463480.0
1770336000,59.95,60.91,59.79,60.69,11998800.0
1770595200,60.46,60.87,60.26,60.35,7113047.0
1770681600,60.12,60.985,59.795,60.55,8501764.0
1770768000,61.0,61.19,58.695,58.96,14329180.0
1770854400,59.39,60.02,57.26,57.83,16654480.0
1770940800,57.45,58.14,56.8389,57.69,9284424.0
1771286400,58.27,58.9,57.96,58.17,7253175.0
1771372800,58.18,59.04,58.09,58.76,7355723.0
1771459200,58.21,58.47,57.41,57.89,6914960.0
1771545600,57.8,58.68,57.27,58.66,8805887.0
1771804800,58.63,58.87,55.525,55.81,9705007.0
1771891200,55.37,55.8199,54.55,55.03,9373829.0
1771977600,55.53,56.145,55.185,56.05,8646917.0
1772064000,56.81,58.1,56.46,57.26,10932200.0
1772150400,56.21,56.5014,54.085,54.66,13058710.0
1772409600,53.65,55.265,53.25,54.63,8980727.0
1772496000,53.19,54.69,52.92,53.99,11508970.0
1772582400,54.34,54.565,53.73,54.34,6987617.0
1772668800,53.53,54.32,53.195,53.91,12849340.0
1772755200,52.6,52.85,51.37,52.37,9804910.0
1773014400,51.53,52.435,50.32,52.13,11260900.0
1773100800,52.14,52.8953,51.35,51.95,10461470.0
1773187200,52.1,52.495,51.36,52.23,12058280.0
1773273600,51.13,52.03,51.095,51.48,11993600.0
1773360000,52.07,52.165,50.915,51.0,10742510.0
1773619200,51.56,51.975,51.07,51.16,10617980.0
1773705600,51.99,52.355,51.43,51.58,8280839.0
1773792000,51.85,52.325,51.27,51.32,10519750.0
1773878400,50.98,51.84,50.39,51.3,9543035.0
1773964800,51.41,51.67,50.67,51.25,21632620.0
1774224000,52.83,52.95,51.435,51.52,12235370.0
1774310400,50.77,52.56,50.75,52.14,13434740.0
1774396800,52.32,52.78,51.4301,51.89,8957684.0
1774483200,51.5,51.94,51.31,51.59,7317228.0
1774569600,51.29,51.5,50.5,50.85,10774380.0
1774828800,51.17,51.305,50.505,50.88,8690016.0
1774915200,51.18,52.125,50.72,52.01,15709960.0
1775001600,52.75,53.02,52.2601,52.75,7985858.0
1775088000,51.95,53.075,51.6,52.95,7052721.0
1775433600,53.01,53.58,52.8685,53.44,6535882.0
1775520000,53.27,53.8,53.16,53.7,9198326.0
1775606400,55.22,55.75,54.755,55.36,8145637.0
1775692800,55.06,56.54,55.04,56.33,10182800.0
1775779200,56.29,56.32,55.57,55.66,7385162.0
1776038400,55.29,56.565,54.95,56.51,5998257.0
1776124800,56.16,56.34,54.38,56.09,15677030.0
1776211200,56.12,56.755,55.84,56.37,11346930.0
1776297600,55.75,56.22,55.15,55.48,13686000.0
1776384000,55.95,57.39,55.85,56.93,11266250.0
1776643200,56.47,57.495,56.47,57.0,8288296.0
1776729600,57.1,58.05,56.7,56.84,9241055.0
1776816000,57.05,57.31,56.47,56.6,8558650.0
1776902400,56.86,57.235,56.085,56.63,6048873.0
1776988800,56.75,56.77,55.4,55.58,6146902.0
1777248000,55.63,56.42,55.56,55.97,6763718.0
1777334400,56.6,56.85,56.085,56.21,7394682.0
1777420800,56.21,56.46,55.485,56.17,9615601.0
1777507200,55.94,56.98,55.555,56.66,10918700.0
1777593600,56.69,57.05,56.3,56.3,6572866.0
1777852800,55.84,56.115,55.2,55.24,6218350.0
1777939200,55.52,55.8,55.3,55.6,7014509.0
1778025600,56.13,56.86,56.11,56.16,9217844.0
1778112000,56.22,56.48,55.04,55.31,11680380.0
1778198400,55.61,55.6424,54.91,55.53,10662480.0
1778457600,55.53,55.87,54.355,54.49,7847926.0
1778544000,54.55,54.88,53.62,54.48,9068794.0
1778630400,54.09,54.14,52.595,52.74,14646440.0
1778716800,53.34,53.84,53.26,53.42,7846432.0
1778803200,53.4,53.42,52.33,53.12,10007180.0
1779062400,53.15,53.7993,53.03,53.45,5987646.0
1779148800,53.235,53.67,52.61,53.3,7519902.0
1779235200,53.56,54.57,53.05,54.5,5250657.0
1779321600,54.33,54.645,53.89,54.56,6126688.0
1779408000,54.93,55.17,54.644,54.83,5106947.0
1779753600,55.16,55.49,54.74,55.22,5636310.0
1779840000,55.3,55.46,54.495,54.69,7949827.0
1779926400,54.67,54.9,54.1001,54.45,6702718.0
1780012800,54.42,54.93,54.09,54.85,13124660.0
1780272000,53.88,54.49,53.205,53.55,8404355.0
1780358400,53.35,54.725,53.25,54.6,7243738.0
1780444800,54.27,54.4,53.12,53.14,8073070.0
1780531200,53.78,55.55,53.37,55.46,8788803.0
1780617600,55.52,55.96,55.29,55.69,6500337.0
1780876800,55.59,56.105,55.18,55.35,7240947.0
1780963200,55.72,56.46,55.365,56.02,12464370.0
1781049600,56.06,57.65,55.8,56.81,12662790.0
1781136000,56.89,57.68,56.395,57.63,10191160.0
1781222400,58.32,59.285,58.08,58.94,9179692.0
1781481600,59.47,59.56,57.75,57.79,9353042.0
1781568000,58.48,58.935,57.99,58.89,7014155.0
1781654400,58.95,59.45,57.405,57.91,12390480.0
1781740800,58.61,58.741,57.545,58.14,22024000.0
1782086400,58.25,59.1001,58.25,58.68,8633605.0
1782172800,58.92,60.13,58.575,60.05,10932410.0
1782259200,60.02,60.3,59.73,60.11,10474330.0
1782345600,60.48,61.88,60.35,61.21,11435800.0
1782432000,61.44,61.51,60.35,60.91,14686300.0
1782691200,60.83,61.63,60.71,61.28,7071301.0
1782777600,60.49,60.87,60.21,60.4,9753468.0
1782864000,60.4,62.195,60.2,61.96,9392741.0
1782950400,62.2,62.38,61.19,61.73,6140224.0
1783296000,62.9,63.045,62.34,62.83,8638640.0
1783382400,63.27,63.39,62.86,62.89,5902223.0
1783468800,62.49,62.49,60.6,61.0,7351468.0
1783555200,61.25,61.99,61.04,61.9,6023381.0
1783641600,62.42,62.75,62.135,62.41,6421380.0
1783900800,62.78,62.93,61.96,62.34,6103128.0
1783987200,62.04,63.1425,61.825,62.14,7384779.0
1784073600,62.15,63.16,62.12,63.01,8850274.0
1784160000,63.0,64.27,62.4,64.01,12071380.0
1784246400,64.11,64.84,63.11,63.14,13160760.0
1784505600,63.72,63.97,62.97,63.14,11493410.0
1784592000,63.1,63.75,62.64,63.71,9601471.0
1784678400,63.85,64.52,63.45,64.47,9758724.0
1784764800,63.73,63.935,62.87,63.33,7679082.0
1784851200,63.38,64.125,63.36,63.97,7094359.0
1785110400,64.1,64.6739,63.2205,63.49,6328740.0
1785196800,63.66,64.46,63.45,64.43,8094303.0
1785283200,64.01,64.29,62.605,62.82,8433176.0
1785369600,63.34,63.34,62.335,62.9,7182630.0
1785456000,63.06,63.3,62.54,63.01,9086143.0
1785715200,63.36,63.96,63.085,63.94,5525487.0
1785801600,63.53,64.85,63.51,64.23,9982849.0
1785888000,64.5,64.67,64.05,64.21,9713700.0
1785974400,64.72,65.02,63.625,63.81,6228590.0
1786060800,63.6,64.06,63.11,63.94,4412455.0
1786320000,63.51,64.315,63.435,64.19,5624857.0
1786406400,64.18,64.6,63.915,64.29,3179966.0
1786492800,64.6,65.1,64.23,65.02,4193590.0
1786579200,65.11,65.605,64.965,65.17,3994690.0
1786665600,65.07,65.56,64.93,65.42,4690419.0
1786924800,65.22,66.075,64.78,64.87,5602525.0
1787011200,65.18,65.32,64.265,64.79,6047571.0
1787097600,64.84,64.91,62.635,62.82,7788612.0
1787184000,62.7,63.055,61.77,61.78,5713343.0
1787270400,62.23,62.43,61.4601,62.05,6375686.0
1787529600,62.28,62.95,61.98,62.42,6360717.0
1787616000,62.44,62.495,61.99,62.41,6311574.0
1787702400,62.45,63.18,62.095,62.8,6780981.0
1787788800,62.0,62.56,61.81,62.4,6128124.0
1787875200,62.76,62.98,62.25,62.47,6256139.0
1788134400,62.31,62.39,61.58,61.58,8207768.0
1788220800,61.64,62.118,60.795,61.21,6902611.0
1788307200,61.68,63.185,61.51,62.77,7335482.0
1788393600,63.0,63.71,62.815,63.53,5681801.0
1788480000,63.25,63.665,62.739,63.37,5042576.0
1788825600,63.01,63.25,62.49,62.49,5584622.0
1788912000,62.33,62.77,61.89,62.11,5619167.0
1788998400,61.87,62.42,61.71,62.41,4815200.0
1789084800,63.12,63.36,62.26,62.84,5774212.0
1789344000,62.8,63.2125,62.29,62.68,8891646.0
1789430400,62.92,63.175,61.86,62.22,6761755.0
1789516800,62.14,62.96,58.81,59.73,17455110.0
1789603200,60.58,60.69,59.7,60.25,8302136.0
1789689600,59.85,60.335,59.65,60.06,14868820.0
1789948800,60.44,60.665,59.8676,60.44,7376002.0
1790035200,60.75,60.75,58.86,59.44,9479038.0
1790121600,59.0,59.38,58.42,58.48,7644563.0
1790208000,58.61,58.785,57.95,58.4,7083330.0
