timestamp,open,high,low,close,volume
1474848000,24.1033,24.11,23.84,23.8733,17822852.0
1474934400,23.9767,24.1633,23.86,24.11,19016168.0
1475020800,24.0733,24.1067,23.7933,23.93,18543773.0
1475107200,23.8567,23.9033,23.54,23.5767,23955425.0
1475193600,23.8333,24.1517,23.8,24.04,29918439.0
1475452800,23.9433,24.0483,23.8667,24.0033,17571725.0
1475539200,24.0,24.19,23.85,23.9167,19707845.0
1475625600,23.9567,24.0883,23.8667,23.89,19384544.0
1475712000,23.4,23.4767,22.9633,23.12,60274386.0
1475798400,23.0867,23.1567,22.7233,22.9,37941094.0
1476057600,22.9167,22.9867,22.5833,22.66,26944704.0
1476144000,22.65,22.6533,22.4333,22.4633,25756122.0
1476230400,22.58,22.6367,22.4566,22.4867,26814525.0
1476316800,22.3967,22.8467,22.3567,22.7433,27562095.0
1476403200,22.8067,22.9367,22.7367,22.8167,19247726.0
1476662400,22.8833,22.8833,22.6,22.74,22480151.0
1476748800,22.8567,22.9933,22.7433,22.9567,23538953.0
1476835200,23.0733,23.1133,22.8983,22.9633,21343616.0
1476921600,22.9933,23.0267,22.8567,22.91,18858545.0
1477008000,22.78,22.8767,22.6633,22.78,23516009.0
1477267200,22.8733,23.1233,22.7967,23.0633,21470588.0
1477353600,23.0033,23.29,23.0,23.12,22889222.0
1477440000,23.1,23.27,23.0467,23.1967,15140630.0
1477526400,23.2,23.3333,23.13,23.2767,21385796.0
1477612800,23.2667,23.4033,23.2433,23.33,20846225.0
1477872000,23.3533,23.39,23.2833,23.34,19167119.0
1477958400,23.3267,23.3533,23.0467,23.1,26496402.0
1478044800,23.0667,23.3233,23.0667,23.15,22935365.0
1478131200,23.21,23.36,23.1167,23.21,20411453.0
1478217600,23.2367,23.3133,23.0433,23.0533,21781832.0
1478476800,23.2067,23.28,23.0533,23.26,29255058.0
1478563200,23.2367,23.3467,23.1567,23.2633,22858697.0
1478649600,23.1,23.8333,23.0967,23.7,50297675.0
1478736000,23.75,24.03,23.6667,23.7967,42946504.0
1478822400,23.7033,23.76,23.5333,23.7433,24642920.0
1479081600,23.72,23.77,23.3967,23.4967,38732464.0
1479168000,23.5967,23.8067,23.45,23.8067,29145816.0
1479254400,23.9167,24.02,23.7767,23.7967,33537633.0
1479340800,23.0267,23.1733,22.7067,23.0633,70232977.0
1479427200,22.9767,23.1333,22.8133,22.8467,33361263.0
1479686400,22.87,23.1333,22.8067,23.1233,25016760.0
1479772800,23.2433,23.4733,23.2433,23.3733,32952063.0
1479859200,23.4067,23.6283,23.3933,23.61,22327460.0
1480032000,23.7033,23.8833,23.66,23.7433,12703150.0
1480291200,23.6433,23.84,23.6,23.73,21271856.0
1480377600,23.7933,23.93,23.7333,23.79,21930044.0
1480464000,23.64,23.72,23.3883,23.4767,27973200.0
1480550400,23.4167,23.5767,23.35,23.5567,20549075.0
1480636800,23.5267,23.65,23.4833,23.6267,20005151.0
1480896000,23.6333,23.6633,23.27,23.3133,31534743.0
1480982400,23.3367,23.4633,23.1667,23.4533,23301134.0
1481068800,23.31,23.55,23.3,23.5333,20898557.0
1481155200,23.4933,23.6333,23.44,23.4467,20532578.0
1481241600,23.4233,23.4767,23.2467,23.36,32258523.0
1481500800,23.3567,23.9267,23.34,23.89,27188691.0
1481587200,23.89,24.0767,23.87,23.9333,26318121.0
1481673600,23.9667,24.16,23.7267,23.78,26005695.0
1481760000,23.74,23.9333,23.6767,23.6933,21388658.0
1481846400,23.69,23.88,23.5317,23.66,53496575.0
1482105600,23.6133,23.9163,23.6133,23.86,17663006.0
1482192000,23.91,23.9777,23.8367,23.94,18324182.0
1482278400,23.8867,24.0,23.7467,23.7467,15281312.0
1482364800,23.7467,23.7467,23.07,23.1967,33532923.0
1482451200,23.1433,23.2497,23.12,23.18,14411242.0
1482796800,23.1,23.2717,23.0833,23.2333,13306306.0
1482883200,23.3133,23.3333,23.0867,23.1033,14449171.0
1482969600,23.07,23.1733,23.04,23.0867,12891388.0
1483056000,23.04,23.1433,22.9433,23.04,20668286.0
1483401600,23.08,23.08,22.6833,22.8867,31403163.0
1483488000,22.8867,23.21,22.8667,23.02,23691956.0
1483574400,22.81,23.11,22.7067,23.07,21297125.0
1483660800,22.8033,22.8333,22.67,22.7533,28443528.0
1483920000,22.7767,22.9333,22.7733,22.9033,26003787.0
1484006400,22.88,23.09,22.74,22.7433,30723123.0
1484092800,22.7333,22.8733,22.73,22.8433,20050796.0
1484179200,22.7867,22.8533,22.64,22.6567,19630070.0
1484265600,22.66,22.6733,22.36,22.3767,29992905.0
1484611200,22.6967,23.0967,22.6867,22.8067,39480874.0
1484697600,22.6267,22.7033,22.5133,22.7033,21959285.0
1484784000,22.71,22.73,22.4933,22.54,20341448.0
1484870400,22.58,22.61,22.34,22.3933,35229634.0
1485129600,22.3367,22.3933,22.1867,22.2167,23796413.0
1485216000,22.2967,22.47,22.22,22.4667,31197573.0
1485302400,22.5067,22.5767,22.2633,22.2967,26078310.0
1485388800,22.3767,22.408,22.2067,22.2433,19492988.0
1485475200,22.2867,22.3233,21.76,21.8867,40299304.0
1485734400,21.8767,22.16,21.8767,22.14,25904931.0
1485820800,22.07,22.2967,21.96,22.2467,27955122.0
1485907200,22.1533,22.238,22.0133,22.0767,27140643.0
1485993600,22.1133,22.38,22.1133,22.2333,26995662.0
1486080000,22.2733,22.31,22.1483,22.1667,22825757.0
1486339200,22.1233,22.2883,22.1233,22.1333,27290028.0
1486425600,22.1867,22.3333,22.17,22.2967,17417156.0
1486512000,22.2967,22.6067,22.2967,22.6033,22980455.0
1486598400,22.6,23.0467,22.5833,23.0267,33240543.0
1486684800,22.75,22.8667,22.5867,22.6733,37335724.0
1486944000,22.7733,22.8833,22.52,22.59,25023930.0
1487030400,22.6267,22.8933,22.57,22.8867,25379940.0
1487116800,22.5867,22.9033,22.5867,22.8967,25687410.0
1487203200,22.89,23.08,22.87,22.9567,25240440.0
1487289600,22.9433,23.2617,22.8983,23.1233,38503144.0
1487635200,23.7367,24.0933,23.5667,23.8167,67230247.0
1487721600,24.0833,24.1233,23.8267,23.9033,45669935.0
1487808000,24.0,24.1667,23.72,23.77,38391784.0
1487894400,23.78,24.2667,23.7667,24.13,41643784.0
1488153600,24.0933,24.14,23.8417,23.9133,27762501.0
1488240000,23.6233,23.6667,23.3333,23.6433,47856545.0
1488326400,23.6567,23.6933,23.3833,23.4833,40531504.0
1488412800,23.4733,23.6333,23.39,23.5867,26739591.0
1488499200,23.6033,23.6733,23.2933,23.3433,27900252.0
1488758400,23.3333,23.4783,23.26,23.2933,27542820.0
1488844800,23.3,23.4033,23.2867,23.29,21847268.0
1488931200,23.23,23.3433,23.18,23.2667,23938985.0
1489017600,23.25,23.3467,23.1867,23.2867,22691774.0
1489104000,23.3333,23.455,23.2667,23.3667,21287453.0
1489363200,23.33,23.4833,23.2367,23.3167,20042222.0
1489449600,23.6067,23.735,23.5733,23.5733,29872233.0
1489536000,23.5,23.5667,23.34,23.5267,26427765.0
1489622400,23.37,23.5667,23.3567,23.48,21024926.0
1489708800,23.5267,23.5834,23.27,23.2967,42199894.0
1489968000,23.38,23.4833,23.2367,23.3267,22398530.0
1490054400,23.39,23.4667,23.23,23.3,26242998.0
1490140800,23.3433,23.4467,23.24,23.4167,19359419.0
1490227200,23.4,23.4367,23.2483,23.2867,20682488.0
1490313600,23.33,23.39,23.1758,23.2033,17576894.0
1490572800,23.1733,23.3567,23.12,23.22,17353607.0
1490659200,23.11,23.4567,23.11,23.44,21756557.0
1490745600,23.45,23.7267,23.4367,23.58,20972204.0
1490832000,23.5633,23.9067,23.5467,23.8633,24418376.0
1490918400,23.7733,24.1867,23.7433,24.0267,29817222.0
1491177600,24.0267,24.1767,23.9267,23.9433,24873839.0
1491264000,23.9133,24.02,23.844,24.0033,16698929.0
1491350400,23.88,24.1033,23.8517,23.8833,19045703.0
1491436800,23.9,24.0333,23.7933,23.81,17820683.0
1491523200,24.0333,24.33,23.9333,24.3,32300433.0
1491782400,24.33,24.4933,24.2433,24.3533,22477808.0
1491868800,24.3333,24.4833,24.31,24.4767,17430452.0
1491955200,24.5167,24.61,24.4167,24.48,19880351.0
1492041600,24.4567,24.5517,24.3833,24.3833,15994613.0
1492387200,24.3867,24.5267,24.3833,24.4967,16395866.0
1492473600,24.5133,24.7,24.4933,24.63,19883693.0
1492560000,24.7,24.7933,24.62,24.69,17814380.0
1492646400,24.7133,25.0367,24.7033,24.9333,23042840.0
1492732800,24.9133,25.0367,24.8667,24.98,17260595.0
1492992000,25.0267,25.1333,24.8067,24.9267,23424707.0
1493078400,24.99,25.0567,24.9533,25.0167,17160107.0
1493164800,25.09,25.2554,25.0567,25.1433,20844602.0
1493251200,25.18,25.2333,25.0067,25.1467,18156464.0
1493337600,25.08,25.1467,24.9767,25.06,21978869.0
1493596800,25.03,25.2383,25.03,25.0767,18496121.0
1493683200,25.1,25.2367,25.0833,25.1733,21698324.0
1493769600,25.1333,25.2933,25.0592,25.2533,16570082.0
1493856000,25.31,25.465,25.2767,25.4467,16502408.0
1493942400,25.4733,25.5348,25.3933,25.5,16767659.0
1494201600,25.5,25.5067,25.3567,25.3733,19535630.0
1494288000,25.48,25.6833,25.4433,25.5733,24762773.0
1494374400,25.4433,25.5933,25.3967,25.5667,22535459.0
1494460800,25.45,25.5733,25.3083,25.3767,25048092.0
1494547200,25.3167,25.4167,25.1233,25.2367,17677514.0
1494806400,25.2667,25.49,25.2667,25.43,26446563.0
1494892800,25.3967,25.4233,25.0267,25.0367,25112553.0
1494979200,25.0167,25.2433,24.9867,25.04,32885823.0
1495065600,25.63,25.8867,25.3767,25.8467,57465546.0
1495152000,25.99,26.48,25.9233,26.2567,55418256.0
1495411200,26.2167,26.3333,26.0983,26.1833,26679543.0
1495497600,26.1933,26.3233,26.1467,26.1633,22754183.0
1495584000,26.1867,26.2018,26.0467,26.05,22507115.0
1495670400,26.12,26.2833,26.05,26.1033,18403976.0
1495756800,26.1233,26.18,25.93,26.0433,18376496.0
1496102400,26.0,26.1333,25.9767,26.05,16230650.0
1496188800,26.1167,26.3067,26.0733,26.2,24599240.0
1496275200,26.2133,26.6033,26.2,26.6033,24455264.0
1496361600,26.6,26.6433,26.4067,26.54,23970890.0
1496620800,26.5333,26.825,26.4933,26.7533,30436503.0
1496707200,26.4767,26.52,26.0867,26.31,34572033.0
1496793600,26.36,26.5,26.2443,26.3833,25533960.0
1496880000,26.5267,26.71,26.0767,26.31,32727873.0
1496966400,26.3433,26.52,26.24,26.4733,28214838.0
1497225600,26.4667,26.79,26.28,26.4133,31231383.0
1497312000,26.4033,26.5233,26.2967,26.5067,16584047.0
1497398400,26.5067,26.6783,26.42,26.6333,15001550.0
1497484800,26.3933,26.4333,25.92,26.3033,33713193.0
1497571200,24.65,25.1667,24.43,25.08,168676037.0
1497830400,25.1267,25.3367,24.84,25.1667,47978765.0
1497916800,25.2933,25.3067,25.1067,25.18,30029283.0
1498003200,25.2,25.535,25.1933,25.4133,27033510.0
1498089600,25.3433,25.3533,25.1,25.1733,24333248.0
1498176000,25.2,25.26,24.85,24.9467,39239104.0
1498435200,24.9833,25.31,24.9733,25.1667,25736601.0
1498521600,25.1733,25.4567,25.15,25.3367,19362770.0
1498608000,25.4167,25.6,25.38,25.5033,20966312.0
1498694400,25.4167,25.44,25.1617,25.31,21185831.0
1498780800,25.36,25.4233,25.2233,25.2267,20886317.0
1499040000,25.28,25.4467,25.0267,25.12,14545693.0
1499212800,25.1833,25.3167,25.055,25.1067,18112511.0
1499299200,25.1167,25.3233,25.08,25.1567,18485537.0
1499385600,25.2167,25.2733,25.0167,25.11,15526973.0
1499644800,25.05,25.1033,24.3767,24.41,45166235.0
1499731200,24.46,24.6833,24.4433,24.49,22593242.0
1499817600,24.5533,24.7367,24.5533,24.6467,17100473.0
1499904000,24.89,25.0833,24.8367,25.0167,24477215.0
1499990400,25.4233,25.5183,25.3033,25.4467,27454284.0
1500249600,25.43,25.6233,25.3967,25.4567,26505282.0
1500336000,25.4167,25.5143,25.3333,25.4,12943963.0
1500422400,25.36,25.4067,25.2,25.29,15924299.0
1500508800,25.3267,25.4167,25.2333,25.34,14862034.0
1500595200,25.28,25.41,25.1833,25.3833,21459029.0
1500854400,25.3433,25.7183,25.3433,25.63,22156031.0
1500940800,25.87,26.2867,25.7967,26.1733,34508823.0
1501027200,26.1833,26.39,25.98,26.3,20147717.0
1501113600,26.24,26.6183,26.16,26.5933,23934794.0
1501200000,26.6,26.6517,26.5117,26.6033,14924743.0
1501459200,26.6067,26.78,26.565,26.6633,18733487.0
1501545600,26.75,26.91,26.6667,26.8333,17126729.0
1501632000,26.78,27.0367,26.7667,26.8433,25533102.0
1501718400,27.1133,27.2533,26.89,26.9567,29839278.0
1501804800,27.02,27.1333,26.7367,26.8267,21406367.0
1502064000,26.8567,27.15,26.8467,27.0933,16451963.0
1502150400,27.0567,27.2867,26.9667,27.1967,22140653.0
1502236800,27.0367,27.33,26.967,27.2033,19818482.0
1502323200,27.0233,27.1333,26.85,26.8867,23673020.0
1502409600,26.91,27.0833,26.7867,26.8,23711450.0
1502668800,26.8633,27.08,26.8333,26.9,23375426.0
1502755200,26.9433,27.1333,26.8467,26.9233,21189368.0
1502841600,27.09,27.1467,26.8467,26.9933,34542513.0
1502928000,26.2833,26.6017,26.11,26.5667,51320315.0
1503014400,26.54,26.7833,26.4267,26.4367,29255409.0
1503273600,26.3733,26.69,26.2633,26.57,28840998.0
1503360000,26.6,26.72,26.57,26.6733,19623335.0
1503446400,26.7833,26.8533,26.6267,26.6533,23391272.0
1503532800,26.87,26.96,25.95,26.1133,57359526.0
1503619200,26.1667,26.3633,26.16,26.21,29700048.0
1503878400,26.1367,26.1539,25.9533,26.01,25853016.0
1503964800,25.89,26.3267,25.8333,26.2567,22985132.0
1504051200,26.2733,26.3667,26.1733,26.18,17488829.0
1504137600,26.2,26.25,26.02,26.0233,24580064.0
1504224000,26.1033,26.1667,26.07,26.1233,19416635.0
1504569600,25.9833,26.63,25.9667,26.6,36186694.0
1504656000,26.6267,26.8,26.5733,26.6933,25276464.0
1504742400,26.7733,26.92,26.6667,26.7067,20461958.0
1504828800,26.58,26.625,25.91,26.2933,29978298.0
1505088000,26.3833,26.45,26.22,26.36,21000608.0
1505174400,26.4333,26.6367,26.39,26.5367,18020552.0
1505260800,26.5367,26.8933,26.53,26.62,26471091.0
1505347200,26.5967,26.6067,26.405,26.56,20813363.0
1505433600,26.6033,26.9167,26.4233,26.7933,39951844.0
1505692800,26.7367,27.04,26.65,26.6667,24524372.0
1505779200,26.7267,26.82,26.5667,26.6833,18522725.0
1505865600,26.7233,26.8533,26.6233,26.8333,15953633.0
1505952000,26.8567,26.8567,26.5733,26.67,18927908.0
1506038400,26.63,26.6933,26.415,26.51,16792202.0
1506297600,26.3067,26.7,26.2867,26.3833,25643367.0
1506384000,26.3467,26.5133,26.3067,26.4633,17505998.0
1506470400,26.4733,26.5233,26.2233,26.43,18746765.0
1506556800,26.3333,26.36,26.04,26.3167,37118494.0
1506643200,26.2833,26.3333,25.9933,26.0467,31001073.0
1506902400,25.9667,26.2767,25.8333,26.15,22523888.0
1506988800,26.2767,26.5533,26.25,26.4067,23808935.0
1507075200,26.4233,26.5938,26.3567,26.3633,18519695.0
1507161600,26.39,26.6033,26.36,26.47,15408098.0
1507248000,26.26,26.39,26.0833,26.3333,18738458.0
1507507200,26.5,27.1267,26.467,26.8433,40476724.0
1507593600,27.56,28.2933,27.5367,28.0433,75322718.0
1507680000,28.1933,28.7633,28.0333,28.5767,55627956.0
1507766400,28.5667,28.79,28.3533,28.7,38427424.0
1507852800,28.7467,28.9833,28.7467,28.8733,28162878.0
1508112000,28.86,28.8733,28.34,28.58,27895599.0
1508198400,28.5,28.7852,28.4403,28.66,17553359.0
1508284800,28.7167,28.7894,28.67,28.74,16414520.0
1508371200,28.7167,28.8867,28.5886,28.8,19933883.0
1508457600,28.8667,29.15,28.76,29.1467,22845182.0
1508716800,29.1133,29.64,29.0867,29.55,31749633.0
1508803200,29.5633,29.6,29.3033,29.3267,23008706.0
1508889600,29.2833,29.5333,29.1433,29.4933,19221989.0
1508976000,29.5533,29.7033,29.34,29.54,19438490.0
1509062400,29.38,29.4633,29.05,29.39,19847933.0
1509321600,29.3133,29.3167,28.797,28.9833,21151541.0
1509408000,28.9533,29.1533,28.8667,29.1033,17650124.0
1509494400,29.0233,29.465,29.0,29.3133,18526103.0
1509580800,29.4267,29.7217,29.2667,29.6,15547304.0
1509667200,29.6733,29.96,29.5867,29.8933,19535600.0
1509926400,29.8067,29.8933,29.56,29.5667,15766958.0
1510012800,29.6233,29.6867,29.4367,29.65,16040165.0
1510099200,29.7033,30.14,29.7,30.0867,20300891.0
1510185600,29.98,30.19,29.7833,30.1,20710865.0
1510272000,30.08,30.5633,30.0667,30.3067,22934774.0
1510531200,30.3467,30.66,30.29,30.33,25463451.0
1510617600,30.2333,30.4,30.06,30.3633,29486199.0
1510704000,30.1133,30.2833,29.8833,29.9433,24808307.0
1510790400,31.7067,33.2267,31.5733,33.2067,114030911.0
1510876800,33.08,33.3767,32.1933,32.49,70629697.0
1511136000,32.1467,32.5467,31.92,32.4933,49171655.0
1511222400,32.58,32.64,32.1067,32.1733,37976044.0
1511308800,32.2167,32.27,32.0367,32.1367,26745234.0
1511481600,32.29,32.41,32.1767,32.2067,13488352.0
1511740800,32.2833,32.55,32.1,32.2067,26697615.0
1511827200,32.1967,32.295,31.94,32.2567,26122983.0
1511913600,32.4067,32.7533,32.2933,32.52,34262013.0
1512000000,32.6967,32.8133,32.17,32.41,38418724.0
1512086400,32.5367,32.57,32.0767,32.45,24886832.0
1512345600,32.5767,32.6533,32.225,32.3367,26864991.0
1512432000,32.3333,32.6467,32.3067,32.61,27027126.0
1512518400,32.6633,32.7133,32.4134,32.4267,21416150.0
1512604800,32.3533,32.5267,32.2167,32.26,22494950.0
1512691200,32.2233,32.2333,32.046,32.1833,17455070.0
1512950400,32.1467,32.4233,32.0967,32.31,26776044.0
1513036800,32.2833,32.4133,32.2,32.2333,23431406.0
1513123200,32.22,32.6367,32.1833,32.5867,23402159.0
1513209600,32.6667,32.8567,32.3667,32.3767,26324556.0
1513296000,32.57,32.83,32.3033,32.37,48389465.0
1513555200,32.46,32.7233,32.4533,32.6333,23884076.0
1513641600,33.3033,33.3033,32.7633,32.9333,36032164.0
1513728000,33.15,33.2167,32.8167,32.9167,32186553.0
1513814400,33.0,33.11,32.66,32.6867,20927624.0
1513900800,32.7633,32.8067,32.56,32.7367,15558104.0
1514246400,32.7833,33.1467,32.7833,33.0533,12886780.0
1514332800,33.1867,33.2,32.9433,33.0867,15422294.0
1514419200,33.1733,33.2067,33.04,33.1333,29290998.0
1514505600,33.1333,33.23,32.9167,32.9167,21424220.0
1514851200,33.1,33.2633,32.84,32.8633,30422733.0
1514937600,32.95,33.3333,32.9233,33.15,26708316.0
1515024000,33.18,33.26,32.9703,33.18,20476076.0
1515110400,33.2133,33.46,33.2033,33.3767,21828584.0
1515369600,33.4167,33.9167,33.4033,33.87,26529270.0
1515456000,34.01,34.1167,33.4367,33.4633,21913295.0
1515542400,33.25,33.2967,32.8433,33.2233,23783960.0
1515628800,33.2333,33.4833,32.9267,33.34,19607486.0
1515715200,33.4633,33.8133,33.4333,33.6233,20843402.0
1516060800,33.78,33.97,33.4467,33.5633,20336060.0
1516147200,33.7167,34.3133,33.5667,34.2333,25879782.0
1516233600,34.9133,34.98,34.54,34.7667,34444503.0
1516320000,34.88,34.9767,34.5533,34.8633,23449418.0
1516579200,34.8333,35.15,34.68,35.15,21699173.0
1516665600,35.0967,35.3817,34.8567,35.3,24655550.0
1516752000,35.45,35.48,34.94,35.2633,18451265.0
1516838400,35.2833,35.6017,35.2833,35.5333,17465834.0
1516924800,35.6667,36.1367,35.56,36.13,19163237.0
1517184000,36.0367,36.66,35.9967,36.5167,25027809.0
1517270400,36.38,36.4549,35.717,35.91,25188561.0
1517356800,35.9233,36.06,35.3567,35.5333,29399805.0
1517443200,35.32,35.52,35.06,35.1733,18816314.0
1517529600,35.05,35.49,34.7167,34.8267,25167996.0
1517788800,34.4667,34.87,32.3633,33.3633,37573414.0
1517875200,32.5467,33.6933,32.4167,33.6333,46672895.0
1517961600,33.5,34.8633,33.3367,34.2833,33144933.0
1518048000,34.41,34.4933,33.3333,33.34,41734264.0
1518134400,33.51,33.7,32.1433,33.1233,42468514.0
1518393600,33.3767,33.4817,32.9333,33.1833,27394638.0
1518480000,33.11,33.74,33.11,33.66,19859381.0
1518566400,33.62,34.0833,33.4033,33.9,21901013.0
1518652800,34.1833,34.5467,33.9433,34.41,22444808.0
1518739200,34.3633,34.98,33.9939,34.9267,48118235.0
1519084800,32.33,32.6467,31.3667,31.37,156121186.0
1519171200,31.7033,31.78,30.4134,30.5067,148406055.0
1519257600,30.4767,31.13,30.4367,30.9233,61048566.0
1519344000,30.96,31.1633,30.5867,30.9633,38355544.0
1519603200,30.9667,31.2667,30.74,31.04,44056294.0
1519689600,31.21,31.24,30.5033,30.5067,40043554.0
1519776000,30.6667,30.7,30.0,30.0033,42382144.0
1519862400,30.0567,30.06,29.2367,29.6933,56646096.0
1519948800,29.09,29.6333,29.08,29.59,57110016.0
1520208000,29.38,30.1667,29.3571,29.9933,40145434.0
1520294400,30.1167,30.1667,29.5433,29.6867,32979093.0
1520380800,29.3267,29.51,29.1117,29.2467,34336383.0
1520467200,29.2567,29.3767,29.1133,29.3067,28532223.0
1520553600,29.4133,29.5733,29.1767,29.5733,29226354.0
1520812800,29.5667,29.8133,29.2933,29.3567,24717956.0
1520899200,29.4633,29.6333,29.3267,29.4333,21386144.0
1520985600,29.5033,29.6633,29.1667,29.2233,33106173.0
1521072000,29.2267,29.5967,28.6343,29.17,48470405.0
1521158400,29.24,30.03,29.1667,29.7233,85174569.0
1521417600,29.6367,29.6917,29.0333,29.15,33357333.0
1521504000,29.2867,29.3823,29.1233,29.3167,24768992.0
1521590400,29.2967,29.8933,29.2267,29.3933,35485384.0
1521676800,29.1767,29.4233,28.9967,29.0467,36690454.0
1521763200,29.1167,29.2467,28.4267,28.4733,30360693.0
1522022400,28.74,29.23,28.7033,29.1667,26222172.0
1522108800,29.32,29.3467,28.4933,28.6833,19386047.0
1522195200,28.7533,29.4133,28.73,29.2567,34681473.0
1522281600,29.3,29.78,29.2567,29.6567,27794667.0
1522627200,29.3333,29.4133,28.28,28.5167,57334506.0
1522713600,28.75,28.9833,28.5167,28.9333,29072004.0
1522800000,28.5333,29.165,28.48,29.0733,19603727.0
1522886400,29.2,29.4483,29.0167,29.27,19050374.0
1522972800,28.9433,29.3,28.71,28.8967,18980705.0
1523232000,28.95,29.15,28.7467,28.76,25064352.0
1523318400,28.9467,29.0333,28.5533,28.8167,27444273.0
1523404800,28.6667,28.9533,28.6,28.6367,18153938.0
1523491200,28.73,28.9433,28.47,28.4767,20544365.0
1523577600,28.63,28.7567,28.3967,28.6733,22672925.0
1523836800,28.7333,29.2167,28.7067,28.9467,21035330.0
1523923200,29.16,29.39,29.1367,29.3,20399168.0
1524009600,29.4,29.52,29.17,29.19,17550758.0
1524096000,29.1367,29.3467,28.86,29.2967,19750334.0
1524182400,29.29,29.46,28.89,28.9933,24951497.0
1524441600,28.9633,29.0267,28.6733,28.7,21980090.0
1524528000,28.9233,28.97,28.5233,28.8433,25375455.0
1524614400,28.7733,29.2333,28.63,29.0567,20247815.0
1524700800,29.0567,29.44,28.9667,29.3133,17311163.0
1524787200,29.29,29.3,29.0267,29.0967,16951889.0
1525046400,29.3133,29.8866,29.3067,29.4867,25975044.0
1525132800,29.2233,29.3367,28.782,29.1367,20849426.0
1525219200,29.0433,29.0831,28.72,28.78,18240899.0
1525305600,28.73,28.7633,28.3733,28.7433,20454929.0
1525392000,28.6667,29.3667,28.4533,29.1767,20868707.0
1525651200,29.1633,29.1667,28.4233,28.49,32360223.0
1525737600,28.5067,28.6167,28.3067,28.58,19608014.0
1525824000,27.52,27.8933,27.3333,27.6867,96504820.0
1525910400,27.5467,27.923,27.3367,27.5633,47545085.0
1525996800,27.5633,27.84,27.3167,27.7933,29780115.0
1526256000,27.9633,28.2646,27.8834,28.13,28471953.0
1526342400,28.02,28.2933,27.9333,28.1733,27934044.0
1526428800,28.29,28.875,28.2467,28.71,40721674.0
1526515200,29.0133,29.1967,27.95,28.1633,89111259.0
1526601600,28.08,28.1467,27.83,27.88,36080824.0
1526860800,28.0467,28.18,27.94,28.17,32018253.0
1526947200,28.1667,28.27,27.7633,27.79,24189677.0
1527033600,27.65,27.6733,27.39,27.67,28100373.0
1527120000,27.6667,27.6667,27.26,27.6167,25721595.0
1527206400,27.6167,27.78,27.44,27.4867,17732225.0
1527552000,27.32,27.5067,27.27,27.4667,25277292.0
1527638400,27.4833,28.0767,27.42,28.04,27935355.0
1527724800,27.98,28.1033,27.5033,27.5133,34393473.0
1527811200,27.68,27.8067,27.6167,27.6633,15653309.0
1528070400,27.8333,28.5067,27.7667,28.4733,32739153.0
1528156800,28.4833,28.49,28.0833,28.2067,24835511.0
1528243200,28.3167,28.3824,28.1167,28.1867,22087823.0
1528329600,28.26,28.5867,28.23,28.3167,23103722.0
1528416000,28.26,28.3966,28.0467,28.12,22800236.0
1528675200,28.1367,28.18,27.93,28.1,18751349.0
1528761600,28.1067,28.1967,27.8233,28.0333,24171398.0
1528848000,27.9633,28.1233,27.9505,28.03,19073123.0
1528934400,28.0733,28.27,27.89,27.93,22543268.0
1529020800,27.8333,27.9967,27.6867,27.9,37508104.0
1529280000,27.6833,27.8567,27.6067,27.6667,25478316.0
1529366400,27.5333,27.8733,27.4567,27.87,28050126.0
1529452800,27.9033,27.94,27.72,27.87,23897852.0
1529539200,27.8,28.1833,27.6317,28.07,24270809.0
1529625600,28.1533,28.2833,28.0333,28.2733,32994183.0
1529884800,28.1967,28.8667,28.16,28.8233,47800145.0
1529971200,28.8433,29.0167,28.5867,28.66,30360603.0
1530057600,28.6333,29.1633,28.5167,28.9633,30891393.0
1530144000,28.95,29.0967,28.5617,28.62,25397193.0
1530230400,28.6333,28.7333,28.5067,28.55,24766736.0
1530489600,28.55,28.6467,27.8,28.0,24361151.0
1530576000,28.03,28.35,28.03,28.1467,13188715.0
1530748800,28.3133,28.5267,28.0885,28.19,16063307.0
1530835200,28.0667,28.2883,27.94,28.17,16869731.0
1531094400,28.3333,28.8233,28.2567,28.6433,19720055.0
1531180800,28.6433,29.11,28.6267,29.07,18114965.0
1531267200,29.02,29.05,28.7967,28.8433,16770785.0
1531353600,28.98,29.1367,28.74,28.84,14664376.0
1531440000,28.84,29.33,28.8333,29.2333,19155719.0
1531699200,29.2067,29.24,28.9433,29.2133,13323538.0
1531785600,29.1333,29.5667,29.1333,29.3967,17709503.0
1531872000,29.4433,29.73,29.3146,29.3567,15133454.0
1531958400,29.2867,29.4933,29.1367,29.24,14644579.0
1532044800,29.1333,29.39,29.0667,29.3533,14445163.0
1532304000,29.2167,29.3833,29.125,29.21,12430180.0
1532390400,29.3733,29.4983,29.2044,29.32,16766756.0
1532476800,29.09,29.34,29.0367,29.3,17421188.0
1532563200,29.5,29.81,29.3933,29.41,19642856.0
1532649600,29.5467,29.6267,29.3433,29.3767,14037595.0
1532908800,29.3333,29.6466,29.2969,29.6267,18014591.0
1532995200,29.6667,29.8867,29.6,29.7433,20124062.0
1533081600,29.62,29.71,29.2933,29.4133,15147503.0
1533168000,29.3133,29.6133,29.2067,29.5867,12917701.0
1533254400,29.73,30.0933,29.6667,29.8667,17238620.0
1533513600,29.77,29.9937,29.7083,29.89,13953325.0
1533600000,29.9433,30.12,29.8833,29.9233,13533436.0
1533686400,29.99,30.0767,29.79,30.0167,15121907.0
1533772800,29.82,29.8767,29.5867,29.67,14176768.0
1533859200,29.5667,30.1233,29.55,30.06,24715631.0
1534118400,30.0667,30.18,29.79,29.88,17636000.0
1534204800,29.88,30.3733,29.8767,30.2833,17482508.0
1534291200,30.0833,30.1367,29.89,30.0733,25748589.0
1534377600,33.37,33.4033,32.6367,32.88,127814173.0
1534464000,32.59,33.2233,32.5367,32.6167,49378415.0
1534723200,32.5567,32.7633,31.9833,32.0,37732534.0
1534809600,31.9867,32.12,31.7867,32.0267,31574643.0
1534896000,32.0667,32.2833,31.7433,31.89,23157014.0
1534982400,31.8333,31.9533,31.6867,31.7267,17713040.0
1535068800,31.6967,31.8867,31.45,31.65,25636041.0
1535328000,31.7533,31.8697,31.4283,31.5133,21087053.0
1535414400,31.59,32.1167,31.51,32.0233,29913972.0
1535500800,32.0933,32.2767,31.8433,31.88,23584088.0
1535587200,31.8333,32.165,31.8167,32.0333,21158186.0
1535673600,32.0633,32.1467,31.7033,31.9533,18969845.0
1536019200,31.9333,32.09,31.7467,31.7867,24837995.0
1536105600,31.89,32.2767,31.7867,32.2067,28413378.0
1536192000,32.1767,32.24,32.0033,32.15,18444824.0
1536278400,31.9333,32.16,31.88,31.9433,19962938.0
1536537600,32.0367,32.3967,32.03,32.3,24787403.0
1536624000,32.4233,32.5533,32.1633,32.2133,19108097.0
1536710400,32.0867,32.2467,31.9767,31.99,17691911.0
1536796800,31.7733,31.8733,31.6367,31.7067,22815659.0
1536883200,31.51,31.6133,31.45,31.53,18823355.0
1537142400,31.5833,31.8267,31.4578,31.6067,15438233.0
1537228800,31.4867,31.8633,31.3833,31.81,18888419.0
1537315200,31.8567,31.9642,31.6267,31.7467,16719884.0
1537401600,31.7833,31.93,31.65,31.9167,15768302.0
1537488000,31.9733,32.0967,31.8767,31.9667,28244778.0
1537747200,31.8133,32.0,31.62,31.64,15309281.0
1537833600,31.9967,32.1733,31.6633,31.7,18443639.0
1537920000,31.7,31.8617,31.5067,31.53,17723159.0
1538006400,31.3967,31.6533,31.2733,31.3767,16090163.0
1538092800,31.4267,31.4567,31.23,31.3033,18915995.0
1538352000,31.43,31.5533,31.3467,31.4667,14982829.0
1538438400,31.31,31.87,31.2833,31.7167,23259905.0
1538524800,31.8333,31.8467,31.3467,31.3567,18940019.0
1538611200,31.3567,31.5,31.0667,31.4033,18131474.0
1538697600,31.2867,31.3967,30.9633,31.1033,20053370.0
1538956800,31.0833,31.6433,31.0067,31.5633,17286173.0
1539043200,31.88,32.58,31.73,32.36,34794243.0
1539129600,32.2,32.6167,31.9,31.92,26984112.0
1539216000,31.9367,32.0967,31.2,31.3067,29753154.0
1539302400,31.5867,31.7233,31.2233,31.6033,25462728.0
1539561600,31.5,31.6627,31.2733,31.2733,23754617.0
1539648000,31.5667,32.0233,31.4467,31.9367,31586853.0
1539734400,31.7267,32.2067,31.6333,32.1867,26262144.0
1539820800,32.1333,32.415,31.9133,32.0567,30891363.0
1539907200,32.0,32.55,32.0,32.3833,26442390.0
1540166400,32.4467,32.5267,32.2478,32.38,21061166.0
1540252800,32.1667,32.6617,32.0367,32.6,28084833.0
1540339200,32.5,33.0567,32.425,32.52,30841293.0
1540425600,32.67,33.16,32.3333,33.06,32193993.0
1540512000,32.9367,33.2233,32.6733,32.98,44757424.0
1540771200,33.17,33.91,33.03,33.2667,36078184.0
1540857600,33.4033,34.2,33.352,34.14,37910194.0
1540944000,34.1633,34.1633,33.3717,33.4267,36836254.0
1541030400,33.32,33.7233,33.24,33.5267,22930655.0
1541116800,33.6267,33.8567,33.4367,33.78,21822635.0
1541376000,33.73,34.3897,33.5441,34.3033,22691747.0
1541462400,34.18,34.48,34.0167,34.4433,18874664.0
1541548800,34.5533,34.8233,34.35,34.7733,24758090.0
1541635200,34.7767,35.0867,34.6767,34.96,17685518.0
1541721600,35.0,35.3,34.9367,35.1867,24738317.0
1541980800,35.1667,35.4033,34.55,34.6233,26593806.0
1542067200,34.5567,34.7167,34.18,34.3133,23438192.0
1542153600,34.3333,34.3833,33.67,33.8433,31172283.0
1542240000,34.1067,34.2667,32.8733,33.18,48041945.0
1542326400,32.94,33.14,32.3067,32.5633,42352684.0
1542585600,32.6467,32.75,32.1433,32.26,26343264.0
1542672000,31.66,31.7333,31.2,31.3867,37784374.0
1542758400,31.4533,31.64,31.1033,31.39,28049058.0
1542931200,31.3767,31.85,31.3767,31.7,14669881.0
1543190400,31.8967,32.0233,31.58,31.7167,25513017.0
1543276800,31.6633,31.8478,31.47,31.68,27113325.0
1543363200,31.8167,32.54,31.6833,32.4867,30185553.0
1543449600,32.34,32.61,32.2467,32.43,18531506.0
1543536000,32.4667,32.81,32.3567,32.55,31989003.0
1543795200,32.6733,33.1967,32.5567,32.9167,27243735.0
1543881600,32.75,32.9867,31.87,31.9367,31084683.0
1544054400,31.6467,31.8033,31.0333,31.59,30944043.0
1544140800,31.5,31.71,30.8167,31.0633,25482216.0
1544400000,31.1867,31.4167,30.78,31.3133,20992082.0
1544486400,31.4167,31.4967,31.0833,31.2833,19316444.0
1544572800,31.4333,31.4333,31.02,31.0367,28915332.0
1544659200,31.0833,31.2255,30.81,30.9867,22705808.0
1544745600,30.6833,30.8533,30.5233,30.6167,34480503.0
1545004800,30.4067,30.67,30.0533,30.2567,26963010.0
1545091200,30.2667,30.42,30.0933,30.36,28782747.0
1545177600,30.43,31.0,30.0833,30.1833,36693214.0
1545264000,30.0367,30.0367,28.7133,29.0933,48360275.0
1545350400,28.9567,29.8233,28.9333,29.0433,44757934.0
1545609600,28.8467,29.1883,28.5933,28.6067,18330932.0
1545782400,28.8067,30.14,28.7667,30.1367,29391066.0
1545868800,29.9167,30.5367,29.48,30.53,28214715.0
1545955200,30.69,31.1567,30.5483,30.71,29618988.0
1546214400,30.89,31.13,30.75,31.05,21017516.0
1546387200,30.5467,31.2167,30.5467,31.1133,24445784.0
1546473600,31.07,31.57,30.9,30.9533,24960077.0
1546560000,31.07,31.22,30.8967,31.1467,23752760.0
1546819200,31.2067,31.7233,31.06,31.5133,22899785.0
1546905600,31.6867,31.9183,31.3033,31.7333,21465116.0
1546992000,31.9033,32.0467,31.59,31.63,18780815.0
1547078400,31.2933,31.66,31.04,31.6533,27608490.0
1547164800,31.6633,31.7633,31.5167,31.6133,15852167.0
1547424000,31.4933,31.8167,31.4267,31.65,21116045.0
1547510400,31.8233,32.2,31.7933,32.0833,20718968.0
1547596800,31.9767,32.2867,31.9417,32.1167,16006247.0
1547683200,32.1067,32.4033,32.0533,32.2467,14534176.0
1547769600,32.3167,32.733,32.2833,32.5767,18267995.0
1548115200,32.3833,32.81,32.26,32.4967,22618214.0
1548201600,32.9567,33.1167,32.51,32.9033,24354716.0
1548288000,32.7333,32.82,32.1433,32.7867,22821047.0
1548374400,32.9167,32.97,32.25,32.3133,21654602.0
1548633600,32.1767,32.3567,32.0267,32.3533,17369459.0
1548720000,32.2567,32.3862,32.17,32.2367,15459269.0
1548806400,32.2267,32.2667,31.42,31.6,35435314.0
1548892800,31.5433,32.29,31.5433,31.9433,43995064.0
1548979200,31.9733,32.0,31.0367,31.2867,37462564.0
1549238400,31.2867,31.59,31.1167,31.59,21756320.0
1549324800,31.75,31.98,31.6733,31.8667,17817515.0
1549411200,31.81,32.0033,31.74,31.88,12790960.0
1549497600,31.7033,32.2733,31.6667,32.2433,21029645.0
1549584000,32.1133,32.23,31.7133,31.86,15463451.0
1549843200,31.8833,32.1167,31.88,32.0667,16174031.0
1549929600,32.2733,32.39,32.1667,32.3233,16787855.0
1550016000,32.4333,32.6667,32.3633,32.6467,16216316.0
1550102400,32.56,33.0667,32.34,32.84,21587975.0
1550188800,32.9933,33.3333,32.9517,33.33,28409988.0
1550534400,34.1267,34.7267,34.0233,34.0667,62041326.0
1550620800,33.9367,34.1133,32.8833,33.2933,51890645.0
1550707200,33.22,33.307,32.97,33.13,19122617.0
1550793600,33.2733,33.3867,33.0467,33.1833,24253463.0
1551052800,33.3733,33.3767,33.0167,33.04,27693969.0
1551139200,33.0067,33.02,32.6233,32.8967,25396482.0
1551225600,32.7067,32.7967,32.53,32.7033,23703938.0
1551312000,32.7033,33.1567,32.59,32.9967,33896073.0
1551398400,33.1567,33.1867,32.3733,32.6433,30917283.0
1551657600,32.7067,32.8633,32.4567,32.6167,23028047.0
1551744000,32.71,33.0633,32.6969,32.78,17965205.0
1551830400,32.7567,33.0,32.62,32.7533,14089711.0
1551916800,32.57,32.7333,32.4117,32.4833,18045674.0
1552003200,32.5167,32.8067,32.3333,32.53,16976903.0
1552262400,32.68,32.86,32.6067,32.8267,16033517.0
1552348800,32.8433,32.9133,32.6833,32.79,15211634.0
1552435200,32.9,33.1167,32.7967,33.01,16365218.0
1552521600,32.8033,32.81,32.53,32.74,14777374.0
1552608000,32.76,32.8368,32.5333,32.8067,43799974.0
1552867200,32.7667,33.2567,32.7533,33.22,16912943.0
1552953600,33.33,33.4967,33.19,33.2833,16126331.0
1553040000,33.0667,33.1833,32.8467,32.88,18567827.0
1553126400,32.75,33.0433,32.7,33.02,19629224.0
1553212800,32.86,33.1767,32.6467,32.76,19776323.0
1553472000,32.6,32.8733,32.5433,32.7233,16063370.0
1553558400,32.7867,32.95,32.6767,32.7733,14837593.0
1553644800,32.7133,32.9533,32.32,32.4033,25253028.0
1553731200,32.53,32.6233,32.1767,32.3767,22977347.0
1553817600,32.53,32.5567,32.3467,32.51,22317875.0
1554076800,32.6567,32.7867,32.52,32.6067,24894053.0
1554163200,32.5867,32.77,32.3,32.3133,18817382.0
1554249600,32.3733,32.4667,32.2633,32.3967,16841573.0
1554336000,32.4167,32.76,32.4133,32.7033,12076486.0
1554422400,32.75,33.0667,32.72,32.9433,13965124.0
1554681600,32.8167,33.0833,32.7533,33.0767,16265498.0
1554768000,32.9333,33.0767,32.7167,32.8967,13094284.0
1554854400,32.8367,33.24,32.8333,33.2,11617726.0
1554940800,33.2333,33.61,33.1567,33.6,16818227.0
1555027200,33.6667,34.0067,33.6667,33.8533,15481622.0
1555286400,33.7667,34.3033,33.7533,34.1433,15335333.0
1555372800,34.2967,34.4633,34.18,34.31,14481949.0
1555459200,34.3333,34.4667,34.1355,34.3867,11187544.0
1555545600,34.37,34.6,34.2967,34.3933,11183404.0
1555891200,34.26,34.5133,34.0567,34.1233,15238178.0
1555977600,34.1767,34.43,33.9803,34.3567,15123908.0
1556064000,34.38,34.6167,34.3633,34.51,14089723.0
1556150400,34.4133,34.715,34.2767,34.5067,11847778.0
1556236800,33.4833,34.1133,33.22,33.8433,24322172.0
1556496000,33.96,34.0,33.5933,33.8533,19136105.0
1556582400,33.9233,34.3067,33.8167,34.28,18400871.0
1556668800,34.2567,34.27,33.76,33.7867,16011623.0
1556755200,33.81,34.02,33.4117,33.7167,15020921.0
1556841600,34.1067,34.25,33.9333,34.0267,15951785.0
1557100800,33.5833,34.1833,33.5133,34.1533,13841011.0
1557187200,33.9333,34.0567,33.5852,33.7667,13726711.0
1557273600,33.4167,33.6783,33.2867,33.4333,17646050.0
1557360000,33.09,33.3133,32.95,33.18,18720605.0
1557446400,33.2533,34.0367,33.2333,33.97,26228085.0
1557705600,33.4833,33.7167,33.0033,33.2967,22084637.0
1557792000,33.38,33.6217,33.2967,33.43,19061090.0
1557878400,33.4,33.4533,33.0433,33.2933,20220998.0
1557964800,34.2767,34.6533,33.6133,33.77,51365945.0
1558051200,33.4133,33.9833,33.3033,33.62,37113874.0
1558310400,33.4633,33.9933,33.4167,33.84,21583337.0
1558396800,33.8367,33.8833,33.4667,33.7067,20667290.0
1558483200,33.8667,34.1433,33.6867,34.0767,22022627.0
1558569600,33.94,33.9767,33.6422,33.9533,19363829.0
1558656000,34.06,34.295,34.0267,34.2233,13449502.0
1559001600,34.1867,34.5233,34.1333,34.14,30815583.0
1559088000,34.0367,34.2917,33.8233,34.04,19560689.0
1559174400,34.1633,34.4967,33.97,34.0633,15058931.0
1559260800,33.7833,34.0067,33.5334,33.8133,17782454.0
1559520000,33.8767,34.2267,33.8,33.9867,19844492.0
1559606400,34.2033,34.2167,33.8133,34.1867,17895023.0
1559692800,34.25,34.9267,34.2,34.8067,20708636.0
1559779200,34.83,35.22,34.7333,35.0367,24191177.0
1559865600,35.0767,35.4533,35.0167,35.3533,20428133.0
1560124800,35.4933,35.9267,35.4567,35.84,18976958.0
1560211200,36.0,36.3233,35.9167,35.98,20241785.0
1560297600,35.9733,36.3033,35.9733,36.2733,13905226.0
1560384000,36.3333,36.5267,36.0567,36.2167,16454906.0
1560470400,36.26,36.5288,36.1533,36.3567,13577650.0
1560729600,36.3733,36.5167,36.0867,36.3867,12440989.0
1560816000,36.6,36.6533,36.3033,36.55,14733499.0
1560902400,36.6,36.6133,36.29,36.54,11774419.0
1560988800,36.6067,36.83,36.4267,36.7733,15004631.0
1561075200,36.78,37.3967,36.7533,37.0433,39535744.0
1561334400,37.1633,37.4067,37.01,37.08,18098513.0
1561420800,36.96,37.143,36.8,36.9067,18316166.0
1561507200,36.95,37.025,36.7,36.72,12485104.0
1561593600,36.6867,36.8367,36.2869,36.7,16443932.0
1561680000,36.85,37.1683,36.7467,36.83,19521074.0
1561939200,37.1,37.3233,36.6733,36.8733,16548251.0
1562025600,36.9433,37.2033,36.78,37.2,12189628.0
1562112000,37.06,37.4667,37.0,37.44,9621931.0
1562284800,37.3333,37.4133,37.07,37.3267,10738252.0
1562544000,37.3067,37.6433,37.2333,37.5733,14146975.0
1562630400,37.63,37.7933,37.5333,37.6267,16271099.0
1562716800,37.7067,37.87,37.4617,37.66,13737076.0
1562803200,37.78,37.98,37.6733,37.9733,11689708.0
1562889600,38.03,38.2567,37.8733,38.2,11229997.0
1563148800,38.2233,38.36,38.15,38.3267,10038229.0
1563235200,38.4433,38.4967,38.0136,38.2533,10464493.0
1563321600,38.27,38.39,38.0667,38.2,8066083.0
1563408000,38.1167,38.2583,37.9134,38.24,9674395.0
1563494400,38.3333,38.4367,37.9533,37.9667,11389483.0
1563753600,38.0333,38.1133,37.44,37.6067,13562473.0
1563840000,37.7067,37.7333,37.1883,37.3633,17262890.0
1563926400,37.3433,37.5967,37.19,37.3333,12532327.0
1564012800,37.3933,37.4633,37.22,37.4067,11554627.0
1564099200,37.3733,37.7783,37.2733,37.6733,14187136.0
1564358400,37.6133,37.66,37.2533,37.4233,11239786.0
1564444800,37.3533,37.4667,37.2233,37.3533,9105589.0
1564531200,37.3033,37.4467,36.5433,36.7933,18633833.0
1564617600,36.7733,37.389,36.44,36.46,22364903.0
1564704000,36.58,36.712,36.05,36.4667,16970129.0
1564963200,36.0,36.0,35.1967,35.2733,22709918.0
1565049600,35.3967,35.9467,35.1967,35.7567,21049286.0
1565136000,35.6733,36.2133,35.3067,36.0667,21835442.0
1565222400,36.0033,36.28,35.9233,36.1733,13124323.0
1565308800,36.02,36.1533,35.57,35.76,12580495.0
1565568000,35.5733,35.6133,34.9467,35.04,17605427.0
1565654400,35.0833,36.0367,34.95,35.8033,20168456.0
1565740800,35.16,36.02,35.0467,35.4,27938457.0
1565827200,37.51,37.88,36.72,37.5633,59438676.0
1565913600,38.0267,38.31,37.3533,37.6633,32895633.0
1566172800,38.1167,38.26,37.8667,37.9367,21535391.0
1566259200,37.9533,38.0133,37.3367,37.35,18342365.0
1566345600,37.9933,38.023,37.2933,37.34,24472397.0
1566432000,37.4,37.5967,37.1167,37.3033,17986463.0
1566518400,37.2067,37.3033,36.71,36.9433,18711755.0
1566777600,37.1867,37.4217,37.0733,37.33,17810240.0
1566864000,37.4733,37.6033,37.17,37.4733,17201489.0
1566950400,37.4267,37.6933,37.2267,37.5733,16131191.0
1567036800,38.0667,38.1967,37.77,38.0267,15811499.0
1567123200,38.3333,38.46,37.9667,38.0867,17118368.0
1567468800,37.8933,38.4367,37.83,38.2133,17827976.0
1567555200,38.5633,38.6533,38.2733,38.6367,17391764.0
1567641600,39.2233,39.32,38.4233,38.48,17481854.0
1567728000,38.48,38.5833,38.2067,38.2433,13039189.0
1567987200,38.1667,38.87,38.1333,38.7767,17922026.0
1568073600,38.6633,38.9867,38.4933,38.6833,14572261.0
1568160000,38.6667,38.9,38.4067,38.6733,15852371.0
1568246400,38.8833,39.0233,38.6333,38.9733,13422931.0
1568332800,39.0533,39.3967,38.9834,39.1433,16915907.0
1568592000,38.8467,39.0567,38.46,38.5233,18270911.0
1568678400,38.44,38.8961,38.4168,38.8367,14330842.0
1568764800,38.97,39.0767,38.7267,39.0533,12347242.0
1568851200,39.1333,39.27,38.9233,39.0367,10187455.0
1568937600,39.1167,39.2136,38.9333,38.9933,34762983.0
1569196800,38.87,39.47,38.8533,39.2067,17718851.0
1569283200,39.4167,39.9533,39.3367,39.4667,23124635.0
1569369600,39.49,39.5733,39.27,39.49,16019363.0
1569456000,39.6,39.85,39.3967,39.4333,11974234.0
1569542400,39.7367,39.7433,39.25,39.4833,10306669.0
1569801600,39.5567,39.8133,39.52,39.56,10811740.0
1569888000,39.6167,39.7033,39.24,39.2833,11224084.0
1569974400,39.1333,39.1833,38.5367,38.7067,18025574.0
1570060800,38.6267,38.9333,38.1933,38.77,16108394.0
1570147200,38.8,39.4333,38.73,39.3867,14607904.0
1570406400,39.3667,39.4333,38.96,39.0767,14259382.0
1570492800,38.9367,39.5567,38.8867,39.1933,16639307.0
1570579200,39.3933,39.7667,39.34,39.6433,11802274.0
1570665600,39.6333,39.96,39.5333,39.87,13313392.0
1570752000,39.9733,40.2367,39.5733,40.08,18449537.0
1571011200,39.95,40.1533,39.7,39.7233,13804582.0
1571097600,39.7767,39.9967,39.6233,39.8433,16155518.0
1571184000,39.77,40.0363,39.7,39.8067,12432826.0
1571270400,39.89,40.0833,39.786,39.9467,11882311.0
1571356800,40.15,40.2,39.71,39.7133,16778669.0
1571616000,39.7667,39.9433,39.6067,39.9133,10417540.0
1571702400,39.9167,40.0567,39.7962,39.86,7789549.0
1571788800,39.7233,39.95,39.5633,39.7833,8606650.0
1571875200,39.7167,39.8558,39.5033,39.7,8767822.0
1571961600,39.6667,39.7751,39.4,39.68,7692973.0
1572220800,39.75,39.9,39.51,39.74,10213690.0
1572307200,39.5,39.5767,39.0267,39.05,14373298.0
1572393600,39.06,39.4567,39.017,39.3667,8988613.0
1572480000,39.31,39.4267,38.9433,39.0867,14643808.0
1572566400,39.3067,39.3233,39.0767,39.2067,11287813.0
1572825600,39.4667,39.7033,39.0567,39.19,13938124.0
1572912000,39.2267,39.7133,39.025,39.62,12651298.0
1572998400,39.61,39.8733,39.57,39.8333,10843273.0
1573084800,40.0,40.3067,39.8467,40.0767,13324072.0
1573171200,40.1033,40.2933,39.6467,39.8133,11501188.0
1573430400,39.5667,39.8767,39.4267,39.68,13323430.0
1573516800,39.8667,40.0,39.6032,39.7067,15206396.0
1573603200,39.72,40.4533,39.5533,40.3267,24140447.0
1573689600,41.5333,41.7933,39.8367,40.2167,67534057.0
1573776000,40.2267,40.3333,39.46,39.6233,30439533.0
1574035200,39.4833,40.289,39.4133,40.0833,19648901.0
1574121600,40.0367,40.12,39.9033,39.9633,11148679.0
1574208000,40.07,40.16,39.4667,39.71,15233270.0
1574294400,39.61,40.0,39.5567,39.9533,12908536.0
1574380800,40.05,40.1,39.7567,39.7867,11530555.0
1574640000,40.0,40.0067,39.3,39.64,17653439.0
1574726400,39.6533,39.7667,39.4833,39.73,18880139.0
1574812800,39.7967,39.9333,39.5767,39.5867,10320718.0
1574985600,39.7133,39.99,39.6667,39.6967,9471949.0
1575244800,39.7167,39.7933,39.28,39.76,17037035.0
1575331200,39.4667,39.6533,39.2567,39.5567,20282129.0
1575417600,39.7067,39.7333,39.4347,39.5633,16672550.0
1575504000,39.4533,39.5917,39.14,39.5533,13059322.0
1575590400,39.6933,39.9333,39.64,39.9267,13027489.0
1575849600,39.8567,39.9533,39.7281,39.7867,14506423.0
1575936000,39.7833,39.8533,39.6733,39.7133,12847975.0
1576022400,39.8,39.8833,39.51,39.6667,10519855.0
1576108800,39.6667,40.0367,39.56,39.92,12456331.0
1576195200,39.72,40.2167,39.6733,40.0967,16099625.0
1576454400,40.14,40.4499,40.14,40.18,16056236.0
1576540800,40.3167,40.5667,40.2333,40.4267,13727803.0
1576627200,40.5033,40.56,39.9467,39.9533,15314954.0
1576713600,39.98,40.1683,39.9267,40.0267,13392922.0
1576800000,40.4933,40.7067,40.0067,40.0967,23863655.0
1577059200,40.0667,40.23,39.67,39.6767,13458826.0
1577145600,39.71,39.8667,39.67,39.8367,6682270.0
1577318400,39.87,39.95,39.65,39.84,12684220.0
1577404800,39.98,39.98,39.7483,39.8633,10637425.0
1577664000,39.9333,39.9367,39.71,39.8,8837740.0
1577750400,39.8333,39.9333,39.3967,39.6133,14746732.0
1577923200,39.62,39.9633,39.5672,39.6467,19978967.0
1578009600,39.4233,39.5962,39.1967,39.2967,16203500.0
1578268800,39.1333,39.3633,38.9233,39.2167,19339637.0
1578355200,39.0867,39.1717,38.7333,38.8533,20610143.0
1578441600,38.7667,38.91,38.56,38.72,17641451.0
1578528000,38.7167,39.1233,38.6935,39.12,16696898.0
1578614400,39.08,39.1133,38.66,38.7933,18166106.0
1578873600,38.7933,38.85,38.4567,38.6267,18342296.0
1578960000,38.49,38.7366,38.3767,38.7267,19761965.0
1579046400,38.21,38.6233,38.1733,38.4267,22362530.0
1579132800,38.5,38.6433,38.4267,38.6333,16108292.0
1579219200,38.6833,38.7667,38.2133,38.32,30135033.0
1579564800,38.1967,38.5633,38.1717,38.53,22061036.0
1579651200,38.4067,38.8433,38.3933,38.7,14779156.0
1579737600,38.7367,38.77,38.3467,38.6033,12915523.0
1579824000,38.6667,38.6767,38.05,38.1233,13150285.0
1580083200,37.73,38.7433,37.56,38.62,21055220.0
1580169600,38.66,38.9667,38.6499,38.8667,15810908.0
1580256000,38.8533,39.04,38.63,38.63,11333002.0
1580342400,38.5367,38.9067,38.4438,38.86,13744777.0
1580428800,38.6,38.7533,37.9667,38.1633,23327363.0
1580688000,38.3,38.4633,38.0333,38.09,13055587.0
1580774400,38.4133,38.7467,38.2967,38.4233,15696668.0
1580860800,38.5333,38.9833,38.2833,38.9367,17048660.0
1580947200,38.9433,39.0767,38.6867,38.77,16058768.0
1581033600,38.7033,38.92,38.5867,38.8167,11069917.0
1581292800,38.5833,38.9933,38.3483,38.4167,18434606.0
1581379200,38.4767,38.5,38.1467,38.4667,17391605.0
1581465600,38.5,38.8067,38.47,38.6167,14206654.0
1581552000,38.6167,39.1783,38.527,39.1467,15999563.0
1581638400,39.2233,39.5233,39.0517,39.2967,24391946.0
1581984000,39.49,39.9833,39.12,39.8767,34548363.0
1582070400,39.8333,39.98,39.2267,39.2267,21563315.0
1582156800,39.07,39.37,38.9533,39.23,15069983.0
1582243200,39.1467,39.5833,39.1033,39.5267,18727580.0
1582502400,39.1533,39.4867,38.6507,38.7733,19848116.0
1582588800,38.7833,39.0233,38.0167,38.13,23293031.0
1582675200,38.2333,38.39,37.8833,37.9267,20021132.0
1582761600,37.52,38.0233,36.7833,36.8,28476792.0
1582848000,35.8967,36.1733,34.79,35.8933,52512245.0
1583107200,35.8667,38.7991,35.7633,38.6267,51222725.0
1583193600,38.6933,39.1767,37.4467,37.6367,33340923.0
1583280000,38.08,38.9467,37.8233,38.9233,24625268.0
1583366400,38.1333,39.0833,37.97,38.64,25639518.0
1583452800,37.9567,39.3033,37.67,39.0767,29411136.0
1583712000,37.94,40.21,37.5767,39.0533,59243526.0
1583798400,39.3667,40.2267,38.3067,39.93,37797184.0
1583884800,39.17,39.6767,37.6,38.1433,31629003.0
1583971200,35.34,37.1633,34.3267,34.6833,56323356.0
1584057600,36.08,38.1967,34.6267,38.0333,42962134.0
1584316800,35.0667,37.1097,34.0,35.5867,36753904.0
1584403200,37.59,39.7567,36.82,39.7533,52806095.0
1584489600,38.3333,42.6933,38.1667,40.86,77355848.0
1584576000,41.4867,42.3333,39.21,39.8167,57100446.0
1584662400,39.8333,40.93,37.2967,37.99,55423566.0
1584921600,38.0567,39.18,37.4033,38.0933,39365884.0
1585008000,38.6233,39.1233,37.1033,38.3433,42705154.0
1585094400,37.6567,38.0,36.0167,36.4667,53287505.0
1585180800,36.4667,36.9567,35.6155,36.6067,58293966.0
1585267200,36.7033,37.4267,36.2002,36.5267,36160354.0
1585526400,37.2867,38.6,36.9791,38.3967,29212623.0
1585612800,38.1033,38.73,37.5467,37.8733,26271543.0
1585699200,37.3833,38.51,37.2667,38.0467,28269516.0
1585785600,37.7267,39.7033,37.445,39.55,29515476.0
1585872000,39.07,39.97,39.01,39.8267,28624992.0
1586131200,39.6867,42.13,39.6467,42.0233,47768705.0
1586217600,41.3267,42.1633,40.5467,40.6633,41369734.0
1586304000,41.23,41.27,40.1967,40.6133,27876537.0
1586390400,39.4067,40.9567,39.22,40.6,32833203.0
1586736000,40.4233,41.89,40.39,41.7667,24193991.0
1586822400,42.3667,43.2633,42.0117,43.0,34098933.0
1586908800,43.0,43.2933,42.3733,42.92,22435295.0
1586995200,43.0,44.3067,42.75,44.11,31882353.0
1587081600,43.8267,44.3233,43.2417,44.04,30915273.0
1587340800,44.13,44.46,43.2533,43.2833,24401825.0
1587427200,43.3567,43.6767,42.72,43.07,27900720.0
1587513600,43.3333,44.1267,42.9667,43.8633,19455110.0
1587600000,43.2833,43.6965,42.5767,42.8433,28839894.0
1587686400,43.1167,43.2967,42.8533,43.1467,17348285.0
1587945600,43.3333,43.4359,42.7233,42.7667,17923817.0
1588032000,42.76,43.4133,42.5667,42.6667,20732084.0
1588118400,41.8567,41.92,40.85,41.2,44611984.0
1588204800,41.0267,41.1454,40.3467,40.5167,40497784.0
1588291200,40.4933,41.23,40.26,40.9733,31144053.0
1588550400,41.28,41.4667,40.57,41.2333,17807639.0
1588636800,41.2667,41.7533,41.0867,41.5767,19337252.0
1588723200,41.7367,41.83,40.9483,41.1,17309177.0
1588809600,41.1533,41.3267,40.5,40.63,27348543.0
1588896000,40.9167,41.0033,40.54,40.98,20833058.0
1589155200,41.0133,41.4367,41.0033,41.2233,25341918.0
1589241600,41.4933,41.8867,41.26,41.26,19100177.0
1589328000,41.1667,42.08,41.03,41.2367,29175168.0
1589414400,41.6167,41.71,40.4334,41.14,22233020.0
1589500800,41.1567,41.98,41.03,41.98,31770123.0
1589760000,42.5,42.8517,42.0333,42.5533,39107704.0
1589846400,43.9167,43.9967,41.6033,41.65,74746327.0
1589932800,42.1633,42.1967,41.5433,41.8167,32246403.0
1590019200,41.63,42.0467,41.4167,41.6633,22448222.0
1590105600,41.7,41.7833,41.2567,41.4433,22359488.0
1590451200,41.4467,41.8367,41.21,41.2867,23730548.0
1590537600,41.3233,41.4967,40.3433,40.8267,31073703.0
1590624000,41.24,41.65,41.0533,41.23,24437921.0
1590710400,41.4133,41.5683,40.6433,41.3533,29317296.0
1590969600,41.1467,41.47,40.7867,41.32,20567258.0
1591056000,41.1967,41.3842,40.9367,41.3133,19187807.0
1591142400,41.3,41.33,40.8867,41.1567,20263001.0
1591228800,40.9333,41.2957,40.6067,40.7033,24014891.0
1591315200,40.8567,40.8933,39.97,40.52,39337174.0
1591574400,39.86,40.4133,39.82,40.4133,28344195.0
1591660800,40.5333,40.6667,40.1867,40.45,20746313.0
1591747200,40.52,40.8333,40.3767,40.3867,28141650.0
1591833600,40.33,40.86,39.8267,40.03,34162953.0
1591920000,40.17,40.25,39.02,39.2467,32359323.0
1592179200,39.4667,39.56,39.0033,39.36,32703183.0
1592265600,39.9333,40.0766,39.5133,39.8833,25185633.0
1592352000,39.9533,40.0433,39.4667,39.6767,20167013.0
1592438400,39.5133,39.6867,39.22,39.33,20069924.0
1592524800,39.63,40.1,39.25,39.95,40028764.0
1592784000,40.3233,40.6967,40.1333,40.56,27338544.0
1592870400,40.9167,40.95,40.3202,40.3567,19727747.0
1592956800,40.2467,40.3718,39.86,40.1,20614832.0
1593043200,39.92,40.0533,39.46,39.9033,20569847.0
1593129600,39.8667,40.28,39.34,39.44,26991513.0
1593388800,39.5,39.8933,39.405,39.6867,16511354.0
1593475200,39.74,40.0433,39.5133,39.9267,20509076.0
1593561600,39.8167,39.9733,39.5533,39.8967,19733765.0
1593648000,40.03,40.2933,39.62,39.7367,17695679.0
1593993600,39.9333,39.9567,39.4067,39.63,21694994.0
1594080000,39.4833,42.5167,39.4067,42.3167,93458049.0
1594166400,42.6667,42.71,41.4667,41.48,52217135.0
1594252800,41.87,42.7267,41.65,42.5833,42771724.0
1594339200,42.9117,43.79,42.42,43.56,44236894.0
1594598400,43.7767,44.5433,42.9633,43.1733,42338344.0
1594684800,43.0933,44.1667,43.0087,44.0033,26455668.0
1594771200,44.09,44.71,43.6,44.0,31731363.0
1594857600,44.0167,44.2433,43.7467,44.0667,17676497.0
1594944000,44.4567,44.4567,43.8233,43.9133,18189509.0
1595203200,43.9867,44.2467,43.7133,43.8233,18342551.0
1595289600,43.8533,44.6633,43.8167,44.11,21721205.0
1595376000,44.19,44.3433,43.73,44.22,16164533.0
1595462400,44.3333,44.3833,43.77,43.88,16796258.0
1595548800,43.65,44.1333,43.5033,43.7467,13037350.0
1595808000,43.62,43.9933,43.62,43.7367,14045551.0
1595894400,43.8333,44.1267,43.64,43.92,14414164.0
1595980800,43.8533,43.9533,43.2833,43.5633,14223328.0
1596067200,43.14,43.4733,42.9067,43.3733,13788364.0
1596153600,43.2167,43.3633,42.54,43.1333,21634607.0
1596412800,43.3033,43.3717,42.7571,43.1,14976265.0
1596499200,43.2167,43.9033,42.98,43.88,18219677.0
1596585600,43.4833,43.5833,42.9433,43.27,25510722.0
1596672000,43.0433,43.41,43.01,43.1167,14496421.0
1596758400,43.1933,43.4867,43.0367,43.3233,16558463.0
1597017600,43.4133,44.1133,43.2167,43.96,17683064.0
1597104000,44.1967,44.29,43.2434,43.4,25360068.0
1597190400,43.49,44.0767,43.0267,43.9633,19116338.0
1597276800,43.7367,43.9867,43.5767,43.95,19867334.0
1597363200,44.1133,44.3233,43.8767,44.2,20106263.0
1597622400,44.7833,45.3767,44.6167,45.2,39465004.0
1597708800,45.39,45.8774,44.39,44.9033,80232548.0
1597795200,44.7367,44.8867,43.9517,44.1367,38155204.0
1597881600,43.7367,44.0233,43.35,43.5233,26810649.0
1597968000,43.5167,44.2233,43.3667,43.8767,24863984.0
1598227200,44.0833,44.16,43.4433,43.7767,19813652.0
1598313600,43.6,43.7456,43.2233,43.5433,21722459.0
1598400000,43.4033,43.6267,43.2333,43.5667,18814670.0
1598486400,43.6933,46.45,43.6333,45.5433,119018742.0
1598572800,47.0,47.0233,45.9467,46.7667,64050936.0
1598832000,45.8267,46.2967,45.1767,46.2833,45236345.0
1598918400,47.0667,49.8633,46.6833,49.1967,107124641.0
1599004800,50.4167,50.4433,48.5367,49.2267,51665975.0
1599091200,48.9,49.8667,47.27,48.18,48015005.0
1599177600,48.0067,48.3461,46.7,47.61,33982083.0
1599523200,47.1367,47.3,46.0867,46.15,33966753.0
1599609600,46.6967,47.5367,46.4833,46.63,33669093.0
1599696000,46.6867,46.845,45.5286,45.6033,33709263.0
1599782400,45.6833,46.1467,45.1833,45.5667,28879734.0
1600041600,45.38,47.0333,45.2933,45.7733,45733955.0
1600128000,46.0767,46.36,45.56,45.7867,30427863.0
1600214400,46.1367,46.2275,45.35,45.42,27877950.0
1600300800,45.1433,45.8567,45.0067,45.5633,37245094.0
1600387200,45.48,45.8433,44.9167,45.0967,54709055.0
1600646400,45.5,45.7467,45.0967,45.69,47275505.0
1600732800,45.69,46.33,45.5233,46.1033,33102063.0
1600819200,46.3333,46.4133,45.2731,45.33,23133326.0
1600905600,45.2433,45.9317,45.0233,45.5667,29453085.0
1600992000,45.5067,45.845,45.32,45.7567,22618790.0
1601251200,45.72,46.0167,45.5733,45.75,21196979.0
1601337600,45.75,46.0467,45.4633,45.7133,27722727.0
1601424000,45.7967,47.2467,45.7338,46.6367,34826463.0
1601510400,46.9333,48.1266,46.7533,47.6933,43290994.0
1601596800,47.4467,47.7,46.7099,46.8333,24584924.0
1601856000,47.0967,47.3966,47.0217,47.2667,14259118.0
1601942400,47.29,47.6466,46.75,46.8767,21475445.0
1602028800,47.0867,47.1833,46.75,46.9633,16949198.0
1602115200,47.17,47.3633,47.04,47.12,14676871.0
1602201600,47.22,47.78,47.1867,47.5933,14494807.0
1602460800,47.6733,48.4633,47.6733,48.0833,18402449.0
1602547200,48.2267,48.8683,48.12,48.7433,23800349.0
1602633600,48.8,48.8417,47.92,47.98,19722329.0
1602720000,47.6967,48.32,47.6125,48.1767,13705426.0
1602806400,48.4667,48.7167,48.1567,48.2367,16942025.0
1603065600,48.3667,48.4567,47.5837,47.65,14643211.0
1603152000,48.0367,48.51,47.8733,47.9667,14529637.0
1603238400,47.9467,48.5753,47.9467,48.1333,13114282.0
1603324800,48.0633,48.1867,47.5633,47.85,13354732.0
1603411200,47.99,48.0467,47.6167,47.95,10540468.0
1603670400,47.6133,47.708,46.98,47.3867,16111793.0
1603756800,47.35,47.9,47.3233,47.6233,11830954.0
1603843200,46.9867,47.3767,46.6267,46.68,16849325.0
1603929600,46.6667,47.0367,46.2333,46.64,15154046.0
1604016000,46.3933,46.6967,45.79,46.25,18608219.0
1604275200,46.8633,46.9367,46.3433,46.8,16575656.0
1604361600,47.2167,48.0533,47.19,47.5933,15413225.0
1604448000,47.19,48.13,47.112,47.32,17927483.0
1604534400,48.0,48.0767,47.6467,47.8233,14202706.0
1604620800,48.12,48.74,47.85,48.59,16198466.0
1604880000,49.3333,49.3997,47.8267,47.8467,28198575.0
1604966400,47.9167,48.8124,47.8434,48.52,18199334.0
1605052800,48.9733,49.6517,48.8,49.3267,18805823.0
1605139200,49.4933,49.5702,49.0333,49.41,12576994.0
1605225600,49.6467,50.3117,49.1733,50.18,19811516.0
1605484800,50.1767,51.1333,49.76,50.8133,34560423.0
1605571200,50.1667,51.0816,49.7267,49.79,42711634.0
1605657600,49.9533,50.5567,49.6833,49.6967,24936869.0
1605744000,49.82,50.8167,49.7733,50.7067,18590606.0
1605830400,50.39,50.92,49.9367,50.08,21962567.0
1606089600,50.1233,50.4667,49.79,50.31,18557144.0
1606176000,50.58,50.66,50.09,50.4533,17168771.0
1606262400,50.4167,50.7967,50.4033,50.61,13833322.0
1606435200,50.7167,50.9067,50.3667,50.5333,10999582.0
1606694400,50.5333,50.9833,50.0333,50.93,32695563.0
1606780800,51.2,51.2199,50.5533,50.88,22941275.0
1606867200,50.6667,50.8733,49.844,50.1733,23547050.0
1606953600,50.0933,50.0933,49.4633,49.7667,25725852.0
1607040000,49.8367,49.8367,49.1933,49.6367,20889206.0
1607299200,49.4867,49.6633,49.0533,49.37,18479216.0
1607385600,49.12,49.95,49.06,49.8167,20716364.0
1607472000,50.0,50.0,49.2967,49.4233,20139695.0
1607558400,49.25,49.3833,48.8567,49.0133,20652356.0
1607644800,48.9733,49.1694,48.6467,49.0,16860788.0
1607904000,49.2333,49.24,48.4667,48.55,25087959.0
1607990400,48.5067,48.7867,48.2867,48.5267,31894503.0
1608076800,48.7467,48.9633,48.36,48.4767,25651047.0
1608163200,48.6867,48.8133,48.3833,48.7,30679383.0
1608249600,48.8717,49.06,48.3867,48.65,41384224.0
1608508800,48.5,48.89,48.3546,48.6567,25553007.0
1608595200,48.3833,48.7433,47.7133,48.0667,37662184.0
1608681600,47.8467,48.0733,47.4333,47.74,20430452.0
1608768000,47.8467,48.13,47.7267,47.8333,9054472.0
1609113600,48.0133,48.4333,47.7767,48.4067,19344977.0
1609200000,48.5467,48.615,47.8633,48.1,17938142.0
1609286400,48.2933,48.3833,47.98,48.06,18751157.0
1609372800,48.0667,48.09,47.6167,48.05,17814056.0
1609718400,48.1,48.9633,48.0933,48.8433,32182233.0
1609804800,48.8667,49.0233,48.1633,48.5833,26497962.0
1609891200,48.3633,49.3667,48.337,48.8867,21918908.0
1609977600,49.2067,49.2533,48.68,48.8833,20537915.0
1610064000,48.96,49.0,48.6033,48.8767,24478202.0
1610323200,48.6667,49.33,48.6667,49.0967,26347245.0
1610409600,49.6667,49.9767,49.44,49.6567,23373431.0
1610496000,49.5833,49.69,49.1433,49.15,16069625.0
1610582400,49.2733,49.3333,48.6783,48.99,23017100.0
1610668800,48.38,48.6333,47.8903,48.2133,35920474.0
1611014400,48.2133,48.3567,47.5567,47.7967,24123461.0
1611100800,47.8633,48.5533,47.63,48.5033,23775713.0
1611187200,48.4533,48.5767,48.07,48.2833,14349856.0
1611273600,48.5333,49.1133,48.3733,48.7767,19219358.0
1611532800,48.4533,48.75,48.09,48.7333,19031165.0
1611619200,48.5433,49.27,48.49,49.17,15031487.0
1611705600,48.9867,49.2867,47.85,47.9467,29910345.0
1611792000,48.1533,48.7533,47.8767,47.9167,22301624.0
1611878400,47.7267,47.9167,46.7833,46.83,32509113.0
1612137600,46.97,47.1633,46.3967,46.4233,25945092.0
1612224000,46.5867,47.3833,46.48,46.9233,27002367.0
1612310400,46.8867,47.35,46.8767,47.0667,14966797.0
1612396800,47.2633,47.7267,47.0867,47.51,17346269.0
1612483200,47.82,48.2833,47.51,48.12,20451749.0
1612742400,48.27,48.5267,48.1533,48.3433,15825353.0
1612828800,48.1933,48.7733,48.1933,48.61,15907010.0
1612915200,48.61,48.6333,47.8463,48.0433,18576959.0
1613001600,48.0467,48.3167,47.9033,48.0067,12791461.0
1613088000,48.0533,48.2033,47.89,48.1567,13423594.0
1613433600,48.6467,48.7967,48.31,48.5533,27891090.0
1613520000,48.2167,49.1667,48.1667,49.0667,26026698.0
1613606400,46.3333,46.9,45.8333,45.8867,96927400.0
1613692800,45.9333,46.4733,45.89,46.1133,36605974.0
1613952000,45.9133,46.1133,45.4167,45.8967,32106633.0
1614038400,45.7033,45.7967,45.02,45.1567,31300203.0
1614124800,45.29,45.3867,44.35,44.4033,46565735.0
1614211200,44.3667,44.67,43.828,43.9833,33324693.0
1614297600,43.8267,43.9367,43.2867,43.3067,42470794.0
1614556800,43.86,44.19,43.71,43.79,34634553.0
1614643200,43.8367,44.25,43.3367,43.37,29230701.0
1614729600,43.1667,43.31,42.5167,42.53,41837284.0
1614816000,42.62,43.1933,42.0933,42.51,45347915.0
1614902400,42.2767,43.2486,42.25,43.04,34073583.0
1615161600,43.11,43.28,42.6033,42.6267,40988404.0
1615248000,42.9333,43.2933,42.7733,42.9633,31988643.0
1615334400,42.9533,44.35,42.8233,44.06,44929354.0
1615420800,44.4533,44.4967,43.8433,44.0433,35489674.0
1615507200,44.1733,44.84,44.0267,44.7067,28437564.0
1615766400,44.9133,44.9167,44.275,44.4767,25098078.0
1615852800,44.2733,44.76,44.2733,44.4633,19880861.0
1615939200,44.1667,44.38,43.9933,44.0933,24156182.0
1616025600,43.72,43.9833,43.31,43.3367,29815416.0
1616112000,43.3767,44.1667,43.3,43.9133,57703566.0
1616371200,43.6667,44.15,43.6633,44.1233,24653852.0
1616457600,43.9033,44.7667,43.8767,44.6467,29154789.0
1616544000,44.81,44.81,44.35,44.37,23547434.0
1616630400,44.42,44.8434,44.29,44.67,28126005.0
1616716800,44.6667,45.0667,44.4737,45.0433,28653507.0
1616976000,45.0,45.67,44.8667,45.5567,30146523.0
1617062400,45.4433,45.8633,45.1567,45.2467,27230181.0
1617148800,45.1833,45.62,44.9867,45.2767,24546038.0
1617235200,45.3133,45.63,45.11,45.2067,25595157.0
1617580800,45.5733,46.72,45.4,46.4767,40043164.0
1617667200,46.37,46.9827,46.1733,46.7,31044693.0
1617753600,46.7667,46.9167,46.55,46.6,20361578.0
1617840000,46.8167,47.04,46.5533,46.57,19095461.0
1617926400,46.5433,46.6967,46.2379,46.5933,20676485.0
1618185600,46.69,46.7933,46.4467,46.6,18723125.0
1618272000,46.6,46.6667,46.29,46.4567,17397995.0
1618358400,46.3733,46.4867,46.14,46.44,21924494.0
1618444800,46.4667,46.8233,46.4,46.72,21710333.0
1618531200,46.9633,46.9867,46.57,46.87,26488386.0
1618790400,46.7633,46.8567,46.5367,46.57,19280975.0
1618876800,46.4733,47.2567,46.2733,46.93,24451979.0
1618963200,46.9233,47.2333,46.8433,47.0667,17335091.0
1619049600,47.0267,47.15,46.4733,46.5567,19705115.0
1619136000,46.3667,46.7807,46.3433,46.6333,22983998.0
1619395200,46.6367,46.6667,45.88,45.97,22846235.0
1619481600,46.0,46.315,45.85,46.1267,16151441.0
1619568000,46.1167,46.1967,45.955,45.9633,14286589.0
1619654400,45.9667,46.6667,45.9667,46.5433,19595960.0
1619740800,46.57,46.6633,46.37,46.6367,19680023.0
1620000000,46.56,47.58,46.56,47.3733,27139608.0
1620086400,47.18,47.3433,46.7,46.9067,19084073.0
1620172800,46.9033,47.0667,46.75,46.8667,11895556.0
1620259200,46.6667,47.119,46.4833,47.0167,16301858.0
1620345600,47.21,47.24,46.44,46.7333,23408417.0
1620604800,46.8167,47.36,46.77,46.94,26307738.0
1620691200,46.9567,46.9567,46.1067,46.5167,26464140.0
1620777600,46.29,46.3267,45.3033,45.3133,25998435.0
1620864000,45.41,46.3267,45.2533,46.08,21480161.0
1620950400,46.27,46.7467,46.1433,46.5067,16091687.0
1621209600,46.6667,46.8,46.2567,46.2967,19473530.0
1621296000,47.8367,48.1933,47.07,47.3033,58183686.0
1621382400,46.9033,47.9067,46.8333,47.3067,34874763.0
1621468800,47.1667,47.6233,46.9,47.4733,30540753.0
1621555200,47.5067,47.6933,47.2,47.25,22927457.0
1621814400,47.2533,47.4733,47.12,47.2533,18945950.0
1621900800,47.2667,47.5467,47.0233,47.4467,21505094.0
1621987200,47.4633,47.6267,47.2533,47.39,19294112.0
1622073600,47.7833,47.8933,47.23,47.23,56576916.0
1622160000,47.31,47.4833,47.2133,47.3433,21189911.0
1622505600,47.4033,47.6,47.09,47.22,20767628.0
1622592000,47.13,47.2366,46.6967,47.1167,23297981.0
1622678400,47.13,47.2833,46.9167,47.2,18374474.0
1622764800,47.1533,47.43,47.0833,47.2833,13635817.0
1623024000,47.2833,47.3233,46.7967,46.9667,16630886.0
1623110400,46.8367,46.9667,46.6033,46.61,20120570.0
1623196800,46.4467,46.67,46.3433,46.36,17085383.0
1623283200,46.36,46.73,46.36,46.6267,16378379.0
1623369600,46.7433,46.95,46.62,46.9167,25232475.0
1623628800,46.9767,46.9767,46.6767,46.8533,15140690.0
1623715200,46.9467,46.97,46.5533,46.6667,19327178.0
1623801600,46.6167,46.68,45.6567,45.7167,28795032.0
1623888000,45.6667,46.1167,45.57,45.9067,19341839.0
1623974400,45.1467,45.4627,44.8,45.0567,44812744.0
1624233600,45.22,45.5833,45.1167,45.4667,20775071.0
1624320000,45.41,45.9067,45.41,45.6767,19106864.0
1624406400,45.5,45.6633,45.31,45.32,19390553.0
1624492800,45.39,45.7467,45.3667,45.6367,23443961.0
1624579200,45.71,46.2867,45.64,46.1767,28640811.0
1624838400,46.0133,46.2133,45.5333,46.0333,15549068.0
1624924800,45.9667,46.1567,45.7433,45.7667,35962474.0
1625011200,46.52,47.5267,46.23,47.0067,45511055.0
1625097600,46.8033,47.0833,46.3367,46.44,26348553.0
1625184000,46.45,47.0267,46.45,46.7033,26287710.0
1625529600,46.6333,46.9167,46.505,46.6467,18279176.0
1625616000,46.5867,47.0633,46.4533,46.57,25607460.0
1625702400,46.1133,46.8833,46.0736,46.53,21267143.0
1625788800,46.8033,46.9467,46.6433,46.7667,15185291.0
1626048000,46.8967,46.93,46.4433,46.6833,19514930.0
1626134400,46.6633,47.06,46.6467,46.86,18947606.0
1626220800,46.9033,47.2667,46.61,47.1833,18812015.0
1626307200,47.3333,47.5467,47.03,47.22,17974838.0
1626393600,47.2333,47.3767,46.9833,47.1867,18095417.0
1626652800,47.1367,47.66,46.59,47.0767,27383163.0
1626739200,46.99,47.49,46.9257,47.29,19020302.0
1626825600,47.5,47.5133,46.9017,47.0567,18591899.0
1626912000,47.0433,47.3724,46.9333,47.09,13013296.0
1626998400,47.1733,47.5733,47.0033,47.4767,15947510.0
1627257600,47.4533,47.9533,47.1533,47.5433,18517337.0
1627344000,47.6667,47.6667,47.32,47.5467,15395717.0
1627430400,47.4933,47.75,47.22,47.3533,14071462.0
1627516800,47.5467,47.6167,47.341,47.4133,11063068.0
1627603200,47.0667,47.6517,47.0667,47.5167,16332185.0
1627862400,47.61,47.6233,47.2233,47.4067,19958525.0
1627948800,47.48,47.9667,47.4533,47.94,18915356.0
1628035200,47.7933,47.98,47.58,47.6133,15301586.0
1628121600,48.0767,48.5133,47.9967,48.4967,27005445.0
1628208000,48.7367,48.8233,48.3167,48.41,19263692.0
1628467200,48.6367,48.8267,48.4667,48.5267,15811775.0
1628553600,48.99,49.65,48.75,49.56,38262154.0
1628640000,49.8367,50.5267,49.72,50.0033,41455684.0
1628726400,49.6667,50.07,49.6033,49.6867,18277274.0
1628812800,49.7933,50.12,49.72,49.8433,15981212.0
1629072000,49.8933,50.5767,49.68,50.25,47926955.0
1629158400,50.1333,50.8333,49.7,50.2333,50950085.0
1629244800,50.1833,50.8567,49.6733,49.7,28211838.0
1629331200,49.4433,50.22,49.3333,50.0367,22630373.0
1629417600,50.16,50.5733,49.9167,50.4833,19400390.0
1629676800,50.51,50.5957,50.1367,50.15,16166090.0
1629763200,50.1667,50.1667,49.5667,49.6333,18828821.0
1629849600,49.47,49.76,49.3417,49.6533,21921167.0
1629936000,49.1567,49.4233,48.89,49.1167,23466854.0
1630022400,49.17,49.23,48.7267,48.84,23088458.0
1630281600,48.8067,49.3333,48.6733,49.2333,16440638.0
1630368000,49.33,49.48,49.08,49.3667,25078554.0
1630454400,49.1867,49.3108,48.8567,49.26,19056680.0
1630540800,49.3733,49.595,49.23,49.52,20022194.0
1630627200,49.4,49.8824,49.3,49.75,17213711.0
1630972800,49.6567,49.7233,49.02,49.09,25355952.0
1631059200,48.9833,49.44,48.91,49.1533,19508354.0
1631145600,49.1533,49.2033,48.6133,48.8067,22328609.0
1631232000,49.0667,49.08,48.475,48.63,15775205.0
1631491200,48.84,49.05,48.212,48.3533,19529297.0
1631577600,48.4933,48.6267,47.9733,48.1,16533752.0
1631664000,48.0233,48.25,47.93,48.1833,14849959.0
1631750400,48.1467,48.436,47.8967,48.3433,18428270.0
1631836800,48.0467,48.72,48.0067,48.2433,73039117.0
1632096000,47.8333,48.395,47.2067,47.58,25054404.0
1632182400,47.5667,48.1933,47.5567,47.6733,17437472.0
1632268800,47.8233,47.8667,47.43,47.5633,15044531.0
1632355200,47.74,47.8767,47.4833,47.59,15585422.0
1632441600,47.5,47.8967,47.4967,47.7233,13360621.0
1632700800,47.6233,47.85,47.28,47.4167,21250664.0
1632787200,47.2933,47.3583,46.6633,46.8333,20580764.0
1632873600,46.8833,47.2767,46.7733,46.8133,21375491.0
1632960000,46.88,47.2433,46.4167,46.46,22470707.0
1633046400,46.42,46.5433,45.3067,45.6833,30014553.0
1633305600,45.6967,46.0767,44.9017,45.2433,29970255.0
1633392000,45.3167,45.9033,45.3,45.54,20597417.0
1633478400,45.4133,45.93,45.3767,45.8733,19376666.0
1633564800,46.26,46.9,46.2533,46.4133,21068129.0
1633651200,46.5533,46.6967,46.3367,46.5533,13847284.0
1633910400,46.5067,46.9267,46.48,46.51,13048282.0
1633996800,46.4467,46.8033,46.3583,46.46,15789299.0
1634083200,46.5,46.67,46.0433,46.1233,17944505.0
1634169600,46.1667,46.6917,46.1667,46.6233,19791614.0
1634256000,46.8733,47.0317,46.6533,46.85,20737163.0
1634515200,46.6667,47.335,46.61,47.2267,19886900.0
1634601600,48.21,48.5367,47.8867,48.23,33444303.0
1634688000,48.2967,48.83,48.2967,48.6667,17453600.0
1634774400,48.86,48.9717,48.6033,48.9367,13954390.0
1634860800,49.0333,49.8967,49.0333,49.4467,21195728.0
1635120000,49.5933,50.1733,49.3367,50.02,19287989.0
1635206400,50.0,50.1833,49.4867,49.5833,17418716.0
1635292800,49.6533,49.6733,49.13,49.1767,14565676.0
1635379200,49.4467,49.66,49.2367,49.4833,12598414.0
1635465600,49.3033,50.033,49.1869,49.8067,22022786.0
1635724800,49.9933,50.25,49.7833,49.93,12549475.0
1635811200,49.99,50.0583,49.76,49.9067,13639042.0
1635897600,49.8667,50.0967,49.6767,50.06,14209594.0
1635984000,50.06,50.616,49.9433,50.4267,15149219.0
1636070400,50.6667,50.6667,49.8717,50.0767,15081884.0
1636329600,50.0733,50.17,49.5767,49.7567,15373268.0
1636416000,49.84,49.9567,49.6217,49.93,15001775.0
1636502400,49.5767,49.8733,49.3267,49.48,16803635.0
1636588800,49.59,49.6633,49.3967,49.5,13603150.0
1636675200,49.6667,49.7467,49.18,49.2533,18313679.0
1636934400,49.3833,49.4833,48.8,48.97,28895967.0
1637020800,48.3667,48.8933,47.4333,47.7233,73986697.0
1637107200,47.72,48.24,47.2733,47.3133,33116223.0
1637193600,47.38,47.7633,46.9533,47.72,24407474.0
1637280000,47.8733,48.0,47.3133,47.4633,28142187.0
1637539200,47.5533,48.4533,47.3333,48.26,29150367.0
1637625600,48.0833,48.66,47.75,48.6033,29917347.0
1637712000,48.5767,49.02,48.5467,48.8467,18089342.0
1637884800,48.8133,49.2933,48.14,48.3,21039716.0
1638144000,48.3333,48.4167,47.41,47.5433,33039513.0
1638230400,47.16,47.5,46.67,46.8767,64819056.0
1638316800,46.8367,46.905,45.68,45.7133,36687124.0
1638403200,45.8767,46.1467,45.08,45.1567,39805684.0
1638489600,45.2867,45.96,45.0967,45.8367,44142604.0
1638748800,45.8533,46.4533,45.7,46.3333,32589393.0
1638835200,46.5333,46.61,46.03,46.1833,37739014.0
1638921600,46.02,46.1667,45.3367,45.7167,34496253.0
1639008000,45.5433,46.19,45.2367,46.1667,32351703.0
1639094400,46.1133,47.1,45.8567,47.01,38575624.0
1639353600,46.7467,47.9166,46.67,47.8567,54039365.0
1639440000,47.7667,48.4267,47.3834,48.3133,46721285.0
1639526400,48.4033,48.8233,47.8,48.59,33489933.0
1639612800,48.59,48.842,47.63,47.78,39069484.0
1639699200,47.5833,47.9833,46.13,46.25,78711818.0
1639958400,46.04,46.5833,45.8667,46.4,31017873.0
1640044800,46.3,46.62,46.0033,46.54,24620438.0
1640131200,46.6333,46.6633,46.1767,46.6,17027852.0
1640217600,46.6,46.72,46.2833,46.4967,17592650.0
1640563200,46.5333,46.9567,46.5233,46.92,16053377.0
1640649600,46.8667,47.6567,46.8667,47.5933,15789050.0
1640736000,47.5533,47.8433,47.44,47.57,13045261.0
1640822400,47.7533,47.8983,47.4933,47.7233,14948992.0
1640908800,47.7333,48.3483,47.64,48.23,17947787.0
1641168000,48.0,48.2633,47.67,48.2167,20709788.0
1641254400,48.0133,48.38,47.2533,47.3333,33930033.0
1641340800,47.6167,48.65,47.58,47.9733,35417914.0
1641427200,47.8733,48.2133,47.4667,47.84,21828833.0
1641513600,47.8333,48.4533,47.6533,48.2967,19723592.0
1641772800,48.48,48.53,47.7067,48.2033,22731569.0
1641859200,48.07,48.2067,47.725,48.0667,21668717.0
1641945600,47.8933,47.9867,47.6667,47.8133,18946817.0
1642032000,47.81,48.56,47.7033,48.49,24252596.0
1642118400,48.0733,48.8767,48.0733,48.3533,26867361.0
1642464000,48.1367,48.2333,47.3767,47.5067,21134756.0
1642550400,47.5133,48.33,47.3067,47.98,22673984.0
1642636800,47.45,48.1533,47.0233,47.0733,22387127.0
1642723200,47.0733,47.4205,46.6867,46.73,27508179.0
1642982400,46.3567,46.8443,45.77,46.7333,28711377.0
1643068800,46.6633,46.79,45.6033,45.7167,29479437.0
1643155200,45.78,46.2633,45.0533,45.25,26185494.0
1643241600,45.64,46.36,45.1233,45.28,27783801.0
1643328000,45.3333,45.8567,44.65,45.84,25132026.0
1643587200,45.6967,46.68,45.5667,46.6033,20193476.0
1643673600,46.4033,47.05,46.33,46.97,20323100.0
1643760000,47.0,47.2133,46.7167,46.95,18149783.0
1643846400,46.7533,47.33,46.59,46.9967,20741204.0
1643932800,46.9633,47.0,46.1167,46.4433,22036523.0
1644192000,46.6867,46.69,45.87,45.9867,20010362.0
1644278400,46.1067,46.4133,45.8367,45.9967,19458881.0
1644364800,46.1667,46.2633,45.8233,45.8967,21473771.0
1644451200,45.5167,45.6717,45.1533,45.36,27810600.0
1644537600,45.6067,45.7267,44.7217,45.11,23733407.0
1644796800,45.11,45.32,44.2367,44.65,29363511.0
1644883200,44.9133,45.2233,44.5967,44.79,21848549.0
1644969600,44.7767,44.96,44.2333,44.51,28490589.0
1645056000,44.6667,46.49,44.5933,46.2933,53831555.0
1645142400,46.0333,46.53,45.7202,45.9967,31103463.0
1645488000,45.9233,46.08,45.3133,45.4833,25380930.0
1645574400,45.62,45.73,44.9467,45.0167,21030941.0
1645660800,44.6367,45.0033,44.0033,44.8433,31717443.0
1645747200,44.9367,45.5933,44.6967,45.46,24997772.0
1646006400,45.0,45.3567,44.59,45.0533,26286684.0
1646092800,45.29,45.9633,45.0067,45.33,24025043.0
1646179200,45.22,45.61,45.06,45.3867,23864255.0
1646265600,45.7633,46.8233,45.5167,46.43,29885211.0
1646352000,45.9367,47.6467,45.8633,47.6067,35580664.0
1646611200,47.1,47.8767,46.8167,47.2233,45870095.0
1646697600,47.1667,47.4867,46.1933,46.2467,28305531.0
1646784000,46.6667,46.7467,46.0467,46.4867,22122938.0
1646870400,46.4967,47.6667,46.3367,47.5433,27512790.0
1646956800,47.4333,48.0167,47.2933,47.3567,19162262.0
1647216000,47.34,48.2833,47.33,48.0167,22646297.0
1647302400,48.1767,48.7167,47.95,48.5933,22872485.0
1647388800,48.4633,48.98,47.9,48.45,24615959.0
1647475200,48.15,48.4333,47.55,48.3367,19023020.0
1647561600,48.3933,48.5233,48.036,48.48,31233423.0
1647820800,48.4767,49.0967,47.8733,48.0767,21350630.0
1647907200,48.2033,48.3233,47.66,47.9333,20235125.0
1647993600,47.7133,47.91,47.1733,47.3167,19625537.0
1648080000,47.4633,47.97,47.2917,47.61,13440886.0
1648166400,47.8167,47.9767,47.4217,47.8167,14088247.0
1648425600,47.8333,48.6867,47.7667,48.6667,20105645.0
1648512000,48.8667,49.3667,48.75,49.0767,19934441.0
1648598400,49.0433,50.06,49.0133,49.9567,24991574.0
1648684800,49.5967,50.18,49.3933,49.64,27163881.0
1648771200,49.8867,50.4233,49.6132,50.3367,20939801.0
1649030400,50.3033,51.0667,50.0267,50.3467,25337490.0
1649116800,50.2933,51.11,50.2933,50.49,18657809.0
1649203200,50.34,51.8067,50.1661,51.6633,28018434.0
1649289600,51.7,52.5133,51.48,52.18,27088065.0
1649376000,52.3033,52.8033,52.07,52.47,23294537.0
1649635200,52.3233,52.7467,51.21,51.43,24712757.0
1649721600,51.4133,51.8,50.85,51.0767,26761203.0
1649808000,51.15,52.5967,51.1167,52.4067,29284599.0
1649894400,52.37,52.7633,52.1433,52.36,22360481.0
1650240000,52.25,52.66,51.7367,51.96,14671816.0
1650326400,52.2233,52.65,52.0133,52.55,15854921.0
1650412800,52.7833,53.45,52.765,53.21,19821515.0
1650499200,53.3067,53.59,53.0233,53.29,18168302.0
1650585600,53.4167,53.4533,52.22,52.2867,21046319.0
1650844800,52.1233,52.49,51.45,52.3133,18057539.0
1650931200,52.1233,52.71,51.7333,51.7667,19601033.0
1651017600,51.8433,52.0667,51.34,51.4133,17496782.0
1651104000,51.7433,52.3267,51.3667,52.07,14971030.0
1651190400,51.9367,52.0733,50.9033,50.9967,21088661.0
1651449600,51.6533,51.6633,50.1067,50.66,20016005.0
1651536000,50.81,51.425,50.5933,50.8367,17951057.0
1651622400,50.6767,51.6067,50.5033,51.54,20022671.0
1651708800,51.2133,51.2767,50.4667,50.9133,23234321.0
1651795200,50.57,51.3167,49.4233,49.8533,34258083.0
1652054400,49.49,51.0333,49.3967,50.4367,28207080.0
1652140800,50.4767,50.7633,49.52,49.7267,24861320.0
1652227200,49.8,50.25,48.97,49.2067,27878736.0
1652313600,49.2867,50.05,48.84,49.16,25244526.0
1652400000,49.2367,49.46,48.7133,49.35,19962170.0
1652659200,49.7933,49.9106,48.82,49.4033,21448997.0
1652745600,45.4767,45.8133,43.5467,43.7833,132940183.0
1652832000,42.6767,42.7567,40.51,40.81,104253130.0
1652918400,40.29,40.5966,39.5333,39.69,71008507.0
1653004800,39.88,40.28,39.09,39.7333,49355945.0
1653264000,39.9733,41.2567,39.9533,40.8667,43680844.0
1653350400,40.4033,41.5167,40.3601,41.3767,34584843.0
1653436800,41.3333,41.5567,40.8667,41.1233,27121884.0
1653523200,41.7667,42.1333,41.4667,42.0,28197711.0
1653609600,41.83,42.8733,41.77,42.8267,25299801.0
1653955200,42.4867,43.3,42.4733,42.8767,36912424.0
1654041600,42.8333,42.9733,41.56,41.8167,28534689.0
1654128000,41.8567,42.51,41.4433,42.5033,23214395.0
1654214400,42.2233,42.4733,41.6967,41.7733,18302723.0
1654473600,41.94,42.1,41.5283,41.6233,19855475.0
1654560000,40.4133,41.1633,40.2925,41.1233,47707895.0
1654646400,40.7833,41.3033,40.65,40.7667,22522673.0
1654732800,40.6667,41.45,40.33,40.34,19886216.0
1654819200,39.9167,40.9133,39.78,40.5667,25246827.0
1655078400,39.9133,40.4133,39.6967,39.8033,24897884.0
1655164800,39.71,40.0,39.39,39.82,21544343.0
1655251200,39.99,40.1367,39.301,39.7933,25913856.0
1655337600,39.45,40.5867,39.41,40.2067,30706893.0
1655424000,40.0067,40.2933,39.3233,39.43,36838894.0
1655769600,39.4333,40.9267,39.4067,40.7233,23916521.0
1655856000,40.7,41.0833,40.1967,40.23,20245157.0
1655942400,40.5833,41.32,40.4,41.2067,18040931.0
1656028800,41.3633,41.77,41.0533,41.24,31845963.0
1656288000,41.26,41.58,40.93,41.3733,19889054.0
1656374400,41.5533,41.8567,40.7633,40.79,15401576.0
1656460800,40.9633,41.1167,40.3233,40.64,19111622.0
1656547200,40.2933,40.6867,39.9633,40.5267,19166237.0
1656633600,40.6467,40.9733,40.3867,40.8767,17460971.0
1656979200,40.7367,41.5033,40.5367,41.4167,18219713.0
1657065600,41.4933,42.0933,41.4333,41.71,21300125.0
1657152000,41.73,41.8417,41.3733,41.7733,17487290.0
1657238400,41.94,42.2033,41.7167,41.8,14751070.0
1657497600,41.6733,42.11,41.54,41.8167,11533879.0
1657584000,41.7033,42.3767,41.5733,41.69,13732270.0
1657670400,41.48,42.1533,41.3033,41.79,12689119.0
1657756800,41.3867,42.7733,41.38,42.6067,20905391.0
1657843200,42.9333,43.4233,42.6833,43.0233,21184253.0
1658102400,42.8833,43.4333,42.7533,42.9233,14243737.0
1658188800,43.13,43.32,42.8667,43.1867,16995257.0
1658275200,43.5033,43.77,43.1667,43.5467,18564818.0
1658361600,43.56,44.1867,43.5,44.1833,18764654.0
1658448000,44.18,44.4633,43.7437,44.07,13616302.0
1658707200,44.13,44.2333,43.8194,44.0067,20535164.0
1658793600,40.3767,40.8967,40.02,40.66,95391550.0
1658880000,40.4133,42.255,40.3422,42.1967,42159694.0
1658966400,42.09,43.5033,42.09,43.25,33262323.0
1659052800,42.7733,44.0883,42.6708,44.0167,30141843.0
1659312000,43.6867,44.7433,43.6667,44.18,24996278.0
1659398400,44.3833,44.57,43.8,44.2267,19695020.0
1659484800,44.0533,44.3133,43.2867,43.5,32003103.0
1659571200,43.5567,43.6,41.7767,41.8567,53106005.0
1659657600,41.8367,42.27,41.7067,42.1933,32006883.0
1659916800,42.2167,42.7375,42.2033,42.5367,18183332.0
1660003200,42.63,42.99,42.4033,42.9567,19325012.0
1660089600,43.3333,43.3817,42.7967,43.0467,25250985.0
1660176000,43.2333,43.4567,42.8667,43.2733,23854484.0
1660262400,43.3333,44.28,43.2733,44.0733,26624901.0
1660521600,43.8767,44.5233,43.7856,44.2,26516127.0
1660608000,46.3,46.9767,46.0633,46.4567,91773339.0
1660694400,46.19,47.5733,46.1333,46.5067,41792104.0
1660780800,46.51,46.8067,46.1667,46.3567,19197536.0
1660867200,46.3067,46.3567,45.6367,45.6733,22918676.0
1661126400,45.4,45.5733,44.8133,44.8567,18667223.0
1661212800,44.87,44.9867,44.4033,44.6667,16955090.0
1661299200,44.7833,45.0983,44.5333,44.99,15766538.0
1661385600,45.0933,45.33,45.01,45.29,19414604.0
1661472000,45.37,45.61,43.8383,43.8667,21331847.0
1661731200,43.61,44.6217,43.53,44.2933,17381567.0
1661817600,44.4467,44.55,43.9133,44.16,14468032.0
1661904000,44.26,44.5967,43.9767,44.1833,22460750.0
1661990400,44.18,45.0467,44.1333,44.8267,21741803.0
1662076800,44.95,45.2233,44.1433,44.3333,17234543.0
1662422400,44.35,44.54,43.5733,44.1133,21899612.0
1662508800,44.3533,45.3217,44.2467,45.2467,17058974.0
1662595200,45.1333,45.6233,44.96,45.4767,16956026.0
1662681600,45.4333,45.8333,45.3767,45.6133,16145288.0
1662940800,45.6933,46.083,45.655,46.0233,14284519.0
1663027200,45.62,45.9833,44.9367,45.0733,17687327.0
1663113600,45.21,45.51,44.7,44.9733,19934696.0
1663200000,45.0167,45.05,44.3233,44.49,20189336.0
1663286400,44.0,44.85,43.76,44.3967,41874394.0
1663545600,44.2733,44.92,44.1567,44.7767,16853183.0
1663632000,44.4933,44.6267,44.1783,44.5167,13963450.0
1663718400,45.1467,45.8167,44.8733,44.9233,24903572.0
1663804800,44.8567,44.9067,44.28,44.4633,16744376.0
1663891200,44.29,44.3917,42.9233,43.3533,27195396.0
1664150400,42.9167,44.0467,42.7567,43.77,23011085.0
1664236800,44.0767,44.4767,43.4345,43.65,16979582.0
1664323200,43.8033,44.55,43.24,44.37,16838285.0
1664409600,44.5,44.7067,43.8767,44.0833,15241601.0
1664496000,44.08,44.12,43.2333,43.2333,19602185.0
1664755200,43.4133,44.2633,43.3367,44.1767,17574779.0
1664841600,44.62,45.0667,44.4567,44.75,16134368.0
1664928000,44.5867,44.8733,44.17,44.3067,14553829.0
1665014400,44.36,44.8267,43.86,43.8933,14200465.0
1665100800,43.77,43.8833,42.69,42.8533,17080391.0
1665360000,43.1767,43.31,42.7606,43.1067,11411557.0
1665446400,43.17,44.6,43.1517,44.2233,21276125.0
1665532800,44.3367,44.9231,43.6567,43.7233,16947581.0
1665619200,43.0933,44.3133,42.79,44.0933,20545508.0
1665705600,44.1467,44.4067,43.35,43.4767,16642667.0
1665964800,43.6533,44.275,43.5283,43.79,17812397.0
1666051200,44.4767,45.0333,44.4433,44.7133,16842167.0
1666137600,44.7767,44.9108,44.3233,44.5867,11339482.0
1666224000,44.66,45.1333,44.5483,44.6967,12754939.0
1666310400,44.9367,45.8033,44.6667,45.6,18134693.0
1666569600,45.8167,46.825,45.71,46.47,18806639.0
1666656000,46.3633,46.8133,46.1067,46.69,15051197.0
1666742400,46.7867,47.3467,46.6067,47.0467,20763179.0
1666828800,47.0033,47.3667,46.765,46.91,16602932.0
1666915200,46.6833,47.6333,46.68,47.5033,13648171.0
1667174400,47.4467,47.69,47.2567,47.4433,22572074.0
1667260800,47.6567,47.85,47.1667,47.23,14814982.0
1667347200,47.0533,47.855,46.9,46.9167,15528068.0
1667433600,46.5033,47.2382,46.36,46.9067,10976365.0
1667520000,47.3433,47.4033,46.265,46.99,14669305.0
1667779200,47.0867,47.6563,47.0867,47.4833,11364109.0
1667865600,47.5267,48.025,47.17,47.5967,15068513.0
1667952000,47.5867,47.72,46.4033,46.49,15932171.0
1668038400,47.5033,47.5633,46.8333,47.4533,20310614.0
1668124800,47.5567,47.7067,46.6633,47.5267,19270922.0
1668384000,47.2133,47.7733,46.09,46.13,37525924.0
1668470400,48.5367,50.09,48.1833,49.1467,76548698.0
1668556800,49.2933,50.0667,49.04,49.5,32593233.0
1668643200,49.0033,49.5767,48.9033,49.3333,24797810.0
1668729600,49.89,50.08,49.59,50.0767,18986852.0
1668988800,50.2033,50.7133,50.0633,50.3833,21157079.0
1669075200,50.6667,50.8166,50.3733,50.5633,16898543.0
1669161600,50.6933,51.1217,50.6267,50.8067,16920677.0
1669334400,50.7067,51.03,50.6209,51.0233,8777422.0
1669593600,50.9067,51.5467,50.9067,51.17,17679965.0
1669680000,51.01,51.2367,50.85,50.99,13842154.0
1669766400,50.87,50.9233,50.4,50.8067,31337973.0
1669852800,50.6833,51.2033,50.2433,51.1233,22732169.0
1669939200,50.4933,51.0783,50.4933,51.0733,20733134.0
1670198400,50.9167,51.0,50.17,50.55,23608274.0
1670284800,50.4,50.635,49.7367,49.9633,20625608.0
1670371200,50.1667,50.4033,49.6067,49.7033,17550212.0
1670457600,49.72,49.7583,49.38,49.5933,13512643.0
1670544000,49.1567,49.2383,48.4067,48.4367,27929457.0
1670803200,48.6333,49.3667,48.52,49.34,19432331.0
1670889600,50.0,50.0667,48.9133,49.1633,23408669.0
1670976000,49.03,49.51,48.6533,48.89,20334626.0
1671062400,48.5267,48.8067,47.8767,48.4533,17517971.0
1671148800,48.16,48.24,47.5233,47.5833,40343224.0
1671408000,47.67,47.8533,47.2424,47.6,15067457.0
1671494400,47.64,48.2133,47.4167,48.0167,17009303.0
1671580800,48.1067,48.6467,48.0867,48.3933,13726522.0
1671667200,48.2567,48.3267,47.31,47.8267,13086199.0
1671753600,47.6833,47.9333,47.4267,47.9233,9547705.0
1672099200,48.0133,48.15,47.73,47.9367,10045219.0
1672185600,47.8233,47.89,46.97,47.0967,15246188.0
1672272000,47.38,47.6733,47.25,47.3833,9172237.0
1672358400,47.1867,47.3308,46.9367,47.2633,11505949.0
1672704000,47.5167,47.9033,47.3633,47.8667,17249687.0
1672790400,47.8067,48.0167,47.3567,47.92,13338910.0
1672876800,47.82,48.0433,47.55,47.7567,13274422.0
1672963200,48.2,49.1833,48.08,48.9267,21231809.0
1673222400,48.7733,49.2867,48.2667,48.3167,17756621.0
1673308800,48.3133,48.4833,47.91,48.2867,11970658.0
1673395200,48.58,48.7267,48.2433,48.71,14834599.0
1673481600,48.8033,48.8067,48.13,48.27,12472780.0
1673568000,48.51,48.6067,47.9534,48.43,13700188.0
1673913600,48.43,48.57,48.065,48.1367,15122435.0
1674000000,48.0667,48.0833,46.825,46.9467,22674425.0
1674086400,47.13,47.175,46.2633,46.2767,17342102.0
1674172800,46.4667,46.9267,46.0567,46.8467,29542986.0
1674432000,46.82,47.67,46.7333,47.5467,13149814.0
1674518400,48.85,53.2933,47.0,47.6733,13669351.0
1674604800,47.4133,47.6117,46.7967,47.4467,12491737.0
1674691200,47.6767,47.9167,47.2533,47.4033,15819098.0
1674777600,47.5333,48.1567,47.25,47.7667,18412748.0
1675036800,47.3733,47.4833,47.09,47.3833,15897470.0
1675123200,47.44,47.96,47.22,47.9567,14103472.0
1675209600,47.8867,48.5367,47.5667,48.2233,12849178.0
1675296000,48.1367,48.2867,47.6452,47.8733,17806775.0
1675382400,47.7867,47.9867,46.9533,47.2367,17155505.0
1675641600,47.2733,47.3667,46.6767,46.8933,17453915.0
1675728000,46.59,47.1,46.23,46.9933,16341350.0
1675814400,46.7767,47.0333,46.6617,46.74,11691175.0
1675900800,46.9567,47.3133,46.856,47.1733,13064938.0
1675987200,47.6967,47.98,47.39,47.9067,15002843.0
1676246400,48.2367,48.7067,48.17,48.6367,16015907.0
1676332800,48.5767,49.0436,48.1867,48.4967,13831891.0
1676419200,48.32,48.8667,48.1867,48.8567,14678053.0
1676505600,48.4933,48.6633,48.06,48.09,16312160.0
1676592000,48.37,48.8967,48.19,48.8133,24770822.0
1676937600,47.6267,49.4467,47.3833,49.11,54393845.0
1677024000,48.9233,49.19,47.5867,48.08,29843958.0
1677110400,48.1233,48.1233,46.9033,47.3633,22021259.0
1677196800,46.9467,47.58,46.51,47.49,20623595.0
1677456000,47.57,47.6967,46.8867,47.1467,16647299.0
1677542400,47.0,47.55,46.9833,47.3767,18054110.0
1677628800,47.02,47.0933,46.4567,46.7167,14180197.0
1677715200,46.6133,46.9133,46.5,46.8333,14788546.0
1677801600,47.0133,47.0633,46.59,46.89,16888679.0
1678060800,46.8333,46.9933,46.6733,46.8833,16720838.0
1678147200,47.06,47.2267,46.2633,46.4167,17387516.0
1678233600,46.1867,46.3067,45.76,46.0333,19090724.0
1678320000,46.2767,46.3267,45.64,45.7233,15415691.0
1678406400,45.6733,46.0933,45.3633,45.6567,20065085.0
1678665600,45.56,46.1667,45.5267,45.79,28142073.0
1678752000,45.8967,46.09,45.6667,46.0333,25542663.0
1678838400,45.63,46.6033,45.57,46.5467,33133623.0
1678924800,46.4767,46.55,45.96,46.0933,28912413.0
1679011200,46.0633,46.4967,45.8633,46.4667,43081204.0
1679270400,46.7,47.3067,46.6033,46.9667,33928593.0
1679356800,47.13,47.13,46.51,46.8067,19013345.0
1679443200,46.88,47.0733,46.4867,46.5067,18548423.0
1679529600,46.7333,47.2033,46.4967,46.8833,22044203.0
1679616000,47.0033,47.49,46.8667,47.2667,22752818.0
1679875200,47.5967,48.325,47.5933,48.0567,26775519.0
1679961600,47.8833,48.1367,47.6833,47.87,21282848.0
1680048000,48.1233,48.32,47.8167,48.0767,24217400.0
1680134400,48.5,48.8667,48.34,48.5567,21878999.0
1680220800,48.86,49.48,48.8233,49.15,20867990.0
1680480000,49.2433,49.65,49.1667,49.5633,19766648.0
1680566400,49.51,49.5967,49.0067,49.0767,18113663.0
1680652800,49.0567,49.96,49.0467,49.89,26540694.0
1680739200,49.6,50.3459,49.5067,50.2667,17891615.0
1681084800,50.12,50.3733,49.9233,50.17,14519098.0
1681171200,50.3333,50.3333,49.8733,50.0233,18370430.0
1681257600,49.93,50.3233,49.7233,49.78,11209699.0
1681344000,49.8833,50.0,49.4,49.83,13272691.0
1681430400,49.6767,49.9633,49.3817,49.4933,10465522.0
1681689600,49.5467,49.89,49.5,49.84,16166816.0
1681776000,49.9267,50.1133,49.8133,49.95,13482952.0
1681862400,50.28,50.47,49.9233,50.0033,12433546.0
1681948800,50.07,50.4633,49.8667,50.3233,13641976.0
1682035200,50.6533,50.7667,50.3917,50.5767,25335735.0
1682294400,50.57,50.9833,50.57,50.92,13579507.0
1682380800,51.0967,51.25,50.4433,50.5233,17246600.0
1682467200,50.3267,50.47,50.0733,50.3033,12910231.0
1682553600,50.26,50.6467,50.26,50.46,12860971.0
1682640000,50.43,50.7233,50.06,50.3233,14088580.0
1682899200,50.3467,50.8467,50.31,50.53,11410150.0
1682985600,50.49,50.4967,49.82,50.3933,11330155.0
1683072000,50.52,50.7,50.09,50.2067,12334354.0
1683158400,50.1833,50.33,49.83,50.1567,14011339.0
1683244800,50.1,50.67,49.9433,50.59,14555911.0
1683504000,50.4233,50.9833,50.3533,50.9067,14926699.0
1683590400,50.9067,51.06,50.78,50.9933,15209744.0
1683676800,51.23,51.45,50.41,50.85,15827606.0
1683763200,50.85,51.09,50.6667,51.04,11926861.0
1683849600,51.2,51.3567,50.9033,51.0233,16119260.0
1684108800,51.1667,51.2833,50.46,50.6267,16114031.0
1684195200,50.2833,50.51,49.8576,49.9267,15540011.0
1684281600,50.38,50.3833,49.57,49.8433,26985939.0
1684368000,50.6,51.43,49.9833,50.49,46768565.0
1684454400,50.4667,50.4867,49.704,49.97,27594114.0
1684713600,49.9,50.0267,49.4283,49.53,16117796.0
1684800000,49.3367,49.6199,49.0267,49.4367,16302236.0
1684886400,49.5033,49.5133,48.7667,49.21,20515151.0
1684972800,48.96,49.1467,48.3633,48.72,21299744.0
1685059200,48.5667,48.9383,48.49,48.8067,15720857.0
1685404800,48.7667,49.0967,48.5333,48.6867,15742598.0
1685491200,48.4733,49.1033,48.3367,48.9567,30130803.0
1685577600,48.7367,49.3,48.6467,49.1367,20239181.0
1685664000,49.0733,49.6717,49.0333,49.6067,19178246.0
1685923200,49.79,50.4167,49.88,49.9333,15553175.0
1686009600,49.9,50.0633,49.5033,49.9267,15015680.0
1686096000,49.75,50.12,49.68,50.0,24256640.0
1686182400,50.13,50.81,49.93,50.7233,18875318.0
1686268800,50.72,51.24,50.5333,51.03,15605603.0
1686528000,51.1433,51.4333,51.055,51.3667,14715667.0
1686614400,51.5067,51.8367,51.3567,51.7667,15738887.0
1686700800,51.97,52.4433,51.87,52.29,21103118.0
1686787200,52.3333,52.7433,52.3267,52.5767,18160355.0
1686873600,52.6933,52.7167,51.76,51.8433,34675743.0
1687219200,51.5667,51.8167,51.2933,51.3867,20007770.0
1687305600,51.4033,51.7783,51.12,51.4867,19251428.0
1687392000,51.66,52.0267,51.4933,51.9167,13307704.0
1687478400,51.96,52.0967,51.6733,51.82,18974999.0
1687737600,51.8833,51.9267,51.44,51.6833,14106418.0
1687824000,51.3833,51.95,51.3533,51.4967,12093574.0
1687910400,51.5767,51.8933,51.545,51.7767,18889895.0
1687996800,51.5033,51.5833,51.0467,51.4267,21530279.0
1688083200,51.6567,52.51,51.5933,52.3933,19073060.0
1688342400,52.27,52.8133,52.11,52.7333,8647450.0
1688515200,52.72,53.04,52.4467,52.7033,17585798.0
1688601600,52.6433,52.7267,52.29,52.37,14427685.0
1688688000,51.9367,52.0967,51.15,51.1633,19774712.0
1688947200,51.52,51.8333,51.44,51.6267,12967723.0
1689033600,51.59,51.8367,51.2867,51.55,11463184.0
1689120000,51.77,51.9633,51.6067,51.68,16509965.0
1689206400,51.81,51.8667,51.23,51.3767,11859649.0
1689292800,51.3733,51.5567,51.1933,51.5533,10427467.0
1689552000,51.4667,51.66,51.2733,51.6167,10135843.0
1689638400,51.5567,51.8867,51.2867,51.5233,13440202.0
1689724800,51.6,51.7333,51.25,51.54,12372811.0
1689811200,51.6433,52.5167,51.6333,52.4933,14987809.0
1689897600,52.6333,52.9267,52.48,52.79,16960394.0
1690156800,52.8167,53.16,52.52,53.1,12529870.0
1690243200,53.4867,53.505,52.76,53.0567,15553925.0
1690329600,53.08,53.5633,52.9787,53.2467,15094082.0
1690416000,53.36,53.5467,53.0433,53.0533,13400308.0
1690502400,53.0967,53.6467,53.0967,53.3033,11021866.0
1690761600,53.32,53.5467,52.97,53.2867,13034035.0
1690848000,53.3167,53.4833,52.9867,53.0367,11783536.0
1690934400,52.8433,53.4767,52.8433,53.0733,12661981.0
1691020800,53.0067,53.166,52.8383,53.0867,13204036.0
1691107200,53.2533,53.4167,52.6533,52.78,14263099.0
1691366400,53.1667,53.7367,53.0367,53.4967,14269615.0
1691452800,53.6633,53.8733,53.17,53.55,11018116.0
1691539200,53.6367,54.0333,53.57,53.6367,13209616.0
1691625600,53.5967,53.9167,53.3433,53.42,15169490.0
1691712000,53.5167,53.9433,53.3667,53.7333,14195203.0
1691971200,54.0,54.26,53.06,53.3333,20813672.0
1692057600,53.18,53.5967,52.9733,53.06,14559448.0
1692144000,53.2933,53.6567,52.79,53.0867,26980944.0
1692230400,53.6333,53.7133,51.6733,51.8967,53614295.0
1692316800,51.77,53.2233,51.77,52.6433,27954783.0
1692576000,52.5433,52.9467,52.3467,52.5033,15679268.0
1692662400,52.3233,52.4367,52.08,52.3367,16672511.0
1692748800,52.2033,52.8,52.17,52.7,14210353.0
1692835200,52.71,53.0767,52.2733,52.2967,14033095.0
1692921600,52.3933,52.68,52.18,52.6067,12267406.0
1693180800,52.62,52.9433,52.62,52.9067,11871124.0
1693267200,53.0,53.4083,52.9533,53.35,12702205.0
1693353600,53.4667,53.7633,53.3067,53.7333,10967761.0
1693440000,53.7067,54.33,53.6533,54.2033,19582898.0
1693526400,54.29,54.32,53.3833,53.8567,12553369.0
1693872000,53.95,54.2667,53.3933,53.4233,15209360.0
1693958400,53.4667,54.0567,53.3033,53.8233,14594563.0
1694044800,54.0,54.4933,53.83,54.49,19120889.0
1694131200,54.4933,54.62,54.3567,54.59,12668965.0
1694390400,54.6667,54.8269,54.5533,54.78,11912119.0
1694476800,54.8333,54.9777,54.68,54.84,11757358.0
1694563200,54.9767,55.2833,54.79,54.8533,14364271.0
1694649600,55.0,55.2467,54.8033,55.0833,14923708.0
1694736000,55.07,55.22,54.59,54.88,63925086.0
1694995200,54.8933,55.0667,54.4167,54.4733,12997693.0
1695081600,54.46,54.5933,54.1183,54.46,14020486.0
1695168000,54.5333,54.9033,54.32,54.6367,10124650.0
1695254400,54.7533,54.8333,53.93,53.9733,18787490.0
1695340800,54.0767,54.41,53.9733,54.1167,13216918.0
1695600000,54.1233,54.37,53.9554,54.3567,10459423.0
1695686400,54.3133,54.5142,54.1167,54.1667,14435815.0
1695772800,54.0,54.0767,53.43,53.9067,15711104.0
1695859200,54.0,54.2767,53.8634,54.18,11617117.0
1695945600,54.3433,54.3767,53.0617,53.31,18842441.0
1696204800,53.1633,53.4233,52.77,53.3667,12992842.0
1696291200,53.23,53.5825,52.8934,53.03,11253175.0
1696377600,53.2167,53.6833,53.0033,53.6667,15755840.0
1696464000,53.4833,53.6533,53.0,53.0267,14269606.0
1696550400,52.8833,52.9967,50.55,52.1367,42616174.0
1696809600,51.6933,51.9517,51.0867,51.9467,21022544.0
1696896000,52.0767,52.6933,51.8867,52.5333,16014446.0
1696982400,52.7533,53.1633,52.3467,52.7433,12026776.0
1697068800,52.8433,53.1033,52.59,52.9833,13514677.0
1697155200,53.0867,53.4867,52.9667,53.2767,13810885.0
1697414400,53.5133,54.0267,53.44,53.7367,14348011.0
1697500800,53.58,53.9037,53.4633,53.8067,10893373.0
1697587200,53.96,54.12,53.5733,53.8467,10559725.0
1697673600,53.81,53.9407,53.4067,53.59,11745898.0
1697760000,53.61,53.7017,52.9033,52.92,15057245.0
1698019200,52.91,53.7833,52.6733,53.67,17097110.0
1698105600,53.8,54.4933,53.7967,54.4167,17535068.0
1698192000,54.3867,54.7767,54.1567,54.2533,16621781.0
1698278400,54.2367,54.6167,53.87,53.9233,16220075.0
1698364800,53.8267,53.99,53.5167,53.7233,13830214.0
1698624000,53.82,54.42,53.595,54.34,12653653.0
1698710400,54.3333,54.54,53.9833,54.47,14168347.0
1698796800,54.7367,55.1267,54.3267,54.9567,14899390.0
1698883200,54.7933,55.3967,54.5417,55.1733,15492203.0
1698969600,55.2933,55.4317,54.8333,54.8867,17240225.0
1699228800,54.8333,55.21,54.69,54.96,14529238.0
1699315200,55.2567,55.5367,55.11,55.2167,15023504.0
1699401600,55.28,55.4267,54.5267,54.7667,15591833.0
1699488000,54.79,54.84,54.415,54.64,15080699.0
1699574400,54.85,55.48,54.6333,55.3967,14321158.0
1699833600,55.46,55.9565,55.3483,55.8933,15408845.0
1699920000,56.0567,56.382,55.75,55.8833,19792520.0
1700006400,56.1267,56.6467,55.8367,56.5933,35769964.0
1700092800,52.9167,53.15,51.8333,52.0133,97658590.0
1700179200,51.9833,52.5133,51.67,51.7833,42533404.0
1700438400,51.8467,52.0033,51.67,51.7667,26703846.0
1700524800,51.82,52.2833,51.3767,51.9533,29382198.0
1700611200,51.9067,52.0167,51.46,51.5567,26433525.0
1700784000,51.7167,52.0433,51.5667,52.02,13975171.0
1701043200,51.9833,52.4533,51.9833,52.2567,23393648.0
1701129600,52.22,52.9746,52.22,52.88,23535029.0
1701216000,52.9233,52.9233,51.87,52.0267,29896488.0
1701302400,52.0067,52.1167,51.5033,51.8967,29925789.0
1701388800,51.7933,51.87,50.8767,51.4467,39273664.0
1701648000,51.1067,51.6433,51.1033,51.4333,24883190.0
1701734400,51.4833,51.95,51.2467,51.91,21883832.0
1701820800,51.85,51.9433,51.2167,51.3467,26447400.0
1701907200,51.45,51.5133,50.7417,50.82,25362582.0
1701993600,50.6667,50.7367,50.08,50.2867,34069473.0
1702252800,50.38,50.4833,49.8467,50.4133,31883253.0
1702339200,50.4067,50.5667,50.0767,50.4533,21382022.0
1702425600,50.5167,51.35,50.2133,51.35,35348674.0
1702512000,51.1733,51.3133,50.6433,50.7233,30891273.0
1702598400,50.5933,51.1533,50.5133,50.9133,70003597.0
1702857600,51.1167,51.69,51.0433,51.6567,26316015.0
1702944000,51.6133,51.8967,51.3633,51.8433,24417095.0
1703030400,51.8067,52.0467,51.2067,51.2367,21967703.0
1703116800,51.3333,51.6867,51.3017,51.6,20087786.0
1703203200,51.8167,52.3833,51.7184,52.2167,19405643.0
1703548800,52.2167,52.33,52.0367,52.1367,11679964.0
1703635200,52.1033,52.6483,52.0533,52.6267,19895966.0
1703721600,52.59,52.7767,52.5,52.5233,16776068.0
1703808000,52.51,52.6933,52.3867,52.55,21948200.0
1704153600,52.4167,53.1783,52.3967,53.0967,23539679.0
1704240000,53.2567,53.4333,52.9767,53.1,18756062.0
1704326400,53.07,53.18,52.4967,52.5867,19282472.0
1704412800,52.64,52.7,51.8667,52.2367,21709505.0
1704672000,52.2333,52.765,52.225,52.75,20680880.0
1704758400,52.6433,53.1133,52.5767,53.1033,23322380.0
1704844800,53.1867,53.8334,53.1867,53.7633,20122040.0
1704931200,53.7833,53.9633,53.39,53.7033,14355208.0
1705017600,53.79,53.8483,53.46,53.7733,13628968.0
1705363200,53.8133,54.1333,53.7433,53.9433,17032592.0
1705449600,53.7933,53.995,53.5433,53.69,14827663.0
1705536000,53.72,54.4633,53.56,54.4133,18190613.0
1705622400,54.4767,54.5233,53.8133,54.1267,19175297.0
1705881600,54.2633,54.3167,53.8333,54.13,13938382.0
1705968000,54.04,54.2833,53.9233,54.2667,12066517.0
1706054400,54.3,54.355,53.44,53.5,22932863.0
1706140800,53.8,54.29,53.4733,54.28,16369604.0
1706227200,54.35,54.7933,54.22,54.7567,15746312.0
1706486400,54.7833,55.135,54.5067,55.0133,18240314.0
1706572800,54.9,55.2683,54.54,55.1967,15270014.0
1706659200,55.9333,55.9333,55.0367,55.0833,26134878.0
1706745600,55.2333,56.118,55.06,56.1033,20792555.0
1706832000,56.05,56.8583,55.9733,56.5233,21670688.0
1707091200,56.67,56.67,56.0233,56.22,19145072.0
1707177600,56.2633,56.65,56.1133,56.6033,14189785.0
1707264000,56.7567,56.8867,56.4,56.46,17082467.0
1707350400,56.46,56.85,56.38,56.4567,14427928.0
1707436800,56.4633,56.5767,56.3067,56.4267,14329867.0
1707696000,56.41,56.7867,56.35,56.7667,14795041.0
1707782400,56.8733,57.0233,56.09,56.38,18574217.0
1707868800,56.25,56.2917,55.8467,56.2,18484604.0
1707955200,56.6,56.6167,55.99,56.43,16948859.0
1708041600,56.7633,57.31,56.43,56.7867,22373543.0
1708387200,59.4933,60.45,58.41,58.62,71788627.0
1708473600,58.3333,58.5267,57.6,57.9,40551544.0
1708560000,57.96,58.49,57.77,58.47,29512938.0
1708646400,58.6967,59.2167,58.4367,58.52,74365777.0
1708905600,59.12,59.84,58.18,59.6,32154770.0
1708992000,59.64,59.8,59.22,59.59,18012750.0
1709078400,59.55,59.76,59.31,59.62,14803290.0
1709164800,59.45,59.49,58.59,58.61,29245140.0
1709251200,58.8,58.85,58.2,58.76,19030920.0
1709510400,58.5,59.39,58.4,59.3,16033300.0
1709596800,59.87,60.34,59.575,60.04,19676880.0
1709683200,60.12,60.62,60.04,60.57,12698710.0
1709769600,61.0,61.0699,60.345,60.36,16195300.0
1709856000,60.0,60.28,59.73,60.12,12143650.0
1710115200,60.1,60.71,59.87,60.66,14153970.0
1710201600,60.95,61.565,60.645,61.41,16613060.0
1710288000,61.26,61.455,60.88,61.28,15935190.0
1710374400,61.28,61.44,60.595,61.02,16584660.0
1710460800,60.68,61.15,60.46,60.68,50946330.0
1710720000,60.69,60.9,60.39,60.86,16801660.0
1710806400,60.97,61.07,60.6,60.87,12353620.0
1710892800,60.84,61.28,60.74,61.25,12007590.0
1710979200,61.28,61.655,61.05,61.45,14265870.0
1711065600,61.32,61.526,60.85,60.87,14029440.0
1711324800,60.87,60.985,60.36,60.57,14186630.0
1711411200,60.46,60.83,60.23,60.51,13738340.0
1711497600,60.87,61.05,60.38,60.72,14363410.0
1711584000,60.66,60.77,60.16,60.17,17535100.0
1711929600,60.31,60.76,59.93,60.0,13837600.0
1712016000,59.9,60.1,58.88,59.16,19510120.0
1712102400,59.38,59.5,58.94,59.43,14615100.0
1712188800,59.54,59.81,59.29,59.5,14436130.0
1712275200,59.55,60.04,59.49,59.85,10335910.0
1712534400,59.6,60.04,59.42,59.78,11070120.0
1712620800,59.87,59.97,59.3,59.79,10015920.0
1712707200,59.62,60.76,59.39,60.62,15097560.0
1712793600,60.75,60.89,60.07,60.09,10987600.0
1712880000,60.0,60.72,59.95,60.14,12280570.0
1713139200,60.51,60.7,59.91,59.93,10557180.0
1713225600,60.03,60.29,59.78,59.84,14726260.0
1713312000,60.15,60.43,59.57,59.65,15329690.0
1713398400,59.83,59.935,59.22,59.26,12061540.0
1713484800,59.45,59.67,58.97,59.53,14165800.0
1713744000,59.56,60.395,59.04,60.14,14909980.0
1713830400,60.25,60.35,58.555,59.09,17963950.0
1713916800,58.975,60.04,58.81,59.87,18529140.0
1714003200,60.05,60.53,59.8325,60.21,19262950.0
1714089600,60.11,60.39,60.0,60.16,11045220.0
1714348800,60.18,60.39,59.94,60.24,9788575.0
1714435200,60.2,60.3,59.16,59.35,14209160.0
1714521600,59.31,59.41,58.72,58.85,15470980.0
1714608000,58.94,59.885,58.58,59.71,17574120.0
1714694400,59.62,59.98,59.14,59.82,14207400.0
1714953600,60.0,60.0,59.39,59.87,11119400.0
1715040000,60.17,60.8,60.05,60.62,14520240.0
1715126400,60.63,60.845,60.22,60.3,11015700.0
1715212800,60.2,60.5799,59.95,60.44,14550460.0
1715299200,60.41,60.58,60.16,60.48,12356610.0
1715558400,60.62,61.345,60.29,60.41,19260520.0
1715644800,60.52,60.55,59.435,59.86,18780140.0
1715731200,59.83,59.94,59.47,59.83,22240560.0
1715817600,64.22,64.415,62.94,64.01,60545610.0
1715904000,64.24,64.88,63.63,64.65,29330380.0
1716163200,64.42,64.76,63.87,64.18,15001390.0
1716249600,64.53,65.19,64.45,65.15,17131690.0
1716336000,64.98,65.69,64.73,65.25,14879430.0
1716422400,65.17,65.515,64.56,64.84,16222950.0
1716508800,65.13,65.69,65.01,65.38,11795020.0
1716854400,65.22,65.47,64.74,65.04,13349620.0
1716940800,64.75,65.21,64.65,64.92,11538550.0
1717027200,64.93,65.1711,64.77,64.89,13053480.0
1717113600,64.67,65.9,64.16,65.76,27632220.0
1717372800,65.51,65.84,65.1603,65.82,11578710.0
1717459200,65.99,66.635,65.835,66.6,14780760.0
1717545600,66.57,67.15,66.28,67.09,14982670.0
1717632000,67.06,67.44,66.77,67.15,13256010.0
1717718400,67.4,67.565,65.635,65.88,20213210.0
1717977600,67.19,67.33,66.27,66.96,21667420.0
1718064000,66.95,66.96,66.35,66.73,13367510.0
1718150400,66.85,66.94,65.898,66.31,11704700.0
1718236800,66.3,66.76,65.9491,66.7,11196600.0
1718323200,66.54,67.11,66.3,67.02,12590150.0
1718582400,66.92,67.44,66.4125,67.42,12103040.0
1718668800,67.63,67.87,67.295,67.6,12093550.0
1718841600,67.35,68.13,67.3,68.01,13860760.0
1718928000,68.26,68.55,67.83,67.91,25891530.0
1719187200,68.05,69.04,67.9,68.9,12470450.0
1719273600,67.17,67.59,66.55,67.42,20904040.0
1719360000,67.4,68.5999,67.21,68.29,14177520.0
1719446400,68.29,68.58,67.665,67.88,12899190.0
1719532800,67.87,68.0981,67.32,67.71,18816720.0
1719792000,67.89,68.24,67.25,67.48,8666021.0
1719878400,67.44,68.085,67.26,68.07,9436487.0
1719964800,67.81,68.25,67.62,68.24,6287545.0
1720137600,68.16,70.15,68.1,70.04,21586100.0
1720396800,69.9,70.14,69.35,69.68,12077680.0
1720483200,69.9,70.25,69.67,69.9,9781831.0
1720569600,70.1,70.44,69.72,70.41,10803410.0
1720656000,70.18,70.45,69.26,69.8,15624800.0
1720742400,69.9,70.0299,69.17,69.24,12145320.0
1721001600,69.3,69.975,69.3,69.61,10171140.0
1721088000,69.82,70.24,69.58,69.99,9836824.0
1721174400,70.18,71.1,69.95,71.03,13533790.0
1721260800,70.68,71.19,70.43,70.82,10682740.0
1721347200,71.2,71.33,70.65,70.75,11665530.0
1721606400,70.86,71.26,70.2301,70.38,12666130.0
1721692800,70.47,70.7,70.11,70.65,9263561.0
1721779200,70.52,70.84,70.34,70.6,22490780.0
1721865600,70.6,70.77,69.95,70.02,18821200.0
1721952000,70.23,70.235,68.83,69.78,16789310.0
1722211200,69.85,69.9,69.13,69.62,10315310.0
1722297600,69.55,69.845,68.98,69.19,12522470.0
1722384000,69.18,69.25,68.29,68.64,22908760.0
1722470400,68.91,69.8,68.52,69.79,17275530.0
1722556800,69.6,70.235,67.74,68.46,23578660.0
1722816000,68.1,68.58,66.91,67.59,20770460.0
1722902400,67.84,68.63,67.68,67.74,14815070.0
1722988800,67.87,68.01,66.81,66.91,18499200.0
1723075200,66.84,67.9199,66.67,67.66,12489820.0
1723161600,67.85,68.22,67.33,67.95,13805580.0
1723420800,68.34,69.225,68.07,68.7,17385280.0
1723507200,68.43,68.61,67.14,68.13,26557900.0
1723593600,67.92,68.79,67.85,68.66,22928550.0
1723680000,74.12,74.44,72.78,73.18,49567500.0
1723766400,72.7,73.605,72.52,73.45,19872140.0
1724025600,73.39,73.98,73.34,73.72,13709270.0
1724112000,73.75,74.75,73.72,74.54,14433990.0
1724198400,75.3,75.58,74.59,75.24,14831990.0
1724284800,75.37,76.22,75.15,75.58,16511140.0
1724371200,75.6,75.81,75.0077,75.7,12299090.0
1724630400,75.9,76.205,75.57,76.03,9508215.0
1724716800,76.45,76.45,75.77,76.13,11557760.0
1724803200,76.28,76.43,75.805,76.08,9814264.0
1724889600,75.99,76.47,75.67,76.42,11856790.0
1724976000,76.44,77.475,76.22,77.23,23229980.0
1725321600,77.33,77.81,76.795,77.17,22666140.0
1725408000,77.33,77.48,76.73,77.24,18442780.0
1725494400,77.25,77.45,76.39,76.96,13082890.0
1725580800,76.9,77.32,76.3,76.64,14548590.0
1725840000,76.85,77.47,76.49,77.34,22260230.0
1725926400,77.35,78.9,77.28,78.81,17686280.0
1726012800,78.38,78.92,77.565,78.84,19518760.0
1726099200,78.99,79.905,78.6221,79.66,14884850.0
1726185600,79.82,80.685,79.69,80.6,12994100.0
1726444800,80.84,81.02,80.14,80.56,15346370.0
1726531200,79.76,80.26,78.26,78.6,21065940.0
1726617600,78.64,79.41,78.28,79.03,15684880.0
1726704000,79.05,79.09,77.49,78.04,21525690.0
1726790400,78.23,79.61,78.11,79.06,39534250.0
1727049600,79.07,80.4374,79.07,80.33,12147260.0
1727136000,80.48,80.91,80.24,80.67,14651130.0
1727222400,80.89,81.6,80.68,81.4,14163790.0
1727308800,81.04,81.2,79.26,79.92,17061130.0
1727395200,79.9,80.2875,79.6,79.78,11899050.0
1727654400,79.89,80.94,79.86,80.75,19008190.0
1727740800,80.68,81.53,80.435,81.27,16054250.0
1727827200,80.99,80.99,80.12,80.43,16618270.0
1727913600,80.3,80.575,79.85,80.43,11640420.0
1728000000,80.05,81.115,79.85,80.94,11591390.0
1728259200,80.69,80.94,78.98,79.1,16791650.0
1728345600,79.62,79.82,79.07,79.71,15269960.0
1728432000,79.82,80.5,79.75,80.4,12413030.0
1728518400,80.31,80.32,79.46,79.61,10812700.0
1728604800,79.7,80.13,79.37,80.1,9570734.0
1728864000,80.05,80.51,79.76,80.29,9914477.0
1728950400,80.67,81.8201,80.51,81.65,13276220.0
1729036800,81.53,81.66,80.62,81.22,11123250.0
1729123200,81.27,81.5,80.645,80.89,9424705.0
1729209600,80.87,81.69,80.66,81.31,12324150.0
1729468800,81.23,81.5496,80.72,80.81,9750376.0
1729555200,81.11,82.225,80.825,82.02,12240150.0
1729641600,81.89,83.34,81.8,83.27,13058240.0
1729728000,82.96,83.315,82.58,83.04,11645860.0
1729814400,83.2,83.3,82.435,82.51,8959412.0
1730073600,82.75,83.08,82.47,82.75,7990186.0
1730160000,82.67,82.86,81.665,81.7,9682403.0
1730246400,81.6,81.83,81.3,81.39,9268824.0
1730332800,81.29,82.44,81.22,81.95,15538970.0
1730419200,82.53,82.53,81.54,82.19,12181830.0
1730678400,82.2,82.905,82.0,82.45,11731040.0
1730764800,82.68,83.77,82.51,83.68,10612490.0
1730851200,85.14,85.54,82.06,83.44,19974040.0
1730937600,83.72,84.39,83.42,83.85,12665780.0
1731024000,84.28,85.42,84.23,84.83,14396540.0
1731283200,84.95,85.41,84.12,84.21,10433170.0
1731369600,84.5,85.53,84.5,84.99,12860190.0
1731456000,84.99,85.79,84.77,85.5,12802620.0
1731542400,85.03,85.76,84.34,84.47,15740730.0
1731628800,84.53,84.78,83.942,84.25,17370600.0
1731888000,84.82,84.85,83.66,84.08,25278120.0
1731974400,86.23,88.29,85.91,86.6,36340860.0
1732060800,86.6,87.2,85.91,87.18,18183190.0
1732147200,87.45,88.64,86.93,88.39,18729220.0
1732233600,89.41,90.91,88.93,90.44,23990650.0
1732492800,90.5,90.95,89.06,89.5,25078630.0
1732579200,89.89,91.88,89.84,91.31,16657020.0
1732665600,92.0,92.25,91.31,91.88,14358860.0
1732838400,92.26,92.64,91.82,92.5,11041180.0
1733097600,92.82,92.9887,91.95,92.64,17172950.0
1733184000,92.78,93.59,92.26,93.51,17775230.0
1733270400,93.45,94.515,93.05,94.45,17312580.0
1733356800,94.89,95.6,94.34,95.3,21932330.0
1733443200,95.54,96.18,95.33,95.7,18803500.0
1733702400,95.66,95.94,93.602,93.83,20931080.0
1733788800,94.05,95.24,93.77,94.55,13164490.0
1733875200,94.54,95.69,94.5,94.96,19682090.0
1733961600,95.68,95.715,94.09,94.09,14298630.0
1734048000,93.8,94.68,93.04,94.25,11495850.0
1734307200,94.42,95.705,94.1048,94.87,16741990.0
1734393600,95.14,95.49,94.32,95.42,23560820.0
1734480000,95.34,95.895,93.1304,93.55,24665600.0
1734566400,94.48,94.565,93.36,93.4,16606500.0
1734652800,93.01,93.7486,91.63,92.24,49350590.0
1734912000,91.5,91.5,88.91,90.35,26205380.0
1734998400,90.37,92.68,90.35,92.68,8992427.0
1735171200,92.54,92.875,92.17,92.79,10997610.0
1735257600,92.13,92.35,91.03,91.66,11384360.0
1735516800,90.73,91.07,90.13,90.57,9790196.0
1735603200,90.57,90.94,90.055,90.35,11267650.0
1735776000,89.98,90.6,89.52,90.0,14820440.0
1735862400,90.15,91.3,90.14,90.78,10834630.0
1736121600,90.83,92.47,90.67,91.43,14519860.0
1736208000,91.7,91.94,90.45,90.81,11238040.0
1736294400,91.11,91.845,90.82,91.8,13453630.0
1736467200,92.49,93.575,92.2,93.0,18140860.0
1736726400,92.12,92.43,91.1,91.53,18617080.0
1736812800,91.86,91.98,90.565,90.79,13549160.0
1736899200,91.065,91.725,90.81,91.34,17348170.0
1736985600,91.5,91.72,90.12,91.3,13267720.0
1737072000,92.07,92.26,91.05,91.94,15868210.0
1737417600,92.48,94.24,92.31,93.08,23247450.0
1737504000,93.77,94.0,92.52,93.23,15567060.0
1737590400,92.96,93.81,92.32,93.81,14198440.0
1737676800,93.54,95.01,93.455,94.76,14973770.0
1737936000,95.9,97.46,94.82,97.4,18880610.0
1738022400,97.23,97.84,96.7251,97.29,14641620.0
1738108800,97.425,98.17,97.22,97.5,11261440.0
1738195200,97.69,98.93,97.42,98.65,11012220.0
1738281600,99.0,99.0,97.7,98.16,16413890.0
1738540800,96.77,99.79,96.47,99.54,20484150.0
1738627200,99.97,100.95,99.69,100.77,15201190.0
1738713600,100.65,102.58,100.54,102.46,15926720.0
1738800000,102.53,103.02,101.94,102.85,13088470.0
1738886400,103.0,103.11,101.11,101.15,12451070.0
1739145600,101.95,102.93,101.25,102.92,15274640.0
1739232000,102.62,102.85,101.85,102.47,11953630.0
1739318400,102.12,103.9,102.04,103.61,15162130.0
1739404800,104.0,105.24,103.53,105.05,12604410.0
1739491200,105.3,105.3,103.6,104.04,14109460.0
1739836800,103.72,103.99,102.51,103.78,18247310.0
1739923200,103.85,104.2,102.55,104.0,18507980.0
1740009600,98.78,100.12,96.6808,97.21,55450920.0
1740096000,96.53,96.85,94.115,94.78,35014810.0
1740355200,94.18,94.64,92.12,93.67,29755880.0
1740441600,94.35,97.91,94.24,97.69,29331190.0
1740528000,97.7,98.725,96.07,96.2,19069720.0
1740614400,95.9,98.0399,95.8092,96.79,16431470.0
1740700800,97.79,98.86,97.17,98.61,25451260.0
1740960000,97.98,99.49,96.825,97.59,18372190.0
1741046400,95.76,97.05,94.46,94.97,25227670.0
1741132800,94.97,96.39,94.75,95.98,17638960.0
1741219200,94.8,96.19,94.1833,94.64,19957800.0
1741305600,93.94,93.95,90.76,91.72,35913160.0
1741564800,89.76,90.23,86.61,87.82,35148840.0
1741651200,87.29,89.345,87.14,87.44,28687590.0
1741737600,87.88,89.1,84.88,85.2,33301610.0
1741824000,84.94,85.45,83.87,84.5,31507750.0
1741910400,84.96,85.37,84.06,85.35,35500650.0
1742169600,85.13,87.985,84.98,87.46,26297770.0
1742256000,87.44,87.675,85.5,85.59,17850930.0
1742342400,85.95,86.785,85.62,86.33,24555860.0
1742428800,85.81,87.08,85.515,85.81,18185510.0
1742515200,85.28,86.23,84.78,85.98,26797180.0
1742774400,86.47,87.65,86.35,87.49,17900730.0
1742860800,86.76,87.305,84.62,84.76,27908570.0
1742947200,85.19,85.56,84.57,85.21,27241500.0
1743033600,84.775,86.11,84.775,85.63,16782810.0
1743120000,85.43,85.83,84.7,85.15,14790570.0
1743379200,84.76,88.2,84.37,87.79,30269310.0
1743465600,87.535,89.11,87.37,88.83,22080250.0
1743552000,88.2,90.145,88.1175,89.76,19384140.0
1743638400,86.28,89.88,86.28,87.26,33012930.0
1743724800,85.64,87.39,82.65,83.19,36209020.0
1743984000,80.24,86.26,79.81,83.83,36884940.0
1744070400,85.85,86.965,81.03,81.79,34351740.0
1744156800,83.325,90.8,83.02,89.6,46632760.0
1744243200,88.73,91.87,88.1634,90.61,34735320.0
1744329600,90.68,93.35,90.01,92.8,25508140.0
1744588800,93.27,95.44,92.9,94.73,27742920.0
1744675200,94.82,96.03,93.87,93.97,21871210.0
1744761600,94.0,94.3,90.61,91.19,22229110.0
1744848000,91.83,93.87,91.62,93.22,21393920.0
1745193600,93.02,94.08,91.34,92.41,18361210.0
1745280000,92.88,95.29,92.88,94.85,15407770.0
1745366400,95.0164,96.6,94.1619,94.96,18046890.0
1745452800,94.71,96.215,93.6601,95.84,13444530.0
1745539200,95.8,96.47,94.36,95.09,15317220.0
1745798400,95.1,96.0,94.34,95.22,12950000.0
1745884800,94.84,96.18,94.42,96.04,12679030.0
1745971200,95.94,97.78,94.93,97.25,21639860.0
1746057600,97.015,97.9,96.59,97.41,13171780.0
1746144000,97.95,99.22,97.85,98.75,16031370.0
1746403200,98.94,99.74,98.53,99.33,12439130.0
1746489600,98.74,99.47,98.41,98.55,10626000.0
1746576000,98.55,99.2308,98.31,98.83,11310190.0
1746662400,98.75,99.33,97.355,97.43,14461120.0
1746748800,96.75,97.2,96.29,96.72,13697820.0
1747008000,97.67,97.97,95.62,96.75,26783930.0
1747094400,96.5,97.32,95.225,95.88,19746660.0
1747180800,96.025,97.33,95.83,96.83,25620110.0
1747267200,94.3,96.72,91.89,96.35,44026130.0
1747353600,96.14,99.1946,95.995,98.24,33746190.0
1747612800,96.65,98.28,95.81,98.12,20041570.0
1747699200,98.555,98.8183,96.52,97.8,15609610.0
1747785600,97.125,97.7556,95.975,96.43,15742340.0
1747872000,96.54,96.96,95.815,95.93,13712160.0
1747958400,95.34,96.54,95.0,96.34,13668620.0
1748304000,97.3,97.795,96.58,97.58,17180940.0
1748390400,97.52,98.24,97.06,97.24,11220100.0
1748476800,97.63,97.77,96.8509,97.1,14343740.0
1748563200,96.96,98.93,96.6,98.72,29980070.0
1748822400,98.84,99.905,98.05,99.77,16999210.0
1748908800,99.565,100.89,98.57,99.98,15598640.0
1748995200,99.79,100.13,99.32,99.35,11115650.0
1749081600,99.295,99.59,97.605,97.96,15825280.0
1749168000,98.37,98.56,96.97,97.47,15599290.0
1749427200,97.4,97.85,96.77,97.45,13655700.0
1749513600,97.29,98.0892,96.48,97.32,17162470.0
1749600000,97.29,97.29,95.35,95.8,16389620.0
1749686400,94.89,95.26,93.43,94.83,17845700.0
1749772800,94.52,95.32,94.005,94.44,18694740.0
1750032000,94.75,95.78,94.095,94.29,14881660.0
1750118400,93.95,94.82,93.62,94.25,14935630.0
1750204800,94.57,95.49,94.09,95.09,11333690.0
1750377600,95.24,96.31,95.2,96.12,20604920.0
1750636800,95.92,97.93,95.67,97.87,20432350.0
1750723200,97.73,99.105,97.25,98.0,22403660.0
1750809600,98.31,98.56,97.15,97.26,11154680.0
1750896000,96.9,97.34,95.915,96.02,19361420.0
1750982400,96.32,97.76,96.16,97.27,31431910.0
1751241600,97.23,98.14,96.31,97.78,17803030.0
1751328000,97.6,99.1899,97.4238,98.24,15635850.0
1751414400,98.125,98.3817,97.055,97.61,12501970.0
1751500800,97.7,98.48,97.42,98.36,7686204.0
1751846400,98.23,99.35,97.62,99.35,12930910.0
1751932800,98.82,99.17,96.51,97.09,16874950.0
1752019200,97.15,97.29,96.38,96.81,13702620.0
1752105600,96.66,96.78,94.735,94.86,18894790.0
1752192000,95.005,95.5344,94.23,94.4,14595050.0
1752451200,94.51,95.84,94.38,95.78,13779080.0
1752537600,95.6,95.78,94.935,95.39,10450760.0
1752624000,95.415,95.8296,94.605,95.15,11181550.0
1752710400,95.075,95.63,94.89,95.09,11165130.0
1752796800,95.085,95.4801,94.43,95.05,14636290.0
1753056000,95.255,96.64,95.1,95.67,13450360.0
1753142400,95.84,96.67,95.74,95.85,9049130.0
1753228800,96.01,96.29,95.29,95.68,9729672.0
1753315200,95.57,96.955,95.35,96.6,14991520.0
1753401600,96.84,97.65,96.53,97.47,12868470.0
1753660800,97.28,98.125,97.075,97.61,12293060.0
1753747200,97.78,98.72,97.34,98.33,14034270.0
1753833600,98.61,98.88,97.29,97.59,13864100.0
1753920000,97.44,98.63,97.31,97.98,15651350.0
1754006400,98.0,98.83,97.6705,98.49,16750410.0
1754265600,98.2,99.91,98.2,99.59,19050210.0
1754352000,99.67,100.47,98.91,99.31,17977010.0
1754438400,99.46,103.685,99.46,103.36,23738420.0
1754524800,103.46,103.9,102.11,103.12,12509480.0
1754611200,103.37,104.72,103.15,103.73,12394720.0
1754870400,103.9,104.33,103.11,103.93,12856710.0
1754956800,104.25,104.31,103.37,103.62,17919330.0
1755043200,102.15,102.805,100.85,100.99,19398500.0
1755129600,101.22,101.44,100.72,100.85,10858450.0
1755216000,100.63,100.77,99.5402,100.0,13604940.0
1755475200,100.0,100.875,99.915,100.7,11656140.0
1755561600,100.96,102.43,100.8,101.29,16999000.0
1755648000,101.15,102.65,100.93,102.57,18655030.0
1755734400,99.41,99.45,96.95,97.96,51825050.0
1755820800,98.065,99.05,96.76,96.83,32695180.0
1756080000,97.0,97.58,96.07,96.07,18956140.0
1756166400,96.275,96.47,95.42,96.05,22270350.0
1756252800,95.9,96.315,95.6,96.08,12925660.0
1756339200,96.0,96.57,95.7,96.11,19241630.0
1756425600,96.1,97.025,95.795,96.98,15600270.0
1756771200,97.23,97.85,96.51,97.85,15351290.0
1756857600,97.85,99.44,97.5,99.44,18995910.0
1756944000,99.91,101.35,99.65,100.93,15640900.0
1757030400,101.08,101.48,99.55,100.51,13748450.0
1757289600,100.85,102.36,100.42,102.28,13685740.0
1757376000,102.0,102.49,101.55,102.29,11819660.0
1757462400,101.95,102.4499,100.39,100.41,17934870.0
1757548800,100.99,102.775,100.28,102.65,15900790.0
1757635200,102.535,103.975,102.36,103.49,11641930.0
1757894400,103.65,103.98,103.405,103.69,10756880.0
1757980800,103.85,104.21,103.13,103.42,14481860.0
1758067200,103.73,106.11,103.73,104.27,25382020.0
1758153600,103.78,104.635,102.12,103.6,14869390.0
1758240000,103.81,103.94,102.09,102.33,34791570.0
1758499200,102.45,103.2,101.9211,102.82,12861950.0
1758585600,102.41,102.68,101.33,102.52,13158660.0
1758672000,103.04,103.47,102.475,102.73,11391830.0
1758758400,103.215,103.51,102.58,103.05,13366750.0
1758844800,102.875,103.49,102.47,103.16,11859270.0
1759104000,103.05,103.31,102.075,103.08,15477160.0
1759190400,103.0,103.935,102.72,103.06,13873390.0
1759276800,102.56,102.86,100.55,101.96,16142770.0
1759363200,101.45,102.135,99.87,101.7,15605360.0
1759449600,101.46,102.815,101.2,102.07,11867480.0
1759708800,101.88,103.065,101.58,102.7,13303560.0
1759795200,102.38,103.25,100.95,103.24,15538860.0
1759881600,103.02,103.26,102.15,102.9,13584080.0
1759968000,103.13,103.45,100.37,101.77,19508020.0
1760054400,102.05,103.6291,101.52,101.84,18519440.0
1760313600,101.37,102.45,101.07,102.12,10871180.0
1760400000,104.05,107.92,102.8921,107.21,30859500.0
1760486400,107.32,109.555,107.3,109.03,21416290.0
1760572800,109.2,109.575,105.66,106.47,16366170.0
1760659200,107.17,108.2,106.22,107.73,13735590.0
1760918400,107.85,108.25,106.61,107.05,10581220.0
1761004800,107.33,107.48,106.18,106.22,10899730.0
1761091200,106.55,107.765,105.655,107.14,12296490.0
1761177600,107.35,107.57,105.78,106.86,11408240.0
1761264000,107.07,107.165,105.51,106.17,10317960.0
1761523200,106.34,106.36,104.15,104.47,16375860.0
1761609600,104.06,104.14,103.05,103.17,13322990.0
1761696000,102.905,103.67,102.11,102.46,11986410.0
1761782400,102.2,103.37,101.96,102.23,14065080.0
1761868800,101.7,102.095,100.18,101.18,20237020.0
1762128000,100.815,101.8,100.4,101.59,14811690.0
1762214400,102.13,102.62,101.46,102.27,12636350.0
1762300800,101.74,102.675,100.85,101.47,13356820.0
1762387200,101.34,101.93,100.03,101.68,14866030.0
1762473600,102.13,102.97,101.73,102.59,17248720.0
1762732800,102.15,102.665,101.602,102.42,14507600.0
1762819200,102.5,103.74,102.32,103.44,13182140.0
1762905600,103.35,103.5981,102.663,103.44,12084410.0
1762992000,103.59,103.93,102.02,102.54,18088510.0
1763078400,100.2,102.49,98.88,102.48,23424210.0
1763337600,102.58,103.315,102.1001,102.95,15289370.0
1763424000,102.98,103.3428,101.38,101.39,17604460.0
1763510400,101.58,101.7101,99.68,100.61,22157030.0
1763596800,103.94,107.91,102.68,107.11,50375920.0
1763683200,107.98,108.15,104.7244,105.32,41420780.0
1763942400,105.36,106.27,103.76,104.06,42519160.0
1764028800,104.61,107.42,104.23,107.0,20212880.0
1764115200,107.2,109.59,107.17,109.1,17783280.0
1764288000,109.3,110.7,109.0,110.51,9846525.0
1764547200,110.51,111.755,110.36,111.53,17236750.0
1764633600,111.47,112.6475,110.79,112.41,18711770.0
1764720000,112.5,114.89,112.221,114.41,24478280.0
1764806400,113.62,114.885,113.1631,114.84,25905150.0
1764892800,114.73,116.27,114.675,115.11,23956430.0
1765152000,114.57,114.99,112.3,113.56,22700750.0
1765238400,113.95,115.72,113.021,115.06,24326690.0
1765324800,115.35,116.23,112.99,113.18,22859580.0
1765411200,113.14,115.87,112.85,115.52,21586640.0
1765497600,115.26,116.95,115.02,116.7,19092410.0
1765756800,116.925,117.45,115.64,116.79,18713740.0
1765843200,116.575,116.88,114.95,115.42,19642350.0
1765929600,115.2,116.3897,115.07,115.66,16177750.0
1766016000,115.01,116.48,114.61,114.83,21476680.0
1766102400,115.135,115.28,113.525,114.36,50043760.0
1766361600,114.01,114.32,112.22,112.6,21473910.0
1766448000,111.99,112.349,110.7,110.9,20319920.0
1766534400,110.9,111.71,110.55,111.61,9009629.0
1766707200,111.72,111.97,111.36,111.74,9003791.0
1766966400,111.59,112.78,111.57,112.53,12979570.0
1767052800,111.89,112.69,111.835,111.92,11730590.0
1767139200,111.73,112.25,111.315,111.41,11487430.0
1767312000,111.425,112.79,111.12,112.76,14306560.0
1767571200,112.82,113.73,112.1483,112.71,19557620.0
1767657600,112.4,114.79,111.99,114.34,20120820.0
1767744000,114.185,114.73,112.1,112.72,23306000.0
1767830400,111.29,113.47,109.8124,113.07,24058260.0
1767916800,112.255,115.455,112.255,114.53,21902860.0
1768176000,117.5,118.84,116.4115,117.97,49182080.0
1768262400,117.89,120.51,117.73,120.36,31222060.0
1768348800,120.19,121.235,119.03,120.04,32764040.0
1768435200,119.98,120.87,118.73,119.2,34559430.0
1768521600,118.67,120.6,116.9,119.7,415144600.0
1768867200,120.89,121.62,117.61,118.71,45333980.0
1768953600,118.075,120.49,117.545,119.36,34811700.0
1769040000,119.29,119.52,117.65,117.83,24547330.0
1769126400,118.17,118.61,117.1363,117.73,20806910.0
1769385600,117.81,118.85,117.39,117.64,19552230.0
1769472000,117.5,117.63,115.48,116.94,22968630.0
1769558400,116.635,117.4567,115.865,116.57,16342000.0
1769644800,116.45,117.655,116.07,117.41,16381110.0
1769731200,116.905,119.41,116.6,119.14,22215390.0
1769990400,119.5,124.2,119.05,124.06,31210060.0
1770076800,123.65,128.165,123.65,127.71,32018680.0
1770163200,128.13,129.41,127.09,128.0,27531790.0
1770249600,128.58,129.6,126.56,126.94,30517790.0
1770336000,127.29,131.7,127.05,131.18,26593430.0
1770595200,131.42,131.7899,128.09,129.02,27197290.0
1770681600,128.94,129.34,126.39,126.7,24661950.0
1770768000,126.695,129.74,126.63,128.77,19232140.0
1770854400,129.38,134.49,129.31,133.64,33382690.0
1770940800,132.7,134.65,131.75,133.89,24131180.0
1771286400,133.11,134.69,128.16,128.85,37995930.0
1771372800,128.13,128.865,125.77,126.62,36485000.0
1771459200,128.5,130.1,124.4,124.87,42993260.0
1771545600,123.0,123.48,121.05,122.99,35150950.0
1771804800,123.52,126.8,122.96,125.81,25662810.0
1771891200,125.9,128.04,124.91,126.75,20161160.0
1771977600,126.605,127.4,125.42,125.75,17345740.0
1772064000,125.98,127.33,123.94,124.42,18638350.0
1772150400,125.515,128.6,125.145,127.95,29205470.0
1772409600,127.46,128.75,127.05,127.1,17091520.0
1772496000,126.52,128.3683,125.67,127.91,16480390.0
1772582400,127.11,128.17,126.2401,127.81,16434130.0
1772668800,125.38,125.6792,121.65,123.31,28604880.0
1772755200,122.495,124.185,121.62,123.8,21553050.0
1773014400,123.689,124.505,122.5,124.34,19375940.0
1773100800,124.21,126.0988,123.35,125.12,18793640.0
1773187200,125.305,125.49,123.05,123.49,18176460.0
1773273600,122.295,125.39,122.28,125.33,21751580.0
1773360000,125.39,126.685,124.97,126.52,15194090.0
1773619200,126.76,126.98,124.83,125.99,20463180.0
1773705600,126.65,127.19,124.8601,125.08,19895030.0
1773792000,124.333,124.6099,121.83,121.98,19734860.0
1773878400,122.4,122.75,119.27,121.09,17927690.0
1773964800,120.63,121.3,118.02,119.02,57545640.0
1774224000,120.48,121.13,119.045,120.72,22181470.0
1774310400,120.625,124.11,120.49,122.05,17269590.0
1774396800,122.81,123.485,121.7784,123.06,16597270.0
1774483200,123.61,123.8,121.79,122.18,16442510.0
1774569600,122.03,124.27,121.82,122.89,16543340.0
1774828800,123.71,125.26,123.14,123.5,20428910.0
1774915200,123.43,125.0,122.84,124.28,21330350.0
1775001600,123.8,125.23,123.13,124.74,17039650.0
1775088000,125.15,125.9,124.15,125.79,11898350.0
1775433600,125.81,126.98,125.37,126.79,10850380.0
1775520000,126.19,126.36,121.79,122.49,16076010.0
1775606400,122.28,127.3,121.33,127.26,20194260.0
1775692800,127.085,129.69,126.82,129.13,13853070.0
1775779200,128.715,128.928,126.22,126.77,13893960.0
1776038400,126.29,126.3,123.95,124.57,14510630.0
1776124800,123.15,125.2,122.545,125.05,15320780.0
1776211200,124.63,125.07,123.1799,124.76,17001400.0
1776297600,124.33,125.94,123.965,124.82,18324540.0
1776384000,124.57,127.57,123.37,127.5,24763650.0
1776643200,127.87,129.47,127.32,127.92,18933590.0
1776729600,127.83,129.77,127.48,129.6,17312390.0
1776816000,130.0,130.4499,128.84,129.98,17624490.0
1776902400,130.57,132.46,130.49,132.03,16376000.0
1776988800,131.94,132.12,129.2812,129.92,16016320.0
1777248000,129.615,129.81,127.395,127.59,17029470.0
1777334400,129.34,129.77,126.78,127.59,16341770.0
1777420800,126.68,128.08,125.91,128.01,16538800.0
1777507200,128.02,132.43,127.95,131.93,19867700.0
1777593600,131.915,133.37,130.98,131.6,10480870.0
1777852800,130.41,131.75,129.68,130.33,10340670.0
1777939200,130.51,131.73,130.3,130.79,10637310.0
1778025600,130.86,131.15,129.53,130.08,16371550.0
1778112000,129.895,130.6,128.665,130.2,14935410.0
1778198400,130.315,131.41,130.25,130.43,15183660.0
1778457600,130.18,130.6,126.38,127.59,18699180.0
1778544000,128.075,131.12,127.72,130.35,17935360.0
1778630400,129.19,132.53,128.77,131.47,13786550.0
1778716800,131.355,132.78,130.86,132.46,14200410.0
1778803200,133.69,133.95,130.785,131.45,25322970.0
1779062400,131.52,133.47,131.125,133.34,17183220.0
1779148800,132.94,135.155,132.06,134.2,16957140.0
1779235200,132.905,133.65,130.33,130.85,28471630.0
1779321600,124.408,125.8,120.39,121.34,53006570.0
1779408000,121.34,121.95,118.91,120.27,30330580.0
1779753600,120.685,121.05,117.92,118.57,28796650.0
1779840000,118.33,119.4299,118.04,118.54,22062230.0
1779926400,118.96,119.17,117.33,118.9,21613090.0
1780012800,118.11,119.08,114.71,115.75,42191000.0
1780272000,114.725,115.98,113.56,114.6,26176230.0
1780358400,113.87,114.5694,112.73,113.06,27366400.0
1780444800,113.1,117.29,112.96,116.89,32880560.0
1780531200,119.895,119.938,117.285,117.74,22870430.0
1780617600,118.35,120.89,118.1,118.88,36638140.0
1780876800,118.245,120.18,118.15,119.83,19514140.0
1780963200,120.38,120.5,118.0,118.88,23959000.0
1781049600,119.71,120.8192,117.53,120.59,22414870.0
1781136000,120.57,121.86,119.46,120.5,22438030.0
1781222400,120.59,121.61,119.53,121.04,14770840.0
1781481600,119.74,121.49,118.58,120.82,20722460.0
1781568000,121.14,122.94,119.88,121.03,23060730.0
1781654400,119.58,121.01,117.45,118.13,21711070.0
1781740800,118.2,118.48,116.795,117.18,36526770.0
1782086400,116.955,118.4,116.945,117.18,17053910.0
1782172800,119.71,120.25,116.34,119.42,23411420.0
1782259200,119.56,120.4,118.93,119.0,20600080.0
1782345600,117.47,118.58,115.38,115.78,20404640.0
1782432000,117.29,117.88,115.09,115.69,36635970.0
1782691200,116.47,116.8,114.2,114.6,20366990.0
1782777600,113.97,114.61,112.93,113.26,23034000.0
1782864000,110.13,110.71,107.25,108.82,40391390.0
1782950400,109.33,112.45,109.16,111.84,29526230.0
1783296000,111.4,112.37,109.37,110.65,29523270.0
1783382400,112.968,113.5,111.3,111.54,19941410.0
1783468800,113.15,113.86,111.81,113.1,19892040.0
1783555200,111.24,112.76,111.04,112.21,20464490.0
1783641600,111.95,114.16,111.9301,113.9,12461700.0
1783900800,114.725,115.54,114.01,114.78,17043420.0
1783987200,115.08,115.88,113.5,113.7,14681970.0
1784073600,113.25,114.73,112.07,112.53,16467940.0
1784160000,113.76,115.585,113.555,114.95,20777620.0
1784246400,116.96,118.09,113.6,114.24,28289810.0
1784505600,113.96,114.4,112.14,112.2,17738930.0
1784592000,111.51,111.8,109.89,110.39,22717030.0
1784678400,109.53,110.0,108.72,109.33,23494770.0
1784764800,107.505,108.555,106.79,108.4,21516800.0
1784851200,108.12,109.6,108.01,109.47,18405920.0
1785110400,109.92,112.51,109.89,111.74,19008750.0
1785196800,113.96,116.03,112.835,113.1,24867900.0
1785283200,113.23,114.69,112.45,114.22,23480000.0
1785369600,111.61,113.0259,110.435,111.1,28747000.0
1785456000,110.52,111.91,109.89,111.2,22799140.0
1785715200,113.1,113.29,110.155,110.71,23942450.0
1785801600,109.005,111.68,108.56,111.55,29620000.0
1785888000,112.45,113.155,111.36,112.34,21446300.0
1785974400,114.065,114.56,111.035,112.07,23203150.0
1786060800,110.61,112.29,110.5,111.85,18819350.0
1786320000,111.075,112.7,110.76,112.66,19143980.0
1786406400,112.44,113.34,112.19,113.26,17005850.0
1786492800,112.365,116.045,112.28,116.01,22054700.0
1786579200,116.17,116.32,114.805,115.72,16822250.0
1786665600,115.655,116.45,114.635,115.27,14519990.0
1786924800,114.33,115.18,113.915,114.33,18131050.0
1787011200,116.3,116.31,114.48,115.2,20674970.0
1787097600,115.19,116.87,113.99,114.3,34286600.0
1787184000,106.38,107.0,102.85,103.84,83633150.0
1787270400,103.685,104.28,102.15,103.7,44454190.0
1787529600,104.14,106.595,104.0,106.49,35616300.0
1787616000,105.58,106.07,104.4,105.38,27032530.0
1787702400,105.51,106.09,104.075,104.34,28409350.0
1787788800,103.61,103.75,102.27,102.63,29816560.0
1787875200,103.09,103.395,102.5003,103.09,19420840.0
1788134400,103.08,104.987,102.84,104.87,34188730.0
1788220800,105.11,106.64,104.66,105.92,22074570.0
1788307200,105.97,106.78,105.46,106.09,25181800.0
1788393600,106.415,109.35,106.02,108.42,25541210.0
1788480000,108.2,109.23,106.93,107.14,20540470.0
1788825600,106.78,106.9,105.66,106.05,22664820.0
1788912000,105.69,106.145,105.16,105.83,15460830.0
1788998400,106.17,107.155,105.59,105.73,17174860.0
1789084800,106.2,107.21,105.715,107.15,17068590.0
1789344000,108.08,109.735,108.0,109.08,23884510.0
1789430400,108.61,109.24,107.86,108.09,19316330.0
1789516800,108.315,108.675,107.45,107.5,15150850.0
1789603200,107.8,107.8,106.15,106.79,19216190.0
1789689600,106.24,107.715,106.17,106.73,45337640.0
1789948800,106.16,107.7599,106.08,107.44,23976090.0
1790035200,108.12,110.1869,107.61,110.12,19372770.0
1790121600,110.215,111.23,109.49,110.53,22770770.0
1790208000,111.17,111.17,107.51,107.59,26173960.0
