timestamp,open,high,low,close,volume
1474848000,181.51,181.55,180.58,180.75,2638563.0
1474934400,180.58,182.14,180.242,182.0,3713830.0
1475020800,182.36,183.23,181.52,183.1,6411815.0
1475107200,182.82,183.42,180.65,181.22,3376184.0
1475193600,182.13,183.435,181.97,182.78,4582317.0
1475452800,182.31,182.57,181.78,182.32,1987734.0
1475539200,182.62,182.93,180.935,181.48,2808953.0
1475625600,182.16,183.018,182.11,182.66,1817248.0
1475712000,182.34,182.74,181.47,182.52,2359844.0
1475798400,182.8,182.99,181.32,182.22,2523248.0
1476057600,183.2,183.85,183.04,183.12,1878522.0
1476144000,182.86,182.89,180.45,181.2,3949474.0
1476230400,181.0,181.8,180.66,181.37,1917084.0
1476316800,180.13,181.22,179.43,180.84,3458469.0
1476403200,182.0,182.46,181.21,181.29,2696624.0
1476662400,181.17,181.51,180.45,180.72,1799993.0
1476748800,181.94,182.1,181.12,181.37,1717672.0
1476835200,181.85,182.41,181.57,182.0,1503179.0
1476921600,181.72,182.45,181.22,181.54,2358628.0
1477008000,180.6,181.45,180.23,181.22,5606744.0
1477267200,182.36,182.5,181.65,181.96,1903977.0
1477353600,181.82,182.17,181.25,181.48,3347565.0
1477440000,180.6,182.12,180.35,181.77,5373594.0
1477526400,182.3,182.35,181.23,181.53,2019509.0
1477612800,181.82,182.32,180.67,181.36,3726582.0
1477872000,181.58,181.7,181.05,181.17,1414416.0
1477958400,181.52,181.52,179.14,180.12,3620633.0
1478044800,179.66,180.21,179.05,179.35,3526989.0
1478131200,179.7,179.89,178.84,179.11,1966294.0
1478217600,179.11,179.67,178.64,178.71,4332859.0
1478476800,181.17,182.45,181.05,182.36,3394986.0
1478563200,182.2,184.04,182.02,183.38,3431660.0
1478649600,181.93,186.55,181.75,185.96,8342255.0
1478736000,186.83,188.82,186.35,188.13,8738980.0
1478822400,187.95,188.6299,187.41,188.47,5003454.0
1479081600,189.11,189.39,188.2,188.77,4795206.0
1479168000,188.76,189.35,188.14,189.34,3747775.0
1479254400,188.79,189.18,188.53,188.98,3457457.0
1479340800,189.09,189.33,188.7399,189.3,4207968.0
1479427200,188.9,188.9599,188.32,188.46,4357576.0
1479686400,188.88,189.41,188.6,189.34,2994588.0
1479772800,189.92,190.25,189.416,190.02,2754332.0
1479859200,189.93,190.64,189.87,190.59,2465678.0
1480032000,191.09,191.34,190.98,191.3,1547109.0
1480291200,190.93,191.21,190.52,190.78,3155286.0
1480377600,190.83,191.42,190.68,191.19,2263758.0
1480464000,191.97,192.25,191.34,191.4,4772447.0
1480550400,191.84,192.16,191.57,191.9,8322119.0
1480636800,191.91,191.98,191.43,191.74,2773025.0
1480896000,192.48,192.78,191.89,192.22,2922826.0
1480982400,192.16,192.57,191.87,192.49,2668130.0
1481068800,192.47,195.69,192.42,195.48,7224468.0
1481155200,195.83,196.8,195.41,196.28,7030224.0
1481241600,196.44,197.72,196.37,197.69,4386653.0
1481500800,197.84,198.39,197.68,198.08,3789886.0
1481587200,198.96,199.72,198.6401,199.23,5355329.0
1481673600,198.97,199.83,197.61,198.14,7448192.0
1481760000,198.54,199.68,198.34,198.66,6009082.0
1481846400,198.7,198.966,197.94,198.19,4466390.0
1482105600,198.3,198.9,198.21,198.6,2728214.0
1482192000,199.16,199.61,199.06,199.42,3060861.0
1482278400,199.43,199.61,199.14,199.16,2522011.0
1482364800,199.1,199.17,198.5789,198.97,2250039.0
1482451200,198.96,199.06,198.73,199.05,1373278.0
1482796800,199.16,199.54,199.13,199.21,2340621.0
1482883200,199.52,199.56,198.0,198.08,3816228.0
1482969600,197.99,198.52,197.63,197.99,3017428.0
1483056000,198.25,198.27,196.92,197.51,4276072.0
1483401600,198.91,199.1,197.48,198.42,6667677.0
1483488000,198.76,199.36,198.6,199.15,4821882.0
1483574400,198.95,199.265,197.895,198.75,4123857.0
1483660800,198.73,199.83,198.17,199.51,4321687.0
1483920000,199.09,199.27,198.75,198.76,2301811.0
1484006400,198.72,199.405,198.21,198.4,3021089.0
1484092800,198.63,199.57,198.15,199.33,5208033.0
1484179200,198.88,198.91,197.53,198.75,3864931.0
1484265600,198.91,199.35,198.32,198.7,3468891.0
1484611200,198.27,198.65,197.587,198.09,3329234.0
1484697600,198.08,198.23,197.3,197.95,4634843.0
1484784000,198.03,198.16,196.69,197.28,3043097.0
1484870400,197.53,198.2,197.31,197.96,6997974.0
1485129600,197.86,198.11,197.04,197.78,3246469.0
1485216000,197.79,199.22,197.62,198.84,5204145.0
1485302400,200.01,200.55,199.75,200.42,4877012.0
1485388800,200.6,200.97,200.42,200.72,3993655.0
1485475200,200.69,200.87,200.45,200.63,3576407.0
1485734400,199.83,199.9,198.42,199.38,4714741.0
1485820800,198.72,198.89,197.56,198.36,4625875.0
1485907200,199.13,199.4,198.2,198.63,3664335.0
1485993600,198.16,198.97,198.02,198.61,2639430.0
1486080000,199.58,200.57,199.44,200.38,4856075.0
1486339200,200.03,200.7,199.78,200.28,2770442.0
1486425600,200.89,201.3001,200.43,200.58,2603430.0
1486512000,200.5,200.69,200.15,200.51,2288150.0
1486598400,200.82,202.1052,200.77,201.72,3481089.0
1486684800,202.3,203.0,202.0675,202.74,2880286.0
1486944000,203.32,204.47,203.32,204.2,2628252.0
1487030400,204.06,205.18,203.945,205.17,3586114.0
1487116800,205.39,206.49,205.29,206.38,3644805.0
1487203200,206.55,206.7199,205.85,206.48,4584714.0
1487289600,205.03,205.92,205.02,205.88,5747221.0
1487635200,206.56,207.3,206.42,207.07,3076628.0
1487721600,206.73,207.53,206.64,207.45,2252696.0
1487808000,208.06,208.15,207.21,207.82,3168935.0
1487894400,207.08,207.95,207.07,207.93,3703905.0
1488153600,207.73,208.37,207.61,208.29,3432985.0
1488240000,208.11,208.31,207.68,207.98,2814774.0
1488326400,209.92,211.59,209.88,211.02,7844942.0
1488412800,211.19,211.19,209.84,209.89,3335258.0
1488499200,210.06,210.32,209.41,209.91,2588781.0
1488758400,209.26,209.77,209.02,209.48,2523023.0
1488844800,209.21,209.66,208.975,209.17,2736225.0
1488931200,209.58,209.61,208.43,208.61,3170815.0
1489017600,208.74,209.09,207.868,208.67,4423957.0
1489104000,209.69,209.7,208.36,209.15,3003609.0
1489363200,209.13,209.34,208.585,208.94,2261485.0
1489449600,208.57,208.88,207.98,208.54,4432261.0
1489536000,208.83,209.91,208.7101,209.58,5735921.0
1489622400,210.17,210.17,209.05,209.44,3018333.0
1489708800,209.53,209.53,208.83,208.86,2872189.0
1489968000,208.85,209.27,208.56,208.8136,3308071.0
1490054400,209.33,209.43,206.25,206.35,6190696.0
1490140800,205.96,206.57,205.5007,206.41,3896552.0
1490227200,206.03,207.3,205.91,206.31,3839103.0
1490313600,206.58,206.9,205.0,205.75,4052419.0
1490572800,204.18,205.505,203.81,205.23,4558429.0
1490659200,205.08,207.07,204.91,206.75,3537018.0
1490745600,206.53,206.56,205.945,206.31,2323350.0
1490832000,206.3,207.26,206.15,206.96,2849212.0
1490918400,206.72,206.93,206.3,206.34,4179509.0
1491177600,206.52,206.63,204.88,206.25,4435042.0
1491264000,206.02,206.77,205.81,206.65,2554227.0
1491350400,207.59,208.65,206.16,206.26,4109181.0
1491436800,206.45,207.29,205.92,206.45,3186338.0
1491523200,206.19,207.07,205.89,206.38,2608490.0
1491782400,206.49,207.32,205.95,206.39,2395011.0
1491868800,206.22,206.42,204.94,206.33,3511450.0
1491955200,206.3,206.3,205.35,205.67,2171229.0
1492041600,205.34,205.94,204.36,204.37,3604029.0
1492387200,204.93,206.26,204.86,206.17,2246142.0
1492473600,205.36,205.81,204.42,205.08,2494569.0
1492560000,205.26,205.3,203.64,203.85,3605613.0
1492646400,204.35,206.21,204.17,205.7,3870163.0
1492732800,205.51,205.7284,204.77,205.25,3031984.0
1492992000,207.33,207.63,207.03,207.38,3219455.0
1493078400,208.95,209.98,208.84,209.68,3476055.0
1493164800,209.81,210.43,209.44,209.47,2862333.0
1493251200,209.73,209.77,209.06,209.56,1947609.0
1493337600,209.63,209.63,208.97,209.08,1933465.0
1493596800,209.49,209.49,208.7,208.92,1885489.0
1493683200,209.1,209.3,208.754,209.13,1353455.0
1493769600,208.87,209.47,208.47,209.22,1826055.0
1493856000,209.65,209.65,208.198,209.19,2640052.0
1493942400,209.07,209.78,208.76,209.77,1666539.0
1494201600,209.7,210.02,209.53,209.92,2310733.0
1494288000,210.14,210.32,209.2231,209.62,1569284.0
1494374400,209.19,209.81,208.9,209.48,1393649.0
1494460800,209.14,209.45,208.1,209.28,3092363.0
1494547200,208.97,209.28,208.82,209.01,1575490.0
1494806400,209.4,210.13,209.4,209.93,1817692.0
1494892800,210.32,210.46,209.46,209.95,1734840.0
1494979200,208.12,208.59,206.37,206.47,5713454.0
1495065600,206.03,207.96,205.855,206.96,6648506.0
1495152000,206.75,208.31,206.58,207.77,4888894.0
1495411200,208.32,208.87,208.32,208.65,2244062.0
1495497600,209.1,209.35,208.69,209.12,3457529.0
1495584000,209.32,209.96,209.075,209.82,3481387.0
1495670400,210.52,210.92,210.3,210.58,2198248.0
1495756800,210.54,210.719,210.32,210.54,1150567.0
1496102400,210.21,210.52,209.97,210.21,1065974.0
1496188800,210.41,210.41,209.32,210.0,1577436.0
1496275200,210.27,211.4,209.91,211.4,1825224.0
1496361600,211.45,212.21,211.27,211.91,2313311.0
1496620800,211.86,212.205,211.64,211.86,1922993.0
1496707200,211.33,211.78,211.17,211.37,2094951.0
1496793600,211.69,211.92,211.14,211.72,1545878.0
1496880000,211.62,212.699,211.39,211.86,2027241.0
1496966400,212.15,213.07,211.59,212.67,4271003.0
1497225600,212.46,212.78,211.88,212.4,3681687.0
1497312000,212.8,213.39,212.75,213.37,2426620.0
1497398400,213.78,214.0,212.98,213.84,5421438.0
1497484800,212.89,213.8,212.75,213.69,2571705.0
1497571200,213.33,213.58,212.82,213.56,2371753.0
1497830400,214.36,215.01,214.08,214.92,2102623.0
1497916800,214.89,215.07,214.37,214.4,1762126.0
1498003200,214.65,214.67,213.64,213.89,2129109.0
1498089600,214.08,214.29,213.66,213.73,2696635.0
1498176000,213.44,213.95,213.0644,213.74,1346820.0
1498435200,214.29,214.76,213.53,213.87,1939983.0
1498521600,213.71,214.13,212.87,212.93,1979898.0
1498608000,213.58,214.53,213.58,214.24,4693426.0
1498694400,214.52,214.55,211.7,212.61,4363637.0
1498780800,213.15,213.99,212.97,213.24,2202755.0
1499040000,213.95,215.38,213.88,214.49,2135037.0
1499212800,214.74,214.83,213.83,214.58,1799148.0
1499299200,214.09,214.2458,212.94,213.14,2298772.0
1499385600,213.54,214.1599,213.42,214.05,1325615.0
1499644800,213.68,214.3453,213.54,213.99,1156463.0
1499731200,213.91,214.2944,212.68,213.98,1577622.0
1499817600,214.98,215.7,214.89,215.23,2103319.0
1499904000,215.3,215.56,215.0,215.46,1586992.0
1499990400,215.3,216.68,215.11,216.26,2394932.0
1500249600,216.32,216.4898,216.04,216.22,2291048.0
1500336000,215.66,215.81,214.63,215.7,2247441.0
1500422400,215.89,216.34,215.66,216.32,1785894.0
1500508800,216.57,216.58,215.7101,216.19,1368471.0
1500595200,215.19,215.55,214.76,215.53,2223698.0
1500854400,215.51,215.51,214.681,215.09,1459351.0
1500940800,216.5,216.52,215.49,215.86,1923972.0
1501027200,216.81,217.16,216.56,216.81,2040871.0
1501113600,217.28,217.75,216.63,217.72,3201594.0
1501200000,217.53,218.16,217.3,218.02,2304236.0
1501459200,218.65,219.03,218.49,218.7,1731905.0
1501545600,219.74,219.8,219.15,219.37,2303441.0
1501632000,219.83,220.13,219.44,219.89,3062809.0
1501718400,219.93,220.23,219.72,220.06,2495383.0
1501804800,220.64,220.67,220.03,220.57,1876613.0
1502064000,220.75,220.98,220.6,220.85,1893095.0
1502150400,220.8,221.68,220.4411,220.69,3614436.0
1502236800,220.33,220.61,219.96,220.5,3553095.0
1502323200,219.81,219.897,218.55,218.6,7828873.0
1502409600,218.76,219.22,218.52,218.7,4942437.0
1502668800,219.88,220.285,219.81,219.97,2604770.0
1502755200,220.58,220.58,219.86,220.16,1835305.0
1502841600,220.7,221.1,220.28,220.47,2475258.0
1502928000,220.0,220.07,217.77,217.81,3533444.0
1503014400,216.99,217.66,216.15,216.53,4468326.0
1503273600,216.46,216.92,215.73,216.74,3466966.0
1503360000,217.41,218.85,217.3,218.69,2422542.0
1503446400,218.01,218.46,217.84,217.92,3658796.0
1503532800,218.55,218.55,217.46,217.66,1934301.0
1503619200,218.26,218.93,218.0,218.04,2372562.0
1503878400,218.5,218.58,217.53,217.94,1402962.0
1503964800,216.68,218.76,216.62,218.59,2012431.0
1504051200,218.75,219.16,218.39,218.93,1803575.0
1504137600,219.53,219.89,219.12,219.52,2155754.0
1504224000,220.13,220.41,219.8329,219.92,2149860.0
1504569600,219.53,219.53,217.18,217.67,3827246.0
1504656000,218.54,218.62,218.04,218.25,1914907.0
1504742400,218.47,218.72,217.68,218.11,1982653.0
1504828800,217.61,218.66,217.52,218.24,2135767.0
1505088000,219.58,220.885,219.58,220.76,2568043.0
1505174400,221.33,221.57,221.07,221.42,2072971.0
1505260800,221.35,221.79,221.2,221.76,1720790.0
1505347200,221.65,222.43,221.62,222.32,1892230.0
1505433600,222.13,222.57,221.91,222.45,2367304.0
1505692800,222.92,223.386,222.67,223.16,1827255.0
1505779200,223.37,223.67,223.2299,223.58,2042785.0
1505865600,223.57,223.95,222.95,223.9,1819643.0
1505952000,223.9,223.97,223.39,223.47,1741150.0
1506038400,223.22,223.46,222.82,223.2,2448259.0
1506297600,223.11,223.43,221.99,222.82,2844027.0
1506384000,223.06,223.5,222.62,222.69,1313471.0
1506470400,223.4,223.52,222.3505,223.12,2377179.0
1506556800,222.97,223.77,222.7,223.6,1462821.0
1506643200,223.39,223.87,223.13,223.82,2415112.0
1506902400,224.19,225.39,224.02,225.24,2606577.0
1506988800,225.74,226.28,225.61,226.24,2505421.0
1507075200,226.39,226.68,226.18,226.41,1746992.0
1507161600,226.61,227.66,226.4472,227.64,2218058.0
1507248000,227.34,227.63,227.23,227.55,2089398.0
1507507200,227.89,227.96,227.3399,227.53,1004785.0
1507593600,228.21,228.43,227.64,228.26,1415307.0
1507680000,228.32,228.64,228.17,228.61,1419519.0
1507766400,228.49,228.81,228.15,228.33,1300710.0
1507852800,228.71,228.97,228.51,228.73,1743401.0
1508112000,229.07,229.53,228.81,229.45,2371680.0
1508198400,229.71,229.9599,229.52,229.85,1833200.0
1508284800,231.0,231.68,230.91,231.46,2751751.0
1508371200,230.84,231.66,230.52,231.65,2269835.0
1508457600,232.47,233.13,231.8899,233.13,3272117.0
1508716800,233.58,233.58,232.6099,232.65,2316994.0
1508803200,234.11,234.7,233.96,234.29,3294873.0
1508889600,234.45,234.45,232.35,233.16,3807283.0
1508976000,233.91,234.42,233.75,233.85,2573587.0
1509062400,233.95,234.33,233.36,234.17,2943465.0
1509321600,233.52,234.14,233.15,233.33,2670412.0
1509408000,233.64,233.91,233.2,233.63,1771626.0
1509494400,234.6,235.02,233.73,234.19,2673281.0
1509580800,234.21,235.17,233.32,234.96,2457017.0
1509667200,235.36,235.39,234.64,235.18,2572272.0
1509926400,235.23,235.59,235.09,235.41,2548520.0
1510012800,235.7,235.88,234.69,235.42,2383187.0
1510099200,235.37,235.61,234.97,235.46,1527871.0
1510185600,234.49,235.28,233.16,234.72,4218965.0
1510272000,234.45,234.67,234.1001,234.43,2507020.0
1510531200,233.66,234.7801,233.63,234.66,2439624.0
1510617600,233.97,234.35,232.91,234.28,2546420.0
1510704000,233.16,233.67,232.65,232.96,2818858.0
1510790400,234.22,235.2759,234.19,234.91,2919682.0
1510876800,233.77,233.97,233.36,233.39,3483148.0
1511136000,233.66,234.37,233.42,234.15,2054010.0
1511222400,235.17,235.99,235.1,235.73,2748988.0
1511308800,236.06,236.06,234.95,235.17,2859413.0
1511481600,235.56,235.87,235.41,235.47,1435533.0
1511740800,235.5,236.33,235.39,235.73,2323825.0
1511827200,236.32,238.44,236.23,238.34,4822680.0
1511913600,239.15,239.65,238.77,239.42,3368246.0
1512000000,240.68,243.49,240.41,242.84,6574845.0
1512086400,243.14,243.435,239.41,242.45,9763463.0
1512345600,245.01,245.57,243.07,243.11,6542257.0
1512432000,243.78,243.79,241.77,242.01,4916736.0
1512518400,241.72,242.5127,241.55,241.62,3975158.0
1512604800,241.21,242.87,241.101,242.36,2712632.0
1512691200,243.19,243.63,242.58,243.62,2703704.0
1512950400,243.77,244.236,243.5,244.17,1856372.0
1513036800,244.93,245.87,244.8,245.44,3275722.0
1513123200,245.69,246.99,245.65,246.3,3748087.0
1513209600,246.89,247.0699,245.47,245.57,4711868.0
1513296000,246.21,246.7,245.82,246.25,5861553.0
1513555200,248.01,248.541,247.5299,247.79,3280621.0
1513641600,248.31,248.34,246.94,247.4,2612094.0
1513728000,248.33,248.3989,246.76,247.07,2399073.0
1513814400,247.73,248.29,247.4201,247.66,2445754.0
1513900800,247.58,247.61,246.97,247.4,1846186.0
1514246400,246.94,247.585,246.88,247.25,2155615.0
1514332800,247.15,247.686,247.1,247.48,2930353.0
1514419200,247.94,248.19,247.77,248.13,2743029.0
1514505600,248.57,248.61,247.17,247.38,2950506.0
1514851200,248.34,248.47,247.2256,248.02,4454610.0
1514937600,248.32,249.22,248.07,248.95,5526813.0
1515024000,249.96,250.92,249.62,250.6,4927260.0
1515110400,251.38,252.85,250.97,252.72,3346558.0
1515369600,252.75,252.97,252.22,252.59,3847213.0
1515456000,253.2,254.29,252.724,253.82,5016636.0
1515542400,253.17,253.9311,252.45,253.62,2343245.0
1515628800,254.0,255.67,253.85,255.61,2757881.0
1515715200,256.63,257.97,256.48,257.91,3667356.0
1516060800,260.27,260.7499,256.91,257.81,8074372.0
1516147200,259.26,261.19,258.5425,261.08,6128041.0
1516233600,261.24,261.32,259.38,260.16,4848815.0
1516320000,260.05,260.55,259.27,260.54,4055112.0
1516579200,259.7,262.01,259.63,261.98,3340954.0
1516665600,261.83,262.29,261.275,261.87,3475697.0
1516752000,263.0,263.76,260.8701,262.57,7103317.0
1516838400,263.58,264.3901,262.42,263.75,5916458.0
1516924800,264.32,265.93,264.05,265.91,3858843.0
1517184000,265.56,265.9,264.12,264.16,4599150.0
1517270400,261.48,262.44,260.09,260.62,9401977.0
1517356800,263.0,263.16,260.29,261.44,5363924.0
1517443200,259.95,262.9,259.77,261.62,5170033.0
1517529600,259.61,259.85,254.73,254.93,9474594.0
1517788800,252.22,255.02,239.06,243.27,19850580.0
1517875200,238.32,249.33,237.54,248.96,20478420.0
1517961600,248.24,252.79,247.57,248.76,12628500.0
1518048000,248.96,249.08,238.5,238.67,15811420.0
1518134400,241.41,244.03,233.76,242.03,19856590.0
1518393600,244.03,247.85,243.0646,246.17,10453740.0
1518480000,244.72,247.25,244.33,246.57,6229490.0
1518566400,245.17,249.49,245.04,249.3,5759754.0
1518652800,251.62,252.5,248.49,252.5,6086785.0
1518739200,251.43,254.12,251.2,251.96,6398795.0
1519084800,250.44,251.5863,248.59,249.35,8676585.0
1519171200,249.6,252.51,247.71,247.72,5884560.0
1519257600,248.63,251.36,248.5328,249.49,6339391.0
1519344000,250.79,252.95,250.05,252.91,5086166.0
1519603200,254.32,257.18,253.96,256.92,6077704.0
1519689600,257.1,257.86,253.92,253.96,7214275.0
1519776000,255.18,255.77,250.2,250.2,5288526.0
1519862400,250.21,251.87,244.37,245.98,8137938.0
1519948800,243.55,245.92,242.16,245.35,6389053.0
1520208000,243.84,249.63,243.8,248.84,4883176.0
1520294400,250.18,250.18,247.05,248.84,4349888.0
1520380800,245.86,248.58,245.4,248.11,5353478.0
1520467200,249.13,249.705,247.22,249.14,5837854.0
1520553600,250.94,253.56,250.34,253.56,3903163.0
1520812800,254.05,254.72,251.7002,251.96,5502374.0
1520899200,253.1,253.97,249.65,250.22,6094418.0
1520985600,251.41,251.62,246.92,247.88,6209556.0
1521072000,248.84,250.8,247.8,249.0,5018533.0
1521158400,248.57,250.129,248.34,249.1,3427246.0
1521417600,248.3,248.38,244.32,245.91,5731009.0
1521504000,246.49,247.85,246.32,247.1,3257325.0
1521590400,247.14,249.65,246.32,246.62,4339096.0
1521676800,244.09,245.03,239.17,239.36,7408456.0
1521763200,239.98,240.9,234.85,235.13,7594541.0
1522022400,239.03,242.15,237.2,241.82,6581433.0
1522108800,243.05,244.2599,236.85,238.29,6498079.0
1522195200,239.04,240.72,237.05,238.28,7981146.0
1522281600,239.57,242.94,239.06,241.4,6629568.0
1522627200,240.33,241.03,233.2,236.15,9212423.0
1522713600,237.38,240.25,236.4,240.15,9868993.0
1522800000,235.05,242.9,234.94,242.46,6405285.0
1522886400,243.8,246.09,243.381,244.91,4734592.0
1522972800,242.3,244.2525,237.24,239.13,6974329.0
1523232000,241.16,243.64,239.43,239.73,5043110.0
1523318400,243.35,245.0,242.2,244.01,5979391.0
1523404800,242.13,243.58,241.393,241.88,4729143.0
1523491200,243.66,245.82,243.44,244.81,4729906.0
1523577600,246.42,246.46,242.33,243.58,5220877.0
1523836800,245.12,246.67,244.72,245.62,4017517.0
1523923200,248.15,248.48,247.27,247.8,3815555.0
1524009600,247.88,248.2214,247.08,247.38,3641011.0
1524096000,246.92,247.58,245.49,246.57,3720034.0
1524182400,246.37,246.66,243.59,244.48,3395993.0
1524441600,245.06,245.18,243.14,244.35,2488979.0
1524528000,245.39,245.5613,238.12,240.09,7084376.0
1524614400,240.29,241.33,238.09,240.7,5254988.0
1524700800,241.43,243.88,241.12,243.12,3815077.0
1524787200,242.97,243.44,241.77,242.95,3209681.0
1525046400,244.1,244.84,241.51,241.54,3472604.0
1525132800,240.69,240.89,237.91,240.76,4394079.0
1525219200,240.61,241.7,238.72,239.11,2722308.0
1525305600,237.92,239.83,235.12,239.1,6170367.0
1525392000,238.11,243.22,237.68,242.52,3599162.0
1525651200,243.5,244.67,242.49,243.42,2993929.0
1525737600,243.17,243.98,241.84,243.42,2925585.0
1525824000,244.23,245.85,243.21,245.4,3659998.0
1525910400,246.0,248.11,245.965,247.46,3876492.0
1525996800,247.7,248.94,247.38,248.54,3292645.0
1526256000,249.41,250.2,248.85,249.27,4285809.0
1526342400,248.07,248.18,246.49,247.31,4754569.0
1526428800,247.18,248.28,246.971,247.97,2033472.0
1526515200,247.8,248.8926,246.88,247.74,2054743.0
1526601600,246.97,247.53,246.42,247.0,2408044.0
1526860800,249.22,250.67,249.21,249.94,4057058.0
1526947200,250.37,250.43,247.92,248.18,2326304.0
1527033600,246.83,248.7,246.4675,248.63,3482954.0
1527120000,248.13,248.43,245.85,247.91,3447395.0
1527206400,247.41,248.1,246.71,247.37,4204595.0
1527552000,245.38,246.21,242.31,243.45,6428602.0
1527638400,245.17,247.16,244.58,246.7,4164226.0
1527724800,246.0,246.02,243.51,244.18,5346116.0
1527811200,246.14,246.83,245.65,246.36,3564871.0
1528070400,247.72,248.67,247.54,248.2,3041181.0
1528156800,248.16,248.4765,247.16,248.15,2815256.0
1528243200,249.24,251.53,248.55,251.52,4098167.0
1528329600,252.22,253.37,251.74,252.53,4284315.0
1528416000,251.96,253.41,251.767,253.27,4450600.0
1528675200,253.62,254.159,253.02,253.39,4198772.0
1528761600,253.74,253.77,252.56,253.3,6524371.0
1528848000,253.42,253.7516,252.03,252.18,3806114.0
1528934400,253.16,253.515,251.54,251.99,4990635.0
1529020800,250.27,251.195,248.77,250.74,6340427.0
1529280000,248.8,249.9,248.14,249.73,4072622.0
1529366400,246.6,247.23,245.53,246.88,5506678.0
1529452800,247.96,247.98,246.12,246.46,4696699.0
1529539200,245.83,245.94,243.93,244.5,4670237.0
1529625600,245.92,246.51,245.44,245.69,3646348.0
1529884800,244.18,244.4,240.7,242.31,9532205.0
1529971200,242.92,243.69,242.272,242.67,3831651.0
1530057600,243.27,245.58,241.01,241.12,6142697.0
1530144000,240.47,242.96,239.83,242.08,5518647.0
1530230400,243.48,244.96,242.59,242.73,3954285.0
1530489600,240.92,243.04,240.62,242.73,5699187.0
1530576000,244.06,244.3,241.35,241.66,3143826.0
1530748800,243.13,243.67,241.69,243.55,3289777.0
1530835200,243.31,245.2,242.81,244.6,3546010.0
1531094400,245.78,248.0,245.76,247.84,3667644.0
1531180800,248.52,249.48,248.4483,249.23,3454227.0
1531267200,247.34,248.16,246.64,247.08,4407260.0
1531353600,249.07,249.44,248.17,249.3,3165529.0
1531440000,249.24,250.46,248.93,250.2,3018141.0
1531699200,250.39,250.75,249.83,250.67,1867543.0
1531785600,250.55,251.57,249.9,251.28,2956276.0
1531872000,251.39,252.165,251.02,252.03,2112059.0
1531958400,251.22,251.62,250.61,250.79,2536393.0
1532044800,249.82,251.04,249.68,250.44,2679839.0
1532304000,250.21,250.6,249.62,250.26,1786882.0
1532390400,251.26,252.66,251.06,252.21,5484458.0
1532476800,251.57,254.16,250.93,254.02,4678975.0
1532563200,254.52,255.68,254.45,255.12,4149896.0
1532649600,255.11,255.6,253.48,254.26,5852912.0
1532908800,254.53,254.79,252.67,252.87,4484110.0
1532995200,253.69,254.68,253.6,254.17,3727777.0
1533081600,253.9,254.64,252.561,253.11,3157858.0
1533168000,251.45,253.41,251.03,253.1,4130049.0
1533254400,253.04,254.5,253.04,254.39,2469137.0
1533513600,254.22,255.24,253.63,254.85,2303672.0
1533600000,255.98,256.76,255.65,256.12,2392545.0
1533686400,255.97,256.121,255.38,255.62,1876774.0
1533772800,255.76,256.23,255.0,255.16,1676004.0
1533859200,253.68,253.9,252.4,253.3,4796840.0
1534118400,253.57,253.96,251.7,252.04,3686243.0
1534204800,252.76,253.5532,252.2292,253.21,2815824.0
1534291200,251.84,252.2,249.86,251.76,5803391.0
1534377600,254.37,256.41,254.28,255.94,7912686.0
1534464000,255.23,257.12,255.03,256.51,3901542.0
1534723200,257.11,257.72,256.97,257.43,2929193.0
1534809600,257.93,258.7,257.76,258.07,3275937.0
1534896000,258.0,258.2,257.05,257.18,3847599.0
1534982400,256.8,257.56,255.98,256.49,2811921.0
1535068800,257.24,258.18,256.99,257.85,3631468.0
1535328000,259.25,260.645,259.25,260.58,4109114.0
1535414400,261.3,261.32,260.35,260.64,2712766.0
1535500800,260.8,261.767,260.44,261.33,2427293.0
1535587200,260.74,261.15,259.45,260.01,3859276.0
1535673600,259.59,260.49,258.98,259.85,3050740.0
1536019200,259.22,259.92,258.21,259.73,2940772.0
1536105600,259.22,260.31,258.92,259.92,3281854.0
1536192000,260.14,261.05,259.04,260.29,3877237.0
1536278400,259.33,260.34,258.46,259.54,3795096.0
1536537600,260.52,260.65,258.86,258.94,2246079.0
1536624000,258.1,260.51,257.82,260.03,3071921.0
1536710400,260.15,261.77,259.58,260.25,4970107.0
1536796800,261.42,262.2236,260.99,261.78,2468434.0
1536883200,262.01,262.47,261.02,261.89,3077743.0
1537142400,261.72,262.1899,260.64,260.98,2471757.0
1537228800,261.25,263.53,261.18,262.91,2994665.0
1537315200,263.1,264.99,263.1,264.42,3999772.0
1537401600,266.0,267.31,265.99,267.04,5244622.0
1537488000,267.55,267.61,266.59,267.12,3932644.0
1537747200,266.68,266.7,265.25,265.42,3773661.0
1537833600,266.03,266.12,264.53,264.73,1819843.0
1537920000,264.81,265.84,263.27,263.78,3364666.0
1538006400,264.25,265.37,263.59,264.25,2438142.0
1538092800,263.56,264.94,263.5,264.4,3276830.0
1538352000,266.1,267.15,265.74,266.73,5823381.0
1538438400,266.11,268.02,266.05,267.57,4552453.0
1538524800,268.77,269.28,267.67,267.95,5825050.0
1538611200,267.69,267.71,264.58,266.25,8713034.0
1538697600,266.34,266.62,262.9,264.32,7477039.0
1538956800,263.25,265.21,262.085,264.83,6229246.0
1539043200,264.38,265.32,263.14,264.23,4555959.0
1539129600,264.04,264.12,255.8,256.06,12268290.0
1539216000,254.73,256.73,248.86,250.27,15256060.0
1539302400,254.355,254.609,249.93,253.3,8631547.0
1539561600,252.87,254.74,252.34,252.34,5495228.0
1539648000,254.62,258.11,253.98,257.92,7096212.0
1539734400,256.92,258.02,254.67,256.97,6820595.0
1539820800,256.11,256.86,252.32,253.68,8692160.0
1539907200,254.23,255.98,253.34,254.32,6615645.0
1540166400,255.07,255.44,252.2,253.04,4659259.0
1540252800,249.04,252.93,247.52,251.67,7354224.0
1540339200,252.4,252.89,245.18,245.64,7609685.0
1540425600,247.33,250.93,246.25,249.77,5907879.0
1540512000,247.38,249.04,244.31,246.53,5882702.0
1540771200,248.72,250.24,241.05,244.47,6829235.0
1540857600,244.44,248.94,244.0882,248.7,6134938.0
1540944000,250.94,253.2198,250.39,251.19,5304079.0
1541030400,252.15,253.83,250.91,253.73,3243778.0
1541116800,255.38,255.6,250.58,252.46,6411159.0
1541376000,252.84,254.93,252.5,254.48,2832419.0
1541462400,254.53,256.38,254.33,256.23,2182507.0
1541548800,258.46,261.86,257.5,261.78,4458346.0
1541635200,261.526,262.97,260.971,262.1,4016659.0
1541721600,261.16,261.45,259.04,260.09,4385768.0
1541980800,259.7,259.92,253.68,254.22,10122750.0
1542067200,253.83,255.37,252.23,253.06,3925797.0
1542153600,255.02,255.2901,249.67,250.91,5604221.0
1542240000,250.2,254.0,248.3507,253.22,5645246.0
1542326400,251.79,254.96,251.34,254.05,4526325.0
1542585600,253.61,253.78,248.841,249.86,4240888.0
1542672000,246.36,246.9312,243.53,244.5,7337525.0
1542758400,245.84,246.6255,244.58,244.65,4248163.0
1542931200,243.25,244.03,242.71,242.81,1928034.0
1543190400,244.87,246.73,244.68,246.39,3434109.0
1543276800,245.18,247.53,244.14,247.5,2928712.0
1543363200,249.12,253.84,248.586,253.84,5127887.0
1543449600,253.6,254.9732,252.22,253.59,3470051.0
1543536000,253.1,255.84,252.83,255.51,2986844.0
1543795200,260.17,260.3,257.02,258.73,9539531.0
1543881600,257.64,258.04,250.38,250.73,5368737.0
1544054400,246.36,249.87,242.82,249.72,8225858.0
1544140800,249.66,251.4081,243.29,244.31,5962265.0
1544400000,243.94,245.49,239.25,244.71,6018057.0
1544486400,248.444,248.5,242.66,244.23,5637956.0
1544572800,247.39,248.76,245.65,245.88,3640844.0
1544659200,246.42,247.86,245.17,246.27,4444333.0
1544745600,244.06,244.83,240.82,241.42,6588446.0
1545004800,240.04,241.4,235.05,236.43,7022937.0
1545091200,238.44,239.81,235.67,237.36,5222515.0
1545177600,237.55,241.2,232.07,233.42,9528113.0
1545264000,232.59,233.37,226.95,228.89,11894900.0
1545350400,229.01,232.47,223.85,224.09,10162320.0
1545609600,222.5,223.31,217.88,218.1,7023992.0
1545782400,219.19,228.74,216.97,228.71,9742944.0
1545868800,225.54,231.37,222.5304,231.26,7941576.0
1545955200,232.71,233.81,229.67,230.48,7265774.0
1546214400,232.33,233.26,231.05,233.2,5070219.0
1546387200,229.27,234.0,229.14,233.36,5280855.0
1546473600,231.25,231.42,226.3604,226.72,7327143.0
1546560000,230.0,235.18,229.73,234.28,7339819.0
1546819200,234.84,236.88,232.951,235.36,5095186.0
1546905600,237.94,238.66,235.79,237.92,4826360.0
1546992000,238.9319,239.8762,237.78,238.92,4869090.0
1547078400,237.64,240.16,237.04,240.0,3042279.0
1547164800,238.87,239.94,237.96,239.88,2045312.0
1547424000,237.93,239.65,237.64,238.94,2327876.0
1547510400,238.94,241.03,238.89,240.64,3934122.0
1547596800,241.355,242.9,241.14,241.86,3714052.0
1547683200,241.23,244.81,241.04,243.8,4095019.0
1547769600,245.65,247.4,244.51,247.05,5391274.0
1548115200,245.35,245.7389,242.35,244.0,5206480.0
1548201600,246.15,246.92,242.98,245.72,4324968.0
1548288000,245.47,246.2,244.13,245.47,2835695.0
1548374400,247.39,248.55,246.68,247.39,4108621.0
1548633600,244.73,245.23,243.14,245.1,3554283.0
1548720000,245.35,246.65,244.95,245.71,2412077.0
1548806400,248.41,251.0,247.78,250.18,5660543.0
1548892800,248.95,250.43,248.34,250.12,5561270.0
1548979200,250.67,251.85,249.75,250.48,3971383.0
1549238400,250.43,252.35,249.68,252.32,2567809.0
1549324800,253.36,254.2,252.81,253.96,3081296.0
1549411200,253.63,254.35,253.05,253.87,1911714.0
1549497600,252.4,253.34,250.17,251.9,3878378.0
1549584000,250.51,251.37,249.1299,251.32,2942286.0
1549843200,252.12,252.32,250.35,250.94,2672899.0
1549929600,252.72,254.88,252.67,254.53,3067372.0
1550016000,255.53,256.556,255.1177,255.8,2906557.0
1550102400,254.54,256.17,253.62,255.16,3808973.0
1550188800,256.17,258.68,256.15,258.65,4746435.0
1550534400,257.96,259.48,257.96,258.81,2737699.0
1550620800,258.82,259.76,258.32,259.5,2450938.0
1550707200,258.94,259.2414,257.5,258.53,3190686.0
1550793600,259.26,260.41,259.01,260.17,3936685.0
1551052800,261.855,262.36,260.75,260.89,3574675.0
1551139200,259.96,261.5,259.6,260.54,3065076.0
1551225600,259.82,260.42,258.77,259.87,2773925.0
1551312000,259.86,260.37,259.06,259.28,2758064.0
1551398400,261.15,261.54,259.2349,260.42,3674472.0
1551657600,261.5,261.68,256.201,258.28,4815671.0
1551744000,258.22,258.86,257.39,258.19,2106268.0
1551830400,258.24,258.4526,256.45,256.87,3217765.0
1551916800,256.4,256.49,253.61,254.81,4103495.0
1552003200,252.88,254.895,252.74,254.71,5494332.0
1552262400,252.85,256.83,252.46,256.76,5467051.0
1552348800,256.24,256.97,255.43,255.86,6568511.0
1552435200,256.84,258.07,256.01,257.35,5268938.0
1552521600,257.33,257.94,256.62,257.54,3409617.0
1552608000,257.58,259.15,256.33,258.34,4225135.0
1552867200,257.94,259.1167,257.7102,258.99,2785465.0
1552953600,260.11,260.96,258.0,258.88,4756792.0
1553040000,258.46,259.17,256.55,257.29,4379256.0
1553126400,256.38,259.97,256.35,259.58,3794854.0
1553212800,257.92,258.64,254.865,254.96,6221668.0
1553472000,254.69,255.89,253.57,255.07,4980784.0
1553558400,257.05,257.83,255.3,256.46,3276588.0
1553644800,256.63,257.43,254.1,256.11,3160369.0
1553731200,256.92,257.28,255.59,257.08,2432997.0
1553817600,258.582,259.34,257.57,259.13,4248347.0
1554076800,261.23,262.66,260.58,262.39,6034029.0
1554163200,262.0,262.07,261.08,261.69,2315104.0
1554249600,262.58,262.72,261.22,262.0,3232044.0
1554336000,262.22,263.94,262.11,263.78,4394174.0
1554422400,264.56,264.84,263.61,264.16,3110510.0
1554681600,262.83,263.4,262.37,263.22,3230505.0
1554768000,262.12,262.14,260.95,261.51,4160332.0
1554854400,261.9,262.07,261.0,261.6,3602548.0
1554940800,261.92,262.25,260.58,261.4,2730948.0
1555027200,263.8739,264.3877,263.08,264.07,3394183.0
1555286400,264.02,264.19,263.15,263.81,2189438.0
1555372800,265.28,265.32,263.93,264.53,2526193.0
1555459200,265.1,265.19,263.92,264.53,2871982.0
1555545600,264.98,265.93,264.36,265.56,3468268.0
1555891200,264.6,265.44,264.44,265.07,1600227.0
1555977600,265.4501,266.86,265.0632,266.48,3392890.0
1556064000,266.38,266.7,265.73,265.92,1895044.0
1556150400,264.06,265.25,262.98,264.53,2331165.0
1556236800,264.42,265.34,263.86,265.34,1882729.0
1556496000,265.32,265.91,265.08,265.44,1519135.0
1556582400,266.01,266.055,264.1,265.79,2257449.0
1556668800,266.47,266.81,264.14,264.15,2902461.0
1556755200,263.76,264.445,261.68,262.88,3660196.0
1556841600,264.32,265.25,263.6,264.97,2161568.0
1557100800,260.35,264.7,260.08,264.27,3282557.0
1557187200,261.98,262.49,257.81,259.52,6758077.0
1557273600,259.41,261.1067,258.81,259.66,4115167.0
1557360000,257.74,259.09,255.3701,258.44,7175426.0
1557446400,257.58,260.54,255.04,259.92,5456134.0
1557705600,254.67,255.7,252.59,253.47,6326032.0
1557792000,254.4,257.23,254.24,255.81,4308796.0
1557878400,254.17,257.63,253.74,256.92,4151403.0
1557964800,258.0,260.08,257.85,259.16,3889707.0
1558051200,256.36,259.3926,256.21,257.44,3652916.0
1558310400,256.21,257.41,255.49,256.67,2613302.0
1558396800,258.2,258.88,257.68,258.77,2376711.0
1558483200,257.91,258.86,257.47,257.6,2942596.0
1558569600,255.32,255.35,253.28,254.76,4616946.0
1558656000,256.21,256.68,255.02,256.12,2258897.0
1559001600,256.12,257.21,253.46,253.47,4580059.0
1559088000,252.08,252.28,249.48,251.27,5192067.0
1559174400,251.77,252.34,250.82,251.87,3454668.0
1559260800,249.39,250.07,248.22,248.22,4891080.0
1559520000,248.34,249.61,247.04,248.5,5479627.0
1559606400,250.73,253.7,250.51,253.65,3796064.0
1559692800,255.22,255.8,254.07,255.73,2792381.0
1559779200,256.12,258.35,255.53,257.72,2796177.0
1559865600,258.46,261.12,258.4,260.25,3124909.0
1560124800,261.88,262.5,260.94,260.99,3495929.0
1560211200,262.66,262.87,256.95,260.88,2792090.0
1560297600,260.8,261.26,259.99,260.45,1725501.0
1560384000,261.34,261.88,260.3737,261.56,1882693.0
1560470400,261.24,262.13,260.43,261.51,2260930.0
1560729600,261.64,262.18,260.97,261.68,1319478.0
1560816000,263.23,265.8,262.94,265.33,6147714.0
1560902400,265.4,266.21,264.63,265.56,3920808.0
1560988800,268.05,268.5,265.9,268.08,3471763.0
1561075200,267.29,268.96,266.901,267.1,4446832.0
1561334400,267.33,267.91,267.1,267.17,1654193.0
1561420800,267.39,267.4,265.13,265.26,7240308.0
1561507200,266.12,266.49,265.21,265.22,2141421.0
1561593600,265.45,265.91,264.5,265.15,1991505.0
1561680000,265.94,266.26,265.07,265.85,2176213.0
1561939200,268.45,268.75,266.0,266.97,3976528.0
1562025600,266.84,267.73,266.14,267.66,2775740.0
1562112000,268.34,269.6,268.28,269.56,1262891.0
1562284800,268.71,269.48,267.32,269.27,2157032.0
1562544000,267.9,268.43,267.47,268.06,1423707.0
1562630400,266.72,268.12,266.69,267.86,1406997.0
1562716800,268.84,269.88,268.17,268.69,1978567.0
1562803200,269.66,270.92,269.23,270.92,2238488.0
1562889600,271.66,273.39,271.6,273.39,2411152.0
1563148800,273.55,273.6,272.96,273.6,2624471.0
1563235200,273.62,273.99,272.9012,273.42,1780357.0
1563321600,273.34,273.45,272.18,272.28,1550805.0
1563408000,271.66,272.75,270.75,272.27,2124399.0
1563494400,273.18,273.34,271.36,271.45,2364266.0
1563753600,271.77,272.16,270.8,271.65,1623561.0
1563840000,272.79,273.61,271.95,273.35,1722929.0
1563926400,272.25,272.85,271.8286,272.61,2355391.0
1564012800,272.48,272.58,270.5199,271.39,2348580.0
1564099200,271.655,272.05,271.11,271.86,1731277.0
1564358400,271.86,272.68,271.69,272.13,1346401.0
1564444800,271.09,272.155,270.62,271.91,1674302.0
1564531200,272.3,272.68,267.1025,268.52,5058843.0
1564617600,268.82,271.71,265.4,265.76,7225326.0
1564704000,265.21,265.766,262.43,264.81,5691451.0
1564963200,260.99,261.15,255.13,257.1,6608172.0
1565049600,258.55,260.36,257.05,260.29,4991027.0
1565136000,257.13,260.69,254.36,260.24,5089469.0
1565222400,261.46,264.13,260.5768,264.13,3637099.0
1565308800,263.44,264.44,261.25,263.18,3773003.0
1565568000,261.42,262.17,258.56,259.4,3072737.0
1565654400,259.07,264.63,258.63,263.17,4332355.0
1565740800,259.18,259.73,255.06,255.08,6147957.0
1565827200,256.24,256.9473,253.93,256.36,4038455.0
1565913600,257.39,259.25,256.87,258.88,2748371.0
1566172800,262.04,262.25,260.82,261.34,2033201.0
1566259200,261.01,261.56,259.4735,259.69,1981083.0
1566345600,261.83,262.66,261.49,262.03,2163005.0
1566432000,262.71,263.82,260.95,262.56,2329657.0
1566518400,261.27,263.19,255.04,256.29,6296172.0
1566777600,259.0,259.42,257.18,259.1,3146630.0
1566864000,260.51,260.56,257.24,257.8,3081241.0
1566950400,257.02,260.46,256.34,260.39,2743182.0
1567036800,262.94,264.24,262.0,263.9,3742555.0
1567123200,265.27,265.4,263.1701,264.13,2443354.0
1567468800,262.07,262.2,260.03,261.42,3090489.0
1567555200,263.58,263.95,262.77,263.93,1971058.0
1567641600,266.73,268.7089,266.7,267.68,3624350.0
1567728000,268.07,268.94,267.41,268.32,2470377.0
1567987200,268.85,269.405,268.03,268.8,2243429.0
1568073600,268.48,269.42,267.55,269.39,2654313.0
1568160000,269.72,271.735,269.22,271.69,1899773.0
1568246400,272.62,273.44,271.46,272.32,3272206.0
1568332800,273.02,273.28,272.46,272.6,2182688.0
1568592000,271.6,272.21,270.8,271.17,4077522.0
1568678400,270.59,271.58,270.37,271.56,1762986.0
1568764800,271.24,272.13,269.48,271.97,3056480.0
1568851200,272.47,273.2,271.13,271.42,3268663.0
1568937600,271.39,271.76,269.09,269.25,4080943.0
1569196800,268.25,269.97,268.07,269.36,1913266.0
1569283200,270.42,270.609,266.88,267.97,3745984.0
1569369600,268.4,270.13,267.42,269.58,3413791.0
1569456000,270.01,270.01,267.9,268.88,2406636.0
1569542400,269.58,269.97,267.0,267.99,3172209.0
1569801600,268.51,269.83,268.51,269.18,2132213.0
1569888000,269.76,270.29,265.45,265.5,3568373.0
1569974400,264.06,264.06,259.5739,260.72,7035988.0
1570060800,260.31,262.03,257.38,262.01,5684506.0
1570147200,262.88,265.85,262.72,265.66,3229515.0
1570406400,264.92,266.5,264.1851,264.74,2343319.0
1570492800,262.64,264.21,261.35,261.58,3943473.0
1570579200,263.44,264.24,262.48,263.43,2064206.0
1570665600,263.23,266.0289,263.11,265.01,2430485.0
1570752000,267.77,270.14,267.62,268.16,4186362.0
1571011200,267.6,268.73,267.4352,267.86,1212897.0
1571097600,269.12,271.19,268.86,270.22,3181257.0
1571184000,269.79,270.56,269.4,270.08,2419453.0
1571270400,270.67,271.15,269.71,270.38,1894478.0
1571356800,269.61,275.0,267.62,267.64,2241257.0
1571616000,268.06,268.37,267.4,268.21,1384108.0
1571702400,268.48,269.38,267.76,267.82,2546297.0
1571788800,268.12,268.9,267.36,268.24,1702903.0
1571875200,269.02,269.12,267.06,267.98,1846919.0
1571961600,267.72,270.12,267.625,269.6,1825533.0
1572220800,270.78,271.58,270.1868,270.81,1813273.0
1572307200,270.47,271.6,270.31,270.87,2885958.0
1572393600,270.87,271.99,269.88,271.74,2146834.0
1572480000,271.57,271.66,269.07,270.48,3024439.0
1572566400,271.86,273.34,271.69,273.34,2989672.0
1572825600,274.73,275.05,273.96,274.55,1574198.0
1572912000,275.08,275.51,274.43,274.81,1712906.0
1572998400,275.02,275.21,273.99,274.8,1607540.0
1573084800,276.5567,278.05,276.5567,277.05,3029454.0
1573171200,277.16,277.24,276.05,277.07,1512713.0
1573430400,275.79,277.41,275.39,277.16,1731935.0
1573516800,277.43,277.99,276.64,277.29,1695664.0
1573603200,276.34,278.4,276.17,278.05,2599747.0
1573689600,277.88,278.32,277.09,278.23,1586544.0
1573776000,278.87,279.95,278.495,279.94,2363768.0
1574035200,279.76,280.36,279.61,280.27,1793881.0
1574121600,280.83,280.84,278.87,279.33,1931159.0
1574208000,278.64,278.9,276.72,278.2,2468704.0
1574294400,278.33,278.42,277.16,277.72,1383484.0
1574380800,278.38,279.03,277.7901,278.86,1419523.0
1574640000,279.68,280.81,279.64,280.8,1815534.0
1574726400,281.07,281.58,280.6053,281.36,1305783.0
1574812800,281.61,281.91,281.01,281.91,1790471.0
1574985600,281.3,281.57,280.84,280.95,811888.0
1575244800,281.45,281.49,278.2,278.2,2552515.0
1575331200,275.43,275.64,273.62,275.51,3837952.0
1575417600,277.0,277.76,276.61,277.05,1932368.0
1575504000,277.86,277.86,276.1514,277.36,1455896.0
1575590400,279.45,280.94,279.3881,280.7,2686913.0
1575849600,280.44,280.72,279.697,279.76,1469588.0
1575936000,279.69,280.14,278.63,279.46,1408673.0
1576022400,279.13,279.9,278.65,279.72,1923604.0
1576108800,279.52,282.95,279.24,281.95,3791831.0
1576195200,281.93,283.61,281.0,282.11,3066885.0
1576454400,282.93,284.11,282.93,283.07,2120679.0
1576540800,283.19,284.0,282.91,283.4,1698149.0
1576627200,283.79,283.91,283.15,283.21,1606536.0
1576713600,283.65,284.54,283.5701,284.46,1816492.0
1576800000,284.76,285.0584,284.32,284.46,3638299.0
1577059200,285.34,285.66,285.15,285.33,2566018.0
1577145600,285.63,285.63,284.87,285.01,611593.0
1577318400,285.23,286.1,285.2,286.06,933330.0
1577404800,286.83,286.85,285.9,286.33,1930421.0
1577664000,286.34,286.41,284.1184,284.53,2556317.0
1577750400,283.91,285.31,283.56,285.1,1342339.0
1577923200,286.44,288.63,286.15,288.62,3871798.0
1578009600,285.34,287.11,285.18,286.32,3296709.0
1578268800,284.29,287.03,284.16,286.98,1648682.0
1578355200,286.3,286.7873,285.58,285.74,1526173.0
1578441600,285.32,288.67,285.0825,287.4,3138656.0
1578528000,288.95,289.84,288.43,289.56,1790626.0
1578614400,289.96,290.043,287.84,288.24,2989819.0
1578873600,288.79,289.08,288.14,289.02,1471574.0
1578960000,288.87,290.49,288.72,289.22,2202118.0
1579046400,289.01,291.242,288.9527,290.35,2195108.0
1579132800,291.63,292.97,291.47,292.93,2522044.0
1579219200,293.52,293.61,292.79,293.27,2147389.0
1579564800,292.44,293.28,291.37,291.83,4476910.0
1579651200,292.5,293.0693,291.58,291.81,2077014.0
1579737600,290.75,291.86,289.6,291.54,1872554.0
1579824000,292.54,292.77,288.34,289.8,3612534.0
1580083200,284.85,286.645,283.86,285.36,4129077.0
1580169600,286.22,288.19,285.75,287.29,2999200.0
1580256000,288.99,289.28,287.2139,287.29,2137029.0
1580342400,285.67,288.77,284.85,288.54,3433177.0
1580428800,286.96,287.23,281.61,282.42,4885660.0
1580688000,283.69,286.26,283.5006,283.98,3169335.0
1580774400,287.68,289.0,287.4238,288.04,3004116.0
1580860800,290.76,293.04,289.95,292.86,3305903.0
1580947200,294.02,294.14,292.45,293.74,2857207.0
1581033600,292.76,292.81,290.66,291.19,3839279.0
1581292800,290.2,292.96,290.16,292.95,2877674.0
1581379200,294.35,294.42,292.28,292.94,1994456.0
1581465600,294.63,295.87,294.53,295.72,2804383.0
1581552000,294.39,295.84,293.92,294.82,2637966.0
1581638400,294.97,295.13,293.4,294.54,1861714.0
1581984000,293.15,293.88,291.76,292.95,2414999.0
1582070400,293.77,294.72,293.385,294.1,1474385.0
1582156800,293.56,294.2925,290.17,292.78,3493860.0
1582243200,290.8,291.05,288.75,289.74,3272935.0
1582502400,280.33,282.7799,278.97,279.56,6595237.0
1582588800,280.8,281.36,269.8835,270.7,9903677.0
1582675200,271.99,275.31,268.83,269.74,7514831.0
1582761600,264.86,267.73,257.39,257.5,11188870.0
1582848000,250.52,255.12,247.0,254.56,17555120.0
1583107200,256.71,267.25,254.06,267.03,8544492.0
1583193600,267.8,271.02,257.18,259.3,11482600.0
1583280000,265.45,271.11,262.96,270.89,5408059.0
1583366400,264.27,266.5299,259.56,261.46,5872852.0
1583452800,253.67,260.1,252.43,258.85,7372397.0
1583712000,241.5,247.0714,237.1701,238.72,10406910.0
1583798400,247.29,250.54,237.09,250.47,9407066.0
1583884800,243.54,244.91,233.6,235.84,7732616.0
1583971200,220.5,229.0,211.83,212.11,17322590.0
1584057600,225.65,232.48,213.2946,232.11,13676020.0
1584316800,206.5,218.31,201.51,202.49,12407030.0
1584403200,207.01,214.47,199.35,213.47,16128070.0
1584489600,199.07,205.44,189.67,199.39,13369840.0
1584576000,198.37,204.98,192.32,201.31,13532070.0
1584662400,203.29,205.29,191.0,191.9,12205980.0
1584921600,190.13,191.2,182.1,186.13,15712330.0
1585008000,196.27,207.21,196.205,206.64,14123620.0
1585094400,210.57,220.17,205.32,212.06,17556070.0
1585180800,214.43,225.87,214.01,225.07,16071890.0
1585267200,217.61,223.26,214.57,216.35,10545570.0
1585526400,217.36,223.72,215.1,223.1,7691810.0
1585612800,221.95,224.75,218.44,219.23,8426574.0
1585699200,210.65,214.78,207.767,209.38,8570347.0
1585785600,208.31,214.79,207.18,213.96,8231894.0
1585872000,212.73,214.55,208.69,210.6,6664520.0
1586131200,218.95,227.91,218.12,226.53,10322480.0
1586217600,235.46,236.16,226.45,226.6,10857730.0
1586304000,229.14,235.25,226.84,234.33,7010161.0
1586390400,237.84,240.19,235.105,237.14,9418378.0
1586736000,236.41,236.69,230.96,233.96,6761902.0
1586822400,238.7,240.47,236.88,239.68,5391925.0
1586908800,234.48,236.58,232.3908,235.08,6828004.0
1586995200,235.7,236.06,232.18,235.34,6126358.0
1587081600,241.6,242.6598,238.25,242.43,5924520.0
1587340800,238.24,241.11,236.26,236.64,7357417.0
1587427200,231.33,233.34,229.41,230.22,6571408.0
1587513600,234.4,236.27,233.39,234.77,4323892.0
1587600000,235.51,238.92,234.83,235.07,6364822.0
1587686400,236.61,238.33,234.2,237.83,3572511.0
1587945600,239.12,242.19,238.45,241.32,3632509.0
1588032000,245.01,245.16,240.36,241.09,4709897.0
1588118400,245.48,247.665,244.2,246.45,5015346.0
1588204800,244.2,245.17,241.91,243.22,4928857.0
1588291200,239.58,240.33,236.5,237.28,4723466.0
1588550400,235.21,237.7497,233.64,237.42,3845484.0
1588636800,240.02,241.735,238.7,238.8,3143506.0
1588723200,240.34,240.54,236.6017,236.86,3082265.0
1588809600,239.24,241.18,238.55,238.91,3411516.0
1588896000,242.27,243.8,241.34,243.62,3904446.0
1589155200,241.68,243.94,241.0,242.56,2742952.0
1589241600,243.81,244.14,237.94,238.08,6433919.0
1589328000,236.96,237.5,231.0233,232.82,7531319.0
1589414400,230.08,236.76,228.3,236.75,6964490.0
1589500800,234.16,237.25,233.41,236.91,4811095.0
1589760000,243.51,247.2,243.361,245.93,5234302.0
1589846400,245.45,246.02,242.07,242.22,4404718.0
1589932800,245.4,246.58,244.73,245.73,3280550.0
1590019200,245.55,247.38,243.88,245.02,3378211.0
1590105600,244.91,245.1,243.17,244.88,2521101.0
1590451200,250.84,252.02,249.88,250.25,4872320.0
1590537600,253.73,255.79,250.33,255.77,5326092.0
1590624000,257.87,257.94,253.8877,254.35,4971255.0
1590710400,253.27,255.32,250.68,254.29,5132697.0
1590969600,253.78,255.55,252.7,255.27,2079746.0
1591056000,256.55,257.92,255.71,257.85,3045777.0
1591142400,260.35,264.0,259.66,263.17,5184539.0
1591228800,262.37,264.43,261.385,263.33,3937053.0
1591315200,270.4,273.95,269.79,271.54,7866818.0
1591574400,272.9,276.38,272.9,276.28,4667603.0
1591660800,273.24,275.02,272.13,273.38,4632645.0
1591747200,273.2,274.1799,270.01,270.46,6531248.0
1591833600,262.14,263.51,251.3801,252.03,14257750.0
1591920000,259.0,260.32,251.43,256.74,9817238.0
1592179200,250.29,259.6,249.1,258.35,7421335.0
1592265600,267.09,267.14,258.69,263.82,9238017.0
1592352000,264.61,264.7,261.26,261.82,3669349.0
1592438400,260.04,262.26,259.11,261.45,3268725.0
1592524800,264.21,264.46,257.61,258.8,5852615.0
1592784000,257.88,260.58,256.68,260.32,2823468.0
1592870400,262.83,263.15,261.02,261.5,2948032.0
1592956800,259.22,259.52,252.94,254.63,5903533.0
1593043200,253.34,257.7125,252.06,257.44,4312300.0
1593129600,255.65,256.0543,249.7,250.38,5331447.0
1593388800,252.18,256.12,250.95,255.91,3759039.0
1593475200,255.07,259.05,254.7226,257.87,3667863.0
1593561600,258.87,260.2563,257.14,257.31,3575294.0
1593648000,261.15,262.17,257.88,258.42,3829965.0
1593993600,262.16,263.14,260.87,263.0,2989142.0
1594080000,261.1,261.85,258.78,259.04,2828663.0
1594166400,259.64,261.19,258.25,260.72,2837849.0
1594252800,260.87,261.189,255.35,257.24,3995584.0
1594339200,257.2,261.16,256.46,260.82,3110122.0
1594598400,263.06,266.52,260.58,261.04,4875970.0
1594684800,260.54,267.05,260.1,266.59,7614334.0
1594771200,270.47,270.54,267.05,268.91,5220604.0
1594857600,267.16,268.93,266.02,267.47,2478069.0
1594944000,267.95,268.07,266.17,266.74,3415083.0
1595203200,266.39,267.64,265.03,266.82,4017368.0
1595289600,268.82,270.27,267.65,268.34,3179711.0
1595376000,267.82,270.35,267.77,269.98,2039285.0
1595462400,269.64,269.78,265.62,266.69,2838003.0
1595548800,265.15,266.3399,264.05,264.69,2637694.0
1595808000,264.77,266.31,264.35,265.95,2637853.0
1595894400,264.92,265.61,263.63,263.93,1989345.0
1595980800,264.19,266.07,263.8,265.5,1917868.0
1596067200,262.48,263.82,259.941,263.28,3055612.0
1596153600,263.76,264.49,260.18,264.35,3317252.0
1596412800,265.67,267.15,265.35,266.72,2570812.0
1596499200,266.29,268.42,266.03,268.41,1909762.0
1596585600,269.99,272.27,269.9,272.0,2133451.0
1596672000,271.63,274.03,271.57,273.9,1948108.0
1596758400,273.23,274.82,272.475,274.62,2311296.0
1597017600,275.51,278.28,275.48,278.14,2313886.0
1597104000,280.9,281.78,276.47,277.19,4546407.0
1597190400,279.84,280.74,278.72,280.04,2650851.0
1597276800,279.13,280.22,278.2262,279.42,1668346.0
1597363200,278.23,280.1599,277.9,279.8,2247041.0
1597622400,280.14,280.25,278.5,278.95,2436887.0
1597708800,279.1,279.37,277.11,278.2,1678320.0
1597795200,278.68,279.74,276.97,277.43,3374281.0
1597881600,276.04,278.34,275.87,277.87,2063727.0
1597968000,277.04,279.61,276.86,279.29,2601159.0
1598227200,281.72,283.25,280.47,283.18,2622765.0
1598313600,284.23,284.23,281.02,282.62,3346049.0
1598400000,282.61,283.61,281.57,283.43,2647495.0
1598486400,284.44,286.45,283.68,285.04,3432795.0
1598572800,286.23,287.45,285.0,286.7,2715534.0
1598832000,286.26,286.34,283.8919,284.28,4070137.0
1598918400,283.73,286.93,283.17,286.79,3036302.0
1599004800,288.08,292.06,287.6,291.21,3464294.0
1599091200,290.97,292.36,281.1,283.34,6118525.0
1599177600,284.91,285.79,277.01,281.77,7145822.0
1599523200,278.82,278.83,275.0105,275.42,4780144.0
1599609600,278.09,282.49,277.39,279.85,3488892.0
1599696000,281.13,282.17,274.85,275.79,3455758.0
1599782400,276.95,278.82,274.96,277.09,2787455.0
1600041600,278.92,281.43,278.6721,280.53,2371734.0
1600128000,282.42,282.9,279.88,280.58,2331755.0
1600214400,281.54,284.2334,280.7803,281.03,2668303.0
1600300800,277.69,281.15,277.09,279.57,3305288.0
1600387200,279.02,279.4,274.7731,276.52,3156714.0
1600646400,271.58,272.17,267.05,271.44,5936941.0
1600732800,271.67,273.24,269.79,272.81,3169838.0
1600819200,274.18,274.59,267.08,267.58,3575918.0
1600905600,266.86,270.8777,265.27,268.1,4432082.0
1600992000,266.76,272.31,266.23,271.7,3606821.0
1601251200,275.26,277.12,274.72,275.9,2790187.0
1601337600,275.6,275.98,273.29,274.42,1980155.0
1601424000,275.0,280.17,275.0,277.5,4028462.0
1601510400,279.33,280.35,276.57,278.14,2967993.0
1601596800,274.17,278.51,273.6,276.8,4771602.0
1601856000,278.79,281.59,278.75,281.51,1862496.0
1601942400,282.54,283.52,277.24,277.72,4364415.0
1602028800,280.28,283.67,280.23,282.92,2422621.0
1602115200,284.52,284.68,282.69,284.29,2147964.0
1602201600,285.61,286.81,284.41,285.93,2549141.0
1602460800,286.95,289.61,286.68,288.46,2534786.0
1602547200,287.66,288.1099,286.02,286.74,2430643.0
1602633600,287.22,287.95,284.58,285.13,2269823.0
1602720000,282.03,285.4,281.66,285.04,3134929.0
1602806400,286.24,288.37,285.89,285.97,2412674.0
1603065600,286.64,287.06,281.28,282.03,2837641.0
1603152000,283.16,285.66,282.25,282.95,3338994.0
1603238400,282.54,284.47,281.83,281.97,2907083.0
1603324800,282.1,284.16,280.3001,283.65,2324172.0
1603411200,284.45,284.54,281.51,283.34,2161005.0
1603670400,280.14,280.39,273.7,277.0,5140625.0
1603756800,276.95,277.07,274.6,274.66,3029773.0
1603843200,269.0,270.75,265.02,265.48,5815157.0
1603929600,265.13,268.94,262.81,266.59,5479384.0
1604016000,265.03,266.32,261.41,265.06,5278983.0
1604275200,268.9,270.5,266.93,269.2,5062870.0
1604361600,272.66,276.43,272.2,274.65,4343013.0
1604448000,275.9,283.06,275.5601,278.51,6766381.0
1604534400,282.29,284.9599,282.07,283.91,4316166.0
1604620800,283.95,284.38,281.89,283.22,3078245.0
1604880000,298.61,299.49,291.39,291.72,10839330.0
1604966400,293.3,294.96,291.4,294.51,4354521.0
1605052800,296.07,296.14,292.93,294.11,2910419.0
1605139200,292.22,293.32,289.19,291.05,4401456.0
1605225600,292.97,295.9235,292.42,295.15,3102834.0
1605484800,299.28,300.08,297.568,299.98,4615039.0
1605571200,297.31,299.15,295.6,298.31,4049164.0
1605657600,299.2,299.75,294.76,294.76,3566443.0
1605744000,294.06,295.81,292.9,295.33,3266622.0
1605830400,294.22,294.5895,292.2,292.53,3092546.0
1606089600,294.26,296.65,293.48,295.89,2855621.0
1606176000,298.94,301.11,298.3,300.43,4022685.0
1606262400,299.95,300.04,298.05,298.74,2629180.0
1606435200,299.44,300.2,298.1701,299.24,1518004.0
1606694400,297.52,297.8,294.75,296.62,4159303.0
1606780800,299.73,301.0099,298.18,298.44,2865731.0
1606867200,297.1,299.34,296.35,299.18,2481696.0
1606953600,299.38,301.4,299.0531,300.06,3140866.0
1607040000,300.74,302.59,300.6,302.59,2747275.0
1607299200,301.77,302.16,300.0,301.1,2589937.0
1607385600,300.01,302.87,299.98,302.2,2205376.0
1607472000,303.22,303.6,299.97,300.88,3074513.0
1607558400,299.99,301.15,299.2,300.54,2413039.0
1607644800,299.43,301.18,298.68,300.93,2454313.0
1607904000,303.02,303.799,299.0,299.1,3646063.0
1607990400,300.95,302.94,299.48,302.62,4228573.0
1608076800,302.54,302.8721,301.32,302.15,1977342.0
1608163200,303.217,303.71,302.85,303.49,3002872.0
1608249600,303.07,303.14,300.23,301.9,4442136.0
1608508800,298.79,302.97,297.42,302.14,6340751.0
1608595200,301.84,301.88,299.8597,300.07,2723542.0
1608681600,301.2,302.7899,301.14,301.28,2714356.0
1608768000,301.66,302.1,300.93,302.02,1955723.0
1609113600,303.69,305.15,303.3517,304.0,2382440.0
1609200000,305.43,305.7,302.64,303.46,2319636.0
1609286400,304.11,305.13,303.86,304.13,2081348.0
1609372800,304.0,306.29,303.35,305.79,2796979.0
1609718400,306.59,306.66,298.74,302.32,5106635.0
1609804800,301.93,305.05,301.38,303.84,3355243.0
1609891200,303.75,310.24,303.06,308.21,7290298.0
1609977600,309.72,311.98,309.059,310.5,4107942.0
1610064000,311.25,311.43,307.99,311.04,3234948.0
1610323200,308.49,311.0,308.42,310.17,2822095.0
1610409600,310.18,311.25,308.91,310.74,2290854.0
1610496000,310.63,311.6,309.92,310.63,1854424.0
1610582400,311.59,312.2683,309.89,310.05,3232381.0
1610668800,308.01,309.32,306.03,308.12,4009106.0
1611014400,310.36,310.74,308.6,309.32,2781746.0
1611100800,310.43,312.3385,309.94,311.77,2398402.0
1611187200,312.01,312.7098,311.2,311.87,1938431.0
1611273600,309.86,311.02,309.09,309.97,2049721.0
1611532800,308.99,309.78,305.62,309.65,4546419.0
1611619200,310.54,311.19,309.21,309.39,2256091.0
1611705600,306.54,306.7199,302.0971,303.26,5743141.0
1611792000,304.98,309.42,304.83,306.07,6392069.0
1611878400,303.92,304.78,298.59,299.81,5929934.0
1612137600,302.28,303.35,300.14,302.02,3138644.0
1612224000,304.54,308.43,304.52,306.82,3090522.0
1612310400,306.1,307.9353,305.18,307.26,2087820.0
1612396800,307.85,310.67,307.77,310.67,2638783.0
1612483200,312.36,312.55,310.87,311.54,1955606.0
1612742400,312.695,313.89,312.41,313.89,1690007.0
1612828800,313.26,314.5,312.57,313.92,1798748.0
1612915200,315.17,315.24,312.3,314.5,3048029.0
1613001600,315.09,315.76,312.8,314.68,1937081.0
1613088000,314.28,315.14,313.83,315.04,2479493.0
1613433600,316.33,316.54,314.8701,315.58,1836346.0
1613520000,314.69,316.91,313.87,316.6,2019115.0
1613606400,314.75,316.0,313.38,315.56,2618615.0
1613692800,315.61,316.34,314.58,314.92,2314939.0
1613952000,312.9,316.49,312.77,315.21,3003801.0
1614038400,314.77,316.49,311.6,315.39,5723426.0
1614124800,314.68,320.043,314.18,319.53,4290289.0
1614211200,319.714,319.92,312.96,313.98,7648597.0
1614297600,314.42,314.44,308.78,309.45,7925615.0
1614556800,313.48,316.92,313.45,315.59,4753274.0
1614643200,315.72,316.43,314.01,314.19,4075678.0
1614729600,313.94,315.87,312.83,312.99,5148051.0
1614816000,313.19,314.92,305.68,309.58,8577594.0
1614902400,312.5,316.05,307.9,315.24,7016121.0
1615161600,316.75,321.73,315.83,318.25,8230727.0
1615248000,319.47,321.77,318.44,318.61,5829913.0
1615334400,320.53,324.31,320.47,323.33,6472177.0
1615420800,324.71,326.97,323.83,325.33,5745916.0
1615507200,325.67,328.49,325.5,328.31,4257160.0
1615766400,329.18,330.24,326.8101,330.09,4465420.0
1615852800,329.85,330.0,328.32,328.86,3270599.0
1615939200,329.21,331.03,328.38,330.77,4338229.0
1616025600,330.3,332.86,328.77,329.36,5386239.0
1616112000,328.09,328.18,324.98,326.01,5628836.0
1616371200,325.55,327.98,325.03,327.24,3807558.0
1616457600,326.32,327.48,323.44,324.06,5068441.0
1616544000,325.28,327.73,324.08,324.08,6098982.0
1616630400,322.71,326.62,320.62,326.19,5557909.0
1616716800,327.6,330.89,326.68,330.61,4956562.0
1616976000,329.29,332.46,328.9,331.66,5200879.0
1617062400,331.05,331.6,329.78,330.82,4568829.0
1617148800,330.61,331.62,329.94,330.18,3763686.0
1617235200,330.78,331.6,329.72,331.45,5936080.0
1617580800,333.94,336.1521,333.91,335.2,5632673.0
1617667200,334.69,335.42,333.78,334.37,2987511.0
1617753600,334.14,335.17,333.44,334.37,2658526.0
1617840000,334.3,335.15,333.43,335.13,2664978.0
1617926400,335.72,338.08,335.36,337.86,3034682.0
1618185600,337.26,337.86,336.65,337.55,2951503.0
1618272000,336.63,337.42,335.49,336.79,3391673.0
1618358400,336.81,339.11,336.74,337.53,3966835.0
1618444800,338.83,340.72,338.83,340.44,3881795.0
1618531200,341.73,342.43,340.982,341.86,3748913.0
1618790400,341.07,341.31,339.65,340.75,3222821.0
1618876800,339.4,339.86,336.7507,338.12,3762864.0
1618963200,337.63,341.54,337.56,341.3,4191221.0
1619049600,341.12,341.21,337.0901,338.12,4962486.0
1619136000,337.75,341.59,337.13,340.43,3615382.0
1619395200,341.15,341.48,339.39,339.87,2090866.0
1619481600,339.6,340.425,338.695,339.83,2732683.0
1619568000,339.23,339.49,338.06,338.37,3025135.0
1619654400,339.89,340.86,337.37,340.57,3688409.0
1619740800,338.92,339.65,337.85,338.94,2909575.0
1620000000,340.79,342.18,340.5535,341.11,2698416.0
1620086400,339.99,341.53,337.62,341.49,4478302.0
1620172800,342.25,343.3,342.0,342.28,2075112.0
1620259200,342.93,345.64,341.91,345.51,4276661.0
1620345600,345.17,348.29,344.81,347.88,3526538.0
1620604800,349.26,351.0885,347.59,347.74,6092529.0
1620691200,344.99,345.22,340.89,342.91,8396433.0
1620777600,341.55,342.23,335.71,336.0,7034070.0
1620864000,336.3,342.04,336.27,340.45,5741302.0
1620950400,342.31,344.93,341.8817,344.26,4677297.0
1621209600,343.33,345.125,342.04,343.65,3253462.0
1621296000,343.85,344.5,340.87,341.11,3462332.0
1621382400,337.56,339.56,335.2,339.44,7223927.0
1621468800,339.74,342.94,339.34,341.52,4532808.0
1621555200,342.29,344.07,341.275,342.04,4480975.0
1621814400,343.37,344.69,343.05,343.96,2531776.0
1621900800,344.68,345.0,342.66,343.18,2623215.0
1621987200,343.56,344.1194,342.67,343.27,2064527.0
1622073600,345.35,346.16,343.87,344.6,3026179.0
1622160000,346.38,346.48,345.35,345.64,2642469.0
1622505600,348.54,348.65,345.6,345.87,2584285.0
1622592000,346.75,347.35,345.75,346.36,2576707.0
1622678400,344.608,346.96,343.56,346.02,4436384.0
1622764800,347.07,347.99,346.54,347.9,2594230.0
1623024000,348.5,348.54,346.02,346.59,2224299.0
1623110400,346.69,346.91,344.75,346.34,2748703.0
1623196800,346.538,346.88,344.69,344.79,2591194.0
1623283200,346.54,347.73,344.8,344.98,3089394.0
1623369600,346.03,346.5485,343.57,345.12,3003271.0
1623628800,344.83,344.87,342.47,344.3,2526962.0
1623715200,344.51,344.53,342.3701,343.41,2138494.0
1623801600,343.41,343.64,339.49,340.76,4031995.0
1623888000,340.56,341.28,336.62,338.65,5169081.0
1623974400,334.35,335.25,332.68,332.96,7126597.0
1624233600,335.26,339.0899,334.41,338.78,5435720.0
1624320000,338.73,340.41,337.45,339.45,4042104.0
1624406400,339.59,340.16,338.68,338.78,3082666.0
1624492800,340.67,342.3161,340.37,341.98,3704742.0
1624579200,343.69,344.98,343.0901,344.45,3638030.0
1624838400,344.33,344.42,341.82,342.8,3606313.0
1624924800,343.98,344.73,342.611,342.86,2375814.0
1625011200,342.38,345.51,342.35,344.95,3778882.0
1625097600,345.78,346.4,344.92,346.36,3606946.0
1625184000,347.04,348.29,346.18,347.94,3013489.0
1625529600,347.75,348.11,343.6,345.82,3910571.0
1625616000,345.65,347.14,344.4299,346.92,3347034.0
1625702400,342.56,345.0,341.53,344.38,6379929.0
1625788800,346.57,349.07,345.844,348.73,5063138.0
1626048000,348.01,350.29,347.37,350.03,3999772.0
1626134400,349.53,350.25,348.85,349.0,3310228.0
1626220800,350.19,350.69,348.36,349.41,3933330.0
1626307200,347.9,350.0,347.64,349.94,5082591.0
1626393600,350.72,350.74,346.34,346.74,5710392.0
1626652800,341.79,350.03,337.38,339.88,9715318.0
1626739200,340.29,346.12,339.75,345.08,5802181.0
1626825600,346.97,348.15,346.37,347.99,3056841.0
1626912000,347.77,348.81,346.68,348.26,2429252.0
1626998400,350.0,350.99,349.205,350.57,4142346.0
1627257600,350.0,351.45,349.49,351.41,2466576.0
1627344000,350.02,350.68,348.725,350.62,3902627.0
1627430400,351.02,351.23,348.71,349.36,3697738.0
1627516800,350.95,351.7086,350.38,350.82,2425671.0
1627603200,349.88,351.01,348.67,349.48,3576715.0
1627862400,350.45,351.91,348.06,348.35,2827133.0
1627948800,349.09,351.19,347.11,351.09,3819338.0
1628035200,349.59,350.08,347.88,347.99,3118464.0
1628121600,348.85,350.65,348.67,350.61,2261380.0
1628208000,351.62,352.49,351.46,352.09,2123737.0
1628467200,351.6,352.06,350.55,351.15,2322494.0
1628553600,351.41,352.94,351.01,352.73,2841009.0
1628640000,353.94,355.12,353.7,354.94,3422522.0
1628726400,355.19,355.25,353.735,355.23,3126880.0
1628812800,355.85,356.37,355.0,355.39,2414944.0
1629072000,354.41,356.6,352.66,356.57,3637866.0
1629158400,353.91,354.67,351.51,353.83,5019577.0
1629244800,352.62,354.04,349.89,350.12,4038003.0
1629331200,347.33,350.48,347.31,349.48,5442184.0
1629417600,348.98,351.75,348.53,351.16,3394759.0
1629676800,352.96,354.31,352.92,353.45,3569246.0
1629763200,354.08,354.49,353.62,353.74,1981376.0
1629849600,353.78,355.04,352.92,354.18,2434699.0
1629936000,354.47,355.0,352.07,352.16,3008937.0
1630022400,352.65,354.8496,352.65,354.57,3163666.0
1630281600,354.96,355.22,353.88,354.08,2481998.0
1630368000,353.8,354.802,353.18,353.92,2913829.0
1630454400,354.29,354.35,353.29,353.55,2739235.0
1630540800,354.78,355.18,353.92,354.87,2392219.0
1630627200,353.68,354.6517,353.09,354.14,2469109.0
1630972800,353.64,353.69,350.99,351.44,3168544.0
1631059200,350.82,352.17,349.64,350.73,3075726.0
1631145600,350.56,352.5084,348.9223,349.31,3484688.0
1631232000,351.25,351.66,346.57,346.7,4539038.0
1631491200,348.91,349.94,347.47,349.3,5439709.0
1631577600,350.4,350.57,345.705,346.47,3902220.0
1631664000,346.41,349.46,345.78,348.82,3267250.0
1631750400,348.91,350.08,346.0,348.18,3646002.0
1631836800,346.85,347.7,345.06,345.64,5380943.0
1632096000,340.22,342.16,335.99,339.4,10010550.0
1632182400,341.41,343.07,339.01,339.11,6071105.0
1632268800,341.16,344.329,340.44,342.5,6862699.0
1632355200,344.81,348.67,344.53,347.56,5592151.0
1632441600,346.5,348.43,346.31,347.87,3121582.0
1632700800,348.29,350.5,348.17,348.61,3425978.0
1632787200,347.31,347.82,342.41,342.92,7493792.0
1632873600,343.87,345.67,342.88,343.77,4116581.0
1632960000,345.08,345.44,338.11,338.29,7926020.0
1633046400,340.03,344.78,337.68,343.18,6219801.0
1633305600,342.61,344.03,338.07,340.01,7037745.0
1633392000,341.13,344.87,340.47,343.13,3826144.0
1633478400,340.48,344.2999,338.47,344.12,6276337.0
1633564800,346.87,349.7699,346.77,347.63,5310444.0
1633651200,347.92,348.46,346.58,347.53,3658277.0
1633910400,347.66,349.56,344.86,344.98,4098427.0
1633996800,345.49,346.0999,343.19,343.78,5100277.0
1634083200,343.95,344.56,341.12,343.89,4194168.0
1634169600,347.21,349.22,346.6,349.13,4482065.0
1634256000,351.65,353.08,350.9188,352.85,4206750.0
1634515200,351.34,353.13,350.245,352.5,3310629.0
1634601600,353.67,354.51,352.8,354.46,2380866.0
1634688000,354.51,356.58,354.37,356.03,2873781.0
1634774400,355.39,356.09,354.3,355.96,2243827.0
1634860800,355.97,357.62,355.32,356.74,3872278.0
1635120000,357.36,357.8916,356.29,357.55,2518214.0
1635206400,358.56,358.93,357.37,357.5,3182174.0
1635292800,358.09,358.3,354.96,354.98,3542133.0
1635379200,355.75,357.38,355.75,357.3,2490467.0
1635465600,356.65,358.52,356.391,358.23,2979629.0
1635724800,359.45,360.05,357.98,359.13,2548432.0
1635811200,359.41,360.88,358.79,360.57,2628974.0
1635897600,359.91,361.84,358.9,361.56,3557431.0
1635984000,361.34,361.65,359.87,361.35,3870860.0
1636070400,362.96,364.94,361.89,363.3,4489006.0
1636329600,365.06,365.64,363.33,364.32,3055958.0
1636416000,364.19,364.3,361.82,363.28,3680600.0
1636502400,362.52,363.73,360.2801,361.07,3529017.0
1636588800,361.19,361.26,359.38,359.46,2461200.0
1636675200,360.69,361.74,359.58,361.28,3099789.0
1636934400,362.6,362.73,360.67,361.24,2554951.0
1637020800,361.82,363.54,361.7,361.93,2728633.0
1637107200,361.44,361.58,359.54,359.85,2975958.0
1637193600,360.03,360.05,357.13,359.35,3443247.0
1637280000,357.89,357.89,355.38,355.91,3544043.0
1637539200,357.48,359.24,356.09,356.2,4935826.0
1637625600,356.28,358.37,355.34,358.02,5792629.0
1637712000,356.06,358.2,355.8,358.03,4246714.0
1637884800,350.33,351.46,347.36,349.02,9074951.0
1638144000,352.59,352.77,348.923,351.19,5242959.0
1638230400,348.7,350.01,344.36,344.9,9543521.0
1638316800,348.04,350.3775,340.32,340.46,8476602.0
1638403200,341.81,347.95,341.17,346.61,8326411.0
1638489600,347.86,348.5,343.08,346.24,11365330.0
1638748800,349.26,354.02,348.8262,352.82,7026475.0
1638835200,355.93,358.61,355.79,357.74,5271465.0
1638921600,358.17,358.87,356.42,357.99,3355590.0
1639008000,356.75,359.18,356.35,358.11,3774467.0
1639094400,359.59,360.33,357.61,360.23,3855226.0
1639353600,359.43,359.99,356.61,357.04,4563040.0
1639440000,355.71,358.41,354.97,356.17,4079652.0
1639526400,355.83,359.97,354.44,359.81,9274927.0
1639612800,361.27,362.51,358.31,359.44,9493714.0
1639699200,356.3,356.93,352.71,353.63,10641780.0
1639958400,349.38,349.64,346.541,349.27,7303444.0
1640044800,352.16,354.98,351.51,354.91,4693326.0
1640131200,354.95,357.56,354.17,357.39,2999520.0
1640217600,358.39,360.5,358.16,359.36,2655037.0
1640563200,360.06,362.96,359.7,362.92,2599809.0
1640649600,363.11,365.12,362.89,363.99,3058115.0
1640736000,363.9,365.64,363.79,364.84,3012202.0
1640822400,365.69,366.7205,363.6,364.07,2863233.0
1640908800,363.51,364.74,362.91,363.32,3133781.0
1641168000,364.34,365.85,362.3,365.68,5624133.0
1641254400,367.34,369.21,367.21,367.87,5462192.0
1641340800,367.71,369.4985,363.98,364.09,7638014.0
1641427200,364.11,364.65,361.96,362.39,7019832.0
1641513600,361.89,363.87,361.13,362.31,5806281.0
1641772800,361.07,361.22,356.44,360.79,8091815.0
1641859200,360.69,362.75,357.7,362.54,7310850.0
1641945600,363.73,364.56,361.67,362.95,4493155.0
1642032000,364.21,365.13,360.45,361.2,6418102.0
1642118400,358.21,359.8,356.4,359.14,8575412.0
1642464000,355.33,355.36,352.62,353.85,8173145.0
1642550400,354.91,355.55,350.21,350.35,7386469.0
1642636800,351.48,355.05,346.81,347.33,8968728.0
1642723200,347.09,348.85,342.14,342.35,16301610.0
1642982400,338.43,344.12,331.35,343.81,29719460.0
1643068800,340.26,345.79,335.34,342.96,18657850.0
1643155200,346.04,348.0,338.53,341.46,19047290.0
1643241600,344.4,347.6294,339.89,341.55,12854110.0
1643328000,341.86,347.18,337.9,347.11,12008870.0
1643587200,345.78,351.36,344.72,351.08,8379123.0
1643673600,351.66,354.27,349.68,353.94,7635973.0
1643760000,353.59,356.66,352.76,356.03,8856380.0
1643846400,354.82,355.22,350.58,350.98,9339872.0
1643932800,350.4,353.25,347.82,350.87,8532315.0
1644192000,351.26,353.16,349.83,350.9,4746182.0
1644278400,351.6,355.35,350.79,354.54,4568416.0
1644364800,357.35,358.1,356.66,357.67,4781723.0
1644451200,354.78,358.06,351.03,352.55,10298490.0
1644537600,352.46,354.42,346.23,347.29,8211455.0
1644796800,346.72,347.55,343.199,345.89,7315140.0
1644883200,348.93,350.755,348.35,350.22,4939762.0
1644969600,348.76,350.72,346.71,349.67,4496491.0
1645056000,347.43,347.71,342.86,343.68,4433540.0
1645142400,342.9,344.2,339.67,340.98,6193742.0
1645488000,338.79,340.26,333.58,336.01,7942677.0
1645574400,338.16,338.26,330.82,331.52,5732648.0
1645660800,322.82,332.74,322.685,332.34,14167070.0
1645747200,333.68,341.02,333.06,340.54,9496305.0
1646006400,335.95,339.8189,334.79,339.34,8217281.0
1646092800,337.27,339.02,331.33,333.16,8532868.0
1646179200,335.27,340.45,334.69,339.0,6836203.0
1646265600,340.71,342.09,336.6799,338.13,7790653.0
1646352000,334.61,336.865,332.8,336.47,6034028.0
1646611200,335.2,335.33,328.34,328.47,6590822.0
1646697600,328.49,334.4,326.06,326.53,8209822.0
1646784000,333.12,335.04,331.57,333.4,4669162.0
1646870400,329.32,332.85,328.68,332.11,3317366.0
1646956800,334.1,335.73,329.69,330.02,6923442.0
1647216000,331.75,334.6,328.79,330.07,5640611.0
1647302400,332.0,336.85,331.11,336.19,6648491.0
1647388800,339.19,341.42,334.54,341.36,9577061.0
1647475200,339.94,345.59,339.61,345.45,6032880.0
1647561600,343.62,347.44,342.65,347.19,5903890.0
1647820800,346.61,347.93,343.295,345.44,4329871.0
1647907200,347.12,348.7228,346.858,348.14,4430831.0
1647993600,345.75,346.44,343.3535,343.41,4098657.0
1648080000,344.49,347.06,343.4356,347.06,3550042.0
1648166400,347.8,349.32,346.19,348.54,3207531.0
1648425600,347.75,349.49,345.38,349.49,2962414.0
1648512000,352.66,353.71,350.125,352.97,4711808.0
1648598400,352.15,353.47,350.44,352.12,3909838.0
1648684800,351.07,351.57,346.76,346.83,3978913.0
1648771200,348.15,348.35,345.24,348.01,3560210.0
1649030400,347.64,349.28,346.03,349.24,3829885.0
1649116800,347.82,351.05,345.5,346.34,4331699.0
1649203200,343.59,346.06,342.7,344.75,5431293.0
1649289600,343.77,347.1,341.89,345.97,4599942.0
1649376000,345.71,349.12,344.65,347.37,4535880.0
1649635200,345.36,347.08,342.74,343.2,5344447.0
1649721600,344.41,346.75,341.0,342.22,4501423.0
1649808000,341.69,346.05,341.54,345.76,3604954.0
1649894400,346.71,348.73,344.245,344.29,4179594.0
1650240000,343.87,346.07,342.63,344.1,3938996.0
1650326400,344.29,349.74,344.25,349.12,4261175.0
1650412800,351.06,353.07,350.2801,351.53,5676962.0
1650499200,353.96,354.8783,347.18,347.71,5369607.0
1650585600,346.34,346.41,337.74,338.27,6855127.0
1650844800,336.45,341.08,333.2,340.56,6806588.0
1650931200,338.03,339.05,332.27,332.45,7619818.0
1651017600,333.88,337.0,331.075,333.03,6894376.0
1651104000,335.24,340.535,332.491,339.29,5976595.0
1651190400,337.62,339.225,329.1,329.69,6495649.0
1651449600,330.35,332.34,324.4601,330.74,9221719.0
1651536000,331.18,333.42,329.11,331.25,6051042.0
1651622400,331.8,341.17,330.2,340.59,10569670.0
1651708800,337.83,338.24,326.89,330.24,9101151.0
1651795200,327.74,330.65,324.75,329.07,10644200.0
1652054400,324.98,326.37,321.37,322.6,7817217.0
1652140800,326.5,327.61,319.06,321.83,7716509.0
1652227200,321.74,326.07,318.16,318.46,9374744.0
1652313600,316.6,319.43,312.53,317.64,6790822.0
1652400000,320.33,323.03,318.8478,322.23,4236731.0
1652659200,321.71,325.57,319.695,322.78,3692621.0
1652745600,326.83,327.37,323.46,327.1,3316843.0
1652832000,324.21,324.39,314.43,315.55,3659049.0
1652918400,312.12,316.345,310.83,313.18,3836689.0
1653004800,314.79,315.07,306.28,312.42,4653963.0
1653264000,315.32,319.6484,314.7817,318.84,4484636.0
1653350400,316.57,320.15,313.62,319.39,5260533.0
1653436800,317.98,322.54,317.45,321.28,4612843.0
1653523200,322.95,327.77,322.9,326.45,3270215.0
1653609600,327.05,332.13,326.82,332.07,2773115.0
1653955200,330.17,332.5457,327.66,330.2,4354032.0
1654041600,332.41,332.95,326.1,328.36,3721407.0
1654128000,328.55,332.78,325.36,332.77,3718751.0
1654214400,329.87,331.73,328.73,329.35,4150850.0
1654473600,331.59,332.74,328.53,329.45,1957646.0
1654560000,326.82,332.47,326.82,332.17,2424032.0
1654646400,330.56,331.925,328.5623,329.38,2032944.0
1654732800,328.16,329.99,323.0,323.0,2591478.0
1654819200,318.31,318.77,314.32,314.37,4484707.0
1655078400,307.5,309.62,304.16,305.58,6317234.0
1655164800,306.61,307.425,301.93,304.3,3723955.0
1655251200,306.4,310.68,302.26,307.23,7060907.0
1655337600,301.37,301.66,298.022,299.9,4943471.0
1655424000,298.27,301.5792,296.39,298.72,4737958.0
1655769600,303.08,306.47,302.62,305.29,3246541.0
1655856000,301.53,307.68,301.33,304.61,6361190.0
1655942400,305.67,307.06,302.78,306.74,3582611.0
1656028800,309.2,315.12,309.12,315.02,3314805.0
1656288000,315.4,315.89,313.38,314.36,1896472.0
1656374400,316.0,318.75,309.23,309.34,3030245.0
1656460800,310.4,311.48,308.83,310.05,2462832.0
1656547200,306.75,309.82,304.25,307.82,4117791.0
1656633600,307.4,311.31,304.77,310.85,3315014.0
1656979200,306.6,309.76,303.58,309.71,3767731.0
1657065600,310.0,312.29,307.94,310.41,2493272.0
1657152000,312.54,314.27,311.6112,313.95,2267512.0
1657238400,313.5,315.14,312.17,313.46,2094271.0
1657497600,311.66,313.74,311.17,311.7,2633170.0
1657584000,310.56,313.55,308.6,309.97,2805957.0
1657670400,306.19,309.94,305.11,307.75,3481167.0
1657756800,302.66,306.86,301.47,306.4,2893106.0
1657843200,310.81,312.78,309.15,312.66,3027542.0
1658102400,315.76,316.35,309.73,310.65,2344920.0
1658188800,313.07,318.4,312.66,318.11,3004908.0
1658275200,318.24,319.43,316.45,318.74,3243033.0
1658361600,317.63,320.46,315.38,320.41,2159793.0
1658448000,321.76,322.2,317.34,319.06,3264096.0
1658707200,320.07,320.39,318.25,319.96,4002541.0
1658793600,318.89,319.48,317.1,317.54,2101675.0
1658880000,318.88,323.44,318.04,322.01,3338124.0
1658966400,322.45,326.12,319.81,325.23,2688420.0
1659052800,325.5201,329.27,324.9231,328.66,3225635.0
1659312000,326.91,329.72,326.45,328.04,2745526.0
1659398400,326.97,327.78,323.9,324.04,5394567.0
1659484800,325.7,329.14,325.14,328.16,2564614.0
1659571200,327.69,328.36,326.55,327.36,2426392.0
1659657600,325.07,328.19,324.9298,327.97,2672438.0
1659916800,329.81,331.12,327.71,328.42,2530002.0
1660003200,328.28,328.94,327.19,327.91,1655102.0
1660089600,332.5973,333.83,331.9627,333.2,2934424.0
1660176000,335.82,336.8,333.18,333.71,2401597.0
1660262400,334.8,337.92,334.19,337.83,2606866.0
1660521600,336.11,339.85,336.06,339.37,1936450.0
1660608000,338.82,343.09,338.75,341.74,3897090.0
1660694400,339.67,342.06,338.7034,340.2,2960328.0
1660780800,340.2,341.0,338.97,340.58,1850925.0
1660867200,338.35,338.66,336.26,337.04,2010332.0
1661126400,333.11,333.52,330.16,330.76,2684482.0
1661212800,330.31,331.45,328.64,329.11,2897211.0
1661299200,328.93,331.03,328.33,329.86,2581683.0
1661385600,330.09,333.15,329.0,333.15,2498866.0
1661472000,333.49,333.67,322.82,322.93,4190969.0
1661731200,320.54,323.33,319.75,321.1,2896894.0
1661817600,322.09,322.17,316.57,318.04,2926264.0
1661904000,318.46,320.17,315.6,315.65,2981566.0
1661990400,314.29,317.25,312.7,317.06,3227960.0
1662076800,319.77,320.745,312.31,313.76,3826209.0
1662422400,314.55,315.2,310.93,312.2,3320402.0
1662508800,311.64,316.94,311.45,316.33,2520234.0
1662595200,314.69,318.4,313.68,318.24,3301094.0
1662681600,320.08,322.94,319.5001,322.28,2479262.0
1662940800,323.29,325.68,323.21,324.57,2486866.0
1663027200,318.8,319.59,310.83,311.73,4301167.0
1663113600,312.36,313.48,309.53,312.06,2868847.0
1663200000,311.63,313.52,309.53,310.36,3294627.0
1663286400,305.96,308.58,305.35,308.05,4070950.0
1663545600,305.37,310.19,305.29,310.15,2730018.0
1663632000,307.69,307.99,304.58,307.02,2822819.0
1663718400,308.52,310.27,301.72,301.81,5110654.0
1663804800,301.56,302.97,299.89,300.52,3492495.0
1663891200,297.82,298.0,292.395,295.86,4949293.0
1664150400,294.6,296.24,291.495,292.72,4143384.0
1664236800,294.78,296.53,289.5,291.3,3680981.0
1664323200,292.35,298.0272,291.05,296.73,3995690.0
1664409600,294.77,294.85,289.85,292.21,3351123.0
1664496000,291.21,293.46,287.04,287.3,3827178.0
1664755200,290.555,296.37,289.47,294.79,3457556.0
1664841600,298.61,303.18,298.4408,303.14,4163757.0
1664928000,299.73,304.55,298.8,302.79,2746927.0
1665014400,301.47,303.31,298.61,299.23,3081700.0
1665100800,296.73,296.89,291.435,292.97,3029301.0
1665360000,294.28,294.92,290.09,291.96,3154486.0
1665446400,291.18,296.135,290.7232,292.29,3849920.0
1665532800,292.46,294.57,291.37,292.16,4378740.0
1665619200,287.14,301.73,286.62,300.56,7389583.0
1665705600,302.54,304.3557,296.19,296.82,5527093.0
1665964800,300.89,303.21,299.98,302.06,3555723.0
1666051200,308.26,308.38,303.04,305.47,4685468.0
1666137600,304.34,306.65,302.29,304.35,2939760.0
1666224000,304.83,308.37,302.74,303.31,3574736.0
1666310400,303.08,311.2,302.01,310.88,5357237.0
1666569600,312.53,316.0001,311.6,315.05,4331651.0
1666656000,314.35,318.78,314.11,318.49,6024809.0
1666742400,317.98,321.72,317.77,318.38,5004116.0
1666828800,321.56,323.87,319.92,320.46,4262224.0
1666915200,321.77,328.89,321.46,328.58,5251394.0
1667174400,326.92,328.82,325.86,327.42,5128206.0
1667260800,329.37,329.8284,324.8,326.41,4376357.0
1667347200,325.46,330.75,321.32,321.36,7110318.0
1667433600,319.35,321.85,317.18,319.87,4112743.0
1667520000,323.61,326.1432,319.34,324.14,6263736.0
1667779200,325.14,328.95,324.15,328.42,4518306.0
1667865600,329.4714,333.5599,328.29,331.71,6349031.0
1667952000,329.71,330.87,324.961,325.34,4799249.0
1668038400,334.22,337.49,331.88,337.26,6002336.0
1668124800,337.9,338.37,334.14,337.79,5190697.0
1668384000,336.71,339.8704,335.564,335.77,3303299.0
1668470400,338.49,340.12,333.42,336.21,4824088.0
1668556800,335.67,337.25,335.55,336.07,3085454.0
1668643200,332.73,336.78,332.73,336.1,3465797.0
1668729600,337.46,338.15,335.26,337.37,3659103.0
1668988800,337.66,338.6457,335.5349,337.05,2304118.0
1669075200,338.89,341.12,338.39,340.96,4389436.0
1669161600,340.61,342.58,339.99,341.95,3108531.0
1669334400,342.09,343.795,342.03,343.52,1498294.0
1669593600,341.69,342.98,337.95,338.49,3095274.0
1669680000,337.93,339.37,336.61,338.48,2943615.0
1669766400,338.65,346.19,336.18,346.15,6940401.0
1669852800,346.75,346.76,341.69,344.41,5325874.0
1669939200,340.86,345.41,340.86,344.74,3736481.0
1670198400,342.45,343.305,339.03,340.03,3827240.0
1670284800,339.77,340.649,334.72,336.46,5516318.0
1670371200,336.14,338.33,335.54,336.44,3577139.0
1670457600,337.74,339.65,337.06,338.46,3278409.0
1670544000,337.67,339.11,335.2501,335.37,3815538.0
1670803200,336.14,340.65,336.06,340.62,5017318.0
1670889600,348.181,348.22,339.5,341.81,5274321.0
1670976000,341.78,344.66,337.64,340.22,5498435.0
1671062400,336.58,337.37,330.78,332.8,5871994.0
1671148800,329.29,330.5,326.445,328.97,6672188.0
1671408000,328.87,330.33,325.71,327.38,3709565.0
1671494400,327.59,329.8693,326.41,328.38,4721741.0
1671580800,331.541,334.3291,331.12,333.6,5086839.0
1671667200,331.5,331.85,325.65,330.26,4876882.0
1671753600,329.62,332.19,328.06,331.93,3997912.0
1672099200,332.34,333.82,330.57,332.37,3098871.0
1672185600,332.69,333.74,328.57,328.57,3102446.0
1672272000,330.53,332.85,330.125,332.06,2458825.0
1672358400,330.62,331.4,328.345,331.33,3881803.0
1672704000,332.42,333.8276,328.3536,331.22,3910724.0
1672790400,332.56,334.04,330.2,332.56,4137262.0
1672876800,330.97,331.15,328.1,329.22,4350093.0
1672963200,332.18,337.12,329.91,336.28,4800792.0
1673222400,337.69,339.41,334.92,335.29,3864019.0
1673308800,334.95,337.33,334.29,337.23,2277477.0
1673395200,338.4,339.806,337.13,339.76,3265765.0
1673481600,340.88,343.0,337.95,342.0,4332552.0
1673568000,339.16,343.49,339.11,343.04,3473423.0
1673913600,342.36,342.75,338.6304,339.16,3929658.0
1674000000,339.57,340.2,332.7,332.97,5164250.0
1674086400,331.06,332.455,329.965,330.63,3454233.0
1674172800,330.82,333.73,329.35,333.67,4120190.0
1674432000,334.69,337.75,333.05,336.17,3985295.0
1674518400,334.96,337.72,333.7,337.1,3360938.0
1674604800,334.24,337.64,332.55,337.32,4318605.0
1674691200,338.45,339.46,336.2,339.36,2930873.0
1674777600,339.4,341.535,338.16,339.61,2907380.0
1675036800,338.461,340.43,336.845,337.06,3032739.0
1675123200,337.6,340.86,336.51,340.83,2593457.0
1675209600,339.12,343.27,335.58,340.87,6175391.0
1675296000,341.51,341.51,338.01,340.43,5169417.0
1675382400,338.77,341.67,337.96,338.98,6504277.0
1675641600,337.65,339.56,336.69,338.48,2708370.0
1675728000,336.95,342.305,336.19,341.52,4969583.0
1675814400,340.37,341.46,338.84,339.42,2769515.0
1675900800,341.75,342.56,336.0604,337.08,3094735.0
1675987200,336.74,339.01,335.95,338.73,2523928.0
1676246400,338.88,342.56,338.88,342.55,2653949.0
1676332800,341.52,343.53,338.41,341.14,3501122.0
1676419200,339.46,341.67,338.63,341.66,1972454.0
1676505600,338.5,340.89,337.31,337.39,3229591.0
1676592000,335.72,338.43,335.08,338.29,3034169.0
1676937600,334.72,335.94,331.1,331.25,3142876.0
1677024000,331.75,332.43,329.45,330.52,2896384.0
1677110400,331.85,332.7499,327.98,331.67,5999610.0
1677196800,327.83,329.135,326.43,328.12,3764680.0
1677456000,330.73,331.98,328.2,329.06,2887324.0
1677542400,328.87,328.87,326.51,326.57,3155346.0
1677628800,326.04,327.82,325.3,327.0,3317538.0
1677715200,327.57,331.2,326.8,330.44,3049578.0
1677801600,331.52,334.43,330.415,334.21,3033470.0
1678060800,334.63,336.12,334.18,334.68,2641708.0
1678147200,334.67,334.92,328.72,328.87,5009229.0
1678233600,328.92,329.5,326.6,328.49,3169584.0
1678320000,329.72,330.44,322.4,323.08,4760947.0
1678406400,322.54,324.87,318.43,319.73,7741647.0
1678665600,316.76,323.17,316.66,318.82,6831617.0
1678752000,322.21,323.71,318.71,322.19,4760458.0
1678838400,316.9,319.8071,314.97,319.54,6518035.0
1678924800,317.66,323.57,316.43,323.25,6579400.0
1679011200,320.72,321.09,317.16,318.5,5314932.0
1679270400,319.33,322.75,319.33,322.3,4694954.0
1679356800,325.42,325.84,323.34,325.62,3527311.0
1679443200,325.65,327.56,320.06,320.18,4378682.0
1679529600,321.33,325.02,318.5,320.84,4772565.0
1679616000,319.45,322.46,317.9086,322.32,4485455.0
1679875200,324.59,325.57,323.3,324.31,3550881.0
1679961600,323.99,325.65,322.84,323.81,2536520.0
1680048000,326.58,327.1663,325.29,327.08,2531695.0
1680134400,328.88,328.95,326.72,328.48,2486955.0
1680220800,329.59,332.81,329.51,332.62,2837333.0
1680480000,333.59,336.25,333.51,335.91,3450686.0
1680566400,335.91,336.26,332.6301,333.94,2449871.0
1680652800,334.0,335.45,333.76,334.82,2566604.0
1680739200,334.35,335.31,333.28,334.9,2333279.0
1681084800,334.0,335.96,333.4327,335.96,2834213.0
1681171200,336.31,337.87,336.0148,336.9,2343093.0
1681257600,338.61,339.01,335.96,336.61,3363762.0
1681344000,337.07,340.58,336.07,340.37,3040854.0
1681430400,339.94,340.85,337.31,338.84,3107859.0
1681689600,339.12,339.93,337.99,339.92,2226394.0
1681776000,339.94,340.2224,337.9,339.8,2191052.0
1681862400,339.11,339.63,338.19,338.99,2854701.0
1681948800,337.43,338.85,336.85,337.95,2179345.0
1682035200,338.26,338.58,336.81,338.11,2470056.0
1682294400,337.91,338.91,337.21,338.75,2288791.0
1682380800,338.17,338.68,335.2,335.33,2745284.0
1682467200,335.6,336.46,332.31,332.95,3588409.0
1682553600,334.18,338.58,333.83,338.2,3066618.0
1682640000,337.19,341.04,337.13,341.03,3651116.0
1682899200,341.1,342.59,340.26,340.36,2296207.0
1682985600,339.94,340.0,334.31,336.87,3275791.0
1683072000,337.13,338.18,333.93,334.11,3924108.0
1683158400,333.28,333.59,329.37,331.33,3576752.0
1683244800,334.26,337.5,333.94,336.73,3542727.0
1683504000,337.17,337.39,335.09,336.22,1789925.0
1683590400,335.41,336.6785,335.15,335.77,1924858.0
1683676800,337.4,337.85,332.49,335.49,3365513.0
1683763200,333.74,333.87,331.47,333.33,2744652.0
1683849600,334.42,334.45,331.31,333.2,2636361.0
1684108800,333.51,334.26,331.86,333.77,2170988.0
1684195200,332.71,333.07,330.28,330.35,2269518.0
1684281600,332.14,335.17,330.89,334.61,3068819.0
1684368000,333.9,336.4399,332.75,336.06,3553511.0
1684454400,335.96,336.45,333.22,334.19,3706728.0
1684713600,334.12,335.145,332.02,332.9,2555074.0
1684800000,331.76,333.1,330.08,330.61,2526195.0
1684886400,330.0,330.24,327.48,328.01,2978319.0
1684972800,328.07,328.725,325.82,327.75,3499937.0
1685059200,328.13,331.62,327.92,330.84,3580042.0
1685404800,330.65,331.315,328.92,330.52,3474510.0
1685491200,329.45,330.17,327.7,329.52,3067553.0
1685577600,328.91,331.98,327.32,330.94,3081261.0
1685664000,333.24,338.5,333.11,338.07,5584697.0
1685923200,338.21,338.48,335.96,336.13,3415632.0
1686009600,336.03,336.74,334.47,336.17,2824865.0
1686096000,336.54,337.52,335.93,337.17,2739025.0
1686182400,337.23,339.26,336.75,338.81,2703939.0
1686268800,338.57,340.26,338.32,339.27,3164958.0
1686528000,339.74,341.3,339.23,341.17,2044604.0
1686614400,341.74,343.63,341.6,342.62,3259337.0
1686700800,341.39,342.04,338.3401,340.42,3765987.0
1686787200,340.35,345.58,340.18,344.77,4722543.0
1686873600,345.35,345.73,342.72,342.95,5576750.0
1687219200,341.3,341.61,339.0,340.46,3389014.0
1687305600,339.62,340.91,338.68,339.43,3050709.0
1687392000,338.94,339.93,338.24,339.34,2607943.0
1687478400,337.12,338.19,336.22,337.16,3721634.0
1687737600,336.8,338.08,335.95,337.14,2301911.0
1687824000,337.1,339.65,337.1,339.23,1778826.0
1687910400,338.73,338.94,337.43,338.63,2305022.0
1687996800,338.41,341.39,338.11,341.16,2902696.0
1688083200,343.22,344.58,342.76,343.85,3027462.0
1688342400,343.0,344.53,342.78,344.07,1698417.0
1688515200,342.38,343.74,342.25,342.81,2719386.0
1688601600,340.24,340.87,337.7,339.23,3742373.0
1688688000,337.97,340.4,337.19,337.43,2852239.0
1688947200,337.4,339.65,337.17,339.58,2560175.0
1689033600,340.74,342.92,339.9501,342.64,2483185.0
1689120000,344.91,345.9,343.15,343.63,4140170.0
1689206400,344.34,344.88,343.7,343.92,2472305.0
1689292800,345.71,345.92,344.51,345.17,3293437.0
1689552000,344.56,346.7,344.22,345.85,2862078.0
1689638400,345.65,349.91,345.25,349.58,4626598.0
1689724800,350.4,352.45,350.4,350.69,5864344.0
1689811200,351.45,353.89,351.35,352.43,4561348.0
1689897600,352.81,353.32,351.71,352.14,2971667.0
1690156800,352.71,354.57,352.53,354.07,3073712.0
1690243200,353.8,355.175,353.55,354.32,2548734.0
1690329600,353.14,356.28,353.12,355.25,3084734.0
1690416000,355.86,356.36,352.04,352.77,4771028.0
1690502400,354.51,355.55,353.4299,354.48,3219645.0
1690761600,354.57,355.6,354.19,355.57,2204747.0
1690848000,355.27,356.7,355.14,356.2,2589490.0
1690934400,354.48,355.2,352.11,352.74,5063656.0
1691020800,351.6,353.39,351.115,351.99,3311075.0
1691107200,353.12,354.96,350.195,350.65,4269365.0
1691366400,352.04,354.87,351.88,354.62,2390841.0
1691452800,352.42,353.35,349.921,353.02,3033619.0
1691539200,352.87,353.676,350.54,351.28,2873270.0
1691625600,353.15,355.92,351.19,351.89,4133509.0
1691712000,351.19,353.72,350.61,353.0,2602563.0
1691971200,352.73,353.5,351.77,353.21,3134119.0
1692057600,351.67,352.02,349.18,349.61,2818665.0
1692144000,349.3,351.52,347.71,347.77,3586802.0
1692230400,348.95,349.32,344.82,345.06,4804147.0
1692316800,342.95,345.91,342.68,345.12,3525368.0
1692576000,345.3,345.7201,342.49,344.67,3176471.0
1692662400,344.79,345.14,342.57,342.96,2816954.0
1692748800,343.53,345.3999,343.25,344.83,2605361.0
1692835200,344.32,346.97,340.97,341.03,3840818.0
1692921600,342.46,344.55,340.35,343.5,3868478.0
1693180800,345.21,346.67,344.5,345.71,2382720.0
1693267200,345.56,348.75,345.4,348.62,3107659.0
1693353600,349.1,350.73,348.52,349.4,2792868.0
1693440000,350.92,351.28,347.74,347.81,2901394.0
1693526400,349.93,350.36,347.75,348.98,2533213.0
1693872000,349.08,349.275,346.9,346.98,1906879.0
1693958400,346.45,346.51,343.4601,345.0,2748394.0
1694044800,344.46,346.239,344.345,345.69,2378610.0
1694131200,345.77,347.04,345.4785,346.51,1666272.0
1694390400,348.02,348.59,346.51,347.37,1723147.0
1694476800,346.64,349.3007,346.36,347.21,1813791.0
1694563200,347.56,348.51,345.82,346.55,2025242.0
1694649600,348.66,350.63,347.73,349.94,3489445.0
1694736000,348.26,348.85,345.6,346.14,3581669.0
1694995200,346.28,347.13,345.31,346.15,2122839.0
1695081600,345.47,345.81,342.98,345.07,2741934.0
1695168000,346.04,347.655,344.2,344.32,3413547.0
1695254400,343.17,343.65,340.47,340.58,3489616.0
1695340800,340.69,341.43,339.32,339.58,3376724.0
1695600000,338.73,340.07,337.69,339.98,3104718.0
1695686400,337.87,338.74,335.55,336.04,4657329.0
1695772800,336.88,337.15,332.93,335.43,4442227.0
1695859200,335.32,337.67,334.57,336.62,4053596.0
1695945600,338.78,338.83,333.91,334.95,3786535.0
1696204800,334.29,335.02,332.08,334.09,4192554.0
1696291200,332.84,333.88,329.0401,329.98,4871058.0
1696377600,330.13,331.46,328.605,330.99,4877148.0
1696464000,330.82,331.75,329.39,331.17,3172173.0
1696550400,330.35,335.64,328.48,334.1,4491275.0
1696809600,332.95,336.38,332.59,336.09,3756331.0
1696896000,337.2,339.005,336.03,337.45,3769439.0
1696982400,338.19,338.84,336.16,338.03,2773946.0
1697068800,338.77,338.77,334.57,336.27,3314958.0
1697155200,337.48,339.61,335.52,336.68,5156179.0
1697414400,338.77,340.91,338.41,339.89,3969257.0
1697500800,338.33,341.52,338.27,339.99,3777752.0
1697587200,339.74,339.97,336.0,336.63,4141227.0
1697673600,336.69,338.62,333.76,334.12,5201842.0
1697760000,333.38,334.23,331.13,331.19,3960811.0
1698019200,329.9,332.33,328.88,329.32,3898317.0
1698105600,331.0,332.7,329.85,331.44,3583946.0
1698192000,332.22,332.69,329.83,330.35,3836267.0
1698278400,330.16,331.015,327.36,327.82,4882581.0
1698364800,327.84,327.88,323.21,324.19,4757335.0
1698624000,326.39,330.02,326.37,329.23,4617188.0
1698710400,329.18,330.68,327.84,330.48,3645788.0
1698796800,330.92,333.36,330.1,332.68,4546185.0
1698883200,334.78,338.52,334.41,338.39,5356290.0
1698969600,340.12,341.615,339.39,340.61,4046874.0
1699228800,340.86,341.64,339.89,341.04,2765984.0
1699315200,340.73,342.07,340.3,341.54,2793667.0
1699401600,342.1,342.59,339.94,341.12,2787851.0
1699488000,342.01,342.05,338.77,339.11,3940744.0
1699574400,340.81,343.3,339.27,343.01,3268678.0
1699833600,342.38,344.3,342.23,343.57,2624538.0
1699920000,347.52,349.52,346.67,348.42,4815484.0
1700006400,349.29,350.78,348.98,350.27,3149383.0
1700092800,349.58,350.801,348.75,350.02,3848044.0
1700179200,349.78,350.22,348.73,349.43,2059642.0
1700438400,349.1,352.24,349.07,351.52,2905683.0
1700524800,351.11,351.21,350.36,350.82,1849505.0
1700611200,351.89,353.14,351.5,352.56,3487554.0
1700784000,353.16,353.95,353.04,353.8,1245089.0
1701043200,353.63,354.14,352.78,353.32,2532411.0
1701129600,353.49,355.14,353.09,354.11,2759614.0
1701216000,354.97,356.13,354.37,354.65,2736296.0
1701302400,356.71,360.18,356.45,360.0,4094295.0
1701388800,360.02,363.25,359.86,363.05,5852530.0
1701648000,361.15,362.95,361.02,362.64,4210952.0
1701734400,361.86,362.26,360.7001,361.91,5372664.0
1701820800,362.81,363.5508,360.83,361.22,5583698.0
1701907200,361.96,362.36,360.93,361.83,3295633.0
1701993600,361.76,363.68,361.38,363.12,2930386.0
1702252800,363.6,364.87,363.0,364.69,3673195.0
1702339200,365.41,366.68,364.43,366.41,3239554.0
1702425600,366.6,371.74,366.0,371.74,4304814.0
1702512000,372.71,373.67,371.26,373.33,5506997.0
1702598400,371.74,373.39,371.33,372.63,6948448.0
1702857600,373.29,373.87,372.76,372.98,3403210.0
1702944000,373.24,375.56,373.12,375.5,3749223.0
1703030400,374.67,376.34,370.61,370.8,4564730.0
1703116800,372.89,374.13,371.16,373.88,3837525.0
1703203200,373.64,375.31,372.58,373.8,3330672.0
1703548800,373.68,376.09,373.58,375.35,2217790.0
1703635200,375.1,376.79,374.75,376.56,3061156.0
1703721600,376.52,377.69,376.52,377.03,2620375.0
1703808000,376.95,377.46,375.27,376.87,3364544.0
1704153600,374.8,377.815,374.8,377.09,5776310.0
1704240000,375.57,376.12,373.9,374.21,6393601.0
1704326400,374.84,377.22,374.4,374.54,4251858.0
1704412800,374.43,376.25,373.21,374.64,5381678.0
1704672000,373.4,376.97,372.47,376.84,4604945.0
1704758400,374.8,375.6,373.75,375.18,3230886.0
1704844800,375.55,377.47,375.29,376.95,2718694.0
1704931200,377.77,378.12,374.25,377.17,4095747.0
1705017600,377.48,378.25,374.73,375.91,3816872.0
1705363200,374.97,375.53,372.04,373.66,4471566.0
1705449600,371.75,373.7479,371.335,372.72,4360951.0
1705536000,372.23,375.33,371.36,374.81,3953372.0
1705622400,375.78,379.37,374.46,378.6,5218621.0
1705881600,379.69,381.08,379.08,380.07,5433385.0
1705968000,379.36,379.8499,377.98,379.04,3110079.0
1706054400,380.21,380.62,377.94,378.09,3967156.0
1706140800,379.07,380.56,377.92,380.48,3539123.0
1706227200,379.98,382.1318,379.95,381.09,3220960.0
1706486400,381.0,383.41,380.54,383.31,2730922.0
1706572800,382.82,384.95,382.49,384.49,2747880.0
1706659200,385.21,385.82,381.34,381.37,4476649.0
1706745600,381.4,385.15,380.97,385.1,3652450.0
1706832000,383.99,387.78,383.24,386.42,3344981.0
1707091200,385.99,385.99,382.12,383.58,3761593.0
1707177600,383.92,385.3739,383.5,385.08,2507834.0
1707264000,386.39,387.45,385.65,386.67,2797604.0
1707350400,387.47,387.6638,385.51,387.35,2549757.0
1707436800,387.19,387.5,385.755,386.72,3526260.0
1707696000,386.49,389.41,386.44,388.11,2412247.0
1707782400,385.07,385.16,380.46,382.82,5325289.0
1707868800,384.0,384.55,382.07,384.29,3465188.0
1707955200,385.19,388.33,384.88,388.25,3497179.0
1708041600,387.17,388.25,385.7,386.19,3772479.0
1708387200,385.51,386.57,384.54,385.69,3295719.0
1708473600,384.96,386.17,383.32,386.05,3031592.0
1708560000,388.36,391.47,387.91,390.54,4990678.0
1708646400,391.77,392.84,390.92,391.28,3451571.0
1708905600,391.45,392.41,390.235,390.71,1914059.0
1708992000,390.36,390.45,388.75,389.66,2370879.0
1709078400,387.94,389.739,387.6,389.6,3313885.0
1709164800,390.69,391.11,388.45,389.95,3026854.0
1709251200,389.85,391.61,388.88,391.31,3857487.0
1709510400,389.35,391.25,389.35,390.23,3048456.0
1709596800,388.99,389.29,384.92,386.19,4132398.0
1709683200,388.49,389.13,386.13,387.18,3039053.0
1709769600,389.07,389.72,387.83,388.45,2965692.0
1709856000,388.24,390.42,387.71,387.99,4256891.0
1710115200,386.92,388.65,385.5,388.42,3395968.0
1710201600,389.24,391.44,387.84,390.79,3275827.0
1710288000,391.69,392.79,390.06,391.22,2788710.0
1710374400,392.17,392.41,387.835,390.07,4471889.0
1710460800,387.74,389.26,386.04,387.0,4372282.0
1710720000,388.35,388.86,387.48,387.73,2060609.0
1710806400,388.16,391.09,387.47,390.9,3303843.0
1710892800,390.15,395.22,389.89,394.99,4823857.0
1710979200,396.31,398.82,395.81,397.75,4348433.0
1711065600,397.76,398.06,394.49,394.53,3156077.0
1711324800,393.92,394.15,392.82,392.95,2535639.0
1711411200,393.68,394.2699,392.63,392.85,3395400.0
1711497600,395.0,397.58,394.47,397.56,4427305.0
1711584000,398.06,398.56,397.04,397.76,3154954.0
1711929600,397.82,398.05,394.73,395.33,3825242.0
1712016000,391.97,392.14,390.28,391.63,4034859.0
1712102400,391.68,392.92,389.99,391.26,3547020.0
1712188800,394.03,394.24,385.6,386.02,5041177.0
1712275200,386.35,390.45,386.08,388.86,4423450.0
1712534400,389.05,390.14,388.57,389.1,2431263.0
1712620800,389.62,389.98,385.73,388.84,4004661.0
1712707200,384.92,385.97,383.03,384.51,5173092.0
1712793600,385.47,386.08,382.0,384.54,3972750.0
1712880000,382.31,382.93,378.81,379.87,5305137.0
1713139200,383.33,383.82,376.6,377.31,4870703.0
1713225600,379.74,379.93,377.04,377.98,4383476.0
1713312000,379.21,380.19,376.14,377.45,4584927.0
1713398400,379.05,380.93,376.85,377.84,4579224.0
1713484800,378.69,381.03,377.92,379.8,5078592.0
1713744000,381.73,384.44,379.81,382.37,4128981.0
1713830400,383.69,385.59,382.91,385.02,3126359.0
1713916800,384.87,385.4657,383.0201,384.44,3575814.0
1714003200,379.79,381.55,377.48,380.92,4682844.0
1714089600,380.75,383.34,380.53,382.31,4252374.0
1714348800,383.1,384.03,382.07,383.8,3265901.0
1714435200,382.46,382.749,378.08,378.13,3463622.0
1714521600,378.38,383.48,377.98,378.89,5731591.0
1714608000,381.15,382.91,378.9,382.23,3535552.0
1714694400,387.14,387.99,385.06,386.77,4471092.0
1714953600,388.32,388.74,386.83,388.45,2596106.0
1715040000,389.17,389.75,388.34,388.74,2428600.0
1715126400,388.34,390.91,388.19,390.48,2855082.0
1715212800,390.11,394.26,390.01,394.0,4141242.0
1715299200,395.25,395.8989,394.0958,395.18,3505595.0
1715558400,396.38,396.61,394.07,394.46,2635805.0
1715644800,394.54,396.245,393.81,395.58,2702732.0
1715731200,397.24,399.5,396.94,399.28,3421205.0
1715817600,399.75,400.995,399.13,399.21,2877239.0
1715904000,399.11,400.02,398.44,399.95,2703120.0
1716163200,399.77,400.72,397.8401,398.1,2094760.0
1716249600,398.32,399.06,397.7697,398.78,1618266.0
1716336000,397.95,398.8451,395.51,396.66,2647164.0
1716422400,397.06,397.09,390.25,390.66,3361204.0
1716508800,391.22,392.251,390.16,390.64,2072175.0
1716854400,389.81,390.22,387.02,388.6,2176119.0
1716940800,385.31,385.72,384.241,384.58,2714977.0
1717027200,381.37,382.4,380.41,381.48,4070361.0
1717113600,381.98,387.61,381.27,387.53,4748353.0
1717372800,387.87,387.89,382.93,386.24,3614283.0
1717459200,385.0,388.3783,384.54,387.51,2822456.0
1717545600,388.6,388.97,385.9699,388.53,2181357.0
1717632000,388.81,390.59,387.785,389.33,2241901.0
1717718400,388.88,391.62,387.89,388.49,1952036.0
1717977600,388.03,389.36,387.19,389.29,1382234.0
1718064000,387.66,388.2,384.8971,387.97,2522641.0
1718150400,391.58,391.91,386.69,387.69,3866703.0
1718236800,386.82,387.67,384.59,386.88,3136085.0
1718323200,384.62,386.54,383.63,386.46,2884306.0
1718582400,385.25,389.21,384.98,388.58,2025268.0
1718668800,388.91,390.19,388.02,389.14,1848654.0
1718841600,388.74,393.11,388.38,392.07,3588047.0
1718928000,391.67,392.47,390.46,391.34,2594616.0
1719187200,392.47,395.59,391.9,393.98,3096624.0
1719273600,393.56,394.1055,389.82,391.02,2923874.0
1719360000,390.09,391.73,389.01,391.24,1501877.0
1719446400,390.61,392.39,390.156,391.56,1601054.0
1719532800,391.37,394.3199,389.2,391.13,3624358.0
1719792000,392.08,394.29,390.26,391.46,2536492.0
1719878400,390.79,393.29,390.69,393.29,1711557.0
1719964800,393.73,394.055,392.1401,392.83,2319124.0
1720137600,393.19,394.0,391.65,393.7,2011070.0
1720396800,394.41,396.732,392.78,393.46,3374525.0
1720483200,393.22,395.04,391.47,392.94,3826722.0
1720569600,392.94,397.46,392.6303,397.26,4234313.0
1720656000,397.5,398.89,396.31,397.63,4027421.0
1720742400,398.86,402.69,398.12,400.32,4711778.0
1721001600,402.47,403.58,401.4,402.36,4433484.0
1721088000,403.86,409.985,403.85,409.66,6547601.0
1721174400,408.56,412.34,408.56,411.93,4490623.0
1721260800,410.68,413.86,406.05,406.72,4922194.0
1721347200,405.37,406.06,401.95,402.95,4284514.0
1721606400,404.04,404.73,402.22,404.15,2313989.0
1721692800,404.29,405.29,403.22,403.49,1693478.0
1721779200,401.73,402.63,398.08,398.67,3701277.0
1721865600,398.63,404.39,398.3713,399.49,4179842.0
1721952000,401.81,407.617,401.71,405.97,2810634.0
1722211200,406.86,407.0,403.96,405.51,2039018.0
1722297600,405.87,408.72,405.28,407.41,2576403.0
1722384000,407.46,412.01,406.49,408.49,5634760.0
1722470400,409.7,410.93,400.96,403.23,5497860.0
1722556800,399.93,400.38,393.56,397.13,4844932.0
1722816000,386.515,390.3,384.9309,386.81,8680170.0
1722902400,387.56,394.52,386.26,389.96,4058038.0
1722988800,392.63,394.79,387.2796,387.77,3969365.0
1723075200,389.51,395.14,389.24,394.52,2993543.0
1723161600,394.18,396.49,392.415,395.15,3380211.0
1723420800,395.95,396.04,392.61,393.77,1902029.0
1723507200,395.07,398.13,394.07,397.79,3510789.0
1723593600,397.74,400.88,397.51,400.09,5230413.0
1723680000,404.74,406.14,403.18,405.88,3764149.0
1723766400,405.03,407.37,404.6,406.74,2789195.0
1724025600,407.36,409.32,407.26,409.11,2012428.0
1724112000,408.62,409.35,407.78,408.56,1999606.0
1724198400,409.32,409.991,407.5901,408.99,1439005.0
1724284800,409.7,410.5,406.02,407.48,2353499.0
1724371200,409.29,412.32,408.56,411.83,3818288.0
1724630400,412.64,414.515,411.6528,412.72,3144951.0
1724716800,412.29,413.07,411.36,412.89,1710225.0
1724803200,412.66,413.93,408.71,411.34,2732564.0
1724889600,414.37,416.3,411.3,413.91,5024760.0
1724976000,414.51,416.55,412.1212,416.21,2283768.0
1725321600,414.19,415.18,408.62,410.25,3754717.0
1725408000,409.97,412.5499,409.23,410.42,2131249.0
1725494400,411.34,411.66,405.98,408.46,2234723.0
1725580800,408.96,411.0,403.78,404.47,3350997.0
1725840000,407.36,410.89,406.11,409.05,3038245.0
1725926400,410.1,410.13,404.97,408.26,1970733.0
1726012800,407.15,409.93,400.81,409.27,3134569.0
1726099200,409.7,412.0,407.48,411.97,3132876.0
1726185600,412.59,416.31,412.35,414.94,5210253.0
1726444800,416.45,418.55,415.65,417.38,3881097.0
1726531200,418.29,419.49,415.81,417.26,2561665.0
1726617600,417.5,421.0,415.55,416.19,3173627.0
1726704000,421.98,422.78,419.38,421.41,4073004.0
1726790400,419.38,421.2988,418.5,420.57,2902184.0
1727049600,421.12,421.7,420.0,421.11,2318707.0
1727136000,421.67,422.65,420.38,422.13,2790689.0
1727222400,422.44,422.94,418.38,419.12,2047993.0
1727308800,421.24,422.12,420.2,421.62,2703650.0
1727395200,422.59,426.2,422.24,422.95,3667678.0
1727654400,422.42,423.3,419.08,423.12,3822989.0
1727740800,422.42,423.15,419.29,421.5,5101268.0
1727827200,421.83,422.5,419.58,421.91,2599556.0
1727913600,420.34,421.1237,418.28,419.98,2534363.0
1728000000,422.37,423.61,419.66,423.41,2522161.0
1728259200,422.11,422.93,418.26,419.61,2632595.0
1728345600,420.51,421.28,418.71,420.8,1872930.0
1728432000,420.89,425.66,420.03,425.05,3935112.0
1728518400,425.0,425.07,423.04,424.66,2178990.0
1728604800,425.28,429.07,425.01,428.73,3753545.0
1728864000,428.32,431.42,427.19,430.89,2180640.0
1728950400,429.33,430.13,427.03,427.54,3291230.0
1729036800,427.18,431.08,426.92,430.72,2583653.0
1729123200,432.54,432.89,431.2,432.45,3462757.0
1729209600,432.26,433.2,430.33,432.64,2303743.0
1729468800,432.43,433.04,428.76,429.37,2702554.0
1729555200,427.64,430.42,427.1596,429.31,2306146.0
1729641600,427.03,427.7599,422.92,425.16,4006476.0
1729728000,424.32,424.67,421.94,423.78,1936579.0
1729814400,425.45,426.0,420.47,421.14,2518806.0
1730073600,423.55,424.82,423.27,424.07,2912041.0
1730160000,422.23,424.97,421.76,422.5,2697731.0
1730246400,422.02,424.6501,421.45,421.75,2921224.0
1730332800,419.23,419.93,417.02,417.67,4297147.0
1730419200,419.67,423.2996,419.31,420.42,3856415.0
1730678400,419.84,420.3,416.44,418.05,3125409.0
1730764800,418.27,422.6199,417.71,422.3,3093111.0
1730851200,434.66,437.785,433.71,437.23,7271813.0
1730937600,437.53,438.2471,436.43,437.39,4267866.0
1731024000,438.3,441.7,437.4,440.11,5014343.0
1731283200,441.88,444.87,441.82,443.01,4065119.0
1731369600,443.58,444.22,439.0501,439.39,3482998.0
1731456000,439.91,441.55,438.44,439.81,2631015.0
1731542400,440.59,440.94,437.101,437.7,2528346.0
1731628800,435.84,436.51,433.52,434.51,3486886.0
1731888000,434.17,435.33,433.19,434.19,2245512.0
1731974400,430.73,434.12,429.6401,432.84,3202450.0
1732060800,433.55,434.91,430.92,434.29,3955955.0
1732147200,435.86,440.54,433.63,438.97,7557979.0
1732233600,439.59,443.57,439.32,443.16,5492783.0
1732492800,446.61,448.4,445.4,447.56,2976142.0
1732579200,446.56,449.33,444.66,448.88,4126540.0
1732665600,449.18,450.64,447.37,447.74,2985905.0
1732838400,448.3,451.28,448.24,450.09,3474056.0
1733097600,450.61,451.0,447.93,448.74,2661196.0
1733184000,449.15,449.6,446.61,447.89,1697433.0
1733270400,449.85,451.55,448.78,450.94,3694365.0
1733356800,450.48,451.48,448.35,448.67,1917595.0
1733443200,449.49,449.96,446.78,447.15,1974297.0
1733702400,447.65,448.28,444.8005,445.08,1998597.0
1733788800,444.51,445.8,442.95,443.69,2460960.0
1733875200,444.11,444.74,442.38,442.51,2084329.0
1733961600,442.49,443.12,440.0549,440.27,3585334.0
1734048000,440.86,441.53,438.92,439.37,2548412.0
1734307200,439.65,440.67,437.95,438.37,1987507.0
1734393600,436.18,436.825,434.43,435.57,3130266.0
1734480000,435.98,438.04,423.98,424.22,6135731.0
1734566400,427.51,428.97,424.45,424.53,4947992.0
1734652800,422.06,432.08,421.72,428.54,6069637.0
1734912000,427.3,429.439,424.98,428.89,2602672.0
1734998400,428.89,432.63,428.28,432.5,1431692.0
1735171200,430.97,433.67,430.92,433.21,1869575.0
1735257600,430.58,432.29,427.43,430.0,2429126.0
1735516800,425.47,427.66,422.52,425.77,3858271.0
1735603200,426.91,427.7399,424.035,425.5,2442722.0
1735776000,428.34,428.96,421.59,423.8,4234923.0
1735862400,425.85,427.77,424.2,427.16,2203508.0
1736121600,428.86,431.12,426.08,427.13,3463299.0
1736208000,428.9,429.32,423.86,425.33,2053905.0
1736294400,425.41,426.56,423.26,426.13,2020174.0
1736467200,424.28,424.33,418.8,419.33,3415503.0
1736726400,418.76,423.24,418.51,422.96,2608118.0
1736812800,424.88,425.51,421.55,425.15,2643309.0
1736899200,431.56,433.28,430.5,432.24,4059801.0
1736985600,432.09,432.91,430.76,431.56,2532462.0
1737072000,434.54,436.39,433.97,434.72,2771044.0
1737417600,436.35,440.43,436.31,440.1,2113769.0
1737504000,441.49,442.0,440.3501,441.28,3724065.0
1737590400,441.52,445.45,441.52,445.38,2352493.0
1737676800,444.8,445.48,443.34,444.12,2022306.0
1737936000,440.64,447.31,440.54,447.12,3822372.0
1738022400,447.2,449.74,446.18,448.41,2233472.0
1738108800,448.21,449.61,445.768,447.18,2225147.0
1738195200,446.54,450.11,446.35,448.82,2322567.0
1738281600,450.03,450.36,445.04,445.39,3087430.0
1738540800,439.61,445.895,438.7,444.27,4527691.0
1738627200,444.23,446.0,443.27,445.53,1890532.0
1738713600,445.72,448.8499,443.41,448.67,2273413.0
1738800000,449.35,449.73,445.39,447.36,1867218.0
1738886400,447.78,448.49,442.8,443.12,2259216.0
1739145600,445.82,446.27,443.1,444.78,1858118.0
1739232000,443.34,446.54,443.2347,446.11,1436190.0
1739318400,442.34,444.79,441.07,443.63,2444480.0
1739404800,445.33,447.85,443.7,447.26,2961542.0
1739491200,447.1,448.0387,445.35,445.79,2005431.0
1739836800,445.28,446.0,443.63,445.92,2451246.0
1739923200,444.78,446.8,443.55,446.67,2239430.0
1740009600,445.27,445.56,439.965,442.39,2959978.0
1740096000,439.1,439.39,433.3504,434.15,3842204.0
1740355200,435.83,436.9,433.345,434.53,3629338.0
1740441600,435.535,437.54,432.6518,436.13,2953060.0
1740528000,436.44,438.52,433.0,434.34,2427844.0
1740614400,434.44,438.75,432.1,432.35,3296871.0
1740700800,433.06,438.82,431.02,438.37,3249923.0
1740960000,439.54,440.69,429.4763,432.09,3925156.0
1741046400,429.68,431.089,423.85,425.57,3586896.0
1741132800,425.21,431.6,424.4468,430.47,3018256.0
1741219200,426.17,430.12,424.0432,425.9,2824083.0
1741305600,424.1,429.32,421.98,428.26,3719528.0
1741564800,423.39,426.05,416.62,419.49,3442821.0
1741651200,418.47,419.03,412.25,414.74,3893357.0
1741737600,416.96,417.57,410.56,413.95,2960538.0
1741824000,413.35,414.19,407.25,408.78,2557224.0
1741910400,410.83,415.91,409.91,415.36,2422739.0
1742169600,414.94,420.7803,414.84,419.21,2140987.0
1742256000,418.42,418.67,414.88,416.53,1844136.0
1742342400,417.61,422.493,416.8007,420.42,1813839.0
1742428800,417.92,423.14,417.64,420.12,1646459.0
1742515200,416.05,420.005,414.19,419.62,2486041.0
1742774400,423.35,426.23,422.785,425.49,2474881.0
1742860800,426.32,426.84,424.36,425.82,3997626.0
1742947200,426.33,428.14,423.14,424.23,2444349.0
1743033600,423.68,425.09,421.455,422.94,1645967.0
1743120000,421.98,422.38,415.2,415.62,2600579.0
1743379200,412.2,421.36,411.4366,419.88,2985264.0
1743465600,418.41,421.2845,415.0,419.59,2384809.0
1743552000,416.37,423.65,416.18,422.03,2299827.0
1743638400,410.92,411.61,404.995,405.22,7440084.0
1743724800,394.93,396.65,382.68,383.22,8667239.0
1743984000,371.38,392.21,366.32,379.57,12718200.0
1744070400,393.475,394.36,371.03,376.48,7282963.0
1744156800,372.04,407.79,372.04,406.08,9861130.0
1744243200,399.6,400.19,384.31,395.68,6624236.0
1744329600,394.44,404.09,392.69,401.91,3789884.0
1744588800,407.48,407.86,401.71,405.42,2286204.0
1744675200,405.79,408.02,403.53,403.71,2387293.0
1744761600,402.31,404.29,394.04,396.77,3004415.0
1744848000,391.48,394.415,389.51,391.36,4537456.0
1745193600,388.46,388.7,378.35,381.62,2881801.0
1745280000,386.07,392.66,385.2,391.87,3308116.0
1745366400,399.29,403.75,394.9,395.91,4049198.0
1745452800,395.51,401.68,393.8,400.98,4010459.0
1745539200,399.88,401.365,397.14,401.02,1790787.0
1745798400,401.8,404.17,398.72,402.27,1534705.0
1745884800,402.4,406.315,402.2,405.21,1888093.0
1745971200,402.43,407.78,397.41,406.34,2487378.0
1746057600,408.55,410.93,407.02,407.42,1917616.0
1746144000,411.78,413.87,410.33,413.04,2277654.0
1746403200,410.82,414.44,410.46,412.26,3866016.0
1746489600,408.47,411.74,407.51,408.24,1745633.0
1746576000,409.86,412.8,408.15,411.05,2421805.0
1746662400,413.1,417.745,411.57,413.88,2001047.0
1746748800,414.44,415.17,411.57,412.42,1789232.0
1747008000,422.96,424.3,421.09,424.23,2398556.0
1747094400,422.68,423.99,421.42,421.51,3018020.0
1747180800,422.08,422.66,419.61,420.55,3064821.0
1747267200,418.54,423.68,418.49,423.48,3927032.0
1747353600,423.74,426.7762,422.5,426.55,2430329.0
1747612800,423.7,428.655,423.63,428.04,3121517.0
1747699200,427.4,428.2,425.03,426.97,1970965.0
1747785600,423.09,424.57,418.09,418.75,3624765.0
1747872000,417.87,421.15,417.37,418.82,2638591.0
1747958400,413.935,418.17,413.83,416.33,3117772.0
1748304000,420.7,423.86,419.19,423.85,3126608.0
1748390400,423.73,424.83,420.7447,421.42,1790927.0
1748476800,422.46,423.02,418.58,422.46,2753800.0
1748563200,422.16,424.27,419.51,422.85,2957485.0
1748822400,421.31,423.85,419.08,423.71,2636116.0
1748908800,423.07,426.37,422.47,426.01,2332639.0
1748995200,426.38,427.16,424.86,424.94,2163286.0
1749081600,425.945,426.82,422.86,423.97,3045541.0
1749168000,427.78,430.09,426.55,428.38,3081395.0
1749427200,428.52,429.72,426.43,428.36,2680153.0
1749513600,428.265,430.1,427.87,429.61,2022579.0
1749600000,429.86,432.06,428.1701,429.6,3024990.0
1749686400,428.2,430.55,426.97,430.49,2587726.0
1749772800,426.11,426.92,421.6,422.81,4826106.0
1750032000,425.05,428.2,424.88,426.28,3177117.0
1750118400,424.46,426.42,422.355,423.11,2450203.0
1750204800,423.67,426.21,422.23,422.84,2786662.0
1750377600,423.37,424.15,420.72,421.76,3810581.0
1750636800,422.0,425.96,419.62,425.72,4314993.0
1750723200,428.53,431.73,427.68,430.79,4958177.0
1750809600,430.75,430.91,428.5107,429.86,3265488.0
1750896000,430.82,434.19,430.8,433.93,2444826.0
1750982400,435.15,439.5599,435.1,438.0,3620975.0
1751241600,440.45,441.26,438.66,440.65,2827785.0
1751328000,440.19,445.9698,440.0,444.89,4520301.0
1751414400,444.68,445.4,443.37,444.71,3141705.0
1751500800,445.67,448.86,445.57,448.09,2807079.0
1751846400,447.38,447.84,441.56,444.0,3657454.0
1751932800,443.69,444.38,442.05,442.38,3563168.0
1752019200,444.39,445.6,442.28,444.52,3251947.0
1752105600,444.38,447.81,443.7,446.5,2265474.0
1752192000,443.67,444.46,442.76,443.57,3345528.0
1752451200,443.11,444.76,442.475,444.58,2244693.0
1752537600,444.58,445.17,440.14,440.15,3810728.0
1752624000,441.86,442.61,437.64,442.36,4230349.0
1752710400,442.05,445.61,441.98,445.22,3790818.0
1752796800,445.73,445.78,442.12,443.26,3901882.0
1753056000,444.2,446.01,443.14,443.44,2548793.0
1753142400,442.86,445.45,442.84,444.96,3091574.0
1753228800,447.25,450.25,446.35,450.21,5486453.0
1753315200,447.01,449.1299,446.75,447.11,5078312.0
1753401600,447.53,449.41,446.4102,449.02,3710570.0
1753660800,448.66,449.48,447.375,448.34,2864164.0
1753747200,448.63,448.85,445.65,446.48,3146231.0
1753833600,446.71,447.38,442.61,444.76,3765038.0
1753920000,445.27,446.2,440.5,441.33,4223300.0
1754006400,437.75,437.76,433.4,435.72,5980267.0
1754265600,437.88,441.9,437.59,441.81,5065759.0
1754352000,441.8,443.0,439.21,441.14,4081646.0
1754438400,442.11,442.95,440.13,441.97,2975320.0
1754524800,444.27,445.01,437.98,439.72,5205117.0
1754611200,440.805,442.88,440.31,441.92,3684535.0
1754870400,442.33,442.87,439.23,440.01,3538085.0
1754956800,441.69,445.15,441.14,444.68,5022444.0
1755043200,446.44,449.65,446.05,449.42,6203249.0
1755129600,447.74,449.64,446.98,449.16,4553233.0
1755216000,451.9,452.05,448.97,449.53,5584422.0
1755475200,449.35,449.97,448.63,449.05,3809103.0
1755561600,449.85,452.15,448.21,449.29,5794907.0
1755648000,449.79,450.521,447.67,449.36,4731362.0
1755734400,447.72,449.07,445.88,447.95,3780697.0
1755820800,450.42,457.87,450.29,456.64,8534747.0
1756080000,455.64,456.19,453.03,453.07,3898185.0
1756166400,452.79,454.75,452.54,454.49,3190529.0
1756252800,454.28,456.64,454.21,456.03,2943854.0
1756339200,456.53,457.2,454.79,456.79,3576486.0
1756425600,456.12,456.84,454.28,456.09,3606349.0
1756771200,451.99,453.7,450.155,453.61,6009245.0
1756857600,452.88,453.74,450.53,453.26,3948168.0
1756944000,453.55,457.26,452.56,457.05,4524180.0
1757030400,457.12,458.67,452.98,454.99,5828244.0
1757289600,455.38,456.29,453.63,456.2,4395206.0
1757376000,455.96,458.55,455.215,458.01,5979376.0
1757462400,457.71,457.9,454.71,455.93,5412176.0
1757548800,456.85,462.32,456.6,461.92,6352064.0
1757635200,461.25,461.69,459.07,459.32,3784556.0
1757894400,460.005,460.91,458.83,460.07,4862187.0
1757980800,460.11,460.795,457.78,458.78,4526064.0
1758067200,459.79,463.8496,457.96,461.26,5998016.0
1758153600,461.29,464.37,460.66,462.63,6681016.0
1758240000,462.72,463.78,460.87,462.94,5871474.0
1758499200,461.16,464.29,460.16,463.67,4074879.0
1758585600,464.22,467.0,462.025,462.87,5904580.0
1758672000,463.45,464.4241,460.795,461.02,4588788.0
1758758400,459.9,461.08,457.71,459.43,4767189.0
1758844800,461.27,463.41,460.3171,462.28,4167209.0
1759104000,463.76,463.775,461.31,463.04,3752701.0
1759190400,462.615,464.09,460.84,463.74,4253321.0
1759276800,462.57,465.14,462.55,464.26,4551576.0
1759363200,464.31,465.77,462.615,465.11,5458620.0
1759449600,465.79,470.38,465.68,467.51,9693908.0
1759708800,468.315,468.47,464.23,466.84,7405391.0
1759795200,467.55,468.61,464.39,465.97,7368743.0
1759881600,467.32,468.13,464.93,466.07,4621175.0
1759968000,466.17,466.78,462.61,463.5,5410969.0
1760054400,465.12,466.5,454.72,454.87,9309145.0
1760313600,458.23,461.56,458.06,460.68,6272494.0
1760400000,457.03,465.22,454.56,462.71,7827371.0
1760486400,464.67,466.94,460.25,462.71,6187089.0
1760572800,463.37,464.27,457.84,459.56,8149547.0
1760659200,459.3,463.11,458.92,461.78,8439860.0
1760918400,463.45,467.53,463.43,467.02,4556554.0
1761004800,467.07,471.2499,466.91,469.22,5951558.0
1761091200,469.21,469.24,464.48,465.78,7604676.0
1761177600,465.55,467.97,464.86,467.29,5144161.0
1761264000,470.02,473.24,469.28,472.21,7228912.0
1761523200,474.755,475.62,473.71,475.35,4720172.0
1761609600,478.8,479.405,476.815,477.15,9435484.0
1761696000,478.65,480.39,474.49,476.37,9955484.0
1761782400,474.1,480.15,473.91,475.01,9338304.0
1761868800,475.86,477.16,473.42,475.67,7990939.0
1762128000,476.16,476.3,471.3,473.47,4858730.0
1762214400,470.42,472.71,468.8,470.9,6013318.0
1762300800,470.8,474.56,470.4,473.11,7030187.0
1762387200,472.09,473.44,467.85,469.28,7125163.0
1762473600,468.28,469.95,464.86,469.86,8604366.0
1762732800,471.9,474.195,469.45,473.82,5636638.0
1762819200,474.26,479.86,474.0,479.41,4839092.0
1762905600,480.49,484.395,480.49,482.76,7066941.0
1762992000,481.4,482.41,474.22,474.74,8722328.0
1763078400,471.38,474.05,468.87,471.8,10940170.0
1763337600,470.87,472.36,464.54,466.32,7599491.0
1763424000,462.17,464.1,459.53,461.3,12817480.0
1763510400,461.51,463.4,459.42,461.76,5833430.0
1763596800,466.64,469.03,457.71,458.1,13414190.0
1763683200,459.54,465.82,457.85,462.57,11821390.0
1763942400,463.75,465.865,461.01,464.44,6206809.0
1764028800,465.58,471.9,463.45,471.18,7203612.0
1764115200,472.2,475.7928,471.93,474.35,5689125.0
1764288000,474.82,477.61,474.82,477.18,2281763.0
1764547200,474.34,476.95,472.95,473.32,4413941.0
1764633600,474.21,476.46,473.12,475.26,5233486.0
1764720000,474.83,480.18,474.67,479.41,5994233.0
1764806400,479.71,481.23,477.5,479.07,4003759.0
1764892800,479.48,481.93,479.29,480.03,4596622.0
1765152000,480.49,480.52,476.84,478.15,4427636.0
1765238400,478.07,480.275,476.09,476.42,4266901.0
1765324800,476.13,482.75,475.36,481.35,5476245.0
1765411200,482.2,488.38,481.96,487.87,6972311.0
1765497600,488.7,489.66,484.17,485.4,7089900.0
1765756800,487.58,487.73,483.71,485.17,4891296.0
1765843200,484.455,485.48,480.33,481.98,5373224.0
1765929600,482.81,484.79,479.49,479.8,6381605.0
1766016000,482.18,484.631,479.41,480.51,6422815.0
1766102400,480.62,482.8,480.43,481.15,6439062.0
1766361600,481.86,484.43,481.86,483.46,4162011.0
1766448000,482.18,485.12,482.18,484.23,3678095.0
1766534400,484.185,487.57,483.59,487.01,1543970.0
1766707200,486.84,487.62,485.73,487.03,2711695.0
1766966400,485.89,486.91,483.75,484.59,3390127.0
1767052800,484.62,484.665,482.815,483.59,3042677.0
1767139200,483.65,483.81,480.36,480.57,3441935.0
1767312000,481.85,483.95,478.38,483.63,7021060.0
1767571200,484.41,492.04,484.245,489.77,7574434.0
1767657600,489.33,495.12,488.96,494.61,6061391.0
1767744000,495.65,496.25,489.5,489.96,5603675.0
1767830400,487.81,493.52,487.81,492.53,6544768.0
1767916800,492.86,495.695,491.91,495.02,6004585.0
1768176000,492.33,496.34,490.05,495.9,5722424.0
1768262400,495.55,495.96,490.63,491.94,5966351.0
1768348800,490.66,491.94,488.5517,491.58,6767817.0
1768435200,492.37,495.83,492.21,494.48,8519856.0
1768521600,494.5,496.0,492.27,493.42,5845489.0
1768867200,486.17,489.06,484.245,484.88,7416275.0
1768953600,485.67,492.91,485.56,490.8,6718595.0
1769040000,493.47,496.01,492.46,493.69,5087188.0
1769126400,491.82,492.13,489.56,490.93,4915704.0
1769385600,491.91,494.85,491.47,494.06,3722814.0
1769472000,490.69,491.59,488.56,490.06,5971409.0
1769558400,490.28,491.39,488.93,490.13,4726498.0
1769644800,490.075,492.9512,485.89,490.21,9706467.0
1769731200,489.11,490.48,484.56,489.03,8112096.0
1769990400,488.87,494.8101,486.98,494.03,5584454.0
1770076800,493.14,496.518,488.28,492.31,8799129.0
1770163200,493.92,496.5,491.11,494.75,8797109.0
1770249600,492.51,493.44,488.23,488.91,7767470.0
1770336000,492.37,501.671,492.13,501.03,10635290.0
1770595200,500.11,502.16,498.305,501.22,6414839.0
1770681600,502.34,505.3,501.26,501.9,8163068.0
1770768000,504.21,505.12,499.13,501.33,5743835.0
1770854400,503.13,504.54,494.32,494.67,9160254.0
1770940800,495.04,497.78,491.2,495.28,8378127.0
1771286400,495.33,497.5743,492.11,495.85,6779371.0
1771372800,496.78,499.34,494.65,497.0,4454285.0
1771459200,495.555,496.49,492.41,494.38,4625358.0
1771545600,492.54,497.0,491.39,496.08,6086802.0
1771804800,494.5,496.99,487.15,488.01,8269234.0
1771891200,488.39,492.85,487.45,491.79,5334965.0
1771977600,493.63,495.13,491.9,494.82,4446243.0
1772064000,497.0,498.21,492.237,494.86,6467010.0
1772150400,489.63,490.95,486.76,489.66,7198388.0
1772409600,484.34,490.98,484.15,489.18,7218544.0
1772496000,480.16,487.39,476.73,485.52,11570720.0
1772582400,486.56,489.03,483.95,487.74,7590661.0
1772668800,483.82,485.49,476.15,479.84,8768186.0
1772755200,473.72,476.23,470.46,475.23,8206051.0
1773014400,470.88,479.38,466.68,477.88,10305560.0
1773100800,477.74,482.87,475.01,477.7,6265551.0
1773187200,477.4,477.77,472.46,474.81,6701727.0
1773273600,470.34,471.48,467.41,467.48,8000156.0
1773360000,469.94,472.1,465.78,466.41,7471659.0
1773619200,470.07,472.7,468.98,470.3,7059905.0
1773705600,473.38,475.13,470.625,470.9,6189359.0
1773792000,468.77,469.75,462.76,463.0,7090658.0
1773878400,459.97,463.37,458.16,461.06,7882772.0
1773964800,458.73,460.57,453.542,455.89,10543330.0
1774224000,463.3,467.04,460.92,461.97,9978109.0
1774310400,458.42,463.94,457.44,461.17,8187957.0
1774396800,465.73,467.24,461.8,464.14,7019656.0
1774483200,461.54,465.43,458.94,459.31,8283970.0
1774569600,457.36,457.5,450.49,451.39,6938536.0
1774828800,455.6,456.12,450.44,452.06,9181633.0
1774915200,456.81,463.82,454.67,463.19,11656260.0
1775001600,466.0,467.9,464.5,465.48,7790319.0
1775088000,460.16,467.52,458.88,465.06,3955899.0
1775433600,464.16,467.02,463.46,466.77,2905316.0
1775520000,465.75,466.31,462.11,465.88,3943164.0
1775606400,478.88,480.2,475.56,479.16,4697522.0
1775692800,477.49,483.27,477.01,481.9,4213669.0
1775779200,482.195,482.4,478.63,479.25,2659020.0
1776038400,476.1,482.28,475.15,482.13,3768673.0
1776124800,482.41,485.97,481.86,485.49,4217886.0
1776211200,486.51,487.0801,482.86,484.72,3474538.0
1776297600,485.82,486.78,483.35,485.63,4111479.0
1776384000,490.67,497.04,490.36,494.22,10238740.0
1776643200,493.45,494.775,492.31,494.33,3764008.0
1776729600,497.24,498.38,490.315,491.36,4322233.0
1776816000,495.32,496.14,493.23,494.76,4022387.0
1776902400,492.55,495.13,488.51,493.0,4077321.0
1776988800,493.05,493.49,490.77,492.21,3372258.0
1777248000,491.6,493.55,490.29,491.83,2132060.0
1777334400,493.46,493.82,490.77,491.42,3057137.0
1777420800,490.95,491.49,487.0,488.67,3322302.0
1777507200,490.98,497.58,490.39,496.65,5352282.0
1777593600,498.84,499.93,494.91,495.02,4402582.0
1777852800,493.5,494.33,489.0,489.56,3310394.0
1777939200,491.89,493.585,490.03,492.96,3386211.0
1778025600,496.98,500.08,496.9,499.05,4317279.0
1778112000,500.51,501.2,494.77,495.91,4490483.0
1778198400,498.48,498.55,494.93,496.13,3495210.0
1778457600,495.8,497.84,494.76,497.11,4249103.0
1778544000,496.51,498.41,493.19,497.89,7445672.0
1778630400,496.16,497.61,494.635,497.14,3256845.0
1778716800,501.39,502.16,498.85,500.8,4920475.0
1778803200,497.32,497.74,495.08,495.37,5300701.0
1779062400,495.65,497.64,493.6,497.01,5496211.0
1779148800,494.83,496.34,492.58,493.98,5361298.0
1779235200,495.87,500.93,492.49,500.24,6516124.0
1779321600,498.78,504.05,497.21,503.11,6575983.0
1779408000,507.01,508.74,505.69,506.12,5176149.0
1779753600,507.57,508.24,503.97,505.25,3897759.0
1779840000,505.93,508.7,505.81,506.88,4247835.0
1779926400,505.335,508.21,503.64,507.05,3716022.0
1780012800,507.9,511.305,507.2,510.78,5346659.0
1780272000,509.85,511.855,508.33,511.44,4424845.0
1780358400,509.08,514.49,508.93,514.05,5078013.0
1780444800,511.17,512.85,507.99,508.26,4098010.0
1780531200,513.69,517.58,512.68,516.7,6390701.0
1780617600,517.71,517.75,508.75,509.7,6610717.0
1780876800,510.765,513.755,508.32,508.91,4825656.0
1780963200,511.48,513.54,503.08,509.41,6249368.0
1781049600,507.485,508.74,500.1,500.25,5153353.0
1781136000,503.19,510.76,501.57,509.36,6353938.0
1781222400,512.89,515.3,509.48,513.06,8384505.0
1781481600,519.23,520.84,517.865,518.44,5379359.0
1781568000,520.32,523.3,520.06,521.44,4812555.0
1781654400,521.26,524.17,515.3,516.3,6563468.0
1781740800,518.43,519.52,515.43,515.52,7134373.0
1782086400,516.84,518.91,515.99,517.08,6552163.0
1782172800,514.68,518.7182,512.97,516.62,5039189.0
1782259200,516.19,522.43,516.01,518.52,4395936.0
1782345600,521.19,526.57,518.55,519.26,5379836.0
1782432000,517.0,521.28,516.1,517.75,3823618.0
1782691200,520.63,522.975,519.4,521.68,5733423.0
1782777600,522.35,523.14,519.59,522.39,3607943.0
1782864000,521.43,526.72,519.62,522.4,3438379.0
1782950400,525.49,528.26,523.73,527.88,3536644.0
1783296000,528.72,530.09,525.85,530.09,3236864.0
1783382400,532.505,532.54,527.11,528.45,4489168.0
1783468800,523.34,524.46,520.03,522.77,3574981.0
1783555200,523.65,525.15,522.135,524.19,3056449.0
1783641600,525.64,526.47,521.74,525.78,3469449.0
1783900800,525.84,527.86,522.9,524.47,2723754.0
1783987200,523.32,526.72,522.56,524.69,3664023.0
1784073600,525.895,527.73,523.7,525.95,3246876.0
1784160000,526.81,527.93,523.07,524.83,3173322.0
1784246400,519.64,525.36,518.9,520.81,4741258.0
1784505600,522.04,523.4,517.16,517.94,2336645.0
1784592000,519.63,523.01,518.12,521.51,3240689.0
1784678400,521.63,524.37,521.01,521.47,3204054.0
1784764800,515.07,518.17,514.72,516.26,4305149.0
1784851200,517.28,520.5599,516.27,518.76,3328437.0
1785110400,524.7,525.34,519.29,521.26,3355180.0
1785196800,526.19,528.47,523.67,526.89,5157908.0
1785283200,522.46,523.17,514.82,515.41,7369396.0
1785369600,518.84,521.98,515.87,521.51,3225305.0
1785456000,524.08,525.61,519.25,524.32,3981072.0
1785715200,529.55,531.65,528.69,531.22,4328031.0
1785801600,537.895,542.09,535.995,540.43,6705370.0
1785888000,543.3,546.75,542.65,542.81,5256729.0
1785974400,543.8,544.57,537.69,538.19,3651834.0
1786060800,538.705,540.22,537.43,539.62,2230137.0
1786320000,538.7,540.02,537.88,538.99,3408907.0
1786406400,539.91,541.715,536.91,537.28,2826808.0
1786492800,539.01,539.185,536.86,537.15,3167554.0
1786579200,538.7,539.967,535.69,537.91,2033071.0
1786665600,537.405,538.28,536.2,536.8,2089126.0
1786924800,534.495,535.975,533.49,534.19,2668110.0
1787011200,533.38,534.26,532.02,532.91,3825717.0
1787097600,535.33,536.68,533.58,534.27,3062663.0
1787184000,530.35,531.78,527.2,527.51,2868510.0
1787270400,530.03,532.91,529.43,532.22,3036554.0
1787529600,531.83,534.48,531.83,533.65,4593526.0
1787616000,536.37,536.52,533.185,535.24,2444451.0
1787702400,535.34,535.95,533.31,534.23,1761334.0
1787788800,533.56,536.63,532.92,535.22,2508817.0
1787875200,536.53,537.73,534.4,535.06,2655557.0
1788134400,533.56,533.56,530.78,531.57,1746083.0
1788220800,528.67,531.65,526.84,527.75,3190633.0
1788307200,529.51,532.17,529.24,530.62,3114797.0
1788393600,534.04,537.62,532.94,536.93,4808368.0
1788480000,535.13,536.37,532.93,534.08,2325722.0
1788825600,530.22,530.39,527.35,528.03,3649741.0
1788912000,525.64,525.74,523.25,524.07,3784538.0
1788998400,522.29,523.02,519.8,520.75,4750332.0
1789084800,525.37,527.36,524.29,525.79,3437463.0
1789344000,524.54,526.785,523.095,524.49,2702182.0
1789430400,523.18,523.64,519.21,521.23,3227139.0
1789516800,521.9,522.3,512.29,515.22,5678676.0
1789603200,520.49,520.67,516.55,518.35,4206584.0
1789689600,516.52,517.08,514.15,515.88,2689991.0
1789948800,520.03,520.52,516.76,519.78,3087942.0
1790035200,522.475,522.55,516.51,518.0,3377555.0
1790121600,516.02,517.66,513.95,514.3,4171459.0
1790208000,512.85,514.14,510.42,512.68,2770737.0
