timestamp,open,high,low,close,volume
1474848000,58.75,58.83,58.6225,58.71,23824930.0
1474934400,58.47,58.9999,58.405,58.99,19862150.0
1475020800,59.16,59.43,58.795,59.41,22026420.0
1475107200,59.26,59.39,58.4739,58.67,16703810.0
1475193600,58.81,59.29,58.73,59.13,28871930.0
1475452800,58.97,59.085,58.84,58.97,17903550.0
1475539200,59.24,59.35,58.7301,58.96,28707490.0
1475625600,59.18,59.29,59.04,59.2,14774310.0
1475712000,58.9,58.945,58.725,58.88,11569310.0
1475798400,58.63,58.675,58.115,58.58,16618250.0
1476057600,58.68,58.9,58.65,58.75,7860730.0
1476144000,58.48,58.505,57.75,57.92,18434590.0
1476230400,57.84,57.935,57.63,57.79,13537310.0
1476316800,57.15,57.7,56.9863,57.57,13090870.0
1476403200,57.96,58.07,57.65,57.67,19288380.0
1476662400,57.54,57.66,57.405,57.5,12640990.0
1476748800,58.19,58.235,57.98,58.07,13027970.0
1476835200,58.16,58.3658,58.115,58.23,12500140.0
1476921600,58.15,58.43,58.09,58.32,9959038.0
1477008000,57.92,58.21,57.86,58.19,12584850.0
1477267200,58.36,58.3699,58.045,58.18,12723000.0
1477353600,58.05,58.19,57.9101,58.14,12430000.0
1477440000,57.84,58.07,57.765,57.88,12169530.0
1477526400,58.01,58.04,57.75,57.81,9309344.0
1477612800,57.71,57.915,57.645,57.79,15377650.0
1477872000,57.75,57.9,57.5801,57.82,19102190.0
1477958400,57.96,57.98,57.38,57.57,19495190.0
1478044800,57.53,57.61,57.1,57.18,17538940.0
1478131200,57.38,57.42,57.035,57.12,12959140.0
1478217600,56.74,56.9074,56.545,56.57,17423770.0
1478476800,57.28,57.38,57.15,57.35,21383610.0
1478563200,57.18,57.675,57.13,57.51,17403910.0
1478649600,57.07,57.79,57.01,57.56,27175070.0
1478736000,57.53,57.67,56.93,57.4,37382770.0
1478822400,57.145,57.2,56.74,57.05,18430070.0
1479081600,56.63,56.75,56.48,56.74,20650880.0
1479168000,56.59,57.02,56.5331,56.99,15311740.0
1479254400,56.43,56.615,56.3438,56.39,22097490.0
1479340800,56.67,56.89,56.615,56.82,18459350.0
1479427200,56.31,56.38,56.1037,56.2,17047300.0
1479686400,56.42,56.71,56.41,56.68,18473280.0
1479772800,56.81,56.85,56.58,56.82,17866530.0
1479859200,56.25,56.62,56.19,56.62,13840290.0
1480032000,56.82,56.83,56.71,56.79,7842848.0
1480291200,56.63,56.69,56.46,56.49,13607990.0
1480377600,56.53,56.98,56.4735,56.85,14719760.0
1480464000,56.98,56.99,56.7,56.79,23874740.0
1480550400,56.73,56.76,56.49,56.57,22693390.0
1480636800,56.47,56.84,56.4,56.71,16077420.0
1480896000,57.0,57.38,56.99,57.27,19685360.0
1480982400,57.33,57.74,57.3,57.66,19214250.0
1481068800,57.88,58.62,57.86,58.52,25749320.0
1481155200,58.41,58.57,58.27,58.47,23426980.0
1481241600,58.47,58.72,58.43,58.72,20886460.0
1481500800,58.5,58.69,58.39,58.46,16390130.0
1481587200,58.98,59.25,58.95,59.09,22116710.0
1481673600,58.96,59.09,58.13,58.22,26473660.0
1481760000,58.0,58.19,57.9601,58.09,24742200.0
1481846400,58.05,58.29,58.02,58.13,24359090.0
1482105600,58.16,58.31,58.04,58.04,17705120.0
1482192000,58.11,58.29,58.07,58.24,17471210.0
1482278400,57.65,57.7,57.58,57.66,17793950.0
1482364800,57.62,57.69,57.51,57.53,16310190.0
1482451200,57.58,57.68,57.54,57.68,14821550.0
1482796800,57.63,57.715,57.6,57.61,13327690.0
1482883200,57.56,57.58,57.31,57.39,15924570.0
1482969600,57.5,57.66,57.48,57.53,16406130.0
1483056000,57.97,57.98,57.6,57.73,25225990.0
1483401600,57.95,58.11,57.85,58.09,28006750.0
1483488000,58.4,58.78,58.3528,58.75,25670020.0
1483574400,58.9,59.31,58.9,59.25,22063120.0
1483660800,58.97,59.11,58.91,59.05,21455430.0
1483920000,58.83,58.99,58.75,58.96,13962350.0
1484006400,58.92,59.13,58.92,58.97,16296580.0
1484092800,58.85,59.3,58.78,59.28,31352400.0
1484179200,59.36,59.375,59.11,59.37,24401020.0
1484265600,59.42,59.6,59.33,59.59,20901860.0
1484611200,59.41,59.44,59.27,59.37,22524830.0
1484697600,59.19,59.32,59.02,59.2,14580630.0
1484784000,59.1,59.1763,58.87,59.05,17540050.0
1484870400,59.26,59.41,59.18,59.39,24974050.0
1485129600,59.31,59.54,59.18,59.54,43079220.0
1485216000,59.44,59.7165,59.42,59.69,17959470.0
1485302400,60.01,60.33,59.99,60.31,27237190.0
1485388800,60.19,60.25,59.99,60.07,20913850.0
1485475200,60.02,60.05,59.86,59.97,13061020.0
1485734400,59.45,59.58,59.26,59.54,19146190.0
1485820800,59.65,59.74,59.39,59.63,29803760.0
1485907200,60.0,60.03,59.71,59.87,26726440.0
1485993600,59.925,59.99,59.73,59.9,14796650.0
1486080000,60.01,60.18,59.93,60.14,13963770.0
1486339200,59.52,59.71,59.48,59.71,16220210.0
1486425600,59.58,59.6763,59.53,59.65,12123010.0
1486512000,59.59,59.81,59.52,59.75,16749220.0
1486598400,59.83,60.015,59.75,60.0,14299490.0
1486684800,59.93,60.18,59.91,60.14,13212120.0
1486944000,60.39,60.47,60.28,60.38,12694440.0
1487030400,60.17,60.29,59.9201,60.29,14256630.0
1487116800,60.03,60.52,60.01,60.52,15460130.0
1487203200,60.54,60.66,60.46,60.66,14388240.0
1487289600,60.32,60.52,60.27,60.5,14938000.0
1487635200,60.44,60.7,60.42,60.7,11550320.0
1487721600,60.39,60.74,60.39,60.7,17129270.0
1487808000,60.88,60.93,60.665,60.83,12410640.0
1487894400,60.17,60.43,60.14,60.39,16198700.0
1488153600,60.19,60.44,60.18,60.43,14039000.0
1488240000,60.32,60.52,60.23,60.34,20439110.0
1488326400,60.75,61.1163,60.73,60.97,20196390.0
1488412800,60.71,60.7774,60.56,60.57,16452810.0
1488499200,60.7,61.0,60.61,60.93,19149130.0
1488758400,60.73,60.75,60.5737,60.74,10965780.0
1488844800,60.47,60.63,60.38,60.53,16308670.0
1488931200,60.49,60.55,60.25,60.31,11568220.0
1489017600,60.47,60.57,60.38,60.54,13369170.0
1489104000,60.96,61.12,60.85,61.05,18987740.0
1489363200,61.2,61.3775,61.19,61.37,19718700.0
1489449600,60.92,60.97,60.79,60.9,15953540.0
1489536000,61.03,61.775,61.02,61.77,22841080.0
1489622400,62.1,62.13,61.93,62.07,24380120.0
1489708800,62.18,62.3499,62.06,62.23,20697450.0
1489968000,62.25,62.3399,62.02,62.1037,13484420.0
1490054400,62.58,62.63,61.78,61.82,23331510.0
1490140800,61.62,61.89,61.57,61.83,14492780.0
1490227200,61.73,62.1,61.73,61.97,25394790.0
1490313600,62.11,62.27,62.0401,62.14,25264510.0
1490572800,62.09,62.38,62.02,62.3,30294400.0
1490659200,62.39,62.65,62.355,62.6,23196000.0
1490745600,62.29,62.63,62.28,62.6,19090760.0
1490832000,62.43,62.55,62.32,62.38,16049830.0
1490918400,62.11,62.36,62.05,62.29,30871660.0
1491177600,62.19,62.24,61.755,62.2,32855180.0
1491264000,61.93,62.18,61.85,62.18,16793760.0
1491350400,62.13,62.29,61.825,61.85,22709860.0
1491436800,61.88,61.98,61.75,61.86,17814640.0
1491523200,61.75,61.93,61.735,61.82,15848920.0
1491782400,61.73,61.85,61.675,61.75,11321510.0
1491868800,62.0,62.07,61.6201,62.04,18663100.0
1491955200,61.95,62.03,61.72,61.99,25046020.0
1492041600,61.7,61.78,61.53,61.59,16758860.0
1492387200,61.85,62.02,61.84,61.97,15573490.0
1492473600,61.55,61.69,61.35,61.69,21171090.0
1492560000,61.76,61.795,61.37,61.44,13263140.0
1492646400,61.96,62.1,61.915,61.93,20485320.0
1492732800,61.93,62.02,61.84,61.97,18989430.0
1492992000,63.41,63.61,63.38,63.54,31213970.0
1493078400,63.85,64.08,63.7805,63.99,24975210.0
1493164800,63.81,64.03,63.81,63.81,20489580.0
1493251200,63.92,63.92,63.75,63.87,13855490.0
1493337600,63.89,63.91,63.77,63.8,25361250.0
1493596800,63.99,64.2,63.91,64.06,22211440.0
1493683200,64.25,64.42,64.19,64.39,23424000.0
1493769600,64.22,64.33,64.1,64.26,12811040.0
1493856000,64.48,64.89,64.425,64.87,16359730.0
1493942400,64.94,65.59,64.915,65.59,18990470.0
1494201600,65.105,65.11,64.96,65.1,19823840.0
1494288000,64.98,65.04,64.81,64.94,28186610.0
1494374400,64.98,65.04,64.888,65.04,18524300.0
1494460800,64.77,64.9,64.61,64.88,18381620.0
1494547200,64.94,65.24,64.94,65.24,27683030.0
1494806400,65.38,65.57,65.36,65.57,20481020.0
1494892800,65.95,66.0,65.8615,65.99,21929770.0
1494979200,65.67,65.75,65.22,65.24,30198710.0
1495065600,65.08,65.4,65.02,65.35,19242610.0
1495152000,65.81,66.12,65.78,66.11,34855460.0
1495411200,66.18,66.31,66.11,66.19,14692610.0
1495497600,66.34,66.38,66.11,66.2,12489180.0
1495584000,66.015,66.25,65.98,66.24,15090560.0
1495670400,66.24,66.34,66.15,66.24,13265330.0
1495756800,65.87,66.055,65.85,66.05,25970130.0
1496102400,65.87,66.03,65.85,65.98,14415330.0
1496188800,66.32,66.38,66.025,66.06,31167900.0
1496275200,66.31,66.505,66.245,66.49,25610010.0
1496361600,66.96,67.24,66.86,67.22,22764290.0
1496620800,66.86,66.9,66.77,66.85,14304510.0
1496707200,66.58,66.71,66.56,66.66,11387190.0
1496793600,66.77,66.88,66.45,66.68,15346440.0
1496880000,66.42,66.57,66.34,66.56,15425210.0
1496966400,66.22,66.46,66.06,66.31,20806920.0
1497225600,66.12,66.19,65.91,66.06,17937220.0
1497312000,66.47,66.61,66.38,66.57,19123670.0
1497398400,66.95,66.96,66.3,66.52,18739460.0
1497484800,65.51,65.87,65.49,65.83,22870870.0
1497571200,66.15,66.41,66.07,66.39,24571480.0
1497830400,66.64,66.79,66.6,66.66,25471140.0
1497916800,65.42,65.43,64.92,65.07,23798450.0
1498003200,64.92,65.05,64.83,64.99,10988980.0
1498089600,64.97,65.096,64.89,64.98,13521670.0
1498176000,64.99,65.245,64.9,65.14,15138720.0
1498435200,65.56,65.62,65.22,65.25,21872780.0
1498521600,65.28,65.44,65.17,65.24,17465990.0
1498608000,65.49,65.87,65.46,65.81,26317330.0
1498694400,65.61,65.62,64.88,65.16,35923300.0
1498780800,65.33,65.35,64.825,65.2,28825120.0
1499040000,65.12,65.28,65.1,65.12,9564258.0
1499212800,64.93,65.16,64.815,65.12,26253240.0
1499299200,64.7,64.97,64.63,64.83,23380560.0
1499385600,64.65,64.92,64.56,64.84,18885680.0
1499644800,64.8,65.02,64.76,65.0,10674840.0
1499731200,64.83,65.16,64.74,65.15,13584040.0
1499817600,65.55,65.745,65.53,65.67,15995590.0
1499904000,65.75,65.91,65.655,65.86,22520460.0
1499990400,66.05,66.335,66.0,66.32,14145120.0
1500249600,66.19,66.28,66.12,66.19,10326110.0
1500336000,66.13,66.25,66.08,66.25,11718190.0
1500422400,66.36,66.54,66.35,66.54,12542330.0
1500508800,66.71,66.85,66.603,66.81,13789160.0
1500595200,66.46,66.55,66.24,66.55,18406670.0
1500854400,66.25,66.39,66.08,66.37,17486070.0
1500940800,66.71,66.74,66.44,66.46,12297570.0
1501027200,66.65,66.98,66.54,66.87,19186670.0
1501113600,67.0,67.04,66.5,66.72,13754370.0
1501200000,66.55,66.8,66.48,66.79,15080780.0
1501459200,66.88,67.01,66.73,66.93,20682840.0
1501545600,67.44,67.54,67.3,67.3,16211140.0
1501632000,67.34,67.42,67.16,67.33,8948292.0
1501718400,67.31,67.49,67.255,67.37,11245860.0
1501804800,67.44,67.51,67.2,67.46,14177820.0
1502064000,67.32,67.5,67.32,67.49,11874620.0
1502150400,67.37,67.46,67.0939,67.13,13510150.0
1502236800,66.73,67.05,66.69,67.02,15080070.0
1502323200,66.62,66.62,66.01,66.07,28825120.0
1502409600,66.03,66.13,65.86,65.95,27456380.0
1502668800,66.43,66.598,66.4,66.43,13311530.0
1502755200,66.35,66.42,66.14,66.38,13212250.0
1502841600,66.6,66.84,66.58,66.76,14030750.0
1502928000,66.52,66.63,66.01,66.01,18647150.0
1503014400,66.12,66.33,65.99,66.19,16347370.0
1503273600,66.16,66.2699,66.0,66.17,11760780.0
1503360000,66.31,66.52,66.29,66.49,11528750.0
1503446400,66.3,66.51,66.29,66.5,13007120.0
1503532800,66.52,66.59,66.34,66.35,13150630.0
1503619200,66.59,66.91,66.57,66.75,14942020.0
1503878400,66.82,66.85,66.705,66.75,13419080.0
1503964800,66.38,66.65,66.36,66.48,11536910.0
1504051200,66.37,66.45,66.2847,66.39,10510320.0
1504137600,66.65,66.95,66.62,66.9,20118850.0
1504224000,67.15,67.17,66.95,66.99,15540720.0
1504569600,66.82,66.93,66.325,66.54,18682340.0
1504656000,66.9,67.0975,66.82,66.95,21335550.0
1504742400,67.5,67.53,67.33,67.5,13847410.0
1504828800,67.66,67.6867,67.51,67.51,16168820.0
1505088000,67.96,68.16,67.95,68.04,19127340.0
1505174400,68.16,68.29,68.16,68.25,11803030.0
1505260800,68.11,68.15,67.8165,67.88,14718800.0
1505347200,67.76,68.01,67.74,68.0,14859250.0
1505433600,68.06,68.1,67.94,68.06,16315460.0
1505692800,68.23,68.34,68.025,68.15,13594850.0
1505779200,68.43,68.49,68.295,68.47,8877234.0
1505865600,68.49,68.71,68.004,68.32,15310030.0
1505952000,68.16,68.28,68.09,68.18,10250100.0
1506038400,68.38,68.5,68.3234,68.39,8442844.0
1506297600,68.11,68.27,67.87,68.0,13463890.0
1506384000,67.89,67.94,67.64,67.85,20026560.0
1506470400,67.76,67.995,67.72,67.9,17751480.0
1506556800,67.9,68.18,67.9,68.08,11704000.0
1506643200,68.21,68.55,68.11,68.48,24857420.0
1506902400,68.27,68.49,68.24,68.42,16475610.0
1506988800,68.46,68.66,68.43,68.65,12073350.0
1507075200,68.47,68.59,68.4613,68.52,12518570.0
1507161600,68.39,68.51,68.35,68.48,11871210.0
1507248000,68.17,68.44,68.14,68.43,16923310.0
1507507200,68.52,68.54,68.39,68.45,5155649.0
1507593600,68.85,69.11,68.79,69.1,16626740.0
1507680000,69.07,69.29,69.06,69.27,16732420.0
1507766400,69.15,69.33,69.09,69.21,10774090.0
1507852800,69.6,69.66,69.51,69.57,12928940.0
1508112000,69.57,69.62,69.465,69.52,8800647.0
1508198400,69.35,69.39,69.21,69.34,8287031.0
1508284800,69.45,69.57,69.365,69.54,11793350.0
1508371200,69.23,69.43,69.19,69.43,10368290.0
1508457600,69.38,69.38,69.23,69.34,12636300.0
1508716800,69.37,69.3971,69.14,69.19,8422226.0
1508803200,69.28,69.435,69.2,69.3,10586480.0
1508889600,69.27,69.31,68.77,69.03,11495510.0
1508976000,69.21,69.26,69.01,69.02,12355520.0
1509062400,68.98,69.2,68.885,69.18,18853790.0
1509321600,69.22,69.36,69.2,69.34,14308490.0
1509408000,69.48,69.67,69.4,69.63,22418400.0
1509494400,69.93,69.995,69.67,69.7,23674530.0
1509580800,69.65,69.91,69.625,69.91,20430940.0
1509667200,69.8,69.8,69.56,69.8,14078690.0
1509926400,69.61,69.915,69.6,69.9,11959010.0
1510012800,69.77,69.855,69.46,69.64,12102740.0
1510099200,69.75,69.98,69.71,69.87,15573200.0
1510185600,69.29,69.5,69.04,69.47,22576980.0
1510272000,69.24,69.36,69.13,69.28,11070800.0
1510531200,68.59,69.02,68.58,68.99,13605170.0
1510617600,68.86,68.99,68.7,68.94,13850100.0
1510704000,68.37,68.68,68.28,68.61,18547270.0
1510790400,69.05,69.2385,68.97,69.16,17372500.0
1510876800,68.97,69.03,68.84,68.91,24772990.0
1511136000,69.13,69.27,69.06,69.06,20689550.0
1511222400,69.53,69.67,69.49,69.58,16311880.0
1511308800,69.87,69.92,69.55,69.77,17943170.0
1511481600,70.35,70.39,70.25,70.34,11732290.0
1511740800,70.2,70.26,69.92,69.92,17066470.0
1511827200,70.14,70.34,70.01,70.32,19389400.0
1511913600,70.37,70.43,69.94,70.04,19328350.0
1512000000,70.33,70.41,70.05,70.11,24443370.0
1512086400,69.84,70.01,69.48,69.83,33370410.0
1512345600,69.99,69.99,69.57,69.58,19355520.0
1512432000,69.61,69.74,69.42,69.43,15853660.0
1512518400,69.21,69.43,69.18,69.29,12383660.0
1512604800,69.32,69.64,69.27,69.47,16966050.0
1512691200,69.79,69.88,69.63,69.84,19106830.0
1512950400,69.91,70.04,69.88,70.02,20038630.0
1513036800,69.95,70.17,69.91,70.11,16514650.0
1513123200,70.22,70.51,70.165,70.38,25920510.0
1513209600,70.33,70.36,69.95,69.99,27424620.0
1513296000,69.92,70.07,69.76,69.97,32906890.0
1513555200,70.72,70.96,70.7,70.8,37698500.0
1513641600,69.95,69.98,69.69,69.8,37088680.0
1513728000,69.87,69.905,69.625,69.68,18729480.0
1513814400,69.77,70.11,69.75,69.93,22530020.0
1513900800,69.9,70.12,69.86,70.11,16799060.0
1514246400,69.98,70.17,69.92,70.09,15994970.0
1514332800,70.19,70.33,70.1,70.22,19835390.0
1514419200,70.4,70.46,70.22,70.26,20220240.0
1514505600,70.57,70.58,70.26,70.31,16180680.0
1514851200,70.53,70.85,70.42,70.83,26529590.0
1514937600,70.89,71.255,70.85,71.17,33384840.0
1515024000,71.86,72.06,71.81,71.95,23974370.0
1515110400,72.15,72.4,72.07,72.35,17483750.0
1515369600,72.26,72.35,72.18,72.33,21733710.0
1515456000,72.34,72.44,72.12,72.41,19138900.0
1515542400,72.42,72.45,72.215,72.27,18118860.0
1515628800,72.47,72.78,72.41,72.77,17314440.0
1515715200,73.03,73.51,72.964,73.5,22694330.0
1516060800,73.71,73.84,73.341,73.43,24617810.0
1516147200,73.63,74.08,73.465,73.81,21424440.0
1516233600,73.61,73.8,73.4901,73.72,19094620.0
1516320000,74.09,74.14,73.86,74.13,19622550.0
1516579200,74.19,74.54,74.15,74.51,14992540.0
1516665600,74.6,74.8,74.51,74.75,15575400.0
1516752000,75.16,75.23,74.63,74.88,24383730.0
1516838400,75.18,75.21,74.445,74.59,23272460.0
1516924800,74.98,75.27,74.93,75.25,19192560.0
1517184000,74.65,74.72,74.415,74.56,26906620.0
1517270400,74.32,74.37,73.85,73.94,113986300.0
1517356800,74.19,74.2286,73.7102,73.84,38496470.0
1517443200,73.72,74.185,73.68,74.05,30876230.0
1517529600,73.33,73.33,72.47,72.55,36175440.0
1517788800,71.64,71.97,69.31,69.51,78967880.0
1517875200,69.42,71.065,69.26,70.88,84301630.0
1517961600,70.25,70.86,69.985,70.13,44411260.0
1518048000,70.17,70.2,68.28,68.3,59223070.0
1518134400,68.75,68.96,66.89,68.59,66969590.0
1518393600,69.1,69.78,68.88,69.64,37239910.0
1518480000,69.09,69.495,69.07,69.43,20537920.0
1518566400,69.01,70.7,68.98,70.66,31475360.0
1518652800,71.06,71.21,70.505,71.1,31040580.0
1518739200,71.21,71.72,71.18,71.42,23592520.0
1519084800,70.88,71.2,70.58,70.75,25286920.0
1519171200,70.95,71.4,70.38,70.41,30247250.0
1519257600,70.71,71.1,70.54,70.78,20386960.0
1519344000,71.04,71.43,70.9,71.34,30298410.0
1519603200,71.64,72.03,71.385,72.01,21007210.0
1519689600,71.56,71.64,70.9,70.94,22449350.0
1519776000,71.04,71.08,70.17,70.27,31642520.0
1519862400,69.7,70.04,68.75,69.09,51278110.0
1519948800,68.85,69.44,68.565,69.42,35511970.0
1520208000,68.91,69.84,68.89,69.79,18968480.0
1520294400,70.35,70.39,70.01,70.2,20996840.0
1520380800,69.86,70.22,69.66,70.18,14492530.0
1520467200,70.38,70.485,70.095,70.33,14883180.0
1520553600,70.43,70.79,70.315,70.78,17319770.0
1520812800,70.86,71.01,70.705,70.86,12801270.0
1520899200,71.1,71.15,70.26,70.39,19138070.0
1520985600,70.93,70.98,70.31,70.56,13670500.0
1521072000,70.56,70.85,70.4,70.52,21712280.0
1521158400,70.39,70.66,70.365,70.47,16116850.0
1521417600,70.21,70.22,69.525,69.9,20391210.0
1521504000,69.82,70.04,69.725,69.89,20578760.0
1521590400,69.78,70.28,69.71,70.0,17479260.0
1521676800,69.29,69.44,68.68,68.7,42081790.0
1521763200,68.82,68.95,67.91,67.94,44983170.0
1522022400,68.98,69.21,68.29,69.16,31278530.0
1522108800,69.5,69.565,68.39,68.65,35618840.0
1522195200,69.08,69.56,68.78,69.05,35737550.0
1522281600,69.55,69.98,69.37,69.68,36715600.0
1522627200,69.41,69.575,68.25,68.72,52362540.0
1522713600,69.09,69.26,68.735,69.16,30233620.0
1522800000,68.35,69.43,68.32,69.4,26041500.0
1522886400,69.73,70.05,69.69,69.86,22428940.0
1522972800,69.81,70.055,69.17,69.4,24999580.0
1523232000,70.07,70.445,69.8559,69.97,18498730.0
1523318400,70.67,70.885,70.52,70.72,20848730.0
1523404800,70.57,70.86,70.4,70.45,21099100.0
1523491200,70.54,70.82,70.5,70.72,18012500.0
1523577600,70.96,70.97,70.55,70.79,14515420.0
1523836800,70.97,71.0,70.74,70.9,15678030.0
1523923200,71.03,71.359,70.96,71.22,17545370.0
1524009600,71.52,71.69,71.45,71.59,17016510.0
1524096000,71.51,71.61,71.11,71.32,20003930.0
1524182400,71.09,71.1465,70.91,71.05,25826540.0
1524441600,70.99,71.07,70.765,70.96,17695970.0
1524528000,71.09,71.18,70.46,70.67,22013150.0
1524614400,70.41,70.64,70.19,70.55,18280750.0
1524700800,70.9,71.01,70.72,70.9,23697680.0
1524787200,70.88,71.05,70.69,70.97,15395440.0
1525046400,70.89,71.14,70.69,70.74,21730670.0
1525132800,70.66,70.72,70.17,70.49,17308050.0
1525219200,70.85,70.94,70.405,70.46,16409410.0
1525305600,70.58,70.77,70.045,70.68,19854380.0
1525392000,70.17,71.0,70.13,70.93,17022640.0
1525651200,70.88,71.12,70.81,70.94,8172574.0
1525737600,70.69,70.95,70.56,70.95,12400290.0
1525824000,70.85,71.2,70.79,71.12,15413980.0
1525910400,71.34,71.58,71.21,71.58,18107470.0
1525996800,71.8,71.91,71.68,71.77,19083750.0
1526256000,72.03,72.0969,71.815,71.9,17790300.0
1526342400,71.28,71.52,71.1,71.38,18330070.0
1526428800,71.31,71.53,71.23,71.48,13758300.0
1526515200,71.51,71.71,71.39,71.59,16188780.0
1526601600,71.38,71.45,71.23,71.33,21815650.0
1526860800,71.69,71.78,71.6,71.78,13404880.0
1526947200,71.88,71.935,71.61,71.69,12897920.0
1527033600,70.78,70.92,70.56,70.9,23295770.0
1527120000,70.78,70.81,70.21,70.68,21542440.0
1527206400,70.17,70.32,70.03,70.22,17225560.0
1527552000,69.14,69.375,68.53,68.79,57008870.0
1527638400,69.38,69.89,69.185,69.84,25531720.0
1527724800,69.63,69.7,69.115,69.4,47886830.0
1527811200,69.92,70.02,69.64,70.0,39232570.0
1528070400,70.46,70.54,70.18,70.21,18561880.0
1528156800,70.22,70.25,69.92,70.1,16641020.0
1528243200,70.35,70.73,70.18,70.73,25445410.0
1528329600,70.79,70.815,70.2,70.33,25977000.0
1528416000,70.27,70.5,70.09,70.41,23206330.0
1528675200,70.67,71.025,70.61,70.86,26145050.0
1528761600,70.72,70.76,70.35,70.41,22706280.0
1528848000,70.64,70.7095,70.225,70.51,20486700.0
1528934400,70.51,70.72,70.32,70.36,24099040.0
1529020800,70.03,70.04,69.73,70.0,31422850.0
1529280000,69.23,69.52,69.14,69.5,30778480.0
1529366400,67.16,67.57,67.06,67.52,30397650.0
1529452800,67.78,67.83,67.4,67.57,38687270.0
1529539200,67.39,67.39,67.02,67.09,23793220.0
1529625600,67.95,68.13,67.66,67.8,27041410.0
1529884800,67.32,67.39,66.68,66.86,39388310.0
1529971200,67.08,67.115,66.71,66.98,23117480.0
1530057600,67.04,67.3,66.32,66.35,29616820.0
1530144000,66.33,66.675,66.195,66.6,21384790.0
1530230400,67.12,67.37,66.91,66.97,31526410.0
1530489600,66.02,66.43,66.0,66.36,39167940.0
1530576000,66.89,66.99,66.525,66.56,14919880.0
1530748800,67.17,67.27,66.975,67.22,18576640.0
1530835200,67.31,67.715,67.24,67.58,16641650.0
1531094400,68.12,68.25,67.95,68.23,20682100.0
1531180800,68.11,68.27,68.07,68.2,18981400.0
1531267200,67.43,67.61,66.865,67.06,30172190.0
1531353600,67.42,67.645,67.3,67.58,18810590.0
1531440000,67.61,67.815,67.475,67.79,17206910.0
1531699200,67.77,67.859,67.65,67.76,15422210.0
1531785600,67.58,67.96,67.5438,67.88,16964990.0
1531872000,67.83,68.04,67.72,67.89,13712350.0
1531958400,67.54,67.88,67.47,67.75,26316460.0
1532044800,67.77,68.18,67.755,68.07,28610210.0
1532304000,68.07,68.14,67.935,68.07,10192950.0
1532390400,68.64,68.795,68.36,68.47,17645520.0
1532476800,68.46,69.09,68.235,68.98,29698850.0
1532563200,68.72,68.85,68.6,68.67,23009390.0
1532649600,68.97,69.11,68.73,68.8,28911760.0
1532908800,69.04,69.09,68.7743,68.79,17630310.0
1532995200,69.04,69.1,68.75,68.88,25087540.0
1533081600,68.77,68.8,68.445,68.53,25401030.0
1533168000,67.79,68.08,67.72,68.08,24343150.0
1533254400,67.82,68.15,67.78,68.12,14176240.0
1533513600,67.7,67.93,67.58,67.83,12077900.0
1533600000,68.51,68.535,68.3,68.36,17495460.0
1533686400,68.28,68.43,68.125,68.3,13812780.0
1533772800,68.32,68.39,68.06,68.1,11964750.0
1533859200,66.86,66.99,66.605,66.74,28624570.0
1534118400,66.65,66.78,66.35,66.5,24817700.0
1534204800,66.59,66.65,66.37,66.49,22596720.0
1534291200,65.61,65.69,65.15,65.53,41602710.0
1534377600,65.96,66.235,65.93,65.99,23297130.0
1534464000,65.97,66.55,65.91,66.38,25722880.0
1534723200,66.64,66.82,66.62,66.74,16229330.0
1534809600,67.17,67.365,66.9902,67.15,15670120.0
1534896000,67.45,67.525,67.33,67.41,13217470.0
1534982400,67.07,67.215,66.87,66.93,22030670.0
1535068800,67.23,67.46,67.135,67.32,21816630.0
1535328000,67.91,68.27,67.87,68.22,24820270.0
1535414400,68.39,68.45,68.1201,68.16,19866760.0
1535500800,68.16,68.54,68.085,68.53,18107750.0
1535587200,67.95,68.05,67.71,67.88,20743000.0
1535673600,67.46,67.69,67.075,67.34,30835510.0
1536019200,66.5,66.78,66.415,66.77,25303400.0
1536105600,66.34,66.42,65.96,66.16,26850830.0
1536192000,66.06,66.22,65.645,65.96,25554960.0
1536278400,65.33,65.625,65.24,65.43,22989420.0
1536537600,65.95,65.99,65.75,65.83,15646710.0
1536624000,65.5,65.91,65.4,65.89,17652680.0
1536710400,65.96,66.33,65.91,66.17,19372500.0
1536796800,66.81,66.872,66.49,66.66,26009620.0
1536883200,66.86,66.94,66.6,66.76,20127490.0
1537142400,67.09,67.21,66.81,66.82,13679150.0
1537228800,67.31,67.62,67.3,67.52,20733860.0
1537315200,67.59,67.86,67.59,67.76,15330300.0
1537401600,68.47,68.679,68.29,68.6,22865400.0
1537488000,68.58,68.7353,68.52,68.63,19003320.0
1537747200,68.64,68.66,68.32,68.32,20382670.0
1537833600,68.85,68.89,68.635,68.66,19623040.0
1537920000,68.63,69.13,68.62,68.69,26899910.0
1538006400,68.56,68.86,68.48,68.55,21555260.0
1538092800,67.93,68.2699,67.845,67.99,37330490.0
1538352000,68.21,68.32,68.045,68.07,27879530.0
1538438400,67.55,67.78,67.475,67.72,18689190.0
1538524800,67.84,67.88,67.535,67.6,19372350.0
1538611200,67.17,67.2,66.5,66.81,38671500.0
1538697600,66.65,66.71,66.155,66.41,28116880.0
1538956800,65.69,66.1099,65.535,66.09,24471320.0
1539043200,65.4,66.01,65.3162,65.92,23011180.0
1539129600,65.68,65.68,64.38,64.52,63735320.0
1539216000,64.33,64.54,63.19,63.62,119275100.0
1539302400,64.112,64.14,63.18,63.85,66647650.0
1539561600,63.69,64.035,63.51,63.7,32702350.0
1539648000,64.53,64.92,64.43,64.79,35959120.0
1539734400,64.59,64.67,64.12,64.42,26566550.0
1539820800,64.17,64.25,63.18,63.38,48286540.0
1539907200,63.72,64.1,63.695,63.74,31924060.0
1540166400,63.8,63.85,63.27,63.46,28641260.0
1540252800,62.42,63.13,62.05,62.86,54694270.0
1540339200,62.5,62.54,61.04,61.08,61755280.0
1540425600,61.58,62.17,61.34,61.85,47258060.0
1540512000,61.09,61.83,60.58,61.43,72008760.0
1540771200,62.1,62.2318,60.77,61.26,60675290.0
1540857600,61.39,62.01,61.3021,62.0,50851510.0
1540944000,62.51,62.8,62.4001,62.46,49280910.0
1541030400,63.0,63.27,62.76,63.26,42760170.0
1541116800,63.83,63.92,62.975,63.35,39082710.0
1541376000,63.39,63.51,63.16,63.35,23002650.0
1541462400,63.37,63.66,63.31,63.61,18913710.0
1541548800,64.19,64.5,63.975,64.46,34147840.0
1541635200,64.22,64.35,63.685,63.83,31336630.0
1541721600,63.41,63.52,63.1133,63.41,27581730.0
1541980800,62.97,62.99,62.29,62.37,31068910.0
1542067200,62.53,63.08,62.37,62.64,37193890.0
1542153600,63.08,63.125,62.34,62.69,51500190.0
1542240000,62.28,63.02,61.965,62.89,54666350.0
1542326400,62.48,63.03,62.38,62.96,30723560.0
1542585600,62.92,62.9468,62.25,62.41,30409720.0
1542672000,61.57,61.825,61.18,61.33,41209610.0
1542758400,62.09,62.44,61.99,62.19,32720620.0
1542931200,61.66,61.98,61.66,61.78,13336460.0
1543190400,62.56,62.77,62.5,62.71,31007400.0
1543276800,62.34,62.51,62.16,62.47,38111390.0
1543363200,62.56,63.41,62.28,63.36,40600820.0
1543449600,62.99,63.25,62.825,63.04,31259710.0
1543536000,62.68,62.84,62.49,62.77,32068550.0
1543795200,63.75,63.75,63.36,63.6,43673900.0
1543881600,63.28,63.34,61.89,61.95,50079580.0
1544054400,60.9,61.42,60.23,61.37,78901420.0
1544140800,61.46,61.7,60.61,60.75,54090300.0
1544400000,60.49,60.595,59.66,60.28,61630490.0
1544486400,60.9,60.92,60.105,60.47,71163580.0
1544572800,61.42,61.78,61.355,61.36,45925560.0
1544659200,61.48,61.63,61.19,61.25,44498230.0
1544745600,60.59,60.85,60.41,60.46,50414820.0
1545004800,60.45,60.52,59.73,59.98,58508480.0
1545091200,59.62,59.82,59.2,59.39,46060010.0
1545177600,59.64,60.1,58.58,58.82,68491540.0
1545264000,58.9,59.07,58.35,58.58,97602570.0
1545350400,58.17,58.51,57.475,57.56,93622530.0
1545609600,57.56,57.785,56.84,56.89,47120320.0
1545782400,57.25,58.3,56.77,58.21,69815550.0
1545868800,57.55,58.38,57.11,58.38,76591160.0
1545955200,58.96,58.99,58.52,58.69,68541830.0
1546214400,59.02,59.06,58.58,58.78,62878760.0
1546387200,58.0,58.67,57.98,58.66,38675140.0
1546473600,58.52,58.545,58.025,58.13,35012600.0
1546560000,59.08,60.12,58.99,59.91,47001750.0
1546819200,59.99,60.415,59.82,60.14,30335850.0
1546905600,60.73,60.755,60.35,60.53,26444640.0
1546992000,61.08,61.34,60.91,61.21,34615280.0
1547078400,60.97,61.46,60.9248,61.45,33699320.0
1547164800,60.98,61.16,60.85,61.03,40655580.0
1547424000,60.58,60.945,60.55,60.75,28016340.0
1547510400,60.91,61.16,60.705,61.07,35202730.0
1547596800,61.13,61.31,61.1,61.24,38473910.0
1547683200,60.88,61.57,60.86,61.46,28895990.0
1547769600,62.07,62.15,61.84,62.08,39380830.0
1548115200,61.43,61.51,61.0,61.12,36637850.0
1548201600,61.64,61.69,61.145,61.4,21725570.0
1548288000,61.43,61.645,61.26,61.47,21842780.0
1548374400,62.06,62.275,62.015,62.17,31128570.0
1548633600,61.67,61.89,61.58,61.83,28738180.0
1548720000,62.21,62.34,61.97,61.97,23933680.0
1548806400,62.27,62.9,62.11,62.65,30465670.0
1548892800,62.56,62.83,62.41,62.68,32870490.0
1548979200,62.69,62.83,62.4965,62.66,22056050.0
1549238400,62.57,62.915,62.445,62.89,20254210.0
1549324800,63.29,63.434,63.2,63.38,29367110.0
1549411200,63.22,63.3,62.96,63.06,19635890.0
1549497600,62.57,62.67,62.09,62.22,33930700.0
1549584000,61.82,62.03,61.61,62.02,21440370.0
1549843200,61.96,62.09,61.82,61.96,22453010.0
1549929600,62.54,62.71,62.5,62.68,28176320.0
1550016000,62.9,63.05,62.69,62.69,22923490.0
1550102400,62.7,62.92,62.53,62.71,23166900.0
1550188800,63.34,63.62,62.71,63.62,29544710.0
1550534400,63.41,63.97,63.41,63.86,19126770.0
1550620800,63.94,64.3,63.93,64.04,27833070.0
1550707200,63.99,64.035,63.7507,63.91,19709620.0
1550793600,64.1,64.2699,64.02,64.12,19653780.0
1551052800,64.52,64.58,64.28,64.31,21208940.0
1551139200,64.42,64.77,64.39,64.62,23246230.0
1551225600,64.5,64.585,64.295,64.36,19933420.0
1551312000,64.31,64.455,64.2,64.27,27619720.0
1551398400,64.64,64.75,64.39,64.62,26191800.0
1551657600,64.68,64.71,64.12,64.38,22254730.0
1551744000,64.36,64.605,64.2748,64.44,22315090.0
1551830400,64.55,64.565,64.25,64.28,14060080.0
1551916800,64.0,64.07,63.45,63.46,29445810.0
1552003200,63.07,63.47,63.06,63.47,21427590.0
1552262400,63.51,64.04,63.51,64.02,16204820.0
1552348800,63.99,64.11,63.9,63.98,31559430.0
1552435200,64.22,64.59,64.215,64.53,17856270.0
1552521600,64.49,64.65,64.3901,64.52,20861440.0
1552608000,64.97,65.24,64.925,65.22,44269520.0
1552867200,65.33,65.48,65.22,65.45,27734310.0
1552953600,65.84,65.88,65.44,65.58,32094830.0
1553040000,65.33,65.915,65.11,65.61,33136010.0
1553126400,65.17,65.63,65.16,65.57,34686490.0
1553212800,64.85,64.955,64.28,64.31,36194250.0
1553472000,64.26,64.45,64.1,64.4,26707870.0
1553558400,64.87,64.94,64.605,64.72,36734390.0
1553644800,64.89,64.97,64.31,64.75,21772330.0
1553731200,64.63,64.71,64.36,64.59,16383320.0
1553817600,64.87,64.9,64.57,64.86,23395910.0
1554076800,65.48,65.71,65.39,65.69,33228140.0
1554163200,65.6,65.74,65.4315,65.71,18185500.0
1554249600,66.17,66.38,66.09,66.22,25471620.0
1554336000,65.99,66.125,65.96,66.08,23580490.0
1554422400,66.03,66.25,66.03,66.25,27828800.0
1554681600,66.24,66.29,66.08,66.29,21464150.0
1554768000,66.05,66.06,65.84,65.87,17074910.0
1554854400,65.96,66.14,65.88,66.12,25289270.0
1554940800,66.05,66.13,65.85,65.98,16309440.0
1555027200,66.42,66.47,66.2937,66.44,31507730.0
1555286400,66.49,66.51,66.335,66.47,11608030.0
1555372800,66.73,66.74,66.47,66.52,19958110.0
1555459200,66.85,66.87,66.6,66.71,23535510.0
1555545600,66.71,66.75,66.51,66.67,21794010.0
1555891200,66.46,66.665,66.42,66.56,21336710.0
1555977600,66.44,66.72,66.4,66.69,17741390.0
1556064000,66.34,66.4,66.105,66.23,26417520.0
1556150400,66.02,66.2,65.96,66.18,16020340.0
1556236800,66.3,66.46,66.2,66.45,17705730.0
1556496000,66.48,66.74,66.425,66.72,16992680.0
1556582400,66.7,66.87,66.48,66.76,36572900.0
1556668800,66.86,66.98,66.33,66.38,25870830.0
1556755200,66.44,66.47,66.105,66.28,21120660.0
1556841600,66.59,66.99,66.551,66.99,22117390.0
1557100800,65.52,66.32,65.5,66.23,24641050.0
1557187200,65.63,65.69,64.865,65.07,30661420.0
1557273600,65.09,65.39,64.965,65.15,31028320.0
1557360000,64.44,64.9187,64.23,64.85,28991460.0
1557446400,64.84,65.35,64.47,65.33,34968020.0
1557705600,64.13,64.22,63.71,63.81,42253210.0
1557792000,64.27,64.62,64.205,64.45,32213990.0
1557878400,63.98,64.79,63.95,64.68,39054930.0
1557964800,64.92,65.41,64.91,65.2,27414280.0
1558051200,64.8,65.105,64.72,64.77,35566280.0
1558310400,64.51,64.73,64.35,64.51,27914480.0
1558396800,64.86,65.03,64.7,64.94,20838870.0
1558483200,64.62,64.835,64.61,64.68,22818180.0
1558569600,64.0,64.16,63.82,64.09,29106780.0
1558656000,64.77,64.79,64.54,64.78,23319950.0
1559001600,64.73,64.8381,64.13,64.15,32636970.0
1559088000,63.68,63.75,63.435,63.74,32910380.0
1559174400,63.815,63.99,63.74,63.98,28874310.0
1559260800,63.13,63.47,63.07,63.4,34278600.0
1559520000,63.59,63.87,63.41,63.77,36735870.0
1559606400,64.21,64.56,64.04,64.5,34241650.0
1559692800,64.79,64.8,64.38,64.48,19015350.0
1559779200,64.73,64.875,64.5648,64.74,28586900.0
1559865600,65.36,65.7272,65.33,65.56,31020130.0
1560124800,65.73,65.92,65.67,65.74,21435790.0
1560211200,66.34,66.36,65.98,66.07,22255010.0
1560297600,65.81,65.9,65.545,65.58,17110540.0
1560384000,65.74,65.77,65.47,65.64,24194520.0
1560470400,65.25,65.25,65.09,65.16,37202080.0
1560729600,63.8,63.96,63.76,63.83,22615780.0
1560816000,64.35,64.71,64.33,64.68,34024300.0
1560902400,64.83,65.2,64.775,65.08,25092700.0
1560988800,65.83,65.855,65.44,65.65,32817380.0
1561075200,65.37,65.56,65.32,65.37,25032700.0
1561334400,65.56,65.64,65.49,65.51,23238810.0
1561420800,65.58,65.6,65.12,65.12,24373010.0
1561507200,65.37,65.41,65.2,65.2,13170700.0
1561593600,65.37,65.475,65.33,65.36,14439840.0
1561680000,65.64,65.8,65.595,65.73,27667860.0
1561939200,66.39,66.39,65.88,66.04,25621550.0
1562025600,66.17,66.285,66.13,66.23,26045880.0
1562112000,66.59,66.72,66.55,66.68,14359260.0
1562284800,66.1,66.21,65.76,66.17,21696230.0
1562544000,65.8,65.915,65.75,65.79,15839480.0
1562630400,65.33,65.54,65.3,65.51,11661800.0
1562716800,65.82,65.93,65.62,65.74,15051480.0
1562803200,65.87,65.9,65.55,65.72,14023840.0
1562889600,65.69,65.8,65.59,65.8,14459460.0
1563148800,65.87,65.92,65.76,65.86,12363180.0
1563235200,65.67,65.795,65.53,65.59,23641390.0
1563321600,65.76,65.76,65.475,65.5,13318810.0
1563408000,65.25,65.7,65.18,65.7,18640890.0
1563494400,65.67,65.75,65.48,65.51,16908590.0
1563753600,65.6,65.66,65.47,65.58,15203910.0
1563840000,65.98,66.05,65.84,65.99,22078430.0
1563926400,65.81,66.04,65.8,66.04,11192500.0
1564012800,65.84,65.86,65.3,65.37,24288150.0
1564099200,65.55,65.6,65.475,65.5,16616460.0
1564358400,65.72,65.73,65.53,65.64,11655470.0
1564444800,64.9,64.94,64.73,64.88,24945270.0
1564531200,64.85,65.04,64.0,64.45,32619050.0
1564617600,64.53,65.065,64.01,64.27,38568620.0
1564704000,64.02,64.02,63.445,63.7,37777990.0
1564963200,62.78,62.78,61.83,62.11,54766740.0
1565049600,62.6,62.685,62.075,62.53,33907440.0
1565136000,62.27,62.89,62.09,62.77,41814740.0
1565222400,63.02,63.54,62.94,63.38,29156380.0
1565308800,63.19,63.24,62.79,62.94,23227430.0
1565568000,62.69,62.87,62.33,62.44,21905970.0
1565654400,62.32,63.2,62.255,63.03,31648890.0
1565740800,61.855,61.94,61.3,61.3,39692920.0
1565827200,61.58,61.7,61.26,61.51,40936060.0
1565913600,61.86,62.31,61.86,62.25,24168380.0
1566172800,62.82,62.85,62.62,62.63,22998620.0
1566259200,62.61,62.63,62.34,62.42,21710230.0
1566345600,63.1,63.1,62.86,62.86,25971800.0
1566432000,62.89,62.97,62.51,62.74,20505140.0
1566518400,62.59,63.01,61.95,61.96,34410500.0
1566777600,62.59,62.61,62.26,62.47,27780050.0
1566864000,62.77,62.82,62.42,62.42,24511520.0
1566950400,62.27,62.63,62.09,62.42,25028440.0
1567036800,63.02,63.09,62.8,62.96,19046710.0
1567123200,63.4,63.42,62.93,63.21,33527320.0
1567468800,62.85,63.0971,62.775,63.09,33998210.0
1567555200,63.74,63.98,63.66,63.98,25619300.0
1567641600,64.43,64.57,64.31,64.32,22265880.0
1567728000,64.51,64.6865,64.455,64.53,21338270.0
1567987200,64.73,64.74,64.57,64.72,15965600.0
1568073600,64.6,64.885,64.47,64.83,19028830.0
1568160000,65.02,65.21,64.96,65.19,18413240.0
1568246400,65.24,65.655,65.15,65.57,30292240.0
1568332800,65.89,66.075,65.8038,65.94,22132250.0
1568592000,65.53,65.565,65.31,65.35,31083580.0
1568678400,65.25,65.62,65.19,65.57,23845180.0
1568764800,65.41,65.575,65.108,65.49,17827650.0
1568851200,65.83,65.945,65.685,65.71,19014050.0
1568937600,65.79,65.895,65.48,65.56,35976870.0
1569196800,65.2,65.44,65.13,65.39,15496950.0
1569283200,65.55,65.61,65.1,65.14,32233050.0
1569369600,64.79,65.05,64.56,64.95,21345950.0
1569456000,65.3,65.35,65.085,65.19,25197230.0
1569542400,65.19,65.295,64.835,64.97,20607410.0
1569801600,64.97,65.235,64.95,65.21,25423490.0
1569888000,65.02,65.07,64.46,64.57,42555670.0
1569974400,63.73,63.78,63.1,63.25,44563480.0
1570060800,63.26,63.69,62.98,63.67,39613330.0
1570147200,63.72,64.2,63.675,64.17,19269600.0
1570406400,64.12,64.4054,64.08,64.09,19227970.0
1570492800,63.76,63.81,63.44,63.49,28197540.0
1570579200,63.92,64.08,63.77,63.95,22989540.0
1570665600,63.92,64.43,63.88,64.4,27148080.0
1570752000,65.37,65.82,65.37,65.55,37734040.0
1571011200,65.24,65.4067,65.2,65.28,12661980.0
1571097600,65.56,66.25,65.51,66.04,24972130.0
1571184000,66.02,66.29,65.97,66.14,28612750.0
1571270400,66.48,66.525,66.13,66.3,26986850.0
1571356800,66.21,66.3844,66.01,66.27,21446130.0
1571616000,66.71,66.75,66.5926,66.63,29776590.0
1571702400,66.68,66.91,66.46,66.47,21757600.0
1571788800,66.6,66.83,66.52,66.83,14206220.0
1571875200,67.07,67.08,66.82,66.95,23619880.0
1571961600,66.76,67.07,66.75,67.02,17184200.0
1572220800,67.12,67.34,67.11,67.32,16490580.0
1572307200,67.06,67.33,67.03,67.3,15251900.0
1572393600,67.24,67.58,66.92,67.58,22592940.0
1572480000,67.37,67.42,67.11,67.42,22047930.0
1572566400,67.85,68.02,67.805,68.02,32338630.0
1572825600,68.48,68.5258,68.23,68.37,20429920.0
1572912000,68.29,68.35,68.115,68.24,15727270.0
1572998400,68.31,68.38,68.1105,68.21,16600200.0
1573084800,68.59,68.64,68.39,68.42,21271520.0
1573171200,68.18,68.38,68.03,68.38,10298800.0
1573430400,68.02,68.31,68.015,68.29,8543981.0
1573516800,68.28,68.455,68.18,68.32,18570140.0
1573603200,67.84,68.1168,67.82,68.08,21450060.0
1573689600,67.73,67.93,67.66,67.89,17870850.0
1573776000,68.05,68.32,68.045,68.32,23494590.0
1574035200,68.24,68.46,68.13,68.4,20587470.0
1574121600,68.6,68.625,68.22,68.31,18664800.0
1574208000,67.94,68.1,67.675,67.88,20655200.0
1574294400,67.87,67.9,67.62,67.79,14293410.0
1574380800,68.06,68.11,67.82,67.98,14969270.0
1574640000,68.28,68.52,68.28,68.52,19329050.0
1574726400,68.41,68.54,68.36,68.48,24275970.0
1574812800,68.57,68.69,68.535,68.66,16942150.0
1574985600,68.22,68.34,68.14,68.18,11587150.0
1575244800,68.1,68.14,67.53,67.83,38855440.0
1575331200,67.23,67.62,67.02,67.58,28464660.0
1575417600,68.0,68.21,67.94,68.2,21762240.0
1575504000,68.24,68.24,67.96,68.07,21039740.0
1575590400,68.62,68.71,68.545,68.69,23179580.0
1575849600,68.57,68.68,68.33,68.33,22138520.0
1575936000,68.26,68.5,68.14,68.36,23419020.0
1576022400,68.39,68.79,68.37,68.72,16548100.0
1576108800,68.64,69.25,68.6,69.18,30690890.0
1576195200,69.56,69.98,69.4,69.66,47204040.0
1576454400,69.6,69.71,69.51,69.62,34004720.0
1576540800,69.3,69.4,69.22,69.22,28111110.0
1576627200,69.14,69.205,69.01,69.13,18590910.0
1576713600,68.99,69.15,68.93,69.13,25939210.0
1576800000,69.29,69.32,69.16,69.18,38587670.0
1577059200,69.24,69.33,69.18,69.29,21313750.0
1577145600,69.28,69.28,69.16,69.22,5946978.0
1577318400,69.35,69.54,69.27,69.52,8372029.0
1577404800,69.84,69.85,69.59,69.64,16281620.0
1577664000,69.76,69.77,69.1,69.12,24069480.0
1577750400,69.19,69.48,68.97,69.44,20142200.0
1577923200,69.96,70.16,69.84,70.14,24749340.0
1578009600,69.19,69.7,69.19,69.27,29921490.0
1578268800,69.16,69.57,69.15,69.54,22637730.0
1578355200,69.52,69.54,69.3,69.35,15113970.0
1578441600,69.27,69.74,69.26,69.55,14249540.0
1578528000,69.68,69.75,69.54,69.71,13749110.0
1578614400,69.66,69.78,69.37,69.45,33832300.0
1578873600,69.51,69.85,69.37,69.81,16443010.0
1578960000,69.68,70.0,69.67,69.88,28826590.0
1579046400,69.82,69.99,69.785,69.88,12217900.0
1579132800,69.99,70.2,69.91,70.17,12883360.0
1579219200,70.36,70.42,70.21,70.38,18473660.0
1579564800,70.06,70.135,69.81,69.82,20026640.0
1579651200,70.14,70.16,69.91,69.96,14047050.0
1579737600,69.7,69.865,69.36,69.79,18720160.0
1579824000,70.08,70.08,69.37,69.49,24107500.0
1580083200,68.15,68.42,68.045,68.05,32766680.0
1580169600,68.36,68.74,68.26,68.69,18001720.0
1580256000,68.82,68.93,68.602,68.7,14916570.0
1580342400,68.15,68.67,67.98,68.64,26285270.0
1580428800,68.0,68.025,67.26,67.48,40101750.0
1580688000,67.67,67.99,67.6,67.64,35287960.0
1580774400,68.66,68.87,68.59,68.77,32540440.0
1580860800,69.43,69.48,69.2,69.43,28162050.0
1580947200,69.64,69.68,69.495,69.62,23422500.0
1581033600,69.21,69.25,68.94,68.96,22188190.0
1581292800,68.85,69.13,68.85,69.1,13957640.0
1581379200,69.58,69.71,69.43,69.57,16040610.0
1581465600,69.8,69.86,69.675,69.81,13218280.0
1581552000,69.18,69.51,69.095,69.32,20113120.0
1581638400,69.31,69.33,69.0249,69.2,15005050.0
1581984000,68.7,68.9,68.6239,68.76,29201880.0
1582070400,69.0,69.11,68.945,68.99,16232740.0
1582156800,68.72,68.8739,68.195,68.58,24607670.0
1582243200,68.36,68.4185,68.06,68.26,24362200.0
1582502400,65.505,66.03,65.5,65.53,51653510.0
1582588800,65.83,65.885,64.35,64.45,55520200.0
1582675200,65.0,65.4282,64.48,64.53,64966060.0
1582761600,63.51,64.2,62.59,62.62,80201530.0
1582848000,61.26,62.35,60.67,62.24,122982100.0
1583107200,62.23,63.165,61.705,63.04,78735870.0
1583193600,63.57,64.27,62.05,62.53,77691700.0
1583280000,63.63,64.465,63.1,64.4,41681740.0
1583366400,62.96,63.37,62.41,62.69,46293960.0
1583452800,61.56,62.1,61.155,61.75,64277170.0
1583712000,57.63,58.805,56.76,56.96,68430950.0
1583798400,59.2,59.37,57.19,59.06,110061600.0
1583884800,57.54,57.69,55.685,56.05,77459350.0
1583971200,51.8,51.96,49.205,49.89,91385080.0
1584057600,53.12,53.3,49.77,52.91,73588660.0
1584316800,46.59,49.07,45.77,47.45,54122740.0
1584403200,48.12,49.9,47.36,49.76,55045370.0
1584489600,46.68,48.1199,45.725,46.91,74919720.0
1584576000,46.86,48.7,46.461,47.64,65863070.0
1584662400,48.87,49.39,47.0,47.05,62802950.0
1584921600,47.34,47.63,46.185,46.5,61707990.0
1585008000,50.03,50.81,49.425,50.44,51118530.0
1585094400,51.0,52.91,50.28,52.08,60405620.0
1585180800,52.38,54.495,52.38,54.41,60512010.0
1585267200,52.44,53.735,52.04,52.86,53372470.0
1585526400,53.05,53.97,52.7,53.93,45987850.0
1585612800,53.09,53.9401,52.795,53.46,64906550.0
1585699200,51.73,52.265,51.05,51.09,40960300.0
1585785600,51.17,52.295,51.01,52.09,38008680.0
1585872000,51.26,51.47,50.585,50.9,33029770.0
1586131200,52.75,53.8,52.59,53.6,42257580.0
1586217600,55.42,55.49,53.8,53.9,36677990.0
1586304000,54.05,54.58,53.595,54.34,35282890.0
1586390400,55.18,55.77,55.0,55.57,42219300.0
1586736000,55.4,55.49,54.62,55.04,33424730.0
1586822400,55.92,56.43,55.81,56.02,36915630.0
1586908800,54.45,54.6967,54.12,54.27,30158740.0
1586995200,54.48,54.555,53.7768,54.3,37284250.0
1587081600,55.6,55.81,55.115,55.74,36205110.0
1587340800,55.06,55.765,54.9,54.91,25077410.0
1587427200,54.1,54.515,53.67,53.84,35535310.0
1587513600,54.76,54.87,54.51,54.75,28732720.0
1587600000,54.86,55.65,54.45,54.58,34733570.0
1587686400,54.99,55.26,54.57,55.21,30445130.0
1587945600,55.58,56.07,55.49,55.94,30786880.0
1588032000,57.08,57.095,56.32,56.36,35115380.0
1588118400,57.54,57.97,57.41,57.77,34917830.0
1588204800,56.99,57.09,56.26,56.57,52183150.0
1588291200,55.73,55.81,55.11,55.34,32088400.0
1588550400,54.92,55.325,54.7,55.32,23432000.0
1588636800,55.73,55.935,55.33,55.42,23459140.0
1588723200,55.85,55.89,55.06,55.06,22595960.0
1588809600,55.87,56.16,55.62,55.89,30628730.0
1588896000,56.58,56.85,56.49,56.84,20445850.0
1589155200,56.5,56.95,56.41,56.79,30772320.0
1589241600,56.96,57.02,56.07,56.07,59246700.0
1589328000,56.41,56.42,55.365,55.64,31920260.0
1589414400,54.35,55.185,54.01,55.11,41217450.0
1589500800,55.04,55.38,54.795,55.16,34085990.0
1589760000,56.56,57.52,56.525,57.39,39999480.0
1589846400,56.97,57.225,56.59,56.6,31462550.0
1589932800,57.68,58.055,57.55,57.78,32827610.0
1590019200,57.59,57.745,56.94,57.11,27554380.0
1590105600,56.83,56.99,56.58,56.95,27513050.0
1590451200,58.69,58.91,58.54,58.58,46679700.0
1590537600,59.31,59.34,58.67,59.29,33723370.0
1590624000,60.06,60.52,59.82,59.85,40631260.0
1590710400,59.76,59.795,59.005,59.64,47610270.0
1590969600,60.13,60.99,60.08,60.97,30195250.0
1591056000,61.34,61.66,61.25,61.54,31662990.0
1591142400,62.32,63.19,62.3,63.01,29773130.0
1591228800,62.61,63.12,62.57,62.74,26190310.0
1591315200,63.98,64.32,63.7,63.82,31208090.0
1591574400,64.17,64.66,63.79,64.65,29643980.0
1591660800,63.54,64.03,63.445,63.81,30176550.0
1591747200,64.04,64.225,63.43,63.67,27492200.0
1591833600,61.98,62.18,60.13,60.26,54699710.0
1591920000,61.86,62.005,60.44,61.3,57668890.0
1592179200,59.32,60.84,59.13,60.69,30698710.0
1592265600,61.9,62.02,60.76,61.44,37029430.0
1592352000,61.92,62.015,61.49,61.67,26238320.0
1592438400,61.17,61.55,61.05,61.34,20035840.0
1592524800,62.04,62.06,60.945,61.04,32270800.0
1592784000,61.45,61.85,61.21,61.77,20742980.0
1592870400,62.49,62.61,62.04,62.11,20897850.0
1592956800,61.39,61.525,60.34,60.52,34030900.0
1593043200,60.58,61.44,60.3,61.38,26357130.0
1593129600,61.23,61.29,60.4,60.49,32279270.0
1593388800,60.79,61.095,60.44,60.98,23749700.0
1593475200,60.55,61.1,60.45,60.87,32612950.0
1593561600,60.8,61.29,60.75,61.1,25243120.0
1593648000,61.95,62.2599,61.68,61.77,20854120.0
1593993600,62.7,62.89,62.45,62.78,21537070.0
1594080000,62.21,62.48,61.84,61.86,17394210.0
1594166400,61.87,62.41,61.76,62.38,17363420.0
1594252800,62.29,62.3,61.2513,61.67,26098370.0
1594339200,61.92,62.36,61.73,62.33,22008830.0
1594598400,62.675,63.03,61.835,61.93,20515540.0
1594684800,62.05,62.91,61.975,62.84,35121300.0
1594771200,63.79,63.985,63.375,63.55,28888570.0
1594857600,63.15,63.405,63.03,63.14,24677180.0
1594944000,63.29,63.515,63.125,63.51,19641820.0
1595203200,63.51,63.84,63.325,63.82,17996590.0
1595289600,64.15,64.32,63.91,63.95,21187100.0
1595376000,63.95,64.21,63.84,64.12,18023430.0
1595462400,63.97,64.215,63.45,63.61,16080730.0
1595548800,63.22,63.46,63.08,63.26,16017870.0
1595808000,63.87,64.2,63.81,64.09,16368250.0
1595894400,63.75,64.05,63.645,63.68,20470290.0
1595980800,63.97,64.46,63.84,64.35,20055940.0
1596067200,62.83,63.52,62.31,63.4,24664070.0
1596153600,63.01,63.02,61.66,62.05,36002270.0
1596412800,62.69,63.27,62.54,63.26,23609710.0
1596499200,62.97,63.61,62.94,63.61,16236800.0
1596585600,64.09,64.26,63.73,63.82,17909770.0
1596672000,63.57,63.99,63.4,63.89,17210480.0
1596758400,63.27,63.64,63.2,63.63,14988940.0
1597017600,63.68,63.85,63.47,63.84,10049030.0
1597104000,64.93,64.9745,64.02,64.07,31465510.0
1597190400,65.35,65.76,65.255,65.49,28638500.0
1597276800,65.41,65.58,65.01,65.2,17783140.0
1597363200,64.74,64.935,64.62,64.8,10874170.0
1597622400,65.11,65.32,65.1,65.29,11429930.0
1597708800,65.53,65.62,65.06,65.25,23832720.0
1597795200,65.54,65.62,64.92,64.96,15591900.0
1597881600,64.35,64.8601,64.29,64.75,19825870.0
1597968000,64.01,64.43,63.98,64.42,15926470.0
1598227200,65.39,65.4,65.001,65.27,14627710.0
1598313600,65.63,65.64,64.96,65.31,18507530.0
1598400000,65.34,65.77,65.26,65.69,19549760.0
1598486400,65.73,65.76,64.78,65.02,24413910.0
1598572800,65.41,65.51,65.06,65.48,15197290.0
1598832000,65.31,65.52,64.95,64.98,24929910.0
1598918400,65.02,65.18,64.76,65.05,23945550.0
1599004800,65.52,65.97,65.27,65.92,20748360.0
1599091200,65.71,65.765,64.16,64.43,43834320.0
1599177600,64.69,64.85,63.35,64.52,33992750.0
1599523200,63.73,64.27,63.495,63.73,26869620.0
1599609600,64.75,65.16,64.63,64.92,23374020.0
1599696000,65.27,65.37,64.16,64.16,30361040.0
1599782400,64.95,65.135,64.53,64.8,29958950.0
1600041600,65.35,65.4482,65.1,65.15,14663450.0
1600128000,65.81,65.84,65.43,65.57,17678720.0
1600214400,65.76,66.02,65.45,65.57,18052550.0
1600300800,65.18,65.68,65.12,65.66,18149740.0
1600387200,65.47,65.5,64.91,65.13,27897510.0
1600646400,63.51,63.56,62.8,63.48,39928760.0
1600732800,63.48,63.55,62.885,63.46,15810820.0
1600819200,63.84,63.88,62.86,62.93,18325760.0
1600905600,62.77,63.2786,62.45,62.87,25234860.0
1600992000,62.33,63.1,62.14,63.08,24180730.0
1601251200,63.89,64.05,63.775,64.03,18102730.0
1601337600,64.03,64.23,63.72,63.96,16168290.0
1601424000,63.72,64.13,63.425,63.65,37083000.0
1601510400,64.0,64.07,63.64,64.02,33266740.0
1601596800,63.24,64.045,63.2,63.89,25285540.0
1601856000,64.41,64.88,64.39,64.86,14564080.0
1601942400,64.91,64.95,64.04,64.17,22901390.0
1602028800,64.62,64.805,64.49,64.72,17055530.0
1602115200,65.01,65.19,64.94,65.17,13385040.0
1602201600,65.51,65.725,65.42,65.68,22181580.0
1602460800,65.83,66.11,65.765,66.06,9676136.0
1602547200,65.52,65.52,65.19,65.32,16260530.0
1602633600,65.53,65.64,65.15,65.21,13143980.0
1602720000,63.94,64.5,63.915,64.44,20631770.0
1602806400,64.65,65.02,64.595,64.74,15792590.0
1603065600,65.09,65.17,64.42,64.5,14736370.0
1603152000,64.97,65.18,64.805,64.82,23268030.0
1603238400,64.715,65.04,64.49,64.51,21699070.0
1603324800,64.44,64.665,64.1028,64.56,20533740.0
1603411200,64.95,64.98,64.58,64.98,19334180.0
1603670400,64.16,64.24,63.4232,63.81,17745740.0
1603756800,63.7,63.725,63.22,63.31,19616920.0
1603843200,61.91,62.04,61.365,61.42,36132550.0
1603929600,61.46,61.91,61.14,61.71,30898370.0
1604016000,61.44,61.53,60.97,61.39,35889940.0
1604275200,62.08,62.235,61.765,62.19,24388600.0
1604361600,63.41,64.05,63.33,63.82,26474530.0
1604448000,64.1,65.07,63.84,64.52,26490180.0
1604534400,66.01,66.185,65.67,66.07,28528250.0
1604620800,66.315,66.49,66.095,66.21,21980110.0
1604880000,69.36,69.38,68.12,68.14,43606540.0
1604966400,68.73,69.12,68.55,68.75,37172600.0
1605052800,69.24,69.375,69.045,69.33,16611400.0
1605139200,68.75,68.97,68.16,68.32,24076690.0
1605225600,68.75,69.41,68.72,69.37,21598140.0
1605484800,70.07,70.14,69.71,70.09,20294630.0
1605571200,69.84,70.2199,69.66,70.02,18574520.0
1605657600,70.13,70.35,69.65,69.65,15018050.0
1605744000,69.64,70.19,69.515,70.14,24048010.0
1605830400,70.12,70.44,70.05,70.35,18571960.0
1606089600,70.6,70.685,70.01,70.26,14340290.0
1606176000,70.91,71.38,70.83,71.31,23399360.0
1606262400,70.89,71.4,70.755,71.22,19214870.0
1606435200,71.38,71.77,71.37,71.71,11839130.0
1606694400,71.46,71.53,70.09,70.15,46146550.0
1606780800,71.34,71.86,71.3,71.8,29860470.0
1606867200,71.45,71.88,71.4,71.81,20864720.0
1606953600,72.06,72.265,71.805,71.93,16572670.0
1607040000,72.34,72.555,72.31,72.54,18956070.0
1607299200,72.02,72.22,71.78,71.95,19537680.0
1607385600,71.78,72.24,71.78,72.2,12428130.0
1607472000,72.64,72.64,71.84,72.3,18354990.0
1607558400,71.91,72.555,71.91,72.4,20871310.0
1607644800,71.96,72.19,71.75,72.18,21812000.0
1607904000,71.96,72.065,71.48,71.53,26176420.0
1607990400,71.82,72.31,71.705,72.26,24075670.0
1608076800,72.37,72.62,72.15,72.54,15616660.0
1608163200,73.17,73.275,72.98,73.05,18633260.0
1608249600,73.0,73.02,72.555,72.67,27367940.0
1608508800,70.89,71.91,70.67,71.74,31487980.0
1608595200,71.59,71.665,71.34,71.56,20357180.0
1608681600,72.17,72.44,72.11,72.33,13577270.0
1608768000,72.3,72.435,72.19,72.36,7252936.0
1609113600,73.12,73.15,72.85,72.95,11142210.0
1609200000,73.8,73.855,73.32,73.42,17541470.0
1609286400,73.81,74.0,73.47,73.52,15147060.0
1609372800,73.44,73.45,72.79,72.96,34218480.0
1609718400,74.39,74.42,73.05,73.34,26703650.0
1609804800,73.58,74.28,73.52,74.1,19748490.0
1609891200,74.3,75.32,74.22,74.95,25426950.0
1609977600,74.85,75.14,74.78,75.03,18783730.0
1610064000,75.58,75.73,74.95,75.73,25272170.0
1610323200,74.35,74.96,74.33,74.74,23190790.0
1610409600,74.68,75.13,74.47,75.08,20913980.0
1610496000,74.96,75.16,74.82,74.98,15580810.0
1610582400,75.21,75.75,75.2,75.58,22607520.0
1610668800,74.61,74.7599,73.965,74.4,27355930.0
1611014400,74.97,75.02,74.63,74.94,20162270.0
1611100800,75.05,75.46,74.905,75.45,14419070.0
1611187200,75.5,75.565,75.0407,75.51,20547440.0
1611273600,74.86,75.28,74.83,75.15,18854750.0
1611532800,74.58,75.07,74.14,75.06,21748110.0
1611619200,75.17,75.265,74.9,75.17,14175190.0
1611705600,73.79,74.23,73.18,73.45,31245290.0
1611792000,73.64,74.34,73.57,73.92,26658600.0
1611878400,73.04,73.255,72.0,72.39,42149530.0
1612137600,73.28,73.325,72.925,73.25,23243930.0
1612224000,73.65,74.05,73.4705,73.99,20388460.0
1612310400,74.02,74.21,73.81,74.17,11345810.0
1612396800,73.89,74.25,73.8193,74.25,10500250.0
1612483200,74.61,74.75,74.315,74.71,10955570.0
1612742400,75.25,75.433,75.03,75.23,16405640.0
1612828800,75.34,75.695,75.26,75.64,16337600.0
1612915200,75.87,75.93,75.065,75.38,15402790.0
1613001600,75.79,75.9,75.495,75.89,12314130.0
1613088000,75.68,76.35,75.67,76.31,11946760.0
1613433600,76.99,77.17,76.72,76.86,20225650.0
1613520000,76.3,76.53,76.01,76.41,19222080.0
1613606400,75.85,76.085,75.49,76.03,19191750.0
1613692800,76.34,76.59,76.14,76.25,14962570.0
1613952000,76.02,76.5201,75.97,76.06,19515830.0
1614038400,75.97,76.3699,75.3,76.13,25014460.0
1614124800,75.66,76.45,75.47,76.37,21877580.0
1614211200,76.5,76.68,74.94,75.07,36921810.0
1614297600,74.86,74.86,73.96,74.01,48798060.0
1614556800,74.9,75.461,74.86,75.4,24269360.0
1614643200,75.34,75.58,75.11,75.32,22204890.0
1614729600,75.09,75.41,74.75,74.86,20856070.0
1614816000,74.93,75.24,73.725,74.15,34648550.0
1614902400,74.61,74.75,73.56,74.63,29694170.0
1615161600,74.32,74.9,74.14,74.37,25081050.0
1615248000,75.18,75.52,75.06,75.37,19060260.0
1615334400,75.7,75.79,75.335,75.69,19467440.0
1615420800,75.93,76.22,75.75,76.09,15485310.0
1615507200,75.68,76.31,75.65,76.28,16342490.0
1615766400,76.17,76.38,75.72,76.34,17320130.0
1615852800,76.52,76.585,76.34,76.47,16662640.0
1615939200,76.21,77.01,76.115,76.92,16305000.0
1616025600,76.54,77.055,76.21,76.22,23177380.0
1616112000,76.21,76.51,75.765,76.43,31465210.0
1616371200,76.3,76.69,76.24,76.5,27978210.0
1616457600,75.98,76.09,75.34,75.44,22514230.0
1616544000,75.23,75.59,75.05,75.06,20717030.0
1616630400,75.0,75.66,74.835,75.62,25182990.0
1616716800,75.88,76.62,75.87,76.6,27381790.0
1616976000,76.14,76.43,75.92,76.3,18381640.0
1617062400,75.885,76.265,75.81,76.2,15377430.0
1617148800,75.88,76.23,75.82,75.87,32191650.0
1617235200,76.26,76.93,76.21,76.86,26312630.0
1617580800,77.49,78.05,77.36,77.98,20340480.0
1617667200,77.05,77.27,76.96,77.15,18995860.0
1617753600,77.17,77.42,77.11,77.31,14349380.0
1617840000,77.66,77.87,77.515,77.75,15502520.0
1617926400,77.69,78.05,77.69,77.99,16330470.0
1618185600,77.67,77.74,77.44,77.56,13729450.0
1618272000,77.67,78.03,77.62,78.01,12712490.0
1618358400,78.05,78.35,78.0,78.07,13079220.0
1618444800,78.56,78.75,78.485,78.72,20480140.0
1618531200,79.02,79.31,78.895,79.29,17058700.0
1618790400,79.37,79.42,78.935,79.15,15206780.0
1618876800,78.24,78.33,77.55,77.73,29570130.0
1618963200,77.58,78.56,77.56,78.53,15615640.0
1619049600,78.71,78.7758,78.14,78.27,22677840.0
1619136000,78.55,79.23,78.53,79.07,18608920.0
1619395200,79.1,79.23,78.995,79.13,14052120.0
1619481600,78.74,78.93,78.635,78.87,13612220.0
1619568000,78.81,79.26,78.74,79.07,14288610.0
1619654400,79.34,79.38,78.6101,79.1,16411080.0
1619740800,78.62,78.75,77.83,78.11,28951410.0
1620000000,78.75,79.06,78.57,78.97,21382180.0
1620086400,78.11,78.305,77.41,77.8,29144870.0
1620172800,78.65,79.025,78.47,78.86,12137300.0
1620259200,78.96,79.54,78.7099,79.51,21533140.0
1620345600,79.65,80.45,79.57,80.41,23316020.0
1620604800,80.67,80.67,79.92,79.98,16927520.0
1620691200,78.53,79.11,78.415,78.93,34624610.0
1620777600,78.39,78.74,77.51,77.67,32608190.0
1620864000,77.69,78.42,77.66,78.25,36208770.0
1620950400,79.01,79.64,78.96,79.56,18601670.0
1621209600,79.1,79.42,79.03,79.41,16699470.0
1621296000,80.04,80.065,79.58,79.58,16526920.0
1621382400,78.59,79.19,78.215,78.88,30391740.0
1621468800,79.39,80.045,79.365,79.92,21650320.0
1621555200,80.18,80.21,79.76,80.03,26751580.0
1621814400,80.25,80.62,80.195,80.52,12267910.0
1621900800,80.77,80.84,80.41,80.54,14338910.0
1621987200,80.45,80.63,80.35,80.49,12731980.0
1622073600,80.62,80.785,80.4,80.64,16211250.0
1622160000,80.845,81.145,80.79,80.83,21449530.0
1622505600,81.5,81.52,81.02,81.12,27524170.0
1622592000,81.27,81.51,81.16,81.39,13561220.0
1622678400,80.96,81.09,80.7473,80.99,16987610.0
1622764800,81.53,81.74,81.4,81.68,13335270.0
1623024000,81.87,81.99,81.765,81.95,16739050.0
1623110400,82.03,82.11,81.77,81.91,13218660.0
1623196800,81.88,81.94,81.61,81.69,20203680.0
1623283200,80.67,80.95,80.585,80.81,16555150.0
1623369600,80.91,81.06,80.69,81.0,12864850.0
1623628800,80.93,81.16,80.88,81.14,17044420.0
1623715200,81.21,81.27,81.068,81.24,17729160.0
1623801600,81.31,81.399,80.47,80.74,21706660.0
1623888000,80.22,80.39,79.799,80.18,27756300.0
1623974400,78.73,78.93,78.43,78.52,36755070.0
1624233600,78.87,79.595,78.75,79.55,20227950.0
1624320000,79.32,79.75,79.145,79.56,14010210.0
1624406400,79.47,79.53,78.93,79.05,17074600.0
1624492800,79.64,79.85,79.59,79.81,19833280.0
1624579200,79.99,80.05,79.83,79.98,12418790.0
1624838400,79.7,79.76,79.36,79.47,26952930.0
1624924800,79.63,79.68,79.39,79.49,9357471.0
1625011200,78.76,79.06,78.55,78.88,33578500.0
1625097600,78.89,79.12,78.7,79.07,28075380.0
1625184000,79.08,79.36,78.88,79.34,13712700.0
1625529600,79.38,79.4,78.54,78.82,21289840.0
1625616000,79.16,79.35,78.825,79.25,21686380.0
1625702400,77.98,78.37,77.75,78.23,24175770.0
1625788800,79.05,79.61,78.97,79.56,35200100.0
1626048000,79.58,79.94,79.51,79.9,11995810.0
1626134400,79.61,79.785,79.36,79.48,15689510.0
1626220800,79.82,79.835,79.56,79.66,14023620.0
1626307200,78.9,79.095,78.6,78.9,21637940.0
1626393600,78.85,78.895,78.18,78.32,23034070.0
1626652800,77.09,77.23,76.4826,76.9,44844760.0
1626739200,76.72,77.61,76.62,77.46,30309910.0
1626825600,78.01,78.69,77.965,78.64,22928640.0
1626912000,78.93,78.97,78.48,78.67,15874000.0
1626998400,79.19,79.37,79.03,79.22,16550610.0
1627257600,79.07,79.36,79.065,79.33,14870860.0
1627344000,78.97,79.065,78.6345,79.01,20952480.0
1627430400,79.02,79.5,78.89,79.35,19700640.0
1627516800,80.01,80.12,79.88,79.9,23670010.0
1627603200,79.59,79.84,79.33,79.49,23997150.0
1627862400,80.14,80.28,79.74,79.89,25363950.0
1627948800,80.23,80.48,79.9,80.46,19028090.0
1628035200,80.51,80.645,80.195,80.22,12852000.0
1628121600,80.63,80.705,80.52,80.61,11868870.0
1628208000,80.43,80.52,80.18,80.31,10892490.0
1628467200,80.33,80.38,80.18,80.27,7896971.0
1628553600,80.27,80.45,80.22,80.45,10438210.0
1628640000,80.93,81.045,80.76,81.0,14996100.0
1628726400,80.83,80.96,80.67,80.93,12443220.0
1628812800,81.19,81.45,81.12,81.42,14590410.0
1629072000,80.79,81.01,80.53,81.0,19192310.0
1629158400,80.24,80.42,79.885,80.24,23555080.0
1629244800,80.22,80.53,79.92,79.93,16384700.0
1629331200,78.89,79.35,78.85,79.14,30515330.0
1629417600,78.91,79.47,78.82,79.45,15774380.0
1629676800,79.88,80.2757,79.85,80.19,22524750.0
1629763200,80.16,80.49,80.085,80.36,13722870.0
1629849600,80.28,80.47,80.15,80.39,12891620.0
1629936000,80.13,80.235,79.845,79.97,16927890.0
1630022400,79.99,80.77,79.96,80.7,24935780.0
1630281600,80.67,80.795,80.56,80.68,8142005.0
1630368000,80.82,80.835,80.485,80.64,18738360.0
1630454400,81.26,81.59,81.21,81.37,30472120.0
1630540800,81.71,81.88,81.615,81.7,13827380.0
1630627200,81.8,82.18,81.69,82.07,16304810.0
1630972800,82.2,82.2858,82.08,82.13,13967800.0
1631059200,81.78,81.92,81.345,81.48,22764250.0
1631145600,81.45,81.76,81.265,81.34,18963290.0
1631232000,81.92,81.98,81.135,81.16,26709850.0
1631491200,81.95,81.96,81.52,81.8,22335030.0
1631577600,82.04,82.05,81.38,81.46,19177740.0
1631664000,81.38,81.71,81.215,81.7,26233850.0
1631750400,81.35,81.59,81.13,81.57,25765460.0
1631836800,81.07,81.21,80.2307,80.5,37070620.0
1632096000,78.74,79.2,78.33,79.01,45028030.0
1632182400,80.08,80.205,79.68,79.79,37472270.0
1632268800,80.18,80.8,80.12,80.19,28718450.0
1632355200,80.82,81.22,80.77,81.06,31257840.0
1632441600,80.22,80.495,80.17,80.3,20066290.0
1632700800,80.07,80.335,79.97,80.25,15526480.0
1632787200,79.04,79.08,78.235,78.5,48064910.0
1632873600,78.71,78.76,78.235,78.32,31733170.0
1632960000,78.4,78.52,77.815,78.01,39507830.0
1633046400,78.05,78.38,77.495,78.2,44524870.0
1633305600,77.96,78.055,77.1,77.38,32751440.0
1633392000,77.55,78.19,77.46,77.91,25903320.0
1633478400,76.65,77.43,76.43,77.39,36917250.0
1633564800,77.81,78.31,77.8,77.99,19908770.0
1633651200,78.19,78.25,77.84,77.98,23628680.0
1633910400,78.16,78.4099,77.72,77.73,23542610.0
1633996800,77.87,78.04,77.63,77.77,18697380.0
1634083200,78.18,78.64,77.995,78.54,23073570.0
1634169600,79.29,79.395,79.115,79.32,19304350.0
1634256000,79.76,79.995,79.67,79.98,24447250.0
1634515200,79.375,79.68,79.235,79.64,19044670.0
1634601600,79.95,80.25,79.9,80.12,14648970.0
1634688000,80.2,80.5,80.12,80.4,11235450.0
1634774400,79.88,80.15,79.84,80.02,16279130.0
1634860800,80.37,80.66,80.15,80.5,22173470.0
1635120000,80.29,80.475,80.06,80.34,13658060.0
1635206400,80.83,80.83,80.385,80.5,10552890.0
1635292800,80.51,80.63,80.16,80.18,18448990.0
1635379200,80.57,81.02,80.545,80.96,15260160.0
1635465600,80.27,80.55,80.19,80.49,25406920.0
1635724800,80.95,81.3,80.79,81.27,20337370.0
1635811200,81.03,81.21,80.98,81.1,10184520.0
1635897600,81.07,81.79,80.935,81.76,14911040.0
1635984000,81.53,81.71,81.35,81.71,14083260.0
1636070400,81.7,81.83,81.48,81.83,15593630.0
1636329600,81.87,82.0,81.73,81.82,9065882.0
1636416000,81.87,81.92,81.39,81.64,16011230.0
1636502400,81.3,81.445,80.54,80.65,21546840.0
1636588800,81.06,81.155,80.89,80.94,9264672.0
1636675200,81.21,81.435,81.1,81.38,14818190.0
1636934400,81.58,81.595,81.18,81.23,14064490.0
1637020800,81.22,81.31,81.02,81.05,12167890.0
1637107200,80.88,81.03,80.795,80.95,10415460.0
1637193600,80.94,81.08,80.65,81.03,13236770.0
1637280000,80.59,80.67,80.29,80.34,20761890.0
1637539200,80.23,80.47,79.85,79.87,17802350.0
1637625600,79.7,79.985,79.37,79.79,26736820.0
1637712000,78.66,79.27,78.62,79.26,20238670.0
1637884800,77.73,77.82,76.86,77.13,37775960.0
1638144000,77.74,77.81,77.165,77.52,31913740.0
1638230400,77.35,77.59,76.17,76.84,52770830.0
1638316800,77.89,78.25,76.39,76.4,43889850.0
1638403200,76.88,77.59,76.8,77.35,42264470.0
1638489600,77.6,77.7,76.57,77.03,46147540.0
1638748800,77.55,77.92,77.28,77.77,30884290.0
1638835200,78.77,79.43,78.77,79.41,28244900.0
1638921600,79.47,79.68,79.28,79.56,21619350.0
1639008000,79.04,79.13,78.84,78.9,32026520.0
1639094400,79.04,79.14,78.775,79.07,23412150.0
1639353600,77.39,77.485,76.9,76.99,27594690.0
1639440000,76.67,76.96,76.24,76.58,30040450.0
1639526400,76.79,77.64,76.43,77.62,31109440.0
1639612800,78.0,78.08,77.44,77.63,44621080.0
1639699200,77.06,77.25,76.6,76.65,44576390.0
1639958400,76.2,76.53,75.995,76.48,26303350.0
1640044800,76.85,77.37,76.785,77.33,22744090.0
1640131200,77.22,78.1,77.181,78.05,21609740.0
1640217600,78.13,78.69,78.12,78.51,28320110.0
1640563200,78.55,79.12,78.54,79.12,15220190.0
1640649600,79.2,79.39,79.115,79.15,15631430.0
1640736000,79.05,79.22,78.925,79.12,15046940.0
1640822400,79.03,79.13,78.69,78.75,20617450.0
1640908800,78.74,79.08,78.63,78.68,23252260.0
1641168000,79.14,79.225,78.78,79.19,24096850.0
1641254400,79.68,79.875,79.43,79.64,24314270.0
1641340800,79.94,80.04,78.94,78.94,24704130.0
1641427200,78.68,78.92,78.325,78.54,32472900.0
1641513600,78.5,78.89,78.2047,78.77,22833940.0
1641772800,77.89,78.09,77.36,78.04,45587560.0
1641859200,78.09,78.92,77.87,78.89,30847020.0
1641945600,79.38,79.72,79.3,79.66,30780780.0
1642032000,79.89,79.94,78.9847,79.08,24991180.0
1642118400,78.78,79.16,78.505,79.0,26136540.0
1642464000,78.07,78.26,77.66,77.84,37504630.0
1642550400,78.23,78.38,77.71,77.77,34437770.0
1642636800,78.05,78.45,77.29,77.39,38225470.0
1642723200,77.15,77.24,76.21,76.34,60761310.0
1642982400,74.91,75.61,73.55,75.58,85538390.0
1643068800,74.68,75.63,74.1,75.12,54516770.0
1643155200,76.04,76.17,74.455,74.83,55217180.0
1643241600,74.97,75.31,74.19,74.48,46256110.0
1643328000,73.98,74.74,73.53,74.73,44588290.0
1643587200,74.711,75.86,74.69,75.82,38299150.0
1643673600,76.29,76.55,75.75,76.54,53240710.0
1643760000,77.16,77.21,76.73,77.11,35225880.0
1643846400,76.39,76.65,75.87,75.89,46207230.0
1643932800,75.75,76.42,75.52,76.07,32188290.0
1644192000,76.13,76.59,76.06,76.2,17045480.0
1644278400,76.19,76.7,75.995,76.59,27066920.0
1644364800,77.66,77.85,77.52,77.83,26858920.0
1644451200,76.72,77.9,76.68,76.84,27349530.0
1644537600,76.81,77.11,75.46,75.68,51519530.0
1644796800,75.37,75.45,74.67,75.19,45356010.0
1644883200,76.08,76.61,75.995,76.57,30223670.0
1644969600,76.27,77.02,76.23,76.86,22557600.0
1645056000,76.29,76.33,75.59,75.62,34691320.0
1645142400,75.66,75.86,75.08,75.3,34752010.0
1645488000,74.62,75.05,73.93,74.42,32967630.0
1645574400,75.17,75.18,73.66,73.81,39771870.0
1645660800,71.11,72.865,70.98,72.82,72044580.0
1645747200,73.46,74.675,73.395,74.64,47641880.0
1646006400,73.11,74.16,72.88,73.22,50821590.0
1646092800,72.91,73.12,71.23,71.62,49003890.0
1646179200,72.13,72.725,71.87,72.52,43906030.0
1646265600,72.22,72.27,70.88,71.09,44389730.0
1646352000,69.11,69.28,68.43,69.03,54470600.0
1646611200,68.59,68.7,66.54,66.84,55499400.0
1646697600,67.49,68.74,66.55,67.42,56682510.0
1646784000,69.54,70.71,69.15,70.24,55555980.0
1646870400,69.25,69.86,68.99,69.4,33804190.0
1646956800,69.96,70.06,68.545,68.65,32380750.0
1647216000,69.69,70.17,69.14,69.28,32048230.0
1647302400,69.65,70.1,69.31,69.94,36961360.0
1647388800,71.4,72.5,70.78,72.45,44821460.0
1647475200,72.14,73.21,72.08,73.06,35025610.0
1647561600,72.45,73.83,72.32,73.77,36684060.0
1647820800,73.56,73.72,72.93,73.31,29985660.0
1647907200,73.76,74.14,73.7,74.0,21840850.0
1647993600,73.18,73.515,73.03,73.04,22375830.0
1648080000,73.28,73.72,73.16,73.72,22098160.0
1648166400,73.66,73.86,73.25,73.76,18372060.0
1648425600,73.29,73.57,72.955,73.52,24829930.0
1648512000,75.18,75.38,74.49,75.15,25591210.0
1648598400,74.88,75.135,74.555,74.84,22486980.0
1648684800,74.3,74.58,73.5201,73.6,31677180.0
1648771200,74.06,74.31,73.74,74.29,23182800.0
1649030400,74.13,74.62,74.05,74.59,20875700.0
1649116800,74.11,74.38,73.39,73.58,27759380.0
1649203200,72.657,73.09,72.285,72.7,30692710.0
1649289600,72.77,73.1,72.24,72.86,27838480.0
1649376000,72.59,73.19,72.49,72.89,21937230.0
1649635200,72.58,72.745,72.07,72.12,22149910.0
1649721600,72.23,72.41,71.4,71.58,28916230.0
1649808000,71.57,72.39,71.57,72.35,20164930.0
1649894400,72.49,72.62,71.98,72.02,19861890.0
1650240000,71.7,72.13,71.4701,71.6,18508880.0
1650326400,71.18,72.03,71.18,71.94,24863540.0
1650412800,72.5,72.655,72.2,72.42,30249820.0
1650499200,73.09,73.225,71.505,71.64,32960940.0
1650585600,71.53,71.54,70.4,70.47,34878390.0
1650844800,69.71,70.1901,69.16,70.13,37193630.0
1650931200,69.565,69.61,68.13,68.17,41284190.0
1651017600,68.43,68.95,68.0653,68.48,43593090.0
1651104000,68.91,69.62,68.3,69.45,32153960.0
1651190400,69.7,70.12,68.57,68.64,54305390.0
1651449600,68.39,68.74,67.66,68.47,45813940.0
1651536000,68.933,69.235,68.7,68.98,39643570.0
1651622400,69.0,70.31,68.2,70.19,47419130.0
1651708800,69.18,69.215,67.42,67.93,38826970.0
1651795200,67.44,67.695,66.85,67.27,48268880.0
1652054400,66.04,66.15,65.105,65.24,50145020.0
1652140800,66.4,66.44,65.24,65.73,57682400.0
1652227200,65.91,66.77,65.26,65.34,49751150.0
1652313600,64.93,65.8,64.63,65.18,39410880.0
1652400000,66.14,67.02,66.12,66.99,34682160.0
1652659200,66.69,67.35,66.47,67.05,21254370.0
1652745600,68.16,68.35,67.78,68.3,31487040.0
1652832000,67.71,67.81,66.57,66.67,23552970.0
1652918400,66.59,67.7,66.57,67.31,35999630.0
1653004800,68.08,68.15,66.91,67.77,36357240.0
1653264000,68.49,69.07,68.37,68.92,23838590.0
1653350400,68.7,69.035,68.34,68.81,19504590.0
1653436800,68.34,69.1403,68.34,68.83,18826420.0
1653523200,68.93,69.76,68.92,69.59,20930490.0
1653609600,70.04,70.45,70.0,70.43,13697560.0
1653955200,70.19,70.475,69.84,70.01,25025180.0
1654041600,70.42,70.46,69.06,69.27,28336390.0
1654128000,69.83,70.73,69.58,70.71,21641990.0
1654214400,69.81,70.0,69.5,69.7,21327190.0
1654473600,70.51,70.61,69.83,69.98,15192260.0
1654560000,69.28,70.22,69.27,70.19,19039820.0
1654646400,69.42,69.72,69.125,69.21,21219370.0
1654732800,67.35,67.51,66.26,66.29,25675720.0
1654819200,65.06,65.13,64.49,64.69,34102080.0
1655078400,63.03,63.365,62.44,62.55,54218140.0
1655164800,62.53,62.73,61.42,61.96,38601730.0
1655251200,62.64,63.47,61.86,63.12,37790740.0
1655337600,61.59,62.18,61.34,61.73,38025310.0
1655424000,61.68,62.0,61.12,61.48,43097600.0
1655769600,62.57,62.77,62.38,62.41,31891360.0
1655856000,61.71,62.565,61.62,61.99,30368160.0
1655942400,61.85,62.0,61.27,61.92,26482530.0
1656028800,62.79,63.79,62.74,63.77,31235030.0
1656288000,63.66,63.9354,63.425,63.5,20987640.0
1656374400,64.02,64.22,63.05,63.07,19187400.0
1656460800,63.1,63.29,62.79,62.83,18226770.0
1656547200,61.71,62.59,61.47,62.49,37316190.0
1656633600,61.71,62.65,61.495,62.64,26046600.0
1656979200,60.66,61.32,60.41,61.3,30911300.0
1657065600,61.2,61.49,60.86,61.35,18030020.0
1657152000,61.86,62.29,61.85,62.28,17215170.0
1657238400,62.12,62.559,61.85,62.35,13135240.0
1657497600,61.57,61.75,61.29,61.34,15757920.0
1657584000,61.24,61.83,61.19,61.33,16350480.0
1657670400,60.58,61.55,60.51,61.3,17907460.0
1657756800,59.99,60.49,59.54,60.44,25329070.0
1657843200,60.88,61.435,60.61,61.4,28570070.0
1658102400,62.26,62.42,61.55,61.65,23785640.0
1658188800,62.82,63.35,62.76,63.33,25474470.0
1658275200,63.13,63.32,62.59,62.91,18738180.0
1658361600,62.77,63.63,62.69,63.56,19165530.0
1658448000,63.83,64.19,63.15,63.4,18771520.0
1658707200,63.88,63.97,63.55,63.89,17451390.0
1658793600,63.42,63.475,63.0,63.0,11609990.0
1658880000,63.64,64.56,63.43,64.49,20945520.0
1658966400,64.39,64.94,64.01,64.82,19385400.0
1659052800,64.94,65.76,64.76,65.72,23958030.0
1659312000,65.7,66.08,65.485,65.81,19450480.0
1659398400,65.28,65.46,64.74,64.76,17857700.0
1659484800,65.05,65.26,64.65,65.14,16011140.0
1659571200,65.26,65.59,65.18,65.47,15153570.0
1659657600,64.66,65.12,64.57,65.01,15130400.0
1659916800,65.53,65.755,65.04,65.16,12069070.0
1660003200,65.13,65.24,64.7047,64.81,10867780.0
1660089600,66.17,66.49,65.94,66.27,16870770.0
1660176000,66.53,66.74,66.14,66.25,11539600.0
1660262400,66.29,66.77,66.1349,66.76,13680280.0
1660521600,66.19,66.41,66.0648,66.36,15733140.0
1660608000,65.95,66.455,65.95,66.34,13497320.0
1660694400,65.7,66.165,65.47,65.81,14822130.0
1660780800,65.73,65.76,65.365,65.59,14303920.0
1660867200,64.97,65.04,64.5412,64.69,20257630.0
1661126400,63.99,64.01,63.43,63.59,20062230.0
1661212800,63.43,64.09,63.35,63.62,19101380.0
1661299200,63.35,63.91,63.275,63.7,12086580.0
1661385600,63.86,64.42,63.7201,64.4,13980540.0
1661472000,64.43,64.5,62.665,62.71,19338320.0
1661731200,62.43,62.825,62.365,62.57,16199710.0
1661817600,62.99,63.06,61.99,62.12,24907520.0
1661904000,62.12,62.345,61.68,61.7,32178230.0
1661990400,60.8,60.93,60.23,60.87,33526330.0
1662076800,61.39,61.835,60.28,60.47,28234020.0
1662422400,60.76,60.89,60.11,60.32,21862330.0
1662508800,59.84,60.86,59.825,60.85,21289000.0
1662595200,60.17,60.97,60.06,60.89,17589870.0
1662681600,62.06,62.495,62.02,62.44,22655070.0
1662940800,63.22,63.585,63.15,63.31,22338590.0
1663027200,62.13,62.475,61.06,61.11,26513870.0
1663113600,61.3,61.57,60.95,61.31,19052800.0
1663200000,60.86,61.395,60.67,60.77,23181910.0
1663286400,60.24,60.62,60.06,60.4,31914290.0
1663545600,59.71,60.65,59.7,60.61,19597470.0
1663632000,59.77,59.9,59.23,59.58,23429610.0
1663718400,59.53,60.04,58.75,58.8,22678820.0
1663804800,59.03,59.145,58.35,58.63,25400980.0
1663891200,57.29,57.35,56.3101,56.76,33958950.0
1664150400,56.18,56.69,55.62,55.92,41892390.0
1664236800,56.19,56.49,55.22,55.54,38742840.0
1664323200,55.52,57.0274,55.35,56.88,35115960.0
1664409600,56.01,56.245,55.435,56.21,30971600.0
1664496000,55.96,56.7,55.89,56.01,38527580.0
1664755200,56.59,57.355,56.36,57.12,37451630.0
1664841600,58.63,59.5,58.61,59.41,32480230.0
1664928000,58.42,59.11,58.09,58.78,28550730.0
1665014400,58.09,58.38,57.685,57.75,28668810.0
1665100800,57.48,57.55,56.6404,56.83,22199960.0
1665360000,56.798,56.86,56.18,56.51,26510160.0
1665446400,56.14,56.79,55.71,55.89,26577350.0
1665532800,55.74,56.04,55.55,55.71,24455760.0
1665619200,54.74,57.12,54.61,56.86,48010140.0
1665705600,57.22,57.4,55.95,56.01,28145950.0
1665964800,57.23,57.65,57.22,57.39,32731040.0
1666051200,58.24,58.3,57.38,57.8,26876660.0
1666137600,57.26,57.495,56.71,57.09,22958220.0
1666224000,57.14,57.8,56.83,56.96,25989740.0
1666310400,56.44,58.01,56.215,57.99,37761770.0
1666569600,57.78,58.25,57.485,58.0,20327590.0
1666656000,58.42,59.33,58.41,59.28,21583260.0
1666742400,59.26,60.25,59.24,59.84,27095550.0
1666828800,59.63,60.08,59.25,59.28,20349580.0
1666915200,59.19,59.87,59.075,59.87,19235540.0
1667174400,59.2,59.44,59.11,59.31,27032690.0
1667260800,60.5,60.52,59.5134,59.78,42686990.0
1667347200,59.87,60.65,58.91,58.91,30497690.0
1667433600,58.11,58.685,58.06,58.41,23604250.0
1667520000,60.17,60.8246,59.79,60.75,33756400.0
1667779200,60.97,61.21,60.705,60.94,19904600.0
1667865600,61.36,62.007,61.215,61.63,19882890.0
1667952000,61.2,61.635,60.76,60.77,22418560.0
1668038400,63.265,64.18,62.92,64.18,29640890.0
1668124800,64.76,65.555,64.51,65.46,24071300.0
1668384000,64.93,65.345,64.77,64.77,21551500.0
1668470400,65.82,65.93,64.6,65.2,34956570.0
1668556800,65.3,65.405,64.86,65.05,22730390.0
1668643200,64.22,65.055,64.2,65.02,21271080.0
1668729600,65.32,65.33,64.93,65.15,18431080.0
1668988800,64.6,64.78,64.37,64.66,21877400.0
1669075200,65.07,65.585,64.965,65.56,14698700.0
1669161600,65.68,66.38,65.68,66.28,13400780.0
1669334400,66.36,66.76,66.36,66.62,10934390.0
1669593600,66.29,66.565,65.715,65.76,18618500.0
1669680000,65.92,66.32,65.785,65.95,17666910.0
1669766400,66.47,67.35,65.83,67.12,41966510.0
1669852800,67.87,68.06,67.42,67.77,24209710.0
1669939200,67.14,67.93,67.14,67.72,36230690.0
1670198400,67.49,67.68,66.64,66.83,26305110.0
1670284800,66.97,67.11,66.25,66.53,25662980.0
1670371200,66.56,66.805,66.275,66.53,23274270.0
1670457600,66.52,66.935,66.315,66.87,20080390.0
1670544000,67.03,67.4163,66.87,66.91,25773100.0
1670803200,66.9,67.11,66.68,67.11,17621660.0
1670889600,68.65,68.775,67.535,67.79,29377300.0
1670976000,67.89,68.335,67.285,67.73,23707700.0
1671062400,66.89,67.01,65.77,66.0,25617480.0
1671148800,65.46,65.76,65.125,65.42,23998700.0
1671408000,65.63,65.72,65.09,65.26,21180650.0
1671494400,65.4,65.85,65.31,65.52,21440580.0
1671580800,65.92,66.3857,65.835,66.2,17112210.0
1671667200,65.95,65.96,65.11,65.66,21251230.0
1671753600,65.55,65.99,65.41,65.89,12536580.0
1672099200,65.94,66.2354,65.82,65.99,16247370.0
1672185600,66.13,66.33,65.29,65.29,14526930.0
1672272000,66.04,66.4963,66.0,66.32,17455380.0
1672358400,65.95,66.18,65.5712,65.64,25629030.0
1672704000,66.46,66.83,65.9,66.22,25179300.0
1672790400,67.18,67.32,66.71,67.1,26751400.0
1672876800,66.47,66.69,66.295,66.43,17376910.0
1672963200,66.83,68.17,66.44,68.13,17951400.0
1673222400,68.65,69.06,68.38,68.42,23392810.0
1673308800,68.33,68.63,68.17,68.62,18811520.0
1673395200,68.95,69.15,68.735,69.14,17732710.0
1673481600,69.71,70.28,69.0,70.16,19767050.0
1673568000,69.81,70.55,69.81,70.53,18092110.0
1673913600,70.78,71.06,70.555,70.75,25184140.0
1674000000,71.55,71.68,70.5,70.5,35935300.0
1674086400,70.28,70.54,70.015,70.39,23519020.0
1674172800,70.36,71.03,70.175,71.01,28289500.0
1674432000,70.7,71.31,70.6699,71.3,24245310.0
1674518400,70.91,71.36,70.665,71.21,12996530.0
1674604800,70.98,71.7399,70.93,71.68,14230100.0
1674691200,71.74,71.82,71.16,71.74,13272290.0
1674777600,71.3,71.755,71.21,71.6,13986790.0
1675036800,71.34,71.6674,71.135,71.14,14111470.0
1675123200,70.94,71.59,70.795,71.55,23544350.0
1675209600,71.49,72.445,70.94,72.19,27861390.0
1675296000,72.38,72.43,71.64,72.09,15587990.0
1675382400,71.39,72.0,71.26,71.42,18589850.0
1675641600,70.72,70.88,70.325,70.69,18409610.0
1675728000,70.36,71.38,70.22,71.29,19440320.0
1675814400,71.18,71.29,70.725,70.85,18281380.0
1675900800,71.87,71.925,70.85,70.98,10875300.0
1675987200,70.72,70.77,70.355,70.67,16681190.0
1676246400,70.77,71.38,70.695,71.38,11806250.0
1676332800,71.05,71.83,70.865,71.51,14082880.0
1676419200,70.63,71.195,70.57,71.19,14031170.0
1676505600,70.57,71.27,70.49,70.84,13151030.0
1676592000,70.51,71.095,70.385,71.02,13768200.0
1676937600,70.52,70.77,70.19,70.24,14419690.0
1677024000,70.12,70.24,69.7,69.85,12991740.0
1677110400,70.15,70.285,69.5708,70.21,25783670.0
1677196800,69.02,69.265,68.76,69.04,25120200.0
1677456000,69.84,70.04,69.64,69.86,19736300.0
1677542400,69.66,69.82,69.32,69.35,28408000.0
1677628800,69.9,70.06,69.455,69.72,20960960.0
1677715200,69.23,69.92,69.205,69.86,20540110.0
1677801600,70.25,70.92,70.055,70.88,23663390.0
1678060800,70.72,71.0,70.62,70.7,22289610.0
1678147200,70.6,70.655,69.44,69.52,26319930.0
1678233600,69.74,70.105,69.57,69.9,21016160.0
1678320000,70.03,70.265,69.265,69.39,25914050.0
1678406400,69.41,69.57,68.58,68.65,31703780.0
1678665600,67.93,68.74,67.805,68.18,27005140.0
1678752000,68.89,69.1,68.56,69.09,18053970.0
1678838400,66.53,67.045,66.07,66.95,37928500.0
1678924800,66.61,67.99,66.55,67.99,33360470.0
1679011200,67.38,67.525,66.914,67.18,23846210.0
1679270400,67.93,68.455,67.805,68.23,24003180.0
1679356800,69.23,69.33,68.86,69.26,16640040.0
1679443200,69.37,70.22,68.98,69.02,16277930.0
1679529600,69.63,70.04,68.715,69.03,23067180.0
1679616000,68.54,68.86,68.14,68.82,27879010.0
1679875200,69.24,69.526,69.085,69.47,23269330.0
1679961600,69.43,69.655,69.325,69.5,20324530.0
1680048000,70.18,70.4,70.05,70.34,29119330.0
1680134400,71.15,71.26,70.985,71.16,21616030.0
1680220800,71.35,71.68,71.35,71.52,28532660.0
1680480000,71.69,72.11,71.5893,72.09,20737150.0
1680566400,72.1,72.32,71.885,72.1,15364640.0
1680652800,71.72,71.915,71.36,71.6,16314000.0
1680739200,71.61,72.125,71.52,71.94,13659910.0
1681084800,71.49,71.9,71.375,71.89,12853990.0
1681171200,72.05,72.25,71.99,72.13,11264100.0
1681257600,72.78,72.94,72.37,72.59,13241520.0
1681344000,73.19,73.58,73.115,73.52,12232990.0
1681430400,73.49,73.69,72.94,73.22,14209880.0
1681689600,73.02,73.12,72.74,73.09,17323770.0
1681776000,73.46,73.55,73.29,73.49,13753410.0
1681862400,73.12,73.34,73.1,73.26,8840764.0
1681948800,73.09,73.435,73.07,73.26,12478580.0
1682035200,73.35,73.675,73.03,73.63,14052980.0
1682294400,73.63,73.845,73.61,73.82,12864930.0
1682380800,73.48,73.515,72.78,72.79,12582210.0
1682467200,73.24,73.25,72.65,72.74,16928570.0
1682553600,73.12,73.66,72.965,73.65,14505690.0
1682640000,73.03,73.63,73.01,73.62,16936840.0
1682899200,73.69,73.89,73.49,73.51,24499510.0
1682985600,72.83,72.84,72.33,72.77,12907180.0
1683072000,73.04,73.55,72.95,72.96,13977400.0
1683158400,72.75,73.07,72.56,72.81,17411170.0
1683244800,73.17,73.99,73.12,73.88,11096950.0
1683504000,74.03,74.05,73.77,73.9,7533221.0
1683590400,73.29,73.7,73.2501,73.6,14835420.0
1683676800,73.68,73.69,72.99,73.45,14009770.0
1683763200,73.03,73.27,72.72,73.27,14756700.0
1683849600,73.36,73.41,72.87,73.14,15823230.0
1684108800,73.36,73.705,73.28,73.7,10580630.0
1684195200,73.32,73.44,72.97,73.0,13335670.0
1684281600,73.09,73.39,72.815,73.34,21491300.0
1684368000,73.17,73.26,72.83,73.23,10657030.0
1684454400,73.55,73.84,73.47,73.66,15971240.0
1684713600,73.56,73.816,73.55,73.68,12122740.0
1684800000,73.04,73.15,72.57,72.6,19215050.0
1684886400,71.89,71.91,71.5,71.54,21758060.0
1684972800,71.51,71.565,71.15,71.44,17393780.0
1685059200,71.75,72.2,71.735,72.14,11189800.0
1685404800,71.92,71.94,71.21,71.41,13979810.0
1685491200,70.69,70.8,70.13,70.67,32754670.0
1685577600,71.05,71.78,71.0,71.72,29681640.0
1685664000,72.65,72.76,72.475,72.65,18693530.0
1685923200,72.54,72.61,72.18,72.23,18029700.0
1686009600,72.38,72.8699,72.35,72.83,17811930.0
1686096000,71.25,71.5,70.825,70.89,29259160.0
1686182400,71.23,71.65,71.105,71.64,15781010.0
1686268800,71.57,71.68,71.4,71.52,15419180.0
1686528000,71.76,71.86,71.59,71.83,15814710.0
1686614400,72.49,72.69,72.38,72.51,17620630.0
1686700800,72.97,73.175,72.38,72.78,17305790.0
1686787200,72.77,73.59,72.715,73.55,14597220.0
1686873600,73.88,73.91,73.36,73.39,20036210.0
1687219200,72.59,72.72,72.27,72.42,16873010.0
1687305600,72.3,72.775,72.19,72.53,11322660.0
1687392000,72.01,72.2,71.945,72.08,11313340.0
1687478400,70.83,71.145,70.81,70.96,15929740.0
1687737600,71.05,71.195,70.945,71.05,12950900.0
1687824000,71.26,71.72,71.05,71.67,11034090.0
1687910400,71.65,71.865,71.515,71.72,9256540.0
1687996800,71.39,71.62,71.35,71.62,6735999.0
1688083200,72.29,72.55,72.21,72.5,28381140.0
1688342400,72.47,72.58,72.31,72.42,13375510.0
1688515200,71.9,71.925,71.54,71.61,15971480.0
1688601600,70.54,70.56,69.94,70.37,17415290.0
1688688000,70.44,71.2199,70.405,70.9,16721280.0
1688947200,70.78,71.125,70.75,71.1,9486037.0
1689033600,71.41,71.755,71.22,71.74,12816610.0
1689120000,72.69,73.19,72.57,73.11,16111050.0
1689206400,74.07,74.38,74.04,74.28,12707580.0
1689292800,74.23,74.29,73.83,73.86,12549120.0
1689552000,73.53,73.86,73.41,73.77,15876560.0
1689638400,73.9,74.34,73.83,74.25,11519450.0
1689724800,74.3,74.45,74.02,74.21,11138740.0
1689811200,74.05,74.245,73.7116,73.83,14843850.0
1689897600,74.0,74.06,73.77,73.98,10318400.0
1690156800,73.66,73.9575,73.62,73.8,9421202.0
1690243200,73.68,74.06,73.66,73.88,9150961.0
1690329600,73.54,74.315,73.5,74.08,12325280.0
1690416000,74.69,74.69,73.85,73.91,12775710.0
1690502400,74.46,74.735,74.3,74.44,15891120.0
1690761600,74.51,74.71,74.36,74.46,13799850.0
1690848000,73.73,73.94,73.375,73.53,16707850.0
1690934400,72.62,72.73,72.08,72.16,16814830.0
1691020800,71.59,72.16,71.525,71.96,12745680.0
1691107200,72.33,72.9075,72.1,72.16,14079590.0
1691366400,72.63,72.79,72.3,72.77,12940640.0
1691452800,71.97,72.385,71.79,72.33,14144440.0
1691539200,72.43,72.62,72.1929,72.31,12188680.0
1691625600,73.09,73.51,72.55,72.62,16788860.0
1691712000,72.11,72.37,71.965,72.13,14863670.0
1691971200,71.4,71.8803,71.21,71.81,9959351.0
1692057600,71.39,71.405,70.79,70.92,13863640.0
1692144000,70.69,70.965,70.32,70.34,10940140.0
1692230400,70.56,70.635,69.745,69.84,14730510.0
1692316800,69.32,69.96,69.31,69.84,13617540.0
1692576000,70.02,70.175,69.71,70.1,15838420.0
1692662400,70.43,70.45,69.91,69.97,10568020.0
1692748800,70.25,70.835,70.24,70.73,12669970.0
1692835200,70.38,70.595,69.73,69.76,14879030.0
1692921600,70.2,70.47,69.595,70.23,11617660.0
1693180800,70.71,71.02,70.69,70.97,12320380.0
1693267200,70.83,71.895,70.76,71.85,12224400.0
1693353600,71.91,72.15,71.705,71.81,12235770.0
1693440000,71.84,71.9,71.31,71.53,13375220.0
1693526400,72.15,72.18,71.3,71.49,17069810.0
1693872000,71.31,71.33,70.865,70.87,12085030.0
1693958400,70.85,71.0,70.465,70.72,11294630.0
1694044800,70.5,70.64,70.275,70.49,13542990.0
1694131200,70.39,70.62,70.3,70.39,11813890.0
1694390400,70.98,71.18,70.785,71.12,11650950.0
1694476800,70.76,71.085,70.72,70.83,7947084.0
1694563200,70.68,70.88,70.465,70.61,10047890.0
1694649600,71.15,71.61,71.13,71.54,13519790.0
1694736000,71.69,71.93,71.35,71.38,13678460.0
1694995200,71.08,71.21,70.83,71.13,9121327.0
1695081600,71.25,71.38,71.005,71.19,10339950.0
1695168000,71.53,71.88,70.98,71.02,14523370.0
1695254400,70.35,70.49,69.84,69.84,17619910.0
1695340800,70.22,70.46,69.84,69.9,14715760.0
1695600000,69.32,69.63,69.155,69.59,16853120.0
1695686400,69.043,69.245,68.63,68.69,17756850.0
1695772800,68.95,69.0,68.085,68.56,16390390.0
1695859200,68.62,69.325,68.53,69.12,19507380.0
1695945600,69.75,69.76,68.75,68.92,20292940.0
1696204800,68.47,68.53,67.68,67.91,23671360.0
1696291200,67.3,67.49,66.83,67.06,19913410.0
1696377600,67.23,67.27,66.62,67.18,19586200.0
1696464000,67.57,67.87,67.34,67.77,18327240.0
1696550400,67.64,68.68,67.23,68.52,17758930.0
1696809600,67.88,68.495,67.81,68.42,11015700.0
1696896000,69.19,69.6433,69.1,69.36,23682820.0
1696982400,69.76,69.855,69.2617,69.65,15393630.0
1697068800,69.74,69.755,68.81,69.07,16764590.0
1697155200,68.87,69.03,68.26,68.43,19900300.0
1697414400,68.55,69.0,68.46,68.93,20119560.0
1697500800,68.36,69.285,68.35,68.97,12155130.0
1697587200,68.36,68.425,67.685,67.77,16945880.0
1697673600,67.55,67.91,67.05,67.17,27204110.0
1697760000,66.93,67.09,66.54,66.57,28251820.0
1698019200,66.32,67.04,66.07,66.62,18574700.0
1698105600,66.74,67.06,66.645,67.0,22138660.0
1698192000,66.82,67.08,66.44,66.52,17400880.0
1698278400,66.35,66.49,65.83,66.04,22914710.0
1698364800,66.5,66.53,65.68,65.84,24116450.0
1698624000,66.56,66.71,66.265,66.68,23954540.0
1698710400,66.76,66.97,66.525,66.92,18291340.0
1698796800,67.08,67.57,66.885,67.55,21115190.0
1698883200,68.68,68.94,68.48,68.93,19669390.0
1698969600,69.51,70.0,69.405,69.66,20752900.0
1699228800,69.56,69.63,69.17,69.31,15938140.0
1699315200,68.77,69.02,68.635,68.89,15747050.0
1699401600,68.86,69.095,68.595,68.8,10916450.0
1699488000,69.41,69.58,68.755,68.79,14557580.0
1699574400,68.74,69.15,68.26,69.1,12518820.0
1699833600,68.82,69.3847,68.7147,69.28,11354700.0
1699920000,70.46,71.14,70.45,71.05,21166990.0
1700006400,71.08,71.2884,70.9,70.94,12980080.0
1700092800,70.82,71.1101,70.64,70.89,13769700.0
1700179200,71.55,71.865,71.41,71.85,14315650.0
1700438400,71.74,72.199,71.735,72.12,10334940.0
1700524800,72.08,72.145,71.75,71.84,12300160.0
1700611200,71.95,72.035,71.625,72.01,12162880.0
1700784000,72.24,72.58,72.23,72.56,8083468.0
1701043200,72.34,72.4256,72.16,72.31,10365180.0
1701129600,72.11,72.55,72.02,72.33,11130140.0
1701216000,72.54,72.755,72.295,72.48,10462200.0
1701302400,72.49,72.61,72.17,72.42,19444240.0
1701388800,72.375,73.24,72.3497,73.18,21091940.0
1701648000,72.46,72.77,72.335,72.61,14778700.0
1701734400,72.38,72.82,72.23,72.35,17529500.0
1701820800,73.07,73.22,72.55,72.57,16547360.0
1701907200,72.72,73.13,72.43,72.92,14513200.0
1701993600,72.74,73.245,72.72,73.14,13323620.0
1702252800,73.03,73.36,73.015,73.32,12372000.0
1702339200,73.2,73.45,72.96,73.45,13209960.0
1702425600,73.51,74.59,73.16,74.52,16760660.0
1702512000,74.89,75.335,74.72,75.07,21959570.0
1702598400,74.71,74.85,74.29,74.34,22420680.0
1702857600,74.65,74.71,74.3,74.52,14409990.0
1702944000,74.93,75.2,74.93,75.15,15551790.0
1703030400,74.24,74.42,73.42,73.47,23019210.0
1703116800,74.26,74.66,74.1007,74.66,15837430.0
1703203200,74.82,74.97,74.53,74.73,12184500.0
1703548800,74.81,75.1854,74.81,75.07,8915396.0
1703635200,75.12,75.53,75.11,75.47,13103800.0
1703721600,75.45,75.66,75.255,75.27,16832010.0
1703808000,75.38,75.59,75.15,75.35,21346350.0
1704153600,74.54,74.87,74.405,74.51,18177550.0
1704240000,73.78,74.16,73.5756,73.95,18637680.0
1704326400,73.94,74.4903,73.94,74.12,11977050.0
1704412800,74.03,74.82,73.955,74.17,20636710.0
1704672000,74.33,74.98,74.265,74.96,16250150.0
1704758400,74.29,74.47,74.18,74.29,10218300.0
1704844800,74.61,74.88,74.53,74.77,12191310.0
1704931200,74.97,75.065,74.1,74.76,16434280.0
1705017600,75.26,75.495,74.93,75.07,11329290.0
1705363200,74.16,74.255,73.655,73.81,19802710.0
1705449600,72.83,73.14,72.585,73.11,16381460.0
1705536000,73.42,73.78,73.26,73.76,16391370.0
1705622400,73.56,73.94,73.295,73.93,15792190.0
1705881600,74.11,74.38,74.035,74.16,15424830.0
1705968000,73.78,74.0,73.62,73.95,13575390.0
1706054400,74.93,75.0,74.5,74.51,16314560.0
1706140800,74.69,74.73,74.33,74.72,15268800.0
1706227200,75.11,75.235,74.985,75.05,16478620.0
1706486400,75.02,75.57,74.925,75.49,13341500.0
1706572800,75.38,75.48,75.1,75.39,11708420.0
1706659200,75.73,75.97,74.9,75.01,23907270.0
1706745600,75.19,75.77,75.03,75.75,17189450.0
1706832000,75.13,75.2,74.81,75.15,15579850.0
1707091200,74.7,74.915,74.335,74.75,15617890.0
1707177600,74.72,75.23,74.68,75.21,13886590.0
1707264000,75.17,75.285,75.0,75.17,10485100.0
1707350400,75.05,75.1,74.82,75.04,9578469.0
1707436800,75.05,75.35,74.875,75.3,11001150.0
1707696000,75.27,75.66,75.245,75.43,6911456.0
1707782400,74.62,74.715,74.015,74.27,14942550.0
1707868800,74.76,75.12,74.699,75.1,13248020.0
1707955200,75.46,75.97,75.45,75.95,14128630.0
1708041600,75.98,76.385,75.8,76.07,13381560.0
1708387200,76.55,76.63,76.18,76.38,15285820.0
1708473600,76.22,76.47,76.0851,76.44,11433760.0
1708560000,77.07,77.32,76.93,77.3,15475950.0
1708646400,77.38,77.525,77.27,77.4,11399960.0
1708905600,77.46,77.46,77.1499,77.29,15015190.0
1708992000,77.34,77.555,77.285,77.5,11110980.0
1709078400,76.98,77.145,76.92,77.05,12196750.0
1709164800,77.42,77.55,76.855,77.25,17221870.0
1709251200,77.57,78.025,77.25,78.0,18930510.0
1709510400,77.76,77.96,77.675,77.8,13960990.0
1709596800,77.85,78.13,77.445,77.66,12874370.0
1709683200,78.51,78.809,78.365,78.58,24098120.0
1709769600,79.17,79.61,79.095,79.51,18279140.0
1709856000,79.78,79.8599,79.13,79.25,14926860.0
1710115200,78.72,78.825,78.41,78.8,10496030.0
1710201600,78.91,79.44,78.61,79.43,15296000.0
1710288000,79.35,79.6175,79.315,79.44,14150360.0
1710374400,79.42,79.475,78.57,78.86,25572050.0
1710460800,79.04,79.115,78.63,78.89,17529110.0
1710720000,79.09,79.1177,78.805,78.87,13472210.0
1710806400,78.82,79.22,78.705,79.01,13222150.0
1710892800,78.96,79.9,78.895,79.85,18834850.0
1710979200,79.9,80.03,79.785,79.81,13020950.0
1711065600,79.78,79.83,79.55,79.64,12832840.0
1711324800,79.39,79.76,79.39,79.47,9418239.0
1711411200,79.85,79.875,79.56,79.56,12343150.0
1711497600,79.74,80.06,79.64,80.04,12337190.0
1711584000,79.73,79.97,79.72,79.86,17180350.0
1711929600,79.72,79.87,79.325,79.52,15419520.0
1712016000,78.89,78.96,78.69,78.96,17414960.0
1712102400,78.82,79.52,78.81,79.4,15898400.0
1712188800,79.92,79.95,78.645,78.72,19950360.0
1712275200,78.61,79.13,78.46,78.97,21091870.0
1712534400,79.42,79.53,79.22,79.36,12350990.0
1712620800,79.73,79.8,79.0,79.35,12469130.0
1712707200,78.21,78.64,78.0,78.3,21567340.0
1712793600,78.57,78.61,77.65,78.51,11967000.0
1712880000,77.86,78.0875,77.14,77.24,17934610.0
1713139200,78.14,78.24,76.885,77.01,21610120.0
1713225600,76.39,76.62,75.995,76.25,24161810.0
1713312000,76.68,76.72,75.96,76.3,15748040.0
1713398400,76.27,76.61,75.9746,76.09,12884170.0
1713484800,76.18,76.4075,75.885,76.12,16924970.0
1713744000,76.54,77.27,76.465,77.01,17314230.0
1713830400,77.27,77.95,77.21,77.85,13466020.0
1713916800,77.97,77.97,77.385,77.7,8530070.0
1714003200,76.61,77.45,76.42,77.34,11479650.0
1714089600,77.68,78.06,77.65,77.96,12676410.0
1714348800,78.16,78.4,78.04,78.26,10560040.0
1714435200,78.0,78.215,77.21,77.27,18994250.0
1714521600,77.25,78.015,76.905,77.1,17900350.0
1714608000,77.93,78.28,77.495,78.14,14993400.0
1714694400,78.98,79.22,78.445,78.92,15055610.0
1714953600,79.31,79.52,79.245,79.46,9411398.0
1715040000,79.72,79.85,79.545,79.67,9065799.0
1715126400,79.32,79.6,79.3,79.58,6667504.0
1715212800,79.57,80.2,79.565,80.19,13255990.0
1715299200,80.46,80.52,80.235,80.34,8021993.0
1715558400,80.41,80.55,80.23,80.34,6990493.0
1715644800,80.65,80.95,80.57,80.94,15228300.0
1715731200,81.32,81.8,81.16,81.8,10823680.0
1715817600,81.64,81.71,81.33,81.36,13042070.0
1715904000,81.38,81.68,81.26,81.64,10219550.0
1716163200,81.72,81.93,81.66,81.7,5836787.0
1716249600,81.4,81.625,81.36,81.57,6221985.0
1716336000,81.02,81.1,80.58,80.8,10721210.0
1716422400,81.5,81.505,80.24,80.39,8805831.0
1716508800,80.8,81.165,80.755,81.05,9289525.0
1716854400,81.35,81.37,80.78,81.02,13036640.0
1716940800,79.98,80.115,79.71,79.74,13662060.0
1717027200,80.24,80.6073,80.21,80.41,7456128.0
1717113600,80.96,81.22,80.56,81.18,19932480.0
1717372800,81.44,81.65,81.08,81.41,17127670.0
1717459200,81.23,81.44,80.965,81.31,12565480.0
1717545600,81.71,81.91,81.27,81.88,8661543.0
1717632000,81.91,82.16,81.865,82.16,13195570.0
1717718400,81.44,81.705,81.185,81.27,21589680.0
1717977600,80.72,81.295,80.6,81.21,8996296.0
1718064000,78.89,79.07,78.47,78.91,17004620.0
1718150400,80.18,80.385,79.7,79.84,15188860.0
1718236800,79.18,79.18,78.375,78.7,12784230.0
1718323200,77.655,77.91,77.3601,77.83,17500050.0
1718582400,77.63,78.16,77.37,78.14,13582730.0
1718668800,78.14,78.48,78.12,78.45,16057060.0
1718841600,78.29,78.62,78.21,78.5,10942850.0
1718928000,77.89,78.05,77.665,77.95,14477750.0
1719187200,78.59,78.96,78.52,78.57,12193740.0
1719273600,78.56,78.875,78.47,78.76,8753370.0
1719360000,78.06,78.34,77.945,78.18,10509730.0
1719446400,78.32,78.515,78.08,78.24,14156050.0
1719532800,78.23,78.5651,78.0,78.33,17425010.0
1719792000,78.76,79.03,78.27,78.47,19845720.0
1719878400,78.22,78.69,78.145,78.66,10331750.0
1719964800,79.25,79.6189,79.25,79.56,8107900.0
1720137600,80.219,80.23,79.52,80.09,8408776.0
1720396800,80.14,80.22,79.645,79.69,6031687.0
1720483200,79.52,79.58,79.165,79.37,8069772.0
1720569600,80.01,80.535,79.97,80.49,8189449.0
1720656000,81.04,81.1799,80.67,80.72,8930036.0
1720742400,81.36,81.87,81.315,81.58,9289703.0
1721001600,81.39,81.4,80.79,80.86,7418664.0
1721088000,80.65,81.275,80.55,81.25,10902890.0
1721174400,80.85,81.14,80.73,80.82,11634180.0
1721260800,80.96,81.04,79.84,80.02,16481520.0
1721347200,79.78,79.82,79.45,79.53,15570280.0
1721606400,80.24,80.395,80.025,80.37,13762750.0
1721692800,79.95,80.0836,79.855,79.92,12043010.0
1721779200,79.67,79.78,78.87,78.91,10698030.0
1721865600,78.24,79.105,77.98,78.41,17719810.0
1721952000,79.02,79.55,78.945,79.41,10574880.0
1722211200,79.23,79.26,78.815,79.06,9305599.0
1722297600,79.37,79.45,78.9201,79.24,8551634.0
1722384000,80.4,80.705,80.12,80.36,20969460.0
1722470400,79.34,79.54,77.85,78.23,18129780.0
1722556800,77.17,77.355,76.375,77.0,25136220.0
1722816000,74.23,75.835,73.91,75.32,28088800.0
1722902400,74.71,75.9,74.605,75.45,22307550.0
1722988800,76.845,77.09,75.77,75.81,24592620.0
1723075200,76.55,77.155,76.205,77.08,14824680.0
1723161600,76.87,77.39,76.715,77.38,11022680.0
1723420800,77.33,77.53,77.06,77.31,7988718.0
1723507200,77.89,78.6958,77.85,78.64,11927450.0
1723593600,78.79,78.995,78.635,78.93,7127626.0
1723680000,79.64,80.05,79.56,79.89,10364200.0
1723766400,79.98,80.4,79.96,80.33,10287850.0
1724025600,80.81,81.4,80.8,81.31,6740976.0
1724112000,81.17,81.36,80.91,81.06,5177868.0
1724198400,81.58,81.965,81.4,81.81,10653470.0
1724284800,82.11,82.14,81.28,81.33,7290684.0
1724371200,81.99,82.87,81.89,82.82,10779000.0
1724630400,82.56,82.72,82.36,82.45,6719906.0
1724716800,82.65,82.97,82.54,82.83,9597134.0
1724803200,82.74,82.905,82.2,82.54,7883869.0
1724889600,82.93,83.2842,82.71,82.85,9112065.0
1724976000,83.115,83.25,82.59,82.98,15627550.0
1725321600,82.56,82.655,81.465,81.67,9886682.0
1725408000,81.07,81.69,80.98,81.31,10324400.0
1725494400,81.41,81.555,80.975,81.33,12147440.0
1725580800,81.12,81.335,79.67,79.8,12344380.0
1725840000,80.41,80.9,80.395,80.6,10634960.0
1725926400,80.31,80.315,79.575,80.2,9742931.0
1726012800,80.27,80.71,79.375,80.68,12999130.0
1726099200,80.61,81.37,80.39,81.34,11686010.0
1726185600,81.45,81.835,81.3915,81.53,7340468.0
1726444800,81.88,82.2299,81.695,82.19,9869506.0
1726531200,82.09,82.14,81.455,81.73,7307315.0
1726617600,81.81,82.46,81.29,81.47,8454227.0
1726704000,82.96,83.235,82.47,83.08,9974104.0
1726790400,82.59,82.61,81.97,82.26,7892376.0
1727049600,82.39,82.66,82.345,82.57,6997708.0
1727136000,82.82,83.1199,82.61,83.06,6855760.0
1727222400,83.21,83.23,82.585,82.61,11869020.0
1727308800,84.19,84.525,83.85,84.43,12874980.0
1727395200,84.27,84.5563,83.795,83.92,10690660.0
1727654400,83.96,83.97,83.18,83.63,13425370.0
1727740800,83.66,83.69,82.57,83.01,18430910.0
1727827200,82.86,83.025,82.45,82.84,8335155.0
1727913600,82.12,82.28,81.77,82.07,9890515.0
1728000000,82.13,82.565,82.045,82.55,8536274.0
1728259200,82.3,82.41,81.7879,82.09,7365112.0
1728345600,81.9,81.97,81.685,81.96,6339144.0
1728432000,81.52,82.05,81.46,81.98,5370828.0
1728518400,81.77,81.91,81.43,81.88,5794427.0
1728604800,81.84,82.38,81.83,82.3,6915027.0
1728864000,82.11,82.575,82.01,82.54,6646193.0
1728950400,82.24,82.26,81.095,81.17,17667290.0
1729036800,81.38,81.4569,81.225,81.38,5931766.0
1729123200,81.68,81.71,81.31,81.39,8904646.0
1729209600,81.81,81.965,81.62,81.94,5863087.0
1729468800,81.49,81.55,80.83,80.97,8009105.0
1729555200,80.44,80.625,80.37,80.51,5844195.0
1729641600,79.79,79.965,79.345,79.7,7555992.0
1729728000,80.33,80.35,79.8,80.15,6522380.0
1729814400,80.34,80.46,79.745,79.88,9288134.0
1730073600,80.24,80.625,80.18,80.52,6985008.0
1730160000,80.25,80.42,80.045,80.23,8778380.0
1730246400,79.57,80.06,79.505,79.71,8828077.0
1730332800,79.32,79.32,78.47,79.22,19247650.0
1730419200,79.65,79.8557,79.305,79.38,9951294.0
1730678400,79.82,80.03,79.39,79.44,10280050.0
1730764800,79.65,80.295,79.59,80.23,9596383.0
1730851200,79.05,79.155,78.42,79.07,11746260.0
1730937600,79.98,80.34,79.84,80.27,11634130.0
1731024000,79.38,79.38,78.78,79.16,11540290.0
1731283200,79.41,79.45,79.1,79.18,5839576.0
1731369600,78.42,78.42,77.32,77.71,16613900.0
1731456000,77.4,77.46,76.8,77.25,14828860.0
1731542400,77.81,77.975,77.33,77.41,19039010.0
1731628800,77.31,77.33,76.96,77.13,15433600.0
1731888000,77.07,77.695,77.02,77.55,7774078.0
1731974400,76.9,77.595,76.79,77.45,13402290.0
1732060800,77.13,77.24,76.7017,77.24,12441970.0
1732147200,77.12,77.3801,76.8518,77.26,9161202.0
1732233600,77.17,77.7,77.16,77.56,16809830.0
1732492800,78.16,78.27,77.72,77.96,24934100.0
1732579200,77.83,77.845,77.27,77.51,9360799.0
1732665600,77.84,78.075,77.695,77.93,7477916.0
1732838400,78.24,79.01,78.21,78.97,11643860.0
1733097600,79.08,79.33,78.57,79.19,15721140.0
1733184000,79.71,79.87,79.4,79.64,13289940.0
1733270400,79.74,79.875,79.58,79.7,10434380.0
1733356800,80.1,80.22,79.945,80.09,11910870.0
1733443200,80.39,80.39,79.9,80.08,7072545.0
1733702400,80.53,80.625,80.0,80.03,7801060.0
1733788800,79.83,79.85,79.29,79.31,10662790.0
1733875200,79.73,79.87,79.49,79.81,11859040.0
1733961600,79.39,79.71,79.05,79.11,8623811.0
1734048000,79.21,79.21,78.68,78.89,10116570.0
1734307200,78.58,78.895,78.5001,78.63,25547910.0
1734393600,77.43,77.71,77.37,77.45,13934860.0
1734480000,77.375,77.535,75.405,75.55,16470400.0
1734566400,75.8,75.87,75.255,75.31,17486580.0
1734652800,74.38,75.7299,74.37,75.1,20878320.0
1734912000,75.24,75.64,74.94,75.59,10491240.0
1734998400,75.62,75.92,75.43,75.86,5585232.0
1735171200,75.99,76.345,75.9301,76.22,10787370.0
1735257600,76.08,76.275,75.83,76.11,15819740.0
1735516800,75.64,75.8799,75.275,75.61,16427610.0
1735603200,75.86,75.98,75.44,75.61,21393480.0
1735776000,75.7,75.87,75.14,75.35,12756560.0
1735862400,75.53,75.74,75.235,75.68,12548780.0
1736121600,76.33,76.89,76.25,76.4,16201780.0
1736208000,77.06,77.06,76.23,76.34,9393247.0
1736294400,75.9,76.33,75.675,76.22,7894852.0
1736467200,75.65,75.67,74.9038,75.06,12022280.0
1736726400,74.25,74.89,74.24,74.85,12019750.0
1736812800,75.02,75.256,74.76,75.12,9963181.0
1736899200,76.2,76.26,75.755,76.08,12144780.0
1736985600,76.25,76.69,76.09,76.47,17925790.0
1737072000,76.86,77.195,76.68,76.78,10667120.0
1737417600,77.8,78.35,77.6838,78.33,13169110.0
1737504000,78.49,78.5,78.12,78.15,8666664.0
1737590400,78.34,78.79,78.19,78.79,10977640.0
1737676800,79.15,79.46,79.075,79.23,7578399.0
1737936000,78.84,79.27,78.82,79.23,13559150.0
1738022400,79.11,79.18,78.655,79.13,9458406.0
1738108800,79.14,79.355,78.85,79.12,7875350.0
1738195200,79.88,80.32,79.64,79.99,13792060.0
1738281600,79.86,80.17,79.17,79.24,14935710.0
1738540800,77.91,78.8,77.6476,78.31,14997650.0
1738627200,78.785,79.3,78.71,79.22,10608270.0
1738713600,79.71,80.085,79.55,79.99,7857042.0
1738800000,80.25,80.54,80.1901,80.37,7806531.0
1738886400,80.42,80.48,79.48,79.61,13110840.0
1739145600,79.98,80.175,79.92,80.15,7287254.0
1739232000,80.06,80.615,80.025,80.53,7583803.0
1739318400,80.01,80.99,79.89,80.83,17271430.0
1739404800,81.2,81.85,81.12,81.81,17212340.0
1739491200,82.27,82.35,81.905,81.93,8051820.0
1739836800,82.47,82.63,82.32,82.52,9485857.0
1739923200,81.65,81.8,81.375,81.67,11042160.0
1740009600,81.91,82.1,81.585,82.05,9177372.0
1740096000,82.12,82.135,81.3801,81.54,11630000.0
1740355200,81.87,81.99,81.3399,81.49,11135810.0
1740441600,82.51,82.51,81.875,82.23,10091350.0
1740528000,82.47,82.985,82.17,82.34,11254630.0
1740614400,82.11,82.11,81.36,81.41,19003210.0
1740700800,81.33,81.65,80.81,81.58,20717810.0
1740960000,83.17,83.385,82.025,82.48,16234750.0
1741046400,81.89,83.33,81.21,82.46,18408470.0
1741132800,83.58,84.57,83.58,84.43,17092510.0
1741219200,83.81,84.4899,83.5,83.56,18421020.0
1741305600,83.71,84.54,83.5365,84.43,13184270.0
1741564800,83.04,83.335,81.875,82.44,19368430.0
1741651200,82.53,82.65,81.605,82.16,18088830.0
1741737600,82.71,82.93,82.175,82.75,15886270.0
1741824000,82.27,82.495,81.9399,82.2,18561450.0
1741910400,83.0,83.73,82.85,83.71,13971270.0
1742169600,83.93,84.78,83.87,84.65,12966760.0
1742256000,84.58,84.7701,84.1499,84.64,10513400.0
1742342400,84.34,85.185,84.2773,84.89,16362390.0
1742428800,83.67,84.25,83.645,84.18,11820550.0
1742515200,83.55,83.82,83.37,83.66,18771240.0
1742774400,83.585,83.83,83.345,83.65,12201770.0
1742860800,84.22,84.32,83.91,84.11,10478190.0
1742947200,83.55,83.775,82.875,83.02,17011160.0
1743033600,82.89,83.39,82.845,83.2,10331860.0
1743120000,82.79,82.885,82.29,82.46,14242400.0
1743379200,81.27,81.875,80.915,81.73,25560630.0
1743465600,81.78,82.11,81.345,81.85,15153980.0
1743552000,81.25,82.13,81.19,82.04,14451650.0
1743638400,81.24,81.445,80.215,80.32,18718350.0
1743724800,77.25,77.515,74.97,75.02,40904310.0
1743984000,72.69,76.25,72.145,73.21,63057500.0
1744070400,75.83,75.92,72.22,72.96,36425020.0
1744156800,73.16,78.86,72.76,78.59,60645130.0
1744243200,77.2,77.485,75.285,77.04,36697620.0
1744329600,77.34,79.145,77.225,78.97,28909930.0
1744588800,79.45,80.24,79.17,79.82,15749900.0
1744675200,80.45,80.905,80.36,80.54,13679840.0
1744761600,80.55,81.06,79.94,80.23,16542600.0
1744848000,80.96,81.59,80.805,81.1,14072530.0
1745193600,81.47,81.56,80.09,80.66,15883910.0
1745280000,81.77,82.7,81.75,82.33,14923220.0
1745366400,83.12,83.63,82.43,82.66,15223540.0
1745452800,83.03,83.79,82.885,83.76,11194210.0
1745539200,83.6,84.15,83.48,84.12,10485380.0
1745798400,84.23,84.765,84.1547,84.68,10085400.0
1745884800,84.59,85.03,84.5627,84.85,8303750.0
1745971200,84.28,85.01,83.8601,84.75,24147910.0
1746057600,84.98,84.99,84.365,84.48,10070870.0
1746144000,85.96,86.295,85.81,86.1,14798550.0
1746403200,86.37,86.475,86.23,86.25,8119851.0
1746489600,86.21,86.44,86.05,86.14,8661737.0
1746576000,85.93,86.185,85.59,85.85,8536595.0
1746662400,86.085,86.09,85.5,85.55,12228340.0
1746748800,86.21,86.21,85.74,85.97,9148988.0
1747008000,86.09,86.42,85.65,86.41,12602560.0
1747094400,86.295,86.73,86.2,86.52,13242910.0
1747180800,86.805,86.83,86.035,86.1,10173350.0
1747267200,86.72,87.1,86.495,87.04,11283160.0
1747353600,86.94,87.275,86.77,87.24,8372141.0
1747612800,87.24,88.08,87.22,88.07,9062923.0
1747699200,88.26,88.53,88.21,88.49,23335470.0
1747785600,88.6,88.89,87.925,87.97,15278900.0
1747872000,87.625,88.15,87.485,87.92,12787320.0
1747958400,87.2,88.2,87.15,88.04,16959590.0
1748304000,89.3,89.46,89.12,89.32,12435730.0
1748390400,88.45,88.545,88.12,88.29,16812430.0
1748476800,88.74,88.75,88.2499,88.68,11454350.0
1748563200,88.75,88.9,88.17,88.81,18590170.0
1748822400,88.97,89.79,88.67,89.76,25710470.0
1748908800,88.86,89.17,88.625,89.08,11787450.0
1748995200,89.29,89.75,89.23,89.48,11593330.0
1749081600,89.76,89.86,89.23,89.42,14543140.0
1749168000,89.62,89.845,89.5,89.74,10301080.0
1749427200,89.62,90.0,89.555,89.73,9641764.0
1749513600,90.05,90.09,89.65,89.85,10254100.0
1749600000,90.01,90.16,89.64,89.7,12329630.0
1749686400,90.2,90.505,90.145,90.39,13288060.0
1749772800,89.22,89.72,89.0165,89.23,22177130.0
1750032000,88.41,88.86,88.04,88.04,17843410.0
1750118400,87.665,87.745,86.86,86.96,16726290.0
1750204800,87.21,87.585,86.9,87.11,18504430.0
1750377600,87.04,87.05,86.31,86.33,16900630.0
1750636800,85.74,87.0057,85.68,86.98,23100650.0
1750723200,87.66,88.17,87.56,88.04,14900770.0
1750809600,87.57,87.68,87.36,87.56,14422090.0
1750896000,88.24,88.6099,88.13,88.54,15791540.0
1750982400,89.18,89.62,88.955,89.34,15987690.0
1751241600,89.12,89.49,88.95,89.39,28062280.0
1751328000,89.11,89.39,89.0342,89.24,11406070.0
1751414400,88.97,89.56,88.84,89.5,13133600.0
1751500800,89.435,89.675,89.39,89.52,5311077.0
1751846400,88.94,89.1,88.3,88.55,12925000.0
1751932800,88.7,89.29,88.6,89.2,9061444.0
1752019200,89.59,89.9,89.375,89.87,8699939.0
1752105600,89.63,89.88,89.425,89.81,8554427.0
1752192000,89.1,89.125,88.81,88.95,8467972.0
1752451200,88.65,89.015,88.57,88.95,7969857.0
1752537600,88.96,88.97,87.96,88.02,10572040.0
1752624000,87.98,88.44,87.72,88.38,16776530.0
1752710400,88.15,88.62,88.085,88.61,9542032.0
1752796800,89.02,89.025,88.275,88.36,11044830.0
1753056000,88.78,89.28,88.61,88.83,9323984.0
1753142400,88.93,89.39,88.7135,89.32,12134310.0
1753228800,90.54,91.57,90.485,91.54,18088190.0
1753315200,91.07,91.27,90.86,90.86,12025600.0
1753401600,90.19,90.76,90.085,90.75,9583464.0
1753660800,89.81,89.86,89.095,89.29,13653970.0
1753747200,89.3,89.3,88.93,89.11,11888620.0
1753833600,88.825,89.075,88.14,88.47,14623010.0
1753920000,88.1,88.135,87.35,87.52,29271580.0
1754006400,87.28,87.425,86.735,87.29,18658180.0
1754265600,88.23,88.47,88.11,88.45,14718050.0
1754352000,88.6,88.64,88.17,88.44,11634140.0
1754438400,88.84,89.17,88.765,89.02,11499870.0
1754524800,90.02,90.09,89.44,89.82,11525590.0
1754611200,90.15,90.525,90.08,90.37,10367280.0
1754870400,90.12,90.2,89.875,89.99,8516640.0
1754956800,90.39,91.15,90.275,91.09,12302860.0
1755043200,91.39,91.66,91.365,91.64,9490537.0
1755129600,91.225,91.68,91.195,91.65,11790570.0
1755216000,92.22,92.275,92.04,92.19,11864280.0
1755475200,91.945,92.135,91.795,92.09,11577830.0
1755561600,92.33,92.49,92.015,92.1,10721580.0
1755648000,92.27,92.46,92.105,92.43,15871190.0
1755734400,91.92,92.065,91.685,91.85,11258870.0
1755820800,92.21,93.38,92.18,93.23,15827470.0
1756080000,92.79,92.945,91.9801,92.0,11700870.0
1756166400,91.74,91.95,91.67,91.9,11788860.0
1756252800,91.22,91.715,91.035,91.68,13054220.0
1756339200,92.0,92.14,91.83,92.02,11136420.0
1756425600,91.53,91.65,91.325,91.48,18544490.0
1756771200,90.1,90.735,90.04,90.58,15496270.0
1756857600,90.45,90.8,90.37,90.72,14418840.0
1756944000,91.0,91.4,90.935,91.38,10348030.0
1757030400,92.115,92.385,91.495,91.79,15510640.0
1757289600,92.46,92.74,92.24,92.71,12010730.0
1757376000,92.325,92.495,92.15,92.4,10893170.0
1757462400,92.65,92.765,92.265,92.38,11838440.0
1757548800,92.78,93.39,92.75,93.36,11013030.0
1757635200,92.99,93.125,92.765,92.99,10010530.0
1757894400,93.45,93.6799,93.32,93.61,18108010.0
1757980800,93.52,93.54,93.08,93.35,25226900.0
1758067200,93.24,93.77,92.61,93.0,17013570.0
1758153600,93.1,93.48,92.82,93.36,15791640.0
1758240000,93.04,93.145,92.76,93.0,21889340.0
1758499200,92.96,93.34,92.73,93.3,13692270.0
1758585600,93.51,93.67,93.015,93.12,14688390.0
1758672000,92.69,92.92,92.46,92.58,14910670.0
1758758400,91.945,92.02,91.525,91.92,22434550.0
1758844800,92.31,92.64,92.225,92.63,18137960.0
1759104000,92.92,93.06,92.765,92.99,13807070.0
1759190400,92.885,93.46,92.86,93.37,24294990.0
1759276800,93.88,94.27,93.8601,94.14,17167910.0
1759363200,94.535,94.6,93.87,94.29,15300540.0
1759449600,94.97,95.265,94.845,95.08,13985530.0
1759708800,95.25,95.525,95.145,95.3,12812710.0
1759795200,94.96,95.0107,94.4325,94.47,9074987.0
1759881600,94.79,94.9251,94.5501,94.75,11159400.0
1759968000,94.79,94.79,93.7399,93.97,10567890.0
1760054400,93.69,93.7662,92.115,92.24,26137180.0
1760313600,92.65,93.08,92.53,92.98,11132880.0
1760400000,92.45,93.6758,92.335,93.4,15119000.0
1760486400,93.86,94.1307,93.315,93.85,15005510.0
1760572800,94.42,94.74,94.0,94.34,24970280.0
1760659200,94.04,94.5665,93.92,94.51,16789490.0
1760918400,94.945,95.375,94.93,95.29,12951060.0
1761004800,94.86,95.0,94.55,94.59,16644260.0
1761091200,94.6,94.76,94.05,94.45,15028680.0
1761177600,94.62,94.9986,94.62,94.89,10584490.0
1761264000,95.08,95.205,94.935,95.04,8967861.0
1761523200,95.56,95.73,95.48,95.7,10612650.0
1761609600,95.63,95.95,95.465,95.66,9187623.0
1761696000,95.66,95.75,94.645,95.12,17914370.0
1761782400,94.57,95.08,94.5,94.7,13967840.0
1761868800,94.59,94.61,94.13,94.49,19459170.0
1762128000,94.56,94.64,94.26,94.53,10681370.0
1762214400,93.525,94.03,93.445,93.56,10349020.0
1762300800,93.68,94.32,93.67,94.16,12451340.0
1762387200,94.27,94.36,93.705,93.95,16176000.0
1762473600,93.57,94.32,93.34,94.3,13976940.0
1762732800,94.86,95.35,94.59,95.29,15682790.0
1762819200,95.67,96.1401,95.67,95.99,12959430.0
1762905600,96.31,96.69,96.31,96.56,9532343.0
1762992000,96.35,96.46,95.425,95.53,15864780.0
1763078400,94.88,95.5269,94.78,95.26,17396350.0
1763337600,94.6,94.88,93.68,94.02,18850880.0
1763424000,92.81,93.1456,92.3,92.8,22482260.0
1763510400,92.71,93.065,92.1441,92.52,15425360.0
1763596800,93.13,93.25,91.21,91.24,26720920.0
1763683200,92.1,92.895,91.76,92.65,27211440.0
1763942400,92.45,92.875,92.34,92.73,18550870.0
1764028800,93.13,93.88,92.885,93.84,19903830.0
1764115200,94.26,95.01,94.23,94.87,13481190.0
1764288000,94.84,95.22,94.735,95.19,8136033.0
1764547200,94.92,95.15,94.69,94.72,21791500.0
1764633600,95.08,95.13,94.745,95.04,14267610.0
1764720000,95.12,95.59,95.1,95.55,14439840.0
1764806400,96.08,96.175,95.645,95.81,13862950.0
1764892800,96.1,96.225,95.635,95.81,15829870.0
1765152000,95.82,95.82,95.355,95.51,13589160.0
1765238400,95.6,95.83,95.36,95.38,15966760.0
1765324800,95.56,96.5999,95.495,96.44,21171780.0
1765411200,96.715,97.1499,96.63,97.01,19221700.0
1765497600,97.06,97.18,96.145,96.5,20514860.0
1765756800,97.31,97.415,96.87,97.09,22751910.0
1765843200,95.14,95.225,94.595,94.92,29380530.0
1765929600,94.73,94.95,94.13,94.15,34926070.0
1766016000,94.95,95.305,94.58,94.82,29971360.0
1766102400,95.26,95.73,95.21,95.46,31094760.0
1766361600,95.47,95.7554,95.4,95.7,15861190.0
1766448000,96.28,96.44,96.165,96.29,16485890.0
1766534400,96.33,96.4614,96.185,96.41,5609693.0
1766707200,96.53,96.6,96.335,96.57,9304222.0
1766966400,96.26,96.465,96.055,96.28,16705460.0
1767052800,96.63,96.795,96.415,96.44,15876990.0
1767139200,96.33,96.39,95.9239,96.03,27618020.0
1767312000,97.03,97.105,96.51,97.04,42922550.0
1767571200,97.255,98.15,97.23,98.15,25186950.0
1767657600,98.31,98.48,98.13,98.3,14557980.0
1767744000,98.14,98.205,97.84,97.93,15468960.0
1767830400,97.56,97.95,97.525,97.94,14090760.0
1767916800,98.42,98.885,98.33,98.81,16001760.0
1768176000,99.15,99.44,99.115,99.41,15313530.0
1768262400,99.23,99.25,98.645,98.84,17697980.0
1768348800,99.19,99.365,98.98,99.3,19947520.0
1768435200,99.62,99.62,99.22,99.26,24662620.0
1768521600,99.42,99.54,99.055,99.53,18699260.0
1768867200,98.0,98.685,97.86,98.02,26893280.0
1768953600,98.27,99.28,97.89,99.03,26150510.0
1769040000,99.39,99.67,99.175,99.42,16592840.0
1769126400,99.17,100.0,99.0,99.97,16753540.0
1769385600,100.54,100.825,100.46,100.47,14959320.0
1769472000,101.47,102.32,101.43,102.09,19754260.0
1769558400,101.185,101.355,100.56,101.01,21938780.0
1769644800,102.015,102.1,100.555,101.69,29236250.0
1769731200,101.35,101.54,100.37,100.74,27813420.0
1769990400,100.88,101.545,100.82,101.4,21725500.0
1770076800,101.14,101.655,100.64,101.45,23625730.0
1770163200,102.47,102.665,101.37,101.78,25576680.0
1770249600,100.62,101.145,100.27,100.33,22760150.0
1770336000,101.69,102.65,101.635,102.61,17343720.0
1770595200,103.23,104.17,103.115,103.99,20137690.0
1770681600,104.575,104.67,104.24,104.24,16861810.0
1770768000,104.84,105.17,104.16,104.94,20493540.0
1770854400,105.09,105.235,103.81,104.15,29385320.0
1770940800,103.88,104.43,103.445,104.24,22651310.0
1771286400,103.36,104.34,103.02,104.22,19647200.0
1771372800,104.37,104.91,104.12,104.34,16099440.0
1771459200,103.54,104.09,103.37,104.05,15994120.0
1771545600,103.86,105.05,103.86,104.9,25737460.0
1771804800,104.81,105.105,104.19,104.47,14151840.0
1771891200,104.17,104.915,104.08,104.66,17358040.0
1771977600,105.255,105.7953,105.145,105.66,14783780.0
1772064000,105.635,105.72,104.87,105.57,28482700.0
1772150400,105.52,105.94,105.26,105.38,25575480.0
1772409600,102.76,103.725,102.72,103.3,38047010.0
1772496000,98.65,100.56,97.75,100.09,52567270.0
1772582400,100.785,101.49,100.4,101.38,30766530.0
1772668800,99.78,100.27,98.22,99.16,34508250.0
1772755200,97.27,98.69,97.06,98.28,27734380.0
1773014400,96.775,99.405,95.98,98.99,37484690.0
1773100800,99.735,100.88,99.07,99.22,44802860.0
1773187200,98.64,99.375,98.285,99.01,21349910.0
1773273600,98.04,98.13,97.005,97.46,34724590.0
1773360000,97.665,98.105,96.14,96.3,27628300.0
1773619200,97.64,98.32,97.45,98.1,17384130.0
1773705600,98.74,98.965,98.24,98.37,16411460.0
1773792000,97.81,98.01,96.605,96.69,26644890.0
1773878400,94.94,97.11,94.8,96.52,34858280.0
1773964800,96.13,96.13,93.08,93.59,45493720.0
1774224000,95.525,97.02,94.945,95.84,40781200.0
1774310400,94.485,95.81,94.35,95.27,22695850.0
1774396800,96.92,97.15,96.15,96.66,20476290.0
1774483200,95.47,96.23,94.615,94.66,19676760.0
1774569600,94.29,94.84,93.515,93.8,22341140.0
1774828800,94.72,94.975,93.67,94.07,16136380.0
1774915200,95.57,97.155,95.0601,97.13,39447980.0
1775001600,98.52,99.32,98.215,98.61,27123210.0
1775088000,96.54,98.42,96.36,98.0,17276290.0
1775433600,98.13,98.73,98.03,98.49,11810900.0
1775520000,97.67,98.5,96.79,98.35,19809720.0
1775606400,102.49,102.635,101.515,102.19,22300870.0
1775692800,101.09,102.47,100.91,101.95,14958350.0
1775779200,102.63,102.69,101.805,102.18,8670349.0
1776038400,101.265,102.85,101.175,102.81,19346910.0
1776124800,103.34,103.82,103.21,103.64,16581250.0
1776211200,103.39,103.445,102.935,103.31,8786288.0
1776297600,103.56,103.58,102.645,103.01,13227620.0
1776384000,104.46,105.13,104.21,104.32,17321900.0
1776643200,103.72,103.93,103.13,103.91,12896410.0
1776729600,103.125,103.27,101.51,101.63,18105410.0
1776816000,102.33,102.38,101.65,101.97,9990803.0
1776902400,101.75,102.12,100.15,101.24,15774210.0
1776988800,101.41,101.96,101.15,101.77,14219370.0
1777248000,101.825,102.055,101.34,101.38,10091680.0
1777334400,100.93,101.13,100.56,100.96,11008860.0
1777420800,100.4,100.48,99.505,99.93,10987200.0
1777507200,101.32,102.575,101.09,102.32,16585800.0
1777593600,102.29,102.87,102.065,102.1,14447180.0
1777852800,101.44,101.715,100.26,100.7,21026270.0
1777939200,101.67,102.16,101.19,102.04,12347320.0
1778025600,104.5,104.92,104.31,104.81,14755520.0
1778112000,104.82,104.86,102.82,102.89,19257470.0
1778198400,103.765,104.04,103.39,103.96,12280190.0
1778457600,103.81,104.0,103.57,103.74,10717950.0
1778544000,103.0,103.28,102.35,103.14,15771340.0
1778630400,103.01,103.88,102.9306,103.83,9578943.0
1778716800,103.79,103.9263,103.41,103.46,8943807.0
1778803200,102.01,102.14,101.55,101.72,17916750.0
1779062400,102.48,102.82,101.775,102.66,15943990.0
1779148800,102.075,102.47,101.69,101.92,13211800.0
1779235200,102.155,103.91,101.97,103.62,16511770.0
1779321600,102.815,104.56,102.6,104.19,14357630.0
1779408000,104.22,104.48,103.7899,103.98,12012640.0
1779753600,105.345,105.46,104.755,105.13,12884880.0
1779840000,105.06,105.085,104.515,104.77,12599620.0
1779926400,104.115,105.01,103.97,104.69,13606000.0
1780012800,105.13,105.52,104.73,104.8,16934040.0
1780272000,103.99,104.92,103.6,104.44,17412620.0
1780358400,104.59,105.155,104.53,105.02,8400727.0
1780444800,104.575,104.635,104.07,104.12,11807070.0
1780531200,104.54,105.015,104.43,104.95,10158680.0
1780617600,104.14,104.185,101.91,102.26,16937640.0
1780876800,103.27,103.495,102.715,102.88,13550420.0
1780963200,103.89,104.235,101.34,102.9,21878020.0
1781049600,102.23,102.9,101.49,101.57,22737740.0
1781136000,102.48,104.85,102.22,104.73,20415020.0
1781222400,104.65,105.36,104.19,105.02,14219960.0
1781481600,104.69,104.74,103.985,104.08,14053630.0
1781568000,104.72,104.8,104.225,104.31,12047010.0
1781654400,105.04,105.42,103.585,103.78,20717590.0
1781740800,104.58,104.66,104.18,104.41,15466270.0
1782086400,104.59,104.835,104.425,104.58,9596198.0
1782172800,102.38,103.015,102.315,102.46,17425690.0
1782259200,102.24,102.65,101.92,102.26,12504170.0
1782345600,103.48,103.725,102.73,103.15,13139590.0
1782432000,102.46,103.07,102.3,102.54,21219220.0
1782691200,102.87,103.47,102.22,103.45,10788620.0
1782777600,103.32,103.89,103.19,103.88,16945920.0
1782864000,103.07,103.43,102.87,103.02,13487080.0
1782950400,104.59,105.27,103.75,104.37,12685960.0
1783296000,104.995,105.52,104.88,105.46,9803217.0
1783382400,105.015,105.16,103.85,104.16,10715190.0
1783468800,102.81,103.405,102.255,103.36,8642828.0
1783555200,103.61,104.185,103.55,103.92,7586409.0
1783641600,104.18,104.595,103.61,104.33,8286795.0
1783900800,103.85,103.98,103.085,103.24,10953700.0
1783987200,104.38,105.09,103.91,103.96,9932196.0
1784073600,104.28,104.81,103.8,104.65,7415824.0
1784160000,103.67,104.22,103.47,103.81,9966804.0
1784246400,102.51,103.51,102.51,103.33,10969900.0
1784505600,103.34,103.49,102.465,102.57,14834450.0
1784592000,103.51,104.19,103.09,104.06,9826921.0
1784678400,104.44,104.64,104.215,104.25,14694590.0
1784764800,102.755,103.29,102.54,102.9,12596070.0
1784851200,103.5,104.025,103.255,103.41,9032149.0
1785110400,104.355,104.455,103.445,103.91,9299983.0
1785196800,103.19,104.18,103.12,103.89,9580483.0
1785283200,103.715,104.85,102.98,103.37,11646400.0
1785369600,105.005,106.32,104.81,106.24,13263690.0
1785456000,105.75,105.8297,104.6,105.58,14260690.0
1785715200,105.72,106.08,105.535,106.02,9956842.0
1785801600,106.72,107.47,106.61,107.32,10410030.0
1785888000,107.99,108.0,107.4,107.43,9007597.0
1785974400,107.66,107.905,107.255,107.36,8510713.0
1786060800,108.75,108.76,108.185,108.55,9430888.0
1786320000,108.21,108.305,107.965,108.01,7015481.0
1786406400,108.44,108.625,107.88,108.09,6368380.0
1786492800,108.75,108.815,108.32,108.5,9901365.0
1786579200,108.67,108.89,108.51,108.69,7237890.0
1786665600,108.76,108.89,108.4625,108.64,5660191.0
1786924800,108.66,108.865,108.345,108.45,9375599.0
1787011200,107.75,108.025,107.18,107.27,14561280.0
1787097600,107.87,108.07,107.405,107.66,10829630.0
1787184000,107.29,107.86,107.16,107.35,10578410.0
1787270400,108.13,108.37,108.045,108.24,9935618.0
1787529600,107.99,108.185,107.775,108.03,6095423.0
1787616000,108.51,108.83,108.24,108.81,6438753.0
1787702400,108.68,108.82,108.145,108.27,5219092.0
1787788800,108.04,108.14,107.605,108.02,5371934.0
1787875200,108.52,108.74,107.525,107.72,13245040.0
1788134400,108.04,108.07,107.265,107.45,9539194.0
1788220800,107.04,107.27,106.285,106.49,10129600.0
1788307200,106.73,107.1,106.64,107.06,6463702.0
1788393600,108.02,108.4099,107.6,108.21,12746230.0
1788480000,107.85,108.575,107.85,108.35,5730777.0
1788825600,108.34,108.405,107.705,107.76,8318987.0
1788912000,107.27,107.315,106.495,106.56,15827650.0
1788998400,106.0,106.335,105.49,105.66,12804370.0
1789084800,106.98,107.03,106.57,106.7,10285850.0
1789344000,105.8,106.44,105.44,105.85,11477450.0
1789430400,105.48,105.51,105.045,105.4,11921750.0
1789516800,105.88,106.17,104.36,105.02,11545680.0
1789603200,106.28,106.39,105.915,106.04,8514850.0
1789689600,104.985,105.13,104.605,104.97,17992800.0
1789948800,106.09,106.35,105.66,106.13,10884500.0
1790035200,106.405,106.7799,105.875,106.5,11185040.0
1790121600,105.485,105.555,104.46,104.8,12210320.0
1790208000,104.41,104.91,103.905,104.5,17124620.0
