timestamp,open,high,low,close,volume
1474848000,47.84,47.98,47.13,47.16,5139921.0
1474934400,47.87,49.03,47.5,48.95,4722456.0
1475020800,48.95,49.6,48.52,49.47,3865747.0
1475107200,49.24,49.87,48.48,48.65,5855364.0
1475193600,49.09,49.215,48.445,48.48,4054779.0
1475452800,48.81,49.3,48.53,49.16,3148782.0
1475539200,49.19,49.8,49.0701,49.4,5284808.0
1475625600,49.76,50.06,49.51,49.93,3795559.0
1475712000,49.77,49.9,49.44,49.54,2723616.0
1475798400,49.75,49.76,48.82,49.19,3357290.0
1476057600,50.4,51.26,50.315,50.92,5274610.0
1476144000,51.02,51.14,50.53,50.63,3708401.0
1476230400,50.53,50.8,50.3,50.48,2589495.0
1476316800,49.97,50.315,49.59,50.13,3903968.0
1476403200,50.65,50.84,49.92,49.98,4149081.0
1476662400,50.14,50.665,50.14,50.21,2828046.0
1476748800,51.04,51.6,50.88,51.54,4785186.0
1476835200,51.75,52.39,51.52,52.36,6514280.0
1476921600,52.01,52.3,51.7401,51.76,3423543.0
1477008000,51.32,52.12,51.285,51.95,3455781.0
1477267200,52.4,52.49,51.92,52.13,1717567.0
1477353600,52.05,52.3,51.82,51.86,3005795.0
1477440000,51.45,51.68,51.03,51.08,2682706.0
1477526400,51.29,51.37,50.67,51.03,2949237.0
1477612800,51.12,51.89,49.69,50.64,13096130.0
1477872000,50.77,51.04,50.59,50.83,3523573.0
1477958400,50.87,50.875,49.01,49.39,10856580.0
1478044800,48.87,49.235,48.15,48.65,8250448.0
1478131200,48.88,49.4,48.67,48.85,8103881.0
1478217600,48.86,49.99,48.54,49.35,10954630.0
1478476800,51.4,52.125,51.25,51.88,12045180.0
1478563200,51.99,53.14,51.79,52.79,7823316.0
1478649600,47.54,48.69,46.34,48.29,17599150.0
1478736000,46.66,46.83,43.915,44.2,13356500.0
1478822400,43.29,44.07,42.435,43.34,16622580.0
1479081600,43.58,44.37,43.4,44.12,12065410.0
1479168000,44.67,45.73,44.54,44.74,8144163.0
1479254400,44.49,45.09,44.24,44.56,6549164.0
1479340800,44.73,45.18,43.95,44.21,9857630.0
1479427200,44.3,44.41,42.86,42.97,6811099.0
1479686400,43.49,43.92,43.47,43.61,3149081.0
1479772800,44.06,44.1,43.326,43.49,6733936.0
1479859200,43.03,43.69,42.9,43.67,5825242.0
1480032000,43.77,44.15,43.74,44.08,1962100.0
1480291200,44.15,44.2,43.965,44.0,3428667.0
1480377600,43.91,44.195,43.82,44.05,3447628.0
1480464000,44.31,44.44,43.975,44.12,5022279.0
1480550400,43.95,44.093,43.06,43.27,7382233.0
1480636800,43.4,43.85,43.15,43.22,4777550.0
1480896000,43.48,43.945,43.47,43.7,4191922.0
1480982400,44.07,44.49,44.05,44.34,4100134.0
1481068800,44.67,45.24,44.58,45.0,4365558.0
1481155200,45.0,45.705,44.7799,45.55,3323689.0
1481241600,45.54,45.995,45.3,45.84,3934884.0
1481500800,46.32,46.44,45.985,46.21,3464888.0
1481587200,46.21,46.69,45.93,46.26,3596129.0
1481673600,46.33,46.39,45.0,45.14,4425747.0
1481760000,44.79,45.22,44.52,45.09,4708878.0
1481846400,45.12,45.2,44.12,44.37,4420667.0
1482105600,44.29,44.58,44.2,44.26,2108670.0
1482192000,44.2,44.49,43.94,44.06,2212640.0
1482278400,43.85,43.94,43.51,43.52,1949737.0
1482364800,43.07,43.34,42.65,43.26,4933362.0
1482451200,43.26,43.78,43.13,43.7,1671909.0
1482796800,43.64,43.89,43.37,43.44,1857335.0
1482883200,43.71,43.77,43.47,43.72,1771746.0
1482969600,43.91,44.49,43.79,44.21,2476802.0
1483056000,44.36,44.49,43.86,43.97,3459344.0
1483401600,44.28,44.76,43.49,43.63,4291389.0
1483488000,43.56,43.73,42.76,43.1,5212986.0
1483574400,43.59,43.86,43.13,43.43,4553683.0
1483660800,43.46,43.79,43.1,43.12,3309670.0
1483920000,43.04,43.11,42.14,42.34,4227989.0
1484006400,42.11,42.46,41.91,41.96,5765884.0
1484092800,41.94,42.13,41.23,41.83,6790083.0
1484179200,42.12,42.46,41.93,42.03,3124521.0
1484265600,42.15,42.96,42.15,42.65,5271855.0
1484611200,42.56,42.7,42.235,42.45,2973753.0
1484697600,42.19,42.35,41.68,41.97,3160648.0
1484784000,42.06,42.09,41.55,41.74,3033679.0
1484870400,42.28,42.81,41.85,42.64,6741682.0
1485129600,42.88,43.92,42.75,43.83,5667607.0
1485216000,44.05,44.86,44.01,44.46,4420366.0
1485302400,44.8,45.79,44.62,45.46,8789157.0
1485388800,44.79,45.14,44.03,44.41,11961900.0
1485475200,44.66,45.42,44.53,45.1,6837480.0
1485734400,45.23,45.35,44.71,45.08,3082192.0
1485820800,45.06,45.43,44.665,44.81,3443243.0
1485907200,45.1,45.29,44.6,44.91,3774485.0
1485993600,45.19,45.69,45.12,45.63,4581476.0
1486080000,46.0,46.14,45.61,46.02,2676991.0
1486339200,45.74,45.89,45.12,45.38,2297492.0
1486425600,45.37,45.59,44.855,45.05,2129190.0
1486512000,45.1,45.6084,45.055,45.47,1918231.0
1486598400,45.71,46.27,45.63,45.9,2641966.0
1486684800,45.99,47.02,45.9,46.62,5632200.0
1486944000,46.72,46.82,46.18,46.49,4368161.0
1487030400,46.54,46.67,45.925,46.36,2620120.0
1487116800,46.04,46.34,45.9701,46.19,2896862.0
1487203200,46.13,46.4,45.855,45.97,2308889.0
1487289600,45.71,45.87,45.46,45.72,2962511.0
1487635200,45.74,47.28,45.74,47.11,4580519.0
1487721600,47.15,47.36,46.75,46.99,3180187.0
1487808000,47.56,47.87,47.0,47.31,3517033.0
1487894400,46.99,46.995,46.41,46.68,3128072.0
1488153600,46.91,47.175,46.73,46.87,3041031.0
1488240000,46.9,47.03,45.95,46.08,3868049.0
1488326400,46.54,47.51,46.4,47.28,5898091.0
1488412800,47.0,47.11,46.54,46.67,2182588.0
1488499200,47.58,48.17,47.34,47.96,5095707.0
1488758400,48.07,48.39,47.64,48.33,2447318.0
1488844800,48.53,48.65,48.04,48.21,2256931.0
1488931200,47.83,48.255,47.6,47.66,1968071.0
1489017600,47.19,47.24,46.74,47.03,3215038.0
1489104000,47.67,47.89,47.43,47.55,2639798.0
1489363200,47.6,47.78,47.305,47.46,2875611.0
1489449600,47.28,47.34,46.75,47.23,2730230.0
1489536000,47.44,48.85,47.18,48.76,7508850.0
1489622400,49.36,49.825,49.07,49.33,4190146.0
1489708800,49.59,50.26,49.44,50.07,5126803.0
1489968000,50.23,50.79,50.07,50.4055,2533003.0
1490054400,50.68,51.21,50.07,50.14,5215584.0
1490140800,49.96,50.44,49.85,50.21,3479278.0
1490227200,50.04,51.0,50.04,50.75,2964482.0
1490313600,50.95,51.74,50.92,51.56,2845111.0
1490572800,50.89,51.59,50.79,51.5,2214367.0
1490659200,51.65,51.9,51.21,51.26,2290311.0
1490745600,51.47,52.01,51.18,51.8,2981057.0
1490832000,51.95,52.06,51.47,51.63,3555083.0
1490918400,51.48,51.55,50.995,51.17,2501535.0
1491177600,51.24,51.765,51.24,51.64,2768014.0
1491264000,51.11,51.71,51.09,51.67,2065232.0
1491350400,52.05,52.245,51.62,51.67,3047677.0
1491436800,51.6,51.67,51.31,51.47,2165720.0
1491523200,51.75,52.26,51.64,52.07,3361474.0
1491782400,52.0,52.24,51.67,52.08,1910348.0
1491868800,52.08,52.16,51.29,51.9,4453987.0
1491955200,51.84,51.87,51.05,51.39,4475031.0
1492041600,51.52,51.89,51.09,51.19,2296805.0
1492387200,51.43,51.8,51.33,51.79,2073623.0
1492473600,51.65,51.94,51.42,51.55,2237366.0
1492560000,51.36,51.39,50.71,50.93,3343645.0
1492646400,51.21,51.5292,50.95,51.47,1741567.0
1492732800,51.31,51.45,51.05,51.37,1861359.0
1492992000,52.35,52.58,52.19,52.23,2316075.0
1493078400,51.73,52.13,51.71,52.04,2625412.0
1493164800,51.76,51.95,50.42,50.99,8222246.0
1493251200,51.61,51.64,51.21,51.44,3252436.0
1493337600,51.53,51.85,51.2,51.76,1852392.0
1493596800,51.95,52.32,51.635,52.07,855574.0
1493683200,51.97,52.38,51.94,52.35,2464420.0
1493769600,52.14,52.185,51.51,51.59,2020814.0
1493856000,51.38,51.69,50.61,50.82,4369516.0
1493942400,50.86,51.57,50.8,51.53,1849220.0
1494201600,51.47,51.58,50.83,51.01,2162426.0
1494288000,51.11,51.7265,51.06,51.44,2327668.0
1494374400,51.92,52.32,51.85,52.03,1904780.0
1494460800,52.09,52.12,51.78,52.02,1279618.0
1494547200,52.15,52.2999,51.86,52.08,1257033.0
1494806400,52.56,52.865,52.51,52.72,2153032.0
1494892800,52.69,52.95,52.54,52.54,1248750.0
1494979200,51.99,52.09,51.515,51.53,2772192.0
1495065600,50.5,51.22,50.14,50.73,5491757.0
1495152000,51.51,52.24,51.44,52.01,3883523.0
1495411200,52.4,52.75,51.71,51.85,1936624.0
1495497600,52.01,52.24,51.76,52.1,1256617.0
1495584000,52.42,53.14,52.3402,53.1,2221223.0
1495670400,53.43,53.58,52.6,52.64,2253993.0
1495756800,52.88,53.26,52.71,53.06,1314689.0
1496102400,52.58,52.68,51.94,52.05,2567842.0
1496188800,52.09,52.09,51.51,51.62,3323076.0
1496275200,51.73,52.32,51.69,52.12,2957690.0
1496361600,52.25,52.47,51.875,52.0,2710642.0
1496620800,52.52,53.515,52.52,53.45,4395492.0
1496707200,53.38,53.725,53.2,53.24,1685465.0
1496793600,53.44,53.6,53.0,53.41,1578182.0
1496880000,53.76,53.76,53.3,53.34,1362076.0
1496966400,53.22,53.62,53.145,53.36,2214851.0
1497225600,53.34,53.59,53.06,53.59,1788022.0
1497312000,53.71,53.795,53.51,53.72,1683199.0
1497398400,53.98,54.52,53.835,54.17,4028362.0
1497484800,53.51,53.88,53.23,53.78,2883236.0
1497571200,53.96,54.55,53.67,54.46,3127207.0
1497830400,54.43,54.65,53.96,54.19,2716093.0
1497916800,53.49,53.49,52.83,52.83,2458484.0
1498003200,52.92,53.16,52.56,52.61,1995599.0
1498089600,53.01,53.375,52.735,53.11,1138649.0
1498176000,53.28,53.719,53.1,53.56,1300271.0
1498435200,54.08,54.31,54.0,54.24,2355147.0
1498521600,53.84,53.91,53.39,53.61,1675059.0
1498608000,53.98,54.45,53.76,54.36,1707475.0
1498694400,53.82,53.95,53.115,53.6,2448738.0
1498780800,53.82,54.0925,53.78,53.94,1948533.0
1499040000,54.11,54.36,53.825,53.9,1376325.0
1499212800,53.57,54.08,53.45,53.85,1764791.0
1499299200,53.69,53.71,53.27,53.47,2114889.0
1499385600,54.01,54.23,53.51,54.14,2054302.0
1499644800,54.5,55.3,54.43,55.25,2974252.0
1499731200,55.03,55.5,55.02,55.11,1981130.0
1499817600,56.2,56.39,55.68,56.02,2639762.0
1499904000,56.17,56.38,55.96,56.35,1301795.0
1499990400,56.73,57.27,56.51,57.05,2282520.0
1500249600,56.96,57.4074,56.76,57.2,3076651.0
1500336000,57.34,57.435,57.12,57.27,1679590.0
1500422400,57.38,57.57,57.01,57.15,1618906.0
1500508800,57.16,57.425,57.1,57.25,1594921.0
1500595200,57.32,57.46,57.17,57.32,1501800.0
1500854400,57.23,57.285,56.74,57.18,1603334.0
1500940800,57.47,57.47,56.97,57.03,1765881.0
1501027200,57.11,57.62,56.885,57.55,1921495.0
1501113600,57.62,57.72,56.5,56.63,2391611.0
1501200000,56.58,56.69,56.17,56.68,1738433.0
1501459200,56.6,56.6,56.02,56.3,2268665.0
1501545600,56.49,56.92,56.16,56.24,3422172.0
1501632000,56.08,56.67,56.0,56.39,1508374.0
1501718400,56.46,56.47,56.18,56.37,1684967.0
1501804800,56.63,56.67,56.22,56.47,1581987.0
1502064000,56.38,56.44,56.2,56.39,1688825.0
1502150400,56.55,56.86,56.41,56.51,1529315.0
1502236800,55.75,56.13,55.61,56.06,1523744.0
1502323200,56.01,56.07,55.47,55.58,3133706.0
1502409600,55.6,56.21,55.49,56.01,1591263.0
1502668800,56.5,56.89,56.41,56.71,2123594.0
1502755200,56.6,56.8,56.46,56.74,724867.0
1502841600,57.19,57.209,56.66,57.11,2745270.0
1502928000,56.99,57.2,56.22,56.22,1858360.0
1503014400,56.26,57.05,56.025,56.86,1828229.0
1503273600,57.12,57.445,57.02,57.33,1146242.0
1503360000,57.62,57.64,57.37,57.43,1418079.0
1503446400,56.83,57.32,56.82,57.27,1306194.0
1503532800,57.47,57.58,57.22,57.29,1659996.0
1503619200,57.61,57.82,57.38,57.62,1150252.0
1503878400,57.32,57.35,56.51,56.62,1527286.0
1503964800,56.33,56.65,56.17,56.59,1362293.0
1504051200,56.63,56.92,56.49,56.85,1225782.0
1504137600,56.82,56.865,56.4,56.47,1510824.0
1504224000,56.75,57.01,56.54,56.76,1719441.0
1504569600,56.45,56.61,55.435,55.56,3026077.0
1504656000,55.67,56.35,55.63,56.18,3236311.0
1504742400,56.54,56.73,56.175,56.41,1571590.0
1504828800,56.21,56.28,55.72,55.86,1743912.0
1505088000,55.97,56.48,55.97,56.43,1329889.0
1505174400,56.2,56.39,56.1,56.24,1541895.0
1505260800,55.99,56.06,55.645,55.89,1980451.0
1505347200,55.6,56.13,55.35,56.13,1986429.0
1505433600,56.06,56.11,55.81,56.06,2197547.0
1505692800,55.78,56.185,55.76,55.91,2214690.0
1505779200,55.93,56.21,55.32,55.65,3835504.0
1505865600,55.87,56.41,55.48,55.86,2404107.0
1505952000,55.74,55.95,55.36,55.73,1503742.0
1506038400,55.78,56.195,55.78,55.99,1636642.0
1506297600,55.61,55.825,55.39,55.59,1471958.0
1506384000,55.5,56.0,55.105,55.41,1425178.0
1506470400,54.84,55.05,54.25,54.42,2952886.0
1506556800,54.22,54.55,54.09,54.44,2700202.0
1506643200,54.5,54.84,54.355,54.61,2924902.0
1506902400,54.46,54.83,54.39,54.67,1982803.0
1506988800,54.59,54.99,54.51,54.84,2318650.0
1507075200,54.74,54.99,54.57,54.64,2381318.0
1507161600,54.74,55.02,53.84,54.0,3997308.0
1507248000,53.7,53.79,53.28,53.57,2269333.0
1507507200,53.52,53.55,52.91,53.05,1922897.0
1507593600,53.53,53.65,52.53,52.59,3228545.0
1507680000,52.73,53.08,52.59,52.93,2668027.0
1507766400,52.74,52.92,52.335,52.44,3771236.0
1507852800,52.53,52.78,51.99,52.12,3346855.0
1508112000,51.94,52.35,51.48,51.48,4804942.0
1508198400,51.77,52.95,51.145,52.82,10412020.0
1508284800,52.79,52.79,52.18,52.27,2868612.0
1508371200,52.34,52.6,52.16,52.56,2714653.0
1508457600,52.61,52.69,51.9101,51.97,4912922.0
1508716800,52.05,52.19,51.31,51.35,3039161.0
1508803200,51.34,51.75,51.27,51.65,4144027.0
1508889600,51.97,52.0,50.62,50.68,4421673.0
1508976000,50.83,51.25,50.19,50.23,3062451.0
1509062400,50.47,50.87,50.135,50.68,3860250.0
1509321600,50.85,50.98,49.96,50.15,2623951.0
1509408000,50.46,50.63,50.16,50.33,3540799.0
1509494400,50.39,50.64,49.97,50.08,2293487.0
1509580800,50.0,50.455,49.89,50.31,1570967.0
1509667200,50.36,50.44,49.175,50.13,3641712.0
1509926400,50.47,51.13,50.13,51.06,4606948.0
1510012800,51.05,51.24,50.55,50.75,3469688.0
1510099200,50.9,51.08,50.61,50.66,1239072.0
1510185600,50.33,50.91,50.14,50.77,2518467.0
1510272000,50.62,50.79,49.735,49.75,4266883.0
1510531200,49.53,49.845,49.275,49.74,4034233.0
1510617600,49.75,49.865,49.26,49.4,3364010.0
1510704000,49.23,49.4,48.01,49.16,4174441.0
1510790400,49.45,49.96,49.29,49.78,2823021.0
1510876800,49.95,50.555,49.76,50.26,4389400.0
1511136000,49.94,50.28,49.79,50.0,1818262.0
1511222400,50.49,51.215,50.45,51.03,3532246.0
1511308800,51.3,51.58,50.99,51.43,2840992.0
1511481600,51.71,51.88,51.2201,51.26,1023835.0
1511740800,51.53,51.53,50.675,50.7,2026195.0
1511827200,50.82,51.02,50.55,51.0,3009523.0
1511913600,50.84,51.21,50.49,51.18,3158804.0
1512000000,50.9,51.54,50.11,50.19,5040257.0
1512086400,50.17,50.8101,49.81,50.46,3916137.0
1512345600,50.74,50.82,50.1,50.36,2560555.0
1512432000,50.05,50.51,49.93,50.36,3715931.0
1512518400,49.91,50.1,49.41,49.57,2527727.0
1512604800,49.21,49.66,49.18,49.34,2479829.0
1512691200,49.75,50.08,49.49,50.03,1868568.0
1512950400,50.01,50.14,49.69,49.7,1257471.0
1513036800,49.53,49.595,48.925,49.45,1812590.0
1513123200,49.5,50.49,49.35,50.39,3102641.0
1513209600,50.44,50.54,50.02,50.02,1523379.0
1513296000,50.14,50.34,49.73,50.0,3991437.0
1513555200,50.47,50.98,50.23,50.78,2908971.0
1513641600,50.92,50.92,49.45,49.49,2813817.0
1513728000,49.47,49.67,49.17,49.31,1498236.0
1513814400,49.32,49.41,48.67,48.71,2090479.0
1513900800,48.67,48.87,47.83,48.16,2786806.0
1514246400,48.5,48.64,47.79,47.87,1438478.0
1514332800,48.1,48.55,48.1,48.5,1759909.0
1514419200,48.5,48.76,48.4,48.57,1427856.0
1514505600,48.7,49.355,48.7,49.29,4134382.0
1514851200,49.84,50.4,49.53,50.38,3203677.0
1514937600,50.78,50.94,50.265,50.37,3567851.0
1515024000,50.73,50.97,50.41,50.45,2525008.0
1515110400,50.66,51.02,50.46,50.98,2740221.0
1515369600,50.85,51.21,50.78,50.98,2978365.0
1515456000,50.93,50.98,50.28,50.59,3475204.0
1515542400,50.5,50.54,49.27,49.48,6989221.0
1515628800,49.37,49.7,49.22,49.7,2818392.0
1515715200,50.16,50.98,49.74,50.69,5344453.0
1516060800,51.63,51.8,51.43,51.67,4135706.0
1516147200,51.8,52.5475,51.7704,52.24,3409931.0
1516233600,52.45,52.66,52.25,52.62,2581989.0
1516320000,53.0,53.08,52.35,52.48,2717347.0
1516579200,52.42,52.55,52.23,52.55,1805611.0
1516665600,52.12,52.64,51.9,52.52,2831734.0
1516752000,53.04,54.045,53.03,53.92,5559352.0
1516838400,54.29,54.65,53.455,53.48,6075170.0
1516924800,53.89,54.15,53.565,54.07,2154891.0
1517184000,53.77,53.88,53.21,53.32,3231318.0
1517270400,52.99,53.25,52.29,52.64,2912408.0
1517356800,53.24,53.305,52.79,53.11,2520142.0
1517443200,53.25,54.41,53.2,54.06,3879341.0
1517529600,53.21,53.58,52.662,52.88,4424898.0
1517788800,52.69,53.39,50.0,50.68,5603732.0
1517875200,50.46,52.27,50.3801,52.04,6870638.0
1517961600,51.6,52.16,51.01,51.04,4721734.0
1518048000,51.2,51.2,49.47,49.54,7406393.0
1518134400,50.26,50.5,48.765,50.34,7976255.0
1518393600,50.56,51.22,49.92,50.62,5970921.0
1518480000,50.44,50.9,50.41,50.75,2578580.0
1518566400,50.3,51.75,50.23,51.52,3532625.0
1518652800,52.07,52.42,51.91,52.17,3639611.0
1518739200,52.2,52.81,52.05,52.1,4516359.0
1519084800,51.65,52.01,51.25,51.45,4609125.0
1519171200,51.6,51.92,50.85,50.87,3637186.0
1519257600,51.34,52.13,51.34,51.89,3054838.0
1519344000,52.17,52.44,51.67,51.78,2696820.0
1519603200,51.7,51.82,51.27,51.64,2645696.0
1519689600,51.35,51.66,50.475,50.55,4019294.0
1519776000,50.8,50.85,49.77,49.91,3821682.0
1519862400,49.81,50.63,49.51,50.17,4938686.0
1519948800,49.59,50.24,49.27,50.11,3612253.0
1520208000,49.59,50.335,49.35,50.27,4615587.0
1520294400,50.94,51.1,50.52,50.62,3359102.0
1520380800,50.18,50.575,50.04,50.49,2636609.0
1520467200,50.83,51.42,50.51,51.37,6418352.0
1520553600,51.88,52.28,51.685,51.87,3854359.0
1520812800,51.9,52.26,51.75,52.06,2515111.0
1520899200,52.2,52.44,51.685,51.86,2768047.0
1520985600,52.12,52.16,51.35,51.6,3244410.0
1521072000,51.36,51.41,50.815,50.86,2300180.0
1521158400,50.66,50.895,50.35,50.43,2440343.0
1521417600,50.07,50.2375,49.44,49.82,3382846.0
1521504000,50.0,50.24,49.93,50.02,2114926.0
1521590400,50.62,51.64,50.53,51.51,7326346.0
1521676800,50.84,51.39,50.59,50.76,5149411.0
1521763200,50.9,51.32,49.925,49.95,3826757.0
1522022400,50.88,51.19,49.8,51.15,3115461.0
1522108800,51.05,51.33,50.63,50.65,2752964.0
1522195200,50.63,50.8,50.11,50.23,3062625.0
1522281600,50.68,51.85,50.575,51.52,2980286.0
1522627200,50.97,51.31,49.81,50.15,4116657.0
1522713600,50.62,51.29,50.335,51.27,4936363.0
1522800000,50.48,52.695,50.37,52.62,6285495.0
1522886400,52.82,53.2,52.65,52.69,5181518.0
1522972800,52.28,52.7,52.02,52.34,3590700.0
1523232000,52.52,52.88,52.18,52.2,2297107.0
1523318400,52.8,52.98,52.34,52.94,5537558.0
1523404800,52.67,53.17,52.64,53.02,2086618.0
1523491200,53.45,53.74,53.14,53.41,3821658.0
1523577600,53.9,53.92,53.39,53.87,2457093.0
1523836800,54.05,54.05,53.635,53.75,1891192.0
1523923200,54.11,54.33,53.88,54.16,3188934.0
1524009600,54.49,54.65,54.11,54.11,3408251.0
1524096000,53.98,54.01,52.43,52.53,5110399.0
1524182400,52.24,52.3,51.62,52.21,5586687.0
1524441600,51.6,51.915,51.0,51.11,3979079.0
1524528000,51.53,51.65,50.81,50.96,3244851.0
1524614400,50.47,51.025,50.2,51.01,2792987.0
1524700800,51.0,51.37,50.73,51.26,3887724.0
1524787200,51.53,51.71,51.275,51.67,2061336.0
1525046400,51.67,51.69,51.32,51.6,2281010.0
1525132800,51.33,51.3798,49.89,50.91,3627145.0
1525219200,50.66,50.92,49.91,50.1,4861387.0
1525305600,50.02,50.38,49.105,49.38,5215291.0
1525392000,48.75,49.12,48.59,48.79,3764945.0
1525651200,48.62,48.78,47.545,47.58,6093362.0
1525737600,47.55,47.74,47.055,47.54,3774188.0
1525824000,47.68,47.71,47.12,47.3,3641691.0
1525910400,48.16,48.73,48.12,48.56,6323437.0
1525996800,48.67,49.03,47.77,48.07,3248365.0
1526256000,48.32,48.325,47.37,47.39,2841216.0
1526342400,46.6,47.01,46.25,46.96,4299900.0
1526428800,47.03,47.41,46.835,47.27,3764681.0
1526515200,46.76,47.17,46.28,46.31,5934018.0
1526601600,45.84,46.0,45.3,45.55,5866989.0
1526860800,45.81,45.98,45.33,45.38,4239687.0
1526947200,45.53,46.07,45.48,46.02,2683393.0
1527033600,45.66,46.86,45.47,46.72,5039260.0
1527120000,46.38,46.5,45.8475,46.07,3625686.0
1527206400,46.16,46.45,45.95,46.0,4217204.0
1527552000,45.26,45.71,44.625,44.71,5737077.0
1527638400,45.0,45.3,44.83,45.16,3718994.0
1527724800,44.93,45.05,44.28,44.68,4896461.0
1527811200,45.16,45.54,44.8,44.98,3650631.0
1528070400,45.04,45.21,44.84,44.97,2757843.0
1528156800,44.23,44.44,43.76,43.78,5159855.0
1528243200,44.41,44.54,44.07,44.21,4245994.0
1528329600,44.23,44.23,43.55,43.86,5869472.0
1528416000,44.08,44.95,43.65,44.92,3969667.0
1528675200,44.62,44.78,44.36,44.63,3514702.0
1528761600,44.54,44.88,44.485,44.77,4283441.0
1528848000,44.8,45.33,44.52,44.67,3862187.0
1528934400,45.12,45.31,44.74,44.86,3423935.0
1529020800,44.91,45.09,44.47,45.06,4172415.0
1529280000,44.63,45.18,44.26,45.17,5584860.0
1529366400,44.02,44.55,43.96,44.4,4528590.0
1529452800,44.89,45.2,44.73,45.09,3425374.0
1529539200,45.07,45.29,44.78,44.98,4134869.0
1529625600,45.47,45.83,44.95,45.78,3602950.0
1529884800,45.55,46.26,45.36,46.13,5736260.0
1529971200,46.24,46.41,46.01,46.2,2774915.0
1530057600,46.07,46.26,45.5,45.61,4796130.0
1530144000,46.26,46.985,45.835,46.92,5469146.0
1530230400,47.24,47.435,46.67,47.14,5266507.0
1530489600,46.35,46.39,45.62,45.95,5224224.0
1530576000,46.89,47.55,46.78,47.36,3898642.0
1530748800,47.99,49.64,47.86,49.62,6474623.0
1530835200,49.81,50.79,49.65,50.43,9082060.0
1531094400,50.48,50.795,50.3,50.41,6501280.0
1531180800,50.78,50.94,50.4,50.91,5024060.0
1531267200,50.4,50.885,50.19,50.4,6180741.0
1531353600,51.17,51.36,50.44,50.44,3007685.0
1531440000,50.4,50.5,50.06,50.25,3481802.0
1531699200,50.38,50.7,50.18,50.5,2917582.0
1531785600,50.31,50.695,50.13,50.6,2797966.0
1531872000,50.33,51.25,50.26,50.76,4824442.0
1531958400,50.25,50.4,49.89,50.1,3716081.0
1532044800,50.29,50.58,50.0,50.48,2847531.0
1532304000,50.34,50.84,50.015,50.77,4717111.0
1532390400,51.09,51.42,50.79,51.22,3767605.0
1532476800,51.5,52.21,51.5,51.88,5727242.0
1532563200,51.8,52.33,51.57,51.73,6046295.0
1532649600,52.03,52.335,51.5,51.87,3631934.0
1532908800,52.31,52.62,51.97,52.18,1915636.0
1532995200,51.96,52.39,51.78,51.98,3985699.0
1533081600,52.0,52.18,51.66,51.72,3428878.0
1533168000,51.22,51.36,50.975,51.15,3173493.0
1533254400,51.18,51.89,51.18,51.89,3320469.0
1533513600,51.64,52.1,51.455,51.92,2039320.0
1533600000,52.31,53.06,52.22,52.9,6275235.0
1533686400,52.74,52.915,52.53,52.74,2406162.0
1533772800,52.27,52.51,51.4,51.4,4536669.0
1533859200,50.2,50.335,49.365,49.62,6529616.0
1534118400,49.35,49.78,49.105,49.55,3857016.0
1534204800,50.31,50.76,50.06,50.69,3214564.0
1534291200,49.42,49.94,49.05,49.21,5355839.0
1534377600,49.86,50.09,49.05,49.25,4278518.0
1534464000,49.07,49.865,48.92,49.81,5985555.0
1534723200,49.52,50.08,49.48,50.02,3179751.0
1534809600,50.25,51.19,50.11,50.83,5385099.0
1534896000,50.82,51.92,50.73,51.86,5752957.0
1534982400,51.57,51.97,51.01,51.02,4988683.0
1535068800,51.77,52.02,50.64,51.19,4937624.0
1535328000,52.18,52.81,52.0,52.22,6364440.0
1535414400,52.43,52.595,50.93,50.95,6279644.0
1535500800,51.04,51.66,50.72,51.59,2760645.0
1535587200,50.91,51.08,50.02,50.43,5655554.0
1535673600,50.47,50.9,49.94,50.34,5209422.0
1536019200,49.64,49.65,48.9,49.03,3727436.0
1536105600,48.73,49.21,48.3975,48.84,3941766.0
1536192000,48.96,49.33,48.73,49.33,3539154.0
1536278400,49.23,49.32,48.55,49.28,3173354.0
1536537600,49.55,49.55,48.85,49.3,2695970.0
1536624000,48.77,49.49,48.66,49.47,2381364.0
1536710400,49.57,50.56,49.37,50.39,4556636.0
1536796800,51.27,51.49,50.87,51.37,4152727.0
1536883200,51.42,51.58,50.66,51.02,2829894.0
1537142400,51.15,51.365,50.85,50.89,2312725.0
1537228800,51.16,51.64,51.12,51.23,2352993.0
1537315200,51.5,51.73,51.28,51.32,3045462.0
1537401600,51.59,51.95,50.98,51.14,2762510.0
1537488000,50.97,51.3499,50.69,50.99,3594249.0
1537747200,50.73,50.93,50.42,50.5,2968068.0
1537833600,50.5,50.835,50.43,50.69,2281678.0
1537920000,50.74,51.5,50.72,51.0,4207170.0
1538006400,51.2,51.64,51.01,51.13,2431806.0
1538092800,51.09,51.465,50.975,51.23,2583597.0
1538352000,51.95,52.17,51.44,51.61,2416450.0
1538438400,51.26,51.59,50.78,50.83,3011666.0
1538524800,51.36,51.36,49.805,49.99,4061229.0
1538611200,49.57,50.04,48.815,49.32,4235106.0
1538697600,49.7,50.15,49.19,49.58,3761907.0
1538956800,49.05,49.54,49.05,49.33,3449682.0
1539043200,49.02,49.545,48.59,49.48,3555024.0
1539129600,49.05,49.3,48.61,48.66,4104172.0
1539216000,48.5,49.19,48.28,48.52,5129554.0
1539302400,49.51,49.51,48.32,48.71,3808384.0
1539561600,48.73,49.47,48.61,49.07,2829008.0
1539648000,49.69,50.04,49.4647,49.79,2888510.0
1539734400,49.64,49.685,49.15,49.15,2568234.0
1539820800,48.8,48.98,47.4399,47.52,6576488.0
1539907200,47.79,48.285,47.23,47.63,3794602.0
1540166400,47.73,47.97,46.57,46.83,3632407.0
1540252800,46.05,46.75,46.005,46.53,4570291.0
1540339200,46.5,46.61,45.21,45.26,3917500.0
1540425600,45.77,46.4701,45.56,46.04,3565200.0
1540512000,45.38,45.97,45.21,45.88,4224771.0
1540771200,44.88,45.17,42.32,42.6,8450009.0
1540857600,42.87,42.87,42.11,42.44,7555662.0
1540944000,42.63,42.66,41.63,42.08,5130846.0
1541030400,42.74,44.19,42.41,43.84,5787070.0
1541116800,44.57,44.99,43.56,44.18,4420979.0
1541376000,44.18,45.555,44.15,45.45,4961454.0
1541462400,45.51,45.9,45.26,45.54,2805490.0
1541548800,45.91,46.125,45.47,45.7,3536737.0
1541635200,45.44,45.5539,42.31,42.61,13740820.0
1541721600,42.22,43.62,40.67,42.74,18100050.0
1541980800,42.28,42.42,41.43,41.5,4396038.0
1542067200,41.33,41.4,40.42,40.58,6743907.0
1542153600,40.78,41.6,40.47,40.72,6567037.0
1542240000,40.73,40.89,40.0,40.24,6447359.0
1542326400,40.1,41.67,40.1,41.38,10328730.0
1542585600,41.0,41.44,40.67,41.18,7393880.0
1542672000,40.48,40.985,40.18,40.3,3587547.0
1542758400,40.59,41.18,40.25,40.36,3204808.0
1542931200,39.98,40.08,39.575,39.72,2420919.0
1543190400,39.68,39.915,37.5,37.76,6855145.0
1543276800,38.33,38.8,38.11,38.39,4730380.0
1543363200,38.83,40.11,38.485,40.1,7729596.0
1543449600,40.15,40.93,40.04,40.74,5831081.0
1543536000,40.59,40.79,39.925,40.33,6689783.0
1543795200,41.51,41.96,40.37,40.57,6276769.0
1543881600,40.53,40.61,39.89,39.89,4771096.0
1544054400,39.33,40.67,39.17,40.62,4474027.0
1544140800,40.92,41.29,40.49,40.6,3882765.0
1544400000,40.5,40.72,39.63,40.17,3325531.0
1544486400,40.61,40.69,39.86,40.08,3354781.0
1544572800,40.61,41.19,40.455,40.68,4443863.0
1544659200,40.47,40.87,40.165,40.36,4297391.0
1544745600,39.89,40.62,39.89,40.27,4445391.0
1545004800,40.54,40.94,39.57,39.66,4225015.0
1545091200,39.39,40.26,39.29,39.99,4690026.0
1545177600,40.12,41.25,39.75,40.12,7527532.0
1545264000,40.59,41.04,40.45,41.0,4855880.0
1545350400,41.0,41.1,40.38,40.42,4056759.0
1545609600,40.4,40.93,40.4,40.6,2033545.0
1545782400,40.53,41.0,40.29,41.0,2885573.0
1545868800,40.58,41.14,40.49,41.04,3022043.0
1545955200,41.29,41.45,40.83,41.14,2259000.0
1546214400,41.19,41.5,40.91,41.18,1356341.0
1546387200,41.18,42.33,41.09,42.32,3084302.0
1546473600,41.78,42.2,41.5,41.79,2337125.0
1546560000,41.95,42.89,41.89,42.65,3504360.0
1546819200,43.01,43.29,42.71,43.15,3077519.0
1546905600,43.39,44.1,43.39,43.86,4019457.0
1546992000,44.26,44.83,44.06,44.35,5579404.0
1547078400,44.31,44.71,44.1961,44.45,2922906.0
1547164800,44.35,44.59,44.16,44.26,3783143.0
1547424000,44.15,44.88,44.045,44.47,4122204.0
1547510400,44.61,44.885,44.415,44.72,5059418.0
1547596800,44.83,45.24,44.81,45.21,3976143.0
1547683200,44.73,45.49,44.58,45.09,2846113.0
1547769600,45.19,45.56,45.055,45.07,2980326.0
1548115200,44.58,44.87,44.15,44.34,3637350.0
1548201600,44.61,44.805,44.22,44.68,2661202.0
1548288000,44.74,45.01,44.4,44.61,2852782.0
1548374400,45.13,45.46,44.555,44.81,6095033.0
1548633600,44.06,44.99,44.02,44.61,5898717.0
1548720000,44.8,45.11,44.56,44.81,3076487.0
1548806400,44.43,44.71,43.825,44.61,5077927.0
1548892800,44.94,45.41,44.8,45.0,2859373.0
1548979200,44.9,45.38,44.72,44.85,4672503.0
1549238400,44.82,45.5,44.79,45.09,2323577.0
1549324800,45.09,45.76,45.03,45.58,3030240.0
1549411200,45.28,45.56,45.07,45.23,3467082.0
1549497600,44.76,45.43,44.72,45.0,3038637.0
1549584000,44.82,44.95,44.35,44.43,3608115.0
1549843200,44.33,44.48,43.91,43.93,2591307.0
1549929600,44.29,44.55,43.79,43.98,2463739.0
1550016000,43.59,43.85,42.47,42.63,8319695.0
1550102400,42.57,43.42,42.42,43.36,6294305.0
1550188800,43.26,43.82,42.99,43.79,3717364.0
1550534400,43.68,44.27,43.66,43.96,3181022.0
1550620800,43.96,44.25,43.87,43.91,2873619.0
1550707200,43.98,44.215,43.68,44.17,2700172.0
1550793600,44.55,45.09,44.39,44.65,3647963.0
1551052800,45.07,45.27,44.63,44.77,5526703.0
1551139200,44.81,44.81,44.355,44.51,4362130.0
1551225600,44.42,44.5,43.83,44.09,2392678.0
1551312000,44.0,44.09,43.27,43.56,3426553.0
1551398400,43.74,43.79,42.9162,43.29,3928390.0
1551657600,43.32,43.4,42.7599,43.06,2736774.0
1551744000,43.17,43.22,42.805,42.86,3621513.0
1551830400,42.61,42.995,42.21,42.35,3892578.0
1551916800,42.39,42.42,41.655,41.77,4319426.0
1552003200,41.7,42.085,41.365,41.97,4536115.0
1552262400,42.23,42.625,42.23,42.45,2588718.0
1552348800,42.75,43.16,42.455,42.56,3439652.0
1552435200,42.83,42.87,42.35,42.67,3042239.0
1552521600,42.43,42.685,42.1,42.54,3595846.0
1552608000,42.78,43.28,42.78,43.16,4289106.0
1552867200,43.42,44.09,43.42,43.89,4170037.0
1552953600,44.05,44.18,43.65,43.82,3399110.0
1553040000,44.08,45.18,43.88,44.94,7375437.0
1553126400,44.94,45.33,44.8,45.07,5576041.0
1553212800,44.39,44.75,43.28,43.3,5378530.0
1553472000,43.36,44.1,43.36,43.92,3253673.0
1553558400,44.0,44.21,43.78,43.98,2613610.0
1553644800,43.51,43.84,43.27,43.49,3727293.0
1553731200,43.47,43.55,42.92,43.4,3893525.0
1553817600,43.65,43.84,43.22,43.59,4726892.0
1554076800,44.01,44.79,43.93,44.58,5325115.0
1554163200,44.87,44.93,43.92,44.16,2769291.0
1554249600,44.35,44.64,44.02,44.23,4998724.0
1554336000,44.06,44.94,44.06,44.92,4930969.0
1554422400,45.14,46.15,45.14,46.04,6259840.0
1554681600,46.09,46.97,46.055,46.75,3129182.0
1554768000,46.82,46.9138,46.42,46.57,3725019.0
1554854400,46.85,46.97,46.55,46.61,2507297.0
1554940800,46.44,46.55,46.03,46.34,3046478.0
1555027200,46.55,46.87,46.34,46.51,3350783.0
1555286400,46.34,46.48,45.96,46.27,3566556.0
1555372800,46.14,46.72,46.07,46.64,3261343.0
1555459200,46.93,47.32,46.53,47.18,3635077.0
1555545600,47.17,47.42,46.85,47.13,1691133.0
1555891200,47.01,47.2,46.92,47.07,1307983.0
1555977600,46.76,46.91,46.27,46.64,3109539.0
1556064000,46.32,46.54,45.81,46.16,3362401.0
1556150400,45.85,46.44,45.61,46.41,2600564.0
1556236800,46.49,46.895,46.32,46.52,1978202.0
1556496000,46.58,46.58,46.045,46.22,2345411.0
1556582400,46.0,46.325,45.58,46.15,3169079.0
1556668800,46.3,46.67,45.56,45.69,3426117.0
1556755200,45.68,45.84,45.295,45.45,3197003.0
1556841600,45.79,46.135,45.66,46.0,3002242.0
1557100800,44.89,45.76,44.89,45.7,3017753.0
1557187200,45.1,45.43,44.62,44.96,3421995.0
1557273600,44.65,44.895,44.41,44.43,3739263.0
1557360000,43.9,44.38,43.28,44.14,5522791.0
1557446400,44.03,44.745,43.44,44.59,4061674.0
1557705600,43.78,44.05,43.39,43.93,4582250.0
1557792000,44.16,44.59,43.92,44.45,3564233.0
1557878400,44.08,44.72,43.91,44.53,3075666.0
1557964800,44.52,44.79,44.26,44.47,2703839.0
1558051200,43.91,44.71,43.82,44.23,3115493.0
1558310400,44.3,44.875,44.23,44.63,2145914.0
1558396800,44.67,44.8113,44.04,44.58,5303746.0
1558483200,44.54,44.69,44.1,44.29,1996942.0
1558569600,43.86,44.21,43.65,43.98,2797777.0
1558656000,44.26,44.26,43.33,43.8,4092197.0
1559001600,43.63,43.83,43.1,43.3,3758477.0
1559088000,43.02,43.97,42.88,43.91,3597676.0
1559174400,44.0,44.84,44.0,44.54,3901404.0
1559260800,42.36,43.05,42.14,42.92,7783018.0
1559520000,42.56,42.99,42.5175,42.67,4612868.0
1559606400,43.22,43.76,42.96,43.46,5233418.0
1559692800,43.73,43.94,43.24,43.74,4577850.0
1559779200,43.45,45.62,42.8,43.41,7818379.0
1559865600,43.21,43.71,43.2,43.57,4462289.0
1560124800,44.93,45.25,44.47,44.86,7111946.0
1560211200,45.21,45.39,45.005,45.1,3430973.0
1560297600,45.06,45.29,44.83,44.92,4418214.0
1560384000,44.93,45.11,44.52,44.67,5763428.0
1560470400,44.78,44.78,44.25,44.34,3012078.0
1560729600,43.51,43.73,43.11,43.28,3694627.0
1560816000,43.71,44.125,43.4,43.66,3822761.0
1560902400,43.67,44.13,43.51,44.03,3137394.0
1560988800,45.01,45.08,44.4,44.57,3610311.0
1561075200,44.37,44.69,43.96,44.07,3623447.0
1561334400,44.03,44.23,43.94,44.08,2536657.0
1561420800,43.9,44.21,43.85,43.96,3639733.0
1561507200,44.17,44.345,44.05,44.22,3895876.0
1561593600,44.26,44.345,43.52,43.55,3750881.0
1561680000,43.81,43.81,43.185,43.38,3436479.0
1561939200,44.01,44.36,43.51,43.86,4007235.0
1562025600,43.9,44.27,43.86,43.89,2115936.0
1562112000,44.1,44.14,43.85,43.98,1202562.0
1562284800,43.9,44.3,43.65,44.1,2901788.0
1562544000,44.1,44.79,43.96,44.54,2943119.0
1562630400,44.3,44.63,42.875,43.16,12860000.0
1562716800,43.16,43.37,42.79,43.16,4025296.0
1562803200,43.38,43.715,43.1,43.56,3551095.0
1562889600,43.87,43.87,43.21,43.51,2344800.0
1563148800,43.55,44.17,43.51,44.07,2731840.0
1563235200,43.81,44.03,43.35,43.65,2906235.0
1563321600,43.72,43.93,43.26,43.26,2658095.0
1563408000,43.35,43.46,42.535,42.83,6088661.0
1563494400,42.87,42.93,42.39,42.46,3372509.0
1563753600,42.33,42.62,41.88,42.02,4236003.0
1563840000,41.98,42.02,41.21,41.39,4022759.0
1563926400,41.53,42.06,41.53,41.92,2431825.0
1564012800,41.86,41.97,41.46,41.72,2711540.0
1564099200,41.91,42.01,41.325,41.49,2687594.0
1564358400,41.47,42.62,41.31,42.17,3799854.0
1564444800,42.07,42.07,41.57,41.85,1884732.0
1564531200,41.94,41.95,41.01,41.27,3530983.0
1564617600,41.2,41.505,40.61,40.75,5003723.0
1564704000,40.54,40.61,39.805,40.23,4968352.0
1564963200,39.3,39.41,38.84,39.16,4680639.0
1565049600,39.38,39.71,39.1,39.58,3150418.0
1565136000,39.07,40.17,38.88,40.13,4862534.0
1565222400,40.26,40.73,40.12,40.56,2908847.0
1565308800,40.48,40.67,40.04,40.51,2580347.0
1565568000,39.81,39.81,39.3,39.49,3139075.0
1565654400,39.26,39.935,39.07,39.61,3815963.0
1565740800,38.83,39.25,38.11,38.23,5047138.0
1565827200,38.27,38.685,37.86,38.43,4805974.0
1565913600,38.67,39.2,38.52,39.12,3057429.0
1566172800,39.21,39.55,38.74,38.82,2625125.0
1566259200,38.74,39.31,38.72,39.07,2471204.0
1566345600,39.44,39.73,39.14,39.73,2254277.0
1566432000,39.42,39.81,39.32,39.33,2969156.0
1566518400,39.23,39.52,38.867,38.97,5016452.0
1566777600,39.29,39.37,39.01,39.3,1871706.0
1566864000,39.41,39.72,39.4,39.53,3010590.0
1566950400,39.87,39.99,39.53,39.8,3262591.0
1567036800,40.0,40.7294,39.81,40.62,2770764.0
1567123200,40.8,41.5499,40.6196,41.51,2908675.0
1567468800,41.14,41.14,40.72,40.96,3605884.0
1567555200,41.65,41.95,41.29,41.86,3496414.0
1567641600,42.18,42.61,42.15,42.3,2660083.0
1567728000,42.73,43.0156,42.5,42.7,4021868.0
1567987200,43.06,43.34,42.5,42.58,3688614.0
1568073600,42.57,42.955,42.39,42.49,3734408.0
1568160000,42.4,42.77,42.4,42.69,2365756.0
1568246400,42.98,43.25,42.62,42.8,2638751.0
1568332800,42.99,43.38,42.98,43.15,2765614.0
1568592000,43.09,43.57,42.71,43.05,2622581.0
1568678400,42.86,43.86,42.73,43.81,4281178.0
1568764800,43.84,43.88,43.1,43.37,3398772.0
1568851200,43.63,43.73,43.15,43.29,2049406.0
1568937600,43.55,43.79,43.23,43.73,3181311.0
1569196800,43.46,43.89,43.3,43.6,2641368.0
1569283200,43.81,43.87,43.16,43.16,2645247.0
1569369600,42.81,43.08,42.45,43.01,2679148.0
1569456000,42.98,43.13,42.65,42.85,2794588.0
1569542400,42.79,42.87,42.38,42.53,1853267.0
1569801600,42.53,42.91,42.33,42.72,1737142.0
1569888000,42.52,42.725,42.33,42.36,2443790.0
1569974400,42.27,42.36,41.695,41.76,3543836.0
1570060800,41.66,42.36,41.61,42.34,2089701.0
1570147200,42.48,43.68,42.48,43.64,4779128.0
1570406400,43.55,43.62,42.99,43.0,3119820.0
1570492800,42.93,43.11,42.48,42.49,2930010.0
1570579200,42.95,43.13,42.59,42.62,1641648.0
1570665600,42.75,43.52,42.685,43.49,4546749.0
1570752000,44.0,44.42,43.9,44.12,4286841.0
1571011200,44.22,44.395,44.135,44.17,1767013.0
1571097600,44.39,44.49,44.2,44.24,1856674.0
1571184000,44.16,44.64,44.16,44.57,2611770.0
1571270400,44.82,45.0,44.44,44.44,1917495.0
1571356800,44.63,44.775,44.31,44.33,2449331.0
1571616000,44.55,44.8,44.37,44.8,2244416.0
1571702400,44.94,45.05,44.54,44.67,2351749.0
1571788800,44.5,44.82,44.5,44.78,1553823.0
1571875200,44.9,45.0,44.68,44.8,1962464.0
1571961600,44.97,45.01,44.71,44.76,1700494.0
1572220800,44.95,45.25,44.705,45.13,2853132.0
1572307200,45.36,45.39,44.945,44.97,1797182.0
1572393600,44.9,45.01,44.6,44.88,2180934.0
1572480000,45.0,45.01,44.215,44.31,2215718.0
1572566400,44.83,45.215,44.47,45.14,4123348.0
1572825600,45.51,45.57,44.91,45.03,1849398.0
1572912000,45.0,45.061,44.45,44.59,1930954.0
1572998400,44.55,45.1,44.37,45.09,2110795.0
1573084800,45.24,45.66,45.19,45.45,2596217.0
1573171200,45.27,45.6,44.94,45.02,1814606.0
1573430400,44.88,45.16,44.66,44.98,1597213.0
1573516800,44.89,44.9,43.95,43.99,2362584.0
1573603200,43.75,43.95,43.5,43.78,2104091.0
1573689600,43.47,44.09,43.29,44.08,1637759.0
1573776000,44.51,44.7,44.41,44.7,1502954.0
1574035200,44.6,44.71,44.28,44.35,1878268.0
1574121600,44.47,44.69,44.19,44.36,1216505.0
1574208000,44.25,44.52,43.96,44.19,2769641.0
1574294400,43.95,44.3,43.875,44.14,2192236.0
1574380800,44.32,44.535,44.06,44.47,1810977.0
1574640000,44.43,44.79,44.255,44.41,1234413.0
1574726400,44.3,44.3,43.47,43.73,3650167.0
1574812800,43.61,43.78,43.48,43.77,1578145.0
1574985600,43.45,43.88,43.39,43.52,1304365.0
1575244800,43.34,43.5,43.04,43.1,2160350.0
1575331200,42.76,43.06,42.61,42.82,2092367.0
1575417600,43.11,43.22,42.95,43.07,2085578.0
1575504000,43.22,43.51,43.08,43.21,2484899.0
1575590400,43.39,43.43,42.89,43.0,2657853.0
1575849600,43.27,43.63,43.04,43.12,3065827.0
1575936000,43.05,43.865,43.05,43.85,2975826.0
1576022400,43.9,44.655,43.86,44.62,2639859.0
1576108800,44.78,45.27,44.67,45.15,3461332.0
1576195200,45.32,45.93,45.24,45.75,3739148.0
1576454400,46.02,46.07,45.1,45.68,2663631.0
1576540800,45.89,45.99,45.52,45.71,3327869.0
1576627200,45.8,46.395,45.75,46.31,2510346.0
1576713600,46.4,46.45,45.89,46.06,2921001.0
1576800000,46.3,46.335,45.84,45.84,2298629.0
1577059200,45.81,45.942,45.54,45.67,2113522.0
1577145600,45.74,45.74,45.43,45.51,445520.0
1577318400,45.62,45.81,45.42,45.8,1047532.0
1577404800,45.82,46.2,45.75,45.9,1427255.0
1577664000,46.0,46.0,44.835,44.98,2625442.0
1577750400,45.04,45.4,44.975,45.03,1719979.0
1577923200,45.42,46.26,45.1,46.26,2929898.0
1578009600,45.64,46.275,45.6,45.92,2355535.0
1578268800,45.9,46.4,45.9,46.13,4428141.0
1578355200,46.07,46.21,45.615,45.7,5687557.0
1578441600,46.0,46.38,45.6217,46.11,2457401.0
1578528000,46.4,46.41,45.915,46.14,3019816.0
1578614400,46.49,46.84,46.29,46.39,3744808.0
1578873600,46.49,46.77,46.31,46.71,2413815.0
1578960000,46.77,46.77,46.085,46.42,4313429.0
1579046400,46.22,46.65,46.17,46.28,2630521.0
1579132800,46.53,47.21,46.35,47.2,3596996.0
1579219200,47.3,48.12,47.195,48.01,5405126.0
1579564800,47.83,47.91,47.47,47.61,3565725.0
1579651200,47.89,48.19,47.71,47.77,3409155.0
1579737600,47.4,47.52,46.87,47.4,3234852.0
1579824000,47.49,47.54,46.76,46.88,4711529.0
1580083200,45.88,46.06,45.37,45.56,4915157.0
1580169600,45.99,46.87,45.84,46.74,2654811.0
1580256000,46.89,47.43,46.635,47.23,3814290.0
1580342400,46.81,47.05,46.33,46.77,2384386.0
1580428800,46.26,46.545,45.75,45.86,3785070.0
1580688000,46.19,47.135,46.11,46.75,3666030.0
1580774400,47.53,47.53,46.97,47.24,4188036.0
1580860800,47.93,48.07,47.02,47.15,4227999.0
1580947200,47.29,47.39,46.51,46.52,4842562.0
1581033600,46.33,46.38,45.79,46.23,3240593.0
1581292800,46.1,46.285,45.835,46.19,3540768.0
1581379200,46.61,47.45,46.5,47.19,4575785.0
1581465600,47.37,48.06,47.37,47.86,3118913.0
1581552000,47.41,47.68,47.15,47.55,2060563.0
1581638400,47.57,47.8,47.49,47.71,1771381.0
1581984000,47.53,47.78,47.37,47.48,1513639.0
1582070400,47.76,47.76,47.27,47.56,1723235.0
1582156800,47.07,47.21,46.4975,46.8,2004708.0
1582243200,46.08,46.96,45.98,46.61,2393410.0
1582502400,44.67,45.28,43.91,45.03,5173164.0
1582588800,45.39,45.46,44.09,44.3,3950187.0
1582675200,44.2,44.64,43.79,43.86,2716550.0
1582761600,42.69,42.96,41.99,42.13,4669581.0
1582848000,40.37,41.75,39.12,41.62,6034013.0
1583107200,41.5,43.02,41.3,43.0,3790074.0
1583193600,42.84,44.23,42.57,43.03,5444912.0
1583280000,43.72,43.94,43.25,43.89,2700285.0
1583366400,42.83,43.25,41.7725,42.13,4670306.0
1583452800,40.54,40.98,40.14,40.58,4376171.0
1583712000,35.37,37.24,34.94,36.15,4328711.0
1583798400,37.3,38.0,36.46,37.72,3823182.0
1583884800,36.8,36.83,35.3,35.82,5588896.0
1583971200,32.2,34.02,31.07,33.13,4670427.0
1584057600,35.45,35.45,33.59,34.36,2853676.0
1584316800,30.1,32.0,28.505,29.12,3423948.0
1584403200,29.84,31.49,29.45,31.39,3994679.0
1584489600,28.59,30.45,28.1,28.75,3844623.0
1584576000,28.26,28.77,27.149,28.6,4147658.0
1584662400,29.12,29.21,27.0,27.04,3758054.0
1584921600,26.48,26.83,25.03,25.12,4433685.0
1585008000,26.53,27.0963,26.33,26.71,4198296.0
1585094400,27.49,29.6,26.99,28.91,4781823.0
1585180800,29.0,30.81,29.0,30.35,3803911.0
1585267200,28.62,28.99,27.88,27.92,3301940.0
1585526400,27.58,27.84,27.03,27.68,3216160.0
1585612800,28.0,29.13,27.83,28.35,3730669.0
1585699200,27.05,27.14,26.23,26.68,3670941.0
1585785600,26.6,27.9,26.43,26.61,5665426.0
1585872000,26.6,26.63,25.23,25.6,4909493.0
1586131200,26.63,27.18,26.44,27.07,3397848.0
1586217600,28.4,28.43,27.39,27.45,4412776.0
1586304000,27.85,28.16,27.27,27.91,3181658.0
1586390400,28.83,28.89,27.9401,28.26,2606636.0
1586736000,28.4,28.54,27.88,28.25,2457003.0
1586822400,28.83,29.1,28.25,28.74,2837712.0
1586908800,27.59,27.73,27.16,27.22,3026104.0
1586995200,27.08,27.24,26.31,27.03,2803340.0
1587081600,28.3,28.35,27.805,28.21,3850751.0
1587340800,27.44,27.79,27.28,27.6,1885387.0
1587427200,27.0,27.07,26.61,26.76,2737354.0
1587513600,27.2,27.34,26.83,27.0,3375567.0
1587600000,27.2,27.24,26.58,26.64,2570839.0
1587686400,26.85,26.95,26.49,26.71,3264179.0
1587945600,26.95,27.46,26.84,27.42,1897420.0
1588032000,28.01,28.63,27.82,28.61,4746771.0
1588118400,29.25,30.365,29.08,30.33,5140814.0
1588204800,30.07,30.07,29.16,29.27,3486745.0
1588291200,28.69,28.75,27.675,28.1,3325674.0
1588550400,27.85,29.315,27.85,29.3,2512097.0
1588636800,29.8,30.125,29.62,29.7,3830993.0
1588723200,29.67,29.76,29.14,29.36,2461803.0
1588809600,29.87,30.07,29.48,29.66,4877075.0
1588896000,30.33,31.11,30.26,30.86,3204680.0
1589155200,30.55,30.78,30.25,30.49,2442386.0
1589241600,30.67,30.8,29.87,29.88,1976193.0
1589328000,30.22,30.22,29.095,29.19,4535498.0
1589414400,28.72,29.59,28.42,29.56,2957405.0
1589500800,29.16,29.61,28.82,28.9,2086154.0
1589760000,29.84,30.57,29.84,30.43,4035646.0
1589846400,30.6,30.64,29.27,29.27,4296454.0
1589932800,29.98,30.52,29.62,30.37,4230074.0
1590019200,30.49,30.82,29.99,30.38,3517839.0
1590105600,30.06,30.68,29.81,30.59,2023716.0
1590451200,31.86,32.49,31.555,31.81,3764254.0
1590537600,31.96,32.405,31.58,32.25,4182641.0
1590624000,32.48,32.5,31.8,31.93,2695764.0
1590710400,32.17,32.17,31.08,31.89,4109714.0
1590969600,31.93,32.98,31.67,32.82,3267307.0
1591056000,33.29,34.275,33.05,33.73,5510990.0
1591142400,34.3,34.77,34.125,34.44,5013049.0
1591228800,34.25,34.41,33.52,33.7,3348170.0
1591315200,35.0,35.63,34.83,35.24,5121212.0
1591574400,35.47,36.285,35.05,36.27,3870276.0
1591660800,35.08,35.365,34.64,34.85,3566624.0
1591747200,34.99,34.99,33.93,34.28,3342350.0
1591833600,32.61,33.035,31.385,31.44,5965855.0
1591920000,32.75,33.14,32.15,33.05,4446945.0
1592179200,32.0,33.14,31.61,32.75,3246487.0
1592265600,33.81,34.0,32.59,32.97,4219622.0
1592352000,33.22,33.44,32.78,32.94,2086229.0
1592438400,32.67,32.7,31.99,32.1,2102184.0
1592524800,32.77,33.26,32.42,33.07,5312041.0
1592784000,33.31,33.37,32.88,32.94,2829484.0
1592870400,33.53,33.76,33.12,33.24,4594933.0
1592956800,32.8,32.91,32.3,32.38,2262209.0
1593043200,32.01,32.53,31.96,32.49,1991715.0
1593129600,32.15,32.4,31.515,31.56,2344337.0
1593388800,31.55,31.94,31.35,31.94,4752280.0
1593475200,31.66,32.0,31.355,31.88,2713307.0
1593561600,32.07,32.47,31.9,32.19,2393743.0
1593648000,32.91,33.39,32.58,32.7,2527276.0
1593993600,33.35,33.76,32.9,33.03,2606712.0
1594080000,32.57,32.855,32.165,32.23,2959581.0
1594166400,32.36,32.47,31.7,32.03,4172837.0
1594252800,32.32,32.34,31.46,31.53,2143315.0
1594339200,31.52,31.7,31.335,31.56,2069627.0
1594598400,31.84,32.095,30.98,31.02,2698404.0
1594684800,30.89,31.42,30.72,31.35,3438246.0
1594771200,31.96,32.19,31.77,32.08,2448293.0
1594857600,31.69,32.1,31.64,31.82,2266583.0
1594944000,31.91,31.91,31.4,31.46,2295460.0
1595203200,31.6,31.66,31.23,31.61,1553610.0
1595289600,32.0,32.65,31.92,32.43,2483780.0
1595376000,32.37,32.925,32.37,32.92,1709896.0
1595462400,32.65,32.8,32.415,32.56,2252815.0
1595548800,32.52,32.86,32.35,32.76,2693322.0
1595808000,33.12,33.605,32.89,33.58,2189795.0
1595894400,33.45,33.64,33.3,33.53,1935684.0
1595980800,33.62,33.84,33.19,33.55,2419854.0
1596067200,32.94,33.18,32.74,32.92,2630192.0
1596153600,33.0,33.0,32.155,32.53,2723896.0
1596412800,32.62,32.65,32.085,32.49,1805988.0
1596499200,32.24,32.46,32.03,32.3,1724323.0
1596585600,32.68,33.62,32.66,33.27,3209941.0
1596672000,33.11,33.38,32.96,33.26,1803721.0
1596758400,32.97,33.35,32.88,33.28,1886227.0
1597017600,33.46,33.56,33.29,33.52,1616799.0
1597104000,33.76,34.29,33.76,33.82,2337371.0
1597190400,34.13,34.2,33.84,33.91,1759506.0
1597276800,33.99,34.33,33.73,34.14,1728688.0
1597363200,34.51,34.9,34.35,34.68,4430550.0
1597622400,34.83,34.97,34.56,34.67,2073614.0
1597708800,35.03,35.06,34.34,34.55,1498934.0
1597795200,34.5,34.92,34.355,34.39,1821449.0
1597881600,34.14,34.285,33.775,34.28,2411772.0
1597968000,34.29,34.32,33.895,33.97,1784469.0
1598227200,34.27,34.29,33.845,33.91,1819079.0
1598313600,34.07,34.275,33.88,34.26,2279916.0
1598400000,34.3,34.32,33.6,33.75,2081095.0
1598486400,33.92,33.955,33.06,33.29,3010041.0
1598572800,33.65,34.2,33.46,34.19,3044280.0
1598832000,33.93,33.97,32.89,32.91,4643739.0
1598918400,33.28,33.8,33.12,33.7,3727373.0
1599004800,33.63,33.78,33.16,33.43,3072380.0
1599091200,33.45,33.57,32.83,32.89,3495018.0
1599177600,33.12,33.3,32.41,33.18,4172683.0
1599523200,32.5,32.79,32.27,32.47,3179579.0
1599609600,33.02,33.34,32.71,33.22,3181878.0
1599696000,33.6,33.66,32.85,32.94,3167063.0
1599782400,33.41,33.59,33.13,33.56,3331320.0
1600041600,34.1,34.48,33.92,34.42,5550714.0
1600128000,34.59,34.66,34.08,34.12,2277653.0
1600214400,34.43,34.72,34.155,34.33,3184173.0
1600300800,34.14,34.27,33.74,33.93,4631146.0
1600387200,33.88,34.085,33.32,33.35,3159453.0
1600646400,32.52,32.71,32.11,32.69,4000642.0
1600732800,32.64,32.75,32.134,32.31,3030816.0
1600819200,32.05,32.24,31.25,31.26,2797202.0
1600905600,30.93,32.5,30.8203,32.17,3741997.0
1600992000,31.43,32.285,31.21,32.22,2702657.0
1601251200,32.6,32.86,32.175,32.65,2105656.0
1601337600,32.81,32.92,32.42,32.59,1904787.0
1601424000,32.88,33.71,32.79,33.36,2983213.0
1601510400,33.81,33.91,32.96,33.1,3101239.0
1601596800,32.55,33.52,32.5,33.26,2395585.0
1601856000,33.68,34.27,33.68,33.98,2388557.0
1601942400,34.16,34.27,33.4,33.58,3108600.0
1602028800,34.23,34.39,34.13,34.3,2315369.0
1602115200,34.52,35.38,34.31,35.35,4810950.0
1602201600,35.62,36.03,35.37,35.82,4227126.0
1602460800,35.92,35.945,35.55,35.56,2664025.0
1602547200,35.49,35.49,34.96,35.09,2374483.0
1602633600,35.2,35.48,35.0,35.09,2063573.0
1602720000,34.66,35.25,34.58,35.17,1823238.0
1602806400,35.43,35.57,35.01,35.26,1983197.0
1603065600,35.36,35.47,34.76,34.81,2144544.0
1603152000,34.93,35.795,34.86,35.65,3035691.0
1603238400,35.7,36.25,35.7,35.99,2201474.0
1603324800,36.12,36.28,35.81,36.21,2111203.0
1603411200,36.61,36.72,36.33,36.48,2311037.0
1603670400,36.19,36.25,35.67,35.79,2317324.0
1603756800,35.92,35.92,35.385,35.44,1585298.0
1603843200,34.51,34.62,33.95,34.3,3323886.0
1603929600,34.24,34.24,33.425,33.72,3419291.0
1604016000,33.76,34.22,33.72,34.16,2468389.0
1604275200,34.31,34.31,33.44,34.09,3012835.0
1604361600,34.65,35.39,34.43,34.6,2916797.0
1604448000,34.94,35.45,34.49,34.94,3873413.0
1604534400,36.14,36.505,35.56,36.46,3583252.0
1604620800,36.43,36.99,36.38,36.76,3337631.0
1604880000,38.92,39.32,38.05,38.19,5449965.0
1604966400,38.04,38.965,38.04,38.89,3229133.0
1605052800,38.9,39.13,38.58,39.08,2588757.0
1605139200,38.96,39.1,38.105,38.19,2438806.0
1605225600,38.7,39.21,38.47,39.17,3644080.0
1605484800,39.78,40.73,39.7,40.51,4781646.0
1605571200,39.95,40.75,39.88,40.73,3713779.0
1605657600,40.92,41.43,40.5397,40.84,5876832.0
1605744000,40.68,41.05,40.35,40.72,2566262.0
1605830400,40.8,41.16,40.62,40.94,2417604.0
1606089600,41.34,41.35,40.79,41.06,1930415.0
1606176000,41.52,42.01,41.38,41.85,2928204.0
1606262400,41.97,42.01,41.255,41.56,2107568.0
1606435200,41.81,41.87,41.1,41.4,1721772.0
1606694400,41.03,41.07,40.33,40.57,3559451.0
1606780800,41.32,42.31,41.12,42.05,4061714.0
1606867200,41.95,42.71,41.87,42.62,2611567.0
1606953600,42.91,43.2,42.86,43.0,4008448.0
1607040000,43.29,43.97,43.02,43.1,2664272.0
1607299200,43.1,43.19,42.34,42.53,2240972.0
1607385600,42.77,43.19,42.46,42.74,3582214.0
1607472000,42.84,42.84,41.715,42.06,2439205.0
1607558400,41.66,42.94,41.6064,42.64,2703042.0
1607644800,42.3,42.715,42.0,42.3,2978829.0
1607904000,42.4,42.6124,41.72,41.84,2412235.0
1607990400,42.07,42.85,41.825,42.42,2381729.0
1608076800,42.46,42.85,42.33,42.75,2507017.0
1608163200,43.0,43.72,42.73,43.49,2642685.0
1608249600,43.5,43.78,42.18,42.59,3419334.0
1608508800,41.45,42.22,41.3,41.88,2276148.0
1608595200,41.82,41.82,40.89,40.98,2205247.0
1608681600,41.11,42.28,41.11,42.21,2167505.0
1608768000,42.42,42.72,42.17,42.38,946339.0
1609113600,42.41,42.55,42.05,42.52,1534504.0
1609200000,43.02,43.615,42.85,43.59,2342086.0
1609286400,43.81,43.97,43.26,43.51,2637769.0
1609372800,43.78,43.78,42.9,42.99,1463782.0
1609718400,43.5,44.49,43.255,43.33,3205834.0
1609804800,43.3,43.72,43.16,43.57,1877161.0
1609891200,43.5,45.47,43.5,44.92,6545645.0
1609977600,44.9,44.93,44.28,44.56,3031979.0
1610064000,45.23,45.415,44.65,45.09,3251729.0
1610323200,44.13,44.78,43.94,44.53,1882404.0
1610409600,44.75,45.0,44.405,44.6,2017137.0
1610496000,44.64,44.64,44.1,44.12,2076220.0
1610582400,44.16,44.985,44.075,44.83,2391819.0
1610668800,44.06,44.6,44.06,44.48,1961243.0
1611014400,45.33,45.35,44.08,44.16,2153730.0
1611100800,44.46,44.55,43.84,44.16,1974202.0
1611187200,44.03,44.17,43.305,43.6,1646847.0
1611273600,42.925,43.13,42.38,42.96,2672077.0
1611532800,42.88,43.17,41.81,43.13,3125751.0
1611619200,43.17,43.27,42.44,43.19,2894185.0
1611705600,42.09,42.34,41.36,41.73,5426642.0
1611792000,41.74,42.11,41.395,41.97,4044475.0
1611878400,41.74,41.84,40.09,40.19,6361701.0
1612137600,41.0,41.95,40.42,41.77,3632200.0
1612224000,42.08,42.18,41.19,41.61,5118458.0
1612310400,41.95,41.98,41.085,41.45,4506386.0
1612396800,41.4,41.645,41.01,41.51,2498642.0
1612483200,41.9,42.59,41.82,42.1,2216265.0
1612742400,41.97,42.37,41.75,42.15,1398790.0
1612828800,42.15,43.02,42.15,42.92,2284187.0
1612915200,43.21,43.35,42.63,42.7,1486465.0
1613001600,42.98,43.37,42.15,42.23,2885323.0
1613088000,41.91,42.6,41.81,42.51,1148667.0
1613433600,42.14,42.6,42.14,42.42,1354924.0
1613520000,42.07,42.8,41.72,42.79,3201358.0
1613606400,42.2,42.45,41.775,41.91,1959712.0
1613692800,41.77,42.29,41.7,41.71,1679220.0
1613952000,41.0,41.62,40.9101,40.99,3108597.0
1614038400,40.9,42.17,40.68,41.91,3030772.0
1614124800,41.74,42.39,41.61,42.24,3127809.0
1614211200,41.82,42.135,40.35,40.42,3652584.0
1614297600,40.59,40.97,40.2,40.66,3587523.0
1614556800,41.52,41.99,41.26,41.47,2907473.0
1614643200,41.37,42.39,41.37,42.2,2156539.0
1614729600,42.21,42.27,41.86,42.09,1729973.0
1614816000,42.38,42.94,41.55,41.7,3071411.0
1614902400,41.96,42.18,41.36,41.6,3090985.0
1615161600,41.17,42.12,41.02,41.86,3256429.0
1615248000,42.6,42.73,42.03,42.34,2121117.0
1615334400,42.87,43.47,42.55,43.46,2418799.0
1615420800,43.9,44.17,43.56,44.03,2434258.0
1615507200,43.4,43.91,43.26,43.83,2414971.0
1615766400,43.82,44.535,43.67,44.32,1702804.0
1615852800,44.38,44.73,43.83,44.71,1766590.0
1615939200,44.5,44.91,44.1,44.64,2601886.0
1616025600,44.1,44.865,44.0,44.34,1871348.0
1616112000,44.64,44.64,43.78,43.82,2536036.0
1616371200,43.52,44.25,43.33,43.82,1961660.0
1616457600,43.21,43.77,42.87,42.89,2486779.0
1616544000,43.05,43.24,42.6,42.62,1972752.0
1616630400,42.64,43.46,42.52,43.38,2174540.0
1616716800,43.89,44.055,43.17,44.03,1747737.0
1616976000,43.62,44.22,43.41,44.19,1979078.0
1617062400,44.16,44.36,43.62,44.26,1385799.0
1617148800,44.46,44.61,43.76,43.83,2705311.0
1617235200,44.56,44.9,44.245,44.57,2071255.0
1617580800,44.83,45.3701,44.455,45.23,1438971.0
1617667200,45.28,45.42,45.045,45.36,3023297.0
1617753600,45.38,45.405,44.85,45.22,2221795.0
1617840000,45.63,46.1,45.42,45.82,2069740.0
1617926400,45.38,45.7,45.08,45.13,1351809.0
1618185600,45.12,45.522,44.82,44.96,1661905.0
1618272000,44.9,45.38,44.56,45.27,1444245.0
1618358400,45.46,46.118,45.325,45.99,3260161.0
1618444800,46.38,46.59,46.05,46.41,2072062.0
1618531200,46.51,46.94,46.175,46.59,1326110.0
1618790400,46.76,46.98,46.22,46.28,1568435.0
1618876800,46.07,46.37,45.82,46.24,2268405.0
1618963200,46.26,46.96,46.26,46.87,1348477.0
1619049600,46.83,47.08,46.58,46.95,1911714.0
1619136000,47.29,47.39,46.79,47.28,1537002.0
1619395200,47.28,47.31,46.82,46.98,1595015.0
1619481600,46.7,47.14,46.3,46.37,3287511.0
1619568000,46.5,46.72,46.21,46.47,2391919.0
1619654400,46.35,46.76,46.19,46.69,1752716.0
1619740800,46.24,46.82,45.29,45.46,2845720.0
1620000000,45.61,46.195,45.47,46.15,1771300.0
1620086400,45.69,45.9938,45.435,45.83,2049340.0
1620172800,46.08,46.31,45.6,45.73,925297.0
1620259200,45.82,46.54,45.75,46.5,2689041.0
1620345600,46.84,47.39,46.71,47.05,2429110.0
1620604800,47.12,47.8,47.12,47.5,1655615.0
1620691200,46.94,47.35,46.88,47.05,2381651.0
1620777600,46.49,47.0,45.97,46.01,2616652.0
1620864000,46.2,46.925,46.11,46.64,2361292.0
1620950400,47.23,47.395,47.05,47.11,1766882.0
1621209600,46.96,47.665,46.92,47.56,1372569.0
1621296000,47.89,48.11,47.61,47.88,1813872.0
1621382400,47.47,47.74,47.0,47.35,2493429.0
1621468800,47.38,48.26,47.24,48.07,2702912.0
1621555200,48.02,48.08,47.245,47.78,2255242.0
1621814400,47.93,48.01,47.5,47.66,1989174.0
1621900800,47.88,47.99,47.025,47.16,1910924.0
1621987200,47.24,47.53,47.096,47.38,1477058.0
1622073600,47.53,47.75,47.32,47.67,2196743.0
1622160000,47.9,48.2275,47.44,48.11,1689596.0
1622505600,49.15,49.2487,48.56,48.67,2709434.0
1622592000,48.67,49.07,48.64,48.76,2686319.0
1622678400,48.27,48.57,47.775,48.08,1467542.0
1622764800,48.6,48.615,48.215,48.46,1654394.0
1623024000,48.86,50.21,48.86,49.94,3635194.0
1623110400,50.1,50.1,49.375,49.71,2707756.0
1623196800,50.12,50.12,49.445,49.54,2368572.0
1623283200,49.14,49.76,49.14,49.39,1617058.0
1623369600,49.33,49.69,48.97,49.34,1969714.0
1623628800,49.3,49.35,48.86,48.97,1274089.0
1623715200,48.77,49.03,48.16,48.68,1924430.0
1623801600,48.64,48.695,47.47,47.69,3245380.0
1623888000,47.43,47.87,47.065,47.26,2870495.0
1623974400,46.73,47.065,46.19,46.82,3541652.0
1624233600,47.01,47.35,46.69,47.16,2116512.0
1624320000,46.77,47.25,46.375,47.13,1466642.0
1624406400,47.71,47.835,47.225,47.45,1669789.0
1624492800,47.8,48.88,47.62,48.32,2816821.0
1624579200,48.82,48.83,48.25,48.56,1792754.0
1624838400,48.5,48.54,48.015,48.27,1483523.0
1624924800,48.15,48.42,48.02,48.28,1194269.0
1625011200,47.95,48.28,47.685,47.99,1499213.0
1625097600,48.13,48.22,47.48,47.97,1967620.0
1625184000,48.2,48.48,47.97,48.4,1227791.0
1625529600,48.39,48.39,47.21,47.65,1905953.0
1625616000,47.83,48.04,47.1,47.86,2104481.0
1625702400,47.0,47.57,46.965,47.22,1869088.0
1625788800,47.74,48.03,47.53,47.85,914220.0
1626048000,47.65,47.98,47.41,47.85,879111.0
1626134400,47.52,47.705,46.935,46.96,1401145.0
1626220800,47.52,47.98,47.32,47.88,1724098.0
1626307200,47.69,48.46,47.68,48.4,1189897.0
1626393600,48.72,48.77,48.17,48.45,1820945.0
1626652800,47.75,47.85,46.55,46.93,2782216.0
1626739200,46.71,47.27,46.65,46.87,1662398.0
1626825600,46.69,47.58,46.69,47.42,1887643.0
1626912000,47.54,47.96,47.255,47.81,1035771.0
1626998400,48.12,48.14,47.76,47.99,1265520.0
1627257600,47.47,48.915,47.12,48.74,2009176.0
1627344000,48.51,48.94,48.425,48.92,2621519.0
1627430400,48.89,49.365,48.55,49.31,1486106.0
1627516800,49.6,49.91,49.39,49.74,1808694.0
1627603200,49.5,49.82,48.98,49.02,1986874.0
1627862400,49.43,49.59,48.84,48.88,2303031.0
1627948800,49.1,49.855,48.86,49.84,2630783.0
1628035200,49.87,49.87,48.83,49.05,1511041.0
1628121600,49.18,49.47,49.1,49.19,1082374.0
1628208000,49.24,49.26,48.74,48.84,1184152.0
1628467200,48.94,48.94,48.355,48.43,1383382.0
1628553600,48.37,48.85,48.15,48.76,915265.0
1628640000,49.22,49.35,48.79,49.31,889624.0
1628726400,49.15,49.365,48.975,49.08,1168909.0
1628812800,49.37,49.62,49.19,49.62,1437463.0
1629072000,49.25,49.79,49.15,49.54,1313601.0
1629158400,48.76,49.53,48.72,49.5,1814154.0
1629244800,49.49,50.18,49.34,49.91,3126944.0
1629331200,49.15,49.47,48.44,48.82,2450373.0
1629417600,48.19,48.805,48.19,48.55,1448343.0
1629676800,48.82,49.36,48.505,49.25,1035390.0
1629763200,49.4,49.76,49.09,49.39,2473742.0
1629849600,49.34,49.605,48.97,49.57,1130593.0
1629936000,49.4,49.44,48.97,49.31,2404815.0
1630022400,49.57,49.99,49.26,49.97,1805475.0
1630281600,50.0,50.415,49.64,50.3,1459553.0
1630368000,50.54,51.29,50.39,51.11,2803165.0
1630454400,51.45,51.49,50.32,50.34,1995466.0
1630540800,50.38,50.64,50.25,50.49,1463459.0
1630627200,50.72,50.82,50.25,50.32,1534746.0
1630972800,50.34,50.84,50.34,50.43,1528536.0
1631059200,50.43,50.53,49.845,49.86,1928337.0
1631145600,49.76,50.02,49.67,49.87,1447612.0
1631232000,50.19,50.465,49.99,50.01,3150607.0
1631491200,50.33,51.04,50.08,50.17,2088724.0
1631577600,50.25,50.65,49.79,50.42,1944117.0
1631664000,50.36,51.0,50.31,51.0,1775063.0
1631750400,50.52,50.91,50.31,50.82,2866209.0
1631836800,50.75,50.86,49.66,49.7,2713915.0
1632096000,48.87,49.05,48.44,48.79,2267038.0
1632182400,48.94,49.18,48.58,48.88,1926065.0
1632268800,49.16,50.15,49.16,49.57,2448874.0
1632355200,49.88,50.04,49.665,49.78,1458397.0
1632441600,49.4,49.655,49.25,49.27,1908508.0
1632700800,49.11,49.79,49.11,49.73,1239100.0
1632787200,49.27,49.34,48.46,48.56,2127723.0
1632873600,48.38,48.67,47.92,48.17,2123566.0
1632960000,48.46,48.62,47.94,48.26,2068026.0
1633046400,48.76,48.76,48.12,48.53,1926233.0
1633305600,48.21,48.445,47.855,48.1,1606227.0
1633392000,48.13,48.34,47.94,48.13,1365430.0
1633478400,47.25,48.12,47.15,48.03,2049720.0
1633564800,48.21,48.45,47.79,47.85,1758063.0
1633651200,48.1,48.175,47.715,48.05,1020798.0
1633910400,47.96,48.33,47.91,47.91,890230.0
1633996800,48.18,48.69,48.02,48.32,1279180.0
1634083200,48.51,48.85,48.2,48.8,2135982.0
1634169600,49.03,49.18,48.69,48.96,1228966.0
1634256000,49.18,50.2,49.08,50.08,2305545.0
1634515200,49.74,49.995,49.655,49.82,1080496.0
1634601600,50.19,50.278,49.67,49.89,1425115.0
1634688000,49.91,50.37,49.74,50.08,961668.0
1634774400,49.82,49.85,49.155,49.42,1308283.0
1634860800,49.67,50.125,49.385,49.53,2598356.0
1635120000,49.73,49.84,49.33,49.57,1209715.0
1635206400,49.67,49.86,49.44,49.75,1248115.0
1635292800,49.75,49.77,49.06,49.14,1357085.0
1635379200,49.04,49.3,48.705,48.79,1212150.0
1635465600,48.34,48.6,48.04,48.35,1977294.0
1635724800,48.16,48.52,47.965,48.19,1250087.0
1635811200,48.15,48.53,47.86,48.03,1698918.0
1635897600,48.05,48.855,47.78,48.83,3036827.0
1635984000,48.87,49.05,48.3,49.01,1342566.0
1636070400,49.44,49.89,49.15,49.67,1891458.0
1636329600,49.92,50.235,49.735,49.91,1152627.0
1636416000,49.91,50.13,49.57,49.84,1224809.0
1636502400,49.62,49.93,48.73,48.75,1819334.0
1636588800,49.22,49.255,48.37,48.67,3849383.0
1636675200,48.92,49.2,48.73,48.78,1505361.0
1636934400,48.79,48.855,48.43,48.51,1481937.0
1637020800,48.38,48.51,47.805,48.01,2287842.0
1637107200,48.08,48.11,47.585,48.01,1820144.0
1637193600,47.59,47.77,47.23,47.54,2079060.0
1637280000,47.58,47.605,47.17,47.27,1328144.0
1637539200,47.2,47.27,46.61,46.66,1813689.0
1637625600,46.58,46.82,46.24,46.65,3104106.0
1637712000,45.78,46.175,45.51,46.03,2605655.0
1637884800,44.87,44.87,43.67,44.23,3006336.0
1638144000,44.81,45.17,44.26,44.67,2300383.0
1638230400,45.21,45.47,44.75,45.31,3449420.0
1638316800,46.26,46.72,45.52,45.56,3252565.0
1638403200,45.9,46.895,45.8,46.86,2009081.0
1638489600,47.01,47.27,46.375,46.7,2404087.0
1638748800,46.9,47.03,46.545,46.6,1381173.0
1638835200,47.03,47.555,46.71,47.52,2322631.0
1638921600,47.79,47.915,47.49,47.87,982507.0
1639008000,47.64,47.985,47.42,47.94,952492.0
1639094400,48.18,48.18,47.76,48.08,1027357.0
1639353600,47.33,47.47,46.43,46.43,1733531.0
1639440000,46.05,46.98,46.05,46.85,3070833.0
1639526400,46.6,47.39,46.36,47.34,2875280.0
1639612800,47.71,48.29,47.55,47.93,2188158.0
1639699200,47.95,49.01,47.89,48.83,2221985.0
1639958400,48.57,48.66,48.1,48.38,1622292.0
1640044800,48.59,48.89,48.47,48.68,1484314.0
1640131200,48.73,49.35,48.6,49.34,2440854.0
1640217600,49.35,49.815,49.28,49.72,1853244.0
1640563200,50.2,50.28,49.71,50.28,1132448.0
1640649600,50.55,50.85,50.17,50.34,1142413.0
1640736000,50.47,50.83,50.035,50.19,1725452.0
1640822400,50.12,50.72,50.12,50.68,1169057.0
1640908800,50.9,51.06,50.545,50.6,628528.0
1641168000,50.6,51.01,50.32,50.42,2372515.0
1641254400,50.37,51.03,50.29,50.54,1547425.0
1641340800,50.68,51.04,50.17,50.24,1337944.0
1641427200,50.34,50.76,50.195,50.45,2050431.0
1641513600,50.69,50.82,50.26,50.76,1019310.0
1641772800,50.57,50.67,50.2,50.44,1830588.0
1641859200,50.44,50.67,50.18,50.52,2670460.0
1641945600,50.84,51.43,50.72,51.39,1756474.0
1642032000,51.42,51.58,51.2,51.29,2757049.0
1642118400,51.21,51.5,50.98,51.27,1657881.0
1642464000,51.02,51.24,50.45,50.53,2242327.0
1642550400,50.73,50.8894,49.83,49.92,1443095.0
1642636800,50.06,50.46,49.61,49.63,1777121.0
1642723200,49.82,49.9,48.86,49.09,2363856.0
1642982400,48.42,48.58,46.725,48.29,3770050.0
1643068800,47.74,48.34,47.08,48.05,2597464.0
1643155200,48.46,48.66,47.705,47.83,2205118.0
1643241600,48.06,48.31,47.13,47.25,2860984.0
1643328000,47.33,47.46,46.56,47.36,2428860.0
1643587200,47.79,48.84,47.6,48.55,3637607.0
1643673600,48.79,49.24,48.64,49.18,2523626.0
1643760000,49.28,49.41,48.97,49.38,1633558.0
1643846400,48.85,49.24,48.47,48.49,2189141.0
1643932800,48.09,48.71,47.865,48.27,2246189.0
1644192000,48.25,48.68,48.075,48.29,1175908.0
1644278400,48.31,49.45,48.26,49.4,1684106.0
1644364800,49.74,50.26,49.575,50.24,1658922.0
1644451200,49.83,50.44,49.71,49.74,2093071.0
1644537600,49.94,51.14,49.94,50.32,2943020.0
1644796800,50.34,50.4,49.51,49.76,2650006.0
1644883200,50.17,50.95,49.94,50.72,2003952.0
1644969600,50.56,51.65,50.48,51.33,2350732.0
1645056000,51.33,51.38,50.36,50.48,2139949.0
1645142400,50.53,50.73,50.11,50.21,1822944.0
1645488000,49.76,50.58,49.71,50.46,2271758.0
1645574400,50.74,50.77,49.15,49.26,4184286.0
1645660800,47.78,48.49,47.15,48.41,7765527.0
1645747200,48.69,50.1,48.55,50.07,1813568.0
1646006400,49.46,50.475,49.17,50.34,3157617.0
1646092800,50.1,50.7495,49.4,49.73,2212915.0
1646179200,49.69,50.17,49.4,49.96,2550718.0
1646265600,49.94,50.545,49.58,49.93,2923751.0
1646352000,48.99,49.35,48.54,49.07,2253725.0
1646611200,48.54,48.69,46.95,46.99,2605622.0
1646697600,47.0,48.42,46.58,47.88,3332745.0
1646784000,48.8,49.83,48.59,49.68,2020003.0
1646870400,49.49,49.735,48.76,49.22,1931189.0
1646956800,49.56,49.76,48.88,49.15,1699484.0
1647216000,49.41,49.55,48.54,48.77,2298688.0
1647302400,48.87,49.46,48.62,49.43,4284427.0
1647388800,49.97,50.62,49.63,50.35,3100820.0
1647475200,50.37,51.49,50.19,51.46,2279948.0
1647561600,51.43,52.65,50.83,52.59,4103321.0
1647820800,52.56,52.89,51.9162,52.2,2286088.0
1647907200,52.73,53.24,52.57,53.09,2567289.0
1647993600,53.2,53.33,52.67,52.76,1978051.0
1648080000,52.76,53.65,52.53,53.61,1748778.0
1648166400,53.9,53.93,53.26,53.58,2375765.0
1648425600,53.4,53.69,53.24,53.65,1119475.0
1648512000,54.29,54.62,53.81,54.54,2311317.0
1648598400,54.54,54.87,54.18,54.55,2982706.0
1648684800,54.38,55.175,54.32,54.97,2232096.0
1648771200,55.48,55.79,54.915,55.36,1788073.0
1649030400,55.63,55.83,55.02,55.07,3203558.0
1649116800,55.2,55.23,54.03,54.14,2254429.0
1649203200,53.81,54.335,53.41,53.61,3024664.0
1649289600,53.5,53.91,53.37,53.43,1786386.0
1649376000,53.5,53.55,52.9,53.16,1698935.0
1649635200,52.8,53.47,52.782,53.24,1656217.0
1649721600,53.63,53.87,52.96,53.12,1786611.0
1649808000,53.29,53.66,53.04,53.5,1414423.0
1649894400,53.37,53.38,52.595,52.66,1689740.0
1650240000,52.63,53.54,52.61,53.42,1287178.0
1650326400,52.95,53.34,52.83,53.18,1451754.0
1650412800,53.45,53.45,52.61,52.77,2264794.0
1650499200,52.65,52.92,51.485,51.74,2008094.0
1650585600,51.42,51.89,51.14,51.48,2062069.0
1650844800,50.92,51.425,50.56,51.28,2474724.0
1650931200,51.21,51.21,50.365,50.41,2204999.0
1651017600,50.28,50.59,49.92,50.15,2257878.0
1651104000,50.23,50.51,49.035,50.51,2986510.0
1651190400,50.67,51.01,49.31,49.43,2411917.0
1651449600,49.43,49.825,49.06,49.7,3552713.0
1651536000,49.95,49.95,49.2,49.4,2046584.0
1651622400,49.45,50.56,48.96,50.49,2502292.0
1651708800,49.92,50.04,48.83,49.1,3084588.0
1651795200,48.8,49.36,48.27,48.43,3355641.0
1652054400,47.8,48.11,47.2,47.54,2783292.0
1652140800,47.95,48.12,47.37,47.63,2373232.0
1652227200,47.63,48.35,47.55,47.95,3156277.0
1652313600,47.45,48.605,47.18,48.15,3253073.0
1652400000,48.33,48.965,48.12,48.9,2410798.0
1652659200,48.75,49.92,48.65,49.78,2013487.0
1652745600,50.37,51.12,50.03,50.9,3655995.0
1652832000,50.79,50.93,49.41,49.66,2218697.0
1652918400,49.86,51.09,49.71,50.75,1988291.0
1653004800,51.39,51.54,50.79,51.11,2586477.0
1653264000,51.41,51.7738,50.96,51.02,3387303.0
1653350400,50.87,51.26,50.47,51.2,2090986.0
1653436800,50.89,51.99,50.74,51.6,2247363.0
1653523200,51.72,52.195,51.67,51.97,2427885.0
1653609600,52.395,53.33,52.395,53.16,4116622.0
1653955200,53.0,53.095,51.715,52.07,4658085.0
1654041600,52.31,52.39,51.42,51.65,2133665.0
1654128000,51.86,51.99,51.28,51.5,2356616.0
1654214400,51.23,51.5,51.01,51.23,1353840.0
1654473600,51.71,51.73,50.48,50.49,2834923.0
1654560000,50.37,50.7,49.88,50.67,2806635.0
1654646400,50.47,50.72,50.1106,50.48,4067606.0
1654732800,49.78,49.94,49.03,49.12,2996288.0
1654819200,48.45,48.5,47.34,47.41,3728959.0
1655078400,45.53,46.37,45.53,46.04,4835617.0
1655164800,45.98,46.13,45.43,45.5,2898952.0
1655251200,45.76,46.78,45.31,46.32,2041993.0
1655337600,45.42,45.535,44.67,45.27,2848856.0
1655424000,45.1,45.94,44.97,45.81,3798852.0
1655769600,46.33,46.68,45.84,46.38,2513997.0
1655856000,45.98,46.43,45.86,45.95,2506978.0
1655942400,46.05,46.12,45.66,45.69,2336344.0
1656028800,46.17,47.42,45.87,47.33,2664762.0
1656288000,47.23,47.7,47.05,47.56,1432976.0
1656374400,47.53,47.97,47.06,47.11,1833856.0
1656460800,47.29,47.29,46.51,46.76,2231479.0
1656547200,46.5,46.84,45.97,46.59,1904070.0
1656633600,46.14,46.56,45.64,46.46,2364216.0
1656979200,45.76,45.93,45.02,45.68,1702897.0
1657065600,45.36,45.75,45.11,45.66,1225472.0
1657152000,46.13,46.22,45.53,45.55,1673461.0
1657238400,45.79,46.03,45.32,45.96,2035664.0
1657497600,45.28,45.4479,44.93,45.19,1697682.0
1657584000,44.77,45.615,44.77,45.14,2134264.0
1657670400,44.74,45.58,44.39,45.12,2633015.0
1657756800,44.64,44.64,43.82,44.4,3167621.0
1657843200,44.74,45.475,44.6,45.45,2095740.0
1658102400,45.97,46.27,45.44,45.56,1585962.0
1658188800,45.97,46.3,45.43,45.66,1600299.0
1658275200,45.74,45.9,45.28,45.48,1350599.0
1658361600,45.37,45.56,44.73,45.35,1729858.0
1658448000,45.6,45.82,45.365,45.55,1087656.0
1658707200,45.75,46.1,45.605,45.7,1362213.0
1658793600,45.69,45.89,45.06,45.21,1505988.0
1658880000,45.36,45.765,44.63,45.71,1579774.0
1658966400,45.9,47.03,45.59,46.91,1776543.0
1659052800,46.79,47.1,46.695,46.8,1555095.0
1659312000,46.7,47.37,46.01,46.05,2854149.0
1659398400,45.77,45.94,44.56,44.6,2755728.0
1659484800,44.93,45.55,44.65,45.5,2266581.0
1659571200,45.7,46.81,45.495,45.83,2470686.0
1659657600,45.52,45.81,45.01,45.34,1489358.0
1659916800,45.66,46.43,45.65,46.39,1944720.0
1660003200,46.45,46.49,46.07,46.29,941468.0
1660089600,47.11,48.03,47.06,47.16,1685086.0
1660176000,47.7,47.93,47.245,47.8,3081802.0
1660262400,48.14,48.69,48.04,48.66,2283441.0
1660521600,48.34,48.7402,48.06,48.41,1430685.0
1660608000,48.15,48.66,48.15,48.45,1618327.0
1660694400,47.78,48.24,47.71,48.14,1337729.0
1660780800,48.15,48.28,47.37,47.85,1896569.0
1660867200,47.04,47.57,47.04,47.5,912132.0
1661126400,47.2,47.395,46.8021,47.07,1448684.0
1661212800,47.23,47.61,46.96,47.37,1364940.0
1661299200,47.37,47.67,47.06,47.12,1531728.0
1661385600,47.24,47.63,47.1,47.63,1010819.0
1661472000,47.61,47.76,46.4,46.54,3032404.0
1661731200,46.42,46.58,45.89,45.92,2129350.0
1661817600,46.1,46.1,44.865,45.17,2013514.0
1661904000,45.16,45.47,44.21,44.25,4167244.0
1661990400,43.94,44.84,43.65,44.68,2591773.0
1662076800,45.08,45.949,45.0624,45.58,2058803.0
1662422400,45.42,45.69,44.81,45.0,2101315.0
1662508800,44.95,45.66,44.26,45.49,3735116.0
1662595200,45.32,45.95,45.125,45.88,1122488.0
1662681600,46.03,46.68,45.96,46.66,868014.0
1662940800,47.04,47.835,46.93,47.75,1543160.0
1663027200,46.93,47.22,46.25,46.31,2533384.0
1663113600,46.49,46.93,46.22,46.46,1912068.0
1663200000,46.12,46.57,45.94,46.2,2998947.0
1663286400,45.93,46.165,45.52,45.96,1684703.0
1663545600,45.59,46.64,45.5805,46.6,2013579.0
1663632000,46.2,46.99,45.855,46.87,2872838.0
1663718400,46.77,47.53,46.61,46.82,2468474.0
1663804800,46.96,46.97,46.1,46.3,1636942.0
1663891200,45.69,45.78,44.66,44.92,3380372.0
1664150400,44.53,44.99,43.78,43.81,1627927.0
1664236800,44.28,44.57,43.94,44.22,2427434.0
1664323200,44.28,45.425,44.17,45.27,2611595.0
1664409600,44.99,45.29,44.43,44.84,2375300.0
1664496000,44.88,45.11,44.16,44.23,2635988.0
1664755200,44.72,45.34,44.47,45.26,2860023.0
1664841600,45.81,46.05,45.41,46.0,2466106.0
1664928000,45.61,45.73,44.93,45.37,1474090.0
1665014400,45.19,46.19,45.17,45.76,1761441.0
1665100800,45.55,45.84,45.315,45.43,1511914.0
1665360000,45.6,46.06,45.365,45.41,1253725.0
1665446400,45.39,46.05,44.97,45.52,1574399.0
1665532800,45.53,45.98,45.2,45.64,4388293.0
1665619200,44.73,46.18,44.64,45.77,2318447.0
1665705600,45.92,45.99,45.13,45.21,1466274.0
1665964800,45.74,46.545,45.72,46.25,1669602.0
1666051200,46.67,46.86,45.905,46.27,1631132.0
1666137600,45.88,46.25,45.7,46.02,1334319.0
1666224000,46.12,46.65,45.88,46.28,1962092.0
1666310400,46.31,47.52,46.15,47.43,2310692.0
1666569600,47.21,48.25,47.0,48.06,3107722.0
1666656000,48.18,49.05,48.02,49.04,3423222.0
1666742400,49.21,49.6,48.97,49.43,3285597.0
1666828800,49.52,49.85,49.205,49.26,1747782.0
1666915200,49.34,49.78,49.0058,49.78,3201232.0
1667174400,49.25,50.62,49.25,50.57,2452213.0
1667260800,51.36,51.73,50.86,51.59,3649687.0
1667347200,51.79,52.27,50.66,50.72,1865914.0
1667433600,50.68,51.6,50.345,51.33,2210902.0
1667520000,52.56,52.86,51.94,52.82,3011141.0
1667779200,52.98,53.21,52.415,52.45,2437072.0
1667865600,52.75,52.93,51.97,52.31,2479189.0
1667952000,52.2,52.73,51.76,51.88,1962394.0
1668038400,53.49,53.585,52.82,53.13,2143975.0
1668124800,52.82,53.82,52.64,53.61,4262622.0
1668384000,53.63,54.11,53.27,53.58,1576976.0
1668470400,54.45,54.55,53.31,53.6,2020322.0
1668556800,53.85,54.0,53.54,53.66,1662674.0
1668643200,52.96,53.55,52.87,53.32,1569810.0
1668729600,53.5,53.7462,53.14,53.35,2407348.0
1668988800,52.922,53.43,52.765,53.03,986263.0
1669075200,53.23,54.19,53.09,53.7,3571351.0
1669161600,53.73,54.53,53.73,54.27,2261076.0
1669334400,54.37,54.4,53.72,54.0,636717.0
1669593600,54.03,54.555,53.4,53.41,2040544.0
1669680000,54.26,54.26,52.67,52.8,4259368.0
1669766400,52.76,54.04,52.09,53.9,5072337.0
1669852800,54.21,54.5916,53.605,54.22,3188013.0
1669939200,53.84,53.86,53.115,53.19,1761850.0
1670198400,52.35,52.435,51.51,51.78,2266007.0
1670284800,51.78,52.52,51.6,52.06,1668205.0
1670371200,52.25,52.84,52.13,52.17,1082002.0
1670457600,52.21,52.84,52.18,52.57,1109506.0
1670544000,52.27,52.29,51.46,51.52,2730284.0
1670803200,51.64,52.085,51.215,52.05,1238330.0
1670889600,52.46,52.46,50.86,51.0,3330087.0
1670976000,50.74,50.95,50.11,50.63,2582808.0
1671062400,50.08,50.24,49.55,49.6,1675579.0
1671148800,49.598,49.75,49.19,49.66,1682125.0
1671408000,49.9,50.1688,49.67,50.11,1595787.0
1671494400,50.22,50.62,50.0,50.33,1262700.0
1671580800,50.4,51.12,50.25,50.92,1278839.0
1671667200,50.85,51.12,50.11,50.79,927722.0
1671753600,51.11,52.02,50.8,51.93,1760501.0
1672099200,51.38,52.0,51.31,51.42,998445.0
1672185600,51.58,51.69,50.64,50.71,951298.0
1672272000,51.12,51.63,50.45,50.47,1009030.0
1672358400,50.38,50.7,49.37,49.45,1383198.0
1672704000,50.5,50.5,49.96,50.34,1714427.0
1672790400,50.75,51.77,50.56,51.56,1841187.0
1672876800,51.48,52.43,51.34,52.23,1610773.0
1672963200,52.74,54.05,52.4199,53.7,2470312.0
1673222400,53.93,54.55,53.71,54.15,1930982.0
1673308800,54.21,54.685,53.82,54.49,1300155.0
1673395200,54.53,56.02,54.52,55.69,2736969.0
1673481600,55.93,56.79,55.75,56.49,3310239.0
1673568000,56.36,57.09,56.252,56.68,2807766.0
1673913600,56.08,56.86,56.07,56.55,1756143.0
1674000000,57.0,57.27,56.05,56.05,1896013.0
1674086400,55.97,56.44,55.65,56.01,1688464.0
1674172800,56.44,57.08,55.99,56.87,2023775.0
1674432000,57.09,58.07,56.92,57.64,2786939.0
1674518400,57.42,58.24,57.4,58.03,1513552.0
1674604800,57.8,58.13,57.56,58.13,1610364.0
1674691200,58.28,58.5,57.86,58.46,1504922.0
1674777600,58.59,58.68,58.005,58.05,1795980.0
1675036800,57.94,58.1,57.62,57.62,1265345.0
1675123200,57.68,57.9,57.49,57.65,1911816.0
1675209600,57.7,59.0,57.63,58.94,3348265.0
1675296000,59.13,59.45,57.455,57.61,2291961.0
1675382400,57.01,57.36,56.645,56.96,2032425.0
1675641600,56.33,56.81,56.07,56.45,1927224.0
1675728000,56.555,56.68,55.62,56.29,2366419.0
1675814400,56.2,56.39,55.295,55.85,1520790.0
1675900800,56.32,56.46,55.69,56.09,1570139.0
1675987200,56.15,56.43,55.75,56.31,993607.0
1676246400,56.33,57.25,56.29,57.08,1748665.0
1676332800,56.82,57.73,56.774,57.1,2034966.0
1676419200,56.58,57.44,56.33,57.44,1656498.0
1676505600,57.1,58.61,57.062,58.3,2261106.0
1676592000,58.09,58.59,57.73,58.54,1114176.0
1676937600,58.57,58.94,57.28,57.43,1393815.0
1677024000,57.59,58.21,57.42,57.86,882706.0
1677110400,58.13,58.22,57.24,57.74,1148911.0
1677196800,56.93,57.45,56.8791,57.21,934676.0
1677456000,57.38,57.8833,57.1,57.55,1311175.0
1677542400,57.81,57.89,57.23,57.64,1503112.0
1677628800,57.8,59.29,57.76,59.1,2463024.0
1677715200,58.88,59.18,58.31,58.76,1294354.0
1677801600,59.095,60.38,59.06,60.31,1958346.0
1678060800,60.24,60.4,59.8,59.8,3302121.0
1678147200,59.82,59.868,58.49,58.5,1672216.0
1678233600,58.922,59.53,58.82,59.41,1197596.0
1678320000,59.56,59.69,58.31,58.39,3176717.0
1678406400,57.89,57.92,56.86,56.98,3845503.0
1678665600,55.51,56.66,55.27,55.54,5350917.0
1678752000,56.334,57.14,56.29,56.6,2788041.0
1678838400,55.1,55.37,54.59,54.78,3436947.0
1678924800,54.38,56.16,54.24,55.91,2676337.0
1679011200,55.75,55.91,54.5,54.59,2324163.0
1679270400,54.67,55.67,54.46,55.18,1643435.0
1679356800,55.86,56.38,55.4,56.23,2058570.0
1679443200,56.62,57.31,56.26,56.32,1769144.0
1679529600,56.7,57.26,56.21,56.55,2082446.0
1679616000,56.27,57.21,55.94,57.04,1333094.0
1679875200,57.42,57.73,57.31,57.53,1481919.0
1679961600,57.7,58.75,57.69,58.34,1691679.0
1680048000,58.79,59.43,58.41,59.29,1884563.0
1680134400,59.51,59.9,59.12,59.55,1977554.0
1680220800,59.91,60.27,59.38,59.53,1163186.0
1680480000,59.5,59.77,58.78,59.27,1606823.0
1680566400,59.3,59.81,58.865,59.49,1667136.0
1680652800,59.3,59.4,57.82,58.07,2082479.0
1680739200,58.16,59.09,57.81,58.63,1571698.0
1681084800,58.5,59.47,58.34,59.09,1469531.0
1681171200,59.58,59.88,59.22,59.47,1673359.0
1681257600,59.94,60.26,59.32,59.61,2153609.0
1681344000,59.79,60.52,59.74,60.43,1763957.0
1681430400,60.12,60.31,59.4,59.85,1863330.0
1681689600,59.91,60.33,59.67,60.32,1149191.0
1681776000,60.43,60.5,59.6,59.71,1483751.0
1681862400,59.35,60.04,59.29,59.64,1187849.0
1681948800,59.33,60.22,59.22,59.98,1473414.0
1682035200,59.76,59.985,59.21,59.95,1932174.0
1682294400,59.84,60.46,59.78,60.37,1117471.0
1682380800,60.2,60.46,59.46,59.58,1774998.0
1682467200,59.5,59.88,58.9,58.92,1578508.0
1682553600,59.16,59.89,59.16,59.81,1264623.0
1682640000,59.95,60.91,59.94,60.88,2103997.0
1682899200,60.94,61.62,60.782,61.08,2060751.0
1682985600,60.92,61.04,60.185,60.73,2898697.0
1683072000,60.94,61.4,60.625,60.76,2303505.0
1683158400,60.95,61.46,60.4,60.57,1640578.0
1683244800,60.85,61.45,60.78,61.25,1482552.0
1683504000,61.17,61.47,61.005,61.29,1075105.0
1683590400,61.15,61.92,61.07,61.86,1384096.0
1683676800,62.45,62.95,62.07,62.89,3280616.0
1683763200,62.65,62.66,61.71,62.21,3548415.0
1683849600,62.21,62.46,61.73,62.12,1604999.0
1684108800,62.27,63.19,61.9201,63.13,2036875.0
1684195200,62.81,63.33,62.73,62.75,1183096.0
1684281600,62.28,62.7,61.98,62.35,1987990.0
1684368000,62.04,62.21,61.67,62.16,2068853.0
1684454400,62.26,62.52,60.79,60.94,1815243.0
1684713600,60.51,61.02,59.57,59.6,3495062.0
1684800000,59.34,59.74,58.77,58.89,3062186.0
1684886400,59.61,59.86,59.31,59.72,3461252.0
1684972800,59.88,60.14,59.25,60.0,2313988.0
1685059200,60.52,61.28,60.3123,61.22,2099701.0
1685404800,61.69,61.795,59.92,60.24,3680663.0
1685491200,59.92,60.37,59.3,59.85,3365652.0
1685577600,59.89,60.43,59.79,60.16,1801702.0
1685664000,60.6,61.115,60.46,60.66,2644033.0
1685923200,60.82,61.375,60.66,61.25,1841546.0
1686009600,61.15,62.44,61.13,62.39,2251412.0
1686096000,62.2,62.64,61.86,61.93,2294592.0
1686182400,61.93,62.3,61.51,62.2,1501983.0
1686268800,62.51,63.2,62.48,62.92,2124510.0
1686528000,62.9,62.94,62.39,62.62,1185330.0
1686614400,62.71,63.19,62.46,63.09,1788246.0
1686700800,63.32,64.225,63.26,64.08,2193577.0
1686787200,64.11,64.4,63.71,64.34,2482123.0
1686873600,64.26,64.32,63.87,64.1,1845476.0
1687219200,63.7,64.0,62.8,62.87,2214338.0
1687305600,62.91,62.97,62.325,62.77,1988652.0
1687392000,62.67,62.67,61.9,62.01,2644442.0
1687478400,61.7,61.84,61.38,61.66,1613279.0
1687737600,61.8,62.01,61.575,61.75,1613647.0
1687824000,62.2,62.93,61.92,62.81,3258565.0
1687910400,62.75,62.91,61.97,62.36,2615635.0
1687996800,62.25,62.64,62.01,62.53,1784820.0
1688083200,61.98,62.87,61.89,62.18,3645429.0
1688342400,62.42,63.26,62.41,63.09,1583048.0
1688515200,62.84,63.41,62.82,63.21,1512456.0
1688601600,62.49,62.95,61.055,61.67,2812950.0
1688688000,61.91,63.13,61.75,62.61,2247414.0
1688947200,62.6,62.94,62.41,62.62,1494632.0
1689033600,62.73,63.3,62.16,63.2,1936413.0
1689120000,64.11,64.29,63.52,63.55,2743081.0
1689206400,63.63,64.565,63.63,64.23,3270778.0
1689292800,64.14,64.27,63.58,63.91,1416631.0
1689552000,63.55,63.91,62.99,63.88,1628368.0
1689638400,63.88,64.44,63.59,64.22,1137270.0
1689724800,64.33,64.64,63.825,63.96,1380170.0
1689811200,63.8,63.88,63.0,63.13,1542078.0
1689897600,63.13,63.41,62.66,62.9,1326712.0
1690156800,63.17,63.5592,62.7,63.37,1556742.0
1690243200,63.41,63.635,63.17,63.4,1342089.0
1690329600,63.5,64.36,63.261,64.33,1374635.0
1690416000,64.84,65.085,64.27,64.33,2969336.0
1690502400,65.43,65.73,64.91,65.36,1570789.0
1690761600,65.36,65.59,64.8,65.03,1988989.0
1690848000,64.75,64.99,63.59,63.64,2562048.0
1690934400,63.16,63.21,61.86,61.96,3121232.0
1691020800,61.11,61.29,60.475,61.2,3824008.0
1691107200,61.86,62.92,61.79,62.76,2775165.0
1691366400,62.85,63.13,62.36,63.0,1903953.0
1691452800,62.49,62.51,61.52,62.37,2111614.0
1691539200,62.32,63.12,62.1153,63.03,1244052.0
1691625600,63.42,63.84,62.69,62.79,1518390.0
1691712000,62.31,63.0,61.93,62.05,2940975.0
1691971200,61.82,62.225,61.26,61.99,1761835.0
1692057600,61.84,62.4,61.42,62.11,2309695.0
1692144000,62.03,62.74,61.9,62.23,2221213.0
1692230400,62.68,62.68,61.47,61.55,2344726.0
1692316800,61.495,62.07,61.12,61.85,1879650.0
1692576000,61.83,61.97,61.35,61.74,1237003.0
1692662400,62.2,62.3,61.89,62.04,1623924.0
1692748800,62.47,63.435,62.44,63.36,2325665.0
1692835200,63.26,63.39,62.325,62.46,2108071.0
1692921600,62.7,63.19,62.19,62.85,2261972.0
1693180800,63.24,63.69,62.94,63.2,1504297.0
1693267200,63.3,64.04,62.7,63.94,1432832.0
1693353600,64.08,64.49,63.87,64.26,1678994.0
1693440000,64.32,64.32,61.54,61.66,5731886.0
1693526400,62.13,62.57,61.23,61.46,3066541.0
1693872000,60.99,61.3,59.955,60.06,2454962.0
1693958400,59.66,60.07,59.4,59.69,2264182.0
1694044800,59.68,59.86,59.04,59.06,1247962.0
1694131200,59.15,59.8,59.11,59.38,1812168.0
1694390400,59.73,60.381,59.72,60.22,1866246.0
1694476800,60.0,60.29,59.72,59.95,2564522.0
1694563200,60.32,60.37,59.725,59.92,2670634.0
1694649600,60.27,60.64,59.865,60.27,2003262.0
1694736000,60.36,60.36,59.6,59.91,2662164.0
1694995200,59.71,60.15,59.18,60.13,2486235.0
1695081600,60.16,60.885,59.93,60.82,1865817.0
1695168000,60.97,61.76,60.87,61.11,2030590.0
1695254400,60.73,60.81,59.94,59.97,2406678.0
1695340800,60.34,60.57,59.97,59.98,2074022.0
1695600000,59.5,59.67,58.76,58.83,2105042.0
1695686400,58.39,58.905,58.11,58.17,2054052.0
1695772800,58.08,58.39,57.49,57.96,2409395.0
1695859200,57.73,58.67,57.73,58.47,2262146.0
1695945600,59.15,59.47,58.085,58.23,1998465.0
1696204800,57.94,58.14,57.01,57.68,3234106.0
1696291200,57.37,57.74,55.72,55.76,4422695.0
1696377600,56.25,56.25,55.14,56.18,2560683.0
1696464000,55.0,55.0,53.18,54.2,6085976.0
1696550400,53.73,55.05,52.9701,54.71,3241897.0
1696809600,54.21,54.58,53.51,54.25,2652168.0
1696896000,54.73,56.285,54.56,56.23,2855440.0
1696982400,56.58,56.695,56.12,56.46,2450239.0
1697068800,56.68,56.68,55.01,55.4,3526555.0
1697155200,55.81,55.88,54.69,54.84,2546490.0
1697414400,55.15,55.94,55.01,55.87,2185075.0
1697500800,55.32,55.89,55.05,55.32,2331701.0
1697587200,54.93,55.04,53.83,54.22,3173962.0
1697673600,54.01,54.37,53.5,53.72,3786394.0
1697760000,53.33,53.77,53.11,53.27,1814374.0
1698019200,52.88,53.74,52.4303,53.34,2049528.0
1698105600,53.34,53.77,53.01,53.21,1959733.0
1698192000,52.84,53.67,52.8,53.44,2747847.0
1698278400,53.3,54.78,53.27,54.58,2260592.0
1698364800,54.99,55.41,54.395,54.53,3796312.0
1698624000,54.8,55.43,54.62,54.95,1448987.0
1698710400,54.87,55.04,54.34,54.8,2496345.0
1698796800,55.08,56.605,54.992,56.5,2398458.0
1698883200,57.52,59.11,57.39,58.96,5321057.0
1698969600,59.15,60.66,59.15,59.53,4579316.0
1699228800,59.6,60.3458,59.39,59.69,3476858.0
1699315200,59.91,59.91,58.94,59.19,1887264.0
1699401600,59.26,59.68,58.74,58.84,1450400.0
1699488000,59.08,59.28,57.86,57.89,2234139.0
1699574400,58.26,59.06,57.84,59.01,1842171.0
1699833600,58.74,59.27,58.49,58.93,1145994.0
1699920000,60.06,61.47,60.0,61.43,2767269.0
1700006400,61.58,62.0,61.38,61.88,2163645.0
1700092800,62.03,62.17,61.36,61.62,1415196.0
1700179200,61.71,62.345,61.65,62.09,1691296.0
1700438400,62.34,62.96,62.11,62.84,1178275.0
1700524800,62.72,62.72,61.69,62.05,2044772.0
1700611200,62.08,62.585,62.03,62.27,910015.0
1700784000,62.96,63.0,62.421,62.49,873434.0
1701043200,63.01,63.12,61.91,61.99,1589165.0
1701129600,61.99,62.66,61.93,62.45,1264914.0
1701216000,62.22,62.57,61.97,62.07,972257.0
1701302400,61.81,63.33,61.37,63.24,3256914.0
1701388800,63.68,63.95,63.13,63.8,2888044.0
1701648000,63.47,63.9,62.615,62.92,2341693.0
1701734400,62.96,63.53,62.22,63.42,1149743.0
1701820800,63.96,64.32,63.72,63.79,2053503.0
1701907200,63.97,63.98,63.14,63.54,1179776.0
1701993600,63.9,64.07,63.44,63.93,1341726.0
1702252800,63.67,64.01,63.53,63.94,1235838.0
1702339200,64.04,64.53,63.21,64.51,2060452.0
1702425600,64.45,65.59,63.81,65.38,3001430.0
1702512000,65.3,67.83,65.01,67.82,4629427.0
1702598400,67.78,68.26,67.29,67.71,4182263.0
1702857600,68.11,68.85,67.03,68.62,3491662.0
1702944000,68.95,69.72,68.57,68.82,3059057.0
1703030400,67.77,68.04,66.5,66.56,2585552.0
1703116800,66.93,67.95,66.93,67.85,2418473.0
1703203200,68.34,68.42,67.6,67.81,1402540.0
1703548800,68.3,68.7,68.02,68.31,1151944.0
1703635200,68.68,68.785,68.14,68.46,2047223.0
1703721600,68.61,68.7,67.895,67.96,1481440.0
1703808000,68.33,68.39,67.815,67.85,1462541.0
1704153600,67.39,67.89,66.75,67.2,2233532.0
1704240000,67.06,67.1533,65.63,65.67,5388358.0
1704326400,65.71,65.96,65.02,65.34,3610804.0
1704412800,65.73,67.01,65.6512,66.88,2779849.0
1704672000,66.87,67.28,66.7,66.99,2632868.0
1704758400,66.45,66.53,65.21,65.24,2704329.0
1704844800,65.29,65.68,65.08,65.53,1667833.0
1704931200,65.57,66.145,65.15,66.03,2420758.0
1705017600,66.65,66.74,66.21,66.35,2943097.0
1705363200,65.0,65.45,64.28,64.42,3083049.0
1705449600,64.04,64.04,63.035,63.63,3240552.0
1705536000,63.8,63.96,63.2,63.94,2316172.0
1705622400,64.16,65.19,63.81,65.12,2089043.0
1705881600,65.19,65.29,63.83,64.04,1615000.0
1705968000,64.33,64.52,63.69,64.44,1503120.0
1706054400,65.25,65.45,64.38,64.43,3041456.0
1706140800,64.85,65.65,63.845,65.49,2326303.0
1706227200,65.6,66.755,65.45,66.39,2754838.0
1706486400,66.61,66.61,65.905,66.38,1908713.0
1706572800,66.08,67.165,66.065,67.03,1776810.0
1706659200,66.885,67.515,66.53,66.66,2088487.0
1706745600,66.76,68.13,66.7,67.64,2775294.0
1706832000,67.18,68.01,67.11,67.94,2337135.0
1707091200,67.58,68.09,66.98,67.6,1322139.0
1707177600,67.99,69.27,67.74,68.92,3568504.0
1707264000,69.12,69.3912,68.525,68.81,1782967.0
1707350400,68.76,68.76,67.41,67.53,1819736.0
1707436800,67.78,67.94,67.375,67.42,1747343.0
1707696000,67.52,68.17,67.3701,67.54,1577812.0
1707782400,66.66,67.21,66.29,66.55,2423959.0
1707868800,67.38,67.445,66.92,67.32,1904563.0
1707955200,67.37,67.97,67.3,67.58,1814738.0
1708041600,67.47,67.59,67.07,67.3,2354410.0
1708387200,67.81,68.09,67.11,67.31,1715656.0
1708473600,67.54,67.54,66.79,67.12,2412464.0
1708560000,67.7,67.7,66.5,67.2,2355148.0
1708646400,67.3,67.3,66.22,66.53,2570239.0
1708905600,66.53,66.53,65.92,66.17,1934763.0
1708992000,66.16,66.43,65.92,66.12,2635683.0
1709078400,65.62,65.95,64.49,64.89,2309024.0
1709164800,65.08,65.5,64.705,65.24,3238160.0
1709251200,65.24,66.17,64.93,65.64,3833632.0
1709510400,65.28,66.09,65.28,65.63,1271199.0
1709596800,65.42,66.08,65.32,65.88,2075176.0
1709683200,66.36,66.58,65.685,65.69,2066336.0
1709769600,66.0,66.1,65.46,65.59,1436885.0
1709856000,65.69,66.275,65.415,65.59,2124957.0
1710115200,65.58,66.25,65.37,65.84,1911836.0
1710201600,65.87,65.98,65.16,65.53,1869533.0
1710288000,65.62,67.23,65.53,67.17,3550972.0
1710374400,67.21,67.72,66.92,67.27,2730783.0
1710460800,67.03,67.91,66.6875,66.95,3804091.0
1710720000,67.17,67.4574,66.52,66.95,1539160.0
1710806400,66.67,66.675,65.9403,66.06,2836091.0
1710892800,66.07,68.175,65.83,67.91,2691655.0
1710979200,67.75,68.02,67.27,67.63,1484657.0
1711065600,67.62,67.89,67.305,67.48,2649619.0
1711324800,67.55,67.945,67.26,67.59,1008701.0
1711411200,67.77,68.66,67.405,68.46,1346129.0
1711497600,68.8,69.41,68.38,69.08,1636467.0
1711584000,69.38,69.7,69.055,69.31,1013995.0
1711929600,69.48,69.6175,68.4588,68.92,1253513.0
1712016000,69.23,69.39,68.77,69.18,2187537.0
1712102400,69.07,69.86,68.83,69.02,1236589.0
1712188800,69.76,70.205,69.19,69.3,2241342.0
1712275200,70.12,70.37,69.67,70.32,2234297.0
1712534400,70.75,70.9,70.215,70.57,1466711.0
1712620800,70.6,71.12,69.595,69.81,2771795.0
1712707200,69.05,69.118,67.97,68.44,3205023.0
1712793600,68.69,68.695,68.01,68.67,1966398.0
1712880000,67.8,68.06,67.295,67.42,2858967.0
1713139200,67.72,67.79,66.42,66.54,1801075.0
1713225600,65.82,65.82,64.74,64.87,2859403.0
1713312000,65.67,65.87,64.715,64.92,2511019.0
1713398400,64.96,65.27,64.53,64.92,1441793.0
1713484800,64.48,64.97,64.1,64.89,1572019.0
1713744000,64.6,65.67,64.45,65.6,1493183.0
1713830400,65.89,66.64,65.63,66.49,1525011.0
1713916800,66.27,66.51,65.355,65.77,2627776.0
1714003200,64.77,66.03,64.45,65.8,2279345.0
1714089600,66.44,67.05,65.8,66.85,1504631.0
1714348800,67.24,67.45,66.88,67.25,1458069.0
1714435200,66.85,67.14,65.44,65.48,1721205.0
1714521600,65.73,66.76,65.61,65.93,1216327.0
1714608000,66.51,66.82,66.03,66.14,1709336.0
1714694400,67.17,67.37,66.09,66.8,1454089.0
1714953600,67.3,67.66,67.06,67.4,1166390.0
1715040000,67.29,67.665,66.72,66.98,1305314.0
1715126400,66.44,67.38,66.41,67.06,1587154.0
1715212800,66.75,68.745,66.75,68.59,2259995.0
1715299200,68.68,69.07,68.345,68.47,1195152.0
1715558400,68.82,69.28,68.27,68.32,995175.0
1715644800,68.16,68.58,67.525,67.65,1436464.0
1715731200,68.13,69.555,68.04,68.62,3240967.0
1715817600,68.66,69.0,68.16,68.69,1194264.0
1715904000,68.9,69.23,68.56,68.96,1028502.0
1716163200,68.78,69.065,68.56,68.86,705207.0
1716249600,68.69,68.76,67.53,67.65,2594770.0
1716336000,67.61,67.7,67.04,67.41,2651427.0
1716422400,67.69,67.75,66.365,66.48,1065933.0
1716508800,66.82,66.82,65.87,65.92,1619600.0
1716854400,66.07,66.53,65.22,65.31,1392116.0
1716940800,64.76,65.12,63.72,64.64,3784250.0
1717027200,64.75,65.26,64.15,64.77,1747349.0
1717113600,64.87,65.2,64.015,64.9,2862983.0
1717372800,62.11,62.58,57.51,57.93,10860330.0
1717459200,58.05,60.09,58.05,59.47,7578714.0
1717545600,60.73,61.99,60.13,61.96,5125059.0
1717632000,61.96,63.31,59.8,60.62,6576679.0
1717718400,60.58,60.98,57.185,57.25,8330189.0
1717977600,56.92,57.84,56.64,57.84,3660688.0
1718064000,56.67,57.32,56.38,56.63,5959187.0
1718150400,56.195,56.47,55.24,55.51,6123094.0
1718236800,56.0,56.34,55.26,55.64,2865533.0
1718323200,55.18,55.84,54.88,55.61,2454983.0
1718582400,55.24,55.535,54.88,55.45,1204619.0
1718668800,56.04,57.28,56.02,56.79,3018877.0
1718841600,57.18,57.35,56.48,57.17,3015118.0
1718928000,57.47,57.72,56.95,57.27,2361721.0
1719187200,57.44,58.2,57.34,57.6,2770201.0
1719273600,57.53,57.8,56.16,57.1,2279056.0
1719360000,56.65,57.08,55.94,56.28,1657955.0
1719446400,56.44,56.62,55.82,56.21,1975444.0
1719532800,56.61,57.0799,56.22,56.61,2507504.0
1719792000,56.65,57.29,56.435,57.0,1516786.0
1719878400,57.09,57.57,56.071,56.36,2743594.0
1719964800,56.72,57.97,56.72,57.74,1390880.0
1720137600,57.65,57.83,56.95,57.28,1748126.0
1720396800,57.34,58.38,57.31,58.34,1990609.0
1720483200,58.33,59.02,58.26,58.98,2268262.0
1720569600,59.44,60.42,59.26,60.29,2474003.0
1720656000,60.63,60.73,60.15,60.52,1931537.0
1720742400,60.78,61.96,60.565,61.75,2815972.0
1721001600,61.33,61.4,60.34,60.51,2909216.0
1721088000,60.77,61.15,60.45,60.97,2173748.0
1721174400,60.34,60.62,59.72,59.97,2800966.0
1721260800,59.89,60.18,58.08,58.34,3605993.0
1721347200,58.91,59.105,58.2,58.59,1977862.0
1721606400,59.17,60.05,58.8801,59.65,1946101.0
1721692800,59.48,59.485,58.4,58.46,2100942.0
1721779200,58.08,58.11,57.04,57.19,2036643.0
1721865600,57.1,57.38,56.46,56.5,1783871.0
1721952000,56.81,56.95,56.04,56.62,1938784.0
1722211200,56.27,56.65,55.34,55.85,1916455.0
1722297600,55.68,55.885,55.11,55.28,1768055.0
1722384000,55.68,57.02,55.64,56.52,2122885.0
1722470400,56.77,57.1174,55.005,55.17,2450972.0
1722556800,53.9,54.33,53.45,53.97,3641268.0
1722816000,51.57,53.38,50.84,52.57,4117094.0
1722902400,52.43,53.26,52.14,52.73,3467226.0
1722988800,53.91,54.54,53.535,53.89,2912929.0
1723075200,54.63,55.34,54.188,55.03,2149674.0
1723161600,55.31,55.8305,55.02,55.65,1445507.0
1723420800,55.77,56.05,54.76,54.83,1761690.0
1723507200,55.15,55.86,54.995,55.82,1768387.0
1723593600,56.14,56.42,55.915,56.37,1395530.0
1723680000,56.83,57.535,56.83,57.45,1555230.0
1723766400,57.51,57.77,57.06,57.29,1326773.0
1724025600,56.8,57.36,56.64,57.05,1590244.0
1724112000,56.7,57.18,55.88,56.01,1971320.0
1724198400,55.55,55.85,54.725,54.99,3077801.0
1724284800,54.74,54.91,54.03,54.1,2328246.0
1724371200,54.64,55.82,54.57,55.43,2669401.0
1724630400,55.27,55.29,54.025,54.14,1964927.0
1724716800,53.54,53.79,52.55,52.61,2791586.0
1724803200,53.21,53.82,52.56,52.75,1719525.0
1724889600,52.75,53.1,52.18,52.84,2449530.0
1724976000,53.36,53.41,52.79,53.04,2002421.0
1725321600,52.94,53.0,51.57,52.05,5130119.0
1725408000,51.88,53.14,51.88,52.15,1705058.0
1725494400,51.89,52.6,51.7,52.01,2107653.0
1725580800,52.2,52.62,51.1,51.42,1874141.0
1725840000,52.0,52.42,51.62,51.74,1935436.0
1725926400,51.45,51.45,50.78,51.01,2772250.0
1726012800,51.37,52.3,51.25,52.13,3338145.0
1726099200,52.13,53.82,52.1,53.77,3899473.0
1726185600,53.96,54.77,53.9,54.38,2554758.0
1726444800,54.24,54.63,54.16,54.56,948282.0
1726531200,54.26,55.12,54.1,55.03,1536501.0
1726617600,54.88,55.35,54.52,54.67,2341932.0
1726704000,55.27,55.4,54.52,55.11,1517318.0
1726790400,54.89,55.09,53.87,53.98,1868557.0
1727049600,54.04,54.39,53.95,54.25,2661821.0
1727136000,54.77,55.82,54.77,55.68,2002846.0
1727222400,55.69,55.7,54.26,54.29,1872744.0
1727308800,55.24,55.89,54.77,54.89,1753211.0
1727395200,55.25,55.26,53.92,53.96,2069624.0
1727654400,54.29,54.29,53.39,53.71,1556085.0
1727740800,53.69,53.98,53.03,53.75,1669144.0
1727827200,54.25,55.02,53.58,54.41,2241998.0
1727913600,53.98,54.19,53.43,53.95,1583356.0
1728000000,54.59,56.07,54.42,55.47,2138817.0
1728259200,55.19,55.75,54.46,54.57,2602770.0
1728345600,54.7,54.88,53.76,54.2,1323779.0
1728432000,53.94,54.82,53.89,53.99,934623.0
1728518400,53.76,54.52,53.52,54.49,1998195.0
1728604800,54.5,55.11,54.31,55.07,1787876.0
1728864000,55.17,55.3,54.19,54.29,1364494.0
1728950400,54.06,54.34,53.45,53.79,2856496.0
1729036800,53.47,53.66,53.0,53.34,1476272.0
1729123200,53.47,53.69,52.93,53.58,1481178.0
1729209600,54.0,54.47,53.8899,54.0,1820584.0
1729468800,53.6,53.63,53.12,53.51,1173201.0
1729555200,53.85,53.94,52.73,53.23,1860296.0
1729641600,53.06,53.42,52.62,53.32,1507737.0
1729728000,53.23,53.44,52.635,52.99,1400059.0
1729814400,52.97,53.3,52.45,52.58,1518499.0
1730073600,52.39,52.85,52.16,52.58,856740.0
1730160000,52.37,52.72,51.84,51.89,1722194.0
1730246400,51.6,51.9177,51.37,51.53,1545231.0
1730332800,51.65,51.93,51.44,51.92,1643937.0
1730419200,52.0,52.305,51.06,51.11,2743602.0
1730678400,51.88,52.58,51.56,51.79,2553517.0
1730764800,51.72,51.99,50.54,51.73,2384414.0
1730851200,49.52,52.55,48.65,52.33,7647636.0
1730937600,53.2,54.0,52.98,53.7,4278617.0
1731024000,53.17,53.24,51.63,52.19,2778343.0
1731283200,51.75,51.7695,51.02,51.51,1577429.0
1731369600,51.06,51.34,50.28,50.58,2416177.0
1731456000,50.5,50.7,50.11,50.42,2094367.0
1731542400,50.52,50.71,50.11,50.45,2358553.0
1731628800,50.29,50.88,50.22,50.48,1675089.0
1731888000,50.48,51.27,50.48,50.97,1217384.0
1731974400,50.62,51.54,50.37,50.93,2826979.0
1732060800,50.5,50.71,50.12,50.29,1747178.0
1732147200,50.3,50.54,50.0,50.1,1111120.0
1732233600,49.97,50.19,49.57,50.13,2103784.0
1732492800,50.7,51.0,50.24,50.29,1765767.0
1732579200,49.1,49.79,48.73,48.95,3601172.0
1732665600,48.93,49.38,48.65,49.14,2820186.0
1732838400,49.71,50.49,49.6,50.27,2503852.0
1733097600,49.62,50.485,49.47,50.35,1590247.0
1733184000,50.49,51.06,50.34,50.88,1820396.0
1733270400,50.9,51.5,50.72,51.35,1833010.0
1733356800,51.45,52.255,51.42,52.08,2253451.0
1733443200,52.26,52.26,51.5,51.7,2524653.0
1733702400,52.1,52.97,51.83,52.5,2494151.0
1733788800,52.72,52.84,51.66,51.96,1970301.0
1733875200,51.99,52.19,51.44,52.04,1408281.0
1733961600,51.89,52.1,51.27,51.47,1613578.0
1734048000,51.5,52.45,51.47,52.43,1829203.0
1734307200,52.46,52.46,51.41,51.42,1506945.0
1734393600,49.64,49.86,49.34,49.62,1974681.0
1734480000,49.62,49.79,48.28,48.45,2526426.0
1734566400,48.67,48.98,47.87,47.96,3000829.0
1734652800,48.11,49.08,48.11,48.87,2679799.0
1734912000,48.68,48.83,47.845,48.26,1708313.0
1734998400,48.43,48.68,48.14,48.41,623415.0
1735171200,48.01,48.625,48.01,48.42,727786.0
1735257600,48.07,48.93,47.82,47.99,1413190.0
1735516800,47.58,47.7731,46.6,46.69,1493725.0
1735603200,46.48,47.07,46.41,46.82,1659033.0
1735776000,47.28,47.89,47.01,47.72,1344057.0
1735862400,48.01,48.05,46.68,46.84,1640161.0
1736121600,47.79,48.63,47.55,48.01,2554816.0
1736208000,48.06,48.82,48.01,48.56,1636698.0
1736294400,48.11,48.22,47.55,47.93,1369313.0
1736467200,47.34,47.73,47.05,47.14,1813529.0
1736726400,46.94,47.58,46.7,47.46,3531289.0
1736812800,47.64,48.435,47.615,47.94,1805510.0
1736899200,48.65,48.7485,48.14,48.54,1969375.0
1736985600,48.29,48.36,47.36,47.4,2703068.0
1737072000,47.58,48.21,47.42,47.47,2337117.0
1737417600,47.65,48.63,47.65,48.37,2557312.0
1737504000,48.54,49.665,48.22,49.25,4270602.0
1737590400,49.4,50.015,48.77,49.6,2230583.0
1737676800,50.07,50.39,49.86,50.06,2332890.0
1737936000,49.17,49.7099,48.89,49.29,2298771.0
1738022400,49.32,49.99,49.29,49.65,1922334.0
1738108800,49.43,49.825,49.08,49.76,2355126.0
1738195200,50.0,50.8717,49.42,50.02,5618375.0
1738281600,49.92,50.55,48.73,48.98,7197863.0
1738540800,47.46,50.92,47.29,50.2,7511523.0
1738627200,50.08,50.68,49.475,50.14,3783196.0
1738713600,49.61,50.49,49.18,49.57,2090787.0
1738800000,49.82,50.74,49.6,50.71,3069051.0
1738886400,50.36,50.78,50.26,50.68,2125760.0
1739145600,50.69,51.02,50.485,50.76,1237279.0
1739232000,50.88,51.37,50.33,51.28,1629965.0
1739318400,51.08,52.06,50.95,51.91,2406085.0
1739404800,52.0,52.43,51.69,52.38,2022038.0
1739491200,52.56,52.91,52.44,52.67,2361770.0
1739836800,52.9,53.44,52.66,53.22,2796050.0
1739923200,53.04,53.045,52.2,52.25,3771847.0
1740009600,52.4,52.89,52.26,52.86,2596701.0
1740096000,52.85,52.85,51.59,51.99,2539430.0
1740355200,51.83,52.19,51.16,51.67,3333012.0
1740441600,51.86,51.86,50.745,51.05,4793560.0
1740528000,51.12,51.66,50.65,51.49,2665014.0
1740614400,51.29,51.52,50.36,50.59,2441209.0
1740700800,50.59,50.88,50.07,50.52,3164602.0
1740960000,50.93,51.855,49.69,49.85,6058513.0
1741046400,49.4,50.385,48.05,50.02,4785521.0
1741132800,50.8,51.16,50.58,51.03,2942908.0
1741219200,51.11,52.11,50.85,51.45,5671310.0
1741305600,51.41,51.64,50.38,51.53,3098370.0
1741564800,51.3,51.52,49.77,50.16,3071504.0
1741651200,50.21,50.55,49.56,50.25,2491907.0
1741737600,50.55,51.05,50.19,50.98,2353393.0
1741824000,51.13,51.585,50.76,51.19,1725965.0
1741910400,51.67,52.6299,51.52,52.36,3025773.0
1742169600,52.55,53.43,52.38,53.28,2739385.0
1742256000,52.9,52.9,52.15,52.41,2051644.0
1742342400,52.46,52.87,52.18,52.42,2229984.0
1742428800,51.84,52.38,51.52,52.26,1776096.0
1742515200,51.75,51.99,51.47,51.7,2007423.0
1742774400,52.19,52.38,51.7591,52.04,1126772.0
1742860800,52.25,52.72,51.97,52.59,1085012.0
1742947200,52.5,52.66,51.94,52.01,1408881.0
1743033600,51.48,52.2,51.33,52.15,1149556.0
1743120000,51.9,52.08,50.95,51.62,2257440.0
1743379200,51.6,51.75,50.64,50.96,1654397.0
1743465600,50.85,52.07,50.63,52.05,2084402.0
1743552000,51.93,52.25,51.44,52.16,1576724.0
1743638400,53.4,55.22,53.125,54.26,11249660.0
1743724800,52.5,52.6104,49.7764,49.92,6336270.0
1743984000,48.9,50.57,48.07,48.52,5656699.0
1744070400,49.87,49.96,47.86,48.06,4250629.0
1744156800,47.64,52.04,47.19,51.86,4701259.0
1744243200,51.13,51.42,49.85,50.3,2398853.0
1744329600,50.68,51.12,50.27,50.68,2223671.0
1744588800,51.69,52.56,51.435,51.91,1925272.0
1744675200,52.43,52.81,52.11,52.19,1273714.0
1744761600,52.29,53.51,52.255,53.02,2610189.0
1744848000,53.51,55.24,53.05,54.93,3700660.0
1745193600,54.88,54.92,53.97,54.34,2335259.0
1745280000,55.0,55.7,54.815,55.51,2546711.0
1745366400,56.89,57.26,56.28,56.51,3115523.0
1745452800,57.05,57.88,56.71,57.34,3240936.0
1745539200,57.5,58.0,57.16,57.94,2053887.0
1745798400,58.28,58.56,57.96,58.12,3028807.0
1745884800,58.22,58.35,56.355,56.42,6977036.0
1745971200,55.78,57.09,55.68,56.97,3273655.0
1746057600,57.12,57.1299,56.26,56.67,1382755.0
1746144000,57.32,57.4099,56.35,56.94,1834865.0
1746403200,57.13,57.1776,56.56,56.68,1064063.0
1746489600,56.04,58.44,56.0,58.39,2679727.0
1746576000,58.59,59.32,58.22,59.09,2411882.0
1746662400,59.66,59.865,58.11,58.11,2499528.0
1746748800,58.72,58.895,58.07,58.12,1256367.0
1747008000,58.38,58.515,56.93,57.84,2594308.0
1747094400,58.12,59.5,57.805,59.08,4752543.0
1747180800,59.51,59.51,58.925,59.36,1800019.0
1747267200,59.27,59.45,58.79,59.26,1558038.0
1747353600,59.51,59.74,58.81,59.51,1323789.0
1747612800,59.66,60.89,59.43,60.57,2730070.0
1747699200,60.83,61.07,60.43,60.53,1851337.0
1747785600,60.275,60.62,59.8,60.32,1814044.0
1747872000,59.92,60.4608,59.6401,59.83,1547048.0
1747958400,59.3,60.72,59.09,60.67,1383976.0
1748304000,60.98,62.325,60.905,61.13,1974095.0
1748390400,61.03,61.6284,60.48,60.9,1079366.0
1748476800,61.4,61.62,60.905,61.23,1300896.0
1748563200,61.34,61.34,60.14,60.17,2372355.0
1748822400,60.7,61.55,60.33,60.64,1900962.0
1748908800,60.56,60.64,60.05,60.39,1550281.0
1748995200,60.57,60.92,60.25,60.25,1826571.0
1749081600,60.63,61.01,60.4501,60.72,1451117.0
1749168000,60.91,61.405,59.96,61.24,1936017.0
1749427200,61.59,61.63,61.05,61.09,1150703.0
1749513600,61.24,61.43,60.8999,61.36,927310.0
1749600000,61.89,62.415,61.455,61.56,1620818.0
1749686400,61.41,61.98,61.32,61.57,1041509.0
1749772800,60.43,61.53,60.35,61.06,2182559.0
1750032000,60.23,60.83,59.65,59.82,2663888.0
1750118400,59.3,59.57,58.79,58.91,1739853.0
1750204800,59.04,59.44,58.67,58.97,2526144.0
1750377600,58.61,58.65,57.92,58.11,3020463.0
1750636800,57.77,58.12,57.282,57.94,2390863.0
1750723200,58.51,59.225,58.425,59.21,1650451.0
1750809600,59.38,59.79,59.18,59.68,1167783.0
1750896000,59.99,60.505,59.4255,60.31,1554247.0
1750982400,60.3,60.7626,60.16,60.32,1213326.0
1751241600,60.22,60.87,60.0,60.56,1260017.0
1751328000,61.0,61.15,60.58,61.12,846533.0
1751414400,60.82,61.78,60.82,61.59,978149.0
1751500800,61.78,62.34,61.32,61.7,721239.0
1751846400,61.45,61.67,60.96,61.11,1512809.0
1751932800,61.02,61.02,60.06,60.89,1148915.0
1752019200,60.97,61.08,60.225,60.28,1046977.0
1752105600,60.3,60.426,59.75,60.29,1677634.0
1752192000,59.93,60.325,59.31,60.13,2137490.0
1752451200,59.8,60.02,59.28,59.61,1152524.0
1752537600,59.72,60.05,59.11,59.38,1057966.0
1752624000,59.44,60.085,59.25,59.77,1290384.0
1752710400,59.28,60.03,59.27,59.79,1729011.0
1752796800,59.97,60.07,59.36,59.46,838048.0
1753056000,59.7,59.92,59.12,59.24,1073091.0
1753142400,59.18,59.47,58.87,59.03,1433955.0
1753228800,59.01,60.58,59.01,60.47,1381605.0
1753315200,60.57,60.92,60.3,60.85,1140968.0
1753401600,61.0,61.2,60.34,61.05,675958.0
1753660800,60.69,60.7407,59.74,60.06,1079598.0
1753747200,59.94,61.05,59.33,60.93,1848233.0
1753833600,60.68,60.88,59.89,60.17,1338165.0
1753920000,60.3,60.66,59.64,60.14,2113085.0
1754006400,59.9,60.38,59.325,59.6,1007816.0
1754265600,60.16,60.16,58.91,59.23,945290.0
1754352000,59.23,60.22,59.23,60.19,1201443.0
1754438400,60.52,61.33,60.52,60.76,1629640.0
1754524800,60.78,61.74,60.73,61.65,1217204.0
1754611200,62.0,62.2,61.57,61.64,1059800.0
1754870400,61.51,61.79,61.29,61.54,858958.0
1754956800,61.69,62.49,61.67,62.33,1475229.0
1755043200,62.43,62.51,61.87,61.99,1052310.0
1755129600,61.29,61.4,60.74,60.99,1457614.0
1755216000,61.37,61.79,61.26,61.34,852618.0
1755475200,60.99,61.27,60.7,61.19,797752.0
1755561600,60.92,61.36,60.69,61.25,1204420.0
1755648000,61.25,61.53,61.045,61.17,904481.0
1755734400,61.1,61.81,60.99,61.55,842073.0
1755820800,61.86,63.02,61.48,62.8,1378391.0
1756080000,62.7,62.9,61.68,61.71,975598.0
1756166400,61.96,62.0,61.22,61.44,1541212.0
1756252800,61.09,61.98,60.44,61.94,1539789.0
1756339200,61.89,62.84,61.78,62.52,1436469.0
1756425600,62.51,62.51,61.88,61.94,1115009.0
1756771200,61.2,62.99,61.2,62.91,1565435.0
1756857600,63.0,63.45,62.5508,62.8,1420068.0
1756944000,62.53,63.13,62.32,63.07,1160333.0
1757030400,63.51,64.3,63.41,63.83,1424390.0
1757289600,64.11,64.24,63.58,64.15,1249101.0
1757376000,64.23,64.405,63.88,64.26,1528237.0
1757462400,64.4,64.7,64.155,64.28,1346802.0
1757548800,64.22,66.02,64.22,65.71,2125738.0
1757635200,65.83,66.295,65.51,66.12,1703753.0
1757894400,66.31,67.045,66.26,66.77,1304740.0
1757980800,66.91,67.0,66.4,66.8,1049735.0
1758067200,66.83,67.3,66.4,66.53,2227891.0
1758153600,66.92,66.92,65.51,65.95,1840935.0
1758240000,65.99,66.44,65.73,66.1,3285488.0
1758499200,65.86,66.93,65.58,66.9,1407450.0
1758585600,66.85,67.5,66.74,67.43,1355637.0
1758672000,67.12,67.5,66.29,66.47,2040149.0
1758758400,66.12,66.84,66.005,66.18,1404650.0
1758844800,66.55,67.4,66.52,67.14,989361.0
1759104000,67.27,67.91,67.26,67.46,1046784.0
1759190400,67.44,68.35,67.36,68.21,2166382.0
1759276800,68.25,68.71,66.572,66.78,2356261.0
1759363200,66.78,67.0,65.52,66.9,2059120.0
1759449600,66.99,67.24,66.595,66.81,897353.0
1759708800,66.78,66.7876,64.93,65.44,2364198.0
1759795200,65.5,65.88,64.96,65.04,1182700.0
1759881600,65.09,65.76,65.09,65.73,1356268.0
1759968000,65.675,66.51,65.02,65.42,1876373.0
1760054400,65.51,65.79,64.18,64.39,2110359.0
1760313600,64.9,66.03,64.78,65.47,1956411.0
1760400000,64.83,65.14,64.702,64.84,2104064.0
1760486400,65.2,65.93,65.2,65.87,1930216.0
1760572800,66.14,67.49,66.097,67.05,2040353.0
1760659200,67.05,67.05,65.81,66.13,1988531.0
1760918400,66.54,66.66,65.575,65.94,1628034.0
1761004800,65.84,65.93,64.81,65.07,2604035.0
1761091200,65.17,65.79,64.98,65.51,1705333.0
1761177600,65.65,66.15,65.33,66.02,827280.0
1761264000,66.43,66.43,65.15,65.37,1177751.0
1761523200,65.64,66.62,65.6,66.33,2091975.0
1761609600,66.33,67.39,66.28,67.1,1559183.0
1761696000,67.29,67.92,66.89,67.43,965890.0
1761782400,66.98,67.07,66.64,66.73,2147144.0
1761868800,66.77,66.935,66.2,66.53,1383599.0
1762128000,67.03,67.06,66.105,66.23,1552682.0
1762214400,65.3,66.48,64.765,65.65,2030178.0
1762300800,65.84,67.53,65.81,67.18,1416494.0
1762387200,67.14,67.41,66.83,66.97,1899691.0
1762473600,67.28,67.91,66.8,67.82,2213105.0
1762732800,68.3,68.4,67.82,67.91,1021205.0
1762819200,67.91,69.43,67.91,69.34,1517461.0
1762905600,69.57,69.68,68.085,68.16,1880354.0
1762992000,68.41,68.93,67.28,67.38,1919618.0
1763078400,67.01,67.7,66.52,67.22,1246903.0
1763337600,67.06,67.33,65.73,65.87,1826934.0
1763424000,65.83,67.2388,65.83,66.67,2200351.0
1763510400,66.81,67.3,66.42,66.77,1954442.0
1763596800,67.28,67.585,65.97,66.02,1722686.0
1763683200,65.78,66.57,65.59,66.04,1437418.0
1763942400,66.23,66.735,66.0,66.55,1366412.0
1764028800,66.82,67.83,66.48,67.75,1489784.0
1764115200,67.84,68.18,67.4,67.88,1320945.0
1764288000,67.6,68.535,67.285,68.42,543461.0
1764547200,68.28,68.9,68.02,68.46,1142272.0
1764633600,68.5,69.06,68.5,68.71,813468.0
1764720000,68.99,68.99,68.19,68.43,784968.0
1764806400,68.38,68.83,68.29,68.82,834288.0
1764892800,68.8,69.42,68.59,68.68,992958.0
1765152000,68.57,69.15,68.3314,68.64,816094.0
1765238400,68.6,69.59,68.43,69.27,1144064.0
1765324800,69.38,69.485,68.575,69.04,1913931.0
1765411200,69.08,71.43,69.08,71.06,2343574.0
1765497600,71.11,71.39,69.51,70.69,1592325.0
1765756800,71.34,71.6,70.34,70.48,1982274.0
1765843200,69.14,69.34,68.175,68.28,3065731.0
1765929600,68.36,68.465,67.2516,67.45,1383346.0
1766016000,67.82,68.91,67.4,68.75,932795.0
1766102400,68.93,69.52,68.71,68.85,1243006.0
1766361600,69.28,70.03,68.69,69.95,1851760.0
1766448000,69.99,71.12,69.89,71.04,1465633.0
1766534400,71.0,71.3125,70.435,70.95,560129.0
1766707200,71.33,71.38,70.83,71.15,722751.0
1766966400,70.94,71.03,70.435,70.51,701572.0
1767052800,70.62,70.89,69.45,69.49,796635.0
1767139200,69.92,69.92,68.97,69.33,789514.0
1767312000,69.91,70.82,69.24,69.66,1716353.0
1767571200,69.8,71.0,68.94,70.58,1824132.0
1767657600,70.77,71.0,69.9,70.04,1622087.0
1767744000,69.94,70.27,69.015,69.92,1069435.0
1767830400,69.77,70.65,69.26,70.48,915559.0
1767916800,70.77,71.195,70.32,71.06,909630.0
1768176000,71.29,72.3,71.29,72.06,1697978.0
1768262400,72.46,72.46,71.76,71.97,1226110.0
1768348800,72.1,73.43,71.9,73.38,1614468.0
1768435200,73.67,74.37,72.86,73.25,1274421.0
1768521600,73.09,74.065,72.8,74.0,1667676.0
1768867200,73.95,74.95,73.63,74.61,1414088.0
1768953600,75.39,76.4,75.15,75.36,1990038.0
1769040000,75.83,76.365,75.42,75.75,1803036.0
1769126400,75.74,76.18,75.22,76.08,1356198.0
1769385600,76.32,77.97,76.28,76.7,2293830.0
1769472000,77.44,77.93,76.9,77.86,1499341.0
1769558400,78.09,78.97,77.91,78.73,1372388.0
1769644800,79.44,79.91,77.31,78.45,2266292.0
1769731200,77.83,77.91,74.93,75.12,3387439.0
1769990400,75.04,76.2,74.82,75.43,1935837.0
1770076800,76.36,79.18,76.36,78.76,2887481.0
1770163200,78.9,78.92,76.48,77.22,1879846.0
1770249600,76.59,77.75,75.69,76.83,1446086.0
1770336000,78.05,79.95,77.27,79.87,2297415.0
1770595200,80.02,80.8,79.91,80.67,1930336.0
1770681600,80.91,81.015,80.01,80.48,1124368.0
1770768000,80.83,81.0,79.51,80.7,1051345.0
1770854400,81.41,81.6499,79.34,79.92,4496359.0
1770940800,80.23,81.085,79.485,81.03,1103239.0
1771286400,80.94,81.0,79.71,80.76,1364587.0
1771372800,81.25,81.42,79.92,80.15,2142575.0
1771459200,80.0,80.4,79.5,79.94,1903473.0
1771545600,80.16,81.245,79.91,81.23,1211482.0
1771804800,80.2,81.24,78.86,79.54,3484928.0
1771891200,79.6,80.67,78.8,80.37,2823717.0
1771977600,80.61,80.84,79.71,80.45,1298747.0
1772064000,80.5,80.825,79.7201,80.66,1381689.0
1772150400,80.3,81.55,79.85,80.94,4039432.0
1772409600,79.02,80.09,78.52,79.46,2307068.0
1772496000,76.04,76.23,73.25,75.37,4971544.0
1772582400,76.32,78.11,75.59,77.91,2413701.0
1772668800,77.35,77.36,74.99,75.25,2434433.0
1772755200,73.71,75.05,73.5,73.72,4583949.0
1773014400,72.78,74.09,71.56,73.89,2716374.0
1773100800,74.35,75.73,74.235,74.76,1732243.0
1773187200,74.58,75.0,73.945,74.69,1046350.0
1773273600,73.74,73.95,71.97,72.17,2661157.0
1773360000,72.34,73.17,71.38,71.53,2414997.0
1773619200,72.42,74.04,72.09,73.16,1642422.0
1773705600,73.56,73.96,72.73,73.38,1370194.0
1773792000,72.94,73.49,72.32,72.38,1062555.0
1773878400,71.75,72.43,70.49,72.18,2293942.0
1773964800,71.56,71.67,69.59,69.87,2868403.0
1774224000,70.68,71.78,70.45,71.1,2619528.0
1774310400,70.6,72.79,70.25,72.46,1574204.0
1774396800,73.0,75.23,72.9201,75.16,2352741.0
1774483200,74.62,74.7872,73.18,73.29,1752043.0
1774569600,72.45,73.205,71.825,72.11,3656241.0
1774828800,72.56,73.26,72.43,72.76,1981878.0
1774915200,73.21,75.39,73.21,75.23,2106926.0
1775001600,75.91,76.795,75.45,76.37,1639997.0
1775088000,75.12,77.76,74.81,76.11,1009635.0
1775433600,76.32,77.38,75.5,76.2,1535512.0
1775520000,76.1,76.48,75.305,75.94,1918376.0
1775606400,80.37,80.64,78.69,79.11,2065839.0
1775692800,78.99,80.255,78.83,79.43,1553844.0
1775779200,79.89,80.56,79.425,79.51,2385523.0
1776038400,79.32,79.655,78.88,79.3,1364542.0
1776124800,79.72,79.95,78.4,78.75,1392054.0
1776211200,78.66,79.67,78.18,79.43,2322778.0
1776297600,79.56,79.85,78.345,79.01,2116784.0
1776384000,80.14,80.16,78.97,79.46,1528232.0
1776643200,79.21,80.06,78.74,79.88,1257231.0
1776729600,79.81,80.43,77.79,78.0,2225205.0
1776816000,78.81,79.27,78.09,78.33,1591988.0
1776902400,78.03,78.92,77.34,77.61,1151909.0
1776988800,78.11,78.7218,77.64,78.47,1127105.0
1777248000,78.72,78.72,77.02,77.09,1602941.0
1777334400,76.37,76.665,75.66,76.28,1291741.0
1777420800,75.93,76.27,75.28,75.4,1189459.0
1777507200,75.68,76.565,75.35,76.44,1909329.0
1777593600,76.75,78.155,76.26,76.66,1196465.0
1777852800,76.47,77.0325,75.585,75.65,1721772.0
1777939200,76.63,77.93,76.4,77.56,1197464.0
1778025600,78.79,79.645,78.145,79.52,1205447.0
1778112000,79.57,80.63,79.03,79.54,1207803.0
1778198400,79.98,80.76,79.75,79.87,766214.0
1778457600,79.76,80.95,79.6,80.22,723461.0
1778544000,79.78,80.195,79.44,79.99,721871.0
1778630400,80.01,80.99,79.81,80.27,1292899.0
1778716800,80.15,81.07,78.65,79.0,1764166.0
1778803200,77.73,77.98,76.79,77.21,1615485.0
1779062400,77.63,77.995,77.02,77.9,932252.0
1779148800,76.99,77.89,76.53,77.52,796577.0
1779235200,77.8,78.69,77.26,78.45,1645135.0
1779321600,77.54,78.345,77.26,77.8,1329032.0
1779408000,77.55,77.99,77.13,77.76,807654.0
1779753600,77.45,79.02,77.42,78.86,1921985.0
1779840000,78.84,79.94,78.615,79.56,1004831.0
1779926400,79.44,79.64,78.27,78.81,1272975.0
1780012800,78.55,78.64,77.25,78.43,1906448.0
1780272000,78.17,78.38,77.17,77.87,1340299.0
1780358400,78.21,79.62,78.1,79.08,1465160.0
1780444800,78.4,79.07,78.01,78.08,973855.0
1780531200,78.23,78.29,77.18,77.37,824964.0
1780617600,76.68,76.68,74.93,75.1,1905539.0
1780876800,75.6,76.215,74.86,74.9,1336481.0
1780963200,75.63,76.12,73.74,74.76,1530989.0
1781049600,74.67,75.5,74.24,74.41,994115.0
1781136000,74.33,77.485,74.33,77.34,2414439.0
1781222400,77.8,79.11,77.8,78.47,1386733.0
1781481600,78.67,78.99,77.65,77.76,1037744.0
1781568000,77.84,78.62,77.66,77.98,1057722.0
1781654400,78.21,78.855,77.02,77.31,1334822.0
1781740800,78.24,78.34,77.19,77.33,1073214.0
1782086400,76.97,76.995,75.82,75.96,1380635.0
1782172800,74.65,75.43,74.06,74.73,1033250.0
1782259200,74.49,74.62,73.48,73.79,1041612.0
1782345600,74.37,75.59,73.95,75.53,1158489.0
1782432000,75.41,75.96,74.89,75.37,937865.0
1782691200,76.09,76.61,74.89,76.12,4017086.0
1782777600,76.16,76.42,75.12,75.27,879371.0
1782864000,74.92,75.62,74.74,75.27,1153949.0
1782950400,75.28,76.74,75.28,75.5,807165.0
1783296000,75.45,76.825,75.45,76.43,1157649.0
1783382400,76.04,76.54,74.75,75.04,1112645.0
1783468800,74.22,74.95,73.52,74.71,761296.0
1783555200,74.4,75.255,74.1,74.24,930877.0
1783641600,74.66,75.2,74.3,74.86,904745.0
1783900800,74.92,75.14,73.94,74.15,683322.0
1783987200,74.66,76.155,74.66,75.34,1631604.0
1784073600,75.5,75.915,75.165,75.39,909564.0
1784160000,75.1,75.49,74.53,75.22,1057855.0
1784246400,74.11,75.36,73.77,75.11,942202.0
1784505600,75.52,75.9,75.0,75.09,589411.0
1784592000,75.0,75.98,75.0,75.84,921947.0
1784678400,75.77,77.04,75.77,76.71,901369.0
1784764800,75.81,76.32,74.92,75.0,1168889.0
1784851200,75.14,75.88,74.5,75.45,1125474.0
1785110400,76.14,76.92,75.49,76.54,782103.0
1785196800,76.51,78.16,75.93,76.78,1423359.0
1785283200,76.62,76.62,75.1109,75.57,1212526.0
1785369600,75.74,77.35,75.74,77.11,877793.0
1785456000,77.25,77.65,76.36,76.81,996576.0
1785715200,77.18,77.18,76.15,76.55,1333067.0
1785801600,77.38,78.01,76.795,77.06,1428120.0
1785888000,78.11,78.11,76.46,76.69,4419878.0
1785974400,77.23,77.77,76.48,76.63,1340312.0
1786060800,77.48,77.82,77.345,77.52,830156.0
1786320000,77.45,77.542,76.6,76.93,964983.0
1786406400,77.41,77.41,76.1,76.24,1062491.0
1786492800,76.72,77.105,75.99,76.46,1254419.0
1786579200,77.0,77.0,75.43,75.45,1403786.0
1786665600,75.61,75.99,74.92,75.01,841803.0
1786924800,74.96,75.12,74.66,74.91,851248.0
1787011200,74.72,75.28,74.32,74.46,2476075.0
1787097600,75.14,75.77,74.8,75.14,929578.0
1787184000,74.76,75.85,74.4489,75.5,1019115.0
1787270400,76.0,77.85,76.0,77.38,1529573.0
1787529600,77.27,77.73,76.88,77.15,1252784.0
1787616000,77.56,77.9,76.23,77.85,1397631.0
1787702400,77.64,78.355,77.46,77.55,1024572.0
1787788800,77.68,77.68,76.78,77.16,826618.0
1787875200,76.96,77.27,75.95,76.48,797418.0
1788134400,76.55,76.93,75.92,76.72,1256345.0
1788220800,76.36,77.37,75.512,75.66,1090893.0
1788307200,75.6,76.35,75.48,76.22,883878.0
1788393600,76.45,77.28,76.405,76.97,1131550.0
1788480000,77.12,77.42,76.51,76.63,638802.0
1788825600,76.09,76.895,75.96,76.67,829414.0
1788912000,76.55,77.22,76.4,76.5,479539.0
1788998400,75.78,75.94,75.15,75.25,943035.0
1789084800,76.0,76.0,75.03,75.38,523924.0
1789344000,74.09,75.05,73.9,74.82,1147019.0
1789430400,75.01,75.04,73.75,74.03,892462.0
1789516800,74.31,74.625,72.13,72.89,1095490.0
1789603200,73.86,74.5,73.795,74.29,1056825.0
1789689600,74.07,74.1925,73.26,73.34,1119749.0
1789948800,73.92,73.99,73.1,73.7,1225437.0
1790035200,73.58,74.56,73.435,74.46,657366.0
1790121600,73.42,73.95,72.835,73.42,2473663.0
1790208000,72.73,73.09,72.19,72.51,1129854.0
