timestamp,open,high,low,close,volume
1474848000,215.02,215.23,214.01,214.24,89700700.0
1474934400,214.05,215.68,213.62,215.57,77854200.0
1475020800,215.83,216.82,214.71,216.64,87095790.0
1475107200,216.4,216.87,214.04,214.68,127225400.0
1475193600,215.65,217.12,215.36,216.3,115113500.0
1475452800,215.82,216.04,215.04,215.78,83386110.0
1475539200,215.91,216.17,213.99,214.68,119749100.0
1475625600,215.41,216.13,215.33,215.63,72685460.0
1475712000,215.37,216.04,214.735,215.78,62519840.0
1475798400,216.1,216.3,214.19,215.04,89597910.0
1476057600,216.155,216.7,215.985,216.16,51620410.0
1476144000,215.66,215.74,212.58,213.43,130183700.0
1476230400,213.59,214.32,213.01,213.71,73322980.0
1476316800,212.16,213.59,211.21,213.01,101184500.0
1476403200,214.15,214.69,213.03,213.12,93285170.0
1476662400,213.09,213.39,212.17,212.38,58185200.0
1476748800,214.24,214.31,213.27,213.71,76618560.0
1476835200,214.02,214.64,213.6,214.28,66342420.0
1476921600,213.87,214.53,213.11,213.88,73492220.0
1477008000,212.96,214.08,212.76,213.98,88974470.0
1477267200,215.0,215.32,214.48,214.89,59934750.0
1477353600,214.68,214.98,213.98,214.17,66356080.0
1477440000,213.21,214.42,212.93,213.74,75561030.0
1477526400,214.58,214.62,213.08,213.17,77031450.0
1477612800,213.14,213.93,211.71,212.54,140491700.0
1477872000,212.93,213.19,212.36,212.55,60669300.0
1477958400,212.93,212.99,209.6,211.01,122395800.0
1478044800,210.65,211.1,209.23,209.74,102709200.0
1478131200,209.99,210.24,208.46,208.78,88715720.0
1478217600,208.91,209.89,208.38,208.55,108488200.0
1478476800,211.45,213.19,211.3,213.15,109397700.0
1478563200,212.69,214.77,212.38,214.11,104838900.0
1478649600,212.37,217.1,212.34,216.3792,257961800.0
1478736000,217.3,218.31,215.22,216.92,171730900.0
1478822400,216.08,216.7,215.32,216.42,100424400.0
1479081600,217.03,217.27,215.72,216.59,94378460.0
1479168000,217.04,218.28,216.8,218.28,91367180.0
1479254400,217.56,218.14,217.42,217.87,65385810.0
1479340800,218.05,219.06,217.92,218.99,69130300.0
1479427200,219.07,219.27,218.29,218.5,86161200.0
1479686400,219.17,220.18,219.0,220.15,72151670.0
1479772800,220.51,220.79,219.73,220.58,67275320.0
1479859200,219.98,220.76,219.75,220.7,56502980.0
1480032000,221.1,221.56,221.01,221.52,37872260.0
1480291200,221.16,221.48,220.36,220.48,76527520.0
1480377600,220.52,221.44,220.17,220.91,69579660.0
1480464000,221.63,221.82,220.31,220.38,112309600.0
1480550400,220.73,220.73,219.15,219.57,78874240.0
1480636800,219.67,220.25,219.26,219.68,74621240.0
1480896000,220.65,221.4,220.42,221.0,67101250.0
1480982400,221.22,221.7441,220.662,221.7,59512650.0
1481068800,221.52,224.67,221.38,224.6,110194800.0
1481155200,224.57,225.7,224.26,225.15,96247920.0
1481241600,225.41,226.53,225.37,226.51,87827850.0
1481500800,226.4,226.96,225.76,226.25,101715300.0
1481587200,227.02,228.34,227.0,227.76,110247300.0
1481673600,227.41,228.23,225.365,225.88,141538000.0
1481760000,226.16,227.81,225.8904,226.81,123647300.0
1481846400,226.01,226.08,224.67,225.04,156228600.0
1482105600,225.25,226.02,225.08,225.53,90032620.0
1482192000,226.15,226.57,225.88,226.4,89669640.0
1482278400,226.25,226.45,225.77,225.77,67782110.0
1482364800,225.6,225.74,224.92,225.38,55966720.0
1482451200,225.43,225.72,225.21,225.71,36670460.0
1482796800,226.02,226.73,226.0,226.27,42619920.0
1482883200,226.57,226.59,224.27,224.4,64009720.0
1482969600,224.48,224.89,223.84,224.35,48614080.0
1483056000,224.73,224.83,222.73,223.53,108693200.0
1483401600,225.04,225.83,223.8837,225.24,91087570.0
1483488000,225.62,226.75,225.61,226.58,78458530.0
1483574400,226.27,226.58,225.48,226.4,78291080.0
1483660800,226.53,227.75,225.9,227.21,71356460.0
1483920000,226.91,227.0701,226.4163,226.46,46723610.0
1484006400,226.48,227.45,226.01,226.46,63204500.0
1484092800,226.36,227.1,225.59,227.1,74510600.0
1484179200,226.5,226.75,224.955,226.53,72028310.0
1484265600,226.73,227.4,226.69,227.05,62681260.0
1484611200,226.31,226.78,225.8,226.25,61098430.0
1484697600,226.535,226.8,225.9,226.75,54598260.0
1484784000,226.84,227.0,225.41,225.91,66166860.0
1484870400,226.7,227.31,225.9719,226.74,126753400.0
1485129600,226.35,226.805,225.27,226.15,74924440.0
1485216000,226.4,228.08,226.27,227.6,95251650.0
1485302400,228.7,229.57,228.51,229.57,84105490.0
1485388800,229.4,229.71,229.01,229.33,59753620.0
1485475200,229.42,229.59,228.76,228.97,59643600.0
1485734400,228.17,228.2,226.41,227.55,79549380.0
1485820800,226.98,227.6,226.32,227.53,75379530.0
1485907200,228.255,228.59,226.94,227.62,78927270.0
1485993600,227.2,228.1,226.82,227.77,69506430.0
1486080000,228.82,229.55,228.46,229.34,80474030.0
1486339200,228.87,229.326,228.54,228.93,57729810.0
1486425600,229.38,229.6556,228.72,228.94,57818730.0
1486512000,228.61,229.39,228.31,229.24,51381110.0
1486598400,229.56,230.95,229.52,230.6,65823370.0
1486684800,231.0,231.77,230.6216,231.51,65951540.0
1486944000,232.08,233.07,232.05,232.77,55023690.0
1487030400,232.56,233.71,232.16,233.7,70023470.0
1487116800,233.45,235.14,233.39,234.92,86213560.0
1487203200,234.96,235.155,233.85,234.72,84574430.0
1487289600,233.95,235.09,233.93,235.09,76881310.0
1487635200,235.52,236.69,235.51,236.49,87736380.0
1487721600,236.02,236.54,235.83,236.28,61918630.0
1487808000,236.88,236.9,235.56,236.44,72812210.0
1487894400,235.46,236.7932,235.41,236.74,82311890.0
1488153600,236.64,237.31,236.35,237.11,56404310.0
1488240000,236.67,236.95,236.015,236.47,95717730.0
1488326400,238.39,240.32,238.37,239.78,148882400.0
1488412800,239.56,239.57,238.21,238.27,70152200.0
1488499200,238.17,238.61,237.73,238.42,81726380.0
1488758400,237.5,238.12,237.01,237.71,54424270.0
1488844800,237.36,237.77,236.76,237.0,64807970.0
1488931200,237.34,237.64,236.4,236.56,77619600.0
1489017600,236.7,237.24,235.74,236.86,90332120.0
1489104000,237.97,238.02,236.59,237.69,81757000.0
1489363200,237.62,237.86,237.24,237.81,57058040.0
1489449600,237.18,237.24,236.19,236.9,59838300.0
1489536000,237.56,239.44,237.29,238.95,95071850.0
1489622400,239.11,239.2,238.1,238.48,77761390.0
1489708800,237.75,237.97,237.03,237.03,88284080.0
1489968000,237.03,237.36,236.32,236.77,52529210.0
1490054400,237.47,237.61,233.58,233.73,131204400.0
1490140800,233.77,234.61,233.05,234.28,97233080.0
1490227200,234.0,235.34,233.6,234.03,100172100.0
1490313600,234.38,235.04,232.96,233.86,112400900.0
1490572800,231.93,233.92,231.61,233.62,87245320.0
1490659200,233.27,235.81,233.14,235.32,93370670.0
1490745600,234.99,235.81,234.725,235.54,61043150.0
1490832000,235.47,236.52,235.27,236.29,56658160.0
1490918400,235.9,236.51,235.68,235.74,73482420.0
1491177600,235.8,236.03,233.91,235.33,85424090.0
1491264000,235.0,235.58,234.555,235.48,56303450.0
1491350400,236.26,237.39,234.54,234.78,108227700.0
1491436800,234.94,236.04,234.425,235.44,68962420.0
1491523200,235.15,236.0,234.64,235.2,74345090.0
1491782400,235.36,236.255,234.73,235.34,67526890.0
1491868800,234.9,235.18,233.34,235.06,87804580.0
1491955200,234.74,234.96,233.77,234.03,81393040.0
1492041600,233.64,234.49,232.51,232.51,92625450.0
1492387200,233.11,234.57,232.88,234.57,68153720.0
1492473600,233.72,234.49,233.08,233.87,83143680.0
1492560000,234.52,234.95,233.18,233.44,68254750.0
1492646400,234.15,235.845,233.78,235.34,92306890.0
1492732800,235.25,235.31,234.13,234.59,109896300.0
1492992000,237.18,237.41,234.5628,237.17,119008100.0
1493078400,237.91,238.95,237.81,238.55,75528380.0
1493164800,238.51,239.53,238.35,238.4,84210820.0
1493251200,238.77,238.95,237.98,238.6,57144960.0
1493337600,238.9,238.93,237.93,238.08,63426310.0
1493596800,238.68,239.17,238.195,238.68,66588230.0
1493683200,238.84,238.98,238.3,238.77,57123690.0
1493769600,238.29,238.8775,237.7,238.48,72846400.0
1493856000,238.83,238.9225,237.78,238.76,61322410.0
1493942400,239.19,239.72,238.68,239.7,61561740.0
1494201600,239.75,239.92,239.17,239.66,48260110.0
1494288000,239.96,240.19,239.04,239.44,51126000.0
1494374400,239.39,239.87,239.15,239.87,54209350.0
1494460800,239.35,239.57,238.13,239.38,62232520.0
1494547200,239.09,239.4273,238.67,238.98,53812970.0
1494806400,239.47,240.44,239.45,240.3,61242740.0
1494892800,240.64,240.67,239.63,240.08,50523840.0
1494979200,238.1,238.64,235.75,235.82,171445400.0
1495065600,235.73,237.75,235.43,236.77,106885400.0
1495152000,237.33,239.08,237.27,238.31,114380500.0
1495411200,238.9,239.71,238.82,239.52,60274380.0
1495497600,239.95,240.24,239.51,240.05,48239370.0
1495584000,240.32,240.73,239.93,240.61,48761320.0
1495670400,241.2,242.08,240.96,241.76,63952460.0
1495756800,241.54,241.9,241.45,241.71,46547760.0
1496102400,241.34,241.79,241.16,241.5,35144010.0
1496188800,241.84,241.88,240.64,241.44,90456540.0
1496275200,241.97,243.38,241.64,243.36,68657470.0
1496361600,243.42,244.35,243.08,244.17,88562440.0
1496620800,243.97,244.3,243.76,243.99,44657990.0
1496707200,243.34,243.98,243.12,243.21,50250970.0
1496793600,243.6,243.92,242.83,243.66,53896140.0
1496880000,243.77,244.33,243.17,243.78,65450200.0
1496966400,244.09,245.01,241.95,243.41,132130500.0
1497225600,243.13,243.42,242.38,243.36,85851610.0
1497312000,243.98,244.61,243.5799,244.55,59719680.0
1497398400,244.86,244.87,243.29,244.24,78152710.0
1497484800,242.68,243.91,242.36,243.77,66366470.0
1497571200,242.77,242.83,241.6337,242.64,83932400.0
1497830400,243.59,244.73,243.48,244.66,64836890.0
1497916800,244.25,244.26,242.99,243.01,56516390.0
1498003200,243.42,243.59,242.41,242.95,55784180.0
1498089600,242.96,243.53,242.64,242.84,44068300.0
1498176000,242.91,243.51,242.47,243.13,66839890.0
1498435200,243.9,244.38,243.045,243.29,56556170.0
1498521600,243.04,243.38,241.31,241.33,82144080.0
1498608000,242.5,243.715,242.23,243.49,69904140.0
1498694400,243.66,243.72,239.955,241.35,106617800.0
1498780800,242.28,242.71,241.575,241.8,85199080.0
1499040000,242.88,243.38,242.21,242.21,39153810.0
1499212800,242.63,243.01,241.7,242.77,54252310.0
1499299200,241.89,242.03,240.34,240.55,65968410.0
1499385600,241.21,242.28,240.5645,242.11,57080980.0
1499644800,241.95,242.8,241.76,242.37,36531030.0
1499731200,242.16,242.55,240.85,242.19,50246650.0
1499817600,243.3,244.2,243.3,244.01,59173800.0
1499904000,244.02,244.55,243.76,244.42,39374380.0
1499990400,244.43,245.97,244.31,245.56,60218150.0
1500249600,245.47,245.91,245.33,245.53,33455300.0
1500336000,245.06,245.72,244.67,245.66,42462230.0
1500422400,246.02,247.0,246.01,246.99,50876400.0
1500508800,247.28,247.42,246.47,247.1,46994570.0
1500595200,246.44,246.91,246.18,246.88,88656800.0
1500854400,246.79,246.98,246.28,246.82,46497170.0
1500940800,247.68,247.8,247.16,247.42,54492150.0
1501027200,247.75,247.79,247.13,247.43,47318940.0
1501113600,247.96,248.0,245.68,247.2,70410610.0
1501200000,246.65,247.06,246.13,246.91,50018870.0
1501459200,247.37,247.48,246.53,246.77,65446360.0
1501545600,247.46,247.5,246.716,247.32,54942570.0
1501632000,247.47,247.6,246.37,247.44,46641310.0
1501718400,247.31,247.34,246.64,246.96,40725660.0
1501804800,247.52,247.79,246.97,247.41,60164150.0
1502064000,247.49,247.87,247.37,247.87,31853630.0
1502150400,247.51,248.91,246.83,247.26,61437080.0
1502236800,246.47,247.31,246.06,247.25,62302650.0
1502323200,246.29,246.44,243.7,243.76,119874200.0
1502409600,244.02,244.8,243.75,244.12,74719460.0
1502668800,245.59,246.79,245.55,246.54,73068140.0
1502755200,246.98,247.0,246.16,246.51,55046030.0
1502841600,247.11,247.57,246.45,246.94,56456130.0
1502928000,246.24,246.6,243.09,243.09,127904900.0
1503014400,242.9,244.189,242.2,242.71,136647500.0
1503273600,242.64,243.2,241.83,242.9,65355480.0
1503360000,243.57,245.62,243.55,245.44,62968970.0
1503446400,244.33,245.05,244.16,244.56,49991840.0
1503532800,245.0,245.18,243.75,243.99,50537170.0
1503619200,244.9,245.61,244.39,244.56,63764770.0
1503878400,245.17,245.2,244.09,244.57,38914700.0
1503964800,243.06,245.15,242.93,244.85,50873040.0
1504051200,244.83,246.32,244.62,246.01,61742150.0
1504137600,246.72,247.77,246.0473,247.49,102987700.0
1504224000,247.92,248.33,247.67,247.84,61928670.0
1504569600,247.26,247.52,244.95,246.06,90176820.0
1504656000,246.84,247.28,246.23,246.9,57577360.0
1504742400,247.25,247.27,246.4,246.87,57769340.0
1504828800,246.54,247.11,246.3,246.58,63733100.0
1505088000,248.04,249.3,248.02,249.21,71248670.0
1505174400,249.63,250.09,249.42,250.05,56617170.0
1505260800,249.72,250.21,249.59,250.17,58999620.0
1505347200,249.8,250.32,249.6,250.09,94415520.0
1505433600,248.69,249.29,248.57,249.19,94195140.0
1505692800,249.61,250.12,249.28,249.72,46389770.0
1505779200,250.0,250.07,249.6,249.97,46977870.0
1505865600,250.07,250.19,248.92,250.06,59451260.0
1505952000,249.88,249.98,249.185,249.39,48070470.0
1506038400,249.05,249.63,249.02,249.44,51187270.0
1506297600,249.15,249.5532,248.08,248.93,56897290.0
1506384000,249.42,249.7,248.805,249.08,54025690.0
1506470400,249.88,250.49,248.87,250.05,80720860.0
1506556800,249.73,250.44,249.63,250.35,44658490.0
1506643200,250.34,251.32,250.13,251.23,85201140.0
1506902400,251.49,252.32,251.2926,252.32,58696810.0
1506988800,252.46,252.89,252.23,252.86,66628100.0
1507075200,252.69,253.44,252.56,253.16,55799300.0
1507161600,253.54,254.68,253.196,254.66,63350340.0
1507248000,254.15,254.7008,253.85,254.37,80525280.0
1507507200,254.63,254.7,253.65,253.95,35697230.0
1507593600,254.6,255.05,253.98,254.62,42854370.0
1507680000,254.51,255.02,254.32,255.02,47496390.0
1507766400,254.66,255.06,254.365,254.64,46825470.0
1507852800,255.14,255.27,254.64,254.95,55027240.0
1508112000,255.21,255.51,254.82,255.29,38097990.0
1508198400,255.23,255.52,254.98,255.47,31446710.0
1508284800,255.9,255.95,255.5,255.72,40613860.0
1508371200,254.83,255.83,254.35,255.79,61697310.0
1508457600,256.7,257.14,255.7744,257.11,89064780.0
1508716800,257.48,257.51,256.02,256.11,63838430.0
1508803200,256.6,256.83,256.15,256.56,65036180.0
1508889600,256.18,256.31,254.0,255.29,103485100.0
1508976000,255.99,256.3,255.48,255.62,69643520.0
1509062400,256.47,257.89,255.6254,257.71,85252510.0
1509321600,257.07,257.6,256.41,256.75,54223350.0
1509408000,257.18,257.44,256.805,257.15,59193910.0
1509494400,258.04,258.43,257.07,257.49,54104920.0
1509580800,257.41,257.75,256.19,257.59,56264600.0
1509667200,257.77,258.5,257.3,258.45,59484150.0
1509926400,258.3,259.0,258.22,258.85,49529150.0
1510012800,258.97,259.35,258.09,258.67,57178400.0
1510099200,258.47,259.22,258.15,259.11,50277640.0
1510185600,257.73,258.39,256.36,258.17,94490930.0
1510272000,257.73,258.2926,257.37,258.09,59830970.0
1510531200,257.31,258.59,257.27,258.33,50040800.0
1510617600,257.41,257.85,256.52,257.73,61082090.0
1510704000,256.62,257.22,255.63,256.44,80248990.0
1510790400,257.52,259.04,257.4748,258.62,67487850.0
1510876800,258.22,258.5882,257.77,257.86,75679800.0
1511136000,258.14,258.525,257.86,258.3,47835520.0
1511222400,259.18,260.2,258.2627,259.99,68920380.0
1511308800,260.0,260.15,259.57,259.76,44890370.0
1511481600,260.32,260.48,260.16,260.36,27856510.0
1511740800,260.41,260.75,260.0,260.23,52070370.0
1511827200,260.76,262.9,260.655,262.87,98662580.0
1511913600,263.02,263.63,262.2,262.71,77179920.0
1512000000,263.76,266.05,263.67,265.01,126401000.0
1512086400,264.76,265.31,260.76,264.46,163874800.0
1512345600,266.31,266.8,264.08,264.14,93827280.0
1512432000,264.43,265.15,263.04,263.19,77839930.0
1512518400,262.87,263.73,262.71,263.24,75513050.0
1512604800,263.09,264.43,262.94,264.07,76832360.0
1512691200,264.99,265.52,264.0315,265.51,76301480.0
1512950400,265.58,266.38,265.4793,266.31,82848590.0
1513036800,266.57,267.32,266.345,266.78,84494560.0
1513123200,267.06,267.56,266.65,266.75,102819600.0
1513209600,267.09,267.22,265.6,265.66,99647210.0
1513296000,265.45,267.04,265.39,266.51,142356000.0
1513555200,268.1,268.6,267.98,268.2,83360810.0
1513641600,268.48,268.53,267.09,267.17,78001550.0
1513728000,268.27,268.33,266.69,267.03,76604710.0
1513814400,267.74,268.385,267.3,267.58,65925710.0
1513900800,267.6,267.635,266.9,267.51,78657310.0
1514246400,267.05,267.4377,266.885,267.19,45106430.0
1514332800,267.38,267.73,267.01,267.32,57677280.0
1514419200,267.89,267.92,267.45,267.87,44797000.0
1514505600,268.53,268.55,266.64,266.86,95651160.0
1514851200,267.84,268.81,267.4,268.77,86408820.0
1514937600,268.96,270.64,268.96,270.47,89133670.0
1515024000,271.2,272.16,270.5447,271.61,80455860.0
1515110400,272.51,273.56,271.95,273.42,82724160.0
1515369600,273.31,274.1,272.98,273.92,57116850.0
1515456000,274.4,275.25,274.081,274.54,57114650.0
1515542400,273.68,274.42,272.92,274.12,69394220.0
1515628800,274.75,276.12,274.56,276.12,62236650.0
1515715200,276.42,278.11,276.0819,277.92,90463870.0
1516060800,279.35,280.09,276.18,276.97,106269200.0
1516147200,278.03,280.05,276.97,279.61,112844200.0
1516233600,279.48,279.96,278.58,279.14,100397600.0
1516320000,279.8,280.41,279.14,280.41,141303100.0
1516579200,280.17,282.69,280.11,282.69,91146870.0
1516665600,282.74,283.62,282.37,283.29,96892090.0
1516752000,284.02,284.7,281.84,283.18,134617200.0
1516838400,284.16,284.27,282.405,283.3,84342320.0
1516924800,284.25,286.6285,283.96,286.58,107598800.0
1517184000,285.93,286.43,284.5,284.68,89891820.0
1517270400,282.6,284.736,281.22,281.76,131479000.0
1517356800,282.73,283.3,280.68,281.9,118655600.0
1517443200,281.07,283.06,280.68,281.58,89757330.0
1517529600,280.08,280.23,275.41,275.45,172897100.0
1517788800,273.45,275.85,263.31,263.93,292453400.0
1517875200,259.94,269.7,258.7,269.13,353681700.0
1517961600,268.5,272.36,267.58,267.67,166678000.0
1518048000,268.01,268.17,257.59,257.63,244841900.0
1518134400,260.8,263.61,252.92,261.5,283273100.0
1518393600,263.83,267.01,261.6644,265.34,140752800.0
1518480000,263.97,266.62,263.31,266.0,81055770.0
1518566400,264.31,270.0,264.3,269.59,120406400.0
1518652800,271.57,273.04,268.77,273.03,110226800.0
1518739200,272.32,275.32,272.27,273.11,160341500.0
1519084800,272.03,273.67,270.5,271.4,85431860.0
1519171200,271.9,274.72,269.94,270.05,97671020.0
1519257600,271.1,273.05,269.64,270.4,108484800.0
1519344000,271.79,274.71,271.25,274.71,92045650.0
1519603200,275.93,278.01,275.26,277.9,85166420.0
1519689600,278.11,278.92,274.36,274.43,98302760.0
1519776000,275.68,276.19,271.29,271.65,121488400.0
1519862400,271.41,273.17,266.0,267.7,176457600.0
1519948800,265.8,269.72,264.82,269.08,138968000.0
1520208000,267.73,272.89,267.61,272.19,96744650.0
1520294400,273.3,273.39,271.18,272.88,75247670.0
1520380800,270.42,273.18,270.2,272.78,86910350.0
1520467200,273.55,274.24,272.42,274.1,66585910.0
1520553600,275.7,278.87,275.34,278.87,113447100.0
1520812800,279.2,279.91,278.0801,278.52,71759540.0
1520899200,279.84,280.41,276.03,276.72,89639370.0
1520985600,277.81,278.02,274.67,275.3,105737200.0
1521072000,275.88,276.61,274.43,275.0,80722410.0
1521158400,274.5,275.39,274.14,274.2,99805450.0
1521417600,273.35,274.3957,268.62,270.49,108516000.0
1521504000,270.94,271.67,270.18,270.95,59438810.0
1521590400,270.9,273.27,270.19,270.43,78515750.0
1521676800,267.91,268.87,263.36,263.67,147715200.0
1521763200,264.17,265.02,257.83,258.05,183290800.0
1522022400,262.13,265.43,259.41,265.11,141055300.0
1522108800,266.17,266.77,258.84,260.6,129121800.0
1522195200,260.75,262.64,258.58,259.83,146259600.0
1522281600,261.12,265.26,259.8389,263.15,123918900.0
1522627200,262.55,263.13,254.67,257.47,185059000.0
1522713600,258.87,261.31,256.84,260.77,119649600.0
1522800000,256.75,264.355,256.6,263.56,123488600.0
1522886400,265.55,266.64,264.32,265.64,80939550.0
1522972800,263.42,265.11,258.0,259.72,179290700.0
1523232000,261.37,264.84,259.9356,261.0,104953500.0
1523318400,264.27,266.04,262.98,265.15,105267300.0
1523404800,263.47,265.64,263.39,263.76,91002710.0
1523491200,265.26,267.0,265.06,265.93,68430410.0
1523577600,267.41,267.54,264.01,265.15,84883690.0
1523836800,267.0,268.2,266.07,267.33,62762920.0
1523923200,269.33,270.87,268.75,270.19,64011070.0
1524009600,270.69,271.3,269.87,270.39,57073780.0
1524096000,269.65,269.88,267.72,268.89,77570630.0
1524182400,268.81,269.06,265.61,266.61,99469420.0
1524441600,267.26,267.89,265.35,266.57,65463180.0
1524528000,267.73,267.9762,261.28,262.98,112734000.0
1524614400,262.91,264.13,260.85,263.63,103238300.0
1524700800,264.79,267.2452,264.29,266.31,67441210.0
1524787200,267.0,267.34,265.5,266.56,57021920.0
1525046400,267.26,267.89,264.43,264.51,80475460.0
1525132800,263.87,265.1,262.11,264.98,75986700.0
1525219200,264.76,265.68,262.76,263.2,85501550.0
1525305600,262.26,263.36,259.05,262.62,136144700.0
1525392000,261.52,266.7892,261.15,266.02,91154240.0
1525651200,266.89,268.02,266.11,266.92,55054350.0
1525737600,266.5,267.325,265.15,266.92,67338050.0
1525824000,267.68,269.865,267.09,269.5,59538590.0
1525910400,270.34,272.39,270.22,272.02,70764000.0
1525996800,272.16,273.15,271.58,272.85,59725680.0
1526256000,273.34,274.08,272.36,272.98,54702570.0
1526342400,271.59,271.61,270.03,271.1,86876380.0
1526428800,271.14,272.76,271.11,272.24,53759700.0
1526515200,271.94,273.23,271.13,272.01,56371150.0
1526601600,271.62,272.03,270.93,271.33,64174990.0
1526860800,273.01,273.98,271.3512,273.37,57738110.0
1526947200,273.96,274.25,272.24,272.61,52880880.0
1527033600,271.17,273.39,270.99,273.36,64605540.0
1527120000,272.91,273.22,270.78,272.8,75966080.0
1527206400,272.15,272.86,271.58,272.15,56329040.0
1527552000,270.31,271.17,267.76,269.02,115692100.0
1527638400,270.5,273.11,270.42,272.61,69396900.0
1527724800,272.15,272.49,270.255,270.94,93426970.0
1527811200,272.41,273.94,272.33,273.6,71088010.0
1528070400,274.53,275.185,274.26,274.9,45188240.0
1528156800,275.05,275.53,274.18,275.1,50988090.0
1528243200,275.79,277.52,275.09,277.4,62498610.0
1528329600,277.95,278.28,276.34,277.37,72882070.0
1528416000,276.85,278.25,276.66,278.19,71981550.0
1528675200,278.44,279.37,278.31,278.56,58757260.0
1528761600,279.03,279.33,278.19,278.92,72240090.0
1528848000,279.19,279.48,277.8,278.03,78889800.0
1528934400,279.01,279.33,278.0599,278.73,76394330.0
1529020800,276.6,277.51,275.35,277.13,119448800.0
1529280000,275.49,276.7,274.95,276.56,52549580.0
1529366400,274.0,275.75,273.53,275.5,97395160.0
1529452800,276.27,276.72,275.59,275.97,53652060.0
1529539200,275.96,275.98,273.68,274.24,70864990.0
1529625600,275.66,275.785,274.49,274.74,56516380.0
1529884800,273.44,273.6162,269.1,271.0,137668700.0
1529971200,271.64,272.56,270.79,271.6,68525150.0
1530057600,272.26,273.865,269.18,269.35,104838900.0
1530144000,269.29,271.75,268.49,270.89,76511740.0
1530230400,272.12,273.66,271.1495,271.28,97444490.0
1530489600,269.51,272.04,269.24,271.86,63370550.0
1530576000,272.87,272.98,270.42,270.9,42187070.0
1530748800,272.17,273.18,270.96,273.11,56621680.0
1530835200,273.14,275.84,272.715,275.42,66414600.0
1531094400,276.55,277.96,276.5,277.9,49652160.0
1531180800,278.41,279.01,278.08,278.9,51162450.0
1531267200,277.15,278.04,276.52,276.86,76905490.0
1531353600,278.28,279.43,277.6,279.37,59986150.0
1531440000,279.17,279.93,278.66,279.59,48211510.0
1531699200,279.64,279.803,278.84,279.34,48070320.0
1531785600,278.47,280.91,278.41,280.47,52171530.0
1531872000,280.56,281.18,280.06,281.06,44475860.0
1531958400,280.31,280.74,279.46,280.0,61337540.0
1532044800,279.77,280.48,279.5,279.68,83120620.0
1532304000,279.45,280.43,279.06,280.2,46971110.0
1532390400,281.79,282.56,280.63,281.61,67830670.0
1532476800,281.33,284.37,281.28,284.01,78136310.0
1532563200,283.2,284.11,283.09,283.34,57764990.0
1532649600,283.71,283.82,280.38,281.42,76745550.0
1532908800,281.51,281.69,279.36,279.95,63129490.0
1532995200,280.81,282.02,280.38,281.33,68048690.0
1533081600,281.56,282.13,280.1315,280.86,53750270.0
1533168000,279.39,282.58,279.16,282.39,63362570.0
1533254400,282.53,283.6577,282.33,283.6,53903840.0
1533513600,283.64,284.99,283.2015,284.64,39089820.0
1533600000,285.39,286.01,285.24,285.58,43055550.0
1533686400,285.39,285.91,284.94,285.46,41980470.0
1533772800,285.53,285.97,284.915,285.07,35577000.0
1533859200,283.45,284.055,282.36,283.16,76861430.0
1534118400,283.47,284.16,281.77,282.1,65603520.0
1534204800,282.92,284.17,282.4833,283.9,43699800.0
1534291200,282.38,282.54,280.16,281.78,102770900.0
1534377600,283.4,285.04,283.36,284.06,69735140.0
1534464000,283.83,285.5601,283.37,285.06,65486180.0
1534723200,285.57,285.97,285.06,285.67,39617170.0
1534809600,286.25,287.31,285.7135,286.34,66735600.0
1534896000,285.88,286.76,285.575,286.17,44860080.0
1534982400,285.97,286.94,285.43,285.79,49159070.0
1535068800,286.44,287.67,286.38,287.51,57455140.0
1535328000,288.86,289.9,288.68,289.78,56960210.0
1535414400,290.3,290.4175,289.4,289.92,46825850.0
1535500800,290.16,291.74,289.8854,291.48,61428440.0
1535587200,290.94,291.36,289.63,290.3,61132280.0
1535673600,289.84,290.81,289.29,290.31,65239910.0
1536019200,289.84,290.21,288.68,289.81,57127320.0
1536105600,289.41,289.64,287.89,289.03,71962480.0
1536192000,289.15,289.49,287.0,288.16,65822170.0
1536278400,286.98,288.7,286.71,287.6,72113310.0
1536537600,288.74,289.04,287.88,288.1,49916740.0
1536624000,287.37,289.55,286.975,289.05,50392160.0
1536710400,289.06,289.8,288.23,289.12,59732730.0
1536796800,290.32,291.0384,289.995,290.83,50918630.0
1536883200,291.06,291.27,290.0,290.88,54931910.0
1537142400,290.82,290.86,289.03,289.34,67988580.0
1537228800,289.58,291.58,289.55,290.91,61839370.0
1537315200,290.97,291.69,290.825,291.22,48973100.0
1537401600,292.64,293.94,291.2363,293.58,100066700.0
1537488000,293.09,293.22,291.81,291.99,105393700.0
1537747200,291.34,291.5,290.37,291.02,53235550.0
1537833600,291.53,291.65,290.4833,290.75,44311990.0
1537920000,290.91,292.24,289.41,289.88,79534430.0
1538006400,290.41,291.91,290.1,290.69,59169340.0
1538092800,289.99,291.28,289.95,290.72,70041610.0
1538352000,292.11,292.93,290.98,291.73,61989950.0
1538438400,291.56,292.355,291.14,291.56,47142170.0
1538524800,292.74,293.21,291.32,291.72,64562270.0
1538611200,291.18,291.24,287.66,289.44,111364900.0
1538697600,289.69,290.27,286.22,287.82,105802000.0
1538956800,287.05,288.22,285.5,287.82,87632150.0
1539043200,287.39,288.86,286.77,287.4,74119800.0
1539129600,286.83,286.91,277.88,278.3,211986800.0
1539216000,277.08,278.9,270.36,272.17,272817700.0
1539302400,276.77,277.09,272.37,275.95,182875500.0
1539561600,275.55,277.04,274.3,274.4,101950500.0
1539648000,276.6,280.82,276.07,280.4,118066700.0
1539734400,280.44,281.15,277.56,280.45,110264900.0
1539820800,279.4,280.07,274.97,276.4,134193100.0
1539907200,277.13,279.3,275.47,276.25,139420600.0
1540166400,277.0,277.36,274.41,275.01,82135740.0
1540252800,270.95,274.87,268.61,273.61,145303800.0
1540339200,273.33,273.76,264.7,265.32,175529100.0
1540425600,267.38,271.81,266.23,270.08,137407500.0
1540512000,265.92,271.0,262.29,265.33,201334300.0
1540771200,268.8,270.25,259.85,263.86,159000800.0
1540857600,263.67,268.12,263.12,267.77,156591000.0
1540944000,270.65,273.23,270.12,270.63,127608600.0
1541030400,271.6,273.73,270.38,273.51,98741380.0
1541116800,274.75,275.23,269.59,271.89,122439600.0
1541376000,272.44,274.01,271.35,273.39,65439740.0
1541462400,273.32,275.3,273.25,275.12,58983590.0
1541548800,277.56,281.1,277.08,281.01,102473700.0
1541635200,280.11,281.22,279.22,280.5,65315460.0
1541721600,279.03,279.24,276.18,277.76,98751520.0
1541980800,277.19,277.46,271.99,272.57,99129960.0
1542067200,273.09,275.325,271.25,272.06,97769120.0
1542153600,274.16,274.61,268.45,270.2,124389400.0
1542240000,268.78,273.54,267.0102,273.02,134732600.0
1542326400,271.79,274.75,271.21,273.73,126601900.0
1542585600,273.05,273.38,268.07,269.1,102555300.0
1542672000,265.36,267.0,263.15,264.12,135506200.0
1542758400,265.86,267.15,265.01,265.02,73868530.0
1542931200,263.18,264.8234,263.07,263.25,42807880.0
1543190400,265.78,267.75,265.34,267.5,79705470.0
1543276800,266.34,268.4,265.66,268.4,75273810.0
1543363200,269.6,274.58,268.3272,274.58,127124600.0
1543449600,273.71,275.55,272.43,273.98,81616860.0
1543536000,273.81,276.28,273.45,275.65,95107720.0
1543795200,280.28,280.4,277.505,279.3,102782300.0
1543881600,278.37,278.85,269.9,270.25,176092500.0
1544054400,265.92,269.97,262.44,269.84,203716500.0
1544140800,269.46,271.22,262.63,263.57,160872400.0
1544400000,263.37,265.1613,258.62,264.07,151022400.0
1544486400,267.66,267.87,262.48,264.13,120632500.0
1544572800,267.47,269.0,265.37,265.46,97670090.0
1544659200,266.52,267.49,264.12,265.37,96168730.0
1544745600,262.96,264.03,259.85,260.47,116727700.0
1545004800,259.4,260.65,253.525,255.36,165088800.0
1545091200,257.2,257.95,253.28,255.08,133073600.0
1545177600,255.17,259.4,249.35,251.26,214312900.0
1545264000,249.86,251.62,244.65,247.17,247438000.0
1545350400,246.74,249.71,239.98,240.7,252779300.0
1545609600,239.04,240.8355,234.27,234.34,147311600.0
1545782400,235.97,246.18,233.76,246.18,217567600.0
1545868800,242.57,248.29,238.96,248.07,184664900.0
1545955200,249.58,251.4,246.45,247.75,152931300.0
1546214400,249.56,250.19,247.47,249.92,143399900.0
1546387200,245.98,251.21,245.95,250.18,126041700.0
1546473600,248.23,248.57,243.67,244.21,142029300.0
1546560000,247.59,253.11,247.17,252.39,142444500.0
1546819200,252.69,255.95,251.69,254.38,102307400.0
1546905600,256.82,257.31,254.0,256.77,101804900.0
1546992000,257.56,258.91,256.19,257.97,94640560.0
1547078400,256.26,259.16,255.5,258.88,96462500.0
1547164800,257.68,259.0098,257.03,258.98,72812270.0
1547424000,256.86,258.3,256.41,257.4,69913980.0
1547510400,257.82,260.7,257.81,260.35,84892580.0
1547596800,260.83,261.9666,260.6,260.98,77489420.0
1547683200,260.01,263.92,259.96,262.96,94873800.0
1547769600,264.98,266.98,262.998,266.46,124175900.0
1548115200,264.82,265.06,261.06,262.86,115253300.0
1548201600,264.01,264.79,260.66,263.41,84305190.0
1548288000,263.21,264.2,262.08,263.55,58643080.0
1548374400,265.61,266.7,263.6595,265.78,96838230.0
1548633600,263.39,263.83,261.79,263.76,85027280.0
1548720000,263.92,264.55,262.48,263.41,65024130.0
1548806400,265.1,268.52,264.25,267.58,92069900.0
1548892800,267.51,270.47,267.27,269.93,103347200.0
1548979200,270.15,271.2,269.18,270.06,85738850.0
1549238400,270.11,272.03,269.36,271.96,60610790.0
1549324800,272.44,273.44,271.88,273.1,79447070.0
1549411200,272.79,273.34,271.92,272.74,58009950.0
1549497600,270.94,271.55,268.29,270.14,95030290.0
1549584000,268.75,270.58,267.83,270.47,75742440.0
1549843200,271.2,271.49,270.03,270.62,67807910.0
1549929600,272.42,274.52,272.34,274.1,71990420.0
1550016000,275.03,275.93,274.56,274.99,64930780.0
1550102400,273.78,275.64,272.87,274.38,82409970.0
1550188800,276.36,277.41,276.13,277.37,96744830.0
1550534400,276.481,278.58,276.47,277.85,58802310.0
1550620800,277.81,278.92,277.25,278.41,76479570.0
1550707200,277.7,278.1,276.345,277.42,63984460.0
1550793600,278.11,279.36,277.4029,279.14,77132070.0
1551052800,280.73,281.31,279.43,279.52,68642630.0
1551139200,279.13,280.3,278.9,279.32,56491990.0
1551225600,278.52,279.59,277.48,279.2,56131350.0
1551312000,278.96,279.45,278.32,278.68,69048080.0
1551398400,280.44,280.88,278.82,280.42,77586110.0
1551657600,281.6,281.87,276.84,279.4,106181700.0
1551744000,279.54,279.76,278.41,279.02,58813100.0
1551830400,279.15,279.16,276.97,277.33,74824560.0
1551916800,276.83,276.99,274.07,275.01,94692650.0
1552003200,272.94,274.65,272.42,274.46,85634780.0
1552262400,275.26,278.62,275.23,278.44,64752480.0
1552348800,279.06,280.07,278.85,279.49,79432230.0
1552435200,280.48,282.38,280.3,281.34,80111580.0
1552521600,281.37,281.84,280.6662,281.16,67354180.0
1552608000,280.54,282.21,280.33,281.31,80558110.0
1552867200,281.55,282.66,281.3,282.33,61813150.0
1552953600,283.51,284.36,281.41,282.4,90060530.0
1553040000,282.16,283.5,280.32,281.55,84349430.0
1553126400,280.64,285.18,280.59,284.73,79394020.0
1553212800,283.22,283.8034,279.18,279.25,122400900.0
1553472000,278.87,280.1853,277.64,279.04,84898680.0
1553558400,280.99,282.18,279.56,281.12,67884060.0
1553644800,281.11,281.76,277.93,279.65,72092750.0
1553731200,280.35,281.21,279.07,280.71,55987830.0
1553817600,282.39,282.84,281.14,282.48,81882480.0
1554076800,284.7,286.16,284.4,285.83,77289510.0
1554163200,286.04,286.23,285.09,285.97,39939210.0
1554249600,287.32,287.76,285.75,286.42,68027480.0
1554336000,286.78,287.459,286.01,287.18,48868830.0
1554422400,287.92,288.63,287.6,288.57,58454610.0
1554681600,288.1,288.91,287.37,288.79,53462150.0
1554768000,287.72,288.08,286.7,287.31,66072820.0
1554854400,287.77,288.3899,287.31,288.29,52463390.0
1554940800,288.83,288.84,287.578,288.21,54940520.0
1555027200,290.0,290.47,288.261,290.16,69638530.0
1555286400,290.24,290.35,289.075,289.97,49795630.0
1555372800,290.95,291.01,289.5,290.16,52066270.0
1555459200,291.4,291.425,288.99,289.45,58028490.0
1555545600,290.1,290.32,288.66,290.02,68662280.0
1555891200,289.17,290.435,289.07,290.27,39992680.0
1555977600,290.68,293.14,290.42,292.88,52136160.0
1556064000,292.79,293.16,292.07,292.23,49470960.0
1556150400,292.12,292.78,290.73,292.05,57578550.0
1556236800,292.1,293.49,291.2401,293.41,50868100.0
1556496000,293.51,294.45,293.41,293.87,57043380.0
1556582400,293.49,294.34,291.92,294.02,78594690.0
1556668800,294.72,294.95,291.8,291.81,71671870.0
1556755200,291.68,292.7,289.52,291.18,65030170.0
1556841600,292.82,294.34,291.2998,294.03,56543650.0
1557100800,289.25,293.31,288.9,292.82,107198100.0
1557187200,290.15,290.81,285.81,287.93,144729900.0
1557273600,287.53,289.43,286.87,287.53,91568290.0
1557360000,285.23,287.33,283.3,286.66,103471100.0
1557446400,285.62,288.94,282.3,288.1,112429300.0
1557705600,282.42,283.49,279.93,280.86,127290500.0
1557792000,281.99,285.1,281.85,283.4,77003230.0
1557878400,281.59,285.77,281.36,285.06,73956410.0
1557964800,285.84,289.21,285.76,287.7,76749640.0
1558051200,285.14,288.6,285.1207,285.84,100353000.0
1558310400,284.06,285.43,283.12,283.95,62877610.0
1558396800,285.83,286.93,285.55,286.51,46847090.0
1558483200,285.45,286.69,285.1,285.63,49482470.0
1558569600,283.16,283.21,280.57,282.14,98733850.0
1558656000,283.74,284.2,282.09,282.78,55268100.0
1559001600,283.09,284.15,280.13,280.15,70029360.0
1559088000,278.91,279.36,276.71,278.27,104972900.0
1559174400,279.11,280.04,277.805,279.03,62523780.0
1559260800,276.2,277.12,275.24,275.27,86862780.0
1559520000,275.31,276.5521,273.09,274.57,96427950.0
1559606400,277.12,280.68,276.62,280.53,77231890.0
1559692800,282.33,282.99,280.32,282.96,71169720.0
1559779200,283.29,285.55,282.57,284.8,69430380.0
1559865600,285.93,288.85,285.74,287.65,74272200.0
1560124800,289.37,290.82,288.8734,288.97,60799050.0
1560211200,290.99,291.4,288.1805,288.9,58641330.0
1560297600,288.64,289.26,287.815,288.39,47096310.0
1560384000,289.4,289.98,288.62,289.58,48945160.0
1560470400,289.26,289.93,288.41,289.26,52324720.0
1560729600,289.52,290.22,289.18,289.37,39205710.0
1560816000,291.39,293.57,290.99,292.4,85434820.0
1560902400,292.55,293.65,291.47,293.06,78674380.0
1560988800,296.04,296.3093,293.1255,295.86,116570000.0
1561075200,294.13,295.52,293.76,294.0,83309470.0
1561334400,294.23,294.58,293.47,293.64,47582730.0
1561420800,293.7,293.73,290.64,290.76,82028660.0
1561507200,291.75,292.31,290.345,290.47,51584900.0
1561593600,291.31,292.06,290.89,291.5,40355240.0
1561680000,292.58,293.55,292.01,293.0,59350930.0
1561939200,296.68,296.92,294.33,295.66,79107470.0
1562025600,295.61,296.49,294.68,296.43,61504540.0
1562112000,297.18,298.82,297.02,298.8,40898900.0
1562284800,297.44,298.64,296.01,298.46,51677330.0
1562544000,297.01,298.2579,296.22,296.82,45841770.0
1562630400,295.54,297.52,295.48,297.19,41101280.0
1562716800,298.37,299.66,297.78,298.61,58595560.0
1562803200,299.32,299.58,298.2,299.31,50889480.0
1562889600,299.85,300.73,299.51,300.65,40354410.0
1563148800,301.13,301.13,300.19,300.75,33910260.0
1563235200,300.65,300.88,299.44,299.71,40567960.0
1563321600,299.75,299.93,297.74,297.74,44102440.0
1563408000,297.19,299.25,296.7,298.83,51701690.0
1563494400,300.04,300.07,296.96,297.17,71081240.0
1563753600,297.61,298.5,297.04,297.9,43687400.0
1563840000,299.14,300.03,298.22,300.03,44657970.0
1563926400,299.19,301.44,299.09,301.44,47213230.0
1564012800,300.94,301.0,299.11,300.0,55394090.0
1564099200,300.76,302.23,300.62,302.01,45084080.0
1564358400,301.88,301.93,300.85,301.46,38126460.0
1564444800,299.91,301.17,299.49,300.72,45849050.0
1564531200,300.99,301.2,295.2,297.43,104245200.0
1564617600,297.6,300.87,293.96,294.84,142646600.0
1564704000,293.85,294.12,290.9,292.62,116749700.0
1564963200,288.09,288.21,281.72,283.82,178745400.0
1565049600,285.91,288.04,284.28,287.8,120711700.0
1565136000,284.4,288.82,282.04,287.97,140572300.0
1565222400,289.62,293.62,289.01,293.62,87713900.0
1565308800,292.58,293.24,289.65,291.62,93729960.0
1565568000,289.96,291.6052,287.02,288.07,65527630.0
1565654400,287.74,294.15,287.36,292.55,94792970.0
1565740800,288.07,292.4644,283.76,283.9,135622100.0
1565827200,284.88,285.64,282.39,284.65,101929800.0
1565913600,286.48,289.33,284.7138,288.85,85825290.0
1566172800,292.19,293.08,291.44,292.33,53640150.0
1566259200,291.77,292.36,289.95,290.09,51652750.0
1566345600,292.48,292.86,291.72,292.45,49723430.0
1566432000,293.23,293.93,290.4,292.36,51739290.0
1566518400,290.92,292.76,283.47,284.85,149318200.0
1566777600,287.27,288.0,285.58,288.0,72620600.0
1566864000,289.54,289.95,286.03,286.87,68263000.0
1566950400,286.14,289.07,285.25,288.89,59852320.0
1567036800,291.72,293.16,290.61,292.58,57998910.0
1567123200,294.22,294.2399,291.42,292.45,62961780.0
1567468800,290.57,291.58,289.27,290.74,69231880.0
1567555200,293.14,294.055,292.31,294.04,47003960.0
1567641600,296.79,298.83,294.001,297.82,83356780.0
1567728000,298.17,298.76,297.42,298.05,49584290.0
1567987200,299.14,299.24,297.16,298.2,51260290.0
1568073600,297.36,298.2,295.97,298.13,57947100.0
1568160000,298.47,300.34,297.75,300.25,68821070.0
1568246400,301.25,302.46,300.41,301.29,72908750.0
1568332800,301.78,302.17,300.68,301.09,62104840.0
1568592000,299.84,301.1378,299.45,300.16,58191180.0
1568678400,299.94,301.02,299.75,300.92,42904430.0
1568764800,300.49,301.22,298.24,301.1,74192090.0
1568851200,301.53,302.63,300.7103,301.08,78099220.0
1568937600,300.36,300.67,297.41,298.28,97455980.0
1569196800,297.55,299.0,297.27,298.21,47541320.0
1569283200,299.41,299.84,294.81,295.87,97367570.0
1569369600,295.96,298.11,294.33,297.62,73434080.0
1569456000,297.63,297.86,295.45,297.0,58722360.0
1569542400,297.83,297.9465,293.69,295.4,84781110.0
1569801600,295.97,297.55,295.92,296.77,52562760.0
1569888000,297.74,298.455,293.0,293.24,89900420.0
1569974400,291.5,291.51,286.64,288.06,124524000.0
1570060800,287.81,290.45,284.82,290.42,85906800.0
1570147200,291.14,294.63,290.82,294.35,66700680.0
1570406400,293.47,295.26,292.77,293.08,60656560.0
1570492800,291.04,291.85,288.49,288.53,101575500.0
1570579200,290.75,292.3,288.6559,291.27,65707330.0
1570665600,291.18,294.21,291.0,293.24,57255970.0
1570752000,296.27,298.74,296.1448,296.28,101228600.0
1571011200,295.93,296.67,295.57,295.95,40546670.0
1571097600,297.1,299.7,296.97,298.88,47832360.0
1571184000,298.37,299.16,297.92,298.4,50563600.0
1571270400,299.68,300.24,298.515,299.28,46784890.0
1571356800,298.69,299.395,296.99,297.97,64338030.0
1571616000,299.42,300.21,298.935,299.99,39460900.0
1571702400,300.58,300.9,298.91,299.01,49126040.0
1571788800,298.73,299.94,298.495,299.88,34991830.0
1571875200,300.91,301.07,299.4601,300.37,35857460.0
1571961600,299.74,302.2,299.6806,301.6,45205410.0
1572220800,302.94,303.85,302.91,303.3,42146970.0
1572307200,303.0,304.23,302.86,303.21,44284920.0
1572393600,303.43,304.55,301.99,304.14,49643930.0
1572480000,304.13,304.13,301.73,303.33,69053790.0
1572566400,304.92,306.19,304.74,306.14,71141520.0
1572825600,307.85,308.0,306.96,307.37,60606920.0
1572912000,307.59,307.9195,306.71,307.03,42933220.0
1572998400,307.03,307.4,306.06,307.1,46487110.0
1573084800,308.57,309.65,307.66,308.18,54272270.0
1573171200,307.8,309.0036,307.03,308.94,49068800.0
1573430400,307.42,308.54,307.27,308.35,35934910.0
1573516800,308.75,309.99,308.15,309.0,46484620.0
1573603200,307.91,309.54,307.66,309.1,54459020.0
1573689600,308.79,309.64,308.09,309.55,52001870.0
1573776000,311.02,311.84,310.26,311.79,62706190.0
1574035200,311.53,312.28,311.03,312.02,49327980.0
1574121600,312.68,312.69,311.22,311.93,67927820.0
1574208000,311.28,311.85,309.06,310.77,79696280.0
1574294400,310.89,311.01,309.39,310.27,54664690.0
1574380800,311.09,311.24,309.85,310.96,44850230.0
1574640000,311.98,313.37,311.98,313.37,48762680.0
1574726400,313.41,314.28,313.06,314.08,37727950.0
1574812800,314.61,315.48,314.37,315.48,44793180.0
1574985600,314.86,315.13,314.06,314.31,36592740.0
1575244800,314.59,314.66,311.17,311.64,76110030.0
1575331200,308.65,309.64,307.13,309.55,75172710.0
1575417600,310.7,312.12,310.32,311.46,49190400.0
1575504000,312.23,312.25,310.58,312.02,40781670.0
1575590400,314.12,315.31,314.11,314.87,48956770.0
1575849600,314.44,315.18,313.8,313.88,34904320.0
1575936000,313.82,314.55,312.81,313.53,53107130.0
1576022400,314.03,314.7,313.4393,314.42,53521450.0
1576108800,314.43,317.99,314.17,317.13,96585800.0
1576195200,316.87,318.67,316.02,317.32,81546490.0
1576454400,319.22,320.15,317.2542,319.5,82836130.0
1576540800,319.92,320.25,319.48,319.57,61131770.0
1576627200,320.0,320.25,319.53,319.59,48199960.0
1576713600,319.8,320.98,319.5246,320.9,85388420.0
1576800000,320.46,321.9742,319.3873,320.73,149338200.0
1577059200,321.59,321.65,321.06,321.22,53015640.0
1577145600,321.47,321.52,320.9,321.23,20270010.0
1577318400,321.65,322.95,321.64,322.94,31024190.0
1577404800,323.74,323.8,322.28,322.86,42554820.0
1577664000,322.95,323.1,320.55,321.08,49782730.0
1577750400,320.53,322.13,320.15,321.86,57107000.0
1577923200,323.54,324.89,322.53,324.87,59253830.0
1578009600,321.16,323.64,321.1,322.41,77783120.0
1578268800,320.49,323.73,320.36,323.64,55761950.0
1578355200,323.02,323.54,322.24,322.73,42854810.0
1578441600,322.94,325.78,322.67,324.45,68434150.0
1578528000,326.16,326.73,325.52,326.65,48569600.0
1578614400,327.29,327.46,325.2,325.71,53057390.0
1578873600,326.39,327.96,325.92,327.95,47262010.0
1578960000,327.47,328.62,326.844,327.45,63036380.0
1579046400,327.35,329.02,327.26,328.19,72056600.0
1579132800,329.7,330.92,329.45,330.92,54050330.0
1579219200,331.7,332.18,330.8539,331.95,95846020.0
1579564800,330.9,332.18,330.82,331.3,77742420.0
1579651200,332.24,332.95,331.17,331.34,48914900.0
1579737600,330.63,332.1682,329.41,331.72,51962990.0
1579824000,332.44,332.53,327.36,328.77,87578440.0
1580083200,323.03,325.12,322.66,323.5,84062460.0
1580169600,325.06,327.85,323.6038,326.89,63833950.0
1580256000,328.38,328.63,326.4,326.62,54040890.0
1580342400,324.36,327.91,323.54,327.68,75491840.0
1580428800,327.0,327.17,320.73,321.73,113845600.0
1580688000,323.35,326.16,323.22,324.12,69242290.0
1580774400,328.07,330.01,327.72,329.06,62573190.0
1580860800,332.27,333.09,330.67,332.86,65951150.0
1580947200,333.91,334.19,332.8,333.98,50359690.0
1581033600,332.82,333.9941,331.6,332.2,64139440.0
1581292800,331.23,334.75,331.19,334.68,42070010.0
1581379200,336.16,337.02,334.684,335.26,54864530.0
1581465600,336.83,337.65,336.43,337.42,43992660.0
1581552000,335.862,338.12,335.56,337.06,54501920.0
1581638400,337.51,337.73,336.2,337.6,64582210.0
1581984000,336.51,337.6677,335.21,336.73,57342530.0
1582070400,337.79,339.08,337.48,338.34,48814690.0
1582156800,337.7423,338.64,333.6817,336.95,74163360.0
1582243200,335.47,335.81,332.58,333.48,113788200.0
1582502400,323.14,333.5623,321.24,322.42,161088400.0
1582588800,323.94,324.61,311.69,312.65,218913200.0
1582675200,314.18,318.11,310.7,311.5,194773800.0
1582761600,305.46,311.5637,297.51,297.51,284353500.0
1582848000,288.7,297.892,285.54,296.26,385764000.0
1583107200,298.21,309.16,294.46,309.09,238703600.0
1583193600,309.5,313.84,297.57,300.24,300139100.0
1583280000,306.12,313.1,303.33,312.86,176613400.0
1583366400,304.98,308.47,300.01,302.46,186366800.0
1583452800,293.15,298.78,290.23,297.46,228667200.0
1583712000,275.3,284.19,273.45,274.23,309417300.0
1583798400,284.64,288.52,273.5,288.42,276444100.0
1583884800,280.7,281.94,270.88,274.36,256416600.0
1583971200,256.0,266.66,247.68,248.11,392220700.0
1584057600,263.09,271.4754,248.5237,269.32,329566100.0
1584316800,241.18,256.9,237.36,239.85,297240000.0
1584403200,245.04,256.17,237.07,252.8,262070500.0
1584489600,236.25,248.37,228.02,240.0,327597100.0
1584576000,239.25,247.38,232.22,240.51,289322000.0
1584662400,242.53,244.47,228.5,228.8,347158800.0
1584921600,228.19,229.6833,218.26,222.95,326025200.0
1585008000,234.42,244.1,233.8,243.15,235494500.0
1585094400,244.87,256.35,239.75,246.79,299430300.0
1585180800,249.52,262.8,249.05,261.2,257632800.0
1585267200,253.27,260.81,251.05,253.42,224341200.0
1585526400,255.7,262.43,253.53,261.65,170961900.0
1585612800,260.56,263.33,256.22,257.75,194881100.0
1585699200,247.98,257.6591,243.9,246.15,189554600.0
1585785600,245.19,252.68,244.59,251.83,177660400.0
1585872000,250.76,253.32,245.22,248.19,135561200.0
1586131200,257.84,267.0,248.1698,264.86,188061200.0
1586217600,274.21,275.03,264.89,265.13,201427200.0
1586304000,267.96,276.0,265.2542,274.03,153774500.0
1586390400,277.58,281.2,275.47,278.2,190282700.0
1586736000,277.14,277.51,271.41,275.66,114839100.0
1586822400,280.98,284.9,275.5106,283.79,134143400.0
1586908800,277.57,283.9407,275.46,277.76,121775000.0
1586995200,279.15,280.03,275.76,279.1,131798300.0
1587081600,285.38,287.3,282.4,286.64,146684800.0
1587340800,282.61,286.7912,281.35,281.59,100109300.0
1587427200,276.73,278.04,272.02,273.04,126385700.0
1587513600,278.35,281.0,276.91,279.1,93524580.0
1587600000,280.49,283.94,278.75,279.08,104709700.0
1587686400,280.73,283.7,278.5,282.97,85165950.0
1587945600,285.12,288.27,284.62,287.05,77896610.0
1588032000,291.02,291.4,285.4,285.73,105270000.0
1588118400,291.53,294.88,290.41,293.21,118745600.0
1588204800,291.71,293.3239,288.59,290.48,122901700.0
1588291200,285.31,290.6572,281.52,282.79,125180000.0
1588550400,280.74,283.9,279.13,283.57,80873210.0
1588636800,286.64,289.25,283.7134,286.19,79569940.0
1588723200,288.04,288.46,283.78,284.25,73632630.0
1588809600,287.75,289.78,287.13,287.68,75250410.0
1588896000,291.09,292.95,289.86,292.44,76622130.0
1589155200,290.34,294.0,289.88,292.5,79514230.0
1589241600,293.79,294.24,286.52,286.67,95870790.0
1589328000,286.06,287.19,278.965,281.6,144721100.0
1589414400,278.95,285.11,272.99,284.97,121977900.0
1589500800,282.37,286.33,281.34,286.28,111146300.0
1589760000,293.05,296.75,292.7,295.0,120320200.0
1589846400,294.35,296.205,291.95,291.97,95189320.0
1589932800,295.82,297.87,295.57,296.93,85861690.0
1590019200,296.79,297.67,293.6886,294.88,78293930.0
1590105600,294.57,295.63,293.22,295.44,63958200.0
1590451200,301.93,302.19,295.4646,299.08,88951440.0
1590537600,302.12,303.57,296.87,303.53,104817400.0
1590624000,304.65,306.84,302.24,302.97,90767810.0
1590710400,302.46,304.96,299.47,304.32,119265700.0
1590969600,303.62,306.205,303.06,305.55,56779840.0
1591056000,306.55,308.13,305.1,308.08,74267160.0
1591142400,310.24,313.22,309.94,312.18,92567570.0
1591228800,311.11,313.0,309.08,311.36,75794360.0
1591315200,317.23,321.275,317.16,319.34,150524700.0
1591574400,320.22,323.41,319.63,323.2,73641220.0
1591660800,320.3,323.2849,319.36,320.79,77479230.0
1591747200,321.42,322.39,318.2209,319.0,95000770.0
1591833600,311.46,312.15,300.01,300.61,209243600.0
1591920000,308.24,309.08,298.6,304.21,194678900.0
1592179200,298.02,308.28,296.74,307.05,135782700.0
1592265600,315.48,315.64,307.67,312.96,137627500.0
1592352000,314.07,314.39,310.86,311.66,83398940.0
1592438400,310.005,312.3,309.51,311.78,80828660.0
1592524800,314.17,314.38,306.53,308.64,135549600.0
1592784000,307.99,311.05,306.75,310.62,74649390.0
1592870400,313.49,314.5,311.6101,312.05,68471250.0
1592956800,309.84,310.51,302.1,304.09,132813500.0
1593043200,303.47,307.64,301.28,307.35,89467970.0
1593129600,306.16,306.39,299.42,300.05,127961000.0
1593388800,301.41,304.61,298.93,304.46,79773260.0
1593475200,303.99,310.2,303.82,308.36,113394800.0
1593561600,309.57,311.89,309.07,310.52,72396540.0
1593648000,314.24,315.7,311.51,312.23,69344220.0
1593993600,316.37,317.68,315.56,317.05,61713830.0
1594080000,315.38,317.52,313.37,313.78,82909960.0
1594166400,314.61,316.3,312.7,316.18,54638600.0
1594252800,316.84,317.1,310.68,314.38,83354160.0
1594339200,314.31,317.88,312.76,317.59,57550370.0
1594598400,320.13,322.71,314.13,314.84,102997500.0
1594684800,313.3,319.76,312.0,318.92,93656950.0
1594771200,322.41,323.04,319.265,321.85,87196520.0
1594857600,319.79,321.28,319.09,320.79,54622520.0
1594944000,321.88,322.57,319.735,321.72,62774910.0
1595203200,321.43,325.13,320.62,324.32,56308850.0
1595289600,326.45,326.93,323.94,325.01,57498970.0
1595376000,324.62,327.2,324.5,326.86,57792920.0
1595462400,326.47,327.23,321.48,322.96,75737990.0
1595548800,320.95,321.99,319.246,320.88,73766600.0
1595808000,321.63,323.41,320.775,323.22,48292970.0
1595894400,322.43,323.64,320.85,321.17,57494980.0
1595980800,322.12,325.73,322.075,325.12,48454160.0
1596067200,321.9,324.41,319.64,323.96,61861710.0
1596153600,325.9,326.63,321.33,326.52,85210760.0
1596412800,328.32,329.62,327.73,328.79,53077950.0
1596499200,327.86,330.06,327.86,330.06,41917890.0
1596585600,331.47,332.39,331.18,332.11,42866350.0
1596672000,331.48,334.46,331.13,334.33,43679450.0
1596758400,333.28,334.88,332.3,334.57,57308270.0
1597017600,335.06,335.77,332.955,335.57,44282090.0
1597104000,336.85,337.54,332.01,332.8,69601090.0
1597190400,335.44,338.28,332.8377,337.44,53826130.0
1597276800,336.61,338.2514,335.83,336.83,41816150.0
1597363200,336.41,337.42,335.62,336.84,47260390.0
1597622400,337.94,338.34,336.8517,337.91,35480970.0
1597708800,338.34,339.1,336.61,338.64,38733910.0
1597795200,339.05,339.61,336.62,337.23,68054240.0
1597881600,335.36,338.8,335.22,338.28,42207830.0
1597968000,337.92,339.72,337.55,339.48,55106630.0
1598227200,342.12,343.0,339.4504,342.92,48588660.0
1598313600,343.53,344.21,342.27,344.12,38463380.0
1598400000,344.76,347.86,344.17,347.57,50790240.0
1598486400,348.51,349.9,346.53,348.33,58034140.0
1598572800,349.44,350.72,348.15,350.58,48588940.0
1598832000,350.35,351.3,349.06,349.31,66099180.0
1598918400,350.21,352.71,349.24,352.6,54999330.0
1599004800,354.67,358.75,353.43,357.7,69540040.0
1599091200,355.87,356.38,342.59,345.39,148011100.0
1599177600,346.13,347.83,334.87,342.57,139156300.0
1599523200,336.71,342.64,332.88,333.21,114465300.0
1599609600,337.55,342.46,336.61,339.79,91462290.0
1599696000,341.82,342.53,332.85,333.89,90569550.0
1599782400,335.82,336.97,331.0,334.06,84680190.0
1600041600,337.49,340.38,334.2208,338.46,65605690.0
1600128000,341.12,342.02,338.4683,340.17,52920860.0
1600214400,341.51,343.06,338.52,338.82,82211260.0
1600300800,333.56,337.6996,332.991,335.84,91523340.0
1600387200,335.37,335.49,327.97,330.65,105877900.0
1600646400,325.7,327.13,321.73,326.97,99450830.0
1600732800,328.57,330.9,325.86,330.3,63612110.0
1600819200,330.9,331.2,322.1,322.64,93112240.0
1600905600,321.22,326.797,319.8,323.5,76681330.0
1600992000,322.58,329.58,321.64,328.73,71069430.0
1601251200,333.22,334.96,332.15,334.19,64584610.0
1601337600,333.97,334.77,331.6209,332.37,51531590.0
1601424000,333.09,338.29,332.88,334.89,104081100.0
1601510400,337.69,338.74,335.01,337.04,88698750.0
1601596800,331.7,337.0126,331.19,333.84,89431110.0
1601856000,336.06,339.96,336.01,339.76,45713110.0
1601942400,339.91,342.17,334.38,334.93,90128880.0
1602028800,338.12,341.63,338.09,340.76,56999600.0
1602115200,342.85,343.85,341.86,343.78,45242480.0
1602201600,345.56,347.35,344.89,346.85,59528610.0
1602460800,349.59,354.02,349.06,352.43,80388530.0
1602547200,352.28,352.4651,349.09,350.13,73255510.0
1602633600,350.75,351.93,347.14,347.93,57958750.0
1602720000,343.71,348.02,343.13,347.5,60357660.0
1602806400,348.96,350.75,347.1,347.29,89501870.0
1603065600,348.65,349.33,341.04,342.01,68425610.0
1603152000,343.46,346.88,342.64,343.38,60051880.0
1603238400,343.33,348.6847,342.4,342.73,63574980.0
1603324800,342.96,345.24,340.65,344.61,55399290.0
1603411200,345.93,345.99,343.13,345.78,49143930.0
1603670400,342.13,342.98,335.62,339.39,91473000.0
1603756800,339.76,340.12,337.99,338.22,65994110.0
1603843200,332.1,338.2483,326.13,326.66,127094300.0
1603929600,326.91,333.395,325.09,329.98,90597690.0
1604016000,328.28,329.69,322.6,326.54,120448700.0
1604275200,330.2,332.36,327.24,330.2,86068300.0
1604361600,333.69,338.25,330.2935,336.03,93294190.0
1604448000,340.86,347.94,339.59,343.54,126959700.0
1604534400,349.24,352.19,348.86,350.24,82039750.0
1604620800,349.93,351.51,347.65,350.16,74972970.0
1604880000,363.97,364.38,354.06,354.56,172304200.0
1604966400,353.49,355.18,350.51,354.04,85552020.0
1605052800,356.4,357.56,355.06,356.67,58649050.0
1605139200,355.58,356.7182,351.26,353.21,68118560.0
1605225600,355.27,358.9,354.71,358.1,62959430.0
1605484800,360.98,362.78,359.59,362.57,74541140.0
1605571200,359.97,361.92,358.34,360.62,66111010.0
1605657600,360.91,361.5,356.24,356.28,70591300.0
1605744000,355.6,358.18,354.15,357.78,59940950.0
1605830400,357.5,357.72,355.25,355.33,70411890.0
1606089600,357.28,358.82,354.865,357.46,63230610.0
1606176000,360.21,363.81,359.29,363.22,62415880.0
1606262400,363.13,363.16,361.48,362.66,45330890.0
1606435200,363.84,364.18,362.58,363.67,28514070.0
1606694400,362.83,363.12,359.17,362.06,83872710.0
1606780800,365.57,367.68,364.93,366.02,74504970.0
1606867200,364.82,366.96,364.2,366.79,45927000.0
1606953600,366.68,368.19,365.5,366.69,62882000.0
1607040000,367.32,369.85,367.22,369.85,50749860.0
1607299200,369.02,369.62,367.72,369.09,48944270.0
1607385600,367.72,370.78,367.67,370.17,42458860.0
1607472000,370.88,371.05,365.95,366.85,74098310.0
1607558400,365.37,367.86,364.43,366.73,57735350.0
1607644800,364.9,366.7402,363.26,366.3,57698610.0
1607904000,368.64,369.8,364.47,364.66,69216170.0
1607990400,367.4,369.59,365.92,369.59,64071100.0
1608076800,369.82,371.16,368.8676,370.17,58420520.0
1608163200,371.94,372.46,371.05,372.24,64119470.0
1608249600,370.97,371.15,367.02,369.18,136542300.0
1608508800,364.97,378.46,362.03,367.86,96386750.0
1608595200,368.21,368.3317,366.03,367.24,48388460.0
1608681600,368.28,369.62,367.2172,367.57,46201400.0
1608768000,368.08,369.03,367.45,369.0,26457850.0
1609113600,371.74,372.59,371.07,372.17,39000400.0
1609200000,373.81,374.0,370.83,371.46,53680450.0
1609286400,372.34,373.1,371.57,371.99,49455260.0
1609372800,371.78,374.66,371.232,373.88,78520700.0
1609718400,375.31,375.45,364.82,368.79,110210800.0
1609804800,368.1,372.5,368.05,371.33,66426230.0
1609891200,369.71,376.98,369.12,373.55,107997700.0
1609977600,376.1,379.9,375.91,379.1,68766810.0
1610064000,380.59,381.49,377.1,381.26,71677210.0
1610323200,377.85,380.58,377.7189,378.69,51176720.0
1610409600,378.89,379.86,376.36,378.77,52547720.0
1610496000,378.69,380.86,377.85,379.79,45303620.0
1610582400,380.59,381.13,378.1,378.46,49989110.0
1610668800,376.72,377.58,373.7,375.7,107160000.0
1611014400,378.34,379.23,376.75,378.65,51233300.0
1611100800,381.11,384.79,380.69,383.89,61836060.0
1611187200,384.49,384.95,383.25,384.24,47955810.0
1611273600,382.25,384.1256,381.835,382.88,52136930.0
1611532800,383.67,384.77,378.46,384.39,70401970.0
1611619200,385.41,385.85,383.54,383.79,42665280.0
1611705600,380.22,380.32,372.01,374.41,123351100.0
1611792000,376.36,381.93,375.89,377.63,94198100.0
1611878400,375.63,376.67,368.27,370.07,126765100.0
1612137600,373.72,377.34,370.376,376.23,75817600.0
1612224000,379.65,383.22,376.3181,381.55,64450660.0
1612310400,382.435,383.7,380.48,381.85,52427090.0
1612396800,382.96,386.24,381.9655,386.19,47142560.0
1612483200,388.2,388.47,386.1444,387.71,48669770.0
1612742400,389.27,390.56,388.35,390.51,38365190.0
1612828800,389.61,390.89,389.17,390.25,35551060.0
1612915200,392.12,392.28,387.5,390.08,59154370.0
1613001600,391.24,391.69,388.1,390.71,42913290.0
1613088000,389.85,392.9,389.77,392.64,50593270.0
1613433600,393.96,394.17,391.53,392.3,50972370.0
1613520000,390.42,392.66,389.33,392.39,52806680.0
1613606400,389.59,391.515,387.74,390.72,59712770.0
1613692800,392.07,392.38,389.55,390.03,83240970.0
1613952000,387.06,389.62,386.74,387.03,67414170.0
1614038400,384.66,388.945,380.2,387.5,107284100.0
1614124800,386.33,392.23,385.27,391.77,72433950.0
1614211200,390.41,391.88,380.7789,382.33,146670500.0
1614297600,384.35,385.58,378.23,380.36,152701600.0
1614556800,385.59,390.92,380.572,389.58,105348800.0
1614643200,389.82,390.07,386.0,386.54,79595330.0
1614729600,385.79,386.83,381.31,381.42,119940200.0
1614816000,381.22,384.0,371.88,376.7,183433000.0
1614902400,380.46,384.76,372.64,383.63,152039600.0
1615161600,384.66,387.68,381.42,381.72,123149200.0
1615248000,385.85,389.91,381.7299,387.17,113633600.0
1615334400,389.69,391.4,388.1702,389.58,109899400.0
1615420800,392.23,395.65,391.74,393.53,86245040.0
1615507200,392.07,394.21,391.2,394.06,64653570.0
1615766400,394.33,396.685,392.03,396.41,73592300.0
1615852800,397.07,397.83,395.08,395.91,73722510.0
1615939200,394.53,398.12,393.3,397.26,97959270.0
1616025600,394.475,396.72,390.75,391.48,115349100.0
1616112000,389.88,391.569,387.15,389.48,113624500.0
1616371200,390.03,394.07,389.97,392.59,73778650.0
1616457600,391.91,393.46,388.66,389.5,90686550.0
1616544000,391.0,392.75,387.47,387.52,97588640.0
1616630400,385.98,390.55,383.9,389.7,116128600.0
1616716800,390.93,396.41,390.29,395.98,114409100.0
1616976000,394.4,396.75,392.81,395.78,108107600.0
1617062400,394.42,395.45,393.02,394.73,76262250.0
1617148800,395.34,398.0,395.31,396.33,112734200.0
1617235200,398.4,400.67,398.18,400.61,99682880.0
1617580800,403.46,406.94,403.38,406.36,91684760.0
1617667200,405.76,407.24,405.4,406.12,62020950.0
1617753600,405.94,406.96,405.45,406.59,55836280.0
1617840000,407.93,408.58,406.93,408.52,57863110.0
1617926400,408.39,411.67,408.26,411.49,61104560.0
1618185600,410.85,411.93,410.2,411.64,56704900.0
1618272000,411.53,413.529,411.12,412.86,56550990.0
1618358400,412.83,413.96,410.87,411.45,61659910.0
1618444800,413.74,416.16,413.69,415.87,60229840.0
1618531200,417.25,417.91,415.73,417.26,82037280.0
1618790400,416.26,416.74,413.79,415.21,78498500.0
1618876800,413.91,415.0859,410.59,412.17,81851830.0
1618963200,411.51,416.29,411.36,416.07,66792980.0
1619049600,415.89,416.78,411.13,412.27,97582790.0
1619136000,412.87,418.25,412.79,416.74,73276200.0
1619395200,417.44,418.22,416.8111,417.61,52182390.0
1619481600,417.93,418.14,416.3,417.52,51303060.0
1619568000,417.81,419.01,416.9,417.4,51238850.0
1619654400,420.32,420.72,416.44,420.06,78544330.0
1619740800,417.63,418.54,416.34,417.3,85527030.0
1620000000,419.43,419.84,417.665,418.2,68128290.0
1620086400,416.07,416.6,411.67,415.62,101591200.0
1620172800,417.38,417.63,415.15,415.75,39960660.0
1620259200,415.83,419.21,413.675,419.07,74321370.0
1620345600,419.89,422.815,419.16,422.12,67733790.0
1620604800,422.5,422.74,417.81,417.94,81852450.0
1620691200,413.1,415.27,410.06,414.21,116888000.0
1620777600,411.23,412.59,404.0,405.41,134811000.0
1620864000,407.07,412.35,407.02,410.28,106394000.0
1620950400,413.21,417.49,413.18,416.58,82201630.0
1621209600,415.39,416.39,413.36,415.52,64882410.0
1621296000,415.8,416.06,411.77,411.94,59810240.0
1621382400,406.92,411.05,405.33,410.86,106467100.0
1621468800,411.8,416.625,411.67,415.28,78022220.0
1621555200,416.87,418.2,414.45,414.94,76578660.0
1621814400,417.34,420.32,417.08,419.17,51376700.0
1621900800,420.33,420.71,417.62,418.24,57451400.0
1621987200,418.87,419.61,417.76,419.07,43088620.0
1622073600,420.17,420.72,418.9851,419.29,56707680.0
1622160000,420.97,421.25,419.79,420.04,58520160.0
1622505600,422.57,422.72,419.2,419.67,54216630.0
1622592000,420.37,421.23,419.29,420.33,49097060.0
1622678400,417.85,419.99,416.28,418.77,58138760.0
1622764800,420.75,422.92,418.8422,422.6,55938790.0
1623024000,422.59,422.78,421.19,422.19,51555030.0
1623110400,423.11,423.21,420.32,422.28,47134280.0
1623196800,423.18,423.26,421.41,421.65,48436340.0
1623283200,422.96,424.63,421.55,423.61,51020150.0
1623369600,424.2,424.43,422.82,424.31,45570830.0
1623628800,424.43,425.37,423.1,425.26,42358480.0
1623715200,425.42,425.46,423.54,424.48,51508510.0
1623801600,424.63,424.87,419.92,422.11,80386080.0
1623888000,421.67,423.02,419.32,421.97,90949660.0
1623974400,417.09,417.8281,414.7,414.92,118676300.0
1624233600,416.8,421.06,415.93,420.86,72822030.0
1624320000,420.85,424.0,420.08,423.11,57700300.0
1624406400,423.19,424.05,422.51,422.6,49445410.0
1624492800,424.89,425.55,424.62,425.1,45110290.0
1624579200,425.9,427.0943,425.55,426.61,58129530.0
1624838400,427.17,427.65,425.89,427.47,53159580.0
1624924800,427.88,428.56,427.13,427.7,35970520.0
1625011200,427.21,428.78,427.18,428.06,64827860.0
1625097600,428.87,430.6,428.8,430.43,53441030.0
1625184000,431.67,434.1,430.5218,433.72,57697670.0
1625529600,433.78,434.01,430.01,432.93,68710420.0
1625616000,433.66,434.76,431.51,434.46,63549460.0
1625702400,428.78,431.73,427.52,430.92,97595230.0
1625788800,432.53,435.84,430.714,435.52,76238580.0
1626048000,435.43,437.35,434.97,437.08,52889590.0
1626134400,436.24,437.84,435.31,435.59,52911310.0
1626220800,437.4,437.92,434.91,436.24,64130350.0
1626307200,434.81,435.53,432.72,434.75,55126360.0
1626393600,436.01,436.06,430.92,431.34,75874660.0
1626652800,426.19,431.4089,421.97,424.97,147987000.0
1626739200,425.68,432.42,424.83,431.06,99608170.0
1626825600,432.34,434.7,431.0111,434.55,64724390.0
1626912000,434.74,435.72,433.69,435.46,47878540.0
1626998400,437.52,440.3,436.79,439.94,63766640.0
1627257600,439.31,441.03,439.26,441.02,43719190.0
1627344000,439.91,439.94,435.99,439.01,67397140.0
1627430400,439.68,440.3,437.31,438.83,52472360.0
1627516800,439.815,441.8,439.81,440.65,47435340.0
1627603200,437.91,440.06,437.77,438.51,68951200.0
1627862400,440.34,440.93,437.21,437.59,58783300.0
1627948800,438.44,441.28,436.1,441.15,58053900.0
1628035200,439.78,441.1243,438.73,438.98,46732210.0
1628121600,440.22,441.85,439.88,441.76,38969660.0
1628208000,442.1,442.94,441.8,442.49,46930010.0
1628467200,442.46,442.795,441.31,442.13,41222590.0
1628553600,442.61,443.44,441.88,442.68,43339280.0
1628640000,443.82,443.882,442.62,443.78,44034340.0
1628726400,443.62,445.2572,442.66,445.11,38942420.0
1628812800,445.59,445.94,445.07,445.92,39470250.0
1629072000,444.53,447.11,442.87,446.97,73930860.0
1629158400,444.24,444.96,440.85,444.04,92673930.0
1629244800,442.96,444.625,438.92,439.18,89351930.0
1629331200,436.27,441.14,436.12,439.86,92812250.0
1629417600,440.23,443.71,439.71,443.36,72008710.0
1629676800,445.16,448.23,443.4355,447.26,54973040.0
1629763200,447.97,448.54,447.42,447.97,38744710.0
1629849600,448.17,449.457,447.77,448.91,40529710.0
1629936000,448.61,448.86,446.16,446.26,57829570.0
1630022400,447.12,450.65,447.06,450.25,77235110.0
1630281600,450.97,453.07,450.71,452.23,48357360.0
1630368000,452.13,452.49,450.92,451.56,59300210.0
1630454400,452.56,453.11,451.545,451.8,48721380.0
1630540800,453.32,454.05,451.91,453.19,42830870.0
1630627200,451.98,453.63,451.55,453.08,47234360.0
1630972800,452.71,452.81,450.7423,451.46,51671530.0
1631059200,450.89,451.67,448.86,450.91,56181910.0
1631145600,450.7,452.57,448.72,448.98,57970410.0
1631232000,451.04,451.49,445.31,445.44,89948170.0
1631491200,448.64,448.92,444.11,446.58,83738650.0
1631577600,448.12,448.34,443.22,444.17,78197140.0
1631664000,444.62,448.41,443.44,447.88,78792220.0
1631750400,447.32,448.36,444.02,447.17,77786740.0
1631836800,444.92,445.37,441.02,441.4,118425000.0
1632096000,434.88,436.56,428.86,434.04,166445500.0
1632182400,436.53,437.91,433.07,433.63,92526110.0
1632268800,436.05,440.03,433.747,437.86,102350100.0
1632355200,439.85,444.89,439.6,443.18,76395980.0
1632441600,441.44,444.67,441.21,443.91,62094840.0
1632700800,442.81,444.05,441.9,442.64,61371110.0
1632787200,439.69,440.04,432.94,433.72,130436300.0
1632873600,435.19,437.04,433.85,434.45,82329210.0
1632960000,436.02,436.77,428.78,429.14,140506000.0
1633046400,430.98,436.0329,427.23,434.24,129240100.0
1633305600,433.0,433.96,426.36,428.64,128570000.0
1633392000,430.24,435.49,429.39,433.1,90682520.0
1633478400,429.27,435.1199,427.54,434.9,113032200.0
1633564800,438.39,441.68,438.2,438.66,72437500.0
1633651200,439.48,439.89,437.19,437.86,74557400.0
1633910400,437.16,440.26,434.62,434.69,65233290.0
1633996800,435.67,436.1,432.78,433.62,71181160.0
1634083200,434.71,436.05,431.54,435.18,72973980.0
1634169600,439.08,442.66,438.58,442.5,70236830.0
1634256000,444.75,446.26,444.09,445.87,66260210.0
1634515200,443.97,447.55,443.27,447.19,62213230.0
1634601600,448.92,450.71,448.27,450.64,46996830.0
1634688000,451.13,452.732,451.01,452.41,49571570.0
1634774400,451.77,453.829,451.31,453.59,41305440.0
1634860800,453.13,454.67,451.05,453.12,58845090.0
1635120000,454.28,455.9,452.39,455.55,45214510.0
1635206400,457.2,458.49,455.56,455.96,56075120.0
1635292800,456.45,457.16,453.86,453.94,72438000.0
1635379200,455.46,458.4,455.45,458.32,51437940.0
1635465600,455.87,459.56,455.56,459.25,70162420.0
1635724800,460.3,460.7021,458.2,460.04,48433640.0
1635811200,460.22,462.23,460.08,461.9,48908420.0
1635897600,461.3,465.15,460.83,464.72,52509830.0
1635984000,465.36,467.0,464.99,466.91,52847090.0
1636070400,469.28,470.65,466.92,468.53,66390560.0
1636329600,469.7,470.23,468.2031,468.93,50405190.0
1636416000,469.32,469.57,465.88,467.38,51149150.0
1636502400,465.58,467.38,462.04,463.62,69429650.0
1636588800,465.21,465.29,463.75,463.77,34848500.0
1636675200,465.12,467.86,464.11,467.27,53466650.0
1636934400,468.64,468.81,466.23,467.43,46980500.0
1637020800,467.15,470.485,467.07,469.28,48857500.0
1637107200,469.0,469.19,467.48,468.14,47858290.0
1637193600,469.24,470.01,466.34,469.73,50625610.0
1637280000,469.61,470.94,468.5,468.89,57315570.0
1637539200,470.89,473.54,467.35,467.57,72761950.0
1637625600,467.22,469.095,464.45,468.19,73206540.0
1637712000,466.06,469.57,465.19,469.44,61858810.0
1637884800,462.34,463.9,457.77,458.97,112669600.0
1638144000,464.07,466.56,461.73,464.6,86268820.0
1638230400,462.0,464.03,455.3,455.56,148559600.0
1638316800,461.64,464.67,450.29,450.5,132485800.0
1638403200,450.73,459.07,450.31,457.4,127637800.0
1638489600,459.17,460.3,448.92,453.42,137331600.0
1638748800,456.13,460.79,453.56,458.79,98977530.0
1638835200,464.41,468.88,458.6546,468.28,95484690.0
1638921600,468.7,470.0,466.83,469.52,72238780.0
1639008000,468.15,469.6291,466.14,466.35,61272570.0
1639094400,469.23,470.9,466.51,470.74,77159760.0
1639353600,470.19,470.56,466.27,466.57,87724680.0
1639440000,463.09,465.74,460.25,463.36,97264130.0
1639526400,463.42,470.86,460.74,470.6,116899300.0
1639612800,472.57,472.87,464.8,466.45,116568600.0
1639699200,461.55,464.74,458.06,459.87,135636500.0
1639958400,454.48,455.4,451.14,454.98,107134800.0
1640044800,458.61,463.21,456.31,463.06,69806260.0
1640131200,462.79,467.81,462.58,467.69,58890220.0
1640217600,468.75,472.19,468.64,470.6,56439750.0
1640563200,472.06,477.31,472.01,477.26,56808620.0
1640649600,477.72,478.81,476.06,476.87,47274590.0
1640736000,476.98,478.56,475.92,477.48,54502960.0
1640822400,477.93,479.0,475.67,476.16,55329040.0
1640908800,475.64,476.86,474.67,474.96,65237430.0
1641168000,476.3,477.85,473.85,477.71,72668230.0
1641254400,479.22,479.98,475.58,477.55,71178680.0
1641340800,477.16,477.98,468.2801,468.38,104538900.0
1641427200,467.89,470.82,465.43,467.94,86858900.0
1641513600,467.95,469.2,464.65,466.09,85111590.0
1641772800,462.7,465.74,456.5973,465.51,119362000.0
1641859200,465.23,469.85,462.05,469.75,74303060.0
1641945600,471.59,473.2,468.94,471.02,67605440.0
1642032000,472.19,472.88,463.44,464.53,91173120.0
1642118400,461.19,465.09,459.9,464.72,95890950.0
1642464000,459.74,459.96,455.31,456.49,109872400.0
1642550400,458.13,459.6124,451.46,451.75,109357600.0
1642636800,453.75,458.74,444.5,446.75,122379700.0
1642723200,445.56,448.06,437.95,437.98,202271200.0
1642982400,432.03,440.38,420.76,439.84,252496700.0
1643068800,433.06,439.72,427.15,434.47,167997300.0
1643155200,440.72,444.04,428.86,433.38,186391100.0
1643241600,438.26,441.59,429.45,431.24,149878300.0
1643328000,432.68,442.0,427.82,441.95,164457400.0
1643587200,441.24,450.28,439.81,449.91,152251400.0
1643673600,450.68,453.63,446.9384,452.95,123155400.0
1643760000,455.5,458.12,453.05,457.35,117361000.0
1643846400,450.95,452.97,445.71,446.6,118024400.0
1643932800,446.35,452.78,443.83,448.7,118454400.0
1644192000,449.51,450.99,445.85,447.26,84472860.0
1644278400,446.73,451.92,445.22,450.94,81012040.0
1644364800,455.22,457.88,455.005,457.54,92589930.0
1644451200,451.34,457.71,447.2,449.32,140103700.0
1644537600,449.41,451.605,438.94,440.46,153214600.0
1644796800,439.92,441.6,435.34,439.02,123006300.0
1644883200,443.73,446.28,443.18,446.1,88659500.0
1644969600,443.93,448.055,441.94,446.6,84863590.0
1645056000,443.22,446.5652,436.42,437.06,102259100.0
1645142400,437.33,438.66,431.82,434.23,132642900.0
1645488000,431.89,435.5,425.86,429.57,124391800.0
1645574400,432.66,433.26,421.35,421.95,132578000.0
1645660800,411.02,428.76,410.64,428.3,213942900.0
1645747200,429.61,437.84,427.86,437.75,121804500.0
1646006400,432.03,438.2,430.7,436.63,145615000.0
1646092800,435.04,437.17,427.11,429.98,137785900.0
1646179200,432.37,439.72,431.57,437.89,117726500.0
1646265600,440.47,441.11,433.8,435.71,105501700.0
1646352000,431.75,433.37,427.88,432.17,114083300.0
1646611200,431.55,432.3018,419.36,419.43,137896600.0
1646697600,419.62,427.21,415.12,416.25,164772700.0
1646784000,425.14,429.51,422.82,427.41,116990800.0
1646870400,422.52,426.43,420.44,425.48,93972660.0
1646956800,428.12,428.77,419.53,420.07,95636280.0
1647216000,420.89,424.55,415.79,417.0,95729190.0
1647302400,419.77,426.84,418.42,426.17,106219100.0
1647388800,429.89,435.68,424.8,435.62,144954800.0
1647475200,433.59,441.07,433.19,441.07,102676900.0
1647561600,438.0,444.86,437.22,444.52,106345500.0
1647820800,444.34,446.46,440.68,444.39,88349760.0
1647907200,445.86,450.58,445.86,449.59,74650390.0
1647993600,446.91,448.49,443.71,443.8,79426100.0
1648080000,445.94,450.5,444.76,450.49,64736890.0
1648166400,451.16,452.98,448.43,452.69,77101320.0
1648425600,452.06,455.91,450.06,455.91,68529770.0
1648512000,460.02,462.07,457.18,461.55,86581540.0
1648598400,460.34,461.195,456.465,458.7,79666940.0
1648684800,457.89,458.76,451.16,451.64,121699900.0
1648771200,453.31,453.46,449.14,452.92,89048770.0
1649030400,453.13,456.91,452.26,456.8,59601000.0
1649116800,455.22,457.83,449.82,451.03,74214500.0
1649203200,446.89,448.93,443.47,446.52,106898000.0
1649289600,445.59,450.69,443.53,448.77,78097210.0
1649376000,447.97,450.63,445.94,447.57,79272710.0
1649635200,444.11,445.0,439.39,439.92,89770540.0
1649721600,443.08,445.75,436.6501,438.29,84363640.0
1649808000,438.03,444.11,437.84,443.31,74070390.0
1649894400,443.55,444.7301,437.68,437.79,97869450.0
1650240000,436.81,439.75,435.61,437.97,66002500.0
1650326400,437.86,445.8,437.68,445.04,77821010.0
1650412800,446.92,447.57,443.48,444.71,65224450.0
1650499200,448.54,450.01,437.1,438.06,85417330.0
1650585600,436.91,438.0825,425.44,426.04,132471800.0
1650844800,423.67,428.69,418.84,428.51,119647700.0
1650931200,425.83,426.04,416.07,416.1,103996300.0
1651017600,417.24,422.92,415.01,417.27,122030000.0
1651104000,422.29,429.64,417.6,427.81,105449100.0
1651190400,423.59,425.87,411.21,412.0,145491100.0
1651449600,412.07,415.92,405.02,414.48,158312500.0
1651536000,415.01,418.93,413.36,416.38,100028200.0
1651622400,417.08,429.66,413.7099,429.06,144247900.0
1651708800,424.55,425.0,409.44,413.81,172929100.0
1651795200,411.1,414.8,405.73,411.34,151770800.0
1652054400,405.1,406.41,396.5,398.17,155586100.0
1652140800,404.49,406.08,394.82,399.09,132497200.0
1652227200,398.07,404.04,391.96,392.75,142361000.0
1652313600,389.37,395.8,385.15,392.34,125090800.0
1652400000,396.71,403.18,395.61,401.72,104174400.0
1652659200,399.98,403.97,397.6,400.09,78622440.0
1652745600,406.53,408.57,402.5824,408.32,83029710.0
1652832000,403.5,403.8,390.55,391.86,117674500.0
1652918400,388.62,394.14,387.11,389.46,98510720.0
1653004800,393.25,397.03,380.54,389.63,131432200.0
1653264000,392.83,397.73,390.38,396.92,76414880.0
1653350400,392.56,395.15,386.96,393.89,91448830.0
1653436800,392.31,399.45,391.89,397.37,91472870.0
1653523200,398.67,407.04,398.45,405.31,82168340.0
1653609600,407.91,415.3801,407.7,415.26,84768710.0
1653955200,413.55,416.46,410.03,412.93,95936980.0
1654041600,415.17,416.24,406.93,409.59,86585810.0
1654128000,409.42,417.44,407.04,417.39,79609630.0
1654214400,412.4,414.04,409.51,410.54,71874280.0
1654473600,414.78,416.609,410.5523,411.79,57508860.0
1654560000,408.1,416.22,407.61,415.74,59272370.0
1654646400,413.93,415.82,410.38,411.22,64349970.0
1654732800,409.34,411.74,401.44,401.44,86289800.0
1654819200,394.88,395.7777,389.75,389.8,132893900.0
1655078400,379.85,381.81,373.3,375.0,170004900.0
1655164800,376.85,377.94,370.59,373.87,104011800.0
1655251200,377.36,383.9,372.12,379.2,125666800.0
1655337600,370.51,370.94,364.0799,366.65,134473300.0
1655424000,365.51,369.38,362.17,365.86,111113900.0
1655769600,371.89,376.525,371.81,375.07,76811860.0
1655856000,370.62,378.72,370.18,374.39,90059420.0
1655942400,376.64,378.83,372.89,378.06,79292140.0
1656028800,381.4,390.09,381.365,390.08,98050330.0
1656288000,391.05,391.36,387.44,388.59,66009620.0
1656374400,390.23,393.16,380.53,380.65,86689820.0
1656460800,381.23,382.27,378.42,380.34,65676000.0
1656547200,376.24,380.6582,372.56,377.25,112508300.0
1656633600,376.56,381.7,373.8,381.24,74839730.0
1656979200,375.88,381.98,372.9,381.96,81437970.0
1657065600,382.11,385.87,379.6,383.25,70426240.0
1657152000,385.12,389.83,383.267,388.99,64525920.0
1657238400,387.27,390.64,385.66,388.67,72397770.0
1657497600,385.85,386.87,383.5,384.23,58366950.0
1657584000,383.65,386.16,378.99,380.83,62219180.0
1657670400,375.1,381.92,374.658,378.83,84224650.0
1657756800,373.61,379.0498,371.04,377.91,89704820.0
1657843200,382.55,385.25,380.54,385.13,79060380.0
1658102400,388.38,389.09,380.66,381.95,63203630.0
1658188800,386.08,392.87,385.39,392.27,78505970.0
1658275200,392.47,396.26,391.03,394.77,71843770.0
1658361600,394.16,398.84,391.63,398.79,64903860.0
1658448000,398.92,400.18,392.75,395.09,72197330.0
1658707200,395.75,396.47,393.21,395.57,53631490.0
1658793600,393.84,394.06,389.95,390.89,52946390.0
1658880000,394.36,402.88,394.05,401.04,82342110.0
1658966400,401.89,406.8,398.15,406.07,73966560.0
1659052800,407.58,413.03,406.77,411.99,87003670.0
1659312000,409.15,413.41,408.4,410.77,69997470.0
1659398400,409.12,413.0,406.82,408.06,63435420.0
1659484800,410.3,415.68,410.0,414.45,67820560.0
1659571200,414.37,415.09,412.44,414.17,45656570.0
1659657600,409.66,414.15,409.6,413.47,56814930.0
1659916800,415.25,417.62,411.83,412.99,54025970.0
1660003200,412.22,412.75,410.22,411.35,44931770.0
1660089600,418.78,420.14,416.72,419.99,68665710.0
1660176000,422.99,424.95,419.21,419.99,59489700.0
1660262400,422.03,427.21,421.03,427.1,61694540.0
1660521600,424.765,429.41,424.71,428.86,54048280.0
1660608000,427.73,431.73,426.88,429.7,59289040.0
1660694400,425.91,429.5,424.54,426.65,63563390.0
1660780800,426.86,428.61,425.5,427.89,49023210.0
1660867200,424.98,425.26,421.22,422.14,68016900.0
1661126400,417.05,417.23,412.4,413.35,77695640.0
1661212800,412.9,415.42,411.77,412.35,49105250.0
1661299200,412.11,415.1101,411.39,413.67,49177800.0
1661385600,415.24,419.56,414.09,419.51,50942250.0
1661472000,419.39,419.96,405.25,405.31,103087000.0
1661731200,402.2,405.84,401.1999,402.63,65370810.0
1661817600,403.85,404.1,396.0,398.21,85652440.0
1661904000,399.93,401.24,395.04,395.18,76029670.0
1661990400,392.89,396.78,390.04,396.42,78740080.0
1662076800,400.28,401.555,390.33,392.24,99632150.0
1662422400,393.13,394.12,388.42,390.76,76637400.0
1662508800,390.43,398.59,390.2,397.78,70964230.0
1662595200,395.39,400.86,394.12,400.38,80821680.0
1662681600,402.74,407.51,402.46,406.6,76706920.0
1662940800,408.78,411.73,408.46,410.97,69256260.0
1663027200,401.83,403.1,391.92,393.1,122947100.0
1663113600,394.47,396.2,391.12,394.6,85023750.0
1663200000,392.96,395.96,388.78,390.12,87633840.0
1663286400,384.14,386.25,382.11,385.56,103084800.0
1663545600,382.26,388.55,382.1784,388.55,73278490.0
1663632000,385.06,386.12,381.195,384.09,77274880.0
1663718400,386.11,389.31,377.38,377.39,106746600.0
1663804800,376.58,378.3,373.44,374.22,89472640.0
1663891200,370.58,370.62,363.29,367.95,122346900.0
1664150400,366.41,370.21,363.0299,364.31,92581240.0
1664236800,368.02,370.4,360.87,363.38,108294100.0
1664323200,364.38,372.3,362.6,370.53,110802200.0
1664409600,366.81,367.11,359.7,362.79,112952300.0
1664496000,361.8,365.91,357.04,357.18,153711200.0
1664755200,361.08,368.55,359.21,366.61,89756480.0
1664841600,372.4,378.0,366.5677,377.97,103602800.0
1664928000,373.39,379.46,370.95,377.09,88065670.0
1665014400,375.62,378.72,372.68,373.2,82333540.0
1665100800,368.97,373.2933,360.94,362.79,107789500.0
1665360000,363.96,364.21,357.67,360.02,76042770.0
1665446400,358.235,363.03,355.71,357.74,92482790.0
1665532800,358.17,359.8179,356.3,356.56,76991800.0
1665619200,349.205,367.51,348.11,365.97,147254500.0
1665705600,368.55,370.26,356.96,357.63,123737000.0
1665964800,364.01,367.9799,357.2808,366.82,93168230.0
1666051200,375.13,375.45,367.52,371.13,97162850.0
1666137600,368.99,371.85,365.55,368.5,79746860.0
1666224000,368.03,372.67,364.61,365.41,88283090.0
1666310400,365.12,374.8,363.54,374.29,131038400.0
1666569600,375.89,380.06,373.11,378.87,85436910.0
1666656000,378.79,385.25,378.671,384.92,78846350.0
1666742400,381.62,387.58,381.35,382.02,104087300.0
1666828800,383.07,385.0,379.33,379.98,81971760.0
1666915200,379.87,389.52,379.68,389.02,100302000.0
1667174400,386.44,388.4,385.26,386.21,96631260.0
1667260800,390.14,390.39,383.29,384.52,85407600.0
1667347200,383.9,388.63,374.76,374.87,126990400.0
1667433600,371.465,374.2,368.79,371.01,87100120.0
1667520000,377.0,378.87,370.0,376.35,103505200.0
1667779200,377.71,380.57,375.53,379.95,68286950.0
1667865600,381.11,385.12,377.72,382.0,84641060.0
1667952000,379.93,381.14,373.61,374.13,78495470.0
1668038400,388.05,395.04,385.642,394.69,141455800.0
1668124800,395.59,399.35,393.61,398.51,93839870.0
1668384000,396.66,400.1799,394.83,395.12,71893170.0
1668470400,401.15,402.31,394.49,398.49,93194450.0
1668556800,396.78,397.78,394.79,395.45,68508450.0
1668643200,390.46,394.95,390.14,394.24,74496260.0
1668729600,397.74,397.81,393.04,396.03,92922450.0
1668988800,394.64,395.82,392.66,394.59,51243190.0
1669075200,396.63,400.07,395.1527,399.9,60429030.0
1669161600,399.55,402.93,399.31,402.42,68261630.0
1669334400,401.83,402.91,401.535,402.33,30545430.0
1669593600,399.09,400.81,395.11,395.91,68021750.0
1669680000,396.05,397.3,393.3,395.23,52310040.0
1669766400,395.49,407.68,393.48,407.68,144566700.0
1669852800,408.77,410.0,404.75,407.38,76398170.0
1669939200,402.25,407.86,402.14,406.91,85342730.0
1670198400,403.95,404.93,398.17,399.59,77289820.0
1670284800,399.42,399.99,391.64,393.83,77972220.0
1670371200,392.94,395.64,391.97,393.16,65927900.0
1670457600,395.14,397.36,393.2684,396.24,60737910.0
1670544000,394.94,397.62,393.15,393.28,81447730.0
1670803200,394.11,398.95,393.412,398.95,75405840.0
1670889600,410.22,410.49,399.07,401.97,123782500.0
1670976000,401.61,405.5,396.31,399.4,108111300.0
1671062400,394.3,395.25,387.885,389.63,117705900.0
1671148800,385.18,386.575,381.04,383.27,119858000.0
1671408000,383.47,383.82,378.28,380.02,79878100.0
1671494400,379.23,382.23,377.85,380.54,74427240.0
1671580800,383.25,387.41,382.69,386.23,78167370.0
1671667200,383.05,386.2134,374.77,380.72,100120900.0
1671753600,379.65,383.06,378.03,382.91,59857330.0
1672099200,382.79,383.15,379.65,381.4,51638180.0
1672185600,381.33,383.39,376.42,376.66,70911520.0
1672272000,379.63,384.35,379.08,383.44,66970880.0
1672358400,380.64,382.58,378.43,382.43,84022210.0
1672704000,384.37,386.43,377.831,380.82,74850730.0
1672790400,383.18,385.88,380.0,383.76,85934100.0
1672876800,381.72,381.84,378.76,379.38,76970460.0
1672963200,382.61,389.25,379.4127,388.08,104189600.0
1673222400,390.37,393.7,387.67,387.86,73978070.0
1673308800,387.25,390.65,386.27,390.58,65358090.0
1673395200,392.23,395.6,391.38,395.52,68881080.0
1673481600,396.67,398.485,392.42,396.96,90157700.0
1673568000,393.62,399.1,393.34,398.5,63903930.0
1673913600,398.48,400.23,397.06,397.77,62677280.0
1674000000,399.01,400.12,391.28,391.49,99632260.0
1674086400,389.36,391.08,387.26,388.64,86958920.0
1674172800,390.1,396.04,388.38,395.88,91806360.0
1674432000,396.72,402.645,395.72,400.63,84178800.0
1674518400,398.88,401.15,397.64,400.2,59524910.0
1674604800,395.95,400.7,393.56,400.35,84800250.0
1674691200,403.13,404.92,400.03,404.75,72287430.0
1674777600,403.655,408.16,403.44,405.68,68346180.0
1675036800,402.8,405.13,400.28,400.59,74202020.0
1675123200,401.13,406.53,400.77,406.48,86811790.0
1675209600,405.211,413.67,402.35,410.8,101459200.0
1675296000,414.86,418.31,412.88,416.78,101654500.0
1675382400,411.59,416.97,411.09,412.35,94736780.0
1675641600,409.79,411.29,408.1,409.83,60295330.0
1675728000,408.87,416.49,407.57,415.19,90990750.0
1675814400,413.13,414.53,409.93,410.65,76227460.0
1675900800,414.41,414.57,405.81,407.09,78694860.0
1675987200,405.86,408.44,405.01,408.04,70769720.0
1676246400,408.72,412.97,408.24,412.83,64913540.0
1676332800,411.24,415.05,408.511,412.64,88389310.0
1676419200,410.35,414.06,409.47,413.98,61685280.0
1676505600,408.79,412.91,408.14,408.28,76431470.0
1676592000,406.06,407.51,404.05,407.26,89257820.0
1676937600,403.06,404.16,398.82,399.09,82655920.0
1677024000,399.52,401.13,397.02,398.54,83742290.0
1677110400,401.56,402.2,396.25,400.66,96242400.0
1677196800,395.42,397.25,393.64,396.38,108194400.0
1677456000,399.87,401.29,396.75,397.73,80444740.0
1677542400,397.23,399.28,396.15,396.26,96438570.0
1677628800,395.41,396.69,393.38,394.74,99706820.0
1677715200,392.68,398.69,392.33,397.81,85404730.0
1677801600,399.71,404.45,399.03,404.19,90119950.0
1678060800,405.05,407.45,404.01,404.47,72795950.0
1678147200,404.42,404.67,397.625,398.27,108310600.0
1678233600,398.39,399.71,396.59,398.92,74746630.0
1678320000,399.74,401.48,390.53,391.56,111945300.0
1678406400,390.99,393.16,384.32,385.91,189253000.0
1678665600,381.81,390.39,380.65,385.36,157790000.0
1678752000,390.5,393.45,387.05,391.73,149752400.0
1678838400,385.89,389.49,383.71,389.28,172996900.0
1678924800,386.82,396.47,386.29,396.11,143753900.0
1679011200,393.22,394.4,388.55,389.99,140553400.0
1679270400,390.8,394.17,390.07,393.74,93055780.0
1679356800,397.24,399.41,395.58,398.91,91524250.0
1679443200,398.73,402.49,392.07,392.11,111746600.0
1679529600,395.09,399.29,390.35,393.17,119351300.0
1679616000,391.841,395.84,389.4,395.75,107770100.0
1679875200,398.12,398.92,395.56,396.49,74010410.0
1679961600,395.77,396.49,393.69,395.6,62871680.0
1680048000,399.925,401.6,398.68,401.35,77497880.0
1680134400,404.09,404.35,401.76,403.7,69840050.0
1680220800,404.66,409.7,404.55,409.39,112062600.0
1680480000,408.85,411.37,408.44,410.95,67391100.0
1680566400,411.62,411.92,407.24,408.67,66601530.0
1680652800,407.91,408.7,405.88,407.6,65200240.0
1680739200,406.77,409.48,405.678,409.19,63743350.0
1681084800,406.61,409.69,405.97,409.61,63681040.0
1681171200,410.26,411.18,408.92,409.72,59297950.0
1681257600,411.87,412.17,407.44,408.05,86420380.0
1681344000,409.18,413.84,407.9922,413.47,85814750.0
1681430400,412.81,415.09,410.06,412.46,78161500.0
1681689600,412.37,413.96,411.085,413.94,66436400.0
1681776000,415.58,415.72,412.7802,414.21,63560000.0
1681862400,412.22,415.08,412.16,414.14,55227330.0
1681948800,411.21,413.7,410.27,411.88,75840360.0
1682035200,412.19,412.68,410.17,412.2,73457420.0
1682294400,411.99,413.07,410.6,412.63,64332100.0
1682380800,410.58,411.16,406.02,406.08,97766720.0
1682467200,406.72,407.84,403.78,404.36,80447050.0
1682553600,407.0,412.69,406.74,412.41,92968370.0
1682640000,411.49,415.94,411.43,415.93,89433140.0
1682899200,415.47,417.62,415.265,415.51,62122250.0
1682985600,414.77,414.82,407.82,410.84,103998500.0
1683072000,411.36,413.87,407.77,408.02,91531770.0
1683158400,406.93,407.27,403.74,405.13,94901860.0
1683244800,408.91,413.72,408.64,412.63,87891790.0
1683504000,412.97,413.24,411.28,412.74,50046770.0
1683590400,411.13,412.09,410.6894,410.93,49220120.0
1683676800,413.88,414.535,408.87,412.85,96142920.0
1683763200,411.95,412.43,409.97,412.13,70157060.0
1683849600,413.42,413.64,409.07,411.59,70481550.0
1684108800,412.22,413.43,410.23,413.01,54289380.0
1684195200,411.86,412.815,410.24,410.25,57705500.0
1684281600,412.35,415.855,410.635,415.23,87286960.0
1684368000,414.9,419.67,414.67,419.23,97177200.0
1684454400,420.17,420.72,417.35,418.62,103793300.0
1684713600,418.64,420.39,417.35,418.79,60745400.0
1684800000,417.08,418.722,413.68,414.09,86383490.0
1684886400,412.42,412.82,409.8795,411.09,89213680.0
1684972800,414.74,416.16,412.4101,414.65,90961610.0
1685059200,415.33,420.77,415.25,420.02,93829980.0
1685404800,422.03,422.58,418.735,420.18,72215960.0
1685491200,418.28,419.22,416.22,417.85,110811800.0
1685577600,418.09,422.92,416.79,421.82,88865020.0
1685664000,424.5,428.74,423.95,427.92,91426170.0
1685923200,428.28,429.62,426.37,427.1,65460160.0
1686009600,426.67,428.5772,425.99,428.03,64022180.0
1686096000,428.44,429.62,426.11,426.55,85373280.0
1686182400,426.62,429.6,425.82,429.13,61952840.0
1686268800,429.96,431.99,428.87,429.9,85647270.0
1686528000,430.92,433.88,430.17,433.8,76256700.0
1686614400,435.32,437.33,434.63,436.66,95899700.0
1686700800,437.01,439.0612,433.59,437.18,100612100.0
1686787200,436.33,443.9,436.23,442.6,110303100.0
1686873600,443.02,443.6078,438.97,439.46,114165800.0
1687219200,437.45,438.37,435.03,437.18,76160360.0
1687305600,436.16,436.99,434.33,434.94,76982250.0
1687392000,433.95,436.62,433.6,436.51,70637180.0
1687478400,432.93,435.06,432.47,433.21,92074540.0
1687737600,432.62,434.61,431.19,431.44,72823560.0
1687824000,432.35,436.81,431.88,436.17,72813700.0
1687910400,435.05,437.44,434.41,436.39,75635980.0
1687996800,435.96,438.28,435.54,438.11,67882300.0
1688083200,441.44,444.3,441.11,443.28,104964000.0
1688342400,442.92,444.08,442.63,443.79,32793380.0
1688515200,441.91,443.889,441.9,443.13,58418430.0
1688601600,439.42,440.1,437.06,439.66,80658300.0
1688688000,438.63,442.64,438.3,438.55,86134180.0
1688947200,438.18,439.84,437.585,439.66,62443500.0
1689033600,440.45,442.97,439.44,442.46,64463750.0
1689120000,446.39,447.4799,444.91,446.02,91924530.0
1689206400,447.9,450.38,447.45,449.56,72425240.0
1689292800,450.475,451.36,448.49,449.28,69815820.0
1689552000,449.13,451.93,449.08,450.84,52680220.0
1689638400,450.5,454.86,450.0484,454.19,80744450.0
1689724800,455.01,456.43,454.1119,455.2,65891690.0
1689811200,454.17,455.1,451.44,452.18,70591640.0
1689897600,453.96,454.165,452.17,452.18,71275620.0
1690156800,453.37,455.04,452.298,454.2,54023380.0
1690243200,453.92,456.735,453.87,455.44,55191240.0
1690329600,454.47,456.99,453.38,455.51,71052890.0
1690416000,459.02,459.44,451.55,452.49,92194380.0
1690502400,455.88,457.78,452.4918,456.92,80011790.0
1690761600,457.41,458.16,456.045,457.79,62040450.0
1690848000,456.27,457.25,455.49,456.48,55502200.0
1690934400,453.25,453.52,449.3499,450.13,93933370.0
1691020800,448.04,450.79,447.37,448.84,64419690.0
1691107200,450.72,452.895,446.27,446.81,100128900.0
1691366400,448.71,450.865,447.99,450.71,58357460.0
1691452800,448.08,450.6952,445.2705,448.75,71361320.0
1691539200,449.03,449.1999,444.96,445.75,78789580.0
1691625600,448.19,451.7,444.7,445.91,93005500.0
1691712000,443.97,446.7007,443.345,445.65,68690900.0
1691971200,444.7,448.11,444.38,448.11,47867440.0
1692057600,446.27,446.64,442.3,442.89,75707530.0
1692144000,442.46,444.18,439.53,439.64,80107210.0
1692230400,441.16,441.43,435.75,436.29,95711320.0
1692316800,433.37,437.57,433.01,436.5,98851960.0
1692576000,437.55,440.11,435.32,439.34,68718960.0
1692662400,441.18,441.18,437.57,438.15,65062860.0
1692748800,439.25,443.67,439.1,443.03,68441020.0
1692835200,444.69,445.22,436.855,436.89,88517270.0
1692921600,438.68,441.3,435.0,439.97,102325100.0
1693180800,442.24,443.4,439.9728,442.76,61595390.0
1693267200,442.65,449.45,442.46,449.16,83081920.0
1693353600,449.51,451.67,448.78,451.01,69053910.0
1693440000,451.65,452.83,450.16,450.35,66084560.0
1693526400,453.17,453.67,449.68,451.19,58944100.0
1693872000,450.73,451.06,449.17,449.24,55166210.0
1693958400,448.4,448.51,443.81,446.22,70758510.0
1694044800,443.11,445.55,442.75,444.85,70355430.0
1694131200,444.9,447.11,444.53,445.52,62068440.0
1694390400,448.24,448.77,446.4699,448.45,60180120.0
1694476800,446.95,448.53,445.39,445.99,67565420.0
1694563200,446.22,447.71,445.0793,446.51,60199270.0
1694649600,449.07,451.08,447.715,450.36,83430810.0
1694736000,447.14,447.48,442.92,443.37,111848900.0
1694995200,443.05,444.97,442.56,443.63,55752210.0
1695081600,442.68,443.29,439.94,442.71,66514650.0
1695168000,444.01,444.435,438.43,438.64,82562600.0
1695254400,435.7,435.97,431.23,431.39,104095800.0
1695340800,432.45,434.1,429.99,430.42,100829700.0
1695600000,429.17,432.27,428.72,432.23,70874530.0
1695686400,429.09,429.82,425.02,425.88,96168440.0
1695772800,427.09,427.67,422.29,426.05,104705800.0
1695859200,425.48,430.2499,424.87,428.52,92258310.0
1695945600,431.67,431.85,425.91,427.48,115111300.0
1696204800,426.62,428.6,424.46,427.31,83798600.0
1696291200,425.06,427.3729,420.18,421.59,103760600.0
1696377600,422.07,425.4299,420.56,424.66,87452970.0
1696464000,424.36,425.37,421.1701,424.5,70142740.0
1696550400,421.97,431.125,420.6,429.54,113273300.0
1696809600,427.58,432.88,427.0101,432.29,80374360.0
1696896000,432.94,437.22,432.53,434.54,78607270.0
1696982400,435.64,436.58,433.18,436.32,62451740.0
1697068800,436.95,437.335,431.23,433.66,81154230.0
1697155200,435.21,436.45,429.88,431.5,95201130.0
1697414400,433.82,437.14,433.57,436.04,75433190.0
1697500800,432.81,438.14,432.45,436.02,75324710.0
1697587200,434.19,435.18,429.09,430.21,93559800.0
1697673600,430.95,432.82,425.725,426.43,121323000.0
1697760000,425.98,426.54,421.08,421.19,123919900.0
1698019200,419.61,424.45,417.8,420.46,92035100.0
1698105600,422.65,424.82,420.74,423.63,78564240.0
1698192000,421.89,421.92,417.015,417.55,94223200.0
1698278400,416.45,417.325,411.6,412.55,115156800.0
1698364800,414.19,414.6,409.21,410.68,107367700.0
1698624000,413.56,416.68,412.22,415.59,86562680.0
1698710400,416.18,418.53,414.21,418.2,79665150.0
1698796800,419.2,423.5,418.6499,422.66,98068120.0
1698883200,426.58,430.915,426.56,430.76,94938910.0
1698969600,433.14,436.29,433.01,434.69,100167800.0
1699228800,435.47,436.1498,433.68,435.69,67831660.0
1699315200,435.69,437.585,434.51,436.93,64256110.0
1699401600,437.55,438.09,434.87,437.25,61746030.0
1699488000,438.43,438.47,433.4,433.84,83174420.0
1699574400,435.98,440.93,433.8335,440.61,89558050.0
1699833600,439.23,441.33,438.42,440.19,52236070.0
1699920000,446.32,450.06,446.09,448.73,97176940.0
1700006400,450.11,451.38,448.8,449.68,77327570.0
1700092800,449.22,450.56,448.12,450.23,66665800.0
1700179200,450.24,451.42,449.29,450.79,83193900.0
1700438400,450.53,455.125,450.52,454.26,70055630.0
1700524800,453.1842,454.131,451.9599,453.27,49244640.0
1700611200,454.98,456.38,453.8895,455.02,59446570.0
1700784000,455.07,455.5,454.73,455.3,29737380.0
1701043200,454.65,455.4901,454.0799,454.48,50505990.0
1701129600,454.08,456.27,453.5,454.93,62115010.0
1701216000,457.15,458.32,454.2,454.61,63145990.0
1701302400,455.48,456.76,453.34,456.4,79752700.0
1701388800,455.77,459.65,455.16,459.1,89183400.0
1701648000,455.6,459.1206,454.34,456.69,72430890.0
1701734400,455.26,457.59,454.87,456.6,69793470.0
1701820800,458.81,458.84,454.31,454.76,69124690.0
1701907200,456.91,458.9,456.29,458.23,66995450.0
1701993600,457.46,460.745,457.21,460.2,83194400.0
1702252800,459.69,462.17,459.47,461.99,65002250.0
1702339200,461.63,464.2,460.6,464.1,68327620.0
1702425600,464.49,470.7599,464.12,470.5,93277960.0
1702512000,472.5,473.73,469.25,472.01,119026000.0
1702598400,469.49,470.7,467.4263,469.33,141553700.0
1702857600,470.98,472.98,469.8929,471.97,70375290.0
1702944000,472.53,474.92,472.45,474.84,55761810.0
1703030400,473.96,475.895,467.82,468.26,102921000.0
1703116800,471.33,472.975,468.84,472.7,86667470.0
1703203200,473.86,475.38,471.7,473.65,67160420.0
1703548800,474.07,476.58,473.99,475.65,55386950.0
1703635200,475.44,476.66,474.89,476.51,68000310.0
1703721600,476.88,477.55,476.26,476.69,77158120.0
1703808000,476.49,477.03,473.3,475.31,122283100.0
1704153600,472.16,473.67,470.49,472.65,123007800.0
1704240000,470.43,471.19,468.17,468.79,103585900.0
1704326400,468.3,470.96,467.05,467.28,84232170.0
1704412800,467.49,470.44,466.43,467.92,86118910.0
1704672000,468.43,474.75,468.3,474.6,74879070.0
1704758400,471.87,474.93,471.35,473.88,65931440.0
1704844800,474.16,477.4481,473.87,476.56,67310640.0
1704931200,477.59,478.12,472.26,476.35,77940720.0
1705017600,477.84,478.6,475.23,476.68,58026420.0
1705363200,475.26,476.6098,473.06,474.93,85014870.0
1705449600,471.82,472.79,469.87,472.29,68843870.0
1705536000,474.01,477.06,472.42,476.49,91856250.0
1705622400,477.65,482.72,476.5374,482.43,110834500.0
1705881600,484.01,485.22,482.78,483.45,75844930.0
1705968000,484.01,485.105,482.89,484.86,49945300.0
1706054400,487.81,488.77,484.8819,485.39,81765040.0
1706140800,487.575,488.305,485.39,488.03,72524990.0
1706227200,487.59,489.12,486.54,487.41,76641610.0
1706486400,487.73,491.415,487.17,491.27,61322750.0
1706572800,490.56,491.62,490.11,490.89,58618390.0
1706659200,488.62,489.0813,482.86,482.88,126011100.0
1706745600,484.63,489.23,483.8,489.2,91891640.0
1706832000,489.65,496.05,489.3,494.35,99228190.0
1707091200,493.695,494.3778,490.23,492.55,75757100.0
1707177600,493.52,494.32,492.05,493.98,55918600.0
1707264000,496.29,498.53,495.36,498.1,70556510.0
1707350400,498.1,498.71,497.26,498.32,52343640.0
1707436800,498.84,501.65,498.49,501.2,63979380.0
1707696000,501.17,503.5,500.24,500.98,56502280.0
1707782400,494.53,497.09,490.715,494.08,113099200.0
1707868800,496.79,499.07,494.4,498.57,68387830.0
1707955200,499.29,502.2,498.795,502.01,61682960.0
1708041600,501.7,502.87,498.75,499.51,75532930.0
1708387200,497.72,498.41,494.45,496.76,71736740.0
1708473600,495.42,497.37,493.56,497.21,59603770.0
1708560000,504.01,508.49,503.02,507.5,76402540.0
1708646400,509.27,510.13,507.1,507.85,61321820.0
1708905600,508.3,508.75,505.86,505.99,50386740.0
1708992000,506.7,507.16,504.75,506.93,48854530.0
1709078400,505.33,506.855,504.96,506.26,56506630.0
1709164800,508.07,509.74,505.35,508.08,83924800.0
1709251200,508.98,513.29,508.56,512.85,76844840.0
1709510400,512.03,514.2,512.0,512.3,49799260.0
1709596800,510.24,510.7,504.91,507.18,72855620.0
1709683200,510.55,512.069,508.42,509.75,68382370.0
1709769600,513.14,515.89,509.8053,514.81,58652090.0
1709856000,515.46,518.2201,511.13,511.72,86532540.0
1710115200,510.48,511.88,508.5,511.28,62557180.0
1710201600,513.45,517.38,510.86,516.78,73114440.0
1710288000,517.11,517.29,514.49,515.97,55104090.0
1710374400,516.97,517.125,511.82,514.95,110171800.0
1710460800,510.21,511.7,508.122,509.83,107646300.0
1710720000,514.0,515.48,512.44,512.86,88893330.0
1710806400,512.15,515.995,511.12,515.71,60755260.0
1710892800,515.77,520.62,515.08,520.48,69594570.0
1710979200,523.39,524.11,521.91,522.2,60256110.0
1711065600,522.11,522.605,520.97,521.21,79070840.0
1711324800,519.8,520.95,519.61,519.77,48512110.0
1711411200,521.23,521.58,518.4,518.81,65463740.0
1711497600,521.71,523.21,519.485,523.17,82999780.0
1711584000,523.21,524.61,522.78,523.07,96294890.0
1711929600,523.83,524.38,520.97,522.16,62477540.0
1712016000,518.24,518.98,516.48,518.84,74230310.0
1712102400,517.72,520.95,517.665,519.41,59155760.0
1712188800,523.52,523.8674,512.755,513.07,96858070.0
1712275200,514.46,520.44,514.01,518.43,74546480.0
1712534400,519.15,520.18,517.89,518.72,48401750.0
1712620800,520.5,520.75,514.35,519.32,68124390.0
1712707200,513.48,516.16,512.09,514.12,82652810.0
1712793600,515.68,519.48,512.08,518.0,70099010.0
1712880000,514.37,515.815,509.08,510.85,92561090.0
1713139200,515.13,515.3,503.58,504.45,92101450.0
1713225600,504.94,506.5,502.21,503.53,73484020.0
1713312000,506.05,506.22,499.12,500.55,75910310.0
1713398400,501.98,504.13,498.56,499.52,74548090.0
1713484800,499.44,500.455,493.86,495.16,102212600.0
1713744000,497.83,502.38,495.43,499.72,67961050.0
1713830400,501.78,506.09,499.5328,505.65,64633620.0
1713916800,506.56,507.37,503.13,505.41,55928080.0
1714003200,499.18,504.27,497.49,503.49,69122370.0
1714089600,506.35,509.88,505.7,508.26,64306120.0
1714348800,510.09,510.75,507.25,510.06,46415450.0
1714435200,508.56,509.56,501.98,501.98,77483570.0
1714521600,501.38,508.19,499.865,500.35,80242840.0
1714608000,504.15,505.89,499.55,505.03,62550180.0
1714694400,511.16,512.55,508.56,511.29,72756710.0
1714953600,513.75,516.61,513.3,516.57,47264700.0
1715040000,517.56,518.57,516.45,517.14,52561300.0
1715126400,515.26,517.74,515.14,517.19,42047210.0
1715212800,517.38,520.2074,516.705,520.17,43643670.0
1715299200,521.81,522.635,519.59,520.84,52233170.0
1715558400,522.56,522.67,519.74,520.91,36716360.0
1715644800,521.11,523.83,520.56,523.3,57535870.0
1715731200,525.83,530.08,525.18,529.78,59504900.0
1715817600,529.88,531.5218,528.54,528.69,50244830.0
1715904000,528.81,529.52,527.32,529.45,59187590.0
1716163200,529.57,531.5601,529.17,530.06,37764210.0
1716249600,529.28,531.52,529.07,531.36,33437000.0
1716336000,530.65,531.38,527.6,529.83,48389970.0
1716422400,532.96,533.07,524.72,525.96,57211200.0
1716508800,527.85,530.27,526.881,529.44,41291080.0
1716854400,530.27,530.51,527.11,529.81,36269600.0
1716940800,525.68,527.31,525.37,526.1,45190320.0
1717027200,524.52,525.2,521.33,522.61,46468510.0
1717113600,523.59,527.5,518.36,527.37,90785760.0
1717372800,529.02,529.31,522.6,527.8,46835700.0
1717459200,526.46,529.15,524.96,528.39,34632660.0
1717545600,530.77,534.69,528.7254,534.67,47610370.0
1717632000,534.98,535.42,532.68,534.66,30808530.0
1717718400,533.66,536.89,532.535,534.01,43224530.0
1717977600,533.18,535.99,532.57,535.66,35729250.0
1718064000,534.07,537.01,532.05,536.95,36383410.0
1718150400,541.63,544.12,540.3,541.36,63251310.0
1718236800,543.15,543.325,539.59,542.45,44760950.0
1718323200,540.88,542.81,539.85,542.78,40089900.0
1718582400,542.08,548.53,541.6072,547.1,55839460.0
1718668800,547.16,548.62,546.73,548.49,41376420.0
1718841600,549.44,550.12,545.18,547.0,70328230.0
1718928000,544.4,545.65,543.02,544.51,64513860.0
1719187200,544.33,546.95,542.62,542.74,45528650.0
1719273600,543.99,545.2,542.44,544.83,38273350.0
1719360000,543.69,546.24,543.03,545.51,38550640.0
1719446400,545.37,546.96,544.61,546.37,35041480.0
1719532800,547.16,550.28,542.95,544.22,76144540.0
1719792000,545.63,545.88,542.52,545.34,40297810.0
1719878400,543.7,549.01,543.65,549.01,40434790.0
1719964800,548.69,551.83,548.65,551.46,32789910.0
1720137600,551.77,555.05,551.12,554.64,41488390.0
1720396800,555.44,556.2501,554.19,555.28,36110450.0
1720483200,556.26,557.18,555.52,555.82,27314130.0
1720569600,557.07,561.67,556.77,561.32,38701220.0
1720656000,561.44,562.33,555.83,556.48,53054180.0
1720742400,557.63,563.67,557.15,559.99,53084410.0
1721001600,562.03,564.8371,559.63,561.53,40584290.0
1721088000,562.865,565.16,562.1,564.86,36475260.0
1721174400,558.8,560.51,556.61,556.94,57118960.0
1721260800,558.51,559.52,550.43,552.66,56270390.0
1721347200,552.42,554.08,547.91,548.99,65509080.0
1721606400,553.0,555.27,551.02,554.65,43346720.0
1721692800,554.54,556.735,553.275,553.78,34439560.0
1721779200,548.86,549.17,540.29,541.23,74515270.0
1721865600,541.35,547.455,537.45,538.41,61158290.0
1721952000,542.28,547.19,541.49,544.44,53763790.0
1722211200,546.02,547.05,542.72,544.76,39515820.0
1722297600,546.26,547.34,538.515,542.0,46853630.0
1722384000,548.98,553.5,547.5799,550.81,65663390.0
1722470400,552.57,554.8688,539.43,543.01,76428730.0
1722556800,535.75,536.99,528.6,532.9,82789070.0
1722816000,511.64,523.58,510.27,517.38,146267400.0
1722902400,519.22,529.75,517.87,522.15,84826310.0
1722988800,528.47,531.59,518.0519,518.66,70698340.0
1723075200,523.91,531.29,521.84,530.65,63276590.0
1723161600,529.81,534.51,528.56,532.99,45619560.0
1723420800,534.21,535.73,530.95,533.27,42542070.0
1723507200,536.53,542.28,536.28,542.04,52333070.0
1723593600,542.85,544.96,540.12,543.75,42446930.0
1723680000,549.5,553.36,548.88,553.07,60846810.0
1723766400,551.42,555.02,551.26,554.31,44430730.0
1724025600,554.73,559.61,553.86,559.61,39121790.0
1724112000,559.15,560.84,557.325,558.7,33732260.0
1724198400,559.77,562.11,554.73,560.62,41514600.0
1724284800,562.56,563.18,554.98,556.22,56121460.0
1724371200,559.53,563.09,557.29,562.13,50639390.0
1724630400,563.18,563.91,559.05,560.79,35788610.0
1724716800,559.49,562.06,558.32,561.56,32693900.0
1724803200,561.21,561.65,555.04,558.3,41066020.0
1724889600,560.31,563.68,557.18,558.35,38715180.0
1724976000,560.77,564.2,557.14,563.68,62700110.0
1725321600,560.47,560.81,549.51,552.08,60600110.0
1725408000,550.2,554.43,549.46,550.95,47224940.0
1725494400,550.89,553.7995,547.1,549.61,44264260.0
1725580800,549.94,551.6,539.44,540.36,68493810.0
1725840000,544.65,547.71,542.68,546.41,40445820.0
1725926400,548.36,549.15,543.38,548.79,36394580.0
1726012800,548.7,555.36,539.96,554.42,75248610.0
1726099200,555.01,559.4,552.74,559.09,51892740.0
1726185600,559.71,563.03,559.45,562.01,39310500.0
1726444800,561.74,563.11,559.9,562.84,36656120.0
1726531200,565.1,566.58,560.795,563.07,49320970.0
1726617600,563.74,568.69,560.83,561.4,59044940.0
1726704000,571.01,572.88,568.08,570.98,75315470.0
1726790400,567.84,569.31,565.17,568.25,77503110.0
1727049600,569.34,570.3325,568.1,569.67,44116920.0
1727136000,570.48,571.36,567.6,571.3,46805670.0
1727222400,571.14,571.89,568.91,570.04,38428590.0
1727308800,574.38,574.71,569.9,572.3,48336000.0
1727395200,573.39,574.22,570.42,571.47,42100930.0
1727654400,570.42,574.38,568.08,573.76,63655450.0
1727740800,573.4,574.0622,566.0,568.62,72668780.0
1727827200,567.71,569.9,565.27,568.86,38097800.0
1727913600,567.36,569.8025,565.49,567.82,40846470.0
1728000000,572.35,573.36,568.1,572.98,43005190.0
1728259200,571.3,571.9599,566.63,567.8,49964690.0
1728345600,570.42,573.78,569.5299,573.17,37398690.0
1728432000,573.16,577.71,572.55,577.14,37912240.0
1728518400,575.77,577.58,574.49,576.13,44138060.0
1728604800,576.05,580.33,575.91,579.58,42267990.0
1728864000,581.22,585.27,580.73,584.32,36217220.0
1728950400,584.59,584.9,578.545,579.78,54203640.0
1729036800,579.78,582.83,578.96,582.3,30725440.0
1729123200,585.91,586.12,582.16,582.35,34393710.0
1729209600,584.07,585.39,582.58,584.59,37416800.0
1729468800,583.85,584.85,580.6001,583.63,36439010.0
1729555200,581.05,584.5,580.38,583.32,34183840.0
1729641600,581.26,581.7086,574.415,577.99,49314570.0
1729728000,579.98,580.06,576.57,579.24,34979860.0
1729814400,581.51,584.46,578.08,579.04,47268180.0
1730073600,582.58,582.71,580.52,580.83,30174700.0
1730160000,579.85,582.907,578.43,581.77,42899660.0
1730246400,581.29,583.32,579.29,580.01,41435840.0
1730332800,575.56,575.63,568.44,568.64,60182450.0
1730419200,571.32,575.55,570.62,571.04,45667530.0
1730678400,571.18,572.5,567.89,569.81,38216980.0
1730764800,570.74,576.74,570.52,576.7,39478320.0
1730851200,589.2,591.93,585.39,591.04,68181970.0
1730937600,593.08,596.65,592.9999,595.61,47233210.0
1731024000,596.17,599.64,596.165,598.19,46444890.0
1731283200,599.81,600.17,597.0,598.76,37586770.0
1731369600,598.68,599.29,594.37,596.9,43006130.0
1731456000,597.37,599.23,594.96,597.19,47388640.0
1731542400,597.32,597.81,592.65,593.35,38904110.0
1731628800,589.72,590.2,583.86,585.75,75988770.0
1731888000,586.22,589.49,585.34,588.15,37084080.0
1731974400,584.71,591.045,584.03,590.3,49412050.0
1732060800,590.38,590.79,584.63,590.5,50032580.0
1732147200,593.4,595.12,587.45,593.67,46750290.0
1732233600,593.66,596.15,593.1525,595.51,38226390.0
1732492800,599.52,600.86,595.2,597.53,42441390.0
1732579200,598.8,601.33,598.07,600.65,45621290.0
1732665600,600.46,600.85,597.28,598.83,34000160.0
1732838400,599.66,603.35,599.3805,602.55,30177350.0
1733097600,602.97,604.32,602.47,603.63,31745990.0
1733184000,603.39,604.16,602.341,603.91,26906630.0
1733270400,605.63,607.91,604.95,607.66,42787560.0
1733356800,607.66,608.48,606.305,606.66,28762180.0
1733443200,607.44,609.07,607.02,607.81,31241550.0
1733702400,607.69,607.86,604.08,604.68,34742740.0
1733788800,605.37,605.8,602.13,602.8,37234520.0
1733875200,605.78,608.435,605.5,607.46,28677720.0
1733961600,606.58,607.16,604.33,604.33,31543810.0
1734048000,606.4,607.13,602.81,604.21,35904730.0
1734307200,606.0,607.7795,605.21,606.79,43695180.0
1734393600,604.19,605.17,602.885,604.29,55773550.0
1734480000,603.98,606.405,585.89,586.28,108248700.0
1734566400,591.36,593.0,585.85,586.1,85919450.0
1734652800,581.77,595.75,580.91,591.15,125716700.0
1734912000,590.89,595.3,587.661,594.69,57635830.0
1734998400,596.06,601.34,595.47,601.3,33160100.0
1735171200,599.5,602.48,598.0825,601.34,41338890.0
1735257600,597.54,597.7761,590.7647,595.01,64969310.0
1735516800,587.89,591.74,584.41,588.22,56578760.0
1735603200,589.905,590.6399,584.42,586.08,57052650.0
1735776000,589.39,591.13,580.5,584.64,50203980.0
1735862400,587.53,592.6,586.43,591.95,37888460.0
1736121600,596.27,599.7,593.6,595.36,47679440.0
1736208000,597.42,597.75,586.78,588.63,60393050.0
1736294400,588.7,590.5799,585.195,589.49,47304670.0
1736467200,585.88,585.95,578.55,580.49,73105050.0
1736726400,575.77,581.75,575.35,581.39,47910060.0
1736812800,584.36,585.0,578.35,582.19,48420580.0
1736899200,590.325,593.94,589.195,592.78,56900160.0
1736985600,594.175,594.35,590.93,591.64,43319660.0
1737072000,596.96,599.36,595.61,597.58,58070630.0
1737417600,600.67,603.06,598.67,603.05,42532850.0
1737504000,605.92,607.82,605.36,606.44,48195970.0
1737590400,605.8,609.75,605.52,609.75,41152100.0
1737676800,609.81,610.78,606.8,607.97,34604690.0
1737936000,594.81,599.69,594.64,599.37,70361130.0
1738022400,600.62,605.37,597.25,604.52,44433320.0
1738108800,603.72,604.13,599.22,601.81,37177430.0
1738195200,603.96,606.6,600.715,605.04,39281260.0
1738281600,607.5,609.96,601.05,601.82,66671470.0
1738540800,592.67,600.29,590.49,597.77,65857250.0
1738627200,597.83,602.3,597.28,601.78,33457820.0
1738713600,600.64,604.37,598.58,604.22,30653150.0
1738800000,605.99,606.4525,602.63,606.32,35771500.0
1738886400,606.89,608.13,600.05,600.77,50788520.0
1739145600,604.03,605.4999,602.74,604.85,26048710.0
1739232000,602.55,605.86,602.43,605.31,30056740.0
1739318400,599.2,604.55,598.51,603.36,45076080.0
1739404800,604.48,609.94,603.2,609.73,40921300.0
1739491200,609.94,610.99,609.07,609.7,26910450.0
1739836800,610.88,611.49,608.38,611.49,26749030.0
1739923200,610.08,613.23,609.56,612.93,31011070.0
1740009600,611.54,611.684,607.02,610.38,36554000.0
1740096000,610.16,610.3,599.47,599.94,76519820.0
1740355200,602.02,603.03,596.49,597.21,50737210.0
1740441600,597.15,597.89,589.56,594.24,58266470.0
1740528000,595.93,599.58,591.8556,594.54,43321580.0
1740614400,596.85,598.02,584.65,585.05,74196660.0
1740700800,585.56,594.72,582.44,594.18,88744110.0
1740960000,596.18,597.34,579.9,583.77,74249200.0
1741046400,579.71,585.39,572.25,576.86,109648200.0
1741132800,576.69,584.88,573.0795,583.06,71230530.0
1741219200,575.48,580.1736,570.12,572.71,80094870.0
1741305600,570.9,577.39,565.63,575.92,81158820.0
1741564800,567.59,569.54,555.59,560.58,99326620.0
1741651200,559.4,564.02,552.02,555.92,88102110.0
1741737600,562.17,563.11,553.69,558.87,69588170.0
1741824000,558.49,559.105,549.68,551.42,74079410.0
1741910400,556.11,563.83,551.4917,562.81,62660320.0
1742169600,562.79,569.71,562.35,567.15,49008710.0
1742256000,564.8,565.02,559.06,561.02,66041420.0
1742342400,562.83,570.95,561.63,567.13,66555990.0
1742428800,563.33,570.57,562.6012,565.49,62958200.0
1742515200,559.28,564.89,558.03,563.98,83762960.0
1742774400,570.8,575.15,570.2,574.08,58766800.0
1742860800,575.3,576.41,573.69,575.46,38355740.0
1742947200,575.19,576.33,567.19,568.59,52228900.0
1743033600,567.18,570.9,564.94,567.08,42164250.0
1743120000,565.53,566.2675,555.07,555.66,71662650.0
1743379200,549.83,560.7112,546.87,559.39,95328210.0
1743465600,557.45,562.94,553.68,560.97,54609640.0
1743552000,555.05,567.42,554.81,564.52,76014540.0
1743638400,545.11,547.97,536.7,536.7,125986000.0
1743724800,523.67,525.87,505.06,505.28,217965100.0
1743984000,489.19,523.17,481.8,504.38,256611400.0
1744070400,521.86,524.98,489.16,496.48,165816600.0
1744156800,493.44,548.62,493.05,548.62,241867300.0
1744243200,532.17,533.495,509.32,524.58,162331200.0
1744329600,523.01,536.43,520.07,533.94,97866330.0
1744588800,544.05,544.28,533.86,539.12,68033990.0
1744675200,539.675,543.23,536.81,537.61,56892870.0
1744761600,531.68,537.8854,520.29,525.66,83484810.0
1744848000,527.64,531.165,523.91,526.41,79868080.0
1745193600,521.16,521.7,508.46,513.88,69368130.0
1745280000,520.14,529.305,519.1925,527.25,75948120.0
1745366400,540.43,545.43,533.88,535.42,90590660.0
1745452800,536.715,547.43,535.4504,546.69,64150420.0
1745539200,546.65,551.05,543.69,550.64,61119590.0
1745798400,551.39,553.55,545.02,550.85,47613760.0
1745884800,548.91,555.45,548.55,554.32,47775120.0
1745971200,547.57,556.52,541.52,554.54,93101460.0
1746057600,560.37,564.0699,557.86,558.47,63186150.0
1746144000,564.73,568.38,562.38,566.76,60717270.0
1746403200,562.57,566.65,561.7,563.51,38659220.0
1746489600,557.93,563.3476,556.96,558.8,48264710.0
1746576000,560.15,563.82,556.04,561.15,55733230.0
1746662400,565.24,570.31,561.7,565.06,65130790.0
1746748800,566.48,567.5,562.7637,564.34,37603430.0
1747008000,581.47,583.0,577.04,582.99,78993570.0
1747094400,583.41,589.08,582.84,586.84,67947230.0
1747180800,587.81,588.98,585.535,587.59,66283530.0
1747267200,585.56,590.97,585.0969,590.46,71268150.0
1747353600,591.25,594.5,589.28,594.2,76052100.0
1747612800,588.1,595.54,588.1,594.85,68168510.0
1747699200,593.09,594.05,589.6,592.85,60614490.0
1747785600,588.44,592.58,581.82,582.86,95197660.0
1747872000,582.66,586.62,581.405,583.09,70860420.0
1747958400,575.98,581.8101,575.6,579.11,76029050.0
1748304000,586.07,591.31,578.43,591.15,72588480.0
1748390400,591.56,592.7688,586.985,587.73,68445510.0
1748476800,593.06,593.2,586.07,590.05,70073760.0
1748563200,588.93,591.1299,583.235,589.39,90601240.0
1748822400,587.76,592.79,585.06,592.71,61630500.0
1748908800,592.34,597.08,591.85,596.09,63606200.0
1748995200,596.96,597.95,595.49,595.93,57314200.0
1749081600,597.63,599.0,591.05,593.05,92436400.0
1749168000,598.66,600.83,596.86,599.14,66588740.0
1749427200,599.72,601.25,598.49,599.68,53016420.0
1749513600,600.22,603.47,599.09,603.08,66246970.0
1749600000,604.19,605.06,599.27,601.36,73658230.0
1749686400,600.01,603.75,599.52,603.75,64129000.0
1749772800,598.5,601.85,595.48,597.0,89506000.0
1750032000,600.4,604.45,600.22,602.68,79984130.0
1750118400,600.21,601.75,596.76,597.53,82209370.0
1750204800,598.44,601.22,596.47,597.44,76605030.0
1750377600,598.38,599.46,592.86,594.28,94051370.0
1750636800,595.04,600.54,591.89,600.15,87426040.0
1750723200,604.33,607.8499,603.41,606.78,67735290.0
1750809600,607.91,608.61,605.54,607.12,62114770.0
1750896000,608.99,612.31,608.37,611.87,78548360.0
1750982400,612.88,616.39,610.83,614.91,86258400.0
1751241600,617.38,619.22,615.04,617.85,92502540.0
1751328000,616.36,618.83,615.52,617.65,70030140.0
1751414400,617.24,620.49,616.61,620.45,66510370.0
1751500800,622.45,626.28,622.43,625.34,51065790.0
1751846400,623.36,624.03,617.87,620.68,74814510.0
1751932800,621.35,622.11,619.52,620.34,59024590.0
1752019200,622.77,624.72,620.9105,624.06,66113330.0
1752105600,624.2,626.8701,623.01,625.82,57528960.0
1752192000,622.74,624.86,621.53,623.62,63670230.0
1752451200,623.16,625.1581,621.7999,624.81,51898520.0
1752537600,627.52,627.86,622.06,622.14,74317260.0
1752624000,623.74,624.73,618.05,624.22,88987510.0
1752710400,624.4,628.4048,624.18,628.04,68885680.0
1752796800,629.3,629.47,626.46,627.58,65621650.0
1753056000,628.77,631.54,628.34,628.77,63374980.0
1753142400,629.1,629.73,626.19,628.86,60046290.0
1753228800,631.55,634.21,629.73,634.21,70511040.0
1753315200,634.6,636.15,633.99,634.42,71307130.0
1753401600,635.09,637.5799,634.84,637.1,56865360.0
1753660800,637.48,638.04,635.54,636.94,54917100.0
1753747200,638.35,638.67,634.335,635.26,60556280.0
1753833600,635.92,637.68,631.54,634.46,80418850.0
1753920000,639.455,639.85,630.765,632.08,103385200.0
1754006400,626.3,626.34,619.29,621.72,140103600.0
1754265600,625.67,631.215,625.58,631.17,73218020.0
1754352000,631.79,632.6052,627.04,627.97,68051400.0
1754438400,629.05,633.44,628.13,632.78,64357530.0
1754524800,636.24,636.98,629.11,632.25,74205790.0
1754611200,634.06,637.645,633.74,637.18,64051630.0
1754870400,637.46,638.95,634.66,635.92,58742300.0
1754956800,638.29,642.85,636.79,642.69,64821800.0
1755043200,644.91,646.19,642.68,644.89,60092790.0
1755129600,642.79,645.62,642.34,644.95,59327470.0
1755216000,645.99,646.09,642.5153,643.44,68592510.0
1755475200,642.86,644.0,642.18,643.3,43804910.0
1755561600,643.12,644.105,638.48,639.81,69750730.0
1755648000,639.4,639.66,632.95,638.11,88890300.0
1755734400,636.28,637.97,633.81,635.55,54805780.0
1755820800,637.76,646.5,637.25,645.31,84083210.0
1756080000,644.04,645.29,642.35,642.47,51274330.0
1756166400,642.2,645.51,641.57,645.16,51581570.0
1756252800,644.57,647.37,644.42,646.63,48341070.0
1756339200,647.24,649.48,645.34,648.92,61519460.0
1756425600,647.47,647.84,643.14,645.05,74522190.0
1756771200,637.5,640.49,634.92,640.27,81983550.0
1756857600,642.67,644.21,640.46,643.74,70820900.0
1756944000,644.42,649.15,643.51,649.12,65219230.0
1757030400,651.48,652.21,643.33,647.24,85178940.0
1757289600,648.62,649.84,647.23,648.83,63133100.0
1757376000,648.97,650.86,647.22,650.33,66133860.0
1757462400,653.62,654.55,650.63,652.21,78034530.0
1757548800,654.18,658.33,653.59,657.63,69934360.0
1757635200,657.6,659.11,656.9,657.41,72780140.0
1757894400,659.64,661.04,659.34,660.91,63772410.0
1757980800,661.47,661.78,659.21,660.0,61168950.0
1758067200,660.01,661.72,654.3,659.18,101952200.0
1758153600,661.89,664.89,660.27,662.26,90459240.0
1758240000,662.33,664.55,660.37,663.7,97945620.0
1758499200,662.2,667.29,662.17,666.84,69452200.0
1758585600,666.72,667.34,661.98,663.21,81708870.0
1758672000,664.51,664.61,659.67,661.1,68082230.0
1758758400,657.94,659.4056,654.405,658.05,89622070.0
1758844800,659.51,662.37,657.88,661.82,69179210.0
1759104000,664.36,665.28,661.86,663.68,73499020.0
1759190400,662.93,666.65,661.61,666.18,86288030.0
1759276800,663.17,669.37,663.06,668.45,72545370.0
1759363200,670.45,670.565,666.78,669.22,56895990.0
1759449600,669.99,672.675,668.16,669.21,70494350.0
1759708800,671.62,672.51,669.455,671.61,54623260.0
1759795200,672.54,672.99,667.67,669.12,72020070.0
1759881600,670.25,673.2056,669.42,673.11,60702240.0
1759968000,673.53,673.94,669.21,671.16,66501940.0
1760054400,672.13,673.95,652.84,653.02,159422600.0
1760313600,660.65,665.13,659.7679,663.04,79560520.0
1760400000,657.17,665.83,653.17,662.23,88779560.0
1760486400,666.82,670.23,658.93,665.17,81702560.0
1760572800,666.82,668.71,657.11,660.64,110563300.0
1760659200,659.5,665.755,658.14,664.39,96500870.0
1760918400,667.32,672.21,667.27,671.3,60493350.0
1761004800,671.44,672.99,669.981,671.29,56249030.0
1761091200,672.0,672.0,663.3,667.8,80564010.0
1761177600,668.12,672.7101,667.8,671.76,65604460.0
1761264000,676.46,678.47,675.65,677.25,74356530.0
1761523200,682.73,685.54,682.115,685.24,63339790.0
1761609600,687.05,688.905,684.83,687.06,61738070.0
1761696000,688.72,689.7,682.87,687.39,85362210.0
1761782400,683.9,685.94,679.83,679.83,76335750.0
1761868800,685.04,685.08,679.24,682.06,87164120.0
1762128000,685.67,685.8,679.94,683.34,57315030.0
1762214400,676.11,679.96,674.58,675.24,78426970.0
1762300800,674.98,680.86,674.17,677.58,74402380.0
1762387200,676.47,677.38,668.72,670.31,85035300.0
1762473600,667.91,671.08,661.205,670.97,100592400.0
1762732800,677.235,682.18,675.03,681.44,75842890.0
1762819200,679.95,683.57,678.73,683.0,58953390.0
1762905600,684.79,684.96,680.945,683.38,62312480.0
1762992000,680.5,680.86,670.52,672.04,103457800.0
1763078400,665.38,675.66,663.265,671.93,96846670.0
1763337600,669.7,673.71,662.17,665.67,90456110.0
1763424000,662.095,665.12,655.86,660.08,114467500.0
1763510400,660.78,667.34,658.745,662.63,94702960.0
1763596800,672.91,675.56,651.89,652.53,165293500.0
1763683200,655.05,664.55,650.85,659.03,123956200.0
1763942400,662.69,670.06,661.59,668.73,80437940.0
1764028800,668.63,676.21,664.48,675.02,81077090.0
1764115200,677.63,681.7,676.72,679.68,71879600.0
1764288000,680.86,683.665,680.5,683.39,49212030.0
1764547200,678.81,682.99,678.74,680.27,61201190.0
1764633600,681.92,683.82,679.3275,681.53,62953840.0
1764720000,680.57,684.91,679.69,683.89,57238480.0
1764806400,685.3,685.37,681.34,684.39,61970340.0
1764892800,685.47,688.39,684.58,685.69,79241050.0
1765152000,686.59,686.64,681.57,683.63,55231460.0
1765238400,683.15,685.385,682.59,683.04,58310060.0
1765324800,682.56,688.97,681.31,687.57,85671330.0
1765411200,685.14,689.25,682.165,689.17,86173680.0
1765497600,688.17,688.88,679.1744,681.76,113160300.0
1765756800,685.74,685.76,679.25,680.73,90810950.0
1765843200,679.23,681.08,674.98,678.87,122030600.0
1765929600,679.89,680.435,671.195,671.4,110625200.0
1766016000,677.6,680.74,674.9,676.47,108650100.0
1766102400,676.59,681.09,676.47,680.59,103599500.0
1766361600,683.94,685.36,680.5868,684.83,69556730.0
1766448000,683.92,688.2,683.87,687.96,64839950.0
1766534400,687.95,690.83,687.8,690.38,39445560.0
1766707200,690.64,691.66,689.27,690.31,41613350.0
1766966400,687.54,689.2,686.07,687.85,62559500.0
1767052800,687.445,688.555,686.58,687.01,47160670.0
1767139200,687.14,687.36,681.71,681.92,74144800.0
1767312000,685.71,686.87,679.82,683.17,89377200.0
1767571200,686.54,689.43,686.375,687.72,71927190.0
1767657600,687.93,692.315,687.78,691.81,69273830.0
1767744000,692.19,693.96,689.32,689.58,75588340.0
1767830400,688.82,690.615,687.49,689.51,64019200.0
1767916800,690.63,695.31,689.18,694.07,80125470.0
1768176000,690.68,696.09,690.63,695.16,63976000.0
1768262400,695.49,696.09,691.35,693.77,78309730.0
1768348800,691.0,691.72,686.04,690.36,94676680.0
1768435200,694.57,695.45,691.25,692.24,77861970.0
1768521600,693.66,694.25,690.1,691.66,79289200.0
1768867200,681.49,684.77,676.57,677.58,111623300.0
1768953600,679.65,688.735,678.13,685.4,127844500.0
1769040000,689.85,691.125,686.92,688.98,77112240.0
1769126400,688.15,690.96,687.16,689.23,63059580.0
1769385600,690.49,694.13,689.92,692.73,60473810.0
1769472000,694.18,696.53,693.57,695.49,55506150.0
1769558400,697.05,697.84,693.94,695.42,61172170.0
1769644800,696.39,697.06,684.83,694.04,97486200.0
1769731200,691.79,694.21,687.12,691.97,101835100.0
1769990400,689.58,696.93,689.425,695.41,79286520.0
1770076800,696.21,696.96,684.03,689.53,107904600.0
1770163200,690.35,691.45,681.76,686.19,105204600.0
1770249600,680.94,683.69,675.79,677.62,113610800.0
1770336000,681.46,692.31,680.85,690.62,89127570.0
1770595200,689.42,695.87,688.34,693.95,73885190.0
1770681600,694.95,696.54,691.66,692.12,65185730.0
1770768000,696.39,697.14,689.18,691.96,76353870.0
1770854400,694.24,695.35,680.37,681.27,118829000.0
1770940800,681.69,686.28,677.52,681.75,96267490.0
1771286400,680.14,684.94,675.78,682.85,81354660.0
1771372800,684.02,689.15,682.83,686.29,73570340.0
1771459200,683.84,686.18,681.5475,684.48,58649360.0
1771545600,682.32,690.06,681.73,689.43,100034000.0
1771804800,687.83,690.0,680.371,682.39,90558090.0
1771891200,681.9,688.35,680.0,687.35,73798730.0
1771977600,690.18,693.68,690.1,693.15,56369480.0
1772064000,693.28,693.3,684.35,689.3,71670990.0
1772150400,683.09,686.86,681.64,685.99,83308870.0
1772409600,678.7,688.62,678.02,686.38,87477200.0
1772496000,675.06,682.61,669.66,680.33,105003100.0
1772582400,681.63,687.09,679.62,685.13,79182240.0
1772668800,682.08,685.53,675.61,681.31,106606500.0
1772755200,673.41,676.11,669.76,672.38,100687000.0
1773014400,666.39,679.92,662.39,678.27,102667700.0
1773100800,677.72,683.36,674.76,677.18,81505320.0
1773187200,677.58,680.08,673.34,676.33,68441670.0
1773273600,671.16,671.65,665.87,666.06,108882200.0
1773360000,669.27,672.335,661.36,662.29,97200240.0
1773619200,668.38,672.07,667.12,669.03,82023130.0
1773705600,672.39,674.44,669.7,670.79,87128040.0
1773792000,668.36,669.72,661.19,661.43,82062580.0
1773878400,656.97,662.98,655.17,659.8,111272500.0
1773964800,656.51,656.69,644.72,648.57,163617500.0
1774224000,658.07,662.615,653.94,655.38,134802700.0
1774310400,651.32,657.03,649.88,653.18,96457480.0
1774396800,658.67,660.89,654.24,656.82,90653790.0
1774483200,652.06,654.85,644.82,645.09,96494380.0
1774569600,642.5,642.66,633.105,634.09,103649400.0
1774828800,640.11,640.37,629.28,631.97,99275850.0
1774915200,638.94,651.54,637.98,650.34,152534100.0
1775001600,653.9,658.52,653.0,655.24,97841470.0
1775088000,646.42,658.2,645.11,655.83,68358710.0
1775433600,655.86,659.72,655.52,658.93,39105760.0
1775520000,656.65,659.61,651.06,659.22,69980360.0
1775606400,676.39,677.08,671.46,676.01,93606110.0
1775692800,674.84,681.16,673.77,679.91,57134450.0
1775779200,681.32,682.03,678.45,679.46,42253460.0
1776038400,677.41,686.3,676.58,686.1,54185820.0
1776124800,687.69,694.58,687.66,694.46,63480530.0
1776211200,695.26,700.28,694.2,699.94,58240380.0
1776297600,701.06,702.78,698.53,701.66,49972360.0
1776384000,706.14,712.39,705.76,710.14,9999999.0
1776643200,710.14,710.14,710.14,710.14,0.0
1776729600,710.28,711.275,702.64,704.08,58941380.0
1776816000,709.15,711.45,708.22,711.21,42518500.0
1776902400,709.5,712.3598,702.2803,708.45,56173990.0
1776988800,710.75,714.47,709.01,713.94,45181960.0
1777248000,713.17,715.63,712.295,715.17,33135940.0
1777334400,711.815,712.88,709.25,711.69,43117440.0
1777420800,711.0,712.2,708.37,711.58,41859230.0
1777507200,714.63,719.79,710.445,718.66,67240950.0
1777593600,721.25,724.87,720.47,720.65,43049850.0
1777852800,720.07,722.12,714.99,718.01,51950560.0
1777939200,721.77,725.04,721.4898,723.77,36933230.0
1778025600,728.16,734.59,727.82,733.83,53288940.0
1778112000,735.05,736.13,729.75,731.58,51724640.0
1778198400,734.93,738.08,734.57,737.62,47227090.0
1778457600,736.45,740.79,736.45,739.3,44023950.0
1778544000,736.89,738.84,731.83,738.18,54185270.0
1778630400,738.47,743.91,735.47,742.31,44200200.0
1778716800,743.65,749.53,743.56,748.17,45307600.0
1778803200,741.79,743.46,737.96,739.17,60410770.0
1779062400,739.83,741.415,733.39,738.65,47843870.0
1779148800,734.78,737.65,731.53,733.73,54255910.0
1779235200,735.71,741.87,733.89,741.25,45768040.0
1779321600,738.64,744.87,737.03,742.72,43332230.0
1779408000,746.24,748.94,744.48,745.64,41762010.0
1779753600,750.01,752.13,748.37,750.59,41123620.0
1779840000,750.88,751.38,748.22,750.46,42106290.0
1779926400,750.25,755.15,749.23,754.6,41562560.0
1780012800,755.9,758.08,754.69,756.48,55075740.0
1780272000,755.36,760.28,754.69,758.54,43634930.0
1780358400,757.03,760.4,756.75,759.57,31581850.0
1780444800,758.15,758.8,753.57,754.24,51402520.0
1780531200,752.1,758.31,751.47,757.09,49923040.0
1780617600,752.31,752.82,735.525,737.55,93989420.0
1780876800,743.36,745.34,738.19,739.22,49319140.0
1780963200,743.63,746.9,722.59,737.05,87683520.0
1781049600,733.39,738.38,725.33,725.43,60341350.0
1781136000,728.76,740.0,724.405,737.76,86330520.0
1781222400,740.71,744.44,735.03,741.75,57079530.0
1781481600,751.85,756.68,751.76,754.83,60176430.0
1781568000,754.55,755.44,749.88,750.33,67093140.0
1781654400,751.29,752.15,739.22,740.96,85945230.0
1781740800,747.76,748.23,743.86,746.74,80875660.0
1782086400,747.7,750.18,743.13,744.39,46628070.0
1782172800,733.81,739.63,732.3,733.58,66846780.0
1782259200,735.17,739.945,730.84,733.24,57439510.0
1782345600,738.91,739.37,729.6,734.3,54128070.0
1782432000,728.945,736.53,716.58,728.99,71033970.0
1782691200,736.525,741.56,732.09,741.0,58035230.0
1782777600,741.29,748.02,740.89,746.77,55626040.0
1782864000,745.0,749.435,742.375,745.76,47100880.0
1782950400,747.4,751.31,740.03,744.78,57505950.0
1783296000,748.74,752.41,747.41,751.28,50673310.0
1783382400,750.22,750.96,745.21,747.71,43721490.0
1783468800,743.16,746.15,739.51,745.4,43767390.0
1783555200,747.35,751.97,745.59,751.71,41441720.0
1783641600,752.05,755.42,748.1,754.95,42191310.0
1783900800,752.47,753.9105,748.0,749.17,44013630.0
1783987200,750.91,753.34,748.66,751.83,35143140.0
1784073600,754.24,755.58,750.2,754.81,43844770.0
1784160000,752.76,754.57,747.88,750.72,46409810.0
1784246400,742.08,747.29,740.8,743.29,62650960.0
1784505600,747.06,748.73,741.5103,742.09,50422320.0
1784592000,746.29,749.04,744.18,748.28,34324260.0
1784678400,746.62,750.02,746.37,747.41,32836200.0
1784764800,739.37,742.56,735.21,738.18,55437330.0
1784851200,738.51,743.72,737.29,738.93,44781980.0
1785110400,744.91,745.53,735.87,739.09,41461190.0
1785196800,739.19,742.7901,735.98,740.86,47322250.0
1785283200,739.97,742.68,729.1,729.46,70697220.0
1785369600,736.05,742.45,734.59,741.69,66811270.0
1785456000,744.68,748.895,737.68,747.03,62445900.0
1785715200,749.44,758.58,748.8,757.67,59927540.0
1785801600,760.63,773.41,760.52,771.33,69154790.0
1785888000,775.85,776.85,769.51,769.79,44689080.0
1785974400,770.21,771.82,767.46,768.56,38416900.0
1786060800,771.02,773.915,769.61,773.26,43586330.0
1786320000,772.6,775.05,771.62,773.03,39249480.0
1786406400,774.53,774.61,769.2,770.56,36740560.0
1786492800,774.71,774.9,771.28,772.49,33179130.0
1786579200,774.87,779.37,774.111,777.88,35634480.0
1786665600,778.54,778.8,775.4301,776.34,31367910.0
1786924800,776.18,776.775,772.51,772.67,34356580.0
1787011200,768.7,769.5,766.92,767.45,43920910.0
1787097600,770.36,772.47,768.1,769.06,40306020.0
1787184000,765.96,768.15,762.04,762.6,45520300.0
1787270400,766.05,767.85,764.17,765.72,39188670.0
1787529600,764.78,765.22,762.08,763.47,32430890.0
1787616000,766.16,766.78,763.0501,765.91,27422260.0
1787702400,764.73,767.35,763.93,766.08,28751590.0
1787788800,768.5,772.355,767.16,771.1,34557060.0
1787875200,771.76,775.3,768.3076,769.35,36744340.0
1788134400,767.33,767.995,764.715,767.05,38810780.0
1788220800,762.01,764.67,759.48,761.78,41126320.0
1788307200,762.45,766.43,761.73,765.16,29566220.0
1788393600,767.9,774.03,767.45,773.17,43531580.0
1788480000,772.01,772.87,769.0,770.19,34054200.0
1788825600,769.07,769.7,765.14,765.96,44746100.0
1788912000,764.08,764.47,760.94,762.4,32812410.0
1788998400,758.03,760.11,756.64,757.83,42740380.0
1789084800,764.72,766.38,763.6,764.29,45512740.0
1789344000,759.0,763.52,757.93,760.88,43992430.0
1789430400,760.117,760.35,756.15,757.39,46194960.0
1789516800,759.5,761.67,749.6,754.05,59217650.0
1789603200,763.15,763.57,759.96,762.6,49652750.0
1789689600,761.31,762.0,757.971,761.69,65395150.0
1789948800,766.251,774.89,766.03,773.5,50484690.0
1790035200,774.03,775.14,772.57,773.38,34802340.0
1790121600,772.79,773.05,766.5,767.81,54931690.0
1790208000,764.065,768.95,763.245,767.18,43983660.0
